#Device;NPA101
#Device Name;NO NAME
#Format;LOG
#Date;2000-01-01
#Version;01.002-02.430-03.730
#Serial No.;000100329
#Mode;Unlimited
#Logging Interval[s];0.100
#Specified Logging Count;-----
#Specified Logging Time[s];-----
#Start Time;00:43:52
#Stop Time;00:51:05
#Actual Count;4337        
URMS[V];IRMS[A];P[W];FPLL[Hz];URange[V];IRange[A];S[VA];Q[var];LAMBDA[];UTHD[%];Timestamp
236.53;0.722;0.0944E+03;50.002;300;20;0.1707E+03;0.1423E+03;0.553;1.83;00:43:52.000
236.51;0.734;0.0956E+03;50.002;300;20;0.1735E+03;0.1448E+03;0.551;1.85;00:43:52.100
236.56;0.721;0.0943E+03;50.001;300;20;0.1706E+03;0.1422E+03;0.553;1.85;00:43:52.200
236.52;0.730;0.0952E+03;50.001;300;20;0.1727E+03;0.1440E+03;0.552;1.86;00:43:52.300
236.53;0.734;0.0960E+03;50.001;300;20;0.1737E+03;0.1448E+03;0.553;1.85;00:43:52.400
236.53;0.734;0.0959E+03;50.002;300;20;0.1736E+03;0.1447E+03;0.552;1.84;00:43:52.500
236.55;0.726;0.0950E+03;50.003;300;20;0.1718E+03;0.1431E+03;0.553;1.86;00:43:52.600
236.56;0.727;0.0949E+03;50.002;300;20;0.1720E+03;0.1434E+03;0.552;1.84;00:43:52.700
236.56;0.736;0.0961E+03;50.002;300;20;0.1741E+03;0.1452E+03;0.552;1.84;00:43:52.800
236.58;0.728;0.0950E+03;50.004;300;20;0.1722E+03;0.1436E+03;0.552;1.85;00:43:52.900
236.56;0.729;0.0953E+03;50.003;300;20;0.1725E+03;0.1438E+03;0.552;1.84;00:43:53.000
236.55;0.722;0.0943E+03;50.003;300;20;0.1707E+03;0.1423E+03;0.553;1.85;00:43:53.100
236.58;0.737;0.0963E+03;50.004;300;20;0.1744E+03;0.1454E+03;0.552;1.86;00:43:53.200
236.50;0.720;0.0941E+03;50.005;300;20;0.1703E+03;0.1420E+03;0.553;1.85;00:43:53.300
236.56;0.739;0.0965E+03;50.004;300;20;0.1748E+03;0.1457E+03;0.552;1.85;00:43:53.400
236.52;0.712;0.0932E+03;50.004;300;20;0.1684E+03;0.1402E+03;0.553;1.86;00:43:53.500
236.54;0.728;0.0952E+03;50.004;300;20;0.1722E+03;0.1435E+03;0.553;1.87;00:43:53.600
236.58;0.720;0.0941E+03;50.004;300;20;0.1703E+03;0.1419E+03;0.552;1.87;00:43:53.700
236.61;0.729;0.0953E+03;50.005;300;20;0.1725E+03;0.1438E+03;0.552;1.88;00:43:53.800
236.58;0.726;0.0951E+03;50.004;300;20;0.1718E+03;0.1431E+03;0.554;1.87;00:43:53.900
236.56;0.723;0.0947E+03;50.005;300;20;0.1711E+03;0.1426E+03;0.553;1.88;00:43:54.000
236.54;0.724;0.0948E+03;50.005;300;20;0.1714E+03;0.1428E+03;0.553;1.90;00:43:54.100
236.54;0.732;0.0954E+03;50.004;300;20;0.1731E+03;0.1444E+03;0.551;1.90;00:43:54.200
236.51;0.733;0.0956E+03;50.005;300;20;0.1734E+03;0.1447E+03;0.551;1.86;00:43:54.300
236.49;0.714;0.0932E+03;50.004;300;20;0.1688E+03;0.1407E+03;0.553;1.89;00:43:54.400
236.51;0.741;0.0967E+03;50.004;300;20;0.1752E+03;0.1461E+03;0.552;1.87;00:43:54.500
236.54;0.718;0.0940E+03;50.005;300;20;0.1699E+03;0.1415E+03;0.553;1.89;00:43:54.600
236.51;0.731;0.0954E+03;50.006;300;20;0.1728E+03;0.1441E+03;0.552;1.88;00:43:54.700
236.54;0.721;0.0943E+03;50.007;300;20;0.1707E+03;0.1423E+03;0.552;1.87;00:43:54.800
236.50;0.734;0.0959E+03;50.007;300;20;0.1735E+03;0.1446E+03;0.553;1.89;00:43:54.900
236.51;0.720;0.0943E+03;50.008;300;20;0.1702E+03;0.1417E+03;0.554;1.89;00:43:55.000
236.48;0.730;0.0952E+03;50.008;300;20;0.1726E+03;0.1440E+03;0.552;1.89;00:43:55.100
236.43;0.727;0.0948E+03;50.009;300;20;0.1719E+03;0.1433E+03;0.552;1.88;00:43:55.200
236.47;0.732;0.0956E+03;50.010;300;20;0.1732E+03;0.1444E+03;0.552;1.89;00:43:55.300
236.51;0.731;0.0958E+03;50.011;300;20;0.1728E+03;0.1438E+03;0.554;1.92;00:43:55.400
236.50;0.724;0.0947E+03;50.012;300;20;0.1711E+03;0.1425E+03;0.553;1.91;00:43:55.500
236.53;0.718;0.0939E+03;50.012;300;20;0.1698E+03;0.1414E+03;0.553;1.90;00:43:55.600
236.51;0.729;0.0952E+03;50.012;300;20;0.1724E+03;0.1437E+03;0.552;1.89;00:43:55.700
236.52;0.739;0.0965E+03;50.012;300;20;0.1748E+03;0.1457E+03;0.552;1.90;00:43:55.800
236.52;0.719;0.0940E+03;50.012;300;20;0.1701E+03;0.1418E+03;0.553;1.90;00:43:55.900
236.46;0.736;0.0959E+03;50.012;300;20;0.1740E+03;0.1452E+03;0.551;1.90;00:43:56.000
236.51;0.726;0.0948E+03;50.012;300;20;0.1717E+03;0.1431E+03;0.552;1.89;00:43:56.100
236.56;0.738;0.0965E+03;50.013;300;20;0.1746E+03;0.1455E+03;0.553;1.89;00:43:56.200
236.53;0.726;0.0950E+03;50.013;300;20;0.1717E+03;0.1431E+03;0.553;1.90;00:43:56.300
236.55;0.787;0.1027E+03;50.013;300;20;0.1862E+03;0.1553E+03;0.552;1.90;00:43:56.400
236.54;0.792;0.1035E+03;50.013;300;20;0.1874E+03;0.1562E+03;0.552;1.91;00:43:56.500
236.54;0.833;0.1087E+03;50.014;300;20;0.1971E+03;0.1645E+03;0.551;1.90;00:43:56.600
236.53;0.864;0.1126E+03;50.014;300;20;0.2043E+03;0.1705E+03;0.551;1.90;00:43:56.700
236.52;0.895;0.1165E+03;50.013;300;20;0.2117E+03;0.1768E+03;0.550;1.93;00:43:56.800
236.55;0.909;0.1184E+03;50.013;300;20;0.2149E+03;0.1794E+03;0.551;1.92;00:43:56.900
236.58;0.900;0.1171E+03;50.012;300;20;0.2129E+03;0.1778E+03;0.550;1.93;00:43:57.000
236.57;0.910;0.1184E+03;50.012;300;20;0.2153E+03;0.1798E+03;0.550;1.92;00:43:57.100
236.58;0.903;0.1176E+03;50.013;300;20;0.2137E+03;0.1784E+03;0.550;1.90;00:43:57.200
236.57;0.900;0.1173E+03;50.012;300;20;0.2130E+03;0.1778E+03;0.551;1.92;00:43:57.300
236.63;0.904;0.1179E+03;50.011;300;20;0.2139E+03;0.1784E+03;0.552;1.92;00:43:57.400
236.65;0.908;0.1182E+03;50.011;300;20;0.2149E+03;0.1795E+03;0.550;1.91;00:43:57.500
236.63;0.898;0.1168E+03;50.012;300;20;0.2124E+03;0.1774E+03;0.550;1.90;00:43:57.600
236.62;0.914;0.1188E+03;50.011;300;20;0.2162E+03;0.1807E+03;0.549;1.91;00:43:57.700
236.64;0.896;0.1166E+03;50.012;300;20;0.2120E+03;0.1770E+03;0.550;1.90;00:43:57.800
236.62;0.896;0.1167E+03;50.012;300;20;0.2121E+03;0.1770E+03;0.550;1.90;00:43:57.900
236.57;0.890;0.1156E+03;50.013;300;20;0.2105E+03;0.1759E+03;0.549;1.91;00:43:58.000
236.57;0.892;0.1161E+03;50.012;300;20;0.2110E+03;0.1762E+03;0.550;1.89;00:43:58.100
236.65;0.916;0.1196E+03;50.010;300;20;0.2168E+03;0.1808E+03;0.552;1.91;00:43:58.200
236.64;0.893;0.1165E+03;50.011;300;20;0.2114E+03;0.1764E+03;0.551;1.91;00:43:58.300
236.65;0.907;0.1184E+03;50.012;300;20;0.2147E+03;0.1791E+03;0.552;1.90;00:43:58.400
236.60;0.892;0.1161E+03;50.012;300;20;0.2110E+03;0.1762E+03;0.550;1.90;00:43:58.500
236.59;0.914;0.1190E+03;50.012;300;20;0.2161E+03;0.1804E+03;0.551;1.88;00:43:58.600
236.63;0.899;0.1171E+03;50.012;300;20;0.2128E+03;0.1777E+03;0.550;1.91;00:43:58.700
236.61;0.918;0.1193E+03;50.012;300;20;0.2173E+03;0.1816E+03;0.549;1.90;00:43:58.800
236.63;0.892;0.1161E+03;50.012;300;20;0.2112E+03;0.1764E+03;0.550;1.90;00:43:58.900
236.64;0.905;0.1176E+03;50.012;300;20;0.2140E+03;0.1788E+03;0.550;1.88;00:43:59.000
236.58;0.900;0.1170E+03;50.013;300;20;0.2128E+03;0.1778E+03;0.550;1.88;00:43:59.100
236.60;0.909;0.1182E+03;50.014;300;20;0.2150E+03;0.1796E+03;0.550;1.90;00:43:59.200
236.58;0.885;0.1155E+03;50.014;300;20;0.2094E+03;0.1746E+03;0.552;1.90;00:43:59.300
236.61;0.905;0.1181E+03;50.014;300;20;0.2141E+03;0.1786E+03;0.551;1.89;00:43:59.400
236.62;0.907;0.1184E+03;50.013;300;20;0.2146E+03;0.1790E+03;0.552;1.88;00:43:59.500
236.58;0.906;0.1182E+03;50.013;300;20;0.2144E+03;0.1789E+03;0.551;1.89;00:43:59.600
236.59;0.904;0.1179E+03;50.012;300;20;0.2139E+03;0.1784E+03;0.551;1.90;00:43:59.700
236.61;0.903;0.1175E+03;50.012;300;20;0.2136E+03;0.1783E+03;0.550;1.89;00:43:59.800
236.58;0.905;0.1179E+03;50.013;300;20;0.2142E+03;0.1788E+03;0.551;1.88;00:43:59.900
236.50;0.897;0.1167E+03;50.013;300;20;0.2121E+03;0.1771E+03;0.550;1.89;00:44:00.000
236.54;0.902;0.1177E+03;50.012;300;20;0.2134E+03;0.1780E+03;0.551;1.90;00:44:00.100
236.57;0.893;0.1167E+03;50.013;300;20;0.2112E+03;0.1760E+03;0.552;1.90;00:44:00.200
236.56;0.904;0.1179E+03;50.012;300;20;0.2139E+03;0.1784E+03;0.551;1.89;00:44:00.300
236.55;0.894;0.1167E+03;50.011;300;20;0.2115E+03;0.1764E+03;0.552;1.89;00:44:00.400
236.51;0.906;0.1181E+03;50.010;300;20;0.2143E+03;0.1789E+03;0.551;1.89;00:44:00.500
236.58;0.902;0.1179E+03;50.011;300;20;0.2134E+03;0.1779E+03;0.553;1.90;00:44:00.600
236.55;0.895;0.1168E+03;50.010;300;20;0.2117E+03;0.1766E+03;0.552;1.89;00:44:00.700
236.61;0.833;0.1090E+03;50.010;300;20;0.1970E+03;0.1642E+03;0.553;1.90;00:44:00.800
236.60;0.808;0.1055E+03;50.009;300;20;0.1911E+03;0.1594E+03;0.552;1.88;00:44:00.900
236.59;0.776;0.1015E+03;50.009;300;20;0.1835E+03;0.1529E+03;0.553;1.89;00:44:01.000
236.59;0.741;0.0970E+03;50.008;300;20;0.1753E+03;0.1461E+03;0.553;1.89;00:44:01.100
236.56;0.800;0.1046E+03;50.008;300;20;0.1893E+03;0.1578E+03;0.553;1.89;00:44:01.200
236.55;0.833;0.1088E+03;50.009;300;20;0.1970E+03;0.1642E+03;0.552;1.89;00:44:01.300
236.56;0.893;0.1167E+03;50.010;300;20;0.2114E+03;0.1763E+03;0.552;1.88;00:44:01.400
236.54;0.886;0.1158E+03;50.010;300;20;0.2097E+03;0.1748E+03;0.552;1.89;00:44:01.500
236.53;0.918;0.1200E+03;50.010;300;20;0.2172E+03;0.1811E+03;0.552;1.90;00:44:01.600
236.52;0.903;0.1179E+03;50.010;300;20;0.2135E+03;0.1780E+03;0.552;1.88;00:44:01.700
236.54;0.917;0.1195E+03;50.009;300;20;0.2170E+03;0.1811E+03;0.551;1.89;00:44:01.800
236.53;0.913;0.1190E+03;50.008;300;20;0.2159E+03;0.1801E+03;0.551;1.89;00:44:01.900
236.41;0.911;0.1183E+03;50.006;300;20;0.2154E+03;0.1800E+03;0.549;1.91;00:44:02.000
236.50;0.913;0.1190E+03;50.007;300;20;0.2159E+03;0.1802E+03;0.551;1.90;00:44:02.100
236.54;0.910;0.1188E+03;50.006;300;20;0.2152E+03;0.1795E+03;0.552;1.93;00:44:02.200
236.55;0.920;0.1201E+03;50.004;300;20;0.2177E+03;0.1816E+03;0.552;1.91;00:44:02.300
236.53;0.917;0.1196E+03;50.003;300;20;0.2170E+03;0.1810E+03;0.551;1.93;00:44:02.400
236.55;0.921;0.1203E+03;50.002;300;20;0.2178E+03;0.1815E+03;0.553;1.91;00:44:02.500
236.54;0.893;0.1167E+03;50.002;300;20;0.2113E+03;0.1761E+03;0.552;1.91;00:44:02.600
236.52;0.918;0.1198E+03;50.002;300;20;0.2172E+03;0.1811E+03;0.552;1.91;00:44:02.700
236.57;0.908;0.1183E+03;50.003;300;20;0.2148E+03;0.1793E+03;0.551;1.91;00:44:02.800
236.55;0.929;0.1209E+03;50.002;300;20;0.2197E+03;0.1834E+03;0.551;1.92;00:44:02.900
236.60;0.906;0.1181E+03;50.003;300;20;0.2144E+03;0.1789E+03;0.551;1.93;00:44:03.000
236.53;0.910;0.1182E+03;50.002;300;20;0.2151E+03;0.1798E+03;0.549;1.91;00:44:03.100
236.58;0.905;0.1179E+03;50.002;300;20;0.2141E+03;0.1786E+03;0.551;1.91;00:44:03.200
236.56;0.919;0.1194E+03;50.003;300;20;0.2174E+03;0.1817E+03;0.549;1.91;00:44:03.300
236.58;0.920;0.1198E+03;50.004;300;20;0.2176E+03;0.1816E+03;0.551;1.94;00:44:03.400
236.61;0.910;0.1184E+03;50.005;300;20;0.2152E+03;0.1797E+03;0.550;1.92;00:44:03.500
236.61;0.903;0.1179E+03;50.004;300;20;0.2138E+03;0.1783E+03;0.552;1.91;00:44:03.600
236.66;0.918;0.1196E+03;50.004;300;20;0.2172E+03;0.1813E+03;0.551;1.91;00:44:03.700
236.63;0.913;0.1191E+03;50.004;300;20;0.2160E+03;0.1802E+03;0.551;1.90;00:44:03.800
236.62;0.902;0.1177E+03;50.005;300;20;0.2134E+03;0.1780E+03;0.552;1.91;00:44:03.900
236.52;0.910;0.1185E+03;50.005;300;20;0.2152E+03;0.1796E+03;0.551;1.91;00:44:04.000
236.58;0.906;0.1181E+03;50.004;300;20;0.2143E+03;0.1788E+03;0.551;1.89;00:44:04.100
236.70;0.929;0.1212E+03;50.004;300;20;0.2200E+03;0.1836E+03;0.551;1.90;00:44:04.200
236.63;0.901;0.1175E+03;50.003;300;20;0.2133E+03;0.1780E+03;0.551;1.90;00:44:04.300
236.60;0.931;0.1213E+03;50.002;300;20;0.2202E+03;0.1838E+03;0.551;1.92;00:44:04.400
236.61;0.897;0.1169E+03;50.001;300;20;0.2122E+03;0.1771E+03;0.551;1.91;00:44:04.500
236.58;0.913;0.1188E+03;50.000;300;20;0.2161E+03;0.1805E+03;0.550;1.91;00:44:04.600
236.61;0.929;0.1210E+03;50.000;300;20;0.2198E+03;0.1835E+03;0.551;1.90;00:44:04.700
236.59;0.919;0.1197E+03;49.999;300;20;0.2174E+03;0.1815E+03;0.551;1.92;00:44:04.800
236.60;0.903;0.1177E+03;49.999;300;20;0.2136E+03;0.1782E+03;0.551;1.92;00:44:04.900
236.59;0.907;0.1180E+03;50.000;300;20;0.2145E+03;0.1792E+03;0.550;1.90;00:44:05.000
236.51;0.917;0.1191E+03;50.000;300;20;0.2168E+03;0.1812E+03;0.549;1.89;00:44:05.100
236.53;0.914;0.1189E+03;49.999;300;20;0.2161E+03;0.1805E+03;0.550;1.90;00:44:05.200
236.52;0.919;0.1197E+03;49.999;300;20;0.2174E+03;0.1814E+03;0.551;1.90;00:44:05.300
236.53;0.866;0.1130E+03;49.999;300;20;0.2048E+03;0.1709E+03;0.551;1.90;00:44:05.400
236.51;0.857;0.1115E+03;49.999;300;20;0.2026E+03;0.1691E+03;0.550;1.90;00:44:05.500
236.55;0.806;0.1055E+03;49.999;300;20;0.1907E+03;0.1588E+03;0.554;1.89;00:44:05.600
236.56;0.787;0.1030E+03;49.998;300;20;0.1862E+03;0.1551E+03;0.553;1.88;00:44:05.700
236.58;0.761;0.0996E+03;49.998;300;20;0.1799E+03;0.1498E+03;0.554;1.89;00:44:05.800
236.57;0.755;0.0988E+03;49.997;300;20;0.1786E+03;0.1488E+03;0.553;1.89;00:44:05.900
236.32;0.725;0.0946E+03;49.995;300;20;0.1714E+03;0.1429E+03;0.552;1.87;00:44:06.000
236.49;0.751;0.0981E+03;49.996;300;20;0.1775E+03;0.1480E+03;0.552;1.88;00:44:06.100
236.57;0.747;0.0979E+03;49.996;300;20;0.1766E+03;0.1470E+03;0.554;1.87;00:44:06.200
236.51;0.724;0.0948E+03;49.996;300;20;0.1713E+03;0.1427E+03;0.553;1.88;00:44:06.300
236.51;0.733;0.0962E+03;49.996;300;20;0.1734E+03;0.1442E+03;0.555;1.88;00:44:06.400
236.51;0.735;0.0962E+03;49.995;300;20;0.1739E+03;0.1448E+03;0.553;1.86;00:44:06.500
236.54;0.749;0.0980E+03;49.996;300;20;0.1771E+03;0.1475E+03;0.554;1.86;00:44:06.600
236.52;0.723;0.0948E+03;49.996;300;20;0.1710E+03;0.1423E+03;0.555;1.86;00:44:06.700
236.52;0.747;0.0977E+03;49.996;300;20;0.1766E+03;0.1471E+03;0.553;1.86;00:44:06.800
236.50;0.718;0.0942E+03;49.997;300;20;0.1699E+03;0.1413E+03;0.554;1.85;00:44:06.900
236.51;0.769;0.1006E+03;49.998;300;20;0.1819E+03;0.1516E+03;0.553;1.86;00:44:07.000
236.53;0.816;0.1067E+03;49.997;300;20;0.1930E+03;0.1609E+03;0.553;1.85;00:44:07.100
236.50;0.915;0.1193E+03;49.997;300;20;0.2164E+03;0.1805E+03;0.551;1.87;00:44:07.200
236.55;0.891;0.1159E+03;49.995;300;20;0.2107E+03;0.1759E+03;0.550;1.87;00:44:07.300
236.56;0.898;0.1168E+03;49.996;300;20;0.2123E+03;0.1773E+03;0.550;1.88;00:44:07.400
236.56;0.908;0.1185E+03;49.997;300;20;0.2149E+03;0.1793E+03;0.551;1.87;00:44:07.500
236.59;0.908;0.1183E+03;49.997;300;20;0.2148E+03;0.1793E+03;0.551;1.87;00:44:07.600
236.57;0.900;0.1176E+03;49.996;300;20;0.2129E+03;0.1775E+03;0.552;1.87;00:44:07.700
236.61;0.897;0.1171E+03;49.995;300;20;0.2123E+03;0.1771E+03;0.552;1.87;00:44:07.800
236.61;0.906;0.1182E+03;49.995;300;20;0.2144E+03;0.1789E+03;0.551;1.85;00:44:07.900
236.54;0.900;0.1173E+03;49.995;300;20;0.2129E+03;0.1776E+03;0.551;1.86;00:44:08.000
236.58;0.908;0.1184E+03;49.996;300;20;0.2147E+03;0.1791E+03;0.552;1.87;00:44:08.100
236.62;0.896;0.1170E+03;49.997;300;20;0.2120E+03;0.1768E+03;0.552;1.89;00:44:08.200
236.61;0.901;0.1175E+03;49.997;300;20;0.2132E+03;0.1779E+03;0.551;1.88;00:44:08.300
236.63;0.896;0.1167E+03;49.997;300;20;0.2120E+03;0.1770E+03;0.551;1.87;00:44:08.400
236.64;0.909;0.1185E+03;49.997;300;20;0.2150E+03;0.1795E+03;0.551;1.88;00:44:08.500
236.63;0.893;0.1167E+03;49.996;300;20;0.2114E+03;0.1763E+03;0.552;1.88;00:44:08.600
236.63;0.903;0.1178E+03;49.996;300;20;0.2136E+03;0.1782E+03;0.551;1.86;00:44:08.700
236.65;0.902;0.1178E+03;49.997;300;20;0.2136E+03;0.1781E+03;0.552;1.88;00:44:08.800
236.66;0.900;0.1174E+03;49.996;300;20;0.2131E+03;0.1778E+03;0.551;1.87;00:44:08.900
236.67;0.911;0.1189E+03;49.995;300;20;0.2155E+03;0.1797E+03;0.552;1.89;00:44:09.000
236.65;0.893;0.1166E+03;49.995;300;20;0.2114E+03;0.1763E+03;0.551;1.88;00:44:09.100
236.64;0.909;0.1184E+03;49.996;300;20;0.2152E+03;0.1796E+03;0.550;1.90;00:44:09.200
236.65;0.893;0.1164E+03;49.996;300;20;0.2113E+03;0.1763E+03;0.551;1.86;00:44:09.300
236.67;0.919;0.1197E+03;49.996;300;20;0.2174E+03;0.1816E+03;0.550;1.87;00:44:09.400
236.69;0.896;0.1168E+03;49.996;300;20;0.2121E+03;0.1770E+03;0.551;1.85;00:44:09.500
236.68;0.918;0.1195E+03;49.995;300;20;0.2172E+03;0.1814E+03;0.550;1.86;00:44:09.600
236.69;0.895;0.1167E+03;49.995;300;20;0.2119E+03;0.1768E+03;0.551;1.85;00:44:09.700
236.68;0.908;0.1181E+03;49.996;300;20;0.2149E+03;0.1796E+03;0.549;1.83;00:44:09.800
236.67;0.912;0.1187E+03;49.997;300;20;0.2158E+03;0.1802E+03;0.550;1.84;00:44:09.900
236.56;0.909;0.1179E+03;49.997;300;20;0.2150E+03;0.1799E+03;0.548;1.84;00:44:10.000
236.58;0.900;0.1171E+03;49.997;300;20;0.2130E+03;0.1779E+03;0.550;1.83;00:44:10.100
236.64;0.914;0.1186E+03;49.997;300;20;0.2163E+03;0.1808E+03;0.548;1.83;00:44:10.200
236.60;0.913;0.1186E+03;49.997;300;20;0.2161E+03;0.1806E+03;0.549;1.81;00:44:10.300
236.62;0.916;0.1188E+03;49.997;300;20;0.2168E+03;0.1813E+03;0.548;1.81;00:44:10.400
236.63;0.921;0.1195E+03;49.997;300;20;0.2180E+03;0.1823E+03;0.548;1.80;00:44:10.500
236.64;0.909;0.1178E+03;49.998;300;20;0.2150E+03;0.1799E+03;0.548;1.81;00:44:10.600
236.65;0.915;0.1185E+03;49.998;300;20;0.2165E+03;0.1812E+03;0.547;1.79;00:44:10.700
236.65;0.913;0.1182E+03;49.998;300;20;0.2160E+03;0.1808E+03;0.547;1.78;00:44:10.800
236.68;0.917;0.1189E+03;49.999;300;20;0.2170E+03;0.1816E+03;0.548;1.81;00:44:10.900
236.69;0.898;0.1167E+03;49.998;300;20;0.2126E+03;0.1777E+03;0.549;1.79;00:44:11.000
236.63;0.904;0.1171E+03;49.999;300;20;0.2140E+03;0.1791E+03;0.547;1.77;00:44:11.100
236.66;0.899;0.1167E+03;49.999;300;20;0.2128E+03;0.1780E+03;0.548;1.77;00:44:11.200
236.64;0.878;0.1138E+03;49.999;300;20;0.2078E+03;0.1739E+03;0.547;1.77;00:44:11.300
236.73;0.798;0.1038E+03;49.999;300;20;0.1888E+03;0.1578E+03;0.549;1.79;00:44:11.400
236.69;0.756;0.0981E+03;49.999;300;20;0.1790E+03;0.1497E+03;0.548;1.77;00:44:11.500
236.70;0.889;0.1152E+03;49.999;300;20;0.2105E+03;0.1762E+03;0.547;1.77;00:44:11.600
236.65;0.901;0.1166E+03;50.000;300;20;0.2132E+03;0.1784E+03;0.547;1.77;00:44:11.700
236.70;0.924;0.1199E+03;50.000;300;20;0.2187E+03;0.1829E+03;0.548;1.78;00:44:11.800
236.71;0.902;0.1169E+03;50.000;300;20;0.2136E+03;0.1788E+03;0.547;1.79;00:44:11.900
236.64;0.923;0.1195E+03;50.000;300;20;0.2184E+03;0.1828E+03;0.547;1.79;00:44:12.000
236.68;0.915;0.1184E+03;50.000;300;20;0.2165E+03;0.1813E+03;0.547;1.79;00:44:12.100
236.69;0.920;0.1194E+03;49.999;300;20;0.2177E+03;0.1821E+03;0.548;1.79;00:44:12.200
236.66;0.917;0.1191E+03;50.001;300;20;0.2171E+03;0.1815E+03;0.549;1.79;00:44:12.300
236.69;0.920;0.1194E+03;50.002;300;20;0.2178E+03;0.1821E+03;0.548;1.80;00:44:12.400
236.69;0.904;0.1176E+03;50.003;300;20;0.2139E+03;0.1787E+03;0.550;1.82;00:44:12.500
236.70;0.909;0.1182E+03;50.004;300;20;0.2151E+03;0.1797E+03;0.550;1.81;00:44:12.600
236.67;0.917;0.1194E+03;50.005;300;20;0.2171E+03;0.1813E+03;0.550;1.81;00:44:12.700
236.65;0.911;0.1184E+03;50.006;300;20;0.2156E+03;0.1802E+03;0.549;1.82;00:44:12.800
236.64;0.910;0.1185E+03;50.006;300;20;0.2153E+03;0.1798E+03;0.550;1.82;00:44:12.900
236.65;0.909;0.1182E+03;50.007;300;20;0.2151E+03;0.1797E+03;0.549;1.83;00:44:13.000
236.62;0.912;0.1185E+03;50.008;300;20;0.2158E+03;0.1803E+03;0.549;1.80;00:44:13.100
236.60;0.923;0.1201E+03;50.009;300;20;0.2184E+03;0.1824E+03;0.550;1.81;00:44:13.200
236.60;0.917;0.1194E+03;50.010;300;20;0.2170E+03;0.1813E+03;0.550;1.81;00:44:13.300
236.63;0.909;0.1183E+03;50.009;300;20;0.2150E+03;0.1796E+03;0.550;1.82;00:44:13.400
236.64;0.919;0.1193E+03;50.009;300;20;0.2174E+03;0.1817E+03;0.549;1.80;00:44:13.500
236.64;0.909;0.1182E+03;50.009;300;20;0.2152E+03;0.1798E+03;0.549;1.81;00:44:13.600
236.61;0.918;0.1193E+03;50.008;300;20;0.2172E+03;0.1815E+03;0.549;1.80;00:44:13.700
236.65;0.905;0.1179E+03;50.009;300;20;0.2142E+03;0.1788E+03;0.550;1.80;00:44:13.800
236.63;0.913;0.1187E+03;50.010;300;20;0.2160E+03;0.1805E+03;0.550;1.81;00:44:13.900
236.59;0.902;0.1174E+03;50.012;300;20;0.2134E+03;0.1782E+03;0.550;1.79;00:44:14.000
236.59;0.918;0.1194E+03;50.012;300;20;0.2172E+03;0.1815E+03;0.550;1.81;00:44:14.100
236.67;0.923;0.1202E+03;50.013;300;20;0.2184E+03;0.1824E+03;0.550;1.83;00:44:14.200
236.66;0.899;0.1168E+03;50.013;300;20;0.2127E+03;0.1777E+03;0.549;1.80;00:44:14.300
236.60;0.911;0.1184E+03;50.015;300;20;0.2156E+03;0.1802E+03;0.549;1.82;00:44:14.400
236.58;0.913;0.1185E+03;50.015;300;20;0.2160E+03;0.1807E+03;0.548;1.81;00:44:14.500
236.60;0.919;0.1195E+03;50.017;300;20;0.2174E+03;0.1817E+03;0.550;1.81;00:44:14.600
236.59;0.906;0.1179E+03;50.017;300;20;0.2144E+03;0.1790E+03;0.550;1.81;00:44:14.700
236.60;0.918;0.1195E+03;50.017;300;20;0.2173E+03;0.1815E+03;0.550;1.81;00:44:14.800
236.59;0.908;0.1182E+03;50.016;300;20;0.2149E+03;0.1794E+03;0.550;1.83;00:44:14.900
236.61;0.918;0.1192E+03;50.014;300;20;0.2171E+03;0.1815E+03;0.549;1.81;00:44:15.000
236.56;0.904;0.1176E+03;50.014;300;20;0.2138E+03;0.1785E+03;0.550;1.81;00:44:15.100
236.55;0.916;0.1191E+03;50.014;300;20;0.2167E+03;0.1810E+03;0.550;1.82;00:44:15.200
236.53;0.902;0.1174E+03;50.015;300;20;0.2134E+03;0.1782E+03;0.550;1.82;00:44:15.300
236.56;0.923;0.1201E+03;50.015;300;20;0.2184E+03;0.1824E+03;0.550;1.84;00:44:15.400
236.54;0.921;0.1195E+03;50.015;300;20;0.2178E+03;0.1820E+03;0.549;1.84;00:44:15.500
236.55;0.930;0.1208E+03;50.015;300;20;0.2200E+03;0.1838E+03;0.549;1.85;00:44:15.600
236.58;0.920;0.1199E+03;50.016;300;20;0.2177E+03;0.1818E+03;0.551;1.85;00:44:15.700
236.58;0.860;0.1120E+03;50.016;300;20;0.2035E+03;0.1699E+03;0.550;1.82;00:44:15.800
236.58;0.839;0.1092E+03;50.017;300;20;0.1985E+03;0.1658E+03;0.550;1.82;00:44:15.900
236.52;0.752;0.0979E+03;50.018;300;20;0.1780E+03;0.1486E+03;0.550;1.82;00:44:16.000
236.52;0.766;0.0999E+03;50.018;300;20;0.1813E+03;0.1512E+03;0.551;1.83;00:44:16.100
236.61;0.744;0.0971E+03;50.017;300;20;0.1760E+03;0.1467E+03;0.552;1.85;00:44:16.200
236.54;0.745;0.0970E+03;50.018;300;20;0.1762E+03;0.1471E+03;0.550;1.84;00:44:16.300
236.56;0.733;0.0955E+03;50.017;300;20;0.1733E+03;0.1446E+03;0.551;1.83;00:44:16.400
236.55;0.738;0.0962E+03;50.017;300;20;0.1746E+03;0.1457E+03;0.551;1.83;00:44:16.500
236.60;0.740;0.0966E+03;50.016;300;20;0.1751E+03;0.1460E+03;0.552;1.85;00:44:16.600
236.58;0.735;0.0957E+03;50.014;300;20;0.1738E+03;0.1450E+03;0.551;1.82;00:44:16.700
236.54;0.722;0.0933E+03;50.014;300;20;0.1708E+03;0.1431E+03;0.546;1.81;00:44:16.800
236.51;0.714;0.0932E+03;50.013;300;20;0.1688E+03;0.1407E+03;0.552;1.81;00:44:16.900
236.46;0.729;0.0958E+03;50.012;300;20;0.1723E+03;0.1433E+03;0.556;1.84;00:44:17.000
236.44;0.727;0.0950E+03;50.012;300;20;0.1718E+03;0.1431E+03;0.553;1.85;00:44:17.100
236.50;0.903;0.1170E+03;50.013;300;20;0.2135E+03;0.1786E+03;0.548;1.85;00:44:17.200
236.49;0.908;0.1177E+03;50.012;300;20;0.2146E+03;0.1794E+03;0.549;1.82;00:44:17.300
236.55;0.917;0.1191E+03;50.012;300;20;0.2168E+03;0.1812E+03;0.549;1.83;00:44:17.400
236.57;0.897;0.1164E+03;50.012;300;20;0.2121E+03;0.1773E+03;0.549;1.83;00:44:17.500
236.58;0.912;0.1186E+03;50.013;300;20;0.2158E+03;0.1803E+03;0.550;1.81;00:44:17.600
236.58;0.896;0.1164E+03;50.014;300;20;0.2119E+03;0.1771E+03;0.549;1.83;00:44:17.700
236.57;0.915;0.1187E+03;50.015;300;20;0.2165E+03;0.1811E+03;0.548;1.82;00:44:17.800
236.57;0.905;0.1175E+03;50.015;300;20;0.2142E+03;0.1791E+03;0.548;1.82;00:44:17.900
236.48;0.921;0.1189E+03;50.016;300;20;0.2179E+03;0.1826E+03;0.546;1.84;00:44:18.000
236.54;0.902;0.1169E+03;50.013;300;20;0.2135E+03;0.1786E+03;0.548;1.83;00:44:18.100
236.57;0.901;0.1169E+03;50.013;300;20;0.2132E+03;0.1783E+03;0.548;1.82;00:44:18.200
236.55;0.915;0.1187E+03;50.012;300;20;0.2164E+03;0.1809E+03;0.549;1.80;00:44:18.300
236.57;0.910;0.1178E+03;50.013;300;20;0.2153E+03;0.1802E+03;0.547;1.82;00:44:18.400
236.56;0.911;0.1182E+03;50.013;300;20;0.2156E+03;0.1803E+03;0.548;1.84;00:44:18.500
236.57;0.900;0.1168E+03;50.013;300;20;0.2129E+03;0.1780E+03;0.549;1.83;00:44:18.600
236.57;0.917;0.1189E+03;50.014;300;20;0.2168E+03;0.1813E+03;0.548;1.82;00:44:18.700
236.62;0.915;0.1187E+03;50.011;300;20;0.2166E+03;0.1811E+03;0.548;1.83;00:44:18.800
236.60;0.909;0.1178E+03;50.012;300;20;0.2150E+03;0.1798E+03;0.548;1.84;00:44:18.900
236.59;0.894;0.1161E+03;50.013;300;20;0.2114E+03;0.1767E+03;0.549;1.85;00:44:19.000
236.59;0.907;0.1174E+03;50.013;300;20;0.2145E+03;0.1796E+03;0.547;1.83;00:44:19.100
236.56;0.894;0.1163E+03;50.014;300;20;0.2116E+03;0.1767E+03;0.550;1.83;00:44:19.200
236.58;0.904;0.1175E+03;50.014;300;20;0.2139E+03;0.1788E+03;0.549;1.84;00:44:19.300
236.57;0.906;0.1179E+03;50.014;300;20;0.2143E+03;0.1789E+03;0.550;1.86;00:44:19.400
236.59;0.901;0.1172E+03;50.013;300;20;0.2131E+03;0.1780E+03;0.550;1.84;00:44:19.500
236.58;0.897;0.1168E+03;50.013;300;20;0.2123E+03;0.1772E+03;0.550;1.85;00:44:19.600
236.56;0.911;0.1183E+03;50.012;300;20;0.2156E+03;0.1803E+03;0.549;1.84;00:44:19.700
236.62;0.914;0.1190E+03;50.014;300;20;0.2163E+03;0.1807E+03;0.550;1.84;00:44:19.800
236.61;0.898;0.1166E+03;50.014;300;20;0.2125E+03;0.1776E+03;0.549;1.86;00:44:19.900
236.54;0.909;0.1180E+03;50.014;300;20;0.2150E+03;0.1797E+03;0.549;1.86;00:44:20.000
236.55;0.893;0.1159E+03;50.014;300;20;0.2113E+03;0.1767E+03;0.548;1.85;00:44:20.100
236.55;0.921;0.1194E+03;50.012;300;20;0.2178E+03;0.1822E+03;0.548;1.86;00:44:20.200
236.56;0.893;0.1161E+03;50.011;300;20;0.2112E+03;0.1764E+03;0.550;1.86;00:44:20.300
236.53;0.920;0.1198E+03;50.010;300;20;0.2176E+03;0.1817E+03;0.550;1.87;00:44:20.400
236.56;0.898;0.1169E+03;50.012;300;20;0.2124E+03;0.1773E+03;0.551;1.86;00:44:20.500
236.51;0.904;0.1174E+03;50.011;300;20;0.2139E+03;0.1788E+03;0.549;1.85;00:44:20.600
236.51;0.915;0.1190E+03;50.010;300;20;0.2165E+03;0.1808E+03;0.550;1.87;00:44:20.700
236.54;0.909;0.1182E+03;50.008;300;20;0.2151E+03;0.1797E+03;0.549;1.87;00:44:20.800
236.51;0.907;0.1181E+03;50.006;300;20;0.2144E+03;0.1790E+03;0.551;1.85;00:44:20.900
236.55;0.906;0.1177E+03;50.006;300;20;0.2142E+03;0.1790E+03;0.550;1.87;00:44:21.000
236.51;0.904;0.1176E+03;50.007;300;20;0.2137E+03;0.1784E+03;0.550;1.85;00:44:21.100
236.56;0.917;0.1192E+03;50.008;300;20;0.2169E+03;0.1812E+03;0.550;1.88;00:44:21.200
236.56;0.914;0.1190E+03;50.008;300;20;0.2161E+03;0.1804E+03;0.551;1.85;00:44:21.300
236.56;0.887;0.1156E+03;50.010;300;20;0.2099E+03;0.1751E+03;0.551;1.87;00:44:21.400
236.57;0.812;0.1059E+03;50.009;300;20;0.1921E+03;0.1603E+03;0.551;1.84;00:44:21.500
236.57;0.854;0.1111E+03;50.009;300;20;0.2021E+03;0.1688E+03;0.550;1.86;00:44:21.600
236.57;0.927;0.1207E+03;50.010;300;20;0.2194E+03;0.1831E+03;0.550;1.87;00:44:21.700
236.59;0.894;0.1165E+03;50.011;300;20;0.2114E+03;0.1764E+03;0.551;1.87;00:44:21.800
236.58;0.908;0.1182E+03;50.011;300;20;0.2149E+03;0.1794E+03;0.550;1.87;00:44:21.900
236.53;0.906;0.1179E+03;50.011;300;20;0.2143E+03;0.1789E+03;0.550;1.88;00:44:22.000
236.54;0.921;0.1197E+03;50.010;300;20;0.2179E+03;0.1821E+03;0.549;1.86;00:44:22.100
236.57;0.937;0.1220E+03;50.009;300;20;0.2217E+03;0.1852E+03;0.550;1.89;00:44:22.200
236.59;0.911;0.1182E+03;50.009;300;20;0.2154E+03;0.1801E+03;0.549;1.87;00:44:22.300
236.59;0.912;0.1186E+03;50.009;300;20;0.2157E+03;0.1801E+03;0.550;1.87;00:44:22.400
236.61;0.919;0.1194E+03;50.009;300;20;0.2173E+03;0.1816E+03;0.549;1.88;00:44:22.500
236.61;0.926;0.1205E+03;50.009;300;20;0.2190E+03;0.1829E+03;0.550;1.88;00:44:22.600
236.62;0.901;0.1174E+03;50.007;300;20;0.2133E+03;0.1781E+03;0.550;1.88;00:44:22.700
236.63;0.922;0.1200E+03;50.008;300;20;0.2182E+03;0.1823E+03;0.550;1.88;00:44:22.800
236.64;0.911;0.1184E+03;50.008;300;20;0.2156E+03;0.1802E+03;0.549;1.88;00:44:22.900
236.66;0.915;0.1192E+03;50.009;300;20;0.2167E+03;0.1809E+03;0.550;1.88;00:44:23.000
236.63;0.907;0.1181E+03;50.009;300;20;0.2146E+03;0.1792E+03;0.550;1.87;00:44:23.100
236.61;0.921;0.1198E+03;50.011;300;20;0.2180E+03;0.1822E+03;0.550;1.88;00:44:23.200
236.63;0.905;0.1180E+03;50.013;300;20;0.2142E+03;0.1788E+03;0.551;1.88;00:44:23.300
236.64;0.916;0.1191E+03;50.012;300;20;0.2167E+03;0.1811E+03;0.550;1.89;00:44:23.400
236.62;0.910;0.1185E+03;50.012;300;20;0.2153E+03;0.1797E+03;0.551;1.89;00:44:23.500
236.67;0.917;0.1194E+03;50.012;300;20;0.2170E+03;0.1812E+03;0.550;1.88;00:44:23.600
236.66;0.909;0.1186E+03;50.014;300;20;0.2151E+03;0.1795E+03;0.551;1.91;00:44:23.700
236.66;0.910;0.1184E+03;50.014;300;20;0.2153E+03;0.1797E+03;0.550;1.90;00:44:23.800
236.66;0.916;0.1194E+03;50.014;300;20;0.2168E+03;0.1809E+03;0.551;1.89;00:44:23.900
236.59;0.918;0.1193E+03;50.014;300;20;0.2171E+03;0.1814E+03;0.550;1.88;00:44:24.000
236.60;0.916;0.1192E+03;50.014;300;20;0.2167E+03;0.1810E+03;0.550;1.89;00:44:24.100
236.64;0.905;0.1182E+03;50.014;300;20;0.2142E+03;0.1786E+03;0.552;1.89;00:44:24.200
236.62;0.915;0.1190E+03;50.012;300;20;0.2164E+03;0.1807E+03;0.550;1.90;00:44:24.300
236.61;0.911;0.1187E+03;50.012;300;20;0.2155E+03;0.1799E+03;0.551;1.87;00:44:24.400
236.60;0.917;0.1194E+03;50.011;300;20;0.2169E+03;0.1811E+03;0.550;1.88;00:44:24.500
236.58;0.898;0.1170E+03;50.011;300;20;0.2124E+03;0.1773E+03;0.551;1.89;00:44:24.600
236.57;0.912;0.1184E+03;50.010;300;20;0.2157E+03;0.1803E+03;0.549;1.88;00:44:24.700
236.61;0.913;0.1192E+03;50.009;300;20;0.2160E+03;0.1801E+03;0.552;1.91;00:44:24.800
236.62;0.918;0.1195E+03;50.009;300;20;0.2173E+03;0.1815E+03;0.550;1.88;00:44:24.900
236.63;0.913;0.1191E+03;50.009;300;20;0.2161E+03;0.1803E+03;0.551;1.89;00:44:25.000
236.62;0.904;0.1178E+03;50.008;300;20;0.2138E+03;0.1784E+03;0.551;1.87;00:44:25.100
236.54;0.902;0.1174E+03;50.008;300;20;0.2133E+03;0.1781E+03;0.550;1.89;00:44:25.200
236.57;0.914;0.1190E+03;50.008;300;20;0.2162E+03;0.1804E+03;0.551;1.87;00:44:25.300
236.60;0.920;0.1197E+03;50.009;300;20;0.2176E+03;0.1817E+03;0.550;1.88;00:44:25.400
236.61;0.913;0.1190E+03;50.011;300;20;0.2160E+03;0.1803E+03;0.551;1.89;00:44:25.500
236.58;0.932;0.1214E+03;50.011;300;20;0.2206E+03;0.1841E+03;0.550;1.88;00:44:25.600
236.59;0.903;0.1175E+03;50.011;300;20;0.2137E+03;0.1784E+03;0.550;1.89;00:44:25.700
236.61;0.915;0.1192E+03;50.010;300;20;0.2166E+03;0.1808E+03;0.550;1.87;00:44:25.800
236.59;0.839;0.1096E+03;50.010;300;20;0.1984E+03;0.1654E+03;0.552;1.88;00:44:25.900
236.57;0.773;0.1009E+03;50.010;300;20;0.1828E+03;0.1524E+03;0.552;1.86;00:44:26.000
236.56;0.741;0.0970E+03;50.011;300;20;0.1752E+03;0.1459E+03;0.554;1.86;00:44:26.100
236.60;0.746;0.0975E+03;50.011;300;20;0.1765E+03;0.1471E+03;0.553;1.87;00:44:26.200
236.57;0.741;0.0969E+03;50.011;300;20;0.1753E+03;0.1461E+03;0.553;1.84;00:44:26.300
236.56;0.744;0.0972E+03;50.010;300;20;0.1760E+03;0.1467E+03;0.552;1.87;00:44:26.400
236.58;0.734;0.0960E+03;50.009;300;20;0.1736E+03;0.1447E+03;0.553;1.87;00:44:26.500
236.56;0.720;0.0942E+03;50.010;300;20;0.1704E+03;0.1420E+03;0.553;1.86;00:44:26.600
236.55;0.740;0.0967E+03;50.010;300;20;0.1750E+03;0.1458E+03;0.553;1.85;00:44:26.700
236.56;0.727;0.0950E+03;50.010;300;20;0.1720E+03;0.1434E+03;0.552;1.86;00:44:26.800
236.59;0.745;0.0975E+03;50.011;300;20;0.1763E+03;0.1469E+03;0.553;1.87;00:44:26.900
236.62;0.724;0.0948E+03;50.010;300;20;0.1712E+03;0.1426E+03;0.554;1.87;00:44:27.000
236.58;0.743;0.0971E+03;50.010;300;20;0.1758E+03;0.1465E+03;0.552;1.85;00:44:27.100
236.58;0.906;0.1179E+03;50.012;300;20;0.2144E+03;0.1791E+03;0.550;1.88;00:44:27.200
236.54;0.903;0.1173E+03;50.012;300;20;0.2136E+03;0.1786E+03;0.549;1.90;00:44:27.300
236.59;0.905;0.1179E+03;50.012;300;20;0.2141E+03;0.1787E+03;0.551;1.89;00:44:27.400
236.61;0.906;0.1177E+03;50.012;300;20;0.2143E+03;0.1791E+03;0.549;1.86;00:44:27.500
236.66;0.889;0.1160E+03;50.012;300;20;0.2104E+03;0.1756E+03;0.551;1.87;00:44:27.600
236.67;0.905;0.1180E+03;50.012;300;20;0.2143E+03;0.1788E+03;0.551;1.87;00:44:27.700
236.66;0.907;0.1181E+03;50.014;300;20;0.2146E+03;0.1792E+03;0.550;1.87;00:44:27.800
236.67;0.891;0.1162E+03;50.014;300;20;0.2109E+03;0.1761E+03;0.551;1.89;00:44:27.900
236.64;0.903;0.1175E+03;50.013;300;20;0.2136E+03;0.1784E+03;0.550;1.91;00:44:28.000
236.64;0.900;0.1172E+03;50.012;300;20;0.2130E+03;0.1778E+03;0.550;1.87;00:44:28.100
236.68;0.914;0.1190E+03;50.011;300;20;0.2164E+03;0.1807E+03;0.550;1.87;00:44:28.200
236.62;0.885;0.1153E+03;50.010;300;20;0.2095E+03;0.1749E+03;0.550;1.89;00:44:28.300
236.66;0.915;0.1193E+03;50.010;300;20;0.2166E+03;0.1808E+03;0.551;1.89;00:44:28.400
236.64;0.890;0.1160E+03;50.010;300;20;0.2107E+03;0.1759E+03;0.550;1.88;00:44:28.500
236.64;0.907;0.1181E+03;50.011;300;20;0.2146E+03;0.1792E+03;0.550;1.88;00:44:28.600
236.67;0.911;0.1189E+03;50.011;300;20;0.2155E+03;0.1797E+03;0.552;1.89;00:44:28.700
236.65;0.918;0.1194E+03;50.010;300;20;0.2171E+03;0.1814E+03;0.550;1.88;00:44:28.800
236.66;0.904;0.1176E+03;50.010;300;20;0.2139E+03;0.1786E+03;0.550;1.88;00:44:28.900
236.67;0.898;0.1167E+03;50.012;300;20;0.2124E+03;0.1775E+03;0.550;1.86;00:44:29.000
236.64;0.911;0.1186E+03;50.013;300;20;0.2156E+03;0.1801E+03;0.550;1.87;00:44:29.100
236.63;0.903;0.1174E+03;50.014;300;20;0.2136E+03;0.1785E+03;0.550;1.91;00:44:29.200
236.62;0.906;0.1181E+03;50.014;300;20;0.2143E+03;0.1788E+03;0.551;1.89;00:44:29.300
236.65;0.901;0.1173E+03;50.014;300;20;0.2133E+03;0.1781E+03;0.550;1.89;00:44:29.400
236.64;0.914;0.1187E+03;50.014;300;20;0.2163E+03;0.1808E+03;0.549;1.87;00:44:29.500
236.63;0.896;0.1167E+03;50.015;300;20;0.2119E+03;0.1769E+03;0.551;1.86;00:44:29.600
236.60;0.910;0.1182E+03;50.014;300;20;0.2153E+03;0.1799E+03;0.549;1.88;00:44:29.700
236.61;0.897;0.1171E+03;50.015;300;20;0.2123E+03;0.1770E+03;0.552;1.91;00:44:29.800
236.63;0.913;0.1189E+03;50.015;300;20;0.2162E+03;0.1805E+03;0.550;1.88;00:44:29.900
236.58;0.897;0.1168E+03;50.015;300;20;0.2123E+03;0.1773E+03;0.550;1.88;00:44:30.000
236.60;0.915;0.1188E+03;50.016;300;20;0.2164E+03;0.1809E+03;0.549;1.88;00:44:30.100
236.64;0.902;0.1175E+03;50.016;300;20;0.2135E+03;0.1782E+03;0.551;1.86;00:44:30.200
236.62;0.899;0.1171E+03;50.017;300;20;0.2127E+03;0.1776E+03;0.550;1.89;00:44:30.300
236.60;0.901;0.1175E+03;50.017;300;20;0.2132E+03;0.1779E+03;0.551;1.89;00:44:30.400
236.60;0.907;0.1180E+03;50.016;300;20;0.2145E+03;0.1791E+03;0.550;1.87;00:44:30.500
236.60;0.914;0.1191E+03;50.015;300;20;0.2163E+03;0.1805E+03;0.551;1.87;00:44:30.600
236.61;0.902;0.1175E+03;50.014;300;20;0.2135E+03;0.1783E+03;0.550;1.88;00:44:30.700
236.62;0.913;0.1189E+03;50.014;300;20;0.2160E+03;0.1804E+03;0.551;1.87;00:44:30.800
236.64;0.896;0.1166E+03;50.014;300;20;0.2120E+03;0.1770E+03;0.550;1.88;00:44:30.900
236.61;0.916;0.1193E+03;50.012;300;20;0.2167E+03;0.1809E+03;0.551;1.87;00:44:31.000
236.61;0.903;0.1175E+03;50.011;300;20;0.2136E+03;0.1784E+03;0.550;1.86;00:44:31.100
236.54;0.925;0.1191E+03;50.009;300;20;0.2189E+03;0.1836E+03;0.544;1.88;00:44:31.200
236.61;0.903;0.1167E+03;50.008;300;20;0.2138E+03;0.1791E+03;0.546;1.88;00:44:31.300
236.57;0.863;0.1116E+03;50.009;300;20;0.2042E+03;0.1710E+03;0.546;1.84;00:44:31.400
236.61;0.768;0.1004E+03;50.009;300;20;0.1816E+03;0.1513E+03;0.553;1.84;00:44:31.500
236.57;0.903;0.1184E+03;50.008;300;20;0.2135E+03;0.1777E+03;0.554;1.85;00:44:31.600
236.57;0.893;0.1174E+03;50.009;300;20;0.2112E+03;0.1756E+03;0.556;1.86;00:44:31.700
236.57;0.895;0.1174E+03;50.008;300;20;0.2117E+03;0.1761E+03;0.555;1.88;00:44:31.800
236.57;0.911;0.1196E+03;50.007;300;20;0.2155E+03;0.1793E+03;0.555;1.86;00:44:31.900
236.51;0.918;0.1202E+03;50.007;300;20;0.2170E+03;0.1807E+03;0.554;1.87;00:44:32.000
236.50;0.920;0.1205E+03;50.008;300;20;0.2176E+03;0.1813E+03;0.554;1.86;00:44:32.100
236.56;0.911;0.1196E+03;50.008;300;20;0.2154E+03;0.1792E+03;0.555;1.88;00:44:32.200
236.54;0.907;0.1189E+03;50.007;300;20;0.2146E+03;0.1786E+03;0.554;1.86;00:44:32.300
236.52;0.910;0.1193E+03;50.006;300;20;0.2152E+03;0.1791E+03;0.554;1.86;00:44:32.400
236.55;0.914;0.1197E+03;50.006;300;20;0.2162E+03;0.1800E+03;0.554;1.88;00:44:32.500
236.57;0.899;0.1181E+03;50.006;300;20;0.2127E+03;0.1769E+03;0.555;1.87;00:44:32.600
236.58;0.910;0.1194E+03;50.006;300;20;0.2154E+03;0.1793E+03;0.554;1.88;00:44:32.700
236.57;0.891;0.1171E+03;50.006;300;20;0.2108E+03;0.1753E+03;0.556;1.86;00:44:32.800
236.56;0.907;0.1189E+03;50.006;300;20;0.2144E+03;0.1785E+03;0.555;1.86;00:44:32.900
236.56;0.910;0.1194E+03;50.006;300;20;0.2153E+03;0.1792E+03;0.555;1.89;00:44:33.000
236.56;0.894;0.1172E+03;50.006;300;20;0.2114E+03;0.1760E+03;0.554;1.89;00:44:33.100
236.51;0.898;0.1178E+03;50.006;300;20;0.2124E+03;0.1768E+03;0.554;1.88;00:44:33.200
236.51;0.894;0.1173E+03;50.006;300;20;0.2115E+03;0.1759E+03;0.555;1.87;00:44:33.300
236.52;0.916;0.1202E+03;50.006;300;20;0.2167E+03;0.1803E+03;0.555;1.87;00:44:33.400
236.56;0.900;0.1182E+03;50.006;300;20;0.2129E+03;0.1770E+03;0.555;1.88;00:44:33.500
236.56;0.911;0.1198E+03;50.007;300;20;0.2156E+03;0.1793E+03;0.555;1.87;00:44:33.600
236.56;0.892;0.1174E+03;50.006;300;20;0.2110E+03;0.1754E+03;0.556;1.88;00:44:33.700
236.54;0.908;0.1192E+03;50.006;300;20;0.2147E+03;0.1786E+03;0.555;1.88;00:44:33.800
236.52;0.909;0.1194E+03;50.006;300;20;0.2150E+03;0.1788E+03;0.555;1.87;00:44:33.900
236.46;0.908;0.1190E+03;50.006;300;20;0.2147E+03;0.1787E+03;0.554;1.88;00:44:34.000
236.49;0.895;0.1177E+03;50.006;300;20;0.2117E+03;0.1760E+03;0.556;1.88;00:44:34.100
236.54;0.912;0.1197E+03;50.007;300;20;0.2157E+03;0.1795E+03;0.555;1.88;00:44:34.200
236.50;0.907;0.1190E+03;50.007;300;20;0.2146E+03;0.1785E+03;0.555;1.86;00:44:34.300
236.51;0.917;0.1203E+03;50.007;300;20;0.2169E+03;0.1805E+03;0.555;1.88;00:44:34.400
236.51;0.908;0.1190E+03;50.006;300;20;0.2148E+03;0.1789E+03;0.554;1.88;00:44:34.500
236.50;0.901;0.1182E+03;50.003;300;20;0.2131E+03;0.1774E+03;0.554;1.91;00:44:34.600
236.53;0.918;0.1201E+03;50.002;300;20;0.2170E+03;0.1807E+03;0.554;1.87;00:44:34.700
236.43;0.904;0.1184E+03;50.003;300;20;0.2136E+03;0.1778E+03;0.554;1.87;00:44:34.800
236.45;0.923;0.1211E+03;50.003;300;20;0.2183E+03;0.1816E+03;0.555;1.89;00:44:34.900
236.47;0.887;0.1165E+03;50.002;300;20;0.2098E+03;0.1745E+03;0.555;1.88;00:44:35.000
236.42;0.908;0.1189E+03;50.002;300;20;0.2148E+03;0.1788E+03;0.554;1.89;00:44:35.100
236.41;0.901;0.1180E+03;50.000;300;20;0.2131E+03;0.1774E+03;0.554;1.89;00:44:35.200
236.43;0.911;0.1194E+03;49.998;300;20;0.2154E+03;0.1793E+03;0.554;1.88;00:44:35.300
236.45;0.908;0.1192E+03;49.997;300;20;0.2146E+03;0.1784E+03;0.555;1.89;00:44:35.400
236.43;0.905;0.1186E+03;49.996;300;20;0.2139E+03;0.1781E+03;0.554;1.89;00:44:35.500
236.45;0.900;0.1185E+03;49.998;300;20;0.2129E+03;0.1769E+03;0.556;1.90;00:44:35.600
236.44;0.908;0.1191E+03;49.999;300;20;0.2147E+03;0.1787E+03;0.555;1.85;00:44:35.700
236.46;0.854;0.1126E+03;49.998;300;20;0.2019E+03;0.1676E+03;0.557;1.86;00:44:35.800
236.49;0.755;0.0997E+03;49.997;300;20;0.1785E+03;0.1481E+03;0.558;1.87;00:44:35.900
236.41;0.731;0.0966E+03;49.997;300;20;0.1729E+03;0.1435E+03;0.558;1.87;00:44:36.000
236.42;0.736;0.0970E+03;49.998;300;20;0.1739E+03;0.1443E+03;0.558;1.87;00:44:36.100
236.52;0.740;0.0977E+03;49.998;300;20;0.1750E+03;0.1452E+03;0.558;1.86;00:44:36.200
236.49;0.706;0.0933E+03;49.999;300;20;0.1669E+03;0.1384E+03;0.559;1.88;00:44:36.300
236.49;0.733;0.0968E+03;49.999;300;20;0.1733E+03;0.1437E+03;0.559;1.89;00:44:36.400
236.50;0.717;0.0946E+03;49.999;300;20;0.1695E+03;0.1406E+03;0.558;1.86;00:44:36.500
236.51;0.726;0.0957E+03;49.999;300;20;0.1718E+03;0.1426E+03;0.557;1.86;00:44:36.600
236.49;0.723;0.0954E+03;49.999;300;20;0.1710E+03;0.1419E+03;0.558;1.89;00:44:36.700
236.50;0.730;0.0962E+03;49.998;300;20;0.1725E+03;0.1432E+03;0.558;1.88;00:44:36.800
236.50;0.719;0.0950E+03;49.998;300;20;0.1701E+03;0.1411E+03;0.558;1.89;00:44:36.900
236.52;0.778;0.1023E+03;49.996;300;20;0.1839E+03;0.1529E+03;0.556;1.90;00:44:37.000
236.49;0.901;0.1181E+03;49.994;300;20;0.2131E+03;0.1774E+03;0.554;1.87;00:44:37.100
236.31;0.892;0.1169E+03;49.993;300;20;0.2108E+03;0.1754E+03;0.555;1.89;00:44:37.200
236.34;0.891;0.1170E+03;49.993;300;20;0.2106E+03;0.1751E+03;0.556;1.88;00:44:37.300
236.37;0.896;0.1176E+03;49.993;300;20;0.2118E+03;0.1762E+03;0.555;1.89;00:44:37.400
236.39;0.905;0.1187E+03;49.992;300;20;0.2140E+03;0.1780E+03;0.555;1.88;00:44:37.500
236.46;0.899;0.1180E+03;49.990;300;20;0.2125E+03;0.1768E+03;0.555;1.88;00:44:37.600
236.46;0.903;0.1185E+03;49.988;300;20;0.2136E+03;0.1777E+03;0.555;1.90;00:44:37.700
236.49;0.881;0.1158E+03;49.988;300;20;0.2083E+03;0.1731E+03;0.556;1.91;00:44:37.800
236.44;0.901;0.1182E+03;49.986;300;20;0.2129E+03;0.1771E+03;0.555;1.91;00:44:37.900
236.42;0.884;0.1159E+03;49.986;300;20;0.2089E+03;0.1738E+03;0.555;1.90;00:44:38.000
236.46;0.897;0.1176E+03;49.986;300;20;0.2121E+03;0.1765E+03;0.554;1.89;00:44:38.100
236.49;0.892;0.1174E+03;49.986;300;20;0.2109E+03;0.1752E+03;0.557;1.92;00:44:38.200
236.51;0.904;0.1187E+03;49.984;300;20;0.2138E+03;0.1778E+03;0.555;1.89;00:44:38.300
236.54;0.899;0.1178E+03;49.984;300;20;0.2126E+03;0.1769E+03;0.554;1.90;00:44:38.400
236.56;0.894;0.1172E+03;49.983;300;20;0.2114E+03;0.1759E+03;0.554;1.90;00:44:38.500
236.56;0.905;0.1189E+03;49.983;300;20;0.2141E+03;0.1780E+03;0.555;1.89;00:44:38.600
236.57;0.891;0.1172E+03;49.982;300;20;0.2108E+03;0.1753E+03;0.556;1.90;00:44:38.700
236.58;0.902;0.1186E+03;49.981;300;20;0.2134E+03;0.1774E+03;0.556;1.90;00:44:38.800
236.57;0.893;0.1173E+03;49.981;300;20;0.2112E+03;0.1757E+03;0.555;1.89;00:44:38.900
236.60;0.908;0.1190E+03;49.980;300;20;0.2147E+03;0.1787E+03;0.554;1.89;00:44:39.000
236.57;0.890;0.1169E+03;49.979;300;20;0.2105E+03;0.1751E+03;0.555;1.89;00:44:39.100
236.53;0.911;0.1194E+03;49.979;300;20;0.2154E+03;0.1793E+03;0.554;1.90;00:44:39.200
236.57;0.883;0.1160E+03;49.979;300;20;0.2088E+03;0.1737E+03;0.555;1.89;00:44:39.300
236.56;0.906;0.1187E+03;49.978;300;20;0.2144E+03;0.1786E+03;0.553;1.90;00:44:39.400
236.59;0.905;0.1188E+03;49.978;300;20;0.2142E+03;0.1782E+03;0.555;1.87;00:44:39.500
236.57;0.894;0.1171E+03;49.979;300;20;0.2116E+03;0.1763E+03;0.553;1.86;00:44:39.600
236.61;0.897;0.1178E+03;49.979;300;20;0.2122E+03;0.1765E+03;0.555;1.88;00:44:39.700
236.63;0.894;0.1173E+03;49.979;300;20;0.2116E+03;0.1761E+03;0.554;1.89;00:44:39.800
236.58;0.904;0.1187E+03;49.978;300;20;0.2140E+03;0.1780E+03;0.555;1.88;00:44:39.900
236.55;0.893;0.1170E+03;49.978;300;20;0.2113E+03;0.1759E+03;0.554;1.88;00:44:40.000
236.56;0.905;0.1187E+03;49.978;300;20;0.2140E+03;0.1780E+03;0.555;1.90;00:44:40.100
236.63;0.894;0.1175E+03;49.978;300;20;0.2115E+03;0.1758E+03;0.555;1.90;00:44:40.200
236.59;0.892;0.1172E+03;49.978;300;20;0.2111E+03;0.1756E+03;0.555;1.87;00:44:40.300
236.60;0.889;0.1170E+03;49.977;300;20;0.2104E+03;0.1749E+03;0.556;1.89;00:44:40.400
236.59;0.909;0.1195E+03;49.977;300;20;0.2150E+03;0.1787E+03;0.556;1.88;00:44:40.500
236.58;0.888;0.1168E+03;49.978;300;20;0.2100E+03;0.1746E+03;0.556;1.88;00:44:40.600
236.59;0.901;0.1182E+03;49.977;300;20;0.2131E+03;0.1774E+03;0.555;1.90;00:44:40.700
236.58;0.889;0.1170E+03;49.976;300;20;0.2102E+03;0.1747E+03;0.556;1.87;00:44:40.800
236.60;0.897;0.1179E+03;49.978;300;20;0.2122E+03;0.1765E+03;0.555;1.88;00:44:40.900
236.59;0.899;0.1183E+03;49.977;300;20;0.2128E+03;0.1769E+03;0.556;1.89;00:44:41.000
236.58;0.892;0.1173E+03;49.978;300;20;0.2111E+03;0.1755E+03;0.556;1.89;00:44:41.100
236.56;0.891;0.1170E+03;49.978;300;20;0.2108E+03;0.1754E+03;0.555;1.88;00:44:41.200
236.61;0.789;0.1035E+03;49.979;300;20;0.1867E+03;0.1553E+03;0.555;1.86;00:44:41.300
236.64;0.809;0.1060E+03;49.979;300;20;0.1914E+03;0.1593E+03;0.554;1.86;00:44:41.400
236.62;0.893;0.1171E+03;49.977;300;20;0.2113E+03;0.1759E+03;0.554;1.90;00:44:41.500
236.62;0.909;0.1193E+03;49.977;300;20;0.2152E+03;0.1790E+03;0.555;1.88;00:44:41.600
236.63;0.889;0.1167E+03;49.978;300;20;0.2104E+03;0.1751E+03;0.554;1.87;00:44:41.700
236.61;0.910;0.1193E+03;49.979;300;20;0.2152E+03;0.1791E+03;0.554;1.87;00:44:41.800
236.63;0.906;0.1189E+03;49.979;300;20;0.2144E+03;0.1784E+03;0.554;1.87;00:44:41.900
236.57;0.920;0.1204E+03;49.979;300;20;0.2176E+03;0.1813E+03;0.553;1.89;00:44:42.000
236.62;0.898;0.1179E+03;49.979;300;20;0.2125E+03;0.1768E+03;0.555;1.88;00:44:42.100
236.62;0.906;0.1188E+03;49.980;300;20;0.2145E+03;0.1786E+03;0.554;1.88;00:44:42.200
236.60;0.922;0.1207E+03;49.980;300;20;0.2181E+03;0.1816E+03;0.554;1.87;00:44:42.300
236.62;0.913;0.1198E+03;49.981;300;20;0.2160E+03;0.1798E+03;0.554;1.88;00:44:42.400
236.60;0.905;0.1188E+03;49.982;300;20;0.2141E+03;0.1782E+03;0.555;1.87;00:44:42.500
236.63;0.902;0.1184E+03;49.982;300;20;0.2134E+03;0.1775E+03;0.555;1.87;00:44:42.600
236.61;0.909;0.1190E+03;49.981;300;20;0.2150E+03;0.1791E+03;0.553;1.86;00:44:42.700
236.69;0.907;0.1188E+03;49.982;300;20;0.2146E+03;0.1786E+03;0.554;1.86;00:44:42.800
236.69;0.908;0.1190E+03;49.983;300;20;0.2150E+03;0.1791E+03;0.553;1.87;00:44:42.900
236.67;0.888;0.1167E+03;49.984;300;20;0.2102E+03;0.1749E+03;0.555;1.88;00:44:43.000
236.68;0.906;0.1187E+03;49.984;300;20;0.2143E+03;0.1785E+03;0.554;1.89;00:44:43.100
236.65;0.889;0.1168E+03;49.984;300;20;0.2104E+03;0.1750E+03;0.555;1.88;00:44:43.200
236.66;0.904;0.1187E+03;49.985;300;20;0.2140E+03;0.1781E+03;0.555;1.89;00:44:43.300
236.64;0.909;0.1193E+03;49.986;300;20;0.2152E+03;0.1791E+03;0.554;1.91;00:44:43.400
236.67;0.909;0.1190E+03;49.986;300;20;0.2151E+03;0.1792E+03;0.553;1.90;00:44:43.500
236.67;0.887;0.1163E+03;49.987;300;20;0.2100E+03;0.1748E+03;0.554;1.88;00:44:43.600
236.68;0.909;0.1190E+03;49.989;300;20;0.2151E+03;0.1792E+03;0.553;1.88;00:44:43.700
236.68;0.914;0.1199E+03;49.989;300;20;0.2164E+03;0.1801E+03;0.554;1.88;00:44:43.800
236.66;0.891;0.1169E+03;49.988;300;20;0.2109E+03;0.1756E+03;0.554;1.90;00:44:43.900
236.62;0.905;0.1188E+03;49.988;300;20;0.2142E+03;0.1783E+03;0.555;1.90;00:44:44.000
236.65;0.896;0.1176E+03;49.989;300;20;0.2121E+03;0.1765E+03;0.554;1.88;00:44:44.100
236.71;0.921;0.1210E+03;49.989;300;20;0.2181E+03;0.1814E+03;0.555;1.90;00:44:44.200
236.70;0.901;0.1184E+03;49.988;300;20;0.2133E+03;0.1774E+03;0.555;1.88;00:44:44.300
236.70;0.922;0.1209E+03;49.988;300;20;0.2182E+03;0.1816E+03;0.554;1.91;00:44:44.400
236.72;0.890;0.1168E+03;49.988;300;20;0.2106E+03;0.1753E+03;0.554;1.91;00:44:44.500
236.69;0.910;0.1192E+03;49.988;300;20;0.2155E+03;0.1795E+03;0.553;1.90;00:44:44.600
236.71;0.915;0.1201E+03;49.989;300;20;0.2165E+03;0.1801E+03;0.555;1.89;00:44:44.700
236.70;0.904;0.1183E+03;49.989;300;20;0.2141E+03;0.1784E+03;0.553;1.91;00:44:44.800
236.67;0.902;0.1182E+03;49.990;300;20;0.2135E+03;0.1778E+03;0.554;1.90;00:44:44.900
236.69;0.908;0.1188E+03;49.991;300;20;0.2148E+03;0.1790E+03;0.553;1.91;00:44:45.000
236.64;0.907;0.1187E+03;49.991;300;20;0.2146E+03;0.1788E+03;0.553;1.89;00:44:45.100
236.63;0.910;0.1191E+03;49.991;300;20;0.2152E+03;0.1793E+03;0.553;1.89;00:44:45.200
236.61;0.911;0.1193E+03;49.991;300;20;0.2156E+03;0.1795E+03;0.553;1.91;00:44:45.300
236.62;0.898;0.1177E+03;49.992;300;20;0.2124E+03;0.1768E+03;0.554;1.91;00:44:45.400
236.62;0.922;0.1205E+03;49.993;300;20;0.2182E+03;0.1819E+03;0.552;1.88;00:44:45.500
236.58;0.882;0.1156E+03;49.993;300;20;0.2087E+03;0.1738E+03;0.554;1.88;00:44:45.600
236.59;0.790;0.1038E+03;49.994;300;20;0.1869E+03;0.1554E+03;0.555;1.88;00:44:45.700
236.60;0.750;0.0987E+03;49.995;300;20;0.1775E+03;0.1476E+03;0.556;1.86;00:44:45.800
236.60;0.741;0.0974E+03;49.996;300;20;0.1752E+03;0.1457E+03;0.556;1.88;00:44:45.900
236.53;0.712;0.0936E+03;49.996;300;20;0.1684E+03;0.1400E+03;0.556;1.86;00:44:46.000
236.57;0.728;0.0958E+03;49.997;300;20;0.1722E+03;0.1431E+03;0.557;1.85;00:44:46.100
236.61;0.728;0.0962E+03;49.997;300;20;0.1723E+03;0.1429E+03;0.558;1.88;00:44:46.200
236.59;0.713;0.0940E+03;49.997;300;20;0.1688E+03;0.1402E+03;0.557;1.86;00:44:46.300
236.60;0.721;0.0952E+03;49.997;300;20;0.1707E+03;0.1416E+03;0.558;1.88;00:44:46.400
236.54;0.715;0.0941E+03;49.998;300;20;0.1691E+03;0.1405E+03;0.557;1.85;00:44:46.500
236.53;0.727;0.0958E+03;49.998;300;20;0.1720E+03;0.1429E+03;0.557;1.87;00:44:46.600
236.56;0.721;0.0950E+03;49.999;300;20;0.1705E+03;0.1416E+03;0.557;1.86;00:44:46.700
236.55;0.783;0.1028E+03;49.998;300;20;0.1853E+03;0.1541E+03;0.555;1.88;00:44:46.800
236.55;0.899;0.1179E+03;49.998;300;20;0.2127E+03;0.1770E+03;0.554;1.88;00:44:46.900
236.53;0.897;0.1174E+03;49.997;300;20;0.2121E+03;0.1766E+03;0.554;1.88;00:44:47.000
236.49;0.879;0.1154E+03;49.996;300;20;0.2078E+03;0.1728E+03;0.555;1.89;00:44:47.100
236.46;0.898;0.1175E+03;49.998;300;20;0.2122E+03;0.1767E+03;0.554;1.90;00:44:47.200
236.48;0.879;0.1154E+03;49.998;300;20;0.2079E+03;0.1729E+03;0.555;1.88;00:44:47.300
236.51;0.902;0.1184E+03;49.997;300;20;0.2133E+03;0.1774E+03;0.555;1.90;00:44:47.400
236.52;0.905;0.1188E+03;49.997;300;20;0.2141E+03;0.1781E+03;0.555;1.88;00:44:47.500
236.59;0.910;0.1196E+03;49.997;300;20;0.2153E+03;0.1790E+03;0.556;1.88;00:44:47.600
236.60;0.890;0.1170E+03;49.997;300;20;0.2105E+03;0.1750E+03;0.556;1.90;00:44:47.700
236.61;0.903;0.1186E+03;49.998;300;20;0.2137E+03;0.1778E+03;0.555;1.90;00:44:47.800
236.65;0.901;0.1183E+03;49.998;300;20;0.2132E+03;0.1774E+03;0.555;1.88;00:44:47.900
236.53;0.901;0.1182E+03;50.000;300;20;0.2131E+03;0.1773E+03;0.555;1.88;00:44:48.000
236.59;0.902;0.1186E+03;50.000;300;20;0.2135E+03;0.1775E+03;0.555;1.90;00:44:48.100
236.60;0.879;0.1157E+03;50.000;300;20;0.2081E+03;0.1729E+03;0.556;1.89;00:44:48.200
236.56;0.901;0.1183E+03;50.000;300;20;0.2132E+03;0.1774E+03;0.555;1.90;00:44:48.300
236.62;0.892;0.1171E+03;50.000;300;20;0.2109E+03;0.1755E+03;0.555;1.88;00:44:48.400
236.61;0.910;0.1194E+03;50.001;300;20;0.2154E+03;0.1793E+03;0.554;1.87;00:44:48.500
236.66;0.888;0.1167E+03;50.001;300;20;0.2102E+03;0.1748E+03;0.555;1.89;00:44:48.600
236.64;0.886;0.1164E+03;50.000;300;20;0.2096E+03;0.1743E+03;0.555;1.89;00:44:48.700
236.62;0.896;0.1178E+03;50.000;300;20;0.2121E+03;0.1763E+03;0.555;1.90;00:44:48.800
236.62;0.898;0.1176E+03;50.000;300;20;0.2126E+03;0.1770E+03;0.553;1.89;00:44:48.900
236.63;0.900;0.1181E+03;49.999;300;20;0.2131E+03;0.1773E+03;0.554;1.88;00:44:49.000
236.62;0.887;0.1164E+03;50.000;300;20;0.2099E+03;0.1747E+03;0.554;1.89;00:44:49.100
236.62;0.891;0.1172E+03;50.000;300;20;0.2109E+03;0.1753E+03;0.556;1.89;00:44:49.200
236.62;0.895;0.1175E+03;50.000;300;20;0.2118E+03;0.1762E+03;0.555;1.89;00:44:49.300
236.63;0.904;0.1188E+03;50.002;300;20;0.2140E+03;0.1780E+03;0.555;1.90;00:44:49.400
236.64;0.886;0.1163E+03;50.001;300;20;0.2096E+03;0.1744E+03;0.555;1.90;00:44:49.500
236.64;0.896;0.1177E+03;50.002;300;20;0.2121E+03;0.1764E+03;0.555;1.92;00:44:49.600
236.62;0.889;0.1168E+03;50.002;300;20;0.2105E+03;0.1751E+03;0.555;1.91;00:44:49.700
236.69;0.907;0.1192E+03;50.002;300;20;0.2148E+03;0.1786E+03;0.555;1.90;00:44:49.800
236.72;0.894;0.1178E+03;50.002;300;20;0.2115E+03;0.1757E+03;0.557;1.91;00:44:49.900
236.59;0.899;0.1176E+03;50.003;300;20;0.2128E+03;0.1773E+03;0.553;1.92;00:44:50.000
236.64;0.889;0.1166E+03;50.002;300;20;0.2103E+03;0.1751E+03;0.554;1.90;00:44:50.100
236.68;0.906;0.1187E+03;50.003;300;20;0.2143E+03;0.1785E+03;0.554;1.91;00:44:50.200
236.66;0.898;0.1179E+03;50.002;300;20;0.2125E+03;0.1768E+03;0.555;1.91;00:44:50.300
236.65;0.910;0.1195E+03;50.000;300;20;0.2153E+03;0.1790E+03;0.555;1.91;00:44:50.400
236.69;0.905;0.1190E+03;50.000;300;20;0.2142E+03;0.1781E+03;0.556;1.90;00:44:50.500
236.64;0.885;0.1163E+03;50.000;300;20;0.2095E+03;0.1743E+03;0.555;1.89;00:44:50.600
236.60;0.914;0.1199E+03;50.000;300;20;0.2164E+03;0.1801E+03;0.554;1.87;00:44:50.700
236.62;0.898;0.1178E+03;50.000;300;20;0.2126E+03;0.1770E+03;0.554;1.90;00:44:50.800
236.63;0.906;0.1190E+03;50.000;300;20;0.2144E+03;0.1784E+03;0.555;1.89;00:44:50.900
236.65;0.890;0.1169E+03;49.999;300;20;0.2106E+03;0.1752E+03;0.555;1.88;00:44:51.000
236.63;0.892;0.1170E+03;49.998;300;20;0.2112E+03;0.1758E+03;0.554;1.88;00:44:51.100
236.60;0.831;0.1089E+03;49.997;300;20;0.1966E+03;0.1636E+03;0.554;1.88;00:44:51.200
236.59;0.906;0.1190E+03;49.997;300;20;0.2144E+03;0.1783E+03;0.555;1.90;00:44:51.300
236.60;0.894;0.1176E+03;49.998;300;20;0.2115E+03;0.1759E+03;0.556;1.91;00:44:51.400
236.62;0.903;0.1183E+03;49.998;300;20;0.2136E+03;0.1779E+03;0.554;1.90;00:44:51.500
236.58;0.900;0.1182E+03;49.996;300;20;0.2130E+03;0.1772E+03;0.555;1.90;00:44:51.600
236.60;0.907;0.1189E+03;49.996;300;20;0.2146E+03;0.1786E+03;0.554;1.89;00:44:51.700
236.60;0.917;0.1204E+03;49.995;300;20;0.2169E+03;0.1804E+03;0.555;1.89;00:44:51.800
236.60;0.894;0.1176E+03;49.995;300;20;0.2116E+03;0.1759E+03;0.556;1.92;00:44:51.900
236.52;0.908;0.1191E+03;49.995;300;20;0.2147E+03;0.1787E+03;0.554;1.91;00:44:52.000
236.60;0.907;0.1191E+03;49.996;300;20;0.2146E+03;0.1785E+03;0.555;1.91;00:44:52.100
236.65;0.917;0.1203E+03;49.996;300;20;0.2170E+03;0.1806E+03;0.555;1.89;00:44:52.200
236.61;0.896;0.1175E+03;49.995;300;20;0.2119E+03;0.1763E+03;0.555;1.90;00:44:52.300
236.62;0.914;0.1198E+03;49.996;300;20;0.2164E+03;0.1802E+03;0.554;1.91;00:44:52.400
236.59;0.890;0.1168E+03;49.995;300;20;0.2105E+03;0.1752E+03;0.555;1.89;00:44:52.500
236.59;0.909;0.1192E+03;49.996;300;20;0.2150E+03;0.1789E+03;0.554;1.89;00:44:52.600
236.59;0.905;0.1188E+03;49.995;300;20;0.2141E+03;0.1781E+03;0.555;1.89;00:44:52.700
236.59;0.918;0.1205E+03;49.995;300;20;0.2171E+03;0.1806E+03;0.555;1.89;00:44:52.800
236.62;0.892;0.1174E+03;49.995;300;20;0.2111E+03;0.1755E+03;0.556;1.91;00:44:52.900
236.59;0.899;0.1181E+03;49.994;300;20;0.2128E+03;0.1770E+03;0.555;1.90;00:44:53.000
236.58;0.910;0.1197E+03;49.993;300;20;0.2153E+03;0.1790E+03;0.556;1.89;00:44:53.100
236.62;0.913;0.1199E+03;49.993;300;20;0.2159E+03;0.1796E+03;0.555;1.92;00:44:53.200
236.57;0.910;0.1195E+03;49.994;300;20;0.2152E+03;0.1790E+03;0.555;1.92;00:44:53.300
236.62;0.899;0.1181E+03;49.992;300;20;0.2126E+03;0.1768E+03;0.556;1.91;00:44:53.400
236.63;0.910;0.1194E+03;49.993;300;20;0.2153E+03;0.1792E+03;0.555;1.91;00:44:53.500
236.63;0.904;0.1188E+03;49.993;300;20;0.2140E+03;0.1779E+03;0.555;1.89;00:44:53.600
236.63;0.906;0.1192E+03;49.994;300;20;0.2143E+03;0.1781E+03;0.556;1.91;00:44:53.700
236.61;0.894;0.1179E+03;49.995;300;20;0.2116E+03;0.1758E+03;0.557;1.93;00:44:53.800
236.61;0.902;0.1185E+03;49.994;300;20;0.2135E+03;0.1776E+03;0.555;1.91;00:44:53.900
236.51;0.890;0.1170E+03;49.994;300;20;0.2105E+03;0.1750E+03;0.556;1.92;00:44:54.000
236.58;0.909;0.1194E+03;49.995;300;20;0.2150E+03;0.1788E+03;0.555;1.90;00:44:54.100
236.61;0.910;0.1197E+03;49.996;300;20;0.2152E+03;0.1789E+03;0.556;1.91;00:44:54.200
236.61;0.900;0.1182E+03;49.996;300;20;0.2130E+03;0.1772E+03;0.555;1.90;00:44:54.300
236.62;0.904;0.1188E+03;49.997;300;20;0.2140E+03;0.1780E+03;0.555;1.91;00:44:54.400
236.61;0.911;0.1193E+03;49.997;300;20;0.2155E+03;0.1794E+03;0.554;1.90;00:44:54.500
236.60;0.916;0.1202E+03;49.996;300;20;0.2167E+03;0.1803E+03;0.555;1.90;00:44:54.600
236.61;0.895;0.1175E+03;49.996;300;20;0.2117E+03;0.1761E+03;0.555;1.91;00:44:54.700
236.63;0.908;0.1194E+03;49.996;300;20;0.2148E+03;0.1786E+03;0.556;1.91;00:44:54.800
236.61;0.887;0.1167E+03;49.997;300;20;0.2100E+03;0.1745E+03;0.556;1.90;00:44:54.900
236.60;0.903;0.1186E+03;49.997;300;20;0.2136E+03;0.1776E+03;0.555;1.92;00:44:55.000
236.59;0.906;0.1190E+03;49.997;300;20;0.2142E+03;0.1782E+03;0.555;1.91;00:44:55.100
236.57;0.930;0.1222E+03;49.997;300;20;0.2199E+03;0.1829E+03;0.556;1.91;00:44:55.200
236.47;0.874;0.1148E+03;49.998;300;20;0.2066E+03;0.1718E+03;0.556;1.92;00:44:55.300
236.48;0.918;0.1205E+03;49.997;300;20;0.2170E+03;0.1805E+03;0.555;1.90;00:44:55.400
236.53;0.878;0.1155E+03;49.997;300;20;0.2077E+03;0.1726E+03;0.556;1.91;00:44:55.500
236.55;0.756;0.0996E+03;49.998;300;20;0.1788E+03;0.1485E+03;0.557;1.93;00:44:55.600
236.52;0.735;0.0970E+03;49.998;300;20;0.1739E+03;0.1443E+03;0.558;1.91;00:44:55.700
236.51;0.725;0.0956E+03;49.998;300;20;0.1716E+03;0.1425E+03;0.557;1.91;00:44:55.800
236.54;0.737;0.0972E+03;49.997;300;20;0.1742E+03;0.1446E+03;0.558;1.90;00:44:55.900
236.50;0.728;0.0958E+03;49.998;300;20;0.1721E+03;0.1430E+03;0.557;1.90;00:44:56.000
236.52;0.724;0.0953E+03;49.999;300;20;0.1712E+03;0.1422E+03;0.557;1.91;00:44:56.100
236.62;0.730;0.0964E+03;49.998;300;20;0.1726E+03;0.1432E+03;0.558;1.92;00:44:56.200
236.65;0.732;0.0965E+03;49.999;300;20;0.1732E+03;0.1438E+03;0.557;1.91;00:44:56.300
236.59;0.726;0.0956E+03;50.000;300;20;0.1717E+03;0.1426E+03;0.557;1.91;00:44:56.400
236.62;0.734;0.0966E+03;50.001;300;20;0.1738E+03;0.1444E+03;0.556;1.92;00:44:56.500
236.60;0.719;0.0948E+03;50.001;300;20;0.1702E+03;0.1414E+03;0.557;1.92;00:44:56.600
236.60;0.850;0.1113E+03;50.001;300;20;0.2011E+03;0.1675E+03;0.554;1.93;00:44:56.700
236.61;0.890;0.1165E+03;50.002;300;20;0.2105E+03;0.1753E+03;0.554;1.92;00:44:56.800
236.60;0.888;0.1163E+03;50.003;300;20;0.2102E+03;0.1751E+03;0.553;1.90;00:44:56.900
236.61;0.899;0.1180E+03;50.004;300;20;0.2128E+03;0.1771E+03;0.555;1.92;00:44:57.000
236.54;0.886;0.1159E+03;50.004;300;20;0.2095E+03;0.1745E+03;0.553;1.91;00:44:57.100
236.54;0.893;0.1171E+03;50.006;300;20;0.2112E+03;0.1758E+03;0.555;1.92;00:44:57.200
236.56;0.895;0.1173E+03;50.006;300;20;0.2118E+03;0.1763E+03;0.554;1.91;00:44:57.300
236.57;0.903;0.1185E+03;50.005;300;20;0.2137E+03;0.1779E+03;0.554;1.92;00:44:57.400
236.59;0.898;0.1176E+03;50.006;300;20;0.2124E+03;0.1769E+03;0.554;1.90;00:44:57.500
236.56;0.905;0.1187E+03;50.008;300;20;0.2141E+03;0.1782E+03;0.555;1.90;00:44:57.600
236.62;0.889;0.1169E+03;50.009;300;20;0.2104E+03;0.1750E+03;0.555;1.90;00:44:57.700
236.62;0.902;0.1183E+03;50.009;300;20;0.2135E+03;0.1777E+03;0.554;1.88;00:44:57.800
236.60;0.889;0.1168E+03;50.009;300;20;0.2104E+03;0.1750E+03;0.555;1.88;00:44:57.900
236.58;0.910;0.1189E+03;50.010;300;20;0.2153E+03;0.1795E+03;0.552;1.90;00:44:58.000
236.56;0.882;0.1154E+03;50.010;300;20;0.2086E+03;0.1737E+03;0.553;1.87;00:44:58.100
236.63;0.912;0.1193E+03;50.009;300;20;0.2158E+03;0.1798E+03;0.553;1.89;00:44:58.200
236.58;0.899;0.1178E+03;50.010;300;20;0.2128E+03;0.1772E+03;0.554;1.85;00:44:58.300
236.60;0.910;0.1192E+03;50.012;300;20;0.2154E+03;0.1794E+03;0.553;1.88;00:44:58.400
236.61;0.896;0.1173E+03;50.012;300;20;0.2120E+03;0.1766E+03;0.553;1.88;00:44:58.500
236.60;0.891;0.1167E+03;50.011;300;20;0.2108E+03;0.1755E+03;0.554;1.87;00:44:58.600
236.63;0.911;0.1195E+03;50.012;300;20;0.2155E+03;0.1794E+03;0.554;1.87;00:44:58.700
236.60;0.894;0.1171E+03;50.012;300;20;0.2116E+03;0.1763E+03;0.553;1.86;00:44:58.800
236.61;0.909;0.1191E+03;50.012;300;20;0.2151E+03;0.1791E+03;0.554;1.89;00:44:58.900
236.61;0.888;0.1163E+03;50.011;300;20;0.2100E+03;0.1748E+03;0.554;1.89;00:44:59.000
236.59;0.901;0.1177E+03;50.011;300;20;0.2132E+03;0.1777E+03;0.552;1.87;00:44:59.100
236.56;0.884;0.1158E+03;50.012;300;20;0.2092E+03;0.1742E+03;0.553;1.87;00:44:59.200
236.54;0.899;0.1178E+03;50.012;300;20;0.2127E+03;0.1772E+03;0.554;1.89;00:44:59.300
236.59;0.888;0.1168E+03;50.011;300;20;0.2102E+03;0.1747E+03;0.556;1.90;00:44:59.400
236.56;0.896;0.1175E+03;50.012;300;20;0.2119E+03;0.1764E+03;0.554;1.92;00:44:59.500
236.60;0.890;0.1169E+03;50.013;300;20;0.2105E+03;0.1750E+03;0.555;1.91;00:44:59.600
236.57;0.896;0.1176E+03;50.012;300;20;0.2120E+03;0.1764E+03;0.555;1.89;00:44:59.700
236.59;0.907;0.1191E+03;50.012;300;20;0.2147E+03;0.1786E+03;0.555;1.91;00:44:59.800
236.59;0.886;0.1164E+03;50.012;300;20;0.2096E+03;0.1743E+03;0.555;1.89;00:44:59.900
236.53;0.893;0.1174E+03;50.014;300;20;0.2113E+03;0.1756E+03;0.556;1.87;00:45:00.000
236.54;0.889;0.1168E+03;50.016;300;20;0.2103E+03;0.1749E+03;0.555;1.87;00:45:00.100
236.58;0.911;0.1197E+03;50.017;300;20;0.2156E+03;0.1793E+03;0.555;1.85;00:45:00.200
236.58;0.888;0.1170E+03;50.017;300;20;0.2102E+03;0.1746E+03;0.557;1.86;00:45:00.300
236.59;0.902;0.1186E+03;50.018;300;20;0.2135E+03;0.1775E+03;0.555;1.87;00:45:00.400
236.62;0.885;0.1165E+03;50.019;300;20;0.2095E+03;0.1741E+03;0.556;1.88;00:45:00.500
236.63;0.903;0.1187E+03;50.019;300;20;0.2136E+03;0.1776E+03;0.555;1.88;00:45:00.600
236.61;0.893;0.1175E+03;50.019;300;20;0.2114E+03;0.1757E+03;0.556;1.87;00:45:00.700
236.59;0.910;0.1194E+03;50.019;300;20;0.2153E+03;0.1792E+03;0.554;1.90;00:45:00.800
236.55;0.857;0.1125E+03;50.019;300;20;0.2027E+03;0.1687E+03;0.555;1.89;00:45:00.900
236.59;0.765;0.1008E+03;50.020;300;20;0.1810E+03;0.1504E+03;0.557;1.87;00:45:01.000
236.56;0.904;0.1185E+03;50.019;300;20;0.2139E+03;0.1781E+03;0.554;1.87;00:45:01.100
236.55;0.894;0.1173E+03;50.018;300;20;0.2115E+03;0.1759E+03;0.555;1.90;00:45:01.200
236.52;0.903;0.1188E+03;50.019;300;20;0.2136E+03;0.1775E+03;0.556;1.91;00:45:01.300
236.53;0.898;0.1182E+03;50.018;300;20;0.2125E+03;0.1766E+03;0.556;1.91;00:45:01.400
236.53;0.913;0.1200E+03;50.018;300;20;0.2160E+03;0.1797E+03;0.555;1.92;00:45:01.500
236.55;0.919;0.1208E+03;50.019;300;20;0.2175E+03;0.1809E+03;0.555;1.90;00:45:01.600
236.55;0.909;0.1196E+03;50.020;300;20;0.2150E+03;0.1787E+03;0.556;1.92;00:45:01.700
236.57;0.901;0.1187E+03;50.019;300;20;0.2132E+03;0.1771E+03;0.557;1.91;00:45:01.800
236.54;0.902;0.1186E+03;50.019;300;20;0.2133E+03;0.1773E+03;0.556;1.91;00:45:01.900
236.55;0.894;0.1177E+03;50.020;300;20;0.2114E+03;0.1756E+03;0.557;1.91;00:45:02.000
236.53;0.895;0.1176E+03;50.020;300;20;0.2117E+03;0.1760E+03;0.555;1.90;00:45:02.100
236.59;0.908;0.1197E+03;50.021;300;20;0.2148E+03;0.1784E+03;0.557;1.92;00:45:02.200
236.58;0.908;0.1192E+03;50.020;300;20;0.2147E+03;0.1787E+03;0.555;1.91;00:45:02.300
236.54;0.900;0.1183E+03;50.020;300;20;0.2128E+03;0.1769E+03;0.556;1.91;00:45:02.400
236.55;0.901;0.1181E+03;50.018;300;20;0.2131E+03;0.1774E+03;0.554;1.89;00:45:02.500
236.56;0.915;0.1203E+03;50.018;300;20;0.2165E+03;0.1800E+03;0.556;1.92;00:45:02.600
236.55;0.899;0.1181E+03;50.018;300;20;0.2126E+03;0.1768E+03;0.556;1.92;00:45:02.700
236.59;0.906;0.1189E+03;50.019;300;20;0.2143E+03;0.1783E+03;0.555;1.91;00:45:02.800
236.56;0.897;0.1177E+03;50.020;300;20;0.2123E+03;0.1766E+03;0.555;1.89;00:45:02.900
236.62;0.926;0.1216E+03;50.020;300;20;0.2191E+03;0.1822E+03;0.555;1.91;00:45:03.000
236.60;0.896;0.1179E+03;50.019;300;20;0.2120E+03;0.1761E+03;0.556;1.89;00:45:03.100
236.62;0.913;0.1202E+03;50.019;300;20;0.2161E+03;0.1796E+03;0.556;1.92;00:45:03.200
236.64;0.889;0.1170E+03;50.020;300;20;0.2105E+03;0.1750E+03;0.556;1.90;00:45:03.300
236.62;0.911;0.1196E+03;50.020;300;20;0.2156E+03;0.1794E+03;0.555;1.91;00:45:03.400
236.65;0.913;0.1199E+03;50.021;300;20;0.2161E+03;0.1798E+03;0.555;1.91;00:45:03.500
236.61;0.905;0.1191E+03;50.020;300;20;0.2142E+03;0.1780E+03;0.556;1.92;00:45:03.600
236.64;0.889;0.1173E+03;50.019;300;20;0.2104E+03;0.1747E+03;0.557;1.93;00:45:03.700
236.61;0.897;0.1181E+03;50.018;300;20;0.2123E+03;0.1764E+03;0.556;1.93;00:45:03.800
236.61;0.919;0.1211E+03;50.018;300;20;0.2176E+03;0.1808E+03;0.557;1.92;00:45:03.900
236.55;0.905;0.1189E+03;50.018;300;20;0.2141E+03;0.1780E+03;0.556;1.92;00:45:04.000
236.55;0.910;0.1196E+03;50.018;300;20;0.2152E+03;0.1789E+03;0.556;1.92;00:45:04.100
236.67;0.904;0.1192E+03;50.017;300;20;0.2140E+03;0.1777E+03;0.557;1.94;00:45:04.200
236.64;0.906;0.1192E+03;50.018;300;20;0.2145E+03;0.1783E+03;0.556;1.92;00:45:04.300
236.67;0.907;0.1193E+03;50.018;300;20;0.2148E+03;0.1786E+03;0.556;1.91;00:45:04.400
236.65;0.905;0.1190E+03;50.018;300;20;0.2141E+03;0.1780E+03;0.556;1.93;00:45:04.500
236.67;0.898;0.1183E+03;50.018;300;20;0.2125E+03;0.1765E+03;0.557;1.95;00:45:04.600
236.71;0.912;0.1198E+03;50.016;300;20;0.2158E+03;0.1795E+03;0.555;1.94;00:45:04.700
236.69;0.899;0.1183E+03;50.016;300;20;0.2127E+03;0.1767E+03;0.556;1.93;00:45:04.800
236.69;0.911;0.1198E+03;50.016;300;20;0.2156E+03;0.1793E+03;0.556;1.94;00:45:04.900
236.68;0.911;0.1198E+03;50.016;300;20;0.2155E+03;0.1791E+03;0.556;1.92;00:45:05.000
236.67;0.905;0.1188E+03;50.015;300;20;0.2143E+03;0.1783E+03;0.555;1.93;00:45:05.100
236.61;0.905;0.1190E+03;50.015;300;20;0.2141E+03;0.1780E+03;0.556;1.93;00:45:05.200
236.61;0.803;0.1056E+03;50.013;300;20;0.1900E+03;0.1580E+03;0.556;1.91;00:45:05.300
236.62;0.760;0.1003E+03;50.012;300;20;0.1798E+03;0.1493E+03;0.558;1.90;00:45:05.400
236.63;0.733;0.0969E+03;50.013;300;20;0.1736E+03;0.1440E+03;0.558;1.88;00:45:05.500
236.60;0.734;0.0970E+03;50.014;300;20;0.1736E+03;0.1440E+03;0.559;1.87;00:45:05.600
236.66;0.724;0.0957E+03;50.015;300;20;0.1713E+03;0.1421E+03;0.558;1.89;00:45:05.700
236.67;0.735;0.0969E+03;50.015;300;20;0.1739E+03;0.1444E+03;0.557;1.89;00:45:05.800
236.60;0.711;0.0938E+03;50.014;300;20;0.1682E+03;0.1396E+03;0.558;1.88;00:45:05.900
236.56;0.731;0.0962E+03;50.015;300;20;0.1729E+03;0.1437E+03;0.556;1.87;00:45:06.000
236.58;0.714;0.0943E+03;50.015;300;20;0.1689E+03;0.1401E+03;0.558;1.86;00:45:06.100
236.66;0.730;0.0966E+03;50.013;300;20;0.1729E+03;0.1434E+03;0.559;1.88;00:45:06.200
236.60;0.722;0.0953E+03;50.014;300;20;0.1709E+03;0.1419E+03;0.558;1.86;00:45:06.300
236.60;0.790;0.1037E+03;50.014;300;20;0.1869E+03;0.1555E+03;0.555;1.88;00:45:06.400
236.58;0.913;0.1197E+03;50.014;300;20;0.2159E+03;0.1797E+03;0.554;1.88;00:45:06.500
236.61;0.892;0.1171E+03;50.013;300;20;0.2110E+03;0.1755E+03;0.555;1.88;00:45:06.600
236.60;0.900;0.1182E+03;50.012;300;20;0.2130E+03;0.1772E+03;0.555;1.86;00:45:06.700
236.63;0.904;0.1185E+03;50.012;300;20;0.2140E+03;0.1781E+03;0.554;1.88;00:45:06.800
236.59;0.902;0.1182E+03;50.012;300;20;0.2133E+03;0.1775E+03;0.554;1.88;00:45:06.900
236.58;0.885;0.1159E+03;50.011;300;20;0.2093E+03;0.1742E+03;0.554;1.89;00:45:07.000
236.58;0.899;0.1177E+03;50.011;300;20;0.2127E+03;0.1772E+03;0.553;1.90;00:45:07.100
236.57;0.890;0.1167E+03;50.012;300;20;0.2105E+03;0.1752E+03;0.554;1.89;00:45:07.200
236.59;0.904;0.1185E+03;50.011;300;20;0.2139E+03;0.1781E+03;0.554;1.89;00:45:07.300
236.63;0.897;0.1179E+03;50.012;300;20;0.2123E+03;0.1766E+03;0.555;1.90;00:45:07.400
236.58;0.891;0.1169E+03;50.012;300;20;0.2107E+03;0.1753E+03;0.555;1.90;00:45:07.500
236.56;0.886;0.1162E+03;50.012;300;20;0.2095E+03;0.1743E+03;0.555;1.89;00:45:07.600
236.58;0.904;0.1184E+03;50.011;300;20;0.2139E+03;0.1782E+03;0.554;1.88;00:45:07.700
236.59;0.901;0.1182E+03;50.010;300;20;0.2131E+03;0.1774E+03;0.555;1.90;00:45:07.800
236.57;0.886;0.1163E+03;50.010;300;20;0.2095E+03;0.1743E+03;0.555;1.90;00:45:07.900
236.62;0.894;0.1174E+03;50.011;300;20;0.2114E+03;0.1759E+03;0.555;1.91;00:45:08.000
236.61;0.894;0.1173E+03;50.011;300;20;0.2116E+03;0.1761E+03;0.554;1.89;00:45:08.100
236.63;0.914;0.1200E+03;50.010;300;20;0.2163E+03;0.1799E+03;0.555;1.90;00:45:08.200
236.65;0.885;0.1163E+03;50.010;300;20;0.2094E+03;0.1741E+03;0.555;1.90;00:45:08.300
236.65;0.910;0.1195E+03;50.009;300;20;0.2154E+03;0.1792E+03;0.555;1.89;00:45:08.400
236.65;0.882;0.1158E+03;50.009;300;20;0.2087E+03;0.1736E+03;0.555;1.89;00:45:08.500
236.63;0.902;0.1184E+03;50.009;300;20;0.2134E+03;0.1776E+03;0.555;1.90;00:45:08.600
236.66;0.903;0.1187E+03;50.009;300;20;0.2137E+03;0.1777E+03;0.555;1.90;00:45:08.700
236.66;0.903;0.1185E+03;50.010;300;20;0.2138E+03;0.1779E+03;0.555;1.90;00:45:08.800
236.66;0.890;0.1169E+03;50.009;300;20;0.2105E+03;0.1751E+03;0.555;1.91;00:45:08.900
236.70;0.900;0.1182E+03;50.007;300;20;0.2131E+03;0.1773E+03;0.555;1.94;00:45:09.000
236.64;0.894;0.1174E+03;50.006;300;20;0.2115E+03;0.1759E+03;0.555;1.91;00:45:09.100
236.59;0.902;0.1182E+03;50.007;300;20;0.2133E+03;0.1775E+03;0.554;1.93;00:45:09.200
236.63;0.898;0.1181E+03;50.007;300;20;0.2126E+03;0.1767E+03;0.556;1.92;00:45:09.300
236.69;0.901;0.1183E+03;50.007;300;20;0.2133E+03;0.1775E+03;0.555;1.92;00:45:09.400
236.67;0.901;0.1181E+03;50.007;300;20;0.2132E+03;0.1774E+03;0.554;1.91;00:45:09.500
236.68;0.898;0.1181E+03;50.006;300;20;0.2125E+03;0.1766E+03;0.556;1.91;00:45:09.600
236.68;0.901;0.1184E+03;50.006;300;20;0.2132E+03;0.1773E+03;0.555;1.92;00:45:09.700
236.67;0.878;0.1158E+03;50.005;300;20;0.2079E+03;0.1727E+03;0.557;1.93;00:45:09.800
236.67;0.899;0.1183E+03;50.006;300;20;0.2128E+03;0.1768E+03;0.556;1.93;00:45:09.900
236.67;0.885;0.1165E+03;50.007;300;20;0.2095E+03;0.1741E+03;0.556;1.92;00:45:10.000
236.66;0.901;0.1184E+03;50.006;300;20;0.2132E+03;0.1773E+03;0.555;1.92;00:45:10.100
236.73;0.898;0.1184E+03;50.005;300;20;0.2127E+03;0.1767E+03;0.557;1.93;00:45:10.200
236.69;0.893;0.1174E+03;50.005;300;20;0.2114E+03;0.1758E+03;0.555;1.93;00:45:10.300
236.70;0.893;0.1177E+03;50.003;300;20;0.2115E+03;0.1757E+03;0.556;1.92;00:45:10.400
236.67;0.896;0.1178E+03;50.003;300;20;0.2122E+03;0.1764E+03;0.555;1.90;00:45:10.500
236.67;0.916;0.1204E+03;50.002;300;20;0.2169E+03;0.1804E+03;0.555;1.92;00:45:10.600
236.72;0.888;0.1169E+03;50.001;300;20;0.2102E+03;0.1747E+03;0.556;1.92;00:45:10.700
236.69;0.865;0.1135E+03;50.001;300;20;0.2047E+03;0.1704E+03;0.554;1.91;00:45:10.800
236.65;0.889;0.1170E+03;50.000;300;20;0.2103E+03;0.1748E+03;0.556;1.90;00:45:10.900
236.65;0.900;0.1184E+03;49.999;300;20;0.2131E+03;0.1772E+03;0.556;1.92;00:45:11.000
236.61;0.884;0.1163E+03;49.999;300;20;0.2093E+03;0.1740E+03;0.556;1.93;00:45:11.100
236.60;0.918;0.1206E+03;49.999;300;20;0.2171E+03;0.1806E+03;0.555;1.94;00:45:11.200
236.61;0.888;0.1168E+03;49.999;300;20;0.2102E+03;0.1747E+03;0.556;1.93;00:45:11.300
236.63;0.924;0.1213E+03;50.000;300;20;0.2187E+03;0.1819E+03;0.555;1.94;00:45:11.400
236.61;0.915;0.1201E+03;49.999;300;20;0.2165E+03;0.1802E+03;0.555;1.91;00:45:11.500
236.63;0.908;0.1194E+03;49.998;300;20;0.2148E+03;0.1786E+03;0.556;1.92;00:45:11.600
236.64;0.906;0.1193E+03;49.999;300;20;0.2144E+03;0.1781E+03;0.556;1.92;00:45:11.700
236.66;0.910;0.1196E+03;49.999;300;20;0.2153E+03;0.1790E+03;0.555;1.91;00:45:11.800
236.67;0.909;0.1195E+03;49.999;300;20;0.2151E+03;0.1788E+03;0.556;1.91;00:45:11.900
236.64;0.909;0.1191E+03;50.000;300;20;0.2151E+03;0.1791E+03;0.554;1.93;00:45:12.000
236.64;0.906;0.1191E+03;49.999;300;20;0.2145E+03;0.1784E+03;0.555;1.93;00:45:12.100
236.68;0.898;0.1180E+03;49.999;300;20;0.2126E+03;0.1768E+03;0.555;1.96;00:45:12.200
236.66;0.915;0.1199E+03;49.998;300;20;0.2165E+03;0.1803E+03;0.554;1.94;00:45:12.300
236.66;0.906;0.1188E+03;49.997;300;20;0.2145E+03;0.1785E+03;0.554;1.93;00:45:12.400
236.69;0.916;0.1203E+03;49.998;300;20;0.2168E+03;0.1804E+03;0.555;1.93;00:45:12.500
236.69;0.897;0.1180E+03;49.998;300;20;0.2122E+03;0.1764E+03;0.556;1.94;00:45:12.600
236.68;0.910;0.1195E+03;49.997;300;20;0.2153E+03;0.1792E+03;0.555;1.93;00:45:12.700
236.70;0.900;0.1184E+03;49.996;300;20;0.2131E+03;0.1772E+03;0.556;1.91;00:45:12.800
236.69;0.910;0.1195E+03;49.995;300;20;0.2155E+03;0.1793E+03;0.555;1.92;00:45:12.900
236.71;0.908;0.1194E+03;49.994;300;20;0.2149E+03;0.1786E+03;0.556;1.94;00:45:13.000
236.69;0.894;0.1174E+03;49.995;300;20;0.2117E+03;0.1762E+03;0.555;1.93;00:45:13.100
236.69;0.904;0.1187E+03;49.996;300;20;0.2139E+03;0.1779E+03;0.555;1.95;00:45:13.200
236.74;0.910;0.1196E+03;49.996;300;20;0.2155E+03;0.1793E+03;0.555;1.92;00:45:13.300
236.73;0.914;0.1201E+03;49.998;300;20;0.2164E+03;0.1800E+03;0.555;1.93;00:45:13.400
236.71;0.893;0.1173E+03;49.997;300;20;0.2113E+03;0.1758E+03;0.555;1.93;00:45:13.500
236.69;0.913;0.1197E+03;49.997;300;20;0.2161E+03;0.1800E+03;0.554;1.95;00:45:13.600
236.70;0.905;0.1186E+03;49.998;300;20;0.2141E+03;0.1783E+03;0.554;1.94;00:45:13.700
236.72;0.913;0.1198E+03;49.998;300;20;0.2162E+03;0.1800E+03;0.554;1.93;00:45:13.800
236.71;0.902;0.1186E+03;49.999;300;20;0.2136E+03;0.1777E+03;0.555;1.93;00:45:13.900
236.66;0.916;0.1201E+03;49.999;300;20;0.2167E+03;0.1804E+03;0.554;1.94;00:45:14.000
236.69;0.890;0.1170E+03;49.998;300;20;0.2106E+03;0.1751E+03;0.556;1.94;00:45:14.100
236.72;0.911;0.1198E+03;49.996;300;20;0.2158E+03;0.1795E+03;0.555;1.96;00:45:14.200
236.72;0.910;0.1195E+03;49.996;300;20;0.2153E+03;0.1791E+03;0.555;1.94;00:45:14.300
236.68;0.915;0.1203E+03;49.996;300;20;0.2167E+03;0.1802E+03;0.555;1.95;00:45:14.400
236.68;0.902;0.1186E+03;49.996;300;20;0.2135E+03;0.1775E+03;0.556;1.95;00:45:14.500
236.69;0.904;0.1187E+03;49.995;300;20;0.2140E+03;0.1781E+03;0.555;1.95;00:45:14.600
236.69;0.918;0.1206E+03;49.995;300;20;0.2172E+03;0.1807E+03;0.555;1.93;00:45:14.700
236.65;0.915;0.1198E+03;49.995;300;20;0.2164E+03;0.1803E+03;0.553;1.94;00:45:14.800
236.64;0.917;0.1203E+03;49.994;300;20;0.2171E+03;0.1806E+03;0.554;1.93;00:45:14.900
236.67;0.896;0.1177E+03;49.995;300;20;0.2121E+03;0.1764E+03;0.555;1.94;00:45:15.000
236.66;0.854;0.1118E+03;49.995;300;20;0.2021E+03;0.1684E+03;0.553;1.93;00:45:15.100
236.62;0.739;0.0972E+03;49.996;300;20;0.1748E+03;0.1453E+03;0.556;1.93;00:45:15.200
236.65;0.741;0.0974E+03;49.997;300;20;0.1752E+03;0.1457E+03;0.556;1.93;00:45:15.300
236.67;0.722;0.0952E+03;49.997;300;20;0.1709E+03;0.1419E+03;0.557;1.93;00:45:15.400
236.66;0.723;0.0952E+03;49.997;300;20;0.1711E+03;0.1422E+03;0.557;1.92;00:45:15.500
236.68;0.720;0.0950E+03;49.998;300;20;0.1703E+03;0.1414E+03;0.557;1.92;00:45:15.600
236.70;0.728;0.0959E+03;49.997;300;20;0.1723E+03;0.1432E+03;0.557;1.91;00:45:15.700
236.69;0.729;0.0961E+03;49.998;300;20;0.1726E+03;0.1434E+03;0.557;1.89;00:45:15.800
236.68;0.716;0.0944E+03;49.998;300;20;0.1696E+03;0.1409E+03;0.557;1.90;00:45:15.900
236.64;0.716;0.0944E+03;49.998;300;20;0.1695E+03;0.1408E+03;0.557;1.91;00:45:16.000
236.66;0.717;0.0946E+03;49.999;300;20;0.1698E+03;0.1409E+03;0.557;1.88;00:45:16.100
236.70;0.760;0.1001E+03;49.999;300;20;0.1798E+03;0.1494E+03;0.556;1.90;00:45:16.200
236.64;0.887;0.1164E+03;49.998;300;20;0.2099E+03;0.1746E+03;0.555;1.92;00:45:16.300
236.64;0.900;0.1184E+03;49.998;300;20;0.2129E+03;0.1769E+03;0.556;1.92;00:45:16.400
236.63;0.877;0.1153E+03;49.997;300;20;0.2076E+03;0.1726E+03;0.556;1.92;00:45:16.500
236.64;0.902;0.1184E+03;49.997;300;20;0.2133E+03;0.1775E+03;0.555;1.91;00:45:16.600
236.64;0.889;0.1171E+03;49.997;300;20;0.2104E+03;0.1748E+03;0.556;1.90;00:45:16.700
236.64;0.912;0.1199E+03;49.997;300;20;0.2158E+03;0.1794E+03;0.556;1.94;00:45:16.800
236.66;0.884;0.1164E+03;49.997;300;20;0.2091E+03;0.1737E+03;0.557;1.94;00:45:16.900
236.66;0.894;0.1174E+03;49.997;300;20;0.2116E+03;0.1760E+03;0.555;1.94;00:45:17.000
236.63;0.898;0.1181E+03;49.996;300;20;0.2124E+03;0.1766E+03;0.556;1.92;00:45:17.100
236.63;0.898;0.1179E+03;49.996;300;20;0.2125E+03;0.1767E+03;0.555;1.93;00:45:17.200
236.64;0.889;0.1171E+03;49.997;300;20;0.2103E+03;0.1747E+03;0.557;1.93;00:45:17.300
236.64;0.890;0.1172E+03;49.996;300;20;0.2107E+03;0.1751E+03;0.556;1.94;00:45:17.400
236.63;0.897;0.1179E+03;49.997;300;20;0.2122E+03;0.1764E+03;0.556;1.93;00:45:17.500
236.64;0.905;0.1191E+03;49.995;300;20;0.2141E+03;0.1779E+03;0.557;1.92;00:45:17.600
236.61;0.903;0.1187E+03;49.996;300;20;0.2136E+03;0.1776E+03;0.556;1.92;00:45:17.700
236.63;0.885;0.1166E+03;49.997;300;20;0.2094E+03;0.1740E+03;0.557;1.94;00:45:17.800
236.63;0.901;0.1184E+03;49.996;300;20;0.2131E+03;0.1772E+03;0.556;1.91;00:45:17.900
236.64;0.887;0.1168E+03;49.997;300;20;0.2100E+03;0.1745E+03;0.556;1.91;00:45:18.000
236.65;0.900;0.1183E+03;49.997;300;20;0.2130E+03;0.1772E+03;0.555;1.93;00:45:18.100
236.67;0.894;0.1177E+03;49.997;300;20;0.2115E+03;0.1758E+03;0.557;1.93;00:45:18.200
236.68;0.905;0.1190E+03;49.997;300;20;0.2142E+03;0.1781E+03;0.556;1.92;00:45:18.300
236.73;0.889;0.1169E+03;49.997;300;20;0.2104E+03;0.1749E+03;0.556;1.94;00:45:18.400
236.71;0.895;0.1175E+03;49.997;300;20;0.2119E+03;0.1763E+03;0.555;1.92;00:45:18.500
236.75;0.910;0.1196E+03;49.998;300;20;0.2154E+03;0.1792E+03;0.555;1.94;00:45:18.600
236.74;0.891;0.1170E+03;49.999;300;20;0.2110E+03;0.1756E+03;0.554;1.93;00:45:18.700
236.73;0.893;0.1175E+03;49.998;300;20;0.2114E+03;0.1757E+03;0.556;1.94;00:45:18.800
236.70;0.890;0.1169E+03;49.999;300;20;0.2107E+03;0.1753E+03;0.555;1.94;00:45:18.900
236.69;0.907;0.1191E+03;49.998;300;20;0.2147E+03;0.1787E+03;0.555;1.92;00:45:19.000
236.69;0.883;0.1162E+03;49.998;300;20;0.2091E+03;0.1738E+03;0.556;1.94;00:45:19.100
236.67;0.915;0.1200E+03;49.999;300;20;0.2166E+03;0.1803E+03;0.554;1.93;00:45:19.200
236.69;0.893;0.1171E+03;49.999;300;20;0.2113E+03;0.1759E+03;0.554;1.91;00:45:19.300
236.71;0.897;0.1177E+03;50.000;300;20;0.2123E+03;0.1767E+03;0.554;1.91;00:45:19.400
236.70;0.901;0.1184E+03;50.000;300;20;0.2132E+03;0.1773E+03;0.555;1.94;00:45:19.500
236.72;0.898;0.1180E+03;50.001;300;20;0.2125E+03;0.1767E+03;0.555;1.94;00:45:19.600
236.68;0.893;0.1174E+03;50.001;300;20;0.2113E+03;0.1757E+03;0.555;1.93;00:45:19.700
236.70;0.896;0.1176E+03;50.001;300;20;0.2120E+03;0.1764E+03;0.555;1.95;00:45:19.800
236.65;0.899;0.1182E+03;50.002;300;20;0.2128E+03;0.1770E+03;0.555;1.93;00:45:19.900
236.70;0.903;0.1184E+03;50.003;300;20;0.2136E+03;0.1778E+03;0.554;1.93;00:45:20.000
236.66;0.897;0.1178E+03;50.003;300;20;0.2124E+03;0.1767E+03;0.555;1.92;00:45:20.100
236.73;0.897;0.1179E+03;50.001;300;20;0.2124E+03;0.1767E+03;0.555;1.95;00:45:20.200
236.72;0.905;0.1188E+03;50.001;300;20;0.2141E+03;0.1782E+03;0.555;1.93;00:45:20.300
236.66;0.895;0.1175E+03;50.001;300;20;0.2119E+03;0.1763E+03;0.555;1.92;00:45:20.400
236.72;0.815;0.1074E+03;50.002;300;20;0.1930E+03;0.1603E+03;0.556;1.93;00:45:20.500
236.74;0.831;0.1091E+03;50.002;300;20;0.1968E+03;0.1638E+03;0.554;1.94;00:45:20.600
236.70;0.905;0.1189E+03;50.001;300;20;0.2141E+03;0.1781E+03;0.555;1.92;00:45:20.700
236.74;0.895;0.1176E+03;50.002;300;20;0.2118E+03;0.1762E+03;0.555;1.93;00:45:20.800
236.70;0.903;0.1185E+03;50.001;300;20;0.2136E+03;0.1778E+03;0.554;1.92;00:45:20.900
236.69;0.899;0.1183E+03;50.002;300;20;0.2127E+03;0.1768E+03;0.556;1.92;00:45:21.000
236.64;0.896;0.1177E+03;50.003;300;20;0.2121E+03;0.1764E+03;0.555;1.92;00:45:21.100
236.61;0.894;0.1175E+03;50.004;300;20;0.2116E+03;0.1759E+03;0.555;1.95;00:45:21.200
236.63;0.898;0.1177E+03;50.004;300;20;0.2124E+03;0.1768E+03;0.554;1.92;00:45:21.300
236.66;0.927;0.1220E+03;50.003;300;20;0.2195E+03;0.1825E+03;0.556;1.93;00:45:21.400
236.62;0.898;0.1176E+03;50.004;300;20;0.2124E+03;0.1769E+03;0.554;1.92;00:45:21.500
236.69;0.920;0.1210E+03;50.004;300;20;0.2178E+03;0.1811E+03;0.555;1.93;00:45:21.600
236.70;0.897;0.1177E+03;50.005;300;20;0.2123E+03;0.1767E+03;0.554;1.91;00:45:21.700
236.71;0.918;0.1204E+03;50.006;300;20;0.2172E+03;0.1808E+03;0.554;1.90;00:45:21.800
236.70;0.905;0.1190E+03;50.006;300;20;0.2143E+03;0.1782E+03;0.555;1.89;00:45:21.900
236.65;0.919;0.1202E+03;50.007;300;20;0.2175E+03;0.1812E+03;0.553;1.88;00:45:22.000
236.67;0.895;0.1174E+03;50.007;300;20;0.2119E+03;0.1764E+03;0.554;1.89;00:45:22.100
236.70;0.909;0.1192E+03;50.007;300;20;0.2151E+03;0.1791E+03;0.554;1.89;00:45:22.200
236.65;0.912;0.1193E+03;50.007;300;20;0.2157E+03;0.1797E+03;0.553;1.89;00:45:22.300
236.64;0.916;0.1201E+03;50.008;300;20;0.2168E+03;0.1805E+03;0.554;1.89;00:45:22.400
236.69;0.913;0.1198E+03;50.009;300;20;0.2160E+03;0.1798E+03;0.554;1.89;00:45:22.500
236.69;0.910;0.1194E+03;50.009;300;20;0.2155E+03;0.1794E+03;0.554;1.88;00:45:22.600
236.70;0.916;0.1201E+03;50.009;300;20;0.2169E+03;0.1806E+03;0.554;1.88;00:45:22.700
236.69;0.912;0.1193E+03;50.009;300;20;0.2158E+03;0.1798E+03;0.553;1.89;00:45:22.800
236.69;0.911;0.1194E+03;50.010;300;20;0.2156E+03;0.1795E+03;0.554;1.88;00:45:22.900
236.70;0.898;0.1178E+03;50.008;300;20;0.2126E+03;0.1769E+03;0.554;1.89;00:45:23.000
236.68;0.908;0.1189E+03;50.008;300;20;0.2150E+03;0.1791E+03;0.553;1.89;00:45:23.100
236.63;0.895;0.1172E+03;50.009;300;20;0.2117E+03;0.1763E+03;0.554;1.89;00:45:23.200
236.67;0.916;0.1201E+03;50.010;300;20;0.2168E+03;0.1804E+03;0.554;1.88;00:45:23.300
236.75;0.905;0.1191E+03;50.010;300;20;0.2144E+03;0.1783E+03;0.555;1.91;00:45:23.400
236.72;0.913;0.1195E+03;50.010;300;20;0.2161E+03;0.1801E+03;0.553;1.89;00:45:23.500
236.75;0.895;0.1175E+03;50.009;300;20;0.2118E+03;0.1762E+03;0.555;1.90;00:45:23.600
236.72;0.899;0.1179E+03;50.010;300;20;0.2128E+03;0.1772E+03;0.554;1.89;00:45:23.700
236.74;0.912;0.1199E+03;50.011;300;20;0.2158E+03;0.1795E+03;0.556;1.93;00:45:23.800
236.72;0.893;0.1173E+03;50.011;300;20;0.2115E+03;0.1759E+03;0.555;1.90;00:45:23.900
236.66;0.903;0.1185E+03;50.014;300;20;0.2136E+03;2.1777E+03;0.555;1.90;00:45:24.000
236.71;0.906;0.1190E+03;50.015;300;20;0.2144E+03;0.1783E+03;0.555;1.93;00:45:24.100
236.75;0.912;0.1200E+03;50.016;300;20;0.2160E+03;0.1796E+03;0.556;1.92;00:45:24.200
236.71;0.900;0.1183E+03;50.015;300;20;0.2131E+03;0.1772E+03;0.555;1.92;00:45:24.300
236.73;0.925;0.1214E+03;50.016;300;20;0.2189E+03;0.1822E+03;0.554;1.93;00:45:24.400
236.74;0.899;0.1180E+03;50.017;300;20;0.2129E+03;0.1772E+03;0.554;1.92;00:45:24.500
236.75;0.923;0.1208E+03;50.018;300;20;0.2184E+03;0.1820E+03;0.553;1.92;00:45:24.600
236.74;0.901;0.1183E+03;50.019;300;20;0.2134E+03;0.1776E+03;0.555;1.92;00:45:24.700
236.76;0.887;0.1163E+03;50.019;300;20;0.2100E+03;0.1749E+03;0.554;1.92;00:45:24.800
236.75;0.745;0.0983E+03;50.020;300;20;0.1764E+03;0.1464E+03;0.557;1.90;00:45:24.900
236.76;0.755;0.0993E+03;50.019;300;20;0.1789E+03;0.1488E+03;0.555;1.89;00:45:25.000
236.74;0.744;0.0980E+03;50.017;300;20;0.1762E+03;0.1464E+03;0.556;1.86;00:45:25.100
236.64;0.725;0.0954E+03;50.017;300;20;0.1715E+03;0.1426E+03;0.556;1.89;00:45:25.200
236.67;0.721;0.0951E+03;50.018;300;20;0.1707E+03;0.1418E+03;0.557;1.89;00:45:25.300
236.66;0.718;0.0944E+03;50.019;300;20;0.1698E+03;0.1411E+03;0.556;1.90;00:45:25.400
236.65;0.732;0.0963E+03;50.018;300;20;0.1732E+03;0.1440E+03;0.556;1.89;00:45:25.500
236.66;0.732;0.0960E+03;50.019;300;20;0.1732E+03;0.1442E+03;0.554;1.90;00:45:25.600
236.65;0.731;0.0961E+03;50.018;300;20;0.1731E+03;0.1439E+03;0.555;1.90;00:45:25.700
236.67;0.721;0.0948E+03;50.019;300;20;0.1706E+03;0.1418E+03;0.556;1.91;00:45:25.800
236.63;0.726;0.0952E+03;50.017;300;20;0.1718E+03;0.1430E+03;20;1.91;00:45:25.900
236.59;0.890;0.1160E+03;50.019;300;20;0.2105E+03;0.1756E+03;0.551;1.90;00:45:26.000
236.59;0.901;0.1175E+03;50.020;300;20;0.2132E+03;0.1779E+03;0.551;1.92;00:45:26.100
236.57;0.890;0.1163E+03;50.020;300;20;0.2105E+03;0.1755E+03;0.552;1.93;00:45:26.200
236.59;0.897;0.1173E+03;50.020;300;20;0.2123E+03;0.1770E+03;0.552;1.93;00:45:26.300
236.56;0.894;0.1172E+03;50.019;300;20;0.2114E+03;0.1760E+03;0.554;1.92;00:45:26.400
236.58;0.906;0.1183E+03;50.019;300;20;0.2143E+03;0.1787E+03;0.552;1.92;00:45:26.500
236.56;0.907;0.1184E+03;50.017;300;20;0.2145E+03;0.1788E+03;0.552;1.92;00:45:26.600
236.57;0.887;0.1162E+03;50.018;300;20;0.2099E+03;0.1748E+03;0.553;1.91;00:45:26.700
236.55;0.901;0.1180E+03;50.017;300;20;0.2132E+03;0.1776E+03;0.553;1.92;00:45:26.800
236.54;0.898;0.1173E+03;50.018;300;20;0.2124E+03;0.1771E+03;0.552;1.92;00:45:26.900
236.56;0.912;0.1193E+03;50.016;300;20;0.2158E+03;0.1799E+03;0.553;1.92;00:45:27.000
236.54;0.884;0.1155E+03;50.016;300;20;0.2090E+03;0.1742E+03;0.553;1.91;00:45:27.100
236.49;0.915;0.1193E+03;50.016;300;20;0.2164E+03;0.1806E+03;0.551;1.93;00:45:27.200
236.54;0.883;0.1154E+03;50.017;300;20;0.2089E+03;0.1741E+03;0.552;1.93;00:45:27.300
236.54;0.907;0.1184E+03;50.016;300;20;0.2145E+03;0.1789E+03;0.552;1.92;00:45:27.400
236.56;0.903;0.1182E+03;50.016;300;20;0.2136E+03;0.1779E+03;0.553;1.94;00:45:27.500
236.53;0.912;0.1194E+03;50.016;300;20;0.2156E+03;0.1796E+03;0.554;1.93;00:45:27.600
236.56;0.898;0.1177E+03;50.017;300;20;0.2125E+03;0.1769E+03;0.554;1.91;00:45:27.700
236.55;0.898;0.1175E+03;50.016;300;20;0.2125E+03;0.1771E+03;0.553;1.92;00:45:27.800
236.52;0.905;0.1186E+03;50.016;300;20;0.2141E+03;0.1782E+03;0.554;1.90;00:45:27.900
236.46;0.900;0.1180E+03;50.015;300;20;0.2129E+03;0.1772E+03;0.554;1.93;00:45:28.000
236.51;0.908;0.1190E+03;50.015;300;20;0.2147E+03;0.1787E+03;0.554;1.92;00:45:28.100
236.59;0.902;0.1182E+03;50.014;300;20;0.2134E+03;0.1777E+03;0.554;1.93;00:45:28.200
236.58;0.904;0.1182E+03;50.014;300;20;0.2138E+03;0.1781E+03;0.553;1.90;00:45:28.300
236.60;0.907;0.1187E+03;50.015;300;20;0.2146E+03;0.1788E+03;0.553;1.89;00:45:28.400
236.62;0.914;0.1195E+03;50.014;300;20;0.2163E+03;0.1803E+03;0.552;1.89;00:45:28.500
236.62;0.898;0.1174E+03;50.014;300;20;0.2125E+03;0.1771E+03;0.552;1.88;00:45:28.600
236.63;0.904;0.1179E+03;50.014;300;20;0.2139E+03;0.1785E+03;0.551;1.89;00:45:28.700
236.61;0.896;0.1172E+03;50.013;300;20;0.2120E+03;0.1766E+03;0.553;1.88;00:45:28.800
236.61;0.905;0.1183E+03;50.013;300;20;0.2141E+03;0.1784E+03;0.553;1.89;00:45:28.900
236.60;0.897;0.1174E+03;50.013;300;20;0.2123E+03;0.1769E+03;0.553;1.90;00:45:29.000
236.55;0.898;0.1172E+03;50.013;300;20;0.2124E+03;0.1771E+03;0.552;1.89;00:45:29.100
236.55;0.892;0.1162E+03;50.014;300;20;0.2110E+03;0.1761E+03;0.551;1.89;00:45:29.200
236.55;0.909;0.1183E+03;50.013;300;20;0.2149E+03;0.1794E+03;0.550;1.86;00:45:29.300
236.57;0.920;0.1198E+03;50.013;300;20;0.2176E+03;0.1816E+03;0.551;1.89;00:45:29.400
236.58;0.895;0.1167E+03;50.012;300;20;0.2117E+03;0.1766E+03;0.551;1.89;00:45:29.500
236.54;0.897;0.1172E+03;50.012;300;20;0.2122E+03;0.1769E+03;0.552;1.88;00:45:29.600
236.54;0.898;0.1174E+03;50.012;300;20;0.2124E+03;0.1770E+03;0.553;1.86;00:45:29.700
236.54;0.915;0.1195E+03;50.012;300;20;0.2164E+03;0.1804E+03;0.552;1.87;00:45:29.800
236.56;0.897;0.1174E+03;50.011;300;20;0.2122E+03;0.1768E+03;0.553;1.86;00:45:29.900
236.47;0.912;0.1189E+03;50.011;300;20;0.2155E+03;0.1798E+03;0.552;1.87;00:45:30.000
236.55;0.898;0.1174E+03;50.009;300;20;0.2125E+03;0.1771E+03;0.553;1.87;00:45:30.100
236.61;0.912;0.1191E+03;50.008;300;20;0.2157E+03;0.1799E+03;0.552;1.85;00:45:30.200
236.57;0.834;0.1093E+03;50.008;300;20;0.1974E+03;0.1644E+03;0.554;1.83;00:45:30.300
236.55;0.908;0.1185E+03;50.007;300;20;0.2149E+03;0.1792E+03;0.552;1.85;00:45:30.400
236.54;0.892;0.1167E+03;50.007;300;20;0.2109E+03;0.1756E+03;0.554;1.85;00:45:30.500
236.54;0.903;0.1180E+03;50.006;300;20;0.2135E+03;0.1779E+03;0.553;1.85;00:45:30.600
236.55;0.923;0.1208E+03;50.005;300;20;0.2184E+03;0.1820E+03;0.553;1.84;00:45:30.700
236.54;0.931;0.1215E+03;50.004;300;20;0.2201E+03;0.1835E+03;0.552;1.85;00:45:30.800
236.52;0.911;0.1189E+03;50.005;300;20;0.2155E+03;0.1797E+03;0.552;1.85;00:45:30.900
236.55;0.907;0.1187E+03;50.005;300;20;0.2146E+03;0.1788E+03;0.553;1.85;00:45:31.000
236.55;0.913;0.1192E+03;50.005;300;20;0.2159E+03;0.1800E+03;0.552;1.85;00:45:31.100
236.52;0.904;0.1180E+03;50.003;300;20;0.2138E+03;0.1782E+03;0.552;1.84;00:45:31.200
236.54;0.924;0.1207E+03;50.003;300;20;0.2185E+03;0.1822E+03;0.552;1.86;00:45:31.300
236.57;0.896;0.1171E+03;50.003;300;20;0.2119E+03;0.1766E+03;0.553;1.84;00:45:31.400
236.55;0.916;0.1195E+03;50.002;300;20;0.2166E+03;0.1807E+03;0.552;1.85;00:45:31.500
236.55;0.895;0.1167E+03;50.002;300;20;0.2117E+03;0.1766E+03;0.551;1.83;00:45:31.600
236.54;0.912;0.1190E+03;50.003;300;20;0.2158E+03;0.1801E+03;0.551;1.84;00:45:31.700
236.56;0.914;0.1195E+03;50.002;300;20;0.2162E+03;0.1802E+03;0.553;1.85;00:45:31.800
236.53;0.907;0.1185E+03;50.001;300;20;0.2146E+03;0.1789E+03;0.552;1.85;00:45:31.900
236.47;0.912;0.1190E+03;50.001;300;20;0.2157E+03;0.1798E+03;0.552;1.85;00:45:32.000
236.49;0.909;0.1185E+03;50.001;300;20;0.2150E+03;0.1795E+03;0.551;1.84;00:45:32.100
236.52;0.917;0.1197E+03;50.001;300;20;0.2169E+03;0.1809E+03;0.552;1.87;00:45:32.200
236.50;0.905;0.1181E+03;50.002;300;20;0.2139E+03;0.1784E+03;0.552;1.85;00:45:32.300
236.48;0.918;0.1200E+03;50.001;300;20;0.2171E+03;0.1809E+03;0.553;1.87;00:45:32.400
236.50;0.898;0.1175E+03;50.002;300;20;0.2124E+03;0.1769E+03;0.553;1.87;00:45:32.500
236.50;0.917;0.1196E+03;50.002;300;20;0.2168E+03;0.1808E+03;0.552;1.85;00:45:32.600
236.50;0.909;0.1188E+03;50.002;300;20;0.2149E+03;0.1791E+03;0.553;1.85;00:45:32.700
236.51;0.926;0.1210E+03;50.002;300;20;0.2190E+03;0.1826E+03;0.552;1.86;00:45:32.800
236.52;0.894;0.1169E+03;50.002;300;20;0.2113E+03;0.1760E+03;0.553;1.86;00:45:32.900
236.53;0.917;0.1197E+03;50.001;300;20;0.2170E+03;0.1809E+03;0.552;1.87;00:45:33.000
236.53;0.908;0.1189E+03;50.001;300;20;0.2149E+03;0.1790E+03;0.553;1.86;00:45:33.100
236.53;0.914;0.1194E+03;50.000;300;20;0.2163E+03;0.1803E+03;0.552;1.87;00:45:33.200
236.48;0.908;0.1187E+03;49.999;300;20;0.2148E+03;0.1790E+03;0.553;1.87;00:45:33.300
236.51;0.910;0.1189E+03;49.998;300;20;0.2153E+03;0.1795E+03;0.552;1.88;00:45:33.400
236.56;0.926;0.1211E+03;49.997;300;20;0.2191E+03;0.1826E+03;0.553;1.85;00:45:33.500
236.54;0.920;0.1200E+03;49.997;300;20;0.2176E+03;0.1815E+03;0.551;1.88;00:45:33.600
236.51;0.917;0.1196E+03;49.997;300;20;0.2168E+03;0.1808E+03;0.552;1.87;00:45:33.700
236.48;0.898;0.1171E+03;49.996;300;20;0.2124E+03;0.1772E+03;0.551;1.86;00:45:33.800
236.48;0.915;0.1193E+03;49.995;300;20;0.2165E+03;0.1806E+03;0.551;1.88;00:45:33.900
236.44;0.899;0.1173E+03;49.995;300;20;0.2127E+03;0.1774E+03;0.552;1.88;00:45:34.000
236.48;0.913;0.1193E+03;49.995;300;20;0.2160E+03;0.1801E+03;0.552;1.88;00:45:34.100
236.55;0.918;0.1202E+03;49.995;300;20;0.2172E+03;0.1809E+03;0.553;1.89;00:45:34.200
236.54;0.920;0.1200E+03;49.995;300;20;0.2176E+03;0.1815E+03;0.552;1.87;00:45:34.300
236.56;0.911;0.1191E+03;49.994;300;20;0.2156E+03;0.1797E+03;0.552;1.86;00:45:34.400
236.54;0.908;0.1183E+03;49.993;300;20;0.2148E+03;0.1793E+03;0.551;1.84;00:45:34.500
236.53;0.908;0.1186E+03;49.992;300;20;0.2146E+03;0.1789E+03;0.552;1.88;00:45:34.600
236.57;0.764;0.1002E+03;49.991;300;20;0.1806E+03;0.1503E+03;0.554;1.87;00:45:34.700
236.52;0.738;0.0969E+03;49.991;300;20;0.1746E+03;0.1452E+03;0.555;1.85;00:45:34.800
236.53;0.729;0.0954E+03;49.993;300;20;0.1724E+03;0.1436E+03;0.553;1.86;00:45:34.900
236.49;0.729;0.0954E+03;49.992;300;20;0.1723E+03;0.1435E+03;0.554;1.85;00:45:35.000
236.51;0.718;0.0942E+03;49.992;300;20;0.1698E+03;0.1413E+03;0.555;1.86;00:45:35.100
236.45;0.727;0.0953E+03;49.993;300;20;0.1719E+03;0.1431E+03;0.554;1.87;00:45:35.200
236.46;0.717;0.0942E+03;49.994;300;20;0.1696E+03;0.1410E+03;0.556;1.86;00:45:35.300
236.46;0.730;0.0958E+03;49.993;300;20;0.1727E+03;0.1437E+03;0.555;1.86;00:45:35.400
236.44;0.719;0.0943E+03;49.994;300;20;0.1701E+03;0.1415E+03;0.555;1.88;00:45:35.500
236.42;0.740;0.0971E+03;49.994;300;20;0.1748E+03;0.1454E+03;0.555;1.88;00:45:35.600
236.45;0.724;0.0953E+03;49.995;300;20;0.1712E+03;0.1422E+03;0.557;1.86;00:45:35.700
236.43;0.732;0.0962E+03;49.995;300;20;0.1730E+03;0.1438E+03;0.556;1.86;00:45:35.800
236.44;0.774;0.1017E+03;49.995;300;20;0.1829E+03;0.1520E+03;0.556;1.85;00:45:35.900
236.32;0.847;0.1106E+03;49.996;300;20;0.2003E+03;0.1670E+03;0.552;1.86;00:45:36.000
236.34;0.891;0.1162E+03;49.995;300;20;0.2105E+03;0.1755E+03;0.552;1.87;00:45:36.100
236.44;0.932;0.1217E+03;49.994;300;20;0.2203E+03;0.1837E+03;0.552;1.86;00:45:36.200
236.33;0.953;0.1241E+03;49.994;300;20;0.2252E+03;0.1879E+03;0.551;1.86;00:45:36.300
236.33;1.083;0.1410E+03;49.994;300;20;0.2558E+03;0.2135E+03;0.551;1.86;00:45:36.400
236.35;1.118;0.1456E+03;49.994;300;20;0.2642E+03;0.2205E+03;0.551;1.88;00:45:36.500
236.35;1.110;0.1445E+03;49.994;300;20;0.2624E+03;0.2190E+03;0.551;1.88;00:45:36.600
236.31;1.117;0.1454E+03;49.994;300;20;0.2641E+03;0.2204E+03;0.551;1.88;00:45:36.700
236.36;1.112;0.1448E+03;49.995;300;20;0.2629E+03;0.2194E+03;0.551;1.87;00:45:36.800
236.32;1.115;0.1451E+03;49.993;300;20;0.2636E+03;0.2201E+03;0.550;1.88;00:45:36.900
236.31;1.118;0.1457E+03;49.992;300;20;0.2641E+03;0.2203E+03;0.552;1.89;00:45:37.000
236.31;1.111;0.1447E+03;49.993;300;20;0.2625E+03;0.2190E+03;0.551;1.88;00:45:37.100
236.25;1.114;0.1447E+03;49.993;300;20;0.2631E+03;0.2197E+03;0.550;1.87;00:45:37.200
236.29;1.119;0.1452E+03;49.993;300;20;0.2645E+03;0.2210E+03;0.549;1.87;00:45:37.300
236.30;1.130;0.1467E+03;49.994;300;20;0.2670E+03;0.2231E+03;0.549;1.88;00:45:37.400
236.31;1.110;0.1441E+03;49.993;300;20;0.2624E+03;0.2193E+03;0.549;1.86;00:45:37.500
236.30;1.128;0.1467E+03;49.993;300;20;0.2666E+03;0.2226E+03;0.550;1.85;00:45:37.600
236.29;1.112;0.1441E+03;49.992;300;20;0.2628E+03;0.2197E+03;0.549;1.83;00:45:37.700
236.29;1.131;0.1467E+03;49.990;300;20;0.2672E+03;0.2233E+03;0.549;1.82;00:45:37.800
236.27;1.100;0.1431E+03;49.991;300;20;0.2600E+03;0.2171E+03;0.550;1.84;00:45:37.900
236.24;1.117;0.1450E+03;49.991;300;20;0.2640E+03;0.2206E+03;0.549;1.85;00:45:38.000
236.31;1.043;0.1356E+03;49.990;300;20;0.2464E+03;0.2058E+03;0.550;1.87;00:45:38.100
236.35;0.986;0.1283E+03;49.989;300;20;0.2331E+03;0.1946E+03;0.550;1.86;00:45:38.200
236.41;0.922;0.1203E+03;49.987;300;20;0.2179E+03;0.1817E+03;0.552;1.87;00:45:38.300
236.40;0.812;0.1060E+03;49.986;300;20;0.1920E+03;0.1601E+03;0.552;1.88;00:45:38.400
236.46;0.769;0.1008E+03;49.987;300;20;0.1818E+03;0.1513E+03;0.554;1.88;00:45:38.500
236.51;0.756;0.0987E+03;49.986;300;20;0.1787E+03;0.1489E+03;0.553;1.87;00:45:38.600
236.46;0.765;0.0999E+03;49.987;300;20;0.1808E+03;0.1507E+03;0.552;1.85;00:45:38.700
236.46;0.886;0.1153E+03;49.987;300;20;0.2095E+03;0.1749E+03;0.550;1.85;00:45:38.800
236.43;0.970;0.1262E+03;49.987;300;20;0.2292E+03;0.1914E+03;0.550;1.87;00:45:38.900
236.43;1.032;0.1343E+03;49.986;300;20;0.2440E+03;0.2037E+03;0.550;1.90;00:45:39.000
236.39;1.124;0.1460E+03;49.985;300;20;0.2657E+03;0.2220E+03;0.549;1.89;00:45:39.100
236.45;1.133;0.1473E+03;49.987;300;20;0.2679E+03;0.2238E+03;0.550;1.88;00:45:39.200
236.42;1.144;0.1485E+03;49.988;300;20;0.2706E+03;0.2262E+03;0.549;1.89;00:45:39.300
236.44;1.120;0.1452E+03;49.988;300;20;0.2647E+03;0.2213E+03;0.549;1.91;00:45:39.400
236.46;1.126;0.1459E+03;49.987;300;20;0.2664E+03;0.2228E+03;0.548;1.90;00:45:39.500
236.44;1.116;0.1454E+03;49.987;300;20;0.2639E+03;0.2203E+03;0.551;1.92;00:45:39.600
236.45;1.123;0.1461E+03;49.988;300;20;0.2655E+03;0.2217E+03;0.550;1.89;00:45:39.700
236.43;1.128;0.1470E+03;49.988;300;20;0.2668E+03;0.2227E+03;0.551;1.94;00:45:39.800
236.44;1.122;0.1462E+03;49.987;300;20;0.2653E+03;0.2214E+03;0.551;1.93;00:45:39.900
236.38;1.121;0.1456E+03;49.987;300;20;0.2649E+03;0.2213E+03;0.550;1.95;00:45:40.000
236.42;1.127;0.1462E+03;49.988;300;20;0.2665E+03;0.2228E+03;0.549;1.94;00:45:40.100
236.46;1.137;0.1478E+03;49.986;300;20;0.2689E+03;0.2247E+03;0.549;1.92;00:45:40.200
236.43;1.108;0.1442E+03;49.986;300;20;0.2620E+03;0.2187E+03;0.550;1.92;00:45:40.300
236.46;1.140;0.1489E+03;49.987;300;20;0.2696E+03;0.2248E+03;0.552;1.92;00:45:40.400
236.49;1.111;0.1450E+03;49.987;300;20;0.2628E+03;0.2191E+03;0.552;1.92;00:45:40.500
236.49;1.125;0.1466E+03;49.988;300;20;0.2660E+03;0.2219E+03;0.551;1.92;00:45:40.600
236.49;1.082;0.1414E+03;49.987;300;20;0.2559E+03;0.2133E+03;0.552;1.93;00:45:40.700
236.49;1.002;0.1307E+03;49.987;300;20;0.2371E+03;0.1978E+03;0.551;1.93;00:45:40.800
236.52;0.938;0.1227E+03;49.988;300;20;0.2219E+03;0.1850E+03;0.553;1.92;00:45:40.900
236.51;0.913;0.1191E+03;49.987;300;20;0.2159E+03;0.1800E+03;0.552;1.90;00:45:41.000
236.51;0.865;0.1130E+03;49.988;300;20;0.2045E+03;0.1705E+03;0.553;1.90;00:45:41.100
236.52;0.807;0.1053E+03;49.989;300;20;0.1908E+03;0.1592E+03;0.552;1.90;00:45:41.200
236.47;0.767;0.1004E+03;49.989;300;20;0.1813E+03;0.1509E+03;0.554;1.91;00:45:41.300
236.50;0.763;0.1000E+03;49.989;300;20;0.1804E+03;0.1501E+03;0.554;1.93;00:45:41.400
236.49;0.755;0.0989E+03;49.990;300;20;0.1786E+03;0.1487E+03;0.554;1.91;00:45:41.500
236.51;0.749;0.0979E+03;49.991;300;20;0.1771E+03;0.1475E+03;0.553;1.91;00:45:41.600
236.50;0.742;0.0973E+03;49.991;300;20;0.1754E+03;0.1459E+03;0.555;1.92;00:45:41.700
236.51;0.726;0.0953E+03;49.991;300;20;0.1716E+03;0.1427E+03;0.555;1.89;00:45:41.800
236.51;0.740;0.0970E+03;49.991;300;20;0.1750E+03;0.1457E+03;0.554;1.89;00:45:41.900
236.42;0.724;0.0950E+03;49.992;300;20;0.1712E+03;0.1425E+03;0.555;1.88;00:45:42.000
236.50;0.742;0.0974E+03;49.993;300;20;0.1755E+03;0.1460E+03;0.555;1.89;00:45:42.100
236.56;0.732;0.0962E+03;49.994;300;20;0.1731E+03;0.1439E+03;0.556;1.88;00:45:42.200
236.49;0.729;0.0956E+03;49.994;300;20;0.1725E+03;0.1436E+03;0.554;1.87;00:45:42.300
236.54;0.731;0.0958E+03;49.994;300;20;0.1728E+03;0.1439E+03;0.554;1.88;00:45:42.400
236.50;0.729;0.0953E+03;49.994;300;20;0.1724E+03;0.1436E+03;0.553;1.87;00:45:42.500
236.49;0.784;0.1024E+03;49.994;300;20;0.1853E+03;0.1545E+03;0.552;1.90;00:45:42.600
236.45;0.858;0.1121E+03;49.996;300;20;0.2029E+03;0.1692E+03;0.552;1.89;00:45:42.700
236.43;1.063;0.1385E+03;49.996;300;20;0.2514E+03;0.2098E+03;0.551;1.92;00:45:42.800
236.41;1.108;0.1444E+03;49.996;300;20;0.2620E+03;0.2186E+03;0.551;1.92;00:45:42.900
236.42;1.112;0.1450E+03;49.997;300;20;0.2629E+03;0.2193E+03;0.552;1.91;00:45:43.000
236.45;1.093;0.1425E+03;49.997;300;20;0.2583E+03;0.2155E+03;0.551;1.92;00:45:43.100
236.45;1.117;0.1458E+03;49.996;300;20;0.2642E+03;0.2203E+03;0.552;1.91;00:45:43.200
236.45;1.088;0.1421E+03;49.997;300;20;0.2573E+03;0.2144E+03;0.552;1.89;00:45:43.300
236.45;1.109;0.1448E+03;49.998;300;20;0.2621E+03;0.2185E+03;0.552;1.89;00:45:43.400
236.43;1.110;0.1451E+03;50.000;300;20;0.2624E+03;0.2187E+03;0.553;1.90;00:45:43.500
236.46;1.114;0.1452E+03;49.999;300;20;0.2635E+03;0.2199E+03;0.551;1.90;00:45:43.600
236.50;1.118;0.1458E+03;49.999;300;20;0.2644E+03;0.2205E+03;0.552;1.89;00:45:43.700
236.52;1.106;0.1440E+03;50.000;300;20;0.2616E+03;0.2184E+03;0.551;1.89;00:45:43.800
236.48;1.108;0.1447E+03;50.001;300;20;0.2621E+03;0.2186E+03;0.552;1.89;00:45:43.900
236.41;1.109;0.1445E+03;50.002;300;20;0.2623E+03;0.2188E+03;0.551;1.90;00:45:44.000
236.42;1.103;0.1440E+03;50.003;300;20;0.2607E+03;0.2173E+03;0.552;1.90;00:45:44.100
236.47;1.113;0.1454E+03;50.003;300;20;0.2632E+03;0.2194E+03;0.553;1.90;00:45:44.200
236.45;1.111;0.1448E+03;50.003;300;20;0.2627E+03;0.2191E+03;0.551;1.88;00:45:44.300
236.44;1.108;0.1445E+03;50.004;300;20;0.2621E+03;0.2187E+03;0.551;1.89;00:45:44.400
236.46;1.122;0.1464E+03;50.003;300;20;0.2652E+03;0.2212E+03;0.552;1.90;00:45:44.500
236.47;1.104;0.1440E+03;50.004;300;20;0.2610E+03;0.2177E+03;0.552;1.89;00:45:44.600
236.44;1.115;0.1455E+03;50.005;300;20;0.2637E+03;0.2199E+03;0.552;1.89;00:45:44.700
236.52;0.901;0.1179E+03;50.004;300;20;0.2130E+03;0.1774E+03;0.553;1.86;00:45:44.800
236.50;0.809;0.1061E+03;50.004;300;20;0.1913E+03;0.1592E+03;0.554;1.83;00:45:44.900
236.55;0.753;0.0991E+03;50.004;300;20;0.1780E+03;0.1479E+03;0.557;1.86;00:45:45.000
236.53;0.770;0.1012E+03;50.004;300;20;0.1822E+03;0.1515E+03;0.555;1.83;00:45:45.100
236.50;1.073;0.1402E+03;50.004;300;20;0.2537E+03;0.2115E+03;0.553;1.87;00:45:45.200
236.45;1.119;0.1460E+03;50.006;300;20;0.2645E+03;0.2206E+03;0.552;1.85;00:45:45.300
236.47;1.132;0.1481E+03;50.006;300;20;0.2677E+03;0.2230E+03;0.553;1.88;00:45:45.400
236.50;1.106;0.1446E+03;50.007;300;20;0.2616E+03;0.2180E+03;0.553;1.88;00:45:45.500
236.42;1.126;0.1471E+03;50.006;300;20;0.2662E+03;0.2219E+03;0.552;1.90;00:45:45.600
236.39;1.103;0.1441E+03;50.005;300;20;0.2607E+03;0.2172E+03;0.553;1.87;00:45:45.700
236.38;1.114;0.1455E+03;50.006;300;20;0.2633E+03;0.2194E+03;0.553;1.88;00:45:45.800
236.40;1.118;0.1461E+03;50.007;300;20;0.2642E+03;0.2201E+03;0.553;1.90;00:45:45.900
236.34;1.122;0.1464E+03;50.008;300;20;0.2652E+03;0.2211E+03;0.552;1.89;00:45:46.000
236.36;1.107;0.1446E+03;50.009;300;20;0.2617E+03;0.2182E+03;0.552;1.89;00:45:46.100
236.43;1.132;0.1479E+03;50.009;300;20;0.2676E+03;0.2230E+03;0.553;1.89;00:45:46.200
236.40;1.122;0.1466E+03;50.009;300;20;0.2653E+03;0.2211E+03;0.552;1.86;00:45:46.300
236.40;1.123;0.1466E+03;50.010;300;20;0.2656E+03;0.2214E+03;0.552;1.90;00:45:46.400
236.35;1.108;0.1449E+03;50.010;300;20;0.2619E+03;0.2182E+03;0.553;1.89;00:45:46.500
236.38;1.128;0.1469E+03;50.012;300;20;0.2665E+03;0.2224E+03;0.551;1.89;00:45:46.600
236.38;1.124;0.1467E+03;50.013;300;20;0.2657E+03;0.2215E+03;0.552;1.86;00:45:46.700
236.33;1.121;0.1463E+03;50.014;300;20;0.2649E+03;0.2208E+03;0.552;1.87;00:45:46.800
236.33;1.125;0.1470E+03;50.015;300;20;0.2659E+03;0.2215E+03;0.553;1.88;00:45:46.900
236.35;1.108;0.1447E+03;50.014;300;20;0.2618E+03;0.2182E+03;0.553;1.88;00:45:47.000
236.33;1.114;0.1454E+03;50.014;300;20;0.2633E+03;0.2195E+03;0.552;1.87;00:45:47.100
236.36;0.953;0.1243E+03;50.014;300;20;0.2252E+03;0.1878E+03;0.552;1.85;00:45:47.200
236.36;0.867;0.1135E+03;50.015;300;20;0.2049E+03;0.1706E+03;0.554;1.86;00:45:47.300
236.42;0.802;0.1055E+03;50.014;300;20;0.1896E+03;0.1575E+03;0.557;1.87;00:45:47.400
236.40;0.764;0.1004E+03;50.014;300;20;0.1807E+03;0.1502E+03;0.556;1.86;00:45:47.500
236.45;0.741;0.0976E+03;50.015;300;20;0.1752E+03;0.1455E+03;0.557;1.84;00:45:47.600
236.40;0.742;0.0975E+03;50.015;300;20;0.1754E+03;0.1458E+03;0.556;1.84;00:45:47.700
236.42;0.733;0.0966E+03;50.013;300;20;0.1733E+03;0.1439E+03;0.557;1.86;00:45:47.800
236.43;0.724;0.0953E+03;50.012;300;20;0.1713E+03;0.1423E+03;0.556;1.87;00:45:47.900
236.36;0.734;0.0964E+03;50.013;300;20;0.1736E+03;0.1443E+03;0.555;1.87;00:45:48.000
236.43;0.733;0.0962E+03;50.014;300;20;0.1732E+03;0.1440E+03;0.556;1.85;00:45:48.100
236.42;0.745;0.0979E+03;50.014;300;20;0.1762E+03;0.1465E+03;0.555;1.84;00:45:48.200
236.42;0.720;0.0946E+03;50.013;300;20;0.1702E+03;0.1415E+03;0.556;1.83;00:45:48.300
236.46;0.729;0.0961E+03;50.013;300;20;0.1724E+03;0.1432E+03;0.557;1.84;00:45:48.400
236.45;0.724;0.0955E+03;50.013;300;20;0.1712E+03;0.1421E+03;0.558;1.84;00:45:48.500
236.45;0.746;0.0982E+03;50.013;300;20;0.1764E+03;0.1465E+03;0.557;1.82;00:45:48.600
236.48;0.844;0.1106E+03;50.013;300;20;0.1996E+03;0.1662E+03;0.554;1.85;00:45:48.700
236.47;1.132;0.1480E+03;50.014;300;20;0.2678E+03;0.2231E+03;0.553;1.89;00:45:48.800
236.43;1.090;0.1424E+03;50.014;300;20;0.2577E+03;0.2148E+03;0.553;1.85;00:45:48.900
236.42;1.102;0.1438E+03;50.013;300;20;0.2606E+03;0.2174E+03;0.552;1.86;00:45:49.000
236.45;1.106;0.1445E+03;50.012;300;20;0.2616E+03;0.2180E+03;0.552;1.87;00:45:49.100
236.43;1.112;0.1451E+03;50.011;300;20;0.2630E+03;0.2193E+03;0.552;1.90;00:45:49.200
236.44;1.099;0.1435E+03;50.012;300;20;0.2598E+03;0.2166E+03;0.552;1.88;00:45:49.300
236.46;1.104;0.1441E+03;50.013;300;20;0.2610E+03;0.2176E+03;0.552;1.87;00:45:49.400
236.45;1.114;0.1453E+03;50.013;300;20;0.2633E+03;0.2196E+03;0.552;1.86;00:45:49.500
236.48;1.112;0.1451E+03;50.013;300;20;0.2630E+03;0.2193E+03;0.552;1.88;00:45:49.600
236.48;1.112;0.1452E+03;50.013;300;20;0.2629E+03;0.2192E+03;0.552;1.89;00:45:49.700
236.46;1.097;0.1433E+03;50.013;300;20;0.2593E+03;0.2161E+03;0.553;1.87;00:45:49.800
236.45;1.110;0.1448E+03;50.013;300;20;0.2625E+03;0.2190E+03;0.552;1.89;00:45:49.900
236.40;1.096;0.1430E+03;50.014;300;20;0.2590E+03;0.2160E+03;0.552;1.86;00:45:50.000
236.41;1.108;0.1444E+03;50.015;300;20;0.2620E+03;0.2186E+03;0.551;1.88;00:45:50.100
236.45;1.109;0.1448E+03;50.015;300;20;0.2623E+03;0.2187E+03;0.552;1.89;00:45:50.200
236.44;1.107;0.1441E+03;50.017;300;20;0.2617E+03;0.2185E+03;0.551;1.87;00:45:50.300
236.38;1.101;0.1438E+03;50.016;300;20;0.2602E+03;0.2168E+03;0.553;1.86;00:45:50.400
236.41;1.117;0.1457E+03;50.016;300;20;0.2640E+03;0.2201E+03;0.552;1.87;00:45:50.500
236.40;1.114;0.1453E+03;50.017;300;20;0.2633E+03;0.2196E+03;0.552;1.88;00:45:50.600
236.42;1.103;0.1439E+03;50.016;300;20;0.2607E+03;0.2174E+03;0.552;1.86;00:45:50.700
236.47;0.913;0.1195E+03;50.016;300;20;0.2158E+03;0.1797E+03;0.554;1.87;00:45:50.800
236.49;0.768;0.1006E+03;50.017;300;20;0.1815E+03;0.1511E+03;0.554;1.83;00:45:50.900
236.53;0.777;0.1020E+03;50.016;300;20;0.1838E+03;0.1530E+03;0.555;1.84;00:45:51.000
236.47;0.953;0.1241E+03;50.016;300;20;0.2254E+03;0.1882E+03;0.551;1.85;00:45:51.100
236.42;1.128;0.1472E+03;50.016;300;20;0.2668E+03;0.2225E+03;0.552;1.87;00:45:51.200
236.42;1.105;0.1441E+03;50.015;300;20;0.2613E+03;0.2180E+03;0.551;1.86;00:45:51.300
236.40;1.116;0.1453E+03;50.014;300;20;0.2638E+03;0.2202E+03;0.551;1.85;00:45:51.400
236.37;1.117;0.1458E+03;50.014;300;20;0.2641E+03;0.2202E+03;0.552;1.84;00:45:51.500
236.41;1.132;0.1475E+03;50.015;300;20;0.2675E+03;0.2232E+03;0.551;1.85;00:45:51.600
236.39;1.091;0.1422E+03;50.015;300;20;0.2579E+03;0.2152E+03;0.551;1.86;00:45:51.700
236.37;1.127;0.1469E+03;50.015;300;20;0.2663E+03;0.2221E+03;0.552;1.88;00:45:51.800
236.32;1.124;0.1465E+03;50.015;300;20;0.2657E+03;0.2216E+03;0.551;1.84;00:45:51.900
236.28;1.123;0.1461E+03;50.016;300;20;0.2653E+03;0.2215E+03;0.551;1.87;00:45:52.000
236.33;1.129;0.1473E+03;50.015;300;20;0.2668E+03;0.2224E+03;0.552;1.86;00:45:52.100
236.41;1.127;0.1470E+03;50.015;300;20;0.2664E+03;0.2222E+03;0.552;1.87;00:45:52.200
236.40;1.135;0.1477E+03;50.013;300;20;0.2682E+03;0.2239E+03;0.551;1.87;00:45:52.300
236.40;1.122;0.1460E+03;50.014;300;20;0.2653E+03;0.2215E+03;0.550;1.85;00:45:52.400
236.36;1.122;0.1460E+03;50.014;300;20;0.2651E+03;0.2213E+03;0.551;1.88;00:45:52.500
236.39;1.116;0.1456E+03;50.012;300;20;0.2638E+03;0.2199E+03;0.552;1.88;00:45:52.600
236.43;1.127;0.1466E+03;50.011;300;20;0.2663E+03;0.2223E+03;0.551;1.88;00:45:52.700
236.39;1.111;0.1450E+03;50.010;300;20;0.2626E+03;0.2189E+03;0.552;1.86;00:45:52.800
236.41;1.124;0.1465E+03;50.010;300;20;0.2658E+03;0.2217E+03;0.551;1.87;00:45:52.900
236.39;1.108;0.1446E+03;50.008;300;20;0.2619E+03;0.2184E+03;0.552;1.88;00:45:53.000
236.38;1.099;0.1430E+03;50.009;300;20;0.2598E+03;0.2168E+03;0.551;1.87;00:45:53.100
236.38;0.824;0.1080E+03;50.009;300;20;0.1948E+03;0.1622E+03;0.554;1.84;00:45:53.200
236.40;0.765;0.1001E+03;50.008;300;20;0.1808E+03;0.1506E+03;0.554;1.84;00:45:53.300
236.40;0.760;0.0999E+03;50.007;300;20;0.1796E+03;0.1493E+03;0.556;1.85;00:45:53.400
236.42;0.736;0.0968E+03;50.006;300;20;0.1740E+03;0.1445E+03;0.557;1.86;00:45:53.500
236.43;0.736;0.0968E+03;50.006;300;20;0.1740E+03;0.1446E+03;0.556;1.84;00:45:53.600
236.42;0.725;0.0950E+03;50.006;300;20;0.1714E+03;0.1427E+03;0.554;1.82;00:45:53.700
236.41;0.739;0.0969E+03;50.006;300;20;0.1748E+03;0.1454E+03;0.555;1.83;00:45:53.800
236.46;0.724;0.0952E+03;50.004;300;20;0.1712E+03;0.1423E+03;0.556;1.86;00:45:53.900
236.41;0.729;0.0959E+03;50.005;300;20;0.1724E+03;0.1433E+03;0.556;1.83;00:45:54.000
236.49;0.723;0.0953E+03;50.004;300;20;0.1710E+03;0.1420E+03;0.557;1.84;00:45:54.100
236.48;0.733;0.0962E+03;50.002;300;20;0.1733E+03;0.1441E+03;0.555;1.83;00:45:54.200
236.45;0.728;0.0957E+03;50.004;300;20;0.1721E+03;0.1431E+03;0.556;1.83;00:45:54.300
236.46;0.764;0.1000E+03;50.004;300;20;0.1807E+03;0.1505E+03;0.553;1.85;00:45:54.400
236.43;0.932;0.1212E+03;50.003;300;20;0.2204E+03;0.1841E+03;0.550;1.84;00:45:54.500
236.45;1.130;0.1473E+03;50.003;300;20;0.2672E+03;0.2230E+03;0.551;1.85;00:45:54.600
236.42;1.117;0.1454E+03;50.003;300;20;0.2642E+03;0.2205E+03;0.551;1.82;00:45:54.700
236.43;1.103;0.1435E+03;50.002;300;20;0.2608E+03;0.2178E+03;0.550;1.85;00:45:54.800
236.41;1.105;0.1441E+03;50.002;300;20;0.2613E+03;0.2179E+03;0.552;1.86;00:45:54.900
236.41;1.095;0.1428E+03;50.001;300;20;0.2590E+03;0.2161E+03;0.551;1.87;00:45:55.000
236.39;1.108;0.1440E+03;49.999;300;20;0.2620E+03;0.2188E+03;0.550;1.85;00:45:55.100
236.36;1.114;0.1447E+03;49.998;300;20;0.2632E+03;0.2198E+03;0.550;1.87;00:45:55.200
236.39;1.106;0.1439E+03;49.996;300;20;0.2614E+03;0.2183E+03;0.550;1.86;00:45:55.300
236.39;1.095;0.1429E+03;49.996;300;20;0.2587E+03;0.2157E+03;0.552;1.86;00:45:55.400
236.39;1.105;0.1441E+03;49.995;300;20;0.2613E+03;0.2180E+03;0.551;1.87;00:45:55.500
236.37;1.105;0.1428E+03;49.994;300;20;0.2611E+03;0.2186E+03;0.547;1.88;00:45:55.600
236.35;1.121;0.1446E+03;49.994;300;20;0.2648E+03;0.2219E+03;0.546;1.87;00:45:55.700
236.34;1.115;0.1442E+03;49.993;300;20;0.2635E+03;0.2206E+03;0.547;1.88;00:45:55.800
236.31;1.111;0.1432E+03;49.992;300;20;0.2625E+03;0.2200E+03;0.546;1.88;00:45:55.900
236.26;1.119;0.1443E+03;49.992;300;20;0.2643E+03;0.2214E+03;0.546;1.88;00:45:56.000
236.29;1.109;0.1428E+03;49.991;300;20;0.2621E+03;0.2197E+03;0.545;1.85;00:45:56.100
236.36;1.140;0.1473E+03;49.990;300;20;0.2695E+03;0.2257E+03;0.547;1.87;00:45:56.200
236.33;1.116;0.1438E+03;49.990;300;20;0.2638E+03;0.2212E+03;0.545;1.87;00:45:56.300
236.33;1.122;0.1450E+03;49.990;300;20;0.2652E+03;0.2221E+03;0.547;1.88;00:45:56.400
236.33;1.114;0.1439E+03;49.991;300;20;0.2633E+03;0.2204E+03;0.547;1.90;00:45:56.500
236.32;1.065;0.1372E+03;49.990;300;20;0.2516E+03;0.2109E+03;0.545;1.86;00:45:56.600
236.36;0.805;0.1045E+03;49.990;300;20;0.1902E+03;0.1589E+03;0.549;1.85;00:45:56.700
236.33;1.053;0.1347E+03;49.989;300;20;0.2487E+03;0.2091E+03;0.542;1.86;00:45:56.800
236.31;1.136;0.1469E+03;49.988;300;20;0.2684E+03;0.2246E+03;0.547;1.89;00:45:56.900
236.33;1.133;0.1462E+03;49.986;300;20;0.2677E+03;0.2243E+03;0.546;1.87;00:45:57.000
236.33;1.128;0.1458E+03;49.985;300;20;0.2665E+03;0.2231E+03;0.547;1.86;00:45:57.100
236.33;1.141;0.1473E+03;49.985;300;20;0.2698E+03;0.2260E+03;0.546;1.89;00:45:57.200
236.35;1.127;0.1455E+03;49.984;300;20;0.2663E+03;0.2230E+03;0.547;1.87;00:45:57.300
236.35;1.124;0.1452E+03;49.983;300;20;0.2656E+03;0.2224E+03;0.547;1.87;00:45:57.400
236.37;1.141;0.1475E+03;49.981;300;20;0.2696E+03;0.2257E+03;0.547;1.86;00:45:57.500
236.32;1.141;0.1472E+03;49.981;300;20;0.2697E+03;0.2261E+03;0.546;1.88;00:45:57.600
236.35;1.136;0.1467E+03;49.980;300;20;0.2684E+03;0.2248E+03;0.546;1.87;00:45:57.700
236.34;1.118;0.1445E+03;49.980;300;20;0.2643E+03;0.2212E+03;0.547;1.88;00:45:57.800
236.30;1.132;0.1463E+03;49.981;300;20;0.2676E+03;0.2240E+03;0.547;1.88;00:45:57.900
236.26;1.114;0.1438E+03;49.981;300;20;0.2632E+03;0.2205E+03;0.546;1.87;00:45:58.000
236.30;1.141;0.1474E+03;49.982;300;20;0.2697E+03;0.2259E+03;0.546;1.86;00:45:58.100
236.36;1.129;0.1461E+03;49.980;300;20;0.2670E+03;0.2235E+03;0.547;1.86;00:45:58.200
236.33;1.125;0.1451E+03;49.981;300;20;0.2658E+03;0.2227E+03;0.546;1.88;00:45:58.300
236.32;1.122;0.1448E+03;49.979;300;20;0.2651E+03;0.2221E+03;0.546;1.86;00:45:58.400
236.37;1.130;0.1459E+03;49.980;300;20;0.2670E+03;0.2237E+03;0.546;1.85;00:45:58.500
236.38;1.138;0.1473E+03;49.980;300;20;0.2691E+03;0.2252E+03;0.547;1.87;00:45:58.600
236.38;1.121;0.1448E+03;49.979;300;20;0.2649E+03;0.2218E+03;0.547;1.85;00:45:58.700
236.37;1.134;0.1465E+03;49.977;300;20;0.2680E+03;0.2244E+03;0.547;1.84;00:45:58.800
236.44;0.957;0.1234E+03;49.978;300;20;0.2263E+03;0.1897E+03;0.545;1.83;00:45:58.900
236.43;0.811;0.1052E+03;49.978;300;20;0.1918E+03;0.1604E+03;0.548;1.81;00:45:59.000
236.43;0.753;0.0978E+03;49.978;300;20;0.1780E+03;0.1487E+03;0.550;1.81;00:45:59.100
236.43;0.753;0.0979E+03;49.979;300;20;0.1781E+03;0.1488E+03;0.549;1.82;00:45:59.200
236.44;0.727;0.0946E+03;49.978;300;20;0.1718E+03;0.1435E+03;0.550;1.83;00:45:59.300
236.47;0.744;0.0968E+03;49.978;300;20;0.1760E+03;0.1470E+03;0.550;1.81;00:45:59.400
236.48;0.731;0.0951E+03;49.979;300;20;0.1728E+03;0.1443E+03;0.550;1.82;00:45:59.500
236.50;0.747;0.0970E+03;49.978;300;20;0.1765E+03;0.1475E+03;0.550;1.83;00:45:59.600
236.48;0.721;0.0938E+03;49.980;300;20;0.1705E+03;0.1424E+03;0.550;1.82;00:45:59.700
236.49;0.739;0.0961E+03;49.981;300;20;0.1747E+03;0.1460E+03;0.550;1.83;00:45:59.800
236.50;0.746;0.0970E+03;49.979;300;20;0.1763E+03;0.1473E+03;0.550;1.81;00:45:59.900
236.46;0.734;0.0953E+03;49.979;300;20;0.1737E+03;0.1452E+03;0.549;1.83;00:46:00.000
236.48;0.740;0.0963E+03;49.979;300;20;0.1750E+03;0.1461E+03;0.551;1.82;00:46:00.100
236.49;0.894;0.1152E+03;49.978;300;20;0.2115E+03;0.1773E+03;0.545;1.83;00:46:00.200
236.41;1.151;0.1483E+03;49.979;300;20;0.2721E+03;0.2282E+03;0.545;1.83;00:46:00.300
236.45;1.106;0.1428E+03;49.981;300;20;0.2615E+03;0.2190E+03;0.546;1.85;00:46:00.400
236.42;1.126;0.1456E+03;49.980;300;20;0.2662E+03;0.2228E+03;0.547;1.85;00:46:00.500
236.45;1.094;0.1415E+03;49.981;300;20;0.2587E+03;0.2165E+03;0.547;1.85;00:46:00.600
236.41;1.116;0.1441E+03;49.980;300;20;0.2639E+03;0.2210E+03;0.546;1.84;00:46:00.700
236.44;1.103;0.1426E+03;49.981;300;20;0.2609E+03;0.2184E+03;0.547;1.84;00:46:00.800
236.44;1.124;0.1451E+03;49.982;300;20;0.2657E+03;0.2226E+03;0.546;1.85;00:46:00.900
236.43;1.114;0.1439E+03;49.982;300;20;0.2635E+03;0.2207E+03;0.546;1.87;00:46:01.000
236.42;1.113;0.1434E+03;49.982;300;20;0.2631E+03;0.2206E+03;0.545;1.83;00:46:01.100
236.40;1.115;0.1437E+03;49.983;300;20;0.2636E+03;0.2210E+03;0.545;1.84;00:46:01.200
236.43;1.122;0.1444E+03;49.983;300;20;0.2653E+03;0.2225E+03;0.544;1.82;00:46:01.300
236.43;1.123;0.1448E+03;49.983;300;20;0.2654E+03;0.2224E+03;0.546;1.84;00:46:01.400
236.45;1.109;0.1431E+03;49.983;300;20;0.2621E+03;0.2197E+03;0.546;1.86;00:46:01.500
236.45;1.121;0.1447E+03;49.983;300;20;0.2650E+03;0.2221E+03;0.546;1.85;00:46:01.600
236.42;1.115;0.1437E+03;49.983;300;20;0.2635E+03;0.2209E+03;0.545;1.85;00:46:01.700
236.42;1.134;0.1461E+03;49.982;300;20;0.2681E+03;0.2248E+03;0.545;1.85;00:46:01.800
236.42;1.110;0.1432E+03;49.983;300;20;0.2623E+03;0.2198E+03;0.546;1.85;00:46:01.900
236.38;1.127;0.1453E+03;49.984;300;20;0.2663E+03;0.2232E+03;0.546;1.87;00:46:02.000
236.38;1.110;0.1431E+03;49.984;300;20;0.2623E+03;0.2198E+03;0.545;1.86;00:46:02.100
236.45;1.128;0.1457E+03;49.984;300;20;0.2667E+03;0.2234E+03;0.546;1.85;00:46:02.200
236.42;1.105;0.1428E+03;49.985;300;20;0.2612E+03;0.2188E+03;0.547;1.86;00:46:02.300
236.50;0.789;0.1024E+03;49.987;300;20;0.1867E+03;0.1561E+03;0.548;1.84;00:46:02.400
236.41;1.110;0.1426E+03;49.987;300;20;0.2623E+03;0.2202E+03;0.544;1.84;00:46:02.500
236.40;1.125;0.1451E+03;49.988;300;20;0.2659E+03;0.2228E+03;0.546;1.85;00:46:02.600
236.41;1.140;0.1473E+03;49.989;300;20;0.2695E+03;0.2257E+03;0.547;1.87;00:46:02.700
236.42;1.132;0.1462E+03;49.990;300;20;0.2676E+03;0.2241E+03;0.546;1.89;00:46:02.800
236.43;1.130;0.1463E+03;49.989;300;20;0.2672E+03;0.2236E+03;0.547;1.87;00:46:02.900
236.46;1.113;0.1441E+03;49.990;300;20;0.2632E+03;0.2202E+03;0.548;1.88;00:46:03.000
236.41;1.122;0.1451E+03;49.989;300;20;0.2653E+03;0.2222E+03;0.547;1.87;00:46:03.100
236.34;1.119;0.1445E+03;49.989;300;20;0.2644E+03;0.2214E+03;0.546;1.87;00:46:03.200
236.37;1.129;0.1461E+03;49.988;300;20;0.2669E+03;0.2233E+03;0.547;1.88;00:46:03.300
236.44;1.119;0.1453E+03;49.988;300;20;0.2645E+03;0.2210E+03;0.549;1.89;00:46:03.400
236.44;1.129;0.1459E+03;49.989;300;20;0.2668E+03;0.2234E+03;0.547;1.90;00:46:03.500
236.44;1.116;0.1445E+03;49.989;300;20;0.2639E+03;0.2208E+03;0.548;1.87;00:46:03.600
236.45;1.131;0.1463E+03;49.989;300;20;0.2675E+03;0.2239E+03;0.547;1.87;00:46:03.700
236.44;1.118;0.1448E+03;49.990;300;20;0.2643E+03;0.2211E+03;0.548;1.86;00:46:03.800
236.42;1.115;0.1445E+03;49.991;300;20;0.2637E+03;0.2205E+03;0.548;1.88;00:46:03.900
236.40;1.125;0.1459E+03;49.990;300;20;0.2661E+03;0.2225E+03;0.548;1.90;00:46:04.000
236.41;1.124;0.1454E+03;49.990;300;20;0.2657E+03;0.2223E+03;0.547;1.88;00:46:04.100
236.46;1.137;0.1473E+03;49.990;300;20;0.2688E+03;0.2248E+03;0.548;1.90;00:46:04.200
236.43;1.114;0.1444E+03;49.991;300;20;0.2634E+03;0.2203E+03;0.548;1.90;00:46:04.300
236.42;1.132;0.1468E+03;49.990;300;20;0.2677E+03;0.2239E+03;0.548;1.90;00:46:04.400
236.43;1.116;0.1447E+03;49.989;300;20;0.2638E+03;0.2206E+03;0.549;1.89;00:46:04.500
236.44;0.926;0.1199E+03;49.988;300;20;0.2189E+03;0.1832E+03;0.547;1.86;00:46:04.600
236.49;0.775;0.1013E+03;49.988;300;20;0.1834E+03;0.1529E+03;0.552;1.86;00:46:04.700
236.51;0.761;0.0993E+03;49.987;300;20;0.1800E+03;0.1501E+03;0.552;1.86;00:46:04.800
236.57;0.731;0.0955E+03;49.986;300;20;0.1729E+03;0.1441E+03;0.553;1.86;00:46:04.900
236.55;0.731;0.0952E+03;49.986;300;20;0.1728E+03;0.1443E+03;0.551;1.86;00:46:05.000
236.51;0.738;0.0963E+03;49.986;300;20;0.1746E+03;0.1456E+03;0.552;1.87;00:46:05.100
236.46;0.731;0.0950E+03;49.988;300;20;0.1728E+03;0.1443E+03;0.550;1.88;00:46:05.200
236.49;0.734;0.0957E+03;49.988;300;20;0.1736E+03;0.1449E+03;0.551;1.85;00:46:05.300
236.53;0.733;0.0954E+03;49.989;300;20;0.1735E+03;0.1449E+03;0.550;1.87;00:46:05.400
236.51;0.737;0.0960E+03;49.989;300;20;0.1743E+03;0.1455E+03;0.551;1.85;00:46:05.500
236.52;0.739;0.0964E+03;49.989;300;20;0.1749E+03;0.1459E+03;0.551;1.85;00:46:05.600
236.53;0.730;0.0952E+03;49.989;300;20;0.1726E+03;0.1440E+03;0.552;1.86;00:46:05.700
236.50;0.780;0.1012E+03;49.989;300;20;0.1844E+03;0.1542E+03;0.549;1.87;00:46:05.800
236.42;1.104;0.1423E+03;49.989;300;20;0.2611E+03;0.2189E+03;0.545;1.89;00:46:05.900
236.35;1.114;0.1441E+03;49.990;300;20;0.2633E+03;0.2204E+03;0.547;1.88;00:46:06.000
236.36;1.108;0.1431E+03;49.991;300;20;0.2619E+03;0.2193E+03;0.546;1.87;00:46:06.100
236.30;1.104;0.1428E+03;49.989;300;20;0.2610E+03;0.2184E+03;0.547;1.87;00:46:06.200
236.34;1.118;0.1446E+03;49.989;300;20;0.2642E+03;0.2211E+03;0.547;1.86;00:46:06.300
236.37;1.102;0.1424E+03;49.989;300;20;0.2606E+03;0.2182E+03;0.546;1.87;00:46:06.400
236.36;1.115;0.1440E+03;49.990;300;20;0.2635E+03;0.2206E+03;0.547;1.84;00:46:06.500
236.42;1.128;0.1458E+03;49.990;300;20;0.2666E+03;0.2232E+03;0.547;1.89;00:46:06.600
236.41;1.104;0.1426E+03;49.991;300;20;0.2610E+03;0.2186E+03;0.546;1.87;00:46:06.700
236.32;1.109;0.1434E+03;49.990;300;20;0.2621E+03;0.2194E+03;0.547;1.89;00:46:06.800
236.31;1.107;0.1429E+03;49.990;300;20;0.2616E+03;0.2191E+03;0.546;1.86;00:46:06.900
236.33;1.128;0.1461E+03;49.989;300;20;0.2667E+03;0.2231E+03;0.548;1.89;00:46:07.000
236.33;1.093;0.1415E+03;49.989;300;20;0.2583E+03;0.2161E+03;0.548;1.88;00:46:07.100
236.29;1.121;0.1450E+03;49.989;300;20;0.2648E+03;0.2216E+03;0.547;1.89;00:46:07.200
236.32;1.111;0.1436E+03;49.989;300;20;0.2626E+03;0.2198E+03;0.547;1.87;00:46:07.300
236.32;1.117;0.1442E+03;49.991;300;20;0.2639E+03;0.2211E+03;0.546;1.86;00:46:07.400
236.31;1.122;0.1449E+03;49.991;300;20;0.2652E+03;0.2221E+03;0.546;1.86;00:46:07.500
236.31;1.124;0.1453E+03;49.990;300;20;0.2656E+03;0.2224E+03;0.547;1.88;00:46:07.600
236.32;1.113;0.1440E+03;49.991;300;20;0.2629E+03;0.2200E+03;0.548;1.89;00:46:07.700
236.33;1.124;0.1454E+03;49.992;300;20;0.2657E+03;0.2224E+03;0.547;1.87;00:46:07.800
236.33;1.125;0.1456E+03;49.993;300;20;0.2658E+03;0.2224E+03;0.548;1.85;00:46:07.900
236.35;0.769;0.1000E+03;49.994;300;20;0.1818E+03;0.1518E+03;0.550;1.85;00:46:08.000
236.34;1.056;0.1347E+03;49.994;300;20;0.2497E+03;0.2102E+03;0.540;1.88;00:46:08.100
236.37;1.138;0.1471E+03;49.994;300;20;0.2690E+03;0.2252E+03;0.547;1.90;00:46:08.200
236.34;1.128;0.1458E+03;49.994;300;20;0.2666E+03;0.2232E+03;0.547;1.89;00:46:08.300
236.34;1.126;0.1453E+03;49.993;300;20;0.2661E+03;0.2229E+03;0.546;1.89;00:46:08.400
236.34;1.135;0.1465E+03;49.993;300;20;0.2682E+03;0.2246E+03;0.546;1.89;00:46:08.500
236.39;1.128;0.1458E+03;49.993;300;20;0.2666E+03;0.2232E+03;0.547;1.90;00:46:08.600
236.39;1.126;0.1454E+03;49.992;300;20;0.2662E+03;0.2230E+03;0.546;1.89;00:46:08.700
236.38;1.119;0.1444E+03;49.992;300;20;0.2644E+03;0.2215E+03;0.546;1.88;00:46:08.800
236.37;1.136;0.1466E+03;49.991;300;20;0.2684E+03;0.2249E+03;0.546;1.89;00:46:08.900
236.41;1.131;0.1463E+03;49.991;300;20;0.2675E+03;0.2239E+03;0.547;1.89;00:46:09.000
236.41;1.125;0.1451E+03;49.991;300;20;0.2659E+03;0.2228E+03;0.546;1.90;00:46:09.100
236.40;1.115;0.1443E+03;49.992;300;20;0.2637E+03;0.2207E+03;0.547;1.89;00:46:09.200
236.42;1.133;0.1463E+03;49.991;300;20;0.2678E+03;0.2244E+03;0.546;1.89;00:46:09.300
236.43;1.137;0.1471E+03;49.991;300;20;0.2688E+03;0.2251E+03;0.547;1.91;00:46:09.400
236.45;1.122;0.1452E+03;49.991;300;20;0.2654E+03;0.2221E+03;0.547;1.90;00:46:09.500
236.49;1.145;0.1480E+03;49.992;300;20;0.2707E+03;0.2267E+03;0.547;1.89;00:46:09.600
236.51;1.122;0.1447E+03;49.992;300;20;0.2653E+03;0.2224E+03;0.545;1.88;00:46:09.700
236.49;1.134;0.1468E+03;49.992;300;20;0.2683E+03;0.2246E+03;0.547;1.88;00:46:09.800
236.48;1.119;0.1448E+03;49.992;300;20;0.2646E+03;0.2215E+03;0.547;1.88;00:46:09.900
236.44;1.144;0.1478E+03;49.991;300;20;0.2706E+03;0.2266E+03;0.546;1.89;00:46:10.000
236.46;1.112;0.1439E+03;49.992;300;20;0.2629E+03;0.2201E+03;0.547;1.91;00:46:10.100
236.55;1.026;0.1320E+03;49.990;300;20;0.2428E+03;0.2037E+03;0.544;1.88;00:46:10.200
236.55;0.794;0.1033E+03;49.990;300;20;0.1878E+03;0.1569E+03;0.550;1.84;00:46:10.300
236.55;0.764;0.0993E+03;49.991;300;20;0.1807E+03;0.1510E+03;0.549;1.88;00:46:10.400
236.56;0.729;0.0950E+03;49.992;300;20;0.1723E+03;0.1438E+03;0.551;1.86;00:46:10.500
236.57;0.730;0.0952E+03;49.992;300;20;0.1727E+03;0.1442E+03;0.551;1.87;00:46:10.600
236.56;0.742;0.0967E+03;49.991;300;20;0.1755E+03;0.1464E+03;0.551;1.84;00:46:10.700
236.52;0.734;0.0957E+03;49.991;300;20;0.1736E+03;0.1448E+03;0.552;1.85;00:46:10.800
236.57;0.738;0.0963E+03;49.991;300;20;0.1747E+03;0.1457E+03;0.552;1.86;00:46:10.900
236.56;0.724;0.0944E+03;49.991;300;20;0.1712E+03;0.1428E+03;0.552;1.84;00:46:11.000
236.55;0.737;0.0960E+03;49.991;300;20;0.1744E+03;0.1456E+03;0.550;1.84;00:46:11.100
236.50;0.727;0.0946E+03;49.991;300;20;0.1720E+03;0.1436E+03;0.550;1.85;00:46:11.200
236.53;0.737;0.0958E+03;49.992;300;20;0.1743E+03;0.1455E+03;0.550;1.86;00:46:11.300
236.55;0.810;0.1048E+03;49.991;300;20;0.1915E+03;0.1603E+03;0.547;1.88;00:46:11.400
236.49;1.144;0.1476E+03;49.991;300;20;0.2705E+03;0.2266E+03;0.546;1.88;00:46:11.500
236.48;1.094;0.1418E+03;49.990;300;20;0.2588E+03;0.2164E+03;0.548;1.87;00:46:11.600
236.48;1.114;0.1440E+03;49.990;300;20;0.2635E+03;0.2206E+03;0.547;1.87;00:46:11.700
236.46;1.105;0.1430E+03;49.990;300;20;0.2612E+03;0.2187E+03;0.547;1.88;00:46:11.800
236.46;1.111;0.1434E+03;49.989;300;20;0.2626E+03;0.2200E+03;0.546;1.87;00:46:11.900
236.42;1.106;0.1430E+03;49.990;300;20;0.2615E+03;0.2189E+03;0.547;1.86;00:46:12.000
236.45;1.108;0.1433E+03;49.989;300;20;0.2620E+03;0.2193E+03;0.547;1.87;00:46:12.100
236.44;1.114;0.1440E+03;49.988;300;20;0.2634E+03;0.2206E+03;0.547;1.86;00:46:12.200
236.45;1.102;0.1426E+03;49.988;300;20;0.2605E+03;0.2180E+03;0.547;1.87;00:46:12.300
236.42;1.116;0.1444E+03;49.988;300;20;0.2639E+03;0.2210E+03;0.547;1.84;00:46:12.400
236.40;1.090;0.1410E+03;49.987;300;20;0.2577E+03;0.2157E+03;0.547;1.84;00:46:12.500
236.44;1.117;0.1447E+03;49.986;300;20;0.2641E+03;0.2209E+03;0.548;1.85;00:46:12.600
236.43;1.109;0.1437E+03;49.986;300;20;0.2623E+03;0.2194E+03;0.548;1.86;00:46:12.700
236.41;1.117;0.1446E+03;49.987;300;20;0.2642E+03;0.2211E+03;0.548;1.87;00:46:12.800
236.40;1.098;0.1421E+03;49.987;300;20;0.2595E+03;0.2172E+03;0.547;1.87;00:46:12.900
236.39;1.116;0.1443E+03;49.986;300;20;0.2639E+03;0.2209E+03;0.547;1.86;00:46:13.000
236.39;1.126;0.1456E+03;49.986;300;20;0.2661E+03;0.2228E+03;0.547;1.84;00:46:13.100
236.35;1.127;0.1455E+03;49.987;300;20;0.2663E+03;0.2230E+03;0.546;1.86;00:46:13.200
236.40;1.123;0.1452E+03;49.987;300;20;0.2655E+03;0.2222E+03;0.547;1.88;00:46:13.300
236.41;1.111;0.1435E+03;49.987;300;20;0.2627E+03;0.2200E+03;0.546;1.85;00:46:13.400
236.36;1.122;0.1449E+03;49.987;300;20;0.2652E+03;0.2221E+03;0.546;1.87;00:46:13.500
236.48;0.764;0.0993E+03;49.986;300;20;0.1808E+03;0.1510E+03;0.549;1.84;00:46:13.600
236.34;1.151;0.1471E+03;49.987;300;20;0.2719E+03;0.2287E+03;0.541;1.89;00:46:13.700
236.44;1.119;0.1449E+03;49.985;300;20;0.2646E+03;0.2214E+03;0.548;1.88;00:46:13.800
236.49;1.131;0.1465E+03;49.985;300;20;0.2674E+03;0.2238E+03;0.548;1.88;00:46:13.900
236.46;1.125;0.1456E+03;49.986;300;20;0.2661E+03;0.2227E+03;0.547;1.86;00:46:14.000
236.45;1.135;0.1470E+03;49.986;300;20;0.2684E+03;0.2246E+03;0.547;1.87;00:46:14.100
236.50;1.120;0.1454E+03;49.985;300;20;0.2650E+03;0.2215E+03;0.549;1.87;00:46:14.200
236.50;1.126;0.1457E+03;49.985;300;20;0.2663E+03;0.2229E+03;0.547;1.87;00:46:14.300
236.49;1.116;0.1446E+03;49.985;300;20;0.2638E+03;0.2207E+03;0.548;1.86;00:46:14.400
236.53;1.134;0.1466E+03;49.985;300;20;0.2681E+03;0.2245E+03;0.547;1.87;00:46:14.500
236.52;1.131;0.1465E+03;49.984;300;20;0.2676E+03;0.2239E+03;0.547;1.86;00:46:14.600
236.52;1.118;0.1448E+03;49.984;300;20;0.2645E+03;0.2213E+03;0.547;1.88;00:46:14.700
236.53;1.118;0.1447E+03;49.985;300;20;0.2645E+03;0.2214E+03;0.547;1.87;00:46:14.800
236.49;1.133;0.1465E+03;49.986;300;20;0.2680E+03;0.2244E+03;0.547;1.86;00:46:14.900
236.52;1.139;0.1472E+03;49.984;300;20;0.2694E+03;0.2256E+03;0.547;1.85;00:46:15.000
236.50;1.111;0.1437E+03;49.985;300;20;0.2627E+03;0.2199E+03;0.547;1.86;00:46:15.100
236.47;1.135;0.1466E+03;49.986;300;20;0.2684E+03;0.2248E+03;0.546;1.86;00:46:15.200
236.48;1.117;0.1442E+03;49.985;300;20;0.2641E+03;0.2212E+03;0.546;1.87;00:46:15.300
236.50;1.138;0.1469E+03;49.985;300;20;0.2692E+03;0.2256E+03;0.546;1.86;00:46:15.400
236.50;1.128;0.1456E+03;49.986;300;20;0.2668E+03;0.2235E+03;0.546;1.83;00:46:15.500
236.52;1.142;0.1473E+03;49.987;300;20;0.2701E+03;0.2264E+03;0.545;1.87;00:46:15.600
236.52;1.122;0.1448E+03;49.986;300;20;0.2654E+03;0.2224E+03;0.546;1.86;00:46:15.700
236.55;0.960;0.1232E+03;49.986;300;20;0.2272E+03;0.1909E+03;0.542;1.86;00:46:15.800
236.59;0.785;0.1022E+03;49.985;300;20;0.1858E+03;0.1551E+03;0.550;1.86;00:46:15.900
236.53;0.760;0.0986E+03;49.986;300;20;0.1797E+03;0.1503E+03;0.548;1.85;00:46:16.000
236.49;0.735;0.0954E+03;49.985;300;20;0.1738E+03;0.1452E+03;0.549;1.86;00:46:16.100
236.56;0.736;0.0958E+03;49.984;300;20;0.1741E+03;0.1454E+03;0.550;1.87;00:46:16.200
236.54;0.744;0.0967E+03;49.985;300;20;0.1761E+03;0.1471E+03;0.549;1.84;00:46:16.300
236.53;0.735;0.0955E+03;49.984;300;20;0.1738E+03;0.1452E+03;0.550;1.85;00:46:16.400
236.48;0.727;0.0944E+03;49.983;300;20;0.1719E+03;0.1437E+03;0.549;1.84;00:46:16.500
236.46;0.723;0.0942E+03;49.983;300;20;0.1710E+03;0.1427E+03;0.551;1.84;00:46:16.600
236.50;0.747;0.0970E+03;49.983;300;20;0.1767E+03;0.1477E+03;0.549;1.84;00:46:16.700
236.53;0.724;0.0942E+03;49.982;300;20;0.1712E+03;0.1429E+03;0.550;1.81;00:46:16.800
236.51;0.739;0.0960E+03;49.982;300;20;0.1749E+03;0.1462E+03;0.549;1.82;00:46:16.900
236.45;0.988;0.1256E+03;49.983;300;20;0.2335E+03;0.1969E+03;0.538;1.86;00:46:17.000
236.41;1.153;0.1484E+03;49.982;300;20;0.2727E+03;0.2287E+03;0.544;1.86;00:46:17.100
236.42;1.099;0.1420E+03;49.983;300;20;0.2599E+03;0.2177E+03;0.546;1.88;00:46:17.200
236.40;1.112;0.1433E+03;49.984;300;20;0.2630E+03;0.2205E+03;0.545;1.83;00:46:17.300
236.41;1.113;0.1436E+03;49.984;300;20;0.2630E+03;0.2204E+03;0.546;1.87;00:46:17.400
236.39;1.097;0.1416E+03;49.985;300;20;0.2593E+03;0.2172E+03;0.546;1.87;00:46:17.500
236.41;1.115;0.1440E+03;49.984;300;20;0.2635E+03;0.2207E+03;0.547;1.86;00:46:17.600
236.40;1.107;0.1427E+03;49.986;300;20;0.2616E+03;0.2193E+03;0.545;1.85;00:46:17.700
236.39;1.121;0.1444E+03;49.987;300;20;0.2649E+03;0.2220E+03;0.545;1.87;00:46:17.800
236.37;1.107;0.1429E+03;49.988;300;20;0.2617E+03;0.2193E+03;0.546;1.87;00:46:17.900
236.34;1.131;0.1461E+03;49.987;300;20;0.2674E+03;0.2240E+03;0.546;1.87;00:46:18.000
236.35;1.098;0.1418E+03;49.988;300;20;0.2595E+03;0.2173E+03;0.547;1.87;00:46:18.100
236.37;1.122;0.1447E+03;49.989;300;20;0.2651E+03;0.2221E+03;0.546;1.83;00:46:18.200
236.34;1.121;0.1447E+03;49.990;300;20;0.2649E+03;0.2219E+03;0.546;1.86;00:46:18.300
236.38;1.115;0.1437E+03;49.991;300;20;0.2635E+03;0.2209E+03;0.545;1.85;00:46:18.400
236.34;1.108;0.1431E+03;49.991;300;20;0.2619E+03;0.2193E+03;0.546;1.83;00:46:18.500
236.40;1.123;0.1448E+03;49.991;300;20;0.2655E+03;0.2225E+03;0.545;1.86;00:46:18.600
236.40;1.130;0.1457E+03;49.990;300;20;0.2672E+03;0.2239E+03;0.545;1.83;00:46:18.700
236.44;1.132;0.1459E+03;49.990;300;20;0.2677E+03;0.2244E+03;0.545;1.84;00:46:18.800
236.40;1.129;0.1454E+03;49.990;300;20;0.2668E+03;0.2237E+03;0.545;1.80;00:46:18.900
236.43;1.113;0.1434E+03;49.990;300;20;0.2632E+03;0.2207E+03;0.545;1.85;00:46:19.000
236.43;1.105;0.1422E+03;49.990;300;20;0.2613E+03;0.2192E+03;0.544;1.82;00:46:19.100
236.49;0.968;0.1228E+03;49.990;300;20;0.2290E+03;0.1933E+03;0.536;1.81;00:46:19.200
236.46;1.169;0.1505E+03;49.990;300;20;0.2765E+03;0.2320E+03;0.544;1.85;00:46:19.300
236.45;1.112;0.1434E+03;49.989;300;20;0.2630E+03;0.2205E+03;0.545;1.84;00:46:19.400
236.40;1.127;0.1447E+03;49.989;300;20;0.2664E+03;0.2237E+03;0.543;1.84;00:46:19.500
236.36;1.113;0.1433E+03;49.989;300;20;0.2630E+03;0.2205E+03;0.545;1.83;00:46:19.600
236.37;1.143;0.1471E+03;49.990;300;20;0.2701E+03;0.2266E+03;0.544;1.84;00:46:19.700
236.40;1.138;0.1468E+03;49.989;300;20;0.2691E+03;0.2255E+03;0.546;1.86;00:46:19.800
236.41;1.123;0.1448E+03;49.990;300;20;0.2656E+03;0.2226E+03;0.545;1.85;00:46:19.900
236.45;1.133;0.1460E+03;49.990;300;20;0.2679E+03;0.2246E+03;0.545;1.86;00:46:20.000
236.44;1.126;0.1451E+03;49.991;300;20;0.2662E+03;0.2231E+03;0.545;1.85;00:46:20.100
236.45;1.145;0.1479E+03;49.990;300;20;0.2708E+03;0.2269E+03;0.546;1.86;00:46:20.200
236.46;1.121;0.1447E+03;49.991;300;20;0.2651E+03;0.2221E+03;0.546;1.85;00:46:20.300
236.46;1.139;0.1467E+03;49.993;300;20;0.2692E+03;0.2258E+03;0.545;1.85;00:46:20.400
236.46;1.126;0.1451E+03;49.993;300;20;0.2663E+03;0.2233E+03;0.545;1.83;00:46:20.500
236.44;1.128;0.1454E+03;49.994;300;20;0.2667E+03;0.2236E+03;0.545;1.84;00:46:20.600
236.44;1.126;0.1454E+03;49.994;300;20;0.2663E+03;0.2231E+03;0.546;1.85;00:46:20.700
236.48;1.132;0.1463E+03;49.995;300;20;0.2677E+03;0.2242E+03;0.546;1.86;00:46:20.800
236.45;1.120;0.1449E+03;49.995;300;20;0.2649E+03;0.2218E+03;0.547;1.85;00:46:20.900
236.46;1.138;0.1467E+03;49.996;300;20;0.2691E+03;0.2255E+03;0.545;1.84;00:46:21.000
236.45;1.135;0.1464E+03;49.996;300;20;0.2684E+03;0.2250E+03;0.545;1.82;00:46:21.100
236.47;1.144;0.1474E+03;49.997;300;20;0.2706E+03;0.2269E+03;0.545;1.86;00:46:21.200
236.41;1.094;0.1412E+03;49.997;300;20;0.2587E+03;0.2168E+03;0.546;1.84;00:46:21.300
236.48;0.813;0.1052E+03;49.997;300;20;0.1923E+03;0.1610E+03;0.547;1.83;00:46:21.400
236.51;0.775;0.1005E+03;49.997;300;20;0.1832E+03;0.1531E+03;0.549;1.81;00:46:21.500
236.53;0.736;0.0955E+03;49.996;300;20;0.1740E+03;0.1455E+03;0.549;1.80;00:46:21.600
236.54;0.746;0.0969E+03;49.996;300;20;0.1765E+03;0.1475E+03;0.549;1.81;00:46:21.700
236.53;0.727;0.0945E+03;49.995;300;20;0.1720E+03;0.1437E+03;0.549;1.82;00:46:21.800
236.50;0.742;0.0962E+03;49.995;300;20;0.1755E+03;0.1467E+03;0.548;1.83;00:46:21.900
236.48;0.741;0.0962E+03;49.994;300;20;0.1752E+03;0.1465E+03;0.549;1.82;00:46:22.000
236.47;0.742;0.0962E+03;49.994;300;20;0.1754E+03;0.1467E+03;0.549;1.81;00:46:22.100
236.53;0.732;0.0952E+03;49.995;300;20;0.1732E+03;0.1447E+03;0.550;1.83;00:46:22.200
236.50;0.731;0.0948E+03;49.993;300;20;0.1728E+03;0.1445E+03;0.549;1.82;00:46:22.300
236.51;0.733;0.0953E+03;49.994;300;20;0.1734E+03;0.1448E+03;0.550;1.82;00:46:22.400
236.47;0.847;0.1087E+03;49.994;300;20;0.2004E+03;0.1683E+03;0.542;1.81;00:46:22.500
236.43;1.183;0.1524E+03;49.994;300;20;0.2796E+03;0.2344E+03;0.545;1.85;00:46:22.600
236.46;1.107;0.1426E+03;49.993;300;20;0.2617E+03;0.2194E+03;0.545;1.84;00:46:22.700
236.45;1.113;0.1436E+03;49.995;300;20;0.2631E+03;0.2204E+03;0.546;1.84;00:46:22.800
236.47;1.104;0.1423E+03;49.994;300;20;0.2611E+03;0.2189E+03;0.545;1.82;00:46:22.900
236.44;1.118;0.1440E+03;49.995;300;20;0.2643E+03;0.2216E+03;0.545;1.82;00:46:23.000
236.44;1.102;0.1421E+03;49.994;300;20;0.2605E+03;0.2184E+03;0.545;1.82;00:46:23.100
236.44;1.134;0.1463E+03;49.995;300;20;0.2680E+03;0.2246E+03;0.546;1.83;00:46:23.200
236.41;1.098;0.1414E+03;49.996;300;20;0.2595E+03;0.2176E+03;0.545;1.83;00:46:23.300
236.42;1.120;0.1442E+03;49.996;300;20;0.2648E+03;0.2221E+03;0.545;1.84;00:46:23.400
236.42;1.114;0.1436E+03;49.995;300;20;0.2633E+03;0.2207E+03;0.545;1.84;00:46:23.500
236.43;1.129;0.1454E+03;49.996;300;20;0.2668E+03;0.2237E+03;0.545;1.85;00:46:23.600
236.44;1.105;0.1425E+03;49.996;300;20;0.2612E+03;0.2189E+03;0.546;1.84;00:46:23.700
236.46;1.123;0.1445E+03;49.995;300;20;0.2654E+03;0.2226E+03;0.544;1.85;00:46:23.800
236.43;1.119;0.1444E+03;49.995;300;20;0.2646E+03;0.2217E+03;0.546;1.84;00:46:23.900
236.43;1.135;0.1462E+03;49.993;300;20;0.2684E+03;0.2251E+03;0.545;1.84;00:46:24.000
236.43;1.111;0.1432E+03;49.993;300;20;0.2626E+03;0.2201E+03;0.545;1.84;00:46:24.100
236.45;1.109;0.1430E+03;49.991;300;20;0.2622E+03;0.2197E+03;0.545;1.84;00:46:24.200
236.43;1.121;0.1445E+03;49.990;300;20;0.2651E+03;0.2222E+03;0.545;1.85;00:46:24.300
236.43;1.120;0.1442E+03;49.989;300;20;0.2647E+03;0.2220E+03;0.545;1.84;00:46:24.400
236.45;1.120;0.1446E+03;49.991;300;20;0.2649E+03;0.2219E+03;0.546;1.83;00:46:24.500
236.48;1.106;0.1429E+03;49.990;300;20;0.2614E+03;0.2189E+03;0.546;1.85;00:46:24.600
236.50;0.908;0.1161E+03;49.990;300;20;0.2147E+03;0.1806E+03;0.541;1.81;00:46:24.700
236.50;1.166;0.1506E+03;49.989;300;20;0.2758E+03;0.2311E+03;0.546;1.84;00:46:24.800
236.47;1.125;0.1451E+03;49.988;300;20;0.2661E+03;0.2231E+03;0.545;1.84;00:46:24.900
236.47;1.129;0.1458E+03;49.988;300;20;0.2669E+03;0.2235E+03;0.546;1.86;00:46:25.000
236.44;1.128;0.1455E+03;49.988;300;20;0.2667E+03;0.2235E+03;0.546;1.83;00:46:25.100
236.43;1.129;0.1458E+03;49.987;300;20;0.2669E+03;0.2235E+03;0.546;1.83;00:46:25.200
236.45;1.131;0.1461E+03;49.987;300;20;0.2674E+03;0.2240E+03;0.546;1.82;00:46:25.300
236.45;1.129;0.1457E+03;49.987;300;20;0.2669E+03;0.2236E+03;0.546;1.83;00:46:25.400
236.43;1.117;0.1439E+03;49.986;300;20;0.2640E+03;0.2214E+03;0.545;1.84;00:46:25.500
236.47;1.131;0.1459E+03;49.986;300;20;0.2675E+03;0.2242E+03;0.545;1.84;00:46:25.600
236.45;1.121;0.1446E+03;49.986;300;20;0.2650E+03;0.2221E+03;0.546;1.84;00:46:25.700
236.47;1.142;0.1475E+03;49.986;300;20;0.2702E+03;0.2264E+03;0.546;1.85;00:46:25.800
236.45;1.116;0.1443E+03;49.985;300;20;0.2640E+03;0.2211E+03;0.547;1.85;00:46:25.900
236.46;1.144;0.1478E+03;49.986;300;20;0.2706E+03;0.2267E+03;0.546;1.86;00:46:26.000
236.42;1.116;0.1438E+03;49.986;300;20;0.2638E+03;0.2212E+03;0.545;1.86;00:46:26.100
236.49;1.141;0.1474E+03;49.986;300;20;0.2698E+03;0.2260E+03;0.546;1.86;00:46:26.200
236.48;1.129;0.1458E+03;49.987;300;20;0.2669E+03;0.2236E+03;0.546;1.87;00:46:26.300
236.44;1.137;0.1467E+03;49.986;300;20;0.2688E+03;0.2253E+03;0.546;1.87;00:46:26.400
236.46;1.122;0.1452E+03;49.985;300;20;0.2654E+03;0.2221E+03;0.547;1.86;00:46:26.500
236.45;1.122;0.1449E+03;49.984;300;20;0.2654E+03;0.2223E+03;0.546;1.87;00:46:26.600
236.41;1.133;0.1464E+03;49.984;300;20;0.2679E+03;0.2243E+03;0.547;1.85;00:46:26.700
236.43;1.140;0.1469E+03;49.984;300;20;0.2695E+03;0.2259E+03;0.545;1.87;00:46:26.800
236.43;0.890;0.1148E+03;49.983;300;20;0.2104E+03;0.1763E+03;0.545;1.84;00:46:26.900
236.45;0.747;0.0970E+03;49.981;300;20;0.1766E+03;0.1476E+03;0.549;1.83;00:46:27.000
236.41;0.758;0.0983E+03;49.980;300;20;0.1793E+03;0.1500E+03;0.548;1.84;00:46:27.100
236.43;0.746;0.0967E+03;49.980;300;20;0.1763E+03;0.1475E+03;0.548;1.84;00:46:27.200
236.41;0.742;0.0959E+03;49.980;300;20;0.1753E+03;0.1467E+03;0.547;1.84;00:46:27.300
236.30;0.714;0.0924E+03;49.980;300;20;0.1687E+03;0.1411E+03;0.548;1.85;00:46:27.400
236.30;0.744;0.0962E+03;49.980;300;20;0.1758E+03;0.1471E+03;0.547;1.84;00:46:27.500
236.41;0.743;0.0965E+03;49.980;300;20;0.1757E+03;0.1468E+03;0.549;1.84;00:46:27.600
236.42;0.740;0.0957E+03;49.981;300;20;0.1749E+03;0.1464E+03;0.547;1.82;00:46:27.700
236.43;0.733;0.0952E+03;49.980;300;20;0.1733E+03;0.1448E+03;0.549;1.85;00:46:27.800
236.42;0.733;0.0951E+03;49.981;300;20;0.1732E+03;0.1448E+03;0.549;1.84;00:46:27.900
236.37;0.788;0.1016E+03;49.983;300;20;0.1863E+03;0.1561E+03;0.545;1.85;00:46:28.000
236.34;1.168;0.1502E+03;49.982;300;20;0.2761E+03;0.2316E+03;0.544;1.85;00:46:28.100
236.40;1.130;0.1459E+03;49.983;300;20;0.2672E+03;0.2239E+03;0.546;1.85;00:46:28.200
236.37;1.098;0.1418E+03;49.982;300;20;0.2595E+03;0.2173E+03;0.546;1.87;00:46:28.300
236.41;1.121;0.1447E+03;49.983;300;20;0.2650E+03;0.2220E+03;0.546;1.87;00:46:28.400
236.38;1.100;0.1420E+03;49.983;300;20;0.2600E+03;0.2178E+03;0.546;1.86;00:46:28.500
236.37;1.116;0.1441E+03;49.983;300;20;0.2639E+03;0.2210E+03;0.546;1.87;00:46:28.600
236.40;1.119;0.1446E+03;49.982;300;20;0.2645E+03;0.2215E+03;0.547;1.87;00:46:28.700
236.41;1.123;0.1449E+03;49.982;300;20;0.2655E+03;0.2224E+03;0.546;1.87;00:46:28.800
236.44;1.109;0.1433E+03;49.982;300;20;0.2622E+03;0.2196E+03;0.547;1.88;00:46:28.900
236.45;1.116;0.1439E+03;49.981;300;20;0.2640E+03;0.2213E+03;0.545;1.87;00:46:29.000
236.42;1.123;0.1447E+03;49.982;300;20;0.2655E+03;0.2226E+03;0.545;1.87;00:46:29.100
236.49;1.117;0.1440E+03;49.980;300;20;0.2642E+03;0.2215E+03;0.545;1.88;00:46:29.200
236.45;1.116;0.1440E+03;49.980;300;20;0.2639E+03;0.2211E+03;0.546;1.88;00:46:29.300
236.47;1.111;0.1432E+03;49.979;300;20;0.2628E+03;0.2204E+03;0.545;1.88;00:46:29.400
236.47;1.126;0.1450E+03;49.979;300;20;0.2664E+03;0.2234E+03;0.544;1.86;00:46:29.500
236.45;1.113;0.1434E+03;49.979;300;20;0.2631E+03;0.2206E+03;0.545;1.87;00:46:29.600
236.45;1.126;0.1454E+03;49.979;300;20;0.2663E+03;0.2231E+03;0.546;1.86;00:46:29.700
236.46;1.105;0.1427E+03;49.980;300;20;0.2614E+03;0.2190E+03;0.546;1.86;00:46:29.800
236.46;1.122;0.1448E+03;49.980;300;20;0.2653E+03;0.2223E+03;0.546;1.88;00:46:29.900
236.40;1.114;0.1435E+03;49.980;300;20;0.2634E+03;0.2209E+03;0.545;1.85;00:46:30.000
236.46;1.131;0.1456E+03;49.980;300;20;0.2674E+03;0.2243E+03;0.545;1.84;00:46:30.100
236.50;0.956;0.1223E+03;49.981;300;20;0.2262E+03;0.1902E+03;0.541;1.85;00:46:30.200
236.50;0.798;0.1028E+03;49.981;300;20;0.1888E+03;0.1583E+03;0.545;1.84;00:46:30.300
236.46;1.114;0.1435E+03;49.981;300;20;0.2635E+03;0.2209E+03;0.545;1.84;00:46:30.400
236.43;1.123;0.1446E+03;49.982;300;20;0.2656E+03;0.2228E+03;0.545;1.84;00:46:30.500
236.46;1.138;0.1468E+03;49.983;300;20;0.2691E+03;0.2256E+03;0.545;1.86;00:46:30.600
236.43;1.115;0.1437E+03;49.982;300;20;0.2636E+03;0.2210E+03;0.545;1.85;00:46:30.700
236.43;1.127;0.1455E+03;49.982;300;20;0.2665E+03;0.2233E+03;0.546;1.84;00:46:30.800
236.40;1.119;0.1442E+03;49.983;300;20;0.2645E+03;0.2217E+03;0.545;1.84;00:46:30.900
236.39;1.136;0.1465E+03;49.982;300;20;0.2685E+03;0.2250E+03;0.546;1.84;00:46:31.000
236.38;1.121;0.1445E+03;49.982;300;20;0.2651E+03;0.2223E+03;0.545;1.82;00:46:31.100
236.41;1.133;0.1460E+03;49.981;300;20;0.2679E+03;0.2245E+03;0.545;1.84;00:46:31.200
236.40;1.118;0.1441E+03;49.982;300;20;0.2643E+03;0.2216E+03;0.545;1.84;00:46:31.300
236.40;1.135;0.1462E+03;49.981;300;20;0.2684E+03;0.2250E+03;0.545;1.84;00:46:31.400
236.41;1.128;0.1456E+03;49.981;300;20;0.2666E+03;0.2233E+03;0.546;1.84;00:46:31.500
236.46;1.126;0.1455E+03;49.981;300;20;0.2663E+03;0.2231E+03;0.546;1.84;00:46:31.600
236.43;1.128;0.1456E+03;49.981;300;20;0.2666E+03;0.2233E+03;0.546;1.84;00:46:31.700
236.45;1.131;0.1458E+03;49.980;300;20;0.2673E+03;0.2241E+03;0.545;1.84;00:46:31.800
236.43;1.136;0.1465E+03;49.980;300;20;0.2685E+03;0.2250E+03;0.546;1.84;00:46:31.900
236.39;1.108;0.1428E+03;49.982;300;20;0.2619E+03;0.2195E+03;0.545;1.84;00:46:32.000
236.38;1.129;0.1457E+03;49.981;300;20;0.2669E+03;0.2237E+03;0.546;1.85;00:46:32.100
236.45;1.119;0.1445E+03;49.980;300;20;0.2646E+03;0.2216E+03;0.546;1.87;00:46:32.200
236.42;1.138;0.1470E+03;49.980;300;20;0.2691E+03;0.2254E+03;0.546;1.84;00:46:32.300
236.44;1.130;0.1459E+03;49.980;300;20;0.2672E+03;0.2238E+03;0.546;1.85;00:46:32.400
236.48;0.760;0.0988E+03;49.980;300;20;0.1797E+03;0.1501E+03;0.550;1.83;00:46:32.500
236.49;0.748;0.0973E+03;49.980;300;20;0.1769E+03;0.1478E+03;0.550;1.84;00:46:32.600
236.52;0.744;0.0968E+03;49.981;300;20;0.1760E+03;0.1469E+03;0.550;1.84;00:46:32.700
236.52;0.743;0.0968E+03;49.980;300;20;0.1758E+03;0.1467E+03;0.551;1.82;00:46:32.800
236.52;0.745;0.0969E+03;49.980;300;20;0.1762E+03;0.1472E+03;0.550;1.85;00:46:32.900
236.52;0.731;0.0951E+03;49.977;300;20;0.1728E+03;0.1443E+03;0.551;1.84;00:46:33.000
236.52;0.734;0.0954E+03;49.978;300;20;0.1736E+03;0.1451E+03;0.549;1.84;00:46:33.100
236.50;0.738;0.0958E+03;49.979;300;20;0.1745E+03;0.1459E+03;0.549;1.82;00:46:33.200
236.51;0.732;0.0949E+03;49.980;300;20;0.1730E+03;0.1447E+03;0.549;1.83;00:46:33.300
236.52;0.751;0.0974E+03;49.980;300;20;0.1776E+03;0.1485E+03;0.548;1.83;00:46:33.400
236.53;0.731;0.0949E+03;49.979;300;20;0.1729E+03;0.1445E+03;0.549;1.83;00:46:33.500
236.53;0.742;0.0961E+03;49.979;300;20;0.1754E+03;0.1467E+03;0.548;1.82;00:46:33.600
236.52;0.778;0.1007E+03;49.979;300;20;0.1840E+03;0.1540E+03;0.547;1.82;00:46:33.700
236.52;0.838;0.1084E+03;49.980;300;20;0.1983E+03;0.1661E+03;0.547;1.83;00:46:33.800
236.46;0.873;0.1127E+03;49.979;300;20;0.2064E+03;0.1729E+03;0.546;1.84;00:46:33.900
236.45;0.916;0.1179E+03;49.980;300;20;0.2167E+03;0.1818E+03;0.544;1.83;00:46:34.000
236.40;1.043;0.1341E+03;49.980;300;20;0.2465E+03;0.2069E+03;0.544;1.82;00:46:34.100
236.46;1.124;0.1445E+03;49.979;300;20;0.2657E+03;0.2230E+03;0.544;1.84;00:46:34.200
236.42;1.192;0.1533E+03;49.979;300;20;0.2817E+03;0.2364E+03;0.544;1.83;00:46:34.300
236.38;1.249;0.1607E+03;49.979;300;20;0.2952E+03;0.2477E+03;0.544;1.85;00:46:34.400
236.37;1.365;0.1756E+03;49.980;300;20;0.3226E+03;0.2706E+03;0.544;1.85;00:46:34.500
236.38;1.381;0.1777E+03;49.979;300;20;0.3264E+03;0.2738E+03;0.544;1.84;00:46:34.600
236.39;1.388;0.1788E+03;49.979;300;20;0.3282E+03;0.2752E+03;0.545;1.85;00:46:34.700
236.41;1.370;0.1763E+03;49.978;300;20;0.3238E+03;0.2716E+03;0.544;1.83;00:46:34.800
236.40;1.382;0.1779E+03;49.978;300;20;0.3267E+03;0.2740E+03;0.545;1.83;00:46:34.900
236.39;1.356;0.1744E+03;49.979;300;20;0.3204E+03;0.2688E+03;0.544;1.83;00:46:35.000
236.39;1.379;0.1777E+03;49.980;300;20;0.3261E+03;0.2734E+03;0.545;1.85;00:46:35.100
236.38;1.362;0.1758E+03;49.980;300;20;0.3220E+03;0.2697E+03;0.546;1.85;00:46:35.200
236.38;1.214;0.1561E+03;49.980;300;20;0.2871E+03;0.2409E+03;0.544;1.83;00:46:35.300
236.43;1.106;0.1424E+03;49.980;300;20;0.2615E+03;0.2193E+03;0.544;1.82;00:46:35.400
236.46;1.017;0.1306E+03;49.980;300;20;0.2406E+03;0.2020E+03;0.543;1.80;00:46:35.500
236.44;0.945;0.1216E+03;49.980;300;20;0.2234E+03;0.1874E+03;0.544;1.79;00:46:35.600
236.48;0.807;0.1042E+03;49.981;300;20;0.1909E+03;0.1599E+03;0.546;1.81;00:46:35.700
236.47;0.779;0.1010E+03;49.981;300;20;0.1843E+03;0.1542E+03;0.548;1.80;00:46:35.800
236.52;0.752;0.0975E+03;49.983;300;20;0.1778E+03;0.1487E+03;0.548;1.81;00:46:35.900
236.47;0.767;0.0991E+03;49.982;300;20;0.1813E+03;0.1518E+03;0.547;1.81;00:46:36.000
236.43;0.952;0.1225E+03;49.981;300;20;0.2250E+03;0.1888E+03;0.544;1.80;00:46:36.100
236.50;1.048;0.1344E+03;49.981;300;20;0.2477E+03;0.2081E+03;0.543;1.82;00:46:36.200
236.35;1.125;0.1443E+03;49.981;300;20;0.2658E+03;0.2232E+03;0.543;1.82;00:46:36.300
236.36;1.279;0.1645E+03;49.980;300;20;0.3024E+03;0.2537E+03;0.544;1.84;00:46:36.400
236.32;1.389;0.1791E+03;49.979;300;20;0.3282E+03;0.2750E+03;0.546;1.81;00:46:36.500
236.35;1.393;0.1797E+03;49.980;300;20;0.3292E+03;0.2759E+03;0.546;1.81;00:46:36.600
236.34;1.387;0.1791E+03;49.980;300;20;0.3277E+03;0.2745E+03;0.546;1.82;00:46:36.700
236.33;1.389;0.1790E+03;49.980;300;20;0.3282E+03;0.2751E+03;0.545;1.82;00:46:36.800
236.36;1.381;0.1784E+03;49.980;300;20;0.3264E+03;0.2733E+03;0.547;1.81;00:46:36.900
236.35;1.395;0.1800E+03;49.980;300;20;0.3297E+03;0.2763E+03;0.546;1.83;00:46:37.000
236.34;1.390;0.1793E+03;49.980;300;20;0.3284E+03;0.2752E+03;0.546;1.85;00:46:37.100
236.30;1.346;0.1736E+03;49.980;300;20;0.3181E+03;0.2666E+03;0.546;1.85;00:46:37.200
236.36;1.238;0.1596E+03;49.980;300;20;0.2927E+03;0.2453E+03;0.545;1.86;00:46:37.300
236.37;1.164;0.1496E+03;49.980;300;20;0.2751E+03;0.2309E+03;0.544;1.82;00:46:37.400
236.34;1.112;0.1428E+03;49.980;300;20;0.2629E+03;0.2207E+03;0.543;1.83;00:46:37.500
236.39;1.033;0.1331E+03;49.980;300;20;0.2442E+03;0.2048E+03;0.545;1.84;00:46:37.600
236.37;0.957;0.1232E+03;49.977;300;20;0.2262E+03;0.1897E+03;0.545;1.85;00:46:37.700
236.40;0.883;0.1140E+03;49.976;300;20;0.2088E+03;0.1749E+03;0.546;1.84;00:46:37.800
236.38;0.857;0.1105E+03;49.974;300;20;0.2025E+03;0.1697E+03;0.546;1.82;00:46:37.900
236.36;0.812;0.1050E+03;49.974;300;20;0.1919E+03;0.1606E+03;0.547;1.81;00:46:38.000
236.42;0.777;0.1007E+03;49.974;300;20;0.1837E+03;0.1537E+03;0.548;1.81;00:46:38.100
236.44;0.763;0.0988E+03;49.973;300;20;0.1803E+03;0.1509E+03;0.548;1.82;00:46:38.200
236.45;0.755;0.0977E+03;49.972;300;20;0.1786E+03;0.1494E+03;0.547;1.80;00:46:38.300
236.44;0.760;0.0985E+03;49.971;300;20;0.1797E+03;0.1502E+03;0.548;1.79;00:46:38.400
236.45;0.747;0.0968E+03;49.970;300;20;0.1767E+03;0.1478E+03;0.548;1.79;00:46:38.500
236.44;0.753;0.0977E+03;49.968;300;20;0.1781E+03;0.1490E+03;0.548;1.78;00:46:38.600
236.49;0.742;0.0963E+03;49.969;300;20;0.1755E+03;0.1468E+03;0.549;1.80;00:46:38.700
236.45;0.749;0.0970E+03;49.969;300;20;0.1771E+03;0.1482E+03;0.548;1.78;00:46:38.800
236.43;0.734;0.0952E+03;49.967;300;20;0.1736E+03;0.1452E+03;0.548;1.78;00:46:38.900
236.47;0.754;0.0978E+03;49.967;300;20;0.1784E+03;0.1492E+03;0.548;1.79;00:46:39.000
236.44;0.735;0.0954E+03;49.966;300;20;0.1739E+03;0.1454E+03;0.548;1.79;00:46:39.100
236.51;0.746;0.0967E+03;49.964;300;20;0.1765E+03;0.1476E+03;0.548;1.81;00:46:39.200
236.50;0.792;0.1024E+03;49.963;300;20;0.1872E+03;0.1568E+03;0.547;1.79;00:46:39.300
236.51;0.929;0.1196E+03;49.964;300;20;0.2196E+03;0.1842E+03;0.545;1.80;00:46:39.400
236.51;1.043;0.1342E+03;49.964;300;20;0.2466E+03;0.2069E+03;0.544;1.82;00:46:39.500
236.49;1.167;0.1501E+03;49.964;300;20;0.2760E+03;0.2316E+03;0.544;1.83;00:46:39.600
236.46;1.391;0.1800E+03;49.964;300;20;0.3289E+03;0.2753E+03;0.547;1.86;00:46:39.700
236.44;1.360;0.1755E+03;49.964;300;20;0.3215E+03;0.2694E+03;0.546;1.85;00:46:39.800
236.44;1.372;0.1772E+03;49.964;300;20;0.3244E+03;0.2717E+03;0.546;1.86;00:46:39.900
236.46;1.345;0.1736E+03;49.963;300;20;0.3180E+03;0.2664E+03;0.546;1.86;00:46:40.000
236.42;1.365;0.1766E+03;49.964;300;20;0.3226E+03;0.2700E+03;0.547;1.85;00:46:40.100
236.45;1.364;0.1765E+03;49.963;300;20;0.3225E+03;0.2700E+03;0.547;1.86;00:46:40.200
236.47;1.377;0.1780E+03;49.964;300;20;0.3257E+03;0.2727E+03;0.547;1.84;00:46:40.300
236.46;1.356;0.1755E+03;49.963;300;20;0.3207E+03;0.2684E+03;0.547;1.86;00:46:40.400
236.44;1.371;0.1772E+03;49.963;300;20;0.3242E+03;0.2715E+03;0.547;1.86;00:46:40.500
236.44;1.358;0.1757E+03;49.963;300;20;0.3211E+03;0.2687E+03;0.547;1.86;00:46:40.600
236.47;1.380;0.1785E+03;49.964;300;20;0.3264E+03;0.2733E+03;0.547;1.85;00:46:40.700
236.45;1.322;0.1710E+03;49.963;300;20;0.3126E+03;0.2617E+03;0.547;1.83;00:46:40.800
236.51;0.924;0.1193E+03;49.962;300;20;0.2185E+03;0.1831E+03;0.546;1.81;00:46:40.900
236.52;0.808;0.1050E+03;49.964;300;20;0.1912E+03;0.1597E+03;0.549;1.81;00:46:41.000
236.52;0.764;0.0991E+03;49.963;300;20;0.1806E+03;0.1510E+03;0.549;1.80;00:46:41.100
236.53;0.807;0.1044E+03;49.964;300;20;0.1910E+03;0.1599E+03;0.547;1.79;00:46:41.200
236.45;1.227;0.1579E+03;49.964;300;20;0.2902E+03;0.2434E+03;0.544;1.81;00:46:41.300
236.44;1.433;0.1856E+03;49.964;300;20;0.3389E+03;0.2836E+03;0.548;1.86;00:46:41.400
236.48;1.381;0.1788E+03;49.964;300;20;0.3266E+03;0.2734E+03;0.547;1.85;00:46:41.500
236.47;1.386;0.1793E+03;49.966;300;20;0.3278E+03;0.2744E+03;0.547;1.85;00:46:41.600
236.48;1.375;0.1778E+03;49.966;300;20;0.3251E+03;0.2721E+03;0.547;1.84;00:46:41.700
236.47;1.396;0.1806E+03;49.966;300;20;0.3302E+03;0.2764E+03;0.547;1.84;00:46:41.800
236.51;1.376;0.1781E+03;49.968;300;20;0.3255E+03;0.2725E+03;0.547;1.86;00:46:41.900
236.48;1.374;0.1776E+03;49.968;300;20;0.3250E+03;0.2722E+03;0.546;1.85;00:46:42.000
236.50;1.383;0.1786E+03;49.969;300;20;0.3270E+03;0.2739E+03;0.546;1.85;00:46:42.100
236.51;1.378;0.1779E+03;49.971;300;20;0.3258E+03;0.2729E+03;0.546;1.84;00:46:42.200
236.50;1.389;0.1797E+03;49.972;300;20;0.3285E+03;0.2750E+03;0.547;1.86;00:46:42.300
236.50;1.377;0.1781E+03;49.972;300;20;0.3256E+03;0.2726E+03;0.547;1.86;00:46:42.400
236.55;1.225;0.1581E+03;49.972;300;20;0.2898E+03;0.2428E+03;0.546;1.86;00:46:42.500
236.56;1.091;0.1403E+03;49.974;300;20;0.2580E+03;0.2165E+03;0.544;1.82;00:46:42.600
236.57;1.004;0.1294E+03;49.974;300;20;0.2376E+03;0.1992E+03;0.545;1.82;00:46:42.700
236.62;0.888;0.1148E+03;49.975;300;20;0.2100E+03;0.1759E+03;0.547;1.82;00:46:42.800
236.63;0.780;0.1011E+03;49.976;300;20;0.1846E+03;0.1544E+03;0.548;1.84;00:46:42.900
236.62;0.751;0.0974E+03;49.977;300;20;0.1776E+03;0.1485E+03;0.549;1.81;00:46:43.000
236.61;0.758;0.0983E+03;49.977;300;20;0.1795E+03;0.1502E+03;0.548;1.79;00:46:43.100
236.62;0.744;0.0965E+03;49.978;300;20;0.1760E+03;0.1473E+03;0.548;1.81;00:46:43.200
236.66;0.746;0.0968E+03;49.979;300;20;0.1765E+03;0.1476E+03;0.549;1.82;00:46:43.300
236.65;0.730;0.0947E+03;49.979;300;20;0.1727E+03;0.1444E+03;0.549;1.81;00:46:43.400
236.63;0.740;0.0959E+03;49.981;300;20;0.1752E+03;0.1466E+03;0.547;1.79;00:46:43.500
236.66;0.748;0.0970E+03;49.981;300;20;0.1771E+03;0.1482E+03;0.548;1.80;00:46:43.600
236.65;0.741;0.0962E+03;49.983;300;20;0.1755E+03;0.1467E+03;0.548;1.80;00:46:43.700
236.68;0.746;0.0969E+03;49.984;300;20;0.1765E+03;0.1476E+03;0.549;1.82;00:46:43.800
236.70;0.734;0.0953E+03;49.984;300;20;0.1737E+03;0.1453E+03;0.549;1.83;00:46:43.900
236.65;0.736;0.0952E+03;49.984;300;20;0.1741E+03;0.1457E+03;0.547;1.80;00:46:44.000
236.68;0.896;0.1154E+03;49.985;300;20;0.2120E+03;0.1779E+03;0.544;1.81;00:46:44.100
236.66;1.109;0.1424E+03;49.986;300;20;0.2624E+03;0.2204E+03;0.543;1.83;00:46:44.200
236.60;1.325;0.1706E+03;49.986;300;20;0.3135E+03;0.2630E+03;0.544;1.84;00:46:44.300
236.56;1.412;0.1821E+03;49.986;300;20;0.3340E+03;0.2800E+03;0.545;1.85;00:46:44.400
236.59;1.359;0.1755E+03;49.985;300;20;0.3214E+03;0.2693E+03;0.546;1.85;00:46:44.500
236.58;1.372;0.1773E+03;49.985;300;20;0.3247E+03;0.2720E+03;0.546;1.84;00:46:44.600
236.61;1.370;0.1773E+03;49.984;300;20;0.3242E+03;0.2714E+03;0.547;1.85;00:46:44.700
236.62;1.369;0.1770E+03;49.984;300;20;0.3240E+03;0.2714E+03;0.546;1.84;00:46:44.800
236.60;1.354;0.1751E+03;49.985;300;20;0.3204E+03;0.2683E+03;0.546;1.84;00:46:44.900
236.60;1.363;0.1761E+03;49.984;300;20;0.3225E+03;0.2702E+03;0.546;1.85;00:46:45.000
236.57;1.372;0.1773E+03;49.984;300;20;0.3245E+03;0.2718E+03;0.546;1.85;00:46:45.100
236.55;1.346;0.1737E+03;49.984;300;20;0.3184E+03;0.2668E+03;0.546;1.85;00:46:45.200
236.55;1.376;0.1776E+03;49.985;300;20;0.3254E+03;0.2727E+03;0.546;1.85;00:46:45.300
236.56;1.367;0.1764E+03;49.986;300;20;0.3235E+03;0.2711E+03;0.545;1.84;00:46:45.400
236.58;1.370;0.1766E+03;49.987;300;20;0.3240E+03;0.2717E+03;0.545;1.85;00:46:45.500
236.62;1.095;0.1410E+03;49.987;300;20;0.2591E+03;0.2173E+03;0.544;1.81;00:46:45.600
236.70;0.771;0.1000E+03;49.988;300;20;0.1825E+03;0.1526E+03;0.548;1.81;00:46:45.700
236.66;0.831;0.1069E+03;49.987;300;20;0.1966E+03;0.1649E+03;0.544;1.82;00:46:45.800
236.58;1.195;0.1532E+03;49.987;300;20;0.2828E+03;0.2377E+03;0.542;1.85;00:46:45.900
236.51;1.442;0.1865E+03;49.989;300;20;0.3410E+03;0.2855E+03;0.547;1.85;00:46:46.000
236.55;1.389;0.1793E+03;49.988;300;20;0.3285E+03;0.2752E+03;0.546;1.87;00:46:46.100
236.52;1.372;0.1771E+03;49.988;300;20;0.3245E+03;0.2719E+03;0.546;1.87;00:46:46.200
236.53;1.385;0.1790E+03;49.988;300;20;0.3275E+03;0.2743E+03;0.546;1.85;00:46:46.300
236.53;1.392;0.1796E+03;49.988;300;20;0.3291E+03;0.2758E+03;0.546;1.86;00:46:46.400
236.48;1.387;0.1789E+03;49.988;300;20;0.3281E+03;0.2750E+03;0.545;1.85;00:46:46.500
236.49;1.395;0.1803E+03;49.989;300;20;0.3298E+03;0.2762E+03;0.547;1.87;00:46:46.600
236.50;1.377;0.1782E+03;49.989;300;20;0.3257E+03;0.2727E+03;0.547;1.88;00:46:46.700
236.50;1.382;0.1788E+03;49.989;300;20;0.3269E+03;0.2737E+03;0.547;1.87;00:46:46.800
236.47;1.380;0.1789E+03;49.990;300;20;0.3264E+03;0.2730E+03;0.548;1.86;00:46:46.900
236.48;1.386;0.1795E+03;49.990;300;20;0.3279E+03;0.2744E+03;0.547;1.86;00:46:47.000
236.47;1.369;0.1772E+03;49.990;300;20;0.3238E+03;0.2709E+03;0.547;1.85;00:46:47.100
236.47;1.238;0.1589E+03;49.990;300;20;0.2927E+03;0.2457E+03;0.543;1.85;00:46:47.200
236.51;0.870;0.1127E+03;49.990;300;20;0.2057E+03;0.1720E+03;0.548;1.81;00:46:47.300
236.54;0.798;0.1035E+03;49.989;300;20;0.1888E+03;0.1578E+03;0.548;1.81;00:46:47.400
236.54;0.766;0.0996E+03;49.989;300;20;0.1812E+03;0.1513E+03;0.550;1.81;00:46:47.500
236.52;0.748;0.0972E+03;49.989;300;20;0.1769E+03;0.1478E+03;0.549;1.81;00:46:47.600
236.53;0.725;0.0944E+03;49.989;300;20;0.1715E+03;0.1432E+03;0.550;1.81;00:46:47.700
236.55;0.737;0.0959E+03;49.989;300;20;0.1744E+03;0.1456E+03;0.550;1.79;00:46:47.800
236.57;0.743;0.0967E+03;49.988;300;20;0.1758E+03;0.1469E+03;0.550;1.79;00:46:47.900
236.51;0.707;0.0920E+03;49.988;300;20;0.1672E+03;0.1396E+03;0.550;1.80;00:46:48.000
236.57;0.742;0.0966E+03;49.989;300;20;0.1756E+03;0.1466E+03;0.550;1.80;00:46:48.100
236.60;0.724;0.0943E+03;49.989;300;20;0.1713E+03;0.1430E+03;0.550;1.80;00:46:48.200
236.58;0.747;0.0970E+03;49.989;300;20;0.1767E+03;0.1477E+03;0.549;1.80;00:46:48.300
236.60;0.736;0.0958E+03;49.989;300;20;0.1741E+03;0.1454E+03;0.550;1.81;00:46:48.400
236.58;0.751;0.0975E+03;49.989;300;20;0.1776E+03;0.1485E+03;0.549;1.80;00:46:48.500
236.56;0.890;0.1144E+03;49.988;300;20;0.2105E+03;0.1767E+03;0.543;1.80;00:46:48.600
236.54;1.211;0.1555E+03;49.988;300;20;0.2864E+03;0.2405E+03;0.543;1.82;00:46:48.700
236.50;1.446;0.1873E+03;49.988;300;20;0.3419E+03;0.2860E+03;0.548;1.84;00:46:48.800
236.51;1.357;0.1753E+03;49.988;300;20;0.3210E+03;0.2688E+03;0.546;1.84;00:46:48.900
236.48;1.359;0.1760E+03;49.988;300;20;0.3215E+03;0.2690E+03;0.548;1.86;00:46:49.000
236.49;1.355;0.1752E+03;49.988;300;20;0.3205E+03;0.2684E+03;0.547;1.85;00:46:49.100
236.48;1.362;0.1758E+03;49.987;300;20;0.3220E+03;0.2698E+03;0.546;1.86;00:46:49.200
236.56;1.366;0.1764E+03;49.987;300;20;0.3231E+03;0.2707E+03;0.546;1.85;00:46:49.300
236.51;1.362;0.1757E+03;49.987;300;20;0.3220E+03;0.2699E+03;0.546;1.88;00:46:49.400
236.50;1.358;0.1753E+03;49.987;300;20;0.3211E+03;0.2691E+03;0.546;1.86;00:46:49.500
236.52;1.367;0.1765E+03;49.987;300;20;0.3232E+03;0.2708E+03;0.546;1.86;00:46:49.600
236.54;1.362;0.1764E+03;49.986;300;20;0.3222E+03;0.2696E+03;0.547;1.85;00:46:49.700
236.55;1.365;0.1765E+03;49.985;300;20;0.3228E+03;0.2703E+03;0.547;1.85;00:46:49.800
236.55;1.365;0.1765E+03;49.986;300;20;0.3228E+03;0.2702E+03;0.547;1.87;00:46:49.900
236.50;1.345;0.1737E+03;49.987;300;20;0.3182E+03;0.2666E+03;0.546;1.87;00:46:50.000
236.63;0.774;0.1006E+03;49.987;300;20;0.1832E+03;0.1531E+03;0.549;1.83;00:46:50.100
236.65;0.788;0.1020E+03;49.987;300;20;0.1866E+03;0.1562E+03;0.547;1.81;00:46:50.200
236.57;1.217;0.1550E+03;49.987;300;20;0.2879E+03;0.2427E+03;0.538;1.86;00:46:50.300
236.53;1.445;0.1870E+03;49.987;300;20;0.3417E+03;0.2860E+03;0.547;1.86;00:46:50.400
236.53;1.377;0.1781E+03;49.987;300;20;0.3258E+03;0.2728E+03;0.547;1.87;00:46:50.500
236.54;1.378;0.1782E+03;49.988;300;20;0.3261E+03;0.2731E+03;0.546;1.86;00:46:50.600
236.55;1.387;0.1792E+03;49.988;300;20;0.3282E+03;0.2749E+03;0.546;1.86;00:46:50.700
236.57;1.383;0.1786E+03;49.989;300;20;0.3271E+03;0.2740E+03;0.546;1.85;00:46:50.800
236.55;1.405;0.1816E+03;49.988;300;20;0.3323E+03;0.2783E+03;0.546;1.85;00:46:50.900
236.54;1.370;0.1769E+03;49.987;300;20;0.3240E+03;0.2715E+03;0.546;1.86;00:46:51.000
236.51;1.384;0.1782E+03;49.987;300;20;0.3272E+03;0.2745E+03;0.544;1.80;00:46:51.100
236.48;1.375;0.1775E+03;49.987;300;20;0.3253E+03;0.2725E+03;0.546;1.82;00:46:51.200
236.50;1.385;0.1788E+03;49.987;300;20;0.3276E+03;0.2745E+03;0.546;1.82;00:46:51.300
236.55;1.382;0.1787E+03;49.988;300;20;0.3270E+03;0.2739E+03;0.546;1.83;00:46:51.400
236.54;1.371;0.1768E+03;49.988;300;20;0.3242E+03;0.2717E+03;0.545;1.83;00:46:51.500
236.48;1.359;0.1754E+03;49.988;300;20;0.3214E+03;0.2693E+03;0.546;1.81;00:46:51.600
236.62;0.859;0.1111E+03;49.989;300;20;0.2033E+03;0.1702E+03;0.547;1.81;00:46:51.700
236.63;0.782;0.1015E+03;49.988;300;20;0.1850E+03;0.1547E+03;0.548;1.81;00:46:51.800
236.64;0.753;0.0977E+03;49.987;300;20;0.1782E+03;0.1490E+03;0.548;1.79;00:46:51.900
236.58;0.742;0.0961E+03;49.987;300;20;0.1756E+03;0.1470E+03;0.547;1.80;00:46:52.000
236.64;0.741;0.0962E+03;49.986;300;20;0.1753E+03;0.1466E+03;0.549;1.79;00:46:52.100
236.67;0.738;0.0960E+03;49.986;300;20;0.1746E+03;0.1458E+03;0.550;1.79;00:46:52.200
236.63;0.720;0.0939E+03;49.985;300;20;0.1705E+03;0.1423E+03;0.551;1.80;00:46:52.300
236.61;0.741;0.0963E+03;49.984;300;20;0.1753E+03;0.1465E+03;0.549;1.80;00:46:52.400
236.62;0.723;0.0940E+03;49.984;300;20;0.1711E+03;0.1429E+03;0.550;1.79;00:46:52.500
236.60;0.742;0.0963E+03;49.983;300;20;0.1756E+03;0.1468E+03;0.548;1.78;00:46:52.600
236.64;0.743;0.0967E+03;49.982;300;20;0.1759E+03;0.1469E+03;0.550;1.81;00:46:52.700
236.62;0.725;0.0942E+03;49.983;300;20;0.1716E+03;0.1434E+03;0.549;1.79;00:46:52.800
236.61;0.816;0.1052E+03;49.984;300;20;0.1930E+03;0.1618E+03;0.545;1.81;00:46:52.900
236.53;1.173;0.1501E+03;49.984;300;20;0.2774E+03;0.2332E+03;0.541;1.81;00:46:53.000
236.45;1.454;0.1883E+03;49.984;300;20;0.3439E+03;0.2877E+03;0.548;1.83;00:46:53.100
236.47;1.352;0.1748E+03;49.982;300;20;0.3197E+03;0.2676E+03;0.547;1.83;00:46:53.200
236.44;1.369;0.1770E+03;49.983;300;20;0.3237E+03;0.2710E+03;0.547;1.84;00:46:53.300
236.45;1.353;0.1748E+03;49.983;300;20;0.3198E+03;0.2679E+03;0.546;1.85;00:46:53.400
236.45;1.364;0.1762E+03;49.983;300;20;0.3224E+03;0.2700E+03;0.547;1.81;00:46:53.500
236.43;1.356;0.1754E+03;49.982;300;20;0.3206E+03;0.2684E+03;0.547;1.85;00:46:53.600
236.46;1.365;0.1761E+03;49.981;300;20;0.3227E+03;0.2704E+03;0.546;1.84;00:46:53.700
236.47;1.352;0.1748E+03;49.980;300;20;0.3197E+03;0.2677E+03;0.547;1.84;00:46:53.800
236.50;1.358;0.1754E+03;49.980;300;20;0.3211E+03;0.2689E+03;0.546;1.86;00:46:53.900
236.44;1.356;0.1751E+03;49.979;300;20;0.3206E+03;0.2685E+03;0.546;1.84;00:46:54.000
236.47;1.373;0.1774E+03;49.979;300;20;0.3247E+03;0.2720E+03;0.546;1.86;00:46:54.100
236.47;1.356;0.1752E+03;49.979;300;20;0.3206E+03;0.2685E+03;0.547;1.87;00:46:54.200
236.47;1.360;0.1756E+03;49.979;300;20;0.3217E+03;0.2695E+03;0.546;1.86;00:46:54.300
236.50;1.213;0.1552E+03;49.979;300;20;0.2868E+03;0.2411E+03;0.541;1.84;00:46:54.400
236.59;0.810;0.1046E+03;49.978;300;20;0.1915E+03;0.1605E+03;0.546;1.81;00:46:54.500
236.52;1.372;0.1757E+03;49.978;300;20;0.3246E+03;0.2730E+03;0.541;1.86;00:46:54.600
236.54;1.419;0.1840E+03;49.979;300;20;0.3356E+03;0.2806E+03;0.548;1.86;00:46:54.700
236.55;1.391;0.1797E+03;49.980;300;20;0.3291E+03;0.2757E+03;0.546;1.86;00:46:54.800
236.54;1.375;0.1776E+03;49.980;300;20;0.3251E+03;0.2723E+03;0.546;1.86;00:46:54.900
236.52;1.385;0.1788E+03;49.980;300;20;0.3275E+03;0.2743E+03;0.546;1.86;00:46:55.000
236.54;1.379;0.1783E+03;49.980;300;20;0.3263E+03;0.2733E+03;0.546;1.87;00:46:55.100
236.50;1.374;0.1771E+03;49.981;300;20;0.3250E+03;0.2725E+03;0.545;1.87;00:46:55.200
236.50;1.371;0.1770E+03;49.981;300;20;0.3243E+03;0.2718E+03;0.546;1.85;00:46:55.300
236.52;1.380;0.1781E+03;49.981;300;20;0.3263E+03;0.2734E+03;0.546;1.87;00:46:55.400
236.52;1.385;0.1791E+03;49.982;300;20;0.3276E+03;0.2744E+03;0.547;1.89;00:46:55.500
236.57;1.376;0.1780E+03;49.982;300;20;0.3254E+03;0.2724E+03;0.547;1.88;00:46:55.600
236.59;1.380;0.1785E+03;49.982;300;20;0.3265E+03;0.2735E+03;0.547;1.89;00:46:55.700
236.56;1.360;0.1755E+03;49.981;300;20;0.3217E+03;0.2696E+03;0.546;1.86;00:46:55.800
236.47;1.362;0.1758E+03;49.981;300;20;0.3221E+03;0.2699E+03;0.546;1.87;00:46:55.900
236.26;0.973;0.1242E+03;49.981;300;20;0.2299E+03;0.1934E+03;0.540;1.81;00:46:56.000
236.50;0.784;0.1016E+03;49.981;300;20;0.1853E+03;0.1550E+03;0.548;1.85;00:46:56.100
236.59;0.755;0.0981E+03;49.981;300;20;0.1787E+03;0.1494E+03;0.549;1.85;00:46:56.200
236.59;0.750;0.0972E+03;49.980;300;20;0.1774E+03;0.1484E+03;0.548;1.81;00:46:56.300
236.60;0.734;0.0954E+03;49.979;300;20;0.1737E+03;0.1452E+03;0.549;1.82;00:46:56.400
236.61;0.748;0.0970E+03;49.979;300;20;0.1770E+03;0.1481E+03;0.548;1.83;00:46:56.500
236.59;0.724;0.0938E+03;49.979;300;20;0.1712E+03;0.1432E+03;0.548;1.84;00:46:56.600
236.59;0.743;0.0963E+03;49.979;300;20;0.1757E+03;0.1470E+03;0.548;1.84;00:46:56.700
236.61;0.742;0.0964E+03;49.979;300;20;0.1756E+03;0.1468E+03;0.549;1.82;00:46:56.800
236.56;0.745;0.0965E+03;49.979;300;20;0.1762E+03;0.1474E+03;0.548;1.84;00:46:56.900
236.59;0.743;0.0965E+03;49.979;300;20;0.1758E+03;0.1470E+03;0.549;1.83;00:46:57.000
236.58;0.728;0.0943E+03;49.980;300;20;0.1721E+03;0.1440E+03;0.548;1.83;00:46:57.100
236.52;0.743;0.0962E+03;49.979;300;20;0.1758E+03;0.1471E+03;0.547;1.80;00:46:57.200
236.43;1.456;0.1881E+03;49.978;300;20;0.3442E+03;0.2883E+03;0.547;1.87;00:46:57.300
236.41;1.367;0.1766E+03;49.979;300;20;0.3231E+03;0.2706E+03;0.547;1.90;00:46:57.400
236.45;1.344;0.1737E+03;49.979;300;20;0.3177E+03;0.2660E+03;0.547;1.89;00:46:57.500
236.41;1.350;0.1745E+03;49.979;300;20;0.3192E+03;0.2673E+03;0.547;1.87;00:46:57.600
236.45;1.352;0.1747E+03;49.979;300;20;0.3196E+03;0.2676E+03;0.547;1.87;00:46:57.700
236.39;1.351;0.1744E+03;49.978;300;20;0.3194E+03;0.2676E+03;0.546;1.86;00:46:57.800
236.36;1.357;0.1756E+03;49.978;300;20;0.3208E+03;0.2685E+03;0.547;1.88;00:46:57.900
236.37;1.359;0.1751E+03;49.977;300;20;0.3212E+03;0.2693E+03;0.545;1.87;00:46:58.000
236.39;1.362;0.1757E+03;49.976;300;20;0.3220E+03;0.2698E+03;0.546;1.86;00:46:58.100
236.43;1.372;0.1764E+03;49.976;300;20;0.3245E+03;0.2723E+03;0.544;1.85;00:46:58.200
236.40;1.358;0.1745E+03;49.977;300;20;0.3210E+03;0.2694E+03;0.544;1.85;00:46:58.300
236.35;1.366;0.1758E+03;49.976;300;20;0.3230E+03;0.2709E+03;0.544;1.85;00:46:58.400
236.39;1.377;0.1772E+03;49.975;300;20;0.3255E+03;0.2731E+03;0.544;1.84;00:46:58.500
236.38;1.333;0.1712E+03;49.976;300;20;0.3152E+03;0.2646E+03;0.543;1.85;00:46:58.600
236.48;0.844;0.1082E+03;49.977;300;20;0.1997E+03;0.1678E+03;0.542;1.79;00:46:58.700
236.49;0.777;0.0999E+03;49.977;300;20;0.1836E+03;0.1541E+03;0.544;1.79;00:46:58.800
236.38;1.440;0.1856E+03;49.978;300;20;0.3404E+03;0.2853E+03;0.545;1.86;00:46:58.900
236.34;1.368;0.1758E+03;49.978;300;20;0.3234E+03;0.2714E+03;0.544;1.83;00:46:59.000
236.34;1.391;0.1784E+03;49.978;300;20;0.3288E+03;0.2761E+03;0.543;1.83;00:46:59.100
236.33;1.389;0.1786E+03;49.978;300;20;0.3283E+03;0.2754E+03;0.544;1.83;00:46:59.200
236.31;1.394;0.1788E+03;49.979;300;20;0.3293E+03;0.2765E+03;0.543;1.83;00:46:59.300
236.37;1.400;0.1801E+03;49.979;300;20;0.3310E+03;0.2777E+03;0.544;1.85;00:46:59.400
236.40;1.395;0.1789E+03;49.980;300;20;0.3297E+03;0.2769E+03;0.543;1.83;00:46:59.500
236.39;1.400;0.1798E+03;49.979;300;20;0.3310E+03;0.2779E+03;0.543;1.81;00:46:59.600
236.48;1.394;0.1789E+03;49.980;300;20;0.3297E+03;0.2769E+03;0.543;1.82;00:46:59.700
236.46;1.393;0.1791E+03;49.981;300;20;0.3293E+03;0.2763E+03;0.544;1.83;00:46:59.800
236.48;1.378;0.1774E+03;49.980;300;20;0.3258E+03;0.2733E+03;0.544;1.82;00:46:59.900
236.43;1.379;0.1771E+03;49.981;300;20;0.3260E+03;0.2736E+03;0.543;1.83;00:47:00.000
236.44;1.380;0.1775E+03;49.981;300;20;0.3262E+03;0.2737E+03;0.544;1.81;00:47:00.100
236.55;1.104;0.1408E+03;49.981;300;20;0.2611E+03;0.2199E+03;0.539;1.81;00:47:00.200
236.57;0.792;0.1023E+03;49.981;300;20;0.1875E+03;0.1571E+03;0.546;1.81;00:47:00.300
236.57;0.766;0.0989E+03;49.982;300;20;0.1812E+03;0.1518E+03;0.546;1.81;00:47:00.400
236.59;0.741;0.0960E+03;49.982;300;20;0.1754E+03;0.1468E+03;0.547;1.78;00:47:00.500
236.60;0.738;0.0954E+03;49.982;300;20;0.1747E+03;0.1464E+03;0.546;1.79;00:47:00.600
236.64;0.743;0.0962E+03;49.981;300;20;0.1757E+03;0.1471E+03;0.547;1.81;00:47:00.700
236.64;0.736;0.0954E+03;49.982;300;20;0.1741E+03;0.1456E+03;0.548;1.79;00:47:00.800
236.61;0.739;0.0957E+03;49.984;300;20;0.1748E+03;0.1463E+03;0.547;1.79;00:47:00.900
236.59;0.735;0.0950E+03;49.984;300;20;0.1739E+03;0.1456E+03;0.546;1.79;00:47:01.000
236.59;0.750;0.0968E+03;49.985;300;20;0.1773E+03;0.1486E+03;0.546;1.81;00:47:01.100
236.59;0.727;0.0940E+03;49.986;300;20;0.1719E+03;0.1439E+03;0.547;1.78;00:47:01.200
236.60;0.747;0.0967E+03;49.987;300;20;0.1768E+03;0.1481E+03;0.547;1.81;00:47:01.300
236.62;0.769;0.0991E+03;49.988;300;20;0.1819E+03;0.1525E+03;0.545;1.79;00:47:01.400
236.52;1.268;0.1606E+03;49.988;300;20;0.2999E+03;0.2533E+03;0.536;1.82;00:47:01.500
236.48;1.469;0.1892E+03;49.989;300;20;0.3475E+03;0.2915E+03;0.545;1.83;00:47:01.600
236.51;1.373;0.1764E+03;49.990;300;20;0.3247E+03;0.2726E+03;0.543;1.83;00:47:01.700
236.49;1.354;0.1739E+03;49.990;300;20;0.3201E+03;0.2687E+03;0.543;1.84;00:47:01.800
236.49;1.371;0.1762E+03;49.989;300;20;0.3242E+03;0.2722E+03;0.543;1.83;00:47:01.900
236.47;1.372;0.1762E+03;49.989;300;20;0.3243E+03;0.2723E+03;0.543;1.81;00:47:02.000
236.46;1.369;0.1758E+03;49.989;300;20;0.3237E+03;0.2718E+03;0.543;1.82;00:47:02.100
236.50;1.380;0.1773E+03;49.989;300;20;0.3263E+03;0.2739E+03;0.544;1.83;00:47:02.200
236.50;1.368;0.1754E+03;49.989;300;20;0.3236E+03;0.2719E+03;0.542;1.80;00:47:02.300
236.50;1.378;0.1767E+03;49.990;300;20;0.3259E+03;0.2739E+03;0.542;1.78;00:47:02.400
236.50;1.373;0.1760E+03;49.990;300;20;0.3248E+03;0.2729E+03;0.542;1.78;00:47:02.500
236.52;1.377;0.1764E+03;49.991;300;20;0.3256E+03;0.2736E+03;0.542;1.80;00:47:02.600
236.51;1.365;0.1753E+03;49.992;300;20;0.3229E+03;0.2712E+03;0.543;1.80;00:47:02.700
236.55;1.381;0.1769E+03;49.992;300;20;0.3266E+03;0.2746E+03;0.541;1.80;00:47:02.800
236.62;0.766;0.0987E+03;49.992;300;20;0.1812E+03;0.1520E+03;0.545;1.74;00:47:02.900
236.59;0.929;0.1166E+03;49.994;300;20;0.2198E+03;0.1863E+03;0.531;1.76;00:47:03.000
236.44;1.500;0.1923E+03;49.995;300;20;0.3547E+03;0.2981E+03;0.542;1.80;00:47:03.100
236.48;1.400;0.1794E+03;49.996;300;20;0.3311E+03;0.2783E+03;0.542;1.79;00:47:03.200
236.47;1.377;0.1764E+03;49.994;300;20;0.3257E+03;0.2738E+03;0.542;1.80;00:47:03.300
236.46;1.387;0.1776E+03;49.995;300;20;0.3280E+03;0.2758E+03;0.541;1.80;00:47:03.400
236.47;1.402;0.1800E+03;49.995;300;20;0.3315E+03;0.2784E+03;0.543;1.80;00:47:03.500
236.48;1.385;0.1776E+03;49.995;300;20;0.3276E+03;0.2753E+03;0.542;1.81;00:47:03.600
236.51;1.403;0.1802E+03;49.995;300;20;0.3318E+03;0.2786E+03;0.543;1.82;00:47:03.700
236.51;1.380;0.1768E+03;49.996;300;20;0.3264E+03;0.2744E+03;0.542;1.80;00:47:03.800
236.46;1.396;0.1790E+03;49.996;300;20;0.3301E+03;0.2774E+03;0.542;1.79;00:47:03.900
236.44;1.363;0.1747E+03;49.995;300;20;0.3223E+03;0.2709E+03;0.542;1.79;00:47:04.000
236.45;1.402;0.1801E+03;49.995;300;20;0.3316E+03;0.2784E+03;0.543;1.80;00:47:04.100
236.52;1.379;0.1772E+03;49.995;300;20;0.3262E+03;0.2739E+03;0.543;1.80;00:47:04.200
236.48;1.382;0.1773E+03;49.997;300;20;0.3269E+03;0.2747E+03;0.542;1.77;00:47:04.300
236.45;1.370;0.1762E+03;49.996;300;20;0.3240E+03;0.2720E+03;0.544;1.78;00:47:04.400
236.57;0.775;0.0999E+03;49.997;300;20;0.1833E+03;0.1537E+03;0.545;1.74;00:47:04.500
236.57;0.761;0.0982E+03;49.997;300;20;0.1801E+03;0.1510E+03;0.545;1.74;00:47:04.600
236.62;0.757;0.0975E+03;49.997;300;20;0.1792E+03;0.1503E+03;0.544;1.72;00:47:04.700
236.60;0.745;0.0962E+03;49.996;300;20;0.1762E+03;0.1476E+03;0.546;1.72;00:47:04.800
236.66;0.747;0.0964E+03;49.997;300;20;0.1768E+03;0.1482E+03;0.545;1.73;00:47:04.900
236.61;0.736;0.0951E+03;49.998;300;20;0.1742E+03;0.1459E+03;0.546;1.72;00:47:05.000
236.60;0.733;0.0947E+03;49.998;300;20;0.1735E+03;0.1454E+03;0.546;1.74;00:47:05.100
236.65;0.756;0.0976E+03;49.999;300;20;0.1790E+03;0.1501E+03;0.545;1.74;00:47:05.200
236.60;0.733;0.0945E+03;50.000;300;20;0.1733E+03;0.1453E+03;0.545;1.71;00:47:05.300
236.62;0.750;0.0968E+03;50.002;300;20;0.1775E+03;0.1488E+03;0.545;1.72;00:47:05.400
236.61;0.735;0.0947E+03;50.001;300;20;0.1739E+03;0.1458E+03;0.545;1.73;00:47:05.500
236.61;0.748;0.0963E+03;50.002;300;20;0.1769E+03;0.1484E+03;0.544;1.71;00:47:05.600
236.50;1.499;0.1927E+03;50.002;300;20;0.3544E+03;0.2975E+03;0.544;1.78;00:47:05.700
236.52;1.375;0.1759E+03;50.003;300;20;0.3251E+03;0.2734E+03;0.541;1.76;00:47:05.800
236.52;1.358;0.1742E+03;50.004;300;20;0.3212E+03;0.2699E+03;0.542;1.77;00:47:05.900
236.49;1.346;0.1723E+03;50.006;300;20;0.3183E+03;0.2677E+03;0.541;1.78;00:47:06.000
236.50;1.364;0.1753E+03;50.006;300;20;0.3226E+03;0.2708E+03;0.543;1.78;00:47:06.100
236.54;1.365;0.1751E+03;50.007;300;20;0.3230E+03;0.2714E+03;0.542;1.77;00:47:06.200
236.50;1.369;0.1758E+03;50.006;300;20;0.3239E+03;0.2720E+03;0.543;1.77;00:47:06.300
236.49;1.360;0.1745E+03;50.006;300;20;0.3216E+03;0.2702E+03;0.543;1.79;00:47:06.400
236.51;1.371;0.1762E+03;50.006;300;20;0.3243E+03;0.2723E+03;0.543;1.78;00:47:06.500
236.52;1.359;0.1743E+03;50.008;300;20;0.3215E+03;0.2701E+03;0.542;1.78;00:47:06.600
236.51;1.371;0.1755E+03;50.007;300;20;0.3243E+03;0.2727E+03;0.541;1.77;00:47:06.700
236.49;1.369;0.1754E+03;50.007;300;20;0.3238E+03;0.2722E+03;0.542;1.79;00:47:06.800
236.46;1.383;0.1774E+03;50.007;300;20;0.3270E+03;0.2747E+03;0.543;1.78;00:47:06.900
236.44;1.361;0.1744E+03;50.006;300;20;0.3218E+03;0.2704E+03;0.542;1.78;00:47:07.000
236.53;0.889;0.1122E+03;50.005;300;20;0.2102E+03;0.1778E+03;0.534;1.72;00:47:07.100
236.52;0.805;0.1029E+03;50.005;300;20;0.1904E+03;0.1602E+03;0.540;1.74;00:47:07.200
236.43;1.402;0.1801E+03;50.005;300;20;0.3314E+03;0.2782E+03;0.543;1.79;00:47:07.300
236.41;1.398;0.1797E+03;50.004;300;20;0.3305E+03;0.2774E+03;0.544;1.78;00:47:07.400
236.42;1.389;0.1781E+03;50.004;300;20;0.3283E+03;0.2758E+03;0.543;1.78;00:47:07.500
236.42;1.393;0.1787E+03;50.003;300;20;0.3292E+03;0.2766E+03;0.543;1.78;00:47:07.600
236.41;1.392;0.1788E+03;50.003;300;20;0.3292E+03;0.2764E+03;0.543;1.78;00:47:07.700
236.43;1.397;0.1796E+03;50.003;300;20;0.3302E+03;0.2771E+03;0.544;1.82;00:47:07.800
236.43;1.377;0.1772E+03;50.003;300;20;0.3256E+03;0.2732E+03;0.544;1.80;00:47:07.900
236.37;1.383;0.1775E+03;50.003;300;20;0.3270E+03;0.2746E+03;0.543;1.80;00:47:08.000
236.39;1.383;0.1774E+03;50.002;300;20;0.3269E+03;0.2746E+03;0.543;1.79;00:47:08.100
236.45;1.394;0.1792E+03;50.003;300;20;0.3296E+03;0.2767E+03;0.544;1.80;00:47:08.200
236.45;1.376;0.1771E+03;50.002;300;20;0.3254E+03;0.2730E+03;0.544;1.81;00:47:08.300
236.41;1.386;0.1780E+03;50.002;300;20;0.3276E+03;0.2750E+03;0.543;1.80;00:47:08.400
236.48;1.384;0.1781E+03;50.003;300;20;0.3272E+03;0.2745E+03;0.544;1.81;00:47:08.500
236.53;1.073;0.1357E+03;50.003;300;20;0.2537E+03;0.2144E+03;0.535;1.79;00:47:08.600
236.58;0.765;0.0990E+03;50.003;300;20;0.1809E+03;0.1515E+03;0.547;1.78;00:47:08.700
236.56;0.755;0.0976E+03;50.002;300;20;0.1786E+03;0.1496E+03;0.547;1.79;00:47:08.800
236.56;0.736;0.0952E+03;50.003;300;20;0.1741E+03;0.1457E+03;0.547;1.78;00:47:08.900
236.54;0.738;0.0955E+03;50.002;300;20;0.1747E+03;0.1463E+03;0.547;1.77;00:47:09.000
236.49;0.740;0.0956E+03;50.003;300;20;0.1750E+03;0.1465E+03;0.546;1.77;00:47:09.100
236.55;0.736;0.0954E+03;50.002;300;20;0.1741E+03;0.1456E+03;0.548;1.77;00:47:09.200
236.52;0.743;0.0962E+03;50.002;300;20;0.1757E+03;0.1471E+03;0.547;1.77;00:47:09.300
236.52;0.730;0.0945E+03;50.002;300;20;0.1727E+03;0.1445E+03;0.547;1.77;00:47:09.400
236.52;0.746;0.0965E+03;50.003;300;20;0.1765E+03;0.1478E+03;0.547;1.77;00:47:09.500
236.57;0.741;0.0960E+03;50.002;300;20;0.1754E+03;0.1468E+03;0.548;1.76;00:47:09.600
236.59;0.747;0.0968E+03;50.003;300;20;0.1768E+03;0.1480E+03;0.548;1.79;00:47:09.700
236.55;1.045;0.1309E+03;50.004;300;20;0.2471E+03;0.2096E+03;0.530;1.81;00:47:09.800
236.45;1.508;0.1944E+03;50.003;300;20;0.3567E+03;0.2991E+03;0.545;1.83;00:47:09.900
236.46;1.368;0.1761E+03;50.004;300;20;0.3234E+03;0.2712E+03;0.545;1.81;00:47:10.000
236.45;1.362;0.1752E+03;50.003;300;20;0.3221E+03;0.2703E+03;0.544;1.81;00:47:10.100
236.54;1.363;0.1758E+03;50.003;300;20;0.3224E+03;0.2703E+03;0.545;1.83;00:47:10.200
236.50;1.355;0.1741E+03;50.003;300;20;0.3205E+03;0.2691E+03;0.543;1.84;00:47:10.300
236.48;1.370;0.1764E+03;50.003;300;20;0.3241E+03;0.2718E+03;0.544;1.83;00:47:10.400
236.50;1.366;0.1761E+03;50.002;300;20;0.3231E+03;0.2709E+03;0.545;1.81;00:47:10.500
236.50;1.376;0.1774E+03;50.002;300;20;0.3255E+03;0.2729E+03;0.545;1.81;00:47:10.600
236.52;1.349;0.1737E+03;50.001;300;20;0.3190E+03;0.2675E+03;0.545;1.82;00:47:10.700
236.49;1.364;0.1756E+03;50.000;300;20;0.3226E+03;0.2707E+03;0.544;1.83;00:47:10.800
236.52;1.359;0.1750E+03;49.999;300;20;0.3213E+03;0.2695E+03;0.545;1.83;00:47:10.900
236.47;1.359;0.1752E+03;49.999;300;20;0.3214E+03;0.2695E+03;0.545;1.83;00:47:11.000
236.48;1.370;0.1769E+03;49.999;300;20;0.3241E+03;0.2715E+03;0.546;1.83;00:47:11.100
236.54;1.366;0.1761E+03;49.999;300;20;0.3231E+03;0.2710E+03;0.545;1.83;00:47:11.200
236.57;0.818;0.1043E+03;49.998;300;20;0.1936E+03;0.1631E+03;0.539;1.79;00:47:11.300
236.47;1.503;0.1934E+03;49.997;300;20;0.3554E+03;0.2982E+03;0.544;1.84;00:47:11.400
236.46;1.394;0.1800E+03;49.997;300;20;0.3297E+03;0.2762E+03;0.546;1.84;00:47:11.500
236.48;1.376;0.1775E+03;49.997;300;20;0.3253E+03;0.2727E+03;0.546;1.85;00:47:11.600
236.50;1.381;0.1783E+03;49.997;300;20;0.3267E+03;0.2737E+03;0.546;1.85;00:47:11.700
236.50;1.373;0.1772E+03;49.997;300;20;0.3247E+03;0.2721E+03;0.546;1.84;00:47:11.800
236.49;1.391;0.1795E+03;49.997;300;20;0.3289E+03;0.2755E+03;0.546;1.85;00:47:11.900
236.45;1.362;0.1757E+03;49.997;300;20;0.3220E+03;0.2698E+03;0.546;1.84;00:47:12.000
236.51;1.390;0.1797E+03;49.996;300;20;0.3287E+03;0.2752E+03;0.547;1.86;00:47:12.100
236.53;1.366;0.1765E+03;49.996;300;20;0.3232E+03;0.2708E+03;0.546;1.85;00:47:12.200
236.54;1.388;0.1790E+03;49.997;300;20;0.3283E+03;0.2752E+03;0.545;1.84;00:47:12.300
236.54;1.386;0.1787E+03;49.996;300;20;0.3278E+03;0.2748E+03;0.545;1.86;00:47:12.400
236.54;1.391;0.1796E+03;49.995;300;20;0.3291E+03;0.2758E+03;0.546;1.87;00:47:12.500
236.52;1.368;0.1767E+03;49.993;300;20;0.3236E+03;0.2711E+03;0.546;1.86;00:47:12.600
236.52;1.377;0.1777E+03;49.992;300;20;0.3256E+03;0.2729E+03;0.546;1.86;00:47:12.700
236.53;1.042;0.1328E+03;49.992;300;20;0.2465E+03;0.2077E+03;0.539;1.80;00:47:12.800
236.60;0.765;0.0993E+03;49.992;300;20;0.1810E+03;0.1513E+03;0.549;1.82;00:47:12.900
236.61;0.750;0.0974E+03;49.991;300;20;0.1774E+03;0.1482E+03;0.549;1.82;00:47:13.000
236.60;0.728;0.0944E+03;49.990;300;20;0.1723E+03;0.1442E+03;0.548;1.82;00:47:13.100
236.62;0.746;0.0966E+03;49.990;300;20;0.1764E+03;0.1476E+03;0.547;1.84;00:47:13.200
236.63;0.732;0.0949E+03;49.989;300;20;0.1732E+03;0.1449E+03;0.548;1.82;00:47:13.300
236.60;0.738;0.0958E+03;49.988;300;20;0.1746E+03;0.1460E+03;0.549;1.82;00:47:13.400
236.58;0.728;0.0946E+03;49.987;300;20;0.1722E+03;0.1439E+03;0.549;1.82;00:47:13.500
236.62;0.743;0.0965E+03;49.987;300;20;0.1759E+03;0.1471E+03;0.549;1.83;00:47:13.600
236.65;0.735;0.0956E+03;49.986;300;20;0.1739E+03;0.1453E+03;0.550;1.81;00:47:13.700
236.66;0.741;0.0962E+03;49.986;300;20;0.1754E+03;0.1467E+03;0.548;1.82;00:47:13.800
236.63;0.731;0.0951E+03;49.986;300;20;0.1729E+03;0.1444E+03;0.550;1.84;00:47:13.900
236.49;1.119;0.1403E+03;49.985;300;20;0.2647E+03;0.2245E+03;0.530;1.89;00:47:14.000
236.50;1.347;0.1740E+03;49.985;300;20;0.3186E+03;0.2668E+03;0.546;1.87;00:47:14.100
236.52;1.349;0.1740E+03;49.983;300;20;0.3191E+03;0.2675E+03;0.545;1.87;00:47:14.200
236.51;1.359;0.1757E+03;49.982;300;20;0.3215E+03;0.2693E+03;0.546;1.87;00:47:14.300
236.48;1.346;0.1738E+03;49.983;300;20;0.3183E+03;0.2667E+03;0.546;1.87;00:47:14.400
236.47;1.365;0.1762E+03;49.983;300;20;0.3228E+03;0.2705E+03;0.546;1.87;00:47:14.500
236.45;1.347;0.1736E+03;49.984;300;20;0.3185E+03;0.2670E+03;0.545;1.86;00:47:14.600
236.48;1.373;0.1773E+03;49.983;300;20;0.3247E+03;0.2720E+03;0.546;1.86;00:47:14.700
236.51;1.353;0.1748E+03;49.982;300;20;0.3200E+03;0.2680E+03;0.546;1.86;00:47:14.800
236.49;1.365;0.1761E+03;49.981;300;20;0.3228E+03;0.2705E+03;0.546;1.85;00:47:14.900
236.50;1.345;0.1738E+03;49.980;300;20;0.3181E+03;0.2665E+03;0.546;1.85;00:47:15.000
236.47;1.361;0.1754E+03;49.980;300;20;0.3218E+03;0.2697E+03;0.545;1.84;00:47:15.100
236.49;1.376;0.1778E+03;49.981;300;20;0.3253E+03;0.2724E+03;0.547;1.85;00:47:15.200
236.49;1.364;0.1759E+03;49.981;300;20;0.3225E+03;0.2703E+03;0.545;1.86;00:47:15.300
236.58;0.828;0.1060E+03;49.981;300;20;0.1958E+03;0.1646E+03;0.541;1.81;00:47:15.400
236.58;0.927;0.1163E+03;49.979;300;20;0.2194E+03;0.1860E+03;0.530;1.81;00:47:15.500
236.44;1.524;0.1971E+03;49.978;300;20;0.3602E+03;0.3015E+03;0.547;1.83;00:47:15.600
236.51;1.379;0.1782E+03;49.979;300;20;0.3261E+03;0.2731E+03;0.546;1.84;00:47:15.700
236.51;1.384;0.1787E+03;49.978;300;20;0.3273E+03;0.2742E+03;0.546;1.85;00:47:15.800
236.47;1.370;0.1770E+03;49.977;300;20;0.3240E+03;0.2713E+03;0.546;1.86;00:47:15.900
236.44;1.368;0.1764E+03;49.976;300;20;0.3234E+03;0.2711E+03;0.545;1.84;00:47:16.000
236.44;1.385;0.1789E+03;49.975;300;20;0.3274E+03;0.2742E+03;0.546;1.84;00:47:16.100
236.51;1.390;0.1795E+03;49.975;300;20;0.3287E+03;0.2754E+03;0.546;1.84;00:47:16.200
236.47;1.368;0.1766E+03;49.974;300;20;0.3235E+03;0.2711E+03;0.546;1.84;00:47:16.300
236.47;1.386;0.1787E+03;49.972;300;20;0.3278E+03;0.2749E+03;0.545;1.85;00:47:16.400
236.45;1.366;0.1768E+03;49.973;300;20;0.3231E+03;0.2704E+03;0.547;1.81;00:47:16.500
236.44;1.384;0.1787E+03;49.972;300;20;0.3273E+03;0.2742E+03;0.546;1.84;00:47:16.600
236.50;1.389;0.1797E+03;49.970;300;20;0.3286E+03;0.2751E+03;0.547;1.85;00:47:16.700
236.48;1.373;0.1772E+03;49.970;300;20;0.3248E+03;0.2722E+03;0.546;1.84;00:47:16.800
236.50;0.949;0.1208E+03;49.972;300;20;0.2244E+03;0.1892E+03;0.538;1.82;00:47:16.900
236.50;0.741;0.0961E+03;49.972;300;20;0.1753E+03;0.1466E+03;0.548;1.79;00:47:17.000
236.50;0.765;0.0992E+03;49.971;300;20;0.1808E+03;0.1512E+03;0.549;1.78;00:47:17.100
236.54;0.740;0.0962E+03;49.970;300;20;0.1751E+03;0.1463E+03;0.550;1.81;00:47:17.200
236.51;0.742;0.0963E+03;49.970;300;20;0.1754E+03;0.1466E+03;0.549;1.80;00:47:17.300
236.52;0.725;0.0940E+03;49.970;300;20;0.1715E+03;0.1434E+03;0.548;1.79;00:47:17.400
236.51;0.743;0.0962E+03;49.970;300;20;0.1756E+03;0.1469E+03;0.548;1.79;00:47:17.500
236.52;0.736;0.0956E+03;49.971;300;20;0.1741E+03;0.1455E+03;0.549;1.80;00:47:17.600
236.52;0.738;0.0960E+03;49.971;300;20;0.1746E+03;0.1459E+03;0.550;1.80;00:47:17.700
236.53;0.726;0.0944E+03;49.971;300;20;0.1717E+03;0.1434E+03;0.550;1.82;00:47:17.800
236.53;0.743;0.0965E+03;49.969;300;20;0.1758E+03;0.1470E+03;0.549;1.80;00:47:17.900
236.47;0.724;0.0940E+03;49.969;300;20;0.1713E+03;0.1432E+03;0.549;1.79;00:47:18.000
236.52;0.760;0.0986E+03;49.970;300;20;0.1798E+03;0.1503E+03;0.548;1.80;00:47:18.100
236.54;0.777;0.1008E+03;49.971;300;20;0.1838E+03;0.1537E+03;0.549;1.80;00:47:18.200
236.50;0.813;0.1053E+03;49.970;300;20;0.1923E+03;0.1609E+03;0.548;1.81;00:47:18.300
236.49;0.889;0.1149E+03;49.969;300;20;0.2102E+03;0.1760E+03;0.547;1.82;00:47:18.400
236.48;1.009;0.1304E+03;49.969;300;20;0.2386E+03;0.1998E+03;0.546;1.82;00:47:18.500
236.49;1.090;0.1406E+03;49.969;300;20;0.2579E+03;0.2162E+03;0.545;1.83;00:47:18.600
236.47;1.155;0.1490E+03;49.968;300;20;0.2731E+03;0.2289E+03;0.545;1.84;00:47:18.700
236.49;1.253;0.1615E+03;49.968;300;20;0.2964E+03;0.2486E+03;0.545;1.86;00:47:18.800
236.45;1.409;0.1824E+03;49.969;300;20;0.3332E+03;0.2788E+03;0.547;1.85;00:47:18.900
236.43;1.522;0.1975E+03;49.971;300;20;0.3598E+03;0.3007E+03;0.549;1.86;00:47:19.000
236.39;1.584;0.2061E+03;49.971;300;20;0.3745E+03;0.3127E+03;0.550;1.87;00:47:19.100
236.36;1.634;0.2124E+03;49.970;300;20;0.3862E+03;0.3225E+03;0.550;1.87;00:47:19.200
236.33;1.618;0.2107E+03;49.970;300;20;0.3823E+03;0.3190E+03;0.551;1.85;00:47:19.300
236.35;1.585;0.2060E+03;49.970;300;20;0.3747E+03;0.3130E+03;0.550;1.86;00:47:19.400
236.35;1.445;0.1873E+03;49.969;300;20;0.3416E+03;0.2857E+03;0.548;1.86;00:47:19.500
236.40;1.299;0.1680E+03;49.970;300;20;0.3071E+03;0.2570E+03;0.547;1.85;00:47:19.600
236.50;1.083;0.1400E+03;49.971;300;20;0.2562E+03;0.2145E+03;0.546;1.83;00:47:19.700
236.52;0.979;0.1265E+03;49.969;300;20;0.2316E+03;0.1941E+03;0.546;1.83;00:47:19.800
236.53;0.908;0.1174E+03;49.968;300;20;0.2148E+03;0.1798E+03;0.547;1.80;00:47:19.900
236.52;0.809;0.1049E+03;49.969;300;20;0.1913E+03;0.1599E+03;0.548;1.81;00:47:20.000
236.55;0.772;0.1003E+03;49.968;300;20;0.1825E+03;0.1525E+03;0.549;1.82;00:47:20.100
236.60;0.757;0.0984E+03;49.968;300;20;0.1791E+03;0.1496E+03;0.550;1.81;00:47:20.200
236.60;0.824;0.1066E+03;49.969;300;20;0.1950E+03;0.1633E+03;0.546;1.79;00:47:20.300
236.55;0.912;0.1178E+03;49.969;300;20;0.2157E+03;0.1807E+03;0.546;1.80;00:47:20.400
236.53;1.161;0.1496E+03;49.970;300;20;0.2746E+03;0.2303E+03;0.545;1.84;00:47:20.500
236.45;1.287;0.1660E+03;49.968;300;20;0.3043E+03;0.2550E+03;0.545;1.84;00:47:20.600
236.41;1.448;0.1872E+03;49.968;300;20;0.3423E+03;0.2866E+03;0.547;1.86;00:47:20.700
236.40;1.614;0.2095E+03;49.969;300;20;0.3816E+03;0.3190E+03;0.549;1.87;00:47:20.800
236.33;1.692;0.2197E+03;49.969;300;20;0.3998E+03;0.3340E+03;0.550;1.88;00:47:20.900
236.34;1.672;0.2179E+03;49.968;300;20;0.3953E+03;0.3298E+03;0.551;1.90;00:47:21.000
236.31;1.597;0.2073E+03;49.967;300;20;0.3773E+03;0.3152E+03;0.549;1.87;00:47:21.100
236.35;1.550;0.2011E+03;49.969;300;20;0.3663E+03;0.3062E+03;0.549;1.86;00:47:21.200
236.40;1.343;0.1733E+03;49.969;300;20;0.3174E+03;0.2659E+03;0.546;1.85;00:47:21.300
236.41;1.276;0.1646E+03;49.969;300;20;0.3017E+03;0.2529E+03;0.545;1.83;00:47:21.400
236.43;1.183;0.1524E+03;49.969;300;20;0.2797E+03;0.2346E+03;0.545;1.85;00:47:21.500
236.45;1.126;0.1450E+03;49.970;300;20;0.2664E+03;0.2234E+03;0.544;1.84;00:47:21.600
236.50;0.984;0.1269E+03;49.970;300;20;0.2328E+03;0.1952E+03;0.545;1.82;00:47:21.700
236.49;0.933;0.1203E+03;49.972;300;20;0.2207E+03;0.1851E+03;0.545;1.83;00:47:21.800
236.51;0.884;0.1142E+03;49.972;300;20;0.2091E+03;0.1751E+03;0.546;1.83;00:47:21.900
236.48;0.824;0.1065E+03;49.972;300;20;0.1948E+03;0.1631E+03;0.547;1.82;00:47:22.000
236.52;0.765;0.0992E+03;49.973;300;20;0.1808E+03;0.1512E+03;0.549;1.82;00:47:22.100
236.54;0.766;0.0994E+03;49.973;300;20;0.1813E+03;0.1516E+03;0.548;1.83;00:47:22.200
236.55;0.765;0.0993E+03;49.973;300;20;0.1810E+03;0.1514E+03;0.548;1.83;00:47:22.300
236.54;0.742;0.0962E+03;49.973;300;20;0.1754E+03;0.1467E+03;0.549;1.84;00:47:22.400
236.55;0.747;0.0970E+03;49.974;300;20;0.1768E+03;0.1478E+03;0.549;1.83;00:47:22.500
236.54;0.734;0.0952E+03;49.973;300;20;0.1737E+03;0.1452E+03;0.548;1.83;00:47:22.600
236.58;0.754;0.0979E+03;49.974;300;20;0.1785E+03;0.1493E+03;0.548;1.83;00:47:22.700
236.56;0.738;0.0958E+03;49.972;300;20;0.1746E+03;0.1460E+03;0.549;1.84;00:47:22.800
236.54;0.752;0.0976E+03;49.972;300;20;0.1780E+03;0.1488E+03;0.549;1.83;00:47:22.900
236.50;0.724;0.0941E+03;49.973;300;20;0.1713E+03;0.1432E+03;0.549;1.83;00:47:23.000
236.50;0.753;0.0975E+03;49.972;300;20;0.1782E+03;0.1491E+03;0.547;1.82;00:47:23.100
236.54;0.745;0.0966E+03;49.972;300;20;0.1762E+03;0.1473E+03;0.548;1.83;00:47:23.200
236.49;0.769;0.0997E+03;49.973;300;20;0.1820E+03;0.1522E+03;0.548;1.82;00:47:23.300
236.54;0.857;0.1107E+03;49.973;300;20;0.2028E+03;0.1699E+03;0.546;1.83;00:47:23.400
236.50;0.992;0.1275E+03;49.973;300;20;0.2346E+03;0.1969E+03;0.544;1.84;00:47:23.500
236.47;1.169;0.1502E+03;49.974;300;20;0.2764E+03;0.2320E+03;0.543;1.83;00:47:23.600
236.41;1.532;0.1979E+03;49.974;300;20;0.3622E+03;0.3034E+03;0.546;1.86;00:47:23.700
236.36;1.677;0.2180E+03;49.976;300;20;0.3964E+03;0.3311E+03;0.550;1.89;00:47:23.800
236.39;1.666;0.2170E+03;49.977;300;20;0.3937E+03;0.3285E+03;0.551;1.87;00:47:23.900
236.31;1.636;0.2122E+03;49.977;300;20;0.3866E+03;0.3232E+03;0.549;1.88;00:47:24.000
236.35;1.655;0.2146E+03;49.977;300;20;0.3911E+03;0.3270E+03;0.549;1.87;00:47:24.100
236.34;1.638;0.2124E+03;49.978;300;20;0.3871E+03;0.3236E+03;0.549;1.88;00:47:24.200
236.32;1.631;0.2124E+03;49.977;300;20;0.3854E+03;0.3216E+03;0.551;1.88;00:47:24.300
236.34;1.643;0.2136E+03;49.978;300;20;0.3883E+03;0.3242E+03;0.550;1.87;00:47:24.400
236.40;1.376;0.1776E+03;49.979;300;20;0.3253E+03;0.2726E+03;0.546;1.87;00:47:24.500
236.45;1.105;0.1422E+03;49.978;300;20;0.2613E+03;0.2193E+03;0.544;1.84;00:47:24.600
236.49;0.919;0.1191E+03;49.978;300;20;0.2174E+03;0.1819E+03;0.548;1.84;00:47:24.700
236.53;0.800;0.1038E+03;49.978;300;20;0.1893E+03;0.1583E+03;0.548;1.81;00:47:24.800
236.49;0.806;0.1041E+03;49.977;300;20;0.1907E+03;0.1598E+03;0.546;1.81;00:47:24.900
236.48;1.038;0.1335E+03;49.977;300;20;0.2454E+03;0.2058E+03;0.544;1.82;00:47:25.000
236.42;1.346;0.1733E+03;49.977;300;20;0.3182E+03;0.2668E+03;0.545;1.84;00:47:25.100
236.35;1.646;0.2137E+03;49.977;300;20;0.3891E+03;0.3251E+03;0.549;1.88;00:47:25.200
236.35;1.667;0.2171E+03;49.977;300;20;0.3941E+03;0.3289E+03;0.551;1.88;00:47:25.300
236.36;1.650;0.2150E+03;49.976;300;20;0.3900E+03;0.3254E+03;0.551;1.88;00:47:25.400
236.37;1.656;0.2158E+03;49.976;300;20;0.3915E+03;0.3267E+03;0.551;1.88;00:47:25.500
236.37;1.654;0.2157E+03;49.976;300;20;0.3909E+03;0.3260E+03;0.552;1.88;00:47:25.600
236.38;1.659;0.2159E+03;49.977;300;20;0.3922E+03;0.3274E+03;0.550;1.89;00:47:25.700
236.41;1.641;0.2136E+03;49.977;300;20;0.3879E+03;0.3237E+03;0.551;1.90;00:47:25.800
236.42;1.526;0.1976E+03;49.977;300;20;0.3607E+03;0.3018E+03;0.548;1.89;00:47:25.900
236.41;1.324;0.1711E+03;49.976;300;20;0.3131E+03;0.2622E+03;0.547;1.84;00:47:26.000
236.46;1.042;0.1340E+03;49.975;300;20;0.2463E+03;0.2067E+03;0.544;1.83;00:47:26.100
236.53;0.940;0.1217E+03;49.976;300;20;0.2225E+03;0.1862E+03;0.547;1.83;00:47:26.200
236.43;0.828;0.1070E+03;49.976;300;20;0.1958E+03;0.1640E+03;0.546;1.78;00:47:26.300
236.51;0.796;0.1032E+03;49.977;300;20;0.1882E+03;0.1573E+03;0.548;1.78;00:47:26.400
236.54;0.762;0.0989E+03;49.977;300;20;0.1802E+03;0.1506E+03;0.549;1.80;00:47:26.500
236.54;0.757;0.0982E+03;49.977;300;20;0.1791E+03;0.1498E+03;0.548;1.79;00:47:26.600
236.53;0.726;0.0944E+03;49.977;300;20;0.1717E+03;0.1435E+03;0.549;1.80;00:47:26.700
236.51;0.734;0.0954E+03;49.977;300;20;0.1736E+03;0.1451E+03;0.549;1.83;00:47:26.800
236.48;0.734;0.0953E+03;49.977;300;20;0.1736E+03;0.1450E+03;0.549;1.83;00:47:26.900
236.47;0.741;0.0961E+03;49.978;300;20;0.1752E+03;0.1465E+03;0.549;1.82;00:47:27.000
236.44;0.732;0.0951E+03;49.978;300;20;0.1730E+03;0.1444E+03;0.550;1.84;00:47:27.100
236.40;0.722;0.0936E+03;49.978;300;20;0.1706E+03;0.1426E+03;0.549;1.83;00:47:27.200
236.42;0.729;0.0947E+03;49.979;300;20;0.1723E+03;0.1439E+03;0.550;1.82;00:47:27.300
236.45;0.750;0.0971E+03;49.979;300;20;0.1772E+03;0.1482E+03;0.548;1.83;00:47:27.400
236.49;0.749;0.0972E+03;49.978;300;20;0.1771E+03;0.1480E+03;0.549;1.83;00:47:27.500
236.46;0.812;0.1049E+03;49.978;300;20;0.1921E+03;0.1609E+03;0.546;1.82;00:47:27.600
236.38;1.316;0.1694E+03;49.978;300;20;0.3111E+03;0.2609E+03;0.545;1.85;00:47:27.700
236.28;1.603;0.2078E+03;49.979;300;20;0.3788E+03;0.3167E+03;0.549;1.85;00:47:27.800
236.28;1.723;0.2246E+03;49.978;300;20;0.4071E+03;0.3395E+03;0.552;1.87;00:47:27.900
236.24;1.618;0.2104E+03;49.979;300;20;0.3823E+03;0.3192E+03;0.550;1.86;00:47:28.000
236.25;1.633;0.2122E+03;49.979;300;20;0.3857E+03;0.3221E+03;0.550;1.84;00:47:28.100
236.29;1.618;0.2104E+03;49.979;300;20;0.3823E+03;0.3192E+03;0.550;1.85;00:47:28.200
236.26;1.628;0.2115E+03;49.978;300;20;0.3847E+03;0.3214E+03;0.550;1.87;00:47:28.300
236.26;1.632;0.2125E+03;49.979;300;20;0.3855E+03;0.3216E+03;0.551;1.88;00:47:28.400
236.31;1.635;0.2128E+03;49.979;300;20;0.3863E+03;0.3224E+03;0.551;1.86;00:47:28.500
236.30;1.615;0.2102E+03;49.979;300;20;0.3816E+03;0.3185E+03;0.551;1.87;00:47:28.600
236.38;1.322;0.1697E+03;49.979;300;20;0.3124E+03;0.2623E+03;0.543;1.85;00:47:28.700
236.42;0.926;0.1196E+03;49.978;300;20;0.2189E+03;0.1834E+03;0.546;1.84;00:47:28.800
236.46;0.777;0.1010E+03;49.978;300;20;0.1837E+03;0.1534E+03;0.550;1.83;00:47:28.900
236.38;1.031;0.1314E+03;49.977;300;20;0.2437E+03;0.2052E+03;0.539;1.83;00:47:29.000
236.28;1.516;0.1952E+03;49.977;300;20;0.3582E+03;0.3004E+03;0.545;1.86;00:47:29.100
236.23;1.772;0.2310E+03;49.975;300;20;0.4186E+03;0.3490E+03;0.552;1.88;00:47:29.200
236.28;1.687;0.2200E+03;49.974;300;20;0.3985E+03;0.3323E+03;0.552;1.87;00:47:29.300
236.26;1.675;0.2184E+03;49.973;300;20;0.3958E+03;0.3301E+03;0.552;1.88;00:47:29.400
236.28;1.658;0.2158E+03;49.974;300;20;0.3918E+03;0.3270E+03;0.551;1.88;00:47:29.500
236.27;1.675;0.2177E+03;49.975;300;20;0.3957E+03;0.3304E+03;0.550;1.87;00:47:29.600
236.28;1.671;0.2175E+03;49.974;300;20;0.3949E+03;0.3296E+03;0.551;1.84;00:47:29.700
236.26;1.669;0.2168E+03;49.975;300;20;0.3942E+03;0.3293E+03;0.550;1.85;00:47:29.800
236.31;1.666;0.2170E+03;49.976;300;20;0.3936E+03;0.3284E+03;0.551;1.89;00:47:29.900
236.27;1.454;0.1874E+03;49.977;300;20;0.3436E+03;0.2880E+03;0.545;1.85;00:47:30.000
236.33;1.173;0.1511E+03;49.976;300;20;0.2772E+03;0.2324E+03;0.545;1.83;00:47:30.100
236.45;0.832;0.1074E+03;49.975;300;20;0.1967E+03;0.1647E+03;0.546;1.81;00:47:30.200
236.47;0.782;0.1013E+03;49.975;300;20;0.1848E+03;0.1546E+03;0.548;1.81;00:47:30.300
236.49;0.759;0.0985E+03;49.975;300;20;0.1795E+03;0.1500E+03;0.549;1.80;00:47:30.400
236.48;0.756;0.0977E+03;49.974;300;20;0.1788E+03;0.1497E+03;0.547;1.78;00:47:30.500
236.49;0.735;0.0952E+03;49.973;300;20;0.1737E+03;0.1453E+03;0.548;1.75;00:47:30.600
236.49;0.746;0.0966E+03;49.973;300;20;0.1765E+03;0.1477E+03;0.547;1.75;00:47:30.700
236.48;0.733;0.0948E+03;49.972;300;20;0.1733E+03;0.1451E+03;0.547;1.77;00:47:30.800
236.48;0.744;0.0962E+03;49.972;300;20;0.1760E+03;0.1474E+03;0.547;1.76;00:47:30.900
236.45;0.725;0.0938E+03;49.971;300;20;0.1715E+03;0.1435E+03;0.547;1.75;00:47:31.000
236.45;0.747;0.0963E+03;49.971;300;20;0.1765E+03;0.1479E+03;0.546;1.73;00:47:31.100
236.46;0.744;0.0961E+03;49.973;300;20;0.1760E+03;0.1474E+03;0.546;1.76;00:47:31.200
236.46;0.734;0.0947E+03;49.973;300;20;0.1735E+03;0.1454E+03;0.546;1.77;00:47:31.300
236.45;0.760;0.0979E+03;49.973;300;20;0.1796E+03;0.1506E+03;0.545;1.78;00:47:31.400
236.40;1.035;0.1319E+03;49.973;300;20;0.2447E+03;0.2061E+03;0.539;1.76;00:47:31.500
236.36;1.439;0.1843E+03;49.973;300;20;0.3401E+03;0.2859E+03;0.542;1.82;00:47:31.600
236.30;1.747;0.2268E+03;49.973;300;20;0.4128E+03;0.3449E+03;0.550;1.84;00:47:31.700
236.33;1.644;0.2130E+03;49.973;300;20;0.3886E+03;0.3250E+03;0.548;1.85;00:47:31.800
236.33;1.637;0.2121E+03;49.973;300;20;0.3868E+03;0.3235E+03;0.548;1.84;00:47:31.900
236.24;1.641;0.2121E+03;49.973;300;20;0.3877E+03;0.3245E+03;0.547;1.82;00:47:32.000
236.29;1.661;0.2156E+03;49.973;300;20;0.3924E+03;0.3279E+03;0.549;1.81;00:47:32.100
236.31;1.647;0.2138E+03;49.973;300;20;0.3892E+03;0.3253E+03;0.549;1.81;00:47:32.200
236.32;1.644;0.2133E+03;49.973;300;20;0.3884E+03;0.3246E+03;0.549;1.83;00:47:32.300
236.30;1.645;0.2129E+03;49.973;300;20;0.3887E+03;0.3252E+03;0.548;1.83;00:47:32.400
236.31;1.661;0.2151E+03;49.973;300;20;0.3926E+03;0.3284E+03;0.548;1.83;00:47:32.500
236.47;0.883;0.1136E+03;49.974;300;20;0.2089E+03;0.1753E+03;0.544;1.78;00:47:32.600
236.51;0.769;0.0996E+03;49.974;300;20;0.1818E+03;0.1520E+03;0.548;1.76;00:47:32.700
236.48;0.904;0.1150E+03;49.974;300;20;0.2138E+03;0.1802E+03;0.538;1.79;00:47:32.800
236.31;1.572;0.2011E+03;49.974;300;20;0.3714E+03;0.3123E+03;0.541;1.86;00:47:32.900
236.29;1.669;0.2165E+03;49.973;300;20;0.3944E+03;0.3297E+03;0.549;1.85;00:47:33.000
236.24;1.675;0.2171E+03;49.974;300;20;0.3956E+03;0.3307E+03;0.549;1.85;00:47:33.100
236.20;1.647;0.2139E+03;49.974;300;20;0.3889E+03;0.3248E+03;0.550;1.86;00:47:33.200
236.24;1.693;0.2198E+03;49.974;300;20;0.4000E+03;0.3343E+03;0.549;1.85;00:47:33.300
236.28;1.662;0.2155E+03;49.974;300;20;0.3927E+03;0.3283E+03;0.549;1.83;00:47:33.400
236.26;1.668;0.2163E+03;49.974;300;20;0.3941E+03;0.3294E+03;0.549;1.81;00:47:33.500
236.24;1.672;0.2170E+03;49.974;300;20;0.3949E+03;0.3299E+03;0.550;1.83;00:47:33.600
236.27;1.663;0.2154E+03;49.974;300;20;0.3929E+03;0.3286E+03;0.548;1.83;00:47:33.700
236.36;1.243;0.1595E+03;49.974;300;20;0.2938E+03;0.2468E+03;0.543;1.82;00:47:33.800
236.38;0.947;0.1215E+03;49.974;300;20;0.2238E+03;0.1880E+03;0.543;1.77;00:47:33.900
236.35;0.803;0.1034E+03;49.975;300;20;0.1897E+03;0.1590E+03;0.545;1.76;00:47:34.000
236.40;0.773;0.1000E+03;49.975;300;20;0.1827E+03;0.1530E+03;0.547;1.75;00:47:34.100
236.49;0.749;0.0972E+03;49.974;300;20;0.1772E+03;0.1482E+03;0.549;1.74;00:47:34.200
236.47;0.728;0.0944E+03;49.975;300;20;0.1722E+03;0.1440E+03;0.548;1.77;00:47:34.300
236.46;0.742;0.0962E+03;49.975;300;20;0.1755E+03;0.1468E+03;0.548;1.76;00:47:34.400
236.47;0.733;0.0952E+03;49.975;300;20;0.1733E+03;0.1448E+03;0.549;1.75;00:47:34.500
236.44;0.748;0.0967E+03;49.974;300;20;0.1768E+03;0.1480E+03;0.547;1.75;00:47:34.600
236.45;0.726;0.0940E+03;49.974;300;20;0.1716E+03;0.1435E+03;0.548;1.76;00:47:34.700
236.45;0.748;0.0967E+03;49.974;300;20;0.1768E+03;0.1480E+03;0.547;1.78;00:47:34.800
236.43;0.736;0.0953E+03;49.975;300;20;0.1740E+03;0.1456E+03;0.548;1.77;00:47:34.900
236.44;0.744;0.0961E+03;49.976;300;20;0.1759E+03;0.1474E+03;0.546;1.77;00:47:35.000
236.44;0.743;0.0960E+03;49.976;300;20;0.1756E+03;0.1470E+03;0.547;1.75;00:47:35.100
236.38;0.956;0.1216E+03;49.975;300;20;0.2259E+03;0.1904E+03;0.538;1.77;00:47:35.200
236.33;1.508;0.1936E+03;49.975;300;20;0.3565E+03;0.2994E+03;0.543;1.80;00:47:35.300
236.35;1.644;0.2131E+03;49.976;300;20;0.3885E+03;0.3248E+03;0.549;1.83;00:47:35.400
236.32;1.636;0.2123E+03;49.976;300;20;0.3865E+03;0.3230E+03;0.549;1.83;00:47:35.500
236.29;1.634;0.2120E+03;49.976;300;20;0.3861E+03;0.3227E+03;0.549;1.84;00:47:35.600
236.32;1.643;0.2131E+03;49.977;300;20;0.3884E+03;0.3247E+03;0.549;1.83;00:47:35.700
236.33;1.625;0.2108E+03;49.978;300;20;0.3840E+03;0.3210E+03;0.549;1.84;00:47:35.800
236.32;1.641;0.2127E+03;49.977;300;20;0.3879E+03;0.3243E+03;0.548;1.86;00:47:35.900
236.23;1.614;0.2091E+03;49.977;300;20;0.3813E+03;0.3188E+03;0.549;1.87;00:47:36.000
236.17;1.644;0.2127E+03;49.976;300;20;0.3881E+03;0.3247E+03;0.548;1.86;00:47:36.100
236.33;1.517;0.1952E+03;49.977;300;20;0.3584E+03;0.3006E+03;0.545;1.87;00:47:36.200
236.40;0.861;0.1104E+03;49.978;300;20;0.2035E+03;0.1710E+03;0.542;1.80;00:47:36.300
236.46;0.748;0.0970E+03;49.976;300;20;0.1770E+03;0.1481E+03;0.548;1.81;00:47:36.400
236.41;1.110;0.1394E+03;49.975;300;20;0.2625E+03;0.2224E+03;0.531;1.82;00:47:36.500
236.29;1.680;0.2185E+03;49.975;300;20;0.3970E+03;0.3315E+03;0.550;1.85;00:47:36.600
236.30;1.661;0.2154E+03;49.975;300;20;0.3925E+03;0.3282E+03;0.549;1.83;00:47:36.700
236.32;1.678;0.2179E+03;49.974;300;20;0.3965E+03;0.3312E+03;0.550;1.85;00:47:36.800
236.31;1.654;0.2146E+03;49.974;300;20;0.3909E+03;0.3267E+03;0.549;1.82;00:47:36.900
236.29;1.665;0.2158E+03;49.974;300;20;0.3934E+03;0.3289E+03;0.549;1.85;00:47:37.000
236.27;1.652;0.2142E+03;49.973;300;20;0.3904E+03;0.3264E+03;0.549;1.83;00:47:37.100
236.21;1.651;0.2138E+03;49.973;300;20;0.3899E+03;0.3261E+03;0.548;1.83;00:47:37.200
236.20;1.671;0.2169E+03;49.973;300;20;0.3946E+03;0.3297E+03;0.550;1.84;00:47:37.300
236.23;1.623;0.2099E+03;49.973;300;20;0.3833E+03;0.3207E+03;0.548;1.86;00:47:37.400
236.30;1.124;0.1439E+03;49.974;300;20;0.2656E+03;0.2232E+03;0.542;1.83;00:47:37.500
236.34;0.844;0.1088E+03;49.973;300;20;0.1994E+03;0.1671E+03;0.545;1.80;00:47:37.600
236.35;0.773;0.1001E+03;49.972;300;20;0.1827E+03;0.1528E+03;0.548;1.80;00:47:37.700
236.36;0.756;0.0978E+03;49.972;300;20;0.1786E+03;0.1494E+03;0.547;1.80;00:47:37.800
236.37;0.740;0.0959E+03;49.971;300;20;0.1748E+03;0.1461E+03;0.549;1.81;00:47:37.900
236.29;0.714;0.0924E+03;49.971;300;20;0.1686E+03;0.1410E+03;0.548;1.81;00:47:38.000
236.31;0.755;0.0978E+03;49.972;300;20;0.1783E+03;0.1491E+03;0.549;1.79;00:47:38.100
236.34;0.745;0.0966E+03;49.970;300;20;0.1762E+03;0.1473E+03;0.548;1.80;00:47:38.200
236.36;0.746;0.0965E+03;49.968;300;20;0.1762E+03;0.1474E+03;0.548;1.79;00:47:38.300
236.38;0.733;0.0950E+03;49.968;300;20;0.1732E+03;0.1449E+03;0.548;1.80;00:47:38.400
236.38;0.740;0.0958E+03;49.967;300;20;0.1748E+03;0.1462E+03;0.548;1.79;00:47:38.500
236.39;0.730;0.0947E+03;49.966;300;20;0.1726E+03;0.1443E+03;0.549;1.78;00:47:38.600
236.38;0.747;0.0967E+03;49.966;300;20;0.1766E+03;0.1478E+03;0.548;1.77;00:47:38.700
236.32;0.917;0.1164E+03;49.965;300;20;0.2166E+03;0.1826E+03;0.538;1.82;00:47:38.800
236.19;1.583;0.2033E+03;49.964;300;20;0.3739E+03;0.3138E+03;0.544;1.87;00:47:38.900
236.15;1.615;0.2094E+03;49.963;300;20;0.3815E+03;0.3189E+03;0.549;1.85;00:47:39.000
236.12;1.618;0.2095E+03;49.962;300;20;0.3820E+03;0.3194E+03;0.548;1.84;00:47:39.100
236.13;1.637;0.2123E+03;49.962;300;20;0.3867E+03;0.3231E+03;0.549;1.86;00:47:39.200
236.18;1.624;0.2107E+03;49.963;300;20;0.3835E+03;0.3204E+03;0.549;1.85;00:47:39.300
236.18;1.644;0.2134E+03;49.962;300;20;0.3883E+03;0.3243E+03;0.550;1.86;00:47:39.400
236.22;1.623;0.2104E+03;49.961;300;20;0.3833E+03;0.3204E+03;0.549;1.83;00:47:39.500
236.23;1.647;0.2134E+03;49.962;300;20;0.3890E+03;0.3252E+03;0.549;1.80;00:47:39.600
236.21;1.627;0.2111E+03;49.961;300;20;0.3844E+03;0.3212E+03;0.549;1.84;00:47:39.700
236.23;1.581;0.2044E+03;49.961;300;20;0.3734E+03;0.3125E+03;0.547;1.83;00:47:39.800
236.36;0.843;0.1082E+03;49.962;300;20;0.1992E+03;0.1673E+03;0.543;1.78;00:47:39.900
236.38;0.749;0.0970E+03;49.962;300;20;0.1771E+03;0.1482E+03;0.547;1.77;00:47:40.000
236.30;1.390;0.1732E+03;49.963;300;20;0.3284E+03;0.2791E+03;0.527;1.82;00:47:40.100
236.32;1.700;0.2207E+03;49.962;300;20;0.4018E+03;0.3357E+03;0.549;1.84;00:47:40.200
236.31;1.675;0.2176E+03;49.961;300;20;0.3959E+03;0.3307E+03;0.550;1.83;00:47:40.300
236.31;1.678;0.2178E+03;49.962;300;20;0.3966E+03;0.3314E+03;0.549;1.84;00:47:40.400
236.31;1.697;0.2202E+03;49.963;300;20;0.4009E+03;0.3351E+03;0.549;1.81;00:47:40.500
236.31;1.686;0.2190E+03;49.962;300;20;0.3984E+03;0.3329E+03;0.550;1.83;00:47:40.600
236.36;1.694;0.2201E+03;49.962;300;20;0.4005E+03;0.3346E+03;0.549;1.82;00:47:40.700
236.31;1.675;0.2174E+03;49.963;300;20;0.3957E+03;0.3306E+03;0.549;1.82;00:47:40.800
236.29;1.693;0.2198E+03;49.963;300;20;0.4001E+03;0.3343E+03;0.549;1.83;00:47:40.900
236.34;1.632;0.2115E+03;49.963;300;20;0.3857E+03;0.3226E+03;0.548;1.83;00:47:41.000
236.44;1.068;0.1365E+03;49.962;300;20;0.2524E+03;0.2124E+03;0.541;1.78;00:47:41.100
236.48;0.780;0.1009E+03;49.964;300;20;0.1844E+03;0.1544E+03;0.547;1.76;00:47:41.200
236.49;0.771;0.0997E+03;49.965;300;20;0.1822E+03;0.1525E+03;0.547;1.76;00:47:41.300
236.53;0.738;0.0958E+03;49.965;300;20;0.1745E+03;0.1459E+03;0.549;1.78;00:47:41.400
236.48;0.733;0.0950E+03;49.965;300;20;0.1733E+03;0.1449E+03;0.548;1.78;00:47:41.500
236.52;0.753;0.0977E+03;49.965;300;20;0.1781E+03;0.1489E+03;0.549;1.79;00:47:41.600
236.53;0.734;0.0951E+03;49.967;300;20;0.1735E+03;0.1451E+03;0.548;1.78;00:47:41.700
236.54;0.735;0.0954E+03;49.966;300;20;0.1738E+03;0.1453E+03;0.549;1.78;00:47:41.800
236.55;0.732;0.0950E+03;49.965;300;20;0.1732E+03;0.1448E+03;0.548;1.78;00:47:41.900
236.52;0.741;0.0959E+03;49.966;300;20;0.1752E+03;0.1466E+03;0.548;1.77;00:47:42.000
236.54;0.737;0.0957E+03;49.967;300;20;0.1743E+03;0.1457E+03;0.549;1.78;00:47:42.100
236.55;0.744;0.0964E+03;49.965;300;20;0.1759E+03;0.1471E+03;0.548;1.80;00:47:42.200
236.53;0.775;0.0998E+03;49.966;300;20;0.1832E+03;0.1537E+03;0.545;1.79;00:47:42.300
236.46;1.396;0.1768E+03;49.965;300;20;0.3300E+03;0.2787E+03;0.536;1.84;00:47:42.400
236.35;1.880;0.2462E+03;49.965;300;20;0.4444E+03;0.3699E+03;0.554;1.85;00:47:42.500
236.39;1.663;0.2157E+03;49.964;300;20;0.3930E+03;0.3286E+03;0.549;1.84;00:47:42.600
236.39;1.632;0.2120E+03;49.963;300;20;0.3858E+03;0.3223E+03;0.550;1.84;00:47:42.700
236.40;1.664;0.2160E+03;49.963;300;20;0.3933E+03;0.3287E+03;0.549;1.84;00:47:42.800
236.41;1.667;0.2165E+03;49.964;300;20;0.3940E+03;0.3292E+03;0.550;1.84;00:47:42.900
236.38;1.648;0.2138E+03;49.963;300;20;0.3894E+03;0.3255E+03;0.549;1.84;00:47:43.000
236.38;1.652;0.2144E+03;49.964;300;20;0.3905E+03;0.3264E+03;0.549;1.85;00:47:43.100
236.33;1.636;0.2118E+03;49.966;300;20;0.3865E+03;0.3234E+03;0.548;1.84;00:47:43.200
236.35;1.661;0.2153E+03;49.965;300;20;0.3925E+03;0.3282E+03;0.549;1.84;00:47:43.300
236.45;1.192;0.1480E+03;49.966;300;20;0.2818E+03;0.2399E+03;0.525;1.84;00:47:43.400
236.54;0.727;0.0939E+03;49.966;300;20;0.1719E+03;0.1440E+03;0.546;1.78;00:47:43.500
236.52;1.182;0.1457E+03;49.967;300;20;0.2795E+03;0.2385E+03;0.521;1.82;00:47:43.600
236.36;1.922;0.2504E+03;49.968;300;20;0.4543E+03;0.3791E+03;0.551;1.86;00:47:43.700
236.34;1.677;0.2172E+03;49.968;300;20;0.3963E+03;0.3314E+03;0.548;1.84;00:47:43.800
236.35;1.677;0.2170E+03;49.967;300;20;0.3963E+03;0.3316E+03;0.547;1.85;00:47:43.900
236.30;1.678;0.2175E+03;49.967;300;20;0.3966E+03;0.3317E+03;0.548;1.85;00:47:44.000
236.34;1.680;0.2176E+03;49.967;300;20;0.3970E+03;0.3321E+03;0.548;1.86;00:47:44.100
236.35;1.669;0.2164E+03;49.965;300;20;0.3944E+03;0.3297E+03;0.549;1.87;00:47:44.200
236.36;1.674;0.2167E+03;49.966;300;20;0.3956E+03;0.3309E+03;0.548;1.85;00:47:44.300
236.37;1.677;0.2177E+03;49.966;300;20;0.3963E+03;0.3312E+03;0.549;1.86;00:47:44.400
236.36;1.647;0.2139E+03;49.966;300;20;0.3893E+03;0.3253E+03;0.549;1.88;00:47:44.500
236.45;1.218;0.1545E+03;49.966;300;20;0.2881E+03;0.2431E+03;0.536;1.87;00:47:44.600
236.53;0.774;0.1002E+03;49.965;300;20;0.1832E+03;0.1534E+03;0.547;1.80;00:47:44.700
236.55;0.764;0.0989E+03;49.966;300;20;0.1808E+03;0.1513E+03;0.547;1.80;00:47:44.800
236.52;0.743;0.0965E+03;49.969;300;20;0.1758E+03;0.1470E+03;0.549;1.82;00:47:44.900
236.54;0.746;0.0969E+03;49.969;300;20;0.1765E+03;0.1475E+03;0.549;1.82;00:47:45.000
236.54;0.718;0.0932E+03;49.969;300;20;0.1699E+03;0.1421E+03;0.549;1.83;00:47:45.100
236.53;0.745;0.0965E+03;49.970;300;20;0.1762E+03;0.1474E+03;0.548;1.81;00:47:45.200
236.57;0.745;0.0969E+03;49.970;300;20;0.1763E+03;0.1473E+03;0.550;1.81;00:47:45.300
236.58;0.744;0.0966E+03;49.970;300;20;0.1759E+03;0.1470E+03;0.549;1.83;00:47:45.400
236.57;0.726;0.0945E+03;49.970;300;20;0.1719E+03;0.1436E+03;0.550;1.81;00:47:45.500
236.55;0.730;0.0949E+03;49.971;300;20;0.1728E+03;0.1444E+03;0.549;1.83;00:47:45.600
236.55;0.748;0.0972E+03;49.972;300;20;0.1768E+03;0.1477E+03;0.550;1.80;00:47:45.700
236.57;0.809;0.1042E+03;49.972;300;20;0.1913E+03;0.1604E+03;0.545;1.81;00:47:45.800
236.44;1.595;0.2027E+03;49.971;300;20;0.3770E+03;0.3179E+03;0.538;1.85;00:47:45.900
236.39;1.821;0.2383E+03;49.971;300;20;0.4304E+03;0.3584E+03;0.554;1.90;00:47:46.000
236.43;1.664;0.2162E+03;49.972;300;20;0.3934E+03;0.3286E+03;0.550;1.87;00:47:46.100
236.47;1.642;0.2137E+03;49.972;300;20;0.3884E+03;0.3243E+03;0.550;1.87;00:47:46.200
236.44;1.649;0.2147E+03;49.972;300;20;0.3899E+03;0.3255E+03;0.551;1.88;00:47:46.300
236.43;1.623;0.2115E+03;49.973;300;20;0.3837E+03;0.3202E+03;0.551;1.89;00:47:46.400
236.41;1.625;0.2114E+03;49.974;300;20;0.3842E+03;0.3208E+03;0.550;1.88;00:47:46.500
236.42;1.636;0.2127E+03;49.975;300;20;0.3867E+03;0.3229E+03;0.550;1.87;00:47:46.600
236.45;1.634;0.2129E+03;49.975;300;20;0.3864E+03;0.3225E+03;0.551;1.88;00:47:46.700
236.42;1.635;0.2131E+03;49.975;300;20;0.3865E+03;0.3225E+03;0.551;1.90;00:47:46.800
236.43;1.650;0.2143E+03;49.975;300;20;0.3901E+03;0.3259E+03;0.550;1.90;00:47:46.900
236.60;0.704;0.0912E+03;49.975;300;20;0.1666E+03;0.1394E+03;0.548;1.84;00:47:47.000
236.43;1.567;0.1951E+03;49.975;300;20;0.3706E+03;0.3151E+03;0.527;1.84;00:47:47.100
236.36;1.831;0.2395E+03;49.976;300;20;0.4328E+03;0.3605E+03;0.553;1.90;00:47:47.200
236.42;1.665;0.2167E+03;49.977;300;20;0.3935E+03;0.3285E+03;0.551;1.89;00:47:47.300
236.27;1.661;0.2161E+03;49.978;300;20;0.3926E+03;0.3277E+03;0.550;1.89;00:47:47.400
236.27;1.655;0.2157E+03;49.977;300;20;0.3909E+03;0.3261E+03;0.552;1.88;00:47:47.500
236.32;1.668;0.2175E+03;49.976;300;20;0.3942E+03;0.3287E+03;0.552;1.89;00:47:47.600
236.36;1.656;0.2160E+03;49.976;300;20;0.3913E+03;0.3263E+03;0.552;1.89;00:47:47.700
236.35;1.668;0.2174E+03;49.977;300;20;0.3943E+03;0.3290E+03;0.551;1.90;00:47:47.800
236.39;1.647;0.2145E+03;49.977;300;20;0.3893E+03;0.3249E+03;0.551;1.88;00:47:47.900
236.30;1.652;0.2145E+03;49.978;300;20;0.3904E+03;0.3263E+03;0.549;1.87;00:47:48.000
236.30;1.657;0.2153E+03;49.979;300;20;0.3915E+03;0.3269E+03;0.550;1.86;00:47:48.100
236.53;0.753;0.0978E+03;49.977;300;20;0.1781E+03;0.1488E+03;0.549;1.82;00:47:48.200
236.56;0.759;0.0987E+03;49.977;300;20;0.1796E+03;0.1501E+03;0.549;1.81;00:47:48.300
236.59;0.748;0.0971E+03;49.978;300;20;0.1769E+03;0.1479E+03;0.549;1.82;00:47:48.400
236.57;0.738;0.0957E+03;49.978;300;20;0.1747E+03;0.1462E+03;0.548;1.80;00:47:48.500
236.60;0.740;0.0963E+03;49.979;300;20;0.1751E+03;0.1463E+03;0.550;1.80;00:47:48.600
236.57;0.731;0.0951E+03;49.980;300;20;0.1729E+03;0.1444E+03;0.550;1.79;00:47:48.700
236.57;0.730;0.0951E+03;49.981;300;20;0.1727E+03;0.1442E+03;0.551;1.81;00:47:48.800
236.58;0.740;0.0963E+03;49.982;300;20;0.1751E+03;0.1463E+03;0.550;1.80;00:47:48.900
236.52;0.732;0.0951E+03;49.982;300;20;0.1732E+03;0.1448E+03;0.549;1.80;00:47:49.000
236.52;0.743;0.0962E+03;49.983;300;20;0.1757E+03;0.1470E+03;0.548;1.80;00:47:49.100
236.53;0.729;0.0947E+03;49.984;300;20;0.1725E+03;0.1442E+03;0.549;1.81;00:47:49.200
236.52;0.738;0.0957E+03;49.984;300;20;0.1745E+03;0.1459E+03;0.549;1.81;00:47:49.300
236.32;1.896;0.2479E+03;49.984;300;20;0.4481E+03;0.3733E+03;0.553;1.86;00:47:49.400
236.35;1.675;0.2183E+03;49.985;300;20;0.3959E+03;0.3302E+03;0.552;1.86;00:47:49.500
236.40;1.657;0.2160E+03;49.985;300;20;0.3917E+03;0.3268E+03;0.551;1.87;00:47:49.600
236.39;1.633;0.2125E+03;49.986;300;20;0.3860E+03;0.3223E+03;0.551;1.86;00:47:49.700
236.41;1.635;0.2132E+03;49.987;300;20;0.3866E+03;0.3225E+03;0.551;1.86;00:47:49.800
236.37;1.619;0.2107E+03;49.986;300;20;0.3826E+03;0.3194E+03;0.551;1.85;00:47:49.900
236.32;1.632;0.2125E+03;49.986;300;20;0.3856E+03;0.3218E+03;0.551;1.85;00:47:50.000
236.38;1.630;0.2125E+03;49.987;300;20;0.3854E+03;0.3215E+03;0.551;1.86;00:47:50.100
236.44;1.626;0.2123E+03;49.987;300;20;0.3846E+03;0.3206E+03;0.552;1.87;00:47:50.200
236.45;1.615;0.2110E+03;49.987;300;20;0.3818E+03;0.3182E+03;0.553;1.88;00:47:50.300
236.48;1.542;0.1996E+03;49.987;300;20;0.3647E+03;0.3052E+03;0.547;1.87;00:47:50.400
236.61;0.698;0.0909E+03;49.987;300;20;0.1652E+03;0.1379E+03;0.550;1.80;00:47:50.500
236.40;1.922;0.2528E+03;49.988;300;20;0.4544E+03;0.3776E+03;0.556;1.91;00:47:50.600
236.44;1.690;0.2215E+03;49.986;300;20;0.3996E+03;0.3326E+03;0.554;1.88;00:47:50.700
236.48;1.670;0.2181E+03;49.986;300;20;0.3950E+03;0.3293E+03;0.552;1.89;00:47:50.800
236.47;1.672;0.2186E+03;49.987;300;20;0.3954E+03;0.3295E+03;0.553;1.87;00:47:50.900
236.46;1.651;0.2153E+03;49.987;300;20;0.3905E+03;0.3258E+03;0.551;1.88;00:47:51.000
236.41;1.654;0.2161E+03;49.987;300;20;0.3910E+03;0.3258E+03;0.553;1.87;00:47:51.100
236.41;1.644;0.2144E+03;49.987;300;20;0.3887E+03;0.3242E+03;0.552;1.88;00:47:51.200
236.40;1.661;0.2164E+03;49.987;300;20;0.3926E+03;0.3275E+03;0.551;1.87;00:47:51.300
236.43;1.662;0.2168E+03;49.987;300;20;0.3929E+03;0.3277E+03;0.552;1.88;00:47:51.400
236.43;1.657;0.2162E+03;49.987;300;20;0.3918E+03;0.3267E+03;0.552;1.90;00:47:51.500
236.49;1.438;0.1848E+03;49.986;300;20;0.3401E+03;0.2855E+03;0.543;1.87;00:47:51.600
236.59;0.757;0.0983E+03;49.987;300;20;0.1791E+03;0.1497E+03;0.549;1.81;00:47:51.700
236.62;0.746;0.0974E+03;49.985;300;20;0.1766E+03;0.1473E+03;0.551;1.82;00:47:51.800
236.63;0.736;0.0959E+03;49.986;300;20;0.1740E+03;0.1452E+03;0.551;1.81;00:47:51.900
236.59;0.725;0.0946E+03;49.986;300;20;0.1715E+03;0.1430E+03;0.552;1.82;00:47:52.000
236.61;0.733;0.0955E+03;49.985;300;20;0.1734E+03;0.1447E+03;0.551;1.81;00:47:52.100
236.69;0.733;0.0957E+03;49.985;300;20;0.1735E+03;0.1447E+03;0.552;1.84;00:47:52.200
236.64;0.726;0.0944E+03;49.986;300;20;0.1719E+03;0.1436E+03;0.549;1.81;00:47:52.300
236.62;0.739;0.0964E+03;49.985;300;20;0.1750E+03;0.1460E+03;0.551;1.83;00:47:52.400
236.62;0.718;0.0938E+03;49.985;300;20;0.1700E+03;0.1417E+03;0.552;1.82;00:47:52.500
236.61;0.736;0.0959E+03;49.984;300;20;0.1741E+03;0.1453E+03;0.551;1.83;00:47:52.600
236.61;0.725;0.0946E+03;49.985;300;20;0.1716E+03;0.1431E+03;0.551;1.82;00:47:52.700
236.62;0.795;0.1030E+03;49.985;300;20;0.1881E+03;0.1574E+03;0.548;1.80;00:47:52.800
236.46;1.716;0.2198E+03;49.986;300;20;0.4058E+03;0.3411E+03;0.542;1.92;00:47:52.900
236.47;1.632;0.2135E+03;49.986;300;20;0.3860E+03;0.3217E+03;0.553;1.88;00:47:53.000
236.40;1.613;0.2106E+03;49.987;300;20;0.3812E+03;0.3178E+03;0.552;1.86;00:47:53.100
236.43;1.634;0.2134E+03;49.987;300;20;0.3863E+03;0.3221E+03;0.552;1.86;00:47:53.200
236.40;1.640;0.2141E+03;49.986;300;20;0.3876E+03;0.3231E+03;0.552;1.86;00:47:53.300
236.41;1.637;0.2134E+03;49.986;300;20;0.3871E+03;0.3230E+03;0.551;1.87;00:47:53.400
236.39;1.619;0.2115E+03;49.986;300;20;0.3828E+03;0.3190E+03;0.552;1.86;00:47:53.500
236.38;1.631;0.2126E+03;49.987;300;20;0.3855E+03;0.3216E+03;0.551;1.87;00:47:53.600
236.39;1.639;0.2139E+03;49.988;300;20;0.3876E+03;0.3232E+03;0.552;1.85;00:47:53.700
236.37;1.639;0.2135E+03;49.988;300;20;0.3874E+03;0.3232E+03;0.551;1.84;00:47:53.800
236.50;1.051;0.1290E+03;49.987;300;20;0.2485E+03;0.2124E+03;0.519;1.82;00:47:53.900
236.49;0.721;0.0931E+03;49.987;300;20;0.1706E+03;0.1429E+03;0.546;1.78;00:47:54.000
236.31;1.816;0.2334E+03;49.987;300;20;0.4291E+03;0.3601E+03;0.544;1.86;00:47:54.100
236.37;1.650;0.2154E+03;49.987;300;20;0.3901E+03;0.3252E+03;0.552;1.86;00:47:54.200
236.35;1.673;0.2182E+03;49.987;300;20;0.3954E+03;0.3297E+03;0.552;1.84;00:47:54.300
236.38;1.659;0.2165E+03;49.988;300;20;0.3921E+03;0.3269E+03;0.552;1.86;00:47:54.400
236.38;1.668;0.2172E+03;49.988;300;20;0.3942E+03;0.3289E+03;0.551;1.85;00:47:54.500
236.37;1.658;0.2163E+03;49.987;300;20;0.3919E+03;0.3267E+03;0.552;1.84;00:47:54.600
236.34;1.669;0.2174E+03;49.987;300;20;0.3944E+03;0.3291E+03;0.551;1.83;00:47:54.700
236.36;1.676;0.2186E+03;49.987;300;20;0.3962E+03;0.3304E+03;0.552;1.84;00:47:54.800
236.37;1.665;0.2174E+03;49.987;300;20;0.3936E+03;0.3281E+03;0.552;1.85;00:47:54.900
236.34;1.619;0.2110E+03;49.988;300;20;0.3827E+03;0.3193E+03;0.551;1.83;00:47:55.000
236.48;0.882;0.1119E+03;49.987;300;20;0.2087E+03;0.1762E+03;0.536;1.77;00:47:55.100
236.53;0.750;0.0973E+03;49.987;300;20;0.1774E+03;0.1483E+03;0.549;1.79;00:47:55.200
236.52;0.748;0.0972E+03;49.988;300;20;0.1768E+03;0.1477E+03;0.550;1.80;00:47:55.300
236.55;0.740;0.0962E+03;49.987;300;20;0.1751E+03;0.1463E+03;0.550;1.79;00:47:55.400
236.56;0.722;0.0940E+03;49.987;300;20;0.1709E+03;0.1428E+03;0.550;1.79;00:47:55.500
236.57;0.739;0.0960E+03;49.988;300;20;0.1748E+03;0.1460E+03;0.549;1.79;00:47:55.600
236.57;0.731;0.0953E+03;49.988;300;20;0.1730E+03;0.1445E+03;0.551;1.78;00:47:55.700
236.59;0.750;0.0977E+03;49.988;300;20;0.1775E+03;0.1482E+03;0.550;1.79;00:47:55.800
236.59;0.716;0.0933E+03;49.988;300;20;0.1694E+03;0.1414E+03;0.551;1.78;00:47:55.900
236.58;0.745;0.0969E+03;49.988;300;20;0.1762E+03;0.1471E+03;0.550;1.78;00:47:56.000
236.58;0.735;0.0956E+03;49.989;300;20;0.1738E+03;0.1452E+03;0.550;1.78;00:47:56.100
236.62;0.738;0.0961E+03;49.988;300;20;0.1746E+03;0.1458E+03;0.550;1.80;00:47:56.200
236.61;0.742;0.0967E+03;49.988;300;20;0.1757E+03;0.1467E+03;0.550;1.78;00:47:56.300
236.60;0.780;0.1014E+03;49.989;300;20;0.1845E+03;0.1542E+03;0.549;1.79;00:47:56.400
236.49;0.830;0.1075E+03;49.990;300;20;0.1964E+03;0.1643E+03;0.547;1.81;00:47:56.500
236.52;0.985;0.1272E+03;49.990;300;20;0.2330E+03;0.1952E+03;0.546;1.81;00:47:56.600
236.51;1.060;0.1369E+03;49.990;300;20;0.2508E+03;0.2102E+03;0.546;1.82;00:47:56.700
236.49;1.138;0.1470E+03;49.990;300;20;0.2691E+03;0.2254E+03;0.546;1.83;00:47:56.800
236.47;1.253;0.1619E+03;49.991;300;20;0.2962E+03;0.2481E+03;0.546;1.84;00:47:56.900
236.43;1.440;0.1866E+03;49.990;300;20;0.3404E+03;0.2847E+03;0.548;1.84;00:47:57.000
236.40;1.549;0.2012E+03;49.990;300;20;0.3661E+03;0.3058E+03;0.550;1.84;00:47:57.100
236.40;1.645;0.2147E+03;49.990;300;20;0.3890E+03;0.3244E+03;0.552;1.89;00:47:57.200
236.42;1.730;0.2257E+03;49.991;300;20;0.4091E+03;0.3411E+03;0.552;1.87;00:47:57.300
236.39;1.752;0.2289E+03;49.991;300;20;0.4141E+03;0.3451E+03;0.553;1.87;00:47:57.400
236.39;1.657;0.2159E+03;49.990;300;20;0.3916E+03;0.3267E+03;0.551;1.87;00:47:57.500
236.41;1.492;0.1938E+03;49.990;300;20;0.3528E+03;0.2949E+03;0.549;1.85;00:47:57.600
236.43;1.323;0.1710E+03;49.989;300;20;0.3129E+03;0.2620E+03;0.547;1.83;00:47:57.700
236.45;1.078;0.1394E+03;49.989;300;20;0.2550E+03;0.2135E+03;0.547;1.82;00:47:57.800
236.47;0.974;0.1257E+03;49.988;300;20;0.2304E+03;0.1931E+03;0.546;1.80;00:47:57.900
236.52;0.896;0.1162E+03;49.988;300;20;0.2119E+03;0.1773E+03;0.548;1.79;00:47:58.000
236.51;0.806;0.1047E+03;49.988;300;20;0.1906E+03;0.1592E+03;0.549;1.81;00:47:58.100
236.58;0.765;0.0996E+03;49.988;300;20;0.1810E+03;0.1512E+03;0.550;1.82;00:47:58.200
236.54;0.768;0.0997E+03;49.986;300;20;0.1815E+03;0.1517E+03;0.549;1.80;00:47:58.300
236.53;0.887;0.1147E+03;49.986;300;20;0.2099E+03;0.1758E+03;0.547;1.81;00:47:58.400
236.52;1.001;0.1291E+03;49.985;300;20;0.2366E+03;0.1983E+03;0.546;1.82;00:47:58.500
236.43;1.322;0.1704E+03;49.985;300;20;0.3125E+03;0.2619E+03;0.545;1.83;00:47:58.600
236.41;1.470;0.1905E+03;49.985;300;20;0.3475E+03;0.2906E+03;0.548;1.85;00:47:58.700
236.37;1.654;0.2155E+03;49.985;300;20;0.3910E+03;0.3263E+03;0.551;1.86;00:47:58.800
236.32;1.809;0.2371E+03;49.986;300;20;0.4275E+03;0.3557E+03;0.555;1.87;00:47:58.900
236.35;1.759;0.2303E+03;49.985;300;20;0.4159E+03;0.3463E+03;0.554;1.86;00:47:59.000
236.33;1.665;0.2174E+03;49.986;300;20;0.3935E+03;0.3279E+03;0.553;1.86;00:47:59.100
236.41;1.565;0.2039E+03;49.986;300;20;0.3701E+03;0.3088E+03;0.551;1.86;00:47:59.200
236.40;1.461;0.1893E+03;49.987;300;20;0.3454E+03;0.2888E+03;0.548;1.84;00:47:59.300
236.42;1.275;0.1648E+03;49.988;300;20;0.3014E+03;0.2524E+03;0.547;1.83;00:47:59.400
236.42;1.209;0.1562E+03;49.988;300;20;0.2859E+03;0.2394E+03;0.546;1.83;00:47:59.500
236.45;1.121;0.1448E+03;49.987;300;20;0.2649E+03;0.2219E+03;0.547;1.82;00:47:59.600
236.48;1.044;0.1347E+03;49.988;300;20;0.2469E+03;0.2069E+03;0.545;1.83;00:47:59.700
236.49;0.907;0.1174E+03;49.987;300;20;0.2145E+03;0.1795E+03;0.547;1.80;00:47:59.800
236.49;0.860;0.1114E+03;49.987;300;20;0.2033E+03;0.1701E+03;0.548;1.81;00:47:59.900
236.51;0.804;0.1046E+03;49.988;300;20;0.1901E+03;0.1587E+03;0.550;1.80;00:48:00.000
236.50;0.779;0.1011E+03;49.987;300;20;0.1841E+03;0.1539E+03;0.549;1.81;00:48:00.100
236.54;0.744;0.0970E+03;49.987;300;20;0.1761E+03;0.1469E+03;0.551;1.83;00:48:00.200
236.54;0.761;0.0991E+03;49.988;300;20;0.1800E+03;0.1502E+03;0.551;1.79;00:48:00.300
236.58;0.755;0.0984E+03;49.987;300;20;0.1785E+03;0.1490E+03;0.551;1.81;00:48:00.400
236.58;0.735;0.0958E+03;49.988;300;20;0.1739E+03;0.1451E+03;0.551;1.83;00:48:00.500
236.57;0.741;0.0964E+03;49.987;300;20;0.1752E+03;0.1463E+03;0.550;1.84;00:48:00.600
236.56;0.730;0.0950E+03;49.986;300;20;0.1726E+03;0.1441E+03;0.551;1.85;00:48:00.700
236.53;0.752;0.0980E+03;49.988;300;20;0.1778E+03;0.1484E+03;0.551;1.82;00:48:00.800
236.56;0.731;0.0954E+03;49.987;300;20;0.1730E+03;0.1443E+03;0.552;1.82;00:48:00.900
236.52;0.751;0.0980E+03;49.986;300;20;0.1777E+03;0.1483E+03;0.551;1.84;00:48:01.000
236.57;0.735;0.0959E+03;49.986;300;20;0.1740E+03;0.1451E+03;0.551;1.84;00:48:01.100
236.57;0.751;0.0975E+03;49.986;300;20;0.1777E+03;0.1485E+03;0.549;1.83;00:48:01.200
236.54;0.753;0.0979E+03;49.986;300;20;0.1782E+03;0.1489E+03;0.549;1.81;00:48:01.300
236.51;1.000;0.1289E+03;49.985;300;20;0.2365E+03;0.1983E+03;0.545;1.85;00:48:01.400
236.49;1.185;0.1527E+03;49.985;300;20;0.2801E+03;0.2348E+03;0.545;1.86;00:48:01.500
236.45;1.385;0.1793E+03;49.987;300;20;0.3275E+03;0.2741E+03;0.547;1.87;00:48:01.600
236.38;1.629;0.2123E+03;49.986;300;20;0.3851E+03;0.3213E+03;0.551;1.90;00:48:01.700
236.32;2.012;0.2650E+03;49.986;300;20;0.4755E+03;0.3947E+03;0.557;1.91;00:48:01.800
236.32;1.981;0.2612E+03;49.986;300;20;0.4682E+03;0.3886E+03;0.558;1.92;00:48:01.900
236.26;1.906;0.2503E+03;49.986;300;20;0.4502E+03;0.3742E+03;0.556;1.92;00:48:02.000
236.36;1.941;0.2552E+03;49.986;300;20;0.4587E+03;0.3812E+03;0.556;1.91;00:48:02.100
236.42;1.844;0.2417E+03;49.986;300;20;0.4360E+03;0.3629E+03;0.554;1.93;00:48:02.200
236.46;1.451;0.1876E+03;49.986;300;20;0.3430E+03;0.2872E+03;0.547;1.88;00:48:02.300
236.51;1.151;0.1484E+03;49.986;300;20;0.2723E+03;0.2283E+03;0.545;1.87;00:48:02.400
236.58;0.973;0.1254E+03;49.985;300;20;0.2301E+03;0.1930E+03;0.545;1.86;00:48:02.500
236.65;0.759;0.0987E+03;49.985;300;20;0.1795E+03;0.1500E+03;0.550;1.86;00:48:02.600
236.66;0.795;0.1030E+03;49.984;300;20;0.1881E+03;0.1573E+03;0.548;1.84;00:48:02.700
236.66;1.024;0.1315E+03;49.984;300;20;0.2423E+03;0.2035E+03;0.543;1.84;00:48:02.800
236.57;1.356;0.1745E+03;49.985;300;20;0.3207E+03;0.2691E+03;0.544;1.88;00:48:02.900
236.42;2.094;0.2764E+03;49.984;300;20;0.4950E+03;0.4106E+03;0.558;1.92;00:48:03.000
236.41;2.030;0.2673E+03;49.984;300;20;0.4799E+03;0.3986E+03;0.557;1.90;00:48:03.100
236.45;2.002;0.2638E+03;49.983;300;20;0.4733E+03;0.3930E+03;0.557;1.92;00:48:03.200
236.46;1.981;0.2611E+03;49.984;300;20;0.4683E+03;0.3888E+03;0.557;1.91;00:48:03.300
236.42;1.918;0.2526E+03;49.985;300;20;0.4534E+03;0.3765E+03;0.557;1.94;00:48:03.400
236.51;1.657;0.2161E+03;49.985;300;20;0.3918E+03;0.3268E+03;0.552;1.91;00:48:03.500
236.52;1.441;0.1867E+03;49.985;300;20;0.3409E+03;0.2852E+03;0.548;1.87;00:48:03.600
236.52;1.270;0.1643E+03;49.986;300;20;0.3005E+03;0.2516E+03;0.547;1.86;00:48:03.700
236.59;1.001;0.1293E+03;49.985;300;20;0.2368E+03;0.1984E+03;0.546;1.86;00:48:03.800
236.61;0.864;0.1120E+03;49.984;300;20;0.2044E+03;0.1709E+03;0.548;1.86;00:48:03.900
236.58;0.804;0.1042E+03;49.985;300;20;0.1903E+03;0.1592E+03;0.548;1.86;00:48:04.000
236.62;0.778;0.1012E+03;49.984;300;20;0.1842E+03;0.1539E+03;0.549;1.82;00:48:04.100
236.68;0.758;0.0986E+03;49.986;300;20;0.1795E+03;0.1500E+03;0.549;1.85;00:48:04.200
236.65;0.740;0.0964E+03;49.985;300;20;0.1752E+03;0.1463E+03;0.550;1.80;00:48:04.300
236.64;0.733;0.0952E+03;49.985;300;20;0.1734E+03;0.1449E+03;0.549;1.81;00:48:04.400
236.67;0.750;0.0975E+03;49.986;300;20;0.1775E+03;0.1483E+03;0.550;1.81;00:48:04.500
236.62;0.730;0.0950E+03;49.986;300;20;0.1728E+03;0.1443E+03;0.550;1.82;00:48:04.600
236.66;0.743;0.0968E+03;49.985;300;20;0.1758E+03;0.1468E+03;0.551;1.83;00:48:04.700
236.67;0.723;0.0943E+03;49.985;300;20;0.1711E+03;0.1428E+03;0.551;1.82;00:48:04.800
236.62;0.739;0.0963E+03;49.987;300;20;0.1749E+03;0.1460E+03;0.550;1.83;00:48:04.900
236.61;0.728;0.0949E+03;49.986;300;20;0.1722E+03;0.1437E+03;0.551;1.81;00:48:05.000
236.59;0.730;0.0952E+03;49.987;300;20;0.1727E+03;0.1441E+03;0.551;1.82;00:48:05.100
236.61;0.791;0.1028E+03;49.985;300;20;0.1872E+03;0.1564E+03;0.549;1.85;00:48:05.200
236.53;1.040;0.1340E+03;49.986;300;20;0.2460E+03;0.2063E+03;0.545;1.86;00:48:05.300
236.41;1.716;0.2244E+03;49.986;300;20;0.4057E+03;0.3380E+03;0.553;1.90;00:48:05.400
236.31;2.039;0.2700E+03;49.986;300;20;0.4819E+03;0.3992E+03;0.560;1.91;00:48:05.500
236.32;2.053;0.2725E+03;49.985;300;20;0.4852E+03;0.4015E+03;0.562;1.93;00:48:05.600
236.40;1.950;0.2574E+03;49.984;300;20;0.4611E+03;0.3825E+03;0.558;1.89;00:48:05.700
236.42;1.938;0.2554E+03;49.983;300;20;0.4582E+03;0.3803E+03;0.558;1.91;00:48:05.800
236.42;1.932;0.2542E+03;49.983;300;20;0.4566E+03;0.3794E+03;0.557;1.91;00:48:05.900
236.33;1.936;0.2544E+03;49.984;300;20;0.4576E+03;0.3803E+03;0.556;1.89;00:48:06.000
236.38;1.865;0.2449E+03;49.983;300;20;0.4409E+03;0.3667E+03;0.555;1.89;00:48:06.100
236.59;0.931;0.1203E+03;49.983;300;20;0.2202E+03;0.1844E+03;0.546;1.82;00:48:06.200
236.59;0.768;0.1001E+03;49.983;300;20;0.1818E+03;0.1518E+03;0.551;1.80;00:48:06.300
236.63;0.771;0.1003E+03;49.983;300;20;0.1824E+03;0.1523E+03;0.550;1.81;00:48:06.400
236.58;1.057;0.1349E+03;49.983;300;20;0.2501E+03;0.2106E+03;0.539;1.86;00:48:06.500
236.37;2.173;0.2888E+03;49.983;300;20;0.5137E+03;0.4248E+03;0.562;1.91;00:48:06.600
236.36;2.037;0.2703E+03;49.985;300;20;0.4815E+03;0.3984E+03;0.562;1.91;00:48:06.700
236.37;1.988;0.2628E+03;49.986;300;20;0.4699E+03;0.3895E+03;0.559;1.90;00:48:06.800
236.41;1.990;0.2632E+03;49.985;300;20;0.4705E+03;0.3900E+03;0.559;1.90;00:48:06.900
236.39;1.979;0.2613E+03;49.984;300;20;0.4678E+03;0.3880E+03;0.559;1.91;00:48:07.000
236.38;1.986;0.2619E+03;49.985;300;20;0.4694E+03;0.3895E+03;0.558;1.92;00:48:07.100
236.45;1.831;0.2406E+03;49.984;300;20;0.4330E+03;0.3600E+03;0.556;1.89;00:48:07.200
236.49;1.433;0.1856E+03;49.985;300;20;0.3389E+03;0.2836E+03;0.548;1.83;00:48:07.300
236.59;0.978;0.1261E+03;49.984;300;20;0.2313E+03;0.1939E+03;0.545;1.82;00:48:07.400
236.61;0.832;0.1079E+03;49.984;300;20;0.1968E+03;0.1646E+03;0.548;1.82;00:48:07.500
236.60;0.755;0.0982E+03;49.984;300;20;0.1785E+03;0.1491E+03;0.550;1.81;00:48:07.600
236.55;0.761;0.0988E+03;49.984;300;20;0.1799E+03;0.1503E+03;0.549;1.81;00:48:07.700
236.61;0.733;0.0955E+03;49.984;300;20;0.1735E+03;0.1449E+03;0.550;1.81;00:48:07.800
236.60;0.736;0.0958E+03;49.985;300;20;0.1742E+03;0.1454E+03;0.550;1.81;00:48:07.900
236.49;0.721;0.0937E+03;49.985;300;20;0.1704E+03;0.1423E+03;0.550;1.83;00:48:08.000
236.58;0.744;0.0967E+03;49.985;300;20;0.1759E+03;0.1470E+03;0.550;1.83;00:48:08.100
236.64;0.731;0.0952E+03;49.987;300;20;0.1729E+03;0.1444E+03;0.550;1.84;00:48:08.200
236.62;0.731;0.0949E+03;49.987;300;20;0.1730E+03;0.1446E+03;0.549;1.83;00:48:08.300
236.61;0.740;0.0961E+03;49.987;300;20;0.1750E+03;0.1463E+03;0.549;1.83;00:48:08.400
236.59;0.720;0.0938E+03;49.988;300;20;0.1705E+03;0.1424E+03;0.550;1.82;00:48:08.500
236.59;0.737;0.0961E+03;49.988;300;20;0.1744E+03;0.1455E+03;0.551;1.82;00:48:08.600
236.60;0.805;0.1044E+03;49.989;300;20;0.1905E+03;0.1594E+03;0.548;1.82;00:48:08.700
236.55;1.201;0.1542E+03;49.989;300;20;0.2840E+03;0.2385E+03;0.543;1.86;00:48:08.800
236.47;1.670;0.2172E+03;49.989;300;20;0.3950E+03;0.3299E+03;0.550;1.90;00:48:08.900
236.38;2.040;0.2700E+03;49.990;300;20;0.4823E+03;0.3996E+03;0.560;1.93;00:48:09.000
236.33;1.925;0.2537E+03;49.990;300;20;0.4549E+03;0.3776E+03;0.558;1.91;00:48:09.100
236.41;1.950;0.2572E+03;49.990;300;20;0.4611E+03;0.3827E+03;0.558;1.91;00:48:09.200
236.40;1.947;0.2568E+03;49.989;300;20;0.4604E+03;0.3821E+03;0.558;1.91;00:48:09.300
236.39;1.964;0.2587E+03;49.988;300;20;0.4644E+03;0.3857E+03;0.557;1.91;00:48:09.400
236.40;1.946;0.2565E+03;49.988;300;20;0.4599E+03;0.3818E+03;0.558;1.91;00:48:09.500
236.40;1.804;0.2353E+03;49.990;300;20;0.4264E+03;0.3556E+03;0.552;1.89;00:48:09.600
236.56;1.042;0.1341E+03;49.989;300;20;0.2466E+03;0.2069E+03;0.544;1.84;00:48:09.700
236.60;0.786;0.1021E+03;49.989;300;20;0.1861E+03;0.1556E+03;0.549;1.84;00:48:09.800
236.50;1.345;0.1708E+03;49.989;300;20;0.3180E+03;0.2682E+03;0.537;1.85;00:48:09.900
236.25;2.167;0.2870E+03;49.989;300;20;0.5119E+03;0.4239E+03;0.561;1.97;00:48:10.000
236.31;2.105;0.2791E+03;49.988;300;20;0.4974E+03;0.4118E+03;0.561;1.92;00:48:10.100
236.39;2.004;0.2651E+03;49.989;300;20;0.4738E+03;0.3926E+03;0.560;1.90;00:48:10.200
236.35;2.005;0.2649E+03;49.989;300;20;0.4740E+03;0.3930E+03;0.559;1.90;00:48:10.300
236.40;1.994;0.2639E+03;49.990;300;20;0.4715E+03;0.3907E+03;0.560;1.90;00:48:10.400
236.43;2.000;0.2637E+03;49.990;300;20;0.4728E+03;0.3924E+03;0.558;1.90;00:48:10.500
236.47;1.850;0.2432E+03;49.989;300;20;0.4375E+03;0.3637E+03;0.556;1.90;00:48:10.600
236.58;1.314;0.1695E+03;49.989;300;20;0.3110E+03;0.2607E+03;0.545;1.84;00:48:10.700
236.64;1.001;0.1295E+03;49.990;300;20;0.2369E+03;0.1983E+03;0.547;1.84;00:48:10.800
236.68;0.811;0.1054E+03;49.989;300;20;0.1920E+03;0.1604E+03;0.549;1.82;00:48:10.900
236.62;0.746;0.0972E+03;49.988;300;20;0.1765E+03;0.1473E+03;0.551;1.81;00:48:11.000
236.62;0.745;0.0970E+03;49.989;300;20;0.1763E+03;0.1472E+03;0.550;1.82;00:48:11.100
236.69;0.748;0.0974E+03;49.989;300;20;0.1771E+03;0.1479E+03;0.550;1.81;00:48:11.200
236.63;0.720;0.0938E+03;49.988;300;20;0.1703E+03;0.1422E+03;0.551;1.83;00:48:11.300
236.66;0.741;0.0965E+03;49.987;300;20;0.1753E+03;0.1463E+03;0.551;1.83;00:48:11.400
236.64;0.723;0.0943E+03;49.988;300;20;0.1712E+03;0.1429E+03;0.551;1.81;00:48:11.500
236.65;0.745;0.0970E+03;49.989;300;20;0.1763E+03;0.1472E+03;0.550;1.84;00:48:11.600
236.66;0.728;0.0949E+03;49.988;300;20;0.1722E+03;0.1436E+03;0.551;1.83;00:48:11.700
236.63;0.742;0.0966E+03;49.986;300;20;0.1755E+03;0.1466E+03;0.550;1.83;00:48:11.800
236.62;0.712;0.0929E+03;49.986;300;20;0.1685E+03;0.1406E+03;0.551;1.83;00:48:11.900
236.53;0.728;0.0949E+03;49.988;300;20;0.1722E+03;0.1438E+03;0.551;1.82;00:48:12.000
236.55;0.954;0.1223E+03;49.988;300;20;0.2256E+03;0.1896E+03;0.542;1.84;00:48:12.100
236.38;2.165;0.2874E+03;49.988;300;20;0.5117E+03;0.4234E+03;0.562;1.93;00:48:12.200
236.38;2.048;0.2718E+03;49.987;300;20;0.4841E+03;0.4005E+03;0.561;1.93;00:48:12.300
236.44;1.950;0.2573E+03;49.987;300;20;0.4610E+03;0.3825E+03;0.558;1.94;00:48:12.400
236.37;1.942;0.2556E+03;49.986;300;20;0.4590E+03;0.3813E+03;0.557;1.93;00:48:12.500
236.44;1.950;0.2572E+03;49.985;300;20;0.4610E+03;0.3826E+03;0.558;1.92;00:48:12.600
236.43;1.951;0.2577E+03;49.984;300;20;0.4613E+03;0.3826E+03;0.559;1.93;00:48:12.700
236.42;1.949;0.2576E+03;49.985;300;20;0.4609E+03;0.3822E+03;0.559;1.94;00:48:12.800
236.42;1.955;0.2578E+03;49.985;300;20;0.4622E+03;0.3837E+03;0.558;1.94;00:48:12.900
236.63;0.753;0.0982E+03;49.984;300;20;0.1782E+03;0.1487E+03;0.551;1.83;00:48:13.000
236.61;0.758;0.0985E+03;49.983;300;20;0.1794E+03;0.1500E+03;0.549;1.84;00:48:13.100
236.51;1.436;0.1809E+03;49.983;300;20;0.3397E+03;0.2875E+03;0.533;1.91;00:48:13.200
236.37;2.296;0.3066E+03;49.983;300;20;0.5426E+03;0.4477E+03;0.565;1.93;00:48:13.300
236.46;1.981;0.2617E+03;49.983;300;20;0.4685E+03;0.3886E+03;0.559;1.90;00:48:13.400
236.41;2.004;0.2641E+03;49.983;300;20;0.4737E+03;0.3933E+03;0.558;1.91;00:48:13.500
236.39;2.002;0.2640E+03;49.984;300;20;0.4734E+03;0.3929E+03;0.558;1.92;00:48:13.600
236.41;1.984;0.2620E+03;49.983;300;20;0.4691E+03;0.3891E+03;0.558;1.92;00:48:13.700
236.42;1.993;0.2633E+03;49.983;300;20;0.4711E+03;0.3907E+03;0.559;1.93;00:48:13.800
236.43;1.942;0.2558E+03;49.983;300;20;0.4591E+03;0.3812E+03;0.557;1.90;00:48:13.900
236.46;1.323;0.1703E+03;49.985;300;20;0.3128E+03;0.2624E+03;0.544;1.86;00:48:14.000
236.60;0.900;0.1166E+03;49.985;300;20;0.2130E+03;0.1783E+03;0.547;1.84;00:48:14.100
236.63;0.769;0.1001E+03;49.985;300;20;0.1820E+03;0.1520E+03;0.550;1.86;00:48:14.200
236.63;0.742;0.0965E+03;49.985;300;20;0.1756E+03;0.1467E+03;0.550;1.85;00:48:14.300
236.63;0.743;0.0966E+03;49.985;300;20;0.1759E+03;0.1470E+03;0.549;1.84;00:48:14.400
236.62;0.738;0.0961E+03;49.985;300;20;0.1747E+03;0.1459E+03;0.550;1.84;00:48:14.500
236.65;0.742;0.0965E+03;49.984;300;20;0.1757E+03;0.1468E+03;0.549;1.86;00:48:14.600
236.66;0.735;0.0957E+03;49.985;300;20;0.1739E+03;0.1452E+03;0.550;1.84;00:48:14.700
236.67;0.739;0.0959E+03;49.985;300;20;0.1748E+03;0.1462E+03;0.548;1.83;00:48:14.800
236.66;0.738;0.0960E+03;49.984;300;20;0.1747E+03;0.1460E+03;0.549;1.83;00:48:14.900
236.63;0.736;0.0955E+03;49.982;300;20;0.1742E+03;0.1457E+03;0.548;1.83;00:48:15.000
236.60;0.737;0.0958E+03;49.981;300;20;0.1744E+03;0.1458E+03;0.549;1.83;00:48:15.100
236.62;0.730;0.0948E+03;49.981;300;20;0.1727E+03;0.1444E+03;0.549;1.82;00:48:15.200
236.64;0.804;0.1036E+03;49.980;300;20;0.1902E+03;0.1595E+03;0.545;1.84;00:48:15.300
236.38;2.180;0.2883E+03;49.980;300;20;0.5153E+03;0.4271E+03;0.559;1.91;00:48:15.400
236.38;2.067;0.2732E+03;49.981;300;20;0.4886E+03;0.4050E+03;0.559;1.92;00:48:15.500
236.39;1.940;0.2551E+03;49.982;300;20;0.4585E+03;0.3810E+03;0.556;1.92;00:48:15.600
236.32;1.951;0.2564E+03;49.981;300;20;0.4610E+03;0.3831E+03;0.556;1.92;00:48:15.700
236.37;1.944;0.2560E+03;49.981;300;20;0.4595E+03;0.3815E+03;0.557;1.91;00:48:15.800
236.37;1.952;0.2568E+03;49.983;300;20;0.4613E+03;0.3832E+03;0.557;1.92;00:48:15.900
236.33;1.956;0.2578E+03;49.984;300;20;0.4623E+03;0.3837E+03;0.558;1.91;00:48:16.000
236.35;1.945;0.2554E+03;49.985;300;20;0.4597E+03;0.3823E+03;0.556;1.90;00:48:16.100
236.61;0.768;0.0995E+03;49.985;300;20;0.1816E+03;0.1519E+03;0.548;1.85;00:48:16.200
236.58;0.730;0.0947E+03;49.986;300;20;0.1727E+03;0.1444E+03;0.549;1.81;00:48:16.300
236.46;1.474;0.1832E+03;49.985;300;20;0.3484E+03;0.2964E+03;0.526;1.88;00:48:16.400
236.31;2.318;0.3097E+03;49.984;300;20;0.5477E+03;0.4517E+03;0.565;1.92;00:48:16.500
236.38;2.002;0.2642E+03;49.984;300;20;0.4732E+03;0.3925E+03;0.558;1.92;00:48:16.600
236.40;1.985;0.2617E+03;49.984;300;20;0.4692E+03;0.3894E+03;0.558;1.91;00:48:16.700
236.37;1.993;0.2625E+03;49.983;300;20;0.4710E+03;0.3910E+03;0.557;1.91;00:48:16.800
236.37;1.991;0.2625E+03;49.983;300;20;0.4706E+03;0.3905E+03;0.558;1.90;00:48:16.900
236.37;1.979;0.2609E+03;49.981;300;20;0.4677E+03;0.3882E+03;0.558;1.89;00:48:17.000
236.35;1.960;0.2584E+03;49.981;300;20;0.4633E+03;0.3846E+03;0.558;1.89;00:48:17.100
236.46;1.417;0.1801E+03;49.980;300;20;0.3350E+03;0.2824E+03;0.538;1.83;00:48:17.200
236.56;0.851;0.1103E+03;49.981;300;20;0.2014E+03;0.1685E+03;0.548;1.82;00:48:17.300
236.61;0.775;0.1006E+03;49.982;300;20;0.1835E+03;0.1534E+03;0.549;1.82;00:48:17.400
236.60;0.738;0.0960E+03;49.981;300;20;0.1746E+03;0.1458E+03;0.550;1.80;00:48:17.500
236.59;0.737;0.0957E+03;49.980;300;20;0.1745E+03;0.1459E+03;0.548;1.81;00:48:17.600
236.59;0.742;0.0963E+03;49.981;300;20;0.1755E+03;0.1467E+03;0.549;1.79;00:48:17.700
236.54;0.740;0.0961E+03;49.981;300;20;0.1750E+03;0.1462E+03;0.549;1.80;00:48:17.800
236.55;0.738;0.0960E+03;49.981;300;20;0.1746E+03;0.1458E+03;0.550;1.80;00:48:17.900
236.49;0.721;0.0938E+03;49.980;300;20;0.1705E+03;0.1424E+03;0.550;1.80;00:48:18.000
236.53;0.738;0.0960E+03;49.981;300;20;0.1746E+03;0.1458E+03;0.550;1.83;00:48:18.100
236.55;0.735;0.0957E+03;49.982;300;20;0.1738E+03;0.1450E+03;0.551;1.83;00:48:18.200
236.52;0.744;0.0968E+03;49.981;300;20;0.1761E+03;0.1471E+03;0.550;1.83;00:48:18.300
236.56;0.728;0.0948E+03;49.981;300;20;0.1722E+03;0.1438E+03;0.551;1.82;00:48:18.400
236.51;0.972;0.1231E+03;49.982;300;20;0.2300E+03;0.1942E+03;0.535;1.86;00:48:18.500
236.37;1.941;0.2519E+03;49.983;300;20;0.4587E+03;0.3834E+03;0.549;1.92;00:48:18.600
236.28;1.945;0.2564E+03;49.984;300;20;0.4596E+03;0.3814E+03;0.558;1.90;00:48:18.700
236.35;1.944;0.2564E+03;49.985;300;20;0.4595E+03;0.3813E+03;0.558;1.92;00:48:18.800
236.33;1.916;0.2518E+03;49.985;300;20;0.4528E+03;0.3763E+03;0.556;1.90;00:48:18.900
236.32;1.926;0.2530E+03;49.986;300;20;0.4552E+03;0.3784E+03;0.556;1.90;00:48:19.000
236.28;1.937;0.2543E+03;49.986;300;20;0.4577E+03;0.3806E+03;0.556;1.88;00:48:19.100
236.27;1.954;0.2570E+03;49.985;300;20;0.4618E+03;0.3836E+03;0.557;1.89;00:48:19.200
236.32;1.954;0.2575E+03;49.984;300;20;0.4619E+03;0.3834E+03;0.558;1.91;00:48:19.300
236.44;1.309;0.1600E+03;49.984;300;20;0.3094E+03;0.2649E+03;0.517;1.82;00:48:19.400
236.48;1.080;0.1336E+03;49.983;300;20;0.2554E+03;0.2177E+03;0.523;1.84;00:48:19.500
236.25;2.337;0.3100E+03;49.983;300;20;0.5521E+03;0.4568E+03;0.562;1.94;00:48:19.600
236.29;2.040;0.2695E+03;49.982;300;20;0.4822E+03;0.3998E+03;0.559;1.90;00:48:19.700
236.35;1.997;0.2625E+03;49.982;300;20;0.4720E+03;0.3922E+03;0.556;1.91;00:48:19.800
236.35;1.989;0.2623E+03;49.983;300;20;0.4702E+03;0.3902E+03;0.558;1.92;00:48:19.900
236.32;1.998;0.2626E+03;49.982;300;20;0.4720E+03;0.3922E+03;0.556;1.90;00:48:20.000
236.34;2.002;0.2636E+03;49.983;300;20;0.4732E+03;0.3930E+03;0.557;1.91;00:48:20.100
236.33;1.975;0.2599E+03;49.984;300;20;0.4668E+03;0.3877E+03;0.557;1.93;00:48:20.200
236.42;1.778;0.2310E+03;49.984;300;20;0.4204E+03;0.3513E+03;0.549;1.92;00:48:20.300
236.58;0.904;0.1158E+03;49.985;300;20;0.2138E+03;0.1797E+03;0.542;1.84;00:48:20.400
236.57;0.752;0.0973E+03;49.984;300;20;0.1779E+03;0.1490E+03;0.547;1.81;00:48:20.500
236.63;0.769;0.0998E+03;49.983;300;20;0.1821E+03;0.1523E+03;0.548;1.81;00:48:20.600
236.61;0.745;0.0967E+03;49.984;300;20;0.1763E+03;0.1474E+03;0.549;1.83;00:48:20.700
236.66;0.736;0.0958E+03;49.984;300;20;0.1743E+03;0.1456E+03;0.550;1.83;00:48:20.800
236.63;0.737;0.0956E+03;49.984;300;20;0.1744E+03;0.1458E+03;0.548;1.82;00:48:20.900
236.63;0.746;0.0969E+03;49.983;300;20;0.1765E+03;0.1475E+03;0.549;1.82;00:48:21.000
236.60;0.743;0.0963E+03;49.982;300;20;0.1757E+03;0.1470E+03;0.548;1.81;00:48:21.100
236.61;0.736;0.0955E+03;49.982;300;20;0.1741E+03;0.1456E+03;0.549;1.82;00:48:21.200
236.64;0.737;0.0956E+03;49.982;300;20;0.1744E+03;0.1459E+03;0.548;1.81;00:48:21.300
236.63;0.744;0.0966E+03;49.982;300;20;0.1761E+03;0.1473E+03;0.548;1.81;00:48:21.400
236.64;0.741;0.0962E+03;49.982;300;20;0.1753E+03;0.1466E+03;0.548;1.80;00:48:21.500
236.61;1.015;0.1273E+03;49.984;300;20;0.2401E+03;0.2035E+03;0.530;1.81;00:48:21.600
236.40;2.115;0.2763E+03;49.985;300;20;0.4999E+03;0.4166E+03;0.553;1.91;00:48:21.700
236.40;2.144;0.2834E+03;49.985;300;20;0.5068E+03;0.4202E+03;0.559;1.89;00:48:21.800
236.38;1.945;0.2552E+03;49.985;300;20;0.4598E+03;0.3825E+03;0.555;1.89;00:48:21.900
236.40;1.959;0.2570E+03;49.985;300;20;0.4632E+03;0.3854E+03;0.555;1.89;00:48:22.000
236.40;1.930;0.2532E+03;49.986;300;20;0.4563E+03;0.3796E+03;0.555;1.91;00:48:22.100
236.40;1.933;0.2537E+03;49.987;300;20;0.4570E+03;0.3801E+03;0.555;1.89;00:48:22.200
236.40;1.915;0.2513E+03;49.988;300;20;0.4527E+03;0.3766E+03;0.555;1.88;00:48:22.300
236.43;1.941;0.2548E+03;49.988;300;20;0.4590E+03;0.3817E+03;0.555;1.88;00:48:22.400
236.60;1.245;0.1508E+03;49.989;300;20;0.2945E+03;0.2530E+03;0.512;1.80;00:48:22.500
236.66;0.643;0.0835E+03;49.987;300;20;0.1522E+03;0.1272E+03;0.549;1.79;00:48:22.600
236.35;2.355;0.3138E+03;49.987;300;20;0.5565E+03;0.4596E+03;0.564;1.94;00:48:22.700
236.41;1.996;0.2625E+03;49.986;300;20;0.4718E+03;0.3921E+03;0.556;1.89;00:48:22.800
236.40;1.977;0.2597E+03;49.986;300;20;0.4673E+03;0.3885E+03;0.556;1.89;00:48:22.900
236.42;1.973;0.2595E+03;49.987;300;20;0.4664E+03;0.3875E+03;0.556;1.88;00:48:23.000
236.38;1.979;0.2604E+03;49.986;300;20;0.4678E+03;0.3886E+03;0.557;1.90;00:48:23.100
236.42;1.964;0.2588E+03;49.987;300;20;0.4643E+03;0.3855E+03;0.557;1.90;00:48:23.200
236.40;1.987;0.2612E+03;49.986;300;20;0.4697E+03;0.3904E+03;0.556;1.88;00:48:23.300
236.40;1.967;0.2586E+03;49.987;300;20;0.4649E+03;0.3864E+03;0.556;1.91;00:48:23.400
236.63;0.788;0.1021E+03;49.986;300;20;0.1866E+03;0.1562E+03;0.547;1.84;00:48:23.500
236.67;0.731;0.0950E+03;49.987;300;20;0.1729E+03;0.1445E+03;0.549;1.84;00:48:23.600
236.62;0.761;0.0986E+03;49.986;300;20;0.1802E+03;0.1508E+03;0.547;1.83;00:48:23.700
236.63;0.751;0.0976E+03;49.988;300;20;0.1777E+03;0.1485E+03;0.549;1.83;00:48:23.800
236.61;0.734;0.0953E+03;49.988;300;20;0.1736E+03;0.1451E+03;0.549;1.82;00:48:23.900
236.58;0.731;0.0949E+03;49.986;300;20;0.1729E+03;0.1445E+03;0.549;1.84;00:48:24.000
236.61;0.733;0.0953E+03;49.987;300;20;0.1735E+03;0.1449E+03;0.549;1.83;00:48:24.100
236.65;0.750;0.0975E+03;49.986;300;20;0.1775E+03;0.1483E+03;0.550;1.83;00:48:24.200
236.61;0.740;0.0960E+03;49.987;300;20;0.1750E+03;0.1463E+03;0.549;1.82;00:48:24.300
236.65;0.740;0.0963E+03;49.987;300;20;0.1752E+03;0.1464E+03;0.549;1.83;00:48:24.400
236.65;0.724;0.0943E+03;49.987;300;20;0.1714E+03;0.1432E+03;0.550;1.85;00:48:24.500
236.63;0.742;0.0964E+03;49.986;300;20;0.1756E+03;0.1468E+03;0.549;1.84;00:48:24.600
236.52;1.436;0.1790E+03;49.986;300;20;0.3396E+03;0.2886E+03;0.527;1.84;00:48:24.700
236.32;2.361;0.3140E+03;49.986;300;20;0.5578E+03;0.4611E+03;0.563;1.96;00:48:24.800
236.40;1.983;0.2611E+03;49.986;300;20;0.4688E+03;0.3893E+03;0.557;1.91;00:48:24.900
236.41;1.933;0.2537E+03;49.986;300;20;0.4571E+03;0.3802E+03;0.555;1.91;00:48:25.000
236.38;1.916;0.2522E+03;49.986;300;20;0.4529E+03;0.3762E+03;0.557;1.91;00:48:25.100
236.39;1.942;0.2553E+03;49.987;300;20;0.4591E+03;0.3816E+03;0.556;1.90;00:48:25.200
236.41;1.934;0.2544E+03;49.986;300;20;0.4573E+03;0.3800E+03;0.556;1.93;00:48:25.300
236.42;1.919;0.2523E+03;49.985;300;20;0.4538E+03;0.3771E+03;0.556;1.92;00:48:25.400
236.41;1.859;0.2436E+03;49.985;300;20;0.4396E+03;0.3659E+03;0.554;1.93;00:48:25.500
236.65;0.726;0.0921E+03;49.985;300;20;0.1718E+03;0.1450E+03;0.536;1.82;00:48:25.600
236.61;0.784;0.0995E+03;49.985;300;20;0.1855E+03;0.1566E+03;0.536;1.81;00:48:25.700
236.33;2.255;0.2944E+03;49.984;300;20;0.5330E+03;0.4443E+03;0.552;1.95;00:48:25.800
236.42;1.979;0.2609E+03;49.984;300;20;0.4680E+03;0.3885E+03;0.558;1.94;00:48:25.900
236.38;1.962;0.2585E+03;49.983;300;20;0.4637E+03;0.3849E+03;0.558;1.91;00:48:26.000
236.39;1.982;0.2606E+03;49.983;300;20;0.4685E+03;0.3894E+03;0.556;1.91;00:48:26.100
236.42;1.988;0.2617E+03;49.982;300;20;0.4700E+03;0.3905E+03;0.557;1.90;00:48:26.200
236.40;1.979;0.2601E+03;49.982;300;20;0.4679E+03;0.3889E+03;0.556;1.94;00:48:26.300
236.41;1.961;0.2585E+03;49.982;300;20;0.4635E+03;0.3847E+03;0.558;1.92;00:48:26.400
236.41;1.963;0.2583E+03;49.982;300;20;0.4642E+03;0.3857E+03;0.557;1.92;00:48:26.500
236.56;1.148;0.1427E+03;49.982;300;20;0.2715E+03;0.2310E+03;0.526;1.84;00:48:26.600
236.60;0.763;0.0991E+03;49.981;300;20;0.1806E+03;0.1510E+03;0.549;1.83;00:48:26.700
236.62;0.759;0.0987E+03;49.981;300;20;0.1796E+03;0.1500E+03;0.550;1.84;00:48:26.800
236.61;0.730;0.0949E+03;49.981;300;20;0.1727E+03;0.1443E+03;0.549;1.82;00:48:26.900
236.60;0.741;0.0961E+03;49.981;300;20;0.1753E+03;0.1465E+03;0.549;1.83;00:48:27.000
236.58;0.728;0.0945E+03;49.981;300;20;0.1722E+03;0.1440E+03;0.548;1.80;00:48:27.100
236.58;0.743;0.0965E+03;49.982;300;20;0.1757E+03;0.1468E+03;0.550;1.82;00:48:27.200
236.60;0.729;0.0948E+03;49.980;300;20;0.1726E+03;0.1442E+03;0.549;1.84;00:48:27.300
236.60;0.739;0.0959E+03;49.980;300;20;0.1749E+03;0.1463E+03;0.548;1.81;00:48:27.400
236.63;0.730;0.0949E+03;49.980;300;20;0.1728E+03;0.1444E+03;0.549;1.82;00:48:27.500
236.62;0.733;0.0952E+03;49.979;300;20;0.1734E+03;0.1450E+03;0.549;1.83;00:48:27.600
236.62;0.742;0.0966E+03;49.979;300;20;0.1757E+03;0.1468E+03;0.550;1.83;00:48:27.700
236.61;1.044;0.1296E+03;49.979;300;20;0.2471E+03;0.2104E+03;0.524;1.88;00:48:27.800
236.34;2.020;0.2671E+03;49.981;300;20;0.4774E+03;0.3957E+03;0.559;1.92;00:48:27.900
236.36;1.925;0.2530E+03;49.979;300;20;0.4549E+03;0.3781E+03;0.556;1.90;00:48:28.000
236.27;1.933;0.2540E+03;49.979;300;20;0.4566E+03;0.3795E+03;0.556;1.90;00:48:28.100
236.31;1.936;0.2553E+03;49.978;300;20;0.4575E+03;0.3796E+03;0.558;1.93;00:48:28.200
236.35;1.930;0.2543E+03;49.980;300;20;0.4561E+03;0.3786E+03;0.558;1.93;00:48:28.300
236.34;1.930;0.2541E+03;49.980;300;20;0.4561E+03;0.3788E+03;0.557;1.92;00:48:28.400
236.37;1.941;0.2558E+03;49.979;300;20;0.4587E+03;0.3808E+03;0.558;1.91;00:48:28.500
236.39;1.936;0.2554E+03;49.980;300;20;0.4576E+03;0.3797E+03;0.558;1.91;00:48:28.600
236.60;0.639;0.0828E+03;49.980;300;20;0.1511E+03;0.1264E+03;0.548;1.82;00:48:28.700
236.34;1.932;0.2377E+03;49.979;300;20;0.4566E+03;0.3899E+03;0.521;1.88;00:48:28.800
236.25;2.220;0.2946E+03;49.978;300;20;0.5244E+03;0.4339E+03;0.562;1.91;00:48:28.900
236.31;1.996;0.2632E+03;49.979;300;20;0.4717E+03;0.3915E+03;0.558;1.91;00:48:29.000
236.31;1.975;0.2598E+03;49.980;300;20;0.4667E+03;0.3876E+03;0.557;1.92;00:48:29.100
236.31;1.965;0.2588E+03;49.979;300;20;0.4643E+03;0.3855E+03;0.557;1.93;00:48:29.200
236.34;1.972;0.2592E+03;49.978;300;20;0.4661E+03;0.3874E+03;0.556;1.93;00:48:29.300
236.33;1.981;0.2604E+03;49.978;300;20;0.4682E+03;0.3891E+03;0.556;1.92;00:48:29.400
236.33;1.966;0.2577E+03;49.979;300;20;0.4647E+03;0.3867E+03;0.555;1.92;00:48:29.500
236.42;1.537;0.1931E+03;49.979;300;20;0.3634E+03;0.3079E+03;0.531;1.91;00:48:29.600
236.61;0.654;0.0852E+03;49.978;300;20;0.1547E+03;0.1291E+03;0.551;1.83;00:48:29.700
236.58;0.752;0.0974E+03;49.978;300;20;0.1779E+03;0.1488E+03;0.548;1.82;00:48:29.800
236.57;0.736;0.0956E+03;49.978;300;20;0.1741E+03;0.1455E+03;0.549;1.81;00:48:29.900
236.54;0.742;0.0963E+03;49.978;300;20;0.1754E+03;0.1466E+03;0.549;1.81;00:48:30.000
236.53;0.725;0.0943E+03;49.978;300;20;0.1714E+03;0.1432E+03;0.550;1.83;00:48:30.100
236.55;0.739;0.0959E+03;49.978;300;20;0.1747E+03;0.1461E+03;0.549;1.81;00:48:30.200
236.53;0.728;0.0949E+03;49.979;300;20;0.1722E+03;0.1438E+03;0.551;1.82;00:48:30.300
236.55;0.734;0.0954E+03;49.977;300;20;0.1736E+03;0.1450E+03;0.550;1.81;00:48:30.400
236.53;0.738;0.0959E+03;49.977;300;20;0.1744E+03;0.1457E+03;0.550;1.81;00:48:30.500
236.56;0.731;0.0953E+03;49.977;300;20;0.1729E+03;0.1443E+03;0.551;1.82;00:48:30.600
236.55;0.732;0.0954E+03;49.977;300;20;0.1731E+03;0.1445E+03;0.551;1.82;00:48:30.700
236.57;0.740;0.0962E+03;49.976;300;20;0.1750E+03;0.1462E+03;0.550;1.80;00:48:30.800
236.56;0.768;0.0998E+03;49.976;300;20;0.1816E+03;0.1517E+03;0.550;1.82;00:48:30.900
236.58;0.806;0.1046E+03;49.976;300;20;0.1908E+03;0.1595E+03;0.548;1.80;00:48:31.000
236.50;0.965;0.1244E+03;49.977;300;20;0.2281E+03;0.1912E+03;0.545;1.81;00:48:31.100
236.48;1.032;0.1328E+03;49.976;300;20;0.2441E+03;0.2047E+03;0.544;1.83;00:48:31.200
236.48;1.151;0.1483E+03;49.975;300;20;0.2721E+03;0.2281E+03;0.545;1.84;00:48:31.300
236.43;1.252;0.1613E+03;49.976;300;20;0.2960E+03;0.2482E+03;0.545;1.85;00:48:31.400
236.42;1.477;0.1908E+03;49.976;300;20;0.3491E+03;0.2923E+03;0.547;1.89;00:48:31.500
236.41;1.565;0.2030E+03;49.975;300;20;0.3701E+03;0.3094E+03;0.548;1.89;00:48:31.600
236.39;1.689;0.2198E+03;49.975;300;20;0.3992E+03;0.3332E+03;0.551;1.87;00:48:31.700
236.38;1.796;0.2354E+03;49.976;300;20;0.4245E+03;0.3533E+03;0.554;1.89;00:48:31.800
236.39;1.822;0.2384E+03;49.976;300;20;0.4306E+03;0.3586E+03;0.554;1.92;00:48:31.900
236.36;1.706;0.2227E+03;49.975;300;20;0.4033E+03;0.3362E+03;0.552;1.90;00:48:32.000
236.45;1.495;0.1940E+03;49.974;300;20;0.3535E+03;0.2955E+03;0.549;1.86;00:48:32.100
236.48;1.342;0.1733E+03;49.974;300;20;0.3173E+03;0.2658E+03;0.546;1.84;00:48:32.200
236.57;1.076;0.1386E+03;49.975;300;20;0.2546E+03;0.2136E+03;0.544;1.83;00:48:32.300
236.59;0.977;0.1262E+03;49.975;300;20;0.2312E+03;0.1937E+03;0.546;1.85;00:48:32.400
236.58;0.864;0.1118E+03;49.976;300;20;0.2044E+03;0.1710E+03;0.547;1.83;00:48:32.500
236.59;0.808;0.1048E+03;49.976;300;20;0.1912E+03;0.1600E+03;0.548;1.83;00:48:32.600
236.61;0.752;0.0977E+03;49.977;300;20;0.1778E+03;0.1486E+03;0.549;1.81;00:48:32.700
236.63;0.839;0.1087E+03;49.977;300;20;0.1985E+03;0.1661E+03;0.548;1.82;00:48:32.800
236.56;0.944;0.1219E+03;49.978;300;20;0.2233E+03;0.1871E+03;0.546;1.83;00:48:32.900
236.54;1.111;0.1436E+03;49.979;300;20;0.2629E+03;0.2202E+03;0.546;1.86;00:48:33.000
236.46;1.465;0.1898E+03;49.980;300;20;0.3465E+03;0.2899E+03;0.548;1.87;00:48:33.100
236.43;1.682;0.2192E+03;49.980;300;20;0.3976E+03;0.3317E+03;0.551;1.89;00:48:33.200
236.42;1.867;0.2457E+03;49.980;300;20;0.4415E+03;0.3668E+03;0.556;1.93;00:48:33.300
236.40;1.911;0.2518E+03;49.981;300;20;0.4517E+03;0.3750E+03;0.557;1.93;00:48:33.400
236.45;1.732;0.2273E+03;49.981;300;20;0.4096E+03;0.3407E+03;0.555;1.92;00:48:33.500
236.46;1.605;0.2092E+03;49.981;300;20;0.3796E+03;0.3167E+03;0.551;1.88;00:48:33.600
236.48;1.510;0.1965E+03;49.981;300;20;0.3571E+03;0.2982E+03;0.550;1.87;00:48:33.700
236.53;1.392;0.1809E+03;49.981;300;20;0.3292E+03;0.2751E+03;0.549;1.88;00:48:33.800
236.54;1.223;0.1586E+03;49.980;300;20;0.2894E+03;0.2420E+03;0.548;1.88;00:48:33.900
236.50;1.114;0.1442E+03;49.980;300;20;0.2634E+03;0.2204E+03;0.547;1.87;00:48:34.000
236.57;1.050;0.1360E+03;49.979;300;20;0.2484E+03;0.2079E+03;0.547;1.85;00:48:34.100
236.58;0.978;0.1273E+03;49.979;300;20;0.2315E+03;0.1933E+03;0.550;1.84;00:48:34.200
236.62;0.846;0.1101E+03;49.979;300;20;0.2002E+03;0.1672E+03;0.550;1.86;00:48:34.300
236.59;0.798;0.1040E+03;49.980;300;20;0.1887E+03;0.1575E+03;0.551;1.85;00:48:34.400
236.60;0.779;0.1015E+03;49.980;300;20;0.1843E+03;0.1538E+03;0.551;1.85;00:48:34.500
236.59;0.776;0.1012E+03;49.980;300;20;0.1835E+03;0.1531E+03;0.552;1.85;00:48:34.600
236.60;0.751;0.0980E+03;49.981;300;20;0.1778E+03;0.1484E+03;0.551;1.84;00:48:34.700
236.61;0.749;0.0978E+03;49.981;300;20;0.1771E+03;0.1476E+03;0.552;1.84;00:48:34.800
236.60;0.745;0.0971E+03;49.982;300;20;0.1762E+03;0.1470E+03;0.551;1.86;00:48:34.900
236.60;0.747;0.0972E+03;49.982;300;20;0.1768E+03;0.1476E+03;0.550;1.83;00:48:35.000
236.57;0.745;0.0969E+03;49.983;300;20;0.1763E+03;0.1472E+03;0.550;1.83;00:48:35.100
236.58;0.748;0.0973E+03;49.983;300;20;0.1770E+03;0.1479E+03;0.550;1.83;00:48:35.200
236.58;0.731;0.0955E+03;49.984;300;20;0.1730E+03;0.1442E+03;0.552;1.82;00:48:35.300
236.58;0.748;0.0973E+03;49.984;300;20;0.1770E+03;0.1478E+03;0.550;1.82;00:48:35.400
236.58;0.727;0.0950E+03;49.984;300;20;0.1720E+03;0.1433E+03;0.552;1.83;00:48:35.500
236.59;0.747;0.0973E+03;49.984;300;20;0.1766E+03;0.1474E+03;0.551;1.82;00:48:35.600
236.57;0.783;0.1019E+03;49.984;300;20;0.1853E+03;0.1547E+03;0.550;1.83;00:48:35.700
236.54;0.914;0.1184E+03;49.985;300;20;0.2163E+03;0.1810E+03;0.548;1.85;00:48:35.800
236.47;1.341;0.1737E+03;49.987;300;20;0.3171E+03;0.2653E+03;0.548;1.85;00:48:35.900
236.34;1.592;0.2071E+03;49.987;300;20;0.3764E+03;0.3142E+03;0.550;1.88;00:48:36.000
236.30;1.864;0.2444E+03;49.987;300;20;0.4405E+03;0.3665E+03;0.555;1.90;00:48:36.100
236.41;2.116;0.2812E+03;49.987;300;20;0.5003E+03;0.4138E+03;0.562;1.95;00:48:36.200
236.29;2.336;0.3135E+03;49.987;300;20;0.5520E+03;0.4543E+03;0.568;1.95;00:48:36.300
236.38;2.239;0.2996E+03;49.987;300;20;0.5292E+03;0.4363E+03;0.566;1.94;00:48:36.400
236.39;2.133;0.2833E+03;49.986;300;20;0.5042E+03;0.4171E+03;0.562;1.93;00:48:36.500
236.50;1.640;0.2145E+03;49.986;300;20;0.3878E+03;0.3231E+03;0.553;1.87;00:48:36.600
236.58;1.076;0.1394E+03;49.986;300;20;0.2546E+03;0.2131E+03;0.548;1.84;00:48:36.700
236.63;0.878;0.1142E+03;49.983;300;20;0.2077E+03;0.1735E+03;0.550;1.82;00:48:36.800
236.66;0.787;0.1024E+03;49.982;300;20;0.1863E+03;0.1556E+03;0.550;1.82;00:48:36.900
236.64;0.760;0.0991E+03;49.983;300;20;0.1799E+03;0.1501E+03;0.551;1.82;00:48:37.000
236.53;1.254;0.1616E+03;49.981;300;20;0.2966E+03;0.2487E+03;0.545;1.84;00:48:37.100
236.46;1.670;0.2178E+03;49.981;300;20;0.3950E+03;0.3295E+03;0.551;1.88;00:48:37.200
236.37;2.132;0.2831E+03;49.981;300;20;0.5039E+03;0.4168E+03;0.562;1.91;00:48:37.300
236.31;2.491;0.3359E+03;49.981;300;20;0.5886E+03;0.4833E+03;0.571;1.95;00:48:37.400
236.30;2.313;0.3094E+03;49.981;300;20;0.5467E+03;0.4507E+03;0.566;1.93;00:48:37.500
236.38;2.114;0.2812E+03;49.980;300;20;0.4998E+03;0.4132E+03;0.563;1.95;00:48:37.600
236.42;1.789;0.2351E+03;49.980;300;20;0.4230E+03;0.3517E+03;0.556;1.90;00:48:37.700
236.47;1.568;0.2045E+03;49.980;300;20;0.3708E+03;0.3094E+03;0.551;1.89;00:48:37.800
236.53;1.177;0.1523E+03;49.979;300;20;0.2784E+03;0.2331E+03;0.547;1.86;00:48:37.900
236.45;1.038;0.1343E+03;49.979;300;20;0.2453E+03;0.2053E+03;0.547;1.85;00:48:38.000
236.53;0.912;0.1188E+03;49.979;300;20;0.2158E+03;0.1802E+03;0.550;1.83;00:48:38.100
236.58;0.824;0.1071E+03;49.978;300;20;0.1948E+03;0.1628E+03;0.549;1.83;00:48:38.200
236.61;0.750;0.0980E+03;49.976;300;20;0.1776E+03;0.1481E+03;0.552;1.82;00:48:38.300
236.58;0.750;0.0976E+03;49.976;300;20;0.1774E+03;0.1481E+03;0.550;1.81;00:48:38.400
236.55;0.741;0.0966E+03;49.976;300;20;0.1752E+03;0.1462E+03;0.551;1.82;00:48:38.500
236.52;0.734;0.0958E+03;49.976;300;20;0.1737E+03;0.1449E+03;0.552;1.82;00:48:38.600
236.52;0.725;0.0946E+03;49.976;300;20;0.1714E+03;0.1429E+03;0.552;1.82;00:48:38.700
236.54;0.731;0.0953E+03;49.975;300;20;0.1729E+03;0.1443E+03;0.551;1.81;00:48:38.800
236.50;0.731;0.0954E+03;49.975;300;20;0.1730E+03;0.1443E+03;0.551;1.82;00:48:38.900
236.50;0.724;0.0946E+03;49.975;300;20;0.1711E+03;0.1426E+03;0.553;1.82;00:48:39.000
236.49;0.742;0.0968E+03;49.976;300;20;0.1755E+03;0.1463E+03;0.552;1.83;00:48:39.100
236.44;0.722;0.0941E+03;49.977;300;20;0.1707E+03;0.1425E+03;0.551;1.84;00:48:39.200
236.50;0.739;0.0963E+03;49.977;300;20;0.1747E+03;0.1458E+03;0.551;1.82;00:48:39.300
236.48;0.767;0.0996E+03;49.977;300;20;0.1813E+03;0.1515E+03;0.550;1.83;00:48:39.400
236.36;1.315;0.1696E+03;49.977;300;20;0.3109E+03;0.2605E+03;0.546;1.87;00:48:39.500
236.33;1.694;0.2208E+03;49.977;300;20;0.4003E+03;0.3340E+03;0.551;1.89;00:48:39.600
236.24;2.134;0.2829E+03;49.977;300;20;0.5040E+03;0.4171E+03;0.561;1.92;00:48:39.700
236.20;2.443;0.3292E+03;49.977;300;20;0.5770E+03;0.4739E+03;0.570;1.94;00:48:39.800
236.22;2.253;0.3004E+03;49.977;300;20;0.5322E+03;0.4393E+03;0.564;1.93;00:48:39.900
236.16;2.258;0.3016E+03;49.976;300;20;0.5332E+03;0.4397E+03;0.566;1.95;00:48:40.000
236.20;2.241;0.2992E+03;49.977;300;20;0.5294E+03;0.4368E+03;0.565;1.92;00:48:40.100
236.27;2.012;0.2646E+03;49.978;300;20;0.4754E+03;0.3950E+03;0.557;1.89;00:48:40.200
236.47;0.915;0.1183E+03;49.977;300;20;0.2165E+03;0.1812E+03;0.547;1.83;00:48:40.300
236.48;0.768;0.1002E+03;49.977;300;20;0.1817E+03;0.1516E+03;0.551;1.83;00:48:40.400
236.53;0.763;0.0996E+03;49.977;300;20;0.1804E+03;0.1504E+03;0.552;1.83;00:48:40.500
236.44;1.092;0.1398E+03;49.977;300;20;0.2581E+03;0.2170E+03;0.542;1.86;00:48:40.600
236.22;2.473;0.3331E+03;49.977;300;20;0.5841E+03;0.4798E+03;0.570;1.93;00:48:40.700
236.21;2.452;0.3298E+03;49.979;300;20;0.5791E+03;0.4760E+03;0.570;1.95;00:48:40.800
236.23;2.328;0.3115E+03;49.979;300;20;0.5499E+03;0.4531E+03;0.566;1.95;00:48:40.900
236.23;2.290;0.3061E+03;49.980;300;20;0.5409E+03;0.4460E+03;0.566;1.94;00:48:41.000
236.26;2.156;0.2875E+03;49.980;300;20;0.5093E+03;0.4203E+03;0.565;1.93;00:48:41.100
236.36;1.684;0.2197E+03;49.980;300;20;0.3980E+03;0.3319E+03;0.552;1.89;00:48:41.200
236.49;1.328;0.1721E+03;49.980;300;20;0.3142E+03;0.2628E+03;0.548;1.86;00:48:41.300
236.49;1.077;0.1393E+03;49.980;300;20;0.2546E+03;0.2131E+03;0.547;1.82;00:48:41.400
236.59;0.792;0.1031E+03;49.981;300;20;0.1874E+03;0.1565E+03;0.550;1.81;00:48:41.500
236.59;0.757;0.0986E+03;49.980;300;20;0.1790E+03;0.1495E+03;0.551;1.81;00:48:41.600
236.60;0.762;0.0992E+03;49.979;300;20;0.1803E+03;0.1505E+03;0.550;1.80;00:48:41.700
236.59;0.739;0.0964E+03;49.979;300;20;0.1749E+03;0.1459E+03;0.551;1.81;00:48:41.800
236.58;0.736;0.0958E+03;49.978;300;20;0.1742E+03;0.1455E+03;0.550;1.83;00:48:41.900
236.50;0.710;0.0925E+03;49.978;300;20;0.1679E+03;0.1402E+03;0.551;1.83;00:48:42.000
236.53;0.739;0.0963E+03;49.978;300;20;0.1749E+03;0.1460E+03;0.550;1.83;00:48:42.100
236.58;0.745;0.0971E+03;49.978;300;20;0.1762E+03;0.1470E+03;0.551;1.83;00:48:42.200
236.57;0.748;0.0973E+03;49.978;300;20;0.1771E+03;0.1479E+03;0.550;1.83;00:48:42.300
236.64;0.732;0.0953E+03;49.977;300;20;0.1733E+03;0.1447E+03;0.550;1.83;00:48:42.400
236.62;0.733;0.0952E+03;49.976;300;20;0.1734E+03;0.1450E+03;0.549;1.82;00:48:42.500
236.62;0.748;0.0972E+03;49.977;300;20;0.1770E+03;0.1479E+03;0.549;1.81;00:48:42.600
236.61;0.917;0.1178E+03;49.978;300;20;0.2170E+03;0.1822E+03;0.543;1.81;00:48:42.700
236.52;1.405;0.1803E+03;49.978;300;20;0.3323E+03;0.2792E+03;0.543;1.85;00:48:42.800
236.43;1.967;0.2582E+03;49.979;300;20;0.4651E+03;0.3868E+03;0.555;1.90;00:48:42.900
236.30;2.479;0.3331E+03;49.980;300;20;0.5858E+03;0.4820E+03;0.569;1.95;00:48:43.000
236.35;2.234;0.2976E+03;49.980;300;20;0.5281E+03;0.4362E+03;0.564;1.92;00:48:43.100
236.27;2.238;0.2977E+03;49.980;300;20;0.5287E+03;0.4369E+03;0.563;1.91;00:48:43.200
236.32;2.217;0.2961E+03;49.980;300;20;0.5240E+03;0.4323E+03;0.565;1.93;00:48:43.300
236.30;2.237;0.2977E+03;49.981;300;20;0.5285E+03;0.4368E+03;0.563;1.92;00:48:43.400
236.53;1.078;0.1386E+03;49.982;300;20;0.2551E+03;0.2141E+03;0.543;1.87;00:48:43.500
236.59;0.773;0.1006E+03;49.982;300;20;0.1829E+03;0.1528E+03;0.550;1.83;00:48:43.600
236.57;0.757;0.0987E+03;49.982;300;20;0.1790E+03;0.1494E+03;0.551;1.84;00:48:43.700
236.53;1.179;0.1491E+03;49.983;300;20;0.2789E+03;0.2357E+03;0.535;1.90;00:48:43.800
236.21;2.599;0.3516E+03;49.982;300;20;0.6139E+03;0.5032E+03;0.573;1.99;00:48:43.900
236.20;2.278;0.3044E+03;49.982;300;20;0.5380E+03;0.4436E+03;0.566;1.94;00:48:44.000
236.28;2.279;0.3048E+03;49.982;300;20;0.5384E+03;0.4438E+03;0.566;1.94;00:48:44.100
236.30;2.279;0.3052E+03;49.982;300;20;0.5386E+03;0.4438E+03;0.567;1.94;00:48:44.200
236.30;2.261;0.3020E+03;49.982;300;20;0.5344E+03;0.4409E+03;0.565;1.93;00:48:44.300
236.40;1.715;0.2226E+03;49.981;300;20;0.4054E+03;0.3388E+03;0.549;1.90;00:48:44.400
236.49;1.194;0.1537E+03;49.980;300;20;0.2823E+03;0.2367E+03;0.545;1.83;00:48:44.500
236.56;0.932;0.1206E+03;49.980;300;20;0.2204E+03;0.1844E+03;0.547;1.82;00:48:44.600
236.59;0.772;0.1004E+03;49.979;300;20;0.1827E+03;0.1527E+03;0.549;1.81;00:48:44.700
236.62;0.746;0.0972E+03;49.980;300;20;0.1765E+03;0.1474E+03;0.550;1.83;00:48:44.800
236.60;0.735;0.0955E+03;49.979;300;20;0.1740E+03;0.1454E+03;0.549;1.83;00:48:44.900
236.60;0.740;0.0963E+03;49.979;300;20;0.1750E+03;0.1461E+03;0.550;1.84;00:48:45.000
236.59;0.737;0.0960E+03;49.980;300;20;0.1745E+03;0.1457E+03;0.550;1.84;00:48:45.100
236.57;0.729;0.0949E+03;49.980;300;20;0.1724E+03;0.1439E+03;0.550;1.86;00:48:45.200
236.59;0.730;0.0951E+03;49.981;300;20;0.1726E+03;0.1441E+03;0.551;1.86;00:48:45.300
236.57;0.732;0.0954E+03;49.982;300;20;0.1733E+03;0.1446E+03;0.551;1.84;00:48:45.400
236.61;0.737;0.0961E+03;49.982;300;20;0.1745E+03;0.1456E+03;0.551;1.85;00:48:45.500
236.61;0.735;0.0959E+03;49.983;300;20;0.1738E+03;0.1450E+03;0.552;1.84;00:48:45.600
236.58;0.725;0.0945E+03;49.984;300;20;0.1715E+03;0.1431E+03;0.551;1.82;00:48:45.700
236.61;0.754;0.0981E+03;49.984;300;20;0.1783E+03;0.1489E+03;0.550;1.84;00:48:45.800
236.41;1.771;0.2296E+03;49.985;300;20;0.4188E+03;0.3502E+03;0.548;1.89;00:48:45.900
236.22;2.503;0.3350E+03;49.985;300;20;0.5912E+03;0.4872E+03;0.567;1.95;00:48:46.000
236.25;2.398;0.3211E+03;49.985;300;20;0.5666E+03;0.4668E+03;0.567;1.94;00:48:46.100
236.29;2.235;0.2975E+03;49.986;300;20;0.5280E+03;0.4362E+03;0.563;1.94;00:48:46.200
236.31;2.213;0.2947E+03;49.985;300;20;0.5229E+03;0.4319E+03;0.564;1.94;00:48:46.300
236.31;2.195;0.2917E+03;49.984;300;20;0.5188E+03;0.4290E+03;0.562;1.92;00:48:46.400
236.34;2.190;0.2914E+03;49.984;300;20;0.5176E+03;0.4278E+03;0.563;1.93;00:48:46.500
236.44;1.685;0.2142E+03;49.984;300;20;0.3983E+03;0.3358E+03;0.538;1.86;00:48:46.600
236.61;0.718;0.0935E+03;49.982;300;20;0.1700E+03;0.1420E+03;0.550;1.82;00:48:46.700
236.52;1.122;0.1400E+03;49.982;300;20;0.2653E+03;0.2253E+03;0.528;1.84;00:48:46.800
236.28;2.420;0.3196E+03;49.982;300;20;0.5717E+03;0.4741E+03;0.559;1.96;00:48:46.900
236.25;2.512;0.3385E+03;49.981;300;20;0.5935E+03;0.4876E+03;0.570;1.95;00:48:47.000
236.25;2.251;0.3003E+03;49.982;300;20;0.5318E+03;0.4389E+03;0.565;1.94;00:48:47.100
236.28;2.223;0.2969E+03;49.980;300;20;0.5254E+03;0.4334E+03;0.565;1.94;00:48:47.200
236.30;2.221;0.2957E+03;49.981;300;20;0.5249E+03;0.4337E+03;0.563;1.94;00:48:47.300
236.29;2.229;0.2972E+03;49.982;300;20;0.5266E+03;0.4347E+03;0.564;1.93;00:48:47.400
236.54;1.109;0.1431E+03;49.981;300;20;0.2623E+03;0.2199E+03;0.546;1.87;00:48:47.500
236.57;0.840;0.1091E+03;49.981;300;20;0.1987E+03;0.1661E+03;0.549;1.84;00:48:47.600
236.61;0.763;0.0993E+03;49.982;300;20;0.1805E+03;0.1507E+03;0.550;1.84;00:48:47.700
236.60;0.774;0.1009E+03;49.982;300;20;0.1831E+03;0.1528E+03;0.551;1.83;00:48:47.800
236.61;0.746;0.0971E+03;49.983;300;20;0.1765E+03;0.1474E+03;0.550;1.84;00:48:47.900
236.55;0.731;0.0951E+03;49.984;300;20;0.1730E+03;0.1445E+03;0.550;1.83;00:48:48.000
236.58;0.724;0.0944E+03;49.982;300;20;0.1714E+03;0.1430E+03;0.551;1.83;00:48:48.100
236.58;0.738;0.0963E+03;49.983;300;20;0.1746E+03;0.1456E+03;0.552;1.82;00:48:48.200
236.56;0.732;0.0955E+03;49.983;300;20;0.1733E+03;0.1446E+03;0.551;1.82;00:48:48.300
236.59;0.741;0.0967E+03;49.983;300;20;0.1753E+03;0.1462E+03;0.552;1.83;00:48:48.400
236.57;0.728;0.0950E+03;49.983;300;20;0.1723E+03;0.1438E+03;0.551;1.82;00:48:48.500
236.57;0.736;0.0959E+03;49.982;300;20;0.1740E+03;0.1452E+03;0.551;1.84;00:48:48.600
236.57;0.724;0.0943E+03;49.982;300;20;0.1712E+03;0.1429E+03;0.551;1.83;00:48:48.700
236.54;0.894;0.1143E+03;49.981;300;20;0.2115E+03;0.1780E+03;0.540;1.83;00:48:48.800
236.41;1.694;0.2180E+03;49.980;300;20;0.4006E+03;0.3361E+03;0.544;1.91;00:48:48.900
236.19;2.561;0.3446E+03;49.980;300;20;0.6048E+03;0.4970E+03;0.570;1.96;00:48:49.000
236.26;2.189;0.2921E+03;49.980;300;20;0.5170E+03;0.4267E+03;0.565;1.95;00:48:49.100
236.20;2.190;0.2914E+03;49.981;300;20;0.5172E+03;0.4273E+03;0.564;1.91;00:48:49.200
236.23;2.198;0.2931E+03;49.980;300;20;0.5193E+03;0.4287E+03;0.564;1.92;00:48:49.300
236.26;2.186;0.2916E+03;49.980;300;20;0.5165E+03;0.4263E+03;0.565;1.92;00:48:49.400
236.28;1.971;0.2580E+03;49.979;300;20;0.4657E+03;0.3877E+03;0.554;1.92;00:48:49.500
236.53;0.754;0.0969E+03;49.980;300;20;0.1783E+03;0.1497E+03;0.543;1.83;00:48:49.600
236.56;0.686;0.0893E+03;49.979;300;20;0.1623E+03;0.1355E+03;0.550;1.82;00:48:49.700
236.43;1.260;0.1552E+03;49.979;300;20;0.2979E+03;0.2543E+03;0.521;1.88;00:48:49.800
236.20;2.396;0.3212E+03;49.979;300;20;0.5660E+03;0.4661E+03;0.567;1.94;00:48:49.900
236.16;2.243;0.2990E+03;49.979;300;20;0.5297E+03;0.4373E+03;0.564;1.91;00:48:50.000
236.18;2.239;0.2978E+03;49.978;300;20;0.5287E+03;0.4369E+03;0.563;1.92;00:48:50.100
236.21;2.260;0.3019E+03;49.978;300;20;0.5339E+03;0.4404E+03;0.565;1.90;00:48:50.200
236.20;2.263;0.3012E+03;49.978;300;20;0.5345E+03;0.4415E+03;0.564;1.91;00:48:50.300
236.26;1.942;0.2541E+03;49.978;300;20;0.4589E+03;0.3821E+03;0.554;1.89;00:48:50.400
236.43;1.005;0.1293E+03;49.977;300;20;0.2376E+03;0.1993E+03;0.544;1.82;00:48:50.500
236.50;0.770;0.1003E+03;49.977;300;20;0.1821E+03;0.1520E+03;0.550;1.79;00:48:50.600
236.47;0.759;0.0988E+03;49.976;300;20;0.1796E+03;0.1500E+03;0.550;1.80;00:48:50.700
236.48;0.747;0.0972E+03;49.977;300;20;0.1766E+03;0.1475E+03;0.550;1.80;00:48:50.800
236.46;0.726;0.0945E+03;49.977;300;20;0.1717E+03;0.1433E+03;0.550;1.80;00:48:50.900
236.49;0.740;0.0963E+03;49.977;300;20;0.1750E+03;0.1461E+03;0.550;1.79;00:48:51.000
236.49;0.735;0.0956E+03;49.976;300;20;0.1738E+03;0.1452E+03;0.550;1.77;00:48:51.100
236.43;0.736;0.0956E+03;49.976;300;20;0.1740E+03;0.1453E+03;0.550;1.79;00:48:51.200
236.55;0.733;0.0955E+03;49.975;300;20;0.1733E+03;0.1446E+03;0.551;1.80;00:48:51.300
236.50;0.733;0.0952E+03;49.975;300;20;0.1733E+03;0.1448E+03;0.549;1.80;00:48:51.400
236.58;0.732;0.0954E+03;49.976;300;20;0.1732E+03;0.1446E+03;0.551;1.80;00:48:51.500
236.56;0.738;0.0958E+03;49.976;300;20;0.1746E+03;0.1460E+03;0.548;1.78;00:48:51.600
236.59;0.763;0.0990E+03;49.977;300;20;0.1805E+03;0.1509E+03;0.549;1.81;00:48:51.700
236.52;1.352;0.1699E+03;49.976;300;20;0.3199E+03;0.2710E+03;0.531;1.87;00:48:51.800
236.29;2.467;0.3308E+03;49.977;300;20;0.5828E+03;0.4798E+03;0.568;1.92;00:48:51.900
236.28;2.215;0.2936E+03;49.976;300;20;0.5233E+03;0.4332E+03;0.561;1.87;00:48:52.000
236.31;2.196;0.2910E+03;49.977;300;20;0.5188E+03;0.4296E+03;0.561;1.88;00:48:52.100
236.33;2.200;0.2922E+03;49.976;300;20;0.5199E+03;0.4300E+03;0.562;1.91;00:48:52.200
236.34;2.193;0.2909E+03;49.976;300;20;0.5183E+03;0.4289E+03;0.561;1.89;00:48:52.300
236.34;2.197;0.2913E+03;49.976;300;20;0.5192E+03;0.4298E+03;0.561;1.91;00:48:52.400
236.58;1.237;0.1487E+03;49.976;300;20;0.2928E+03;0.2522E+03;0.508;1.78;00:48:52.500
236.63;0.606;0.0787E+03;49.976;300;20;0.1434E+03;0.1199E+03;0.549;1.77;00:48:52.600
236.16;2.703;0.3610E+03;49.975;300;20;0.6383E+03;0.5264E+03;0.566;1.89;00:48:52.700
236.27;2.392;0.3211E+03;49.973;300;20;0.5651E+03;0.4651E+03;0.568;1.91;00:48:52.800
236.33;2.274;0.3026E+03;49.973;300;20;0.5374E+03;0.4441E+03;0.563;1.90;00:48:52.900
236.35;2.271;0.3026E+03;49.973;300;20;0.5368E+03;0.4434E+03;0.564;1.88;00:48:53.000
236.32;2.260;0.3008E+03;49.972;300;20;0.5340E+03;0.4412E+03;0.563;1.91;00:48:53.100
236.26;2.253;0.2997E+03;49.972;300;20;0.5322E+03;0.4398E+03;0.563;1.92;00:48:53.200
236.35;2.150;0.2847E+03;49.972;300;20;0.5081E+03;0.4209E+03;0.560;1.92;00:48:53.300
236.51;1.096;0.1395E+03;49.971;300;20;0.2592E+03;0.2185E+03;0.538;1.80;00:48:53.400
236.61;0.749;0.0975E+03;49.970;300;20;0.1773E+03;0.1481E+03;0.550;1.82;00:48:53.500
236.58;0.762;0.0991E+03;49.970;300;20;0.1802E+03;0.1506E+03;0.550;1.82;00:48:53.600
236.63;0.736;0.0959E+03;49.970;300;20;0.1741E+03;0.1453E+03;0.551;1.83;00:48:53.700
236.61;0.738;0.0960E+03;49.970;300;20;0.1747E+03;0.1460E+03;0.549;1.82;00:48:53.800
236.62;0.739;0.0962E+03;49.969;300;20;0.1747E+03;0.1459E+03;0.550;1.82;00:48:53.900
236.55;0.735;0.0953E+03;49.968;300;20;0.1738E+03;0.1453E+03;0.549;1.82;00:48:54.000
236.56;0.730;0.0950E+03;49.969;300;20;0.1727E+03;0.1443E+03;0.550;1.82;00:48:54.100
236.62;0.741;0.0964E+03;49.968;300;20;0.1754E+03;0.1465E+03;0.550;1.82;00:48:54.200
236.60;0.730;0.0951E+03;49.967;300;20;0.1728E+03;0.1443E+03;0.550;1.82;00:48:54.300
236.60;0.736;0.0957E+03;49.966;300;20;0.1742E+03;0.1456E+03;0.549;1.82;00:48:54.400
236.63;0.749;0.0976E+03;49.967;300;20;0.1773E+03;0.1481E+03;0.550;1.84;00:48:54.500
236.60;0.759;0.0983E+03;49.965;300;20;0.1797E+03;0.1504E+03;0.547;1.84;00:48:54.600
236.20;2.752;0.3726E+03;49.964;300;20;0.6500E+03;0.5326E+03;0.573;1.95;00:48:54.700
236.26;2.299;0.3065E+03;49.963;300;20;0.5432E+03;0.4484E+03;0.564;1.93;00:48:54.800
236.29;2.237;0.2971E+03;49.963;300;20;0.5285E+03;0.4371E+03;0.562;1.92;00:48:54.900
236.32;2.206;0.2935E+03;49.963;300;20;20;0.4308E+03;0.563;1.93;00:48:55.000
236.31;2.185;0.2905E+03;49.962;300;20;0.5164E+03;0.4270E+03;0.562;1.93;00:48:55.100
236.27;2.151;0.2855E+03;49.962;300;20;0.5082E+03;0.4204E+03;0.562;1.93;00:48:55.200
236.33;2.120;0.2807E+03;49.962;300;20;0.5011E+03;0.4151E+03;0.560;1.93;00:48:55.300
236.58;0.832;0.1030E+03;49.963;300;20;0.1969E+03;0.1678E+03;0.523;1.82;00:48:55.400
236.43;1.787;0.2178E+03;49.962;300;20;0.4225E+03;0.3621E+03;0.516;1.85;00:48:55.500
236.21;2.765;0.3753E+03;49.963;300;20;0.6532E+03;0.5346E+03;0.575;2.00;00:48:55.600
236.32;2.263;0.3025E+03;49.965;300;20;0.5347E+03;0.4409E+03;0.566;1.96;00:48:55.700
236.28;2.255;0.3012E+03;49.964;300;20;0.5329E+03;0.4396E+03;0.565;1.95;00:48:55.800
236.30;2.245;0.2993E+03;49.964;300;20;0.5304E+03;0.4379E+03;0.564;1.96;00:48:55.900
236.25;2.245;0.2993E+03;49.965;300;20;0.5304E+03;0.4379E+03;0.564;1.95;00:48:56.000
236.27;2.213;0.2948E+03;49.965;300;20;0.5230E+03;0.4320E+03;0.564;1.96;00:48:56.100
236.40;1.899;0.2455E+03;49.966;300;20;0.4490E+03;0.3759E+03;0.547;1.90;00:48:56.200
236.64;0.693;0.0904E+03;49.967;300;20;0.1639E+03;0.1367E+03;0.552;1.84;00:48:56.300
236.64;0.757;0.0989E+03;49.966;300;20;0.1792E+03;0.1495E+03;0.552;1.85;00:48:56.400
236.62;0.735;0.0960E+03;49.967;300;20;0.1738E+03;0.1449E+03;0.552;1.86;00:48:56.500
236.64;0.743;0.0969E+03;49.967;300;20;0.1758E+03;0.1467E+03;0.551;1.88;00:48:56.600
236.63;0.729;0.0953E+03;49.967;300;20;0.1725E+03;0.1437E+03;0.552;1.85;00:48:56.700
236.61;0.730;0.0952E+03;49.968;300;20;0.1728E+03;0.1442E+03;0.551;1.87;00:48:56.800
236.63;0.735;0.0959E+03;49.967;300;20;0.1740E+03;0.1452E+03;0.551;1.87;00:48:56.900
236.62;0.724;0.0945E+03;49.966;300;20;0.1714E+03;0.1430E+03;0.551;1.86;00:48:57.000
236.58;0.726;0.0948E+03;49.966;300;20;0.1717E+03;0.1432E+03;0.552;1.85;00:48:57.100
236.55;0.729;0.0951E+03;49.966;300;20;0.1725E+03;0.1439E+03;0.552;1.85;00:48:57.200
236.63;0.741;0.0968E+03;49.965;300;20;0.1752E+03;0.1461E+03;0.552;1.85;00:48:57.300
236.63;0.722;0.0945E+03;49.966;300;20;0.1709E+03;0.1424E+03;0.553;1.85;00:48:57.400
236.30;2.647;0.3550E+03;49.965;300;20;0.6256E+03;0.5151E+03;0.567;1.96;00:48:57.500
236.33;2.376;0.3197E+03;49.967;300;20;0.5615E+03;0.4615E+03;0.569;1.97;00:48:57.600
236.37;2.194;0.2927E+03;49.967;300;20;0.5187E+03;0.4282E+03;0.564;1.95;00:48:57.700
236.39;2.173;0.2904E+03;49.967;300;20;0.5138E+03;0.4239E+03;0.565;1.94;00:48:57.800
236.35;2.182;0.2913E+03;49.967;300;20;0.5158E+03;0.4257E+03;0.565;1.97;00:48:57.900
236.35;2.168;0.2896E+03;49.969;300;20;0.5125E+03;0.4229E+03;0.565;1.98;00:48:58.000
236.33;2.174;0.2897E+03;49.969;300;20;0.5138E+03;0.4243E+03;0.564;1.98;00:48:58.100
236.53;1.510;0.1824E+03;49.969;300;20;0.3571E+03;0.3070E+03;0.511;1.86;00:48:58.200
236.55;1.272;0.1482E+03;49.970;300;20;0.3010E+03;0.2620E+03;0.492;1.87;00:48:58.300
236.22;2.829;0.3853E+03;49.971;300;20;0.6682E+03;0.5459E+03;0.577;2.05;00:48:58.400
236.35;2.258;0.3019E+03;49.971;300;20;0.5336E+03;0.4400E+03;0.566;1.97;00:48:58.500
236.35;2.214;0.2953E+03;49.971;300;20;0.5232E+03;0.4319E+03;0.564;1.98;00:48:58.600
236.36;2.201;0.2939E+03;49.971;300;20;0.5202E+03;0.4292E+03;0.565;1.97;00:48:58.700
236.36;2.182;0.2912E+03;49.973;300;20;0.5158E+03;0.4258E+03;20;1.98;00:48:58.800
236.36;2.175;0.2906E+03;49.973;300;20;0.5140E+03;0.4240E+03;0.565;1.97;00:48:58.900
236.38;2.111;0.2802E+03;49.973;300;20;0.4991E+03;0.4130E+03;0.561;1.94;00:48:59.000
236.60;0.636;0.0827E+03;49.974;300;20;0.1504E+03;0.1257E+03;0.550;1.85;00:48:59.100
236.56;0.757;0.0985E+03;49.975;300;20;0.1791E+03;0.1496E+03;0.550;1.86;00:48:59.200
236.60;0.739;0.0966E+03;49.976;300;20;0.1749E+03;0.1458E+03;0.552;1.83;00:48:59.300
236.58;0.732;0.0956E+03;49.976;300;20;0.1733E+03;0.1445E+03;0.552;1.84;00:48:59.400
236.65;0.717;0.0937E+03;49.977;300;20;0.1696E+03;0.1413E+03;0.553;1.85;00:48:59.500
236.62;0.740;0.0964E+03;49.977;300;20;0.1751E+03;0.1461E+03;0.551;1.83;00:48:59.600
236.66;0.743;0.0968E+03;49.977;300;20;0.1757E+03;0.1467E+03;0.551;1.85;00:48:59.700
236.67;0.731;0.0953E+03;49.977;300;20;0.1729E+03;0.1443E+03;0.551;1.83;00:48:59.800
236.66;0.730;0.0954E+03;49.978;300;20;0.1728E+03;0.1440E+03;0.552;1.84;00:48:59.900
236.58;0.727;0.0946E+03;49.976;300;20;0.1720E+03;0.1436E+03;0.550;1.82;00:49:00.000
236.60;0.735;0.0958E+03;49.976;300;20;0.1740E+03;0.1452E+03;0.551;1.81;00:49:00.100
236.65;0.725;0.0948E+03;49.977;300;20;0.1717E+03;0.1431E+03;0.552;1.82;00:49:00.200
236.27;2.730;0.3655E+03;49.976;300;20;0.6450E+03;0.5314E+03;0.567;1.92;00:49:00.300
236.34;2.367;0.3176E+03;49.977;300;20;0.5594E+03;0.4605E+03;0.568;1.94;00:49:00.400
236.37;2.173;0.2888E+03;49.978;300;20;0.5137E+03;0.4249E+03;0.562;1.89;00:49:00.500
236.37;2.150;0.2857E+03;49.978;300;20;0.5081E+03;0.4202E+03;0.562;1.90;00:49:00.600
236.38;2.128;0.2824E+03;49.978;300;20;0.5030E+03;0.4163E+03;0.561;1.92;00:49:00.700
236.37;2.119;0.2820E+03;49.980;300;20;0.5009E+03;0.4140E+03;0.563;1.92;00:49:00.800
236.36;2.146;0.2853E+03;49.979;300;20;0.5073E+03;0.4194E+03;0.562;1.93;00:49:00.900
236.50;1.577;0.1918E+03;49.981;300;20;0.3730E+03;0.3199E+03;0.514;1.82;00:49:01.000
236.53;1.420;0.1608E+03;49.981;300;20;0.3360E+03;0.2950E+03;0.479;1.82;00:49:01.100
236.21;2.821;0.3834E+03;49.980;300;20;0.6665E+03;0.5451E+03;0.575;1.99;00:49:01.200
236.35;2.239;0.2992E+03;49.981;300;20;0.5292E+03;0.4365E+03;0.565;1.96;00:49:01.300
236.39;2.202;0.2937E+03;49.981;300;20;0.5205E+03;0.4297E+03;0.564;1.95;00:49:01.400
236.36;2.187;0.2911E+03;49.982;300;20;0.5170E+03;0.4273E+03;0.563;1.94;00:49:01.500
236.40;2.189;0.2915E+03;49.982;300;20;0.5176E+03;0.4277E+03;0.563;1.94;00:49:01.600
236.40;2.183;0.2916E+03;49.981;300;20;0.5162E+03;0.4259E+03;0.565;1.94;00:49:01.700
236.41;2.123;0.2811E+03;49.981;300;20;0.5020E+03;0.4159E+03;0.560;1.92;00:49:01.800
236.73;0.618;0.0804E+03;49.982;300;20;0.1462E+03;0.1222E+03;0.550;1.82;00:49:01.900
236.64;0.749;0.0974E+03;49.983;300;20;0.1773E+03;0.1482E+03;0.549;1.84;00:49:02.000
236.68;0.736;0.0962E+03;49.984;300;20;0.1743E+03;0.1454E+03;0.552;1.85;00:49:02.100
236.71;0.730;0.0953E+03;49.984;300;20;0.1728E+03;0.1441E+03;0.551;1.85;00:49:02.200
236.71;0.719;0.0939E+03;49.985;300;20;0.1703E+03;0.1421E+03;0.551;1.83;00:49:02.300
236.68;0.728;0.0950E+03;49.986;300;20;0.1724E+03;0.1439E+03;0.551;1.84;00:49:02.400
236.71;0.736;0.0962E+03;49.986;300;20;0.1742E+03;0.1452E+03;0.552;1.86;00:49:02.500
236.71;0.725;0.0947E+03;49.987;300;20;0.1716E+03;0.1430E+03;0.552;1.87;00:49:02.600
236.73;0.733;0.0960E+03;49.988;300;20;0.1736E+03;0.1446E+03;0.553;1.88;00:49:02.700
236.76;0.735;0.0962E+03;49.988;300;20;0.1740E+03;0.1450E+03;0.553;1.82;00:49:02.800
236.75;0.733;0.0956E+03;49.988;300;20;0.1735E+03;0.1448E+03;0.551;1.86;00:49:02.900
236.75;0.728;0.0952E+03;49.988;300;20;0.1723E+03;0.1436E+03;0.552;1.86;00:49:03.000
236.71;0.778;0.1014E+03;49.988;300;20;0.1843E+03;0.1538E+03;0.551;1.88;00:49:03.100
236.74;0.830;0.1081E+03;49.988;300;20;0.1965E+03;0.1641E+03;0.550;1.87;00:49:03.200
236.70;0.922;0.1196E+03;49.989;300;20;0.2183E+03;0.1826E+03;0.548;1.88;00:49:03.300
236.69;1.013;0.1311E+03;49.989;300;20;0.2398E+03;0.2008E+03;0.547;1.89;00:49:03.400
236.67;1.204;0.1560E+03;49.989;300;20;0.2849E+03;0.2384E+03;0.547;1.89;00:49:03.500
236.64;1.308;0.1700E+03;49.990;300;20;0.3095E+03;0.2587E+03;0.549;1.90;00:49:03.600
236.62;1.430;0.1862E+03;49.990;300;20;0.3384E+03;0.2826E+03;0.550;1.92;00:49:03.700
236.61;1.553;0.2027E+03;49.990;300;20;0.3674E+03;0.3064E+03;0.552;1.93;00:49:03.800
236.55;1.766;0.2318E+03;49.991;300;20;0.4177E+03;0.3475E+03;0.555;1.92;00:49:03.900
236.48;1.840;0.2423E+03;49.991;300;20;0.4352E+03;0.3615E+03;0.557;1.94;00:49:04.000
236.52;1.796;0.2364E+03;49.991;300;20;0.4247E+03;0.3528E+03;0.557;1.94;00:49:04.100
236.59;1.722;0.2259E+03;49.992;300;20;0.4073E+03;0.3389E+03;0.555;1.93;00:49:04.200
236.61;1.314;0.1707E+03;49.991;300;20;0.3110E+03;0.2599E+03;0.549;1.91;00:49:04.300
236.62;1.190;0.1541E+03;49.991;300;20;0.2815E+03;0.2356E+03;0.547;1.86;00:49:04.400
236.69;1.049;0.1362E+03;49.992;300;20;0.2483E+03;0.2076E+03;0.548;1.89;00:49:04.500
236.70;0.946;0.1229E+03;49.991;300;20;0.2239E+03;0.1872E+03;0.549;1.88;00:49:04.600
236.73;0.786;0.1028E+03;49.992;300;20;0.1860E+03;0.1550E+03;0.553;1.86;00:49:04.700
236.70;0.759;0.0990E+03;49.992;300;20;0.1796E+03;0.1498E+03;0.551;1.84;00:49:04.800
236.70;0.774;0.1011E+03;49.992;300;20;0.1833E+03;0.1529E+03;0.552;1.87;00:49:04.900
236.72;0.862;0.1120E+03;49.992;300;20;0.2041E+03;0.1706E+03;0.549;1.85;00:49:05.000
236.61;1.178;0.1524E+03;49.992;300;20;0.2788E+03;0.2334E+03;0.547;1.87;00:49:05.100
236.62;1.372;0.1780E+03;49.992;300;20;0.3246E+03;0.2714E+03;0.548;1.90;00:49:05.200
236.58;1.585;0.2068E+03;49.993;300;20;0.3750E+03;0.3128E+03;0.551;1.90;00:49:05.300
236.50;1.777;0.2335E+03;49.993;300;20;0.4202E+03;0.3493E+03;0.556;1.94;00:49:05.400
236.46;1.890;0.2496E+03;49.994;300;20;0.4469E+03;0.3707E+03;0.559;1.92;00:49:05.500
236.45;1.769;0.2325E+03;49.995;300;20;0.4183E+03;0.3477E+03;0.556;1.91;00:49:05.600
236.52;1.654;0.2166E+03;49.995;300;20;0.3913E+03;0.3259E+03;0.554;1.91;00:49:05.700
236.53;1.521;0.1985E+03;49.995;300;20;0.3597E+03;0.3000E+03;0.552;1.90;00:49:05.800
236.58;1.314;0.1703E+03;49.995;300;20;0.3110E+03;0.2602E+03;0.548;1.87;00:49:05.900
236.48;1.206;0.1555E+03;49.996;300;20;0.2851E+03;0.2389E+03;0.546;1.82;00:49:06.000
236.57;1.126;0.1451E+03;49.995;300;20;0.2663E+03;0.2233E+03;0.545;1.84;00:49:06.100
236.66;1.067;0.1384E+03;49.994;300;20;0.2525E+03;0.2113E+03;0.548;1.83;00:49:06.200
236.64;0.915;0.1184E+03;49.995;300;20;0.2166E+03;0.1814E+03;0.546;1.81;00:49:06.300
236.69;0.841;0.1094E+03;49.996;300;20;0.1991E+03;0.1664E+03;0.549;1.81;00:49:06.400
236.72;0.793;0.1032E+03;49.995;300;20;0.1878E+03;0.1569E+03;0.550;1.84;00:49:06.500
236.69;0.778;0.1011E+03;49.995;300;20;0.1840E+03;0.1538E+03;0.549;1.80;00:49:06.600
236.68;0.756;0.0983E+03;49.994;300;20;0.1789E+03;0.1494E+03;0.550;1.81;00:49:06.700
236.68;0.761;0.0990E+03;49.993;300;20;0.1800E+03;0.1504E+03;0.550;1.81;00:49:06.800
236.71;0.740;0.0965E+03;49.994;300;20;0.1752E+03;0.1462E+03;0.551;1.82;00:49:06.900
236.71;0.738;0.0960E+03;49.993;300;20;0.1746E+03;0.1459E+03;0.550;1.82;00:49:07.000
236.70;0.736;0.0959E+03;49.993;300;20;0.1742E+03;0.1454E+03;0.551;1.81;00:49:07.100
236.70;0.742;0.0966E+03;49.993;300;20;0.1755E+03;0.1466E+03;0.550;1.82;00:49:07.200
236.70;0.739;0.0964E+03;49.993;300;20;0.1750E+03;0.1460E+03;0.551;1.84;00:49:07.300
236.72;0.744;0.0968E+03;49.992;300;20;0.1760E+03;0.1470E+03;0.550;1.82;00:49:07.400
236.69;0.721;0.0940E+03;49.991;300;20;0.1706E+03;0.1423E+03;0.551;1.82;00:49:07.500
236.66;0.744;0.0969E+03;49.991;300;20;0.1761E+03;0.1471E+03;0.550;1.82;00:49:07.600
236.68;0.746;0.0973E+03;49.991;300;20;0.1766E+03;0.1474E+03;0.551;1.81;00:49:07.700
236.64;0.777;0.1010E+03;49.992;300;20;0.1839E+03;0.1537E+03;0.549;1.82;00:49:07.800
236.62;1.154;0.1489E+03;49.991;300;20;0.2731E+03;0.2290E+03;0.545;1.84;00:49:07.900
236.46;1.399;0.1805E+03;49.990;300;20;0.3307E+03;0.2771E+03;0.546;1.85;00:49:08.000
236.51;1.664;0.2168E+03;49.989;300;20;0.3935E+03;0.3284E+03;0.551;1.87;00:49:08.100
236.50;1.933;0.2544E+03;49.989;300;20;0.4571E+03;0.3797E+03;0.557;1.89;00:49:08.200
236.35;2.490;0.3346E+03;49.988;300;20;0.5886E+03;0.4842E+03;0.568;1.91;00:49:08.300
236.32;2.544;0.3438E+03;49.987;300;20;0.6012E+03;0.4932E+03;0.572;1.94;00:49:08.400
236.37;2.334;0.3115E+03;49.987;300;20;0.5516E+03;0.4552E+03;0.565;1.91;00:49:08.500
236.49;1.751;0.2291E+03;49.987;300;20;0.4140E+03;0.3448E+03;0.553;1.88;00:49:08.600
236.58;1.116;0.1442E+03;49.985;300;20;0.2641E+03;0.2212E+03;0.546;1.84;00:49:08.700
236.67;0.909;0.1181E+03;49.984;300;20;0.2152E+03;0.1799E+03;0.549;1.85;00:49:08.800
236.71;0.791;0.1028E+03;49.984;300;20;0.1872E+03;0.1565E+03;0.549;1.81;00:49:08.900
236.68;0.762;0.0993E+03;49.985;300;20;0.1804E+03;0.1506E+03;0.550;1.81;00:49:09.000
236.58;1.171;0.1504E+03;49.985;300;20;0.2770E+03;0.2326E+03;0.543;1.82;00:49:09.100
236.50;1.622;0.2105E+03;49.986;300;20;0.3835E+03;0.3205E+03;0.549;1.87;00:49:09.200
236.40;2.109;0.2793E+03;49.986;300;20;0.4984E+03;0.4128E+03;0.560;1.91;00:49:09.300
236.28;2.629;0.3552E+03;49.985;300;20;0.6211E+03;0.5095E+03;0.572;1.97;00:49:09.400
236.35;2.342;0.3137E+03;49.986;300;20;0.5535E+03;0.4560E+03;0.567;1.94;00:49:09.500
236.40;1.992;0.2634E+03;49.986;300;20;0.4710E+03;0.3905E+03;0.559;1.91;00:49:09.600
236.49;1.701;0.2231E+03;49.987;300;20;0.4022E+03;0.3347E+03;0.555;1.89;00:49:09.700
236.52;1.483;0.1926E+03;49.987;300;20;0.3507E+03;0.2931E+03;0.549;1.88;00:49:09.800
236.57;1.115;0.1444E+03;49.986;300;20;0.2638E+03;0.2208E+03;0.547;1.85;00:49:09.900
236.55;0.983;0.1271E+03;49.986;300;20;0.2325E+03;0.1947E+03;0.547;1.83;00:49:10.000
236.57;0.857;0.1113E+03;49.986;300;20;0.2027E+03;0.1695E+03;0.549;1.83;00:49:10.100
236.63;0.795;0.1036E+03;49.984;300;20;0.1882E+03;0.1571E+03;0.550;1.82;00:49:10.200
236.66;0.775;0.1009E+03;49.985;300;20;0.1834E+03;0.1531E+03;0.550;1.83;00:49:10.300
236.58;0.751;0.0975E+03;49.985;300;20;0.1777E+03;0.1486E+03;0.548;1.81;00:49:10.400
236.64;0.749;0.0975E+03;49.984;300;20;0.1773E+03;0.1481E+03;0.550;1.82;00:49:10.500
236.63;0.726;0.0945E+03;49.984;300;20;0.1717E+03;0.1434E+03;0.550;1.82;00:49:10.600
236.65;0.741;0.0966E+03;49.983;300;20;0.1754E+03;0.1464E+03;0.551;1.82;00:49:10.700
236.63;0.726;0.0946E+03;49.983;300;20;0.1719E+03;0.1435E+03;0.550;1.82;00:49:10.800
236.66;0.751;0.0977E+03;49.983;300;20;0.1777E+03;0.1485E+03;0.550;1.82;00:49:10.900
236.68;0.734;0.0956E+03;49.982;300;20;0.1736E+03;0.1450E+03;0.550;1.80;00:49:11.000
236.62;0.730;0.0949E+03;49.981;300;20;0.1728E+03;0.1444E+03;0.549;1.80;00:49:11.100
236.69;0.730;0.0953E+03;49.981;300;20;0.1728E+03;0.1442E+03;0.551;1.81;00:49:11.200
236.66;0.740;0.0963E+03;49.981;300;20;0.1752E+03;0.1464E+03;0.550;1.79;00:49:11.300
236.65;0.816;0.1057E+03;49.981;300;20;0.1932E+03;0.1616E+03;0.547;1.80;00:49:11.400
236.61;1.107;0.1423E+03;49.981;300;20;0.2620E+03;0.2199E+03;0.543;1.84;00:49:11.500
236.47;1.952;0.2565E+03;49.980;300;20;0.4615E+03;0.3837E+03;0.556;1.85;00:49:11.600
236.40;2.419;0.3238E+03;49.979;300;20;0.5718E+03;0.4712E+03;0.566;1.89;00:49:11.700
236.34;2.779;0.3769E+03;49.980;300;20;0.6567E+03;0.5378E+03;0.574;1.91;00:49:11.800
236.38;2.614;0.3533E+03;49.979;300;20;0.6180E+03;0.5070E+03;0.572;1.91;00:49:11.900
236.35;2.438;0.3260E+03;49.981;300;20;0.5763E+03;0.4752E+03;0.566;1.90;00:49:12.000
236.54;1.606;0.2073E+03;49.982;300;20;0.3800E+03;0.3184E+03;0.546;1.84;00:49:12.100
236.70;1.083;0.1395E+03;49.983;300;20;0.2565E+03;0.2152E+03;0.544;1.81;00:49:12.200
236.74;0.828;0.1076E+03;49.981;300;20;0.1960E+03;0.1639E+03;0.549;1.79;00:49:12.300
236.74;0.805;0.1043E+03;49.982;300;20;0.1905E+03;0.1594E+03;0.548;1.80;00:49:12.400
236.65;1.317;0.1683E+03;49.982;300;20;0.3118E+03;0.2624E+03;0.540;1.84;00:49:12.500
236.47;2.088;0.2742E+03;49.982;300;20;0.4938E+03;0.4107E+03;0.555;1.91;00:49:12.600
236.32;2.880;0.3914E+03;49.983;300;20;0.6805E+03;0.5567E+03;0.575;1.97;00:49:12.700
236.38;2.544;0.3433E+03;49.981;300;20;0.6014E+03;0.4938E+03;0.571;1.94;00:49:12.800
236.43;2.478;0.3341E+03;49.983;300;20;0.5859E+03;0.4813E+03;0.570;1.94;00:49:12.900
236.49;1.998;0.2630E+03;49.981;300;20;0.4724E+03;0.3924E+03;0.557;1.89;00:49:13.000
236.55;1.531;0.1986E+03;49.981;300;20;0.3621E+03;0.3028E+03;0.548;1.86;00:49:13.100
236.62;1.009;0.1302E+03;49.979;300;20;0.2388E+03;0.2001E+03;0.545;1.83;00:49:13.200
236.63;0.867;0.1125E+03;49.981;300;20;0.2051E+03;0.1715E+03;0.548;1.81;00:49:13.300
236.68;0.777;0.1014E+03;49.981;300;20;0.1840E+03;0.1535E+03;0.551;1.81;00:49:13.400
236.69;0.766;0.0998E+03;49.981;300;20;0.1814E+03;0.1515E+03;0.550;1.82;00:49:13.500
236.69;0.736;0.0960E+03;49.980;300;20;0.1741E+03;0.1453E+03;0.551;1.82;00:49:13.600
236.66;0.731;0.0950E+03;49.979;300;20;0.1729E+03;0.1444E+03;0.550;1.79;00:49:13.700
236.64;0.737;0.0963E+03;49.979;300;20;0.1744E+03;0.1454E+03;0.552;1.83;00:49:13.800
236.67;0.732;0.0955E+03;49.979;300;20;0.1733E+03;0.1446E+03;0.551;1.81;00:49:13.900
236.63;0.723;0.0944E+03;49.980;300;20;0.1711E+03;0.1428E+03;0.552;1.81;00:49:14.000
236.66;0.737;0.0961E+03;49.981;300;20;0.1744E+03;0.1456E+03;0.551;1.81;00:49:14.100
236.71;0.746;0.0973E+03;49.982;300;20;0.1766E+03;0.1473E+03;0.551;1.82;00:49:14.200
236.69;0.720;0.0940E+03;49.981;300;20;0.1704E+03;0.1421E+03;0.552;1.82;00:49:14.300
236.63;0.727;0.0949E+03;49.980;300;20;0.1721E+03;0.1436E+03;0.551;1.83;00:49:14.400
236.62;0.734;0.0958E+03;49.982;300;20;0.1736E+03;0.1449E+03;0.552;1.83;00:49:14.500
236.58;0.985;0.1266E+03;49.983;300;20;0.2331E+03;0.1958E+03;0.543;1.83;00:49:14.600
236.48;1.525;0.1972E+03;49.984;300;20;0.3607E+03;0.3020E+03;0.547;1.93;00:49:14.700
236.22;2.775;0.3778E+03;49.984;300;20;0.6554E+03;0.5356E+03;0.576;1.98;00:49:14.800
236.25;2.694;0.3669E+03;49.984;300;20;0.6364E+03;0.5199E+03;0.577;2.02;00:49:14.900
236.29;2.495;0.3359E+03;49.984;300;20;0.5896E+03;0.4846E+03;0.570;1.98;00:49:15.000
236.30;2.452;0.3298E+03;49.983;300;20;0.5793E+03;0.4763E+03;0.569;1.94;00:49:15.100
236.40;1.837;0.2359E+03;49.983;300;20;0.4343E+03;0.3647E+03;0.543;1.96;00:49:15.200
236.59;0.905;0.1172E+03;49.983;300;20;0.2141E+03;0.1792E+03;0.547;1.85;00:49:15.300
236.59;0.715;0.0931E+03;49.982;300;20;0.1691E+03;0.1411E+03;0.551;1.84;00:49:15.400
236.61;0.770;0.1002E+03;49.981;300;20;0.1822E+03;0.1522E+03;0.550;1.84;00:49:15.500
236.27;2.428;0.3227E+03;49.981;300;20;0.5737E+03;0.4743E+03;0.563;1.92;00:49:15.600
236.17;3.046;0.4180E+03;49.981;300;20;0.7194E+03;0.5855E+03;0.581;2.01;00:49:15.700
236.27;2.574;0.3481E+03;49.981;300;20;0.6081E+03;0.4986E+03;0.572;2.00;00:49:15.800
236.26;2.544;0.3429E+03;49.982;300;20;0.6010E+03;0.4936E+03;0.571;1.97;00:49:15.900
236.33;2.286;0.3041E+03;49.982;300;20;0.5402E+03;0.4464E+03;0.563;1.95;00:49:16.000
236.45;1.505;0.1948E+03;49.983;300;20;0.3559E+03;0.2978E+03;0.548;1.88;00:49:16.100
236.57;1.090;0.1413E+03;49.983;300;20;0.2578E+03;0.2156E+03;0.548;1.89;00:49:16.200
236.61;0.885;0.1145E+03;49.984;300;20;0.2093E+03;0.1752E+03;0.547;1.86;00:49:16.300
236.64;0.755;0.0984E+03;49.984;300;20;0.1787E+03;0.1492E+03;0.551;1.85;00:49:16.400
236.65;0.755;0.0984E+03;49.984;300;20;0.1786E+03;0.1491E+03;0.551;1.82;00:49:16.500
236.64;0.746;0.0973E+03;49.984;300;20;0.1765E+03;0.1472E+03;0.552;1.83;00:49:16.600
236.66;0.720;0.0941E+03;49.984;300;20;0.1704E+03;0.1420E+03;0.552;1.85;00:49:16.700
236.66;0.724;0.0947E+03;49.984;300;20;0.1714E+03;0.1428E+03;0.553;1.84;00:49:16.800
236.66;0.731;0.0955E+03;49.984;300;20;0.1730E+03;0.1443E+03;0.552;1.83;00:49:16.900
236.66;0.739;0.0966E+03;49.985;300;20;0.1750E+03;0.1459E+03;0.552;1.82;00:49:17.000
236.63;0.714;0.0934E+03;49.984;300;20;0.1689E+03;0.1407E+03;0.553;1.82;00:49:17.100
236.66;0.734;0.0960E+03;49.984;300;20;0.1738E+03;0.1448E+03;0.552;1.85;00:49:17.200
236.65;0.725;0.0946E+03;49.984;300;20;0.1715E+03;0.1430E+03;0.552;1.84;00:49:17.300
236.63;0.731;0.0956E+03;49.985;300;20;0.1731E+03;0.1443E+03;0.553;1.83;00:49:17.400
236.66;0.743;0.0971E+03;49.986;300;20;0.1758E+03;0.1466E+03;0.552;1.85;00:49:17.500
236.44;1.846;0.2406E+03;49.986;300;20;0.4365E+03;0.3642E+03;0.551;1.91;00:49:17.600
236.28;2.682;0.3637E+03;49.986;300;20;0.6337E+03;0.5189E+03;0.574;1.97;00:49:17.700
236.24;2.830;0.3858E+03;49.987;300;20;0.6686E+03;0.5460E+03;0.577;1.97;00:49:17.800
236.29;2.483;0.3356E+03;49.987;300;20;0.5868E+03;0.4813E+03;0.572;1.94;00:49:17.900
236.25;2.460;0.3313E+03;49.986;300;20;0.5813E+03;0.4777E+03;0.570;1.96;00:49:18.000
236.30;2.430;0.3273E+03;49.988;300;20;0.5743E+03;0.4719E+03;0.570;1.96;00:49:18.100
236.55;1.480;0.1841E+03;49.988;300;20;0.3500E+03;0.2977E+03;0.526;1.89;00:49:18.200
236.66;0.673;0.0878E+03;49.988;300;20;0.1594E+03;0.1330E+03;0.551;1.83;00:49:18.300
236.59;1.119;0.1401E+03;49.989;300;20;0.2648E+03;0.2247E+03;0.529;1.86;00:49:18.400
236.27;2.537;0.3369E+03;49.987;300;20;0.5995E+03;0.4959E+03;0.562;1.94;00:49:18.500
236.15;2.973;0.4081E+03;49.987;300;20;0.7022E+03;0.5714E+03;0.581;1.98;00:49:18.600
236.24;2.522;0.3410E+03;49.988;300;20;0.5958E+03;0.4885E+03;0.572;1.98;00:49:18.700
236.26;2.455;0.3316E+03;49.987;300;20;0.5801E+03;0.4760E+03;0.572;1.97;00:49:18.800
236.28;2.452;0.3308E+03;49.987;300;20;0.5793E+03;0.4756E+03;0.571;1.96;00:49:18.900
236.43;1.734;0.2249E+03;49.988;300;20;0.4099E+03;0.3427E+03;0.549;1.91;00:49:19.000
236.54;1.024;0.1321E+03;49.987;300;20;0.2421E+03;0.2029E+03;0.546;1.88;00:49:19.100
236.61;0.740;0.0966E+03;49.987;300;20;0.1750E+03;0.1459E+03;0.552;1.86;00:49:19.200
236.56;0.756;0.0986E+03;49.986;300;20;0.1789E+03;0.1492E+03;0.551;1.85;00:49:19.300
236.59;0.751;0.0982E+03;49.987;300;20;0.1777E+03;0.1481E+03;0.553;1.85;00:49:19.400
236.58;0.724;0.0946E+03;49.988;300;20;0.1713E+03;0.1428E+03;0.552;1.84;00:49:19.500
236.57;0.732;0.0956E+03;49.988;300;20;0.1731E+03;0.1444E+03;0.552;1.86;00:49:19.600
236.56;0.728;0.0949E+03;49.988;300;20;0.1722E+03;0.1436E+03;0.551;1.84;00:49:19.700
236.53;0.736;0.0961E+03;49.988;300;20;0.1742E+03;0.1453E+03;0.552;1.86;00:49:19.800
236.51;0.723;0.0945E+03;49.989;300;20;0.1710E+03;0.1425E+03;0.553;1.85;00:49:19.900
236.48;0.747;0.0974E+03;49.990;300;20;0.1766E+03;0.1473E+03;0.551;1.84;00:49:20.000
236.54;0.724;0.0946E+03;49.989;300;20;0.1713E+03;0.1427E+03;0.553;1.85;00:49:20.100
236.57;0.738;0.0964E+03;49.990;300;20;0.1746E+03;0.1456E+03;0.552;1.85;00:49:20.200
236.60;0.735;0.0962E+03;49.991;300;20;0.1740E+03;0.1449E+03;0.553;1.85;00:49:20.300
236.41;1.713;0.2208E+03;49.990;300;20;0.4050E+03;0.3395E+03;0.545;1.89;00:49:20.400
236.22;2.778;0.3763E+03;49.991;300;20;0.6562E+03;0.5376E+03;0.573;1.99;00:49:20.500
236.22;2.827;0.3847E+03;49.992;300;20;0.6678E+03;0.5458E+03;0.576;1.97;00:49:20.600
236.29;2.466;0.3324E+03;49.993;300;20;0.5827E+03;0.4786E+03;0.570;1.95;00:49:20.700
236.29;2.426;0.3256E+03;49.993;300;20;0.5732E+03;0.4717E+03;0.568;1.97;00:49:20.800
236.27;2.412;0.3240E+03;49.992;300;20;0.5699E+03;0.4689E+03;0.569;1.95;00:49:20.900
236.37;1.905;0.2433E+03;49.991;300;20;0.4502E+03;0.3788E+03;0.540;1.89;00:49:21.000
236.59;0.631;0.0819E+03;49.991;300;20;0.1492E+03;0.1247E+03;0.549;1.81;00:49:21.100
236.51;1.315;0.1619E+03;49.991;300;20;0.3109E+03;0.2654E+03;0.521;1.80;00:49:21.200
236.15;3.049;0.4132E+03;49.991;300;20;0.7201E+03;0.5898E+03;0.574;1.95;00:49:21.300
236.21;2.697;0.3660E+03;49.991;300;20;0.6371E+03;0.5215E+03;0.574;1.93;00:49:21.400
236.28;2.481;0.3332E+03;49.990;300;20;0.5862E+03;0.4823E+03;0.568;1.93;00:49:21.500
236.28;2.449;0.3292E+03;49.990;300;20;0.5786E+03;0.4759E+03;0.569;1.92;00:49:21.600
236.29;2.441;0.3271E+03;49.989;300;20;0.5768E+03;0.4751E+03;0.567;1.90;00:49:21.700
236.45;1.675;0.2141E+03;49.989;300;20;0.3961E+03;0.3332E+03;0.541;1.85;00:49:21.800
236.59;0.836;0.1079E+03;49.988;300;20;0.1977E+03;0.1656E+03;0.546;1.78;00:49:21.900
236.55;0.753;0.0979E+03;49.989;300;20;0.1781E+03;0.1487E+03;0.550;1.79;00:49:22.000
236.60;0.751;0.0977E+03;49.988;300;20;0.1776E+03;0.1484E+03;0.550;1.78;00:49:22.100
236.62;0.745;0.0972E+03;49.989;300;20;0.1762E+03;0.1470E+03;0.551;1.80;00:49:22.200
236.66;0.726;0.0949E+03;49.989;300;20;0.1718E+03;0.1433E+03;0.552;1.80;00:49:22.300
236.60;0.736;0.0960E+03;49.990;300;20;0.1742E+03;0.1454E+03;0.551;1.80;00:49:22.400
236.59;0.729;0.0950E+03;49.989;300;20;0.1726E+03;0.1441E+03;0.550;1.81;00:49:22.500
236.62;0.737;0.0961E+03;49.989;300;20;0.1745E+03;0.1456E+03;0.551;1.80;00:49:22.600
236.63;0.728;0.0951E+03;49.988;300;20;0.1722E+03;0.1435E+03;0.553;1.81;00:49:22.700
236.62;0.737;0.0961E+03;49.989;300;20;0.1744E+03;0.1455E+03;0.551;1.83;00:49:22.800
236.63;0.725;0.0948E+03;49.990;300;20;0.1716E+03;0.1431E+03;0.552;1.83;00:49:22.900
236.66;0.737;0.0961E+03;49.989;300;20;0.1744E+03;0.1455E+03;0.551;1.84;00:49:23.000
236.60;0.762;0.0988E+03;49.989;300;20;0.1802E+03;0.1507E+03;0.548;1.81;00:49:23.100
236.23;2.788;0.3762E+03;49.989;300;20;0.6586E+03;0.5406E+03;0.571;1.93;00:49:23.200
236.22;2.835;0.3862E+03;49.987;300;20;0.6698E+03;0.5472E+03;0.577;1.97;00:49:23.300
236.30;2.435;0.3272E+03;49.987;300;20;0.5753E+03;0.4732E+03;0.569;1.94;00:49:23.400
236.32;2.418;0.3250E+03;49.987;300;20;0.5715E+03;0.4700E+03;0.569;1.94;00:49:23.500
236.32;2.415;0.3242E+03;49.988;300;20;0.5706E+03;0.4696E+03;0.568;1.91;00:49:23.600
236.35;2.263;0.3007E+03;49.988;300;20;0.5349E+03;0.4423E+03;0.562;1.94;00:49:23.700
236.64;0.742;0.0937E+03;49.987;300;20;0.1755E+03;0.1483E+03;0.534;1.82;00:49:23.800
236.66;0.583;0.0759E+03;49.987;300;20;0.1380E+03;0.1153E+03;0.550;1.81;00:49:23.900
236.11;3.212;0.4409E+03;49.987;300;20;0.7584E+03;0.6170E+03;0.581;1.94;00:49:24.000
236.31;2.656;0.3600E+03;49.988;300;20;0.6276E+03;0.5141E+03;0.574;1.96;00:49:24.100
236.41;2.470;0.3337E+03;49.988;300;20;0.5839E+03;0.4791E+03;0.572;1.95;00:49:24.200
236.39;2.458;0.3313E+03;49.989;300;20;0.5810E+03;0.4773E+03;0.570;1.94;00:49:24.300
236.37;2.417;0.3256E+03;49.989;300;20;0.5713E+03;0.4694E+03;0.570;1.94;00:49:24.400
236.50;1.806;0.2293E+03;49.989;300;20;0.4270E+03;0.3602E+03;0.537;1.91;00:49:24.500
236.68;0.744;0.0972E+03;49.988;300;20;0.1761E+03;0.1469E+03;0.552;1.85;00:49:24.600
236.70;0.662;0.0865E+03;49.988;300;20;0.1567E+03;0.1307E+03;0.552;1.85;00:49:24.700
236.69;0.739;0.0967E+03;49.988;300;20;0.1750E+03;0.1458E+03;0.553;1.84;00:49:24.800
236.72;0.734;0.0960E+03;49.988;300;20;0.1738E+03;0.1449E+03;0.552;1.83;00:49:24.900
236.70;0.736;0.0962E+03;49.988;300;20;0.1743E+03;0.1454E+03;0.552;1.83;00:49:25.000
236.70;0.725;0.0948E+03;49.988;300;20;0.1716E+03;0.1430E+03;0.553;1.83;00:49:25.100
236.66;0.730;0.0953E+03;49.987;300;20;0.1728E+03;0.1441E+03;0.551;1.84;00:49:25.200
236.71;0.728;0.0952E+03;49.987;300;20;0.1724E+03;0.1437E+03;0.552;1.83;00:49:25.300
236.72;0.748;0.0976E+03;49.987;300;20;0.1771E+03;0.1478E+03;0.551;1.83;00:49:25.400
236.74;0.728;0.0951E+03;49.986;300;20;0.1724E+03;0.1438E+03;0.551;1.82;00:49:25.500
236.73;0.739;0.0964E+03;49.985;300;20;0.1748E+03;0.1458E+03;0.552;1.82;00:49:25.600
236.75;0.722;0.0946E+03;49.986;300;20;0.1710E+03;0.1425E+03;0.553;1.82;00:49:25.700
236.68;0.892;0.1137E+03;49.985;300;20;0.2111E+03;0.1778E+03;0.539;1.83;00:49:25.800
236.47;2.170;0.2816E+03;49.985;300;20;0.5131E+03;0.4289E+03;0.549;1.95;00:49:25.900
236.33;2.479;0.3341E+03;49.985;300;20;0.5859E+03;0.4814E+03;0.570;1.95;00:49:26.000
236.43;2.399;0.3227E+03;49.985;300;20;0.5673E+03;0.4666E+03;0.569;1.94;00:49:26.100
236.47;2.385;0.3202E+03;49.986;300;20;0.5640E+03;0.4643E+03;0.568;1.94;00:49:26.200
236.44;2.347;0.3142E+03;49.986;300;20;0.5550E+03;0.4574E+03;0.566;1.93;00:49:26.300
236.59;1.730;0.2103E+03;49.986;300;20;0.4093E+03;0.3512E+03;0.514;1.93;00:49:26.400
236.77;0.588;0.0765E+03;49.986;300;20;0.1391E+03;0.1162E+03;0.550;1.83;00:49:26.500
236.75;0.640;0.0817E+03;49.987;300;20;0.1514E+03;0.1275E+03;0.540;1.82;00:49:26.600
236.32;2.849;0.3743E+03;49.986;300;20;0.6732E+03;0.5596E+03;0.556;2.03;00:49:26.700
236.44;2.430;0.3272E+03;49.987;300;20;0.5746E+03;0.4724E+03;0.569;1.94;00:49:26.800
236.42;2.441;0.3278E+03;49.987;300;20;0.5770E+03;0.4749E+03;0.568;1.94;00:49:26.900
236.41;2.437;0.3279E+03;49.986;300;20;0.5761E+03;0.4737E+03;0.569;1.93;00:49:27.000
236.44;2.412;0.3235E+03;49.987;300;20;0.5702E+03;0.4696E+03;0.567;1.91;00:49:27.100
236.69;0.959;0.1195E+03;49.986;300;20;0.2270E+03;0.1930E+03;0.526;1.84;00:49:27.200
236.75;0.599;0.0778E+03;49.987;300;20;0.1419E+03;0.1186E+03;0.548;1.78;00:49:27.300
236.74;0.734;0.0952E+03;49.987;300;20;0.1738E+03;0.1454E+03;0.548;1.78;00:49:27.400
236.75;0.739;0.0963E+03;49.987;300;20;0.1750E+03;0.1462E+03;0.550;1.81;00:49:27.500
236.77;0.732;0.0955E+03;49.988;300;20;0.1732E+03;0.1446E+03;0.551;1.80;00:49:27.600
236.77;0.735;0.0957E+03;49.989;300;20;0.1740E+03;0.1453E+03;0.550;1.79;00:49:27.700
236.76;0.737;0.0961E+03;49.988;300;20;0.1744E+03;0.1455E+03;0.551;1.80;00:49:27.800
236.76;0.721;0.0942E+03;49.988;300;20;0.1708E+03;0.1424E+03;0.552;1.79;00:49:27.900
236.71;0.746;0.0972E+03;49.989;300;20;0.1766E+03;0.1474E+03;0.551;1.80;00:49:28.000
236.73;0.717;0.0935E+03;49.988;300;20;0.1698E+03;0.1418E+03;0.550;1.78;00:49:28.100
236.76;0.753;0.0980E+03;49.989;300;20;0.1783E+03;0.1490E+03;0.549;1.79;00:49:28.200
236.79;0.742;0.0965E+03;49.989;300;20;0.1756E+03;0.1467E+03;0.549;1.79;00:49:28.300
236.77;0.796;0.1028E+03;49.988;300;20;0.1884E+03;0.1579E+03;0.546;1.80;00:49:28.400
236.57;1.989;0.2527E+03;49.988;300;20;0.4705E+03;0.3969E+03;0.537;1.86;00:49:28.500
236.27;3.199;0.4394E+03;49.988;300;20;0.7558E+03;0.6149E+03;0.581;1.97;00:49:28.600
236.44;2.474;0.3327E+03;49.987;300;20;0.5850E+03;0.4811E+03;0.569;1.90;00:49:28.700
236.38;2.386;0.3188E+03;49.988;300;20;0.5641E+03;0.4653E+03;0.565;1.90;00:49:28.800
236.38;2.396;0.3209E+03;49.989;300;20;0.5664E+03;0.4667E+03;0.567;1.93;00:49:28.900
236.44;2.387;0.3198E+03;49.988;300;20;0.5644E+03;0.4651E+03;0.567;1.92;00:49:29.000
236.50;2.023;0.2568E+03;49.988;300;20;0.4783E+03;0.4036E+03;0.537;1.83;00:49:29.100
236.74;0.593;0.0771E+03;49.989;20;20;0.1403E+03;0.1172E+03;0.550;1.80;00:49:29.200
236.35;2.941;0.3810E+03;49.988;300;20;0.6951E+03;0.5814E+03;0.548;1.94;00:49:29.300
236.31;2.835;0.3860E+03;49.989;300;20;0.6700E+03;0.5476E+03;0.576;1.96;00:49:29.400
236.38;2.484;0.3338E+03;49.990;300;20;0.5871E+03;0.4830E+03;0.569;1.94;00:49:29.500
236.33;2.458;0.3306E+03;49.990;300;20;0.5810E+03;0.4778E+03;0.569;1.92;00:49:29.600
236.34;2.464;0.3308E+03;49.989;300;20;0.5823E+03;0.4792E+03;0.568;1.92;00:49:29.700
236.32;2.392;0.3209E+03;49.989;300;20;0.5653E+03;0.4654E+03;0.568;1.93;00:49:29.800
236.61;1.064;0.1285E+03;49.991;300;20;0.2518E+03;0.2166E+03;0.510;1.81;00:49:29.900
236.62;0.673;0.0873E+03;49.991;300;20;0.1592E+03;0.1331E+03;0.548;1.80;00:49:30.000
236.63;0.754;0.0979E+03;49.992;300;20;0.1783E+03;0.1491E+03;0.549;1.78;00:49:30.100
236.67;0.746;0.0971E+03;49.991;300;20;0.1766E+03;0.1475E+03;0.550;1.79;00:49:30.200
236.63;0.723;0.0941E+03;49.991;300;20;0.1710E+03;0.1428E+03;0.550;1.79;00:49:30.300
236.63;0.734;0.0957E+03;49.991;300;20;0.1738E+03;0.1451E+03;0.551;1.82;00:49:30.400
236.67;0.724;0.0942E+03;49.990;300;20;0.1713E+03;0.1430E+03;0.550;1.81;00:49:30.500
236.64;0.738;0.0962E+03;49.990;300;20;0.1746E+03;0.1457E+03;0.551;1.81;00:49:30.600
236.69;0.738;0.0964E+03;49.991;300;20;0.1747E+03;0.1456E+03;0.552;1.82;00:49:30.700
236.64;0.738;0.0961E+03;49.990;300;20;0.1747E+03;0.1459E+03;0.550;1.82;00:49:30.800
236.67;0.725;0.0946E+03;49.989;300;20;0.1716E+03;0.1432E+03;0.551;1.83;00:49:30.900
236.68;0.739;0.0962E+03;49.990;300;20;0.1748E+03;0.1460E+03;0.550;1.82;00:49:31.000
236.64;0.850;0.1085E+03;49.988;300;20;0.2012E+03;0.1694E+03;0.539;1.84;00:49:31.100
236.15;3.103;0.4234E+03;49.990;300;20;0.7328E+03;0.5981E+03;0.578;2.03;00:49:31.200
236.32;2.429;0.3271E+03;49.990;300;20;0.5741E+03;0.4718E+03;0.570;1.95;00:49:31.300
236.34;2.389;0.3206E+03;49.991;300;20;0.5647E+03;0.4649E+03;0.568;1.96;00:49:31.400
236.35;2.394;0.3209E+03;49.992;300;20;0.5657E+03;0.4659E+03;0.567;1.93;00:49:31.500
236.37;2.344;0.3139E+03;49.992;300;20;0.5539E+03;0.4564E+03;0.567;1.92;00:49:31.600
236.50;1.784;0.2183E+03;49.993;300;20;0.4218E+03;0.3609E+03;0.518;1.90;00:49:31.700
236.70;0.586;0.0763E+03;49.994;300;20;0.1388E+03;0.1159E+03;0.550;1.80;00:49:31.800
236.73;0.884;0.1020E+03;49.994;300;20;0.2092E+03;0.1827E+03;0.487;1.87;00:49:31.900
236.33;2.551;0.3450E+03;49.995;300;20;0.6030E+03;0.4946E+03;0.572;1.95;00:49:32.000
236.36;2.450;0.3296E+03;49.996;300;20;0.5790E+03;0.4760E+03;0.569;1.95;00:49:32.100
236.38;2.447;0.3300E+03;49.995;300;20;0.5785E+03;0.4752E+03;0.570;1.92;00:49:32.200
236.36;2.442;0.3283E+03;49.996;300;20;0.5772E+03;0.4747E+03;0.569;1.93;00:49:32.300
236.46;2.240;0.2970E+03;49.996;300;20;0.5296E+03;0.4385E+03;0.561;1.94;00:49:32.400
236.76;0.733;0.0929E+03;49.997;300;20;0.1737E+03;0.1467E+03;0.535;1.80;00:49:32.500
236.77;0.585;0.0760E+03;49.997;300;20;0.1385E+03;0.1158E+03;0.549;1.81;00:49:32.600
236.77;0.650;0.0842E+03;49.997;300;20;0.1538E+03;0.1288E+03;0.547;1.81;00:49:32.700
236.73;0.732;0.0955E+03;49.998;300;20;0.1733E+03;0.1446E+03;0.551;1.82;00:49:32.800
236.76;0.732;0.0952E+03;49.998;300;20;0.1733E+03;0.1448E+03;0.550;1.80;00:49:32.900
236.75;0.746;0.0971E+03;49.998;300;20;0.1766E+03;0.1475E+03;0.550;1.82;00:49:33.000
236.75;0.719;0.0937E+03;49.997;300;20;0.1703E+03;0.1421E+03;0.551;1.82;00:49:33.100
236.70;0.739;0.0964E+03;49.997;300;20;0.1749E+03;0.1460E+03;0.551;1.82;00:49:33.200
236.74;0.721;0.0942E+03;49.997;300;20;0.1707E+03;0.1423E+03;0.552;1.82;00:49:33.300
236.73;0.739;0.0962E+03;49.997;300;20;0.1750E+03;0.1462E+03;0.550;1.80;00:49:33.400
236.71;0.724;0.0946E+03;49.996;300;20;0.1715E+03;0.1430E+03;0.552;1.83;00:49:33.500
236.70;0.736;0.0960E+03;49.996;300;20;0.1742E+03;0.1453E+03;0.551;1.82;00:49:33.600
236.69;0.726;0.0949E+03;49.996;300;20;0.1718E+03;0.1432E+03;0.552;1.84;00:49:33.700
236.65;0.776;0.1011E+03;49.997;300;20;0.1836E+03;0.1532E+03;0.551;1.84;00:49:33.800
236.67;0.848;0.1103E+03;49.997;300;20;0.2007E+03;0.1676E+03;0.550;1.85;00:49:33.900
236.63;1.028;0.1331E+03;49.997;300;20;0.2433E+03;0.2037E+03;0.547;1.89;00:49:34.000
236.61;1.122;0.1452E+03;49.996;300;20;0.2655E+03;0.2223E+03;0.547;1.86;00:49:34.100
236.65;1.230;0.1597E+03;49.997;300;20;0.2910E+03;0.2433E+03;0.549;1.90;00:49:34.200
236.62;1.350;0.1755E+03;49.996;300;20;0.3194E+03;0.2669E+03;0.550;1.89;00:49:34.300
236.57;1.606;0.2095E+03;49.995;300;20;0.3799E+03;0.3169E+03;0.551;1.90;00:49:34.400
236.54;1.741;0.2283E+03;49.996;300;20;0.4118E+03;0.3427E+03;0.554;1.92;00:49:34.500
236.51;1.818;0.2391E+03;49.996;300;20;0.4301E+03;0.3575E+03;0.556;1.93;00:49:34.600
236.47;1.856;0.2444E+03;49.995;300;20;0.4388E+03;0.3644E+03;0.557;1.94;00:49:34.700
236.51;1.605;0.2097E+03;49.994;300;20;0.3796E+03;0.3164E+03;0.552;1.91;00:49:34.800
236.52;1.395;0.1813E+03;49.993;300;20;0.3298E+03;0.2755E+03;0.550;1.91;00:49:34.900
236.57;1.238;0.1607E+03;49.993;300;20;0.2929E+03;0.2449E+03;0.549;1.89;00:49:35.000
236.59;1.100;0.1424E+03;49.994;300;20;0.2602E+03;0.2177E+03;0.547;1.88;00:49:35.100
236.57;0.867;0.1128E+03;49.994;300;20;0.2051E+03;0.1713E+03;0.550;1.88;00:49:35.200
236.62;0.809;0.1052E+03;49.994;300;20;0.1913E+03;0.1598E+03;0.550;1.85;00:49:35.300
236.62;0.776;0.1012E+03;49.995;300;20;0.1837E+03;0.1533E+03;0.551;1.86;00:49:35.400
236.68;0.753;0.0983E+03;49.994;300;20;0.1781E+03;0.1485E+03;0.552;1.86;00:49:35.500
236.61;0.990;0.1281E+03;49.995;300;20;0.2343E+03;0.1962E+03;0.547;1.87;00:49:35.600
236.60;1.156;0.1496E+03;49.995;300;20;0.2735E+03;0.2289E+03;0.547;1.89;00:49:35.700
236.55;1.374;0.1779E+03;49.996;300;20;0.3251E+03;0.2721E+03;0.547;1.90;00:49:35.800
236.51;1.570;0.2043E+03;49.997;300;20;0.3714E+03;0.3102E+03;0.550;1.93;00:49:35.900
236.39;1.951;0.2567E+03;49.996;300;20;0.4611E+03;0.3830E+03;0.557;1.94;00:49:36.000
236.36;1.893;0.2490E+03;49.996;300;20;0.4475E+03;0.3718E+03;0.557;1.93;00:49:36.100
236.53;1.795;0.2348E+03;49.996;300;20;0.4245E+03;0.3536E+03;0.553;1.91;00:49:36.200
236.53;1.642;0.2142E+03;49.996;300;20;0.3883E+03;0.3239E+03;0.552;1.88;00:49:36.300
236.43;1.399;0.1806E+03;49.994;300;20;0.3307E+03;0.2770E+03;0.546;1.89;00:49:36.400
236.47;1.283;0.1660E+03;49.994;300;20;0.3034E+03;0.2540E+03;0.547;1.89;00:49:36.500
236.45;1.191;0.1535E+03;49.993;300;20;0.2817E+03;0.2361E+03;0.545;1.88;00:49:36.600
236.50;1.113;0.1439E+03;49.992;300;20;0.2633E+03;0.2205E+03;0.547;1.86;00:49:36.700
236.50;0.954;0.1235E+03;49.990;300;20;0.2256E+03;0.1888E+03;0.548;1.88;00:49:36.800
236.56;0.888;0.1153E+03;49.988;300;20;0.2101E+03;0.1757E+03;0.549;1.85;00:49:36.900
236.57;0.820;0.1066E+03;49.988;300;20;0.1939E+03;0.1620E+03;0.550;1.85;00:49:37.000
236.54;0.832;0.1052E+03;49.986;300;20;0.1968E+03;0.1664E+03;0.534;1.82;00:49:37.100
236.48;0.765;0.0985E+03;49.986;300;20;0.1809E+03;0.1517E+03;0.544;1.81;00:49:37.200
236.53;0.766;0.0986E+03;49.984;300;20;0.1811E+03;0.1519E+03;0.545;1.80;00:49:37.300
236.55;0.745;0.0961E+03;49.983;300;20;0.1763E+03;0.1478E+03;0.545;1.81;00:49:37.400
236.55;0.754;0.0970E+03;49.983;300;20;0.1783E+03;0.1496E+03;0.544;1.83;00:49:37.500
236.53;0.734;0.0945E+03;49.981;300;20;0.1737E+03;0.1458E+03;0.544;1.80;00:49:37.600
236.56;0.757;0.0973E+03;49.982;300;20;0.1792E+03;0.1504E+03;0.543;1.81;00:49:37.700
236.54;0.744;0.0957E+03;49.981;300;20;0.1761E+03;0.1478E+03;0.544;1.83;00:49:37.800
236.55;0.746;0.0959E+03;49.981;300;20;0.1765E+03;0.1482E+03;0.543;1.82;00:49:37.900
236.53;0.746;0.0957E+03;49.979;300;20;0.1766E+03;0.1484E+03;0.542;1.82;00:49:38.000
236.56;0.749;0.0959E+03;49.980;300;20;0.1772E+03;0.1490E+03;0.541;1.81;00:49:38.100
236.56;0.757;0.0971E+03;49.978;300;20;0.1791E+03;0.1505E+03;0.542;1.80;00:49:38.200
236.56;0.764;0.0977E+03;49.978;300;20;0.1807E+03;0.1520E+03;0.541;1.82;00:49:38.300
236.51;1.102;0.1400E+03;49.978;300;20;0.2607E+03;0.2199E+03;0.537;1.85;00:49:38.400
236.48;1.338;0.1707E+03;49.976;300;20;0.3164E+03;0.2664E+03;0.540;1.84;00:49:38.500
236.44;1.641;0.2113E+03;49.977;300;20;0.3881E+03;0.3256E+03;0.544;1.86;00:49:38.600
236.36;1.931;0.2507E+03;49.975;300;20;0.4565E+03;0.3814E+03;0.549;1.91;00:49:38.700
236.25;2.515;0.3358E+03;49.974;300;20;0.5942E+03;0.4902E+03;0.565;1.92;00:49:38.800
236.19;2.613;0.3501E+03;49.973;300;20;0.6171E+03;0.5081E+03;0.567;1.96;00:49:38.900
236.23;2.419;0.3195E+03;49.974;300;20;0.5714E+03;0.4737E+03;0.559;1.92;00:49:39.000
236.34;1.760;0.2273E+03;49.973;300;20;0.4161E+03;0.3485E+03;0.546;1.85;00:49:39.100
236.44;1.069;0.1368E+03;49.973;300;20;0.2527E+03;0.2125E+03;0.541;1.83;00:49:39.200
236.54;0.883;0.1142E+03;49.972;300;20;0.2090E+03;0.1750E+03;0.546;1.84;00:49:39.300
236.55;0.799;0.1022E+03;49.971;300;20;0.1889E+03;0.1589E+03;0.541;1.80;00:49:39.400
236.58;0.775;0.0996E+03;49.971;300;20;0.1834E+03;0.1540E+03;0.543;1.80;00:49:39.500
236.44;1.274;0.1617E+03;49.971;300;20;0.3012E+03;0.2541E+03;0.537;1.84;00:49:39.600
236.35;1.769;0.2279E+03;49.970;300;20;0.4182E+03;0.3506E+03;0.545;1.89;00:49:39.700
236.24;2.298;0.3016E+03;49.969;300;20;0.5430E+03;0.4515E+03;0.555;1.95;00:49:39.800
236.13;2.806;0.3735E+03;49.969;300;20;0.6627E+03;0.5474E+03;0.564;1.98;00:49:39.900
236.22;2.276;0.2969E+03;49.968;300;20;0.5376E+03;0.4482E+03;0.552;1.93;00:49:40.000
236.30;1.866;0.2408E+03;49.969;300;20;0.4410E+03;0.3695E+03;0.546;1.90;00:49:40.100
236.38;1.611;0.2064E+03;49.968;300;20;0.3809E+03;0.3201E+03;0.542;1.88;00:49:40.200
236.44;1.392;0.1773E+03;49.968;300;20;0.3292E+03;0.2774E+03;0.539;1.86;00:49:40.300
236.49;1.026;0.1298E+03;49.968;300;20;0.2425E+03;0.2049E+03;0.535;1.81;00:49:40.400
236.54;0.906;0.1154E+03;49.968;300;20;0.2144E+03;0.1806E+03;0.539;1.83;00:49:40.500
236.56;0.842;0.1074E+03;49.969;300;20;0.1992E+03;0.1677E+03;0.539;1.81;00:49:40.600
236.53;0.821;0.1037E+03;49.969;300;20;0.1941E+03;0.1641E+03;0.534;1.79;00:49:40.700
236.53;0.778;0.0985E+03;49.970;300;20;0.1840E+03;0.1555E+03;0.535;1.81;00:49:40.800
236.52;0.770;0.0971E+03;49.970;300;20;0.1822E+03;0.1542E+03;0.533;1.79;00:49:40.900
236.48;0.789;0.0992E+03;49.970;300;20;0.1867E+03;0.1582E+03;0.531;1.77;00:49:41.000
236.48;0.775;0.0969E+03;49.969;300;20;0.1833E+03;0.1556E+03;0.529;1.75;00:49:41.100
236.47;0.799;0.0988E+03;49.971;300;20;0.1889E+03;0.1610E+03;0.523;1.73;00:49:41.200
236.45;0.785;0.0967E+03;49.971;300;20;0.1855E+03;0.1583E+03;0.521;1.71;00:49:41.300
236.43;0.804;0.0986E+03;49.971;300;20;0.1901E+03;0.1625E+03;0.519;1.70;00:49:41.400
236.43;0.808;0.0988E+03;49.970;300;20;0.1910E+03;0.1635E+03;0.517;1.69;00:49:41.500
236.43;0.819;0.0992E+03;49.970;300;20;0.1937E+03;0.1664E+03;0.512;1.68;00:49:41.600
236.44;0.813;0.0982E+03;49.970;300;20;0.1923E+03;0.1653E+03;0.511;1.68;00:49:41.700
236.37;0.835;0.1002E+03;49.970;300;20;0.1974E+03;0.1701E+03;0.508;1.65;00:49:41.800
236.34;1.067;0.1258E+03;49.970;300;20;0.2521E+03;0.2185E+03;0.499;1.66;00:49:41.900
236.14;1.976;0.2374E+03;49.971;300;20;0.4666E+03;0.4017E+03;0.509;1.66;00:49:42.000
236.03;2.503;0.3081E+03;49.972;300;20;0.5908E+03;0.5041E+03;0.521;1.66;00:49:42.100
235.96;3.019;0.3812E+03;49.972;300;20;0.7124E+03;0.6018E+03;0.535;1.69;00:49:42.200
235.87;3.320;0.4239E+03;49.972;300;20;0.7832E+03;0.6586E+03;0.541;1.69;00:49:42.300
236.08;2.596;0.3189E+03;49.973;300;20;0.6130E+03;0.5235E+03;0.520;1.67;00:49:42.400
236.44;1.411;0.1667E+03;49.974;300;20;0.3336E+03;0.2889E+03;0.500;1.66;00:49:42.500
236.53;1.023;0.1251E+03;49.975;300;20;0.2421E+03;0.2072E+03;0.517;1.72;00:49:42.600
236.56;0.823;0.1014E+03;49.975;300;20;0.1947E+03;0.1662E+03;0.521;1.72;00:49:42.700
236.52;0.925;0.1126E+03;49.975;300;20;0.2188E+03;0.1876E+03;0.515;1.73;00:49:42.800
236.40;1.572;0.1886E+03;49.975;300;20;0.3716E+03;0.3201E+03;0.508;1.73;00:49:42.900
236.22;2.483;0.3079E+03;49.973;300;20;0.5865E+03;0.4992E+03;0.525;1.76;00:49:43.000
235.99;3.407;0.4395E+03;49.974;300;20;0.8040E+03;0.6732E+03;0.547;1.79;00:49:43.100
236.19;2.900;0.3707E+03;49.975;300;20;0.6850E+03;0.5761E+03;0.541;1.77;00:49:43.200
236.32;2.215;0.2760E+03;49.976;300;20;0.5234E+03;0.4447E+03;0.527;1.76;00:49:43.300
236.43;1.720;0.2131E+03;49.977;300;20;0.4066E+03;0.3462E+03;0.524;1.78;00:49:43.400
236.49;1.374;0.1684E+03;49.977;300;20;0.3248E+03;0.2777E+03;0.519;1.73;00:49:43.500
236.56;0.946;0.1161E+03;49.978;300;20;0.2237E+03;0.1912E+03;0.519;1.73;00:49:43.600
236.58;0.827;0.1017E+03;49.979;300;20;0.1956E+03;0.1670E+03;0.520;1.72;00:49:43.700
236.58;0.825;0.1013E+03;49.980;300;20;0.1951E+03;0.1667E+03;0.519;1.71;00:49:43.800
236.61;0.803;0.0987E+03;49.980;300;20;0.1900E+03;0.1623E+03;0.520;1.70;00:49:43.900
236.55;0.798;0.0980E+03;49.981;300;20;0.1888E+03;0.1614E+03;0.519;1.71;00:49:44.000
236.55;0.775;0.0949E+03;49.982;300;20;0.1834E+03;0.1570E+03;0.518;1.71;00:49:44.100
236.57;0.801;0.0979E+03;49.982;300;20;0.1896E+03;0.1623E+03;0.517;1.68;00:49:44.200
236.56;0.786;0.0962E+03;49.981;300;20;0.1859E+03;0.1591E+03;0.517;1.70;00:49:44.300
236.54;0.782;0.0952E+03;49.980;300;20;0.1849E+03;0.1586E+03;0.515;1.70;00:49:44.400
236.56;0.794;0.0968E+03;49.981;300;20;0.1878E+03;0.1610E+03;0.515;1.68;00:49:44.500
236.59;0.810;0.0985E+03;49.981;300;20;0.1917E+03;0.1645E+03;0.514;1.69;00:49:44.600
236.53;0.803;0.0971E+03;49.980;300;20;0.1899E+03;0.1632E+03;0.511;1.68;00:49:44.700
236.49;0.824;0.0990E+03;49.980;300;20;0.1948E+03;0.1677E+03;0.508;1.68;00:49:44.800
236.46;0.969;0.1143E+03;49.981;300;20;0.2290E+03;0.1984E+03;0.499;1.68;00:49:44.900
236.36;1.523;0.1793E+03;49.982;300;20;0.3599E+03;0.3121E+03;0.498;1.71;00:49:45.000
236.21;2.235;0.2714E+03;49.981;300;20;0.5279E+03;0.4528E+03;0.514;1.71;00:49:45.100
235.90;3.472;0.4475E+03;49.981;300;20;0.8191E+03;0.6860E+03;0.546;1.73;00:49:45.200
235.98;3.076;0.3892E+03;49.982;300;20;0.7258E+03;0.6126E+03;0.536;1.69;00:49:45.300
235.97;2.926;0.3677E+03;49.983;300;20;0.6905E+03;0.5845E+03;0.532;1.67;00:49:45.400
235.99;2.673;0.3293E+03;49.982;300;20;0.6309E+03;0.5381E+03;0.522;1.62;00:49:45.500
236.29;0.826;0.0979E+03;49.982;300;20;0.1952E+03;0.1689E+03;0.501;1.61;00:49:45.600
236.32;0.795;0.0942E+03;49.982;300;20;0.1878E+03;0.1625E+03;0.502;1.63;00:49:45.700
236.31;0.965;0.1117E+03;49.982;300;20;0.2280E+03;0.1988E+03;0.490;1.61;00:49:45.800
236.14;1.977;0.2302E+03;49.983;300;20;0.4668E+03;0.4061E+03;0.493;1.63;00:49:45.900
235.81;3.514;0.4488E+03;49.985;300;20;0.8287E+03;0.6966E+03;0.542;1.69;00:49:46.000
235.88;3.026;0.3788E+03;49.985;300;20;0.7139E+03;0.6051E+03;0.531;1.63;00:49:46.100
235.92;2.976;0.3715E+03;49.985;300;20;0.7022E+03;0.5959E+03;0.529;1.64;00:49:46.200
236.03;2.315;0.2789E+03;49.985;300;20;0.5464E+03;0.4699E+03;0.510;1.62;00:49:46.300
236.28;1.158;0.1350E+03;49.985;300;20;0.2735E+03;0.2379E+03;0.493;1.58;00:49:46.400
236.31;0.946;0.1105E+03;49.985;300;20;0.2235E+03;0.1942E+03;0.494;1.59;00:49:46.500
236.32;0.857;0.1009E+03;49.987;300;20;0.2025E+03;0.1756E+03;0.498;1.59;00:49:46.600
236.28;0.834;0.0984E+03;49.987;300;20;0.1971E+03;0.1708E+03;0.499;1.58;00:49:46.700
236.28;0.816;0.0967E+03;49.988;300;20;0.1929E+03;0.1668E+03;0.502;1.59;00:49:46.800
236.32;0.795;0.0944E+03;49.988;300;20;0.1880E+03;0.1625E+03;0.502;1.60;00:49:46.900
236.33;0.798;0.0944E+03;49.988;300;20;0.1885E+03;0.1632E+03;0.501;1.61;00:49:47.000
236.35;0.798;0.0948E+03;49.990;300;20;0.1886E+03;0.1630E+03;0.503;1.60;00:49:47.100
236.41;0.823;0.0977E+03;49.991;300;20;0.1947E+03;0.1684E+03;0.502;1.62;00:49:47.200
236.42;0.795;0.0946E+03;49.991;300;20;0.1880E+03;0.1624E+03;0.503;1.63;00:49:47.300
236.42;0.803;0.0955E+03;49.991;300;20;0.1899E+03;0.1641E+03;0.503;1.64;00:49:47.400
236.45;0.811;0.0963E+03;49.993;300;20;0.1917E+03;0.1658E+03;0.502;1.65;00:49:47.500
236.44;0.803;0.0956E+03;49.993;300;20;0.1899E+03;0.1641E+03;0.503;1.64;00:49:47.600
236.45;0.835;0.0991E+03;49.993;300;20;0.1974E+03;0.1707E+03;0.502;1.65;00:49:47.700
236.39;1.307;0.1511E+03;49.993;300;20;0.3090E+03;0.2696E+03;0.489;1.67;00:49:47.800
236.26;2.255;0.2732E+03;49.994;300;20;0.5327E+03;0.4573E+03;0.513;1.73;00:49:47.900
235.96;3.436;0.4431E+03;49.995;300;20;0.8106E+03;0.6788E+03;0.547;1.77;00:49:48.000
236.09;2.939;0.3720E+03;49.994;300;20;0.6940E+03;0.5858E+03;0.536;1.73;00:49:48.100
236.16;2.846;0.3588E+03;49.995;300;20;0.6720E+03;0.5682E+03;0.534;1.74;00:49:48.200
236.14;2.845;0.3580E+03;49.995;300;20;0.6719E+03;0.5685E+03;0.533;1.74;00:49:48.300
236.55;0.677;0.0820E+03;49.995;300;20;0.1602E+03;0.1376E+03;0.512;1.67;00:49:48.400
236.54;0.713;0.0855E+03;49.995;300;20;0.1686E+03;0.1453E+03;0.507;1.65;00:49:48.500
236.46;1.153;0.1317E+03;49.995;300;20;0.2727E+03;0.2387E+03;0.483;1.68;00:49:48.600
236.22;2.723;0.3362E+03;49.996;300;20;0.6433E+03;0.5484E+03;0.523;1.80;00:49:48.700
236.14;3.076;0.3934E+03;49.997;300;20;0.7263E+03;0.6105E+03;0.542;1.79;00:49:48.800
236.16;2.950;0.3748E+03;49.995;300;20;0.6966E+03;0.5872E+03;0.538;1.77;00:49:48.900
236.05;2.950;0.3731E+03;49.994;300;20;0.6963E+03;0.5879E+03;0.536;1.74;00:49:49.000
236.14;2.166;0.2602E+03;49.994;300;20;0.5114E+03;0.4403E+03;0.509;1.65;00:49:49.100
236.37;0.920;0.1087E+03;49.994;300;20;0.2175E+03;0.1884E+03;0.500;1.61;00:49:49.200
236.35;0.819;0.0970E+03;49.994;300;20;0.1935E+03;0.1674E+03;0.502;1.61;00:49:49.300
236.37;0.856;0.1013E+03;49.993;300;20;0.2023E+03;0.1752E+03;0.500;1.60;00:49:49.400
236.38;0.836;0.0989E+03;49.993;300;20;0.1976E+03;0.1711E+03;0.500;1.60;00:49:49.500
236.36;0.828;0.0979E+03;49.993;300;20;0.1956E+03;0.1694E+03;0.500;1.60;00:49:49.600
236.37;0.815;0.0966E+03;49.993;300;20;0.1927E+03;0.1668E+03;0.501;1.60;00:49:49.700
236.34;0.792;0.0935E+03;49.993;300;20;0.1872E+03;0.1622E+03;0.499;1.59;00:49:49.800
236.32;0.828;0.0978E+03;49.993;300;20;0.1956E+03;0.1694E+03;0.500;1.58;00:49:49.900
236.31;0.801;0.0948E+03;49.994;300;20;0.1893E+03;0.1638E+03;0.501;1.59;00:49:50.000
236.33;0.814;0.0964E+03;49.993;300;20;0.1923E+03;0.1664E+03;0.501;1.61;00:49:50.100
236.37;0.826;0.0978E+03;49.992;300;20;0.1953E+03;0.1690E+03;0.501;1.60;00:49:50.200
236.32;0.838;0.0989E+03;49.992;300;20;0.1980E+03;0.1716E+03;0.499;1.59;00:49:50.300
236.35;0.827;0.0973E+03;49.992;300;20;0.1953E+03;0.1694E+03;0.498;1.60;00:49:50.400
236.26;1.525;0.1748E+03;49.991;300;20;0.3603E+03;0.3150E+03;0.485;1.62;00:49:50.500
236.06;2.745;0.3383E+03;49.992;300;20;0.6479E+03;0.5526E+03;0.522;1.69;00:49:50.600
235.85;3.673;0.4768E+03;49.992;300;20;0.8662E+03;0.7232E+03;0.550;1.77;00:49:50.700
236.07;2.854;0.3592E+03;49.991;300;20;0.6737E+03;0.5700E+03;0.533;1.73;00:49:50.800
236.07;2.817;0.3532E+03;49.989;300;20;0.6650E+03;0.5635E+03;0.531;1.74;00:49:50.900
236.09;2.741;0.3425E+03;49.989;300;20;0.6472E+03;0.5492E+03;0.529;1.75;00:49:51.000
236.37;1.116;0.1235E+03;49.989;300;20;0.2639E+03;0.2332E+03;0.468;1.65;00:49:51.100
236.40;0.699;0.0828E+03;49.989;300;20;0.1654E+03;0.1431E+03;0.501;1.63;00:49:51.200
236.11;2.325;0.2718E+03;49.987;300;20;0.5490E+03;0.4770E+03;0.495;1.69;00:49:51.300
235.73;3.929;0.5139E+03;49.988;300;20;0.9262E+03;0.7706E+03;0.555;1.76;00:49:51.400
235.91;3.090;0.3899E+03;49.989;300;20;0.7290E+03;0.6159E+03;0.535;1.71;00:49:51.500
235.94;2.942;0.3680E+03;49.988;300;20;0.6940E+03;0.5884E+03;0.530;1.69;00:49:51.600
236.03;2.749;0.3407E+03;49.988;300;20;0.6489E+03;0.5522E+03;0.525;1.71;00:49:51.700
236.30;1.389;0.1605E+03;49.988;300;20;0.3283E+03;0.2864E+03;0.489;1.65;00:49:51.800
236.40;0.816;0.0967E+03;49.989;300;20;0.1930E+03;0.1670E+03;0.501;1.66;00:49:51.900
236.28;0.868;0.1027E+03;49.989;300;20;0.2051E+03;0.1776E+03;0.501;1.63;00:49:52.000
236.32;0.826;0.0979E+03;49.988;300;20;0.1953E+03;0.1690E+03;0.501;1.63;00:49:52.100
236.39;0.832;0.0987E+03;49.989;300;20;0.1967E+03;0.1702E+03;0.502;1.63;00:49:52.200
236.41;0.798;0.0946E+03;49.991;300;20;0.1886E+03;0.1632E+03;0.501;1.63;00:49:52.300
236.39;0.834;0.0991E+03;49.990;300;20;0.1972E+03;0.1705E+03;0.502;1.60;00:49:52.400
236.41;0.815;0.0969E+03;49.987;300;20;0.1926E+03;0.1664E+03;0.503;1.62;00:49:52.500
236.40;0.812;0.0963E+03;49.987;300;20;0.1919E+03;0.1659E+03;0.502;1.62;00:49:52.600
236.37;0.788;0.0936E+03;49.986;300;20;0.1863E+03;0.1610E+03;0.503;1.62;00:49:52.700
236.35;0.815;0.0967E+03;49.986;300;20;0.1927E+03;0.1667E+03;0.502;1.60;00:49:52.800
236.31;0.795;0.0940E+03;49.986;300;20;0.1879E+03;0.1627E+03;0.500;1.62;00:49:52.900
236.37;0.807;0.0958E+03;49.986;300;20;0.1908E+03;0.1650E+03;0.502;1.64;00:49:53.000
236.32;0.883;0.1034E+03;49.985;300;20;0.2088E+03;0.1814E+03;0.495;1.64;00:49:53.100
235.86;3.522;0.4509E+03;49.985;300;20;0.8307E+03;0.6977E+03;0.543;1.71;00:49:53.200
235.85;3.380;0.4307E+03;49.984;300;20;0.7971E+03;0.6708E+03;0.540;1.74;00:49:53.300
235.95;2.875;0.3593E+03;49.983;300;20;0.6783E+03;0.5753E+03;0.530;1.71;00:49:53.400
235.99;2.871;0.3594E+03;49.984;300;20;0.6775E+03;0.5744E+03;0.530;1.72;00:49:53.500
236.07;2.451;0.2964E+03;49.984;300;20;0.5787E+03;0.4970E+03;0.512;1.72;00:49:53.600
236.39;0.705;0.0846E+03;49.984;300;20;0.1667E+03;0.1436E+03;0.508;1.63;00:49:53.700
236.33;0.633;0.0767E+03;49.983;300;20;0.1496E+03;0.1285E+03;0.512;1.65;00:49:53.800
236.25;1.364;0.1431E+03;49.983;300;20;0.3221E+03;0.2886E+03;0.444;1.69;00:49:53.900
235.88;3.235;0.4134E+03;49.982;300;20;0.7629E+03;0.6413E+03;0.542;1.77;00:49:54.000
235.94;2.958;0.3729E+03;49.983;300;20;0.6978E+03;0.5898E+03;0.534;1.75;00:49:54.100
235.99;2.951;0.3726E+03;49.982;300;20;0.6963E+03;0.5883E+03;0.535;1.75;00:49:54.200
235.99;2.929;0.3702E+03;49.983;300;20;0.6913E+03;0.5838E+03;0.536;1.74;00:49:54.300
236.41;0.817;0.0974E+03;49.983;300;20;0.1931E+03;0.1668E+03;0.504;1.64;00:49:54.400
236.40;0.669;0.0805E+03;49.984;300;20;0.1581E+03;0.1360E+03;0.509;1.63;00:49:54.500
236.34;0.830;0.0984E+03;49.984;300;20;0.1961E+03;0.1696E+03;0.502;1.62;00:49:54.600
236.34;0.825;0.0980E+03;49.984;300;20;0.1950E+03;0.1686E+03;0.503;1.63;00:49:54.700
236.34;0.832;0.0989E+03;49.984;300;20;0.1968E+03;0.1701E+03;0.503;1.64;00:49:54.800
236.32;0.802;0.0952E+03;49.984;300;20;0.1895E+03;0.1639E+03;0.502;1.63;00:49:54.900
236.30;0.802;0.0951E+03;49.984;300;20;0.1895E+03;0.1640E+03;0.502;1.63;00:49:55.000
236.28;0.811;0.0962E+03;49.984;300;20;0.1917E+03;0.1658E+03;0.502;1.63;00:49:55.100
236.34;0.813;0.0964E+03;49.985;300;20;0.1921E+03;0.1662E+03;0.502;1.65;00:49:55.200
236.34;0.801;0.0955E+03;49.984;300;20;0.1894E+03;0.1636E+03;0.504;1.64;00:49:55.300
236.35;0.810;0.0964E+03;49.985;300;20;0.1913E+03;0.1653E+03;0.504;1.66;00:49:55.400
236.33;0.826;0.0981E+03;49.984;300;20;0.1953E+03;0.1689E+03;0.502;1.65;00:49:55.500
236.33;0.854;0.1007E+03;49.983;300;20;0.2019E+03;0.1750E+03;0.499;1.64;00:49:55.600
236.12;1.991;0.2311E+03;49.984;300;20;0.4700E+03;0.4093E+03;0.492;1.67;00:49:55.700
235.79;3.708;0.4814E+03;49.983;300;20;0.8743E+03;0.7298E+03;0.551;1.78;00:49:55.800
235.90;3.251;0.4143E+03;49.983;300;20;0.7669E+03;0.6453E+03;0.540;1.74;00:49:55.900
235.94;2.821;0.3535E+03;49.983;300;20;0.6656E+03;0.5640E+03;0.531;1.72;00:49:56.000
236.00;2.774;0.3473E+03;49.983;300;20;0.6546E+03;0.5549E+03;0.530;1.74;00:49:56.100
236.12;2.523;0.3099E+03;49.983;300;20;0.5958E+03;0.5088E+03;0.520;1.73;00:49:56.200
236.43;0.712;0.0852E+03;49.984;300;20;0.1684E+03;0.1453E+03;0.506;1.64;00:49:56.300
236.27;1.755;0.1808E+03;49.983;300;20;0.4146E+03;0.3731E+03;0.436;1.64;00:49:56.400
235.83;4.030;0.5307E+03;49.984;300;20;0.9505E+03;0.7885E+03;0.558;1.81;00:49:56.500
236.05;3.069;0.3911E+03;49.984;300;20;0.7245E+03;0.6098E+03;0.540;1.76;00:49:56.600
236.05;2.924;0.3705E+03;49.985;300;20;0.6901E+03;0.5823E+03;0.537;1.75;00:49:56.700
236.03;2.884;0.3645E+03;49.986;300;20;0.6808E+03;0.5750E+03;0.535;1.77;00:49:56.800
236.21;2.023;0.2339E+03;49.986;300;20;0.4778E+03;0.4166E+03;0.490;1.70;00:49:56.900
236.40;0.662;0.0803E+03;49.986;300;20;0.1566E+03;0.1344E+03;0.513;1.64;00:49:57.000
236.37;0.628;0.0762E+03;49.986;300;20;0.1485E+03;0.1275E+03;0.513;1.62;00:49:57.100
236.42;0.822;0.0985E+03;49.986;300;20;0.1944E+03;0.1676E+03;0.507;1.63;00:49:57.200
236.47;0.790;0.0947E+03;49.985;300;20;0.1868E+03;0.1611E+03;0.507;1.65;00:49:57.300
236.41;0.810;0.0968E+03;49.986;300;20;0.1914E+03;0.1651E+03;0.506;1.64;00:49:57.400
236.42;0.809;0.0968E+03;49.985;300;20;0.1913E+03;0.1650E+03;0.506;1.65;00:49:57.500
236.43;0.803;0.0960E+03;49.986;300;20;0.1899E+03;0.1638E+03;0.506;1.66;00:49:57.600
236.44;0.802;0.0959E+03;49.985;300;20;0.1897E+03;0.1637E+03;0.506;1.65;00:49:57.700
236.42;0.825;0.0983E+03;49.985;300;20;0.1950E+03;0.1684E+03;0.504;1.65;00:49:57.800
236.40;0.797;0.0951E+03;49.987;300;20;0.1884E+03;0.1627E+03;0.504;1.65;00:49:57.900
236.39;0.813;0.0971E+03;49.985;300;20;0.1922E+03;0.1659E+03;0.505;1.63;00:49:58.000
236.40;0.794;0.0949E+03;49.985;300;20;0.1877E+03;0.1619E+03;0.506;1.64;00:49:58.100
236.38;1.177;0.1335E+03;49.985;300;20;0.2783E+03;0.2442E+03;0.480;1.68;00:49:58.200
236.02;3.128;0.3910E+03;49.985;300;20;0.7382E+03;0.6261E+03;0.530;1.79;00:49:58.300
236.06;2.881;0.3646E+03;49.985;300;20;0.6802E+03;0.5742E+03;0.536;1.75;00:49:58.400
236.10;2.797;0.3533E+03;49.986;300;20;0.6603E+03;0.5578E+03;0.535;1.74;00:49:58.500
236.07;2.757;0.3472E+03;49.985;300;20;0.6509E+03;0.5506E+03;0.533;1.74;00:49:58.600
236.04;2.790;0.3520E+03;49.986;300;20;0.6586E+03;0.5567E+03;0.534;1.74;00:49:58.700
236.48;0.626;0.0761E+03;49.985;300;20;0.1481E+03;0.1271E+03;0.514;1.65;00:49:58.800
236.45;0.747;0.0859E+03;49.984;300;20;0.1767E+03;0.1544E+03;0.486;1.65;00:49:58.900
235.89;3.858;0.4975E+03;49.984;300;20;0.9100E+03;0.7619E+03;0.547;1.85;00:49:59.000
235.94;3.194;0.4099E+03;49.983;300;20;0.7537E+03;0.6325E+03;0.544;1.75;00:49:59.100
236.03;2.922;0.3710E+03;49.983;300;20;0.6896E+03;0.5813E+03;0.538;1.75;00:49:59.200
236.02;2.896;0.3676E+03;49.983;300;20;0.6836E+03;0.5764E+03;0.538;1.76;00:49:59.300
236.08;2.659;0.3327E+03;49.983;300;20;0.6276E+03;0.5322E+03;0.530;1.74;00:49:59.400
236.43;0.866;0.1005E+03;49.983;300;20;0.2047E+03;0.1783E+03;0.491;1.65;00:49:59.500
236.40;0.639;0.0776E+03;49.981;300;20;0.1510E+03;0.1295E+03;0.514;1.66;00:49:59.600
236.42;0.760;0.0915E+03;49.981;300;20;0.1796E+03;0.1545E+03;0.509;1.66;00:49:59.700
236.43;0.804;0.0968E+03;49.982;300;20;0.1900E+03;0.1635E+03;0.510;1.68;00:49:59.800
236.40;0.791;0.0954E+03;49.981;300;20;0.1870E+03;0.1608E+03;0.510;1.66;00:49:59.900
236.31;0.831;0.0994E+03;49.982;300;20;0.1964E+03;0.1693E+03;0.506;1.68;00:50:00.000
236.31;0.779;0.0934E+03;49.982;300;20;0.1840E+03;0.1585E+03;0.508;1.66;00:50:00.100
236.40;0.807;0.0970E+03;49.983;300;20;0.1909E+03;0.1644E+03;0.508;1.69;00:50:00.200
236.38;0.794;0.0954E+03;49.983;300;20;0.1877E+03;0.1617E+03;0.508;1.68;00:50:00.300
236.40;0.796;0.0958E+03;49.983;300;20;0.1882E+03;0.1620E+03;0.509;1.70;00:50:00.400
236.39;0.786;0.0946E+03;49.982;300;20;0.1857E+03;0.1598E+03;0.509;1.68;00:50:00.500
236.38;0.792;0.0953E+03;49.984;300;20;0.1872E+03;0.1611E+03;0.509;1.69;00:50:00.600
236.36;1.010;0.1176E+03;49.983;300;20;0.2388E+03;0.2078E+03;0.492;1.70;00:50:00.700
235.82;3.817;0.4990E+03;49.983;300;20;0.9000E+03;0.7490E+03;0.554;1.89;00:50:00.800
236.00;2.904;0.3692E+03;49.983;300;20;0.6854E+03;0.5775E+03;0.539;1.81;00:50:00.900
236.01;2.814;0.3565E+03;49.981;300;20;0.6641E+03;0.5603E+03;0.537;1.80;00:50:01.000
235.99;2.789;0.3525E+03;49.981;300;20;0.6581E+03;0.5557E+03;0.536;1.80;00:50:01.100
236.19;2.101;0.2384E+03;49.981;300;20;0.4962E+03;0.4351E+03;0.481;1.82;00:50:01.200
236.39;0.626;0.0764E+03;49.980;300;20;0.1479E+03;0.1266E+03;0.517;1.69;00:50:01.300
236.42;0.636;0.0775E+03;49.980;300;20;0.1503E+03;0.1288E+03;0.516;1.72;00:50:01.400
235.83;3.848;0.4948E+03;49.980;300;20;0.9074E+03;0.7606E+03;0.545;1.90;00:50:01.500
236.03;2.893;0.3687E+03;49.978;300;20;0.6828E+03;0.5747E+03;0.540;1.79;00:50:01.600
236.01;2.872;0.3654E+03;49.978;300;20;0.6778E+03;0.5709E+03;0.539;1.79;00:50:01.700
236.04;2.871;0.3659E+03;49.977;300;20;0.6776E+03;0.5703E+03;0.540;1.82;00:50:01.800
236.10;2.719;0.3434E+03;49.978;300;20;0.6421E+03;0.5425E+03;0.535;1.78;00:50:01.900
236.43;0.624;0.0763E+03;49.978;300;20;0.1475E+03;0.1263E+03;0.517;1.70;00:50:02.000
236.47;0.622;0.0760E+03;49.978;300;20;0.1472E+03;0.1260E+03;0.516;1.68;00:50:02.100
236.50;0.683;0.0828E+03;49.978;300;20;0.1616E+03;0.1388E+03;0.513;1.69;00:50:02.200
236.48;0.770;0.0933E+03;49.978;300;20;0.1821E+03;0.1564E+03;0.512;1.71;00:50:02.300
236.49;0.796;0.0964E+03;49.978;300;20;0.1882E+03;0.1616E+03;0.512;1.69;00:50:02.400
236.50;0.789;0.0955E+03;49.977;300;20;0.1865E+03;0.1602E+03;0.512;1.70;00:50:02.500
236.56;0.799;0.0967E+03;49.978;300;20;0.1890E+03;0.1624E+03;0.512;1.71;00:50:02.600
236.54;0.781;0.0948E+03;49.979;300;20;0.1847E+03;0.1584E+03;0.513;1.70;00:50:02.700
236.52;0.801;0.0971E+03;49.979;300;20;0.1895E+03;0.1628E+03;0.512;1.71;00:50:02.800
236.52;0.771;0.0936E+03;49.978;300;20;0.1824E+03;0.1566E+03;0.513;1.71;00:50:02.900
236.50;0.786;0.0953E+03;49.977;300;20;0.1858E+03;0.1595E+03;0.513;1.72;00:50:03.000
236.47;0.800;0.0972E+03;49.977;300;20;0.1893E+03;0.1624E+03;0.513;1.68;00:50:03.100
236.47;0.822;0.0996E+03;49.977;300;20;0.1943E+03;0.1668E+03;0.513;1.69;00:50:03.200
236.47;0.886;0.1071E+03;49.977;300;20;0.2095E+03;0.1800E+03;0.511;1.70;00:50:03.300
236.45;0.964;0.1162E+03;49.976;300;20;0.2279E+03;0.1961E+03;0.510;1.72;00:50:03.400
236.46;1.087;0.1310E+03;49.976;300;20;0.2571E+03;0.2212E+03;0.510;1.71;00:50:03.500
236.43;1.311;0.1586E+03;49.977;300;20;0.3101E+03;0.2665E+03;0.511;1.76;00:50:03.600
236.42;1.452;0.1761E+03;49.976;300;20;0.3433E+03;0.2947E+03;0.513;1.77;00:50:03.700
236.42;1.585;0.1928E+03;49.975;300;20;0.3748E+03;0.3214E+03;0.514;1.78;00:50:03.800
236.37;1.734;0.2115E+03;49.974;300;20;0.4099E+03;0.3511E+03;0.516;1.79;00:50:03.900
236.33;1.991;0.2459E+03;49.975;300;20;0.4706E+03;0.4012E+03;0.523;1.79;00:50:04.000
236.30;2.018;0.2494E+03;49.975;300;20;0.4768E+03;0.4063E+03;0.523;1.79;00:50:04.100
236.38;1.953;0.2416E+03;49.974;300;20;0.4617E+03;0.3935E+03;0.523;1.79;00:50:04.200
236.43;1.694;0.2073E+03;49.974;300;20;0.4005E+03;0.3428E+03;0.517;1.77;00:50:04.300
236.47;1.287;0.1561E+03;49.975;300;20;0.3043E+03;0.2613E+03;0.513;1.74;00:50:04.400
236.49;1.150;0.1394E+03;49.975;300;20;0.2720E+03;0.2335E+03;0.513;1.74;00:50:04.500
236.53;1.035;0.1258E+03;49.976;300;20;0.2448E+03;0.2100E+03;0.514;1.73;00:50:04.600
236.54;0.904;0.1101E+03;49.976;300;20;0.2138E+03;0.1832E+03;0.515;1.74;00:50:04.700
236.56;0.810;0.0994E+03;49.976;300;20;0.1916E+03;0.1638E+03;0.519;1.74;00:50:04.800
236.57;0.823;0.1008E+03;49.977;300;20;0.1946E+03;0.1665E+03;0.518;1.74;00:50:04.900
236.55;0.968;0.1177E+03;49.978;300;20;0.2290E+03;0.1965E+03;0.514;1.74;00:50:05.000
236.48;1.130;0.1365E+03;49.978;300;20;0.2672E+03;0.2297E+03;0.511;1.72;00:50:05.100
236.42;1.583;0.1935E+03;49.979;300;20;0.3743E+03;0.3204E+03;0.517;1.76;00:50:05.200
236.36;1.807;0.2219E+03;49.979;300;20;0.4272E+03;0.3650E+03;0.520;1.78;00:50:05.300
236.34;2.048;0.2545E+03;49.978;300;20;0.4841E+03;0.4118E+03;0.526;1.80;00:50:05.400
236.34;2.089;0.2604E+03;49.977;300;20;0.4938E+03;0.4196E+03;0.527;1.81;00:50:05.500
236.35;1.817;0.2246E+03;49.976;300;20;0.4295E+03;0.3660E+03;0.523;1.79;00:50:05.600
236.36;1.650;0.2032E+03;49.976;300;20;0.3901E+03;0.3330E+03;0.521;1.79;00:50:05.700
236.39;1.513;0.1854E+03;49.976;300;20;0.3577E+03;0.3059E+03;0.518;1.80;00:50:05.800
236.41;1.420;0.1741E+03;49.977;300;20;0.3357E+03;0.2870E+03;0.519;1.76;00:50:05.900
236.44;1.221;0.1489E+03;49.976;300;20;0.2886E+03;0.2473E+03;0.516;1.77;00:50:06.000
236.43;1.101;0.1345E+03;49.977;300;20;0.2603E+03;0.2228E+03;0.517;1.76;00:50:06.100
236.54;1.016;0.1244E+03;49.977;300;20;0.2403E+03;0.2056E+03;0.518;1.76;00:50:06.200
236.54;0.942;0.1152E+03;49.977;300;20;0.2227E+03;0.1906E+03;0.517;1.75;00:50:06.300
236.57;0.837;0.1029E+03;49.977;300;20;0.1980E+03;0.1691E+03;0.520;1.74;00:50:06.400
236.53;0.807;0.0995E+03;49.980;300;20;0.1910E+03;0.1630E+03;0.521;1.74;00:50:06.500
236.56;0.801;0.0990E+03;49.980;300;20;0.1896E+03;0.1617E+03;0.522;1.75;00:50:06.600
236.57;0.791;0.0976E+03;49.980;300;20;0.1872E+03;0.1597E+03;0.521;1.73;00:50:06.700
236.57;0.779;0.0961E+03;49.979;300;20;0.1842E+03;0.1572E+03;0.522;1.74;00:50:06.800
236.54;0.789;0.0972E+03;49.979;300;20;0.1867E+03;0.1594E+03;0.521;1.73;00:50:06.900
236.54;0.788;0.0970E+03;49.979;300;20;0.1863E+03;0.1590E+03;0.521;1.75;00:50:07.000
236.54;0.779;0.0960E+03;49.979;300;20;0.1843E+03;0.1573E+03;0.521;1.73;00:50:07.100
236.57;0.787;0.0969E+03;49.980;300;20;0.1861E+03;0.1589E+03;0.521;1.74;00:50:07.200
236.56;0.782;0.0963E+03;49.980;300;20;0.1849E+03;0.1579E+03;0.521;1.72;00:50:07.300
236.60;0.790;0.0974E+03;49.980;300;20;0.1869E+03;0.1595E+03;0.521;1.74;00:50:07.400
236.58;0.773;0.0952E+03;49.979;300;20;0.1829E+03;0.1562E+03;0.521;1.72;00:50:07.500
236.58;0.800;0.0986E+03;49.979;300;20;0.1894E+03;0.1617E+03;0.521;1.74;00:50:07.600
236.53;0.911;0.1116E+03;49.980;300;20;0.2155E+03;0.1844E+03;0.518;1.73;00:50:07.700
236.50;1.168;0.1426E+03;49.981;300;20;0.2762E+03;0.2366E+03;0.516;1.74;00:50:07.800
236.47;1.423;0.1744E+03;49.980;300;20;0.3364E+03;0.2877E+03;0.518;1.75;00:50:07.900
236.34;2.090;0.2614E+03;49.980;300;20;0.4940E+03;0.4192E+03;0.529;1.78;00:50:08.000
236.25;2.377;0.3003E+03;49.979;300;20;0.5615E+03;0.4745E+03;0.535;1.79;00:50:08.100
236.21;2.699;0.3456E+03;49.979;300;20;0.6376E+03;0.5358E+03;0.542;1.82;00:50:08.200
236.19;2.778;0.3576E+03;49.980;300;20;0.6562E+03;0.5502E+03;0.545;1.82;00:50:08.300
236.41;1.683;0.2071E+03;49.980;300;20;0.3980E+03;0.3399E+03;0.520;1.79;00:50:08.400
236.48;1.305;0.1600E+03;49.981;300;20;0.3086E+03;0.2638E+03;0.519;1.73;00:50:08.500
236.53;1.051;0.1288E+03;49.980;300;20;0.2487E+03;0.2127E+03;0.518;1.73;00:50:08.600
236.58;0.882;0.1085E+03;49.981;300;20;0.2086E+03;0.1782E+03;0.520;1.73;00:50:08.700
236.61;0.822;0.1012E+03;49.980;300;20;0.1946E+03;0.1661E+03;0.520;1.72;00:50:08.800
236.54;1.083;0.1314E+03;49.980;300;20;0.2562E+03;0.2200E+03;0.513;1.73;00:50:08.900
236.48;1.569;0.1915E+03;49.981;300;20;0.3709E+03;0.3176E+03;0.516;1.78;00:50:09.000
236.36;2.154;0.2684E+03;49.981;300;20;0.5090E+03;0.4325E+03;0.527;1.81;00:50:09.100
236.17;2.998;0.3882E+03;49.982;300;20;0.7079E+03;0.5920E+03;0.548;1.84;00:50:09.200
236.26;2.579;0.3287E+03;49.980;300;20;0.6094E+03;0.5132E+03;0.539;1.84;00:50:09.300
236.35;2.098;0.2627E+03;49.981;300;20;0.4958E+03;0.4204E+03;0.530;1.80;00:50:09.400
236.39;1.772;0.2189E+03;49.981;300;20;0.4189E+03;0.3571E+03;0.523;1.78;00:50:09.500
236.48;1.296;0.1589E+03;49.981;300;20;0.3064E+03;0.2619E+03;0.519;1.78;00:50:09.600
236.47;1.134;0.1385E+03;49.982;300;20;0.2682E+03;0.2296E+03;0.517;1.74;00:50:09.700
236.48;0.992;0.1216E+03;49.982;300;20;0.2345E+03;0.2006E+03;0.518;1.74;00:50:09.800
236.51;0.861;0.1059E+03;49.982;300;20;0.2037E+03;0.1739E+03;0.520;1.73;00:50:09.900
236.46;0.810;0.0995E+03;49.982;300;20;0.1915E+03;0.1636E+03;0.520;1.72;00:50:10.000
236.45;0.790;0.0972E+03;49.981;300;20;0.1869E+03;0.1596E+03;0.520;1.71;00:50:10.100
236.51;0.803;0.0989E+03;49.981;300;20;0.1900E+03;0.1623E+03;0.520;1.73;00:50:10.200
236.52;0.780;0.0959E+03;49.980;300;20;0.1846E+03;0.1577E+03;0.520;1.72;00:50:10.300
236.50;0.788;0.0970E+03;49.980;300;20;0.1864E+03;0.1592E+03;0.520;1.73;00:50:10.400
236.51;0.770;0.0947E+03;49.982;300;20;0.1822E+03;0.1557E+03;0.519;1.74;00:50:10.500
236.45;0.790;0.0969E+03;49.981;300;20;0.1869E+03;0.1598E+03;0.519;1.72;00:50:10.600
236.49;0.784;0.0965E+03;49.982;300;20;0.1855E+03;0.1584E+03;0.520;1.73;00:50:10.700
236.49;0.788;0.0969E+03;49.981;300;20;0.1864E+03;0.1592E+03;0.520;1.74;00:50:10.800
236.47;0.770;0.0947E+03;49.981;300;20;0.1820E+03;0.1554E+03;0.520;1.71;00:50:10.900
236.49;0.786;0.0964E+03;49.981;300;20;0.1858E+03;0.1588E+03;0.519;1.71;00:50:11.000
236.47;0.811;0.0992E+03;49.981;300;20;0.1918E+03;0.1641E+03;0.517;1.73;00:50:11.100
236.41;1.410;0.1714E+03;49.982;300;20;0.3333E+03;0.2858E+03;0.514;1.76;00:50:11.200
236.31;1.916;0.2365E+03;49.983;300;20;0.4527E+03;0.3860E+03;0.522;1.79;00:50:11.300
236.21;2.449;0.3089E+03;49.983;300;20;0.5785E+03;0.4892E+03;0.534;1.85;00:50:11.400
236.09;3.051;0.3946E+03;49.983;300;20;0.7204E+03;0.6028E+03;0.548;1.86;00:50:11.500
235.99;3.332;0.4365E+03;49.982;300;20;0.7864E+03;0.6542E+03;0.555;1.87;00:50:11.600
236.21;2.225;0.2761E+03;49.981;300;20;0.5257E+03;0.4473E+03;0.525;1.82;00:50:11.700
236.39;1.268;0.1547E+03;49.982;300;20;0.2998E+03;0.2568E+03;0.516;1.75;00:50:11.800
236.44;0.972;0.1186E+03;49.983;300;20;0.2297E+03;0.1967E+03;0.516;1.74;00:50:11.900
236.49;0.795;0.0975E+03;49.982;300;20;0.1880E+03;0.1607E+03;0.519;1.73;00:50:12.000
236.45;1.018;0.1227E+03;49.982;300;20;0.2406E+03;0.2069E+03;0.510;1.73;00:50:12.100
236.37;1.795;0.2194E+03;49.982;300;20;0.4244E+03;0.3633E+03;0.517;1.79;00:50:12.200
236.15;2.783;0.3548E+03;49.982;300;20;0.6572E+03;0.5532E+03;0.540;1.86;00:50:12.300
236.04;3.436;0.4523E+03;49.982;300;20;0.8111E+03;0.6733E+03;0.558;1.89;00:50:12.400
236.20;2.492;0.3143E+03;49.981;300;20;0.5886E+03;0.4977E+03;0.534;1.80;00:50:12.500
236.34;1.852;0.2293E+03;49.981;300;20;0.4377E+03;0.3729E+03;0.524;1.79;00:50:12.600
236.43;1.482;0.1817E+03;49.981;300;20;0.3503E+03;0.2995E+03;0.519;1.74;00:50:12.700
236.48;0.996;0.1220E+03;49.981;300;20;0.2355E+03;0.2015E+03;0.518;1.74;00:50:12.800
236.51;0.850;0.1044E+03;49.980;300;20;0.2010E+03;0.1717E+03;0.520;1.73;00:50:12.900
236.51;0.819;0.1007E+03;49.981;300;20;0.1938E+03;0.1656E+03;0.519;1.72;00:50:13.000
236.47;0.798;0.0981E+03;49.981;300;20;0.1888E+03;0.1613E+03;0.519;1.70;00:50:13.100
236.51;0.790;0.0972E+03;49.979;300;20;0.1870E+03;0.1597E+03;0.520;1.71;00:50:13.200
236.50;0.770;0.0947E+03;49.979;300;20;0.1821E+03;0.1556E+03;0.520;1.72;00:50:13.300
236.51;0.783;0.0963E+03;49.977;300;20;0.1853E+03;0.1583E+03;0.520;1.71;00:50:13.400
236.51;0.778;0.0959E+03;49.977;300;20;0.1841E+03;0.1572E+03;0.521;1.71;00:50:13.500
236.53;0.786;0.0967E+03;49.977;300;20;0.1859E+03;0.1588E+03;0.520;1.71;00:50:13.600
236.52;0.762;0.0940E+03;49.976;300;20;0.1803E+03;0.1539E+03;0.521;1.71;00:50:13.700
236.48;0.780;0.0958E+03;49.976;300;20;0.1845E+03;0.1577E+03;0.519;1.74;00:50:13.800
236.52;0.797;0.0980E+03;49.975;300;20;0.1884E+03;0.1609E+03;0.520;1.72;00:50:13.900
236.52;0.791;0.0972E+03;49.974;300;20;0.1871E+03;0.1599E+03;0.519;1.72;00:50:14.000
236.51;0.842;0.1029E+03;49.974;300;20;0.1990E+03;0.1704E+03;0.517;1.74;00:50:14.100
236.47;1.271;0.1537E+03;49.975;300;20;0.3005E+03;0.2583E+03;0.511;1.78;00:50:14.200
236.31;1.997;0.2468E+03;49.975;300;20;0.4718E+03;0.4022E+03;0.523;1.83;00:50:14.300
236.17;2.795;0.3574E+03;49.976;300;20;0.6600E+03;0.5549E+03;0.542;1.89;00:50:14.400
235.97;3.607;0.4780E+03;49.976;300;20;0.8512E+03;0.7043E+03;0.562;1.91;00:50:14.500
236.11;3.119;0.4075E+03;49.977;300;20;0.7363E+03;0.6133E+03;0.553;1.87;00:50:14.600
236.27;2.340;0.2886E+03;49.976;300;20;0.5528E+03;0.4715E+03;0.522;1.78;00:50:14.700
236.52;0.956;0.1169E+03;49.977;300;20;0.2261E+03;0.1935E+03;0.517;1.72;00:50:14.800
236.56;0.760;0.0932E+03;49.977;300;20;0.1798E+03;0.1537E+03;0.518;1.73;00:50:14.900
236.52;1.015;0.1212E+03;49.978;300;20;0.2401E+03;0.2073E+03;0.505;1.75;00:50:15.000
236.34;2.169;0.2666E+03;49.977;300;20;0.5126E+03;0.4378E+03;0.520;1.84;00:50:15.100
235.98;3.638;0.4781E+03;49.977;300;20;0.8585E+03;0.7130E+03;0.557;1.96;00:50:15.200
236.07;3.247;0.4239E+03;49.977;300;20;0.7664E+03;0.6385E+03;0.553;1.88;00:50:15.300
236.23;2.534;0.3200E+03;49.977;300;20;0.5985E+03;0.5057E+03;0.535;1.82;00:50:15.400
236.41;1.539;0.1886E+03;49.978;300;20;0.3637E+03;0.3110E+03;0.519;1.81;00:50:15.500
236.47;1.166;0.1421E+03;49.976;300;20;0.2756E+03;0.2362E+03;0.516;1.75;00:50:15.600
236.51;0.823;0.1010E+03;49.977;300;20;0.1948E+03;0.1665E+03;0.519;1.74;00:50:15.700
236.54;0.817;0.1002E+03;49.975;300;20;0.1933E+03;0.1653E+03;0.518;1.74;00:50:15.800
236.52;0.798;0.0980E+03;49.976;300;20;0.1887E+03;0.1612E+03;0.519;1.73;00:50:15.900
236.50;0.782;0.0960E+03;49.977;300;20;0.1850E+03;0.1582E+03;0.519;1.74;00:50:16.000
236.51;0.772;0.0949E+03;49.977;300;20;0.1826E+03;0.1560E+03;0.520;1.76;00:50:16.100
236.53;0.785;0.0965E+03;49.977;300;20;0.1857E+03;0.1587E+03;0.520;1.73;00:50:16.200
236.52;0.776;0.0954E+03;49.978;300;20;0.1834E+03;0.1567E+03;0.520;1.77;00:50:16.300
236.54;0.772;0.0948E+03;49.978;300;20;0.1826E+03;0.1560E+03;0.519;1.75;00:50:16.400
236.59;0.777;0.0957E+03;49.978;300;20;0.1837E+03;0.1568E+03;0.521;1.79;00:50:16.500
236.57;0.773;0.0951E+03;49.979;300;20;0.1828E+03;0.1561E+03;0.520;1.77;00:50:16.600
236.56;0.771;0.0952E+03;49.979;300;20;0.1823E+03;0.1555E+03;0.522;1.77;00:50:16.700
236.55;0.758;0.0938E+03;49.981;300;20;0.1793E+03;0.1528E+03;0.523;1.78;00:50:16.800
236.50;1.011;0.1229E+03;49.980;300;20;0.2391E+03;0.2050E+03;0.514;1.79;00:50:16.900
236.39;1.859;0.2298E+03;49.979;300;20;0.4394E+03;0.3745E+03;0.523;1.84;00:50:17.000
236.16;2.896;0.3749E+03;49.978;300;20;0.6840E+03;0.5721E+03;0.548;1.92;00:50:17.100
235.97;3.826;0.5155E+03;49.979;300;20;0.9029E+03;0.7413E+03;0.571;2.02;00:50:17.200
236.18;3.026;0.3973E+03;49.978;300;20;0.7146E+03;0.5940E+03;0.556;1.95;00:50:17.300
236.23;2.747;0.3560E+03;49.977;300;20;0.6489E+03;0.5425E+03;0.549;1.94;00:50:17.400
236.62;0.989;0.1169E+03;49.977;300;20;0.2340E+03;0.2026E+03;0.500;1.82;00:50:17.500
236.65;0.610;0.0760E+03;49.977;300;20;0.1443E+03;0.1227E+03;0.527;1.79;00:50:17.600
236.56;1.328;0.1578E+03;49.976;300;20;0.3142E+03;0.2716E+03;0.502;1.79;00:50:17.700
236.22;3.138;0.4068E+03;49.975;300;20;0.7414E+03;0.6198E+03;0.549;1.92;00:50:17.800
235.97;4.129;0.5612E+03;49.977;300;20;0.9742E+03;0.7963E+03;0.576;2.01;00:50:17.900
236.08;3.279;0.4342E+03;49.977;300;20;0.7741E+03;0.6409E+03;0.561;1.94;00:50:18.000
236.29;2.335;0.2944E+03;49.976;300;20;0.5518E+03;0.4667E+03;0.533;1.93;00:50:18.100
236.55;1.161;0.1442E+03;49.977;300;20;0.2746E+03;0.2337E+03;0.525;1.81;00:50:18.200
236.58;0.844;0.1056E+03;49.978;300;20;0.1996E+03;0.1694E+03;0.529;1.78;00:50:18.300
236.59;0.757;0.0949E+03;49.980;300;20;0.1791E+03;0.1519E+03;0.530;1.78;00:50:18.400
236.58;0.776;0.0973E+03;49.980;300;20;0.1836E+03;0.1556E+03;0.530;1.79;00:50:18.500
236.62;0.783;0.0981E+03;49.980;300;20;0.1853E+03;0.1572E+03;0.529;1.80;00:50:18.600
236.61;0.761;0.0954E+03;49.980;300;20;0.1800E+03;0.1526E+03;0.530;1.79;00:50:18.700
236.59;0.756;0.0947E+03;49.980;300;20;0.1788E+03;0.1517E+03;0.530;1.79;00:50:18.800
236.60;0.753;0.0947E+03;49.980;300;20;0.1783E+03;0.1511E+03;0.531;1.81;00:50:18.900
236.63;0.765;0.0962E+03;49.981;300;20;0.1811E+03;0.1534E+03;0.531;1.80;00:50:19.000
236.60;0.764;0.0961E+03;49.981;300;20;0.1807E+03;0.1531E+03;0.532;1.81;00:50:19.100
236.61;0.754;0.0947E+03;49.982;300;20;0.1784E+03;0.1512E+03;0.531;1.81;00:50:19.200
236.61;0.765;0.0962E+03;49.982;300;20;0.1811E+03;0.1534E+03;0.531;1.79;00:50:19.300
236.59;0.745;0.0935E+03;49.981;300;20;0.1763E+03;0.1495E+03;0.530;1.81;00:50:19.400
236.54;0.768;0.0964E+03;49.981;300;20;0.1817E+03;0.1541E+03;0.530;1.79;00:50:19.500
236.49;1.193;0.1447E+03;49.981;300;20;0.2820E+03;0.2421E+03;0.513;1.83;00:50:19.600
235.95;3.708;0.4967E+03;49.982;300;20;0.8749E+03;0.7202E+03;0.568;1.96;00:50:19.700
235.99;3.662;0.4920E+03;49.981;300;20;0.8641E+03;0.7104E+03;0.569;2.03;00:50:19.800
236.14;3.056;0.4029E+03;49.981;300;20;0.7217E+03;0.5987E+03;0.558;1.96;00:50:19.900
236.12;2.982;0.3926E+03;49.982;300;20;0.7041E+03;0.5845E+03;0.558;1.94;00:50:20.000
236.56;0.631;0.0790E+03;49.981;300;20;0.1493E+03;0.1267E+03;0.529;1.80;00:50:20.100
236.58;0.607;0.0758E+03;49.981;300;20;0.1437E+03;0.1220E+03;0.528;1.80;00:50:20.200
236.50;0.760;0.0901E+03;49.981;300;20;0.1797E+03;0.1555E+03;0.501;1.81;00:50:20.300
236.07;3.017;0.3834E+03;49.980;300;20;0.7123E+03;0.6003E+03;0.538;2.02;00:50:20.400
236.00;3.236;0.4290E+03;49.981;300;20;0.7636E+03;0.6318E+03;0.562;1.96;00:50:20.500
236.03;3.122;0.4132E+03;49.981;300;20;0.7368E+03;0.6101E+03;0.561;1.97;00:50:20.600
236.07;2.829;0.3686E+03;49.982;300;20;0.6680E+03;0.5571E+03;0.552;1.94;00:50:20.700
236.34;1.270;0.1544E+03;49.982;300;20;0.3003E+03;0.2575E+03;0.514;1.81;00:50:20.800
236.46;0.669;0.0837E+03;49.983;300;20;0.1583E+03;0.1343E+03;0.529;1.79;00:50:20.900
236.44;0.784;0.0983E+03;49.983;300;20;0.1854E+03;0.1573E+03;0.530;1.79;00:50:21.000
236.44;0.781;0.0979E+03;49.984;300;20;0.1847E+03;0.1566E+03;0.530;1.80;00:50:21.100
236.46;0.772;0.0966E+03;49.985;300;20;0.1826E+03;0.1550E+03;0.529;1.79;00:50:21.200
236.47;0.755;0.0944E+03;49.985;300;20;0.1785E+03;0.1514E+03;0.529;1.77;00:50:21.300
236.48;0.763;0.0955E+03;49.984;300;20;0.1805E+03;0.1531E+03;0.529;1.76;00:50:21.400
236.46;0.771;0.0966E+03;49.985;300;20;0.1824E+03;0.1547E+03;0.530;1.78;00:50:21.500
236.46;0.752;0.0943E+03;49.984;300;20;0.1779E+03;0.1509E+03;0.530;1.77;00:50:21.600
236.45;0.753;0.0946E+03;49.984;300;20;0.1781E+03;0.1510E+03;0.531;1.77;00:50:21.700
236.46;0.764;0.0960E+03;49.984;300;20;0.1806E+03;0.1530E+03;0.531;1.77;00:50:21.800
236.44;0.771;0.0969E+03;49.985;300;20;0.1823E+03;0.1544E+03;0.532;1.75;00:50:21.900
236.41;0.749;0.0941E+03;49.985;300;20;0.1770E+03;0.1499E+03;0.531;1.77;00:50:22.000
236.28;1.725;0.2107E+03;49.985;300;20;0.4077E+03;0.3490E+03;0.517;1.79;00:50:22.100
236.00;3.330;0.4383E+03;49.984;300;20;0.7860E+03;0.6524E+03;0.558;1.93;00:50:22.200
235.83;4.024;0.5446E+03;49.984;300;20;0.9490E+03;0.7771E+03;0.574;1.96;00:50:22.300
236.00;3.088;0.4082E+03;49.985;300;20;0.7288E+03;0.6038E+03;0.560;1.93;00:50:22.400
236.05;2.961;0.3896E+03;49.985;300;20;0.6990E+03;0.5803E+03;0.557;1.91;00:50:22.500
236.42;1.450;0.1608E+03;49.985;300;20;0.3429E+03;0.3028E+03;0.469;1.80;00:50:22.600
236.54;0.607;0.0760E+03;49.986;300;20;0.1436E+03;0.1219E+03;0.529;1.75;00:50:22.700
236.54;0.606;0.0761E+03;49.985;300;20;0.1435E+03;0.1216E+03;0.530;1.74;00:50:22.800
235.81;4.399;0.6009E+03;49.984;300;20;1.0372E+03;0.8454E+03;0.579;1.99;00:50:22.900
236.06;3.246;0.4320E+03;49.983;300;20;0.7663E+03;0.6330E+03;0.564;1.92;00:50:23.000
236.06;3.085;0.4073E+03;49.983;300;20;0.7282E+03;0.6037E+03;0.559;1.92;00:50:23.100
236.06;3.058;0.4036E+03;49.983;300;20;0.7219E+03;0.5986E+03;0.559;1.92;00:50:23.200
236.53;0.637;0.0796E+03;49.984;300;20;0.1507E+03;0.1280E+03;0.528;1.75;00:50:23.300
236.50;0.610;0.0762E+03;49.984;300;20;0.1442E+03;0.1224E+03;0.529;1.78;00:50:23.400
236.54;0.708;0.0888E+03;49.984;300;20;0.1675E+03;0.1420E+03;0.530;1.76;00:50:23.500
236.51;0.782;0.0981E+03;49.983;300;20;0.1849E+03;0.1567E+03;0.531;1.73;00:50:23.600
236.48;0.746;0.0941E+03;49.981;300;20;0.1763E+03;0.1491E+03;0.534;1.74;00:50:23.700
236.50;0.762;0.0963E+03;49.981;300;20;0.1803E+03;0.1525E+03;0.534;1.76;00:50:23.800
236.50;0.752;0.0948E+03;49.982;300;20;0.1778E+03;0.1504E+03;0.533;1.76;00:50:23.900
236.48;0.757;0.0954E+03;49.983;300;20;0.1790E+03;0.1515E+03;0.533;1.74;00:50:24.000
236.43;0.742;0.0936E+03;49.983;300;20;0.1754E+03;0.1484E+03;0.534;1.76;00:50:24.100
236.48;0.774;0.0975E+03;49.982;300;20;0.1830E+03;0.1548E+03;0.533;1.77;00:50:24.200
236.45;0.762;0.0959E+03;49.981;300;20;0.1801E+03;0.1525E+03;0.532;1.76;00:50:24.300
236.45;0.753;0.0948E+03;49.980;300;20;0.1781E+03;0.1508E+03;0.532;1.78;00:50:24.400
236.46;0.798;0.1001E+03;49.981;300;20;0.1887E+03;0.1600E+03;0.530;1.80;00:50:24.500
236.28;1.935;0.2374E+03;49.982;300;20;0.4571E+03;0.3907E+03;0.519;1.84;00:50:24.600
235.81;3.873;0.5197E+03;49.983;300;20;0.9134E+03;0.7511E+03;0.569;1.99;00:50:24.700
235.84;3.724;0.5016E+03;49.983;300;20;0.8783E+03;0.7209E+03;0.571;1.93;00:50:24.800
236.03;2.990;0.3937E+03;49.982;300;20;0.7057E+03;0.5856E+03;0.558;1.92;00:50:24.900
236.05;2.904;0.3817E+03;49.982;300;20;0.6855E+03;0.5694E+03;0.557;1.92;00:50:25.000
236.36;1.253;0.1374E+03;49.982;300;20;0.2963E+03;0.2625E+03;0.464;1.77;00:50:25.100
236.47;0.608;0.0763E+03;49.982;300;20;0.1437E+03;0.1218E+03;0.531;1.75;00:50:25.200
235.83;3.815;0.4856E+03;49.981;300;20;0.8996E+03;0.7573E+03;0.540;1.83;00:50:25.300
235.81;3.819;0.5137E+03;49.983;300;20;0.9006E+03;0.7397E+03;0.570;1.97;00:50:25.400
235.95;3.150;0.4169E+03;49.982;300;20;0.7433E+03;0.6154E+03;0.561;1.93;00:50:25.500
235.99;3.092;0.4089E+03;49.982;300;20;0.7298E+03;0.6045E+03;0.560;1.94;00:50:25.600
236.32;1.298;0.1490E+03;49.982;300;20;0.3068E+03;0.2682E+03;0.485;1.88;00:50:25.700
236.43;0.610;0.0765E+03;49.982;300;20;0.1442E+03;0.1223E+03;0.530;1.79;00:50:25.800
236.47;0.603;0.0756E+03;49.981;300;20;0.1427E+03;0.1210E+03;0.530;1.79;00:50:25.900
236.40;0.622;0.0779E+03;49.981;300;20;0.1471E+03;0.1248E+03;0.529;1.78;00:50:26.000
236.40;0.759;0.0955E+03;49.981;300;20;0.1794E+03;0.1519E+03;0.532;1.80;00:50:26.100
236.41;0.762;0.0959E+03;49.982;300;20;0.1801E+03;0.1524E+03;0.532;1.80;00:50:26.200
236.42;0.750;0.0946E+03;49.983;300;20;0.1774E+03;0.1500E+03;0.533;1.81;00:50:26.300
236.44;0.766;0.0964E+03;49.983;300;20;0.1811E+03;0.1533E+03;0.532;1.80;00:50:26.400
236.42;0.743;0.0935E+03;49.982;300;20;0.1756E+03;0.1487E+03;0.532;1.80;00:50:26.500
236.44;0.760;0.0956E+03;49.983;300;20;0.1796E+03;0.1521E+03;0.532;1.80;00:50:26.600
236.42;0.759;0.0956E+03;49.983;300;20;0.1794E+03;0.1518E+03;0.533;1.80;00:50:26.700
236.38;0.752;0.0947E+03;49.985;300;20;0.1777E+03;0.1504E+03;0.533;1.80;00:50:26.800
236.40;0.758;0.0954E+03;49.987;300;20;0.1792E+03;0.1517E+03;0.532;1.80;00:50:26.900
236.30;1.398;0.1653E+03;49.986;300;20;0.3303E+03;0.2859E+03;0.501;1.81;00:50:27.000
235.87;3.567;0.4691E+03;49.986;300;20;0.8413E+03;0.6984E+03;0.558;1.99;00:50:27.100
235.76;4.005;0.5426E+03;49.985;300;20;0.9442E+03;0.7727E+03;0.575;1.95;00:50:27.200
235.97;2.954;0.3891E+03;49.986;300;20;0.6969E+03;0.5782E+03;0.558;1.95;00:50:27.300
235.99;2.909;0.3831E+03;49.984;300;20;0.6866E+03;0.5698E+03;0.558;1.95;00:50:27.400
236.19;2.089;0.2418E+03;49.984;300;20;0.4933E+03;0.4300E+03;0.490;1.83;00:50:27.500
236.46;0.609;0.0764E+03;49.984;300;20;0.1439E+03;0.1220E+03;0.531;1.80;00:50:27.600
235.99;3.537;0.4175E+03;49.983;300;20;0.8347E+03;0.7228E+03;0.500;1.80;00:50:27.700
235.86;3.969;0.5364E+03;49.981;300;20;0.9362E+03;0.7673E+03;0.573;2.02;00:50:27.800
236.03;3.156;0.4183E+03;49.980;300;20;0.7449E+03;0.6163E+03;0.562;1.94;00:50:27.900
235.98;3.097;0.4098E+03;49.979;300;20;0.7308E+03;0.6051E+03;0.561;1.93;00:50:28.000
236.27;1.821;0.2085E+03;49.980;300;20;0.4302E+03;0.3763E+03;0.485;1.93;00:50:28.100
236.47;0.609;0.0762E+03;49.978;300;20;0.1439E+03;0.1221E+03;0.529;1.78;00:50:28.200
236.47;0.605;0.0757E+03;49.978;300;20;0.1432E+03;0.1215E+03;0.529;1.79;00:50:28.300
236.45;0.605;0.0758E+03;49.978;300;20;0.1431E+03;0.1214E+03;0.530;1.75;00:50:28.400
236.42;0.735;0.0927E+03;49.976;300;20;0.1738E+03;0.1471E+03;0.533;1.79;00:50:28.500
236.44;0.769;0.0971E+03;49.976;300;20;0.1819E+03;0.1538E+03;0.534;1.77;00:50:28.600
236.46;0.746;0.0943E+03;49.975;300;20;0.1765E+03;0.1491E+03;0.535;1.79;00:50:28.700
236.46;0.756;0.0955E+03;49.975;300;20;0.1787E+03;0.1511E+03;0.534;1.77;00:50:28.800
236.45;0.758;0.0959E+03;49.974;300;20;0.1793E+03;0.1516E+03;0.535;1.77;00:50:28.900
236.45;0.765;0.0967E+03;49.974;300;20;0.1809E+03;0.1530E+03;0.534;1.77;00:50:29.000
236.45;0.750;0.0947E+03;49.973;300;20;0.1773E+03;0.1499E+03;0.534;1.77;00:50:29.100
236.46;0.760;0.0957E+03;49.974;300;20;0.1796E+03;0.1520E+03;0.533;1.79;00:50:29.200
236.44;0.744;0.0940E+03;49.973;300;20;0.1759E+03;0.1487E+03;0.534;1.79;00:50:29.300
236.32;1.594;0.1880E+03;49.973;300;20;0.3766E+03;0.3264E+03;0.499;1.81;00:50:29.400
235.80;4.079;0.5481E+03;49.975;300;20;0.9619E+03;0.7905E+03;0.570;2.04;00:50:29.500
235.94;3.665;0.4914E+03;49.974;300;20;0.8648E+03;0.7116E+03;0.568;1.94;00:50:29.600
236.05;2.910;0.3835E+03;49.976;300;20;0.6869E+03;0.5699E+03;0.558;1.92;00:50:29.700
236.05;2.906;0.3821E+03;49.976;300;20;0.6859E+03;0.5697E+03;0.557;1.93;00:50:29.800
236.29;1.908;0.2144E+03;49.976;300;20;0.4509E+03;0.3967E+03;0.475;1.79;00:50:29.900
236.44;0.603;0.0757E+03;49.977;300;20;0.1427E+03;0.1209E+03;0.530;1.79;00:50:30.000
235.77;4.270;0.5548E+03;49.978;300;20;1.0067E+03;0.8401E+03;0.551;1.86;00:50:30.100
235.94;3.464;0.4642E+03;49.978;300;20;0.8174E+03;0.6727E+03;0.568;1.98;00:50:30.200
235.98;3.095;0.4098E+03;49.978;300;20;0.7303E+03;0.6044E+03;0.561;1.95;00:50:30.300
236.00;3.042;0.4036E+03;49.979;300;20;0.7179E+03;0.5937E+03;0.562;1.96;00:50:30.400
236.31;1.410;0.1577E+03;49.978;300;20;0.3331E+03;0.2934E+03;0.473;1.91;00:50:30.500
236.43;0.604;0.0759E+03;49.978;300;20;0.1429E+03;0.1211E+03;0.531;1.79;00:50:30.600
236.47;0.605;0.0760E+03;49.977;300;20;0.1431E+03;0.1213E+03;0.531;1.79;00:50:30.700
236.45;0.606;0.0761E+03;49.978;300;20;0.1433E+03;0.1214E+03;0.531;1.77;00:50:30.800
236.42;0.676;0.0849E+03;49.978;300;20;0.1598E+03;0.1354E+03;0.531;1.77;00:50:30.900
236.42;0.754;0.0952E+03;49.978;300;20;0.1783E+03;0.1507E+03;0.534;1.80;00:50:31.000
236.41;0.744;0.0940E+03;49.977;300;20;0.1758E+03;0.1486E+03;0.535;1.79;00:50:31.100
236.45;0.770;0.0974E+03;49.977;300;20;0.1820E+03;0.1538E+03;0.535;1.79;00:50:31.200
236.44;0.754;0.0952E+03;49.977;300;20;0.1782E+03;0.1507E+03;0.534;1.78;00:50:31.300
236.46;0.762;0.0963E+03;49.976;300;20;0.1801E+03;0.1522E+03;0.535;1.81;00:50:31.400
236.45;0.744;0.0942E+03;49.976;300;20;0.1759E+03;0.1486E+03;0.535;1.78;00:50:31.500
236.45;0.760;0.0962E+03;49.978;300;20;0.1798E+03;0.1519E+03;0.535;1.79;00:50:31.600
236.44;0.745;0.0942E+03;49.979;300;20;0.1761E+03;0.1489E+03;0.535;1.79;00:50:31.700
236.43;0.779;0.0985E+03;49.978;300;20;0.1843E+03;0.1557E+03;0.535;1.80;00:50:31.800
236.44;0.837;0.1056E+03;49.978;300;20;0.1978E+03;0.1673E+03;0.534;1.79;00:50:31.900
236.35;0.902;0.1134E+03;49.978;300;20;0.2131E+03;0.1804E+03;0.532;1.82;00:50:32.000
236.32;1.111;0.1395E+03;49.979;300;20;0.2626E+03;0.2225E+03;0.531;1.80;00:50:32.100
236.36;1.250;0.1570E+03;49.979;300;20;0.2954E+03;0.2502E+03;0.531;1.78;00:50:32.200
236.35;1.367;0.1721E+03;49.980;300;20;0.3232E+03;0.2735E+03;0.533;1.80;00:50:32.300
236.33;1.491;0.1882E+03;49.981;300;20;0.3523E+03;0.2978E+03;0.534;1.80;00:50:32.400
236.28;1.796;0.2286E+03;49.981;300;20;0.4243E+03;0.3575E+03;0.539;1.80;00:50:32.500
236.27;1.875;0.2392E+03;49.980;300;20;0.4430E+03;0.3729E+03;0.540;1.80;00:50:32.600
236.25;1.925;0.2456E+03;49.980;300;20;0.4548E+03;0.3828E+03;0.540;1.79;00:50:32.700
236.26;1.856;0.2371E+03;49.980;300;20;0.4385E+03;0.3688E+03;0.541;1.81;00:50:32.800
236.37;1.411;0.1783E+03;49.980;300;20;0.3336E+03;0.2820E+03;0.534;1.77;00:50:32.900
236.39;1.217;0.1531E+03;49.980;300;20;0.2876E+03;0.2434E+03;0.532;1.77;00:50:33.000
236.43;1.102;0.1388E+03;49.980;300;20;0.2606E+03;0.2206E+03;0.533;1.76;00:50:33.100
236.49;0.986;0.1247E+03;49.979;300;20;0.2331E+03;0.1970E+03;0.535;1.76;00:50:33.200
236.47;0.817;0.1033E+03;49.979;300;20;0.1933E+03;0.1634E+03;0.535;1.75;00:50:33.300
236.48;0.783;0.0991E+03;49.979;300;20;0.1852E+03;0.1564E+03;0.535;1.74;00:50:33.400
236.47;0.788;0.0997E+03;49.979;300;20;0.1864E+03;0.1575E+03;0.535;1.75;00:50:33.500
236.46;0.921;0.1160E+03;49.979;300;20;0.2177E+03;0.1842E+03;0.533;1.74;00:50:33.600
236.36;1.301;0.1638E+03;49.979;300;20;0.3075E+03;0.2602E+03;0.533;1.75;00:50:33.700
236.35;1.538;0.1943E+03;49.979;300;20;0.3635E+03;0.3072E+03;0.535;1.80;00:50:33.800
236.32;1.762;0.2238E+03;49.980;300;20;0.4164E+03;0.3512E+03;0.537;1.79;00:50:33.900
236.19;1.986;0.2534E+03;49.981;300;20;0.4691E+03;0.3948E+03;0.540;1.85;00:50:34.000
236.30;1.888;0.2406E+03;49.981;300;20;0.4462E+03;0.3758E+03;0.539;1.82;00:50:34.100
236.36;1.740;0.2212E+03;49.982;300;20;0.4113E+03;0.3467E+03;0.538;1.81;00:50:34.200
236.39;1.574;0.1994E+03;49.982;300;20;0.3722E+03;0.3142E+03;0.536;1.78;00:50:34.300
236.38;1.461;0.1843E+03;49.981;300;20;0.3454E+03;0.2920E+03;0.534;1.77;00:50:34.400
236.42;1.232;0.1555E+03;49.983;300;20;0.2912E+03;0.2463E+03;0.534;1.74;00:50:34.500
236.44;1.146;0.1442E+03;49.983;300;20;0.2708E+03;0.2293E+03;0.532;1.76;00:50:34.600
236.43;1.064;0.1341E+03;49.984;300;20;0.2516E+03;0.2128E+03;0.533;1.75;00:50:34.700
236.47;0.977;0.1233E+03;49.984;300;20;0.2312E+03;0.1955E+03;0.534;1.75;00:50:34.800
236.41;0.842;0.1067E+03;49.984;300;20;0.1991E+03;0.1682E+03;0.536;1.73;00:50:34.900
236.46;0.819;0.1034E+03;49.984;300;20;0.1936E+03;0.1637E+03;0.534;1.73;00:50:35.000
236.44;0.802;0.1014E+03;49.984;300;20;0.1897E+03;0.1603E+03;0.535;1.70;00:50:35.100
236.46;0.778;0.0984E+03;49.985;300;20;0.1840E+03;0.1554E+03;0.535;1.72;00:50:35.200
236.44;0.785;0.0992E+03;49.985;300;20;0.1857E+03;0.1569E+03;0.535;1.71;00:50:35.300
236.43;0.755;0.0955E+03;49.986;300;20;0.1785E+03;0.1508E+03;0.535;1.71;00:50:35.400
236.47;0.768;0.0973E+03;49.985;300;20;0.1816E+03;0.1534E+03;0.536;1.74;00:50:35.500
236.45;0.756;0.0957E+03;49.983;300;20;0.1787E+03;0.1510E+03;0.535;1.74;00:50:35.600
236.47;0.772;0.0977E+03;49.984;300;20;0.1826E+03;0.1543E+03;0.535;1.72;00:50:35.700
236.48;0.754;0.0955E+03;49.984;300;20;0.1782E+03;0.1505E+03;0.536;1.74;00:50:35.800
236.46;0.763;0.0964E+03;49.983;300;20;0.1805E+03;0.1525E+03;0.534;1.75;00:50:35.900
236.40;0.759;0.0957E+03;49.983;300;20;0.1794E+03;0.1517E+03;0.534;1.74;00:50:36.000
236.44;0.786;0.0995E+03;49.982;300;20;0.1858E+03;0.1569E+03;0.536;1.74;00:50:36.100
236.54;0.793;0.1002E+03;49.981;300;20;0.1876E+03;0.1586E+03;0.534;1.75;00:50:36.200
236.41;0.932;0.1169E+03;49.981;300;20;0.2203E+03;0.1867E+03;0.531;1.74;00:50:36.300
236.39;1.213;0.1523E+03;49.981;300;20;0.2867E+03;0.2428E+03;0.531;1.77;00:50:36.400
236.28;1.814;0.2306E+03;49.980;300;20;0.4286E+03;0.3613E+03;0.538;1.78;00:50:36.500
236.19;2.169;0.2790E+03;49.981;300;20;0.5124E+03;0.4297E+03;0.545;1.82;00:50:36.600
236.13;2.509;0.3268E+03;49.979;300;20;0.5925E+03;0.4942E+03;0.552;1.84;00:50:36.700
236.04;2.780;0.3649E+03;49.978;300;20;0.6561E+03;0.5453E+03;0.556;1.85;00:50:36.800
236.18;2.050;0.2616E+03;49.977;300;20;0.4841E+03;0.4073E+03;0.540;1.80;00:50:36.900
236.29;1.417;0.1783E+03;49.977;300;20;0.3349E+03;0.2835E+03;0.532;1.75;00:50:37.000
236.34;1.101;0.1389E+03;49.977;300;20;0.2602E+03;0.2200E+03;0.534;1.75;00:50:37.100
236.38;0.907;0.1143E+03;49.977;300;20;0.2143E+03;0.1813E+03;0.533;1.74;00:50:37.200
236.39;0.775;0.0981E+03;49.975;300;20;0.1832E+03;0.1548E+03;0.535;1.71;00:50:37.300
236.39;0.911;0.1143E+03;49.975;300;20;0.2154E+03;0.1826E+03;0.531;1.72;00:50:37.400
236.32;1.342;0.1680E+03;49.975;300;20;0.3172E+03;0.2690E+03;0.530;1.78;00:50:37.500
236.16;1.887;0.2399E+03;49.975;300;20;0.4457E+03;0.3756E+03;0.538;1.81;00:50:37.600
236.02;3.014;0.4007E+03;49.974;300;20;0.7114E+03;0.5878E+03;0.563;1.86;00:50:37.700
236.08;2.685;0.3520E+03;49.974;300;20;0.6338E+03;0.5270E+03;0.555;1.86;00:50:37.800
236.18;2.206;0.2847E+03;49.974;300;20;0.5210E+03;0.4363E+03;0.547;1.81;00:50:37.900
236.18;1.754;0.2235E+03;49.973;300;20;0.4143E+03;0.3489E+03;0.539;1.80;00:50:38.000
236.27;1.310;0.1657E+03;49.970;300;20;0.3095E+03;0.2615E+03;0.535;1.75;00:50:38.100
236.34;1.099;0.1386E+03;49.968;300;20;0.2597E+03;0.2195E+03;0.534;1.76;00:50:38.200
236.36;0.951;0.1199E+03;49.968;300;20;0.2248E+03;0.1901E+03;0.534;1.76;00:50:38.300
236.39;0.850;0.1077E+03;49.967;300;20;0.2010E+03;0.1697E+03;0.536;1.76;00:50:38.400
236.41;0.793;0.1004E+03;49.964;300;20;0.1875E+03;0.1584E+03;0.536;1.79;00:50:38.500
236.43;0.768;0.0974E+03;49.962;300;20;0.1817E+03;0.1533E+03;0.536;1.76;00:50:38.600
236.45;0.745;0.0947E+03;49.961;300;20;0.1761E+03;0.1485E+03;0.538;1.77;00:50:38.700
236.43;0.763;0.0972E+03;49.961;300;20;0.1804E+03;0.1520E+03;0.539;1.79;00:50:38.800
236.46;0.760;0.0967E+03;49.960;300;20;0.1798E+03;0.1516E+03;0.538;1.77;00:50:38.900
236.47;0.761;0.0968E+03;49.960;300;20;0.1798E+03;0.1516E+03;0.538;1.80;00:50:39.000
236.46;0.741;0.0943E+03;49.961;300;20;0.1753E+03;0.1477E+03;0.538;1.79;00:50:39.100
236.49;0.761;0.0967E+03;49.961;300;20;0.1799E+03;0.1518E+03;0.537;1.79;00:50:39.200
236.52;0.756;0.0962E+03;49.961;300;20;0.1789E+03;0.1508E+03;0.538;1.77;00:50:39.300
236.50;0.761;0.0966E+03;49.960;300;20;0.1799E+03;0.1517E+03;0.537;1.78;00:50:39.400
236.56;0.737;0.0938E+03;49.961;300;20;0.1743E+03;0.1470E+03;0.538;1.80;00:50:39.500
236.57;0.771;0.0978E+03;49.960;300;20;0.1823E+03;0.1538E+03;0.537;1.79;00:50:39.600
236.44;1.385;0.1744E+03;49.960;300;20;0.3275E+03;0.2773E+03;0.532;1.81;00:50:39.700
236.32;1.918;0.2450E+03;49.960;300;20;0.4532E+03;0.3813E+03;0.540;1.85;00:50:39.800
236.21;2.503;0.3262E+03;49.960;300;20;0.5912E+03;0.4931E+03;0.552;1.88;00:50:39.900
236.03;3.082;0.4099E+03;49.960;300;20;0.7275E+03;0.6010E+03;0.563;1.94;00:50:40.000
236.03;3.174;0.4253E+03;49.958;300;20;0.7492E+03;0.6168E+03;0.568;1.94;00:50:40.100
236.34;1.860;0.2340E+03;49.959;300;20;0.4396E+03;0.3722E+03;0.532;1.86;00:50:40.200
236.47;1.076;0.1363E+03;49.956;300;20;0.2544E+03;0.2148E+03;0.536;1.80;00:50:40.300
236.51;0.826;0.1050E+03;49.956;300;20;0.1953E+03;0.1647E+03;0.537;1.77;00:50:40.400
236.48;0.789;0.1001E+03;49.956;300;20;0.1866E+03;0.1574E+03;0.537;1.80;00:50:40.500
236.42;1.176;0.1457E+03;49.957;300;20;0.2780E+03;0.2367E+03;0.524;1.80;00:50:40.600
236.25;2.102;0.2685E+03;49.957;300;20;0.4966E+03;0.4177E+03;0.541;1.88;00:50:40.700
236.01;3.180;0.4242E+03;49.956;300;20;0.7504E+03;0.6190E+03;0.565;1.98;00:50:40.800
236.02;3.024;0.4019E+03;49.956;300;20;0.7138E+03;0.5900E+03;0.563;1.96;00:50:40.900
236.24;2.082;0.2688E+03;49.955;300;20;0.4918E+03;0.4118E+03;0.547;1.89;00:50:41.000
236.28;1.571;0.1999E+03;49.955;300;20;0.3712E+03;0.3128E+03;0.538;1.84;00:50:41.100
236.36;1.278;0.1622E+03;49.954;300;20;0.3021E+03;0.2548E+03;0.537;1.80;00:50:41.200
236.45;0.874;0.1110E+03;49.955;300;20;0.2067E+03;0.1744E+03;0.537;1.83;00:50:41.300
236.46;0.775;0.0988E+03;49.954;300;20;0.1833E+03;0.1543E+03;0.539;1.84;00:50:41.400
236.49;0.766;0.0978E+03;49.955;300;20;0.1812E+03;0.1526E+03;0.540;1.84;00:50:41.500
236.48;0.785;0.0999E+03;49.955;300;20;0.1856E+03;0.1565E+03;0.538;1.85;00:50:41.600
236.47;0.748;0.0951E+03;49.954;300;20;0.1768E+03;0.1490E+03;0.538;1.83;00:50:41.700
236.46;0.753;0.0960E+03;49.955;300;20;0.1781E+03;0.1500E+03;0.539;1.85;00:50:41.800
236.48;0.739;0.0942E+03;49.955;300;20;0.1747E+03;0.1472E+03;0.539;1.84;00:50:41.900
236.42;0.748;0.0950E+03;49.956;300;20;0.1769E+03;0.1492E+03;0.537;1.85;00:50:42.000
236.50;0.744;0.0949E+03;49.956;300;20;0.1761E+03;0.1483E+03;0.539;1.84;00:50:42.100
236.52;0.758;0.0966E+03;49.957;300;20;0.1794E+03;0.1511E+03;0.538;1.85;00:50:42.200
236.50;0.745;0.0949E+03;49.958;300;20;0.1762E+03;0.1484E+03;0.539;1.86;00:50:42.300
236.55;0.754;0.0961E+03;49.958;300;20;0.1784E+03;0.1503E+03;0.539;1.85;00:50:42.400
236.54;0.752;0.0960E+03;49.958;300;20;0.1779E+03;0.1498E+03;0.539;1.83;00:50:42.500
236.49;1.026;0.1288E+03;49.958;300;20;0.2427E+03;0.2057E+03;0.531;1.83;00:50:42.600
236.42;1.719;0.2176E+03;49.960;300;20;0.4063E+03;0.3431E+03;0.536;1.90;00:50:42.700
236.24;2.490;0.3248E+03;49.959;300;20;0.5883E+03;0.4905E+03;0.552;1.96;00:50:42.800
235.96;4.058;0.5605E+03;49.960;300;20;0.9574E+03;0.7762E+03;0.585;2.06;00:50:42.900
236.05;3.640;0.4942E+03;49.961;300;20;0.8591E+03;0.7027E+03;0.575;2.03;00:50:43.000
236.35;2.147;0.2674E+03;49.962;300;20;0.5074E+03;0.4312E+03;0.527;1.91;00:50:43.100
236.58;0.803;0.1016E+03;49.963;300;20;0.1900E+03;0.1606E+03;0.535;1.84;00:50:43.200
236.59;0.718;0.0911E+03;49.964;300;20;0.1699E+03;0.1434E+03;0.536;1.85;00:50:43.300
236.58;0.936;0.1167E+03;49.964;300;20;0.2215E+03;0.1882E+03;0.527;1.84;00:50:43.400
236.37;2.087;0.2649E+03;49.963;300;20;0.4932E+03;0.4161E+03;0.537;1.94;00:50:43.500
236.06;3.681;0.4983E+03;49.963;300;20;0.8690E+03;0.7120E+03;0.573;2.08;00:50:43.600
236.13;3.332;0.4486E+03;49.963;300;20;0.7868E+03;0.6464E+03;0.570;2.05;00:50:43.700
236.39;1.992;0.2555E+03;49.964;300;20;0.4708E+03;0.3955E+03;0.543;1.92;00:50:43.800
236.56;1.356;0.1723E+03;49.964;300;20;0.3207E+03;0.2705E+03;0.537;1.87;00:50:43.900
236.53;1.034;0.1313E+03;49.962;300;20;0.2445E+03;0.2063E+03;0.537;1.85;00:50:44.000
236.66;0.793;0.1012E+03;49.962;300;20;0.1877E+03;0.1581E+03;0.539;1.83;00:50:44.100
236.66;0.776;0.0988E+03;49.962;300;20;0.1836E+03;0.1548E+03;0.538;1.82;00:50:44.200
236.66;0.767;0.0978E+03;49.962;300;20;0.1816E+03;0.1530E+03;0.538;1.82;00:50:44.300
236.69;0.766;0.0976E+03;49.962;300;20;0.1813E+03;0.1527E+03;0.538;1.80;00:50:44.400
236.64;0.752;0.0959E+03;49.964;300;20;0.1780E+03;0.1500E+03;0.539;1.79;00:50:44.500
236.67;0.761;0.0972E+03;49.965;300;20;0.1802E+03;0.1518E+03;0.539;1.83;00:50:44.600
236.69;0.743;0.0948E+03;49.965;300;20;0.1759E+03;0.1482E+03;0.539;1.83;00:50:44.700
236.66;0.745;0.0950E+03;49.966;300;20;0.1764E+03;0.1486E+03;0.539;1.82;00:50:44.800
236.63;0.749;0.0954E+03;49.965;300;20;0.1772E+03;0.1494E+03;0.538;1.80;00:50:44.900
236.65;0.763;0.0971E+03;49.967;300;20;0.1806E+03;0.1523E+03;0.538;1.80;00:50:45.000
236.66;0.743;0.0946E+03;49.967;300;20;0.1758E+03;0.1481E+03;0.538;1.80;00:50:45.100
236.65;0.743;0.0944E+03;49.966;300;20;0.1758E+03;0.1483E+03;0.537;1.82;00:50:45.200
236.57;1.201;0.1488E+03;49.967;300;20;0.2841E+03;0.2420E+03;0.524;1.81;00:50:45.300
236.39;2.191;0.2819E+03;49.967;300;20;0.5179E+03;0.4345E+03;0.544;1.90;00:50:45.400
236.17;3.320;0.4464E+03;49.967;300;20;0.7840E+03;0.6445E+03;0.569;2.02;00:50:45.500
235.94;4.210;0.5855E+03;49.968;300;20;0.9934E+03;0.8025E+03;0.589;2.08;00:50:45.600
236.18;3.114;0.4183E+03;49.967;300;20;0.7356E+03;0.6051E+03;0.569;1.98;00:50:45.700
236.60;1.253;0.1464E+03;49.968;300;20;0.2964E+03;0.2577E+03;0.494;1.84;00:50:45.800
236.72;0.602;0.0763E+03;49.969;300;20;0.1426E+03;0.1204E+03;0.535;1.79;00:50:45.900
236.64;0.597;0.0756E+03;49.969;300;20;0.1412E+03;0.1193E+03;0.535;1.81;00:50:46.000
236.31;2.552;0.3257E+03;49.969;300;20;0.6030E+03;0.5075E+03;0.540;1.88;00:50:46.100
235.88;4.535;0.6325E+03;49.972;300;20;1.0697E+03;0.8626E+03;0.591;2.10;00:50:46.200
236.01;3.943;0.5414E+03;49.970;300;20;0.9306E+03;0.7569E+03;0.582;2.06;00:50:46.300
236.15;3.328;0.4509E+03;49.970;300;20;0.7859E+03;0.6436E+03;0.574;1.99;00:50:46.400
236.61;1.011;0.1284E+03;49.969;300;20;0.2393E+03;0.2020E+03;0.536;1.87;00:50:46.500
236.65;0.778;0.0992E+03;49.968;300;20;0.1841E+03;0.1550E+03;0.539;1.85;00:50:46.600
236.66;0.711;0.0907E+03;49.970;300;20;0.1683E+03;0.1418E+03;0.539;1.85;00:50:46.700
236.64;0.780;0.0996E+03;49.969;300;20;0.1847E+03;0.1555E+03;0.539;1.84;00:50:46.800
236.60;0.761;0.0971E+03;49.970;300;20;0.1802E+03;0.1517E+03;0.539;1.82;00:50:46.900
236.63;0.767;0.0979E+03;49.970;300;20;0.1816E+03;0.1530E+03;0.539;1.85;00:50:47.000
236.63;0.734;0.0936E+03;49.970;300;20;0.1737E+03;0.1464E+03;0.539;1.84;00:50:47.100
236.57;0.751;0.0955E+03;49.970;300;20;0.1777E+03;0.1499E+03;0.537;1.82;00:50:47.200
236.62;0.750;0.0957E+03;49.972;300;20;0.1775E+03;0.1495E+03;0.539;1.83;00:50:47.300
236.64;0.757;0.0965E+03;49.973;300;20;0.1792E+03;0.1509E+03;0.539;1.83;00:50:47.400
236.65;0.740;0.0944E+03;49.974;300;20;0.1751E+03;0.1475E+03;0.539;1.84;00:50:47.500
236.65;0.749;0.0955E+03;49.974;300;20;0.1773E+03;0.1494E+03;0.538;1.84;00:50:47.600
236.64;0.743;0.0949E+03;49.974;300;20;0.1757E+03;0.1478E+03;0.540;1.83;00:50:47.700
236.62;0.756;0.0964E+03;49.976;300;20;0.1789E+03;0.1507E+03;0.539;1.84;00:50:47.800
236.60;1.296;0.1600E+03;49.975;300;20;0.3065E+03;0.2614E+03;0.522;1.88;00:50:47.900
236.33;2.568;0.3337E+03;49.975;300;20;0.6069E+03;0.5069E+03;0.550;2.00;00:50:48.000
236.03;4.102;0.5676E+03;49.975;300;20;0.9682E+03;0.7844E+03;0.586;2.09;00:50:48.100
236.21;3.265;0.4406E+03;49.975;300;20;0.7712E+03;0.6330E+03;0.571;2.01;00:50:48.200
236.25;3.021;0.4026E+03;49.975;300;20;0.7136E+03;0.5892E+03;0.564;1.99;00:50:48.300
236.62;0.954;0.1122E+03;49.976;300;20;0.2256E+03;0.1958E+03;0.497;1.82;00:50:48.400
236.70;0.600;0.0762E+03;49.976;300;20;0.1419E+03;0.1198E+03;0.537;1.83;00:50:48.500
236.51;1.599;0.1756E+03;49.976;300;20;0.3783E+03;0.3351E+03;0.464;1.82;00:50:48.600
235.92;4.419;0.6089E+03;49.977;300;20;1.0426E+03;0.8463E+03;0.584;2.10;00:50:48.700
235.97;4.152;0.5738E+03;49.977;300;20;0.9798E+03;0.7942E+03;0.586;2.03;00:50:48.800
236.25;2.916;0.3854E+03;49.978;300;20;0.6889E+03;0.5710E+03;0.559;2.02;00:50:48.900
236.60;1.121;0.1391E+03;49.979;300;20;0.2653E+03;0.2259E+03;0.524;1.86;00:50:49.000
236.68;0.659;0.0839E+03;49.980;300;20;0.1559E+03;0.1314E+03;0.538;1.84;00:50:49.100
236.62;0.622;0.0790E+03;49.980;300;20;0.1473E+03;0.1243E+03;0.536;1.82;00:50:49.200
236.62;0.770;0.0984E+03;49.980;300;20;0.1823E+03;0.1534E+03;0.540;1.83;00:50:49.300
236.64;0.756;0.0968E+03;49.979;300;20;0.1789E+03;0.1504E+03;0.541;1.84;00:50:49.400
236.66;0.734;0.0940E+03;49.979;300;20;0.1738E+03;0.1462E+03;0.541;1.83;00:50:49.500
236.65;0.757;0.0967E+03;49.980;300;20;0.1792E+03;0.1509E+03;0.540;1.85;00:50:49.600
236.65;0.737;0.0943E+03;49.980;300;20;0.1745E+03;0.1468E+03;0.540;1.85;00:50:49.700
236.60;0.752;0.0962E+03;49.980;300;20;0.1780E+03;0.1498E+03;0.540;1.86;00:50:49.800
236.60;0.726;0.0929E+03;49.980;300;20;0.1717E+03;0.1444E+03;0.541;1.84;00:50:49.900
236.54;0.747;0.0954E+03;49.979;300;20;0.1768E+03;0.1488E+03;0.540;1.84;00:50:50.000
236.59;0.744;0.0952E+03;49.978;300;20;0.1761E+03;0.1482E+03;0.540;1.84;00:50:50.100
236.61;0.753;0.0960E+03;49.978;300;20;0.1781E+03;0.1499E+03;0.539;1.85;00:50:50.200
236.60;0.769;0.0979E+03;49.978;300;20;0.1819E+03;0.1533E+03;0.538;1.85;00:50:50.300
236.46;1.598;0.1962E+03;49.979;300;20;0.3778E+03;0.3228E+03;0.519;1.95;00:50:50.400
235.84;4.548;0.6365E+03;49.980;300;20;1.0727E+03;0.8634E+03;0.593;2.08;00:50:50.500
236.08;3.469;0.4697E+03;49.980;300;20;0.8189E+03;0.6708E+03;0.574;2.04;00:50:50.600
236.10;3.179;0.4282E+03;49.980;300;20;0.7505E+03;0.6163E+03;0.571;2.03;00:50:50.700
236.21;2.677;0.3472E+03;49.979;300;20;0.6323E+03;0.5284E+03;0.549;1.92;00:50:50.800
236.57;0.602;0.0760E+03;49.978;300;20;0.1424E+03;0.1204E+03;0.534;1.84;00:50:50.900
236.57;0.602;0.0759E+03;49.979;300;20;0.1423E+03;0.1204E+03;0.533;1.84;00:50:51.000
236.01;3.734;0.4768E+03;49.979;300;20;0.8813E+03;0.7412E+03;0.541;2.07;00:50:51.100
235.74;4.638;0.6424E+03;49.979;300;20;1.0934E+03;0.8848E+03;0.588;2.06;00:50:51.200
236.07;3.353;0.4515E+03;49.980;300;20;0.7915E+03;0.6500E+03;0.571;2.03;00:50:51.300
236.33;2.030;0.2466E+03;49.980;300;20;0.4796E+03;0.4114E+03;0.514;1.96;00:50:51.400
236.56;0.620;0.0784E+03;49.979;300;20;0.1466E+03;0.1239E+03;0.535;1.84;00:50:51.500
236.60;0.601;0.0761E+03;49.980;300;20;0.1422E+03;0.1201E+03;0.536;1.83;00:50:51.600
236.51;0.726;0.0920E+03;49.980;300;20;0.1717E+03;0.1450E+03;0.536;1.85;00:50:51.700
236.53;0.746;0.0951E+03;49.981;300;20;0.1765E+03;0.1487E+03;0.539;1.87;00:50:51.800
236.51;0.740;0.0941E+03;49.981;300;20;0.1751E+03;0.1477E+03;0.537;1.86;00:50:51.900
236.44;0.764;0.0970E+03;49.981;300;20;0.1806E+03;0.1524E+03;0.537;1.84;00:50:52.000
236.50;0.756;0.0962E+03;49.981;300;20;0.1788E+03;0.1507E+03;0.538;1.84;00:50:52.100
236.53;0.753;0.0958E+03;49.981;300;20;0.1780E+03;0.1501E+03;0.538;1.85;00:50:52.200
236.54;0.745;0.0950E+03;49.980;300;20;0.1762E+03;0.1484E+03;0.539;1.84;00:50:52.300
236.53;0.757;0.0963E+03;49.980;300;20;0.1790E+03;0.1508E+03;0.538;1.81;00:50:52.400
236.59;0.755;0.0964E+03;49.980;300;20;0.1786E+03;0.1503E+03;0.540;1.82;00:50:52.500
236.57;0.748;0.0955E+03;49.978;300;20;0.1769E+03;0.1489E+03;0.540;1.82;00:50:52.600
236.55;0.745;0.0953E+03;49.978;300;20;0.1763E+03;0.1483E+03;0.540;1.85;00:50:52.700
236.38;1.704;0.2087E+03;49.977;300;20;0.4027E+03;0.3444E+03;0.518;1.95;00:50:52.800
235.79;4.484;0.6271E+03;49.979;300;20;1.0573E+03;0.8513E+03;0.593;2.12;00:50:52.900
236.09;3.284;0.4441E+03;49.979;300;20;0.7753E+03;0.6356E+03;0.573;2.01;00:50:53.000
236.12;3.125;0.4212E+03;49.978;300;20;0.7379E+03;0.6058E+03;0.571;1.99;00:50:53.100
236.25;2.615;0.3349E+03;49.979;300;20;0.6177E+03;0.5190E+03;0.542;1.88;00:50:53.200
236.64;0.598;0.0760E+03;49.978;300;20;0.1415E+03;0.1194E+03;0.537;1.85;00:50:53.300
236.60;0.984;0.1050E+03;49.978;300;20;0.2328E+03;0.2078E+03;0.451;1.84;00:50:53.400
235.81;4.923;0.6856E+03;49.979;300;20;1.1610E+03;0.9370E+03;0.590;2.19;00:50:53.500
236.02;3.794;0.5213E+03;49.980;300;20;0.8954E+03;0.7280E+03;0.582;2.05;00:50:53.600
236.12;3.274;0.4426E+03;49.980;300;20;0.7730E+03;0.6337E+03;0.573;2.04;00:50:53.700
236.50;1.463;0.1697E+03;49.980;300;20;0.3460E+03;0.3016E+03;0.490;1.94;00:50:53.800
236.63;0.597;0.0759E+03;49.979;300;20;0.1414E+03;0.1193E+03;0.537;1.85;00:50:53.900
236.61;0.597;0.0758E+03;49.980;300;20;0.1412E+03;0.1191E+03;0.537;1.84;00:50:54.000
236.65;0.601;0.0766E+03;49.980;300;20;0.1422E+03;0.1198E+03;0.539;1.87;00:50:54.100
236.66;0.688;0.0877E+03;49.980;300;20;0.1629E+03;0.1373E+03;0.539;1.88;00:50:54.200
236.63;0.740;0.0944E+03;49.981;300;20;0.1751E+03;0.1474E+03;0.539;1.85;00:50:54.300
236.62;0.760;0.0971E+03;49.981;300;20;0.1799E+03;0.1515E+03;0.540;1.86;00:50:54.400
236.61;0.740;0.0945E+03;49.981;300;20;0.1752E+03;0.1475E+03;0.539;1.86;00:50:54.500
236.57;0.744;0.0950E+03;49.982;300;20;0.1759E+03;0.1481E+03;0.540;1.87;00:50:54.600
236.60;0.747;0.0952E+03;49.983;300;20;0.1766E+03;0.1488E+03;0.539;1.87;00:50:54.700
236.58;0.756;0.0965E+03;49.982;300;20;0.1790E+03;0.1507E+03;0.539;1.87;00:50:54.800
236.62;0.757;0.0965E+03;49.983;300;20;0.1790E+03;0.1508E+03;0.539;1.86;00:50:54.900
236.59;0.748;0.0954E+03;49.981;300;20;0.1769E+03;0.1490E+03;0.539;1.87;00:50:55.000
236.51;1.093;0.1323E+03;49.982;300;20;0.2585E+03;0.2220E+03;0.512;1.90;00:50:55.100
236.09;3.206;0.4195E+03;49.982;300;20;0.7568E+03;0.6299E+03;0.554;2.08;00:50:55.200
236.03;3.391;0.4583E+03;49.982;300;20;0.8004E+03;0.6562E+03;0.573;2.04;00:50:55.300
236.12;3.169;0.4253E+03;49.982;300;20;0.7483E+03;0.6156E+03;0.568;2.01;00:50:55.400
236.12;3.106;0.4178E+03;49.981;300;20;0.7335E+03;0.6029E+03;0.570;2.00;00:50:55.500
236.50;1.238;0.1350E+03;49.980;300;20;0.2929E+03;0.2599E+03;0.461;1.84;00:50:55.600
236.57;0.597;0.0755E+03;49.980;300;20;0.1412E+03;0.1193E+03;0.535;1.85;00:50:55.700
235.82;4.658;0.6117E+03;49.980;300;20;1.0985E+03;0.9124E+03;0.557;2.08;00:50:55.800
235.94;3.959;0.5443E+03;49.979;300;20;0.9342E+03;0.7592E+03;0.583;2.05;00:50:55.900
236.04;3.347;0.4530E+03;49.979;300;20;0.7901E+03;0.6473E+03;0.573;2.03;00:50:56.000
236.38;2.190;0.2616E+03;49.979;300;20;0.5177E+03;0.4468E+03;0.505;2.02;00:50:56.100
236.63;0.601;0.0761E+03;49.979;300;20;0.1421E+03;0.1200E+03;0.535;1.84;00:50:56.200
236.58;0.598;0.0758E+03;49.980;300;20;0.1415E+03;0.1194E+03;0.536;1.86;00:50:56.300
236.60;0.598;0.0757E+03;49.980;300;20;0.1415E+03;0.1196E+03;0.535;1.85;00:50:56.400
236.59;0.600;0.0759E+03;49.980;300;20;0.1420E+03;0.1200E+03;0.534;1.84;00:50:56.500
236.59;0.627;0.0794E+03;49.979;300;20;0.1484E+03;0.1254E+03;0.535;1.86;00:50:56.600
236.57;0.737;0.0938E+03;49.979;300;20;0.1744E+03;0.1470E+03;0.538;1.85;00:50:56.700
236.54;0.754;0.0960E+03;49.978;300;20;0.1783E+03;0.1502E+03;0.538;1.86;00:50:56.800
236.55;0.747;0.0952E+03;49.978;300;20;0.1767E+03;0.1488E+03;0.539;1.85;00:50:56.900
236.56;0.741;0.0946E+03;49.979;300;20;0.1752E+03;0.1475E+03;0.540;1.86;00:50:57.000
236.54;0.741;0.0944E+03;49.978;300;20;0.1754E+03;0.1478E+03;0.538;1.83;00:50:57.100
236.56;0.767;0.0978E+03;49.977;300;20;0.1815E+03;0.1529E+03;0.539;1.83;00:50:57.200
236.57;0.733;0.0937E+03;49.977;300;20;0.1735E+03;0.1461E+03;0.540;1.84;00:50:57.300
236.44;1.143;0.1364E+03;49.977;300;20;0.2703E+03;0.2334E+03;0.505;1.86;00:50:57.400
235.88;3.605;0.4770E+03;49.976;300;20;0.8504E+03;0.7040E+03;0.561;2.07;00:50:57.500
235.61;4.750;0.6626E+03;49.976;300;20;1.1193E+03;0.9020E+03;0.592;2.06;00:50:57.600
235.94;3.273;0.4433E+03;49.974;300;20;0.7722E+03;0.6322E+03;0.574;2.02;00:50:57.700
235.98;3.110;0.4171E+03;49.975;300;20;0.7338E+03;0.6037E+03;0.568;2.02;00:50:57.800
236.43;1.118;0.1224E+03;49.975;300;20;0.2643E+03;0.2343E+03;0.463;1.86;00:50:57.900
236.46;0.598;0.0758E+03;49.975;300;20;0.1413E+03;0.1193E+03;0.536;1.82;00:50:58.000
236.49;0.829;0.0935E+03;49.975;300;20;0.1962E+03;0.1724E+03;0.477;1.88;00:50:58.100
235.97;3.598;0.4898E+03;49.975;300;20;0.8490E+03;0.6935E+03;0.577;2.07;00:50:58.200
236.05;3.297;0.4469E+03;49.975;300;20;0.7783E+03;0.6372E+03;0.574;2.05;00:50:58.300
236.04;3.243;0.4384E+03;49.976;300;20;0.7655E+03;0.6275E+03;0.573;2.04;00:50:58.400
236.37;1.869;0.2118E+03;49.976;300;20;0.4418E+03;0.3877E+03;0.479;1.84;00:50:58.500
236.57;0.597;0.0760E+03;49.977;300;20;0.1412E+03;0.1190E+03;0.538;1.86;00:50:58.600
236.57;0.596;0.0759E+03;49.978;300;20;0.1410E+03;0.1189E+03;0.538;1.85;00:50:58.700
236.55;0.593;0.0753E+03;49.978;300;20;0.1403E+03;0.1183E+03;0.537;1.84;00:50:58.800
236.55;0.602;0.0762E+03;49.978;300;20;0.1423E+03;0.1202E+03;0.535;1.84;00:50:58.900
236.58;0.661;0.0838E+03;49.978;300;20;0.1563E+03;0.1319E+03;0.536;1.83;00:50:59.000
236.56;0.747;0.0950E+03;49.978;300;20;0.1767E+03;0.1490E+03;0.537;1.86;00:50:59.100
236.56;0.749;0.0955E+03;49.978;300;20;0.1771E+03;0.1491E+03;0.539;1.86;00:50:59.200
236.59;0.757;0.0965E+03;49.977;300;20;0.1792E+03;0.1510E+03;0.539;1.86;00:50:59.300
236.54;0.737;0.0940E+03;49.976;300;20;0.1744E+03;0.1470E+03;0.539;1.86;00:50:59.400
236.58;0.758;0.0965E+03;49.976;300;20;0.1793E+03;0.1511E+03;0.538;1.85;00:50:59.500
236.54;0.751;0.0957E+03;49.975;300;20;0.1778E+03;0.1498E+03;0.539;1.85;00:50:59.600
236.53;0.750;0.0955E+03;49.976;300;20;0.1773E+03;0.1494E+03;0.539;1.85;00:50:59.700
236.53;0.738;0.0940E+03;49.976;300;20;0.1746E+03;0.1471E+03;0.538;1.85;00:50:59.800
236.48;0.745;0.0947E+03;49.976;300;20;0.1762E+03;0.1486E+03;0.537;1.85;00:50:59.900
236.49;0.764;0.0973E+03;49.976;300;20;0.1808E+03;0.1523E+03;0.538;1.85;00:51:00.000
236.46;0.730;0.0928E+03;49.977;300;20;0.1725E+03;0.1454E+03;0.538;1.84;00:51:00.100
236.49;0.756;0.0963E+03;49.978;300;20;0.1788E+03;0.1507E+03;0.539;1.85;00:51:00.200
236.48;0.739;0.0942E+03;49.978;300;20;0.1748E+03;0.1473E+03;0.539;1.85;00:51:00.300
236.45;0.754;0.0960E+03;49.978;300;20;0.1783E+03;0.1502E+03;0.538;1.83;00:51:00.400
236.45;0.744;0.0945E+03;49.977;300;20;0.1760E+03;0.1484E+03;0.537;1.85;00:51:00.500
236.47;0.760;0.0968E+03;49.978;300;20;0.1797E+03;0.1514E+03;0.539;1.85;00:51:00.600
236.48;0.735;0.0938E+03;49.978;300;20;0.1738E+03;0.1464E+03;0.539;1.85;00:51:00.700
236.45;0.747;0.0950E+03;49.979;300;20;0.1766E+03;0.1489E+03;0.538;1.84;00:51:00.800
236.46;0.755;0.0963E+03;49.978;300;20;0.1786E+03;0.1505E+03;0.539;1.83;00:51:00.900
236.45;0.755;0.0959E+03;49.979;300;20;0.1784E+03;0.1505E+03;0.537;1.86;00:51:01.000
236.44;0.748;0.0951E+03;49.979;300;20;0.1769E+03;0.1491E+03;0.538;1.85;00:51:01.100
236.47;0.743;0.0945E+03;49.978;300;20;0.1756E+03;0.1480E+03;0.538;1.86;00:51:01.200
236.44;0.754;0.0957E+03;49.978;300;20;0.1782E+03;0.1503E+03;0.537;1.85;00:51:01.300
236.41;0.745;0.0947E+03;49.979;300;20;0.1762E+03;0.1486E+03;0.537;1.84;00:51:01.400
236.40;0.750;0.0955E+03;49.978;300;20;0.1774E+03;0.1495E+03;0.538;1.85;00:51:01.500
236.45;0.750;0.0954E+03;49.978;300;20;0.1773E+03;0.1494E+03;0.538;1.85;00:51:01.600
236.45;0.755;0.0959E+03;49.979;300;20;0.1784E+03;0.1505E+03;0.537;1.84;00:51:01.700
236.44;0.740;0.0942E+03;49.977;300;20;0.1751E+03;0.1475E+03;0.538;1.86;00:51:01.800
236.44;0.751;0.0956E+03;49.977;300;20;0.1775E+03;0.1496E+03;0.538;1.86;00:51:01.900
236.44;0.755;0.0962E+03;49.977;300;20;0.1786E+03;0.1505E+03;0.539;1.86;00:51:02.000
236.42;0.741;0.0942E+03;49.977;300;20;0.1751E+03;0.1476E+03;0.538;1.87;00:51:02.100
236.47;0.738;0.0940E+03;49.978;300;20;0.1746E+03;0.1471E+03;0.538;1.86;00:51:02.200
236.43;0.758;0.0963E+03;49.978;300;20;0.1793E+03;0.1512E+03;0.537;1.86;00:51:02.300
236.43;0.759;0.0964E+03;49.979;300;20;0.1795E+03;0.1514E+03;0.537;1.86;00:51:02.400
236.45;0.741;0.0941E+03;49.979;300;20;0.1751E+03;0.1476E+03;0.538;1.86;00:51:02.500
236.49;0.754;0.0961E+03;49.979;300;20;0.1783E+03;0.1502E+03;0.539;1.88;00:51:02.600
236.49;0.746;0.0951E+03;49.978;300;20;0.1765E+03;0.1487E+03;0.539;1.87;00:51:02.700
236.51;0.756;0.0964E+03;49.977;300;20;0.1789E+03;0.1507E+03;0.539;1.86;00:51:02.800
236.54;0.747;0.0953E+03;49.977;300;20;0.1767E+03;0.1488E+03;0.539;1.87;00:51:02.900
236.56;0.766;0.0974E+03;49.976;300;20;0.1813E+03;0.1529E+03;0.538;1.87;00:51:03.000
236.56;0.734;0.0934E+03;49.976;300;20;0.1737E+03;0.1465E+03;0.538;1.88;00:51:03.100
236.58;0.757;0.0961E+03;49.977;300;20;0.1790E+03;0.1510E+03;0.537;1.86;00:51:03.200
236.57;0.755;0.0962E+03;49.976;300;20;0.1787E+03;0.1506E+03;0.538;1.86;00:51:03.300
236.60;0.753;0.0959E+03;49.977;300;20;0.1781E+03;0.1500E+03;0.539;1.87;00:51:03.400
236.60;0.740;0.0944E+03;49.977;300;20;0.1751E+03;0.1475E+03;0.539;1.89;00:51:03.500
236.58;0.744;0.0946E+03;49.978;300;20;0.1760E+03;0.1484E+03;0.538;1.87;00:51:03.600
236.57;0.766;0.0975E+03;49.978;300;20;0.1813E+03;0.1528E+03;0.538;1.87;00:51:03.700
236.59;0.755;0.0961E+03;49.979;300;20;0.1787E+03;0.1507E+03;0.538;1.86;00:51:03.800
236.59;0.748;0.0952E+03;49.981;300;20;0.1770E+03;0.1492E+03;0.538;1.86;00:51:03.900
236.57;0.745;0.0948E+03;49.981;300;20;0.1761E+03;0.1484E+03;0.538;1.87;00:51:04.000
236.58;0.751;0.0955E+03;49.980;300;20;0.1777E+03;0.1498E+03;0.538;1.86;00:51:04.100
236.60;0.746;0.0948E+03;49.980;300;20;0.1765E+03;0.1489E+03;0.537;1.85;00:51:04.200
236.58;0.753;0.0960E+03;49.981;300;20;0.1782E+03;0.1501E+03;0.539;1.87;00:51:04.300
236.58;0.743;0.0947E+03;49.980;300;20;0.1759E+03;0.1482E+03;0.539;1.87;00:51:04.400
236.53;0.743;0.0948E+03;49.980;300;20;0.1757E+03;0.1479E+03;0.540;1.87;00:51:04.500
236.54;0.729;0.0931E+03;49.980;300;20;0.1724E+03;0.1451E+03;0.540;1.86;00:51:04.600
236.53;0.758;0.0968E+03;49.980;300;20;0.1794E+03;0.1510E+03;0.539;1.85;00:51:04.700
236.53;0.748;0.0956E+03;49.981;300;20;0.1769E+03;0.1488E+03;0.541;1.85;00:51:04.800
236.53;0.732;0.0935E+03;49.980;300;20;0.1731E+03;0.1457E+03;0.540;1.84;00:51:04.900
236.54;0.746;0.0952E+03;49.980;300;20;0.1764E+03;0.1485E+03;0.540;1.84;00:51:05.000
236.49;0.740;0.0945E+03;49.980;300;20;0.1749E+03;0.1472E+03;0.540;1.83;00:51:05.100
236.55;0.760;0.0973E+03;49.980;300;20;0.1797E+03;0.1511E+03;0.541;1.86;00:51:05.200
236.52;0.734;0.0937E+03;49.980;300;20;0.1736E+03;0.1461E+03;0.540;1.84;00:51:05.300
236.50;0.764;0.0973E+03;49.979;300;20;0.1807E+03;0.1523E+03;0.539;1.84;00:51:05.400
236.54;0.741;0.0945E+03;49.979;300;20;0.1752E+03;0.1475E+03;0.539;1.83;00:51:05.500
236.53;0.746;0.0952E+03;49.979;300;20;0.1765E+03;0.1486E+03;0.540;1.79;00:51:05.600
