J1_Position,J2_Position,J3_Position,J4_Position,Error,MM_Step,Deg_step,Move_ID,Time,Time_Total,X,Y,Z,J1_Velocity,J2_Velocity,J3_Velocity,J4_Velocity,J1_Acceleration,J2_Acceleration,J3_Acceleration,J4_Acceleration
1.2722218725854067e-14,89.99999999999999,0.0,0.0,0.0,0.0,0.0,1.0,0.0,0,199.99999999999997,250.00000000000006,300.0,0.0,0.0,0.0,0.0,0.0,0.0,0.0,0.0
1.2616200236471949e-14,88.99999999999999,0.0,0.0,0.0,4.363267749186953,0.9999999999999999,2.0,0.0,0,204.36310160932084,249.96192378909788,300.0,0.0,0.0,0.0,0.0,0.0,0.0,0.0,0.0
1.2510181747089831e-14,87.99999999999999,0.0,0.0,0.0,4.363267749186927,0.9999999999999999,2.0,0.03683547343418786,0.0368354734341879,208.72487417562516,249.847706754774,300.0,-2.8781628006366203e-15,-27.147743920996458,0.0,0.0,-7.813562667462095e-14,-737.0000000000001,0.0,0.0
1.2404163257707713e-14,86.99999999999999,0.0,0.0,0.0,4.363267749186982,0.9999999999999999,2.0,0.008278583739614848,0.0451140571738027,213.0839890607359,249.6573836886435,300.0,-1.2806355859492744e-14,-120.79360811617809,0.0,0.0,-1.199262261653226e-12,-11311.821821293603,0.0,0.0
1.2298144768325595e-14,85.99999999999999,0.0,0.0,0.0,4.363267749187034,0.9999999999999999,2.0,0.006979168933259616,0.0520932261070623,217.43911843603132,249.3910125649561,300.0,-1.5190703992975578e-14,-143.283535555995,0.0,0.0,-3.4163783056175787e-13,-3222.436317974754,0.0,0.0
1.2192126278943477e-14,84.99999999999999,0.0,0.0,0.0,4.363267749186956,0.9999999999999999,2.0,0.006148771264266724,0.058241997371329,221.78893568691453,249.0486745229364,300.0,-1.7242223661536917e-14,-162.63411940714886,0.0,0.0,-3.336470947429193e-13,-3147.0651646466026,0.0,0.0
1.208610778956136e-14,83.99999999999999,0.0,0.0,0.0,4.363267749186931,0.9999999999999999,2.0,0.005558914137537958,0.063800911508867,226.1321158169133,248.63047384206834,300.0,-1.9071798333095592e-14,-179.8912476894093,0.0,0.0,-3.291244704076313e-13,-3104.406338232026,0.0,0.0
1.1980089300179241e-14,82.99999999999999,0.0,0.0,0.0,4.363267749186956,0.9999999999999999,2.0,0.005111949126305151,0.0689128606351722,230.4673358512868,248.13653791033053,300.0,-2.073934750965464e-14,-195.62010014031316,0.0,0.0,-3.2620613690737787e-13,-3076.87969153802,0.0,0.0
1.1874070810797123e-14,81.99999999999999,0.0,0.0,0.0,4.363267749187002,0.9999999999999999,2.0,0.004758086233203562,0.0736709468683757,234.79327524001633,247.5670171853926,300.0,-2.2281750305886532e-14,-210.1685322602302,0.0,0.0,-3.241645318381314e-13,-3057.622625330553,0.0,0.0
1.1768052321415005e-14,80.99999999999999,0.0,0.0,0.0,4.363267749186969,0.9999999999999999,2.0,0.004468892292217766,0.0781398391605935,239.1086162600577,246.92208514878445,300.0,-2.3723661804680557e-14,-223.76909860670025,0.0,0.0,-3.226552363557752e-13,-3043.3864718902278,0.0,0.0
1.1662033832032887e-14,79.99999999999999,0.0,0.0,0.0,4.363267749186968,0.9999999999999999,2.0,0.004226783421638208,0.0823666225822317,243.41204441673256,246.20193825305202,300.0,-2.50825459472034e-14,-236.586524608924,0.0,0.0,-3.2149367662565707e-13,-3032.430272298173,0.0,0.0
1.155601534265077e-14,78.99999999999999,0.0,0.0,0.0,4.363267749186991,0.9999999999999999,2.0,0.004020219975904321,0.086386842558136,247.7022488441362,245.40679586191598,300.0,-2.6371315504512867e-14,-248.74260761690206,0.0,0.0,-3.2057190030243746e-13,-3023.735785811976,0.0,0.0
1.1449996853268652e-14,77.99999999999999,0.0,0.0,0.0,4.363267749186946,0.9999999999999999,2.0,0.0038412717894694,0.0902281143476054,251.9779227044398,244.53690018345142,300.0,-2.759984067588262e-14,-260.3304464790635,0.0,0.0,-3.198225063734558e-13,-3016.6672647139253,0.0,0.0
1.1343978363886534e-14,76.99999999999999,0.0,0.0,0.0,4.363267749186953,0.9999999999999999,2.0,0.003684284569070856,0.0939123989166763,256.2377635859662,243.59251619630882,300.0,-2.8775868800181984e-14,-271.42311655155106,0.0,0.0,-3.1920121864960836e-13,-3010.8070819526984,0.0,0.0
1.1237959874504416e-14,75.99999999999999,0.0,0.0,0.0,4.36326774918702,0.9999999999999999,2.0,0.0035451032155111722,0.0974575021321874,260.48047389991694,242.57393156899914,300.0,-2.990561429022625e-14,-282.0792341460244,0.0,0.0,-3.186777426116123e-13,-3005.8694900190208,0.0,0.0
1.1131941385122298e-14,74.99999999999999,0.0,0.0,0.0,4.363267749186879,0.9999999999999999,2.0,0.0034205964492474566,0.100878098581435,264.7047612756301,241.48145657226712,300.0,-3.099415290729265e-14,-292.3466754518802,0.0,0.0,-3.1823064580034826e-13,-3001.6523311642413,0.0,0.0
1.102592289574018e-14,73.99999999999999,0.0,0.0,0.0,4.363267749186979,0.9999999999999999,2.0,0.003308353632689748,0.104186452214125,268.90933895424973,240.31542398457975,300.0,-3.204569437032133e-14,-302.2651478726544,0.0,0.0,-3.1784433581659114e-13,-2998.0085329361605,0.0,0.0
1.0919904406358062e-14,72.99999999999999,0.0,0.0,0.0,4.3632677491870115,0.9999999999999999,2.0,0.0032064845951760707,0.107392936809301,273.0929261806842,239.07618899075894,300.0,-3.306377630555758e-14,-311.86801942052966,0.0,0.0,-3.175071967499498e-13,-2994.82853038562,0.0,0.0
1.0813885916975944e-14,71.99999999999999,0.0,0.0,0.0,4.363267749186924,0.9999999999999999,2.0,0.003113483493262875,0.110506420302564,277.2542485937368,237.76412907378847,300.0,-3.405140563986497e-14,-321.183652382887,0.0,0.0,-3.1721039679332646e-13,-2992.029019108335,0.0,0.0
1.0707867427593826e-14,70.99999999999999,0.0,0.0,0.0,4.363267749186964,0.9999999999999999,2.0,0.0030281338192861135,0.11353455412185,281.3920386142891,236.37964389982926,300.0,-3.5011163874888446e-14,-330.23639630158465,0.0,0.0,-3.169471008549222e-13,-2989.5455283518045,0.0,0.0
1.0601848938211708e-14,69.99999999999999,0.0,0.0,0.0,4.3632677491870036,0.9999999999999999,2.0,0.0029494406208083884,0.116483994742658,285.50503583141716,234.92315519647715,300.0,-3.594528692463055e-14,-339.0473410262852,0.0,0.0,-3.167119362064241e-13,-2987.3273808393,0.0,0.0
1.049583044882959e-14,68.99999999999999,0.0,0.0,0.0,4.36326774918698,0.9999999999999999,2.0,0.002876581172373327,0.119360575915031,289.59198738632506,233.3951066243005,300.0,-3.6855726652290945e-14,-347.63489714943404,0.0,0.0,-3.165006210859809e-13,-2985.334189635836,0.0,0.0
1.0389811959447472e-14,67.99999999999999,0.0,0.0,0.0,4.3632677491869964,0.9999999999999999,2.0,0.0028088684412738013,0.122169444356305,293.65164835397803,231.79596364169691,300.0,-3.7744198989269624e-14,-356.0152498799507,0.0,0.0,-3.1630970106088814e-13,-2983.5333714370217,0.0,0.0
1.0283793470065354e-14,66.99999999999999,0.0,0.0,0.0,4.363267749186886,0.9999999999999999,2.0,0.002745723601348088,0.124915167957653,297.6827821223184,230.12621336311014,300.0,-3.8612222049613914e-14,-364.2027185507757,0.0,0.0,-3.161363583421545e-13,-2981.898347963776,0.0,0.0
1.0177774980683236e-14,65.99999999999999,0.0,0.0,0.0,4.363267749187026,0.9999999999999999,2.0,0.0026866550600807004,0.127601823017734,301.68416076895005,228.3863644106503,300.0,-3.946114667170315e-14,-372.21004469772254,0.0,0.0,-3.159782715328321e-13,-2980.4072230643146,0.0,0.0
1.0071756491301118e-14,64.99999999999999,0.0,0.0,0.0,4.363267749186905,0.9999999999999999,2.0,0.0026312422499217836,0.130233065267656,305.6545654351748,226.57694675916255,300.0,-4.0292181149519576e-14,-380.0486253326641,0.0,0.0,-3.1583351089818053e-13,-2979.041794868772,0.0,0.0
9.965738001919e-15,63.999999999999986,0.0,0.0,0.0,4.363267749187024,0.9999999999999999,2.0,0.0025791229553001616,0.132812188222956,309.59278669726933,224.69851157479178,300.0,-4.110641145054653e-14,-387.72870364515785,0.0,0.0,-3.1570045908578806e-13,-2977.7868079965033,0.0,0.0
9.859719512536882e-15,62.999999999999986,0.0,0.0,0.0,4.363267749186968,0.9999999999999999,2.0,0.0025299832984521653,0.135342171521408,313.4976249348867,222.75163104709202,300.0,-4.1904817888315585e-14,-395.25952626319565,0.0,0.0,-3.1557775035808193e-13,-2976.6293803777808,0.0,0.0
9.753701023154764e-15,61.999999999999986,0.0,0.0,0.0,4.36326774918696,0.9999999999999999,2.0,0.0024835497489361924,0.137825721270344,317.36789069647267,220.73689821473178,300.0,-4.2688288981338136e-14,-402.64947397503977,0.0,0.0,-3.154642234801797e-13,-2975.558558877082,0.0,0.0
9.647682533772646e-15,60.999999999999986,0.0,0.0,0.0,4.363267749186957,0.9999999999999999,2.0,0.002439582690581893,0.140265303960926,321.2024050615842,218.65492678484898,300.0,-4.3457633058066286e-14,-409.9061711908927,0.0,0.0,-3.153588848200282e-13,-2974.564971241877,0.0,0.0
9.541664044390528e-15,59.999999999999986,0.0,0.0,0.0,4.363267749186997,0.9999999999999999,2.0,0.0023978711993491164,0.142663175160275,325.0,216.5063509461097,300.0,-4.421358804046517e-14,-417.0365782246529,0.0,0.0,-3.152608791515077e-13,-2973.6405507083537,0.0,0.0
9.43564555500841e-15,58.999999999999986,0.0,0.0,0.0,4.363267749186878,0.9999999999999999,2.0,0.002358228771598747,0.145021403931874,328.75951872751347,214.29182517552815,300.0,-4.4956829743979145e-14,-424.04706958182686,0.0,0.0,-3.1516946636610673e-13,-2972.7783163383488,0.0,0.0
9.329627065626292e-15,57.999999999999986,0.0,0.0,0.0,4.363267749187036,0.9999999999999999,2.0,0.002320489804877368,0.147341893736751,332.4798160583012,212.0120240391065,300.0,-4.568797895999408e-14,-430.9435007635586,0.0,0.0,-3.1508400273000616e-13,-2971.97219623043,0.0,0.0
9.223608576244174e-15,56.999999999999986,0.0,0.0,0.0,4.363267749186983,0.9999999999999999,2.0,0.0022845066793935054,0.149626400416145,336.15975875375676,209.66764198635605,300.0,-4.6407607532258964e-14,-437.73126558136465,0.0,0.0,-3.150039256860196e-13,-2971.216884166916,0.0,0.0
9.117590086862056e-15,55.999999999999986,0.0,0.0,0.0,4.363267749186979,0.9999999999999999,2.0,0.0022501473226449187,0.15187654773879,339.7982258676867,207.25939313876046,300.0,-4.711624359666341e-14,-444.4153455803763,0.0,0.0,-3.149287414530189e-13,-2970.5077226476474,0.0,0.0
9.011571597479938e-15,54.999999999999986,0.0,0.0,0.0,4.363267749186935,0.9999999999999999,2.0,0.0022172931654244055,0.154093840904214,343.3941090877615,204.78801107224797,300.0,-4.7814376120996736e-14,-451.0003528597866,0.0,0.0,-3.148580148172244e-13,-2969.8406065982917,0.0,0.0
8.90555310809782e-15,53.999999999999986,0.0,0.0,0.0,4.363267749186957,0.9999999999999999,2.0,0.0021858374169727024,0.156279678321187,346.94631307311823,202.2542485937369,300.0,-4.850245885576858e-14,-457.49056733824244,0.0,0.0,-3.1479136070641974e-13,-2969.2119038956507,0.0,0.0
8.799534618715702e-15,52.999999999999986,0.0,0.0,0.0,4.363267749186991,0.9999999999999999,2.0,0.0021556836020088788,0.158435361923196,350.4537557880121,199.65887751182328,300.0,-4.9180913786846765e-14,-463.88996932021996,0.0,0.0,-3.1472843716301146e-13,-2968.618389087306,0.0,0.0
8.693516129333585e-15,51.999999999999986,0.0,0.0,0.0,4.363267749186989,0.9999999999999999,2.0,0.002126744313906165,0.160562106237102,353.9153688314146,197.00268840168053,300.0,-4.985013416464489e-14,-470.2022680682815,0.0,0.0,-3.1466893947818926e-13,-2968.057188063115,0.0,0.0
8.587497639951467e-15,50.999999999999986,0.0,0.0,0.0,4.36326774918692,0.9999999999999999,2.0,0.002098940147257672,0.16266104638436,357.33009776245933,194.28649036424278,300.0,-5.0510487171649126e-14,-476.43092696403465,0.0,0.0,-3.1461259525051734e-13,-2967.52573144645,0.0,0.0
8.481479150569349e-15,49.999999999999986,0.0,0.0,0.0,4.363267749186966,0.9999999999999999,2.0,0.002072198780103701,0.164733245164463,360.6969024216348,191.51111077974454,300.0,-5.116231627972118e-14,-482.5791857429604,0.0,0.0,-3.1455916021697095e-13,-2967.021715271004,0.0,0.0
8.37546066118723e-15,48.999999999999986,0.0,0.0,0.0,4.363267749186981,0.9999999999999999,2.0,0.00204645418163682,0.1667796993461,364.0147572476268,188.67739505569304,300.0,-5.18059433401636e-14,-488.6500802085722,0.0,0.0,-3.145084147095974e-13,-2966.5430675589764,0.0,0.0
8.269442171805113e-15,47.999999999999986,0.0,0.0,0.0,4.363267749186991,0.9999999999999999,2.0,0.0020216459256006125,0.168801345271701,367.28265158971453,185.78620636934858,300.0,-5.244167044267202e-14,-494.64645976664247,0.0,0.0,-3.1446016063349547e-13,-2966.0879198165176,0.0,0.0
8.163423682422995e-15,46.999999999999986,0.0,0.0,0.0,4.363267749186974,0.9999999999999999,2.0,0.0019977185931117913,0.170799063864813,370.4995900156246,182.83842540479264,300.0,-5.306978157367794e-14,-500.57100306721753,0.0,0.0,-3.1441421888531843e-13,-2965.6545826840247,0.0,0.0
8.057405193040877e-15,45.999999999999986,0.0,0.0,0.0,4.363267749186955,0.9999999999999999,2.0,0.0019746212514594186,0.172773685116272,373.6645926147493,179.83495008466284,300.0,-5.3690544099918396e-14,-506.4262319981172,0.0,0.0,-3.1437042712958567e-13,-2965.2415249618844,0.0,0.0
7.951386703658759e-15,44.999999999999986,0.0,0.0,0.0,4.363267749187002,0.9999999999999999,2.0,0.0019523069977151197,0.174725992113987,376.7766952966369,176.7766952966369,300.0,-5.430421009922957e-14,-512.2145242374016,0.0,0.0,-3.1432863787784186e-13,-2964.847355492119,0.0,0.0
7.845368214276641e-15,43.999999999999986,0.0,0.0,0.0,4.363267749186922,0.9999999999999999,2.0,0.0019307325578392376,0.176656724671826,379.83495008466275,173.66459261474935,300.0,-5.491101755738124e-14,-517.9381245422935,0.0,0.0,-3.142887168333511e-13,-2964.470807545397,0.0,0.0
7.739349724894523e-15,42.999999999999986,0.0,0.0,0.0,4.363267749186894,0.9999999999999999,2.0,0.0019098579334804189,0.178566582605307,382.83842540479253,170.4995900156247,300.0,-5.551119144706002e-14,-523.5991549264901,0.0,0.0,-3.1425054144475675e-13,-2964.110725178512,0.0,0.0
7.633331235512405e-15,41.999999999999986,0.0,0.0,0.0,4.363267749187013,0.9999999999999999,2.0,0.0018896460899040235,0.180456228695211,385.7862063693485,167.28265158971462,300.0,-5.6104944702900804e-14,-529.1996238569682,0.0,0.0,-3.1421399965479176e-13,-2963.766051431641,0.0,0.0
7.527312746130287e-15,40.999999999999986,0.0,0.0,0.0,4.363267749186972,0.9999999999999999,2.0,0.0018700626795073172,0.182326291374718,388.67739505569295,164.01475724762687,300.0,-5.669247910452358e-14,-534.7414345830686,0.0,0.0,-3.1417898879066904e-13,-2963.435817862754,0.0,0.0
7.421294256748169e-15,39.999999999999986,0.0,0.0,0.0,4.36326774918696,0.9999999999999999,2.0,0.00185107579622118,0.184177367170939,391.51111077974446,160.6969024216349,300.0,-5.727398607801261e-14,-540.2263926963003,0.0,0.0,-3.141454146157193e-13,-2963.119135601497,0.0,0.0
7.315275767366051e-15,38.999999999999986,0.0,0.0,0.0,4.363267749186966,0.9999999999999999,2.0,0.001832655756803414,0.186010022927743,394.2864903642427,157.33009776245945,300.0,-5.78496474248057e-14,-545.6562130054566,0.0,0.0,-3.1411319046473687e-13,-2962.8151871943433,0.0,0.0
7.209257277983933e-15,37.999999999999986,0.0,0.0,0.0,4.363267749186982,0.9999999999999999,2.0,0.0018147749056098006,0.187824797833353,397.0026884016805,153.91536883141464,300.0,-5.841963598592611e-14,-551.0325258018597,0.0,0.0,-3.140822365123505e-13,-2962.5232197028668,0.0,0.0
7.103238788601816e-15,36.999999999999986,0.0,0.0,0.0,4.363267749186955,0.9999999999999999,2.0,0.0017974074399227102,0.189622205273275,399.65887751182316,150.45375578801213,300.0,-5.89841162483872e-14,-556.3568825791667,0.0,0.0,-3.140524791003231e-13,-2962.242538361783,0.0,0.0
6.997220299219699e-15,35.999999999999986,0.0,0.0,0.0,4.363267749186963,0.9999999999999999,2.0,0.00178052925332578,0.191402734526601,402.2542485937368,146.94631307311835,300.0,-5.954324489984618e-14,-561.6307612650226,0.0,0.0,-3.1402385016398867e-13,-2961.972501156589,0.0,0.0
6.8912018098375815e-15,34.999999999999986,0.0,0.0,0.0,4.363267749186997,0.9999999999999999,2.0,0.0017641177949629105,0.193166852321564,404.7880110722479,143.39410908776156,300.0,-6.009717133676221e-14,-566.8555710141932,0.0,0.0,-3.139962866978964e-13,-2961.712513806634,0.0,0.0
6.785183320455464e-15,33.999999999999986,0.0,0.0,0.0,4.363267749186927,0.9999999999999999,2.0,0.0017481519428109438,0.194915004264375,407.25939313876034,139.79822586768677,300.0,-6.064603813078431e-14,-572.0326566076678,0.0,0.0,-3.139697303081941e-13,-2961.462025520593,0.0,0.0
6.679164831073347e-15,32.999999999999986,0.0,0.0,0.0,4.363267749186979,0.9999999999999999,2.0,0.0017326118893472853,0.196647616153722,409.66764198635593,136.15975875375682,300.0,-6.118998145744963e-14,-577.163302496281,0.0,0.0,-3.1394412678897273e-13,-2961.2205250109123,0.0,0.0
6.57314634169123e-15,31.999999999999986,0.0,0.0,0.0,4.363267749186935,0.9999999999999999,2.0,0.001717479038204267,0.198365095191926,412.0120240391064,132.4798160583013,300.0,-6.172913149086594e-14,-582.2487365234823,0.0,0.0,-3.1391942575323636e-13,-2960.987537011515,0.0,0.0
6.467127852309113e-15,30.999999999999986,0.0,0.0,0.0,4.363267749186973,0.9999999999999999,2.0,0.001702735910583425,0.20006783110251,414.291825175528,128.75951872751364,300.0,-6.22636127676376e-14,-587.2901333580028,0.0,0.0,-3.1389558031258695e-13,-2960.7626192561397,0.0,0.0
6.361109362926996e-15,29.999999999999986,0.0,0.0,0.0,4.363267749187019,0.9999999999999999,2.0,0.001688366060359936,0.20175619716287,416.50635094610965,125.00000000000006,300.0,-6.279354452287172e-14,-592.2886176631707,0.0,0.0,-3.138725467634331e-13,-2960.5453595189792,0.0,0.0
6.2550908735448785e-15,28.999999999999986,0.0,0.0,0.0,4.363267749186947,0.9999999999999999,2.0,0.001674353996937994,0.203430551159808,418.6549267848489,121.20240506158432,300.0,-6.331904100088778e-14,-597.245267027623,0.0,0.0,-3.138502843347776e-13,-2960.3353732345713,0.0,0.0
6.149072384162761e-15,27.999999999999986,0.0,0.0,0.0,4.363267749187036,0.9999999999999999,2.0,0.001660685115035393,0.205091236274843,420.7368982147318,117.36789069647274,300.0,-6.384021174288521e-14,-602.1611146786774,0.0,0.0,-3.13828754939085e-13,-2960.132301149531,0.0,0.0
6.043053894780644e-15,26.999999999999986,0.0,0.0,0.0,4.3632677491869725,0.9999999999999999,2.0,0.0016473456306732581,0.206738581905516,422.751631047092,113.49762493488673,300.0,-6.435716185363492e-14,-607.037151997852,0.0,0.0,-3.138079229544784e-13,-2959.935807266956,0.0,0.0
5.937035405398527e-15,25.999999999999986,0.0,0.0,0.0,4.363267749186968,0.9999999999999999,2.0,0.0016343225227328506,0.208372904428249,424.6985115747918,109.59278669726937,300.0,-6.486999224904346e-14,-611.8743308559676,0.0,0.0,-3.1378775503319984e-13,-2959.745577040138,0.0,0.0
5.83101691601641e-15,24.999999999999986,0.0,0.0,0.0,4.363267749186948,0.9999999999999999,2.0,0.0016216034795164536,0.209994507907766,426.5769467591625,105.6545654351749,300.0,-6.537879988622795e-14,-616.673565783289,0.0,0.0,-3.137682199203324e-13,-2959.5613156629433,0.0,0.0
5.724998426634293e-15,23.999999999999986,0.0,0.0,0.0,4.363267749186958,0.9999999999999999,2.0,0.001609176849813737,0.211603684757579,428.38636441065023,101.6841607689501,300.0,-6.588367797758764e-14,-621.435735988714,0.0,0.0,-3.137492882886852e-13,-2959.382746511833,0.0,0.0
5.6189799372521755e-15,22.999999999999986,0.0,0.0,0.0,4.363267749186973,0.9999999999999999,2.0,0.0015970315980309568,0.21320071635561,430.1262133631101,97.68278212231847,300.0,-6.638471619023164e-14,-626.1616872408407,0.0,0.0,-3.137309326012993e-13,-2959.2096098496304,0.0,0.0
5.512961447870058e-15,21.999999999999986,0.0,0.0,0.0,4.363267749186979,0.9999999999999999,2.0,0.0015851572629909938,0.214785873618601,431.79596364169686,93.65164835397803,300.0,-6.688200083193861e-14,-630.8522336219971,0.0,0.0,-3.137131269667603e-13,-2959.0416614601054,0.0,0.0
5.406942958487941e-15,20.999999999999986,0.0,0.0,0.0,4.363267749186954,0.9999999999999999,2.0,0.0015735439200539325,0.216359417538655,433.39510662430047,89.59198738632512,300.0,-6.737561502476743e-14,-635.5081591657928,0.0,0.0,-3.1369584702275074e-13,-2958.878671550573,0.0,0.0
5.300924469105824e-15,19.999999999999986,0.0,0.0,0.0,4.363267749186959,0.9999999999999999,2.0,0.001562182146246427,0.217921599684902,434.92315519647707,85.50503583141722,300.0,-6.786563886730866e-14,-640.130219387525,0.0,0.0,-3.136790698310368e-13,-2958.720423759803,0.0,0.0
5.194905979723707e-15,18.999999999999986,0.0,0.0,0.0,4.3632677491869725,0.9999999999999999,2.0,0.0015510629881221871,0.219472662673024,436.3796438998292,81.3920386142892,300.0,-6.835214958643924e-14,-644.7191427155785,0.0,0.0,-3.136627737598055e-13,-2958.566714050179,0.0,0.0
5.0888874903415896e-15,17.999999999999986,0.0,0.0,0.0,4.363267749186964,0.9999999999999999,2.0,0.0015401779321032039,0.221012840605127,437.7641290737884,77.2542485937369,300.0,-6.883522167944756e-14,-649.2756318319929,0.0,0.0,-3.1364693840838025e-13,-2958.417349995529,0.0,0.0
4.9828690009594724e-15,16.999999999999986,0.0,0.0,0.0,4.363267749186983,0.9999999999999999,2.0,0.0015295188770795554,0.222542359482207,439.07618899075885,73.0929261806842,300.0,-6.931492704722126e-14,-653.8003649287335,0.0,0.0,-3.136315445087203e-13,-2958.2721498541537,0.0,0.0
4.876850511577355e-15,15.999999999999986,0.0,0.0,0.0,4.363267749186981,0.9999999999999999,2.0,0.0015190781090666794,0.224061437591273,440.31542398457975,68.90933895424982,300.0,-6.979133511920257e-14,-658.2939968863085,0.0,0.0,-3.1361657385347196e-13,-2958.1309418880683,0.0,0.0
4.770832022195238e-15,14.999999999999986,0.0,0.0,0.0,4.363267749186965,0.9999999999999999,2.0,0.0015088482777401158,0.225570285869014,441.4814565722671,64.70476127563022,300.0,-7.026451297071886e-14,-662.7571603804688,0.0,0.0,-3.136020092258669e-13,-2957.9935637034596,0.0,0.0
4.664813532813121e-15,13.999999999999986,0.0,0.0,0.0,4.363267749186955,0.9999999999999999,2.0,0.0014988223746858764,0.227069108243699,442.5739315689991,60.48047389991696,300.0,-7.073452543323325e-14,-667.1904669221262,0.0,0.0,-3.1358783432419705e-13,-2957.8598615373376,0.0,0.0
4.558795043431004e-15,12.999999999999986,0.0,0.0,0.0,4.3632677491869725,0.9999999999999999,2.0,0.001488993713219311,0.228558101956919,443.5925161963088,56.23776358596627,300.0,-7.120143519806918e-14,-671.5945078357171,0.0,0.0,-3.1357403371867677e-13,-2957.729689851407,0.0,0.0
4.4527765540488866e-15,11.999999999999986,0.0,0.0,0.0,4.36326774918696,0.9999999999999999,2.0,0.0014793559096418496,0.230037457866561,444.5369001834514,51.97792270443986,300.0,-7.166530291401217e-14,-675.9698551798119,0.0,0.0,-3.1356059276857466e-13,-2957.6029105491693,0.0,0.0
4.346758064666769e-15,10.999999999999986,0.0,0.0,0.0,4.363267749186966,0.9999999999999999,2.0,0.001469902865814443,0.231507360732375,445.40679586191595,47.70224884413623,300.0,-7.212618727930331e-14,-680.3170626148283,0.0,0.0,-3.135474975999678e-13,-2957.479392767661,0.0,0.0
4.240739575284652e-15,9.999999999999986,0.0,0.0,0.0,4.3632677491869805,0.9999999999999999,2.0,0.0014606287529411732,0.232967989485316,446.20193825305205,43.41204441673261,300.0,-7.258414512834601e-14,-684.6366662208758,0.0,0.0,-3.1353473503827746e-13,-2957.359012240039,0.0,0.0
4.134721085902535e-15,8.999999999999986,0.0,0.0,0.0,4.363267749186964,0.9999999999999999,2.0,0.0014515279964642525,0.23441951748178,446.92208514878445,39.108616260057744,300.0,-7.303923151352606e-14,-688.9291852695088,0.0,0.0,-3.1352229256933687e-13,-2957.241650928607,0.0,0.0
4.028702596520418e-15,7.999999999999986,0.0,0.0,0.0,4.363267749186966,0.9999999999999999,2.0,0.0014425952619816773,0.235862112743762,447.5670171853926,34.79327524001639,300.0,-7.349149978246895e-14,-693.1951229524426,0.0,0.0,-3.135101582973524e-13,-2957.127196628741,0.0,0.0
3.922684107138301e-15,6.999999999999986,0.0,0.0,0.0,4.36326774918697,0.9999999999999999,2.0,0.0014338254421064067,0.237295938185869,448.1365379103305,30.467335851286894,300.0,-7.394100165105688e-14,-697.434967070272,0.0,0.0,-3.134983209166486e-13,-2957.0155427014483,0.0,0.0
3.8166656177561835e-15,5.999999999999986,0.0,0.0,0.0,4.363267749186965,0.9999999999999999,2.0,0.0014252136441943175,0.238721151830063,448.63047384206834,26.132115816913394,300.0,-7.438778727244792e-14,-701.6491906834827,0.0,0.0,-3.1348676965804106e-13,-2956.906587568524,0.0,0.0
3.710647128374066e-15,4.999999999999986,0.0,0.0,0.0,4.36326774918697,0.9999999999999999,2.0,0.001416755178872936,0.240137907008936,449.0486745229364,21.788935686914567,300.0,-7.483190530240907e-14,-705.838252728693,0.0,0.0,-3.134754942730882e-13,-2956.8002345632676,0.0,0.0
3.604628638991949e-15,3.999999999999986,0.0,0.0,0.0,4.363267749186965,0.9999999999999999,2.0,0.001408445549310633,0.241546352558246,449.3910125649561,17.439118436031354,300.0,-7.527340296116394e-14,-710.0025986020208,0.0,0.0,-3.134644849926654e-13,-2956.696391540393,0.0,0.0
3.498610149609832e-15,2.999999999999986,0.0,0.0,0.0,4.363267749186968,0.9999999999999999,2.0,0.0014002804411698544,0.242946632999416,449.65738368864345,13.083989060735982,300.0,-7.571232609201109e-14,-714.1426607119907,0.0,0.0,-3.1345373251122357e-13,-2956.5949707268055,0.0,0.0
3.392591660227715e-15,1.9999999999999858,0.0,0.0,0.0,4.363267749186971,0.9999999999999999,2.0,0.001392278503674349,0.244338911503091,449.847706754774,8.724874175625267,300.0,-7.614747272354259e-14,-718.2471016832548,0.0,0.0,-3.125428069047276e-13,-2948.0028316403796,0.0,0.0
3.2865731708455977e-15,0.9999999999999859,0.0,0.0,0.0,4.363267749186966,0.9999999999999999,2.0,0.001388888888888884,0.24572780039198,449.9619237890978,4.363101609320902,300.0,-7.633331235512463e-14,-720.0000000000025,0.0,0.0,-1.338045347390704e-13,-1262.086788058382,0.0,0.0
3.1805546814634805e-15,-1.3988810110276972e-14,0.0,0.0,0.0,4.363267749186968,0.9999999999999999,2.0,0.001388888888888884,0.247116689280868,450.0,2.272536569798764e-14,300.0,-7.633331235512463e-14,-720.0000000000025,0.0,0.0,0.0,0.0,0.0,0.0
3.0745361920813633e-15,-1.0000000000000138,0.0,0.0,0.0,4.363267749186968,0.9999999999999999,2.0,0.001388888888888884,0.248505578169757,449.9619237890978,-4.3631016093208554,300.0,-7.633331235512463e-14,-720.0000000000024,0.0,0.0,0.0,8.185452315956384e-11,0.0,0.0
2.968517702699246e-15,-2.0000000000000138,0.0,0.0,0.0,4.363267749186966,0.9999999999999999,2.0,0.001388888888888884,0.249894467058646,449.847706754774,-8.72487417562522,300.0,-7.633331235512463e-14,-720.0000000000026,0.0,0.0,0.0,-1.6370904631912768e-10,0.0,0.0
2.862499213317129e-15,-3.0000000000000138,0.0,0.0,0.0,4.363267749186969,0.9999999999999999,2.0,0.001392278503674349,0.251286745562321,449.65738368864345,-13.083989060735934,300.0,-7.614747272354259e-14,-718.2471016832548,0.0,0.0,1.334787767616852e-13,1259.0141355496064,0.0,0.0
2.7564807239350118e-15,-4.000000000000013,0.0,0.0,0.0,4.363267749186971,0.9999999999999999,2.0,0.0014002804411698544,0.25268702600349,449.39101256495604,-17.439118436031304,300.0,-7.571232609201109e-14,-714.1426607119904,0.0,0.0,3.1075677324176216e-13,2931.156395954032,0.0,0.0
2.6504622345528946e-15,-5.000000000000013,0.0,0.0,0.0,4.363267749186968,0.9999999999999999,2.0,0.001408445549310633,0.254095471552801,449.0486745229364,-21.788935686914524,300.0,-7.527340296116394e-14,-710.0025986020208,0.0,0.0,3.116365634880139e-13,2939.4548564521547,0.0,0.0
2.5444437451707774e-15,-6.000000000000013,0.0,0.0,0.0,4.363267749186967,0.9999999999999999,2.0,0.0014167551788729638,0.255512226731674,448.63047384206834,-26.13211581691335,300.0,-7.48319053024076e-14,-705.8382527286791,0.0,0.0,3.1162593604037295e-13,2939.3546149974222,0.0,0.0
2.4384252557886603e-15,-7.000000000000013,0.0,0.0,0.0,4.3632677491869725,0.9999999999999999,2.0,0.0014252136441942898,0.256937440375868,448.1365379103305,-30.467335851286855,300.0,-7.438778727244937e-14,-701.6491906834964,0.0,0.0,3.1161505628814473e-13,2939.2519937254,0.0,0.0
2.332406766406543e-15,-8.000000000000012,0.0,0.0,0.0,4.363267749186966,0.9999999999999999,2.0,0.0014338254421064067,0.258371265817975,447.56701718539256,-34.79327524001634,300.0,-7.394100165105688e-14,-697.4349670702715,0.0,0.0,3.1160391514334424e-13,2939.1469069162927,0.0,0.0
2.226388277024426e-15,-9.000000000000012,0.0,0.0,0.0,4.363267749186973,0.9999999999999999,2.0,0.0014425952619816496,0.259813861079956,446.9220851487844,-39.1086162600577,300.0,-7.349149978247036e-14,-693.195122952456,0.0,0.0,3.115925030621888e-13,2939.0392645483194,0.0,0.0
2.1203697876423088e-15,-10.000000000000012,0.0,0.0,0.0,4.363267749186964,0.9999999999999999,2.0,0.0014515279964642525,0.261265389076421,446.201938253052,-43.41204441673257,300.0,-7.303923151352606e-14,-688.9291852695088,0.0,0.0,3.1158081004704763e-13,2938.9289723233087,0.0,0.0
2.0143512982601916e-15,-11.000000000000012,0.0,0.0,0.0,4.36326774918697,0.9999999999999999,2.0,0.0014606287529411732,0.262726017829362,445.40679586191595,-47.702248844136186,300.0,-7.258414512834601e-14,-684.6366662208758,0.0,0.0,3.1156882559217795e-13,2938.8159311457293,0.0,0.0
1.9083328088780744e-15,-12.000000000000012,0.0,0.0,0.0,4.363267749186953,0.9999999999999999,2.0,0.001469902865814443,0.264195920695176,444.5369001834514,-51.977922704439806,300.0,-7.212618727930331e-14,-680.3170626148283,0.0,0.0,3.1155653866213485e-13,2938.7000369266607,0.0,0.0
1.8023143194959572e-15,-13.000000000000012,0.0,0.0,0.0,4.363267749186973,0.9999999999999999,2.0,0.0014793559096418774,0.265675276604818,443.5925161963088,-56.23776358596623,300.0,-7.166530291401083e-14,-675.9698551797992,0.0,0.0,3.115439376613899e-13,2938.5811802931516,0.0,0.0
1.69629583011384e-15,-14.000000000000012,0.0,0.0,0.0,4.363267749186965,0.9999999999999999,2.0,0.001488993713219311,0.267164270318037,442.5739315689991,-60.48047389991691,300.0,-7.120143519806918e-14,-671.5945078357171,0.0,0.0,3.115310103887136e-13,2938.45924615914,0.0,0.0
1.5902773407317229e-15,-15.000000000000012,0.0,0.0,0.0,4.363267749186989,0.9999999999999999,2.0,0.0014988223746858487,0.268663092692723,441.48145657226706,-64.70476127563019,300.0,-7.073452543323455e-14,-667.1904669221386,0.0,0.0,3.1151774401052264e-13,2938.334113474612,0.0,0.0
1.4842588513496057e-15,-16.00000000000001,0.0,0.0,0.0,4.363267749186952,0.9999999999999999,2.0,0.0015088482777401713,0.270171940970463,440.3154239845797,-68.90933895424978,300.0,-7.026451297071627e-14,-662.7571603804432,0.0,0.0,3.1150412500203644e-13,2938.2056546700924,0.0,0.0
1.3782403619674885e-15,-17.00000000000001,0.0,0.0,0.0,4.363267749186965,0.9999999999999999,2.0,0.0015190781090666516,0.27169101907953,439.07618899075885,-73.09292618068416,300.0,-6.979133511920384e-14,-658.2939968863205,0.0,0.0,3.114901391101974e-13,2938.0737353031363,0.0,0.0
1.2722218725853714e-15,-18.00000000000001,0.0,0.0,0.0,4.363267749186987,0.9999999999999999,2.0,0.0015295188770795276,0.27322053795661,437.76412907378835,-77.25424859373685,300.0,-6.931492704722253e-14,-653.8003649287454,0.0,0.0,3.11475771316384e-13,2937.9382137181315,0.0,0.0
1.1662033832032542e-15,-19.00000000000001,0.0,0.0,0.0,4.363267749186964,0.9999999999999999,2.0,0.0015401779321032039,0.274760715888713,436.37964389982915,-81.39203861428915,300.0,-6.883522167944756e-14,-649.2756318319929,0.0,0.0,3.1146100575529e-13,2937.79894026509,0.0,0.0
1.060184893821137e-15,-20.00000000000001,0.0,0.0,0.0,4.363267749186967,0.9999999999999999,2.0,0.0015510629881221871,0.276311778876835,434.92315519647707,-85.50503583141717,300.0,-6.835214958643924e-14,-644.7191427155785,0.0,0.0,3.1144582567414434e-13,2937.6557569275265,0.0,0.0
9.541664044390198e-16,-21.00000000000001,0.0,0.0,0.0,4.363267749186966,0.9999999999999999,2.0,0.001562182146246427,0.277873961023081,433.3951066243004,-89.59198738632506,300.0,-6.786563886730866e-14,-640.130219387525,0.0,0.0,3.114302133714391e-13,2937.5084967394255,0.0,0.0
8.481479150569027e-16,-22.00000000000001,0.0,0.0,0.0,4.36326774918696,0.9999999999999999,2.0,0.0015735439200539325,0.279447504943135,431.79596364169686,-93.651648353978,300.0,-6.737561502476743e-14,-635.5081591657928,0.0,0.0,3.1141415012072657e-13,2937.3569830664833,0.0,0.0
7.421294256747855e-16,-23.00000000000001,0.0,0.0,0.0,4.363267749186965,0.9999999999999999,2.0,0.0015851572629910216,0.281032662206126,430.1262133631101,-97.68278212231843,300.0,-6.688200083193744e-14,-630.8522336219861,0.0,0.0,3.1139761609431403e-13,2937.2010288881097,0.0,0.0
6.361109362926683e-16,-24.00000000000001,0.0,0.0,0.0,4.363267749186948,0.9999999999999999,2.0,0.001597031598030929,0.282629693804157,428.38636441065023,-101.68416076895002,300.0,-6.63847161902328e-14,-626.1616872408516,0.0,0.0,3.1138059028874025e-13,2937.0404360926373,0.0,0.0
5.300924469105512e-16,-25.00000000000001,0.0,0.0,0.0,4.363267749186958,0.9999999999999999,2.0,0.0016091768498137649,0.284238870653971,426.5769467591625,-105.65456543517483,300.0,-6.58836779775865e-14,-621.4357359887033,0.0,0.0,3.1136305043431323e-13,2936.8749946255252,0.0,0.0
4.2407395752843393e-16,-26.00000000000001,0.0,0.0,0.0,4.363267749186998,0.9999999999999999,2.0,0.0016216034795164536,0.285860474133487,424.6985115747917,-109.59278669726933,300.0,-6.537879988622799e-14,-616.673565783289,0.0,0.0,3.113449728839164e-13,2936.7044814398046,0.0,0.0
3.180554681463167e-16,-27.00000000000001,0.0,0.0,0.0,4.363267749186994,0.9999999999999999,2.0,0.0016343225227328229,0.28749479665622,422.7516310470919,-113.49762493488669,300.0,-6.486999224904459e-14,-611.8743308559781,0.0,0.0,3.113263325360021e-13,2936.528659768973,0.0,0.0
2.120369787641995e-16,-28.00000000000001,0.0,0.0,0.0,4.363267749186934,0.9999999999999999,2.0,0.0016473456306732581,0.289142142286894,420.7368982147317,-117.36789069647266,300.0,-6.435716185363496e-14,-607.037151997852,0.0,0.0,3.1130710268739713e-13,2936.347277741086,0.0,0.0
1.0601848938208227e-16,-29.00000000000001,0.0,0.0,0.0,4.363267749186928,0.9999999999999999,2.0,0.0016606851150354207,0.290802827401929,418.654926784849,-121.20240506158423,300.0,-6.384021174288418e-14,-602.1611146786674,0.0,0.0,3.112872549229522e-13,2936.1600673349485,0.0,0.0
-3.4956398862606086e-29,-30.00000000000001,0.0,0.0,0.0,4.363267749186975,0.9999999999999999,2.0,0.001674353996937994,0.292477181398867,416.5063509461097,-124.99999999999997,300.0,-6.331904100088781e-14,-597.245267027623,0.0,0.0,3.112667589706054e-13,2935.966743015178,0.0,0.0
-1.0601848938215218e-16,-31.00000000000001,0.0,0.0,0.0,4.36326774918699,0.9999999999999999,2.0,0.001688366060359936,0.294165547459227,414.2918251755281,-128.75951872751355,300.0,-6.279354452287176e-14,-592.2886176631707,0.0,0.0,3.1124558255098995e-13,2935.7670003124467,0.0,0.0
-2.120369787642694e-16,-32.00000000000001,0.0,0.0,0.0,4.3632677491869485,0.9999999999999999,2.0,0.0017027359105833972,0.29586828336981,412.0120240391065,-132.4798160583012,300.0,-6.226361276763864e-14,-587.2901333580103,0.0,0.0,3.1122369120150477e-13,2935.56051416561,0.0,0.0
-3.180554681463866e-16,-33.00000000000001,0.0,0.0,0.0,4.363267749186959,0.9999999999999999,2.0,0.0017174790382042948,0.297585762408015,409.66764198635605,-136.15975875375673,300.0,-6.172913149086498e-14,-582.2487365234729,0.0,0.0,3.112010480969159e-13,2935.346937222842,0.0,0.0
-4.2407395752850385e-16,-34.00000000000001,0.0,0.0,0.0,4.363267749186979,0.9999999999999999,2.0,0.001732611889347313,0.299318374297362,407.25939313876046,-139.79822586768668,300.0,-6.118998145744869e-14,-577.1633024962716,0.0,0.0,3.1117761382752207e-13,2935.125897766385,0.0,0.0
-5.300924469106211e-16,-35.00000000000001,0.0,0.0,0.0,4.363267749186927,0.9999999999999999,2.0,0.001748151942810916,0.301066526240173,404.788011072248,-143.39410908776148,300.0,-6.06460381307853e-14,-572.0326566076769,0.0,0.0,3.111533461952718e-13,2934.8969977660813,0.0,0.0
-6.361109362927383e-16,-36.00000000000001,0.0,0.0,0.0,4.363267749186997,0.9999999999999999,2.0,0.0017641177949629383,0.302830644035136,402.2542485937369,-146.94631307311826,300.0,-6.009717133676131e-14,-566.8555710141842,0.0,0.0,3.1112819993719403e-13,2934.6598102886305,0.0,0.0
-7.421294256748555e-16,-37.00000000000001,0.0,0.0,0.0,4.363267749186963,0.9999999999999999,2.0,0.0017805292533257244,0.304611173288461,399.6588775118233,-150.45375578801205,300.0,-5.954324489984803e-14,-561.6307612650401,0.0,0.0,3.111021264484385e-13,2934.41387687682,0.0,0.0
-8.481479150569727e-16,-38.00000000000001,0.0,0.0,0.0,4.363267749186989,0.9999999999999999,2.0,0.001797407439922738,0.306408580728384,397.00268840168053,-153.91536883141455,300.0,-5.89841162483863e-14,-556.3568825791582,0.0,0.0,3.110750734879409e-13,2934.1587047779035,0.0,0.0
-9.541664044390899e-16,-39.00000000000001,0.0,0.0,0.0,4.363267749186982,0.9999999999999999,2.0,0.0018147749056098283,0.308223355633994,394.28649036424275,-157.33009776245936,300.0,-5.841963598592479e-14,-551.0325258018513,0.0,0.0,3.110469847894571e-13,2933.89376326962,0.0,0.0
-1.060184893821207e-15,-40.00000000000001,0.0,0.0,0.0,4.36326774918693,0.9999999999999999,2.0,0.001832655756803414,0.310056011390797,391.51111077974457,-160.6969024216348,300.0,-5.784964742480527e-14,-545.6562130054566,0.0,0.0,3.110177997169064e-13,2933.6184804135087,0.0,0.0
-1.1662033832033242e-15,-41.00000000000001,0.0,0.0,0.0,4.36326774918696,0.9999999999999999,2.0,0.00185107579622118,0.311907087187019,388.67739505569307,-164.0147572476268,300.0,-5.727398607801218e-14,-540.2263926963003,0.0,0.0,3.109874527927235e-13,2933.3322386046175,0.0,0.0
-1.2722218725854414e-15,-42.00000000000001,0.0,0.0,0.0,4.36326774918701,0.9999999999999999,2.0,0.0018700626795072894,0.313777149866526,385.7862063693486,-167.28265158971453,300.0,-5.6692479104524005e-14,-534.7414345830765,0.0,0.0,3.1095587322312886e-13,2933.034370093378,0.0,0.0
-1.3782403619675586e-15,-43.00000000000001,0.0,0.0,0.0,4.363267749186954,0.9999999999999999,2.0,0.0018896460899040513,0.31566679595643,382.83842540479264,-170.4995900156246,300.0,-5.610494470289956e-14,-529.1996238569604,0.0,0.0,3.109229843426801e-13,2932.7241517470925,0.0,0.0
-1.4842588513496757e-15,-44.00000000000001,0.0,0.0,0.0,4.363267749186996,0.9999999999999999,2.0,0.0019098579334804189,0.31757665388991,379.8349500846628,-173.66459261474932,300.0,-5.551119144705961e-14,-523.5991549264901,0.0,0.0,3.10888702992649e-13,2932.4007991863423,0.0,0.0
-1.5902773407317929e-15,-45.00000000000001,0.0,0.0,0.0,4.363267749186981,0.9999999999999999,2.0,0.0019307325578392653,0.31950738644775,376.7766952966369,-176.7766952966369,300.0,-5.491101755738004e-14,-517.9381245422861,0.0,0.0,3.1085293881988785e-13,2932.0634601715005,0.0,0.0
-1.69629583011391e-15,-46.00000000000001,0.0,0.0,0.0,4.363267749186962,0.9999999999999999,2.0,0.001952306997715092,0.321459693445465,373.6645926147493,-179.83495008466278,300.0,-5.4304210099229935e-14,-512.2145242374089,0.0,0.0,3.108155934800663e-13,2931.7112070877683,0.0,0.0
-1.8023143194960274e-15,-47.00000000000001,0.0,0.0,0.0,4.363267749186914,0.9999999999999999,2.0,0.0019746212514594186,0.323434314696924,370.4995900156247,-182.8384254047926,300.0,-5.3690544099918094e-14,-506.4262319981172,0.0,0.0,3.10776559736855e-13,2931.343028448443,0.0,0.0
-1.9083328088781446e-15,-48.00000000000001,0.0,0.0,0.0,4.363267749186994,0.9999999999999999,2.0,0.0019977185931117636,0.325432033290036,367.2826515897146,-185.78620636934855,300.0,-5.306978157367828e-14,-500.57100306722447,0.0,0.0,3.1073572042640626e-13,2930.957819125209,0.0,0.0
-2.0143512982602618e-15,-49.00000000000001,0.0,0.0,0.0,4.363267749186972,0.9999999999999999,2.0,0.0020216459256006125,0.327453679215637,364.01475724762685,-188.67739505569298,300.0,-5.244167044267163e-14,-494.64645976664247,0.0,0.0,3.1069294729246276e-13,2930.554369367066,0.0,0.0
-2.120369787642379e-15,-50.00000000000001,0.0,0.0,0.0,4.363267749187,0.9999999999999999,2.0,0.0020464541816368476,0.329500133397273,360.69690242163483,-191.5111107797445,300.0,-5.1805943340162515e-14,-488.65008020856556,0.0,0.0,3.1064809963183774e-13,2930.1313520152853,0.0,0.0
-2.226388277024496e-15,-51.00000000000001,0.0,0.0,0.0,4.36326774918693,0.9999999999999999,2.0,0.0020721987801036734,0.331572332177377,357.3300977624594,-194.2864903642427,300.0,-5.116231627972149e-14,-482.5791857429669,0.0,0.0,3.106010227497706e-13,2929.6873079400834,0.0,0.0
-2.3324067664066133e-15,-52.00000000000001,0.0,0.0,0.0,4.363267749186938,0.9999999999999999,2.0,0.0020989401472576996,0.333671272324635,353.91536883141464,-197.00268840168047,300.0,-5.0510487171648085e-14,-476.43092696402834,0.0,0.0,3.1055154618154695e-13,2929.220629264421,0.0,0.0
-2.4384252557887305e-15,-53.00000000000001,0.0,0.0,0.0,4.363267749187035,0.9999999999999999,2.0,0.002126744313906137,0.335798016638541,350.4537557880121,-199.65887751182322,300.0,-4.985013416464517e-14,-470.20226806828765,0.0,0.0,3.1049948161848396e-13,2928.72953980099,0.0,0.0
-2.5444437451708477e-15,-54.00000000000001,0.0,0.0,0.0,4.3632677491869,0.9999999999999999,2.0,0.0021556836020089065,0.33795370024055,346.94631307311835,-202.25424859373683,300.0,-4.918091378684577e-14,-463.889969320214,0.0,0.0,3.104446205258272e-13,2928.2120725839145,0.0,0.0
-2.650462234552965e-15,-55.00000000000001,0.0,0.0,0.0,4.363267749186957,0.9999999999999999,2.0,0.0021858374169727024,0.340139537657523,343.3941090877616,-204.7880110722479,300.0,-4.850245885576822e-14,-457.49056733824244,0.0,0.0,3.103867313320957e-13,2927.6660433576376,0.0,0.0
-2.756480723935082e-15,-56.00000000000001,0.0,0.0,0.0,4.363267749186982,0.9999999999999999,2.0,0.0022172931654244055,0.342356830822947,339.79822586768677,-207.2593931387604,300.0,-4.781437612099638e-14,-451.0003528597866,0.0,0.0,3.1032555617882517e-13,2927.0890199192927,0.0,0.0
-2.862499213317199e-15,-57.00000000000001,0.0,0.0,0.0,4.363267749186979,0.9999999999999999,2.0,0.002250147322644891,0.344606978145592,336.1597587537568,-209.667641986356,300.0,-4.7116243596663636e-14,-444.41534558038177,0.0,0.0,3.1026080706224213e-13,2926.4782857260166,0.0,0.0
-2.9685177026993163e-15,-58.00000000000001,0.0,0.0,0.0,4.36326774918695,0.9999999999999999,2.0,0.0022845066793935054,0.346891484824985,332.4798160583013,-212.01202403910648,300.0,-4.6407607532258624e-14,-437.73126558136465,0.0,0.0,3.1019216130860344e-13,2925.830797216848,0.0,0.0
-3.0745361920814335e-15,-59.00000000000001,0.0,0.0,0.0,4.363267749187006,0.9999999999999999,2.0,0.002320489804877368,0.349211974629863,328.7595187275136,-214.29182517552806,300.0,-4.568797895999374e-14,-430.9435007635586,0.0,0.0,3.1011925618130924e-13,2925.1431329450697,0.0,0.0
-3.1805546814635507e-15,-60.00000000000001,0.0,0.0,0.0,4.36326774918699,0.9999999999999999,2.0,0.002358228771598747,0.351570203401461,325.0,-216.50635094610965,300.0,-4.495682974397881e-14,-424.04706958182686,0.0,0.0,3.100416824781821e-13,2924.4114331860687,0.0,0.0
-3.286573170845668e-15,-61.00000000000001,0.0,0.0,0.0,4.3632677491869485,0.9999999999999999,2.0,0.002397871199349144,0.353968074600811,321.2024050615843,-218.65492678484893,300.0,-4.421358804046433e-14,-417.03657822464805,0.0,0.0,3.0995897682753766e-13,2923.6313272713187,0.0,0.0
-3.392591660227785e-15,-62.00000000000001,0.0,0.0,0.0,4.363267749187008,0.9999999999999999,2.0,0.0024395826905819207,0.356407657291393,317.36789069647267,-220.73689821473172,300.0,-4.3457633058065466e-14,-409.906171190888,0.0,0.0,3.098706124277933e-13,2922.797846241154,0.0,0.0
-3.4986101496099022e-15,-63.00000000000001,0.0,0.0,0.0,4.363267749186884,0.9999999999999999,2.0,0.0024835497489361646,0.358891207040329,313.49762493488674,-222.7516310470919,300.0,-4.26882889813383e-14,-402.64947397504426,0.0,0.0,3.097759878000092e-13,2921.9053167556576,0.0,0.0
-3.604628638992019e-15,-64.0,0.0,0.0,0.0,4.363267749186994,0.9999999999999999,2.0,0.0025299832984521653,0.361421190338781,309.5927866972694,-224.69851157479172,300.0,-4.190481788831527e-14,-395.25952626319287,0.0,0.0,3.0967441306919124e-13,2920.947231696168,0.0,0.0
-3.7106471283741366e-15,-65.0,0.0,0.0,0.0,4.363267749186961,0.9999999999999999,2.0,0.0025791229553001616,0.364000313294081,305.6545654351749,-226.57694675916247,300.0,-4.110641145054622e-14,-387.72870364515785,0.0,0.0,3.095650930981413e-13,2919.916091072351,0.0,0.0
-3.816665617756254e-15,-66.0,0.0,0.0,0.0,4.363267749186957,0.9999999999999999,2.0,0.0026312422499217836,0.366631555544003,301.6841607689501,-228.3863644106502,300.0,-4.029218114951927e-14,-380.0486253326641,0.0,0.0,3.094471066094933e-13,2918.8032051104665,0.0,0.0
-3.922684107138371e-15,-67.0,0.0,0.0,0.0,4.363267749186909,0.9999999999999999,2.0,0.0026866550600807004,0.369318210604083,297.68278212231854,-230.12621336311003,300.0,-3.946114667170286e-14,-372.21004469772254,0.0,0.0,3.0931938013339527e-13,2917.598448498292,0.0,0.0
-4.028702596520488e-15,-68.0,0.0,0.0,0.0,4.363267749187055,0.9999999999999999,2.0,0.00274572360134806,0.372063934205432,293.65164835397803,-231.79596364169683,300.0,-3.8612222049614015e-14,-364.2027185507794,0.0,0.0,3.0918065520945064e-13,2916.28995103942,0.0,0.0
-4.134721085902605e-15,-69.0,0.0,0.0,0.0,4.363267749186954,0.9999999999999999,2.0,0.002808868441273815,0.374872802646705,289.5919873863251,-233.39510662430044,300.0,-3.7744198989269157e-14,-356.01524987994895,0.0,0.0,3.0902944673023267e-13,2914.863704729963,0.0,0.0
-4.2407395752847224e-15,-70.0,0.0,0.0,0.0,4.3632677491869165,0.9999999999999999,2.0,0.0028765811723733825,0.377749383819079,285.5050358314173,-234.92315519647707,300.0,-3.685572665228996e-14,-347.63489714942733,0.0,0.0,3.088639894858743e-13,2913.3030595508067,0.0,0.0
-4.3467580646668396e-15,-71.0,0.0,0.0,0.0,4.3632677491870036,0.9999999999999999,2.0,0.0029494406208083745,0.380698824439887,281.3920386142892,-236.37964389982918,300.0,-3.5945286924630447e-14,-339.0473410262868,0.0,0.0,3.0868216882765475e-13,2911.5880694648044,0.0,0.0
-4.452776554048957e-15,-72.0,0.0,0.0,0.0,4.363267749186964,0.9999999999999999,2.0,0.0030281338192861273,0.383726958259173,277.2542485937369,-237.76412907378838,300.0,-3.501116387488803e-14,-330.2363963015831,0.0,0.0,3.084814296491805e-13,2909.6946338985904,0.0,0.0
-4.558795043431074e-15,-73.0,0.0,0.0,0.0,4.363267749186978,0.9999999999999999,2.0,0.003113483493262792,0.386840441752436,273.09292618068423,-239.07618899075885,300.0,-3.405140563986563e-14,-321.18365238289556,0.0,0.0,3.082586553290551e-13,2907.593355891115,0.0,0.0
-4.664813532813191e-15,-74.0,0.0,0.0,0.0,4.363267749186973,0.9999999999999999,2.0,0.00320648459517614,0.390046926347612,268.90933895424985,-240.31542398457972,300.0,-3.306377630555662e-14,-311.8680194205229,0.0,0.0,3.0801000441256066e-13,2905.2480016237005,0.0,0.0
-4.770832022195308e-15,-75.0,0.0,0.0,0.0,4.363267749186979,0.9999999999999999,2.0,0.00330835363268972,0.393355279980302,264.70476127563023,-241.4814565722671,300.0,-3.204569437032136e-14,-302.26514787265694,0.0,0.0,3.077306867003669e-13,2902.6133884178344,0.0,0.0
-4.8768505115774255e-15,-76.0,0.0,0.0,0.0,4.363267749186933,0.9999999999999999,2.0,0.0034205964492474705,0.396775876429549,260.480473899917,-242.57393156899911,300.0,-3.099415290729229e-14,-292.34667545187904,0.0,0.0,3.0741465081635376e-13,2899.6324377755705,0.0,0.0
-4.982869000959543e-15,-77.0,0.0,0.0,0.0,4.363267749187034,0.9999999999999999,2.0,0.0035451032155111584,0.400320979645061,256.23776358596626,-243.59251619630885,300.0,-2.990561429022615e-14,-282.0792341460255,0.0,0.0,3.070541394403898e-13,2896.231980194434,0.0,0.0
-5.08888749034166e-15,-78.0,0.0,0.0,0.0,4.363267749186919,0.9999999999999999,2.0,0.0036842845690708836,0.404005264214131,251.9779227044399,-244.53690018345142,300.0,-2.877586880018155e-14,-271.423116551549,0.0,0.0,3.066390418179631e-13,2892.316647832603,0.0,0.0
-5.194905979723777e-15,-79.0,0.0,0.0,0.0,4.363267749186979,0.9999999999999999,2.0,0.0038412717894694137,0.407846536003601,247.70224884413625,-245.406795861916,300.0,-2.7599840675882314e-14,-260.3304464790625,0.0,0.0,3.061559266707543e-13,2887.7597526153454,0.0,0.0
-5.300924469105894e-15,-80.0,0.0,0.0,0.0,4.363267749186957,0.9999999999999999,2.0,0.004020219975904349,0.411866755979505,243.41204441673264,-246.20193825305202,300.0,-2.6371315504512488e-14,-248.74260761690033,0.0,0.0,3.055865546495298e-13,2882.3892552186776,0.0,0.0
-5.406942958488011e-15,-81.0,0.0,0.0,0.0,4.3632677491869725,0.9999999999999999,2.0,0.0042267834216381805,0.416093539401143,239.10861626005777,-246.92208514878448,300.0,-2.5082545947203377e-14,-236.58652460892557,0.0,0.0,3.049055105855461e-13,2875.965431714362,0.0,0.0
-5.5129614478701285e-15,-82.0,0.0,0.0,0.0,4.363267749186937,0.9999999999999999,2.0,0.004468892292217808,0.420562431693361,234.79327524001644,-247.5670171853926,300.0,-2.372366180468016e-14,-223.76909860669818,0.0,0.0,3.0407627968335645e-13,2868.1438629764784,0.0,0.0
-5.618979937252246e-15,-83.0,0.0,0.0,0.0,4.363267749187002,0.9999999999999999,2.0,0.004758086233203562,0.425320517926565,230.46733585128692,-248.13653791033053,300.0,-2.2281750305886364e-14,-210.1685322602302,0.0,0.0,3.0304442335064055e-13,2858.411066945058,0.0,0.0
-5.724998426634363e-15,-84.0,0.0,0.0,0.0,4.363267749186983,0.9999999999999999,2.0,0.0051119491263051375,0.43043246705287,226.1321158169134,-248.63047384206834,300.0,-2.0739347509654543e-14,-195.62010014031367,0.0,0.0,3.0172498945556877e-13,2845.965748182627,0.0,0.0
-5.83101691601648e-15,-85.0,0.0,0.0,0.0,4.363267749186987,0.9999999999999999,2.0,0.005558914137537951,0.435991381190408,221.78893568691456,-249.0486745229364,300.0,-1.9071798333095475e-14,-179.89124768940954,0.0,0.0,2.999775019546582e-13,2829.482892115771,0.0,0.0
-5.937035405398597e-15,-86.0,0.0,0.0,0.0,4.363267749186897,0.9999999999999999,2.0,0.006148771264266717,0.442140152454675,217.4391184360314,-249.39101256495607,300.0,-1.7242223661536806e-14,-162.63411940714903,0.0,0.0,2.97551265598568e-13,2806.5978616816446,0.0,0.0
-6.043053894780714e-15,-87.0,0.0,0.0,0.0,4.363267749186977,0.9999999999999999,2.0,0.006979168933259672,0.449119321387934,213.08398906073603,-249.65738368864348,300.0,-1.5190703992975344e-14,-143.28353555599386,0.0,0.0,2.9394899137414704e-13,2772.620069266232,0.0,0.0
-6.1490723841628315e-15,-88.0,0.0,0.0,0.0,4.363267749186982,0.9999999999999999,2.0,0.008278583739614931,0.457397905127549,208.7248741756253,-249.84770675477398,300.0,-1.280635585949252e-14,-120.79360811617687,0.0,0.0,2.88014014048462e-13,2716.6394817265073,0.0,0.0
-6.255090873544949e-15,-89.0,0.0,0.0,0.0,4.363267749187041,0.9999999999999999,2.0,0.010788860380656795,0.468186765508206,204.36310160932086,-249.96192378909785,300.0,-9.826662468651121e-15,-92.68819548289704,0.0,0.0,2.7618240348940397e-13,2605.0399802809247,0.0,0.0
-6.361109362927066e-15,-90.0,0.0,0.0,0.0,4.363267749186897,0.9999999999999999,2.0,0.026046613053530787,0.494233378561737,200.00000000000006,-250.00000000000003,300.0,-4.070336867378067e-15,-38.392707640905485,0.0,0.0,2.2100092589553582e-13,2084.5507909379203,0.0,0.0
-6.361109362927066e-15,-90.0,0.0,0.0,0.0,4.363267749186897,0.9999999999999999,2.0,0.01,0.504233378561737,200.00000000000006,-250.00000000000003,300.0,0.0,0.0,0.0,0.0,0.0,0.0,0.0,0.0
-6.361109362927066e-15,-90.0,0.0,0.0,0.0,4.363267749186897,0.9999999999999999,2.0,1.03,1.53423337856174,200.00000000000006,-250.00000000000003,300.0,0.0,0.0,0.0,0.0,0.0,0.0,0.0,0.0
-6.255090873544949e-15,-89.0,0.0,0.0,0.0,4.363267749186897,1.0,3.0,0.0,1.53423337856174,204.36310160932086,-249.96192378909785,300.0,0.0,0.0,0.0,0.0,0.0,0.0,0.0,0.0
-6.1490723841628315e-15,-88.0,0.0,0.0,0.0,4.363267749187041,1.0,3.0,0.036835473434187735,1.57106885199592,208.7248741756253,-249.84770675477398,300.0,2.8781628006366077e-15,27.14774392099654,0.0,0.0,7.813562667462085e-14,737.0000000000045,0.0,0.0
-6.043053894780714e-15,-87.0,0.0,0.0,0.0,4.363267749186982,1.0,3.0,0.008278583739614868,1.57934743573554,213.08398906073603,-249.65738368864348,300.0,1.2806355859492607e-14,120.79360811617768,0.0,0.0,1.199262261653207e-12,11311.821821293504,0.0,0.0
-5.937035405398597e-15,-86.0,0.0,0.0,0.0,4.363267749186977,1.0,3.0,0.00697916893325963,1.5863266046688,217.4391184360314,-249.39101256495607,300.0,1.5190703992975344e-14,143.28353555599386,0.0,0.0,3.4163783056174136e-13,3222.4363179746247,0.0,0.0
-5.83101691601648e-15,-85.0,0.0,0.0,0.0,4.363267749186897,1.0,3.0,0.006148771264266731,1.59247537593307,221.78893568691456,-249.0486745229364,300.0,1.7242223661536806e-14,162.63411940714903,0.0,0.0,3.336470947429397e-13,3147.065164646819,0.0,0.0
-5.724998426634363e-15,-84.0,0.0,0.0,0.0,4.363267749186987,1.0,3.0,0.005558914137537972,1.5980342900706,226.1321158169134,-248.63047384206834,300.0,1.9071798333095475e-14,179.89124768940954,0.0,0.0,3.291244704076306e-13,3104.40633823204,0.0,0.0
-5.618979937252246e-15,-83.0,0.0,0.0,0.0,4.363267749186983,1.0,3.0,0.005111949126305151,1.60314623919691,230.46733585128692,-248.13653791033053,300.0,2.073934750965432e-14,195.62010014031156,0.0,0.0,3.262061369073351e-13,3076.879691537639,0.0,0.0
-5.5129614478701285e-15,-82.0,0.0,0.0,0.0,4.363267749187002,1.0,3.0,0.004758086233203576,1.60790432543011,234.79327524001644,-247.5670171853926,300.0,2.2281750305886106e-14,210.16853226022772,0.0,0.0,3.2416453183810577e-13,3057.622625330332,0.0,0.0
-5.406942958488011e-15,-81.0,0.0,0.0,0.0,4.363267749186937,1.0,3.0,0.004468892292217766,1.61237321772233,239.10861626005777,-246.92208514878448,300.0,2.372366180468016e-14,223.76909860669818,0.0,0.0,3.226552363557785e-13,3043.3864718902887,0.0,0.0
-5.300924469105894e-15,-80.0,0.0,0.0,0.0,4.3632677491869725,1.0,3.0,0.004226783421638194,1.61660000114397,243.41204441673264,-246.20193825305202,300.0,2.5082545947203377e-14,236.58652460892557,0.0,0.0,3.21493676625748e-13,3032.4302722990533,0.0,0.0
-5.194905979723777e-15,-79.0,0.0,0.0,0.0,4.363267749186957,1.0,3.0,0.004020219975904335,1.62062022111987,247.70224884413625,-245.406795861916,300.0,2.637131550451285e-14,248.74260761690377,0.0,0.0,3.2057190030244125e-13,3023.7357858120317,0.0,0.0
-5.08888749034166e-15,-78.0,0.0,0.0,0.0,4.363267749186979,1.0,3.0,0.0038412717894694137,1.62446149290934,251.9779227044399,-244.53690018345142,300.0,2.7599840675882715e-14,260.3304464790663,0.0,0.0,3.1982250637348804e-13,3016.667264714254,0.0,0.0
-4.982869000959543e-15,-77.0,0.0,0.0,0.0,4.363267749186919,1.0,3.0,0.003684284569070856,1.62814577747841,256.23776358596626,-243.59251619630885,300.0,2.877586880018155e-14,271.423116551549,0.0,0.0,3.1920121864946205e-13,3010.807081951349,0.0,0.0
-4.8768505115774255e-15,-76.0,0.0,0.0,0.0,4.363267749187034,1.0,3.0,0.0035451032155111584,1.63169088069392,260.480473899917,-242.57393156899911,300.0,2.990561429022615e-14,282.0792341460255,0.0,0.0,3.1867774261170786e-13,3005.8694900199143,0.0,0.0
-4.770832022195308e-15,-75.0,0.0,0.0,0.0,4.363267749186933,1.0,3.0,0.0034205964492474705,1.63511147714317,264.70476127563023,-241.4814565722671,300.0,3.0994152907292794e-14,292.34667545188375,0.0,0.0,3.182306458004241e-13,3001.652331165009,0.0,0.0
-4.664813532813191e-15,-74.0,0.0,0.0,0.0,4.363267749186979,1.0,3.0,0.003308353632689748,1.63841983077586,268.90933895424985,-240.31542398457972,300.0,3.204569437032082e-14,302.2651478726519,0.0,0.0,3.178443358163901e-13,2998.008532934297,0.0,0.0
-4.558795043431074e-15,-73.0,0.0,0.0,0.0,4.363267749186973,1.0,3.0,0.0032064845951760707,1.64162631537104,273.09292618068423,-239.07618899075885,300.0,3.3063776305557763e-14,311.8680194205337,0.0,0.0,3.175071967501704e-13,2994.828530387698,0.0,0.0
-4.452776554048957e-15,-72.0,0.0,0.0,0.0,4.363267749186978,1.0,3.0,0.0031134834932628613,1.6447397988643,277.2542485937369,-237.76412907378838,300.0,3.4051405639864414e-14,321.18365238288413,0.0,0.0,3.1721039679308645e-13,2992.029019106099,0.0,0.0
-4.3467580646668396e-15,-71.0,0.0,0.0,0.0,4.363267749186964,1.0,3.0,0.0030281338192861135,1.64776793268359,281.3920386142892,-236.37964389982918,300.0,3.501116387488803e-14,330.2363963015831,0.0,0.0,3.1694710085496656e-13,2989.545528352223,0.0,0.0
-4.2407395752847224e-15,-70.0,0.0,0.0,0.0,4.3632677491870036,1.0,3.0,0.0029494406208084023,1.65071737330439,285.5050358314173,-234.92315519647707,300.0,3.5945286924630447e-14,339.0473410262868,0.0,0.0,3.1671193620653254e-13,2987.327380840374,0.0,0.0
-4.134721085902605e-15,-69.0,0.0,0.0,0.0,4.3632677491869165,1.0,3.0,0.002876581172373327,1.65359395447677,289.5919873863251,-233.39510662430044,300.0,3.6855726652290673e-14,347.63489714943404,0.0,0.0,3.1650062108592167e-13,2985.3341896352827,0.0,0.0
-4.028702596520488e-15,-68.0,0.0,0.0,0.0,4.363267749186954,1.0,3.0,0.0028088684412738013,1.65640282291804,293.65164835397803,-231.79596364169683,300.0,3.7744198989269157e-14,356.01524987994895,0.0,0.0,3.163097010608169e-13,2983.5333714363796,0.0,0.0
-3.922684107138371e-15,-67.0,0.0,0.0,0.0,4.363267749187055,1.0,3.0,0.002745723601348088,1.65914854651939,297.68278212231854,-230.12621336311003,300.0,3.8612222049614015e-14,364.2027185507794,0.0,0.0,3.161363583423646e-13,2981.8983479657936,0.0,0.0
-3.816665617756254e-15,-66.0,0.0,0.0,0.0,4.363267749186909,1.0,3.0,0.0026866550600807143,1.66183520157947,301.6841607689501,-228.3863644106502,300.0,3.946114667170286e-14,372.21004469772254,0.0,0.0,3.1597827153268646e-13,2980.407223062939,0.0,0.0
-3.7106471283741366e-15,-65.0,0.0,0.0,0.0,4.363267749186957,1.0,3.0,0.0026312422499217836,1.66446644382939,305.6545654351749,-226.57694675916247,300.0,4.029218114951843e-14,380.04862533265606,0.0,0.0,3.1583351089784767e-13,2979.041794865663,0.0,0.0
-3.604628638992019e-15,-64.0,0.0,0.0,0.0,4.363267749186961,1.0,3.0,0.002579122955300134,1.66704556678469,309.5927866972694,-224.69851157479172,300.0,4.110641145054622e-14,387.72870364515785,0.0,0.0,3.157004590861135e-13,2977.786807999611,0.0,0.0
-3.498610149609902e-15,-63.0,0.0,0.0,0.0,4.363267749186994,1.0,3.0,0.002529983298452193,1.66957555008314,313.49762493488674,-222.7516310470919,300.0,4.1904817888314506e-14,395.25952626318696,0.0,0.0,3.1557775035777073e-13,2976.629380374278,0.0,0.0
-3.3925916602277842e-15,-62.0,0.0,0.0,0.0,4.363267749186997,1.0,3.0,0.0024835497489361646,1.67205909983208,317.3678906964728,-220.7368982147317,300.0,4.268828898133846e-14,402.64947397504426,0.0,0.0,3.1546422348074736e-13,2975.558558882425,0.0,0.0
-3.2865731708456667e-15,-61.0,0.0,0.0,0.0,4.363267749186957,1.0,3.0,0.002439582690581893,1.67449868252266,321.20240506158433,-218.6549267848489,300.0,4.3457633058066614e-14,409.90617119089734,0.0,0.0,3.153588848200344e-13,2974.564971241981,0.0,0.0
-3.180554681463549e-15,-60.0,0.0,0.0,0.0,4.3632677491869485,1.0,3.0,0.002397871199349144,1.67689655372201,325.00000000000006,-216.50635094610962,300.0,4.421358804046347e-14,417.0365782246384,0.0,0.0,3.1526087915065187e-13,2973.6405507002614,0.0,0.0
-3.0745361920814315e-15,-59.0,0.0,0.0,0.0,4.36326774918699,1.0,3.0,0.002358228771598747,1.67925478249361,328.75951872751364,-214.29182517552803,300.0,4.495682974397898e-14,424.04706958182686,0.0,0.0,3.15169466366757e-13,2972.778316344495,0.0,0.0
-2.968517702699314e-15,-58.0,0.0,0.0,0.0,4.363267749186943,1.0,3.0,0.002320489804877368,1.68157527229849,332.4798160583013,-212.01202403910648,300.0,4.5687978959995005e-14,430.9435007635689,0.0,0.0,3.1508400273048417e-13,2971.9721962349595,0.0,0.0
-2.8624992133171964e-15,-57.0,0.0,0.0,0.0,4.363267749187013,1.0,3.0,0.0022845066793935054,1.68385977897788,336.1597587537569,-209.66764198635596,300.0,4.6407607532258794e-14,437.73126558136465,0.0,0.0,3.150039256855389e-13,2971.216884162387,0.0,0.0
-2.756480723935079e-15,-56.0,0.0,0.0,0.0,4.363267749186916,1.0,3.0,0.0022501473226449187,1.68610992630053,339.79822586768677,-207.2593931387604,300.0,4.711624359666265e-14,444.4153455803708,0.0,0.0,3.149287414527542e-13,2970.50772264516,0.0,0.0
-2.6504622345529613e-15,-55.0,0.0,0.0,0.0,4.363267749186982,1.0,3.0,0.0022172931654244055,1.68832721946595,343.3941090877616,-204.7880110722479,300.0,4.781437612099656e-14,451.0003528597866,0.0,0.0,3.1485801481748623e-13,2969.8406066007788,0.0,0.0
-2.5444437451708437e-15,-54.0,0.0,0.0,0.0,4.363267749186957,1.0,3.0,0.0021858374169727024,1.69051305688292,346.94631307311835,-202.25424859373683,300.0,4.8502458855767166e-14,457.4905673382308,0.0,0.0,3.1479136070584585e-13,2969.2119038902442,0.0,0.0
-2.438425255788726e-15,-53.0,0.0,0.0,0.0,4.363267749187008,1.0,3.0,0.0021556836020088788,1.69266874048493,350.4537557880122,-199.6588775118232,300.0,4.918091378684595e-14,463.889969320214,0.0,0.0,3.147284371632855e-13,2968.6183890899047,0.0,0.0
-2.3324067664066086e-15,-52.0,0.0,0.0,0.0,4.363267749186927,1.0,3.0,0.002126744313906165,1.69479548479884,353.91536883141464,-197.00268840168047,300.0,4.9850134164645354e-14,470.20226806828765,0.0,0.0,3.1466893947879576e-13,2968.057188068847,0.0,0.0
-2.226388277024491e-15,-51.0,0.0,0.0,0.0,4.363267749187001,1.0,3.0,0.002098940147257672,1.6968944249461,357.33009776245945,-194.28649036424267,300.0,5.0510487171649606e-14,476.43092696404096,0.0,0.0,3.1461259525052753e-13,2967.5257314465703,0.0,0.0
-2.1203697876423734e-15,-50.0,0.0,0.0,0.0,4.36326774918693,1.0,3.0,0.002072198780103701,1.6989666237262,360.6969024216349,-191.51111077974448,300.0,5.1162316279721677e-14,482.5791857429669,0.0,0.0,3.145591602169843e-13,2967.0217152711257,0.0,0.0
-2.014351298260256e-15,-49.0,0.0,0.0,0.0,4.363267749186938,1.0,3.0,0.00204645418163682,1.70101307790784,364.01475724762685,-188.67739505569298,300.0,5.180594334016271e-14,488.65008020856556,0.0,0.0,3.1450841470891467e-13,2966.54306755252,0.0,0.0
-1.9083328088781383e-15,-48.0,0.0,0.0,0.0,4.36326774918701,1.0,3.0,0.0020216459256006403,1.70303472383344,367.2826515897146,-185.7862063693485,300.0,5.2441670442671825e-14,494.64645976664247,0.0,0.0,3.1446016063383883e-13,2966.0879198198077,0.0,0.0
-1.8023143194960207e-15,-47.0,0.0,0.0,0.0,4.363267749186956,1.0,3.0,0.0019977185931117636,1.70503244242655,370.4995900156247,-182.8384254047926,300.0,5.306978157367701e-14,500.5710030672106,0.0,0.0,3.1441421888494447e-13,2965.6545826805122,0.0,0.0
-1.6962958301139034e-15,-46.0,0.0,0.0,0.0,4.363267749187016,1.0,3.0,0.0019746212514594186,1.70700706367801,373.66459261474944,-179.83495008466275,300.0,5.3690544099918094e-14,506.4262319981172,0.0,0.0,3.1437042712990525e-13,2965.2415249653964,0.0,0.0
-1.590277340731786e-15,-45.0,0.0,0.0,0.0,4.363267749186921,1.0,3.0,0.0019523069977151197,1.70895937067572,376.77669529663694,-176.77669529663686,300.0,5.4304210099230036e-14,512.2145242374089,0.0,0.0,3.1432863787824066e-13,2964.8473554958878,0.0,0.0
-1.4842588513496686e-15,-44.0,0.0,0.0,0.0,4.363267749186981,1.0,3.0,0.0019307325578392376,1.71089010323356,379.83495008466286,-173.6645926147493,300.0,5.4911017557380145e-14,517.9381245422861,0.0,0.0,3.142887168325393e-13,2964.4708075377584,0.0,0.0
-1.3782403619675513e-15,-43.0,0.0,0.0,0.0,4.363267749186996,1.0,3.0,0.0019098579334804189,1.71279996116704,382.8384254047927,-170.49959001562456,300.0,5.5511191447059713e-14,523.5991549264901,0.0,0.0,3.142505414451665e-13,2964.1107251823814,0.0,0.0
-1.2722218725854339e-15,-42.0,0.0,0.0,0.0,4.363267749186915,1.0,3.0,0.0018896460899040235,1.71468960725695,385.7862063693486,-167.2826515897145,300.0,5.610494470289967e-14,529.1996238569604,0.0,0.0,3.1421399965434964e-13,2963.766051427506,0.0,0.0
-1.1662033832033165e-15,-41.0,0.0,0.0,0.0,4.363267749187031,1.0,3.0,0.0018700626795072894,1.71655966993645,388.67739505569307,-164.01475724762673,300.0,5.6692479104524106e-14,534.7414345830765,0.0,0.0,3.1417898879156124e-13,2963.4358178711873,0.0,0.0
-1.0601848938211991e-15,-40.0,0.0,0.0,0.0,4.36326774918696,1.0,3.0,0.0018510757962212077,1.71841074573268,391.51111077974457,-160.69690242163475,300.0,5.727398607801058e-14,540.2263926962842,0.0,0.0,3.1414541461432914e-13,2963.119135588388,0.0,0.0
-9.541664044390818e-16,-39.0,0.0,0.0,0.0,4.36326774918693,1.0,3.0,0.0018326557568033863,1.72024340148948,394.28649036424275,-157.3300977624593,300.0,5.784964742480713e-14,545.6562130054731,0.0,0.0,3.1411319046664034e-13,2962.8151872122367,0.0,0.0
-8.481479150569644e-16,-38.0,0.0,0.0,0.0,4.363267749187018,1.0,3.0,0.0018147749056098283,1.72205817639509,397.0026884016806,-153.9153688314145,300.0,5.841963598592311e-14,551.0325258018345,0.0,0.0,3.1408223650988787e-13,2962.52321967974,0.0,0.0
-7.42129425674847e-16,-37.0,0.0,0.0,0.0,4.3632677491869325,1.0,3.0,0.0017974074399227102,1.72385558383501,399.6588775118233,-150.45375578801202,300.0,5.89841162483864e-14,556.3568825791582,0.0,0.0,3.140524791015401e-13,2962.2425383710347,0.0,0.0
-6.361109362927297e-16,-36.0,0.0,0.0,0.0,4.363267749186963,1.0,3.0,0.0017805292533258077,1.72563611308834,402.2542485937369,-146.94631307311823,300.0,5.954324489984443e-14,561.630761265005,0.0,0.0,3.140238501634543e-13,2961.9725011514524,0.0,0.0
-5.300924469106123e-16,-35.0,0.0,0.0,0.0,4.363267749186997,1.0,3.0,0.0017641177949628828,1.7274002308833,404.788011072248,-143.39410908776145,300.0,6.009717133676326e-14,566.855571014202,0.0,0.0,3.139962866994825e-13,2961.7125138216315,0.0,0.0
-4.240739575284949e-16,-34.0,0.0,0.0,0.0,4.363267749186903,1.0,3.0,0.0017481519428109438,1.72914838282611,407.25939313876046,-139.79822586768668,300.0,6.064603813078346e-14,572.0326566076587,0.0,0.0,3.139697303071061e-13,2961.462025510271,0.0,0.0
-3.1805546814637755e-16,-33.0,0.0,0.0,0.0,4.363267749187002,1.0,3.0,0.0017326118893472853,1.73088099471546,409.66764198635605,-136.1597587537567,300.0,6.118998145745073e-14,577.1633024962902,0.0,0.0,3.139441267900996e-13,2961.220525021524,0.0,0.0
-2.1203697876426016e-16,-32.0,0.0,0.0,0.0,4.363267749186959,1.0,3.0,0.001717479038204267,1.73259847375366,412.0120240391065,-132.47981605830117,300.0,6.172913149086508e-14,582.2487365234729,0.0,0.0,3.139194257520922e-13,2960.9875370006116,0.0,0.0
-1.0601848938214276e-16,-31.0,0.0,0.0,0.0,4.363267749186973,1.0,3.0,0.001702735910583425,1.73430120966425,414.2918251755281,-128.7595187275135,300.0,6.226361276763672e-14,587.2901333579932,0.0,0.0,3.13895580312567e-13,2960.7626192560247,0.0,0.0
-2.536680848351316e-29,-30.0,0.0,0.0,0.0,4.363267749187006,1.0,3.0,0.001688366060359936,1.73598957572461,416.50635094610976,-124.99999999999993,300.0,6.279354452287186e-14,592.2886176631707,0.0,0.0,3.1387254676403866e-13,2960.5453595246354,0.0,0.0
1.0601848938209203e-16,-29.0,0.0,0.0,0.0,4.363267749186934,1.0,3.0,0.001674353996937994,1.73766392972154,418.654926784849,-121.2024050615842,300.0,6.331904100089002e-14,597.2452670276427,0.0,0.0,3.138502843360394e-13,2960.335373246484,0.0,0.0
2.1203697876420942e-16,-28.0,0.0,0.0,0.0,4.363267749186943,1.0,3.0,0.001660685115035393,1.73932461483658,420.73689821473175,-117.36789069647264,300.0,6.384021174288641e-14,602.1611146786876,0.0,0.0,3.1382875493846705e-13,2960.1323011437617,0.0,0.0
3.180554681463268e-16,-27.0,0.0,0.0,0.0,4.3632677491869725,1.0,3.0,0.0016473456306732859,1.74097196046725,422.75163104709196,-113.49762493488663,300.0,6.435716185363506e-14,607.037151997852,0.0,0.0,3.138079229538348e-13,2959.935807260814,0.0,0.0
4.2407395752844424e-16,-26.0,0.0,0.0,0.0,4.363267749186956,1.0,3.0,0.0016343225227328229,1.74260628298999,424.6985115747917,-109.59278669726929,300.0,6.486999224904692e-14,611.8743308559989,0.0,0.0,3.1378775503524694e-13,2959.7455770594183,0.0,0.0
5.300924469105616e-16,-25.0,0.0,0.0,0.0,4.363267749186985,1.0,3.0,0.0016216034795164813,1.7442278864695,426.5769467591625,-105.6545654351748,300.0,6.537879988622808e-14,616.673565783289,0.0,0.0,3.137682199182775e-13,2959.561315643664,0.0,0.0
6.36110936292679e-16,-24.0,0.0,0.0,0.0,4.363267749186971,1.0,3.0,0.0016091768498137093,1.74583706331932,428.38636441065023,-101.68416076894998,300.0,6.588367797759118e-14,621.4357359887462,0.0,0.0,3.1374928829081924e-13,2959.3827465319796,0.0,0.0
7.421294256747963e-16,-23.0,0.0,0.0,0.0,4.36326774918696,1.0,3.0,0.0015970315980309568,1.74743409491735,430.1262133631101,-97.68278212231837,300.0,6.638471619023292e-14,626.1616872408516,0.0,0.0,3.137309325998979e-13,2959.20960983637,0.0,0.0
8.481479150569137e-16,-22.0,0.0,0.0,0.0,4.363267749186965,1.0,3.0,0.0015851572629910216,1.74901925218034,431.79596364169686,-93.65164835397795,300.0,6.688200083193756e-14,630.8522336219861,0.0,0.0,3.1371312696528175e-13,2959.0416614462115,0.0,0.0
9.54166404439031e-16,-21.0,0.0,0.0,0.0,4.363267749186947,1.0,3.0,0.0015735439200539048,1.75059279610039,433.3951066243004,-89.59198738632502,300.0,6.737561502476756e-14,635.5081591657928,0.0,0.0,3.136958470234967e-13,2958.878671557581,0.0,0.0
1.0601848938211485e-15,-20.0,0.0,0.0,0.0,4.36326774918698,1.0,3.0,0.0015621821462464547,1.75215497824664,434.92315519647707,-85.50503583141712,300.0,6.786563886730638e-14,640.1302193875023,0.0,0.0,3.1367906982948246e-13,2958.720423745143,0.0,0.0
1.1662033832032658e-15,-19.0,0.0,0.0,0.0,4.3632677491869725,1.0,3.0,0.0015510629881221594,1.75370604123476,436.3796438998292,-81.3920386142891,300.0,6.835214958644181e-14,644.7191427156016,0.0,0.0,3.136627737629496e-13,2958.566714079823,0.0,0.0
1.2722218725853832e-15,-18.0,0.0,0.0,0.0,4.363267749186959,1.0,3.0,0.0015401779321032039,1.75524621916686,437.76412907378835,-77.25424859373679,300.0,6.883522167944521e-14,649.2756318319696,0.0,0.0,3.136469384051729e-13,2958.4173499653066,0.0,0.0
1.3782403619675006e-15,-17.0,0.0,0.0,0.0,4.363267749186959,1.0,3.0,0.0015295188770795554,1.75677573804394,439.07618899075885,-73.09292618068413,300.0,6.931492704722265e-14,653.8003649287454,0.0,0.0,3.136315445111686e-13,2958.272149877175,0.0,0.0
1.484258851349618e-15,-16.0,0.0,0.0,0.0,4.363267749186995,1.0,3.0,0.0015190781090666794,1.75829481615301,440.31542398457975,-68.90933895424973,300.0,6.979133511920142e-14,658.2939968862964,0.0,0.0,3.1361657385179614e-13,2958.130941872298,0.0,0.0
1.5902773407317353e-15,-15.0,0.0,0.0,0.0,4.363267749186965,1.0,3.0,0.0015088482777401435,1.75980366443075,441.4814565722671,-64.70476127563013,300.0,7.026451297071898e-14,662.7571603804688,0.0,0.0,3.136020092267118e-13,2957.9935637114463,0.0,0.0
1.6962958301138527e-15,-14.0,0.0,0.0,0.0,4.363267749186968,1.0,3.0,0.001498822374685821,1.76130248680544,442.5739315689991,-60.48047389991686,300.0,7.07345254332373e-14,667.1904669221633,0.0,0.0,3.1358783432683343e-13,2957.859861562229,0.0,0.0
1.8023143194959702e-15,-13.0,0.0,0.0,0.0,4.363267749186965,1.0,3.0,0.0014889937132193387,1.76279148051866,443.5925161963088,-56.23776358596618,300.0,7.120143519806945e-14,671.5945078357171,0.0,0.0,3.1357403371613373e-13,2957.7296898265167,0.0,0.0
1.908332808878088e-15,-12.0,0.0,0.0,0.0,4.363267749186973,1.0,3.0,0.0014793559096418496,1.7642708364283,444.5369001834514,-51.977922704439756,300.0,7.16653029140111e-14,675.9698551797992,0.0,0.0,3.135605927676644e-13,2957.602910540507,0.0,0.0
2.0143512982602054e-15,-11.0,0.0,0.0,0.0,4.363267749186959,1.0,3.0,0.001469902865814443,1.76574073929411,445.40679586191595,-47.70224884413613,300.0,7.21261872793063e-14,680.317062614854,0.0,0.0,3.135474976027446e-13,2957.479392793915,0.0,0.0
2.120369787642323e-15,-10.0,0.0,0.0,0.0,4.36326774918697,1.0,3.0,0.0014606287529411732,1.76720136804705,446.201938253052,-43.41204441673251,300.0,7.258414512834629e-14,684.6366662208758,0.0,0.0,3.135347350364196e-13,2957.3590122224487,0.0,0.0
2.2263882770244405e-15,-9.0,0.0,0.0,0.0,4.3632677491869725,1.0,3.0,0.0014515279964642802,1.76865289604352,446.92208514878445,-39.108616260057644,300.0,7.303923151352354e-14,688.9291852694826,0.0,0.0,3.135222925673945e-13,2957.2416509104014,0.0,0.0
2.332406766406558e-15,-8.0,0.0,0.0,0.0,4.363267749186973,1.0,3.0,0.0014425952619816496,1.7700954913055,447.5670171853926,-34.793275240016285,300.0,7.349149978247064e-14,693.195122952456,0.0,0.0,3.1351015830028073e-13,2957.1271966563017,0.0,0.0
2.4384252557886757e-15,-7.0,0.0,0.0,0.0,4.363267749186963,1.0,3.0,0.0014338254421064067,1.77152931674761,448.1365379103305,-30.467335851286794,300.0,7.394100165105429e-14,697.4349670702451,0.0,0.0,3.134983209136523e-13,2957.0155426731862,0.0,0.0
2.5444437451707932e-15,-6.0,0.0,0.0,0.0,4.363267749186969,1.0,3.0,0.0014252136441943175,1.7729545303918,448.63047384206834,-26.13211581691329,300.0,7.438778727244675e-14,701.6491906834691,0.0,0.0,3.134867696590269e-13,2956.906587577799,0.0,0.0
2.6504622345529108e-15,-5.0,0.0,0.0,0.0,4.36326774918697,1.0,3.0,0.001416755178872936,1.77437128557067,449.0486745229364,-21.788935686914463,300.0,7.483190530240788e-14,705.8382527286791,0.0,0.0,3.1347549427307316e-13,2956.800234563049,0.0,0.0
2.7564807239350284e-15,-4.0,0.0,0.0,0.0,4.363267749186968,1.0,3.0,0.001408445549310633,1.77577973111998,449.39101256495604,-17.439118436031244,300.0,7.527340296116422e-14,710.0025986020208,0.0,0.0,3.134644849937049e-13,2956.6963915502406,0.0,0.0
2.862499213317146e-15,-3.0,0.0,0.0,0.0,4.363267749186968,1.0,3.0,0.0014002804411698544,1.77718001156115,449.65738368864345,-13.083989060735876,300.0,7.571232609201437e-14,714.142660712019,0.0,0.0,3.1345373251338124e-13,2956.5949707471386,0.0,0.0
2.9685177026992635e-15,-2.0,0.0,0.0,0.0,4.363267749186971,1.0,3.0,0.001392278503674349,1.77857229006483,449.847706754774,-8.72487417562516,300.0,7.614747272353982e-14,718.2471016832261,0.0,0.0,3.1254280690037273e-13,2948.0028315993527,0.0,0.0
3.074536192081381e-15,-1.0,0.0,0.0,0.0,4.363267749186965,1.0,3.0,0.001388888888888884,1.77996117895372,449.9619237890978,-4.363101609320796,300.0,7.633331235512492e-14,720.0000000000026,0.0,0.0,1.3380453474126962e-13,1262.086788079091,0.0,0.0
3.1805546814634986e-15,0.0,0.0,0.0,0.0,4.363267749186969,1.0,3.0,0.001388888888888884,1.78135006784261,450.0,8.376306441313884e-14,300.0,7.633331235512492e-14,720.0000000000026,0.0,0.0,0.0,0.0,0.0,0.0
3.286573170845616e-15,1.0,0.0,0.0,0.0,4.363267749186969,1.0,3.0,0.001388888888888884,1.78273895673149,449.9619237890978,4.363101609320963,300.0,7.633331235512492e-14,720.0000000000026,0.0,0.0,0.0,0.0,0.0,0.0
3.3925916602277338e-15,2.0,0.0,0.0,0.0,4.363267749186967,1.0,3.0,0.0013888888888889117,1.78412784562038,449.847706754774,8.72487417562533,300.0,7.633331235512492e-14,720.0000000000026,0.0,0.0,0.0,0.0,0.0,0.0
3.4986101496098513e-15,3.0,0.0,0.0,0.0,4.363267749186969,1.0,3.0,0.001392278503674349,1.78552012412406,449.65738368864345,13.083989060736043,300.0,7.614747272353982e-14,718.2471016832261,0.0,0.0,-1.3347877676387375e-13,-1259.0141355701332,0.0,0.0
3.604628638991969e-15,4.0,0.0,0.0,0.0,4.363267749186976,1.0,3.0,0.0014002804411697989,1.78692040456523,449.39101256495604,17.439118436031418,300.0,7.571232609201437e-14,714.142660712019,0.0,0.0,-3.1075677323745693e-13,-2931.1563959132295,0.0,0.0
3.710647128374086e-15,5.0,0.0,0.0,0.0,4.363267749186961,1.0,3.0,0.001408445549310633,1.78832885011454,449.0486745229364,21.78893568691463,300.0,7.527340296116394e-14,710.0025986020208,0.0,0.0,-3.1163656349034386e-13,-2939.4548564724955,0.0,0.0
3.816665617756203e-15,6.0,0.0,0.0,0.0,4.363267749186963,1.0,3.0,0.0014167551788729638,1.78974560529341,448.63047384206834,26.13211581691345,300.0,7.48319053024076e-14,705.8382527286791,0.0,0.0,-3.1162593604037295e-13,-2939.3546149974222,0.0,0.0
3.9226841071383204e-15,7.0,0.0,0.0,0.0,4.3632677491869725,1.0,3.0,0.0014252136441943453,1.79117081893761,448.1365379103305,30.467335851286958,300.0,7.438778727244647e-14,701.6491906834691,0.0,0.0,-3.116150562901695e-13,-2939.25199374443,0.0,0.0
4.0287025965204376e-15,8.0,0.0,0.0,0.0,4.363267749186963,1.0,3.0,0.0014338254421063512,1.79260464437971,447.5670171853926,34.79327524001645,300.0,7.394100165105974e-14,697.4349670702991,0.0,0.0,-3.116039151393334e-13,-2939.14690687811,0.0,0.0
4.134721085902555e-15,9.0,0.0,0.0,0.0,4.363267749186973,1.0,3.0,0.001442595261981705,1.79404723964169,446.92208514878445,39.10861626005781,300.0,7.349149978246471e-14,693.1951229524026,0.0,0.0,-3.1159250306807067e-13,-2939.0392646042824,0.0,0.0
4.240739575284672e-15,10.0,0.0,0.0,0.0,4.3632677491869725,1.0,3.0,0.0014515279964642525,1.79549876763816,446.201938253052,43.41204441673268,300.0,7.303923151352885e-14,688.9291852695352,0.0,0.0,-3.1158081004124227e-13,-2938.928972268439,0.0,0.0
4.346758064666789e-15,11.0,0.0,0.0,0.0,4.36326774918697,1.0,3.0,0.0014606287529411732,1.7969593963911,445.40679586191595,47.70224884413629,300.0,7.258414512834601e-14,684.6366662208758,0.0,0.0,-3.1156882559408767e-13,-2938.815931163787,0.0,0.0
4.452776554048906e-15,12.0,0.0,0.0,0.0,4.363267749186959,1.0,3.0,0.001469902865814443,1.79842929925691,444.5369001834514,51.97792270443992,300.0,7.212618727930604e-14,680.317062614854,0.0,0.0,-3.1155653866029187e-13,-2938.700036909292,0.0,0.0
4.5587950434310235e-15,13.0,0.0,0.0,0.0,4.363267749186973,1.0,3.0,0.0014793559096418774,1.79990865516656,443.5925161963088,56.23776358596634,300.0,7.166530291401083e-14,675.9698551797992,0.0,0.0,-3.115439376632328e-13,-2938.5811803105194,0.0,0.0
4.664813532813141e-15,14.0,0.0,0.0,0.0,4.363267749186965,1.0,3.0,0.001488993713219311,1.80139764887977,442.5739315689991,60.48047389991702,300.0,7.120143519806918e-14,671.5945078357171,0.0,0.0,-3.115310103887136e-13,-2938.45924615914,0.0,0.0
4.770832022195258e-15,15.0,0.0,0.0,0.0,4.363267749186948,1.0,3.0,0.0014988223746858487,1.80289647125446,441.4814565722671,64.70476127563028,300.0,7.073452543323194e-14,667.190466922114,0.0,0.0,-3.115177440122543e-13,-2938.334113490963,0.0,0.0
4.876850511577375e-15,16.0,0.0,0.0,0.0,4.363267749186965,1.0,3.0,0.0015088482777401158,1.8044053195322,440.31542398457975,68.90933895424988,300.0,7.026451297071886e-14,662.7571603804688,0.0,0.0,-3.1150412499860145e-13,-2938.205654636897,0.0,0.0
4.982869000959492e-15,17.0,0.0,0.0,0.0,4.363267749186995,1.0,3.0,0.0015190781090667071,1.80592439764127,439.07618899075885,73.09292618068427,300.0,6.979133511920129e-14,658.2939968862964,0.0,0.0,-3.114901391135677e-13,-2938.0737353357335,0.0,0.0
5.088887490341609e-15,18.0,0.0,0.0,0.0,4.3632677491869725,1.0,3.0,0.0015295188770795276,1.80745391651835,437.76412907378835,77.25424859373695,300.0,6.931492704722253e-14,653.8003649287454,0.0,0.0,-3.114757713147171e-13,-2937.9382137023736,0.0,0.0
5.1949059797237265e-15,19.0,0.0,0.0,0.0,4.363267749186959,1.0,3.0,0.0015401779321032039,1.80899409445045,436.3796438998292,81.39203861428926,300.0,6.883522167945005e-14,649.2756318320163,0.0,0.0,-3.1146100575368683e-13,-2937.79894024999,0.0,0.0
5.300924469105844e-15,20.0,0.0,0.0,0.0,4.3632677491869725,1.0,3.0,0.0015510629881221871,1.81054515743857,434.92315519647707,85.50503583141727,300.0,6.835214958644169e-14,644.7191427156016,0.0,0.0,-3.114458256741799e-13,-2937.6557569278516,0.0,0.0
5.406942958487961e-15,21.0,0.0,0.0,0.0,4.36326774918698,1.0,3.0,0.001562182146246427,1.81210733958482,433.3951066243004,89.59198738632517,300.0,6.786563886731107e-14,640.1302193875478,0.0,0.0,-3.114302133714744e-13,-2937.5084967397484,0.0,0.0
5.512961447870078e-15,22.0,0.0,0.0,0.0,4.363267749186947,1.0,3.0,0.0015735439200539325,1.81368088350487,431.79596364169686,93.6516483539781,300.0,6.737561502476743e-14,635.5081591657928,0.0,0.0,-3.114141501222586e-13,-2937.356983080933,0.0,0.0
5.618979937252195e-15,23.0,0.0,0.0,0.0,4.363267749186965,1.0,3.0,0.0015851572629910216,1.81526604076786,430.1262133631101,97.68278212231853,300.0,6.688200083193744e-14,630.8522336219861,0.0,0.0,-3.1139761609431403e-13,-2937.2010288881097,0.0,0.0
5.724998426634312e-15,24.0,0.0,0.0,0.0,4.36326774918696,1.0,3.0,0.001597031598030929,1.81686307236589,428.38636441065023,101.68416076895014,300.0,6.63847161902328e-14,626.1616872408516,0.0,0.0,-3.1138059028874025e-13,-2937.0404360926373,0.0,0.0
5.8310169160164295e-15,25.0,0.0,0.0,0.0,4.363267749186971,1.0,3.0,0.0016091768498137649,1.81847224921571,426.5769467591625,105.65456543517496,300.0,6.58836779775865e-14,621.4357359887033,0.0,0.0,-3.1136305043431323e-13,-2936.8749946255252,0.0,0.0
5.937035405398547e-15,26.0,0.0,0.0,0.0,4.363267749186985,1.0,3.0,0.0016216034795164536,1.82009385269522,424.6985115747917,109.59278669726945,300.0,6.537879988622795e-14,616.673565783289,0.0,0.0,-3.1134497288393973e-13,-2936.7044814398046,0.0,0.0
6.043053894780664e-15,27.0,0.0,0.0,0.0,4.363267749186956,1.0,3.0,0.0016343225227328229,1.82172817521796,422.75163104709196,113.49762493488679,300.0,6.486999224904676e-14,611.8743308559989,0.0,0.0,-3.1132633253466117e-13,-2936.5286597563427,0.0,0.0
6.149072384162781e-15,28.0,0.0,0.0,0.0,4.363267749186985,1.0,3.0,0.0016473456306732581,1.82337552084863,420.73689821473175,117.36789069647281,300.0,6.435716185363492e-14,607.037151997852,0.0,0.0,-3.1130710268873796e-13,-2936.3472777537154,0.0,0.0
6.255090873544898e-15,29.0,0.0,0.0,0.0,4.363267749186997,1.0,3.0,0.0016606851150354207,1.82503620596367,418.6549267848489,121.20240506158437,300.0,6.384021174288202e-14,602.1611146786473,0.0,0.0,-3.1128725492421866e-13,-2936.1600673469675,0.0,0.0
6.361109362927015e-15,30.0,0.0,0.0,0.0,4.363267749186922,1.0,3.0,0.0016743539969379384,1.8267105599606,416.50635094610965,125.00000000000009,300.0,6.331904100088988e-14,597.2452670276427,0.0,0.0,-3.112667589680904e-13,-2935.9667429914425,0.0,0.0
6.4671278523091326e-15,31.0,0.0,0.0,0.0,4.363267749187019,1.0,3.0,0.0016883660603599915,1.82839892602096,414.291825175528,128.75951872751367,300.0,6.279354452287172e-14,592.2886176631707,0.0,0.0,-3.112455825522384e-13,-2935.767000324163,0.0,0.0
6.57314634169125e-15,32.0,0.0,0.0,0.0,4.363267749186973,1.0,3.0,0.0017027359105833972,1.83010166193155,412.0120240391064,132.47981605830134,300.0,6.226361276763658e-14,587.2901333579932,0.0,0.0,-3.112236912026806e-13,-2935.5605141755295,0.0,0.0
6.679164831073367e-15,33.0,0.0,0.0,0.0,4.363267749186959,1.0,3.0,0.0017174790382042393,1.83181914096975,409.66764198635593,136.15975875375688,300.0,6.172913149086893e-14,582.2487365235105,0.0,0.0,-3.112010480934379e-13,-2935.346937191192,0.0,0.0
6.785183320455484e-15,34.0,0.0,0.0,0.0,4.363267749187002,1.0,3.0,0.001732611889347313,1.8335517528591,407.25939313876034,139.79822586768685,300.0,6.118998145745062e-14,577.1633024962902,0.0,0.0,-3.111776138286976e-13,-2935.125897777503,0.0,0.0
6.891201809837601e-15,35.0,0.0,0.0,0.0,4.363267749186935,1.0,3.0,0.0017481519428109715,1.83529990480191,404.78801107224785,143.39410908776162,300.0,6.064603813078335e-14,572.0326566076587,0.0,0.0,-3.111533461974857e-13,-2934.8969977869933,0.0,0.0
6.9972202992197184e-15,36.0,0.0,0.0,0.0,4.3632677491869645,1.0,3.0,0.0017641177949628828,1.83706402259687,402.2542485937368,146.9463130731184,300.0,6.009717133676314e-14,566.855571014202,0.0,0.0,-3.1112819993505736e-13,-2934.659810268294,0.0,0.0
7.1032387886018356e-15,37.0,0.0,0.0,0.0,4.363267749186963,1.0,3.0,0.00178052925332578,1.8388445518502,399.65887751182316,150.4537557880122,300.0,5.954324489984803e-14,561.6307612650401,0.0,0.0,-3.111021264494664e-13,-2934.4138768868443,0.0,0.0
7.209257277983954e-15,38.0,0.0,0.0,0.0,4.363267749186967,1.0,3.0,0.0017974074399226825,1.84064195929012,397.0026884016804,153.91536883141467,300.0,5.898411624838672e-14,556.3568825791582,0.0,0.0,-3.1107507348770216e-13,-2934.1587047779035,0.0,0.0
7.315275767366072e-15,39.0,0.0,0.0,0.0,4.363267749186982,1.0,3.0,0.0018147749056098839,1.84245673419573,394.28649036424264,157.33009776245947,300.0,5.841963598592342e-14,551.0325258018345,0.0,0.0,-3.110469847904352e-13,-2933.893763278802,0.0,0.0
7.42129425674819e-15,40.0,0.0,0.0,0.0,4.36326774918693,1.0,3.0,0.001832655756803414,1.84428938995253,391.51111077974446,160.69690242163492,300.0,5.784964742480745e-14,545.6562130054731,0.0,0.0,-3.110177997149805e-13,-2933.6184803954216,0.0,0.0
7.527312746130307e-15,41.0,0.0,0.0,0.0,4.3632677491869964,1.0,3.0,0.00185107579622118,1.84614046574876,388.6773950556929,164.0147572476269,300.0,5.727398607801432e-14,540.2263926963166,0.0,0.0,-3.109874527927533e-13,-2933.332238604828,0.0,0.0
7.633331235512425e-15,42.0,0.0,0.0,0.0,4.363267749186993,1.0,3.0,0.0018700626795072894,1.84801052842826,385.78620636934846,167.28265158971467,300.0,5.669247910452442e-14,534.7414345830765,0.0,0.0,-3.1095587322405354e-13,-2933.0343701020715,0.0,0.0
7.739349724894543e-15,43.0,0.0,0.0,0.0,4.363267749186954,1.0,3.0,0.0018896460899040513,1.84990017451817,382.83842540479253,170.49959001562473,300.0,5.6104944702899984e-14,529.1996238569604,0.0,0.0,-3.1092298434267675e-13,-2932.7241517470925,0.0,0.0
7.845368214276661e-15,44.0,0.0,0.0,0.0,4.363267749186954,1.0,3.0,0.0019098579334804189,1.85181003245165,379.8349500846627,173.6645926147494,300.0,5.551119144706002e-14,523.5991549264901,0.0,0.0,-3.108887029926556e-13,-2932.4007991863423,0.0,0.0
7.95138670365878e-15,45.0,0.0,0.0,0.0,4.363267749186981,1.0,3.0,0.0019307325578392653,1.85374076500949,376.7766952966368,176.77669529663697,300.0,5.491101755738045e-14,517.9381245422861,0.0,0.0,-3.1085293881988785e-13,-2932.0634601715005,0.0,0.0
8.057405193040897e-15,46.0,0.0,0.0,0.0,4.363267749186921,1.0,3.0,0.001952306997715092,1.8556930720072,373.66459261474927,179.83495008466286,300.0,5.430421009923034e-14,512.2145242374089,0.0,0.0,-3.1081559348006953e-13,-2931.7112070877683,0.0,0.0
8.163423682423015e-15,47.0,0.0,0.0,0.0,4.363267749187016,1.0,3.0,0.0019746212514594186,1.85766769325866,370.4995900156245,182.8384254047927,300.0,5.3690544099918396e-14,506.4262319981172,0.0,0.0,-3.1077655973690616e-13,-2931.343028448443,0.0,0.0
8.269442171805133e-15,48.0,0.0,0.0,0.0,4.363267749186914,1.0,3.0,0.0019977185931117636,1.85966541185177,367.2826515897145,185.7862063693486,300.0,5.3069781573677204e-14,500.5710030672106,0.0,0.0,-3.107357204270895e-13,-2930.9578191320707,0.0,0.0
8.375460661187251e-15,49.0,0.0,0.0,0.0,4.36326774918701,1.0,3.0,0.0020216459256006125,1.86168705777737,364.01475724762673,188.6773950556931,300.0,5.244167044267202e-14,494.64645976664247,0.0,0.0,-3.1069294729173545e-13,-2930.554369360206,0.0,0.0
8.481479150569369e-15,50.0,0.0,0.0,0.0,4.363267749186938,1.0,3.0,0.0020464541816368476,1.86373351195901,360.6969024216348,191.5111107797446,300.0,5.18059433401629e-14,488.65008020856556,0.0,0.0,-3.106480996318408e-13,-2930.1313520152853,0.0,0.0
8.587497639951487e-15,51.0,0.0,0.0,0.0,4.363267749186973,1.0,3.0,0.0020721987801036734,1.86580571073911,357.3300977624593,194.28649036424278,300.0,5.1162316279721866e-14,482.5791857429669,0.0,0.0,-3.106010227497737e-13,-2929.6873079400834,0.0,0.0
8.693516129333605e-15,52.0,0.0,0.0,0.0,4.363267749187001,1.0,3.0,0.0020989401472576996,1.86790465088637,353.91536883141447,197.0026884016806,300.0,5.051048717164712e-14,476.4309269640157,0.0,0.0,-3.1055154618217915e-13,-2929.2206292703554,0.0,0.0
8.799534618715723e-15,53.0,0.0,0.0,0.0,4.363267749186927,1.0,3.0,0.002126744313906137,1.87003139520028,350.453755788012,199.6588775118233,300.0,4.9850134164645543e-14,470.20226806828765,0.0,0.0,-3.104994816178549e-13,-2928.7295397950566,0.0,0.0
8.905553108097841e-15,54.0,0.0,0.0,0.0,4.363267749186963,1.0,3.0,0.0021556836020089065,1.87218707880229,346.94631307311823,202.25424859373695,300.0,4.9180913786846134e-14,463.889969320214,0.0,0.0,-3.1044462052583013e-13,-2928.2120725839145,0.0,0.0
9.011571597479959e-15,55.0,0.0,0.0,0.0,4.3632677491870036,1.0,3.0,0.0021858374169727024,1.87437291621926,343.3941090877614,204.78801107224803,300.0,4.850245885576735e-14,457.4905673382308,0.0,0.0,-3.1038673133265367e-13,-2927.6660433628945,0.0,0.0
9.117590086862077e-15,56.0,0.0,0.0,0.0,4.363267749186935,1.0,3.0,0.0022172931654244055,1.87659020938468,339.79822586768665,207.25939313876052,300.0,4.7814376120996736e-14,451.0003528597866,0.0,0.0,-3.10325556178273e-13,-2927.089019914037,0.0,0.0
9.223608576244195e-15,57.0,0.0,0.0,0.0,4.363267749186963,1.0,3.0,0.002250147322644891,1.87884035670733,336.1597587537567,209.66764198635607,300.0,4.711624359666283e-14,444.4153455803708,0.0,0.0,-3.1026080706275054e-13,-2926.4782857308196,0.0,0.0
9.329627065626313e-15,58.0,0.0,0.0,0.0,4.363267749187013,1.0,3.0,0.0022845066793935054,1.88112486338672,332.47981605830114,212.0120240391066,300.0,4.6407607532258964e-14,437.73126558136465,0.0,0.0,-3.101921613081007e-13,-2925.830797212046,0.0,0.0
9.43564555500843e-15,59.0,0.0,0.0,0.0,4.363267749186943,1.0,3.0,0.002320489804877368,1.8834453531916,328.75951872751347,214.29182517552815,300.0,4.5687978959992985e-14,430.9435007635483,0.0,0.0,-3.101192561817751e-13,-2925.1431329494335,0.0,0.0
9.541664044390549e-15,60.0,0.0,0.0,0.0,4.363267749186941,1.0,3.0,0.002358228771598747,1.8858035819632,324.99999999999994,216.50635094610973,300.0,4.4956829743979145e-14,424.04706958182686,0.0,0.0,-3.100416824777191e-13,-2924.4114331817054,0.0,0.0
9.647682533772667e-15,61.0,0.0,0.0,0.0,4.363267749186997,1.0,3.0,0.002397871199349144,1.88820145316255,321.20240506158416,218.654926784849,300.0,4.4213588040463635e-14,417.0365782246384,0.0,0.0,-3.099589768279595e-13,-2923.631327275281,0.0,0.0
9.753701023154785e-15,62.0,0.0,0.0,0.0,4.363267749186957,1.0,3.0,0.0024395826905819207,1.89064103585313,317.3678906964726,220.7368982147318,300.0,4.345763305806678e-14,409.90617119089734,0.0,0.0,-3.0987061242697776e-13,-2922.7978462334377,0.0,0.0
9.859719512536903e-15,63.0,0.0,0.0,0.0,4.363267749186997,1.0,3.0,0.0024835497489361646,1.89312458560207,313.4976249348866,222.75163104709202,300.0,4.2688288981338616e-14,402.64947397504426,0.0,0.0,-3.097759878004107e-13,-2921.905316759411,0.0,0.0
9.96573800191902e-15,64.0,0.0,0.0,0.0,4.363267749186943,1.0,3.0,0.0025299832984521653,1.89565456890052,309.5927866972693,224.69851157479184,300.0,4.1904817888314664e-14,395.25952626318696,0.0,0.0,-3.0967441306954864e-13,-2920.94723169844,0.0,0.0
1.0071756491301139e-14,65.0,0.0,0.0,0.0,4.363267749186961,1.0,3.0,0.0025791229553001616,1.89823369185582,305.6545654351748,226.57694675916258,300.0,4.110641145054653e-14,387.72870364515785,0.0,0.0,-3.095650930977865e-13,-2919.916091070059,0.0,0.0
1.0177774980683256e-14,66.0,0.0,0.0,0.0,4.3632677491869964,1.0,3.0,0.0026312422499217836,1.90086493410574,301.68416076894994,228.3863644106503,300.0,4.0292181149518724e-14,380.04862533265606,0.0,0.0,-3.0944710660981297e-13,-2918.803205113451,0.0,0.0
1.0283793470065374e-14,67.0,0.0,0.0,0.0,4.363267749186921,1.0,3.0,0.0026866550600807004,1.90355158916582,297.6827821223184,230.12621336311014,300.0,3.946114667170315e-14,372.21004469772254,0.0,0.0,-3.0931938013308285e-13,-2917.5984484953083,0.0,0.0
1.0389811959447492e-14,68.0,0.0,0.0,0.0,4.363267749187003,1.0,3.0,0.00274572360134806,1.90629731276717,293.6516483539779,231.79596364169694,300.0,3.8612222049614305e-14,364.2027185507794,0.0,0.0,-3.0918065520945064e-13,-2916.28995103942,0.0,0.0
1.049583044882961e-14,69.0,0.0,0.0,0.0,4.363267749186943,1.0,3.0,0.002808868441273815,1.90910618120844,289.591987386325,233.39510662430052,300.0,3.774419898926944e-14,356.01524987994895,0.0,0.0,-3.090294467302349e-13,-2914.863704729963,0.0,0.0
1.0601848938211728e-14,70.0,0.0,0.0,0.0,4.36326774918697,1.0,3.0,0.0028765811723733825,1.91198276238082,285.5050358314171,234.92315519647715,300.0,3.6855726652290945e-14,347.63489714943404,0.0,0.0,-3.0886398948563675e-13,-2913.303059548531,0.0,0.0
1.0707867427593846e-14,71.0,0.0,0.0,0.0,4.36326774918695,1.0,3.0,0.0029494406208083745,1.91493220300162,281.3920386142891,236.37964389982926,300.0,3.594528692463071e-14,339.0473410262868,0.0,0.0,-3.0868216882789866e-13,-2911.5880694670786,0.0,0.0
1.0813885916975964e-14,72.0,0.0,0.0,0.0,4.363267749187018,1.0,3.0,0.0030281338192861273,1.91796033682091,277.25424859373675,237.76412907378847,300.0,3.501116387488829e-14,330.2363963015831,0.0,0.0,-3.0848142964918255e-13,-2909.6946338985904,0.0,0.0
1.0919904406358082e-14,73.0,0.0,0.0,0.0,4.363267749186978,1.0,3.0,0.003113483493262792,1.92107382031417,273.09292618068406,239.07618899075894,300.0,3.4051405639865884e-14,321.18365238289556,0.0,0.0,-3.082586553290571e-13,-2907.593355891115,0.0,0.0
1.10259228957402e-14,74.0,0.0,0.0,0.0,4.363267749186965,1.0,3.0,0.00320648459517614,1.92428030490935,268.9093389542497,240.31542398457978,300.0,3.306377630555687e-14,311.8680194205229,0.0,0.0,-3.0801000441256263e-13,-2905.2480016237005,0.0,0.0
1.1131941385122318e-14,75.0,0.0,0.0,0.0,4.3632677491869245,1.0,3.0,0.00330835363268972,1.92758865854204,264.7047612756301,241.48145657226715,300.0,3.2045694370322136e-14,302.265147872662,0.0,0.0,-3.0773068670021185e-13,-2902.6133884163537,0.0,0.0
1.1237959874504436e-14,76.0,0.0,0.0,0.0,4.363267749186933,1.0,3.0,0.0034205964492474705,1.93100925499129,260.4804738999169,242.57393156899917,300.0,3.099415290729202e-14,292.34667545187426,0.0,0.0,-3.0741465081665507e-13,-2899.632437778398,0.0,0.0
1.1343978363886554e-14,77.0,0.0,0.0,0.0,4.3632677491870755,1.0,3.0,0.0035451032155111584,1.9345543582068,256.2377635859661,243.59251619630885,300.0,2.990561429022637e-14,282.0792341460255,0.0,0.0,-3.07054139440251e-13,-2896.231980193087,0.0,0.0
1.1449996853268672e-14,78.0,0.0,0.0,0.0,4.363267749186892,1.0,3.0,0.0036842845690708836,1.93823864277587,251.97792270443975,244.53690018345142,300.0,2.8775868800181764e-14,271.423116551549,0.0,0.0,-3.0663904181796483e-13,-2892.316647832603,0.0,0.0
1.155601534265079e-14,79.0,0.0,0.0,0.0,4.363267749186951,1.0,3.0,0.0038412717894694137,1.94207991456534,247.70224884413614,245.406795861916,300.0,2.759984067588212e-14,260.33044647905876,0.0,0.0,-3.0615592667085587e-13,-2887.7597526162804,0.0,0.0
1.1662033832032908e-14,80.0,0.0,0.0,0.0,4.363267749186986,1.0,3.0,0.004020219975904349,1.94610013454124,243.4120444167325,246.20193825305202,300.0,2.6371315504513047e-14,248.74260761690377,0.0,0.0,-3.0558655464934725e-13,-2882.389255216929,0.0,0.0
1.1768052321415026e-14,81.0,0.0,0.0,0.0,4.3632677491869725,1.0,3.0,0.0042267834216381805,1.95032691796288,239.10861626005763,246.92208514878448,300.0,2.5082545947203563e-14,236.58652460892557,0.0,0.0,-3.0490551058563415e-13,-2875.9654317151753,0.0,0.0
1.1874070810797144e-14,82.0,0.0,0.0,0.0,4.3632677491869085,1.0,3.0,0.004468892292217808,1.9547958102551,234.79327524001633,247.5670171853926,300.0,2.3723661804680336e-14,223.76909860669818,0.0,0.0,-3.0407627968335857e-13,-2868.1438629764784,0.0,0.0
1.1980089300179262e-14,83.0,0.0,0.0,0.0,4.363267749187058,1.0,3.0,0.004758086233203562,1.9595538964883,230.46733585128675,248.13653791033053,300.0,2.228175030588627e-14,210.16853226022772,0.0,0.0,-3.03044423350694e-13,-2858.411066945544,0.0,0.0
1.208610778956138e-14,84.0,0.0,0.0,0.0,4.363267749186956,1.0,3.0,0.0051119491263051375,1.96466584561461,226.13211581691326,248.63047384206834,300.0,2.0739347509654474e-14,195.62010014031156,0.0,0.0,-3.0172498945556054e-13,-2845.965748182524,0.0,0.0
1.2192126278943498e-14,85.0,0.0,0.0,0.0,4.363267749186987,1.0,3.0,0.005558914137537951,1.97022475975214,221.7889356869144,249.0486745229364,300.0,1.9071798333095617e-14,179.89124768940954,0.0,0.0,-2.9997750195462013e-13,-2829.4828921153926,0.0,0.0
1.2298144768325616e-14,86.0,0.0,0.0,0.0,4.363267749186899,1.0,3.0,0.006148771264266717,1.97637353101641,217.43911843603126,249.3910125649561,300.0,1.7242223661536936e-14,162.63411940714903,0.0,0.0,-2.9755126559857006e-13,-2806.5978616816446,0.0,0.0
1.2404163257707734e-14,87.0,0.0,0.0,0.0,4.363267749186977,1.0,3.0,0.006979168933259672,1.98335269994967,213.0839890607359,249.6573836886435,300.0,1.5190703992975458e-14,143.28353555599386,0.0,0.0,-2.939489913741493e-13,-2772.620069266232,0.0,0.0
1.2510181747089852e-14,88.0,0.0,0.0,0.0,4.363267749186982,1.0,3.0,0.008278583739614931,1.99163128368929,208.72487417562516,249.847706754774,300.0,1.280635585949253e-14,120.79360811617606,0.0,0.0,-2.8801401404847266e-13,-2716.639481726587,0.0,0.0
1.261620023647197e-14,89.0,0.0,0.0,0.0,4.363267749187041,1.0,3.0,0.010788860380656795,2.00242014406994,204.36310160932072,249.96192378909788,300.0,9.826662468651244e-15,92.68819548289751,0.0,0.0,-2.7618240348939483e-13,-2605.0399802808192,0.0,0.0
1.2722218725854088e-14,90.0,0.0,0.0,0.0,4.363267749186897,1.0,3.0,0.026046613053530787,2.02846675712347,199.99999999999991,250.00000000000006,300.0,4.070336867378089e-15,38.39270764090541,0.0,0.0,-2.2100092589553926e-13,-2084.5507909379367,0.0,0.0
1.2722218725854088e-14,90.0,0.0,0.0,0.0,4.363267749186897,1.0,3.0,0.01,2.03846675712347,199.99999999999991,250.00000000000006,300.0,0.0,0.0,0.0,0.0,0.0,0.0,0.0,0.0
1.2722218725854088e-14,90.0,0.0,0.0,0.0,4.363267749186897,1.0,3.0,1.03,3.06846675712347,199.99999999999991,250.00000000000006,300.0,0.0,0.0,0.0,0.0,0.0,0.0,0.0,0.0
1.2616200236471949e-14,88.99999999999999,0.0,0.0,0.0,4.363267749186953,0.9999999999999999,5.0,0.0,3.06846675712347,204.36310160932084,249.96192378909788,300.0,0.0,0.0,0.0,0.0,0.0,0.0,0.0,0.0
1.2510181747089831e-14,87.99999999999999,0.0,0.0,0.0,4.363267749186927,0.9999999999999999,5.0,0.03683547343418786,3.10530223055766,208.72487417562516,249.847706754774,300.0,-2.8781628006366247e-15,-27.1477439209965,0.0,0.0,-7.813562667462119e-14,-737.0000000000024,0.0,0.0
1.2404163257707713e-14,86.99999999999999,0.0,0.0,0.0,4.363267749186982,0.9999999999999999,5.0,0.008278583739614848,3.11358081429728,213.0839890607359,249.6573836886435,300.0,-1.2806355859492702e-14,-120.79360811617768,0.0,0.0,-1.1992622616532164e-12,-11311.82182129351,0.0,0.0
1.2298144768325595e-14,85.99999999999999,0.0,0.0,0.0,4.363267749187034,0.9999999999999999,5.0,0.006979168933259616,3.12055998323054,217.43911843603132,249.3910125649561,300.0,-1.5190703992975458e-14,-143.28353555599386,0.0,0.0,-3.416378305617441e-13,-3222.4363179746247,0.0,0.0
1.2192126278943477e-14,84.99999999999999,0.0,0.0,0.0,4.363267749186956,0.9999999999999999,5.0,0.006148771264266724,3.1267087544948,221.78893568691453,249.0486745229364,300.0,-1.7242223661536936e-14,-162.63411940714903,0.0,0.0,-3.3364709474294226e-13,-3147.065164646819,0.0,0.0
1.208610778956136e-14,83.99999999999999,0.0,0.0,0.0,4.363267749186931,0.9999999999999999,5.0,0.005558914137537958,3.13226766863234,226.1321158169133,248.63047384206834,300.0,-1.9071798333095235e-14,-179.89124768940593,0.0,0.0,-3.291244704075576e-13,-3104.4063382313284,0.0,0.0
1.1980089300179241e-14,82.99999999999999,0.0,0.0,0.0,4.363267749186956,0.9999999999999999,5.0,0.005111949126305151,3.13737961775865,230.4673358512868,248.13653791033053,300.0,-2.0739347509654474e-14,-195.62010014031156,0.0,0.0,-3.2620613690741225e-13,-3076.879691538345,0.0,0.0
1.1874070810797123e-14,81.99999999999999,0.0,0.0,0.0,4.363267749187002,0.9999999999999999,5.0,0.004758086233203562,3.14213770399185,234.79327524001633,247.5670171853926,300.0,-2.228175030588679e-14,-210.16853226023264,0.0,0.0,-3.241645318382247e-13,-3057.622625331437,0.0,0.0
1.1768052321415005e-14,80.99999999999999,0.0,0.0,0.0,4.363267749186969,0.9999999999999999,5.0,0.004468892292217766,3.14660659628407,239.1086162600577,246.92208514878445,300.0,-2.3723661804680336e-14,-223.76909860669818,0.0,0.0,-3.226552363556649e-13,-3043.386471889188,0.0,0.0
1.1662033832032887e-14,79.99999999999999,0.0,0.0,0.0,4.363267749186968,0.9999999999999999,5.0,0.004226783421638208,3.15083337970571,243.41204441673256,246.20193825305202,300.0,-2.5082545947202907e-14,-236.58652460891935,0.0,0.0,-3.2149367662558654e-13,-3032.4302722975012,0.0,0.0
1.155601534265077e-14,78.99999999999999,0.0,0.0,0.0,4.363267749186991,0.9999999999999999,5.0,0.004020219975904321,3.15485359968161,247.7022488441362,245.40679586191598,300.0,-2.6371315504513047e-14,-248.74260761690377,0.0,0.0,-3.2057190030260684e-13,-3023.73578581358,0.0,0.0
1.1449996853268652e-14,77.99999999999999,0.0,0.0,0.0,4.363267749186946,0.9999999999999999,5.0,0.0038412717894694,3.15869487147108,251.9779227044398,244.53690018345142,300.0,-2.759984067588292e-14,-260.3304464790663,0.0,0.0,-3.198225063734905e-13,-3016.667264714254,0.0,0.0
1.1343978363886534e-14,76.99999999999999,0.0,0.0,0.0,4.363267749186953,0.9999999999999999,5.0,0.003684284569070856,3.16237915604015,256.2377635859662,243.59251619630882,300.0,-2.8775868800182634e-14,-271.4231165515572,0.0,0.0,-3.1920121864971065e-13,-3010.8070819536615,0.0,0.0
1.1237959874504416e-14,75.99999999999999,0.0,0.0,0.0,4.36326774918702,0.9999999999999999,5.0,0.0035451032155111722,3.16592425925566,260.48047389991694,242.57393156899914,300.0,-2.990561429022637e-14,-282.0792341460255,0.0,0.0,-3.18677742611464e-13,-3005.8694900176056,0.0,0.0
1.1131941385122298e-14,74.99999999999999,0.0,0.0,0.0,4.363267749186879,0.9999999999999999,5.0,0.0034205964492474566,3.16934485570491,264.7047612756301,241.48145657226712,300.0,-3.099415290729202e-14,-292.34667545187426,0.0,0.0,-3.1823064580012223e-13,-3001.6523311621363,0.0,0.0
1.102592289574018e-14,73.99999999999999,0.0,0.0,0.0,4.363267749186979,0.9999999999999999,5.0,0.003308353632689748,3.1726532093376,268.90933895424973,240.31542398457975,300.0,-3.2045694370322136e-14,-302.265147872662,0.0,0.0,-3.1784433581703406e-13,-2998.008532940325,0.0,0.0
1.0919904406358062e-14,72.99999999999999,0.0,0.0,0.0,4.3632677491870115,0.9999999999999999,5.0,0.0032064845951760707,3.17585969393277,273.0929261806842,239.07618899075894,300.0,-3.306377630555801e-14,-311.8680194205337,0.0,0.0,-3.1750719674983584e-13,-2994.8285303845423,0.0,0.0
1.0813885916975944e-14,71.99999999999999,0.0,0.0,0.0,4.363267749186924,0.9999999999999999,5.0,0.003113483493262875,3.17897317742604,277.2542485937368,237.76412907378847,300.0,-3.4051405639864666e-14,-321.18365238288413,0.0,0.0,-3.1721039679308847e-13,-2992.029019106099,0.0,0.0
1.0707867427593826e-14,70.99999999999999,0.0,0.0,0.0,4.363267749186964,0.9999999999999999,5.0,0.0030281338192861135,3.18200131124532,281.3920386142891,236.37964389982926,300.0,-3.501116387488829e-14,-330.2363963015831,0.0,0.0,-3.1694710085496863e-13,-2989.545528352223,0.0,0.0
1.0601848938211708e-14,69.99999999999999,0.0,0.0,0.0,4.3632677491870036,0.9999999999999999,5.0,0.0029494406208083884,3.18495075186613,285.50503583141716,234.92315519647715,300.0,-3.594528692463071e-14,-339.0473410262868,0.0,0.0,-3.167119362065347e-13,-2987.327380840374,0.0,0.0
1.049583044882959e-14,68.99999999999999,0.0,0.0,0.0,4.36326774918698,0.9999999999999999,5.0,0.002876581172373327,3.18782733303851,289.59198738632506,233.3951066243005,300.0,-3.6855726652292365e-14,-347.6348971494475,0.0,0.0,-3.1650062108642967e-13,-2985.334189640081,0.0,0.0
1.0389811959447472e-14,67.99999999999999,0.0,0.0,0.0,4.3632677491869964,0.9999999999999999,5.0,0.0028088684412738013,3.19063620147978,293.65164835397803,231.79596364169691,300.0,-3.774419898927093e-14,-356.015249879963,0.0,0.0,-3.1630970106085865e-13,-2983.5333714367002,0.0,0.0
1.0283793470065354e-14,66.99999999999999,0.0,0.0,0.0,4.363267749186886,0.9999999999999999,5.0,0.002745723601348088,3.19338192508113,297.6827821223184,230.12621336311014,300.0,-3.861222204961274e-14,-364.2027185507647,0.0,0.0,-3.1613635834124165e-13,-2981.8983479551976,0.0,0.0
1.0177774980683236e-14,65.99999999999999,0.0,0.0,0.0,4.363267749187026,0.9999999999999999,5.0,0.0026866550600807004,3.19606858014121,301.68416076895005,228.3863644106503,300.0,-3.946114667170152e-14,-372.2100446977072,0.0,0.0,-3.159782715326499e-13,-2980.4072230625834,0.0,0.0
1.0071756491301118e-14,64.99999999999999,0.0,0.0,0.0,4.363267749186905,0.9999999999999999,5.0,0.0026312422499217836,3.19869982239113,305.6545654351748,226.57694675916255,300.0,-4.029218114952043e-14,-380.0486253326721,0.0,0.0,-3.158335108991298e-13,-2979.041794877714,0.0,0.0
9.965738001919e-15,63.999999999999986,0.0,0.0,0.0,4.363267749187024,0.9999999999999999,5.0,0.0025791229553001616,3.20127894534643,309.59278669726933,224.69851157479178,300.0,-4.110641145054476e-14,-387.72870364514114,0.0,0.0,-3.1570045908475656e-13,-2977.786807986788,0.0,0.0
9.859719512536882e-15,62.999999999999986,0.0,0.0,0.0,4.363267749186968,0.9999999999999999,5.0,0.0025299832984521653,3.20380892864488,313.4976249348867,222.75163104709202,300.0,-4.1904817888314664e-14,-395.25952626318696,0.0,0.0,-3.1557775035841176e-13,-2976.6293803808835,0.0,0.0
9.753701023154764e-15,61.999999999999986,0.0,0.0,0.0,4.36326774918696,0.9999999999999999,5.0,0.0024835497489361924,3.20629247839382,317.36789069647267,220.73689821473178,300.0,-4.2688288981338616e-14,-402.64947397504426,0.0,0.0,-3.1546422348074736e-13,-2975.558558882425,0.0,0.0
9.647682533772646e-15,60.999999999999986,0.0,0.0,0.0,4.363267749186957,0.9999999999999999,5.0,0.002439582690581893,3.2087320610844,321.2024050615842,218.65492678484898,300.0,-4.345763305806678e-14,-409.90617119089734,0.0,0.0,-3.15358884820037e-13,-2974.564971241981,0.0,0.0
9.541664044390528e-15,59.999999999999986,0.0,0.0,0.0,4.363267749186997,0.9999999999999999,5.0,0.0023978711993491164,3.21112993228375,325.0,216.5063509461097,300.0,-4.421358804046568e-14,-417.0365782246577,0.0,0.0,-3.152608791515192e-13,-2973.640550708459,0.0,0.0
9.43564555500841e-15,58.999999999999986,0.0,0.0,0.0,4.363267749186878,0.9999999999999999,5.0,0.002358228771598747,3.21348816105535,328.75951872751347,214.29182517552815,300.0,-4.495682974397703e-14,-424.0470695818069,0.0,0.0,-3.151694663649786e-13,-2972.7783163276995,0.0,0.0
9.329627065626292e-15,57.999999999999986,0.0,0.0,0.0,4.363267749187036,0.9999999999999999,5.0,0.002320489804877368,3.21580865086023,332.4798160583012,212.0120240391065,300.0,-4.5687978959992985e-14,-430.9435007635483,0.0,0.0,-3.150840027304392e-13,-2971.9721962345234,0.0,0.0
9.223608576244174e-15,56.999999999999986,0.0,0.0,0.0,4.363267749186983,0.9999999999999999,5.0,0.0022845066793935054,3.21809315753962,336.15975875375676,209.66764198635605,300.0,-4.6407607532258964e-14,-437.73126558136465,0.0,0.0,-3.150039256864975e-13,-2971.216884171419,0.0,0.0
9.117590086862056e-15,55.999999999999986,0.0,0.0,0.0,4.363267749186979,0.9999999999999999,5.0,0.0022501473226449187,3.22034330486226,339.7982258676867,207.25939313876046,300.0,-4.711624359666515e-14,-444.41534558039274,0.0,0.0,-3.149287414538046e-13,-2970.507722655058,0.0,0.0
9.011571597479938e-15,54.999999999999986,0.0,0.0,0.0,4.363267749186935,0.9999999999999999,5.0,0.0022172931654244055,3.22256059802769,343.3941090877615,204.78801107224797,300.0,-4.7814376120994345e-14,-451.000352859764,0.0,0.0,-3.1485801481534437e-13,-2969.8406065805566,0.0,0.0
8.90555310809782e-15,53.999999999999986,0.0,0.0,0.0,4.363267749186957,0.9999999999999999,5.0,0.0021858374169727024,3.22474643544466,346.94631307311823,202.2542485937369,300.0,-4.850245885576735e-14,-457.4905673382308,0.0,0.0,-3.14791360706943e-13,-2969.2119039005684,0.0,0.0
8.799534618715702e-15,52.999999999999986,0.0,0.0,0.0,4.363267749186991,0.9999999999999999,5.0,0.0021556836020088788,3.22690211904667,350.4537557880121,199.65887751182328,300.0,-4.9180913786846134e-14,-463.889969320214,0.0,0.0,-3.147284371632855e-13,-2968.6183890899047,0.0,0.0
8.693516129333585e-15,51.999999999999986,0.0,0.0,0.0,4.363267749186989,0.9999999999999999,5.0,0.002126744313906165,3.22902886336058,353.9153688314146,197.00268840168053,300.0,-4.9850134164645543e-14,-470.20226806828765,0.0,0.0,-3.1466893947879874e-13,-2968.057188068847,0.0,0.0
8.587497639951467e-15,50.999999999999986,0.0,0.0,0.0,4.36326774918692,0.9999999999999999,5.0,0.002098940147257672,3.23112780350783,357.33009776245933,194.28649036424278,300.0,-5.051048717164712e-14,-476.4309269640157,0.0,0.0,-3.14612595249236e-13,-2967.525731434389,0.0,0.0
8.481479150569349e-15,49.999999999999986,0.0,0.0,0.0,4.363267749186966,0.9999999999999999,5.0,0.002072198780103701,3.23320000228794,360.6969024216348,191.51111077974454,300.0,-5.116231627971913e-14,-482.57918574294104,0.0,0.0,-3.14559160216937e-13,-2967.021715270665,0.0,0.0
8.37546066118723e-15,48.999999999999986,0.0,0.0,0.0,4.363267749186981,0.9999999999999999,5.0,0.00204645418163682,3.23524645646957,364.0147572476268,188.67739505569304,300.0,-5.180594334016571e-14,-488.6500802085921,0.0,0.0,-3.1450841471164244e-13,-2966.543067578291,0.0,0.0
8.269442171805113e-15,47.999999999999986,0.0,0.0,0.0,4.363267749186991,0.9999999999999999,5.0,0.0020216459256006125,3.23726810239518,367.28265158971453,185.78620636934858,300.0,-5.244167044267202e-14,-494.64645976664247,0.0,0.0,-3.144601606324528e-13,-2966.087919806677,0.0,0.0
8.163423682422995e-15,46.999999999999986,0.0,0.0,0.0,4.363267749186974,0.9999999999999999,5.0,0.0019977185931117913,3.23926582098829,370.4995900156246,182.83842540479264,300.0,-5.306978157368015e-14,-500.5710030672384,0.0,0.0,-3.144142188864372e-13,-2965.654582694591,0.0,0.0
8.057405193040877e-15,45.999999999999986,0.0,0.0,0.0,4.363267749186955,0.9999999999999999,5.0,0.0019746212514594186,3.24124044223975,373.6645926147493,179.83495008466284,300.0,-5.369054409992141e-14,-506.4262319981457,0.0,0.0,-3.1437042713001244e-13,-2965.2415249659084,0.0,0.0
7.951386703658759e-15,44.999999999999986,0.0,0.0,0.0,4.363267749187002,0.9999999999999999,5.0,0.0019523069977151197,3.24319274923746,376.7766952966369,176.7766952966369,300.0,-5.430421009922725e-14,-512.2145242373798,0.0,0.0,-3.1432863787509693e-13,-2964.8473554662246,0.0,0.0
7.845368214276641e-15,43.999999999999986,0.0,0.0,0.0,4.363267749186922,0.9999999999999999,5.0,0.0019307325578392376,3.2451234817953,379.83495008466275,173.66459261474935,300.0,-5.491101755738045e-14,-517.9381245422861,0.0,0.0,-3.1428871683413765e-13,-2964.4708075528324,0.0,0.0
7.739349724894523e-15,42.999999999999986,0.0,0.0,0.0,4.363267749186894,0.9999999999999999,5.0,0.0019098579334804189,3.24703333972878,382.83842540479253,170.4995900156247,300.0,-5.551119144706002e-14,-523.5991549264901,0.0,0.0,-3.142505414451698e-13,-2964.1107251823814,0.0,0.0
7.633331235512405e-15,41.999999999999986,0.0,0.0,0.0,4.363267749187013,0.9999999999999999,5.0,0.0018896460899040235,3.24892298581868,385.7862063693485,167.28265158971462,300.0,-5.6104944702899984e-14,-529.1996238569604,0.0,0.0,-3.14213999654353e-13,-2963.766051427506,0.0,0.0
7.527312746130287e-15,40.999999999999986,0.0,0.0,0.0,4.363267749186972,0.9999999999999999,5.0,0.0018700626795073172,3.25079304849819,388.67739505569295,164.01475724762687,300.0,-5.669247910452106e-14,-534.7414345830448,0.0,0.0,-3.1417898878974386e-13,-2963.43581785405,0.0,0.0
7.421294256748169e-15,39.999999999999986,0.0,0.0,0.0,4.36326774918696,0.9999999999999999,5.0,0.00185107579622118,3.25264412429441,391.51111077974446,160.6969024216349,300.0,-5.727398607801432e-14,-540.2263926963166,0.0,0.0,-3.141454146180198e-13,-2963.1191356232043,0.0,0.0
7.315275767366051e-15,38.999999999999986,0.0,0.0,0.0,4.363267749186966,0.9999999999999999,5.0,0.001832655756803414,3.25447678005122,394.2864903642427,157.33009776245945,300.0,-5.784964742480745e-14,-545.6562130054731,0.0,0.0,-3.14113190464767e-13,-2962.815187194557,0.0,0.0
7.209257277983933e-15,37.999999999999986,0.0,0.0,0.0,4.363267749186982,0.9999999999999999,5.0,0.0018147749056098006,3.25629155495683,397.0026884016805,153.91536883141464,300.0,-5.841963598592342e-14,-551.0325258018345,0.0,0.0,-3.1408223650988787e-13,-2962.52321967974,0.0,0.0
7.103238788601816e-15,36.999999999999986,0.0,0.0,0.0,4.363267749186955,0.9999999999999999,5.0,0.0017974074399227102,3.25808896239675,399.65887751182316,150.45375578801213,300.0,-5.89841162483863e-14,-556.3568825791582,0.0,0.0,-3.1405247910130837e-13,-2962.2425383710347,0.0,0.0
6.997220299219699e-15,35.999999999999986,0.0,0.0,0.0,4.363267749186963,0.9999999999999999,5.0,0.00178052925332578,3.25986949165008,402.2542485937368,146.94631307311835,300.0,-5.954324489984803e-14,-561.6307612650401,0.0,0.0,-3.140238501655509e-13,-2961.972501171303,0.0,0.0
6.8912018098375815e-15,34.999999999999986,0.0,0.0,0.0,4.363267749186997,0.9999999999999999,5.0,0.0017641177949629105,3.26163360944504,404.7880110722479,143.39410908776156,300.0,-6.009717133675937e-14,-566.8555710141665,0.0,0.0,-3.1399628669522e-13,-2961.712513781425,0.0,0.0
6.785183320455464e-15,33.999999999999986,0.0,0.0,0.0,4.363267749186927,0.9999999999999999,5.0,0.0017481519428109438,3.26338176138785,407.25939313876034,139.79822586768677,300.0,-6.06460381307872e-14,-572.0326566076951,0.0,0.0,-3.13969730311487e-13,-2961.4620255516247,0.0,0.0
6.679164831073347e-15,32.999999999999986,0.0,0.0,0.0,4.363267749186979,0.9999999999999999,5.0,0.0017326118893472853,3.2651143732772,409.66764198635593,136.15975875375682,300.0,-6.118998145745062e-14,-577.1633024962902,0.0,0.0,-3.1394412678787777e-13,-2961.220525000527,0.0,0.0
6.57314634169123e-15,31.999999999999986,0.0,0.0,0.0,4.363267749186935,0.9999999999999999,5.0,0.001717479038204267,3.2668318523154,412.0120240391064,132.4798160583013,300.0,-6.172913149086893e-14,-582.2487365235105,0.0,0.0,-3.139194257544201e-13,-2960.9875370227132,0.0,0.0
6.467127852309113e-15,30.999999999999986,0.0,0.0,0.0,4.363267749186973,0.9999999999999999,5.0,0.001702735910583425,3.26853458822598,414.291825175528,128.75951872751364,300.0,-6.226361276763658e-14,-587.2901333579932,0.0,0.0,-3.138955803102246e-13,-2960.762619233925,0.0,0.0
6.361109362926996e-15,29.999999999999986,0.0,0.0,0.0,4.363267749187019,0.9999999999999999,5.0,0.001688366060359936,3.27022295428634,416.50635094610965,125.00000000000006,300.0,-6.279354452287172e-14,-592.2886176631707,0.0,0.0,-3.1387254676403866e-13,-2960.5453595246354,0.0,0.0
6.2550908735448785e-15,28.999999999999986,0.0,0.0,0.0,4.363267749186947,0.9999999999999999,5.0,0.001674353996937994,3.27189730828328,418.6549267848489,121.20240506158432,300.0,-6.331904100088988e-14,-597.2452670276427,0.0,0.0,-3.138502843360394e-13,-2960.335373246484,0.0,0.0
6.149072384162761e-15,27.999999999999986,0.0,0.0,0.0,4.363267749187036,0.9999999999999999,5.0,0.001660685115035393,3.27355799339832,420.7368982147318,117.36789069647274,300.0,-6.384021174288628e-14,-602.1611146786876,0.0,0.0,-3.138287549384746e-13,-2960.1323011437617,0.0,0.0
6.043053894780644e-15,26.999999999999986,0.0,0.0,0.0,4.3632677491869725,0.9999999999999999,5.0,0.0016473456306732581,3.27520533902899,422.751631047092,113.49762493488673,300.0,-6.435716185363926e-14,-607.0371519978929,0.0,0.0,-3.1380792295648394e-13,-2959.9358072858577,0.0,0.0
5.937035405398527e-15,25.999999999999986,0.0,0.0,0.0,4.363267749186968,0.9999999999999999,5.0,0.0016343225227328506,3.27683966155172,424.6985115747918,109.59278669726937,300.0,-6.486999224904236e-14,-611.8743308559573,0.0,0.0,-3.137877550298659e-13,-2959.7455770087154,0.0,0.0
5.83101691601641e-15,24.999999999999986,0.0,0.0,0.0,4.363267749186948,0.9999999999999999,5.0,0.0016216034795164536,3.27846126503124,426.5769467591625,105.6545654351749,300.0,-6.537879988622795e-14,-616.673565783289,0.0,0.0,-3.1376821992100953e-13,-2959.561315669323,0.0,0.0
5.724998426634293e-15,23.999999999999986,0.0,0.0,0.0,4.363267749186958,0.9999999999999999,5.0,0.001609176849813737,3.28007044188105,428.38636441065023,101.6841607689501,300.0,-6.588367797759105e-14,-621.4357359887462,0.0,0.0,-3.1374928829081924e-13,-2959.3827465319796,0.0,0.0
5.6189799372521755e-15,22.999999999999986,0.0,0.0,0.0,4.363267749186973,0.9999999999999999,5.0,0.0015970315980309568,3.28166747347908,430.1262133631101,97.68278212231847,300.0,-6.63847161902328e-14,-626.1616872408516,0.0,0.0,-3.137309325998979e-13,-2959.20960983637,0.0,0.0
5.512961447870058e-15,21.999999999999986,0.0,0.0,0.0,4.363267749186979,0.9999999999999999,5.0,0.0015851572629909938,3.28325263074208,431.79596364169686,93.65164835397803,300.0,-6.688200083193744e-14,-630.8522336219861,0.0,0.0,-3.1371312696528175e-13,-2959.0416614462115,0.0,0.0
5.406942958487941e-15,20.999999999999986,0.0,0.0,0.0,4.363267749186954,0.9999999999999999,5.0,0.0015735439200539325,3.28482617466213,433.39510662430047,89.59198738632512,300.0,-6.737561502476743e-14,-635.5081591657928,0.0,0.0,-3.136958470234967e-13,-2958.878671557581,0.0,0.0
5.300924469105824e-15,19.999999999999986,0.0,0.0,0.0,4.363267749186959,0.9999999999999999,5.0,0.001562182146246427,3.28638835680838,434.92315519647707,85.50503583141722,300.0,-6.786563886731107e-14,-640.1302193875478,0.0,0.0,-3.1367906983259116e-13,-2958.7204237744627,0.0,0.0
5.194905979723707e-15,18.999999999999986,0.0,0.0,0.0,4.3632677491869725,0.9999999999999999,5.0,0.0015510629881221871,3.2879394197965,436.3796438998292,81.3920386142892,300.0,-6.835214958644169e-14,-644.7191427156016,0.0,0.0,-3.136627737598411e-13,-2958.5667140505047,0.0,0.0
5.0888874903415896e-15,17.999999999999986,0.0,0.0,0.0,4.363267749186964,0.9999999999999999,5.0,0.0015434687908686684,3.28948288858737,437.7641290737884,77.2542485937369,300.0,-6.868845681191363e-14,-647.891299076553,0.0,0.0,-2.1789052519984476e-13,-2055.212505570729,0.0,0.0
4.9828690009594724e-15,16.999999999999986,0.0,0.0,0.0,4.363267749186983,0.9999999999999999,5.0,0.0015432098765432167,3.29102609846391,439.07618899075885,73.0929261806842,300.0,-6.869998111961657e-14,-648.0000000000438,0.0,0.0,-7.46775139150629e-15,-70.43819842204378,0.0,0.0
4.876850511577355e-15,15.999999999999986,0.0,0.0,0.0,4.363267749186981,0.9999999999999999,5.0,0.0015432098765432167,3.29256930834045,440.31542398457975,68.90933895424982,300.0,-6.869998111961657e-14,-648.0000000000438,0.0,0.0,0.0,0.0,0.0,0.0
4.770832022195238e-15,14.999999999999986,0.0,0.0,0.0,4.363267749186965,0.9999999999999999,5.0,0.0015432098765432167,3.294112518217,441.4814565722671,64.70476127563022,300.0,-6.869998111961657e-14,-648.0000000000438,0.0,0.0,0.0,0.0,0.0,0.0
4.664813532813121e-15,13.999999999999986,0.0,0.0,0.0,4.363267749186955,0.9999999999999999,5.0,0.001543209876543189,3.29565572809354,442.5739315689991,60.48047389991696,300.0,-6.869998111961657e-14,-648.0000000000438,0.0,0.0,0.0,0.0,0.0,0.0
4.558795043431004e-15,12.999999999999986,0.0,0.0,0.0,4.3632677491869725,0.9999999999999999,5.0,0.0015432098765432167,3.29719893797008,443.5925161963088,56.23776358596627,300.0,-6.869998111961657e-14,-648.0000000000438,0.0,0.0,0.0,0.0,0.0,0.0
4.4527765540488866e-15,11.999999999999986,0.0,0.0,0.0,4.36326774918696,0.9999999999999999,5.0,0.0015432098765432167,3.29874214784663,444.5369001834514,51.97792270443986,300.0,-6.869998111961657e-14,-648.0000000000438,0.0,0.0,0.0,0.0,0.0,0.0
4.346758064666769e-15,10.999999999999986,0.0,0.0,0.0,4.363267749186966,0.9999999999999999,5.0,0.0015432098765432167,3.30028535772317,445.40679586191595,47.70224884413623,300.0,-6.869998111961657e-14,-648.0000000000438,0.0,0.0,0.0,0.0,0.0,0.0
4.240739575284652e-15,9.999999999999986,0.0,0.0,0.0,4.3632677491869805,0.9999999999999999,5.0,0.001543209876543189,3.30182856759971,446.20193825305205,43.41204441673261,300.0,-6.869998111961657e-14,-648.0000000000438,0.0,0.0,0.0,0.0,0.0,0.0
4.134721085902535e-15,8.999999999999986,0.0,0.0,0.0,4.363267749186964,0.9999999999999999,5.0,0.0015432098765432167,3.30337177747625,446.92208514878445,39.108616260057744,300.0,-6.869998111961657e-14,-648.0000000000438,0.0,0.0,0.0,0.0,0.0,0.0
4.028702596520418e-15,7.999999999999986,0.0,0.0,0.0,4.363267749186966,0.9999999999999999,5.0,0.0015432098765432167,3.3049149873528,447.5670171853926,34.79327524001639,300.0,-6.869998111961657e-14,-648.0000000000438,0.0,0.0,0.0,0.0,0.0,0.0
3.922684107138301e-15,6.999999999999986,0.0,0.0,0.0,4.36326774918697,0.9999999999999999,5.0,0.0015432098765432167,3.30645819722934,448.1365379103305,30.467335851286894,300.0,-6.869998111961657e-14,-648.0000000000438,0.0,0.0,0.0,0.0,0.0,0.0
3.8166656177561835e-15,5.999999999999986,0.0,0.0,0.0,4.363267749186965,0.9999999999999999,5.0,0.001543209876543189,3.30800140710588,448.63047384206834,26.132115816913394,300.0,-6.869998111961657e-14,-648.0000000000438,0.0,0.0,0.0,0.0,0.0,0.0
3.710647128374066e-15,4.999999999999986,0.0,0.0,0.0,4.36326774918697,0.9999999999999999,5.0,0.0015432098765432167,3.30954461698243,449.0486745229364,21.788935686914567,300.0,-6.869998111961657e-14,-648.0000000000438,0.0,0.0,0.0,0.0,0.0,0.0
3.604628638991949e-15,3.999999999999986,0.0,0.0,0.0,4.363267749186965,0.9999999999999999,5.0,0.0015432098765432167,3.31108782685897,449.3910125649561,17.439118436031354,300.0,-6.869998111961657e-14,-648.0000000000438,0.0,0.0,0.0,0.0,0.0,0.0
3.498610149609832e-15,2.999999999999986,0.0,0.0,0.0,4.363267749186968,0.9999999999999999,5.0,0.0015432098765432167,3.31263103673551,449.65738368864345,13.083989060735982,300.0,-6.869998111961657e-14,-648.0000000000438,0.0,0.0,0.0,0.0,0.0,0.0
3.392591660227715e-15,1.9999999999999858,0.0,0.0,0.0,4.363267749186971,0.9999999999999999,5.0,0.001543209876543189,3.31417424661206,449.847706754774,8.724874175625267,300.0,-6.869998111961657e-14,-648.0000000000438,0.0,0.0,0.0,0.0,0.0,0.0
3.2865731708455977e-15,0.9999999999999859,0.0,0.0,0.0,4.363267749186966,0.9999999999999999,5.0,0.0015432098765432167,3.3157174564886,449.9619237890978,4.363101609320902,300.0,-6.869998111961657e-14,-648.0000000000437,0.0,0.0,0.0,7.366907084361216e-11,0.0,0.0
3.1805546814634805e-15,-1.3988810110276972e-14,0.0,0.0,0.0,4.363267749186968,0.9999999999999999,5.0,0.0015432098765432167,3.31726066636514,450.0,2.272536569798764e-14,300.0,-6.869998111961657e-14,-648.0000000000437,0.0,0.0,0.0,0.0,0.0,0.0
3.0745361920813633e-15,-1.0000000000000138,0.0,0.0,0.0,4.363267749186968,0.9999999999999999,5.0,0.0015432098765432167,3.31880387624169,449.9619237890978,-4.3631016093208554,300.0,-6.869998111961657e-14,-648.0000000000435,0.0,0.0,0.0,7.366907084361216e-11,0.0,0.0
2.968517702699246e-15,-2.0000000000000138,0.0,0.0,0.0,4.363267749186966,0.9999999999999999,5.0,0.0015432098765432167,3.32034708611823,449.847706754774,-8.72487417562522,300.0,-6.869998111961657e-14,-648.0000000000438,0.0,0.0,0.0,-1.4733814168722433e-10,0.0,0.0
2.862499213317129e-15,-3.0000000000000138,0.0,0.0,0.0,4.363267749186969,0.9999999999999999,5.0,0.0015432098765432167,3.32189029599477,449.65738368864345,-13.083989060735934,300.0,-6.869998111961657e-14,-648.0000000000438,0.0,0.0,0.0,0.0,0.0,0.0
2.7564807239350118e-15,-4.000000000000013,0.0,0.0,0.0,4.363267749186971,0.9999999999999999,5.0,0.0015432098765432167,3.32343350587131,449.39101256495604,-17.439118436031304,300.0,-6.869998111961657e-14,-648.0000000000434,0.0,0.0,0.0,2.2100721253083648e-10,0.0,0.0
2.6504622345528946e-15,-5.000000000000013,0.0,0.0,0.0,4.363267749186968,0.9999999999999999,5.0,0.0015432098765431612,3.32497671574786,449.0486745229364,-21.788935686914524,300.0,-6.869998111961657e-14,-648.0000000000438,0.0,0.0,0.0,-2.2100721253083648e-10,0.0,0.0
2.5444437451707774e-15,-6.000000000000013,0.0,0.0,0.0,4.363267749186967,0.9999999999999999,5.0,0.0015432098765432167,3.3265199256244,448.63047384206834,-26.13211581691335,300.0,-6.869998111961657e-14,-648.0000000000438,0.0,0.0,0.0,0.0,0.0,0.0
2.4384252557886603e-15,-7.000000000000013,0.0,0.0,0.0,4.3632677491869725,0.9999999999999999,5.0,0.0015432098765432167,3.32806313550094,448.1365379103305,-30.467335851286855,300.0,-6.869998111961657e-14,-648.0000000000438,0.0,0.0,0.0,0.0,0.0,0.0
2.332406766406543e-15,-8.000000000000012,0.0,0.0,0.0,4.363267749186966,0.9999999999999999,5.0,0.0015432098765432167,3.32960634537749,447.56701718539256,-34.79327524001634,300.0,-6.869998111961657e-14,-648.0000000000432,0.0,0.0,0.0,3.683453542180608e-10,0.0,0.0
2.226388277024426e-15,-9.000000000000012,0.0,0.0,0.0,4.363267749186973,0.9999999999999999,5.0,0.0015432098765432167,3.33114955525403,446.9220851487844,-39.1086162600577,300.0,-6.869998111961657e-14,-648.0000000000438,0.0,0.0,0.0,-3.683453542180608e-10,0.0,0.0
2.1203697876423088e-15,-10.000000000000012,0.0,0.0,0.0,4.363267749186964,0.9999999999999999,5.0,0.0015432098765432167,3.33269276513057,446.201938253052,-43.41204441673257,300.0,-6.869998111961657e-14,-648.0000000000438,0.0,0.0,0.0,0.0,0.0,0.0
2.0143512982601916e-15,-11.000000000000012,0.0,0.0,0.0,4.36326774918697,0.9999999999999999,5.0,0.0015432098765432167,3.33423597500712,445.40679586191595,-47.702248844136186,300.0,-6.869998111961657e-14,-648.0000000000438,0.0,0.0,0.0,0.0,0.0,0.0
1.9083328088780744e-15,-12.000000000000012,0.0,0.0,0.0,4.363267749186953,0.9999999999999999,5.0,0.0015432098765431612,3.33577918488366,444.5369001834514,-51.977922704439806,300.0,-6.869998111961657e-14,-648.0000000000438,0.0,0.0,0.0,0.0,0.0,0.0
1.8023143194959572e-15,-13.000000000000012,0.0,0.0,0.0,4.363267749186973,0.9999999999999999,5.0,0.0015432098765432167,3.3373223947602,443.5925161963088,-56.23776358596623,300.0,-6.869998111961657e-14,-648.0000000000438,0.0,0.0,0.0,0.0,0.0,0.0
1.69629583011384e-15,-14.000000000000012,0.0,0.0,0.0,4.363267749186965,0.9999999999999999,5.0,0.0015432098765432167,3.33886560463675,442.5739315689991,-60.48047389991691,300.0,-6.869998111961657e-14,-648.0000000000438,0.0,0.0,0.0,0.0,0.0,0.0
1.5902773407317229e-15,-15.000000000000012,0.0,0.0,0.0,4.363267749186989,0.9999999999999999,5.0,0.0015432098765432167,3.34040881451329,441.48145657226706,-64.70476127563019,300.0,-6.869998111961657e-14,-648.0000000000438,0.0,0.0,0.0,0.0,0.0,0.0
1.4842588513496057e-15,-16.00000000000001,0.0,0.0,0.0,4.363267749186952,0.9999999999999999,5.0,0.0015432098765432167,3.34195202438983,440.3154239845797,-68.90933895424978,300.0,-6.869998111961657e-14,-648.0000000000426,0.0,0.0,0.0,7.366907084361216e-10,0.0,0.0
1.3782403619674885e-15,-17.00000000000001,0.0,0.0,0.0,4.363267749186965,0.9999999999999999,5.0,0.0015432098765432167,3.34349523426638,439.07618899075885,-73.09292618068416,300.0,-6.869998111961657e-14,-648.0000000000438,0.0,0.0,0.0,-7.366907084361216e-10,0.0,0.0
1.2722218725853714e-15,-18.00000000000001,0.0,0.0,0.0,4.363267749186987,0.9999999999999999,5.0,0.0015432098765432167,3.34503844414292,437.76412907378835,-77.25424859373685,300.0,-6.869998111961657e-14,-648.0000000000438,0.0,0.0,0.0,0.0,0.0,0.0
1.1662033832032542e-15,-19.00000000000001,0.0,0.0,0.0,4.363267749186964,0.9999999999999999,5.0,0.0015434687908686406,3.34658191293379,436.37964389982915,-81.39203861428915,300.0,-6.868845681191363e-14,-647.891299076553,0.0,0.0,7.466498688616388e-15,70.42638253127602,0.0,0.0
1.060184893821137e-15,-20.00000000000001,0.0,0.0,0.0,4.363267749186967,0.9999999999999999,5.0,0.0015510629881221871,3.34813297592191,434.92315519647707,-85.50503583141717,300.0,-6.835214958644169e-14,-644.7191427156016,0.0,0.0,2.1682370609533005e-13,2045.1499295924048,0.0,0.0
9.541664044390198e-16,-21.00000000000001,0.0,0.0,0.0,4.363267749186966,0.9999999999999999,5.0,0.001562182146246427,3.34969515806816,433.3951066243004,-89.59198738632506,300.0,-6.786563886731107e-14,-640.1302193875478,0.0,0.0,3.114302133714744e-13,2937.5084967397484,0.0,0.0
8.481479150569027e-16,-22.00000000000001,0.0,0.0,0.0,4.36326774918696,0.9999999999999999,5.0,0.0015735439200539325,3.35126870198821,431.79596364169686,-93.651648353978,300.0,-6.737561502476743e-14,-635.5081591657928,0.0,0.0,3.114141501222586e-13,2937.356983080933,0.0,0.0
7.421294256747855e-16,-23.00000000000001,0.0,0.0,0.0,4.363267749186965,0.9999999999999999,5.0,0.0015851572629910216,3.3528538592512,430.1262133631101,-97.68278212231843,300.0,-6.688200083193744e-14,-630.8522336219861,0.0,0.0,3.1139761609431403e-13,2937.2010288881097,0.0,0.0
6.361109362926683e-16,-24.00000000000001,0.0,0.0,0.0,4.363267749186948,0.9999999999999999,5.0,0.001597031598030929,3.35445089084923,428.38636441065023,-101.68416076895002,300.0,-6.63847161902328e-14,-626.1616872408516,0.0,0.0,3.1138059028874025e-13,2937.0404360926373,0.0,0.0
5.300924469105512e-16,-25.00000000000001,0.0,0.0,0.0,4.363267749186958,0.9999999999999999,5.0,0.0016091768498137649,3.35606006769904,426.5769467591625,-105.65456543517483,300.0,-6.588367797759105e-14,-621.4357359887462,0.0,0.0,3.11363050431511e-13,2936.874994599093,0.0,0.0
4.2407395752843393e-16,-26.00000000000001,0.0,0.0,0.0,4.363267749186998,0.9999999999999999,5.0,0.0016216034795164536,3.35768167117856,424.6985115747917,-109.59278669726933,300.0,-6.537879988622799e-14,-616.673565783289,0.0,0.0,3.1134497288671843e-13,2936.7044814662354,0.0,0.0
3.180554681463167e-16,-27.00000000000001,0.0,0.0,0.0,4.363267749186994,0.9999999999999999,5.0,0.0016343225227328229,3.35931599370129,422.7516310470919,-113.49762493488669,300.0,-6.486999224904238e-14,-611.8743308559573,0.0,0.0,3.1132633253734305e-13,2936.528659781603,0.0,0.0
2.120369787641995e-16,-28.00000000000001,0.0,0.0,0.0,4.363267749186934,0.9999999999999999,5.0,0.0016473456306732581,3.36096333933197,420.7368982147317,-117.36789069647266,300.0,-6.435716185363929e-14,-607.0371519978929,0.0,0.0,3.113071026834493e-13,2936.3472777038105,0.0,0.0
1.0601848938208227e-16,-29.00000000000001,0.0,0.0,0.0,4.363267749186928,0.9999999999999999,5.0,0.0016606851150353652,3.362624024447,418.654926784849,-121.20240506158423,300.0,-6.384021174288631e-14,-602.1611146786876,0.0,0.0,3.1128725492428505e-13,2936.160067347574,0.0,0.0
-3.4956398862606086e-29,-30.00000000000001,0.0,0.0,0.0,4.363267749186975,0.9999999999999999,5.0,0.001674353996937994,3.36429837844394,416.5063509461097,-124.99999999999997,300.0,-6.331904100088991e-14,-597.2452670276427,0.0,0.0,3.112667589706308e-13,2935.966743015479,0.0,0.0
-1.0601848938215218e-16,-31.00000000000001,0.0,0.0,0.0,4.36326774918699,0.9999999999999999,5.0,0.0016883660603599915,3.3659867445043,414.2918251755281,-128.75951872751355,300.0,-6.279354452287176e-14,-592.2886176631707,0.0,0.0,3.112455825522384e-13,2935.767000324163,0.0,0.0
-2.120369787642694e-16,-32.00000000000001,0.0,0.0,0.0,4.3632677491869485,0.9999999999999999,5.0,0.0017027359105833972,3.36768948041488,412.0120240391065,-132.4798160583012,300.0,-6.226361276763661e-14,-587.2901333579912,0.0,0.0,3.1122369120268804e-13,2935.560514176731,0.0,0.0
-3.180554681463866e-16,-33.00000000000001,0.0,0.0,0.0,4.363267749186959,0.9999999999999999,5.0,0.0017174790382042393,3.36940695945309,409.66764198635605,-136.15975875375673,300.0,-6.172913149086897e-14,-582.2487365235105,0.0,0.0,3.1120104809343055e-13,2935.3469371900005,0.0,0.0
-4.2407395752850385e-16,-34.00000000000001,0.0,0.0,0.0,4.363267749186979,0.9999999999999999,5.0,0.001732611889347313,3.37113957134244,407.25939313876046,-139.79822586768668,300.0,-6.118998145745064e-14,-577.1633024962902,0.0,0.0,3.1117761382870493e-13,2935.125897777503,0.0,0.0
-5.300924469106211e-16,-35.00000000000001,0.0,0.0,0.0,4.363267749186927,0.9999999999999999,5.0,0.001748151942810916,3.37288772328525,404.788011072248,-143.39410908776148,300.0,-6.064603813078722e-14,-572.0326566076951,0.0,0.0,3.1115334619530336e-13,2934.8969977663696,0.0,0.0
-6.361109362927383e-16,-36.00000000000001,0.0,0.0,0.0,4.363267749186997,0.9999999999999999,5.0,0.0017641177949629383,3.37465184108021,402.2542485937369,-146.94631307311826,300.0,-6.009717133675942e-14,-566.8555710141665,0.0,0.0,3.1112819993934493e-13,2934.6598103089027,0.0,0.0
-7.421294256748555e-16,-37.00000000000001,0.0,0.0,0.0,4.363267749186963,0.9999999999999999,5.0,0.00178052925332578,3.37643237033353,399.6588775118233,-150.45375578801205,300.0,-5.954324489984803e-14,-561.6307612650401,0.0,0.0,3.1110212644737515e-13,2934.4138768668595,0.0,0.0
-8.481479150569727e-16,-38.00000000000001,0.0,0.0,0.0,4.363267749186989,0.9999999999999999,5.0,0.0017974074399226825,3.37822977777346,397.00268840168053,-153.91536883141455,300.0,-5.89841162483863e-14,-556.3568825791582,0.0,0.0,3.110750734879409e-13,2934.1587047779035,0.0,0.0
-9.541664044390899e-16,-39.00000000000001,0.0,0.0,0.0,4.363267749186982,0.9999999999999999,5.0,0.0018147749056098839,3.38004455267907,394.28649036424275,-157.33009776245936,300.0,-5.841963598592299e-14,-551.0325258018345,0.0,0.0,3.110469847904352e-13,2933.893763278802,0.0,0.0
-1.060184893821207e-15,-40.00000000000001,0.0,0.0,0.0,4.36326774918693,0.9999999999999999,5.0,0.001832655756803414,3.38187720843587,391.51111077974457,-160.6969024216348,300.0,-5.784964742480702e-14,-545.6562130054731,0.0,0.0,3.110177997149805e-13,2933.6184803954216,0.0,0.0
-1.1662033832033242e-15,-41.00000000000001,0.0,0.0,0.0,4.36326774918696,0.9999999999999999,5.0,0.00185107579622118,3.38372828423209,388.67739505569307,-164.0147572476268,300.0,-5.72739860780139e-14,-540.2263926963166,0.0,0.0,3.109874527927533e-13,2933.332238604828,0.0,0.0
-1.2722218725854414e-15,-42.00000000000001,0.0,0.0,0.0,4.36326774918701,0.9999999999999999,5.0,0.001870062679507234,3.3855983469116,385.7862063693486,-167.28265158971453,300.0,-5.669247910452737e-14,-534.7414345831082,0.0,0.0,3.109558732222665e-13,2933.034370085284,0.0,0.0
-1.3782403619675586e-15,-43.00000000000001,0.0,0.0,0.0,4.363267749186954,0.9999999999999999,5.0,0.0018896460899041068,3.3874879930015,382.83842540479264,-170.4995900156246,300.0,-5.610494470289956e-14,-529.1996238569604,0.0,0.0,3.1092298434446016e-13,2932.7241517638777,0.0,0.0
-1.4842588513496757e-15,-44.00000000000001,0.0,0.0,0.0,4.363267749186996,0.9999999999999999,5.0,0.0019098579334803634,3.38939785093498,379.8349500846628,-173.66459261474932,300.0,-5.551119144705961e-14,-523.5991549264901,0.0,0.0,3.10888702992649e-13,2932.4007991863423,0.0,0.0
-1.5902773407317929e-15,-45.00000000000001,0.0,0.0,0.0,4.363267749186981,0.9999999999999999,5.0,0.0019307325578392653,3.39132858349282,376.7766952966369,-176.7766952966369,300.0,-5.491101755738004e-14,-517.9381245422861,0.0,0.0,3.1085293881988785e-13,2932.0634601715005,0.0,0.0
-1.69629583011391e-15,-46.00000000000001,0.0,0.0,0.0,4.363267749186962,0.9999999999999999,5.0,0.0019523069977151475,3.39328089049054,373.6645926147493,-179.83495008466278,300.0,-5.430421009922685e-14,-512.2145242373798,0.0,0.0,3.1081559348162933e-13,2931.711207102509,0.0,0.0
-1.8023143194960274e-15,-47.00000000000001,0.0,0.0,0.0,4.363267749186914,0.9999999999999999,5.0,0.001974621251459363,3.395255511742,370.4995900156247,-182.8384254047926,300.0,-5.369054409992111e-14,-506.4262319981457,0.0,0.0,3.1077655973378196e-13,2931.3430284194465,0.0,0.0
-1.9083328088781446e-15,-48.00000000000001,0.0,0.0,0.0,4.363267749186994,0.9999999999999999,5.0,0.001997718593111819,3.39725323033511,367.2826515897146,-185.78620636934855,300.0,-5.306978157367976e-14,-500.5710030672384,0.0,0.0,3.1073572042718573e-13,2930.957819132575,0.0,0.0
-2.0143512982602618e-15,-49.00000000000001,0.0,0.0,0.0,4.363267749186972,0.9999999999999999,5.0,0.0020216459256006125,3.39927487626071,364.01475724762685,-188.67739505569298,300.0,-5.244167044267163e-14,-494.64645976664247,0.0,0.0,3.1069294729319326e-13,2930.554369373955,0.0,0.0
-2.120369787642379e-15,-50.00000000000001,0.0,0.0,0.0,4.363267749187,0.9999999999999999,5.0,0.0020464541816368476,3.40132133044235,360.69690242163483,-191.5111107797445,300.0,-5.1805943340165324e-14,-488.6500802085921,0.0,0.0,3.106480996304823e-13,2930.1313520024723,0.0,0.0
-2.226388277024496e-15,-51.00000000000001,0.0,0.0,0.0,4.36326774918693,0.9999999999999999,5.0,0.0020721987801036734,3.40339352922245,357.3300977624594,-194.2864903642427,300.0,-5.1162316279724226e-14,-482.57918574299276,0.0,0.0,3.1060102274982074e-13,2929.6873079405696,0.0,0.0
-2.3324067664066133e-15,-52.00000000000001,0.0,0.0,0.0,4.363267749186938,0.9999999999999999,5.0,0.002098940147257644,3.40549246936971,353.91536883141464,-197.00268840168047,300.0,-5.051048717165209e-14,-476.43092696406615,0.0,0.0,3.1055154618096725e-13,2929.220629258966,0.0,0.0
-2.4384252557887305e-15,-53.00000000000001,0.0,0.0,0.0,4.363267749187035,0.9999999999999999,5.0,0.0021267443139061926,3.40761921368361,350.4537557880121,-199.65887751182322,300.0,-4.985013416464517e-14,-470.20226806828765,0.0,0.0,3.104994816203683e-13,2928.7295398187644,0.0,0.0
-2.5444437451708477e-15,-54.00000000000001,0.0,0.0,0.0,4.3632677491869,0.9999999999999999,5.0,0.002155683602008851,3.40977489728562,346.94631307311835,-202.25424859373683,300.0,-4.918091378684577e-14,-463.889969320214,0.0,0.0,3.104446205258272e-13,2928.2120725839145,0.0,0.0
-2.650462234552965e-15,-55.00000000000001,0.0,0.0,0.0,4.363267749186957,0.9999999999999999,5.0,0.0021858374169727024,3.4119607347026,343.3941090877616,-204.7880110722479,300.0,-4.850245885576698e-14,-457.4905673382308,0.0,0.0,3.1038673133265367e-13,2927.6660433628945,0.0,0.0
-2.756480723935082e-15,-56.00000000000001,0.0,0.0,0.0,4.363267749186982,0.9999999999999999,5.0,0.0022172931654244055,3.41417802786802,339.79822586768677,-207.2593931387604,300.0,-4.7814376120993985e-14,-451.000352859764,0.0,0.0,3.103255561793333e-13,2927.089019924068,0.0,0.0
-2.862499213317199e-15,-57.00000000000001,0.0,0.0,0.0,4.363267749186979,0.9999999999999999,5.0,0.0022501473226449464,3.41642817519066,336.1597587537568,-209.667641986356,300.0,-4.7116243596664803e-14,-444.41534558039274,0.0,0.0,3.1026080706066517e-13,2926.478285711184,0.0,0.0
-2.9685177026993163e-15,-58.00000000000001,0.0,0.0,0.0,4.36326774918695,0.9999999999999999,5.0,0.0022845066793935054,3.41871268187006,332.4798160583013,-212.01202403910648,300.0,-4.6407607532258624e-14,-437.73126558136465,0.0,0.0,3.101921613091145e-13,2925.8307972216508,0.0,0.0
-3.0745361920814335e-15,-59.00000000000001,0.0,0.0,0.0,4.363267749187006,0.9999999999999999,5.0,0.002320489804877368,3.42103317167494,328.7595187275136,-214.29182517552806,300.0,-4.5687978959992645e-14,-430.9435007635483,0.0,0.0,3.101192561817751e-13,2925.1431329494335,0.0,0.0
-3.1805546814635507e-15,-60.00000000000001,0.0,0.0,0.0,4.36326774918699,0.9999999999999999,5.0,0.002358228771598747,3.42339140044653,325.0,-216.50635094610965,300.0,-4.4956829743976696e-14,-424.0470695818069,0.0,0.0,3.100416824785983e-13,2924.4114331900287,0.0,0.0
-3.286573170845668e-15,-61.00000000000001,0.0,0.0,0.0,4.3632677491869485,0.9999999999999999,5.0,0.002397871199349144,3.42578927164588,321.2024050615843,-218.65492678484893,300.0,-4.421358804046535e-14,-417.0365782246577,0.0,0.0,3.099589768262368e-13,2923.631327259036,0.0,0.0
-3.392591660227785e-15,-62.00000000000001,0.0,0.0,0.0,4.363267749187008,0.9999999999999999,5.0,0.002439582690581865,3.42822885433647,317.36789069647267,-220.73689821473172,300.0,-4.3457633058066456e-14,-409.90617119089734,0.0,0.0,3.098706124278133e-13,2922.79784624136,0.0,0.0
-3.4986101496099022e-15,-63.00000000000001,0.0,0.0,0.0,4.363267749186884,0.9999999999999999,5.0,0.00248354974893622,3.4307124040854,313.49762493488674,-222.7516310470919,300.0,-4.26882889813383e-14,-402.64947397504426,0.0,0.0,3.0977598780040815e-13,2921.905316759411,0.0,0.0
-3.604628638992019e-15,-64.0,0.0,0.0,0.0,4.363267749186994,0.9999999999999999,5.0,0.0025299832984521653,3.43324238738385,309.5927866972694,-224.69851157479172,300.0,-4.1904817888314355e-14,-395.25952626318417,0.0,0.0,3.0967441306954617e-13,2920.947231699541,0.0,0.0
-3.7106471283741366e-15,-65.0,0.0,0.0,0.0,4.363267749186961,0.9999999999999999,5.0,0.0025791229553001616,3.43582151033915,305.6545654351749,-226.57694675916247,300.0,-4.1106411450544455e-14,-387.72870364514114,0.0,0.0,3.095650930984583e-13,2919.916091075333,0.0,0.0
-3.816665617756254e-15,-66.0,0.0,0.0,0.0,4.363267749186957,0.9999999999999999,5.0,0.0026312422499217836,3.43845275258908,301.6841607689501,-228.3863644106502,300.0,-4.0292181149520125e-14,-380.0486253326721,0.0,0.0,3.0944710660850444e-13,2918.8032051011305,0.0,0.0
-3.922684107138371e-15,-67.0,0.0,0.0,0.0,4.363267749186909,0.9999999999999999,5.0,0.0026866550600807004,3.44113940764916,297.68278212231854,-230.12621336311003,300.0,-3.9461146671701226e-14,-372.2100446977072,0.0,0.0,3.0931938013430797e-13,2917.598448506867,0.0,0.0
-4.028702596520488e-15,-68.0,0.0,0.0,0.0,4.363267749187055,0.9999999999999999,5.0,0.00274572360134806,3.4438851312505,293.65164835397803,-231.79596364169683,300.0,-3.8612222049612456e-14,-364.2027185507647,0.0,0.0,3.0918065520941055e-13,2916.2899510390744,0.0,0.0
-4.134721085902605e-15,-69.0,0.0,0.0,0.0,4.363267749186954,0.9999999999999999,5.0,0.002808868441273815,3.44669399969178,289.5919873863251,-233.39510662430044,300.0,-3.774419898926767e-14,-356.01524987993486,0.0,0.0,3.090294467301957e-13,2914.863704729625,0.0,0.0
-4.2407395752847224e-15,-70.0,0.0,0.0,0.0,4.3632677491869165,0.9999999999999999,5.0,0.002876581172373327,3.44957058086415,285.5050358314173,-234.92315519647707,300.0,-3.685572665228925e-14,-347.6348971494206,0.0,0.0,3.088639894855985e-13,2913.303059548182,0.0,0.0
-4.3467580646668396e-15,-71.0,0.0,0.0,0.0,4.3632677491870036,0.9999999999999999,5.0,0.00294944062080843,3.45252002148496,281.3920386142892,-236.37964389982918,300.0,-3.5945286924630447e-14,-339.0473410262868,0.0,0.0,3.0868216882741297e-13,2911.5880694625303,0.0,0.0
-4.452776554048957e-15,-72.0,0.0,0.0,0.0,4.363267749186964,0.9999999999999999,5.0,0.0030281338192861273,3.45554815530425,277.2542485937369,-237.76412907378838,300.0,-3.501116387488803e-14,-330.2363963015831,0.0,0.0,3.084814296491805e-13,2909.6946338985904,0.0,0.0
-4.558795043431074e-15,-73.0,0.0,0.0,0.0,4.363267749186978,0.9999999999999999,5.0,0.0031134834932628475,3.45866163879751,273.09292618068423,-239.07618899075885,300.0,-3.4051405639864414e-14,-321.18365238288413,0.0,0.0,3.082586553294353e-13,2907.5933558946813,0.0,0.0
-4.664813532813191e-15,-74.0,0.0,0.0,0.0,4.363267749186973,0.9999999999999999,5.0,0.0032064845951760845,3.46186812339269,268.90933895424985,-240.31542398457972,300.0,-3.3063776305557763e-14,-311.8680194205337,0.0,0.0,3.080100044118352e-13,2905.2480016168693,0.0,0.0
-4.770832022195308e-15,-75.0,0.0,0.0,0.0,4.363267749186979,0.9999999999999999,5.0,0.00330835363268972,3.46517647702538,264.70476127563023,-241.4814565722671,300.0,-3.2045694370321897e-14,-302.265147872662,0.0,0.0,3.077306867005552e-13,2902.6133884196183,0.0,0.0
-4.8768505115774255e-15,-76.0,0.0,0.0,0.0,4.363267749186933,0.9999999999999999,5.0,0.0034205964492474705,3.46859707347462,260.480473899917,-242.57393156899911,300.0,-3.0994152907291785e-14,-292.34667545187426,0.0,0.0,3.074146508166532e-13,2899.632437778398,0.0,0.0
-4.982869000959543e-15,-77.0,0.0,0.0,0.0,4.363267749187034,0.9999999999999999,5.0,0.0035451032155111584,3.47214217669013,256.23776358596626,-243.59251619630885,300.0,-2.990561429022615e-14,-282.0792341460255,0.0,0.0,3.070541394402474e-13,2896.231980193087,0.0,0.0
-5.08888749034166e-15,-78.0,0.0,0.0,0.0,4.363267749186919,0.9999999999999999,5.0,0.0036842845690708836,3.47582646125921,251.9779227044399,-244.53690018345142,300.0,-2.8775868800180684e-14,-271.42311655154083,0.0,0.0,3.0663904181818854e-13,2892.3166478347375,0.0,0.0
-5.194905979723777e-15,-79.0,0.0,0.0,0.0,4.363267749186979,0.9999999999999999,5.0,0.0038412717894694137,3.47966773304867,247.70224884413625,-245.406795861916,300.0,-2.7599840675882715e-14,-260.3304464790663,0.0,0.0,3.061559266704293e-13,2887.7597526122645,0.0,0.0
-5.300924469105894e-15,-80.0,0.0,0.0,0.0,4.363267749186957,0.9999999999999999,5.0,0.004020219975904349,3.48368795302458,243.41204441673264,-246.20193825305202,300.0,-2.637131550451285e-14,-248.74260761690377,0.0,0.0,3.0558655464954344e-13,2882.3892552188095,0.0,0.0
-5.406942958488011e-15,-81.0,0.0,0.0,0.0,4.3632677491869725,0.9999999999999999,5.0,0.0042267834216381805,3.48791473644622,239.10861626005777,-246.92208514878448,300.0,-2.5082545947204037e-14,-236.58652460893177,0.0,0.0,3.049055105854839e-13,2875.965431713785,0.0,0.0
-5.5129614478701285e-15,-82.0,0.0,0.0,0.0,4.363267749186937,0.9999999999999999,5.0,0.004468892292217808,3.49238362873843,234.79327524001644,-247.5670171853926,300.0,-2.372366180468016e-14,-223.76909860669818,0.0,0.0,3.04076279683504e-13,2868.143862977865,0.0,0.0
-5.618979937252246e-15,-83.0,0.0,0.0,0.0,4.363267749187002,0.9999999999999999,5.0,0.004758086233203562,3.49714171497164,230.46733585128692,-248.13653791033053,300.0,-2.2281750305886623e-14,-210.16853226023264,0.0,0.0,3.030444233505897e-13,2858.4110669445777,0.0,0.0
-5.724998426634363e-15,-84.0,0.0,0.0,0.0,4.363267749186983,0.9999999999999999,5.0,0.0051119491263051375,3.50225366409794,226.1321158169134,-248.63047384206834,300.0,-2.073934750965432e-14,-195.62010014031156,0.0,0.0,3.0172498945565995e-13,2845.9657481834856,0.0,0.0
-5.83101691601648e-15,-85.0,0.0,0.0,0.0,4.363267749186987,0.9999999999999999,5.0,0.005558914137537951,3.50781257823548,221.78893568691456,-249.0486745229364,300.0,-1.9071798333095857e-14,-179.89124768941312,0.0,0.0,2.999775019545552e-13,2829.4828921148046,0.0,0.0
-5.937035405398597e-15,-86.0,0.0,0.0,0.0,4.363267749186897,0.9999999999999999,5.0,0.0061487712642667725,3.51396134949975,217.4391184360314,-249.39101256495607,300.0,-1.7242223661536806e-14,-162.63411940714903,0.0,0.0,2.975512655986301e-13,2806.597861682227,0.0,0.0
-6.043053894780714e-15,-87.0,0.0,0.0,0.0,4.363267749186977,0.9999999999999999,5.0,0.006979168933259616,3.52094051843301,213.08398906073603,-249.65738368864348,300.0,-1.5190703992975344e-14,-143.28353555599386,0.0,0.0,2.9394899137414704e-13,2772.620069266232,0.0,0.0
-6.1490723841628315e-15,-88.0,0.0,0.0,0.0,4.363267749186982,0.9999999999999999,5.0,0.008278583739614931,3.52921910217262,208.7248741756253,-249.84770675477398,300.0,-1.2806355859492607e-14,-120.79360811617768,0.0,0.0,2.8801401404845343e-13,2716.6394817264277,0.0,0.0
-6.255090873544949e-15,-89.0,0.0,0.0,0.0,4.363267749187041,0.9999999999999999,5.0,0.010788860380656795,3.54000796255328,204.36310160932086,-249.96192378909785,300.0,-9.826662468651171e-15,-92.68819548289751,0.0,0.0,2.761824034894087e-13,2605.0399802809698,0.0,0.0
-6.361109362927066e-15,-90.0,0.0,0.0,0.0,4.363267749186897,0.9999999999999999,5.0,0.026046613053530787,3.56605457560681,200.00000000000006,-250.00000000000003,300.0,-4.070336867378059e-15,-38.39270764090541,0.0,0.0,2.2100092589553764e-13,2084.5507909379367,0.0,0.0
-6.361109362927066e-15,-90.0,0.0,0.0,0.0,4.363267749186897,0.9999999999999999,5.0,0.01,3.57605457560681,200.00000000000006,-250.00000000000003,300.0,0.0,0.0,0.0,0.0,0.0,0.0,0.0,0.0
-6.361109362927066e-15,-90.0,0.0,0.0,0.0,4.363267749186897,0.9999999999999999,5.0,1.03,4.60605457560681,200.00000000000006,-250.00000000000003,300.0,0.0,0.0,0.0,0.0,0.0,0.0,0.0,0.0
-6.255090873544949e-15,-89.0,0.0,0.0,0.0,4.363267749186897,1.0,6.0,0.0,4.60605457560681,204.36310160932086,-249.96192378909785,300.0,0.0,0.0,0.0,0.0,0.0,0.0,0.0,0.0
-6.1490723841628315e-15,-88.0,0.0,0.0,0.0,4.363267749187041,1.0,6.0,0.036835473434187735,4.642890049041,208.7248741756253,-249.84770675477398,300.0,2.8781628006366034e-15,27.1477439209965,0.0,0.0,7.813562667462061e-14,737.0000000000024,0.0,0.0
-6.043053894780714e-15,-87.0,0.0,0.0,0.0,4.363267749186982,1.0,6.0,0.008278583739614868,4.65116863278061,213.08398906073603,-249.65738368864348,300.0,1.2806355859492607e-14,120.79360811617768,0.0,0.0,1.1992622616532075e-12,11311.82182129351,0.0,0.0
-5.937035405398597e-15,-86.0,0.0,0.0,0.0,4.363267749186977,1.0,6.0,0.00697916893325963,4.65814780171387,217.4391184360314,-249.39101256495607,300.0,1.5190703992975344e-14,143.28353555599386,0.0,0.0,3.4163783056174136e-13,3222.4363179746247,0.0,0.0
-5.83101691601648e-15,-85.0,0.0,0.0,0.0,4.363267749186897,1.0,6.0,0.006148771264266731,4.66429657297814,221.78893568691456,-249.0486745229364,300.0,1.7242223661536806e-14,162.63411940714903,0.0,0.0,3.336470947429397e-13,3147.065164646819,0.0,0.0
-5.724998426634363e-15,-84.0,0.0,0.0,0.0,4.363267749186987,1.0,6.0,0.005558914137537972,4.66985548711568,226.1321158169134,-248.63047384206834,300.0,1.9071798333095093e-14,179.89124768940593,0.0,0.0,3.291244704075553e-13,3104.4063382313284,0.0,0.0
-5.618979937252246e-15,-83.0,0.0,0.0,0.0,4.363267749186983,1.0,6.0,0.005111949126305151,4.67496743624198,230.46733585128692,-248.13653791033053,300.0,2.073934750965432e-14,195.62010014031156,0.0,0.0,3.262061369074098e-13,3076.879691538345,0.0,0.0
-5.5129614478701285e-15,-82.0,0.0,0.0,0.0,4.363267749187002,1.0,6.0,0.004758086233203576,4.67972552247519,234.79327524001644,-247.5670171853926,300.0,2.2281750305886623e-14,210.16853226023264,0.0,0.0,3.241645318382221e-13,3057.622625331437,0.0,0.0
-5.406942958488011e-15,-81.0,0.0,0.0,0.0,4.363267749186937,1.0,6.0,0.004468892292217766,4.6841944147674,239.10861626005777,-246.92208514878448,300.0,2.372366180468016e-14,223.76909860669818,0.0,0.0,3.2265523635566276e-13,3043.386471889188,0.0,0.0
-5.300924469105894e-15,-80.0,0.0,0.0,0.0,4.3632677491869725,1.0,6.0,0.004226783421638194,4.68842119818904,243.41204441673264,-246.20193825305202,300.0,2.5082545947202718e-14,236.58652460891935,0.0,0.0,3.2149367662558356e-13,3032.4302722975012,0.0,0.0
-5.194905979723777e-15,-79.0,0.0,0.0,0.0,4.363267749186957,1.0,6.0,0.004020219975904335,4.69244141816495,247.70224884413625,-245.406795861916,300.0,2.637131550451285e-14,248.74260761690377,0.0,0.0,3.205719003026053e-13,3023.73578581358,0.0,0.0
-5.08888749034166e-15,-78.0,0.0,0.0,0.0,4.363267749186979,1.0,6.0,0.0038412717894694137,4.69628268995442,251.9779227044399,-244.53690018345142,300.0,2.7599840675882715e-14,260.3304464790663,0.0,0.0,3.1982250637348804e-13,3016.667264714254,0.0,0.0
-4.982869000959543e-15,-77.0,0.0,0.0,0.0,4.363267749186919,1.0,6.0,0.003684284569070856,4.69996697452349,256.23776358596626,-243.59251619630885,300.0,2.877586880018242e-14,271.4231165515572,0.0,0.0,3.192012186497081e-13,3010.8070819536615,0.0,0.0
-4.8768505115774255e-15,-76.0,0.0,0.0,0.0,4.363267749187034,1.0,6.0,0.0035451032155111584,4.703512077739,260.480473899917,-242.57393156899911,300.0,2.990561429022615e-14,282.0792341460255,0.0,0.0,3.186777426114622e-13,3005.8694900176056,0.0,0.0
-4.770832022195308e-15,-75.0,0.0,0.0,0.0,4.363267749186933,1.0,6.0,0.0034205964492474705,4.70693267418824,264.70476127563023,-241.4814565722671,300.0,3.0994152907291785e-14,292.34667545187426,0.0,0.0,3.1823064580011855e-13,3001.6523311621363,0.0,0.0
-4.664813532813191e-15,-74.0,0.0,0.0,0.0,4.363267749186979,1.0,6.0,0.003308353632689748,4.71024102782093,268.90933895424985,-240.31542398457972,300.0,3.2045694370321897e-14,302.265147872662,0.0,0.0,3.1784433581703215e-13,2998.008532940325,0.0,0.0
-4.558795043431074e-15,-73.0,0.0,0.0,0.0,4.363267749186973,1.0,6.0,0.0032064845951760707,4.71344751241611,273.09292618068423,-239.07618899075885,300.0,3.3063776305557763e-14,311.8680194205337,0.0,0.0,3.175071967498339e-13,2994.8285303845423,0.0,0.0
-4.452776554048957e-15,-72.0,0.0,0.0,0.0,4.363267749186978,1.0,6.0,0.0031134834932628613,4.71656099590937,277.2542485937369,-237.76412907378838,300.0,3.4051405639864414e-14,321.18365238288413,0.0,0.0,3.1721039679308645e-13,2992.029019106099,0.0,0.0
-4.3467580646668396e-15,-71.0,0.0,0.0,0.0,4.363267749186964,1.0,6.0,0.0030281338192861135,4.71958912972866,281.3920386142892,-236.37964389982918,300.0,3.501116387488803e-14,330.2363963015831,0.0,0.0,3.1694710085496656e-13,2989.545528352223,0.0,0.0
-4.2407395752847224e-15,-70.0,0.0,0.0,0.0,4.3632677491870036,1.0,6.0,0.0029494406208084023,4.72253857034947,285.5050358314173,-234.92315519647707,300.0,3.5945286924630447e-14,339.0473410262868,0.0,0.0,3.1671193620653254e-13,2987.327380840374,0.0,0.0
-4.134721085902605e-15,-69.0,0.0,0.0,0.0,4.3632677491869165,1.0,6.0,0.002876581172373327,4.72541515152184,289.5919873863251,-233.39510662430044,300.0,3.685572665228925e-14,347.6348971494206,0.0,0.0,3.165006210854136e-13,2985.3341896305037,0.0,0.0
-4.028702596520488e-15,-68.0,0.0,0.0,0.0,4.363267749186954,1.0,6.0,0.0028088684412738013,4.72822401996312,293.65164835397803,-231.79596364169683,300.0,3.774419898927065e-14,356.015249879963,0.0,0.0,3.1630970106186966e-13,2983.533371446272,0.0,0.0
-3.922684107138371e-15,-67.0,0.0,0.0,0.0,4.363267749187055,1.0,6.0,0.002745723601348088,4.73096974356446,297.68278212231854,-230.12621336311003,300.0,3.8612222049612456e-14,364.2027185507647,0.0,0.0,3.1613635834123933e-13,2981.8983479551976,0.0,0.0
-3.816665617756254e-15,-66.0,0.0,0.0,0.0,4.363267749186909,1.0,6.0,0.0026866550600807143,4.73365639862454,301.6841607689501,-228.3863644106502,300.0,3.9461146671701226e-14,372.2100446977072,0.0,0.0,3.159782715326452e-13,2980.4072230625834,0.0,0.0
-3.7106471283741366e-15,-65.0,0.0,0.0,0.0,4.363267749186957,1.0,6.0,0.0026312422499217836,4.73628764087447,305.6545654351749,-226.57694675916247,300.0,4.0292181149520125e-14,380.0486253326721,0.0,0.0,3.158335108991274e-13,2979.041794877714,0.0,0.0
-3.604628638992019e-15,-64.0,0.0,0.0,0.0,4.363267749186961,1.0,6.0,0.002579122955300134,4.73886676382977,309.5927866972694,-224.69851157479172,300.0,4.110641145054799e-14,387.7287036451745,0.0,0.0,3.15700459086154e-13,2977.7868079999816,0.0,0.0
-3.498610149609902e-15,-63.0,0.0,0.0,0.0,4.363267749186994,1.0,6.0,0.002529983298452193,4.74139674712822,313.49762493488674,-222.7516310470919,300.0,4.1904817888314506e-14,395.25952626318696,0.0,0.0,3.1557775035707224e-13,2976.629380367695,0.0,0.0
-3.3925916602277842e-15,-62.0,0.0,0.0,0.0,4.363267749186997,1.0,6.0,0.0024835497489361646,4.74388029687715,317.3678906964728,-220.7368982147317,300.0,4.268828898133846e-14,402.64947397504426,0.0,0.0,3.1546422348074736e-13,2975.558558882425,0.0,0.0
-3.2865731708456667e-15,-61.0,0.0,0.0,0.0,4.363267749186957,1.0,6.0,0.002439582690581893,4.74631987956774,321.20240506158433,-218.6549267848489,300.0,4.3457633058066614e-14,409.90617119089734,0.0,0.0,3.153588848200344e-13,2974.564971241981,0.0,0.0
-3.180554681463549e-15,-60.0,0.0,0.0,0.0,4.3632677491869485,1.0,6.0,0.002397871199349144,4.74871775076709,325.00000000000006,-216.50635094610962,300.0,4.4213588040465516e-14,417.0365782246577,0.0,0.0,3.152608791515192e-13,2973.640550708459,0.0,0.0
-3.0745361920814315e-15,-59.0,0.0,0.0,0.0,4.36326774918699,1.0,6.0,0.002358228771598747,4.75107597953868,328.75951872751364,-214.29182517552803,300.0,4.4956829743981095e-14,424.0470695818468,0.0,0.0,3.151694663668013e-13,2972.7783163449003,0.0,0.0
-2.968517702699314e-15,-58.0,0.0,0.0,0.0,4.363267749186943,1.0,6.0,0.002320489804877368,4.75339646934356,332.4798160583013,-212.01202403910648,300.0,4.5687978959992815e-14,430.9435007635483,0.0,0.0,3.1508400272861433e-13,2971.972196217327,0.0,0.0
-2.8624992133171964e-15,-57.0,0.0,0.0,0.0,4.363267749187013,1.0,6.0,0.0022845066793935054,4.75568097602295,336.1597587537569,-209.66764198635596,300.0,4.6407607532258794e-14,437.73126558136465,0.0,0.0,3.150039256864975e-13,2971.216884171419,0.0,0.0
-2.756480723935079e-15,-56.0,0.0,0.0,0.0,4.363267749186916,1.0,6.0,0.0022501473226449187,4.7579311233456,339.79822586768677,-207.2593931387604,300.0,4.7116243596664974e-14,444.41534558039274,0.0,0.0,3.1492874145380184e-13,2970.507722655058,0.0,0.0
-2.6504622345529613e-15,-55.0,0.0,0.0,0.0,4.363267749186982,1.0,6.0,0.0022172931654244055,4.76014841651102,343.3941090877616,-204.7880110722479,300.0,4.781437612099417e-14,451.000352859764,0.0,0.0,3.1485801481534437e-13,2969.8406065805566,0.0,0.0
-2.5444437451708437e-15,-54.0,0.0,0.0,0.0,4.363267749186957,1.0,6.0,0.0021858374169727024,4.762334253928,346.94631307311835,-202.25424859373683,300.0,4.8502458855767166e-14,457.4905673382308,0.0,0.0,3.1479136070694006e-13,2969.2119039005684,0.0,0.0
-2.438425255788726e-15,-53.0,0.0,0.0,0.0,4.363267749187008,1.0,6.0,0.0021556836020088788,4.76448993753001,350.4537557880122,-199.6588775118232,300.0,4.918091378684595e-14,463.889969320214,0.0,0.0,3.147284371632855e-13,2968.6183890899047,0.0,0.0
-2.3324067664066086e-15,-52.0,0.0,0.0,0.0,4.363267749186927,1.0,6.0,0.002126744313906165,4.76661668184391,353.91536883141464,-197.00268840168047,300.0,4.9850134164645354e-14,470.20226806828765,0.0,0.0,3.1466893947879576e-13,2968.057188068847,0.0,0.0
-2.226388277024491e-15,-51.0,0.0,0.0,0.0,4.363267749187001,1.0,6.0,0.002098940147257672,4.76871562199117,357.33009776245945,-194.28649036424267,300.0,5.0510487171646936e-14,476.4309269640157,0.0,0.0,3.1461259524923905e-13,2967.525731434389,0.0,0.0
-2.1203697876423734e-15,-50.0,0.0,0.0,0.0,4.36326774918693,1.0,6.0,0.002072198780103701,4.77078782077127,360.6969024216349,-191.51111077974448,300.0,5.116231627971894e-14,482.57918574294104,0.0,0.0,3.1455916021693395e-13,2967.021715270665,0.0,0.0
-2.014351298260256e-15,-49.0,0.0,0.0,0.0,4.363267749186938,1.0,6.0,0.00204645418163682,4.77283427495291,364.01475724762685,-188.67739505569298,300.0,5.180594334016552e-14,488.6500802085921,0.0,0.0,3.1450841471164244e-13,2966.543067578291,0.0,0.0
-1.9083328088781383e-15,-48.0,0.0,0.0,0.0,4.36326774918701,1.0,6.0,0.0020216459256006403,4.77485592087851,367.2826515897146,-185.7862063693485,300.0,5.2441670442671825e-14,494.64645976664247,0.0,0.0,3.144601606324497e-13,2966.087919806677,0.0,0.0
-1.8023143194960207e-15,-47.0,0.0,0.0,0.0,4.363267749186956,1.0,6.0,0.0019977185931117636,4.77685363947162,370.4995900156247,-182.8384254047926,300.0,5.3069781573679955e-14,500.5710030672384,0.0,0.0,3.144142188864372e-13,2965.654582694591,0.0,0.0
-1.6962958301139034e-15,-46.0,0.0,0.0,0.0,4.363267749187016,1.0,6.0,0.0019746212514594186,4.77882826072308,373.66459261474944,-179.83495008466275,300.0,5.369054409992111e-14,506.4262319981457,0.0,0.0,3.1437042712995806e-13,2965.2415249659084,0.0,0.0
-1.590277340731786e-15,-45.0,0.0,0.0,0.0,4.363267749186921,1.0,6.0,0.0019523069977151197,4.7807805677208,376.77669529663694,-176.77669529663686,300.0,5.430421009922695e-14,512.2145242373798,0.0,0.0,3.1432863787509693e-13,2964.8473554662246,0.0,0.0
-1.4842588513496686e-15,-44.0,0.0,0.0,0.0,4.363267749186981,1.0,6.0,0.0019307325578392376,4.78271130027864,379.83495008466286,-173.6645926147493,300.0,5.4911017557380145e-14,517.9381245422861,0.0,0.0,3.1428871683413765e-13,2964.4708075528324,0.0,0.0
-1.3782403619675513e-15,-43.0,0.0,0.0,0.0,4.363267749186996,1.0,6.0,0.0019098579334804189,4.78462115821212,382.8384254047927,-170.49959001562456,300.0,5.5511191447059713e-14,523.5991549264901,0.0,0.0,3.142505414451665e-13,2964.1107251823814,0.0,0.0
-1.2722218725854339e-15,-42.0,0.0,0.0,0.0,4.363267749186915,1.0,6.0,0.0018896460899040235,4.78651080430202,385.7862063693486,-167.2826515897145,300.0,5.610494470289967e-14,529.1996238569604,0.0,0.0,3.1421399965434964e-13,2963.766051427506,0.0,0.0
-1.1662033832033165e-15,-41.0,0.0,0.0,0.0,4.363267749187031,1.0,6.0,0.0018700626795072894,4.78838086698153,388.67739505569307,-164.01475724762673,300.0,5.669247910452074e-14,534.7414345830448,0.0,0.0,3.1417898878974386e-13,2963.43581785405,0.0,0.0
-1.0601848938211991e-15,-40.0,0.0,0.0,0.0,4.36326774918696,1.0,6.0,0.0018510757962212077,4.79023194277775,391.51111077974457,-160.69690242163475,300.0,5.727398607801401e-14,540.2263926963166,0.0,0.0,3.141454146180198e-13,2963.1191356232043,0.0,0.0
-9.541664044390818e-16,-39.0,0.0,0.0,0.0,4.36326774918693,1.0,6.0,0.0018326557568033863,4.79206459853455,394.28649036424275,-157.3300977624593,300.0,5.784964742480713e-14,545.6562130054731,0.0,0.0,3.14113190464767e-13,2962.815187194557,0.0,0.0
-8.481479150569644e-16,-38.0,0.0,0.0,0.0,4.363267749187018,1.0,6.0,0.0018147749056098283,4.79387937344016,397.0026884016806,-153.9153688314145,300.0,5.841963598592311e-14,551.0325258018345,0.0,0.0,3.1408223650988787e-13,2962.52321967974,0.0,0.0
-7.42129425674847e-16,-37.0,0.0,0.0,0.0,4.3632677491869325,1.0,6.0,0.0017974074399227102,4.79567678088009,399.6588775118233,-150.45375578801202,300.0,5.89841162483864e-14,556.3568825791582,0.0,0.0,3.140524791015401e-13,2962.2425383710347,0.0,0.0
-6.361109362927297e-16,-36.0,0.0,0.0,0.0,4.363267749186963,1.0,6.0,0.0017805292533258077,4.79745731013341,402.2542485937369,-146.94631307311823,300.0,5.954324489984814e-14,561.6307612650401,0.0,0.0,3.1402385016555796e-13,2961.972501171303,0.0,0.0
-5.300924469106123e-16,-35.0,0.0,0.0,0.0,4.363267749186997,1.0,6.0,0.0017641177949628828,4.79922142792837,404.788011072248,-143.39410908776145,300.0,6.009717133675948e-14,566.8555710141665,0.0,0.0,3.1399628669522e-13,2961.712513781425,0.0,0.0
-4.240739575284949e-16,-34.0,0.0,0.0,0.0,4.363267749186903,1.0,6.0,0.0017481519428109438,4.80096957987119,407.25939313876046,-139.79822586768668,300.0,6.064603813078731e-14,572.0326566076951,0.0,0.0,3.13969730311487e-13,2961.4620255516247,0.0,0.0
-3.1805546814637755e-16,-33.0,0.0,0.0,0.0,4.363267749187002,1.0,6.0,0.0017326118893472853,4.80270219176053,409.66764198635605,-136.1597587537567,300.0,6.118998145745073e-14,577.1633024962902,0.0,0.0,3.1394412678787777e-13,2961.220525000527,0.0,0.0
-2.1203697876426016e-16,-32.0,0.0,0.0,0.0,4.363267749186959,1.0,6.0,0.001717479038204267,4.80441967079874,412.0120240391065,-132.47981605830117,300.0,6.172913149086907e-14,582.2487365235105,0.0,0.0,3.1391942575443477e-13,2960.9875370227132,0.0,0.0
-1.0601848938214276e-16,-31.0,0.0,0.0,0.0,4.363267749186973,1.0,6.0,0.001702735910583425,4.80612240670932,414.2918251755281,-128.7595187275135,300.0,6.226361276763672e-14,587.2901333579932,0.0,0.0,3.138955803102246e-13,2960.762619233925,0.0,0.0
-2.536680848351316e-29,-30.0,0.0,0.0,0.0,4.363267749187006,1.0,6.0,0.001688366060359936,4.80781077276968,416.50635094610976,-124.99999999999993,300.0,6.279354452287186e-14,592.2886176631707,0.0,0.0,3.1387254676403866e-13,2960.5453595246354,0.0,0.0
1.0601848938209203e-16,-29.0,0.0,0.0,0.0,4.363267749186934,1.0,6.0,0.001674353996937994,4.80948512676662,418.654926784849,-121.2024050615842,300.0,6.331904100089002e-14,597.2452670276427,0.0,0.0,3.138502843360394e-13,2960.335373246484,0.0,0.0
2.1203697876420942e-16,-28.0,0.0,0.0,0.0,4.363267749186943,1.0,6.0,0.001660685115035393,4.81114581188165,420.73689821473175,-117.36789069647264,300.0,6.384021174288641e-14,602.1611146786876,0.0,0.0,3.1382875493846705e-13,2960.1323011437617,0.0,0.0
3.180554681463268e-16,-27.0,0.0,0.0,0.0,4.3632677491869725,1.0,6.0,0.0016473456306732859,4.81279315751233,422.75163104709196,-113.49762493488663,300.0,6.435716185363072e-14,607.0371519978111,0.0,0.0,3.1380792295117795e-13,2959.93580723577,0.0,0.0
4.2407395752844424e-16,-26.0,0.0,0.0,0.0,4.363267749186956,1.0,6.0,0.0016343225227328229,4.81442748003506,424.6985115747917,-109.59278669726929,300.0,6.486999224904251e-14,611.8743308559573,0.0,0.0,3.13787755035187e-13,2959.7455770588,0.0,0.0
5.300924469105616e-16,-25.0,0.0,0.0,0.0,4.363267749186985,1.0,6.0,0.0016216034795164813,4.81604908351458,426.5769467591625,-105.6545654351748,300.0,6.537879988622808e-14,616.673565783289,0.0,0.0,3.13768219920994e-13,2959.561315669323,0.0,0.0
6.36110936292679e-16,-24.0,0.0,0.0,0.0,4.363267749186971,1.0,6.0,0.0016091768498137093,4.81765826036439,428.38636441065023,-101.68416076894998,300.0,6.588367797759118e-14,621.4357359887462,0.0,0.0,3.1374928829081924e-13,2959.3827465319796,0.0,0.0
7.421294256747963e-16,-23.0,0.0,0.0,0.0,4.36326774918696,1.0,6.0,0.0015970315980309568,4.81925529196242,430.1262133631101,-97.68278212231837,300.0,6.638471619023292e-14,626.1616872408516,0.0,0.0,3.137309325998979e-13,2959.20960983637,0.0,0.0
8.481479150569137e-16,-22.0,0.0,0.0,0.0,4.363267749186965,1.0,6.0,0.0015851572629910216,4.82084044922541,431.79596364169686,-93.65164835397795,300.0,6.688200083193756e-14,630.8522336219861,0.0,0.0,3.1371312696528175e-13,2959.0416614462115,0.0,0.0
9.54166404439031e-16,-21.0,0.0,0.0,0.0,4.363267749186947,1.0,6.0,0.0015735439200539048,4.82241399314547,433.3951066243004,-89.59198738632502,300.0,6.737561502476756e-14,635.5081591657928,0.0,0.0,3.136958470234967e-13,2958.878671557581,0.0,0.0
1.0601848938211485e-15,-20.0,0.0,0.0,0.0,4.36326774918698,1.0,6.0,0.0015621821462464547,4.82397617529171,434.92315519647707,-85.50503583141712,300.0,6.78656388673112e-14,640.1302193875478,0.0,0.0,3.1367906983259116e-13,2958.7204237744627,0.0,0.0
1.1662033832032658e-15,-19.0,0.0,0.0,0.0,4.3632677491869725,1.0,6.0,0.0015510629881221594,4.82552723827983,436.3796438998292,-81.3920386142891,300.0,6.835214958644181e-14,644.7191427156016,0.0,0.0,3.136627737598411e-13,2958.5667140505047,0.0,0.0
1.2722218725853832e-15,-18.0,0.0,0.0,0.0,4.363267749186959,1.0,6.0,0.0015434687908686961,4.8270707070707,437.76412907378835,-77.25424859373679,300.0,6.868845681191375e-14,647.891299076553,0.0,0.0,2.1789052519984476e-13,2055.212505570729,0.0,0.0
1.3782403619675006e-15,-17.0,0.0,0.0,0.0,4.363267749186959,1.0,6.0,0.001543209876543189,4.82861391694725,439.07618899075885,-73.09292618068413,300.0,6.869998111961669e-14,648.0000000000438,0.0,0.0,7.46775139150629e-15,70.43819842204378,0.0,0.0
1.484258851349618e-15,-16.0,0.0,0.0,0.0,4.363267749186995,1.0,6.0,0.0015432098765432167,4.83015712682379,440.31542398457975,-68.90933895424973,300.0,6.869998111960681e-14,647.9999999999505,0.0,0.0,-6.404086424554036e-24,-6.040863809175327e-08,0.0,0.0
1.5902773407317353e-15,-15.0,0.0,0.0,0.0,4.363267749186965,1.0,6.0,0.0015432098765432167,4.83170033670033,441.4814565722671,-64.70476127563013,300.0,6.869998111961669e-14,648.0000000000438,0.0,0.0,6.404086424554958e-24,6.040863809176197e-08,0.0,0.0
1.6962958301138527e-15,-14.0,0.0,0.0,0.0,4.363267749186968,1.0,6.0,0.0015432098765432167,4.83324354657688,442.5739315689991,-60.48047389991686,300.0,6.869998111961669e-14,648.0000000000438,0.0,0.0,0.0,0.0,0.0,0.0
1.8023143194959702e-15,-13.0,0.0,0.0,0.0,4.363267749186965,1.0,6.0,0.001543209876543189,4.83478675645342,443.5925161963088,-56.23776358596618,300.0,6.869998111961682e-14,648.0000000000438,0.0,0.0,8.178909865332003e-26,0.0,0.0,0.0
1.908332808878088e-15,-12.0,0.0,0.0,0.0,4.363267749186973,1.0,6.0,0.0015432098765432167,4.83632996632996,444.5369001834514,-51.977922704439756,300.0,6.869998111961682e-14,648.0000000000438,0.0,0.0,0.0,0.0,0.0,0.0
2.0143512982602054e-15,-11.0,0.0,0.0,0.0,4.363267749186959,1.0,6.0,0.0015432098765432167,4.8378731762065,445.40679586191595,-47.70224884413613,300.0,6.869998111961682e-14,648.0000000000438,0.0,0.0,0.0,0.0,0.0,0.0
2.120369787642323e-15,-10.0,0.0,0.0,0.0,4.36326774918697,1.0,6.0,0.0015432098765432167,4.83941638608305,446.201938253052,-43.41204441673251,300.0,6.869998111961682e-14,648.0000000000438,0.0,0.0,0.0,0.0,0.0,0.0
2.2263882770244405e-15,-9.0,0.0,0.0,0.0,4.3632677491869725,1.0,6.0,0.001543209876543189,4.84095959595959,446.92208514878445,-39.108616260057644,300.0,6.869998111961682e-14,648.0000000000438,0.0,0.0,0.0,0.0,0.0,0.0
2.332406766406558e-15,-8.0,0.0,0.0,0.0,4.363267749186973,1.0,6.0,0.0015432098765432167,4.84250280583613,447.5670171853926,-34.793275240016285,300.0,6.869998111961682e-14,648.0000000000438,0.0,0.0,0.0,0.0,0.0,0.0
2.4384252557886757e-15,-7.0,0.0,0.0,0.0,4.363267749186963,1.0,6.0,0.0015432098765432167,4.84404601571268,448.1365379103305,-30.467335851286794,300.0,6.869998111961682e-14,648.0000000000438,0.0,0.0,0.0,0.0,0.0,0.0
2.5444437451707932e-15,-6.0,0.0,0.0,0.0,4.363267749186969,1.0,6.0,0.0015432098765432167,4.84558922558922,448.63047384206834,-26.13211581691329,300.0,6.869998111961682e-14,648.0000000000438,0.0,0.0,0.0,0.0,0.0,0.0
2.6504622345529108e-15,-5.0,0.0,0.0,0.0,4.36326774918697,1.0,6.0,0.001543209876543189,4.84713243546576,449.0486745229364,-21.788935686914463,300.0,6.869998111961682e-14,648.0000000000438,0.0,0.0,0.0,0.0,0.0,0.0
2.7564807239350284e-15,-4.0,0.0,0.0,0.0,4.363267749186968,1.0,6.0,0.0015432098765432167,4.84867564534231,449.39101256495604,-17.439118436031244,300.0,6.869998111961682e-14,648.0000000000438,0.0,0.0,0.0,0.0,0.0,0.0
2.862499213317146e-15,-3.0,0.0,0.0,0.0,4.363267749186968,1.0,6.0,0.0015432098765432167,4.85021885521885,449.65738368864345,-13.083989060735876,300.0,6.869998111961682e-14,648.0000000000438,0.0,0.0,0.0,0.0,0.0,0.0
2.9685177026992635e-15,-2.0,0.0,0.0,0.0,4.363267749186971,1.0,6.0,0.0015432098765432167,4.85176206509539,449.847706754774,-8.72487417562516,300.0,6.869998111961682e-14,648.0000000000438,0.0,0.0,0.0,0.0,0.0,0.0
3.074536192081381e-15,-1.0,0.0,0.0,0.0,4.363267749186965,1.0,6.0,0.001543209876543189,4.85330527497194,449.9619237890978,-4.363101609320796,300.0,6.869998111961682e-14,648.0000000000438,0.0,0.0,0.0,0.0,0.0,0.0
3.1805546814634986e-15,0.0,0.0,0.0,0.0,4.363267749186969,1.0,6.0,0.0015432098765432167,4.85484848484848,450.0,8.376306441313884e-14,300.0,6.869998111961682e-14,648.0000000000438,0.0,0.0,0.0,0.0,0.0,0.0
3.286573170845616e-15,1.0,0.0,0.0,0.0,4.363267749186969,1.0,6.0,0.001543209876543189,4.85639169472502,449.9619237890978,4.363101609320963,300.0,6.869998111961682e-14,648.0000000000438,0.0,0.0,0.0,0.0,0.0,0.0
3.3925916602277338e-15,2.0,0.0,0.0,0.0,4.363267749186967,1.0,6.0,0.0015432098765432167,4.85793490460157,449.847706754774,8.72487417562533,300.0,6.869998111961682e-14,648.0000000000438,0.0,0.0,0.0,0.0,0.0,0.0
3.4986101496098513e-15,3.0,0.0,0.0,0.0,4.363267749186969,1.0,6.0,0.0015432098765432167,4.85947811447811,449.65738368864345,13.083989060736043,300.0,6.869998111961682e-14,648.0000000000438,0.0,0.0,0.0,0.0,0.0,0.0
3.604628638991969e-15,4.0,0.0,0.0,0.0,4.363267749186976,1.0,6.0,0.0015432098765432167,4.86102132435465,449.39101256495604,17.439118436031418,300.0,6.869998111961682e-14,648.0000000000438,0.0,0.0,0.0,0.0,0.0,0.0
3.710647128374086e-15,5.0,0.0,0.0,0.0,4.363267749186961,1.0,6.0,0.0015432098765432167,4.86256453423119,449.0486745229364,21.78893568691463,300.0,6.869998111961657e-14,648.0000000000438,0.0,0.0,-1.6357819730664005e-25,0.0,0.0,0.0
3.816665617756203e-15,6.0,0.0,0.0,0.0,4.363267749186963,1.0,6.0,0.0015432098765432167,4.86410774410774,448.63047384206834,26.13211581691345,300.0,6.869998111961657e-14,648.0000000000438,0.0,0.0,0.0,0.0,0.0,0.0
3.9226841071383204e-15,7.0,0.0,0.0,0.0,4.3632677491869725,1.0,6.0,0.0015432098765432167,4.86565095398428,448.1365379103305,30.467335851286958,300.0,6.869998111961657e-14,648.0000000000438,0.0,0.0,0.0,0.0,0.0,0.0
4.0287025965204376e-15,8.0,0.0,0.0,0.0,4.363267749186963,1.0,6.0,0.0015432098765432167,4.86719416386082,447.5670171853926,34.79327524001645,300.0,6.869998111961657e-14,648.0000000000438,0.0,0.0,0.0,0.0,0.0,0.0
4.134721085902555e-15,9.0,0.0,0.0,0.0,4.363267749186973,1.0,6.0,0.0015432098765431612,4.86873737373737,446.92208514878445,39.10861626005781,300.0,6.869998111961657e-14,648.0000000000438,0.0,0.0,0.0,0.0,0.0,0.0
4.240739575284672e-15,10.0,0.0,0.0,0.0,4.3632677491869725,1.0,6.0,0.0015432098765432167,4.87028058361391,446.201938253052,43.41204441673268,300.0,6.869998111961657e-14,648.0000000000438,0.0,0.0,0.0,0.0,0.0,0.0
4.346758064666789e-15,11.0,0.0,0.0,0.0,4.36326774918697,1.0,6.0,0.0015432098765432167,4.87182379349045,445.40679586191595,47.70224884413629,300.0,6.869998111961657e-14,648.0000000000438,0.0,0.0,0.0,0.0,0.0,0.0
4.452776554048906e-15,12.0,0.0,0.0,0.0,4.363267749186959,1.0,6.0,0.0015432098765432167,4.873367003367,444.5369001834514,51.97792270443992,300.0,6.869998111961657e-14,648.0000000000438,0.0,0.0,0.0,0.0,0.0,0.0
4.5587950434310235e-15,13.0,0.0,0.0,0.0,4.363267749186973,1.0,6.0,0.0015432098765432167,4.87491021324354,443.5925161963088,56.23776358596634,300.0,6.869998111961657e-14,648.0000000000438,0.0,0.0,0.0,0.0,0.0,0.0
4.664813532813141e-15,14.0,0.0,0.0,0.0,4.363267749186965,1.0,6.0,0.0015432098765432167,4.87645342312008,442.5739315689991,60.48047389991702,300.0,6.869998111961657e-14,648.0000000000438,0.0,0.0,0.0,0.0,0.0,0.0
4.770832022195258e-15,15.0,0.0,0.0,0.0,4.363267749186948,1.0,6.0,0.0015432098765432167,4.87799663299663,441.4814565722671,64.70476127563028,300.0,6.869998111961657e-14,648.0000000000438,0.0,0.0,0.0,0.0,0.0,0.0
4.876850511577375e-15,16.0,0.0,0.0,0.0,4.363267749186965,1.0,6.0,0.0015432098765432167,4.87953984287317,440.31542398457975,68.90933895424988,300.0,6.869998111961657e-14,648.0000000000438,0.0,0.0,0.0,0.0,0.0,0.0
4.982869000959492e-15,17.0,0.0,0.0,0.0,4.363267749186995,1.0,6.0,0.0015432098765432167,4.88108305274971,439.07618899075885,73.09292618068427,300.0,6.869998111961657e-14,648.0000000000438,0.0,0.0,0.0,0.0,0.0,0.0
5.088887490341609e-15,18.0,0.0,0.0,0.0,4.3632677491869725,1.0,6.0,0.0015432098765431612,4.88262626262626,437.76412907378835,77.25424859373695,300.0,6.869998111961657e-14,648.0000000000438,0.0,0.0,0.0,0.0,0.0,0.0
5.1949059797237265e-15,19.0,0.0,0.0,0.0,4.363267749186959,1.0,6.0,0.0015434687908686961,4.88416973141712,436.3796438998292,81.39203861428926,300.0,6.868845681191363e-14,647.891299076553,0.0,0.0,-7.466498688616388e-15,-70.42638253127602,0.0,0.0
5.300924469105844e-15,20.0,0.0,0.0,0.0,4.3632677491869725,1.0,6.0,0.0015510629881221871,4.88572079440525,434.92315519647707,85.50503583141727,300.0,6.835214958644169e-14,644.7191427156016,0.0,0.0,-2.1682370609533005e-13,-2045.1499295924048,0.0,0.0
5.406942958487961e-15,21.0,0.0,0.0,0.0,4.36326774918698,1.0,6.0,0.0015621821462463714,4.88728297655149,433.3951066243004,89.59198738632517,300.0,6.786563886731107e-14,640.1302193875478,0.0,0.0,-3.114302133714744e-13,-2937.5084967397484,0.0,0.0
5.512961447870078e-15,22.0,0.0,0.0,0.0,4.363267749186947,1.0,6.0,0.001573543920053988,4.88885652047155,431.79596364169686,93.6516483539781,300.0,6.737561502476743e-14,635.5081591657928,0.0,0.0,-3.114141501222586e-13,-2937.356983080933,0.0,0.0
5.618979937252195e-15,23.0,0.0,0.0,0.0,4.363267749186965,1.0,6.0,0.0015851572629910216,4.89044167773454,430.1262133631101,97.68278212231853,300.0,6.688200083193744e-14,630.8522336219861,0.0,0.0,-3.1139761609431403e-13,-2937.2010288881097,0.0,0.0
5.724998426634312e-15,24.0,0.0,0.0,0.0,4.36326774918696,1.0,6.0,0.001597031598030929,4.89203870933257,428.38636441065023,101.68416076895014,300.0,6.63847161902328e-14,626.1616872408516,0.0,0.0,-3.1138059028874025e-13,-2937.0404360926373,0.0,0.0
5.8310169160164295e-15,25.0,0.0,0.0,0.0,4.363267749186971,1.0,6.0,0.0016091768498137093,4.89364788618238,426.5769467591625,105.65456543517496,300.0,6.588367797759105e-14,621.4357359887462,0.0,0.0,-3.11363050431511e-13,-2936.874994599093,0.0,0.0
5.937035405398547e-15,26.0,0.0,0.0,0.0,4.363267749186985,1.0,6.0,0.0016216034795164536,4.8952694896619,424.6985115747917,109.59278669726945,300.0,6.537879988622795e-14,616.673565783289,0.0,0.0,-3.113449728867418e-13,-2936.7044814662354,0.0,0.0
6.043053894780664e-15,27.0,0.0,0.0,0.0,4.363267749186956,1.0,6.0,0.0016343225227328229,4.89690381218463,422.75163104709196,113.49762493488679,300.0,6.486999224904236e-14,611.8743308559573,0.0,0.0,-3.113263325373353e-13,-2936.528659781603,0.0,0.0
6.149072384162781e-15,28.0,0.0,0.0,0.0,4.363267749186985,1.0,6.0,0.0016473456306732581,4.8985511578153,420.73689821473175,117.36789069647281,300.0,6.435716185363926e-14,607.0371519978929,0.0,0.0,-3.113071026834493e-13,-2936.3472777038105,0.0,0.0
6.255090873544898e-15,29.0,0.0,0.0,0.0,4.363267749186997,1.0,6.0,0.0016606851150354207,4.90021184293034,418.6549267848489,121.20240506158437,300.0,6.384021174288628e-14,602.1611146786876,0.0,0.0,-3.1128725492428505e-13,-2936.160067347574,0.0,0.0
6.361109362927015e-15,30.0,0.0,0.0,0.0,4.363267749186922,1.0,6.0,0.001674353996937994,4.90188619692728,416.50635094610965,125.00000000000009,300.0,6.331904100088988e-14,597.2452670276427,0.0,0.0,-3.112667589706383e-13,-2935.966743015479,0.0,0.0
6.4671278523091326e-15,31.0,0.0,0.0,0.0,4.363267749187019,1.0,6.0,0.001688366060359936,4.90357456298764,414.291825175528,128.75951872751367,300.0,6.279354452287172e-14,592.2886176631707,0.0,0.0,-3.112455825522384e-13,-2935.767000324163,0.0,0.0
6.57314634169125e-15,32.0,0.0,0.0,0.0,4.363267749186973,1.0,6.0,0.0017027359105834527,4.90527729889822,412.0120240391064,132.47981605830134,300.0,6.226361276763658e-14,587.2901333579932,0.0,0.0,-3.112236912026806e-13,-2935.5605141755295,0.0,0.0
6.679164831073367e-15,33.0,0.0,0.0,0.0,4.363267749186959,1.0,6.0,0.0017174790382042393,4.90699477793642,409.66764198635593,136.15975875375688,300.0,6.172913149086893e-14,582.2487365235105,0.0,0.0,-3.112010480934379e-13,-2935.346937191192,0.0,0.0
6.785183320455484e-15,34.0,0.0,0.0,0.0,4.363267749187002,1.0,6.0,0.001732611889347313,4.90872738982577,407.25939313876034,139.79822586768685,300.0,6.118998145745062e-14,577.1633024962902,0.0,0.0,-3.111776138286976e-13,-2935.125897777503,0.0,0.0
6.891201809837601e-15,35.0,0.0,0.0,0.0,4.363267749186935,1.0,6.0,0.001748151942810916,4.91047554176858,404.78801107224785,143.39410908776162,300.0,6.06460381307872e-14,572.0326566076951,0.0,0.0,-3.1115334619530336e-13,-2934.8969977663696,0.0,0.0
6.9972202992197184e-15,36.0,0.0,0.0,0.0,4.3632677491869645,1.0,6.0,0.0017641177949629383,4.91223965956355,402.2542485937368,146.9463130731184,300.0,6.009717133675937e-14,566.8555710141665,0.0,0.0,-3.1112819993935927e-13,-2934.6598103089027,0.0,0.0
7.1032387886018356e-15,37.0,0.0,0.0,0.0,4.363267749186963,1.0,6.0,0.00178052925332578,4.91402018881687,399.65887751182316,150.4537557880122,300.0,5.954324489984803e-14,561.6307612650401,0.0,0.0,-3.1110212644734683e-13,-2934.4138768668595,0.0,0.0
7.209257277983954e-15,38.0,0.0,0.0,0.0,4.363267749186967,1.0,6.0,0.0017974074399226825,4.91581759625679,397.0026884016804,153.91536883141467,300.0,5.898411624838672e-14,556.3568825791582,0.0,0.0,-3.1107507348770216e-13,-2934.1587047779035,0.0,0.0
7.315275767366072e-15,39.0,0.0,0.0,0.0,4.363267749186982,1.0,6.0,0.0018147749056098839,4.9176323711624,394.28649036424264,157.33009776245947,300.0,5.841963598592342e-14,551.0325258018345,0.0,0.0,-3.110469847904352e-13,-2933.893763278802,0.0,0.0
7.42129425674819e-15,40.0,0.0,0.0,0.0,4.36326774918693,1.0,6.0,0.001832655756803414,4.91946502691921,391.51111077974446,160.69690242163492,300.0,5.784964742480745e-14,545.6562130054731,0.0,0.0,-3.110177997149805e-13,-2933.6184803954216,0.0,0.0
7.527312746130307e-15,41.0,0.0,0.0,0.0,4.3632677491869964,1.0,6.0,0.00185107579622118,4.92131610271543,388.6773950556929,164.0147572476269,300.0,5.727398607801432e-14,540.2263926963166,0.0,0.0,-3.109874527927533e-13,-2933.332238604828,0.0,0.0
7.633331235512425e-15,42.0,0.0,0.0,0.0,4.363267749186993,1.0,6.0,0.001870062679507234,4.92318616539494,385.78620636934846,167.28265158971467,300.0,5.669247910452779e-14,534.7414345831082,0.0,0.0,-3.109558732222699e-13,-2933.034370085284,0.0,0.0
7.739349724894543e-15,43.0,0.0,0.0,0.0,4.363267749186954,1.0,6.0,0.0018896460899041068,4.92507581148484,382.83842540479253,170.49959001562473,300.0,5.6104944702899984e-14,529.1996238569604,0.0,0.0,-3.1092298434446016e-13,-2932.7241517638777,0.0,0.0
7.845368214276661e-15,44.0,0.0,0.0,0.0,4.363267749186954,1.0,6.0,0.0019098579334803634,4.92698566941832,379.8349500846627,173.6645926147494,300.0,5.551119144706002e-14,523.5991549264901,0.0,0.0,-3.108887029926556e-13,-2932.4007991863423,0.0,0.0
7.95138670365878e-15,45.0,0.0,0.0,0.0,4.363267749186981,1.0,6.0,0.0019307325578392653,4.92891640197616,376.7766952966368,176.77669529663697,300.0,5.491101755738045e-14,517.9381245422861,0.0,0.0,-3.1085293881988785e-13,-2932.0634601715005,0.0,0.0
8.057405193040897e-15,46.0,0.0,0.0,0.0,4.363267749186921,1.0,6.0,0.0019523069977151475,4.93086870897387,373.66459261474927,179.83495008466286,300.0,5.430421009922725e-14,512.2145242373798,0.0,0.0,-3.1081559348163256e-13,-2931.711207102509,0.0,0.0
8.163423682423015e-15,47.0,0.0,0.0,0.0,4.363267749187016,1.0,6.0,0.001974621251459363,4.93284333022533,370.4995900156245,182.8384254047927,300.0,5.369054409992141e-14,506.4262319981457,0.0,0.0,-3.107765597338331e-13,-2931.3430284194465,0.0,0.0
8.269442171805133e-15,48.0,0.0,0.0,0.0,4.363267749186914,1.0,6.0,0.001997718593111819,4.93484104881845,367.2826515897145,185.7862063693486,300.0,5.306978157368015e-14,500.5710030672384,0.0,0.0,-3.107357204271415e-13,-2930.957819132575,0.0,0.0
8.375460661187251e-15,49.0,0.0,0.0,0.0,4.36326774918701,1.0,6.0,0.0020216459256006125,4.93686269474405,364.01475724762673,188.6773950556931,300.0,5.244167044267202e-14,494.64645976664247,0.0,0.0,-3.1069294729319326e-13,-2930.554369373955,0.0,0.0
8.481479150569369e-15,50.0,0.0,0.0,0.0,4.363267749186938,1.0,6.0,0.0020464541816368476,4.93890914892568,360.6969024216348,191.5111107797446,300.0,5.180594334016571e-14,488.6500802085921,0.0,0.0,-3.106480996304854e-13,-2930.1313520024723,0.0,0.0
8.587497639951487e-15,51.0,0.0,0.0,0.0,4.363267749186973,1.0,6.0,0.0020721987801036734,4.94098134770579,357.3300977624593,194.28649036424278,300.0,5.1162316279724605e-14,482.57918574299276,0.0,0.0,-3.106010227498238e-13,-2929.6873079405696,0.0,0.0
8.693516129333605e-15,52.0,0.0,0.0,0.0,4.363267749187001,1.0,6.0,0.002098940147257644,4.94308028785304,353.91536883141447,197.0026884016806,300.0,5.0510487171652465e-14,476.43092696406615,0.0,0.0,-3.1055154618097023e-13,-2929.220629258966,0.0,0.0
8.799534618715723e-15,53.0,0.0,0.0,0.0,4.363267749186927,1.0,6.0,0.0021267443139061926,4.94520703216695,350.453755788012,199.6588775118233,300.0,4.9850134164645543e-14,470.20226806828765,0.0,0.0,-3.104994816203683e-13,-2928.7295398187644,0.0,0.0
8.905553108097841e-15,54.0,0.0,0.0,0.0,4.363267749186963,1.0,6.0,0.002155683602008851,4.94736271576896,346.94631307311823,202.25424859373695,300.0,4.9180913786846134e-14,463.889969320214,0.0,0.0,-3.1044462052583013e-13,-2928.2120725839145,0.0,0.0
9.011571597479959e-15,55.0,0.0,0.0,0.0,4.3632677491870036,1.0,6.0,0.0021858374169727024,4.94954855318593,343.3941090877614,204.78801107224803,300.0,4.850245885576735e-14,457.4905673382308,0.0,0.0,-3.1038673133265367e-13,-2927.6660433628945,0.0,0.0
9.117590086862077e-15,56.0,0.0,0.0,0.0,4.363267749186935,1.0,6.0,0.0022172931654244055,4.95176584635136,339.79822586768665,207.25939313876052,300.0,4.7814376120994345e-14,451.000352859764,0.0,0.0,-3.1032555617933615e-13,-2927.089019924068,0.0,0.0
9.223608576244195e-15,57.0,0.0,0.0,0.0,4.363267749186963,1.0,6.0,0.0022501473226449464,4.954015993674,336.1597587537567,209.66764198635607,300.0,4.711624359666515e-14,444.41534558039274,0.0,0.0,-3.1026080706067077e-13,-2926.478285711184,0.0,0.0
9.329627065626313e-15,58.0,0.0,0.0,0.0,4.363267749187013,1.0,6.0,0.0022845066793935054,4.95630050035339,332.47981605830114,212.0120240391066,300.0,4.6407607532258964e-14,437.73126558136465,0.0,0.0,-3.1019216130911725e-13,-2925.8307972216508,0.0,0.0
9.43564555500843e-15,59.0,0.0,0.0,0.0,4.363267749186943,1.0,6.0,0.002320489804877368,4.95862099015827,328.75951872751347,214.29182517552815,300.0,4.5687978959992985e-14,430.9435007635483,0.0,0.0,-3.101192561817751e-13,-2925.1431329494335,0.0,0.0
9.541664044390549e-15,60.0,0.0,0.0,0.0,4.363267749186941,1.0,6.0,0.002358228771598747,4.96097921892987,324.99999999999994,216.50635094610973,300.0,4.495682974397703e-14,424.0470695818069,0.0,0.0,-3.1004168247860097e-13,-2924.4114331900287,0.0,0.0
9.647682533772667e-15,61.0,0.0,0.0,0.0,4.363267749186997,1.0,6.0,0.002397871199349144,4.96337709012922,321.20240506158416,218.654926784849,300.0,4.421358804046568e-14,417.0365782246577,0.0,0.0,-3.0995897682623944e-13,-2923.631327259036,0.0,0.0
9.753701023154785e-15,62.0,0.0,0.0,0.0,4.363267749186957,1.0,6.0,0.002439582690581865,4.9658166728198,317.3678906964726,220.7368982147318,300.0,4.345763305806678e-14,409.90617119089734,0.0,0.0,-3.098706124278159e-13,-2922.79784624136,0.0,0.0
9.859719512536903e-15,63.0,0.0,0.0,0.0,4.363267749186997,1.0,6.0,0.00248354974893622,4.96830022256874,313.4976249348866,222.75163104709202,300.0,4.2688288981338616e-14,402.64947397504426,0.0,0.0,-3.097759878004107e-13,-2921.905316759411,0.0,0.0
9.96573800191902e-15,64.0,0.0,0.0,0.0,4.363267749186943,1.0,6.0,0.0025299832984521653,4.97083020586719,309.5927866972693,224.69851157479184,300.0,4.1904817888314664e-14,395.25952626318696,0.0,0.0,-3.0967441306954864e-13,-2920.94723169844,0.0,0.0
1.0071756491301139e-14,65.0,0.0,0.0,0.0,4.363267749186961,1.0,6.0,0.0025791229553001616,4.97340932882249,305.6545654351748,226.57694675916258,300.0,4.110641145054476e-14,387.72870364514114,0.0,0.0,-3.095650930984608e-13,-2919.916091076413,0.0,0.0
1.0177774980683256e-14,66.0,0.0,0.0,0.0,4.3632677491869964,1.0,6.0,0.0026312422499217836,4.97604057107241,301.68416076894994,228.3863644106503,300.0,4.029218114952043e-14,380.0486253326721,0.0,0.0,-3.0944710660850444e-13,-2918.8032051011305,0.0,0.0
1.0283793470065374e-14,67.0,0.0,0.0,0.0,4.363267749186921,1.0,6.0,0.0026866550600807004,4.97872722613249,297.6827821223184,230.12621336311014,300.0,3.946114667170152e-14,372.2100446977072,0.0,0.0,-3.0931938013431035e-13,-2917.598448506867,0.0,0.0
1.0389811959447492e-14,68.0,0.0,0.0,0.0,4.363267749187003,1.0,6.0,0.00274572360134806,4.98147294973384,293.6516483539779,231.79596364169694,300.0,3.861222204961274e-14,364.2027185507647,0.0,0.0,-3.0918065520941515e-13,-2916.2899510390744,0.0,0.0
1.049583044882961e-14,69.0,0.0,0.0,0.0,4.363267749186943,1.0,6.0,0.002808868441273815,4.98428181817512,289.591987386325,233.39510662430052,300.0,3.7744198989267945e-14,356.01524987993486,0.0,0.0,-3.09029446730198e-13,-2914.863704729625,0.0,0.0
1.0601848938211728e-14,70.0,0.0,0.0,0.0,4.36326774918697,1.0,6.0,0.002876581172373327,4.98715839934749,285.5050358314171,234.92315519647715,300.0,3.6855726652289525e-14,347.6348971494206,0.0,0.0,-3.088639894855985e-13,-2913.303059548182,0.0,0.0
1.0707867427593846e-14,71.0,0.0,0.0,0.0,4.36326774918695,1.0,6.0,0.00294944062080843,4.9901078399683,281.3920386142891,236.37964389982926,300.0,3.594528692463071e-14,339.0473410262868,0.0,0.0,-3.0868216882741726e-13,-2911.5880694625303,0.0,0.0
1.0813885916975964e-14,72.0,0.0,0.0,0.0,4.363267749187018,1.0,6.0,0.0030281338192861273,4.99313597378758,277.25424859373675,237.76412907378847,300.0,3.501116387488829e-14,330.2363963015831,0.0,0.0,-3.0848142964918255e-13,-2909.6946338985904,0.0,0.0
1.0919904406358082e-14,73.0,0.0,0.0,0.0,4.363267749186978,1.0,6.0,0.0031134834932628475,4.99624945728085,273.09292618068406,239.07618899075894,300.0,3.4051405639864666e-14,321.18365238288413,0.0,0.0,-3.082586553294373e-13,-2907.5933558946813,0.0,0.0
1.10259228957402e-14,74.0,0.0,0.0,0.0,4.363267749186965,1.0,6.0,0.0032064845951760845,4.99945594187602,268.9093389542497,240.31542398457978,300.0,3.306377630555801e-14,311.8680194205337,0.0,0.0,-3.080100044118372e-13,-2905.2480016168693,0.0,0.0
1.1131941385122318e-14,75.0,0.0,0.0,0.0,4.3632677491869245,1.0,6.0,0.00330835363268972,5.00276429550871,264.7047612756301,241.48145657226715,300.0,3.2045694370322136e-14,302.265147872662,0.0,0.0,-3.0773068670055714e-13,-2902.6133884196183,0.0,0.0
1.1237959874504436e-14,76.0,0.0,0.0,0.0,4.363267749186933,1.0,6.0,0.0034205964492474705,5.00618489195796,260.4804738999169,242.57393156899917,300.0,3.099415290729202e-14,292.34667545187426,0.0,0.0,-3.0741465081665507e-13,-2899.632437778398,0.0,0.0
1.1343978363886554e-14,77.0,0.0,0.0,0.0,4.3632677491870755,1.0,6.0,0.0035451032155111584,5.00972999517347,256.2377635859661,243.59251619630885,300.0,2.990561429022637e-14,282.0792341460255,0.0,0.0,-3.07054139440251e-13,-2896.231980193087,0.0,0.0
1.1449996853268672e-14,78.0,0.0,0.0,0.0,4.363267749186892,1.0,6.0,0.0036842845690708836,5.01341427974254,251.97792270443975,244.53690018345142,300.0,2.87758688001809e-14,271.42311655154083,0.0,0.0,-3.0663904181819026e-13,-2892.3166478347375,0.0,0.0
1.155601534265079e-14,79.0,0.0,0.0,0.0,4.363267749186951,1.0,6.0,0.0038412717894694137,5.01725555153201,247.70224884413614,245.406795861916,300.0,2.759984067588292e-14,260.3304464790663,0.0,0.0,-3.0615592667043177e-13,-2887.7597526122645,0.0,0.0
1.1662033832032908e-14,80.0,0.0,0.0,0.0,4.363267749186986,1.0,6.0,0.004020219975904349,5.02127577150792,243.4120444167325,246.20193825305202,300.0,2.6371315504513047e-14,248.74260761690377,0.0,0.0,-3.055865546495458e-13,-2882.3892552188095,0.0,0.0
1.1768052321415026e-14,81.0,0.0,0.0,0.0,4.3632677491869725,1.0,6.0,0.0042267834216381805,5.02550255492955,239.10861626005763,246.92208514878448,300.0,2.5082545947204223e-14,236.58652460893177,0.0,0.0,-3.049055105854862e-13,-2875.965431713785,0.0,0.0
1.1874070810797144e-14,82.0,0.0,0.0,0.0,4.3632677491869085,1.0,6.0,0.004468892292217808,5.02997144722177,234.79327524001633,247.5670171853926,300.0,2.3723661804680336e-14,223.76909860669818,0.0,0.0,-3.0407627968350614e-13,-2868.143862977865,0.0,0.0
1.1980089300179262e-14,83.0,0.0,0.0,0.0,4.363267749187058,1.0,6.0,0.004758086233203562,5.03472953345497,230.46733585128675,248.13653791033053,300.0,2.228175030588679e-14,210.16853226023264,0.0,0.0,-3.030444233505917e-13,-2858.4110669445777,0.0,0.0
1.208610778956138e-14,84.0,0.0,0.0,0.0,4.363267749186956,1.0,6.0,0.0051119491263051375,5.03984148258128,226.13211581691326,248.63047384206834,300.0,2.0739347509654474e-14,195.62010014031156,0.0,0.0,-3.0172498945566237e-13,-2845.9657481834856,0.0,0.0
1.2192126278943498e-14,85.0,0.0,0.0,0.0,4.363267749186987,1.0,6.0,0.005558914137537951,5.04540039671882,221.7889356869144,249.0486745229364,300.0,1.9071798333096e-14,179.89124768941312,0.0,0.0,-2.999775019545575e-13,-2829.4828921148046,0.0,0.0
1.2298144768325616e-14,86.0,0.0,0.0,0.0,4.363267749186899,1.0,6.0,0.0061487712642667725,5.05154916798308,217.43911843603126,249.3910125649561,300.0,1.7242223661536936e-14,162.63411940714903,0.0,0.0,-2.9755126559863216e-13,-2806.597861682227,0.0,0.0
1.2404163257707734e-14,87.0,0.0,0.0,0.0,4.363267749186977,1.0,6.0,0.006979168933259616,5.05852833691634,213.0839890607359,249.6573836886435,300.0,1.5190703992975458e-14,143.28353555599386,0.0,0.0,-2.939489913741493e-13,-2772.620069266232,0.0,0.0
1.2510181747089852e-14,88.0,0.0,0.0,0.0,4.363267749186982,1.0,6.0,0.008278583739614931,5.06680692065596,208.72487417562516,249.847706754774,300.0,1.2806355859492702e-14,120.79360811617768,0.0,0.0,-2.8801401404845575e-13,-2716.6394817264277,0.0,0.0
1.261620023647197e-14,89.0,0.0,0.0,0.0,4.363267749187041,1.0,6.0,0.010788860380656795,5.07759578103662,204.36310160932072,249.96192378909788,300.0,9.826662468651244e-15,92.68819548289751,0.0,0.0,-2.761824034894108e-13,-2605.0399802809698,0.0,0.0
1.2722218725854088e-14,90.0,0.0,0.0,0.0,4.363267749186897,1.0,6.0,0.026046613053530787,5.10364239409015,199.99999999999991,250.00000000000006,300.0,4.070336867378089e-15,38.39270764090541,0.0,0.0,-2.2100092589553926e-13,-2084.5507909379367,0.0,0.0
1.2722218725854088e-14,90.0,0.0,0.0,0.0,4.363267749186897,1.0,6.0,0.01,5.11364239409015,199.99999999999991,250.00000000000006,300.0,0.0,0.0,0.0,0.0,0.0,0.0,0.0,0.0
1.2722218725854088e-14,90.0,0.0,0.0,0.0,4.363267749186897,1.0,6.0,1.03,6.14364239409015,199.99999999999991,250.00000000000006,300.0,0.0,0.0,0.0,0.0,0.0,0.0,0.0,0.0
1.2616200236471949e-14,88.99999999999999,0.0,0.0,0.0,4.363267749186953,0.9999999999999999,8.0,0.0,6.14364239409015,204.36310160932084,249.96192378909788,300.0,0.0,0.0,0.0,0.0,0.0,0.0,0.0,0.0
1.2510181747089831e-14,87.99999999999999,0.0,0.0,0.0,4.363267749186927,0.9999999999999999,8.0,0.03683547343418786,6.18047786752433,208.72487417562516,249.847706754774,300.0,-2.8781628006366247e-15,-27.1477439209965,0.0,0.0,-7.813562667462119e-14,-737.0000000000024,0.0,0.0
1.2404163257707713e-14,86.99999999999999,0.0,0.0,0.0,4.363267749186982,0.9999999999999999,8.0,0.008278583739614848,6.18875645126395,213.0839890607359,249.6573836886435,300.0,-1.2806355859493046e-14,-120.79360811618092,0.0,0.0,-1.1992622616532901e-12,-11311.821821294205,0.0,0.0
1.2298144768325595e-14,85.99999999999999,0.0,0.0,0.0,4.363267749187034,0.9999999999999999,8.0,0.006979168933259616,6.19573562019721,217.43911843603132,249.3910125649561,300.0,-1.5190703992975458e-14,-143.28353555599386,0.0,0.0,-3.416378305616948e-13,-3222.4363179741604,0.0,0.0
1.2192126278943477e-14,84.99999999999999,0.0,0.0,0.0,4.363267749186956,0.9999999999999999,8.0,0.006148771264266724,6.20188439146148,221.78893568691453,249.0486745229364,300.0,-1.7242223661536936e-14,-162.63411940714903,0.0,0.0,-3.3364709474294226e-13,-3147.065164646819,0.0,0.0
1.208610778956136e-14,83.99999999999999,0.0,0.0,0.0,4.363267749186931,0.9999999999999999,8.0,0.005558914137537958,6.20744330559901,226.1321158169133,248.63047384206834,300.0,-1.9071798333096e-14,-179.89124768941312,0.0,0.0,-3.291244704077081e-13,-3104.4063382327463,0.0,0.0
1.1980089300179241e-14,82.99999999999999,0.0,0.0,0.0,4.363267749186956,0.9999999999999999,8.0,0.005111949126305151,6.21255525472532,230.4673358512868,248.13653791033053,300.0,-2.0739347509655373e-14,-195.62010014032003,0.0,0.0,-3.2620613690745295e-13,-3076.879691538729,0.0,0.0
1.1874070810797123e-14,81.99999999999999,0.0,0.0,0.0,4.363267749187002,0.9999999999999999,8.0,0.004758086233203562,6.21731334095852,234.79327524001633,247.5670171853926,300.0,-2.228175030588679e-14,-210.16853226023264,0.0,0.0,-3.2416453183803574e-13,-3057.622625329657,0.0,0.0
1.1768052321415005e-14,80.99999999999999,0.0,0.0,0.0,4.363267749186969,0.9999999999999999,8.0,0.004468892292217766,6.22178223325074,239.1086162600577,246.92208514878445,300.0,-2.3723661804681516e-14,-223.7690986067093,0.0,0.0,-3.22655236355945e-13,-3043.386471891826,0.0,0.0
1.1662033832032887e-14,79.99999999999999,0.0,0.0,0.0,4.363267749186968,0.9999999999999999,8.0,0.004226783421638208,6.22600901667238,243.41204441673256,246.20193825305202,300.0,-2.5082545947202907e-14,-236.58652460891935,0.0,0.0,-3.2149367662530734e-13,-3032.430272294872,0.0,0.0
1.155601534265077e-14,78.99999999999999,0.0,0.0,0.0,4.363267749186991,0.9999999999999999,8.0,0.004020219975904321,6.23002923664828,247.7022488441362,245.40679586191598,300.0,-2.6371315504513047e-14,-248.74260761690377,0.0,0.0,-3.2057190030260684e-13,-3023.73578581358,0.0,0.0
1.1449996853268652e-14,77.99999999999999,0.0,0.0,0.0,4.363267749186946,0.9999999999999999,8.0,0.0038412717894694,6.23387050843775,251.9779227044398,244.53690018345142,300.0,-2.7599840675881323e-14,-260.33044647905126,0.0,0.0,-3.1982250637305637e-13,-3016.667264710158,0.0,0.0
1.1343978363886534e-14,76.99999999999999,0.0,0.0,0.0,4.363267749186953,0.9999999999999999,8.0,0.003684284569070856,6.23755479300682,256.2377635859662,243.59251619630882,300.0,-2.8775868800182634e-14,-271.4231165515572,0.0,0.0,-3.19201218650144e-13,-3010.80708195775,0.0,0.0
1.1237959874504416e-14,75.99999999999999,0.0,0.0,0.0,4.36326774918702,0.9999999999999999,8.0,0.0035451032155111722,6.24109989622233,260.48047389991694,242.57393156899914,300.0,-2.990561429022637e-14,-282.0792341460255,0.0,0.0,-3.18677742611464e-13,-3005.8694900176056,0.0,0.0
1.1131941385122298e-14,74.99999999999999,0.0,0.0,0.0,4.363267749186879,0.9999999999999999,8.0,0.0034205964492474566,6.24452049267158,264.7047612756301,241.48145657226712,300.0,-3.099415290729202e-14,-292.34667545187426,0.0,0.0,-3.1823064580012223e-13,-3001.6523311621363,0.0,0.0
1.102592289574018e-14,73.99999999999999,0.0,0.0,0.0,4.363267749186979,0.9999999999999999,8.0,0.003308353632689748,6.24782884630427,268.90933895424973,240.31542398457975,300.0,-3.2045694370319984e-14,-302.2651478726417,0.0,0.0,-3.178443358163623e-13,-2998.00853293399,0.0,0.0
1.0919904406358062e-14,72.99999999999999,0.0,0.0,0.0,4.3632677491870115,0.9999999999999999,8.0,0.0032064845951760707,6.25103533089945,273.0929261806842,239.07618899075894,300.0,-3.306377630555801e-14,-311.8680194205337,0.0,0.0,-3.1750719675050697e-13,-2994.828530390871,0.0,0.0
1.0813885916975944e-14,71.99999999999999,0.0,0.0,0.0,4.363267749186924,0.9999999999999999,8.0,0.003113483493262875,6.25414881439271,277.2542485937368,237.76412907378847,300.0,-3.4051405639867096e-14,-321.18365238290704,0.0,0.0,-3.1721039679389146e-13,-2992.02901911367,0.0,0.0
1.0707867427593826e-14,70.99999999999999,0.0,0.0,0.0,4.363267749186964,0.9999999999999999,8.0,0.0030281338192861135,6.257176948212,281.3920386142891,236.37964389982926,300.0,-3.5011163874890856e-14,-330.23639630160733,0.0,0.0,-3.1694710085503775e-13,-2989.5455283528736,0.0,0.0
1.0601848938211708e-14,69.99999999999999,0.0,0.0,0.0,4.3632677491870036,0.9999999999999999,8.0,0.0029494406208083884,6.2601263888328,285.50503583141716,234.92315519647715,300.0,-3.594528692463071e-14,-339.0473410262868,0.0,0.0,-3.1671193620566386e-13,-2987.3273808321637,0.0,0.0
1.049583044882959e-14,68.99999999999999,0.0,0.0,0.0,4.36326774918698,0.9999999999999999,8.0,0.002876581172373327,6.26300297000518,289.59198738632506,233.3951066243005,300.0,-3.6855726652289525e-14,-347.6348971494206,0.0,0.0,-3.16500621085418e-13,-2985.3341896305037,0.0,0.0
1.0389811959447472e-14,67.99999999999999,0.0,0.0,0.0,4.3632677491869964,0.9999999999999999,8.0,0.0028088684412738013,6.26581183844645,293.65164835397803,231.79596364169691,300.0,-3.7744198989267945e-14,-356.01524987993486,0.0,0.0,-3.1630970106078196e-13,-2983.533371436019,0.0,0.0
1.0283793470065354e-14,66.99999999999999,0.0,0.0,0.0,4.363267749186886,0.9999999999999999,8.0,0.002745723601348088,6.2685575620478,297.6827821223184,230.12621336311014,300.0,-3.861222204961274e-14,-364.2027185507647,0.0,0.0,-3.161363583423288e-13,-2981.8983479654453,0.0,0.0
1.0177774980683236e-14,65.99999999999999,0.0,0.0,0.0,4.363267749187026,0.9999999999999999,8.0,0.0026866550600807004,6.27124421710788,301.68416076895005,228.3863644106503,300.0,-3.946114667170478e-14,-372.21004469773794,0.0,0.0,-3.159782715338881e-13,-2980.407223074276,0.0,0.0
1.0071756491301118e-14,64.99999999999999,0.0,0.0,0.0,4.363267749186905,0.9999999999999999,8.0,0.0026312422499217836,6.2738754593578,305.6545654351748,226.57694675916255,300.0,-4.0292181149517026e-14,-380.04862533264003,0.0,0.0,-3.1583351089657277e-13,-2979.041794853591,0.0,0.0
9.965738001919e-15,63.999999999999986,0.0,0.0,0.0,4.363267749187024,0.9999999999999999,8.0,0.0025791229553001616,6.2764545823131,309.59278669726933,224.69851157479178,300.0,-4.11064114505483e-14,-387.7287036451745,0.0,0.0,-3.1570045908747534e-13,-2977.786808012412,0.0,0.0
9.859719512536882e-15,62.999999999999986,0.0,0.0,0.0,4.363267749186968,0.9999999999999999,8.0,0.0025299832984521653,6.27898456561155,313.4976249348867,222.75163104709202,300.0,-4.190481788831834e-14,-395.2595262632217,0.0,0.0,-3.1557775035849436e-13,-2976.629380381684,0.0,0.0
9.753701023154764e-15,61.999999999999986,0.0,0.0,0.0,4.36326774918696,0.9999999999999999,8.0,0.0024835497489361924,6.28146811536049,317.36789069647267,220.73689821473178,300.0,-4.26882889813348e-14,-402.6494739750083,0.0,0.0,-3.1546422347770037e-13,-2975.5585588536865,0.0,0.0
9.647682533772646e-15,60.999999999999986,0.0,0.0,0.0,4.363267749186957,0.9999999999999999,8.0,0.002439582690581893,6.28390769805107,321.2024050615842,218.65492678484898,300.0,-4.345763305806678e-14,-409.90617119089734,0.0,0.0,-3.1535888482160205e-13,-2974.56497125673,0.0,0.0
9.541664044390528e-15,59.999999999999986,0.0,0.0,0.0,4.363267749186997,0.9999999999999999,8.0,0.0023978711993491164,6.28630556925042,325.0,216.5063509461097,300.0,-4.4213588040461584e-14,-417.03657822461906,0.0,0.0,-3.1526087914978193e-13,-2973.6405506920637,0.0,0.0
9.43564555500841e-15,58.999999999999986,0.0,0.0,0.0,4.363267749186878,0.9999999999999999,8.0,0.002358228771598747,6.28866379802202,328.75951872751347,214.29182517552815,300.0,-4.4956829743981266e-14,-424.0470695818468,0.0,0.0,-3.1516946636854076e-13,-2972.778316361291,0.0,0.0
9.329627065626292e-15,57.999999999999986,0.0,0.0,0.0,4.363267749187036,0.9999999999999999,8.0,0.002320489804877368,6.2909842878269,332.4798160583012,212.0120240391065,300.0,-4.568797895999736e-14,-430.9435007635895,0.0,0.0,-3.1508400273052915e-13,-2971.972196235371,0.0,0.0
9.223608576244174e-15,56.999999999999986,0.0,0.0,0.0,4.363267749186983,0.9999999999999999,8.0,0.0022845066793935054,6.29326879450629,336.15975875375676,209.66764198635605,300.0,-4.6407607532258964e-14,-437.73126558136465,0.0,0.0,-3.150039256845831e-13,-2971.21688415338,0.0,0.0
9.117590086862056e-15,55.999999999999986,0.0,0.0,0.0,4.363267749186979,0.9999999999999999,8.0,0.0022501473226449187,6.29551894182894,339.7982258676867,207.25939313876046,300.0,-4.711624359666515e-14,-444.41534558039274,0.0,0.0,-3.149287414538046e-13,-2970.507722655058,0.0,0.0
9.011571597479938e-15,54.999999999999986,0.0,0.0,0.0,4.363267749186935,0.9999999999999999,8.0,0.0022172931654244055,6.29773623499436,343.3941090877615,204.78801107224797,300.0,-4.7814376120999135e-14,-451.00035285980914,0.0,0.0,-3.1485801481753616e-13,-2969.8406066012094,0.0,0.0
8.90555310809782e-15,53.999999999999986,0.0,0.0,0.0,4.363267749186957,0.9999999999999999,8.0,0.0021858374169727024,6.29992207241133,346.94631307311823,202.2542485937369,300.0,-4.850245885577227e-14,-457.4905673382773,0.0,0.0,-3.147913607070356e-13,-2969.2119039014938,0.0,0.0
8.799534618715702e-15,52.999999999999986,0.0,0.0,0.0,4.363267749186991,0.9999999999999999,8.0,0.0021556836020088788,6.30207775601334,350.4537557880121,199.65887751182328,300.0,-4.9180913786846134e-14,-463.889969320214,0.0,0.0,-3.1472843716100203e-13,-2968.6183890683346,0.0,0.0
8.693516129333585e-15,51.999999999999986,0.0,0.0,0.0,4.363267749186989,0.9999999999999999,8.0,0.002126744313906165,6.30420450032725,353.9153688314146,197.00268840168053,300.0,-4.9850134164645543e-14,-470.20226806828765,0.0,0.0,-3.1466893947879874e-13,-2968.057188068847,0.0,0.0
8.587497639951467e-15,50.999999999999986,0.0,0.0,0.0,4.36326774918692,0.9999999999999999,8.0,0.002098940147257672,6.3063034404745,357.33009776245933,194.28649036424278,300.0,-5.0510487171652465e-14,-476.43092696406615,0.0,0.0,-3.14612595251816e-13,-2967.5257314587247,0.0,0.0
8.481479150569349e-15,49.999999999999986,0.0,0.0,0.0,4.363267749186966,0.9999999999999999,8.0,0.002072198780103701,6.30837563925461,360.6969024216348,191.51111077974454,300.0,-5.1162316279724605e-14,-482.57918574299276,0.0,0.0,-3.1455916021703467e-13,-2967.021715271614,0.0,0.0
8.37546066118723e-15,48.999999999999986,0.0,0.0,0.0,4.363267749186981,0.9999999999999999,8.0,0.00204645418163682,6.31042209343625,364.0147572476268,188.67739505569304,300.0,-5.180594334016571e-14,-488.6500802085921,0.0,0.0,-3.1450841470896566e-13,-2966.543067553014,0.0,0.0
8.269442171805113e-15,47.999999999999986,0.0,0.0,0.0,4.363267749186991,0.9999999999999999,8.0,0.0020216459256006125,6.31244373936185,367.28265158971453,185.78620636934858,300.0,-5.244167044267202e-14,-494.64645976664247,0.0,0.0,-3.144601606324528e-13,-2966.087919806677,0.0,0.0
8.163423682422995e-15,46.999999999999986,0.0,0.0,0.0,4.363267749186974,0.9999999999999999,8.0,0.0019977185931117913,6.31444145795496,370.4995900156246,182.83842540479264,300.0,-5.306978157367425e-14,-500.57100306718274,0.0,0.0,-3.1441421888344854e-13,-2965.654582666405,0.0,0.0
8.057405193040877e-15,45.999999999999986,0.0,0.0,0.0,4.363267749186955,0.9999999999999999,8.0,0.0019746212514594186,6.31641607920642,373.6645926147493,179.83495008466284,300.0,-5.369054409992141e-14,-506.4262319981457,0.0,0.0,-3.1437042713300067e-13,-2965.241524994091,0.0,0.0
7.951386703658759e-15,44.999999999999986,0.0,0.0,0.0,4.363267749187002,0.9999999999999999,8.0,0.0019523069977151197,6.31836838620413,376.7766952966369,176.7766952966369,300.0,-5.430421009923343e-14,-512.214524237438,0.0,0.0,-3.1432863787829736e-13,-2964.8473554963766,0.0,0.0
7.845368214276641e-15,43.999999999999986,0.0,0.0,0.0,4.363267749186922,0.9999999999999999,8.0,0.0019307325578392376,6.32029911876197,379.83495008466275,173.66459261474935,300.0,-5.4911017557386765e-14,-517.9381245423457,0.0,0.0,-3.142887168342457e-13,-2964.47080755388,0.0,0.0
7.739349724894523e-15,42.999999999999986,0.0,0.0,0.0,4.363267749186894,0.9999999999999999,8.0,0.0019098579334804189,6.32220897669545,382.83842540479253,170.4995900156247,300.0,-5.551119144706648e-14,-523.5991549265509,0.0,0.0,-3.1425054144527903e-13,-2964.1107251833805,0.0,0.0
7.633331235512405e-15,41.999999999999986,0.0,0.0,0.0,4.363267749187013,0.9999999999999999,8.0,0.0018896460899040235,6.32409862278536,385.7862063693485,167.28265158971462,300.0,-5.6104944702899984e-14,-529.1996238569604,0.0,0.0,-3.142139996509364e-13,-2963.7660513953188,0.0,0.0
7.527312746130287e-15,40.999999999999986,0.0,0.0,0.0,4.363267749186972,0.9999999999999999,8.0,0.0018700626795073172,6.32596868546486,388.67739505569295,164.01475724762687,300.0,-5.669247910452779e-14,-534.7414345831082,0.0,0.0,-3.1417898879338196e-13,-2963.4358178883244,0.0,0.0
7.421294256748169e-15,39.999999999999986,0.0,0.0,0.0,4.36326774918696,0.9999999999999999,8.0,0.00185107579622118,6.32781976126108,391.51111077974446,160.6969024216349,300.0,-5.727398607801432e-14,-540.2263926963166,0.0,0.0,-3.1414541461438205e-13,-2963.119135588934,0.0,0.0
7.315275767366051e-15,38.999999999999986,0.0,0.0,0.0,4.363267749186966,0.9999999999999999,8.0,0.001832655756803414,6.32965241701789,394.2864903642427,157.33009776245945,300.0,-5.784964742480745e-14,-545.6562130054731,0.0,0.0,-3.14113190464767e-13,-2962.815187194557,0.0,0.0
7.209257277983933e-15,37.999999999999986,0.0,0.0,0.0,4.363267749186982,0.9999999999999999,8.0,0.0018147749056098006,6.3314671919235,397.0026884016805,153.91536883141464,300.0,-5.841963598592342e-14,-551.0325258018345,0.0,0.0,-3.1408223650988787e-13,-2962.52321967974,0.0,0.0
7.103238788601816e-15,36.999999999999986,0.0,0.0,0.0,4.363267749186955,0.9999999999999999,8.0,0.0017974074399227102,6.33326459936342,399.65887751182316,150.45375578801213,300.0,-5.898411624839358e-14,-556.3568825792269,0.0,0.0,-3.14052479105399e-13,-2962.242538409604,0.0,0.0
6.997220299219699e-15,35.999999999999986,0.0,0.0,0.0,4.363267749186963,0.9999999999999999,8.0,0.00178052925332578,6.33504512861674,402.2542485937368,146.94631307311835,300.0,-5.954324489984803e-14,-561.6307612650401,0.0,0.0,-3.140238501614607e-13,-2961.9725011327378,0.0,0.0
6.8912018098375815e-15,34.999999999999986,0.0,0.0,0.0,4.363267749186997,0.9999999999999999,8.0,0.0017641177949629105,6.33680924641171,404.7880110722479,143.39410908776156,300.0,-6.009717133676693e-14,-566.8555710142377,0.0,0.0,-3.139962866995452e-13,-2961.7125138222045,0.0,0.0
6.785183320455464e-15,33.999999999999986,0.0,0.0,0.0,4.363267749186927,0.9999999999999999,8.0,0.0017481519428109438,6.33855739835452,407.25939313876034,139.79822586768677,300.0,-6.06460381307872e-14,-572.0326566076951,0.0,0.0,-3.1396973030716215e-13,-2961.4620255108493,0.0,0.0
6.679164831073347e-15,32.999999999999986,0.0,0.0,0.0,4.363267749186979,0.9999999999999999,8.0,0.0017366804936531643,6.34029407884817,409.66764198635593,136.15975875375682,300.0,-6.104662876652908e-14,-575.8111544723274,0.0,0.0,-2.306645564373345e-13,-2175.7012176051485,0.0,0.0
6.57314634169123e-15,31.999999999999986,0.0,0.0,0.0,4.363267749186935,0.9999999999999999,8.0,0.001736111111111105,6.34203018995928,412.0120240391064,132.4798160583013,300.0,-6.106664988409775e-14,-575.9999999999836,0.0,0.0,-1.1532163719555194e-14,-108.77502392997539,0.0,0.0
6.467127852309113e-15,30.999999999999986,0.0,0.0,0.0,4.363267749186973,0.9999999999999999,8.0,0.001736111111111105,6.34376630107039,414.291825175528,128.75951872751364,300.0,-6.106664988409775e-14,-575.9999999999836,0.0,0.0,0.0,0.0,0.0,0.0
6.361109362926996e-15,29.999999999999986,0.0,0.0,0.0,4.363267749187019,0.9999999999999999,8.0,0.001736111111111105,6.34550241218151,416.50635094610965,125.00000000000006,300.0,-6.106664988409775e-14,-575.9999999999836,0.0,0.0,0.0,0.0,0.0,0.0
6.2550908735448785e-15,28.999999999999986,0.0,0.0,0.0,4.363267749186947,0.9999999999999999,8.0,0.0017361111111111327,6.34723852329262,418.6549267848489,121.20240506158432,300.0,-6.106664988409775e-14,-575.9999999999836,0.0,0.0,0.0,0.0,0.0,0.0
6.149072384162761e-15,27.999999999999986,0.0,0.0,0.0,4.363267749187036,0.9999999999999999,8.0,0.001736111111111105,6.34897463440373,420.7368982147318,117.36789069647274,300.0,-6.106664988409775e-14,-575.9999999999836,0.0,0.0,0.0,0.0,0.0,0.0
6.043053894780644e-15,26.999999999999986,0.0,0.0,0.0,4.3632677491869725,0.9999999999999999,8.0,0.001736111111111105,6.35071074551484,422.751631047092,113.49762493488673,300.0,-6.106664988409775e-14,-575.9999999999836,0.0,0.0,0.0,0.0,0.0,0.0
5.937035405398527e-15,25.999999999999986,0.0,0.0,0.0,4.363267749186968,0.9999999999999999,8.0,0.001736111111111105,6.35244685662595,424.6985115747918,109.59278669726937,300.0,-6.106664988409775e-14,-575.9999999999836,0.0,0.0,0.0,0.0,0.0,0.0
5.83101691601641e-15,24.999999999999986,0.0,0.0,0.0,4.363267749186948,0.9999999999999999,8.0,0.001736111111111105,6.35418296773706,426.5769467591625,105.6545654351749,300.0,-6.106664988409775e-14,-575.9999999999836,0.0,0.0,0.0,0.0,0.0,0.0
5.724998426634293e-15,23.999999999999986,0.0,0.0,0.0,4.363267749186958,0.9999999999999999,8.0,0.0017361111111111327,6.35591907884817,428.38636441065023,101.6841607689501,300.0,-6.106664988409775e-14,-575.9999999999836,0.0,0.0,0.0,0.0,0.0,0.0
5.6189799372521755e-15,22.999999999999986,0.0,0.0,0.0,4.363267749186973,0.9999999999999999,8.0,0.001736111111111105,6.35765518995928,430.1262133631101,97.68278212231847,300.0,-6.106664988409775e-14,-575.9999999999836,0.0,0.0,0.0,0.0,0.0,0.0
5.512961447870058e-15,21.999999999999986,0.0,0.0,0.0,4.363267749186979,0.9999999999999999,8.0,0.001736111111111105,6.35939130107039,431.79596364169686,93.65164835397803,300.0,-6.106664988409775e-14,-575.9999999999836,0.0,0.0,0.0,0.0,0.0,0.0
5.406942958487941e-15,20.999999999999986,0.0,0.0,0.0,4.363267749186954,0.9999999999999999,8.0,0.001736111111111105,6.36112741218151,433.39510662430047,89.59198738632512,300.0,-6.106664988409775e-14,-575.9999999999836,0.0,0.0,0.0,0.0,0.0,0.0
5.300924469105824e-15,19.999999999999986,0.0,0.0,0.0,4.363267749186959,0.9999999999999999,8.0,0.0017361111111111327,6.36286352329262,434.92315519647707,85.50503583141722,300.0,-6.106664988409775e-14,-575.9999999999836,0.0,0.0,0.0,0.0,0.0,0.0
5.194905979723707e-15,18.999999999999986,0.0,0.0,0.0,4.3632677491869725,0.9999999999999999,8.0,0.001736111111111105,6.36459963440373,436.3796438998292,81.3920386142892,300.0,-6.106664988409775e-14,-575.9999999999836,0.0,0.0,0.0,0.0,0.0,0.0
5.0888874903415896e-15,17.999999999999986,0.0,0.0,0.0,4.363267749186964,0.9999999999999999,8.0,0.001736111111111105,6.36633574551484,437.7641290737884,77.2542485937369,300.0,-6.106664988409775e-14,-575.9999999999836,0.0,0.0,0.0,0.0,0.0,0.0
4.9828690009594724e-15,16.999999999999986,0.0,0.0,0.0,4.363267749186983,0.9999999999999999,8.0,0.001736111111111105,6.36807185662595,439.07618899075885,73.0929261806842,300.0,-6.106664988409775e-14,-575.9999999999836,0.0,0.0,0.0,0.0,0.0,0.0
4.876850511577355e-15,15.999999999999986,0.0,0.0,0.0,4.363267749186981,0.9999999999999999,8.0,0.001736111111111105,6.36980796773706,440.31542398457975,68.90933895424982,300.0,-6.106664988409775e-14,-575.9999999999836,0.0,0.0,0.0,0.0,0.0,0.0
4.770832022195238e-15,14.999999999999986,0.0,0.0,0.0,4.363267749186965,0.9999999999999999,8.0,0.0017361111111111327,6.37154407884817,441.4814565722671,64.70476127563022,300.0,-6.106664988409775e-14,-575.9999999999836,0.0,0.0,0.0,0.0,0.0,0.0
4.664813532813121e-15,13.999999999999986,0.0,0.0,0.0,4.363267749186955,0.9999999999999999,8.0,0.001736111111111105,6.37328018995928,442.5739315689991,60.48047389991696,300.0,-6.106664988409775e-14,-575.9999999999836,0.0,0.0,0.0,0.0,0.0,0.0
4.558795043431004e-15,12.999999999999986,0.0,0.0,0.0,4.3632677491869725,0.9999999999999999,8.0,0.001736111111111105,6.3750163010704,443.5925161963088,56.23776358596627,300.0,-6.106664988409775e-14,-575.9999999999836,0.0,0.0,0.0,0.0,0.0,0.0
4.4527765540488866e-15,11.999999999999986,0.0,0.0,0.0,4.36326774918696,0.9999999999999999,8.0,0.001736111111111105,6.37675241218151,444.5369001834514,51.97792270443986,300.0,-6.106664988409775e-14,-575.9999999999836,0.0,0.0,0.0,0.0,0.0,0.0
4.346758064666769e-15,10.999999999999986,0.0,0.0,0.0,4.363267749186966,0.9999999999999999,8.0,0.0017361111111111327,6.37848852329262,445.40679586191595,47.70224884413623,300.0,-6.106664988409775e-14,-575.9999999999836,0.0,0.0,0.0,0.0,0.0,0.0
4.240739575284652e-15,9.999999999999986,0.0,0.0,0.0,4.3632677491869805,0.9999999999999999,8.0,0.001736111111111105,6.38022463440373,446.20193825305205,43.41204441673261,300.0,-6.106664988409775e-14,-575.9999999999836,0.0,0.0,0.0,0.0,0.0,0.0
4.134721085902535e-15,8.999999999999986,0.0,0.0,0.0,4.363267749186964,0.9999999999999999,8.0,0.001736111111111105,6.38196074551484,446.92208514878445,39.108616260057744,300.0,-6.106664988409775e-14,-575.9999999999836,0.0,0.0,0.0,0.0,0.0,0.0
4.028702596520418e-15,7.999999999999986,0.0,0.0,0.0,4.363267749186966,0.9999999999999999,8.0,0.001736111111111105,6.38369685662595,447.5670171853926,34.79327524001639,300.0,-6.106664988409775e-14,-575.9999999999836,0.0,0.0,0.0,0.0,0.0,0.0
3.922684107138301e-15,6.999999999999986,0.0,0.0,0.0,4.36326774918697,0.9999999999999999,8.0,0.001736111111111105,6.38543296773706,448.1365379103305,30.467335851286894,300.0,-6.106664988409775e-14,-575.9999999999836,0.0,0.0,0.0,0.0,0.0,0.0
3.8166656177561835e-15,5.999999999999986,0.0,0.0,0.0,4.363267749186965,0.9999999999999999,8.0,0.0017361111111111327,6.38716907884817,448.63047384206834,26.132115816913394,300.0,-6.106664988409775e-14,-575.9999999999836,0.0,0.0,0.0,0.0,0.0,0.0
3.710647128374066e-15,4.999999999999986,0.0,0.0,0.0,4.36326774918697,0.9999999999999999,8.0,0.001736111111111105,6.38890518995929,449.0486745229364,21.788935686914567,300.0,-6.106664988409775e-14,-575.9999999999836,0.0,0.0,0.0,0.0,0.0,0.0
3.604628638991949e-15,3.999999999999986,0.0,0.0,0.0,4.363267749186965,0.9999999999999999,8.0,0.001736111111111105,6.3906413010704,449.3910125649561,17.439118436031354,300.0,-6.106664988409775e-14,-575.9999999999836,0.0,0.0,0.0,0.0,0.0,0.0
3.498610149609832e-15,2.999999999999986,0.0,0.0,0.0,4.363267749186968,0.9999999999999999,8.0,0.001736111111111105,6.39237741218151,449.65738368864345,13.083989060735982,300.0,-6.106664988409775e-14,-575.9999999999836,0.0,0.0,0.0,0.0,0.0,0.0
3.392591660227715e-15,1.9999999999999858,0.0,0.0,0.0,4.363267749186971,0.9999999999999999,8.0,0.0017361111111111327,6.39411352329262,449.847706754774,8.724874175625267,300.0,-6.106664988409775e-14,-575.9999999999836,0.0,0.0,0.0,0.0,0.0,0.0
3.2865731708455977e-15,0.9999999999999859,0.0,0.0,0.0,4.363267749186966,0.9999999999999999,8.0,0.001736111111111105,6.39584963440373,449.9619237890978,4.363101609320902,300.0,-6.106664988409775e-14,-575.9999999999835,0.0,0.0,0.0,6.548361852764897e-11,0.0,0.0
3.1805546814634805e-15,-1.3988810110276972e-14,0.0,0.0,0.0,4.363267749186968,0.9999999999999999,8.0,0.001736111111111105,6.39758574551484,450.0,2.272536569798764e-14,300.0,-6.106664988409775e-14,-575.9999999999835,0.0,0.0,0.0,0.0,0.0,0.0
3.0745361920813633e-15,-1.0000000000000138,0.0,0.0,0.0,4.363267749186968,0.9999999999999999,8.0,0.001736111111111105,6.39932185662595,449.9619237890978,-4.3631016093208554,300.0,-6.106664988409775e-14,-575.9999999999835,0.0,0.0,0.0,0.0,0.0,0.0
2.968517702699246e-15,-2.0000000000000138,0.0,0.0,0.0,4.363267749186966,0.9999999999999999,8.0,0.001736111111111105,6.40105796773706,449.847706754774,-8.72487417562522,300.0,-6.106664988409775e-14,-575.9999999999836,0.0,0.0,0.0,-6.548361852764897e-11,0.0,0.0
2.862499213317129e-15,-3.0000000000000138,0.0,0.0,0.0,4.363267749186969,0.9999999999999999,8.0,0.001736111111111105,6.40279407884817,449.65738368864345,-13.083989060735934,300.0,-6.106664988409775e-14,-575.9999999999836,0.0,0.0,0.0,0.0,0.0,0.0
2.7564807239350118e-15,-4.000000000000013,0.0,0.0,0.0,4.363267749186971,0.9999999999999999,8.0,0.001736111111111105,6.40453018995929,449.39101256495604,-17.439118436031304,300.0,-6.106664988409775e-14,-575.9999999999834,0.0,0.0,0.0,1.3096723705529794e-10,0.0,0.0
2.6504622345528946e-15,-5.000000000000013,0.0,0.0,0.0,4.363267749186968,0.9999999999999999,8.0,0.0017361111111111605,6.4062663010704,449.0486745229364,-21.788935686914524,300.0,-6.106664988409775e-14,-575.9999999999836,0.0,0.0,0.0,-1.3096723705529794e-10,0.0,0.0
2.5444437451707774e-15,-6.000000000000013,0.0,0.0,0.0,4.363267749186967,0.9999999999999999,8.0,0.001736111111111105,6.40800241218151,448.63047384206834,-26.13211581691335,300.0,-6.106664988409775e-14,-575.9999999999836,0.0,0.0,0.0,0.0,0.0,0.0
2.4384252557886603e-15,-7.000000000000013,0.0,0.0,0.0,4.3632677491869725,0.9999999999999999,8.0,0.001736111111111105,6.40973852329262,448.1365379103305,-30.467335851286855,300.0,-6.106664988409775e-14,-575.9999999999836,0.0,0.0,0.0,0.0,0.0,0.0
2.332406766406543e-15,-8.000000000000012,0.0,0.0,0.0,4.363267749186966,0.9999999999999999,8.0,0.001736111111111105,6.41147463440373,447.56701718539256,-34.79327524001634,300.0,-6.106664988409775e-14,-575.9999999999832,0.0,0.0,0.0,2.619344741105959e-10,0.0,0.0
2.226388277024426e-15,-9.000000000000012,0.0,0.0,0.0,4.363267749186973,0.9999999999999999,8.0,0.001736111111111105,6.41321074551484,446.9220851487844,-39.1086162600577,300.0,-6.106664988409775e-14,-575.9999999999836,0.0,0.0,0.0,-2.619344741105959e-10,0.0,0.0
2.1203697876423088e-15,-10.000000000000012,0.0,0.0,0.0,4.363267749186964,0.9999999999999999,8.0,0.001736111111111105,6.41494685662595,446.201938253052,-43.41204441673257,300.0,-6.106664988409775e-14,-575.9999999999836,0.0,0.0,0.0,0.0,0.0,0.0
2.0143512982601916e-15,-11.000000000000012,0.0,0.0,0.0,4.36326774918697,0.9999999999999999,8.0,0.001736111111111105,6.41668296773706,445.40679586191595,-47.702248844136186,300.0,-6.106664988409775e-14,-575.9999999999836,0.0,0.0,0.0,0.0,0.0,0.0
1.9083328088780744e-15,-12.000000000000012,0.0,0.0,0.0,4.363267749186953,0.9999999999999999,8.0,0.001736111111111105,6.41841907884817,444.5369001834514,-51.977922704439806,300.0,-6.106664988409775e-14,-575.9999999999836,0.0,0.0,0.0,0.0,0.0,0.0
1.8023143194959572e-15,-13.000000000000012,0.0,0.0,0.0,4.363267749186973,0.9999999999999999,8.0,0.001736111111111105,6.42015518995929,443.5925161963088,-56.23776358596623,300.0,-6.106664988409775e-14,-575.9999999999836,0.0,0.0,0.0,0.0,0.0,0.0
1.69629583011384e-15,-14.000000000000012,0.0,0.0,0.0,4.363267749186965,0.9999999999999999,8.0,0.0017361111111111605,6.4218913010704,442.5739315689991,-60.48047389991691,300.0,-6.106664988409775e-14,-575.9999999999836,0.0,0.0,0.0,0.0,0.0,0.0
1.5902773407317229e-15,-15.000000000000012,0.0,0.0,0.0,4.363267749186989,0.9999999999999999,8.0,0.001736111111111105,6.42362741218151,441.48145657226706,-64.70476127563019,300.0,-6.106664988409775e-14,-575.9999999999836,0.0,0.0,0.0,0.0,0.0,0.0
1.4842588513496057e-15,-16.00000000000001,0.0,0.0,0.0,4.363267749186952,0.9999999999999999,8.0,0.001736111111111105,6.42536352329262,440.3154239845797,-68.90933895424978,300.0,-6.106664988409775e-14,-575.9999999999826,0.0,0.0,0.0,5.893525667488407e-10,0.0,0.0
1.3782403619674885e-15,-17.00000000000001,0.0,0.0,0.0,4.363267749186965,0.9999999999999999,8.0,0.001736111111111105,6.42709963440373,439.07618899075885,-73.09292618068416,300.0,-6.106664988409775e-14,-575.9999999999836,0.0,0.0,0.0,-5.893525667488407e-10,0.0,0.0
1.2722218725853714e-15,-18.00000000000001,0.0,0.0,0.0,4.363267749186987,0.9999999999999999,8.0,0.001736111111111105,6.42883574551484,437.76412907378835,-77.25424859373685,300.0,-6.106664988409775e-14,-575.9999999999836,0.0,0.0,0.0,0.0,0.0,0.0
1.1662033832032542e-15,-19.00000000000001,0.0,0.0,0.0,4.363267749186964,0.9999999999999999,8.0,0.001736111111111105,6.43057185662595,436.37964389982915,-81.39203861428915,300.0,-6.106664988409775e-14,-575.9999999999836,0.0,0.0,0.0,0.0,0.0,0.0
1.060184893821137e-15,-20.00000000000001,0.0,0.0,0.0,4.363267749186967,0.9999999999999999,8.0,0.001736111111111105,6.43230796773706,434.92315519647707,-85.50503583141717,300.0,-6.106664988409775e-14,-575.9999999999836,0.0,0.0,0.0,0.0,0.0,0.0
9.541664044390198e-16,-21.00000000000001,0.0,0.0,0.0,4.363267749186966,0.9999999999999999,8.0,0.001736111111111105,6.43404407884817,433.3951066243004,-89.59198738632506,300.0,-6.106664988409775e-14,-575.9999999999836,0.0,0.0,0.0,0.0,0.0,0.0
8.481479150569027e-16,-22.00000000000001,0.0,0.0,0.0,4.36326774918696,0.9999999999999999,8.0,0.001736111111111105,6.43578018995929,431.79596364169686,-93.651648353978,300.0,-6.106664988409775e-14,-575.9999999999836,0.0,0.0,0.0,0.0,0.0,0.0
7.421294256747855e-16,-23.00000000000001,0.0,0.0,0.0,4.363267749186965,0.9999999999999999,8.0,0.0017361111111111605,6.4375163010704,430.1262133631101,-97.68278212231843,300.0,-6.106664988409775e-14,-575.9999999999836,0.0,0.0,0.0,0.0,0.0,0.0
6.361109362926683e-16,-24.00000000000001,0.0,0.0,0.0,4.363267749186948,0.9999999999999999,8.0,0.001736111111111105,6.43925241218151,428.38636441065023,-101.68416076895002,300.0,-6.106664988409775e-14,-575.9999999999836,0.0,0.0,0.0,0.0,0.0,0.0
5.300924469105512e-16,-25.00000000000001,0.0,0.0,0.0,4.363267749186958,0.9999999999999999,8.0,0.001736111111111105,6.44098852329262,426.5769467591625,-105.65456543517483,300.0,-6.106664988409775e-14,-575.9999999999836,0.0,0.0,0.0,0.0,0.0,0.0
4.2407395752843393e-16,-26.00000000000001,0.0,0.0,0.0,4.363267749186998,0.9999999999999999,8.0,0.001736111111111105,6.44272463440373,424.6985115747917,-109.59278669726933,300.0,-6.106664988409779e-14,-575.9999999999836,0.0,0.0,-2.1810426307549915e-26,0.0,0.0,0.0
3.180554681463167e-16,-27.00000000000001,0.0,0.0,0.0,4.363267749186994,0.9999999999999999,8.0,0.001736111111111105,6.44446074551484,422.7516310470919,-113.49762493488669,300.0,-6.106664988409779e-14,-575.9999999999836,0.0,0.0,0.0,0.0,0.0,0.0
2.120369787641995e-16,-28.00000000000001,0.0,0.0,0.0,4.363267749186934,0.9999999999999999,8.0,0.001736111111111105,6.44619685662595,420.7368982147317,-117.36789069647266,300.0,-6.106664988409779e-14,-575.9999999999836,0.0,0.0,0.0,0.0,0.0,0.0
1.0601848938208227e-16,-29.00000000000001,0.0,0.0,0.0,4.363267749186928,0.9999999999999999,8.0,0.001736111111111105,6.44793296773706,418.654926784849,-121.20240506158423,300.0,-6.106664988409779e-14,-575.9999999999836,0.0,0.0,0.0,0.0,0.0,0.0
-3.4956398862606086e-29,-30.00000000000001,0.0,0.0,0.0,4.363267749186975,0.9999999999999999,8.0,0.001736111111111105,6.44966907884818,416.5063509461097,-124.99999999999997,300.0,-6.106664988409779e-14,-575.9999999999836,0.0,0.0,0.0,0.0,0.0,0.0
-1.0601848938215218e-16,-31.00000000000001,0.0,0.0,0.0,4.36326774918699,0.9999999999999999,8.0,0.001736111111111105,6.45140518995929,414.2918251755281,-128.75951872751355,300.0,-6.106664988409779e-14,-575.9999999999836,0.0,0.0,0.0,0.0,0.0,0.0
-2.120369787642694e-16,-32.00000000000001,0.0,0.0,0.0,4.3632677491869485,0.9999999999999999,8.0,0.0017361111111111605,6.4531413010704,412.0120240391065,-132.4798160583012,300.0,-6.106664988409779e-14,-575.9999999999816,0.0,0.0,0.0,1.1787051334976815e-09,0.0,0.0
-3.180554681463866e-16,-33.00000000000001,0.0,0.0,0.0,4.363267749186959,0.9999999999999999,8.0,0.001736111111111105,6.45487741218151,409.66764198635605,-136.15975875375673,300.0,-6.106664988409779e-14,-575.9999999999836,0.0,0.0,0.0,-1.1787051334976815e-09,0.0,0.0
-4.2407395752850385e-16,-34.00000000000001,0.0,0.0,0.0,4.363267749186979,0.9999999999999999,8.0,0.0017366804936531643,6.45661409267516,407.25939313876046,-139.79822586768668,300.0,-6.10466287665291e-14,-575.8111544723274,0.0,0.0,1.1528382821050938e-14,108.73936129665964,0.0,0.0
-5.300924469106211e-16,-35.00000000000001,0.0,0.0,0.0,4.363267749186927,0.9999999999999999,8.0,0.001748151942810916,6.45836224461797,404.788011072248,-143.39410908776148,300.0,-6.064603813078722e-14,-572.0326566076951,0.0,0.0,2.291509255755921e-13,2161.4241714921177,0.0,0.0
-6.361109362927383e-16,-36.00000000000001,0.0,0.0,0.0,4.363267749186997,0.9999999999999999,8.0,0.0017641177949629383,6.46012636241294,402.2542485937369,-146.94631307311826,300.0,-6.0097171336767e-14,-566.8555710142377,0.0,0.0,3.111281999350913e-13,2934.659810268866,0.0,0.0
-7.421294256748555e-16,-37.00000000000001,0.0,0.0,0.0,4.363267749186963,0.9999999999999999,8.0,0.0017805292533257244,6.46190689166626,399.6588775118233,-150.45375578801205,300.0,-5.954324489984803e-14,-561.6307612650401,0.0,0.0,3.1110212645162844e-13,2934.413876906893,0.0,0.0
-8.481479150569727e-16,-38.00000000000001,0.0,0.0,0.0,4.363267749186989,0.9999999999999999,8.0,0.001797407439922738,6.46370429910618,397.00268840168053,-153.91536883141455,300.0,-5.8984116248379e-14,-556.3568825790894,0.0,0.0,3.1107507349196135e-13,2934.1587048158076,0.0,0.0
-9.541664044390899e-16,-39.00000000000001,0.0,0.0,0.0,4.363267749186982,0.9999999999999999,8.0,0.0018147749056098283,6.46551907401179,394.28649036424275,-157.33009776245936,300.0,-5.841963598592299e-14,-551.0325258018345,0.0,0.0,3.110469847864152e-13,2933.8937632409015,0.0,0.0
-1.060184893821207e-15,-40.00000000000001,0.0,0.0,0.0,4.36326774918693,0.9999999999999999,8.0,0.001832655756803414,6.4673517297686,391.51111077974457,-160.6969024216348,300.0,-5.784964742480702e-14,-545.6562130054731,0.0,0.0,3.110177997149805e-13,2933.6184803954216,0.0,0.0
-1.1662033832033242e-15,-41.00000000000001,0.0,0.0,0.0,4.36326774918696,0.9999999999999999,8.0,0.0018510757962211244,6.46920280556482,388.67739505569307,-164.0147572476268,300.0,-5.72739860780139e-14,-540.2263926963166,0.0,0.0,3.109874527927533e-13,2933.332238604828,0.0,0.0
-1.2722218725854414e-15,-42.00000000000001,0.0,0.0,0.0,4.36326774918701,0.9999999999999999,8.0,0.001870062679507345,6.47107286824433,385.7862063693486,-167.28265158971453,300.0,-5.669247910452737e-14,-534.7414345831082,0.0,0.0,3.109558732222665e-13,2933.034370085284,0.0,0.0
-1.3782403619675586e-15,-43.00000000000001,0.0,0.0,0.0,4.363267749186954,0.9999999999999999,8.0,0.0018896460899040513,6.47296251433423,382.83842540479264,-170.4995900156246,300.0,-5.610494470289956e-14,-529.1996238569604,0.0,0.0,3.1092298434446016e-13,2932.7241517638777,0.0,0.0
-1.4842588513496757e-15,-44.00000000000001,0.0,0.0,0.0,4.363267749186996,0.9999999999999999,8.0,0.0019098579334803634,6.47487237226771,379.8349500846628,-173.66459261474932,300.0,-5.551119144706607e-14,-523.5991549265509,0.0,0.0,3.108887029893048e-13,2932.4007991548365,0.0,0.0
-1.5902773407317929e-15,-45.00000000000001,0.0,0.0,0.0,4.363267749186981,0.9999999999999999,8.0,0.0019307325578393209,6.47680310482555,376.7766952966369,-176.7766952966369,300.0,-5.491101755737373e-14,-517.9381245422265,0.0,0.0,3.1085293882646455e-13,2932.0634602335203,0.0,0.0
-1.69629583011391e-15,-46.00000000000001,0.0,0.0,0.0,4.363267749186962,0.9999999999999999,8.0,0.001952306997715092,6.47875541182326,373.6645926147493,-179.83495008466278,300.0,-5.430421009923302e-14,-512.214524237438,0.0,0.0,3.108155934752708e-13,2931.711207042514,0.0,0.0
-1.8023143194960274e-15,-47.00000000000001,0.0,0.0,0.0,4.363267749186914,0.9999999999999999,8.0,0.0019746212514594186,6.48073003307472,370.4995900156247,-182.8384254047926,300.0,-5.369054409992111e-14,-506.4262319981457,0.0,0.0,3.1077655973690767e-13,2931.3430284489245,0.0,0.0
-1.9083328088781446e-15,-48.00000000000001,0.0,0.0,0.0,4.363267749186994,0.9999999999999999,8.0,0.0019977185931117636,6.48272775166784,367.2826515897146,-185.78620636934855,300.0,-5.306978157367386e-14,-500.57100306718274,0.0,0.0,3.107357204301049e-13,2930.957819160106,0.0,0.0
-2.0143512982602618e-15,-49.00000000000001,0.0,0.0,0.0,4.363267749186972,0.9999999999999999,8.0,0.0020216459256006125,6.48474939759344,364.01475724762685,-188.67739505569298,300.0,-5.244167044267163e-14,-494.64645976664247,0.0,0.0,3.106929472902745e-13,2930.554369346428,0.0,0.0
-2.120369787642379e-15,-50.00000000000001,0.0,0.0,0.0,4.363267749187,0.9999999999999999,8.0,0.0020464541816368476,6.48679585177507,360.69690242163483,-191.5111107797445,300.0,-5.1805943340165324e-14,-488.6500802085921,0.0,0.0,3.106480996304823e-13,2930.1313520024723,0.0,0.0
-2.226388277024496e-15,-51.00000000000001,0.0,0.0,0.0,4.36326774918693,0.9999999999999999,8.0,0.0020721987801036734,6.48886805055518,357.3300977624594,-194.2864903642427,300.0,-5.1162316279724226e-14,-482.57918574299276,0.0,0.0,3.1060102274982074e-13,2929.6873079405696,0.0,0.0
-2.3324067664066133e-15,-52.00000000000001,0.0,0.0,0.0,4.363267749186938,0.9999999999999999,8.0,0.0020989401472576996,6.49096699070243,353.91536883141464,-197.00268840168047,300.0,-5.051048717165209e-14,-476.43092696406615,0.0,0.0,3.1055154618096725e-13,2929.220629258966,0.0,0.0
-2.4384252557887305e-15,-53.00000000000001,0.0,0.0,0.0,4.363267749187035,0.9999999999999999,8.0,0.002126744313906137,6.49309373501634,350.4537557880121,-199.65887751182322,300.0,-4.985013416464517e-14,-470.20226806828765,0.0,0.0,3.104994816203683e-13,2928.7295398187644,0.0,0.0
-2.5444437451708477e-15,-54.00000000000001,0.0,0.0,0.0,4.3632677491869,0.9999999999999999,8.0,0.0021556836020089065,6.49524941861835,346.94631307311835,-202.25424859373683,300.0,-4.918091378684577e-14,-463.889969320214,0.0,0.0,3.104446205258272e-13,2928.2120725839145,0.0,0.0
-2.650462234552965e-15,-55.00000000000001,0.0,0.0,0.0,4.363267749186957,0.9999999999999999,8.0,0.0021858374169727024,6.49743525603532,343.3941090877616,-204.7880110722479,300.0,-4.850245885577191e-14,-457.4905673382773,0.0,0.0,3.103867313304303e-13,2927.6660433419192,0.0,0.0
-2.756480723935082e-15,-56.00000000000001,0.0,0.0,0.0,4.363267749186982,0.9999999999999999,8.0,0.0022172931654244055,6.49965254920075,339.79822586768677,-207.2593931387604,300.0,-4.7814376120998775e-14,-451.00035285980914,0.0,0.0,3.10325556179427e-13,2927.0890199249766,0.0,0.0
-2.862499213317199e-15,-57.00000000000001,0.0,0.0,0.0,4.363267749186979,0.9999999999999999,8.0,0.002250147322644891,6.50190269652339,336.1597587537568,-209.667641986356,300.0,-4.7116243596664803e-14,-444.41534558039274,0.0,0.0,3.102608070627939e-13,2926.478285731242,0.0,0.0
-2.9685177026993163e-15,-58.00000000000001,0.0,0.0,0.0,4.36326774918695,0.9999999999999999,8.0,0.0022845066793935054,6.50418720320278,332.4798160583013,-212.01202403910648,300.0,-4.6407607532258624e-14,-437.73126558136465,0.0,0.0,3.101921613091145e-13,2925.8307972216508,0.0,0.0
-3.0745361920814335e-15,-59.00000000000001,0.0,0.0,0.0,4.363267749187006,0.9999999999999999,8.0,0.002320489804877368,6.50650769300766,328.7595187275136,-214.29182517552806,300.0,-4.568797895999702e-14,-430.9435007635895,0.0,0.0,3.1011925617992004e-13,2925.1431329319535,0.0,0.0
-3.1805546814635507e-15,-60.00000000000001,0.0,0.0,0.0,4.36326774918699,0.9999999999999999,8.0,0.002358228771598747,6.50886592177926,325.0,-216.50635094610965,300.0,-4.495682974398093e-14,-424.0470695818468,0.0,0.0,3.100416824786864e-13,2924.411433190858,0.0,0.0
-3.286573170845668e-15,-61.00000000000001,0.0,0.0,0.0,4.3632677491869485,0.9999999999999999,8.0,0.002397871199349144,6.51126379297861,321.2024050615843,-218.65492678484893,300.0,-4.4213588040461256e-14,-417.03657822461906,0.0,0.0,3.0995897682968215e-13,2923.6313272915263,0.0,0.0
-3.392591660227785e-15,-62.00000000000001,0.0,0.0,0.0,4.363267749187008,0.9999999999999999,8.0,0.0024395826905819207,6.51370337566919,317.36789069647267,-220.73689821473172,300.0,-4.3457633058066456e-14,-409.90617119089734,0.0,0.0,3.098706124261344e-13,2922.7978462255155,0.0,0.0
-3.4986101496099022e-15,-63.00000000000001,0.0,0.0,0.0,4.363267749186884,0.9999999999999999,8.0,0.0024835497489361646,6.51618692541813,313.49762493488674,-222.7516310470919,300.0,-4.268828898134211e-14,-402.6494739750803,0.0,0.0,3.09775987798901e-13,2921.9053167451616,0.0,0.0
-3.604628638992019e-15,-64.0,0.0,0.0,0.0,4.363267749186994,0.9999999999999999,8.0,0.0025299832984521653,6.51871690871658,309.5927866972694,-224.69851157479172,300.0,-4.1904817888318034e-14,-395.25952626321885,0.0,0.0,3.0967441306962574e-13,2920.947231700337,0.0,0.0
-3.7106471283741366e-15,-65.0,0.0,0.0,0.0,4.363267749186961,0.9999999999999999,8.0,0.0025791229553001616,6.52129603167188,305.6545654351749,-226.57694675916247,300.0,-4.110641145054799e-14,-387.7287036451745,0.0,0.0,3.0956509309854125e-13,2919.916091076091,0.0,0.0
-3.816665617756254e-15,-66.0,0.0,0.0,0.0,4.363267749186957,0.9999999999999999,8.0,0.0026312422499217836,6.5239272739218,301.6841607689501,-228.3863644106502,300.0,-4.029218114951672e-14,-380.04862533264003,0.0,0.0,3.094471066111142e-13,2918.8032051257496,0.0,0.0
-3.922684107138371e-15,-67.0,0.0,0.0,0.0,4.363267749186909,0.9999999999999999,8.0,0.0026866550600807004,6.52661392898188,297.68278212231854,-230.12621336311003,300.0,-3.946114667170449e-14,-372.21004469773794,0.0,0.0,3.0931938013185304e-13,2917.5984484837286,0.0,0.0
-4.028702596520488e-15,-68.0,0.0,0.0,0.0,4.363267749187055,0.9999999999999999,8.0,0.00274572360134806,6.52935965258323,293.65164835397803,-231.79596364169683,300.0,-3.8612222049612456e-14,-364.2027185507647,0.0,0.0,3.091806552105988e-13,2916.2899510502743,0.0,0.0
-4.134721085902605e-15,-69.0,0.0,0.0,0.0,4.363267749186954,0.9999999999999999,8.0,0.002808868441273815,6.5321685210245,289.5919873863251,-233.39510662430044,300.0,-3.774419898926767e-14,-356.01524987993486,0.0,0.0,3.090294467301957e-13,2914.863704729625,0.0,0.0
-4.2407395752847224e-15,-70.0,0.0,0.0,0.0,4.3632677491869165,0.9999999999999999,8.0,0.002876581172373327,6.53504510219688,285.5050358314173,-234.92315519647707,300.0,-3.685572665228925e-14,-347.6348971494206,0.0,0.0,3.088639894855985e-13,2913.303059548182,0.0,0.0
-4.3467580646668396e-15,-71.0,0.0,0.0,0.0,4.3632677491870036,0.9999999999999999,8.0,0.00294944062080843,6.53799454281769,281.3920386142892,-236.37964389982918,300.0,-3.5945286924630447e-14,-339.0473410262868,0.0,0.0,3.0868216882741297e-13,2911.5880694625303,0.0,0.0
-4.452776554048957e-15,-72.0,0.0,0.0,0.0,4.363267749186964,0.9999999999999999,8.0,0.0030281338192861273,6.54102267663697,277.2542485937369,-237.76412907378838,300.0,-3.501116387488546e-14,-330.2363963015589,0.0,0.0,3.084814296500061e-13,2909.694633906374,0.0,0.0
-4.558795043431074e-15,-73.0,0.0,0.0,0.0,4.363267749186978,0.9999999999999999,8.0,0.0031134834932628475,6.54413616013023,273.09292618068423,-239.07618899075885,300.0,-3.4051405639866843e-14,-321.18365238290704,0.0,0.0,3.082586553278519e-13,2907.5933558797533,0.0,0.0
-4.664813532813191e-15,-74.0,0.0,0.0,0.0,4.363267749186973,0.9999999999999999,8.0,0.0032064845951760845,6.54734264472541,268.90933895424985,-240.31542398457972,300.0,-3.3063776305557763e-14,-311.8680194205337,0.0,0.0,3.08010004412593e-13,2905.248001624014,0.0,0.0
-4.770832022195308e-15,-75.0,0.0,0.0,0.0,4.363267749186979,0.9999999999999999,8.0,0.00330835363268972,6.5506509983581,264.70476127563023,-241.4814565722671,300.0,-3.2045694370319745e-14,-302.2651478726417,0.0,0.0,3.0773068670118504e-13,2902.6133884255573,0.0,0.0
-4.8768505115774255e-15,-76.0,0.0,0.0,0.0,4.363267749186933,0.9999999999999999,8.0,0.0034205964492474705,6.55407159480735,260.480473899917,-242.57393156899911,300.0,-3.0994152907291785e-14,-292.34667545187426,0.0,0.0,3.074146508160241e-13,2899.6324377724654,0.0,0.0
-4.982869000959543e-15,-77.0,0.0,0.0,0.0,4.363267749187034,0.9999999999999999,8.0,0.0035451032155111584,6.55761669802286,256.23776358596626,-243.59251619630885,300.0,-2.990561429022615e-14,-282.0792341460255,0.0,0.0,3.070541394402474e-13,2896.231980193087,0.0,0.0
-5.08888749034166e-15,-78.0,0.0,0.0,0.0,4.363267749186919,0.9999999999999999,8.0,0.0036842845690708836,6.56130098259193,251.9779227044399,-244.53690018345142,300.0,-2.877586880018242e-14,-271.4231165515572,0.0,0.0,3.0663904181773597e-13,2892.3166478304684,0.0,0.0
-5.194905979723777e-15,-79.0,0.0,0.0,0.0,4.363267749186979,0.9999999999999999,8.0,0.0038412717894694137,6.5651422543814,247.70224884413625,-245.406795861916,300.0,-2.7599840675881118e-14,-260.33044647905126,0.0,0.0,3.061559266712791e-13,2887.759752620281,0.0,0.0
-5.300924469105894e-15,-80.0,0.0,0.0,0.0,4.363267749186957,0.9999999999999999,8.0,0.004020219975904293,6.5691624743573,243.41204441673264,-246.20193825305202,300.0,-2.637131550451285e-14,-248.74260761690377,0.0,0.0,3.055865546491463e-13,2882.3892552150623,0.0,0.0
-5.406942958488011e-15,-81.0,0.0,0.0,0.0,4.3632677491869725,0.9999999999999999,8.0,0.004226783421638236,6.57338925777894,239.10861626005777,-246.92208514878448,300.0,-2.5082545947202718e-14,-236.58652460891935,0.0,0.0,3.0490551058577996e-13,2875.9654317165728,0.0,0.0
-5.5129614478701285e-15,-82.0,0.0,0.0,0.0,4.363267749186937,0.9999999999999999,8.0,0.004468892292217752,6.57785815007116,234.79327524001644,-247.5670171853926,300.0,-2.372366180468134e-14,-223.7690986067093,0.0,0.0,3.0407627968295987e-13,2868.1438629727413,0.0,0.0
-5.618979937252246e-15,-83.0,0.0,0.0,0.0,4.363267749187002,0.9999999999999999,8.0,0.004758086233203618,6.58261623630436,230.46733585128692,-248.13653791033053,300.0,-2.2281750305886623e-14,-210.16853226023264,0.0,0.0,3.030444233508377e-13,2858.411066946913,0.0,0.0
-5.724998426634363e-15,-84.0,0.0,0.0,0.0,4.363267749186983,0.9999999999999999,8.0,0.0051119491263051375,6.58772818543067,226.1321158169134,-248.63047384206834,300.0,-2.0739347509655218e-14,-195.62010014032003,0.0,0.0,3.0172498945549713e-13,2845.965748181952,0.0,0.0
-5.83101691601648e-15,-85.0,0.0,0.0,0.0,4.363267749186987,0.9999999999999999,8.0,0.005558914137537951,6.59328709956821,221.78893568691456,-249.0486745229364,300.0,-1.9071798333095857e-14,-179.89124768941312,0.0,0.0,2.9997750195471697e-13,2829.4828921163285,0.0,0.0
-5.937035405398597e-15,-86.0,0.0,0.0,0.0,4.363267749186897,0.9999999999999999,8.0,0.0061487712642667725,6.59943587083247,217.4391184360314,-249.39101256495607,300.0,-1.7242223661536806e-14,-162.63411940714903,0.0,0.0,2.975512655986301e-13,2806.597861682227,0.0,0.0
-6.043053894780714e-15,-87.0,0.0,0.0,0.0,4.363267749186977,0.9999999999999999,8.0,0.006979168933259616,6.60641503976573,213.08398906073603,-249.65738368864348,300.0,-1.5190703992975344e-14,-143.28353555599386,0.0,0.0,2.9394899137414704e-13,2772.620069266232,0.0,0.0
-6.1490723841628315e-15,-88.0,0.0,0.0,0.0,4.363267749186982,0.9999999999999999,8.0,0.008278583739614931,6.61469362350535,208.7248741756253,-249.84770675477398,300.0,-1.2806355859492263e-14,-120.79360811617444,0.0,0.0,2.8801401404848725e-13,2716.639481726746,0.0,0.0
-6.255090873544949e-15,-89.0,0.0,0.0,0.0,4.363267749187041,0.9999999999999999,8.0,0.010788860380656795,6.625482483886,204.36310160932086,-249.96192378909785,300.0,-9.826662468651171e-15,-92.68819548289751,0.0,0.0,2.7618240348937686e-13,2605.039980280669,0.0,0.0
-6.361109362927066e-15,-90.0,0.0,0.0,0.0,4.363267749186897,0.9999999999999999,8.0,0.026046613053530843,6.65152909693954,200.00000000000006,-250.00000000000003,300.0,-4.070336867378024e-15,-38.39270764090507,0.0,0.0,2.2100092589553708e-13,2084.5507909379317,0.0,0.0
-6.361109362927066e-15,-90.0,0.0,0.0,0.0,4.363267749186897,0.9999999999999999,8.0,0.01,6.66152909693954,200.00000000000006,-250.00000000000003,300.0,0.0,0.0,0.0,0.0,0.0,0.0,0.0,0.0
-6.361109362927066e-15,-90.0,0.0,0.0,0.0,4.363267749186897,0.9999999999999999,8.0,1.03,7.69152909693954,200.00000000000006,-250.00000000000003,300.0,0.0,0.0,0.0,0.0,0.0,0.0,0.0,0.0
-6.255090873544949e-15,-89.0,0.0,0.0,0.0,4.363267749186897,1.0,9.0,0.0,7.69152909693954,204.36310160932086,-249.96192378909785,300.0,0.0,0.0,0.0,0.0,0.0,0.0,0.0,0.0
-6.1490723841628315e-15,-88.0,0.0,0.0,0.0,4.363267749187041,1.0,9.0,0.036835473434187735,7.72836457037372,208.7248741756253,-249.84770675477398,300.0,2.8781628006366034e-15,27.1477439209965,0.0,0.0,7.813562667462061e-14,737.0000000000024,0.0,0.0
-6.043053894780714e-15,-87.0,0.0,0.0,0.0,4.363267749186982,1.0,9.0,0.008278583739614868,7.73664315411334,213.08398906073603,-249.65738368864348,300.0,1.280635585949295e-14,120.79360811618092,0.0,0.0,1.199262261653281e-12,11311.821821294205,0.0,0.0
-5.937035405398597e-15,-86.0,0.0,0.0,0.0,4.363267749186977,1.0,9.0,0.00697916893325963,7.7436223230466,217.4391184360314,-249.39101256495607,300.0,1.5190703992975344e-14,143.28353555599386,0.0,0.0,3.4163783056169234e-13,3222.4363179741604,0.0,0.0
-5.83101691601648e-15,-85.0,0.0,0.0,0.0,4.363267749186897,1.0,9.0,0.006148771264266731,7.74977109431086,221.78893568691456,-249.0486745229364,300.0,1.7242223661536806e-14,162.63411940714903,0.0,0.0,3.336470947429397e-13,3147.065164646819,0.0,0.0
-5.724998426634363e-15,-84.0,0.0,0.0,0.0,4.363267749186987,1.0,9.0,0.005558914137537972,7.7553300084484,226.1321158169134,-248.63047384206834,300.0,1.9071798333095857e-14,179.89124768941312,0.0,0.0,3.291244704077058e-13,3104.4063382327463,0.0,0.0
-5.618979937252246e-15,-83.0,0.0,0.0,0.0,4.363267749186983,1.0,9.0,0.005111949126305151,7.76044195757471,230.46733585128692,-248.13653791033053,300.0,2.0739347509655218e-14,195.62010014032003,0.0,0.0,3.2620613690745047e-13,3076.879691538729,0.0,0.0
-5.5129614478701285e-15,-82.0,0.0,0.0,0.0,4.363267749187002,1.0,9.0,0.004758086233203576,7.76520004380791,234.79327524001644,-247.5670171853926,300.0,2.2281750305886623e-14,210.16853226023264,0.0,0.0,3.2416453183803307e-13,3057.622625329657,0.0,0.0
-5.406942958488011e-15,-81.0,0.0,0.0,0.0,4.363267749186937,1.0,9.0,0.004468892292217766,7.76966893610013,239.10861626005777,-246.92208514878448,300.0,2.372366180468134e-14,223.7690986067093,0.0,0.0,3.2265523635594286e-13,3043.386471891826,0.0,0.0
-5.300924469105894e-15,-80.0,0.0,0.0,0.0,4.3632677491869725,1.0,9.0,0.004226783421638194,7.77389571952177,243.41204441673264,-246.20193825305202,300.0,2.5082545947202718e-14,236.58652460891935,0.0,0.0,3.214936766253043e-13,3032.430272294872,0.0,0.0
-5.194905979723777e-15,-79.0,0.0,0.0,0.0,4.363267749186957,1.0,9.0,0.004020219975904335,7.77791593949767,247.70224884413625,-245.406795861916,300.0,2.637131550451285e-14,248.74260761690377,0.0,0.0,3.205719003026053e-13,3023.73578581358,0.0,0.0
-5.08888749034166e-15,-78.0,0.0,0.0,0.0,4.363267749186979,1.0,9.0,0.0038412717894694137,7.78175721128714,251.9779227044399,-244.53690018345142,300.0,2.7599840675881118e-14,260.33044647905126,0.0,0.0,3.198225063730539e-13,3016.667264710158,0.0,0.0
-4.982869000959543e-15,-77.0,0.0,0.0,0.0,4.363267749186919,1.0,9.0,0.003684284569070856,7.78544149585621,256.23776358596626,-243.59251619630885,300.0,2.877586880018242e-14,271.4231165515572,0.0,0.0,3.1920121865014146e-13,3010.80708195775,0.0,0.0
-4.8768505115774255e-15,-76.0,0.0,0.0,0.0,4.363267749187034,1.0,9.0,0.0035451032155111584,7.78898659907172,260.480473899917,-242.57393156899911,300.0,2.990561429022615e-14,282.0792341460255,0.0,0.0,3.186777426114622e-13,3005.8694900176056,0.0,0.0
-4.770832022195308e-15,-75.0,0.0,0.0,0.0,4.363267749186933,1.0,9.0,0.0034205964492474705,7.79240719552097,264.70476127563023,-241.4814565722671,300.0,3.0994152907291785e-14,292.34667545187426,0.0,0.0,3.1823064580011855e-13,3001.6523311621363,0.0,0.0
-4.664813532813191e-15,-74.0,0.0,0.0,0.0,4.363267749186979,1.0,9.0,0.003308353632689748,7.79571554915366,268.90933895424985,-240.31542398457972,300.0,3.2045694370319745e-14,302.2651478726417,0.0,0.0,3.1784433581636036e-13,2998.00853293399,0.0,0.0
-4.558795043431074e-15,-73.0,0.0,0.0,0.0,4.363267749186973,1.0,9.0,0.0032064845951760707,7.79892203374884,273.09292618068423,-239.07618899075885,300.0,3.3063776305557763e-14,311.8680194205337,0.0,0.0,3.17507196750505e-13,2994.828530390871,0.0,0.0
-4.452776554048957e-15,-72.0,0.0,0.0,0.0,4.363267749186978,1.0,9.0,0.0031134834932628613,7.8020355172421,277.2542485937369,-237.76412907378838,300.0,3.4051405639866843e-14,321.18365238290704,0.0,0.0,3.1721039679388944e-13,2992.02901911367,0.0,0.0
-4.3467580646668396e-15,-71.0,0.0,0.0,0.0,4.363267749186964,1.0,9.0,0.0030281338192861135,7.80506365106138,281.3920386142892,-236.37964389982918,300.0,3.50111638748906e-14,330.23639630160733,0.0,0.0,3.169471008550357e-13,2989.5455283528736,0.0,0.0
-4.2407395752847224e-15,-70.0,0.0,0.0,0.0,4.3632677491870036,1.0,9.0,0.0029494406208084023,7.80801309168219,285.5050358314173,-234.92315519647707,300.0,3.5945286924630447e-14,339.0473410262868,0.0,0.0,3.167119362056617e-13,2987.3273808321637,0.0,0.0
-4.134721085902605e-15,-69.0,0.0,0.0,0.0,4.3632677491869165,1.0,9.0,0.002876581172373327,7.81088967285457,289.5919873863251,-233.39510662430044,300.0,3.685572665228925e-14,347.6348971494206,0.0,0.0,3.165006210854136e-13,2985.3341896305037,0.0,0.0
-4.028702596520488e-15,-68.0,0.0,0.0,0.0,4.363267749186954,1.0,9.0,0.0028088684412738013,7.81369854129584,293.65164835397803,-231.79596364169683,300.0,3.774419898926767e-14,356.01524987993486,0.0,0.0,3.1630970106078196e-13,2983.533371436019,0.0,0.0
-3.922684107138371e-15,-67.0,0.0,0.0,0.0,4.363267749187055,1.0,9.0,0.002745723601348088,7.81644426489719,297.68278212231854,-230.12621336311003,300.0,3.8612222049612456e-14,364.2027185507647,0.0,0.0,3.161363583423265e-13,2981.8983479654453,0.0,0.0
-3.816665617756254e-15,-66.0,0.0,0.0,0.0,4.363267749186909,1.0,9.0,0.0026866550600807143,7.81913091995727,301.6841607689501,-228.3863644106502,300.0,3.946114667170449e-14,372.21004469773794,0.0,0.0,3.159782715338858e-13,2980.407223074276,0.0,0.0
-3.7106471283741366e-15,-65.0,0.0,0.0,0.0,4.363267749186957,1.0,9.0,0.0026312422499217836,7.82176216220719,305.6545654351749,-226.57694675916247,300.0,4.029218114951672e-14,380.04862533264003,0.0,0.0,3.1583351089656797e-13,2979.041794853591,0.0,0.0
-3.604628638992019e-15,-64.0,0.0,0.0,0.0,4.363267749186961,1.0,9.0,0.002579122955300134,7.82434128516249,309.5927866972694,-224.69851157479172,300.0,4.110641145054799e-14,387.7287036451745,0.0,0.0,3.157004590874729e-13,2977.786808012412,0.0,0.0
-3.498610149609902e-15,-63.0,0.0,0.0,0.0,4.363267749186994,1.0,9.0,0.002529983298452193,7.82687126846094,313.49762493488674,-222.7516310470919,300.0,4.1904817888318185e-14,395.2595262632217,0.0,0.0,3.1557775035855424e-13,2976.629380381684,0.0,0.0
-3.3925916602277842e-15,-62.0,0.0,0.0,0.0,4.363267749186997,1.0,9.0,0.0024835497489361646,7.82935481820988,317.3678906964728,-220.7368982147317,300.0,4.268828898134227e-14,402.6494739750803,0.0,0.0,3.154642234808289e-13,2975.5585588832178,0.0,0.0
-3.2865731708456667e-15,-61.0,0.0,0.0,0.0,4.363267749186957,1.0,9.0,0.002439582690581893,7.83179440090046,321.20240506158433,-218.6549267848489,300.0,4.3457633058066614e-14,409.90617119089734,0.0,0.0,3.1535888481847195e-13,2974.5649712272084,0.0,0.0
-3.180554681463549e-15,-60.0,0.0,0.0,0.0,4.3632677491869485,1.0,9.0,0.002397871199349144,7.83419227209981,325.00000000000006,-216.50635094610962,300.0,4.421358804046142e-14,417.03657822461906,0.0,0.0,3.1526087914978193e-13,2973.6405506920637,0.0,0.0
-3.0745361920814315e-15,-59.0,0.0,0.0,0.0,4.36326774918699,1.0,9.0,0.002358228771598747,7.83655050087141,328.75951872751364,-214.29182517552803,300.0,4.4956829743981095e-14,424.0470695818468,0.0,0.0,3.151694663685381e-13,2972.778316361291,0.0,0.0
-2.968517702699314e-15,-58.0,0.0,0.0,0.0,4.363267749186943,1.0,9.0,0.002320489804877368,7.83887099067629,332.4798160583013,-212.01202403910648,300.0,4.568797895999719e-14,430.9435007635895,0.0,0.0,3.1508400273052915e-13,2971.972196235371,0.0,0.0
-2.8624992133171964e-15,-57.0,0.0,0.0,0.0,4.363267749187013,1.0,9.0,0.0022845066793935054,7.84115549735568,336.1597587537569,-209.66764198635596,300.0,4.6407607532258794e-14,437.73126558136465,0.0,0.0,3.150039256845831e-13,2971.21688415338,0.0,0.0
-2.756480723935079e-15,-56.0,0.0,0.0,0.0,4.363267749186916,1.0,9.0,0.0022501473226449187,7.84340564467832,339.79822586768677,-207.2593931387604,300.0,4.7116243596664974e-14,444.41534558039274,0.0,0.0,3.1492874145380184e-13,2970.507722655058,0.0,0.0
-2.6504622345529613e-15,-55.0,0.0,0.0,0.0,4.363267749186982,1.0,9.0,0.0022172931654244055,7.84562293784375,343.3941090877616,-204.7880110722479,300.0,4.781437612099895e-14,451.00035285980914,0.0,0.0,3.1485801481753334e-13,2969.8406066012094,0.0,0.0
-2.5444437451708437e-15,-54.0,0.0,0.0,0.0,4.363267749186957,1.0,9.0,0.0021858374169727024,7.84780877526072,346.94631307311835,-202.25424859373683,300.0,4.8502458855772094e-14,457.4905673382773,0.0,0.0,3.1479136070703846e-13,2969.2119039014938,0.0,0.0
-2.438425255788726e-15,-53.0,0.0,0.0,0.0,4.363267749187008,1.0,9.0,0.0021556836020088788,7.84996445886273,350.4537557880122,-199.6588775118232,300.0,4.918091378684595e-14,463.889969320214,0.0,0.0,3.147284371609991e-13,2968.6183890683346,0.0,0.0
-2.3324067664066086e-15,-52.0,0.0,0.0,0.0,4.363267749186927,1.0,9.0,0.002126744313906165,7.85209120317664,353.91536883141464,-197.00268840168047,300.0,4.9850134164645354e-14,470.20226806828765,0.0,0.0,3.1466893947879576e-13,2968.057188068847,0.0,0.0
-2.226388277024491e-15,-51.0,0.0,0.0,0.0,4.363267749187001,1.0,9.0,0.002098940147257672,7.85419014332389,357.33009776245945,-194.28649036424267,300.0,5.0510487171652275e-14,476.43092696406615,0.0,0.0,3.14612595251816e-13,2967.5257314587247,0.0,0.0
-2.1203697876423734e-15,-50.0,0.0,0.0,0.0,4.36326774918693,1.0,9.0,0.002072198780103701,7.856262342104,360.6969024216349,-191.51111077974448,300.0,5.1162316279724416e-14,482.57918574299276,0.0,0.0,3.1455916021703467e-13,2967.021715271614,0.0,0.0
-2.014351298260256e-15,-49.0,0.0,0.0,0.0,4.363267749186938,1.0,9.0,0.00204645418163682,7.85830879628563,364.01475724762685,-188.67739505569298,300.0,5.180594334016552e-14,488.6500802085921,0.0,0.0,3.1450841470896566e-13,2966.543067553014,0.0,0.0
-1.9083328088781383e-15,-48.0,0.0,0.0,0.0,4.36326774918701,1.0,9.0,0.0020216459256006403,7.86033044221123,367.2826515897146,-185.7862063693485,300.0,5.2441670442671825e-14,494.64645976664247,0.0,0.0,3.144601606324497e-13,2966.087919806677,0.0,0.0
-1.8023143194960207e-15,-47.0,0.0,0.0,0.0,4.363267749186956,1.0,9.0,0.0019977185931117636,7.86232816080435,370.4995900156247,-182.8384254047926,300.0,5.3069781573674055e-14,500.57100306718274,0.0,0.0,3.1441421888344854e-13,2965.654582666405,0.0,0.0
-1.6962958301139034e-15,-46.0,0.0,0.0,0.0,4.363267749187016,1.0,9.0,0.0019746212514594186,7.86430278205581,373.66459261474944,-179.83495008466275,300.0,5.369054409992111e-14,506.4262319981457,0.0,0.0,3.1437042713294634e-13,2965.241524994091,0.0,0.0
-1.590277340731786e-15,-45.0,0.0,0.0,0.0,4.363267749186921,1.0,9.0,0.0019523069977151197,7.86625508905352,376.77669529663694,-176.77669529663686,300.0,5.430421009923312e-14,512.214524237438,0.0,0.0,3.1432863787829413e-13,2964.8473554963766,0.0,0.0
-1.4842588513496686e-15,-44.0,0.0,0.0,0.0,4.363267749186981,1.0,9.0,0.0019307325578392376,7.86818582161136,379.83495008466286,-173.6645926147493,300.0,5.4911017557386456e-14,517.9381245423457,0.0,0.0,3.142887168342457e-13,2964.47080755388,0.0,0.0
-1.3782403619675513e-15,-43.0,0.0,0.0,0.0,4.363267749186996,1.0,9.0,0.0019098579334804189,7.87009567954484,382.8384254047927,-170.49959001562456,300.0,5.551119144706617e-14,523.5991549265509,0.0,0.0,3.1425054144527903e-13,2964.1107251833805,0.0,0.0
-1.2722218725854339e-15,-42.0,0.0,0.0,0.0,4.363267749186915,1.0,9.0,0.0018896460899040235,7.87198532563474,385.7862063693486,-167.2826515897145,300.0,5.610494470289967e-14,529.1996238569604,0.0,0.0,3.142139996509331e-13,2963.7660513953188,0.0,0.0
-1.1662033832033165e-15,-41.0,0.0,0.0,0.0,4.363267749187031,1.0,9.0,0.0018700626795072894,7.87385538831425,388.67739505569307,-164.01475724762673,300.0,5.6692479104527476e-14,534.7414345831082,0.0,0.0,3.1417898879338196e-13,2963.4358178883244,0.0,0.0
-1.0601848938211991e-15,-40.0,0.0,0.0,0.0,4.36326774918696,1.0,9.0,0.0018510757962212077,7.87570646411047,391.51111077974457,-160.69690242163475,300.0,5.727398607801401e-14,540.2263926963166,0.0,0.0,3.1414541461438205e-13,2963.119135588934,0.0,0.0
-9.541664044390818e-16,-39.0,0.0,0.0,0.0,4.36326774918693,1.0,9.0,0.0018326557568033863,7.87753911986728,394.28649036424275,-157.3300977624593,300.0,5.784964742480713e-14,545.6562130054731,0.0,0.0,3.14113190464767e-13,2962.815187194557,0.0,0.0
-8.481479150569644e-16,-38.0,0.0,0.0,0.0,4.363267749187018,1.0,9.0,0.0018147749056098283,7.87935389477289,397.0026884016806,-153.9153688314145,300.0,5.841963598592311e-14,551.0325258018345,0.0,0.0,3.1408223650988787e-13,2962.52321967974,0.0,0.0
-7.42129425674847e-16,-37.0,0.0,0.0,0.0,4.3632677491869325,1.0,9.0,0.0017974074399227102,7.88115130221281,399.6588775118233,-150.45375578801202,300.0,5.898411624839369e-14,556.3568825792269,0.0,0.0,3.1405247910563774e-13,2962.242538409604,0.0,0.0
-6.361109362927297e-16,-36.0,0.0,0.0,0.0,4.363267749186963,1.0,9.0,0.0017805292533258077,7.88293183146613,402.2542485937369,-146.94631307311823,300.0,5.954324489984814e-14,561.6307612650401,0.0,0.0,3.140238501614607e-13,2961.9725011327378,0.0,0.0
-5.300924469106123e-16,-35.0,0.0,0.0,0.0,4.363267749186997,1.0,9.0,0.0017641177949628828,7.8846959492611,404.788011072248,-143.39410908776145,300.0,6.009717133676704e-14,566.8555710142377,0.0,0.0,3.139962866995452e-13,2961.7125138222045,0.0,0.0
-4.240739575284949e-16,-34.0,0.0,0.0,0.0,4.363267749186903,1.0,9.0,0.0017481519428109438,7.88644410120391,407.25939313876046,-139.79822586768668,300.0,6.064603813078731e-14,572.0326566076951,0.0,0.0,3.1396973030716215e-13,2961.4620255108493,0.0,0.0
-3.1805546814637755e-16,-33.0,0.0,0.0,0.0,4.363267749187002,1.0,9.0,0.0017366804936531643,7.88818078169756,409.66764198635605,-136.1597587537567,300.0,6.104662876652919e-14,575.8111544723274,0.0,0.0,2.306645564373345e-13,2175.7012176051485,0.0,0.0
-2.1203697876426016e-16,-32.0,0.0,0.0,0.0,4.363267749186959,1.0,9.0,0.001736111111111105,7.88991689280867,412.0120240391065,-132.47981605830117,300.0,6.106664988409789e-14,575.9999999999836,0.0,0.0,1.1532163719569734e-14,108.77502392997539,0.0,0.0
-1.0601848938214276e-16,-31.0,0.0,0.0,0.0,4.363267749186973,1.0,9.0,0.001736111111111105,7.89165300391978,414.2918251755281,-128.7595187275135,300.0,6.106664988409789e-14,575.9999999999836,0.0,0.0,0.0,0.0,0.0,0.0
-2.536680848351316e-29,-30.0,0.0,0.0,0.0,4.363267749187006,1.0,9.0,0.001736111111111105,7.89338911503089,416.50635094610976,-124.99999999999993,300.0,6.106664988409789e-14,575.9999999999836,0.0,0.0,0.0,0.0,0.0,0.0
1.0601848938209203e-16,-29.0,0.0,0.0,0.0,4.363267749186934,1.0,9.0,0.0017361111111111327,7.895125226142,418.654926784849,-121.2024050615842,300.0,6.106664988409789e-14,575.9999999999836,0.0,0.0,0.0,0.0,0.0,0.0
2.1203697876420942e-16,-28.0,0.0,0.0,0.0,4.363267749186943,1.0,9.0,0.001736111111111105,7.89686133725312,420.73689821473175,-117.36789069647264,300.0,6.106664988409789e-14,575.9999999999836,0.0,0.0,0.0,0.0,0.0,0.0
3.180554681463268e-16,-27.0,0.0,0.0,0.0,4.3632677491869725,1.0,9.0,0.001736111111111105,7.89859744836423,422.75163104709196,-113.49762493488663,300.0,6.106664988409789e-14,575.9999999999836,0.0,0.0,0.0,0.0,0.0,0.0
4.2407395752844424e-16,-26.0,0.0,0.0,0.0,4.363267749186956,1.0,9.0,0.001736111111111105,7.90033355947534,424.6985115747917,-109.59278669726929,300.0,6.10666498840979e-14,575.9999999999836,0.0,0.0,7.270142102516638e-27,0.0,0.0,0.0
5.300924469105616e-16,-25.0,0.0,0.0,0.0,4.363267749186985,1.0,9.0,0.0017361111111111327,7.90206967058645,426.5769467591625,-105.6545654351748,300.0,6.106664988409786e-14,575.9999999999836,0.0,0.0,-2.1810426307549915e-26,0.0,0.0,0.0
6.36110936292679e-16,-24.0,0.0,0.0,0.0,4.363267749186971,1.0,9.0,0.001736111111111105,7.90380578169756,428.38636441065023,-101.68416076894998,300.0,6.106664988409786e-14,575.9999999999836,0.0,0.0,0.0,0.0,0.0,0.0
7.421294256747963e-16,-23.0,0.0,0.0,0.0,4.36326774918696,1.0,9.0,0.001736111111111105,7.90554189280867,430.1262133631101,-97.68278212231837,300.0,6.106664988409786e-14,575.9999999999836,0.0,0.0,0.0,0.0,0.0,0.0
8.481479150569137e-16,-22.0,0.0,0.0,0.0,4.363267749186965,1.0,9.0,0.001736111111111105,7.90727800391978,431.79596364169686,-93.65164835397795,300.0,6.106664988409786e-14,575.9999999999836,0.0,0.0,0.0,0.0,0.0,0.0
9.54166404439031e-16,-21.0,0.0,0.0,0.0,4.363267749186947,1.0,9.0,0.001736111111111105,7.90901411503089,433.3951066243004,-89.59198738632502,300.0,6.106664988409786e-14,575.9999999999836,0.0,0.0,0.0,0.0,0.0,0.0
1.0601848938211485e-15,-20.0,0.0,0.0,0.0,4.36326774918698,1.0,9.0,0.0017361111111111327,7.91075022614201,434.92315519647707,-85.50503583141712,300.0,6.106664988409786e-14,575.9999999999836,0.0,0.0,0.0,0.0,0.0,0.0
1.1662033832032658e-15,-19.0,0.0,0.0,0.0,4.3632677491869725,1.0,9.0,0.001736111111111105,7.91248633725312,436.3796438998292,-81.3920386142891,300.0,6.106664988409786e-14,575.9999999999836,0.0,0.0,0.0,0.0,0.0,0.0
1.2722218725853832e-15,-18.0,0.0,0.0,0.0,4.363267749186959,1.0,9.0,0.001736111111111105,7.91422244836423,437.76412907378835,-77.25424859373679,300.0,6.106664988409786e-14,575.9999999999836,0.0,0.0,0.0,0.0,0.0,0.0
1.3782403619675006e-15,-17.0,0.0,0.0,0.0,4.363267749186959,1.0,9.0,0.001736111111111105,7.91595855947534,439.07618899075885,-73.09292618068413,300.0,6.106664988409786e-14,575.9999999999836,0.0,0.0,0.0,0.0,0.0,0.0
1.484258851349618e-15,-16.0,0.0,0.0,0.0,4.363267749186995,1.0,9.0,0.0017361111111111327,7.91769467058645,440.31542398457975,-68.90933895424973,300.0,6.106664988409786e-14,575.9999999999836,0.0,0.0,0.0,0.0,0.0,0.0
1.5902773407317353e-15,-15.0,0.0,0.0,0.0,4.363267749186965,1.0,9.0,0.001736111111111105,7.91943078169756,441.4814565722671,-64.70476127563013,300.0,6.106664988409786e-14,575.9999999999836,0.0,0.0,0.0,0.0,0.0,0.0
1.6962958301138527e-15,-14.0,0.0,0.0,0.0,4.363267749186968,1.0,9.0,0.001736111111111105,7.92116689280867,442.5739315689991,-60.48047389991686,300.0,6.106664988409786e-14,575.9999999999836,0.0,0.0,0.0,0.0,0.0,0.0
1.8023143194959702e-15,-13.0,0.0,0.0,0.0,4.363267749186965,1.0,9.0,0.001736111111111105,7.92290300391978,443.5925161963088,-56.23776358596618,300.0,6.106664988409798e-14,575.9999999999836,0.0,0.0,6.543127892264974e-26,0.0,0.0,0.0
1.908332808878088e-15,-12.0,0.0,0.0,0.0,4.363267749186973,1.0,9.0,0.001736111111111105,7.9246391150309,444.5369001834514,-51.977922704439756,300.0,6.106664988409798e-14,575.9999999999836,0.0,0.0,0.0,0.0,0.0,0.0
2.0143512982602054e-15,-11.0,0.0,0.0,0.0,4.363267749186959,1.0,9.0,0.0017361111111111327,7.92637522614201,445.40679586191595,-47.70224884413613,300.0,6.106664988409798e-14,575.9999999999836,0.0,0.0,0.0,0.0,0.0,0.0
2.120369787642323e-15,-10.0,0.0,0.0,0.0,4.36326774918697,1.0,9.0,0.001736111111111105,7.92811133725312,446.201938253052,-43.41204441673251,300.0,6.106664988409798e-14,575.9999999999836,0.0,0.0,0.0,0.0,0.0,0.0
2.2263882770244405e-15,-9.0,0.0,0.0,0.0,4.3632677491869725,1.0,9.0,0.001736111111111105,7.92984744836423,446.92208514878445,-39.108616260057644,300.0,6.106664988409798e-14,575.9999999999836,0.0,0.0,0.0,0.0,0.0,0.0
2.332406766406558e-15,-8.0,0.0,0.0,0.0,4.363267749186973,1.0,9.0,0.001736111111111105,7.93158355947534,447.5670171853926,-34.793275240016285,300.0,6.106664988409798e-14,575.9999999999836,0.0,0.0,0.0,0.0,0.0,0.0
2.4384252557886757e-15,-7.0,0.0,0.0,0.0,4.363267749186963,1.0,9.0,0.0017361111111111327,7.93331967058645,448.1365379103305,-30.467335851286794,300.0,6.106664988409798e-14,575.9999999999836,0.0,0.0,0.0,0.0,0.0,0.0
2.5444437451707932e-15,-6.0,0.0,0.0,0.0,4.363267749186969,1.0,9.0,0.001736111111111105,7.93505578169756,448.63047384206834,-26.13211581691329,300.0,6.106664988409798e-14,575.9999999999836,0.0,0.0,0.0,0.0,0.0,0.0
2.6504622345529108e-15,-5.0,0.0,0.0,0.0,4.36326774918697,1.0,9.0,0.001736111111111105,7.93679189280867,449.0486745229364,-21.788935686914463,300.0,6.106664988409798e-14,575.9999999999836,0.0,0.0,0.0,0.0,0.0,0.0
2.7564807239350284e-15,-4.0,0.0,0.0,0.0,4.363267749186968,1.0,9.0,0.001736111111111105,7.93852800391978,449.39101256495604,-17.439118436031244,300.0,6.106664988409798e-14,575.9999999999836,0.0,0.0,0.0,0.0,0.0,0.0
2.862499213317146e-15,-3.0,0.0,0.0,0.0,4.363267749186968,1.0,9.0,0.001736111111111105,7.9402641150309,449.65738368864345,-13.083989060735876,300.0,6.106664988409798e-14,575.9999999999836,0.0,0.0,0.0,0.0,0.0,0.0
2.9685177026992635e-15,-2.0,0.0,0.0,0.0,4.363267749186971,1.0,9.0,0.001736111111111105,7.94200022614201,449.847706754774,-8.72487417562516,300.0,6.106664988409798e-14,575.9999999999836,0.0,0.0,0.0,0.0,0.0,0.0
3.074536192081381e-15,-1.0,0.0,0.0,0.0,4.363267749186965,1.0,9.0,0.001736111111111105,7.94373633725312,449.9619237890978,-4.363101609320796,300.0,6.106664988409798e-14,575.9999999999836,0.0,0.0,0.0,0.0,0.0,0.0
3.1805546814634986e-15,0.0,0.0,0.0,0.0,4.363267749186969,1.0,9.0,0.0017361111111111605,7.94547244836423,450.0,8.376306441313884e-14,300.0,6.106664988409798e-14,575.9999999999836,0.0,0.0,0.0,0.0,0.0,0.0
3.286573170845616e-15,1.0,0.0,0.0,0.0,4.363267749186969,1.0,9.0,0.001736111111111105,7.94720855947534,449.9619237890978,4.363101609320963,300.0,6.106664988409798e-14,575.9999999999836,0.0,0.0,0.0,0.0,0.0,0.0
3.3925916602277338e-15,2.0,0.0,0.0,0.0,4.363267749186967,1.0,9.0,0.001736111111111105,7.94894467058645,449.847706754774,8.72487417562533,300.0,6.106664988409798e-14,575.9999999999836,0.0,0.0,0.0,0.0,0.0,0.0
3.4986101496098513e-15,3.0,0.0,0.0,0.0,4.363267749186969,1.0,9.0,0.001736111111111105,7.95068078169756,449.65738368864345,13.083989060736043,300.0,6.106664988409798e-14,575.9999999999836,0.0,0.0,0.0,0.0,0.0,0.0
3.604628638991969e-15,4.0,0.0,0.0,0.0,4.363267749186976,1.0,9.0,0.001736111111111105,7.95241689280867,449.39101256495604,17.439118436031418,300.0,6.106664988409798e-14,575.9999999999836,0.0,0.0,0.0,0.0,0.0,0.0
3.710647128374086e-15,5.0,0.0,0.0,0.0,4.363267749186961,1.0,9.0,0.001736111111111105,7.95415300391979,449.0486745229364,21.78893568691463,300.0,6.106664988409775e-14,575.9999999999836,0.0,0.0,-1.3086255784529949e-25,0.0,0.0,0.0
3.816665617756203e-15,6.0,0.0,0.0,0.0,4.363267749186963,1.0,9.0,0.001736111111111105,7.9558891150309,448.63047384206834,26.13211581691345,300.0,6.106664988409775e-14,575.9999999999836,0.0,0.0,0.0,0.0,0.0,0.0
3.9226841071383204e-15,7.0,0.0,0.0,0.0,4.3632677491869725,1.0,9.0,0.001736111111111105,7.95762522614201,448.1365379103305,30.467335851286958,300.0,6.106664988409775e-14,575.9999999999836,0.0,0.0,0.0,0.0,0.0,0.0
4.0287025965204376e-15,8.0,0.0,0.0,0.0,4.363267749186963,1.0,9.0,0.001736111111111105,7.95936133725312,447.5670171853926,34.79327524001645,300.0,6.106664988409775e-14,575.9999999999836,0.0,0.0,0.0,0.0,0.0,0.0
4.134721085902555e-15,9.0,0.0,0.0,0.0,4.363267749186973,1.0,9.0,0.0017361111111111605,7.96109744836423,446.92208514878445,39.10861626005781,300.0,6.106664988409775e-14,575.9999999999836,0.0,0.0,0.0,0.0,0.0,0.0
4.240739575284672e-15,10.0,0.0,0.0,0.0,4.3632677491869725,1.0,9.0,0.001736111111111105,7.96283355947534,446.201938253052,43.41204441673268,300.0,6.106664988409775e-14,575.9999999999836,0.0,0.0,0.0,0.0,0.0,0.0
4.346758064666789e-15,11.0,0.0,0.0,0.0,4.36326774918697,1.0,9.0,0.001736111111111105,7.96456967058645,445.40679586191595,47.70224884413629,300.0,6.106664988409775e-14,575.9999999999836,0.0,0.0,0.0,0.0,0.0,0.0
4.452776554048906e-15,12.0,0.0,0.0,0.0,4.363267749186959,1.0,9.0,0.001736111111111105,7.96630578169756,444.5369001834514,51.97792270443992,300.0,6.106664988409775e-14,575.9999999999836,0.0,0.0,0.0,0.0,0.0,0.0
4.5587950434310235e-15,13.0,0.0,0.0,0.0,4.363267749186973,1.0,9.0,0.001736111111111105,7.96804189280867,443.5925161963088,56.23776358596634,300.0,6.106664988409775e-14,575.9999999999836,0.0,0.0,0.0,0.0,0.0,0.0
4.664813532813141e-15,14.0,0.0,0.0,0.0,4.363267749186965,1.0,9.0,0.001736111111111105,7.96977800391979,442.5739315689991,60.48047389991702,300.0,6.106664988409775e-14,575.9999999999836,0.0,0.0,0.0,0.0,0.0,0.0
4.770832022195258e-15,15.0,0.0,0.0,0.0,4.363267749186948,1.0,9.0,0.001736111111111105,7.9715141150309,441.4814565722671,64.70476127563028,300.0,6.106664988409775e-14,575.9999999999836,0.0,0.0,0.0,0.0,0.0,0.0
4.876850511577375e-15,16.0,0.0,0.0,0.0,4.363267749186965,1.0,9.0,0.001736111111111105,7.97325022614201,440.31542398457975,68.90933895424988,300.0,6.106664988409775e-14,575.9999999999836,0.0,0.0,0.0,0.0,0.0,0.0
4.982869000959492e-15,17.0,0.0,0.0,0.0,4.363267749186995,1.0,9.0,0.001736111111111105,7.97498633725312,439.07618899075885,73.09292618068427,300.0,6.106664988409775e-14,575.9999999999836,0.0,0.0,0.0,0.0,0.0,0.0
5.088887490341609e-15,18.0,0.0,0.0,0.0,4.3632677491869725,1.0,9.0,0.0017361111111111605,7.97672244836423,437.76412907378835,77.25424859373695,300.0,6.106664988409775e-14,575.9999999999836,0.0,0.0,0.0,0.0,0.0,0.0
5.1949059797237265e-15,19.0,0.0,0.0,0.0,4.363267749186959,1.0,9.0,0.001736111111111105,7.97845855947534,436.3796438998292,81.39203861428926,300.0,6.106664988409775e-14,575.9999999999836,0.0,0.0,0.0,0.0,0.0,0.0
5.300924469105844e-15,20.0,0.0,0.0,0.0,4.3632677491869725,1.0,9.0,0.001736111111111105,7.98019467058645,434.92315519647707,85.50503583141727,300.0,6.106664988409775e-14,575.9999999999836,0.0,0.0,0.0,0.0,0.0,0.0
5.406942958487961e-15,21.0,0.0,0.0,0.0,4.36326774918698,1.0,9.0,0.001736111111111105,7.98193078169756,433.3951066243004,89.59198738632517,300.0,6.106664988409775e-14,575.9999999999836,0.0,0.0,0.0,0.0,0.0,0.0
5.512961447870078e-15,22.0,0.0,0.0,0.0,4.363267749186947,1.0,9.0,0.001736111111111105,7.98366689280867,431.79596364169686,93.6516483539781,300.0,6.106664988409775e-14,575.9999999999836,0.0,0.0,0.0,0.0,0.0,0.0
5.618979937252195e-15,23.0,0.0,0.0,0.0,4.363267749186965,1.0,9.0,0.001736111111111105,7.98540300391979,430.1262133631101,97.68278212231853,300.0,6.106664988409775e-14,575.9999999999836,0.0,0.0,0.0,0.0,0.0,0.0
5.724998426634312e-15,24.0,0.0,0.0,0.0,4.36326774918696,1.0,9.0,0.001736111111111105,7.9871391150309,428.38636441065023,101.68416076895014,300.0,6.106664988409775e-14,575.9999999999836,0.0,0.0,0.0,0.0,0.0,0.0
5.8310169160164295e-15,25.0,0.0,0.0,0.0,4.363267749186971,1.0,9.0,0.001736111111111105,7.98887522614201,426.5769467591625,105.65456543517496,300.0,6.106664988409775e-14,575.9999999999836,0.0,0.0,0.0,0.0,0.0,0.0
5.937035405398547e-15,26.0,0.0,0.0,0.0,4.363267749186985,1.0,9.0,0.001736111111111105,7.99061133725312,424.6985115747917,109.59278669726945,300.0,6.106664988409775e-14,575.9999999999836,0.0,0.0,0.0,0.0,0.0,0.0
6.043053894780664e-15,27.0,0.0,0.0,0.0,4.363267749186956,1.0,9.0,0.0017361111111111605,7.99234744836423,422.75163104709196,113.49762493488679,300.0,6.106664988409775e-14,575.9999999999836,0.0,0.0,0.0,0.0,0.0,0.0
6.149072384162781e-15,28.0,0.0,0.0,0.0,4.363267749186985,1.0,9.0,0.001736111111111105,7.99408355947534,420.73689821473175,117.36789069647281,300.0,6.106664988409775e-14,575.9999999999836,0.0,0.0,0.0,0.0,0.0,0.0
6.255090873544898e-15,29.0,0.0,0.0,0.0,4.363267749186997,1.0,9.0,0.001736111111111105,7.99581967058645,418.6549267848489,121.20240506158437,300.0,6.106664988409775e-14,575.9999999999836,0.0,0.0,0.0,0.0,0.0,0.0
6.361109362927015e-15,30.0,0.0,0.0,0.0,4.363267749186922,1.0,9.0,0.001736111111111105,7.99755578169756,416.50635094610965,125.00000000000009,300.0,6.106664988409775e-14,575.9999999999836,0.0,0.0,0.0,0.0,0.0,0.0
6.4671278523091326e-15,31.0,0.0,0.0,0.0,4.363267749187019,1.0,9.0,0.001736111111111105,7.99929189280867,414.291825175528,128.75951872751367,300.0,6.106664988409775e-14,575.9999999999836,0.0,0.0,0.0,0.0,0.0,0.0
6.57314634169125e-15,32.0,0.0,0.0,0.0,4.363267749186973,1.0,9.0,0.001736111111111105,8.00102800391979,412.0120240391064,132.47981605830134,300.0,6.106664988409775e-14,575.9999999999836,0.0,0.0,0.0,0.0,0.0,0.0
6.679164831073367e-15,33.0,0.0,0.0,0.0,4.363267749186959,1.0,9.0,0.001736111111111105,8.0027641150309,409.66764198635593,136.15975875375688,300.0,6.106664988409775e-14,575.9999999999836,0.0,0.0,0.0,0.0,0.0,0.0
6.785183320455484e-15,34.0,0.0,0.0,0.0,4.363267749187002,1.0,9.0,0.0017366804936531643,8.00450079552455,407.25939313876034,139.79822586768685,300.0,6.104662876652908e-14,575.8111544723274,0.0,0.0,-1.1528382821043671e-14,-108.73936129665964,0.0,0.0
6.891201809837601e-15,35.0,0.0,0.0,0.0,4.363267749186935,1.0,9.0,0.001748151942810916,8.00624894746736,404.78801107224785,143.39410908776162,300.0,6.06460381307872e-14,572.0326566076951,0.0,0.0,-2.291509255755921e-13,-2161.4241714921177,0.0,0.0
6.9972202992197184e-15,36.0,0.0,0.0,0.0,4.3632677491869645,1.0,9.0,0.0017641177949629383,8.00801306526232,402.2542485937368,146.9463130731184,300.0,6.009717133676693e-14,566.8555710142377,0.0,0.0,-3.1112819993511275e-13,-2934.659810268866,0.0,0.0
7.1032387886018356e-15,37.0,0.0,0.0,0.0,4.363267749186963,1.0,9.0,0.00178052925332578,8.00979359451565,399.65887751182316,150.4537557880122,300.0,5.954324489984803e-14,561.6307612650401,0.0,0.0,-3.11102126451593e-13,-2934.413876906893,0.0,0.0
7.209257277983954e-15,38.0,0.0,0.0,0.0,4.363267749186967,1.0,9.0,0.0017974074399226825,8.01159100195557,397.0026884016804,153.91536883141467,300.0,5.898411624839402e-14,556.3568825792269,0.0,0.0,-3.1107507348368177e-13,-2934.1587047400626,0.0,0.0
7.315275767366072e-15,39.0,0.0,0.0,0.0,4.363267749186982,1.0,9.0,0.0018147749056098839,8.01340577686118,394.28649036424264,157.33009776245947,300.0,5.841963598592342e-14,551.0325258018345,0.0,0.0,-3.110469847944552e-13,-2933.8937633166397,0.0,0.0
7.42129425674819e-15,40.0,0.0,0.0,0.0,4.36326774918693,1.0,9.0,0.001832655756803414,8.01523843261799,391.51111077974446,160.69690242163492,300.0,5.784964742480745e-14,545.6562130054731,0.0,0.0,-3.110177997149805e-13,-2933.6184803954216,0.0,0.0
7.527312746130307e-15,41.0,0.0,0.0,0.0,4.3632677491869964,1.0,9.0,0.0018510757962211244,8.01708950841421,388.6773950556929,164.0147572476269,300.0,5.727398607801432e-14,540.2263926963166,0.0,0.0,-3.109874527927533e-13,-2933.332238604828,0.0,0.0
7.633331235512425e-15,42.0,0.0,0.0,0.0,4.363267749186993,1.0,9.0,0.001870062679507345,8.01895957109371,385.78620636934846,167.28265158971467,300.0,5.669247910452779e-14,534.7414345831082,0.0,0.0,-3.109558732222699e-13,-2933.034370085284,0.0,0.0
7.739349724894543e-15,43.0,0.0,0.0,0.0,4.363267749186954,1.0,9.0,0.0018896460899040513,8.02084921718362,382.83842540479253,170.49959001562473,300.0,5.6104944702899984e-14,529.1996238569604,0.0,0.0,-3.1092298434446016e-13,-2932.7241517638777,0.0,0.0
7.845368214276661e-15,44.0,0.0,0.0,0.0,4.363267749186954,1.0,9.0,0.0019098579334803634,8.0227590751171,379.8349500846627,173.6645926147494,300.0,5.551119144706648e-14,523.5991549265509,0.0,0.0,-3.108887029893114e-13,-2932.4007991548365,0.0,0.0
7.95138670365878e-15,45.0,0.0,0.0,0.0,4.363267749186981,1.0,9.0,0.0019307325578393209,8.02468980767494,376.7766952966368,176.77669529663697,300.0,5.491101755737413e-14,517.9381245422265,0.0,0.0,-3.1085293882646783e-13,-2932.0634602335203,0.0,0.0
8.057405193040897e-15,46.0,0.0,0.0,0.0,4.363267749186921,1.0,9.0,0.001952306997715092,8.02664211467265,373.66459261474927,179.83495008466286,300.0,5.430421009923343e-14,512.214524237438,0.0,0.0,-3.1081559347526755e-13,-2931.711207042514,0.0,0.0
8.163423682423015e-15,47.0,0.0,0.0,0.0,4.363267749187016,1.0,9.0,0.0019746212514594186,8.02861673592411,370.4995900156245,182.8384254047927,300.0,5.369054409992141e-14,506.4262319981457,0.0,0.0,-3.10776559736962e-13,-2931.3430284489245,0.0,0.0
8.269442171805133e-15,48.0,0.0,0.0,0.0,4.363267749186914,1.0,9.0,0.0019977185931117636,8.03061445451722,367.2826515897145,185.7862063693486,300.0,5.306978157367425e-14,500.57100306718274,0.0,0.0,-3.1073572043006067e-13,-2930.957819160106,0.0,0.0
8.375460661187251e-15,49.0,0.0,0.0,0.0,4.36326774918701,1.0,9.0,0.0020216459256006125,8.03263610044282,364.01475724762673,188.6773950556931,300.0,5.244167044267202e-14,494.64645976664247,0.0,0.0,-3.106929472902745e-13,-2930.554369346428,0.0,0.0
8.481479150569369e-15,50.0,0.0,0.0,0.0,4.363267749186938,1.0,9.0,0.0020464541816368476,8.03468255462446,360.6969024216348,191.5111107797446,300.0,5.180594334016571e-14,488.6500802085921,0.0,0.0,-3.106480996304854e-13,-2930.1313520024723,0.0,0.0
8.587497639951487e-15,51.0,0.0,0.0,0.0,4.363267749186973,1.0,9.0,0.0020721987801036734,8.03675475340457,357.3300977624593,194.28649036424278,300.0,5.1162316279724605e-14,482.57918574299276,0.0,0.0,-3.106010227498238e-13,-2929.6873079405696,0.0,0.0
8.693516129333605e-15,52.0,0.0,0.0,0.0,4.363267749187001,1.0,9.0,0.0020989401472576996,8.03885369355182,353.91536883141447,197.0026884016806,300.0,5.0510487171652465e-14,476.43092696406615,0.0,0.0,-3.1055154618097023e-13,-2929.220629258966,0.0,0.0
8.799534618715723e-15,53.0,0.0,0.0,0.0,4.363267749186927,1.0,9.0,0.002126744313906137,8.04098043786573,350.453755788012,199.6588775118233,300.0,4.9850134164645543e-14,470.20226806828765,0.0,0.0,-3.104994816203683e-13,-2928.7295398187644,0.0,0.0
8.905553108097841e-15,54.0,0.0,0.0,0.0,4.363267749186963,1.0,9.0,0.0021556836020089065,8.04313612146774,346.94631307311823,202.25424859373695,300.0,4.9180913786846134e-14,463.889969320214,0.0,0.0,-3.1044462052583013e-13,-2928.2120725839145,0.0,0.0
9.011571597479959e-15,55.0,0.0,0.0,0.0,4.3632677491870036,1.0,9.0,0.0021858374169727024,8.04532195888471,343.3941090877614,204.78801107224803,300.0,4.850245885577227e-14,457.4905673382773,0.0,0.0,-3.1038673133043325e-13,-2927.6660433419192,0.0,0.0
9.117590086862077e-15,56.0,0.0,0.0,0.0,4.363267749186935,1.0,9.0,0.0022172931654244055,8.04753925205013,339.79822586768665,207.25939313876052,300.0,4.7814376120999135e-14,451.00035285980914,0.0,0.0,-3.10325556179427e-13,-2927.0890199249766,0.0,0.0
9.223608576244195e-15,57.0,0.0,0.0,0.0,4.363267749186963,1.0,9.0,0.002250147322644891,8.04978939937278,336.1597587537567,209.66764198635607,300.0,4.711624359666515e-14,444.41534558039274,0.0,0.0,-3.102608070627995e-13,-2926.478285731242,0.0,0.0
9.329627065626313e-15,58.0,0.0,0.0,0.0,4.363267749187013,1.0,9.0,0.0022845066793935054,8.05207390605217,332.47981605830114,212.0120240391066,300.0,4.6407607532258964e-14,437.73126558136465,0.0,0.0,-3.1019216130911725e-13,-2925.8307972216508,0.0,0.0
9.43564555500843e-15,59.0,0.0,0.0,0.0,4.363267749186943,1.0,9.0,0.002320489804877368,8.05439439585705,328.75951872751347,214.29182517552815,300.0,4.568797895999736e-14,430.9435007635895,0.0,0.0,-3.1011925617992004e-13,-2925.1431329319535,0.0,0.0
9.541664044390549e-15,60.0,0.0,0.0,0.0,4.363267749186941,1.0,9.0,0.002358228771598747,8.05675262462865,324.99999999999994,216.50635094610973,300.0,4.4956829743981266e-14,424.0470695818468,0.0,0.0,-3.1004168247868907e-13,-2924.411433190858,0.0,0.0
9.647682533772667e-15,61.0,0.0,0.0,0.0,4.363267749186997,1.0,9.0,0.002397871199349144,8.059150495828,321.20240506158416,218.654926784849,300.0,4.4213588040461584e-14,417.03657822461906,0.0,0.0,-3.0995897682968483e-13,-2923.6313272915263,0.0,0.0
9.753701023154785e-15,62.0,0.0,0.0,0.0,4.363267749186957,1.0,9.0,0.0024395826905819207,8.06159007851858,317.3678906964726,220.7368982147318,300.0,4.345763305806678e-14,409.90617119089734,0.0,0.0,-3.09870612426137e-13,-2922.7978462255155,0.0,0.0
9.859719512536903e-15,63.0,0.0,0.0,0.0,4.363267749186997,1.0,9.0,0.0024835497489361646,8.06407362826751,313.4976249348866,222.75163104709202,300.0,4.26882889813348e-14,402.6494739750083,0.0,0.0,-3.0977598780192034e-13,-2921.905316773638,0.0,0.0
9.96573800191902e-15,64.0,0.0,0.0,0.0,4.363267749186943,1.0,9.0,0.0025299832984521653,8.06660361156597,309.5927866972693,224.69851157479184,300.0,4.190481788831834e-14,395.2595262632217,0.0,0.0,-3.0967441306661246e-13,-2920.9472316707465,0.0,0.0
1.0071756491301139e-14,65.0,0.0,0.0,0.0,4.363267749186961,1.0,9.0,0.0025791229553001616,8.06918273452127,305.6545654351748,226.57694675916258,300.0,4.11064114505483e-14,387.7287036451745,0.0,0.0,-3.0956509309854125e-13,-2919.916091077193,0.0,0.0
1.0177774980683256e-14,66.0,0.0,0.0,0.0,4.3632677491869964,1.0,9.0,0.0026312422499217836,8.07181397677119,301.68416076894994,228.3863644106503,300.0,4.0292181149517026e-14,380.04862533264003,0.0,0.0,-3.0944710661111665e-13,-2918.8032051257496,0.0,0.0
1.0283793470065374e-14,67.0,0.0,0.0,0.0,4.363267749186921,1.0,9.0,0.0026866550600807004,8.07450063183127,297.6827821223184,230.12621336311014,300.0,3.946114667170478e-14,372.21004469773794,0.0,0.0,-3.0931938013185773e-13,-2917.5984484837286,0.0,0.0
1.0389811959447492e-14,68.0,0.0,0.0,0.0,4.363267749187003,1.0,9.0,0.00274572360134806,8.07724635543262,293.6516483539779,231.79596364169694,300.0,3.861222204961274e-14,364.2027185507647,0.0,0.0,-3.0918065521060114e-13,-2916.2899510502743,0.0,0.0
1.049583044882961e-14,69.0,0.0,0.0,0.0,4.363267749186943,1.0,9.0,0.002808868441273815,8.08005522387389,289.591987386325,233.39510662430052,300.0,3.7744198989267945e-14,356.01524987993486,0.0,0.0,-3.09029446730198e-13,-2914.863704729625,0.0,0.0
1.0601848938211728e-14,70.0,0.0,0.0,0.0,4.36326774918697,1.0,9.0,0.002876581172373327,8.08293180504627,285.5050358314171,234.92315519647715,300.0,3.6855726652289525e-14,347.6348971494206,0.0,0.0,-3.088639894855985e-13,-2913.303059548182,0.0,0.0
1.0707867427593846e-14,71.0,0.0,0.0,0.0,4.36326774918695,1.0,9.0,0.00294944062080843,8.08588124566707,281.3920386142891,236.37964389982926,300.0,3.594528692463071e-14,339.0473410262868,0.0,0.0,-3.0868216882741726e-13,-2911.5880694625303,0.0,0.0
1.0813885916975964e-14,72.0,0.0,0.0,0.0,4.363267749187018,1.0,9.0,0.0030281338192861273,8.08890937948636,277.25424859373675,237.76412907378847,300.0,3.501116387488572e-14,330.2363963015589,0.0,0.0,-3.0848142965000816e-13,-2909.694633906374,0.0,0.0
1.0919904406358082e-14,73.0,0.0,0.0,0.0,4.363267749186978,1.0,9.0,0.0031134834932628475,8.09202286297962,273.09292618068406,239.07618899075894,300.0,3.4051405639867096e-14,321.18365238290704,0.0,0.0,-3.0825865532785394e-13,-2907.5933558797533,0.0,0.0
1.10259228957402e-14,74.0,0.0,0.0,0.0,4.363267749186965,1.0,9.0,0.0032064845951760845,8.0952293475748,268.9093389542497,240.31542398457978,300.0,3.306377630555801e-14,311.8680194205337,0.0,0.0,-3.0801000441259494e-13,-2905.248001624014,0.0,0.0
1.1131941385122318e-14,75.0,0.0,0.0,0.0,4.3632677491869245,1.0,9.0,0.00330835363268972,8.09853770120749,264.7047612756301,241.48145657226715,300.0,3.2045694370319984e-14,302.2651478726417,0.0,0.0,-3.0773068670118696e-13,-2902.6133884255573,0.0,0.0
1.1237959874504436e-14,76.0,0.0,0.0,0.0,4.363267749186933,1.0,9.0,0.0034205964492474705,8.10195829765674,260.4804738999169,242.57393156899917,300.0,3.099415290729202e-14,292.34667545187426,0.0,0.0,-3.074146508160259e-13,-2899.6324377724654,0.0,0.0
1.1343978363886554e-14,77.0,0.0,0.0,0.0,4.3632677491870755,1.0,9.0,0.0035451032155111584,8.10550340087225,256.2377635859661,243.59251619630885,300.0,2.990561429022637e-14,282.0792341460255,0.0,0.0,-3.07054139440251e-13,-2896.231980193087,0.0,0.0
1.1449996853268672e-14,78.0,0.0,0.0,0.0,4.363267749186892,1.0,9.0,0.0036842845690708836,8.10918768544132,251.97792270443975,244.53690018345142,300.0,2.8775868800182634e-14,271.4231165515572,0.0,0.0,-3.066390418177377e-13,-2892.3166478304684,0.0,0.0
1.155601534265079e-14,79.0,0.0,0.0,0.0,4.363267749186951,1.0,9.0,0.0038412717894694137,8.11302895723079,247.70224884413614,245.406795861916,300.0,2.7599840675881323e-14,260.33044647905126,0.0,0.0,-3.0615592667128157e-13,-2887.759752620281,0.0,0.0
1.1662033832032908e-14,80.0,0.0,0.0,0.0,4.363267749186986,1.0,9.0,0.004020219975904293,8.11704917720669,243.4120444167325,246.20193825305202,300.0,2.6371315504513047e-14,248.74260761690377,0.0,0.0,-3.0558655464914863e-13,-2882.3892552150623,0.0,0.0
1.1768052321415026e-14,81.0,0.0,0.0,0.0,4.3632677491869725,1.0,9.0,0.004226783421638236,8.12127596062833,239.10861626005763,246.92208514878448,300.0,2.5082545947202907e-14,236.58652460891935,0.0,0.0,-3.049055105857814e-13,-2875.9654317165728,0.0,0.0
1.1874070810797144e-14,82.0,0.0,0.0,0.0,4.3632677491869085,1.0,9.0,0.004468892292217752,8.12574485292055,234.79327524001633,247.5670171853926,300.0,2.3723661804681516e-14,223.7690986067093,0.0,0.0,-3.040762796829627e-13,-2868.1438629727413,0.0,0.0
1.1980089300179262e-14,83.0,0.0,0.0,0.0,4.363267749187058,1.0,9.0,0.004758086233203618,8.13050293915375,230.46733585128675,248.13653791033053,300.0,2.228175030588679e-14,210.16853226023264,0.0,0.0,-3.030444233508397e-13,-2858.411066946913,0.0,0.0
1.208610778956138e-14,84.0,0.0,0.0,0.0,4.363267749186956,1.0,9.0,0.0051119491263051375,8.13561488828006,226.13211581691326,248.63047384206834,300.0,2.0739347509655373e-14,195.62010014032003,0.0,0.0,-3.017249894554996e-13,-2845.965748181952,0.0,0.0
1.2192126278943498e-14,85.0,0.0,0.0,0.0,4.363267749186987,1.0,9.0,0.005558914137537951,8.14117380241759,221.7889356869144,249.0486745229364,300.0,1.9071798333096e-14,179.89124768941312,0.0,0.0,-2.9997750195471924e-13,-2829.4828921163285,0.0,0.0
1.2298144768325616e-14,86.0,0.0,0.0,0.0,4.363267749186899,1.0,9.0,0.0061487712642667725,8.14732257368186,217.43911843603126,249.3910125649561,300.0,1.7242223661536936e-14,162.63411940714903,0.0,0.0,-2.9755126559863216e-13,-2806.597861682227,0.0,0.0
1.2404163257707734e-14,87.0,0.0,0.0,0.0,4.363267749186977,1.0,9.0,0.006979168933259616,8.15430174261512,213.0839890607359,249.6573836886435,300.0,1.5190703992975458e-14,143.28353555599386,0.0,0.0,-2.939489913741493e-13,-2772.620069266232,0.0,0.0
1.2510181747089852e-14,88.0,0.0,0.0,0.0,4.363267749186982,1.0,9.0,0.008278583739614931,8.16258032635474,208.72487417562516,249.847706754774,300.0,1.2806355859492358e-14,120.79360811617444,0.0,0.0,-2.8801401404848957e-13,-2716.639481726746,0.0,0.0
1.261620023647197e-14,89.0,0.0,0.0,0.0,4.363267749187041,1.0,9.0,0.010788860380656795,8.17336918673539,204.36310160932072,249.96192378909788,300.0,9.826662468651244e-15,92.68819548289751,0.0,0.0,-2.7618240348937893e-13,-2605.039980280669,0.0,0.0
1.2722218725854088e-14,90.0,0.0,0.0,0.0,4.363267749186897,1.0,9.0,0.026046613053530843,8.19941579978892,199.99999999999991,250.00000000000006,300.0,4.070336867378054e-15,38.39270764090507,0.0,0.0,-2.210009258955387e-13,-2084.5507909379317,0.0,0.0
1.2722218725854088e-14,90.0,0.0,0.0,0.0,4.363267749186897,1.0,9.0,0.01,8.20941579978892,199.99999999999991,250.00000000000006,300.0,0.0,0.0,0.0,0.0,0.0,0.0,0.0,0.0
1.2722218725854088e-14,90.0,0.0,0.0,0.0,4.363267749186897,1.0,9.0,1.03,9.23941579978892,199.99999999999991,250.00000000000006,300.0,0.0,0.0,0.0,0.0,0.0,0.0,0.0,0.0
1.2616200236471949e-14,88.99999999999999,0.0,0.0,0.0,4.363267749186953,0.9999999999999999,11.0,0.0,9.23941579978892,204.36310160932084,249.96192378909788,300.0,0.0,0.0,0.0,0.0,0.0,0.0,0.0,0.0
1.2510181747089831e-14,87.99999999999999,0.0,0.0,0.0,4.363267749186927,0.9999999999999999,11.0,0.03683547343418786,9.27625127322311,208.72487417562516,249.847706754774,300.0,-2.8781628006366247e-15,-27.1477439209965,0.0,0.0,-7.813562667462119e-14,-737.0000000000024,0.0,0.0
1.2404163257707713e-14,86.99999999999999,0.0,0.0,0.0,4.363267749186982,0.9999999999999999,11.0,0.008278583739614848,9.28452985696273,213.0839890607359,249.6573836886435,300.0,-1.2806355859493046e-14,-120.79360811618092,0.0,0.0,-1.1992622616532901e-12,-11311.821821294205,0.0,0.0
1.2298144768325595e-14,85.99999999999999,0.0,0.0,0.0,4.363267749187034,0.9999999999999999,11.0,0.006979168933259616,9.29150902589599,217.43911843603132,249.3910125649561,300.0,-1.5190703992975458e-14,-143.28353555599386,0.0,0.0,-3.416378305616948e-13,-3222.4363179741604,0.0,0.0
1.2192126278943477e-14,84.99999999999999,0.0,0.0,0.0,4.363267749186956,0.9999999999999999,11.0,0.006148771264266724,9.29765779716025,221.78893568691453,249.0486745229364,300.0,-1.7242223661536936e-14,-162.63411940714903,0.0,0.0,-3.3364709474294226e-13,-3147.065164646819,0.0,0.0
1.208610778956136e-14,83.99999999999999,0.0,0.0,0.0,4.363267749186931,0.9999999999999999,11.0,0.005558914137537958,9.30321671129779,226.1321158169133,248.63047384206834,300.0,-1.9071798333096e-14,-179.89124768941312,0.0,0.0,-3.291244704077081e-13,-3104.4063382327463,0.0,0.0
1.1980089300179241e-14,82.99999999999999,0.0,0.0,0.0,4.363267749186956,0.9999999999999999,11.0,0.005111949126305151,9.3083286604241,230.4673358512868,248.13653791033053,300.0,-2.0739347509655373e-14,-195.62010014032003,0.0,0.0,-3.2620613690745295e-13,-3076.879691538729,0.0,0.0
1.1874070810797123e-14,81.99999999999999,0.0,0.0,0.0,4.363267749187002,0.9999999999999999,11.0,0.004758086233203562,9.3130867466573,234.79327524001633,247.5670171853926,300.0,-2.228175030588679e-14,-210.16853226023264,0.0,0.0,-3.2416453183803574e-13,-3057.622625329657,0.0,0.0
1.1768052321415005e-14,80.99999999999999,0.0,0.0,0.0,4.363267749186969,0.9999999999999999,11.0,0.004468892292217766,9.31755563894952,239.1086162600577,246.92208514878445,300.0,-2.3723661804681516e-14,-223.7690986067093,0.0,0.0,-3.22655236355945e-13,-3043.386471891826,0.0,0.0
1.1662033832032887e-14,79.99999999999999,0.0,0.0,0.0,4.363267749186968,0.9999999999999999,11.0,0.004226783421638208,9.32178242237116,243.41204441673256,246.20193825305202,300.0,-2.5082545947202907e-14,-236.58652460891935,0.0,0.0,-3.2149367662530734e-13,-3032.430272294872,0.0,0.0
1.155601534265077e-14,78.99999999999999,0.0,0.0,0.0,4.363267749186991,0.9999999999999999,11.0,0.004020219975904321,9.32580264234706,247.7022488441362,245.40679586191598,300.0,-2.6371315504513047e-14,-248.74260761690377,0.0,0.0,-3.2057190030260684e-13,-3023.73578581358,0.0,0.0
1.1449996853268652e-14,77.99999999999999,0.0,0.0,0.0,4.363267749186946,0.9999999999999999,11.0,0.0038412717894694,9.32964391413653,251.9779227044398,244.53690018345142,300.0,-2.7599840675881323e-14,-260.33044647905126,0.0,0.0,-3.1982250637305637e-13,-3016.667264710158,0.0,0.0
1.1343978363886534e-14,76.99999999999999,0.0,0.0,0.0,4.363267749186953,0.9999999999999999,11.0,0.003684284569070856,9.3333281987056,256.2377635859662,243.59251619630882,300.0,-2.8775868800182634e-14,-271.4231165515572,0.0,0.0,-3.19201218650144e-13,-3010.80708195775,0.0,0.0
1.1237959874504416e-14,75.99999999999999,0.0,0.0,0.0,4.36326774918702,0.9999999999999999,11.0,0.0035451032155111722,9.33687330192111,260.48047389991694,242.57393156899914,300.0,-2.990561429022637e-14,-282.0792341460255,0.0,0.0,-3.18677742611464e-13,-3005.8694900176056,0.0,0.0
1.1131941385122298e-14,74.99999999999999,0.0,0.0,0.0,4.363267749186879,0.9999999999999999,11.0,0.0034205964492474566,9.34029389837036,264.7047612756301,241.48145657226712,300.0,-3.099415290729202e-14,-292.34667545187426,0.0,0.0,-3.1823064580012223e-13,-3001.6523311621363,0.0,0.0
1.102592289574018e-14,73.99999999999999,0.0,0.0,0.0,4.363267749186979,0.9999999999999999,11.0,0.003308353632689748,9.34360225200305,268.90933895424973,240.31542398457975,300.0,-3.2045694370319984e-14,-302.2651478726417,0.0,0.0,-3.178443358163623e-13,-2998.00853293399,0.0,0.0
1.0919904406358062e-14,72.99999999999999,0.0,0.0,0.0,4.3632677491870115,0.9999999999999999,11.0,0.0032064845951760707,9.34680873659822,273.0929261806842,239.07618899075894,300.0,-3.306377630555801e-14,-311.8680194205337,0.0,0.0,-3.1750719675050697e-13,-2994.828530390871,0.0,0.0
1.0813885916975944e-14,71.99999999999999,0.0,0.0,0.0,4.363267749186924,0.9999999999999999,11.0,0.003113483493262875,9.34992222009149,277.2542485937368,237.76412907378847,300.0,-3.4051405639867096e-14,-321.18365238290704,0.0,0.0,-3.1721039679389146e-13,-2992.02901911367,0.0,0.0
1.0707867427593826e-14,70.99999999999999,0.0,0.0,0.0,4.363267749186964,0.9999999999999999,11.0,0.0030281338192861135,9.35295035391077,281.3920386142891,236.37964389982926,300.0,-3.5011163874890856e-14,-330.23639630160733,0.0,0.0,-3.1694710085503775e-13,-2989.5455283528736,0.0,0.0
1.0601848938211708e-14,69.99999999999999,0.0,0.0,0.0,4.3632677491870036,0.9999999999999999,11.0,0.0029494406208083884,9.35589979453158,285.50503583141716,234.92315519647715,300.0,-3.594528692463071e-14,-339.0473410262868,0.0,0.0,-3.1671193620566386e-13,-2987.3273808321637,0.0,0.0
1.049583044882959e-14,68.99999999999999,0.0,0.0,0.0,4.36326774918698,0.9999999999999999,11.0,0.002876581172373327,9.35877637570395,289.59198738632506,233.3951066243005,300.0,-3.6855726652289525e-14,-347.6348971494206,0.0,0.0,-3.16500621085418e-13,-2985.3341896305037,0.0,0.0
1.0389811959447472e-14,67.99999999999999,0.0,0.0,0.0,4.3632677491869964,0.9999999999999999,11.0,0.0028088684412738013,9.36158524414523,293.65164835397803,231.79596364169691,300.0,-3.7744198989267945e-14,-356.01524987993486,0.0,0.0,-3.1630970106078196e-13,-2983.533371436019,0.0,0.0
1.0283793470065354e-14,66.99999999999999,0.0,0.0,0.0,4.363267749186886,0.9999999999999999,11.0,0.002745723601348088,9.36433096774658,297.6827821223184,230.12621336311014,300.0,-3.861222204961274e-14,-364.2027185507647,0.0,0.0,-3.161363583423288e-13,-2981.8983479654453,0.0,0.0
1.0177774980683236e-14,65.99999999999999,0.0,0.0,0.0,4.363267749187026,0.9999999999999999,11.0,0.0026866550600807004,9.36701762280666,301.68416076895005,228.3863644106503,300.0,-3.946114667170478e-14,-372.21004469773794,0.0,0.0,-3.159782715338881e-13,-2980.407223074276,0.0,0.0
1.0071756491301118e-14,64.99999999999999,0.0,0.0,0.0,4.363267749186905,0.9999999999999999,11.0,0.0026312422499217836,9.36964886505658,305.6545654351748,226.57694675916255,300.0,-4.0292181149517026e-14,-380.04862533264003,0.0,0.0,-3.1583351089657277e-13,-2979.041794853591,0.0,0.0
9.965738001919e-15,63.999999999999986,0.0,0.0,0.0,4.363267749187024,0.9999999999999999,11.0,0.0025791229553001616,9.37222798801188,309.59278669726933,224.69851157479178,300.0,-4.11064114505483e-14,-387.7287036451745,0.0,0.0,-3.1570045908747534e-13,-2977.786808012412,0.0,0.0
9.859719512536882e-15,62.999999999999986,0.0,0.0,0.0,4.363267749186968,0.9999999999999999,11.0,0.0025299832984521653,9.37475797131033,313.4976249348867,222.75163104709202,300.0,-4.190481788831834e-14,-395.2595262632217,0.0,0.0,-3.1557775035849436e-13,-2976.629380381684,0.0,0.0
9.753701023154764e-15,61.999999999999986,0.0,0.0,0.0,4.36326774918696,0.9999999999999999,11.0,0.0024835497489361924,9.37724152105927,317.36789069647267,220.73689821473178,300.0,-4.26882889813348e-14,-402.6494739750083,0.0,0.0,-3.1546422347770037e-13,-2975.5585588536865,0.0,0.0
9.647682533772646e-15,60.999999999999986,0.0,0.0,0.0,4.363267749186957,0.9999999999999999,11.0,0.002439582690581893,9.37968110374985,321.2024050615842,218.65492678484898,300.0,-4.345763305806678e-14,-409.90617119089734,0.0,0.0,-3.1535888482160205e-13,-2974.56497125673,0.0,0.0
9.541664044390528e-15,59.999999999999986,0.0,0.0,0.0,4.363267749186997,0.9999999999999999,11.0,0.0023978711993491164,9.3820789749492,325.0,216.5063509461097,300.0,-4.4213588040461584e-14,-417.03657822461906,0.0,0.0,-3.1526087914978193e-13,-2973.6405506920637,0.0,0.0
9.43564555500841e-15,58.999999999999986,0.0,0.0,0.0,4.363267749186878,0.9999999999999999,11.0,0.002358228771598747,9.3844372037208,328.75951872751347,214.29182517552815,300.0,-4.4956829743981266e-14,-424.0470695818468,0.0,0.0,-3.1516946636854076e-13,-2972.778316361291,0.0,0.0
9.329627065626292e-15,57.999999999999986,0.0,0.0,0.0,4.363267749187036,0.9999999999999999,11.0,0.002320489804877368,9.38675769352568,332.4798160583012,212.0120240391065,300.0,-4.568797895999736e-14,-430.9435007635895,0.0,0.0,-3.1508400273052915e-13,-2971.972196235371,0.0,0.0
9.223608576244174e-15,56.999999999999986,0.0,0.0,0.0,4.363267749186983,0.9999999999999999,11.0,0.0022845066793935054,9.38904220020507,336.15975875375676,209.66764198635605,300.0,-4.6407607532258964e-14,-437.73126558136465,0.0,0.0,-3.150039256845831e-13,-2971.21688415338,0.0,0.0
9.117590086862056e-15,55.999999999999986,0.0,0.0,0.0,4.363267749186979,0.9999999999999999,11.0,0.0022501473226449187,9.39129234752771,339.7982258676867,207.25939313876046,300.0,-4.711624359666515e-14,-444.41534558039274,0.0,0.0,-3.149287414538046e-13,-2970.507722655058,0.0,0.0
9.011571597479938e-15,54.999999999999986,0.0,0.0,0.0,4.363267749186935,0.9999999999999999,11.0,0.0022172931654244055,9.39350964069314,343.3941090877615,204.78801107224797,300.0,-4.7814376120999135e-14,-451.00035285980914,0.0,0.0,-3.1485801481753616e-13,-2969.8406066012094,0.0,0.0
8.90555310809782e-15,53.999999999999986,0.0,0.0,0.0,4.363267749186957,0.9999999999999999,11.0,0.0021858374169727024,9.39569547811011,346.94631307311823,202.2542485937369,300.0,-4.850245885577227e-14,-457.4905673382773,0.0,0.0,-3.147913607070356e-13,-2969.2119039014938,0.0,0.0
8.799534618715702e-15,52.999999999999986,0.0,0.0,0.0,4.363267749186991,0.9999999999999999,11.0,0.0021556836020088788,9.39785116171212,350.4537557880121,199.65887751182328,300.0,-4.9180913786846134e-14,-463.889969320214,0.0,0.0,-3.1472843716100203e-13,-2968.6183890683346,0.0,0.0
8.693516129333585e-15,51.999999999999986,0.0,0.0,0.0,4.363267749186989,0.9999999999999999,11.0,0.002126744313906165,9.39997790602603,353.9153688314146,197.00268840168053,300.0,-4.9850134164645543e-14,-470.20226806828765,0.0,0.0,-3.1466893947879874e-13,-2968.057188068847,0.0,0.0
8.587497639951467e-15,50.999999999999986,0.0,0.0,0.0,4.36326774918692,0.9999999999999999,11.0,0.002098940147257672,9.40207684617328,357.33009776245933,194.28649036424278,300.0,-5.0510487171652465e-14,-476.43092696406615,0.0,0.0,-3.14612595251816e-13,-2967.5257314587247,0.0,0.0
8.481479150569349e-15,49.999999999999986,0.0,0.0,0.0,4.363267749186966,0.9999999999999999,11.0,0.002072198780103701,9.40414904495339,360.6969024216348,191.51111077974454,300.0,-5.1162316279724605e-14,-482.57918574299276,0.0,0.0,-3.1455916021703467e-13,-2967.021715271614,0.0,0.0
8.37546066118723e-15,48.999999999999986,0.0,0.0,0.0,4.363267749186981,0.9999999999999999,11.0,0.00204645418163682,9.40619549913502,364.0147572476268,188.67739505569304,300.0,-5.180594334016571e-14,-488.6500802085921,0.0,0.0,-3.1450841470896566e-13,-2966.543067553014,0.0,0.0
8.269442171805113e-15,47.999999999999986,0.0,0.0,0.0,4.363267749186991,0.9999999999999999,11.0,0.0020216459256006125,9.40821714506062,367.28265158971453,185.78620636934858,300.0,-5.244167044267202e-14,-494.64645976664247,0.0,0.0,-3.144601606324528e-13,-2966.087919806677,0.0,0.0
8.163423682422995e-15,46.999999999999986,0.0,0.0,0.0,4.363267749186974,0.9999999999999999,11.0,0.0019977185931117913,9.41021486365374,370.4995900156246,182.83842540479264,300.0,-5.306978157367425e-14,-500.57100306718274,0.0,0.0,-3.1441421888344854e-13,-2965.654582666405,0.0,0.0
8.057405193040877e-15,45.999999999999986,0.0,0.0,0.0,4.363267749186955,0.9999999999999999,11.0,0.0019842059333825546,9.41219906958712,373.6645926147493,179.83495008466284,300.0,-5.343119259873598e-14,-503.9799464238373,0.0,0.0,-1.8214390904759415e-13,-1718.0390902486618,0.0,0.0
7.951386703658759e-15,44.999999999999986,0.0,0.0,0.0,4.363267749187002,0.9999999999999999,11.0,0.001984126984127005,9.41418319657124,376.7766952966369,176.7766952966369,300.0,-5.343331864858764e-14,-504.0000000000018,0.0,0.0,-1.0715291252382591e-15,-10.107002386915191,0.0,0.0
7.845368214276641e-15,43.999999999999986,0.0,0.0,0.0,4.363267749186922,0.9999999999999999,11.0,0.001984126984126977,9.41616732355537,379.83495008466275,173.66459261474935,300.0,-5.343331864858764e-14,-504.0000000000018,0.0,0.0,0.0,0.0,0.0,0.0
7.739349724894523e-15,42.999999999999986,0.0,0.0,0.0,4.363267749186894,0.9999999999999999,11.0,0.001984126984126977,9.4181514505395,382.83842540479253,170.4995900156247,300.0,-5.343331864858764e-14,-504.0000000000018,0.0,0.0,0.0,0.0,0.0,0.0
7.633331235512405e-15,41.999999999999986,0.0,0.0,0.0,4.363267749187013,0.9999999999999999,11.0,0.001984126984126977,9.42013557752363,385.7862063693485,167.28265158971462,300.0,-5.343331864858764e-14,-504.0000000000018,0.0,0.0,0.0,0.0,0.0,0.0
7.527312746130287e-15,40.999999999999986,0.0,0.0,0.0,4.363267749186972,0.9999999999999999,11.0,0.001984126984127005,9.42211970450775,388.67739505569295,164.01475724762687,300.0,-5.343331864858764e-14,-504.0000000000018,0.0,0.0,0.0,0.0,0.0,0.0
7.421294256748169e-15,39.999999999999986,0.0,0.0,0.0,4.36326774918696,0.9999999999999999,11.0,0.001984126984126977,9.42410383149188,391.51111077974446,160.6969024216349,300.0,-5.343331864858764e-14,-504.0000000000018,0.0,0.0,0.0,0.0,0.0,0.0
7.315275767366051e-15,38.999999999999986,0.0,0.0,0.0,4.363267749186966,0.9999999999999999,11.0,0.001984126984126977,9.42608795847601,394.2864903642427,157.33009776245945,300.0,-5.343331864858764e-14,-504.0000000000018,0.0,0.0,0.0,0.0,0.0,0.0
7.209257277983933e-15,37.999999999999986,0.0,0.0,0.0,4.363267749186982,0.9999999999999999,11.0,0.001984126984126977,9.42807208546013,397.0026884016805,153.91536883141464,300.0,-5.343331864858764e-14,-504.0000000000018,0.0,0.0,0.0,0.0,0.0,0.0
7.103238788601816e-15,36.999999999999986,0.0,0.0,0.0,4.363267749186955,0.9999999999999999,11.0,0.001984126984127005,9.43005621244426,399.65887751182316,150.45375578801213,300.0,-5.3433318648587245e-14,-504.0000000000018,0.0,0.0,2.0038329170062125e-25,0.0,0.0,0.0
6.997220299219699e-15,35.999999999999986,0.0,0.0,0.0,4.363267749186963,0.9999999999999999,11.0,0.001984126984126977,9.43204033942839,402.2542485937368,146.94631307311835,300.0,-5.3433318648587245e-14,-504.0000000000018,0.0,0.0,0.0,0.0,0.0,0.0
6.8912018098375815e-15,34.999999999999986,0.0,0.0,0.0,4.363267749186997,0.9999999999999999,11.0,0.001984126984126977,9.43402446641251,404.7880110722479,143.39410908776156,300.0,-5.3433318648587245e-14,-504.0000000000018,0.0,0.0,0.0,0.0,0.0,0.0
6.785183320455464e-15,33.999999999999986,0.0,0.0,0.0,4.363267749186927,0.9999999999999999,11.0,0.001984126984126977,9.43600859339664,407.25939313876034,139.79822586768677,300.0,-5.3433318648587245e-14,-504.0000000000018,0.0,0.0,0.0,0.0,0.0,0.0
6.679164831073347e-15,32.999999999999986,0.0,0.0,0.0,4.363267749186979,0.9999999999999999,11.0,0.001984126984127005,9.43799272038077,409.66764198635593,136.15975875375682,300.0,-5.3433318648587245e-14,-504.0000000000018,0.0,0.0,0.0,0.0,0.0,0.0
6.57314634169123e-15,31.999999999999986,0.0,0.0,0.0,4.363267749186935,0.9999999999999999,11.0,0.001984126984126977,9.4399768473649,412.0120240391064,132.4798160583013,300.0,-5.3433318648587245e-14,-504.0000000000018,0.0,0.0,0.0,0.0,0.0,0.0
6.467127852309113e-15,30.999999999999986,0.0,0.0,0.0,4.363267749186973,0.9999999999999999,11.0,0.001984126984126977,9.44196097434902,414.291825175528,128.75951872751364,300.0,-5.3433318648587245e-14,-504.0000000000018,0.0,0.0,0.0,0.0,0.0,0.0
6.361109362926996e-15,29.999999999999986,0.0,0.0,0.0,4.363267749187019,0.9999999999999999,11.0,0.001984126984127005,9.44394510133315,416.50635094610965,125.00000000000006,300.0,-5.3433318648587245e-14,-504.0000000000018,0.0,0.0,0.0,0.0,0.0,0.0
6.2550908735448785e-15,28.999999999999986,0.0,0.0,0.0,4.363267749186947,0.9999999999999999,11.0,0.001984126984126977,9.44592922831728,418.6549267848489,121.20240506158432,300.0,-5.3433318648587245e-14,-504.0000000000018,0.0,0.0,0.0,0.0,0.0,0.0
6.149072384162761e-15,27.999999999999986,0.0,0.0,0.0,4.363267749187036,0.9999999999999999,11.0,0.001984126984126977,9.4479133553014,420.7368982147318,117.36789069647274,300.0,-5.3433318648587245e-14,-504.0000000000018,0.0,0.0,0.0,0.0,0.0,0.0
6.043053894780644e-15,26.999999999999986,0.0,0.0,0.0,4.3632677491869725,0.9999999999999999,11.0,0.001984126984126977,9.44989748228553,422.751631047092,113.49762493488673,300.0,-5.3433318648587245e-14,-504.0000000000018,0.0,0.0,0.0,0.0,0.0,0.0
5.937035405398527e-15,25.999999999999986,0.0,0.0,0.0,4.363267749186968,0.9999999999999999,11.0,0.001984126984126977,9.45188160926966,424.6985115747918,109.59278669726937,300.0,-5.3433318648587245e-14,-504.0000000000018,0.0,0.0,0.0,0.0,0.0,0.0
5.83101691601641e-15,24.999999999999986,0.0,0.0,0.0,4.363267749186948,0.9999999999999999,11.0,0.001984126984127005,9.45386573625379,426.5769467591625,105.6545654351749,300.0,-5.3433318648587245e-14,-504.0000000000018,0.0,0.0,0.0,0.0,0.0,0.0
5.724998426634293e-15,23.999999999999986,0.0,0.0,0.0,4.363267749186958,0.9999999999999999,11.0,0.001984126984126977,9.45584986323791,428.38636441065023,101.6841607689501,300.0,-5.3433318648587245e-14,-504.0000000000018,0.0,0.0,0.0,0.0,0.0,0.0
5.6189799372521755e-15,22.999999999999986,0.0,0.0,0.0,4.363267749186973,0.9999999999999999,11.0,0.001984126984126977,9.45783399022204,430.1262133631101,97.68278212231847,300.0,-5.3433318648587245e-14,-504.0000000000018,0.0,0.0,0.0,0.0,0.0,0.0
5.512961447870058e-15,21.999999999999986,0.0,0.0,0.0,4.363267749186979,0.9999999999999999,11.0,0.001984126984127005,9.45981811720617,431.79596364169686,93.65164835397803,300.0,-5.3433318648587245e-14,-504.0000000000018,0.0,0.0,0.0,0.0,0.0,0.0
5.406942958487941e-15,20.999999999999986,0.0,0.0,0.0,4.363267749186954,0.9999999999999999,11.0,0.001984126984126977,9.46180224419029,433.39510662430047,89.59198738632512,300.0,-5.3433318648587245e-14,-504.0000000000018,0.0,0.0,0.0,0.0,0.0,0.0
5.300924469105824e-15,19.999999999999986,0.0,0.0,0.0,4.363267749186959,0.9999999999999999,11.0,0.001984126984126977,9.46378637117442,434.92315519647707,85.50503583141722,300.0,-5.3433318648587245e-14,-504.0000000000018,0.0,0.0,0.0,0.0,0.0,0.0
5.194905979723707e-15,18.999999999999986,0.0,0.0,0.0,4.3632677491869725,0.9999999999999999,11.0,0.001984126984126977,9.46577049815855,436.3796438998292,81.3920386142892,300.0,-5.3433318648587245e-14,-504.0000000000018,0.0,0.0,0.0,0.0,0.0,0.0
5.0888874903415896e-15,17.999999999999986,0.0,0.0,0.0,4.363267749186964,0.9999999999999999,11.0,0.001984126984126977,9.46775462514267,437.7641290737884,77.2542485937369,300.0,-5.3433318648587245e-14,-504.0000000000018,0.0,0.0,0.0,0.0,0.0,0.0
4.9828690009594724e-15,16.999999999999986,0.0,0.0,0.0,4.363267749186983,0.9999999999999999,11.0,0.001984126984127005,9.4697387521268,439.07618899075885,73.0929261806842,300.0,-5.3433318648587245e-14,-504.0000000000018,0.0,0.0,0.0,0.0,0.0,0.0
4.876850511577355e-15,15.999999999999986,0.0,0.0,0.0,4.363267749186981,0.9999999999999999,11.0,0.001984126984126977,9.47172287911093,440.31542398457975,68.90933895424982,300.0,-5.3433318648587245e-14,-504.0000000000018,0.0,0.0,0.0,0.0,0.0,0.0
4.770832022195238e-15,14.999999999999986,0.0,0.0,0.0,4.363267749186965,0.9999999999999999,11.0,0.001984126984127005,9.47370700609505,441.4814565722671,64.70476127563022,300.0,-5.3433318648587245e-14,-504.0000000000018,0.0,0.0,0.0,0.0,0.0,0.0
4.664813532813121e-15,13.999999999999986,0.0,0.0,0.0,4.363267749186955,0.9999999999999999,11.0,0.001984126984126977,9.47569113307918,442.5739315689991,60.48047389991696,300.0,-5.3433318648587245e-14,-504.0000000000018,0.0,0.0,0.0,0.0,0.0,0.0
4.558795043431004e-15,12.999999999999986,0.0,0.0,0.0,4.3632677491869725,0.9999999999999999,11.0,0.001984126984126977,9.47767526006331,443.5925161963088,56.23776358596627,300.0,-5.3433318648587245e-14,-504.0000000000018,0.0,0.0,0.0,0.0,0.0,0.0
4.4527765540488866e-15,11.999999999999986,0.0,0.0,0.0,4.36326774918696,0.9999999999999999,11.0,0.001984126984126977,9.47965938704744,444.5369001834514,51.97792270443986,300.0,-5.3433318648587245e-14,-504.0000000000018,0.0,0.0,0.0,0.0,0.0,0.0
4.346758064666769e-15,10.999999999999986,0.0,0.0,0.0,4.363267749186966,0.9999999999999999,11.0,0.001984126984126977,9.48164351403156,445.40679586191595,47.70224884413623,300.0,-5.3433318648587245e-14,-504.0000000000018,0.0,0.0,0.0,0.0,0.0,0.0
4.240739575284652e-15,9.999999999999986,0.0,0.0,0.0,4.3632677491869805,0.9999999999999999,11.0,0.001984126984126977,9.48362764101569,446.20193825305205,43.41204441673261,300.0,-5.3433318648587245e-14,-504.0000000000018,0.0,0.0,0.0,0.0,0.0,0.0
4.134721085902535e-15,8.999999999999986,0.0,0.0,0.0,4.363267749186964,0.9999999999999999,11.0,0.001984126984127005,9.48561176799982,446.92208514878445,39.108616260057744,300.0,-5.3433318648587245e-14,-504.0000000000018,0.0,0.0,0.0,0.0,0.0,0.0
4.028702596520418e-15,7.999999999999986,0.0,0.0,0.0,4.363267749186966,0.9999999999999999,11.0,0.001984126984126977,9.48759589498394,447.5670171853926,34.79327524001639,300.0,-5.3433318648587245e-14,-504.0000000000018,0.0,0.0,0.0,0.0,0.0,0.0
3.922684107138301e-15,6.999999999999986,0.0,0.0,0.0,4.36326774918697,0.9999999999999999,11.0,0.001984126984127005,9.48958002196807,448.1365379103305,30.467335851286894,300.0,-5.3433318648587245e-14,-504.0000000000018,0.0,0.0,0.0,0.0,0.0,0.0
3.8166656177561835e-15,5.999999999999986,0.0,0.0,0.0,4.363267749186965,0.9999999999999999,11.0,0.001984126984126977,9.4915641489522,448.63047384206834,26.132115816913394,300.0,-5.3433318648587245e-14,-504.0000000000018,0.0,0.0,0.0,0.0,0.0,0.0
3.710647128374066e-15,4.999999999999986,0.0,0.0,0.0,4.36326774918697,0.9999999999999999,11.0,0.001984126984126977,9.49354827593632,449.0486745229364,21.788935686914567,300.0,-5.3433318648587245e-14,-504.0000000000018,0.0,0.0,0.0,0.0,0.0,0.0
3.604628638991949e-15,3.999999999999986,0.0,0.0,0.0,4.363267749186965,0.9999999999999999,11.0,0.001984126984126977,9.49553240292045,449.3910125649561,17.439118436031354,300.0,-5.3433318648587245e-14,-504.0000000000018,0.0,0.0,0.0,0.0,0.0,0.0
3.498610149609832e-15,2.999999999999986,0.0,0.0,0.0,4.363267749186968,0.9999999999999999,11.0,0.001984126984126977,9.49751652990458,449.65738368864345,13.083989060735982,300.0,-5.3433318648587245e-14,-504.0000000000018,0.0,0.0,0.0,0.0,0.0,0.0
3.392591660227715e-15,1.9999999999999858,0.0,0.0,0.0,4.363267749186971,0.9999999999999999,11.0,0.001984126984126977,9.4995006568887,449.847706754774,8.724874175625267,300.0,-5.3433318648587245e-14,-504.0000000000018,0.0,0.0,0.0,0.0,0.0,0.0
3.2865731708455977e-15,0.9999999999999859,0.0,0.0,0.0,4.363267749186966,0.9999999999999999,11.0,0.001984126984126977,9.50148478387283,449.9619237890978,4.363101609320902,300.0,-5.3433318648587245e-14,-504.00000000000176,0.0,0.0,0.0,2.8649083105847343e-11,0.0,0.0
3.1805546814634805e-15,-1.3988810110276972e-14,0.0,0.0,0.0,4.363267749186968,0.9999999999999999,11.0,0.001984126984126977,9.50346891085696,450.0,2.272536569798764e-14,300.0,-5.3433318648587245e-14,-504.00000000000176,0.0,0.0,0.0,0.0,0.0,0.0
3.0745361920813633e-15,-1.0000000000000138,0.0,0.0,0.0,4.363267749186968,0.9999999999999999,11.0,0.0019841269841270326,9.50545303784109,449.9619237890978,-4.3631016093208554,300.0,-5.3433318648587245e-14,-504.0000000000017,0.0,0.0,0.0,2.8649083105847343e-11,0.0,0.0
2.968517702699246e-15,-2.0000000000000138,0.0,0.0,0.0,4.363267749186966,0.9999999999999999,11.0,0.001984126984126977,9.50743716482521,449.847706754774,-8.72487417562522,300.0,-5.3433318648587245e-14,-504.0000000000018,0.0,0.0,0.0,-5.7298166211694686e-11,0.0,0.0
2.862499213317129e-15,-3.0000000000000138,0.0,0.0,0.0,4.363267749186969,0.9999999999999999,11.0,0.001984126984126977,9.50942129180934,449.65738368864345,-13.083989060735934,300.0,-5.3433318648587245e-14,-504.0000000000018,0.0,0.0,0.0,0.0,0.0,0.0
2.7564807239350118e-15,-4.000000000000013,0.0,0.0,0.0,4.363267749186971,0.9999999999999999,11.0,0.001984126984126977,9.51140541879347,449.39101256495604,-17.439118436031304,300.0,-5.3433318648587245e-14,-504.0000000000016,0.0,0.0,0.0,1.1459633242338937e-10,0.0,0.0
2.6504622345528946e-15,-5.000000000000013,0.0,0.0,0.0,4.363267749186968,0.9999999999999999,11.0,0.001984126984126977,9.51338954577759,449.0486745229364,-21.788935686914524,300.0,-5.3433318648587245e-14,-504.0000000000018,0.0,0.0,0.0,-1.1459633242338937e-10,0.0,0.0
2.5444437451707774e-15,-6.000000000000013,0.0,0.0,0.0,4.363267749186967,0.9999999999999999,11.0,0.001984126984126977,9.51537367276172,448.63047384206834,-26.13211581691335,300.0,-5.3433318648587245e-14,-504.0000000000018,0.0,0.0,0.0,0.0,0.0,0.0
2.4384252557886603e-15,-7.000000000000013,0.0,0.0,0.0,4.3632677491869725,0.9999999999999999,11.0,0.0019841269841270326,9.51735779974585,448.1365379103305,-30.467335851286855,300.0,-5.3433318648587245e-14,-504.0000000000018,0.0,0.0,0.0,0.0,0.0,0.0
2.332406766406543e-15,-8.000000000000012,0.0,0.0,0.0,4.363267749186966,0.9999999999999999,11.0,0.001984126984126977,9.51934192672998,447.56701718539256,-34.79327524001634,300.0,-5.3433318648587245e-14,-504.00000000000136,0.0,0.0,0.0,2.2919266484677874e-10,0.0,0.0
2.226388277024426e-15,-9.000000000000012,0.0,0.0,0.0,4.363267749186973,0.9999999999999999,11.0,0.001984126984126977,9.5213260537141,446.9220851487844,-39.1086162600577,300.0,-5.3433318648587245e-14,-504.0000000000018,0.0,0.0,0.0,-2.2919266484677874e-10,0.0,0.0
2.1203697876423088e-15,-10.000000000000012,0.0,0.0,0.0,4.363267749186964,0.9999999999999999,11.0,0.001984126984126977,9.52331018069823,446.201938253052,-43.41204441673257,300.0,-5.3433318648587245e-14,-504.0000000000018,0.0,0.0,0.0,0.0,0.0,0.0
2.0143512982601916e-15,-11.000000000000012,0.0,0.0,0.0,4.36326774918697,0.9999999999999999,11.0,0.001984126984126977,9.52529430768235,445.40679586191595,-47.702248844136186,300.0,-5.3433318648587245e-14,-504.0000000000018,0.0,0.0,0.0,0.0,0.0,0.0
1.9083328088780744e-15,-12.000000000000012,0.0,0.0,0.0,4.363267749186953,0.9999999999999999,11.0,0.001984126984126977,9.52727843466648,444.5369001834514,-51.977922704439806,300.0,-5.3433318648587245e-14,-504.0000000000018,0.0,0.0,0.0,0.0,0.0,0.0
1.8023143194959572e-15,-13.000000000000012,0.0,0.0,0.0,4.363267749186973,0.9999999999999999,11.0,0.001984126984126977,9.52926256165061,443.5925161963088,-56.23776358596623,300.0,-5.3433318648587245e-14,-504.0000000000018,0.0,0.0,0.0,0.0,0.0,0.0
1.69629583011384e-15,-14.000000000000012,0.0,0.0,0.0,4.363267749186965,0.9999999999999999,11.0,0.001984126984126977,9.53124668863474,442.5739315689991,-60.48047389991691,300.0,-5.3433318648587245e-14,-504.0000000000018,0.0,0.0,0.0,0.0,0.0,0.0
1.5902773407317229e-15,-15.000000000000012,0.0,0.0,0.0,4.363267749186989,0.9999999999999999,11.0,0.001984126984126977,9.53323081561886,441.48145657226706,-64.70476127563019,300.0,-5.3433318648587245e-14,-504.0000000000018,0.0,0.0,0.0,0.0,0.0,0.0
1.4842588513496057e-15,-16.00000000000001,0.0,0.0,0.0,4.363267749186952,0.9999999999999999,11.0,0.001984126984126977,9.53521494260299,440.3154239845797,-68.90933895424978,300.0,-5.3433318648587245e-14,-504.0000000000009,0.0,0.0,0.0,4.583853296935575e-10,0.0,0.0
1.3782403619674885e-15,-17.00000000000001,0.0,0.0,0.0,4.363267749186965,0.9999999999999999,11.0,0.001984126984126977,9.53719906958712,439.07618899075885,-73.09292618068416,300.0,-5.3433318648587245e-14,-504.0000000000018,0.0,0.0,0.0,-4.583853296935575e-10,0.0,0.0
1.2722218725853714e-15,-18.00000000000001,0.0,0.0,0.0,4.363267749186987,0.9999999999999999,11.0,0.0019841269841270326,9.53918319657124,437.76412907378835,-77.25424859373685,300.0,-5.3433318648587245e-14,-504.0000000000018,0.0,0.0,0.0,0.0,0.0,0.0
1.1662033832032542e-15,-19.00000000000001,0.0,0.0,0.0,4.363267749186964,0.9999999999999999,11.0,0.001984126984126977,9.54116732355537,436.37964389982915,-81.39203861428915,300.0,-5.3433318648587245e-14,-504.0000000000018,0.0,0.0,0.0,0.0,0.0,0.0
1.060184893821137e-15,-20.00000000000001,0.0,0.0,0.0,4.363267749186967,0.9999999999999999,11.0,0.001984126984126977,9.5431514505395,434.92315519647707,-85.50503583141717,300.0,-5.3433318648587245e-14,-504.0000000000018,0.0,0.0,0.0,0.0,0.0,0.0
9.541664044390198e-16,-21.00000000000001,0.0,0.0,0.0,4.363267749186966,0.9999999999999999,11.0,0.001984126984126977,9.54513557752363,433.3951066243004,-89.59198738632506,300.0,-5.3433318648587245e-14,-504.0000000000018,0.0,0.0,0.0,0.0,0.0,0.0
8.481479150569027e-16,-22.00000000000001,0.0,0.0,0.0,4.36326774918696,0.9999999999999999,11.0,0.0019841269841270326,9.54711970450775,431.79596364169686,-93.651648353978,300.0,-5.3433318648587245e-14,-504.0000000000018,0.0,0.0,0.0,0.0,0.0,0.0
7.421294256747855e-16,-23.00000000000001,0.0,0.0,0.0,4.363267749186965,0.9999999999999999,11.0,0.001984126984126977,9.54910383149188,430.1262133631101,-97.68278212231843,300.0,-5.3433318648587245e-14,-504.0000000000018,0.0,0.0,0.0,0.0,0.0,0.0
6.361109362926683e-16,-24.00000000000001,0.0,0.0,0.0,4.363267749186948,0.9999999999999999,11.0,0.001984126984126977,9.55108795847601,428.38636441065023,-101.68416076895002,300.0,-5.3433318648587245e-14,-504.0000000000018,0.0,0.0,0.0,0.0,0.0,0.0
5.300924469105512e-16,-25.00000000000001,0.0,0.0,0.0,4.363267749186958,0.9999999999999999,11.0,0.001984126984126977,9.55307208546013,426.5769467591625,-105.65456543517483,300.0,-5.3433318648587245e-14,-504.0000000000018,0.0,0.0,0.0,0.0,0.0,0.0
4.2407395752843393e-16,-26.00000000000001,0.0,0.0,0.0,4.363267749186998,0.9999999999999999,11.0,0.001984126984126977,9.55505621244426,424.6985115747917,-109.59278669726933,300.0,-5.343331864858727e-14,-504.0000000000018,0.0,0.0,-1.2722748679404524e-26,0.0,0.0,0.0
3.180554681463167e-16,-27.00000000000001,0.0,0.0,0.0,4.363267749186994,0.9999999999999999,11.0,0.001984126984126977,9.55704033942839,422.7516310470919,-113.49762493488669,300.0,-5.343331864858727e-14,-504.0000000000018,0.0,0.0,0.0,0.0,0.0,0.0
2.120369787641995e-16,-28.00000000000001,0.0,0.0,0.0,4.363267749186934,0.9999999999999999,11.0,0.001984126984126977,9.55902446641251,420.7368982147317,-117.36789069647266,300.0,-5.343331864858727e-14,-504.0000000000018,0.0,0.0,0.0,0.0,0.0,0.0
1.0601848938208227e-16,-29.00000000000001,0.0,0.0,0.0,4.363267749186928,0.9999999999999999,11.0,0.001984126984126977,9.56100859339664,418.654926784849,-121.20240506158423,300.0,-5.343331864858727e-14,-504.0000000000018,0.0,0.0,0.0,0.0,0.0,0.0
-3.4956398862606086e-29,-30.00000000000001,0.0,0.0,0.0,4.363267749186975,0.9999999999999999,11.0,0.001984126984126977,9.56299272038077,416.5063509461097,-124.99999999999997,300.0,-5.343331864858727e-14,-504.0000000000018,0.0,0.0,0.0,0.0,0.0,0.0
-1.0601848938215218e-16,-31.00000000000001,0.0,0.0,0.0,4.36326774918699,0.9999999999999999,11.0,0.001984126984126977,9.5649768473649,414.2918251755281,-128.75951872751355,300.0,-5.343331864858727e-14,-504.0000000000018,0.0,0.0,0.0,0.0,0.0,0.0
-2.120369787642694e-16,-32.00000000000001,0.0,0.0,0.0,4.3632677491869485,0.9999999999999999,11.0,0.001984126984126977,9.56696097434902,412.0120240391065,-132.4798160583012,300.0,-5.343331864858727e-14,-504.0,0.0,0.0,0.0,9.16770659387115e-10,0.0,0.0
-3.180554681463866e-16,-33.00000000000001,0.0,0.0,0.0,4.363267749186959,0.9999999999999999,11.0,0.001984126984126977,9.56894510133315,409.66764198635605,-136.15975875375673,300.0,-5.343331864858727e-14,-504.0000000000018,0.0,0.0,0.0,-9.16770659387115e-10,0.0,0.0
-4.2407395752850385e-16,-34.00000000000001,0.0,0.0,0.0,4.363267749186979,0.9999999999999999,11.0,0.0019841269841270326,9.57092922831728,407.25939313876046,-139.79822586768668,300.0,-5.343331864858727e-14,-504.0000000000018,0.0,0.0,0.0,0.0,0.0,0.0
-5.300924469106211e-16,-35.00000000000001,0.0,0.0,0.0,4.363267749186927,0.9999999999999999,11.0,0.001984126984126977,9.5729133553014,404.788011072248,-143.39410908776148,300.0,-5.343331864858727e-14,-504.0000000000018,0.0,0.0,0.0,0.0,0.0,0.0
-6.361109362927383e-16,-36.00000000000001,0.0,0.0,0.0,4.363267749186997,0.9999999999999999,11.0,0.001984126984126977,9.57489748228553,402.2542485937369,-146.94631307311826,300.0,-5.3433318648587295e-14,-504.0000000000018,0.0,0.0,-1.2722748679404524e-26,0.0,0.0,0.0
-7.421294256748555e-16,-37.00000000000001,0.0,0.0,0.0,4.363267749186963,0.9999999999999999,11.0,0.001984126984126977,9.57688160926966,399.6588775118233,-150.45375578801205,300.0,-5.3433318648587245e-14,-504.0000000000018,0.0,0.0,2.544549735880905e-26,0.0,0.0,0.0
-8.481479150569727e-16,-38.00000000000001,0.0,0.0,0.0,4.363267749186989,0.9999999999999999,11.0,0.0019841269841270326,9.57886573625378,397.00268840168053,-153.91536883141455,300.0,-5.3433318648587245e-14,-504.0000000000018,0.0,0.0,0.0,0.0,0.0,0.0
-9.541664044390899e-16,-39.00000000000001,0.0,0.0,0.0,4.363267749186982,0.9999999999999999,11.0,0.001984126984126977,9.58084986323791,394.28649036424275,-157.33009776245936,300.0,-5.3433318648587245e-14,-504.0000000000018,0.0,0.0,0.0,0.0,0.0,0.0
-1.060184893821207e-15,-40.00000000000001,0.0,0.0,0.0,4.36326774918693,0.9999999999999999,11.0,0.001984126984126977,9.58283399022204,391.51111077974457,-160.6969024216348,300.0,-5.3433318648587245e-14,-504.0000000000018,0.0,0.0,0.0,0.0,0.0,0.0
-1.1662033832033242e-15,-41.00000000000001,0.0,0.0,0.0,4.36326774918696,0.9999999999999999,11.0,0.001984126984126977,9.58481811720617,388.67739505569307,-164.0147572476268,300.0,-5.3433318648587245e-14,-504.0000000000018,0.0,0.0,0.0,0.0,0.0,0.0
-1.2722218725854414e-15,-42.00000000000001,0.0,0.0,0.0,4.36326774918701,0.9999999999999999,11.0,0.001984126984126977,9.58680224419029,385.7862063693486,-167.28265158971453,300.0,-5.3433318648587245e-14,-504.0000000000018,0.0,0.0,0.0,0.0,0.0,0.0
-1.3782403619675586e-15,-43.00000000000001,0.0,0.0,0.0,4.363267749186954,0.9999999999999999,11.0,0.001984126984126977,9.58878637117442,382.83842540479264,-170.4995900156246,300.0,-5.3433318648587245e-14,-504.0000000000018,0.0,0.0,0.0,0.0,0.0,0.0
-1.4842588513496757e-15,-44.00000000000001,0.0,0.0,0.0,4.363267749186996,0.9999999999999999,11.0,0.001984126984126977,9.59077049815855,379.8349500846628,-173.66459261474932,300.0,-5.3433318648587245e-14,-504.0000000000018,0.0,0.0,0.0,0.0,0.0,0.0
-1.5902773407317929e-15,-45.00000000000001,0.0,0.0,0.0,4.363267749186981,0.9999999999999999,11.0,0.001984126984126977,9.59275462514267,376.7766952966369,-176.7766952966369,300.0,-5.3433318648587245e-14,-504.0000000000018,0.0,0.0,0.0,0.0,0.0,0.0
-1.69629583011391e-15,-46.00000000000001,0.0,0.0,0.0,4.363267749186962,0.9999999999999999,11.0,0.001984126984126977,9.5947387521268,373.6645926147493,-179.83495008466278,300.0,-5.3433318648587245e-14,-504.0000000000018,0.0,0.0,0.0,0.0,0.0,0.0
-1.8023143194960274e-15,-47.00000000000001,0.0,0.0,0.0,4.363267749186914,0.9999999999999999,11.0,0.0019842059333825546,9.59672295806018,370.4995900156247,-182.8384254047926,300.0,-5.343119259873568e-14,-503.9799464238373,0.0,0.0,1.0714864902847404e-15,10.106600240998207,0.0,0.0
-1.9083328088781446e-15,-48.00000000000001,0.0,0.0,0.0,4.363267749186994,0.9999999999999999,11.0,0.001997718593111819,9.59872067665329,367.2826515897146,-185.78620636934855,300.0,-5.306978157367386e-14,-500.57100306718274,0.0,0.0,1.8091187933473562e-13,1706.4181954397825,0.0,0.0
-2.0143512982602618e-15,-49.00000000000001,0.0,0.0,0.0,4.363267749186972,0.9999999999999999,11.0,0.0020216459256006125,9.6007423225789,364.01475724762685,-188.67739505569298,300.0,-5.244167044267163e-14,-494.64645976664247,0.0,0.0,3.106929472902745e-13,2930.554369346428,0.0,0.0
-2.120369787642379e-15,-50.00000000000001,0.0,0.0,0.0,4.363267749187,0.9999999999999999,11.0,0.0020464541816368476,9.60278877676053,360.69690242163483,-191.5111107797445,300.0,-5.1805943340165324e-14,-488.6500802085921,0.0,0.0,3.106480996304823e-13,2930.1313520024723,0.0,0.0
-2.226388277024496e-15,-51.00000000000001,0.0,0.0,0.0,4.36326774918693,0.9999999999999999,11.0,0.0020721987801036734,9.60486097554064,357.3300977624594,-194.2864903642427,300.0,-5.1162316279724226e-14,-482.57918574299276,0.0,0.0,3.1060102274982074e-13,2929.6873079405696,0.0,0.0
-2.3324067664066133e-15,-52.00000000000001,0.0,0.0,0.0,4.363267749186938,0.9999999999999999,11.0,0.002098940147257644,9.60695991568789,353.91536883141464,-197.00268840168047,300.0,-5.051048717165209e-14,-476.43092696406615,0.0,0.0,3.1055154618096725e-13,2929.220629258966,0.0,0.0
-2.4384252557887305e-15,-53.00000000000001,0.0,0.0,0.0,4.363267749187035,0.9999999999999999,11.0,0.0021267443139061926,9.6090866600018,350.4537557880121,-199.65887751182322,300.0,-4.985013416464517e-14,-470.20226806828765,0.0,0.0,3.104994816203683e-13,2928.7295398187644,0.0,0.0
-2.5444437451708477e-15,-54.00000000000001,0.0,0.0,0.0,4.3632677491869,0.9999999999999999,11.0,0.002155683602008851,9.61124234360381,346.94631307311835,-202.25424859373683,300.0,-4.918091378684577e-14,-463.889969320214,0.0,0.0,3.104446205258272e-13,2928.2120725839145,0.0,0.0
-2.650462234552965e-15,-55.00000000000001,0.0,0.0,0.0,4.363267749186957,0.9999999999999999,11.0,0.002185837416972758,9.61342818102078,343.3941090877616,-204.7880110722479,300.0,-4.850245885577191e-14,-457.4905673382773,0.0,0.0,3.103867313304303e-13,2927.6660433419192,0.0,0.0
-2.756480723935082e-15,-56.00000000000001,0.0,0.0,0.0,4.363267749186982,0.9999999999999999,11.0,0.00221729316542435,9.61564547418621,339.79822586768677,-207.2593931387604,300.0,-4.7814376120998775e-14,-451.00035285980914,0.0,0.0,3.10325556179427e-13,2927.0890199249766,0.0,0.0
-2.862499213317199e-15,-57.00000000000001,0.0,0.0,0.0,4.363267749186979,0.9999999999999999,11.0,0.0022501473226449464,9.61789562150885,336.1597587537568,-209.667641986356,300.0,-4.7116243596664803e-14,-444.41534558039274,0.0,0.0,3.102608070627939e-13,2926.478285731242,0.0,0.0
-2.9685177026993163e-15,-58.00000000000001,0.0,0.0,0.0,4.36326774918695,0.9999999999999999,11.0,0.0022845066793935054,9.62018012818824,332.4798160583013,-212.01202403910648,300.0,-4.6407607532258624e-14,-437.73126558136465,0.0,0.0,3.101921613091145e-13,2925.8307972216508,0.0,0.0
-3.0745361920814335e-15,-59.00000000000001,0.0,0.0,0.0,4.363267749187006,0.9999999999999999,11.0,0.002320489804877368,9.62250061799312,328.7595187275136,-214.29182517552806,300.0,-4.568797895999702e-14,-430.9435007635895,0.0,0.0,3.1011925617992004e-13,2925.1431329319535,0.0,0.0
-3.1805546814635507e-15,-60.00000000000001,0.0,0.0,0.0,4.36326774918699,0.9999999999999999,11.0,0.002358228771598747,9.62485884676472,325.0,-216.50635094610965,300.0,-4.495682974398093e-14,-424.0470695818468,0.0,0.0,3.100416824786864e-13,2924.411433190858,0.0,0.0
-3.286573170845668e-15,-61.00000000000001,0.0,0.0,0.0,4.3632677491869485,0.9999999999999999,11.0,0.002397871199349144,9.62725671796407,321.2024050615843,-218.65492678484893,300.0,-4.4213588040461256e-14,-417.03657822461906,0.0,0.0,3.0995897682968215e-13,2923.6313272915263,0.0,0.0
-3.392591660227785e-15,-62.00000000000001,0.0,0.0,0.0,4.363267749187008,0.9999999999999999,11.0,0.002439582690581865,9.62969630065465,317.36789069647267,-220.73689821473172,300.0,-4.3457633058066456e-14,-409.90617119089734,0.0,0.0,3.098706124261344e-13,2922.7978462255155,0.0,0.0
-3.4986101496099022e-15,-63.00000000000001,0.0,0.0,0.0,4.363267749186884,0.9999999999999999,11.0,0.00248354974893622,9.63217985040359,313.49762493488674,-222.7516310470919,300.0,-4.268828898133448e-14,-402.6494739750083,0.0,0.0,3.097759878019178e-13,2921.905316773638,0.0,0.0
-3.604628638992019e-15,-64.0,0.0,0.0,0.0,4.363267749186994,0.9999999999999999,11.0,0.0025299832984521653,9.63470983370204,309.5927866972694,-224.69851157479172,300.0,-4.1904817888318034e-14,-395.25952626321885,0.0,0.0,3.0967441306660994e-13,2920.9472316718698,0.0,0.0
-3.7106471283741366e-15,-65.0,0.0,0.0,0.0,4.363267749186961,0.9999999999999999,11.0,0.002579122955300106,9.63728895665734,305.6545654351749,-226.57694675916247,300.0,-4.110641145054799e-14,-387.7287036451745,0.0,0.0,3.0956509309854125e-13,2919.916091076091,0.0,0.0
-3.816665617756254e-15,-66.0,0.0,0.0,0.0,4.363267749186957,0.9999999999999999,11.0,0.0026312422499217836,9.63992019890726,301.6841607689501,-228.3863644106502,300.0,-4.029218114951672e-14,-380.04862533264003,0.0,0.0,3.094471066111142e-13,2918.8032051257496,0.0,0.0
-3.922684107138371e-15,-67.0,0.0,0.0,0.0,4.363267749186909,0.9999999999999999,11.0,0.002686655060080756,9.64260685396734,297.68278212231854,-230.12621336311003,300.0,-3.946114667170449e-14,-372.21004469773794,0.0,0.0,3.0931938013185304e-13,2917.5984484837286,0.0,0.0
-4.028702596520488e-15,-68.0,0.0,0.0,0.0,4.363267749187055,0.9999999999999999,11.0,0.00274572360134806,9.64535257756869,293.65164835397803,-231.79596364169683,300.0,-3.8612222049612456e-14,-364.2027185507647,0.0,0.0,3.091806552105988e-13,2916.2899510502743,0.0,0.0
-4.134721085902605e-15,-69.0,0.0,0.0,0.0,4.363267749186954,0.9999999999999999,11.0,0.002808868441273815,9.64816144600996,289.5919873863251,-233.39510662430044,300.0,-3.774419898926767e-14,-356.01524987993486,0.0,0.0,3.090294467301957e-13,2914.863704729625,0.0,0.0
-4.2407395752847224e-15,-70.0,0.0,0.0,0.0,4.3632677491869165,0.9999999999999999,11.0,0.002876581172373327,9.65103802718234,285.5050358314173,-234.92315519647707,300.0,-3.685572665228925e-14,-347.6348971494206,0.0,0.0,3.088639894855985e-13,2913.303059548182,0.0,0.0
-4.3467580646668396e-15,-71.0,0.0,0.0,0.0,4.3632677491870036,0.9999999999999999,11.0,0.00294944062080843,9.65398746780314,281.3920386142892,-236.37964389982918,300.0,-3.5945286924630447e-14,-339.0473410262868,0.0,0.0,3.0868216882741297e-13,2911.5880694625303,0.0,0.0
-4.452776554048957e-15,-72.0,0.0,0.0,0.0,4.363267749186964,0.9999999999999999,11.0,0.003028133819286072,9.65701560162243,277.2542485937369,-237.76412907378838,300.0,-3.50111638748906e-14,-330.23639630160733,0.0,0.0,3.0848142964835486e-13,2909.694633890807,0.0,0.0
-4.558795043431074e-15,-73.0,0.0,0.0,0.0,4.363267749186978,0.9999999999999999,11.0,0.003113483493262903,9.66012908511569,273.09292618068423,-239.07618899075885,300.0,-3.4051405639866843e-14,-321.18365238290704,0.0,0.0,3.0825865532950184e-13,2907.593355895309,0.0,0.0
-4.664813532813191e-15,-74.0,0.0,0.0,0.0,4.363267749186973,0.9999999999999999,11.0,0.003206484595176029,9.66333556971087,268.90933895424985,-240.31542398457972,300.0,-3.3063776305557763e-14,-311.8680194205337,0.0,0.0,3.08010004412593e-13,2905.248001624014,0.0,0.0
-4.770832022195308e-15,-75.0,0.0,0.0,0.0,4.363267749186979,0.9999999999999999,11.0,0.0033083536326897756,9.66664392334356,264.70476127563023,-241.4814565722671,300.0,-3.2045694370319745e-14,-302.2651478726417,0.0,0.0,3.0773068670118504e-13,2902.6133884255573,0.0,0.0
-4.8768505115774255e-15,-76.0,0.0,0.0,0.0,4.363267749186933,0.9999999999999999,11.0,0.0034205964492474705,9.67006451979281,260.480473899917,-242.57393156899911,300.0,-3.0994152907291785e-14,-292.34667545187426,0.0,0.0,3.074146508160241e-13,2899.6324377724654,0.0,0.0
-4.982869000959543e-15,-77.0,0.0,0.0,0.0,4.363267749187034,0.9999999999999999,11.0,0.0035451032155111584,9.67360962300832,256.23776358596626,-243.59251619630885,300.0,-2.990561429022615e-14,-282.0792341460255,0.0,0.0,3.070541394402474e-13,2896.231980193087,0.0,0.0
-5.08888749034166e-15,-78.0,0.0,0.0,0.0,4.363267749186919,0.9999999999999999,11.0,0.003684284569070828,9.67729390757739,251.9779227044399,-244.53690018345142,300.0,-2.877586880018242e-14,-271.4231165515572,0.0,0.0,3.0663904181773597e-13,2892.3166478304684,0.0,0.0
-5.194905979723777e-15,-79.0,0.0,0.0,0.0,4.363267749186979,0.9999999999999999,11.0,0.0038412717894694692,9.68113517936686,247.70224884413625,-245.406795861916,300.0,-2.7599840675881118e-14,-260.33044647905126,0.0,0.0,3.061559266712791e-13,2887.759752620281,0.0,0.0
-5.300924469105894e-15,-80.0,0.0,0.0,0.0,4.363267749186957,0.9999999999999999,11.0,0.004020219975904293,9.68515539934276,243.41204441673264,-246.20193825305202,300.0,-2.637131550451285e-14,-248.74260761690377,0.0,0.0,3.055865546491463e-13,2882.3892552150623,0.0,0.0
-5.406942958488011e-15,-81.0,0.0,0.0,0.0,4.3632677491869725,0.9999999999999999,11.0,0.004226783421638236,9.6893821827644,239.10861626005777,-246.92208514878448,300.0,-2.5082545947202718e-14,-236.58652460891935,0.0,0.0,3.0490551058577996e-13,2875.9654317165728,0.0,0.0
-5.5129614478701285e-15,-82.0,0.0,0.0,0.0,4.363267749186937,0.9999999999999999,11.0,0.004468892292217808,9.69385107505662,234.79327524001644,-247.5670171853926,300.0,-2.3723661804678982e-14,-223.76909860668704,0.0,0.0,3.040762796834571e-13,2868.143862977436,0.0,0.0
-5.618979937252246e-15,-83.0,0.0,0.0,0.0,4.363267749187002,0.9999999999999999,11.0,0.004758086233203562,9.69860916128982,230.46733585128692,-248.13653791033053,300.0,-2.2281750305886623e-14,-210.16853226023264,0.0,0.0,3.030444233503423e-13,2858.4110669422357,0.0,0.0
-5.724998426634363e-15,-84.0,0.0,0.0,0.0,4.363267749186983,0.9999999999999999,11.0,0.005111949126305193,9.70372111041613,226.1321158169134,-248.63047384206834,300.0,-2.0739347509655218e-14,-195.62010014032003,0.0,0.0,3.0172498945549713e-13,2845.965748181952,0.0,0.0
-5.83101691601648e-15,-85.0,0.0,0.0,0.0,4.363267749186987,0.9999999999999999,11.0,0.005558914137538007,9.70928002455367,221.78893568691456,-249.0486745229364,300.0,-1.9071798333095857e-14,-179.89124768941312,0.0,0.0,2.9997750195471697e-13,2829.4828921163285,0.0,0.0
-5.937035405398597e-15,-86.0,0.0,0.0,0.0,4.363267749186897,0.9999999999999999,11.0,0.006148771264266717,9.71542879581793,217.4391184360314,-249.39101256495607,300.0,-1.7242223661536806e-14,-162.63411940714903,0.0,0.0,2.975512655986301e-13,2806.597861682227,0.0,0.0
-6.043053894780714e-15,-87.0,0.0,0.0,0.0,4.363267749186977,0.9999999999999999,11.0,0.006979168933259616,9.72240796475119,213.08398906073603,-249.65738368864348,300.0,-1.5190703992975344e-14,-143.28353555599386,0.0,0.0,2.9394899137414704e-13,2772.620069266232,0.0,0.0
-6.1490723841628315e-15,-88.0,0.0,0.0,0.0,4.363267749186982,0.9999999999999999,11.0,0.008278583739614986,9.73068654849081,208.7248741756253,-249.84770675477398,300.0,-1.2806355859492263e-14,-120.79360811617444,0.0,0.0,2.8801401404848725e-13,2716.639481726746,0.0,0.0
-6.255090873544949e-15,-89.0,0.0,0.0,0.0,4.363267749187041,0.9999999999999999,11.0,0.01078886038065685,9.74147540887146,204.36310160932086,-249.96192378909785,300.0,-9.826662468651171e-15,-92.68819548289751,0.0,0.0,2.7618240348937686e-13,2605.039980280669,0.0,0.0
-6.361109362927066e-15,-90.0,0.0,0.0,0.0,4.363267749186897,0.9999999999999999,11.0,0.02604661305353062,9.76752202192499,200.00000000000006,-250.00000000000003,300.0,-4.070336867378093e-15,-38.39270764090573,0.0,0.0,2.2100092589553817e-13,2084.550790937942,0.0,0.0
-6.361109362927066e-15,-90.0,0.0,0.0,0.0,4.363267749186897,0.9999999999999999,11.0,0.01,9.77752202192499,200.00000000000006,-250.00000000000003,300.0,0.0,0.0,0.0,0.0,0.0,0.0,0.0,0.0
-6.361109362927066e-15,-90.0,0.0,0.0,0.0,4.363267749186897,0.9999999999999999,11.0,1.03,10.807522021925,200.00000000000006,-250.00000000000003,300.0,0.0,0.0,0.0,0.0,0.0,0.0,0.0,0.0
-6.255090873544949e-15,-89.0,0.0,0.0,0.0,4.363267749186897,1.0,12.0,0.0,10.807522021925,204.36310160932086,-249.96192378909785,300.0,0.0,0.0,0.0,0.0,0.0,0.0,0.0,0.0
-6.1490723841628315e-15,-88.0,0.0,0.0,0.0,4.363267749187041,1.0,12.0,0.036835473434187735,10.8443574953592,208.7248741756253,-249.84770675477398,300.0,2.8781628006366034e-15,27.1477439209965,0.0,0.0,7.813562667462061e-14,737.0000000000024,0.0,0.0
-6.043053894780714e-15,-87.0,0.0,0.0,0.0,4.363267749186982,1.0,12.0,0.008278583739614868,10.8526360790988,213.08398906073603,-249.65738368864348,300.0,1.280635585949295e-14,120.79360811618092,0.0,0.0,1.199262261653281e-12,11311.821821294205,0.0,0.0
-5.937035405398597e-15,-86.0,0.0,0.0,0.0,4.363267749186977,1.0,12.0,0.00697916893325963,10.8596152480321,217.4391184360314,-249.39101256495607,300.0,1.5190703992975344e-14,143.28353555599386,0.0,0.0,3.4163783056169234e-13,3222.4363179741604,0.0,0.0
-5.83101691601648e-15,-85.0,0.0,0.0,0.0,4.363267749186897,1.0,12.0,0.006148771264266731,10.8657640192963,221.78893568691456,-249.0486745229364,300.0,1.7242223661536806e-14,162.63411940714903,0.0,0.0,3.336470947429397e-13,3147.065164646819,0.0,0.0
-5.724998426634363e-15,-84.0,0.0,0.0,0.0,4.363267749186987,1.0,12.0,0.005558914137537972,10.8713229334339,226.1321158169134,-248.63047384206834,300.0,1.9071798333095857e-14,179.89124768941312,0.0,0.0,3.291244704077058e-13,3104.4063382327463,0.0,0.0
-5.618979937252246e-15,-83.0,0.0,0.0,0.0,4.363267749186983,1.0,12.0,0.005111949126305151,10.8764348825602,230.46733585128692,-248.13653791033053,300.0,2.0739347509655218e-14,195.62010014032003,0.0,0.0,3.2620613690745047e-13,3076.879691538729,0.0,0.0
-5.5129614478701285e-15,-82.0,0.0,0.0,0.0,4.363267749187002,1.0,12.0,0.004758086233203576,10.8811929687934,234.79327524001644,-247.5670171853926,300.0,2.2281750305886623e-14,210.16853226023264,0.0,0.0,3.2416453183803307e-13,3057.622625329657,0.0,0.0
-5.406942958488011e-15,-81.0,0.0,0.0,0.0,4.363267749186937,1.0,12.0,0.004468892292217766,10.8856618610856,239.10861626005777,-246.92208514878448,300.0,2.372366180468134e-14,223.7690986067093,0.0,0.0,3.2265523635594286e-13,3043.386471891826,0.0,0.0
-5.300924469105894e-15,-80.0,0.0,0.0,0.0,4.3632677491869725,1.0,12.0,0.004226783421638194,10.8898886445072,243.41204441673264,-246.20193825305202,300.0,2.5082545947202718e-14,236.58652460891935,0.0,0.0,3.214936766253043e-13,3032.430272294872,0.0,0.0
-5.194905979723777e-15,-79.0,0.0,0.0,0.0,4.363267749186957,1.0,12.0,0.004020219975904335,10.8939088644831,247.70224884413625,-245.406795861916,300.0,2.637131550451285e-14,248.74260761690377,0.0,0.0,3.205719003026053e-13,3023.73578581358,0.0,0.0
-5.08888749034166e-15,-78.0,0.0,0.0,0.0,4.363267749186979,1.0,12.0,0.0038412717894694137,10.8977501362726,251.9779227044399,-244.53690018345142,300.0,2.7599840675881118e-14,260.33044647905126,0.0,0.0,3.198225063730539e-13,3016.667264710158,0.0,0.0
-4.982869000959543e-15,-77.0,0.0,0.0,0.0,4.363267749186919,1.0,12.0,0.003684284569070856,10.9014344208417,256.23776358596626,-243.59251619630885,300.0,2.877586880018242e-14,271.4231165515572,0.0,0.0,3.1920121865014146e-13,3010.80708195775,0.0,0.0
-4.8768505115774255e-15,-76.0,0.0,0.0,0.0,4.363267749187034,1.0,12.0,0.0035451032155111584,10.9049795240572,260.480473899917,-242.57393156899911,300.0,2.990561429022615e-14,282.0792341460255,0.0,0.0,3.186777426114622e-13,3005.8694900176056,0.0,0.0
-4.770832022195308e-15,-75.0,0.0,0.0,0.0,4.363267749186933,1.0,12.0,0.0034205964492474705,10.9084001205064,264.70476127563023,-241.4814565722671,300.0,3.0994152907291785e-14,292.34667545187426,0.0,0.0,3.1823064580011855e-13,3001.6523311621363,0.0,0.0
-4.664813532813191e-15,-74.0,0.0,0.0,0.0,4.363267749186979,1.0,12.0,0.003308353632689748,10.9117084741391,268.90933895424985,-240.31542398457972,300.0,3.2045694370319745e-14,302.2651478726417,0.0,0.0,3.1784433581636036e-13,2998.00853293399,0.0,0.0
-4.558795043431074e-15,-73.0,0.0,0.0,0.0,4.363267749186973,1.0,12.0,0.0032064845951760707,10.9149149587343,273.09292618068423,-239.07618899075885,300.0,3.3063776305557763e-14,311.8680194205337,0.0,0.0,3.17507196750505e-13,2994.828530390871,0.0,0.0
-4.452776554048957e-15,-72.0,0.0,0.0,0.0,4.363267749186978,1.0,12.0,0.0031134834932628613,10.9180284422276,277.2542485937369,-237.76412907378838,300.0,3.4051405639866843e-14,321.18365238290704,0.0,0.0,3.1721039679388944e-13,2992.02901911367,0.0,0.0
-4.3467580646668396e-15,-71.0,0.0,0.0,0.0,4.363267749186964,1.0,12.0,0.0030281338192861135,10.9210565760468,281.3920386142892,-236.37964389982918,300.0,3.50111638748906e-14,330.23639630160733,0.0,0.0,3.169471008550357e-13,2989.5455283528736,0.0,0.0
-4.2407395752847224e-15,-70.0,0.0,0.0,0.0,4.3632677491870036,1.0,12.0,0.0029494406208084023,10.9240060166677,285.5050358314173,-234.92315519647707,300.0,3.5945286924630447e-14,339.0473410262868,0.0,0.0,3.167119362056617e-13,2987.3273808321637,0.0,0.0
-4.134721085902605e-15,-69.0,0.0,0.0,0.0,4.3632677491869165,1.0,12.0,0.002876581172373327,10.92688259784,289.5919873863251,-233.39510662430044,300.0,3.685572665228925e-14,347.6348971494206,0.0,0.0,3.165006210854136e-13,2985.3341896305037,0.0,0.0
-4.028702596520488e-15,-68.0,0.0,0.0,0.0,4.363267749186954,1.0,12.0,0.0028088684412738013,10.9296914662813,293.65164835397803,-231.79596364169683,300.0,3.774419898926767e-14,356.01524987993486,0.0,0.0,3.1630970106078196e-13,2983.533371436019,0.0,0.0
-3.922684107138371e-15,-67.0,0.0,0.0,0.0,4.363267749187055,1.0,12.0,0.002745723601348088,10.9324371898826,297.68278212231854,-230.12621336311003,300.0,3.8612222049612456e-14,364.2027185507647,0.0,0.0,3.161363583423265e-13,2981.8983479654453,0.0,0.0
-3.816665617756254e-15,-66.0,0.0,0.0,0.0,4.363267749186909,1.0,12.0,0.0026866550600807143,10.9351238449427,301.6841607689501,-228.3863644106502,300.0,3.946114667170449e-14,372.21004469773794,0.0,0.0,3.159782715338858e-13,2980.407223074276,0.0,0.0
-3.7106471283741366e-15,-65.0,0.0,0.0,0.0,4.363267749186957,1.0,12.0,0.0026312422499217836,10.9377550871926,305.6545654351749,-226.57694675916247,300.0,4.029218114951672e-14,380.04862533264003,0.0,0.0,3.1583351089656797e-13,2979.041794853591,0.0,0.0
-3.604628638992019e-15,-64.0,0.0,0.0,0.0,4.363267749186961,1.0,12.0,0.002579122955300134,10.9403342101479,309.5927866972694,-224.69851157479172,300.0,4.110641145054799e-14,387.7287036451745,0.0,0.0,3.157004590874729e-13,2977.786808012412,0.0,0.0
-3.498610149609902e-15,-63.0,0.0,0.0,0.0,4.363267749186994,1.0,12.0,0.002529983298452193,10.9428641934464,313.49762493488674,-222.7516310470919,300.0,4.1904817888318185e-14,395.2595262632217,0.0,0.0,3.1557775035855424e-13,2976.629380381684,0.0,0.0
-3.3925916602277842e-15,-62.0,0.0,0.0,0.0,4.363267749186997,1.0,12.0,0.0024835497489361646,10.9453477431953,317.3678906964728,-220.7368982147317,300.0,4.268828898133464e-14,402.6494739750083,0.0,0.0,3.1546422347770037e-13,2975.5585588536865,0.0,0.0
-3.2865731708456667e-15,-61.0,0.0,0.0,0.0,4.363267749186957,1.0,12.0,0.002439582690581893,10.9477873258859,321.20240506158433,-218.6549267848489,300.0,4.3457633058066614e-14,409.90617119089734,0.0,0.0,3.1535888482159947e-13,2974.56497125673,0.0,0.0
-3.180554681463549e-15,-60.0,0.0,0.0,0.0,4.3632677491869485,1.0,12.0,0.002397871199349144,10.9501851970853,325.00000000000006,-216.50635094610962,300.0,4.421358804046142e-14,417.03657822461906,0.0,0.0,3.1526087914978193e-13,2973.6405506920637,0.0,0.0
-3.0745361920814315e-15,-59.0,0.0,0.0,0.0,4.36326774918699,1.0,12.0,0.002358228771598747,10.9525434258569,328.75951872751364,-214.29182517552803,300.0,4.4956829743981095e-14,424.0470695818468,0.0,0.0,3.151694663685381e-13,2972.778316361291,0.0,0.0
-2.968517702699314e-15,-58.0,0.0,0.0,0.0,4.363267749186943,1.0,12.0,0.002320489804877368,10.9548639156617,332.4798160583013,-212.01202403910648,300.0,4.568797895999719e-14,430.9435007635895,0.0,0.0,3.1508400273052915e-13,2971.972196235371,0.0,0.0
-2.8624992133171964e-15,-57.0,0.0,0.0,0.0,4.363267749187013,1.0,12.0,0.0022845066793935054,10.9571484223411,336.1597587537569,-209.66764198635596,300.0,4.6407607532258794e-14,437.73126558136465,0.0,0.0,3.150039256845831e-13,2971.21688415338,0.0,0.0
-2.756480723935079e-15,-56.0,0.0,0.0,0.0,4.363267749186916,1.0,12.0,0.0022501473226449187,10.9593985696638,339.79822586768677,-207.2593931387604,300.0,4.7116243596664974e-14,444.41534558039274,0.0,0.0,3.1492874145380184e-13,2970.507722655058,0.0,0.0
-2.6504622345529613e-15,-55.0,0.0,0.0,0.0,4.363267749186982,1.0,12.0,0.0022172931654244055,10.9616158628292,343.3941090877616,-204.7880110722479,300.0,4.781437612099895e-14,451.00035285980914,0.0,0.0,3.1485801481753334e-13,2969.8406066012094,0.0,0.0
-2.5444437451708437e-15,-54.0,0.0,0.0,0.0,4.363267749186957,1.0,12.0,0.0021858374169727024,10.9638017002462,346.94631307311835,-202.25424859373683,300.0,4.8502458855772094e-14,457.4905673382773,0.0,0.0,3.1479136070703846e-13,2969.2119039014938,0.0,0.0
-2.438425255788726e-15,-53.0,0.0,0.0,0.0,4.363267749187008,1.0,12.0,0.0021556836020088788,10.9659573838482,350.4537557880122,-199.6588775118232,300.0,4.918091378684595e-14,463.889969320214,0.0,0.0,3.147284371609991e-13,2968.6183890683346,0.0,0.0
-2.3324067664066086e-15,-52.0,0.0,0.0,0.0,4.363267749186927,1.0,12.0,0.002126744313906165,10.9680841281621,353.91536883141464,-197.00268840168047,300.0,4.9850134164645354e-14,470.20226806828765,0.0,0.0,3.1466893947879576e-13,2968.057188068847,0.0,0.0
-2.226388277024491e-15,-51.0,0.0,0.0,0.0,4.363267749187001,1.0,12.0,0.002098940147257672,10.9701830683094,357.33009776245945,-194.28649036424267,300.0,5.0510487171652275e-14,476.43092696406615,0.0,0.0,3.14612595251816e-13,2967.5257314587247,0.0,0.0
-2.1203697876423734e-15,-50.0,0.0,0.0,0.0,4.36326774918693,1.0,12.0,0.002072198780103701,10.9722552670895,360.6969024216349,-191.51111077974448,300.0,5.1162316279724416e-14,482.57918574299276,0.0,0.0,3.1455916021703467e-13,2967.021715271614,0.0,0.0
-2.014351298260256e-15,-49.0,0.0,0.0,0.0,4.363267749186938,1.0,12.0,0.00204645418163682,10.9743017212711,364.01475724762685,-188.67739505569298,300.0,5.180594334016552e-14,488.6500802085921,0.0,0.0,3.1450841470896566e-13,2966.543067553014,0.0,0.0
-1.9083328088781383e-15,-48.0,0.0,0.0,0.0,4.36326774918701,1.0,12.0,0.0020216459256006403,10.9763233671967,367.2826515897146,-185.7862063693485,300.0,5.2441670442671825e-14,494.64645976664247,0.0,0.0,3.144601606324497e-13,2966.087919806677,0.0,0.0
-1.8023143194960207e-15,-47.0,0.0,0.0,0.0,4.363267749186956,1.0,12.0,0.0019977185931117636,10.9783210857898,370.4995900156247,-182.8384254047926,300.0,5.3069781573674055e-14,500.57100306718274,0.0,0.0,3.1441421888344854e-13,2965.654582666405,0.0,0.0
-1.6962958301139034e-15,-46.0,0.0,0.0,0.0,4.363267749187016,1.0,12.0,0.0019842059333825546,10.9803052917232,373.66459261474944,-179.83495008466275,300.0,5.343119259873568e-14,503.9799464238373,0.0,0.0,1.8214390904754326e-13,1718.0390902486618,0.0,0.0
-1.590277340731786e-15,-45.0,0.0,0.0,0.0,4.363267749186921,1.0,12.0,0.001984126984127005,10.9822894187073,376.77669529663694,-176.77669529663686,300.0,5.3433318648587345e-14,504.0000000000018,0.0,0.0,1.0715291252382591e-15,10.107002386915191,0.0,0.0
-1.4842588513496686e-15,-44.0,0.0,0.0,0.0,4.363267749186981,1.0,12.0,0.001984126984126977,10.9842735456914,379.83495008466286,-173.6645926147493,300.0,5.3433318648587345e-14,504.0000000000018,0.0,0.0,0.0,0.0,0.0,0.0
-1.3782403619675513e-15,-43.0,0.0,0.0,0.0,4.363267749186996,1.0,12.0,0.001984126984126977,10.9862576726756,382.8384254047927,-170.49959001562456,300.0,5.3433318648587345e-14,504.0000000000018,0.0,0.0,0.0,0.0,0.0,0.0
-1.2722218725854339e-15,-42.0,0.0,0.0,0.0,4.363267749186915,1.0,12.0,0.001984126984126977,10.9882417996597,385.7862063693486,-167.2826515897145,300.0,5.3433318648587345e-14,504.0000000000018,0.0,0.0,0.0,0.0,0.0,0.0
-1.1662033832033165e-15,-41.0,0.0,0.0,0.0,4.363267749187031,1.0,12.0,0.001984126984127005,10.9902259266438,388.67739505569307,-164.01475724762673,300.0,5.3433318648587345e-14,504.0000000000018,0.0,0.0,0.0,0.0,0.0,0.0
-1.0601848938211991e-15,-40.0,0.0,0.0,0.0,4.36326774918696,1.0,12.0,0.001984126984126977,10.992210053628,391.51111077974457,-160.69690242163475,300.0,5.3433318648587345e-14,504.0000000000018,0.0,0.0,0.0,0.0,0.0,0.0
-9.541664044390818e-16,-39.0,0.0,0.0,0.0,4.36326774918693,1.0,12.0,0.001984126984126977,10.9941941806121,394.28649036424275,-157.3300977624593,300.0,5.3433318648587345e-14,504.0000000000018,0.0,0.0,0.0,0.0,0.0,0.0
-8.481479150569644e-16,-38.0,0.0,0.0,0.0,4.363267749187018,1.0,12.0,0.001984126984126977,10.9961783075962,397.0026884016806,-153.9153688314145,300.0,5.3433318648587345e-14,504.0000000000018,0.0,0.0,0.0,0.0,0.0,0.0
-7.42129425674847e-16,-37.0,0.0,0.0,0.0,4.3632677491869325,1.0,12.0,0.001984126984127005,10.9981624345803,399.6588775118233,-150.45375578801202,300.0,5.3433318648587345e-14,504.0000000000018,0.0,0.0,0.0,0.0,0.0,0.0
-6.361109362927297e-16,-36.0,0.0,0.0,0.0,4.363267749186963,1.0,12.0,0.001984126984126977,11.0001465615645,402.2542485937369,-146.94631307311823,300.0,5.3433318648587345e-14,504.0000000000018,0.0,0.0,0.0,0.0,0.0,0.0
-5.300924469106123e-16,-35.0,0.0,0.0,0.0,4.363267749186997,1.0,12.0,0.001984126984126977,11.0021306885486,404.788011072248,-143.39410908776145,300.0,5.3433318648587345e-14,504.0000000000018,0.0,0.0,0.0,0.0,0.0,0.0
-4.240739575284949e-16,-34.0,0.0,0.0,0.0,4.363267749186903,1.0,12.0,0.001984126984126977,11.0041148155327,407.25939313876046,-139.79822586768668,300.0,5.3433318648587345e-14,504.0000000000018,0.0,0.0,0.0,0.0,0.0,0.0
-3.1805546814637755e-16,-33.0,0.0,0.0,0.0,4.363267749187002,1.0,12.0,0.001984126984127005,11.0060989425168,409.66764198635605,-136.1597587537567,300.0,5.3433318648587345e-14,504.0000000000018,0.0,0.0,0.0,0.0,0.0,0.0
-2.1203697876426016e-16,-32.0,0.0,0.0,0.0,4.363267749186959,1.0,12.0,0.001984126984126977,11.008083069501,412.0120240391065,-132.47981605830117,300.0,5.343331864858736e-14,504.0000000000018,0.0,0.0,6.361374339702262e-27,0.0,0.0,0.0
-1.0601848938214276e-16,-31.0,0.0,0.0,0.0,4.363267749186973,1.0,12.0,0.001984126984126977,11.0100671964851,414.2918251755281,-128.7595187275135,300.0,5.343331864858736e-14,504.0000000000018,0.0,0.0,0.0,0.0,0.0,0.0
-2.536680848351316e-29,-30.0,0.0,0.0,0.0,4.363267749187006,1.0,12.0,0.001984126984126977,11.0120513234692,416.50635094610976,-124.99999999999993,300.0,5.343331864858736e-14,504.0000000000018,0.0,0.0,0.0,0.0,0.0,0.0
1.0601848938209203e-16,-29.0,0.0,0.0,0.0,4.363267749186934,1.0,12.0,0.001984126984127005,11.0140354504533,418.654926784849,-121.2024050615842,300.0,5.343331864858736e-14,504.0000000000018,0.0,0.0,0.0,0.0,0.0,0.0
2.1203697876420942e-16,-28.0,0.0,0.0,0.0,4.363267749186943,1.0,12.0,0.001984126984126977,11.0160195774375,420.73689821473175,-117.36789069647264,300.0,5.343331864858736e-14,504.0000000000018,0.0,0.0,0.0,0.0,0.0,0.0
3.180554681463268e-16,-27.0,0.0,0.0,0.0,4.3632677491869725,1.0,12.0,0.001984126984126977,11.0180037044216,422.75163104709196,-113.49762493488663,300.0,5.343331864858736e-14,504.0000000000018,0.0,0.0,0.0,0.0,0.0,0.0
4.2407395752844424e-16,-26.0,0.0,0.0,0.0,4.363267749186956,1.0,12.0,0.001984126984127005,11.0199878314057,424.6985115747917,-109.59278669726929,300.0,5.343331864858737e-14,504.0000000000018,0.0,0.0,6.361374339702262e-27,0.0,0.0,0.0
5.300924469105616e-16,-25.0,0.0,0.0,0.0,4.363267749186985,1.0,12.0,0.001984126984126977,11.0219719583899,426.5769467591625,-105.6545654351748,300.0,5.3433318648587345e-14,504.0000000000018,0.0,0.0,-1.2722748679404524e-26,0.0,0.0,0.0
6.36110936292679e-16,-24.0,0.0,0.0,0.0,4.363267749186971,1.0,12.0,0.001984126984126977,11.023956085374,428.38636441065023,-101.68416076894998,300.0,5.3433318648587345e-14,504.0000000000018,0.0,0.0,0.0,0.0,0.0,0.0
7.421294256747963e-16,-23.0,0.0,0.0,0.0,4.36326774918696,1.0,12.0,0.001984126984126977,11.0259402123581,430.1262133631101,-97.68278212231837,300.0,5.3433318648587345e-14,504.0000000000018,0.0,0.0,0.0,0.0,0.0,0.0
8.481479150569137e-16,-22.0,0.0,0.0,0.0,4.363267749186965,1.0,12.0,0.001984126984126977,11.0279243393422,431.79596364169686,-93.65164835397795,300.0,5.3433318648587345e-14,504.0000000000018,0.0,0.0,0.0,0.0,0.0,0.0
9.54166404439031e-16,-21.0,0.0,0.0,0.0,4.363267749186947,1.0,12.0,0.001984126984127005,11.0299084663264,433.3951066243004,-89.59198738632502,300.0,5.3433318648587345e-14,504.0000000000018,0.0,0.0,0.0,0.0,0.0,0.0
1.0601848938211485e-15,-20.0,0.0,0.0,0.0,4.36326774918698,1.0,12.0,0.001984126984126977,11.0318925933105,434.92315519647707,-85.50503583141712,300.0,5.3433318648587345e-14,504.0000000000018,0.0,0.0,0.0,0.0,0.0,0.0
1.1662033832032658e-15,-19.0,0.0,0.0,0.0,4.3632677491869725,1.0,12.0,0.001984126984126977,11.0338767202946,436.3796438998292,-81.3920386142891,300.0,5.3433318648587345e-14,504.0000000000018,0.0,0.0,0.0,0.0,0.0,0.0
1.2722218725853832e-15,-18.0,0.0,0.0,0.0,4.363267749186959,1.0,12.0,0.001984126984127005,11.0358608472787,437.76412907378835,-77.25424859373679,300.0,5.3433318648587345e-14,504.0000000000018,0.0,0.0,0.0,0.0,0.0,0.0
1.3782403619675006e-15,-17.0,0.0,0.0,0.0,4.363267749186959,1.0,12.0,0.001984126984126977,11.0378449742629,439.07618899075885,-73.09292618068413,300.0,5.3433318648587345e-14,504.0000000000018,0.0,0.0,0.0,0.0,0.0,0.0
1.484258851349618e-15,-16.0,0.0,0.0,0.0,4.363267749186995,1.0,12.0,0.001984126984126977,11.039829101247,440.31542398457975,-68.90933895424973,300.0,5.3433318648587345e-14,504.0000000000018,0.0,0.0,0.0,0.0,0.0,0.0
1.5902773407317353e-15,-15.0,0.0,0.0,0.0,4.363267749186965,1.0,12.0,0.001984126984126977,11.0418132282311,441.4814565722671,-64.70476127563013,300.0,5.3433318648587345e-14,504.0000000000018,0.0,0.0,0.0,0.0,0.0,0.0
1.6962958301138527e-15,-14.0,0.0,0.0,0.0,4.363267749186968,1.0,12.0,0.001984126984126977,11.0437973552153,442.5739315689991,-60.48047389991686,300.0,5.3433318648587345e-14,504.0000000000018,0.0,0.0,0.0,0.0,0.0,0.0
1.8023143194959702e-15,-13.0,0.0,0.0,0.0,4.363267749186965,1.0,12.0,0.001984126984127005,11.0457814821994,443.5925161963088,-56.23776358596618,300.0,5.3433318648587446e-14,504.0000000000018,0.0,0.0,5.08909947176181e-26,0.0,0.0,0.0
1.908332808878088e-15,-12.0,0.0,0.0,0.0,4.363267749186973,1.0,12.0,0.001984126984126977,11.0477656091835,444.5369001834514,-51.977922704439756,300.0,5.3433318648587446e-14,504.0000000000018,0.0,0.0,0.0,0.0,0.0,0.0
2.0143512982602054e-15,-11.0,0.0,0.0,0.0,4.363267749186959,1.0,12.0,0.001984126984127005,11.0497497361676,445.40679586191595,-47.70224884413613,300.0,5.3433318648587446e-14,504.0000000000018,0.0,0.0,0.0,0.0,0.0,0.0
2.120369787642323e-15,-10.0,0.0,0.0,0.0,4.36326774918697,1.0,12.0,0.001984126984126977,11.0517338631518,446.201938253052,-43.41204441673251,300.0,5.3433318648587446e-14,504.0000000000018,0.0,0.0,0.0,0.0,0.0,0.0
2.2263882770244405e-15,-9.0,0.0,0.0,0.0,4.3632677491869725,1.0,12.0,0.001984126984126977,11.0537179901359,446.92208514878445,-39.108616260057644,300.0,5.3433318648587446e-14,504.0000000000018,0.0,0.0,0.0,0.0,0.0,0.0
2.332406766406558e-15,-8.0,0.0,0.0,0.0,4.363267749186973,1.0,12.0,0.001984126984126977,11.05570211712,447.5670171853926,-34.793275240016285,300.0,5.3433318648587446e-14,504.0000000000018,0.0,0.0,0.0,0.0,0.0,0.0
2.4384252557886757e-15,-7.0,0.0,0.0,0.0,4.363267749186963,1.0,12.0,0.001984126984126977,11.0576862441041,448.1365379103305,-30.467335851286794,300.0,5.3433318648587446e-14,504.0000000000018,0.0,0.0,0.0,0.0,0.0,0.0
2.5444437451707932e-15,-6.0,0.0,0.0,0.0,4.363267749186969,1.0,12.0,0.001984126984126977,11.0596703710883,448.63047384206834,-26.13211581691329,300.0,5.3433318648587446e-14,504.0000000000018,0.0,0.0,0.0,0.0,0.0,0.0
2.6504622345529108e-15,-5.0,0.0,0.0,0.0,4.36326774918697,1.0,12.0,0.0019841269841270326,11.0616544980724,449.0486745229364,-21.788935686914463,300.0,5.3433318648587446e-14,504.0000000000018,0.0,0.0,0.0,0.0,0.0,0.0
2.7564807239350284e-15,-4.0,0.0,0.0,0.0,4.363267749186968,1.0,12.0,0.001984126984126977,11.0636386250565,449.39101256495604,-17.439118436031244,300.0,5.3433318648587446e-14,504.0000000000018,0.0,0.0,0.0,0.0,0.0,0.0
2.862499213317146e-15,-3.0,0.0,0.0,0.0,4.363267749186968,1.0,12.0,0.001984126984126977,11.0656227520406,449.65738368864345,-13.083989060735876,300.0,5.3433318648587446e-14,504.0000000000018,0.0,0.0,0.0,0.0,0.0,0.0
2.9685177026992635e-15,-2.0,0.0,0.0,0.0,4.363267749186971,1.0,12.0,0.001984126984126977,11.0676068790248,449.847706754774,-8.72487417562516,300.0,5.3433318648587446e-14,504.0000000000018,0.0,0.0,0.0,0.0,0.0,0.0
3.074536192081381e-15,-1.0,0.0,0.0,0.0,4.363267749186965,1.0,12.0,0.001984126984126977,11.0695910060089,449.9619237890978,-4.363101609320796,300.0,5.3433318648587446e-14,504.0000000000018,0.0,0.0,0.0,0.0,0.0,0.0
3.1805546814634986e-15,0.0,0.0,0.0,0.0,4.363267749186969,1.0,12.0,0.001984126984126977,11.071575132993,450.0,8.376306441313884e-14,300.0,5.3433318648587446e-14,504.0000000000018,0.0,0.0,0.0,0.0,0.0,0.0
3.286573170845616e-15,1.0,0.0,0.0,0.0,4.363267749186969,1.0,12.0,0.001984126984126977,11.0735592599772,449.9619237890978,4.363101609320963,300.0,5.3433318648587446e-14,504.0000000000018,0.0,0.0,0.0,0.0,0.0,0.0
3.3925916602277338e-15,2.0,0.0,0.0,0.0,4.363267749186967,1.0,12.0,0.001984126984126977,11.0755433869613,449.847706754774,8.72487417562533,300.0,5.3433318648587446e-14,504.0000000000018,0.0,0.0,0.0,0.0,0.0,0.0
3.4986101496098513e-15,3.0,0.0,0.0,0.0,4.363267749186969,1.0,12.0,0.001984126984126977,11.0775275139454,449.65738368864345,13.083989060736043,300.0,5.3433318648587446e-14,504.0000000000018,0.0,0.0,0.0,0.0,0.0,0.0
3.604628638991969e-15,4.0,0.0,0.0,0.0,4.363267749186976,1.0,12.0,0.001984126984126977,11.0795116409295,449.39101256495604,17.439118436031418,300.0,5.3433318648587446e-14,504.0000000000018,0.0,0.0,0.0,0.0,0.0,0.0
3.710647128374086e-15,5.0,0.0,0.0,0.0,4.363267749186961,1.0,12.0,0.0019841269841270326,11.0814957679137,449.0486745229364,21.78893568691463,300.0,5.3433318648587245e-14,504.0000000000018,0.0,0.0,-1.017819894352362e-25,0.0,0.0,0.0
3.816665617756203e-15,6.0,0.0,0.0,0.0,4.363267749186963,1.0,12.0,0.001984126984126977,11.0834798948978,448.63047384206834,26.13211581691345,300.0,5.3433318648587245e-14,504.0000000000018,0.0,0.0,0.0,0.0,0.0,0.0
3.9226841071383204e-15,7.0,0.0,0.0,0.0,4.3632677491869725,1.0,12.0,0.001984126984126977,11.0854640218819,448.1365379103305,30.467335851286958,300.0,5.3433318648587245e-14,504.0000000000018,0.0,0.0,0.0,0.0,0.0,0.0
4.0287025965204376e-15,8.0,0.0,0.0,0.0,4.363267749186963,1.0,12.0,0.001984126984126977,11.087448148866,447.5670171853926,34.79327524001645,300.0,5.3433318648587245e-14,504.0000000000018,0.0,0.0,0.0,0.0,0.0,0.0
4.134721085902555e-15,9.0,0.0,0.0,0.0,4.363267749186973,1.0,12.0,0.001984126984126977,11.0894322758502,446.92208514878445,39.10861626005781,300.0,5.3433318648587245e-14,504.0000000000018,0.0,0.0,0.0,0.0,0.0,0.0
4.240739575284672e-15,10.0,0.0,0.0,0.0,4.3632677491869725,1.0,12.0,0.001984126984126977,11.0914164028343,446.201938253052,43.41204441673268,300.0,5.3433318648587245e-14,504.0000000000018,0.0,0.0,0.0,0.0,0.0,0.0
4.346758064666789e-15,11.0,0.0,0.0,0.0,4.36326774918697,1.0,12.0,0.0019841269841270326,11.0934005298184,445.40679586191595,47.70224884413629,300.0,5.3433318648587245e-14,504.0000000000018,0.0,0.0,0.0,0.0,0.0,0.0
4.452776554048906e-15,12.0,0.0,0.0,0.0,4.363267749186959,1.0,12.0,0.001984126984126977,11.0953846568026,444.5369001834514,51.97792270443992,300.0,5.3433318648587245e-14,504.0000000000018,0.0,0.0,0.0,0.0,0.0,0.0
4.5587950434310235e-15,13.0,0.0,0.0,0.0,4.363267749186973,1.0,12.0,0.001984126984126977,11.0973687837867,443.5925161963088,56.23776358596634,300.0,5.3433318648587245e-14,504.0000000000018,0.0,0.0,0.0,0.0,0.0,0.0
4.664813532813141e-15,14.0,0.0,0.0,0.0,4.363267749186965,1.0,12.0,0.001984126984126977,11.0993529107708,442.5739315689991,60.48047389991702,300.0,5.3433318648587245e-14,504.0000000000018,0.0,0.0,0.0,0.0,0.0,0.0
4.770832022195258e-15,15.0,0.0,0.0,0.0,4.363267749186948,1.0,12.0,0.001984126984126977,11.1013370377549,441.4814565722671,64.70476127563028,300.0,5.3433318648587245e-14,504.0000000000018,0.0,0.0,0.0,0.0,0.0,0.0
4.876850511577375e-15,16.0,0.0,0.0,0.0,4.363267749186965,1.0,12.0,0.001984126984126977,11.1033211647391,440.31542398457975,68.90933895424988,300.0,5.3433318648587245e-14,504.0000000000018,0.0,0.0,0.0,0.0,0.0,0.0
4.982869000959492e-15,17.0,0.0,0.0,0.0,4.363267749186995,1.0,12.0,0.001984126984126977,11.1053052917232,439.07618899075885,73.09292618068427,300.0,5.3433318648587245e-14,504.0000000000018,0.0,0.0,0.0,0.0,0.0,0.0
5.088887490341609e-15,18.0,0.0,0.0,0.0,4.3632677491869725,1.0,12.0,0.001984126984126977,11.1072894187073,437.76412907378835,77.25424859373695,300.0,5.3433318648587245e-14,504.0000000000018,0.0,0.0,0.0,0.0,0.0,0.0
5.1949059797237265e-15,19.0,0.0,0.0,0.0,4.363267749186959,1.0,12.0,0.001984126984126977,11.1092735456914,436.3796438998292,81.39203861428926,300.0,5.3433318648587245e-14,504.0000000000018,0.0,0.0,0.0,0.0,0.0,0.0
5.300924469105844e-15,20.0,0.0,0.0,0.0,4.3632677491869725,1.0,12.0,0.001984126984126977,11.1112576726756,434.92315519647707,85.50503583141727,300.0,5.3433318648587245e-14,504.0000000000018,0.0,0.0,0.0,0.0,0.0,0.0
5.406942958487961e-15,21.0,0.0,0.0,0.0,4.36326774918698,1.0,12.0,0.001984126984126977,11.1132417996597,433.3951066243004,89.59198738632517,300.0,5.3433318648587245e-14,504.0000000000018,0.0,0.0,0.0,0.0,0.0,0.0
5.512961447870078e-15,22.0,0.0,0.0,0.0,4.363267749186947,1.0,12.0,0.0019841269841270326,11.1152259266438,431.79596364169686,93.6516483539781,300.0,5.3433318648587245e-14,504.0000000000018,0.0,0.0,0.0,0.0,0.0,0.0
5.618979937252195e-15,23.0,0.0,0.0,0.0,4.363267749186965,1.0,12.0,0.001984126984126977,11.117210053628,430.1262133631101,97.68278212231853,300.0,5.3433318648587245e-14,504.0000000000018,0.0,0.0,0.0,0.0,0.0,0.0
5.724998426634312e-15,24.0,0.0,0.0,0.0,4.36326774918696,1.0,12.0,0.001984126984126977,11.1191941806121,428.38636441065023,101.68416076895014,300.0,5.3433318648587245e-14,504.0000000000018,0.0,0.0,0.0,0.0,0.0,0.0
5.8310169160164295e-15,25.0,0.0,0.0,0.0,4.363267749186971,1.0,12.0,0.001984126984126977,11.1211783075962,426.5769467591625,105.65456543517496,300.0,5.3433318648587245e-14,504.0000000000018,0.0,0.0,0.0,0.0,0.0,0.0
5.937035405398547e-15,26.0,0.0,0.0,0.0,4.363267749186985,1.0,12.0,0.0019841269841270326,11.1231624345803,424.6985115747917,109.59278669726945,300.0,5.3433318648587245e-14,504.0000000000018,0.0,0.0,0.0,0.0,0.0,0.0
6.043053894780664e-15,27.0,0.0,0.0,0.0,4.363267749186956,1.0,12.0,0.001984126984126977,11.1251465615645,422.75163104709196,113.49762493488679,300.0,5.3433318648587245e-14,504.0000000000018,0.0,0.0,0.0,0.0,0.0,0.0
6.149072384162781e-15,28.0,0.0,0.0,0.0,4.363267749186985,1.0,12.0,0.001984126984126977,11.1271306885486,420.73689821473175,117.36789069647281,300.0,5.3433318648587245e-14,504.0000000000018,0.0,0.0,0.0,0.0,0.0,0.0
6.255090873544898e-15,29.0,0.0,0.0,0.0,4.363267749186997,1.0,12.0,0.001984126984126977,11.1291148155327,418.6549267848489,121.20240506158437,300.0,5.3433318648587245e-14,504.0000000000018,0.0,0.0,0.0,0.0,0.0,0.0
6.361109362927015e-15,30.0,0.0,0.0,0.0,4.363267749186922,1.0,12.0,0.001984126984126977,11.1310989425168,416.50635094610965,125.00000000000009,300.0,5.3433318648587245e-14,504.0000000000018,0.0,0.0,0.0,0.0,0.0,0.0
6.4671278523091326e-15,31.0,0.0,0.0,0.0,4.363267749187019,1.0,12.0,0.001984126984126977,11.133083069501,414.291825175528,128.75951872751367,300.0,5.3433318648587245e-14,504.0000000000018,0.0,0.0,0.0,0.0,0.0,0.0
6.57314634169125e-15,32.0,0.0,0.0,0.0,4.363267749186973,1.0,12.0,0.001984126984126977,11.1350671964851,412.0120240391064,132.47981605830134,300.0,5.3433318648587245e-14,504.0000000000018,0.0,0.0,0.0,0.0,0.0,0.0
6.679164831073367e-15,33.0,0.0,0.0,0.0,4.363267749186959,1.0,12.0,0.001984126984126977,11.1370513234692,409.66764198635593,136.15975875375688,300.0,5.3433318648587245e-14,504.0000000000018,0.0,0.0,0.0,0.0,0.0,0.0
6.785183320455484e-15,34.0,0.0,0.0,0.0,4.363267749187002,1.0,12.0,0.001984126984126977,11.1390354504533,407.25939313876034,139.79822586768685,300.0,5.3433318648587245e-14,504.0000000000018,0.0,0.0,0.0,0.0,0.0,0.0
6.891201809837601e-15,35.0,0.0,0.0,0.0,4.363267749186935,1.0,12.0,0.001984126984126977,11.1410195774375,404.78801107224785,143.39410908776162,300.0,5.3433318648587245e-14,504.0000000000018,0.0,0.0,0.0,0.0,0.0,0.0
6.9972202992197184e-15,36.0,0.0,0.0,0.0,4.3632677491869645,1.0,12.0,0.001984126984126977,11.1430037044216,402.2542485937368,146.9463130731184,300.0,5.3433318648587245e-14,504.0000000000018,0.0,0.0,0.0,0.0,0.0,0.0
7.1032387886018356e-15,37.0,0.0,0.0,0.0,4.363267749186963,1.0,12.0,0.001984126984126977,11.1449878314057,399.65887751182316,150.4537557880122,300.0,5.3433318648587245e-14,504.0000000000018,0.0,0.0,0.0,0.0,0.0,0.0
7.209257277983954e-15,38.0,0.0,0.0,0.0,4.363267749186967,1.0,12.0,0.0019841269841270326,11.1469719583899,397.0026884016804,153.91536883141467,300.0,5.343331864858764e-14,504.0000000000018,0.0,0.0,2.0038329170062125e-25,0.0,0.0,0.0
7.315275767366072e-15,39.0,0.0,0.0,0.0,4.363267749186982,1.0,12.0,0.0019841269841270326,11.148956085374,394.28649036424264,157.33009776245947,300.0,5.343331864858764e-14,504.0000000000018,0.0,0.0,0.0,0.0,0.0,0.0
7.42129425674819e-15,40.0,0.0,0.0,0.0,4.36326774918693,1.0,12.0,0.001984126984126977,11.1509402123581,391.51111077974446,160.69690242163492,300.0,5.343331864858764e-14,504.0000000000018,0.0,0.0,0.0,0.0,0.0,0.0
7.527312746130307e-15,41.0,0.0,0.0,0.0,4.3632677491869964,1.0,12.0,0.001984126984126977,11.1529243393422,388.6773950556929,164.0147572476269,300.0,5.343331864858764e-14,504.0000000000018,0.0,0.0,0.0,0.0,0.0,0.0
7.633331235512425e-15,42.0,0.0,0.0,0.0,4.363267749186993,1.0,12.0,0.001984126984126977,11.1549084663264,385.78620636934846,167.28265158971467,300.0,5.343331864858764e-14,504.0000000000018,0.0,0.0,0.0,0.0,0.0,0.0
7.739349724894543e-15,43.0,0.0,0.0,0.0,4.363267749186954,1.0,12.0,0.001984126984126977,11.1568925933105,382.83842540479253,170.49959001562473,300.0,5.343331864858764e-14,504.0000000000018,0.0,0.0,0.0,0.0,0.0,0.0
7.845368214276661e-15,44.0,0.0,0.0,0.0,4.363267749186954,1.0,12.0,0.001984126984126977,11.1588767202946,379.8349500846627,173.6645926147494,300.0,5.343331864858764e-14,504.0000000000018,0.0,0.0,0.0,0.0,0.0,0.0
7.95138670365878e-15,45.0,0.0,0.0,0.0,4.363267749186981,1.0,12.0,0.001984126984126977,11.1608608472787,376.7766952966368,176.77669529663697,300.0,5.343331864858764e-14,504.0000000000018,0.0,0.0,0.0,0.0,0.0,0.0
8.057405193040897e-15,46.0,0.0,0.0,0.0,4.363267749186921,1.0,12.0,0.001984126984126977,11.1628449742629,373.66459261474927,179.83495008466286,300.0,5.343331864858764e-14,504.0000000000018,0.0,0.0,0.0,0.0,0.0,0.0
8.163423682423015e-15,47.0,0.0,0.0,0.0,4.363267749187016,1.0,12.0,0.0019842059333825546,11.1648291801963,370.4995900156245,182.8384254047927,300.0,5.343119259873598e-14,503.9799464238373,0.0,0.0,-1.0714864903356294e-15,-10.106600240998207,0.0,0.0
8.269442171805133e-15,48.0,0.0,0.0,0.0,4.363267749186914,1.0,12.0,0.001997718593111819,11.1668268987894,367.2826515897145,185.7862063693486,300.0,5.306978157367425e-14,500.57100306718274,0.0,0.0,-1.8091187933468824e-13,-1706.4181954397825,0.0,0.0
8.375460661187251e-15,49.0,0.0,0.0,0.0,4.36326774918701,1.0,12.0,0.0020216459256006125,11.168848544715,364.01475724762673,188.6773950556931,300.0,5.244167044267202e-14,494.64645976664247,0.0,0.0,-3.106929472902745e-13,-2930.554369346428,0.0,0.0
8.481479150569369e-15,50.0,0.0,0.0,0.0,4.363267749186938,1.0,12.0,0.0020464541816368476,11.1708949988966,360.6969024216348,191.5111107797446,300.0,5.180594334016571e-14,488.6500802085921,0.0,0.0,-3.106480996304854e-13,-2930.1313520024723,0.0,0.0
8.587497639951487e-15,51.0,0.0,0.0,0.0,4.363267749186973,1.0,12.0,0.0020721987801036734,11.1729671976767,357.3300977624593,194.28649036424278,300.0,5.1162316279724605e-14,482.57918574299276,0.0,0.0,-3.106010227498238e-13,-2929.6873079405696,0.0,0.0
8.693516129333605e-15,52.0,0.0,0.0,0.0,4.363267749187001,1.0,12.0,0.002098940147257644,11.175066137824,353.91536883141447,197.0026884016806,300.0,5.0510487171652465e-14,476.43092696406615,0.0,0.0,-3.1055154618097023e-13,-2929.220629258966,0.0,0.0
8.799534618715723e-15,53.0,0.0,0.0,0.0,4.363267749186927,1.0,12.0,0.0021267443139061926,11.1771928821379,350.453755788012,199.6588775118233,300.0,4.9850134164645543e-14,470.20226806828765,0.0,0.0,-3.104994816203683e-13,-2928.7295398187644,0.0,0.0
8.905553108097841e-15,54.0,0.0,0.0,0.0,4.363267749186963,1.0,12.0,0.002155683602008851,11.1793485657399,346.94631307311823,202.25424859373695,300.0,4.9180913786846134e-14,463.889969320214,0.0,0.0,-3.1044462052583013e-13,-2928.2120725839145,0.0,0.0
9.011571597479959e-15,55.0,0.0,0.0,0.0,4.3632677491870036,1.0,12.0,0.002185837416972758,11.1815344031569,343.3941090877614,204.78801107224803,300.0,4.850245885576242e-14,457.49056733818435,0.0,0.0,-3.1038673133487703e-13,-2927.6660433838433,0.0,0.0
9.117590086862077e-15,56.0,0.0,0.0,0.0,4.363267749186935,1.0,12.0,0.00221729316542435,11.1837516963223,339.79822586768665,207.25939313876052,300.0,4.7814376120999135e-14,451.00035285980914,0.0,0.0,-3.1032555617498406e-13,-2927.089019883061,0.0,0.0
9.223608576244195e-15,57.0,0.0,0.0,0.0,4.363267749186963,1.0,12.0,0.0022501473226449464,11.1860018436449,336.1597587537567,209.66764198635607,300.0,4.711624359666515e-14,444.41534558039274,0.0,0.0,-3.102608070627995e-13,-2926.478285731242,0.0,0.0
9.329627065626313e-15,58.0,0.0,0.0,0.0,4.363267749187013,1.0,12.0,0.0022845066793935054,11.1882863503243,332.47981605830114,212.0120240391066,300.0,4.6407607532258964e-14,437.73126558136465,0.0,0.0,-3.1019216130911725e-13,-2925.8307972216508,0.0,0.0
9.43564555500843e-15,59.0,0.0,0.0,0.0,4.363267749186943,1.0,12.0,0.002320489804877368,11.1906068401292,328.75951872751347,214.29182517552815,300.0,4.568797895999736e-14,430.9435007635895,0.0,0.0,-3.1011925617992004e-13,-2925.1431329319535,0.0,0.0
9.541664044390549e-15,60.0,0.0,0.0,0.0,4.363267749186941,1.0,12.0,0.002358228771598747,11.1929650689008,324.99999999999994,216.50635094610973,300.0,4.4956829743981266e-14,424.0470695818468,0.0,0.0,-3.1004168247868907e-13,-2924.411433190858,0.0,0.0
9.647682533772667e-15,61.0,0.0,0.0,0.0,4.363267749186997,1.0,12.0,0.002397871199349144,11.1953629401001,321.20240506158416,218.654926784849,300.0,4.4213588040461584e-14,417.03657822461906,0.0,0.0,-3.0995897682968483e-13,-2923.6313272915263,0.0,0.0
9.753701023154785e-15,62.0,0.0,0.0,0.0,4.363267749186957,1.0,12.0,0.002439582690581865,11.1978025227907,317.3678906964726,220.7368982147318,300.0,4.345763305806678e-14,409.90617119089734,0.0,0.0,-3.09870612426137e-13,-2922.7978462255155,0.0,0.0
9.859719512536903e-15,63.0,0.0,0.0,0.0,4.363267749186997,1.0,12.0,0.00248354974893622,11.2002860725397,313.4976249348866,222.75163104709202,300.0,4.26882889813348e-14,402.6494739750083,0.0,0.0,-3.0977598780192034e-13,-2921.905316773638,0.0,0.0
9.96573800191902e-15,64.0,0.0,0.0,0.0,4.363267749186943,1.0,12.0,0.0025299832984521653,11.2028160558381,309.5927866972693,224.69851157479184,300.0,4.190481788831834e-14,395.2595262632217,0.0,0.0,-3.0967441306661246e-13,-2920.9472316707465,0.0,0.0
1.0071756491301139e-14,65.0,0.0,0.0,0.0,4.363267749186961,1.0,12.0,0.002579122955300106,11.2053951787934,305.6545654351748,226.57694675916258,300.0,4.11064114505483e-14,387.7287036451745,0.0,0.0,-3.0956509309854125e-13,-2919.916091077193,0.0,0.0
1.0177774980683256e-14,66.0,0.0,0.0,0.0,4.3632677491869964,1.0,12.0,0.0026312422499217836,11.2080264210433,301.68416076894994,228.3863644106503,300.0,4.0292181149517026e-14,380.04862533264003,0.0,0.0,-3.0944710661111665e-13,-2918.8032051257496,0.0,0.0
1.0283793470065374e-14,67.0,0.0,0.0,0.0,4.363267749186921,1.0,12.0,0.002686655060080756,11.2107130761034,297.6827821223184,230.12621336311014,300.0,3.946114667170478e-14,372.21004469773794,0.0,0.0,-3.0931938013185773e-13,-2917.5984484837286,0.0,0.0
1.0389811959447492e-14,68.0,0.0,0.0,0.0,4.363267749187003,1.0,12.0,0.00274572360134806,11.2134587997048,293.6516483539779,231.79596364169694,300.0,3.861222204961274e-14,364.2027185507647,0.0,0.0,-3.0918065521060114e-13,-2916.2899510502743,0.0,0.0
1.049583044882961e-14,69.0,0.0,0.0,0.0,4.363267749186943,1.0,12.0,0.002808868441273815,11.216267668146,289.591987386325,233.39510662430052,300.0,3.7744198989267945e-14,356.01524987993486,0.0,0.0,-3.09029446730198e-13,-2914.863704729625,0.0,0.0
1.0601848938211728e-14,70.0,0.0,0.0,0.0,4.36326774918697,1.0,12.0,0.002876581172373327,11.2191442493184,285.5050358314171,234.92315519647715,300.0,3.6855726652289525e-14,347.6348971494206,0.0,0.0,-3.088639894855985e-13,-2913.303059548182,0.0,0.0
1.0707867427593846e-14,71.0,0.0,0.0,0.0,4.36326774918695,1.0,12.0,0.00294944062080843,11.2220936899392,281.3920386142891,236.37964389982926,300.0,3.594528692463071e-14,339.0473410262868,0.0,0.0,-3.0868216882741726e-13,-2911.5880694625303,0.0,0.0
1.0813885916975964e-14,72.0,0.0,0.0,0.0,4.363267749187018,1.0,12.0,0.003028133819286072,11.2251218237585,277.25424859373675,237.76412907378847,300.0,3.5011163874890856e-14,330.23639630160733,0.0,0.0,-3.08481429648357e-13,-2909.694633890807,0.0,0.0
1.0919904406358082e-14,73.0,0.0,0.0,0.0,4.363267749186978,1.0,12.0,0.003113483493262903,11.2282353072518,273.09292618068406,239.07618899075894,300.0,3.4051405639867096e-14,321.18365238290704,0.0,0.0,-3.0825865532950386e-13,-2907.593355895309,0.0,0.0
1.10259228957402e-14,74.0,0.0,0.0,0.0,4.363267749186965,1.0,12.0,0.003206484595176029,11.2314417918469,268.9093389542497,240.31542398457978,300.0,3.306377630555801e-14,311.8680194205337,0.0,0.0,-3.0801000441259494e-13,-2905.248001624014,0.0,0.0
1.1131941385122318e-14,75.0,0.0,0.0,0.0,4.3632677491869245,1.0,12.0,0.0033083536326897756,11.2347501454796,264.7047612756301,241.48145657226715,300.0,3.2045694370319984e-14,302.2651478726417,0.0,0.0,-3.0773068670118696e-13,-2902.6133884255573,0.0,0.0
1.1237959874504436e-14,76.0,0.0,0.0,0.0,4.363267749186933,1.0,12.0,0.0034205964492474705,11.2381707419289,260.4804738999169,242.57393156899917,300.0,3.099415290729202e-14,292.34667545187426,0.0,0.0,-3.074146508160259e-13,-2899.6324377724654,0.0,0.0
1.1343978363886554e-14,77.0,0.0,0.0,0.0,4.3632677491870755,1.0,12.0,0.0035451032155111584,11.2417158451444,256.2377635859661,243.59251619630885,300.0,2.990561429022637e-14,282.0792341460255,0.0,0.0,-3.07054139440251e-13,-2896.231980193087,0.0,0.0
1.1449996853268672e-14,78.0,0.0,0.0,0.0,4.363267749186892,1.0,12.0,0.003684284569070828,11.2454001297135,251.97792270443975,244.53690018345142,300.0,2.8775868800182634e-14,271.4231165515572,0.0,0.0,-3.066390418177377e-13,-2892.3166478304684,0.0,0.0
1.155601534265079e-14,79.0,0.0,0.0,0.0,4.363267749186951,1.0,12.0,0.0038412717894694692,11.2492414015029,247.70224884413614,245.406795861916,300.0,2.7599840675881323e-14,260.33044647905126,0.0,0.0,-3.0615592667128157e-13,-2887.759752620281,0.0,0.0
1.1662033832032908e-14,80.0,0.0,0.0,0.0,4.363267749186986,1.0,12.0,0.004020219975904293,11.2532616214788,243.4120444167325,246.20193825305202,300.0,2.6371315504513047e-14,248.74260761690377,0.0,0.0,-3.0558655464914863e-13,-2882.3892552150623,0.0,0.0
1.1768052321415026e-14,81.0,0.0,0.0,0.0,4.3632677491869725,1.0,12.0,0.004226783421638236,11.2574884049005,239.10861626005763,246.92208514878448,300.0,2.5082545947202907e-14,236.58652460891935,0.0,0.0,-3.049055105857814e-13,-2875.9654317165728,0.0,0.0
1.1874070810797144e-14,82.0,0.0,0.0,0.0,4.3632677491869085,1.0,12.0,0.004468892292217808,11.2619572971927,234.79327524001633,247.5670171853926,300.0,2.372366180467916e-14,223.76909860668704,0.0,0.0,-3.0407627968345995e-13,-2868.143862977436,0.0,0.0
1.1980089300179262e-14,83.0,0.0,0.0,0.0,4.363267749187058,1.0,12.0,0.004758086233203562,11.2667153834259,230.46733585128675,248.13653791033053,300.0,2.228175030588679e-14,210.16853226023264,0.0,0.0,-3.0304442335034434e-13,-2858.4110669422357,0.0,0.0
1.208610778956138e-14,84.0,0.0,0.0,0.0,4.363267749186956,1.0,12.0,0.005111949126305193,11.2718273325522,226.13211581691326,248.63047384206834,300.0,2.0739347509655373e-14,195.62010014032003,0.0,0.0,-3.017249894554996e-13,-2845.965748181952,0.0,0.0
1.2192126278943498e-14,85.0,0.0,0.0,0.0,4.363267749186987,1.0,12.0,0.005558914137538007,11.2773862466897,221.7889356869144,249.0486745229364,300.0,1.9071798333096e-14,179.89124768941312,0.0,0.0,-2.9997750195471924e-13,-2829.4828921163285,0.0,0.0
1.2298144768325616e-14,86.0,0.0,0.0,0.0,4.363267749186899,1.0,12.0,0.006148771264266717,11.283535017954,217.43911843603126,249.3910125649561,300.0,1.724222366153818e-14,162.6341194071608,0.0,0.0,-2.9755126559845146e-13,-2806.597861680516,0.0,0.0
1.2404163257707734e-14,87.0,0.0,0.0,0.0,4.363267749186977,1.0,12.0,0.006979168933259616,11.2905141868873,213.0839890607359,249.6573836886435,300.0,1.5190703992975458e-14,143.28353555599386,0.0,0.0,-2.9394899137432744e-13,-2772.6200692679176,0.0,0.0
1.2510181747089852e-14,88.0,0.0,0.0,0.0,4.363267749186982,1.0,12.0,0.008278583739614986,11.2987927706269,208.72487417562516,249.847706754774,300.0,1.2806355859493046e-14,120.79360811618092,0.0,0.0,-2.880140140484219e-13,-2716.639481726109,0.0,0.0
1.261620023647197e-14,89.0,0.0,0.0,0.0,4.363267749187041,1.0,12.0,0.01078886038065685,11.3095816310075,204.36310160932072,249.96192378909788,300.0,9.82666246865084e-15,92.6881954828937,0.0,0.0,-2.7618240348946875e-13,-2605.039980281516,0.0,0.0
1.2722218725854088e-14,90.0,0.0,0.0,0.0,4.363267749186897,1.0,12.0,0.02604661305353062,11.3356282440611,199.99999999999991,250.00000000000006,300.0,4.070336867378123e-15,38.39270764090573,0.0,0.0,-2.210009258955243e-13,-2084.5507909377957,0.0,0.0
1.2722218725854088e-14,90.0,0.0,0.0,0.0,4.363267749186897,1.0,12.0,0.01,11.3456282440611,199.99999999999991,250.00000000000006,300.0,0.0,0.0,0.0,0.0,0.0,0.0,0.0,0.0
1.2722218725854088e-14,90.0,0.0,0.0,0.0,4.363267749186897,1.0,12.0,1.03,12.3756282440611,199.99999999999991,250.00000000000006,300.0,0.0,0.0,0.0,0.0,0.0,0.0,0.0,0.0
1.2616200236471949e-14,88.99999999999999,0.0,0.0,0.0,4.363267749186953,0.9999999999999999,14.0,0.0,12.3756282440611,204.36310160932084,249.96192378909788,300.0,0.0,0.0,0.0,0.0,0.0,0.0,0.0,0.0
1.2510181747089831e-14,87.99999999999999,0.0,0.0,0.0,4.363267749186927,0.9999999999999999,14.0,0.03683547343418786,12.4124637174953,208.72487417562516,249.847706754774,300.0,-2.8781628006366247e-15,-27.1477439209965,0.0,0.0,-7.813562667462119e-14,-737.0000000000024,0.0,0.0
1.2404163257707713e-14,86.99999999999999,0.0,0.0,0.0,4.363267749186982,0.9999999999999999,14.0,0.008278583739614848,12.4207423012349,213.0839890607359,249.6573836886435,300.0,-1.2806355859493046e-14,-120.79360811618092,0.0,0.0,-1.1992622616532901e-12,-11311.821821294205,0.0,0.0
1.2298144768325595e-14,85.99999999999999,0.0,0.0,0.0,4.363267749187034,0.9999999999999999,14.0,0.006979168933259616,12.4277214701681,217.43911843603132,249.3910125649561,300.0,-1.5190703992975458e-14,-143.28353555599386,0.0,0.0,-3.416378305616948e-13,-3222.4363179741604,0.0,0.0
1.2192126278943477e-14,84.99999999999999,0.0,0.0,0.0,4.363267749186956,0.9999999999999999,14.0,0.006148771264266724,12.4338702414324,221.78893568691453,249.0486745229364,300.0,-1.724222366153569e-14,-162.6341194071373,0.0,0.0,-3.3364709474271547e-13,-3147.0651646446827,0.0,0.0
1.208610778956136e-14,83.99999999999999,0.0,0.0,0.0,4.363267749186931,0.9999999999999999,14.0,0.005558914137537958,12.4394291555699,226.1321158169133,248.63047384206834,300.0,-1.9071798333096e-14,-179.89124768941312,0.0,0.0,-3.291244704079323e-13,-3104.4063382348577,0.0,0.0
1.1980089300179241e-14,82.99999999999999,0.0,0.0,0.0,4.363267749186956,0.9999999999999999,14.0,0.005111949126305151,12.4445411046962,230.4673358512868,248.13653791033053,300.0,-2.0739347509655373e-14,-195.62010014032003,0.0,0.0,-3.2620613690745295e-13,-3076.879691538729,0.0,0.0
1.1874070810797123e-14,81.99999999999999,0.0,0.0,0.0,4.363267749187002,0.9999999999999999,14.0,0.004758086233203562,12.4492991909294,234.79327524001633,247.5670171853926,300.0,-2.228175030588679e-14,-210.16853226023264,0.0,0.0,-3.2416453183803574e-13,-3057.622625329657,0.0,0.0
1.1768052321415005e-14,80.99999999999999,0.0,0.0,0.0,4.363267749186969,0.9999999999999999,14.0,0.004468892292217766,12.4537680832217,239.1086162600577,246.92208514878445,300.0,-2.372366180467916e-14,-223.76909860668704,0.0,0.0,-3.226552363553855e-13,-3043.386471886544,0.0,0.0
1.1662033832032887e-14,79.99999999999999,0.0,0.0,0.0,4.363267749186968,0.9999999999999999,14.0,0.004226783421638208,12.4579948666433,243.41204441673256,246.20193825305202,300.0,-2.5082545947205542e-14,-236.58652460894422,0.0,0.0,-3.214936766265221e-13,-3032.4302723063392,0.0,0.0
1.155601534265077e-14,78.99999999999999,0.0,0.0,0.0,4.363267749186991,0.9999999999999999,14.0,0.004020219975904321,12.4620150866192,247.7022488441362,245.40679586191598,300.0,-2.6371315504510134e-14,-248.7426076168763,0.0,0.0,-3.205719003011916e-13,-3023.735785800231,0.0,0.0
1.1449996853268652e-14,77.99999999999999,0.0,0.0,0.0,4.363267749186946,0.9999999999999999,14.0,0.0038412717894694,12.4658563584087,251.9779227044398,244.53690018345142,300.0,-2.7599840675881323e-14,-260.33044647905126,0.0,0.0,-3.198225063738146e-13,-3016.6672647173054,0.0,0.0
1.1343978363886534e-14,76.99999999999999,0.0,0.0,0.0,4.363267749186953,0.9999999999999999,14.0,0.003684284569070856,12.4695406429777,256.2377635859662,243.59251619630882,300.0,-2.8775868800179163e-14,-271.42311655152446,0.0,0.0,-3.192012186491634e-13,-3010.8070819485,0.0,0.0
1.1237959874504416e-14,75.99999999999999,0.0,0.0,0.0,4.36326774918702,0.9999999999999999,14.0,0.0035451032155111722,12.4730857461933,260.48047389991694,242.57393156899914,300.0,-2.9905614290222624e-14,-282.0792341459902,0.0,0.0,-3.186777426113457e-13,-3005.8694900165074,0.0,0.0
1.1131941385122298e-14,74.99999999999999,0.0,0.0,0.0,4.363267749186879,0.9999999999999999,14.0,0.0034205964492474566,12.4765063426425,264.7047612756301,241.48145657226712,300.0,-3.099415290729202e-14,-292.34667545187426,0.0,0.0,-3.1823064580121815e-13,-3001.6523311724563,0.0,0.0
1.102592289574018e-14,73.99999999999999,0.0,0.0,0.0,4.363267749186979,0.9999999999999999,14.0,0.003308353632689748,12.4798146962752,268.90933895424973,240.31542398457975,300.0,-3.2045694370319984e-14,-302.2651478726417,0.0,0.0,-3.178443358163623e-13,-2998.00853293399,0.0,0.0
1.0919904406358062e-14,72.99999999999999,0.0,0.0,0.0,4.3632677491870115,0.9999999999999999,14.0,0.0032064845951760707,12.4830211808704,273.0929261806842,239.07618899075894,300.0,-3.306377630555801e-14,-311.8680194205337,0.0,0.0,-3.1750719675050697e-13,-2994.828530390871,0.0,0.0
1.0813885916975944e-14,71.99999999999999,0.0,0.0,0.0,4.363267749186924,0.9999999999999999,14.0,0.003113483493262875,12.4861346643636,277.2542485937368,237.76412907378847,300.0,-3.4051405639862237e-14,-321.1836523828612,0.0,0.0,-3.1721039679228547e-13,-2992.0290190985284,0.0,0.0
1.0707867427593826e-14,70.99999999999999,0.0,0.0,0.0,4.363267749186964,0.9999999999999999,14.0,0.0030281338192861135,12.4891627981829,281.3920386142891,236.37964389982926,300.0,-3.5011163874890856e-14,-330.23639630160733,0.0,0.0,-3.169471008566425e-13,-2989.5455283680035,0.0,0.0
1.0601848938211708e-14,69.99999999999999,0.0,0.0,0.0,4.3632677491870036,0.9999999999999999,14.0,0.0029494406208083884,12.4921122388037,285.50503583141716,234.92315519647715,300.0,-3.594528692463071e-14,-339.0473410262868,0.0,0.0,-3.1671193620566386e-13,-2987.3273808321637,0.0,0.0
1.049583044882959e-14,68.99999999999999,0.0,0.0,0.0,4.36326774918698,0.9999999999999999,14.0,0.002876581172373327,12.4949888199761,289.59198738632506,233.3951066243005,300.0,-3.685572665229521e-14,-347.63489714947434,0.0,0.0,-3.1650062108744355e-13,-2985.3341896496386,0.0,0.0
1.0389811959447472e-14,67.99999999999999,0.0,0.0,0.0,4.3632677491869964,0.9999999999999999,14.0,0.0028088684412738013,12.4977976884174,293.65164835397803,231.79596364169691,300.0,-3.7744198989273915e-14,-356.01524987999113,0.0,0.0,-3.1630970106093307e-13,-2983.5333714374015,0.0,0.0
1.0283793470065354e-14,66.99999999999999,0.0,0.0,0.0,4.363267749186886,0.9999999999999999,14.0,0.002745723601348088,12.5005434120187,297.6827821223184,230.12621336311014,300.0,-3.861222204961899e-14,-364.2027185508236,0.0,0.0,-3.1613635834248106e-13,-2981.8983479668796,0.0,0.0
1.0177774980683236e-14,65.99999999999999,0.0,0.0,0.0,4.363267749187026,0.9999999999999999,14.0,0.0026866550600807004,12.5032300670788,301.68416076895005,228.3863644106503,300.0,-3.946114667170478e-14,-372.21004469773794,0.0,0.0,-3.159782715315626e-13,-2980.4072230523566,0.0,0.0
1.0071756491301118e-14,64.99999999999999,0.0,0.0,0.0,4.363267749186905,0.9999999999999999,14.0,0.0026312422499217836,12.5058613093287,305.6545654351748,226.57694675916255,300.0,-4.029218114952382e-14,-380.04862533270415,0.0,0.0,-3.158335108992092e-13,-2979.041794878462,0.0,0.0
9.965738001919e-15,63.999999999999986,0.0,0.0,0.0,4.363267749187024,0.9999999999999999,14.0,0.0025791229553001616,12.508440432284,309.59278669726933,224.69851157479178,300.0,-4.11064114505483e-14,-387.7287036451745,0.0,0.0,-3.1570045908484e-13,-2977.786807987551,0.0,0.0
9.859719512536882e-15,62.999999999999986,0.0,0.0,0.0,4.363267749186968,0.9999999999999999,14.0,0.0025299832984521653,12.5109704155825,313.4976249348867,222.75163104709202,300.0,-4.1904817888310985e-14,-395.2595262631523,0.0,0.0,-3.1557775035553046e-13,-2976.6293803537283,0.0,0.0
9.753701023154764e-15,61.999999999999986,0.0,0.0,0.0,4.36326774918696,0.9999999999999999,14.0,0.0024835497489361924,12.5134539653314,317.36789069647267,220.73689821473178,300.0,-4.2688288981342434e-14,-402.6494739750803,0.0,0.0,-3.1546422348379436e-13,-2975.558558911164,0.0,0.0
9.647682533772646e-15,60.999999999999986,0.0,0.0,0.0,4.363267749186957,0.9999999999999999,14.0,0.002439582690581893,12.515893548022,321.2024050615842,218.65492678484898,300.0,-4.345763305806678e-14,-409.90617119089734,0.0,0.0,-3.1535888481847195e-13,-2974.5649712272084,0.0,0.0
9.541664044390528e-15,59.999999999999986,0.0,0.0,0.0,4.363267749186997,0.9999999999999999,14.0,0.0023978711993491164,12.5182914192213,325.0,216.5063509461097,300.0,-4.4213588040461584e-14,-417.03657822461906,0.0,0.0,-3.1526087914978193e-13,-2973.6405506920637,0.0,0.0
9.43564555500841e-15,58.999999999999986,0.0,0.0,0.0,4.363267749186878,0.9999999999999999,14.0,0.002358228771598747,12.5206496479929,328.75951872751347,214.29182517552815,300.0,-4.4956829743972796e-14,-424.04706958176695,0.0,0.0,-3.1516946636489004e-13,-2972.778316326865,0.0,0.0
9.329627065626292e-15,57.999999999999986,0.0,0.0,0.0,4.363267749187036,0.9999999999999999,14.0,0.0023226837107210296,12.5229723317037,332.4798160583012,212.0120240391065,300.0,-4.564482408549463e-14,-430.5364503070678,0.0,0.0,-2.9620664163015817e-13,-2793.9149421621382,0.0,0.0
9.223608576244174e-15,56.999999999999986,0.0,0.0,0.0,4.363267749186983,0.9999999999999999,14.0,0.002314814814814825,12.5252871465185,336.15975875375676,209.66764198635605,300.0,-4.579998741307366e-14,-431.9999999999877,0.0,0.0,-6.703055751413948e-14,-632.2534673413841,0.0,0.0
9.117590086862056e-15,55.999999999999986,0.0,0.0,0.0,4.363267749186979,0.9999999999999999,14.0,0.0023148148148147973,12.5276019613333,339.7982258676867,207.25939313876046,300.0,-4.579998741307366e-14,-431.9999999999877,0.0,0.0,0.0,0.0,0.0,0.0
9.011571597479938e-15,54.999999999999986,0.0,0.0,0.0,4.363267749186935,0.9999999999999999,14.0,0.002314814814814825,12.5299167761481,343.3941090877615,204.78801107224797,300.0,-4.579998741307366e-14,-431.9999999999877,0.0,0.0,0.0,0.0,0.0,0.0
8.90555310809782e-15,53.999999999999986,0.0,0.0,0.0,4.363267749186957,0.9999999999999999,14.0,0.0023148148148147973,12.5322315909629,346.94631307311823,202.2542485937369,300.0,-4.579998741307366e-14,-431.9999999999877,0.0,0.0,0.0,0.0,0.0,0.0
8.799534618715702e-15,52.999999999999986,0.0,0.0,0.0,4.363267749186991,0.9999999999999999,14.0,0.002314814814814825,12.5345464057777,350.4537557880121,199.65887751182328,300.0,-4.579998741307366e-14,-431.9999999999877,0.0,0.0,0.0,0.0,0.0,0.0
8.693516129333585e-15,51.999999999999986,0.0,0.0,0.0,4.363267749186989,0.9999999999999999,14.0,0.002314814814814825,12.5368612205925,353.9153688314146,197.00268840168053,300.0,-4.579998741307366e-14,-431.9999999999877,0.0,0.0,0.0,0.0,0.0,0.0
8.587497639951467e-15,50.999999999999986,0.0,0.0,0.0,4.36326774918692,0.9999999999999999,14.0,0.0023148148148147973,12.5391760354074,357.33009776245933,194.28649036424278,300.0,-4.579998741307366e-14,-431.9999999999877,0.0,0.0,0.0,0.0,0.0,0.0
8.481479150569349e-15,49.999999999999986,0.0,0.0,0.0,4.363267749186966,0.9999999999999999,14.0,0.002314814814814825,12.5414908502222,360.6969024216348,191.51111077974454,300.0,-4.579998741307366e-14,-431.9999999999877,0.0,0.0,0.0,0.0,0.0,0.0
8.37546066118723e-15,48.999999999999986,0.0,0.0,0.0,4.363267749186981,0.9999999999999999,14.0,0.002314814814814825,12.543805665037,364.0147572476268,188.67739505569304,300.0,-4.579998741307366e-14,-431.9999999999877,0.0,0.0,0.0,0.0,0.0,0.0
8.269442171805113e-15,47.999999999999986,0.0,0.0,0.0,4.363267749186991,0.9999999999999999,14.0,0.0023148148148147973,12.5461204798518,367.28265158971453,185.78620636934858,300.0,-4.579998741307366e-14,-431.9999999999877,0.0,0.0,0.0,0.0,0.0,0.0
8.163423682422995e-15,46.999999999999986,0.0,0.0,0.0,4.363267749186974,0.9999999999999999,14.0,0.002314814814814825,12.5484352946666,370.4995900156246,182.83842540479264,300.0,-4.579998741307366e-14,-431.9999999999877,0.0,0.0,0.0,0.0,0.0,0.0
8.057405193040877e-15,45.999999999999986,0.0,0.0,0.0,4.363267749186955,0.9999999999999999,14.0,0.002314814814814825,12.5507501094814,373.6645926147493,179.83495008466284,300.0,-4.579998741307366e-14,-431.9999999999877,0.0,0.0,0.0,0.0,0.0,0.0
7.951386703658759e-15,44.999999999999986,0.0,0.0,0.0,4.363267749187002,0.9999999999999999,14.0,0.0023148148148147973,12.5530649242963,376.7766952966369,176.7766952966369,300.0,-4.579998741307366e-14,-431.9999999999877,0.0,0.0,0.0,0.0,0.0,0.0
7.845368214276641e-15,43.999999999999986,0.0,0.0,0.0,4.363267749186922,0.9999999999999999,14.0,0.002314814814814825,12.5553797391111,379.83495008466275,173.66459261474935,300.0,-4.579998741307366e-14,-431.9999999999877,0.0,0.0,0.0,0.0,0.0,0.0
7.739349724894523e-15,42.999999999999986,0.0,0.0,0.0,4.363267749186894,0.9999999999999999,14.0,0.0023148148148147973,12.5576945539259,382.83842540479253,170.4995900156247,300.0,-4.579998741307366e-14,-431.9999999999877,0.0,0.0,0.0,0.0,0.0,0.0
7.633331235512405e-15,41.999999999999986,0.0,0.0,0.0,4.363267749187013,0.9999999999999999,14.0,0.002314814814814825,12.5600093687407,385.7862063693485,167.28265158971462,300.0,-4.579998741307366e-14,-431.9999999999877,0.0,0.0,0.0,0.0,0.0,0.0
7.527312746130287e-15,40.999999999999986,0.0,0.0,0.0,4.363267749186972,0.9999999999999999,14.0,0.002314814814814825,12.5623241835555,388.67739505569295,164.01475724762687,300.0,-4.579998741307366e-14,-431.9999999999877,0.0,0.0,0.0,0.0,0.0,0.0
7.421294256748169e-15,39.999999999999986,0.0,0.0,0.0,4.36326774918696,0.9999999999999999,14.0,0.0023148148148147973,12.5646389983703,391.51111077974446,160.6969024216349,300.0,-4.579998741307366e-14,-431.9999999999877,0.0,0.0,0.0,0.0,0.0,0.0
7.315275767366051e-15,38.999999999999986,0.0,0.0,0.0,4.363267749186966,0.9999999999999999,14.0,0.002314814814814825,12.5669538131851,394.2864903642427,157.33009776245945,300.0,-4.579998741307366e-14,-431.9999999999877,0.0,0.0,0.0,0.0,0.0,0.0
7.209257277983933e-15,37.999999999999986,0.0,0.0,0.0,4.363267749186982,0.9999999999999999,14.0,0.0023148148148147973,12.569268628,397.0026884016805,153.91536883141464,300.0,-4.579998741307366e-14,-431.9999999999877,0.0,0.0,0.0,0.0,0.0,0.0
7.103238788601816e-15,36.999999999999986,0.0,0.0,0.0,4.363267749186955,0.9999999999999999,14.0,0.002314814814814825,12.5715834428148,399.65887751182316,150.45375578801213,300.0,-4.579998741307332e-14,-431.9999999999877,0.0,0.0,1.4722037757596193e-25,0.0,0.0,0.0
6.997220299219699e-15,35.999999999999986,0.0,0.0,0.0,4.363267749186963,0.9999999999999999,14.0,0.002314814814814825,12.5738982576296,402.2542485937368,146.94631307311835,300.0,-4.579998741307332e-14,-431.9999999999877,0.0,0.0,0.0,0.0,0.0,0.0
6.8912018098375815e-15,34.999999999999986,0.0,0.0,0.0,4.363267749186997,0.9999999999999999,14.0,0.002314814814814825,12.5762130724444,404.7880110722479,143.39410908776156,300.0,-4.579998741307332e-14,-431.9999999999877,0.0,0.0,0.0,0.0,0.0,0.0
6.785183320455464e-15,33.999999999999986,0.0,0.0,0.0,4.363267749186927,0.9999999999999999,14.0,0.0023148148148147973,12.5785278872592,407.25939313876034,139.79822586768677,300.0,-4.579998741307332e-14,-431.9999999999877,0.0,0.0,0.0,0.0,0.0,0.0
6.679164831073347e-15,32.999999999999986,0.0,0.0,0.0,4.363267749186979,0.9999999999999999,14.0,0.002314814814814825,12.580842702074,409.66764198635593,136.15975875375682,300.0,-4.579998741307332e-14,-431.9999999999877,0.0,0.0,0.0,0.0,0.0,0.0
6.57314634169123e-15,31.999999999999986,0.0,0.0,0.0,4.363267749186935,0.9999999999999999,14.0,0.0023148148148147973,12.5831575168888,412.0120240391064,132.4798160583013,300.0,-4.579998741307332e-14,-431.9999999999877,0.0,0.0,0.0,0.0,0.0,0.0
6.467127852309113e-15,30.999999999999986,0.0,0.0,0.0,4.363267749186973,0.9999999999999999,14.0,0.002314814814814825,12.5854723317037,414.291825175528,128.75951872751364,300.0,-4.579998741307332e-14,-431.9999999999877,0.0,0.0,0.0,0.0,0.0,0.0
6.361109362926996e-15,29.999999999999986,0.0,0.0,0.0,4.363267749187019,0.9999999999999999,14.0,0.002314814814814825,12.5877871465185,416.50635094610965,125.00000000000006,300.0,-4.579998741307332e-14,-431.9999999999877,0.0,0.0,0.0,0.0,0.0,0.0
6.2550908735448785e-15,28.999999999999986,0.0,0.0,0.0,4.363267749186947,0.9999999999999999,14.0,0.002314814814814825,12.5901019613333,418.6549267848489,121.20240506158432,300.0,-4.579998741307332e-14,-431.9999999999877,0.0,0.0,0.0,0.0,0.0,0.0
6.149072384162761e-15,27.999999999999986,0.0,0.0,0.0,4.363267749187036,0.9999999999999999,14.0,0.0023148148148147973,12.5924167761481,420.7368982147318,117.36789069647274,300.0,-4.579998741307332e-14,-431.9999999999877,0.0,0.0,0.0,0.0,0.0,0.0
6.043053894780644e-15,26.999999999999986,0.0,0.0,0.0,4.3632677491869725,0.9999999999999999,14.0,0.0023148148148147973,12.5947315909629,422.751631047092,113.49762493488673,300.0,-4.579998741307332e-14,-431.9999999999877,0.0,0.0,0.0,0.0,0.0,0.0
5.937035405398527e-15,25.999999999999986,0.0,0.0,0.0,4.363267749186968,0.9999999999999999,14.0,0.002314814814814825,12.5970464057777,424.6985115747918,109.59278669726937,300.0,-4.579998741307332e-14,-431.9999999999877,0.0,0.0,0.0,0.0,0.0,0.0
5.83101691601641e-15,24.999999999999986,0.0,0.0,0.0,4.363267749186948,0.9999999999999999,14.0,0.002314814814814825,12.5993612205926,426.5769467591625,105.6545654351749,300.0,-4.579998741307332e-14,-431.9999999999877,0.0,0.0,0.0,0.0,0.0,0.0
5.724998426634293e-15,23.999999999999986,0.0,0.0,0.0,4.363267749186958,0.9999999999999999,14.0,0.002314814814814825,12.6016760354074,428.38636441065023,101.6841607689501,300.0,-4.579998741307332e-14,-431.9999999999877,0.0,0.0,0.0,0.0,0.0,0.0
5.6189799372521755e-15,22.999999999999986,0.0,0.0,0.0,4.363267749186973,0.9999999999999999,14.0,0.0023148148148147973,12.6039908502222,430.1262133631101,97.68278212231847,300.0,-4.579998741307332e-14,-431.9999999999877,0.0,0.0,0.0,0.0,0.0,0.0
5.512961447870058e-15,21.999999999999986,0.0,0.0,0.0,4.363267749186979,0.9999999999999999,14.0,0.0023148148148147973,12.606305665037,431.79596364169686,93.65164835397803,300.0,-4.579998741307332e-14,-431.9999999999877,0.0,0.0,0.0,0.0,0.0,0.0
5.406942958487941e-15,20.999999999999986,0.0,0.0,0.0,4.363267749186954,0.9999999999999999,14.0,0.002314814814814825,12.6086204798518,433.39510662430047,89.59198738632512,300.0,-4.579998741307332e-14,-431.9999999999877,0.0,0.0,0.0,0.0,0.0,0.0
5.300924469105824e-15,19.999999999999986,0.0,0.0,0.0,4.363267749186959,0.9999999999999999,14.0,0.002314814814814825,12.6109352946666,434.92315519647707,85.50503583141722,300.0,-4.579998741307332e-14,-431.9999999999877,0.0,0.0,0.0,0.0,0.0,0.0
5.194905979723707e-15,18.999999999999986,0.0,0.0,0.0,4.3632677491869725,0.9999999999999999,14.0,0.002314814814814825,12.6132501094814,436.3796438998292,81.3920386142892,300.0,-4.579998741307332e-14,-431.9999999999877,0.0,0.0,0.0,0.0,0.0,0.0
5.0888874903415896e-15,17.999999999999986,0.0,0.0,0.0,4.363267749186964,0.9999999999999999,14.0,0.0023148148148147973,12.6155649242963,437.7641290737884,77.2542485937369,300.0,-4.579998741307332e-14,-431.9999999999877,0.0,0.0,0.0,0.0,0.0,0.0
4.9828690009594724e-15,16.999999999999986,0.0,0.0,0.0,4.363267749186983,0.9999999999999999,14.0,0.002314814814814825,12.6178797391111,439.07618899075885,73.0929261806842,300.0,-4.579998741307332e-14,-431.9999999999877,0.0,0.0,0.0,0.0,0.0,0.0
4.876850511577355e-15,15.999999999999986,0.0,0.0,0.0,4.363267749186981,0.9999999999999999,14.0,0.0023148148148147973,12.6201945539259,440.31542398457975,68.90933895424982,300.0,-4.579998741307332e-14,-431.9999999999877,0.0,0.0,0.0,0.0,0.0,0.0
4.770832022195238e-15,14.999999999999986,0.0,0.0,0.0,4.363267749186965,0.9999999999999999,14.0,0.002314814814814825,12.6225093687407,441.4814565722671,64.70476127563022,300.0,-4.579998741307332e-14,-431.9999999999877,0.0,0.0,0.0,0.0,0.0,0.0
4.664813532813121e-15,13.999999999999986,0.0,0.0,0.0,4.363267749186955,0.9999999999999999,14.0,0.002314814814814825,12.6248241835555,442.5739315689991,60.48047389991696,300.0,-4.579998741307332e-14,-431.9999999999877,0.0,0.0,0.0,0.0,0.0,0.0
4.558795043431004e-15,12.999999999999986,0.0,0.0,0.0,4.3632677491869725,0.9999999999999999,14.0,0.002314814814814825,12.6271389983703,443.5925161963088,56.23776358596627,300.0,-4.579998741307332e-14,-431.9999999999877,0.0,0.0,0.0,0.0,0.0,0.0
4.4527765540488866e-15,11.999999999999986,0.0,0.0,0.0,4.36326774918696,0.9999999999999999,14.0,0.002314814814814825,12.6294538131851,444.5369001834514,51.97792270443986,300.0,-4.579998741307332e-14,-431.9999999999877,0.0,0.0,0.0,0.0,0.0,0.0
4.346758064666769e-15,10.999999999999986,0.0,0.0,0.0,4.363267749186966,0.9999999999999999,14.0,0.0023148148148147696,12.631768628,445.40679586191595,47.70224884413623,300.0,-4.579998741307332e-14,-431.9999999999877,0.0,0.0,0.0,0.0,0.0,0.0
4.240739575284652e-15,9.999999999999986,0.0,0.0,0.0,4.3632677491869805,0.9999999999999999,14.0,0.002314814814814825,12.6340834428148,446.20193825305205,43.41204441673261,300.0,-4.579998741307332e-14,-431.9999999999877,0.0,0.0,0.0,0.0,0.0,0.0
4.134721085902535e-15,8.999999999999986,0.0,0.0,0.0,4.363267749186964,0.9999999999999999,14.0,0.002314814814814825,12.6363982576296,446.92208514878445,39.108616260057744,300.0,-4.579998741307332e-14,-431.9999999999877,0.0,0.0,0.0,0.0,0.0,0.0
4.028702596520418e-15,7.999999999999986,0.0,0.0,0.0,4.363267749186966,0.9999999999999999,14.0,0.002314814814814825,12.6387130724444,447.5670171853926,34.79327524001639,300.0,-4.579998741307332e-14,-431.9999999999877,0.0,0.0,0.0,0.0,0.0,0.0
3.922684107138301e-15,6.999999999999986,0.0,0.0,0.0,4.36326774918697,0.9999999999999999,14.0,0.002314814814814825,12.6410278872592,448.1365379103305,30.467335851286894,300.0,-4.579998741307332e-14,-431.9999999999877,0.0,0.0,0.0,0.0,0.0,0.0
3.8166656177561835e-15,5.999999999999986,0.0,0.0,0.0,4.363267749186965,0.9999999999999999,14.0,0.0023148148148147696,12.643342702074,448.63047384206834,26.132115816913394,300.0,-4.579998741307332e-14,-431.9999999999877,0.0,0.0,0.0,0.0,0.0,0.0
3.710647128374066e-15,4.999999999999986,0.0,0.0,0.0,4.36326774918697,0.9999999999999999,14.0,0.002314814814814825,12.6456575168888,449.0486745229364,21.788935686914567,300.0,-4.579998741307332e-14,-431.9999999999877,0.0,0.0,0.0,0.0,0.0,0.0
3.604628638991949e-15,3.999999999999986,0.0,0.0,0.0,4.363267749186965,0.9999999999999999,14.0,0.002314814814814825,12.6479723317037,449.3910125649561,17.439118436031354,300.0,-4.579998741307332e-14,-431.9999999999877,0.0,0.0,0.0,0.0,0.0,0.0
3.498610149609832e-15,2.999999999999986,0.0,0.0,0.0,4.363267749186968,0.9999999999999999,14.0,0.002314814814814825,12.6502871465185,449.65738368864345,13.083989060735982,300.0,-4.579998741307332e-14,-431.9999999999877,0.0,0.0,0.0,0.0,0.0,0.0
3.392591660227715e-15,1.9999999999999858,0.0,0.0,0.0,4.363267749186971,0.9999999999999999,14.0,0.002314814814814825,12.6526019613333,449.847706754774,8.724874175625267,300.0,-4.579998741307332e-14,-431.9999999999877,0.0,0.0,0.0,0.0,0.0,0.0
3.2865731708455977e-15,0.9999999999999859,0.0,0.0,0.0,4.363267749186966,0.9999999999999999,14.0,0.0023148148148147696,12.6549167761481,449.9619237890978,4.363101609320902,300.0,-4.579998741307332e-14,-431.99999999998766,0.0,0.0,0.0,2.4556356947868364e-11,0.0,0.0
3.1805546814634805e-15,-1.3988810110276972e-14,0.0,0.0,0.0,4.363267749186968,0.9999999999999999,14.0,0.0023148148148148806,12.6572315909629,450.0,2.272536569798764e-14,300.0,-4.579998741307332e-14,-431.99999999998766,0.0,0.0,0.0,0.0,0.0,0.0
3.0745361920813633e-15,-1.0000000000000138,0.0,0.0,0.0,4.363267749186968,0.9999999999999999,14.0,0.0023148148148147696,12.6595464057777,449.9619237890978,-4.3631016093208554,300.0,-4.579998741307332e-14,-431.9999999999876,0.0,0.0,0.0,2.4556356947868364e-11,0.0,0.0
2.968517702699246e-15,-2.0000000000000138,0.0,0.0,0.0,4.363267749186966,0.9999999999999999,14.0,0.002314814814814825,12.6618612205926,449.847706754774,-8.72487417562522,300.0,-4.579998741307332e-14,-431.9999999999877,0.0,0.0,0.0,-4.911271389573673e-11,0.0,0.0
2.862499213317129e-15,-3.0000000000000138,0.0,0.0,0.0,4.363267749186969,0.9999999999999999,14.0,0.002314814814814825,12.6641760354074,449.65738368864345,-13.083989060735934,300.0,-4.579998741307332e-14,-431.9999999999877,0.0,0.0,0.0,0.0,0.0,0.0
2.7564807239350118e-15,-4.000000000000013,0.0,0.0,0.0,4.363267749186971,0.9999999999999999,14.0,0.0023148148148147696,12.6664908502222,449.39101256495604,-17.439118436031304,300.0,-4.579998741307332e-14,-431.99999999998755,0.0,0.0,0.0,7.366907084360509e-11,0.0,0.0
2.6504622345528946e-15,-5.000000000000013,0.0,0.0,0.0,4.363267749186968,0.9999999999999999,14.0,0.0023148148148148806,12.668805665037,449.0486745229364,-21.788935686914524,300.0,-4.579998741307332e-14,-431.9999999999877,0.0,0.0,0.0,-7.366907084360509e-11,0.0,0.0
2.5444437451707774e-15,-6.000000000000013,0.0,0.0,0.0,4.363267749186967,0.9999999999999999,14.0,0.0023148148148147696,12.6711204798518,448.63047384206834,-26.13211581691335,300.0,-4.579998741307332e-14,-431.9999999999877,0.0,0.0,0.0,0.0,0.0,0.0
2.4384252557886603e-15,-7.000000000000013,0.0,0.0,0.0,4.3632677491869725,0.9999999999999999,14.0,0.002314814814814825,12.6734352946666,448.1365379103305,-30.467335851286855,300.0,-4.579998741307332e-14,-431.9999999999877,0.0,0.0,0.0,0.0,0.0,0.0
2.332406766406543e-15,-8.000000000000012,0.0,0.0,0.0,4.363267749186966,0.9999999999999999,14.0,0.002314814814814825,12.6757501094814,447.56701718539256,-34.79327524001634,300.0,-4.579998741307332e-14,-431.9999999999873,0.0,0.0,0.0,1.7189449863507855e-10,0.0,0.0
2.226388277024426e-15,-9.000000000000012,0.0,0.0,0.0,4.363267749186973,0.9999999999999999,14.0,0.0023148148148147696,12.6780649242963,446.9220851487844,-39.1086162600577,300.0,-4.579998741307332e-14,-431.9999999999877,0.0,0.0,0.0,-1.7189449863507855e-10,0.0,0.0
2.1203697876423088e-15,-10.000000000000012,0.0,0.0,0.0,4.363267749186964,0.9999999999999999,14.0,0.0023148148148148806,12.6803797391111,446.201938253052,-43.41204441673257,300.0,-4.579998741307332e-14,-431.9999999999877,0.0,0.0,0.0,0.0,0.0,0.0
2.0143512982601916e-15,-11.000000000000012,0.0,0.0,0.0,4.36326774918697,0.9999999999999999,14.0,0.0023148148148147696,12.6826945539259,445.40679586191595,-47.702248844136186,300.0,-4.579998741307332e-14,-431.9999999999877,0.0,0.0,0.0,0.0,0.0,0.0
1.9083328088780744e-15,-12.000000000000012,0.0,0.0,0.0,4.363267749186953,0.9999999999999999,14.0,0.002314814814814825,12.6850093687407,444.5369001834514,-51.977922704439806,300.0,-4.579998741307332e-14,-431.9999999999877,0.0,0.0,0.0,0.0,0.0,0.0
1.8023143194959572e-15,-13.000000000000012,0.0,0.0,0.0,4.363267749186973,0.9999999999999999,14.0,0.002314814814814825,12.6873241835555,443.5925161963088,-56.23776358596623,300.0,-4.579998741307332e-14,-431.9999999999877,0.0,0.0,0.0,0.0,0.0,0.0
1.69629583011384e-15,-14.000000000000012,0.0,0.0,0.0,4.363267749186965,0.9999999999999999,14.0,0.0023148148148147696,12.6896389983703,442.5739315689991,-60.48047389991691,300.0,-4.579998741307332e-14,-431.9999999999877,0.0,0.0,0.0,0.0,0.0,0.0
1.5902773407317229e-15,-15.000000000000012,0.0,0.0,0.0,4.363267749186989,0.9999999999999999,14.0,0.0023148148148148806,12.6919538131851,441.48145657226706,-64.70476127563019,300.0,-4.579998741307332e-14,-431.9999999999877,0.0,0.0,0.0,0.0,0.0,0.0
1.4842588513496057e-15,-16.00000000000001,0.0,0.0,0.0,4.363267749186952,0.9999999999999999,14.0,0.0023148148148147696,12.694268628,440.3154239845797,-68.90933895424978,300.0,-4.579998741307332e-14,-431.999999999987,0.0,0.0,0.0,3.1923264032228876e-10,0.0,0.0
1.3782403619674885e-15,-17.00000000000001,0.0,0.0,0.0,4.363267749186965,0.9999999999999999,14.0,0.002314814814814825,12.6965834428148,439.07618899075885,-73.09292618068416,300.0,-4.579998741307332e-14,-431.9999999999877,0.0,0.0,0.0,-3.1923264032228876e-10,0.0,0.0
1.2722218725853714e-15,-18.00000000000001,0.0,0.0,0.0,4.363267749186987,0.9999999999999999,14.0,0.002314814814814825,12.6988982576296,437.76412907378835,-77.25424859373685,300.0,-4.579998741307332e-14,-431.9999999999877,0.0,0.0,0.0,0.0,0.0,0.0
1.1662033832032542e-15,-19.00000000000001,0.0,0.0,0.0,4.363267749186964,0.9999999999999999,14.0,0.0023148148148147696,12.7012130724444,436.37964389982915,-81.39203861428915,300.0,-4.579998741307332e-14,-431.9999999999877,0.0,0.0,0.0,0.0,0.0,0.0
1.060184893821137e-15,-20.00000000000001,0.0,0.0,0.0,4.363267749186967,0.9999999999999999,14.0,0.0023148148148148806,12.7035278872592,434.92315519647707,-85.50503583141717,300.0,-4.579998741307332e-14,-431.9999999999877,0.0,0.0,0.0,0.0,0.0,0.0
9.541664044390198e-16,-21.00000000000001,0.0,0.0,0.0,4.363267749186966,0.9999999999999999,14.0,0.0023148148148147696,12.705842702074,433.3951066243004,-89.59198738632506,300.0,-4.579998741307332e-14,-431.9999999999877,0.0,0.0,0.0,0.0,0.0,0.0
8.481479150569027e-16,-22.00000000000001,0.0,0.0,0.0,4.36326774918696,0.9999999999999999,14.0,0.002314814814814825,12.7081575168888,431.79596364169686,-93.651648353978,300.0,-4.579998741307332e-14,-431.9999999999877,0.0,0.0,0.0,0.0,0.0,0.0
7.421294256747855e-16,-23.00000000000001,0.0,0.0,0.0,4.363267749186965,0.9999999999999999,14.0,0.002314814814814825,12.7104723317037,430.1262133631101,-97.68278212231843,300.0,-4.579998741307332e-14,-431.9999999999877,0.0,0.0,0.0,0.0,0.0,0.0
6.361109362926683e-16,-24.00000000000001,0.0,0.0,0.0,4.363267749186948,0.9999999999999999,14.0,0.002314814814814825,12.7127871465185,428.38636441065023,-101.68416076895002,300.0,-4.579998741307332e-14,-431.9999999999877,0.0,0.0,0.0,0.0,0.0,0.0
5.300924469105512e-16,-25.00000000000001,0.0,0.0,0.0,4.363267749186958,0.9999999999999999,14.0,0.002314814814814825,12.7151019613333,426.5769467591625,-105.65456543517483,300.0,-4.579998741307332e-14,-431.9999999999877,0.0,0.0,0.0,0.0,0.0,0.0
4.2407395752843393e-16,-26.00000000000001,0.0,0.0,0.0,4.363267749186998,0.9999999999999999,14.0,0.0023148148148147696,12.7174167761481,424.6985115747917,-109.59278669726933,300.0,-4.579998741307334e-14,-431.9999999999877,0.0,0.0,-8.178909865331218e-27,0.0,0.0,0.0
3.180554681463167e-16,-27.00000000000001,0.0,0.0,0.0,4.363267749186994,0.9999999999999999,14.0,0.0023148148148148806,12.7197315909629,422.7516310470919,-113.49762493488669,300.0,-4.579998741307334e-14,-431.9999999999877,0.0,0.0,0.0,0.0,0.0,0.0
2.120369787641995e-16,-28.00000000000001,0.0,0.0,0.0,4.363267749186934,0.9999999999999999,14.0,0.0023148148148147696,12.7220464057777,420.7368982147317,-117.36789069647266,300.0,-4.579998741307334e-14,-431.9999999999877,0.0,0.0,0.0,0.0,0.0,0.0
1.0601848938208227e-16,-29.00000000000001,0.0,0.0,0.0,4.363267749186928,0.9999999999999999,14.0,0.002314814814814825,12.7243612205926,418.654926784849,-121.20240506158423,300.0,-4.579998741307334e-14,-431.9999999999877,0.0,0.0,0.0,0.0,0.0,0.0
-3.4956398862606086e-29,-30.00000000000001,0.0,0.0,0.0,4.363267749186975,0.9999999999999999,14.0,0.002314814814814825,12.7266760354074,416.5063509461097,-124.99999999999997,300.0,-4.579998741307334e-14,-431.9999999999877,0.0,0.0,0.0,0.0,0.0,0.0
-1.0601848938215218e-16,-31.00000000000001,0.0,0.0,0.0,4.36326774918699,0.9999999999999999,14.0,0.0023148148148147696,12.7289908502222,414.2918251755281,-128.75951872751355,300.0,-4.579998741307334e-14,-431.9999999999877,0.0,0.0,0.0,0.0,0.0,0.0
-2.120369787642694e-16,-32.00000000000001,0.0,0.0,0.0,4.3632677491869485,0.9999999999999999,14.0,0.0023148148148148806,12.731305665037,412.0120240391065,-132.4798160583012,300.0,-4.579998741307334e-14,-431.9999999999862,0.0,0.0,0.0,6.630216375924459e-10,0.0,0.0
-3.180554681463866e-16,-33.00000000000001,0.0,0.0,0.0,4.363267749186959,0.9999999999999999,14.0,0.0023148148148147696,12.7336204798518,409.66764198635605,-136.15975875375673,300.0,-4.579998741307334e-14,-431.9999999999877,0.0,0.0,0.0,-6.630216375924459e-10,0.0,0.0
-4.2407395752850385e-16,-34.00000000000001,0.0,0.0,0.0,4.363267749186979,0.9999999999999999,14.0,0.002314814814814825,12.7359352946666,407.25939313876046,-139.79822586768668,300.0,-4.579998741307334e-14,-431.9999999999877,0.0,0.0,0.0,0.0,0.0,0.0
-5.300924469106211e-16,-35.00000000000001,0.0,0.0,0.0,4.363267749186927,0.9999999999999999,14.0,0.002314814814814825,12.7382501094814,404.788011072248,-143.39410908776148,300.0,-4.579998741307334e-14,-431.9999999999877,0.0,0.0,0.0,0.0,0.0,0.0
-6.361109362927383e-16,-36.00000000000001,0.0,0.0,0.0,4.363267749186997,0.9999999999999999,14.0,0.0023148148148147696,12.7405649242963,402.2542485937369,-146.94631307311826,300.0,-4.5799987413073357e-14,-431.9999999999877,0.0,0.0,-8.178909865331218e-27,0.0,0.0,0.0
-7.421294256748555e-16,-37.00000000000001,0.0,0.0,0.0,4.363267749186963,0.9999999999999999,14.0,0.0023148148148148806,12.7428797391111,399.6588775118233,-150.45375578801205,300.0,-4.579998741307332e-14,-431.9999999999877,0.0,0.0,1.6357819730662436e-26,0.0,0.0,0.0
-8.481479150569727e-16,-38.00000000000001,0.0,0.0,0.0,4.363267749186989,0.9999999999999999,14.0,0.0023148148148147696,12.7451945539259,397.00268840168053,-153.91536883141455,300.0,-4.579998741307332e-14,-431.9999999999877,0.0,0.0,0.0,0.0,0.0,0.0
-9.541664044390899e-16,-39.00000000000001,0.0,0.0,0.0,4.363267749186982,0.9999999999999999,14.0,0.002314814814814825,12.7475093687407,394.28649036424275,-157.33009776245936,300.0,-4.579998741307332e-14,-431.9999999999877,0.0,0.0,0.0,0.0,0.0,0.0
-1.060184893821207e-15,-40.00000000000001,0.0,0.0,0.0,4.36326774918693,0.9999999999999999,14.0,0.002314814814814825,12.7498241835555,391.51111077974457,-160.6969024216348,300.0,-4.579998741307332e-14,-431.9999999999877,0.0,0.0,0.0,0.0,0.0,0.0
-1.1662033832033242e-15,-41.00000000000001,0.0,0.0,0.0,4.36326774918696,0.9999999999999999,14.0,0.0023148148148147696,12.7521389983703,388.67739505569307,-164.0147572476268,300.0,-4.579998741307332e-14,-431.9999999999877,0.0,0.0,0.0,0.0,0.0,0.0
-1.2722218725854414e-15,-42.00000000000001,0.0,0.0,0.0,4.36326774918701,0.9999999999999999,14.0,0.0023148148148148806,12.7544538131851,385.7862063693486,-167.28265158971453,300.0,-4.579998741307332e-14,-431.9999999999877,0.0,0.0,0.0,0.0,0.0,0.0
-1.3782403619675586e-15,-43.00000000000001,0.0,0.0,0.0,4.363267749186954,0.9999999999999999,14.0,0.0023148148148147696,12.756768628,382.83842540479264,-170.4995900156246,300.0,-4.579998741307332e-14,-431.9999999999877,0.0,0.0,0.0,0.0,0.0,0.0
-1.4842588513496757e-15,-44.00000000000001,0.0,0.0,0.0,4.363267749186996,0.9999999999999999,14.0,0.002314814814814825,12.7590834428148,379.8349500846628,-173.66459261474932,300.0,-4.579998741307332e-14,-431.9999999999877,0.0,0.0,0.0,0.0,0.0,0.0
-1.5902773407317929e-15,-45.00000000000001,0.0,0.0,0.0,4.363267749186981,0.9999999999999999,14.0,0.002314814814814825,12.7613982576296,376.7766952966369,-176.7766952966369,300.0,-4.579998741307332e-14,-431.9999999999877,0.0,0.0,0.0,0.0,0.0,0.0
-1.69629583011391e-15,-46.00000000000001,0.0,0.0,0.0,4.363267749186962,0.9999999999999999,14.0,0.0023148148148147696,12.7637130724444,373.6645926147493,-179.83495008466278,300.0,-4.579998741307332e-14,-431.9999999999877,0.0,0.0,0.0,0.0,0.0,0.0
-1.8023143194960274e-15,-47.00000000000001,0.0,0.0,0.0,4.363267749186914,0.9999999999999999,14.0,0.0023148148148148806,12.7660278872592,370.4995900156247,-182.8384254047926,300.0,-4.57999874130734e-14,-431.9999999999877,0.0,0.0,-3.5441942749768614e-26,0.0,0.0,0.0
-1.9083328088781446e-15,-48.00000000000001,0.0,0.0,0.0,4.363267749186994,0.9999999999999999,14.0,0.0023148148148147696,12.768342702074,367.2826515897146,-185.78620636934855,300.0,-4.579998741307332e-14,-431.9999999999877,0.0,0.0,3.5441942749768614e-26,0.0,0.0,0.0
-2.0143512982602618e-15,-49.00000000000001,0.0,0.0,0.0,4.363267749186972,0.9999999999999999,14.0,0.002314814814814825,12.7706575168889,364.01475724762685,-188.67739505569298,300.0,-4.579998741307332e-14,-431.9999999999877,0.0,0.0,0.0,0.0,0.0,0.0
-2.120369787642379e-15,-50.00000000000001,0.0,0.0,0.0,4.363267749187,0.9999999999999999,14.0,0.002314814814814825,12.7729723317037,360.69690242163483,-191.5111107797445,300.0,-4.579998741307332e-14,-431.9999999999877,0.0,0.0,0.0,0.0,0.0,0.0
-2.226388277024496e-15,-51.00000000000001,0.0,0.0,0.0,4.36326774918693,0.9999999999999999,14.0,0.002314814814814825,12.7752871465185,357.3300977624594,-194.2864903642427,300.0,-4.579998741307332e-14,-431.9999999999877,0.0,0.0,0.0,0.0,0.0,0.0
-2.3324067664066133e-15,-52.00000000000001,0.0,0.0,0.0,4.363267749186938,0.9999999999999999,14.0,0.002314814814814825,12.7776019613333,353.91536883141464,-197.00268840168047,300.0,-4.579998741307332e-14,-431.9999999999877,0.0,0.0,0.0,0.0,0.0,0.0
-2.4384252557887305e-15,-53.00000000000001,0.0,0.0,0.0,4.363267749187035,0.9999999999999999,14.0,0.0023148148148147696,12.7799167761481,350.4537557880121,-199.65887751182322,300.0,-4.579998741307332e-14,-431.9999999999877,0.0,0.0,0.0,0.0,0.0,0.0
-2.5444437451708477e-15,-54.00000000000001,0.0,0.0,0.0,4.3632677491869,0.9999999999999999,14.0,0.002314814814814825,12.7822315909629,346.94631307311835,-202.25424859373683,300.0,-4.579998741307332e-14,-431.9999999999877,0.0,0.0,0.0,0.0,0.0,0.0
-2.650462234552965e-15,-55.00000000000001,0.0,0.0,0.0,4.363267749186957,0.9999999999999999,14.0,0.002314814814814825,12.7845464057777,343.3941090877616,-204.7880110722479,300.0,-4.579998741307332e-14,-431.9999999999877,0.0,0.0,0.0,0.0,0.0,0.0
-2.756480723935082e-15,-56.00000000000001,0.0,0.0,0.0,4.363267749186982,0.9999999999999999,14.0,0.002314814814814825,12.7868612205926,339.79822586768677,-207.2593931387604,300.0,-4.579998741307332e-14,-431.9999999999877,0.0,0.0,0.0,0.0,0.0,0.0
-2.862499213317199e-15,-57.00000000000001,0.0,0.0,0.0,4.363267749186979,0.9999999999999999,14.0,0.002314814814814825,12.7891760354074,336.1597587537568,-209.667641986356,300.0,-4.579998741307332e-14,-431.9999999999877,0.0,0.0,0.0,0.0,0.0,0.0
-2.9685177026993163e-15,-58.00000000000001,0.0,0.0,0.0,4.36326774918695,0.9999999999999999,14.0,0.002314814814814825,12.7914908502222,332.4798160583013,-212.01202403910648,300.0,-4.579998741307332e-14,-431.9999999999877,0.0,0.0,0.0,0.0,0.0,0.0
-3.0745361920814335e-15,-59.00000000000001,0.0,0.0,0.0,4.363267749187006,0.9999999999999999,14.0,0.002322683710720974,12.7938135339329,328.7595187275136,-214.29182517552806,300.0,-4.564482408549429e-14,-430.5364503070678,0.0,0.0,6.680346827370876e-14,630.1114896377381,0.0,0.0
-3.1805546814635507e-15,-60.00000000000001,0.0,0.0,0.0,4.36326774918699,0.9999999999999999,14.0,0.002358228771598747,12.7961717627045,325.0,-216.50635094610965,300.0,-4.495682974397246e-14,-424.04706958176695,0.0,0.0,2.9174198441116766e-13,2751.802879964232,0.0,0.0
-3.286573170845668e-15,-61.00000000000001,0.0,0.0,0.0,4.3632677491869485,0.9999999999999999,14.0,0.002397871199349144,12.7985696339039,321.2024050615843,-218.65492678484893,300.0,-4.4213588040461256e-14,-417.03657822461906,0.0,0.0,3.0995897682615023e-13,2923.6313272582197,0.0,0.0
-3.392591660227785e-15,-62.00000000000001,0.0,0.0,0.0,4.363267749187008,0.9999999999999999,14.0,0.0024395826905819207,12.8010092165944,317.36789069647267,-220.73689821473172,300.0,-4.3457633058066456e-14,-409.90617119089734,0.0,0.0,3.098706124261344e-13,2922.7978462255155,0.0,0.0
-3.4986101496099022e-15,-63.00000000000001,0.0,0.0,0.0,4.363267749186884,0.9999999999999999,14.0,0.0024835497489361646,12.8034927663434,313.49762493488674,-222.7516310470919,300.0,-4.268828898134211e-14,-402.6494739750803,0.0,0.0,3.09775987798901e-13,2921.9053167451616,0.0,0.0
-3.604628638992019e-15,-64.0,0.0,0.0,0.0,4.363267749186994,0.9999999999999999,14.0,0.0025299832984521653,12.8060227496418,309.5927866972694,-224.69851157479172,300.0,-4.1904817888310675e-14,-395.2595262631495,0.0,0.0,3.0967441307247987e-13,2920.947231727235,0.0,0.0
-3.7106471283741366e-15,-65.0,0.0,0.0,0.0,4.363267749186961,0.9999999999999999,14.0,0.0025791229553001616,12.8086018725971,305.6545654351749,-226.57694675916247,300.0,-4.110641145054799e-14,-387.7287036451745,0.0,0.0,3.0956509309568813e-13,2919.916091049203,0.0,0.0
-3.816665617756254e-15,-66.0,0.0,0.0,0.0,4.363267749186957,0.9999999999999999,14.0,0.0026312422499217836,12.811233114847,301.6841607689501,-228.3863644106502,300.0,-4.0292181149523526e-14,-380.04862533270415,0.0,0.0,3.0944710660858093e-13,2918.8032051018736,0.0,0.0
-3.922684107138371e-15,-67.0,0.0,0.0,0.0,4.363267749186909,0.9999999999999999,14.0,0.0026866550600807004,12.8139197699071,297.68278212231854,-230.12621336311003,300.0,-3.946114667170449e-14,-372.21004469773794,0.0,0.0,3.093193801343852e-13,2917.5984485075946,0.0,0.0
-4.028702596520488e-15,-68.0,0.0,0.0,0.0,4.363267749187055,0.9999999999999999,14.0,0.00274572360134806,12.8166654935085,293.65164835397803,-231.79596364169683,300.0,-3.86122220496187e-14,-364.2027185508236,0.0,0.0,3.0918065520837567e-13,2916.289951029298,0.0,0.0
-4.134721085902605e-15,-69.0,0.0,0.0,0.0,4.363267749186954,0.9999999999999999,14.0,0.002808868441273815,12.8194743619497,289.5919873863251,-233.39510662430044,300.0,-3.774419898927364e-14,-356.01524987999113,0.0,0.0,3.090294467303412e-13,2914.8637047310167,0.0,0.0
-4.2407395752847224e-15,-70.0,0.0,0.0,0.0,4.3632677491869165,0.9999999999999999,14.0,0.002876581172373327,12.8223509431221,285.5050358314173,-234.92315519647707,300.0,-3.685572665229494e-14,-347.63489714947434,0.0,0.0,3.088639894857427e-13,2913.3030595495206,0.0,0.0
-4.3467580646668396e-15,-71.0,0.0,0.0,0.0,4.3632677491870036,0.9999999999999999,14.0,0.00294944062080843,12.8253003837429,281.3920386142892,-236.37964389982918,300.0,-3.5945286924630447e-14,-339.0473410262868,0.0,0.0,3.0868216882934294e-13,2911.588069480743,0.0,0.0
-4.452776554048957e-15,-72.0,0.0,0.0,0.0,4.363267749186964,0.9999999999999999,14.0,0.0030281338192861273,12.8283285175622,277.2542485937369,-237.76412907378838,300.0,-3.50111638748906e-14,-330.23639630160733,0.0,0.0,3.0848142964835486e-13,2909.694633890807,0.0,0.0
-4.558795043431074e-15,-73.0,0.0,0.0,0.0,4.363267749186978,0.9999999999999999,14.0,0.0031134834932628475,12.8314420010555,273.09292618068423,-239.07618899075885,300.0,-3.4051405639861984e-14,-321.1836523828612,0.0,0.0,3.082586553310186e-13,2907.5933559096093,0.0,0.0
-4.664813532813191e-15,-74.0,0.0,0.0,0.0,4.363267749186973,0.9999999999999999,14.0,0.0032064845951760845,12.8346484856507,268.90933895424985,-240.31542398457972,300.0,-3.3063776305557763e-14,-311.8680194205337,0.0,0.0,3.080100044110775e-13,2905.248001609725,0.0,0.0
-4.770832022195308e-15,-75.0,0.0,0.0,0.0,4.363267749186979,0.9999999999999999,14.0,0.00330835363268972,12.8379568392833,264.70476127563023,-241.4814565722671,300.0,-3.2045694370319745e-14,-302.2651478726417,0.0,0.0,3.0773068670118504e-13,2902.6133884255573,0.0,0.0
-4.8768505115774255e-15,-76.0,0.0,0.0,0.0,4.363267749186933,0.9999999999999999,14.0,0.0034205964492474705,12.8413774357326,260.480473899917,-242.57393156899911,300.0,-3.0994152907291785e-14,-292.34667545187426,0.0,0.0,3.074146508160241e-13,2899.6324377724654,0.0,0.0
-4.982869000959543e-15,-77.0,0.0,0.0,0.0,4.363267749187034,0.9999999999999999,14.0,0.0035451032155111584,12.8449225389481,256.23776358596626,-243.59251619630885,300.0,-2.9905614290229894e-14,-282.07923414606086,0.0,0.0,3.0705413943923024e-13,2896.2319801834765,0.0,0.0
-5.08888749034166e-15,-78.0,0.0,0.0,0.0,4.363267749186919,0.9999999999999999,14.0,0.0036842845690708836,12.8486068235172,251.9779227044399,-244.53690018345142,300.0,-2.877586880017895e-14,-271.42311655152446,0.0,0.0,3.0663904181965686e-13,2892.316647848603,0.0,0.0
-5.194905979723777e-15,-79.0,0.0,0.0,0.0,4.363267749186979,0.9999999999999999,14.0,0.0038412717894694137,12.8524480953066,247.70224884413625,-245.406795861916,300.0,-2.7599840675881118e-14,-260.33044647905126,0.0,0.0,3.061559266703755e-13,2887.7597526117574,0.0,0.0
-5.300924469105894e-15,-80.0,0.0,0.0,0.0,4.363267749186957,0.9999999999999999,14.0,0.004020219975904349,12.8564683152825,243.41204441673264,-246.20193825305202,300.0,-2.637131550450994e-14,-248.7426076168763,0.0,0.0,3.05586554649837e-13,2882.3892552215734,0.0,0.0
-5.406942958488011e-15,-81.0,0.0,0.0,0.0,4.3632677491869725,0.9999999999999999,14.0,0.0042267834216381805,12.8606950987042,239.10861626005777,-246.92208514878448,300.0,-2.5082545947205356e-14,-236.58652460894422,0.0,0.0,3.0490551058449885e-13,2875.9654317044956,0.0,0.0
-5.5129614478701285e-15,-82.0,0.0,0.0,0.0,4.363267749186937,0.9999999999999999,14.0,0.004468892292217752,12.8651639909964,234.79327524001644,-247.5670171853926,300.0,-2.3723661804678982e-14,-223.76909860668704,0.0,0.0,3.040762796840474e-13,2868.1438629830013,0.0,0.0
-5.618979937252246e-15,-83.0,0.0,0.0,0.0,4.363267749187002,0.9999999999999999,14.0,0.004758086233203618,12.8699220772296,230.46733585128692,-248.13653791033053,300.0,-2.2281750305886623e-14,-210.16853226023264,0.0,0.0,3.030444233503423e-13,2858.4110669422357,0.0,0.0
-5.724998426634363e-15,-84.0,0.0,0.0,0.0,4.363267749186983,0.9999999999999999,14.0,0.0051119491263051375,12.8750340263559,226.1321158169134,-248.63047384206834,300.0,-2.0739347509655218e-14,-195.62010014032003,0.0,0.0,3.0172498945549713e-13,2845.965748181952,0.0,0.0
-5.83101691601648e-15,-85.0,0.0,0.0,0.0,4.363267749186987,0.9999999999999999,14.0,0.005558914137537951,12.8805929404935,221.78893568691456,-249.0486745229364,300.0,-1.9071798333095857e-14,-179.89124768941312,0.0,0.0,2.9997750195471697e-13,2829.4828921163285,0.0,0.0
-5.937035405398597e-15,-86.0,0.0,0.0,0.0,4.363267749186897,0.9999999999999999,14.0,0.006148771264266717,12.8867417117577,217.4391184360314,-249.39101256495607,300.0,-1.7242223661538053e-14,-162.6341194071608,0.0,0.0,2.975512655984489e-13,2806.597861680516,0.0,0.0
-6.043053894780714e-15,-87.0,0.0,0.0,0.0,4.363267749186977,0.9999999999999999,14.0,0.006979168933259672,12.893720880691,213.08398906073603,-249.65738368864348,300.0,-1.5190703992975344e-14,-143.28353555599386,0.0,0.0,2.939489913743256e-13,2772.6200692679176,0.0,0.0
-6.1490723841628315e-15,-88.0,0.0,0.0,0.0,4.363267749186982,0.9999999999999999,14.0,0.008278583739614875,12.9019994644306,208.7248741756253,-249.84770675477398,300.0,-1.280635585949295e-14,-120.79360811618092,0.0,0.0,2.880140140484198e-13,2716.639481726109,0.0,0.0
-6.255090873544949e-15,-89.0,0.0,0.0,0.0,4.363267749187041,0.9999999999999999,14.0,0.01078886038065685,12.9127883248112,204.36310160932086,-249.96192378909785,300.0,-9.826662468650768e-15,-92.6881954828937,0.0,0.0,2.7618240348946653e-13,2605.039980281516,0.0,0.0
-6.361109362927066e-15,-90.0,0.0,0.0,0.0,4.363267749186897,0.9999999999999999,14.0,0.02604661305353073,12.9388349378648,200.00000000000006,-250.00000000000003,300.0,-4.070336867378093e-15,-38.39270764090573,0.0,0.0,2.2100092589552267e-13,2084.5507909377957,0.0,0.0
-6.361109362927066e-15,-90.0,0.0,0.0,0.0,4.363267749186897,0.9999999999999999,14.0,0.01,12.9488349378648,200.00000000000006,-250.00000000000003,300.0,0.0,0.0,0.0,0.0,0.0,0.0,0.0,0.0
-6.361109362927066e-15,-90.0,0.0,0.0,0.0,4.363267749186897,0.9999999999999999,14.0,1.03,13.9788349378648,200.00000000000006,-250.00000000000003,300.0,0.0,0.0,0.0,0.0,0.0,0.0,0.0,0.0
-6.255090873544949e-15,-89.0,0.0,0.0,0.0,4.363267749186897,1.0,15.0,0.0,13.9788349378648,204.36310160932086,-249.96192378909785,300.0,0.0,0.0,0.0,0.0,0.0,0.0,0.0,0.0
-6.1490723841628315e-15,-88.0,0.0,0.0,0.0,4.363267749187041,1.0,15.0,0.036835473434187735,14.015670411299,208.7248741756253,-249.84770675477398,300.0,2.8781628006366034e-15,27.1477439209965,0.0,0.0,7.813562667462061e-14,737.0000000000024,0.0,0.0
-6.043053894780714e-15,-87.0,0.0,0.0,0.0,4.363267749186982,1.0,15.0,0.008278583739614868,14.0239489950386,213.08398906073603,-249.65738368864348,300.0,1.280635585949295e-14,120.79360811618092,0.0,0.0,1.199262261653281e-12,11311.821821294205,0.0,0.0
-5.937035405398597e-15,-86.0,0.0,0.0,0.0,4.363267749186977,1.0,15.0,0.00697916893325963,14.0309281639718,217.4391184360314,-249.39101256495607,300.0,1.5190703992975344e-14,143.28353555599386,0.0,0.0,3.4163783056169234e-13,3222.4363179741604,0.0,0.0
-5.83101691601648e-15,-85.0,0.0,0.0,0.0,4.363267749186897,1.0,15.0,0.006148771264266731,14.0370769352361,221.78893568691456,-249.0486745229364,300.0,1.724222366153556e-14,162.6341194071373,0.0,0.0,3.336470947427129e-13,3147.0651646446827,0.0,0.0
-5.724998426634363e-15,-84.0,0.0,0.0,0.0,4.363267749186987,1.0,15.0,0.005558914137537972,14.0426358493736,226.1321158169134,-248.63047384206834,300.0,1.9071798333095857e-14,179.89124768941312,0.0,0.0,3.2912447040793003e-13,3104.4063382348577,0.0,0.0
-5.618979937252246e-15,-83.0,0.0,0.0,0.0,4.363267749186983,1.0,15.0,0.005111949126305151,14.0477477985,230.46733585128692,-248.13653791033053,300.0,2.0739347509655218e-14,195.62010014032003,0.0,0.0,3.2620613690745047e-13,3076.879691538729,0.0,0.0
-5.5129614478701285e-15,-82.0,0.0,0.0,0.0,4.363267749187002,1.0,15.0,0.004758086233203576,14.0525058847332,234.79327524001644,-247.5670171853926,300.0,2.2281750305886623e-14,210.16853226023264,0.0,0.0,3.2416453183803307e-13,3057.622625329657,0.0,0.0
-5.406942958488011e-15,-81.0,0.0,0.0,0.0,4.363267749186937,1.0,15.0,0.004468892292217766,14.0569747770254,239.10861626005777,-246.92208514878448,300.0,2.3723661804678982e-14,223.76909860668704,0.0,0.0,3.2265523635538336e-13,3043.386471886544,0.0,0.0
-5.300924469105894e-15,-80.0,0.0,0.0,0.0,4.3632677491869725,1.0,15.0,0.004226783421638194,14.061201560447,243.41204441673264,-246.20193825305202,300.0,2.5082545947205356e-14,236.58652460894422,0.0,0.0,3.214936766265199e-13,3032.4302723063392,0.0,0.0
-5.194905979723777e-15,-79.0,0.0,0.0,0.0,4.363267749186957,1.0,15.0,0.004020219975904335,14.0652217804229,247.70224884413625,-245.406795861916,300.0,2.637131550450994e-14,248.7426076168763,0.0,0.0,3.205719003011892e-13,3023.735785800231,0.0,0.0
-5.08888749034166e-15,-78.0,0.0,0.0,0.0,4.363267749186979,1.0,15.0,0.0038412717894694137,14.0690630522124,251.9779227044399,-244.53690018345142,300.0,2.7599840675881118e-14,260.33044647905126,0.0,0.0,3.198225063738121e-13,3016.6672647173054,0.0,0.0
-4.982869000959543e-15,-77.0,0.0,0.0,0.0,4.363267749186919,1.0,15.0,0.003684284569070856,14.0727473367815,256.23776358596626,-243.59251619630885,300.0,2.877586880017895e-14,271.42311655152446,0.0,0.0,3.1920121864916085e-13,3010.8070819485,0.0,0.0
-4.8768505115774255e-15,-76.0,0.0,0.0,0.0,4.363267749187034,1.0,15.0,0.0035451032155111584,14.076292439997,260.480473899917,-242.57393156899911,300.0,2.9905614290229894e-14,282.07923414606086,0.0,0.0,3.1867774261353686e-13,3005.869490037191,0.0,0.0
-4.770832022195308e-15,-75.0,0.0,0.0,0.0,4.363267749186933,1.0,15.0,0.0034205964492474705,14.0797130364462,264.70476127563023,-241.4814565722671,300.0,3.0994152907291785e-14,292.34667545187426,0.0,0.0,3.182306457990245e-13,3001.6523311518,0.0,0.0
-4.664813532813191e-15,-74.0,0.0,0.0,0.0,4.363267749186979,1.0,15.0,0.003308353632689748,14.0830213900789,268.90933895424985,-240.31542398457972,300.0,3.2045694370319745e-14,302.2651478726417,0.0,0.0,3.1784433581636036e-13,2998.00853293399,0.0,0.0
-4.558795043431074e-15,-73.0,0.0,0.0,0.0,4.363267749186973,1.0,15.0,0.0032064845951760707,14.0862278746741,273.09292618068423,-239.07618899075885,300.0,3.3063776305557763e-14,311.8680194205337,0.0,0.0,3.17507196750505e-13,2994.828530390871,0.0,0.0
-4.452776554048957e-15,-72.0,0.0,0.0,0.0,4.363267749186978,1.0,15.0,0.0031134834932628613,14.0893413581673,277.2542485937369,-237.76412907378838,300.0,3.4051405639861984e-14,321.1836523828612,0.0,0.0,3.1721039679228345e-13,2992.0290190985284,0.0,0.0
-4.3467580646668396e-15,-71.0,0.0,0.0,0.0,4.363267749186964,1.0,15.0,0.0030281338192861135,14.0923694919866,281.3920386142892,-236.37964389982918,300.0,3.50111638748906e-14,330.23639630160733,0.0,0.0,3.169471008566404e-13,2989.5455283680035,0.0,0.0
-4.2407395752847224e-15,-70.0,0.0,0.0,0.0,4.3632677491870036,1.0,15.0,0.0029494406208084023,14.0953189326074,285.5050358314173,-234.92315519647707,300.0,3.5945286924630447e-14,339.0473410262868,0.0,0.0,3.167119362056617e-13,2987.3273808321637,0.0,0.0
-4.134721085902605e-15,-69.0,0.0,0.0,0.0,4.3632677491869165,1.0,15.0,0.002876581172373327,14.0981955137798,289.5919873863251,-233.39510662430044,300.0,3.685572665229494e-14,347.63489714947434,0.0,0.0,3.165006210874414e-13,2985.3341896496386,0.0,0.0
-4.028702596520488e-15,-68.0,0.0,0.0,0.0,4.363267749186954,1.0,15.0,0.0028088684412738013,14.1010043822211,293.65164835397803,-231.79596364169683,300.0,3.774419898927364e-14,356.01524987999113,0.0,0.0,3.163097010609308e-13,2983.5333714374015,0.0,0.0
-3.922684107138371e-15,-67.0,0.0,0.0,0.0,4.363267749187055,1.0,15.0,0.002745723601348088,14.1037501058224,297.68278212231854,-230.12621336311003,300.0,3.86122220496187e-14,364.2027185508236,0.0,0.0,3.1613635834247647e-13,2981.8983479668796,0.0,0.0
-3.816665617756254e-15,-66.0,0.0,0.0,0.0,4.363267749186909,1.0,15.0,0.0026866550600807143,14.1064367608825,301.6841607689501,-228.3863644106502,300.0,3.946114667170449e-14,372.21004469773794,0.0,0.0,3.159782715315626e-13,2980.4072230523566,0.0,0.0
-3.7106471283741366e-15,-65.0,0.0,0.0,0.0,4.363267749186957,1.0,15.0,0.0026312422499217836,14.1090680031324,305.6545654351749,-226.57694675916247,300.0,4.0292181149523526e-14,380.04862533270415,0.0,0.0,3.1583351089920683e-13,2979.041794878462,0.0,0.0
-3.604628638992019e-15,-64.0,0.0,0.0,0.0,4.363267749186961,1.0,15.0,0.002579122955300134,14.1116471260877,309.5927866972694,-224.69851157479172,300.0,4.110641145054799e-14,387.7287036451745,0.0,0.0,3.157004590848351e-13,2977.786807987551,0.0,0.0
-3.498610149609902e-15,-63.0,0.0,0.0,0.0,4.363267749186994,1.0,15.0,0.002529983298452193,14.1141771093862,313.49762493488674,-222.7516310470919,300.0,4.190481788831083e-14,395.2595262631523,0.0,0.0,3.155777503555928e-13,2976.6293803537283,0.0,0.0
-3.3925916602277842e-15,-62.0,0.0,0.0,0.0,4.363267749186997,1.0,15.0,0.0024835497489361646,14.1166606591351,317.3678906964728,-220.7368982147317,300.0,4.268828898134227e-14,402.6494739750803,0.0,0.0,3.1546422348378926e-13,2975.558558911164,0.0,0.0
-3.2865731708456667e-15,-61.0,0.0,0.0,0.0,4.363267749186957,1.0,15.0,0.002439582690581893,14.1191002418257,321.20240506158433,-218.6549267848489,300.0,4.3457633058066614e-14,409.90617119089734,0.0,0.0,3.1535888481847195e-13,2974.5649712272084,0.0,0.0
-3.180554681463549e-15,-60.0,0.0,0.0,0.0,4.3632677491869485,1.0,15.0,0.002397871199349144,14.1214981130251,325.00000000000006,-216.50635094610962,300.0,4.421358804046142e-14,417.03657822461906,0.0,0.0,3.1526087914978193e-13,2973.6405506920637,0.0,0.0
-3.0745361920814315e-15,-59.0,0.0,0.0,0.0,4.36326774918699,1.0,15.0,0.002358228771598747,14.1238563417967,328.75951872751364,-214.29182517552803,300.0,4.495682974397263e-14,424.04706958176695,0.0,0.0,3.1516946636489004e-13,2972.778316326865,0.0,0.0
-2.968517702699314e-15,-58.0,0.0,0.0,0.0,4.363267749186943,1.0,15.0,0.0023226837107210296,14.1261790255074,332.4798160583013,-212.01202403910648,300.0,4.564482408549446e-14,430.5364503070678,0.0,0.0,2.9620664163015544e-13,2793.9149421621382,0.0,0.0
-2.8624992133171964e-15,-57.0,0.0,0.0,0.0,4.363267749187013,1.0,15.0,0.0023148148148147973,14.1284938403222,336.1597587537569,-209.66764198635596,300.0,4.579998741307349e-14,431.9999999999877,0.0,0.0,6.703055751413948e-14,632.2534673413841,0.0,0.0
-2.756480723935079e-15,-56.0,0.0,0.0,0.0,4.363267749186916,1.0,15.0,0.002314814814814825,14.130808655137,339.79822586768677,-207.2593931387604,300.0,4.579998741307349e-14,431.9999999999877,0.0,0.0,0.0,0.0,0.0,0.0
-2.6504622345529613e-15,-55.0,0.0,0.0,0.0,4.363267749186982,1.0,15.0,0.002314814814814825,14.1331234699518,343.3941090877616,-204.7880110722479,300.0,4.579998741307349e-14,431.9999999999877,0.0,0.0,0.0,0.0,0.0,0.0
-2.5444437451708437e-15,-54.0,0.0,0.0,0.0,4.363267749186957,1.0,15.0,0.0023148148148147973,14.1354382847666,346.94631307311835,-202.25424859373683,300.0,4.579998741307349e-14,431.9999999999877,0.0,0.0,0.0,0.0,0.0,0.0
-2.438425255788726e-15,-53.0,0.0,0.0,0.0,4.363267749187008,1.0,15.0,0.002314814814814825,14.1377530995814,350.4537557880122,-199.6588775118232,300.0,4.579998741307349e-14,431.9999999999877,0.0,0.0,0.0,0.0,0.0,0.0
-2.3324067664066086e-15,-52.0,0.0,0.0,0.0,4.363267749186927,1.0,15.0,0.002314814814814825,14.1400679143963,353.91536883141464,-197.00268840168047,300.0,4.579998741307349e-14,431.9999999999877,0.0,0.0,0.0,0.0,0.0,0.0
-2.226388277024491e-15,-51.0,0.0,0.0,0.0,4.363267749187001,1.0,15.0,0.0023148148148147973,14.1423827292111,357.33009776245945,-194.28649036424267,300.0,4.579998741307349e-14,431.9999999999877,0.0,0.0,0.0,0.0,0.0,0.0
-2.1203697876423734e-15,-50.0,0.0,0.0,0.0,4.36326774918693,1.0,15.0,0.002314814814814825,14.1446975440259,360.6969024216349,-191.51111077974448,300.0,4.579998741307349e-14,431.9999999999877,0.0,0.0,0.0,0.0,0.0,0.0
-2.014351298260256e-15,-49.0,0.0,0.0,0.0,4.363267749186938,1.0,15.0,0.002314814814814825,14.1470123588407,364.01475724762685,-188.67739505569298,300.0,4.579998741307349e-14,431.9999999999877,0.0,0.0,0.0,0.0,0.0,0.0
-1.9083328088781383e-15,-48.0,0.0,0.0,0.0,4.36326774918701,1.0,15.0,0.0023148148148147973,14.1493271736555,367.2826515897146,-185.7862063693485,300.0,4.579998741307349e-14,431.9999999999877,0.0,0.0,0.0,0.0,0.0,0.0
-1.8023143194960207e-15,-47.0,0.0,0.0,0.0,4.363267749186956,1.0,15.0,0.002314814814814825,14.1516419884703,370.4995900156247,-182.8384254047926,300.0,4.579998741307349e-14,431.9999999999877,0.0,0.0,0.0,0.0,0.0,0.0
-1.6962958301139034e-15,-46.0,0.0,0.0,0.0,4.363267749187016,1.0,15.0,0.0023148148148147973,14.1539568032852,373.66459261474944,-179.83495008466275,300.0,4.57999874130734e-14,431.9999999999877,0.0,0.0,-3.816824603821235e-26,0.0,0.0,0.0
-1.590277340731786e-15,-45.0,0.0,0.0,0.0,4.363267749186921,1.0,15.0,0.002314814814814825,14.1562716181,376.77669529663694,-176.77669529663686,300.0,4.57999874130734e-14,431.9999999999877,0.0,0.0,0.0,0.0,0.0,0.0
-1.4842588513496686e-15,-44.0,0.0,0.0,0.0,4.363267749186981,1.0,15.0,0.002314814814814825,14.1585864329148,379.83495008466286,-173.6645926147493,300.0,4.57999874130734e-14,431.9999999999877,0.0,0.0,0.0,0.0,0.0,0.0
-1.3782403619675513e-15,-43.0,0.0,0.0,0.0,4.363267749186996,1.0,15.0,0.0023148148148147973,14.1609012477296,382.8384254047927,-170.49959001562456,300.0,4.57999874130734e-14,431.9999999999877,0.0,0.0,0.0,0.0,0.0,0.0
-1.2722218725854339e-15,-42.0,0.0,0.0,0.0,4.363267749186915,1.0,15.0,0.002314814814814825,14.1632160625444,385.7862063693486,-167.2826515897145,300.0,4.57999874130734e-14,431.9999999999877,0.0,0.0,0.0,0.0,0.0,0.0
-1.1662033832033165e-15,-41.0,0.0,0.0,0.0,4.363267749187031,1.0,15.0,0.0023148148148147973,14.1655308773592,388.67739505569307,-164.01475724762673,300.0,4.57999874130734e-14,431.9999999999877,0.0,0.0,0.0,0.0,0.0,0.0
-1.0601848938211991e-15,-40.0,0.0,0.0,0.0,4.36326774918696,1.0,15.0,0.002314814814814825,14.167845692174,391.51111077974457,-160.69690242163475,300.0,4.57999874130734e-14,431.9999999999877,0.0,0.0,0.0,0.0,0.0,0.0
-9.541664044390818e-16,-39.0,0.0,0.0,0.0,4.36326774918693,1.0,15.0,0.002314814814814825,14.1701605069889,394.28649036424275,-157.3300977624593,300.0,4.57999874130734e-14,431.9999999999877,0.0,0.0,0.0,0.0,0.0,0.0
-8.481479150569644e-16,-38.0,0.0,0.0,0.0,4.363267749187018,1.0,15.0,0.002314814814814825,14.1724753218037,397.0026884016806,-153.9153688314145,300.0,4.57999874130734e-14,431.9999999999877,0.0,0.0,0.0,0.0,0.0,0.0
-7.42129425674847e-16,-37.0,0.0,0.0,0.0,4.3632677491869325,1.0,15.0,0.0023148148148147973,14.1747901366185,399.6588775118233,-150.45375578801202,300.0,4.57999874130734e-14,431.9999999999877,0.0,0.0,0.0,0.0,0.0,0.0
-6.361109362927297e-16,-36.0,0.0,0.0,0.0,4.363267749186963,1.0,15.0,0.002314814814814825,14.1771049514333,402.2542485937369,-146.94631307311823,300.0,4.57999874130734e-14,431.9999999999877,0.0,0.0,0.0,0.0,0.0,0.0
-5.300924469106123e-16,-35.0,0.0,0.0,0.0,4.363267749186997,1.0,15.0,0.0023148148148147973,14.1794197662481,404.788011072248,-143.39410908776145,300.0,4.57999874130734e-14,431.9999999999877,0.0,0.0,0.0,0.0,0.0,0.0
-4.240739575284949e-16,-34.0,0.0,0.0,0.0,4.363267749186903,1.0,15.0,0.002314814814814825,14.1817345810629,407.25939313876046,-139.79822586768668,300.0,4.57999874130734e-14,431.9999999999877,0.0,0.0,0.0,0.0,0.0,0.0
-3.1805546814637755e-16,-33.0,0.0,0.0,0.0,4.363267749187002,1.0,15.0,0.002314814814814825,14.1840493958777,409.66764198635605,-136.1597587537567,300.0,4.57999874130734e-14,431.9999999999877,0.0,0.0,0.0,0.0,0.0,0.0
-2.1203697876426016e-16,-32.0,0.0,0.0,0.0,4.363267749186959,1.0,15.0,0.0023148148148147973,14.1863642106926,412.0120240391065,-132.47981605830117,300.0,4.5799987413073413e-14,431.9999999999877,0.0,0.0,5.4526065768874786e-27,0.0,0.0,0.0
-1.0601848938214276e-16,-31.0,0.0,0.0,0.0,4.363267749186973,1.0,15.0,0.002314814814814825,14.1886790255074,414.2918251755281,-128.7595187275135,300.0,4.5799987413073413e-14,431.9999999999877,0.0,0.0,0.0,0.0,0.0,0.0
-2.536680848351316e-29,-30.0,0.0,0.0,0.0,4.363267749187006,1.0,15.0,0.0023148148148147973,14.1909938403222,416.50635094610976,-124.99999999999993,300.0,4.5799987413073413e-14,431.9999999999877,0.0,0.0,0.0,0.0,0.0,0.0
1.0601848938209203e-16,-29.0,0.0,0.0,0.0,4.363267749186934,1.0,15.0,0.002314814814814825,14.193308655137,418.654926784849,-121.2024050615842,300.0,4.5799987413073413e-14,431.9999999999877,0.0,0.0,0.0,0.0,0.0,0.0
2.1203697876420942e-16,-28.0,0.0,0.0,0.0,4.363267749186943,1.0,15.0,0.002314814814814825,14.1956234699518,420.73689821473175,-117.36789069647264,300.0,4.5799987413073413e-14,431.9999999999877,0.0,0.0,0.0,0.0,0.0,0.0
3.180554681463268e-16,-27.0,0.0,0.0,0.0,4.3632677491869725,1.0,15.0,0.002314814814814825,14.1979382847666,422.75163104709196,-113.49762493488663,300.0,4.5799987413073413e-14,431.9999999999877,0.0,0.0,0.0,0.0,0.0,0.0
4.2407395752844424e-16,-26.0,0.0,0.0,0.0,4.363267749186956,1.0,15.0,0.0023148148148147973,14.2002530995815,424.6985115747917,-109.59278669726929,300.0,4.5799987413073426e-14,431.9999999999877,0.0,0.0,5.4526065768874786e-27,0.0,0.0,0.0
5.300924469105616e-16,-25.0,0.0,0.0,0.0,4.363267749186985,1.0,15.0,0.0023148148148147973,14.2025679143963,426.5769467591625,-105.6545654351748,300.0,4.57999874130734e-14,431.9999999999877,0.0,0.0,-1.0905213153774957e-26,0.0,0.0,0.0
6.36110936292679e-16,-24.0,0.0,0.0,0.0,4.363267749186971,1.0,15.0,0.002314814814814825,14.2048827292111,428.38636441065023,-101.68416076894998,300.0,4.57999874130734e-14,431.9999999999877,0.0,0.0,0.0,0.0,0.0,0.0
7.421294256747963e-16,-23.0,0.0,0.0,0.0,4.36326774918696,1.0,15.0,0.002314814814814825,14.2071975440259,430.1262133631101,-97.68278212231837,300.0,4.57999874130734e-14,431.9999999999877,0.0,0.0,0.0,0.0,0.0,0.0
8.481479150569137e-16,-22.0,0.0,0.0,0.0,4.363267749186965,1.0,15.0,0.002314814814814825,14.2095123588407,431.79596364169686,-93.65164835397795,300.0,4.57999874130734e-14,431.9999999999877,0.0,0.0,0.0,0.0,0.0,0.0
9.54166404439031e-16,-21.0,0.0,0.0,0.0,4.363267749186947,1.0,15.0,0.0023148148148147973,14.2118271736555,433.3951066243004,-89.59198738632502,300.0,4.57999874130734e-14,431.9999999999877,0.0,0.0,0.0,0.0,0.0,0.0
1.0601848938211485e-15,-20.0,0.0,0.0,0.0,4.36326774918698,1.0,15.0,0.0023148148148147973,14.2141419884703,434.92315519647707,-85.50503583141712,300.0,4.57999874130734e-14,431.9999999999877,0.0,0.0,0.0,0.0,0.0,0.0
1.1662033832032658e-15,-19.0,0.0,0.0,0.0,4.3632677491869725,1.0,15.0,0.002314814814814825,14.2164568032852,436.3796438998292,-81.3920386142891,300.0,4.57999874130734e-14,431.9999999999877,0.0,0.0,0.0,0.0,0.0,0.0
1.2722218725853832e-15,-18.0,0.0,0.0,0.0,4.363267749186959,1.0,15.0,0.002314814814814825,14.2187716181,437.76412907378835,-77.25424859373679,300.0,4.57999874130734e-14,431.9999999999877,0.0,0.0,0.0,0.0,0.0,0.0
1.3782403619675006e-15,-17.0,0.0,0.0,0.0,4.363267749186959,1.0,15.0,0.002314814814814825,14.2210864329148,439.07618899075885,-73.09292618068413,300.0,4.57999874130734e-14,431.9999999999877,0.0,0.0,0.0,0.0,0.0,0.0
1.484258851349618e-15,-16.0,0.0,0.0,0.0,4.363267749186995,1.0,15.0,0.002314814814814825,14.2234012477296,440.31542398457975,-68.90933895424973,300.0,4.57999874130734e-14,431.9999999999877,0.0,0.0,0.0,0.0,0.0,0.0
1.5902773407317353e-15,-15.0,0.0,0.0,0.0,4.363267749186965,1.0,15.0,0.0023148148148147973,14.2257160625444,441.4814565722671,-64.70476127563013,300.0,4.57999874130734e-14,431.9999999999877,0.0,0.0,0.0,0.0,0.0,0.0
1.6962958301138527e-15,-14.0,0.0,0.0,0.0,4.363267749186968,1.0,15.0,0.0023148148148147973,14.2280308773592,442.5739315689991,-60.48047389991686,300.0,4.57999874130734e-14,431.9999999999877,0.0,0.0,0.0,0.0,0.0,0.0
1.8023143194959702e-15,-13.0,0.0,0.0,0.0,4.363267749186965,1.0,15.0,0.002314814814814825,14.230345692174,443.5925161963088,-56.23776358596618,300.0,4.579998741307349e-14,431.9999999999877,0.0,0.0,3.816824603821235e-26,0.0,0.0,0.0
1.908332808878088e-15,-12.0,0.0,0.0,0.0,4.363267749186973,1.0,15.0,0.002314814814814825,14.2326605069889,444.5369001834514,-51.977922704439756,300.0,4.579998741307349e-14,431.9999999999877,0.0,0.0,0.0,0.0,0.0,0.0
2.0143512982602054e-15,-11.0,0.0,0.0,0.0,4.363267749186959,1.0,15.0,0.002314814814814825,14.2349753218037,445.40679586191595,-47.70224884413613,300.0,4.579998741307349e-14,431.9999999999877,0.0,0.0,0.0,0.0,0.0,0.0
2.120369787642323e-15,-10.0,0.0,0.0,0.0,4.36326774918697,1.0,15.0,0.0023148148148147696,14.2372901366185,446.201938253052,-43.41204441673251,300.0,4.579998741307349e-14,431.9999999999877,0.0,0.0,0.0,0.0,0.0,0.0
2.2263882770244405e-15,-9.0,0.0,0.0,0.0,4.3632677491869725,1.0,15.0,0.002314814814814825,14.2396049514333,446.92208514878445,-39.108616260057644,300.0,4.579998741307349e-14,431.9999999999877,0.0,0.0,0.0,0.0,0.0,0.0
2.332406766406558e-15,-8.0,0.0,0.0,0.0,4.363267749186973,1.0,15.0,0.002314814814814825,14.2419197662481,447.5670171853926,-34.793275240016285,300.0,4.579998741307349e-14,431.9999999999877,0.0,0.0,0.0,0.0,0.0,0.0
2.4384252557886757e-15,-7.0,0.0,0.0,0.0,4.363267749186963,1.0,15.0,0.002314814814814825,14.2442345810629,448.1365379103305,-30.467335851286794,300.0,4.579998741307349e-14,431.9999999999877,0.0,0.0,0.0,0.0,0.0,0.0
2.5444437451707932e-15,-6.0,0.0,0.0,0.0,4.363267749186969,1.0,15.0,0.002314814814814825,14.2465493958777,448.63047384206834,-26.13211581691329,300.0,4.579998741307349e-14,431.9999999999877,0.0,0.0,0.0,0.0,0.0,0.0
2.6504622345529108e-15,-5.0,0.0,0.0,0.0,4.36326774918697,1.0,15.0,0.0023148148148147696,14.2488642106926,449.0486745229364,-21.788935686914463,300.0,4.579998741307349e-14,431.9999999999877,0.0,0.0,0.0,0.0,0.0,0.0
2.7564807239350284e-15,-4.0,0.0,0.0,0.0,4.363267749186968,1.0,15.0,0.0023148148148148806,14.2511790255074,449.39101256495604,-17.439118436031244,300.0,4.579998741307349e-14,431.9999999999877,0.0,0.0,0.0,0.0,0.0,0.0
2.862499213317146e-15,-3.0,0.0,0.0,0.0,4.363267749186968,1.0,15.0,0.0023148148148147696,14.2534938403222,449.65738368864345,-13.083989060735876,300.0,4.579998741307349e-14,431.9999999999877,0.0,0.0,0.0,0.0,0.0,0.0
2.9685177026992635e-15,-2.0,0.0,0.0,0.0,4.363267749186971,1.0,15.0,0.002314814814814825,14.255808655137,449.847706754774,-8.72487417562516,300.0,4.579998741307349e-14,431.9999999999877,0.0,0.0,0.0,0.0,0.0,0.0
3.074536192081381e-15,-1.0,0.0,0.0,0.0,4.363267749186965,1.0,15.0,0.002314814814814825,14.2581234699518,449.9619237890978,-4.363101609320796,300.0,4.579998741307349e-14,431.9999999999877,0.0,0.0,0.0,0.0,0.0,0.0
3.1805546814634986e-15,0.0,0.0,0.0,0.0,4.363267749186969,1.0,15.0,0.0023148148148147696,14.2604382847666,450.0,8.376306441313884e-14,300.0,4.579998741307349e-14,431.9999999999877,0.0,0.0,0.0,0.0,0.0,0.0
3.286573170845616e-15,1.0,0.0,0.0,0.0,4.363267749186969,1.0,15.0,0.0023148148148148806,14.2627530995815,449.9619237890978,4.363101609320963,300.0,4.579998741307349e-14,431.9999999999877,0.0,0.0,0.0,0.0,0.0,0.0
3.3925916602277338e-15,2.0,0.0,0.0,0.0,4.363267749186967,1.0,15.0,0.0023148148148147696,14.2650679143963,449.847706754774,8.72487417562533,300.0,4.579998741307349e-14,431.9999999999877,0.0,0.0,0.0,0.0,0.0,0.0
3.4986101496098513e-15,3.0,0.0,0.0,0.0,4.363267749186969,1.0,15.0,0.002314814814814825,14.2673827292111,449.65738368864345,13.083989060736043,300.0,4.579998741307349e-14,431.9999999999877,0.0,0.0,0.0,0.0,0.0,0.0
3.604628638991969e-15,4.0,0.0,0.0,0.0,4.363267749186976,1.0,15.0,0.002314814814814825,14.2696975440259,449.39101256495604,17.439118436031418,300.0,4.579998741307349e-14,431.9999999999877,0.0,0.0,0.0,0.0,0.0,0.0
3.710647128374086e-15,5.0,0.0,0.0,0.0,4.363267749186961,1.0,15.0,0.0023148148148147696,14.2720123588407,449.0486745229364,21.78893568691463,300.0,4.579998741307332e-14,431.9999999999877,0.0,0.0,-7.361018878798096e-26,0.0,0.0,0.0
3.816665617756203e-15,6.0,0.0,0.0,0.0,4.363267749186963,1.0,15.0,0.0023148148148148806,14.2743271736555,448.63047384206834,26.13211581691345,300.0,4.579998741307332e-14,431.9999999999877,0.0,0.0,0.0,0.0,0.0,0.0
3.9226841071383204e-15,7.0,0.0,0.0,0.0,4.3632677491869725,1.0,15.0,0.0023148148148147696,14.2766419884703,448.1365379103305,30.467335851286958,300.0,4.579998741307332e-14,431.9999999999877,0.0,0.0,0.0,0.0,0.0,0.0
4.0287025965204376e-15,8.0,0.0,0.0,0.0,4.363267749186963,1.0,15.0,0.002314814814814825,14.2789568032852,447.5670171853926,34.79327524001645,300.0,4.579998741307332e-14,431.9999999999877,0.0,0.0,0.0,0.0,0.0,0.0
4.134721085902555e-15,9.0,0.0,0.0,0.0,4.363267749186973,1.0,15.0,0.002314814814814825,14.2812716181,446.92208514878445,39.10861626005781,300.0,4.579998741307332e-14,431.9999999999877,0.0,0.0,0.0,0.0,0.0,0.0
4.240739575284672e-15,10.0,0.0,0.0,0.0,4.3632677491869725,1.0,15.0,0.002314814814814825,14.2835864329148,446.201938253052,43.41204441673268,300.0,4.579998741307332e-14,431.9999999999877,0.0,0.0,0.0,0.0,0.0,0.0
4.346758064666789e-15,11.0,0.0,0.0,0.0,4.36326774918697,1.0,15.0,0.002314814814814825,14.2859012477296,445.40679586191595,47.70224884413629,300.0,4.579998741307332e-14,431.9999999999877,0.0,0.0,0.0,0.0,0.0,0.0
4.452776554048906e-15,12.0,0.0,0.0,0.0,4.363267749186959,1.0,15.0,0.0023148148148147696,14.2882160625444,444.5369001834514,51.97792270443992,300.0,4.579998741307332e-14,431.9999999999877,0.0,0.0,0.0,0.0,0.0,0.0
4.5587950434310235e-15,13.0,0.0,0.0,0.0,4.363267749186973,1.0,15.0,0.0023148148148148806,14.2905308773592,443.5925161963088,56.23776358596634,300.0,4.579998741307332e-14,431.9999999999877,0.0,0.0,0.0,0.0,0.0,0.0
4.664813532813141e-15,14.0,0.0,0.0,0.0,4.363267749186965,1.0,15.0,0.0023148148148147696,14.292845692174,442.5739315689991,60.48047389991702,300.0,4.579998741307332e-14,431.9999999999877,0.0,0.0,0.0,0.0,0.0,0.0
4.770832022195258e-15,15.0,0.0,0.0,0.0,4.363267749186948,1.0,15.0,0.002314814814814825,14.2951605069889,441.4814565722671,64.70476127563028,300.0,4.579998741307332e-14,431.9999999999877,0.0,0.0,0.0,0.0,0.0,0.0
4.876850511577375e-15,16.0,0.0,0.0,0.0,4.363267749186965,1.0,15.0,0.002314814814814825,14.2974753218037,440.31542398457975,68.90933895424988,300.0,4.579998741307332e-14,431.9999999999877,0.0,0.0,0.0,0.0,0.0,0.0
4.982869000959492e-15,17.0,0.0,0.0,0.0,4.363267749186995,1.0,15.0,0.0023148148148147696,14.2997901366185,439.07618899075885,73.09292618068427,300.0,4.579998741307332e-14,431.9999999999877,0.0,0.0,0.0,0.0,0.0,0.0
5.088887490341609e-15,18.0,0.0,0.0,0.0,4.3632677491869725,1.0,15.0,0.0023148148148148806,14.3021049514333,437.76412907378835,77.25424859373695,300.0,4.579998741307332e-14,431.9999999999877,0.0,0.0,0.0,0.0,0.0,0.0
5.1949059797237265e-15,19.0,0.0,0.0,0.0,4.363267749186959,1.0,15.0,0.0023148148148147696,14.3044197662481,436.3796438998292,81.39203861428926,300.0,4.579998741307332e-14,431.9999999999877,0.0,0.0,0.0,0.0,0.0,0.0
5.300924469105844e-15,20.0,0.0,0.0,0.0,4.3632677491869725,1.0,15.0,0.002314814814814825,14.3067345810629,434.92315519647707,85.50503583141727,300.0,4.579998741307332e-14,431.9999999999877,0.0,0.0,0.0,0.0,0.0,0.0
5.406942958487961e-15,21.0,0.0,0.0,0.0,4.36326774918698,1.0,15.0,0.002314814814814825,14.3090493958778,433.3951066243004,89.59198738632517,300.0,4.579998741307332e-14,431.9999999999877,0.0,0.0,0.0,0.0,0.0,0.0
5.512961447870078e-15,22.0,0.0,0.0,0.0,4.363267749186947,1.0,15.0,0.0023148148148147696,14.3113642106926,431.79596364169686,93.6516483539781,300.0,4.579998741307332e-14,431.9999999999877,0.0,0.0,0.0,0.0,0.0,0.0
5.618979937252195e-15,23.0,0.0,0.0,0.0,4.363267749186965,1.0,15.0,0.0023148148148148806,14.3136790255074,430.1262133631101,97.68278212231853,300.0,4.579998741307332e-14,431.9999999999877,0.0,0.0,0.0,0.0,0.0,0.0
5.724998426634312e-15,24.0,0.0,0.0,0.0,4.36326774918696,1.0,15.0,0.0023148148148147696,14.3159938403222,428.38636441065023,101.68416076895014,300.0,4.579998741307332e-14,431.9999999999877,0.0,0.0,0.0,0.0,0.0,0.0
5.8310169160164295e-15,25.0,0.0,0.0,0.0,4.363267749186971,1.0,15.0,0.002314814814814825,14.318308655137,426.5769467591625,105.65456543517496,300.0,4.579998741307332e-14,431.9999999999877,0.0,0.0,0.0,0.0,0.0,0.0
5.937035405398547e-15,26.0,0.0,0.0,0.0,4.363267749186985,1.0,15.0,0.002314814814814825,14.3206234699518,424.6985115747917,109.59278669726945,300.0,4.579998741307332e-14,431.9999999999877,0.0,0.0,0.0,0.0,0.0,0.0
6.043053894780664e-15,27.0,0.0,0.0,0.0,4.363267749186956,1.0,15.0,0.0023148148148147696,14.3229382847666,422.75163104709196,113.49762493488679,300.0,4.579998741307332e-14,431.9999999999877,0.0,0.0,0.0,0.0,0.0,0.0
6.149072384162781e-15,28.0,0.0,0.0,0.0,4.363267749186985,1.0,15.0,0.0023148148148148806,14.3252530995815,420.73689821473175,117.36789069647281,300.0,4.579998741307332e-14,431.9999999999877,0.0,0.0,0.0,0.0,0.0,0.0
6.255090873544898e-15,29.0,0.0,0.0,0.0,4.363267749186997,1.0,15.0,0.0023148148148147696,14.3275679143963,418.6549267848489,121.20240506158437,300.0,4.579998741307332e-14,431.9999999999877,0.0,0.0,0.0,0.0,0.0,0.0
6.361109362927015e-15,30.0,0.0,0.0,0.0,4.363267749186922,1.0,15.0,0.002314814814814825,14.3298827292111,416.50635094610965,125.00000000000009,300.0,4.579998741307332e-14,431.9999999999877,0.0,0.0,0.0,0.0,0.0,0.0
6.4671278523091326e-15,31.0,0.0,0.0,0.0,4.363267749187019,1.0,15.0,0.002314814814814825,14.3321975440259,414.291825175528,128.75951872751367,300.0,4.579998741307332e-14,431.9999999999877,0.0,0.0,0.0,0.0,0.0,0.0
6.57314634169125e-15,32.0,0.0,0.0,0.0,4.363267749186973,1.0,15.0,0.0023148148148147696,14.3345123588407,412.0120240391064,132.47981605830134,300.0,4.579998741307332e-14,431.9999999999877,0.0,0.0,0.0,0.0,0.0,0.0
6.679164831073367e-15,33.0,0.0,0.0,0.0,4.363267749186959,1.0,15.0,0.0023148148148148806,14.3368271736555,409.66764198635593,136.15975875375688,300.0,4.579998741307332e-14,431.9999999999877,0.0,0.0,0.0,0.0,0.0,0.0
6.785183320455484e-15,34.0,0.0,0.0,0.0,4.363267749187002,1.0,15.0,0.0023148148148147696,14.3391419884703,407.25939313876034,139.79822586768685,300.0,4.579998741307332e-14,431.9999999999877,0.0,0.0,0.0,0.0,0.0,0.0
6.891201809837601e-15,35.0,0.0,0.0,0.0,4.363267749186935,1.0,15.0,0.002314814814814825,14.3414568032852,404.78801107224785,143.39410908776162,300.0,4.579998741307332e-14,431.9999999999877,0.0,0.0,0.0,0.0,0.0,0.0
6.9972202992197184e-15,36.0,0.0,0.0,0.0,4.3632677491869645,1.0,15.0,0.002314814814814825,14.3437716181,402.2542485937368,146.9463130731184,300.0,4.579998741307332e-14,431.9999999999877,0.0,0.0,0.0,0.0,0.0,0.0
7.1032387886018356e-15,37.0,0.0,0.0,0.0,4.363267749186963,1.0,15.0,0.002314814814814825,14.3460864329148,399.65887751182316,150.4537557880122,300.0,4.579998741307332e-14,431.9999999999877,0.0,0.0,0.0,0.0,0.0,0.0
7.209257277983954e-15,38.0,0.0,0.0,0.0,4.363267749186967,1.0,15.0,0.002314814814814825,14.3484012477296,397.0026884016804,153.91536883141467,300.0,4.579998741307366e-14,431.9999999999877,0.0,0.0,1.4722037757596193e-25,0.0,0.0,0.0
7.315275767366072e-15,39.0,0.0,0.0,0.0,4.363267749186982,1.0,15.0,0.002314814814814825,14.3507160625444,394.28649036424264,157.33009776245947,300.0,4.579998741307366e-14,431.9999999999877,0.0,0.0,0.0,0.0,0.0,0.0
7.42129425674819e-15,40.0,0.0,0.0,0.0,4.36326774918693,1.0,15.0,0.002314814814814825,14.3530308773592,391.51111077974446,160.69690242163492,300.0,4.579998741307366e-14,431.9999999999877,0.0,0.0,0.0,0.0,0.0,0.0
7.527312746130307e-15,41.0,0.0,0.0,0.0,4.3632677491869964,1.0,15.0,0.0023148148148147696,14.355345692174,388.6773950556929,164.0147572476269,300.0,4.579998741307366e-14,431.9999999999877,0.0,0.0,0.0,0.0,0.0,0.0
7.633331235512425e-15,42.0,0.0,0.0,0.0,4.363267749186993,1.0,15.0,0.0023148148148148806,14.3576605069889,385.78620636934846,167.28265158971467,300.0,4.579998741307366e-14,431.9999999999877,0.0,0.0,0.0,0.0,0.0,0.0
7.739349724894543e-15,43.0,0.0,0.0,0.0,4.363267749186954,1.0,15.0,0.0023148148148147696,14.3599753218037,382.83842540479253,170.49959001562473,300.0,4.579998741307366e-14,431.9999999999877,0.0,0.0,0.0,0.0,0.0,0.0
7.845368214276661e-15,44.0,0.0,0.0,0.0,4.363267749186954,1.0,15.0,0.002314814814814825,14.3622901366185,379.8349500846627,173.6645926147494,300.0,4.579998741307366e-14,431.9999999999877,0.0,0.0,0.0,0.0,0.0,0.0
7.95138670365878e-15,45.0,0.0,0.0,0.0,4.363267749186981,1.0,15.0,0.002314814814814825,14.3646049514333,376.7766952966368,176.77669529663697,300.0,4.579998741307366e-14,431.9999999999877,0.0,0.0,0.0,0.0,0.0,0.0
8.057405193040897e-15,46.0,0.0,0.0,0.0,4.363267749186921,1.0,15.0,0.0023148148148147696,14.3669197662481,373.66459261474927,179.83495008466286,300.0,4.579998741307366e-14,431.9999999999877,0.0,0.0,0.0,0.0,0.0,0.0
8.163423682423015e-15,47.0,0.0,0.0,0.0,4.363267749187016,1.0,15.0,0.0023148148148148806,14.3692345810629,370.4995900156245,182.8384254047927,300.0,4.579998741307366e-14,431.9999999999877,0.0,0.0,0.0,0.0,0.0,0.0
8.269442171805133e-15,48.0,0.0,0.0,0.0,4.363267749186914,1.0,15.0,0.0023148148148147696,14.3715493958778,367.2826515897145,185.7862063693486,300.0,4.579998741307366e-14,431.9999999999877,0.0,0.0,0.0,0.0,0.0,0.0
8.375460661187251e-15,49.0,0.0,0.0,0.0,4.36326774918701,1.0,15.0,0.002314814814814825,14.3738642106926,364.01475724762673,188.6773950556931,300.0,4.579998741307366e-14,431.9999999999877,0.0,0.0,0.0,0.0,0.0,0.0
8.481479150569369e-15,50.0,0.0,0.0,0.0,4.363267749186938,1.0,15.0,0.002314814814814825,14.3761790255074,360.6969024216348,191.5111107797446,300.0,4.579998741307366e-14,431.9999999999877,0.0,0.0,0.0,0.0,0.0,0.0
8.587497639951487e-15,51.0,0.0,0.0,0.0,4.363267749186973,1.0,15.0,0.002314814814814825,14.3784938403222,357.3300977624593,194.28649036424278,300.0,4.579998741307366e-14,431.9999999999877,0.0,0.0,0.0,0.0,0.0,0.0
8.693516129333605e-15,52.0,0.0,0.0,0.0,4.363267749187001,1.0,15.0,0.002314814814814825,14.380808655137,353.91536883141447,197.0026884016806,300.0,4.579998741307366e-14,431.9999999999877,0.0,0.0,0.0,0.0,0.0,0.0
8.799534618715723e-15,53.0,0.0,0.0,0.0,4.363267749186927,1.0,15.0,0.0023148148148147696,14.3831234699518,350.453755788012,199.6588775118233,300.0,4.579998741307366e-14,431.9999999999877,0.0,0.0,0.0,0.0,0.0,0.0
8.905553108097841e-15,54.0,0.0,0.0,0.0,4.363267749186963,1.0,15.0,0.002314814814814825,14.3854382847666,346.94631307311823,202.25424859373695,300.0,4.579998741307366e-14,431.9999999999877,0.0,0.0,0.0,0.0,0.0,0.0
9.011571597479959e-15,55.0,0.0,0.0,0.0,4.3632677491870036,1.0,15.0,0.002314814814814825,14.3877530995815,343.3941090877614,204.78801107224803,300.0,4.579998741307366e-14,431.9999999999877,0.0,0.0,0.0,0.0,0.0,0.0
9.117590086862077e-15,56.0,0.0,0.0,0.0,4.363267749186935,1.0,15.0,0.002314814814814825,14.3900679143963,339.79822586768665,207.25939313876052,300.0,4.579998741307366e-14,431.9999999999877,0.0,0.0,0.0,0.0,0.0,0.0
9.223608576244195e-15,57.0,0.0,0.0,0.0,4.363267749186963,1.0,15.0,0.002314814814814825,14.3923827292111,336.1597587537567,209.66764198635607,300.0,4.579998741307366e-14,431.9999999999877,0.0,0.0,0.0,0.0,0.0,0.0
9.329627065626313e-15,58.0,0.0,0.0,0.0,4.363267749187013,1.0,15.0,0.002314814814814825,14.3946975440259,332.47981605830114,212.0120240391066,300.0,4.579998741307366e-14,431.9999999999877,0.0,0.0,0.0,0.0,0.0,0.0
9.43564555500843e-15,59.0,0.0,0.0,0.0,4.363267749186943,1.0,15.0,0.002322683710720974,14.3970202277366,328.75951872751347,214.29182517552815,300.0,4.564482408549463e-14,430.5364503070678,0.0,0.0,-6.680346827370876e-14,-630.1114896377381,0.0,0.0
9.541664044390549e-15,60.0,0.0,0.0,0.0,4.363267749186941,1.0,15.0,0.002358228771598747,14.3993784565082,324.99999999999994,216.50635094610973,300.0,4.4956829743972796e-14,424.04706958176695,0.0,0.0,-2.9174198441117033e-13,-2751.802879964232,0.0,0.0
9.647682533772667e-15,61.0,0.0,0.0,0.0,4.363267749186997,1.0,15.0,0.002397871199349144,14.4017763277076,321.20240506158416,218.654926784849,300.0,4.4213588040461584e-14,417.03657822461906,0.0,0.0,-3.0995897682615285e-13,-2923.6313272582197,0.0,0.0
9.753701023154785e-15,62.0,0.0,0.0,0.0,4.363267749186957,1.0,15.0,0.0024395826905819207,14.4042159103982,317.3678906964726,220.7368982147318,300.0,4.345763305806678e-14,409.90617119089734,0.0,0.0,-3.09870612426137e-13,-2922.7978462255155,0.0,0.0
9.859719512536903e-15,63.0,0.0,0.0,0.0,4.363267749186997,1.0,15.0,0.0024835497489361646,14.4066994601471,313.4976249348866,222.75163104709202,300.0,4.2688288981342434e-14,402.6494739750803,0.0,0.0,-3.09775987798901e-13,-2921.9053167451616,0.0,0.0
9.96573800191902e-15,64.0,0.0,0.0,0.0,4.363267749186943,1.0,15.0,0.0025299832984521653,14.4092294434455,309.5927866972693,224.69851157479184,300.0,4.1904817888310985e-14,395.2595262631523,0.0,0.0,-3.0967441307248487e-13,-2920.947231726134,0.0,0.0
1.0071756491301139e-14,65.0,0.0,0.0,0.0,4.363267749186961,1.0,15.0,0.0025791229553001616,14.4118085664008,305.6545654351748,226.57694675916258,300.0,4.11064114505483e-14,387.7287036451745,0.0,0.0,-3.0956509309568813e-13,-2919.9160910502824,0.0,0.0
1.0177774980683256e-14,66.0,0.0,0.0,0.0,4.3632677491869964,1.0,15.0,0.0026312422499217836,14.4144398086508,301.68416076894994,228.3863644106503,300.0,4.029218114952382e-14,380.04862533270415,0.0,0.0,-3.0944710660858573e-13,-2918.8032051018736,0.0,0.0
1.0283793470065374e-14,67.0,0.0,0.0,0.0,4.363267749186921,1.0,15.0,0.0026866550600807004,14.4171264637108,297.6827821223184,230.12621336311014,300.0,3.946114667170478e-14,372.21004469773794,0.0,0.0,-3.093193801343876e-13,-2917.5984485075946,0.0,0.0
1.0389811959447492e-14,68.0,0.0,0.0,0.0,4.363267749187003,1.0,15.0,0.00274572360134806,14.4198721873122,293.6516483539779,231.79596364169694,300.0,3.861222204961899e-14,364.2027185508236,0.0,0.0,-3.0918065520837567e-13,-2916.289951029298,0.0,0.0
1.049583044882961e-14,69.0,0.0,0.0,0.0,4.363267749186943,1.0,15.0,0.002808868441273815,14.4226810557535,289.591987386325,233.39510662430052,300.0,3.7744198989273915e-14,356.01524987999113,0.0,0.0,-3.090294467303457e-13,-2914.8637047310167,0.0,0.0
1.0601848938211728e-14,70.0,0.0,0.0,0.0,4.36326774918697,1.0,15.0,0.002876581172373327,14.4255576369258,285.5050358314171,234.92315519647715,300.0,3.685572665229521e-14,347.63489714947434,0.0,0.0,-3.088639894857449e-13,-2913.3030595495206,0.0,0.0
1.0707867427593846e-14,71.0,0.0,0.0,0.0,4.36326774918695,1.0,15.0,0.00294944062080843,14.4285070775466,281.3920386142891,236.37964389982926,300.0,3.594528692463071e-14,339.0473410262868,0.0,0.0,-3.086821688293451e-13,-2911.588069480743,0.0,0.0
1.0813885916975964e-14,72.0,0.0,0.0,0.0,4.363267749187018,1.0,15.0,0.0030281338192861273,14.4315352113659,277.25424859373675,237.76412907378847,300.0,3.5011163874890856e-14,330.23639630160733,0.0,0.0,-3.08481429648357e-13,-2909.694633890807,0.0,0.0
1.0919904406358082e-14,73.0,0.0,0.0,0.0,4.363267749186978,1.0,15.0,0.0031134834932628475,14.4346486948592,273.09292618068406,239.07618899075894,300.0,3.4051405639862237e-14,321.1836523828612,0.0,0.0,-3.0825865533102064e-13,-2907.5933559096093,0.0,0.0
1.10259228957402e-14,74.0,0.0,0.0,0.0,4.363267749186965,1.0,15.0,0.0032064845951760845,14.4378551794544,268.9093389542497,240.31542398457978,300.0,3.306377630555801e-14,311.8680194205337,0.0,0.0,-3.0801000441107947e-13,-2905.248001609725,0.0,0.0
1.1131941385122318e-14,75.0,0.0,0.0,0.0,4.3632677491869245,1.0,15.0,0.00330835363268972,14.4411635330871,264.7047612756301,241.48145657226715,300.0,3.2045694370319984e-14,302.2651478726417,0.0,0.0,-3.0773068670118696e-13,-2902.6133884255573,0.0,0.0
1.1237959874504436e-14,76.0,0.0,0.0,0.0,4.363267749186933,1.0,15.0,0.0034205964492474705,14.4445841295363,260.4804738999169,242.57393156899917,300.0,3.099415290729202e-14,292.34667545187426,0.0,0.0,-3.074146508160259e-13,-2899.6324377724654,0.0,0.0
1.1343978363886554e-14,77.0,0.0,0.0,0.0,4.3632677491870755,1.0,15.0,0.0035451032155111584,14.4481292327518,256.2377635859661,243.59251619630885,300.0,2.9905614290222624e-14,282.0792341459902,0.0,0.0,-3.070541394412699e-13,-2896.231980202682,0.0,0.0
1.1449996853268672e-14,78.0,0.0,0.0,0.0,4.363267749186892,1.0,15.0,0.0036842845690708836,14.4518135173209,251.97792270443975,244.53690018345142,300.0,2.8775868800179163e-14,271.42311655152446,0.0,0.0,-3.0663904181762536e-13,-2892.3166478294256,0.0,0.0
1.155601534265079e-14,79.0,0.0,0.0,0.0,4.363267749186951,1.0,15.0,0.0038412717894694137,14.4556547891104,247.70224884413614,245.406795861916,300.0,2.7599840675881323e-14,260.33044647905126,0.0,0.0,-3.0615592667037795e-13,-2887.7597526117574,0.0,0.0
1.1662033832032908e-14,80.0,0.0,0.0,0.0,4.363267749186986,1.0,15.0,0.004020219975904349,14.4596750090863,243.4120444167325,246.20193825305202,300.0,2.6371315504510134e-14,248.7426076168763,0.0,0.0,-3.0558655464983934e-13,-2882.3892552215734,0.0,0.0
1.1768052321415026e-14,81.0,0.0,0.0,0.0,4.3632677491869725,1.0,15.0,0.0042267834216381805,14.4639017925079,239.10861626005763,246.92208514878448,300.0,2.5082545947205542e-14,236.58652460894422,0.0,0.0,-3.0490551058450107e-13,-2875.9654317044956,0.0,0.0
1.1874070810797144e-14,82.0,0.0,0.0,0.0,4.3632677491869085,1.0,15.0,0.004468892292217752,14.4683706848001,234.79327524001633,247.5670171853926,300.0,2.372366180467916e-14,223.76909860668704,0.0,0.0,-3.0407627968404954e-13,-2868.1438629830013,0.0,0.0
1.1980089300179262e-14,83.0,0.0,0.0,0.0,4.363267749187058,1.0,15.0,0.004758086233203618,14.4731287710333,230.46733585128675,248.13653791033053,300.0,2.228175030588679e-14,210.16853226023264,0.0,0.0,-3.0304442335034434e-13,-2858.4110669422357,0.0,0.0
1.208610778956138e-14,84.0,0.0,0.0,0.0,4.363267749186956,1.0,15.0,0.0051119491263051375,14.4782407201596,226.13211581691326,248.63047384206834,300.0,2.0739347509655373e-14,195.62010014032003,0.0,0.0,-3.017249894554996e-13,-2845.965748181952,0.0,0.0
1.2192126278943498e-14,85.0,0.0,0.0,0.0,4.363267749186987,1.0,15.0,0.005558914137537951,14.4837996342972,221.7889356869144,249.0486745229364,300.0,1.9071798333096e-14,179.89124768941312,0.0,0.0,-2.9997750195471924e-13,-2829.4828921163285,0.0,0.0
1.2298144768325616e-14,86.0,0.0,0.0,0.0,4.363267749186899,1.0,15.0,0.006148771264266717,14.4899484055614,217.43911843603126,249.3910125649561,300.0,1.724222366153818e-14,162.6341194071608,0.0,0.0,-2.9755126559845146e-13,-2806.597861680516,0.0,0.0
1.2404163257707734e-14,87.0,0.0,0.0,0.0,4.363267749186977,1.0,15.0,0.006979168933259672,14.4969275744947,213.0839890607359,249.6573836886435,300.0,1.5190703992975458e-14,143.28353555599386,0.0,0.0,-2.9394899137432744e-13,-2772.6200692679176,0.0,0.0
1.2510181747089852e-14,88.0,0.0,0.0,0.0,4.363267749186982,1.0,15.0,0.008278583739614875,14.5052061582343,208.72487417562516,249.847706754774,300.0,1.2806355859493046e-14,120.79360811618092,0.0,0.0,-2.880140140484219e-13,-2716.639481726109,0.0,0.0
1.261620023647197e-14,89.0,0.0,0.0,0.0,4.363267749187041,1.0,15.0,0.01078886038065685,14.515995018615,204.36310160932072,249.96192378909788,300.0,9.82666246865084e-15,92.6881954828937,0.0,0.0,-2.7618240348946875e-13,-2605.039980281516,0.0,0.0
1.2722218725854088e-14,90.0,0.0,0.0,0.0,4.363267749186897,1.0,15.0,0.02604661305353073,14.5420416316685,199.99999999999991,250.00000000000006,300.0,4.070336867378123e-15,38.39270764090573,0.0,0.0,-2.210009258955243e-13,-2084.5507909377957,0.0,0.0
1.2722218725854088e-14,90.0,0.0,0.0,0.0,4.363267749186897,1.0,15.0,0.01,14.5520416316685,199.99999999999991,250.00000000000006,300.0,0.0,0.0,0.0,0.0,0.0,0.0,0.0,0.0
1.2722218725854088e-14,90.0,0.0,0.0,0.0,4.363267749186897,1.0,15.0,1.03,15.5820416316685,199.99999999999991,250.00000000000006,300.0,0.0,0.0,0.0,0.0,0.0,0.0,0.0,0.0
1.2616200236471949e-14,88.99999999999999,0.0,0.0,0.0,4.363267749186953,0.9999999999999999,17.0,0.0,15.5820416316685,204.36310160932084,249.96192378909788,300.0,0.0,0.0,0.0,0.0,0.0,0.0,0.0,0.0
1.2510181747089831e-14,87.99999999999999,0.0,0.0,0.0,4.363267749186927,0.9999999999999999,17.0,0.03683547343418786,15.6188771051027,208.72487417562516,249.847706754774,300.0,-2.8781628006366247e-15,-27.1477439209965,0.0,0.0,-7.813562667462119e-14,-737.0000000000024,0.0,0.0
1.2404163257707713e-14,86.99999999999999,0.0,0.0,0.0,4.363267749186982,0.9999999999999999,17.0,0.008278583739614848,15.6271556888423,213.0839890607359,249.6573836886435,300.0,-1.2806355859493046e-14,-120.79360811618092,0.0,0.0,-1.1992622616532901e-12,-11311.821821294205,0.0,0.0
1.2298144768325595e-14,85.99999999999999,0.0,0.0,0.0,4.363267749187034,0.9999999999999999,17.0,0.006979168933259616,15.6341348577756,217.43911843603132,249.3910125649561,300.0,-1.5190703992975458e-14,-143.28353555599386,0.0,0.0,-3.416378305616948e-13,-3222.4363179741604,0.0,0.0
1.2192126278943477e-14,84.99999999999999,0.0,0.0,0.0,4.363267749186956,0.9999999999999999,17.0,0.006148771264266724,15.6402836290398,221.78893568691453,249.0486745229364,300.0,-1.724222366153569e-14,-162.6341194071373,0.0,0.0,-3.3364709474271547e-13,-3147.0651646446827,0.0,0.0
1.208610778956136e-14,83.99999999999999,0.0,0.0,0.0,4.363267749186931,0.9999999999999999,17.0,0.005558914137537958,15.6458425431774,226.1321158169133,248.63047384206834,300.0,-1.9071798333096e-14,-179.89124768941312,0.0,0.0,-3.291244704079323e-13,-3104.4063382348577,0.0,0.0
1.1980089300179241e-14,82.99999999999999,0.0,0.0,0.0,4.363267749186956,0.9999999999999999,17.0,0.005111949126305151,15.6509544923037,230.4673358512868,248.13653791033053,300.0,-2.0739347509655373e-14,-195.62010014032003,0.0,0.0,-3.2620613690745295e-13,-3076.879691538729,0.0,0.0
1.1874070810797123e-14,81.99999999999999,0.0,0.0,0.0,4.363267749187002,0.9999999999999999,17.0,0.004758086233203562,15.6557125785369,234.79327524001633,247.5670171853926,300.0,-2.228175030588679e-14,-210.16853226023264,0.0,0.0,-3.2416453183803574e-13,-3057.622625329657,0.0,0.0
1.1768052321415005e-14,80.99999999999999,0.0,0.0,0.0,4.363267749186969,0.9999999999999999,17.0,0.004468892292217766,15.6601814708291,239.1086162600577,246.92208514878445,300.0,-2.372366180467916e-14,-223.76909860668704,0.0,0.0,-3.226552363553855e-13,-3043.386471886544,0.0,0.0
1.1662033832032887e-14,79.99999999999999,0.0,0.0,0.0,4.363267749186968,0.9999999999999999,17.0,0.004226783421638208,15.6644082542507,243.41204441673256,246.20193825305202,300.0,-2.5082545947205542e-14,-236.58652460894422,0.0,0.0,-3.214936766265221e-13,-3032.4302723063392,0.0,0.0
1.155601534265077e-14,78.99999999999999,0.0,0.0,0.0,4.363267749186991,0.9999999999999999,17.0,0.004020219975904321,15.6684284742266,247.7022488441362,245.40679586191598,300.0,-2.6371315504510134e-14,-248.7426076168763,0.0,0.0,-3.205719003011916e-13,-3023.735785800231,0.0,0.0
1.1449996853268652e-14,77.99999999999999,0.0,0.0,0.0,4.363267749186946,0.9999999999999999,17.0,0.0038412717894694,15.6722697460161,251.9779227044398,244.53690018345142,300.0,-2.7599840675881323e-14,-260.33044647905126,0.0,0.0,-3.198225063738146e-13,-3016.6672647173054,0.0,0.0
1.1343978363886534e-14,76.99999999999999,0.0,0.0,0.0,4.363267749186953,0.9999999999999999,17.0,0.003684284569070856,15.6759540305852,256.2377635859662,243.59251619630882,300.0,-2.8775868800179163e-14,-271.42311655152446,0.0,0.0,-3.192012186491634e-13,-3010.8070819485,0.0,0.0
1.1237959874504416e-14,75.99999999999999,0.0,0.0,0.0,4.36326774918702,0.9999999999999999,17.0,0.0035451032155111722,15.6794991338007,260.48047389991694,242.57393156899914,300.0,-2.9905614290222624e-14,-282.0792341459902,0.0,0.0,-3.186777426113457e-13,-3005.8694900165074,0.0,0.0
1.1131941385122298e-14,74.99999999999999,0.0,0.0,0.0,4.363267749186879,0.9999999999999999,17.0,0.0034205964492474566,15.6829197302499,264.7047612756301,241.48145657226712,300.0,-3.099415290729202e-14,-292.34667545187426,0.0,0.0,-3.1823064580121815e-13,-3001.6523311724563,0.0,0.0
1.102592289574018e-14,73.99999999999999,0.0,0.0,0.0,4.363267749186979,0.9999999999999999,17.0,0.003308353632689748,15.6862280838826,268.90933895424973,240.31542398457975,300.0,-3.2045694370319984e-14,-302.2651478726417,0.0,0.0,-3.178443358163623e-13,-2998.00853293399,0.0,0.0
1.0919904406358062e-14,72.99999999999999,0.0,0.0,0.0,4.3632677491870115,0.9999999999999999,17.0,0.0032064845951760707,15.6894345684778,273.0929261806842,239.07618899075894,300.0,-3.306377630555801e-14,-311.8680194205337,0.0,0.0,-3.1750719675050697e-13,-2994.828530390871,0.0,0.0
1.0813885916975944e-14,71.99999999999999,0.0,0.0,0.0,4.363267749186924,0.9999999999999999,17.0,0.003113483493262875,15.6925480519711,277.2542485937368,237.76412907378847,300.0,-3.4051405639862237e-14,-321.1836523828612,0.0,0.0,-3.1721039679228547e-13,-2992.0290190985284,0.0,0.0
1.0707867427593826e-14,70.99999999999999,0.0,0.0,0.0,4.363267749186964,0.9999999999999999,17.0,0.0030281338192861135,15.6955761857903,281.3920386142891,236.37964389982926,300.0,-3.5011163874890856e-14,-330.23639630160733,0.0,0.0,-3.169471008566425e-13,-2989.5455283680035,0.0,0.0
1.0601848938211708e-14,69.99999999999999,0.0,0.0,0.0,4.3632677491870036,0.9999999999999999,17.0,0.0029494406208083884,15.6985256264112,285.50503583141716,234.92315519647715,300.0,-3.594528692463071e-14,-339.0473410262868,0.0,0.0,-3.1671193620566386e-13,-2987.3273808321637,0.0,0.0
1.049583044882959e-14,68.99999999999999,0.0,0.0,0.0,4.36326774918698,0.9999999999999999,17.0,0.002876581172373327,15.7014022075835,289.59198738632506,233.3951066243005,300.0,-3.685572665229521e-14,-347.63489714947434,0.0,0.0,-3.1650062108744355e-13,-2985.3341896496386,0.0,0.0
1.0389811959447472e-14,67.99999999999999,0.0,0.0,0.0,4.3632677491869964,0.9999999999999999,17.0,0.002808879836513886,15.70421108742,293.65164835397803,231.79596364169691,300.0,-3.774404586623459e-14,-356.0138055749438,0.0,0.0,-3.162539039199002e-13,-2983.007075115333,0.0,0.0
1.0283793470065354e-14,66.99999999999999,0.0,0.0,0.0,4.363267749186886,0.9999999999999999,17.0,0.002777777777777768,15.7069888651978,297.6827821223184,230.12621336311014,300.0,-3.81666561775687e-14,-360.00000000005883,0.0,0.0,-1.5213971208030576e-13,-1435.0299930416556,0.0,0.0
1.0177774980683236e-14,65.99999999999999,0.0,0.0,0.0,4.363267749187026,0.9999999999999999,17.0,0.002777777777777768,15.7097666429756,301.68416076895005,228.3863644106503,300.0,-3.81666561775565e-14,-359.9999999999437,0.0,0.0,4.391620213800895e-24,4.1438852349522564e-08,0.0,0.0
1.0071756491301118e-14,64.99999999999999,0.0,0.0,0.0,4.363267749186905,0.9999999999999999,17.0,0.0027777777777777957,15.7125444207534,305.6545654351748,226.57694675916255,300.0,-3.81666561775565e-14,-359.9999999999437,0.0,0.0,0.0,0.0,0.0,0.0
9.965738001919e-15,63.999999999999986,0.0,0.0,0.0,4.363267749187024,0.9999999999999999,17.0,0.002777777777777768,15.7153221985312,309.59278669726933,224.69851157479178,300.0,-3.81666561775565e-14,-359.9999999999437,0.0,0.0,0.0,0.0,0.0,0.0
9.859719512536882e-15,62.999999999999986,0.0,0.0,0.0,4.363267749186968,0.9999999999999999,17.0,0.0027777777777777957,15.7180999763089,313.4976249348867,222.75163104709202,300.0,-3.81666561775565e-14,-359.9999999999437,0.0,0.0,0.0,0.0,0.0,0.0
9.753701023154764e-15,61.999999999999986,0.0,0.0,0.0,4.36326774918696,0.9999999999999999,17.0,0.002777777777777768,15.7208777540867,317.36789069647267,220.73689821473178,300.0,-3.81666561775565e-14,-359.9999999999437,0.0,0.0,0.0,0.0,0.0,0.0
9.647682533772646e-15,60.999999999999986,0.0,0.0,0.0,4.363267749186957,0.9999999999999999,17.0,0.002777777777777768,15.7236555318645,321.2024050615842,218.65492678484898,300.0,-3.81666561775565e-14,-359.9999999999437,0.0,0.0,0.0,0.0,0.0,0.0
9.541664044390528e-15,59.999999999999986,0.0,0.0,0.0,4.363267749186997,0.9999999999999999,17.0,0.0027777777777777957,15.7264333096423,325.0,216.5063509461097,300.0,-3.81666561775565e-14,-359.9999999999437,0.0,0.0,0.0,0.0,0.0,0.0
9.43564555500841e-15,58.999999999999986,0.0,0.0,0.0,4.363267749186878,0.9999999999999999,17.0,0.002777777777777768,15.72921108742,328.75951872751347,214.29182517552815,300.0,-3.81666561775565e-14,-359.9999999999437,0.0,0.0,0.0,0.0,0.0,0.0
9.329627065626292e-15,57.999999999999986,0.0,0.0,0.0,4.363267749187036,0.9999999999999999,17.0,0.002777777777777768,15.7319888651978,332.4798160583012,212.0120240391065,300.0,-3.81666561775565e-14,-359.9999999999437,0.0,0.0,0.0,0.0,0.0,0.0
9.223608576244174e-15,56.999999999999986,0.0,0.0,0.0,4.363267749186983,0.9999999999999999,17.0,0.0027777777777777957,15.7347666429756,336.15975875375676,209.66764198635605,300.0,-3.81666561775565e-14,-359.9999999999437,0.0,0.0,0.0,0.0,0.0,0.0
9.117590086862056e-15,55.999999999999986,0.0,0.0,0.0,4.363267749186979,0.9999999999999999,17.0,0.002777777777777768,15.7375444207534,339.7982258676867,207.25939313876046,300.0,-3.81666561775565e-14,-359.9999999999437,0.0,0.0,0.0,0.0,0.0,0.0
9.011571597479938e-15,54.999999999999986,0.0,0.0,0.0,4.363267749186935,0.9999999999999999,17.0,0.002777777777777768,15.7403221985312,343.3941090877615,204.78801107224797,300.0,-3.81666561775565e-14,-359.9999999999437,0.0,0.0,0.0,0.0,0.0,0.0
8.90555310809782e-15,53.999999999999986,0.0,0.0,0.0,4.363267749186957,0.9999999999999999,17.0,0.0027777777777777957,15.7430999763089,346.94631307311823,202.2542485937369,300.0,-3.81666561775565e-14,-359.9999999999437,0.0,0.0,0.0,0.0,0.0,0.0
8.799534618715702e-15,52.999999999999986,0.0,0.0,0.0,4.363267749186991,0.9999999999999999,17.0,0.002777777777777768,15.7458777540867,350.4537557880121,199.65887751182328,300.0,-3.81666561775565e-14,-359.9999999999437,0.0,0.0,0.0,0.0,0.0,0.0
8.693516129333585e-15,51.999999999999986,0.0,0.0,0.0,4.363267749186989,0.9999999999999999,17.0,0.0027777777777777957,15.7486555318645,353.9153688314146,197.00268840168053,300.0,-3.81666561775565e-14,-359.9999999999437,0.0,0.0,0.0,0.0,0.0,0.0
8.587497639951467e-15,50.999999999999986,0.0,0.0,0.0,4.36326774918692,0.9999999999999999,17.0,0.002777777777777768,15.7514333096423,357.33009776245933,194.28649036424278,300.0,-3.81666561775565e-14,-359.9999999999437,0.0,0.0,0.0,0.0,0.0,0.0
8.481479150569349e-15,49.999999999999986,0.0,0.0,0.0,4.363267749186966,0.9999999999999999,17.0,0.002777777777777768,15.75421108742,360.6969024216348,191.51111077974454,300.0,-3.81666561775565e-14,-359.9999999999437,0.0,0.0,0.0,0.0,0.0,0.0
8.37546066118723e-15,48.999999999999986,0.0,0.0,0.0,4.363267749186981,0.9999999999999999,17.0,0.002777777777777768,15.7569888651978,364.0147572476268,188.67739505569304,300.0,-3.81666561775565e-14,-359.9999999999437,0.0,0.0,0.0,0.0,0.0,0.0
8.269442171805113e-15,47.999999999999986,0.0,0.0,0.0,4.363267749186991,0.9999999999999999,17.0,0.0027777777777777957,15.7597666429756,367.28265158971453,185.78620636934858,300.0,-3.81666561775565e-14,-359.9999999999437,0.0,0.0,0.0,0.0,0.0,0.0
8.163423682422995e-15,46.999999999999986,0.0,0.0,0.0,4.363267749186974,0.9999999999999999,17.0,0.002777777777777768,15.7625444207534,370.4995900156246,182.83842540479264,300.0,-3.81666561775565e-14,-359.9999999999437,0.0,0.0,0.0,0.0,0.0,0.0
8.057405193040877e-15,45.999999999999986,0.0,0.0,0.0,4.363267749186955,0.9999999999999999,17.0,0.0027777777777777957,15.7653221985312,373.6645926147493,179.83495008466284,300.0,-3.81666561775565e-14,-359.9999999999437,0.0,0.0,0.0,0.0,0.0,0.0
7.951386703658759e-15,44.999999999999986,0.0,0.0,0.0,4.363267749187002,0.9999999999999999,17.0,0.002777777777777768,15.7680999763089,376.7766952966369,176.7766952966369,300.0,-3.81666561775565e-14,-359.9999999999437,0.0,0.0,0.0,0.0,0.0,0.0
7.845368214276641e-15,43.999999999999986,0.0,0.0,0.0,4.363267749186922,0.9999999999999999,17.0,0.002777777777777768,15.7708777540867,379.83495008466275,173.66459261474935,300.0,-3.81666561775565e-14,-359.9999999999437,0.0,0.0,0.0,0.0,0.0,0.0
7.739349724894523e-15,42.999999999999986,0.0,0.0,0.0,4.363267749186894,0.9999999999999999,17.0,0.002777777777777768,15.7736555318645,382.83842540479253,170.4995900156247,300.0,-3.81666561775565e-14,-359.9999999999437,0.0,0.0,0.0,0.0,0.0,0.0
7.633331235512405e-15,41.999999999999986,0.0,0.0,0.0,4.363267749187013,0.9999999999999999,17.0,0.0027777777777777957,15.7764333096423,385.7862063693485,167.28265158971462,300.0,-3.81666561775565e-14,-359.9999999999437,0.0,0.0,0.0,0.0,0.0,0.0
7.527312746130287e-15,40.999999999999986,0.0,0.0,0.0,4.363267749186972,0.9999999999999999,17.0,0.0027777777777777957,15.7792110874201,388.67739505569295,164.01475724762687,300.0,-3.81666561775565e-14,-359.9999999999437,0.0,0.0,0.0,0.0,0.0,0.0
7.421294256748169e-15,39.999999999999986,0.0,0.0,0.0,4.36326774918696,0.9999999999999999,17.0,0.002777777777777768,15.7819888651978,391.51111077974446,160.6969024216349,300.0,-3.81666561775565e-14,-359.9999999999437,0.0,0.0,0.0,0.0,0.0,0.0
7.315275767366051e-15,38.999999999999986,0.0,0.0,0.0,4.363267749186966,0.9999999999999999,17.0,0.002777777777777768,15.7847666429756,394.2864903642427,157.33009776245945,300.0,-3.81666561775565e-14,-359.9999999999437,0.0,0.0,0.0,0.0,0.0,0.0
7.209257277983933e-15,37.999999999999986,0.0,0.0,0.0,4.363267749186982,0.9999999999999999,17.0,0.002777777777777768,15.7875444207534,397.0026884016805,153.91536883141464,300.0,-3.81666561775565e-14,-359.9999999999437,0.0,0.0,0.0,0.0,0.0,0.0
7.103238788601816e-15,36.999999999999986,0.0,0.0,0.0,4.363267749186955,0.9999999999999999,17.0,0.0027777777777777957,15.7903221985312,399.65887751182316,150.45375578801213,300.0,-3.816665617755622e-14,-359.9999999999437,0.0,0.0,1.0223637331662715e-25,0.0,0.0,0.0
6.997220299219699e-15,35.999999999999986,0.0,0.0,0.0,4.363267749186963,0.9999999999999999,17.0,0.002777777777777768,15.7930999763089,402.2542485937368,146.94631307311835,300.0,-3.816665617755622e-14,-359.9999999999437,0.0,0.0,0.0,0.0,0.0,0.0
6.8912018098375815e-15,34.999999999999986,0.0,0.0,0.0,4.363267749186997,0.9999999999999999,17.0,0.0027777777777777957,15.7958777540867,404.7880110722479,143.39410908776156,300.0,-3.816665617755622e-14,-359.9999999999437,0.0,0.0,0.0,0.0,0.0,0.0
6.785183320455464e-15,33.999999999999986,0.0,0.0,0.0,4.363267749186927,0.9999999999999999,17.0,0.002777777777777768,15.7986555318645,407.25939313876034,139.79822586768677,300.0,-3.816665617755622e-14,-359.9999999999437,0.0,0.0,0.0,0.0,0.0,0.0
6.679164831073347e-15,32.999999999999986,0.0,0.0,0.0,4.363267749186979,0.9999999999999999,17.0,0.002777777777777768,15.8014333096423,409.66764198635593,136.15975875375682,300.0,-3.816665617755622e-14,-359.9999999999437,0.0,0.0,0.0,0.0,0.0,0.0
6.57314634169123e-15,31.999999999999986,0.0,0.0,0.0,4.363267749186935,0.9999999999999999,17.0,0.002777777777777768,15.8042110874201,412.0120240391064,132.4798160583013,300.0,-3.816665617755622e-14,-359.9999999999437,0.0,0.0,0.0,0.0,0.0,0.0
6.467127852309113e-15,30.999999999999986,0.0,0.0,0.0,4.363267749186973,0.9999999999999999,17.0,0.0027777777777777957,15.8069888651978,414.291825175528,128.75951872751364,300.0,-3.816665617755622e-14,-359.9999999999437,0.0,0.0,0.0,0.0,0.0,0.0
6.361109362926996e-15,29.999999999999986,0.0,0.0,0.0,4.363267749187019,0.9999999999999999,17.0,0.0027777777777777957,15.8097666429756,416.50635094610965,125.00000000000006,300.0,-3.816665617755622e-14,-359.9999999999437,0.0,0.0,0.0,0.0,0.0,0.0
6.2550908735448785e-15,28.999999999999986,0.0,0.0,0.0,4.363267749186947,0.9999999999999999,17.0,0.002777777777777768,15.8125444207534,418.6549267848489,121.20240506158432,300.0,-3.816665617755622e-14,-359.9999999999437,0.0,0.0,0.0,0.0,0.0,0.0
6.149072384162761e-15,27.999999999999986,0.0,0.0,0.0,4.363267749187036,0.9999999999999999,17.0,0.002777777777777768,15.8153221985312,420.7368982147318,117.36789069647274,300.0,-3.816665617755622e-14,-359.9999999999437,0.0,0.0,0.0,0.0,0.0,0.0
6.043053894780644e-15,26.999999999999986,0.0,0.0,0.0,4.3632677491869725,0.9999999999999999,17.0,0.002777777777777768,15.8180999763089,422.751631047092,113.49762493488673,300.0,-3.816665617755622e-14,-359.9999999999437,0.0,0.0,0.0,0.0,0.0,0.0
5.937035405398527e-15,25.999999999999986,0.0,0.0,0.0,4.363267749186968,0.9999999999999999,17.0,0.002777777777777768,15.8208777540867,424.6985115747918,109.59278669726937,300.0,-3.816665617755622e-14,-359.9999999999437,0.0,0.0,0.0,0.0,0.0,0.0
5.83101691601641e-15,24.999999999999986,0.0,0.0,0.0,4.363267749186948,0.9999999999999999,17.0,0.0027777777777777957,15.8236555318645,426.5769467591625,105.6545654351749,300.0,-3.816665617755622e-14,-359.9999999999437,0.0,0.0,0.0,0.0,0.0,0.0
5.724998426634293e-15,23.999999999999986,0.0,0.0,0.0,4.363267749186958,0.9999999999999999,17.0,0.0027777777777777957,15.8264333096423,428.38636441065023,101.6841607689501,300.0,-3.816665617755622e-14,-359.9999999999437,0.0,0.0,0.0,0.0,0.0,0.0
5.6189799372521755e-15,22.999999999999986,0.0,0.0,0.0,4.363267749186973,0.9999999999999999,17.0,0.002777777777777768,15.8292110874201,430.1262133631101,97.68278212231847,300.0,-3.816665617755622e-14,-359.9999999999437,0.0,0.0,0.0,0.0,0.0,0.0
5.512961447870058e-15,21.999999999999986,0.0,0.0,0.0,4.363267749186979,0.9999999999999999,17.0,0.002777777777777768,15.8319888651978,431.79596364169686,93.65164835397803,300.0,-3.816665617755622e-14,-359.9999999999437,0.0,0.0,0.0,0.0,0.0,0.0
5.406942958487941e-15,20.999999999999986,0.0,0.0,0.0,4.363267749186954,0.9999999999999999,17.0,0.002777777777777768,15.8347666429756,433.39510662430047,89.59198738632512,300.0,-3.816665617755622e-14,-359.9999999999437,0.0,0.0,0.0,0.0,0.0,0.0
5.300924469105824e-15,19.999999999999986,0.0,0.0,0.0,4.363267749186959,0.9999999999999999,17.0,0.0027777777777778234,15.8375444207534,434.92315519647707,85.50503583141722,300.0,-3.816665617755622e-14,-359.9999999999437,0.0,0.0,0.0,0.0,0.0,0.0
5.194905979723707e-15,18.999999999999986,0.0,0.0,0.0,4.3632677491869725,0.9999999999999999,17.0,0.002777777777777768,15.8403221985312,436.3796438998292,81.3920386142892,300.0,-3.816665617755622e-14,-359.9999999999437,0.0,0.0,0.0,0.0,0.0,0.0
5.0888874903415896e-15,17.999999999999986,0.0,0.0,0.0,4.363267749186964,0.9999999999999999,17.0,0.002777777777777768,15.843099976309,437.7641290737884,77.2542485937369,300.0,-3.816665617755622e-14,-359.9999999999437,0.0,0.0,0.0,0.0,0.0,0.0
4.9828690009594724e-15,16.999999999999986,0.0,0.0,0.0,4.363267749186983,0.9999999999999999,17.0,0.002777777777777768,15.8458777540867,439.07618899075885,73.0929261806842,300.0,-3.816665617755622e-14,-359.9999999999437,0.0,0.0,0.0,0.0,0.0,0.0
4.876850511577355e-15,15.999999999999986,0.0,0.0,0.0,4.363267749186981,0.9999999999999999,17.0,0.002777777777777768,15.8486555318645,440.31542398457975,68.90933895424982,300.0,-3.816665617755622e-14,-359.9999999999437,0.0,0.0,0.0,0.0,0.0,0.0
4.770832022195238e-15,14.999999999999986,0.0,0.0,0.0,4.363267749186965,0.9999999999999999,17.0,0.002777777777777768,15.8514333096423,441.4814565722671,64.70476127563022,300.0,-3.816665617755622e-14,-359.9999999999437,0.0,0.0,0.0,0.0,0.0,0.0
4.664813532813121e-15,13.999999999999986,0.0,0.0,0.0,4.363267749186955,0.9999999999999999,17.0,0.002777777777777768,15.8542110874201,442.5739315689991,60.48047389991696,300.0,-3.816665617755622e-14,-359.9999999999437,0.0,0.0,0.0,0.0,0.0,0.0
4.558795043431004e-15,12.999999999999986,0.0,0.0,0.0,4.3632677491869725,0.9999999999999999,17.0,0.002777777777777768,15.8569888651978,443.5925161963088,56.23776358596627,300.0,-3.816665617755622e-14,-359.9999999999437,0.0,0.0,0.0,0.0,0.0,0.0
4.4527765540488866e-15,11.999999999999986,0.0,0.0,0.0,4.36326774918696,0.9999999999999999,17.0,0.0027777777777778234,15.8597666429756,444.5369001834514,51.97792270443986,300.0,-3.816665617755622e-14,-359.9999999999437,0.0,0.0,0.0,0.0,0.0,0.0
4.346758064666769e-15,10.999999999999986,0.0,0.0,0.0,4.363267749186966,0.9999999999999999,17.0,0.002777777777777768,15.8625444207534,445.40679586191595,47.70224884413623,300.0,-3.816665617755622e-14,-359.9999999999437,0.0,0.0,0.0,0.0,0.0,0.0
4.240739575284652e-15,9.999999999999986,0.0,0.0,0.0,4.3632677491869805,0.9999999999999999,17.0,0.002777777777777768,15.8653221985312,446.20193825305205,43.41204441673261,300.0,-3.816665617755622e-14,-359.9999999999437,0.0,0.0,0.0,0.0,0.0,0.0
4.134721085902535e-15,8.999999999999986,0.0,0.0,0.0,4.363267749186964,0.9999999999999999,17.0,0.0027777777777778234,15.868099976309,446.92208514878445,39.108616260057744,300.0,-3.816665617755622e-14,-359.9999999999437,0.0,0.0,0.0,0.0,0.0,0.0
4.028702596520418e-15,7.999999999999986,0.0,0.0,0.0,4.363267749186966,0.9999999999999999,17.0,0.002777777777777768,15.8708777540867,447.5670171853926,34.79327524001639,300.0,-3.816665617755622e-14,-359.9999999999437,0.0,0.0,0.0,0.0,0.0,0.0
3.922684107138301e-15,6.999999999999986,0.0,0.0,0.0,4.36326774918697,0.9999999999999999,17.0,0.002777777777777768,15.8736555318645,448.1365379103305,30.467335851286894,300.0,-3.816665617755622e-14,-359.9999999999437,0.0,0.0,0.0,0.0,0.0,0.0
3.8166656177561835e-15,5.999999999999986,0.0,0.0,0.0,4.363267749186965,0.9999999999999999,17.0,0.002777777777777768,15.8764333096423,448.63047384206834,26.132115816913394,300.0,-3.816665617755622e-14,-359.9999999999437,0.0,0.0,0.0,0.0,0.0,0.0
3.710647128374066e-15,4.999999999999986,0.0,0.0,0.0,4.36326774918697,0.9999999999999999,17.0,0.002777777777777768,15.8792110874201,449.0486745229364,21.788935686914567,300.0,-3.816665617755622e-14,-359.9999999999437,0.0,0.0,0.0,0.0,0.0,0.0
3.604628638991949e-15,3.999999999999986,0.0,0.0,0.0,4.363267749186965,0.9999999999999999,17.0,0.002777777777777768,15.8819888651978,449.3910125649561,17.439118436031354,300.0,-3.816665617755622e-14,-359.9999999999437,0.0,0.0,0.0,0.0,0.0,0.0
3.498610149609832e-15,2.999999999999986,0.0,0.0,0.0,4.363267749186968,0.9999999999999999,17.0,0.002777777777777768,15.8847666429756,449.65738368864345,13.083989060735982,300.0,-3.816665617755622e-14,-359.9999999999437,0.0,0.0,0.0,0.0,0.0,0.0
3.392591660227715e-15,1.9999999999999858,0.0,0.0,0.0,4.363267749186971,0.9999999999999999,17.0,0.002777777777777768,15.8875444207534,449.847706754774,8.724874175625267,300.0,-3.816665617755622e-14,-359.9999999999437,0.0,0.0,0.0,0.0,0.0,0.0
3.2865731708455977e-15,0.9999999999999859,0.0,0.0,0.0,4.363267749186966,0.9999999999999999,17.0,0.0027777777777778234,15.8903221985312,449.9619237890978,4.363101609320902,300.0,-3.816665617755622e-14,-359.99999999994367,0.0,0.0,0.0,2.0463630789887686e-11,0.0,0.0
3.1805546814634805e-15,-1.3988810110276972e-14,0.0,0.0,0.0,4.363267749186968,0.9999999999999999,17.0,0.002777777777777768,15.893099976309,450.0,2.272536569798764e-14,300.0,-3.816665617755622e-14,-359.99999999994367,0.0,0.0,0.0,0.0,0.0,0.0
3.0745361920813633e-15,-1.0000000000000138,0.0,0.0,0.0,4.363267749186968,0.9999999999999999,17.0,0.002777777777777768,15.8958777540867,449.9619237890978,-4.3631016093208554,300.0,-3.816665617755622e-14,-359.99999999994367,0.0,0.0,0.0,0.0,0.0,0.0
2.968517702699246e-15,-2.0000000000000138,0.0,0.0,0.0,4.363267749186966,0.9999999999999999,17.0,0.0027777777777778234,15.8986555318645,449.847706754774,-8.72487417562522,300.0,-3.816665617755622e-14,-359.9999999999437,0.0,0.0,0.0,-2.0463630789887686e-11,0.0,0.0
2.862499213317129e-15,-3.0000000000000138,0.0,0.0,0.0,4.363267749186969,0.9999999999999999,17.0,0.002777777777777768,15.9014333096423,449.65738368864345,-13.083989060735934,300.0,-3.816665617755622e-14,-359.9999999999437,0.0,0.0,0.0,0.0,0.0,0.0
2.7564807239350118e-15,-4.000000000000013,0.0,0.0,0.0,4.363267749186971,0.9999999999999999,17.0,0.002777777777777768,15.9042110874201,449.39101256495604,-17.439118436031304,300.0,-3.816665617755622e-14,-359.99999999994355,0.0,0.0,0.0,6.139089236966307e-11,0.0,0.0
2.6504622345528946e-15,-5.000000000000013,0.0,0.0,0.0,4.363267749186968,0.9999999999999999,17.0,0.002777777777777768,15.9069888651978,449.0486745229364,-21.788935686914524,300.0,-3.816665617755622e-14,-359.9999999999437,0.0,0.0,0.0,-6.139089236966307e-11,0.0,0.0
2.5444437451707774e-15,-6.000000000000013,0.0,0.0,0.0,4.363267749186967,0.9999999999999999,17.0,0.002777777777777768,15.9097666429756,448.63047384206834,-26.13211581691335,300.0,-3.816665617755622e-14,-359.9999999999437,0.0,0.0,0.0,0.0,0.0,0.0
2.4384252557886603e-15,-7.000000000000013,0.0,0.0,0.0,4.3632677491869725,0.9999999999999999,17.0,0.002777777777777768,15.9125444207534,448.1365379103305,-30.467335851286855,300.0,-3.816665617755622e-14,-359.9999999999437,0.0,0.0,0.0,0.0,0.0,0.0
2.332406766406543e-15,-8.000000000000012,0.0,0.0,0.0,4.363267749186966,0.9999999999999999,17.0,0.002777777777777768,15.9153221985312,447.56701718539256,-34.79327524001634,300.0,-3.816665617755622e-14,-359.9999999999434,0.0,0.0,0.0,1.2278178473932613e-10,0.0,0.0
2.226388277024426e-15,-9.000000000000012,0.0,0.0,0.0,4.363267749186973,0.9999999999999999,17.0,0.002777777777777768,15.918099976309,446.9220851487844,-39.1086162600577,300.0,-3.816665617755622e-14,-359.9999999999437,0.0,0.0,0.0,-1.2278178473932613e-10,0.0,0.0
2.1203697876423088e-15,-10.000000000000012,0.0,0.0,0.0,4.363267749186964,0.9999999999999999,17.0,0.0027777777777778234,15.9208777540867,446.201938253052,-43.41204441673257,300.0,-3.816665617755622e-14,-359.9999999999437,0.0,0.0,0.0,0.0,0.0,0.0
2.0143512982601916e-15,-11.000000000000012,0.0,0.0,0.0,4.36326774918697,0.9999999999999999,17.0,0.002777777777777768,15.9236555318645,445.40679586191595,-47.702248844136186,300.0,-3.816665617755622e-14,-359.9999999999437,0.0,0.0,0.0,0.0,0.0,0.0
1.9083328088780744e-15,-12.000000000000012,0.0,0.0,0.0,4.363267749186953,0.9999999999999999,17.0,0.002777777777777768,15.9264333096423,444.5369001834514,-51.977922704439806,300.0,-3.816665617755622e-14,-359.9999999999437,0.0,0.0,0.0,0.0,0.0,0.0
1.8023143194959572e-15,-13.000000000000012,0.0,0.0,0.0,4.363267749186973,0.9999999999999999,17.0,0.0027777777777778234,15.9292110874201,443.5925161963088,-56.23776358596623,300.0,-3.816665617755622e-14,-359.9999999999437,0.0,0.0,0.0,0.0,0.0,0.0
1.69629583011384e-15,-14.000000000000012,0.0,0.0,0.0,4.363267749186965,0.9999999999999999,17.0,0.002777777777777768,15.9319888651979,442.5739315689991,-60.48047389991691,300.0,-3.816665617755622e-14,-359.9999999999437,0.0,0.0,0.0,0.0,0.0,0.0
1.5902773407317229e-15,-15.000000000000012,0.0,0.0,0.0,4.363267749186989,0.9999999999999999,17.0,0.002777777777777768,15.9347666429756,441.48145657226706,-64.70476127563019,300.0,-3.816665617755622e-14,-359.9999999999437,0.0,0.0,0.0,0.0,0.0,0.0
1.4842588513496057e-15,-16.00000000000001,0.0,0.0,0.0,4.363267749186952,0.9999999999999999,17.0,0.002777777777777768,15.9375444207534,440.3154239845797,-68.90933895424978,300.0,-3.816665617755622e-14,-359.9999999999431,0.0,0.0,0.0,2.2509993868876456e-10,0.0,0.0
1.3782403619674885e-15,-17.00000000000001,0.0,0.0,0.0,4.363267749186965,0.9999999999999999,17.0,0.002777777777777768,15.9403221985312,439.07618899075885,-73.09292618068416,300.0,-3.816665617755622e-14,-359.9999999999437,0.0,0.0,0.0,-2.2509993868876456e-10,0.0,0.0
1.2722218725853714e-15,-18.00000000000001,0.0,0.0,0.0,4.363267749186987,0.9999999999999999,17.0,0.002777777777777768,15.943099976309,437.76412907378835,-77.25424859373685,300.0,-3.816665617755622e-14,-359.9999999999437,0.0,0.0,0.0,0.0,0.0,0.0
1.1662033832032542e-15,-19.00000000000001,0.0,0.0,0.0,4.363267749186964,0.9999999999999999,17.0,0.002777777777777768,15.9458777540867,436.37964389982915,-81.39203861428915,300.0,-3.816665617755622e-14,-359.9999999999437,0.0,0.0,0.0,0.0,0.0,0.0
1.060184893821137e-15,-20.00000000000001,0.0,0.0,0.0,4.363267749186967,0.9999999999999999,17.0,0.002777777777777768,15.9486555318645,434.92315519647707,-85.50503583141717,300.0,-3.816665617755622e-14,-359.9999999999437,0.0,0.0,0.0,0.0,0.0,0.0
9.541664044390198e-16,-21.00000000000001,0.0,0.0,0.0,4.363267749186966,0.9999999999999999,17.0,0.002777777777777768,15.9514333096423,433.3951066243004,-89.59198738632506,300.0,-3.816665617755622e-14,-359.9999999999437,0.0,0.0,0.0,0.0,0.0,0.0
8.481479150569027e-16,-22.00000000000001,0.0,0.0,0.0,4.36326774918696,0.9999999999999999,17.0,0.0027777777777778234,15.9542110874201,431.79596364169686,-93.651648353978,300.0,-3.816665617755622e-14,-359.9999999999437,0.0,0.0,0.0,0.0,0.0,0.0
7.421294256747855e-16,-23.00000000000001,0.0,0.0,0.0,4.363267749186965,0.9999999999999999,17.0,0.002777777777777768,15.9569888651979,430.1262133631101,-97.68278212231843,300.0,-3.816665617755622e-14,-359.9999999999437,0.0,0.0,0.0,0.0,0.0,0.0
6.361109362926683e-16,-24.00000000000001,0.0,0.0,0.0,4.363267749186948,0.9999999999999999,17.0,0.002777777777777768,15.9597666429756,428.38636441065023,-101.68416076895002,300.0,-3.816665617755622e-14,-359.9999999999437,0.0,0.0,0.0,0.0,0.0,0.0
5.300924469105512e-16,-25.00000000000001,0.0,0.0,0.0,4.363267749186958,0.9999999999999999,17.0,0.002777777777777768,15.9625444207534,426.5769467591625,-105.65456543517483,300.0,-3.816665617755622e-14,-359.9999999999437,0.0,0.0,0.0,0.0,0.0,0.0
4.2407395752843393e-16,-26.00000000000001,0.0,0.0,0.0,4.363267749186998,0.9999999999999999,17.0,0.0027777777777778234,15.9653221985312,424.6985115747917,-109.59278669726933,300.0,-3.816665617755623e-14,-359.9999999999437,0.0,0.0,-4.543838814072318e-27,0.0,0.0,0.0
3.180554681463167e-16,-27.00000000000001,0.0,0.0,0.0,4.363267749186994,0.9999999999999999,17.0,0.002777777777777768,15.968099976309,422.7516310470919,-113.49762493488669,300.0,-3.816665617755623e-14,-359.9999999999437,0.0,0.0,0.0,0.0,0.0,0.0
2.120369787641995e-16,-28.00000000000001,0.0,0.0,0.0,4.363267749186934,0.9999999999999999,17.0,0.002777777777777768,15.9708777540867,420.7368982147317,-117.36789069647266,300.0,-3.816665617755623e-14,-359.9999999999437,0.0,0.0,0.0,0.0,0.0,0.0
1.0601848938208227e-16,-29.00000000000001,0.0,0.0,0.0,4.363267749186928,0.9999999999999999,17.0,0.002777777777777768,15.9736555318645,418.654926784849,-121.20240506158423,300.0,-3.816665617755623e-14,-359.9999999999437,0.0,0.0,0.0,0.0,0.0,0.0
-3.4956398862606086e-29,-30.00000000000001,0.0,0.0,0.0,4.363267749186975,0.9999999999999999,17.0,0.002777777777777768,15.9764333096423,416.5063509461097,-124.99999999999997,300.0,-3.816665617755623e-14,-359.9999999999437,0.0,0.0,0.0,0.0,0.0,0.0
-1.0601848938215218e-16,-31.00000000000001,0.0,0.0,0.0,4.36326774918699,0.9999999999999999,17.0,0.002777777777777768,15.9792110874201,414.2918251755281,-128.75951872751355,300.0,-3.816665617755623e-14,-359.9999999999437,0.0,0.0,0.0,0.0,0.0,0.0
-2.120369787642694e-16,-32.00000000000001,0.0,0.0,0.0,4.3632677491869485,0.9999999999999999,17.0,0.0027777777777778234,15.9819888651979,412.0120240391065,-132.4798160583012,300.0,-3.816665617755623e-14,-359.9999999999425,0.0,0.0,0.0,4.501998773775291e-10,0.0,0.0
-3.180554681463866e-16,-33.00000000000001,0.0,0.0,0.0,4.363267749186959,0.9999999999999999,17.0,0.002777777777777768,15.9847666429756,409.66764198635605,-136.15975875375673,300.0,-3.816665617755623e-14,-359.9999999999437,0.0,0.0,0.0,-4.501998773775291e-10,0.0,0.0
-4.2407395752850385e-16,-34.00000000000001,0.0,0.0,0.0,4.363267749186979,0.9999999999999999,17.0,0.002777777777777768,15.9875444207534,407.25939313876046,-139.79822586768668,300.0,-3.816665617755623e-14,-359.9999999999437,0.0,0.0,0.0,0.0,0.0,0.0
-5.300924469106211e-16,-35.00000000000001,0.0,0.0,0.0,4.363267749186927,0.9999999999999999,17.0,0.002777777777777768,15.9903221985312,404.788011072248,-143.39410908776148,300.0,-3.816665617755623e-14,-359.9999999999437,0.0,0.0,0.0,0.0,0.0,0.0
-6.361109362927383e-16,-36.00000000000001,0.0,0.0,0.0,4.363267749186997,0.9999999999999999,17.0,0.002777777777777768,15.993099976309,402.2542485937369,-146.94631307311826,300.0,-3.816665617755625e-14,-359.9999999999437,0.0,0.0,-6.815758221108477e-27,0.0,0.0,0.0
-7.421294256748555e-16,-37.00000000000001,0.0,0.0,0.0,4.363267749186963,0.9999999999999999,17.0,0.0027777777777778234,15.9958777540868,399.6588775118233,-150.45375578801205,300.0,-3.816665617755622e-14,-359.9999999999437,0.0,0.0,1.1359597035180795e-26,0.0,0.0,0.0
-8.481479150569727e-16,-38.00000000000001,0.0,0.0,0.0,4.363267749186989,0.9999999999999999,17.0,0.002777777777777768,15.9986555318645,397.00268840168053,-153.91536883141455,300.0,-3.816665617755622e-14,-359.9999999999437,0.0,0.0,0.0,0.0,0.0,0.0
-9.541664044390899e-16,-39.00000000000001,0.0,0.0,0.0,4.363267749186982,0.9999999999999999,17.0,0.002777777777777768,16.0014333096423,394.28649036424275,-157.33009776245936,300.0,-3.816665617755622e-14,-359.9999999999437,0.0,0.0,0.0,0.0,0.0,0.0
-1.060184893821207e-15,-40.00000000000001,0.0,0.0,0.0,4.36326774918693,0.9999999999999999,17.0,0.002777777777777768,16.0042110874201,391.51111077974457,-160.6969024216348,300.0,-3.816665617755622e-14,-359.9999999999437,0.0,0.0,0.0,0.0,0.0,0.0
-1.1662033832033242e-15,-41.00000000000001,0.0,0.0,0.0,4.36326774918696,0.9999999999999999,17.0,0.002777777777777768,16.0069888651979,388.67739505569307,-164.0147572476268,300.0,-3.816665617755622e-14,-359.9999999999437,0.0,0.0,0.0,0.0,0.0,0.0
-1.2722218725854414e-15,-42.00000000000001,0.0,0.0,0.0,4.36326774918701,0.9999999999999999,17.0,0.002777777777777768,16.0097666429756,385.7862063693486,-167.28265158971453,300.0,-3.816665617755622e-14,-359.9999999999437,0.0,0.0,0.0,0.0,0.0,0.0
-1.3782403619675586e-15,-43.00000000000001,0.0,0.0,0.0,4.363267749186954,0.9999999999999999,17.0,0.0027777777777778234,16.0125444207534,382.83842540479264,-170.4995900156246,300.0,-3.816665617755622e-14,-359.9999999999437,0.0,0.0,0.0,0.0,0.0,0.0
-1.4842588513496757e-15,-44.00000000000001,0.0,0.0,0.0,4.363267749186996,0.9999999999999999,17.0,0.002777777777777768,16.0153221985312,379.8349500846628,-173.66459261474932,300.0,-3.816665617755622e-14,-359.9999999999437,0.0,0.0,0.0,0.0,0.0,0.0
-1.5902773407317929e-15,-45.00000000000001,0.0,0.0,0.0,4.363267749186981,0.9999999999999999,17.0,0.002777777777777768,16.018099976309,376.7766952966369,-176.7766952966369,300.0,-3.816665617755622e-14,-359.9999999999437,0.0,0.0,0.0,0.0,0.0,0.0
-1.69629583011391e-15,-46.00000000000001,0.0,0.0,0.0,4.363267749186962,0.9999999999999999,17.0,0.002777777777777768,16.0208777540868,373.6645926147493,-179.83495008466278,300.0,-3.816665617755622e-14,-359.9999999999437,0.0,0.0,0.0,0.0,0.0,0.0
-1.8023143194960274e-15,-47.00000000000001,0.0,0.0,0.0,4.363267749186914,0.9999999999999999,17.0,0.002777777777777768,16.0236555318645,370.4995900156247,-182.8384254047926,300.0,-3.816665617755629e-14,-359.9999999999437,0.0,0.0,-2.4991113477397748e-26,0.0,0.0,0.0
-1.9083328088781446e-15,-48.00000000000001,0.0,0.0,0.0,4.363267749186994,0.9999999999999999,17.0,0.0027777777777778234,16.0264333096423,367.2826515897146,-185.78620636934855,300.0,-3.816665617755622e-14,-359.9999999999437,0.0,0.0,2.4991113477397748e-26,0.0,0.0,0.0
-2.0143512982602618e-15,-49.00000000000001,0.0,0.0,0.0,4.363267749186972,0.9999999999999999,17.0,0.002777777777777768,16.0292110874201,364.01475724762685,-188.67739505569298,300.0,-3.816665617755622e-14,-359.9999999999437,0.0,0.0,0.0,0.0,0.0,0.0
-2.120369787642379e-15,-50.00000000000001,0.0,0.0,0.0,4.363267749187,0.9999999999999999,17.0,0.002777777777777768,16.0319888651979,360.69690242163483,-191.5111107797445,300.0,-3.816665617755622e-14,-359.9999999999437,0.0,0.0,0.0,0.0,0.0,0.0
-2.226388277024496e-15,-51.00000000000001,0.0,0.0,0.0,4.36326774918693,0.9999999999999999,17.0,0.002777777777777768,16.0347666429756,357.3300977624594,-194.2864903642427,300.0,-3.816665617755622e-14,-359.9999999999437,0.0,0.0,0.0,0.0,0.0,0.0
-2.3324067664066133e-15,-52.00000000000001,0.0,0.0,0.0,4.363267749186938,0.9999999999999999,17.0,0.002777777777777768,16.0375444207534,353.91536883141464,-197.00268840168047,300.0,-3.816665617755622e-14,-359.9999999999437,0.0,0.0,0.0,0.0,0.0,0.0
-2.4384252557887305e-15,-53.00000000000001,0.0,0.0,0.0,4.363267749187035,0.9999999999999999,17.0,0.002777777777777768,16.0403221985312,350.4537557880121,-199.65887751182322,300.0,-3.816665617755622e-14,-359.9999999999437,0.0,0.0,0.0,0.0,0.0,0.0
-2.5444437451708477e-15,-54.00000000000001,0.0,0.0,0.0,4.3632677491869,0.9999999999999999,17.0,0.0027777777777778234,16.043099976309,346.94631307311835,-202.25424859373683,300.0,-3.816665617755622e-14,-359.9999999999437,0.0,0.0,0.0,0.0,0.0,0.0
-2.650462234552965e-15,-55.00000000000001,0.0,0.0,0.0,4.363267749186957,0.9999999999999999,17.0,0.002777777777777768,16.0458777540868,343.3941090877616,-204.7880110722479,300.0,-3.816665617755622e-14,-359.9999999999437,0.0,0.0,0.0,0.0,0.0,0.0
-2.756480723935082e-15,-56.00000000000001,0.0,0.0,0.0,4.363267749186982,0.9999999999999999,17.0,0.002777777777777768,16.0486555318645,339.79822586768677,-207.2593931387604,300.0,-3.816665617755622e-14,-359.9999999999437,0.0,0.0,0.0,0.0,0.0,0.0
-2.862499213317199e-15,-57.00000000000001,0.0,0.0,0.0,4.363267749186979,0.9999999999999999,17.0,0.002777777777777768,16.0514333096423,336.1597587537568,-209.667641986356,300.0,-3.816665617755622e-14,-359.9999999999437,0.0,0.0,0.0,0.0,0.0,0.0
-2.9685177026993163e-15,-58.00000000000001,0.0,0.0,0.0,4.36326774918695,0.9999999999999999,17.0,0.002777777777777768,16.0542110874201,332.4798160583013,-212.01202403910648,300.0,-3.816665617755622e-14,-359.9999999999437,0.0,0.0,0.0,0.0,0.0,0.0
-3.0745361920814335e-15,-59.00000000000001,0.0,0.0,0.0,4.363267749187006,0.9999999999999999,17.0,0.002777777777777768,16.0569888651979,328.7595187275136,-214.29182517552806,300.0,-3.816665617755622e-14,-359.9999999999437,0.0,0.0,0.0,0.0,0.0,0.0
-3.1805546814635507e-15,-60.00000000000001,0.0,0.0,0.0,4.36326774918699,0.9999999999999999,17.0,0.0027777777777778234,16.0597666429757,325.0,-216.50635094610965,300.0,-3.816665617755622e-14,-359.9999999999437,0.0,0.0,0.0,0.0,0.0,0.0
-3.286573170845668e-15,-61.00000000000001,0.0,0.0,0.0,4.3632677491869485,0.9999999999999999,17.0,0.002777777777777768,16.0625444207534,321.2024050615843,-218.65492678484893,300.0,-3.816665617755622e-14,-359.9999999999437,0.0,0.0,0.0,0.0,0.0,0.0
-3.392591660227785e-15,-62.00000000000001,0.0,0.0,0.0,4.363267749187008,0.9999999999999999,17.0,0.002777777777777768,16.0653221985312,317.36789069647267,-220.73689821473172,300.0,-3.816665617755622e-14,-359.9999999999437,0.0,0.0,0.0,0.0,0.0,0.0
-3.4986101496099022e-15,-63.00000000000001,0.0,0.0,0.0,4.363267749186884,0.9999999999999999,17.0,0.002777777777777768,16.068099976309,313.49762493488674,-222.7516310470919,300.0,-3.816665617755622e-14,-359.9999999999437,0.0,0.0,0.0,0.0,0.0,0.0
-3.604628638992019e-15,-64.0,0.0,0.0,0.0,4.363267749186994,0.9999999999999999,17.0,0.002777777777777768,16.0708777540868,309.5927866972694,-224.69851157479172,300.0,-3.816665617755622e-14,-359.99999999994117,0.0,0.0,0.0,9.208633855449459e-10,0.0,0.0
-3.7106471283741366e-15,-65.0,0.0,0.0,0.0,4.363267749186961,0.9999999999999999,17.0,0.0027777777777778234,16.0736555318645,305.6545654351749,-226.57694675916247,300.0,-3.816665617755622e-14,-359.9999999999437,0.0,0.0,0.0,-9.208633855449459e-10,0.0,0.0
-3.816665617756254e-15,-66.0,0.0,0.0,0.0,4.363267749186957,0.9999999999999999,17.0,0.002777777777777768,16.0764333096423,301.6841607689501,-228.3863644106502,300.0,-3.816665617755622e-14,-359.9999999999437,0.0,0.0,0.0,0.0,0.0,0.0
-3.922684107138371e-15,-67.0,0.0,0.0,0.0,4.363267749186909,0.9999999999999999,17.0,0.002777777777777768,16.0792110874201,297.68278212231854,-230.12621336311003,300.0,-3.816665617755622e-14,-359.9999999999437,0.0,0.0,0.0,0.0,0.0,0.0
-4.028702596520488e-15,-68.0,0.0,0.0,0.0,4.363267749187055,0.9999999999999999,17.0,0.002777777777777768,16.0819888651979,293.65164835397803,-231.79596364169683,300.0,-3.816665617755622e-14,-359.9999999999437,0.0,0.0,0.0,0.0,0.0,0.0
-4.134721085902605e-15,-69.0,0.0,0.0,0.0,4.363267749186954,0.9999999999999999,17.0,0.0028088798365139556,16.0847977450344,289.5919873863251,-233.39510662430044,300.0,-3.7744045866234304e-14,-356.0138055749438,0.0,0.0,1.5045510520892658e-13,1419.1402470058574,0.0,0.0
-4.2407395752847224e-15,-70.0,0.0,0.0,0.0,4.3632677491869165,0.9999999999999999,17.0,0.002876581172373327,16.0876743262068,285.5050358314173,-234.92315519647707,300.0,-3.685572665229494e-14,-347.63489714947434,0.0,0.0,3.0881075857371276e-13,2912.80096871293,0.0,0.0
-4.3467580646668396e-15,-71.0,0.0,0.0,0.0,4.3632677491870036,0.9999999999999999,17.0,0.0029494406208083745,16.0906237668276,281.3920386142892,-236.37964389982918,300.0,-3.5945286924630447e-14,-339.0473410262868,0.0,0.0,3.0868216882934294e-13,2911.588069480743,0.0,0.0
-4.452776554048957e-15,-72.0,0.0,0.0,0.0,4.363267749186964,0.9999999999999999,17.0,0.0030281338192861273,16.0936519006469,277.2542485937369,-237.76412907378838,300.0,-3.50111638748906e-14,-330.23639630160733,0.0,0.0,3.0848142964835486e-13,2909.694633890807,0.0,0.0
-4.558795043431074e-15,-73.0,0.0,0.0,0.0,4.363267749186978,0.9999999999999999,17.0,0.003113483493262792,16.0967653841401,273.09292618068423,-239.07618899075885,300.0,-3.4051405639861984e-14,-321.1836523828612,0.0,0.0,3.082586553310186e-13,2907.5933559096093,0.0,0.0
-4.664813532813191e-15,-74.0,0.0,0.0,0.0,4.363267749186973,0.9999999999999999,17.0,0.00320648459517614,16.0999718687353,268.90933895424985,-240.31542398457972,300.0,-3.3063776305557763e-14,-311.8680194205337,0.0,0.0,3.080100044110775e-13,2905.248001609725,0.0,0.0
-4.770832022195308e-15,-75.0,0.0,0.0,0.0,4.363267749186979,0.9999999999999999,17.0,0.0033083536326897756,16.103280222368,264.70476127563023,-241.4814565722671,300.0,-3.2045694370319745e-14,-302.2651478726417,0.0,0.0,3.0773068670118504e-13,2902.6133884255573,0.0,0.0
-4.8768505115774255e-15,-76.0,0.0,0.0,0.0,4.363267749186933,0.9999999999999999,17.0,0.003420596449247415,16.1067008188172,260.480473899917,-242.57393156899911,300.0,-3.0994152907291785e-14,-292.34667545187426,0.0,0.0,3.074146508160241e-13,2899.6324377724654,0.0,0.0
-4.982869000959543e-15,-77.0,0.0,0.0,0.0,4.363267749187034,0.9999999999999999,17.0,0.0035451032155111584,16.1102459220327,256.23776358596626,-243.59251619630885,300.0,-2.9905614290222403e-14,-282.0792341459902,0.0,0.0,3.070541394412664e-13,2896.231980202682,0.0,0.0
-5.08888749034166e-15,-78.0,0.0,0.0,0.0,4.363267749186919,0.9999999999999999,17.0,0.0036842845690708836,16.1139302066018,251.9779227044399,-244.53690018345142,300.0,-2.877586880017895e-14,-271.42311655152446,0.0,0.0,3.0663904181762364e-13,2892.3166478294256,0.0,0.0
-5.194905979723777e-15,-79.0,0.0,0.0,0.0,4.363267749186979,0.9999999999999999,17.0,0.003841271789469358,16.1177714783913,247.70224884413625,-245.406795861916,300.0,-2.7599840675881118e-14,-260.33044647905126,0.0,0.0,3.061559266703755e-13,2887.7597526117574,0.0,0.0
-5.300924469105894e-15,-80.0,0.0,0.0,0.0,4.363267749186957,0.9999999999999999,17.0,0.004020219975904404,16.1217916983672,243.41204441673264,-246.20193825305202,300.0,-2.637131550450994e-14,-248.7426076168763,0.0,0.0,3.05586554649837e-13,2882.3892552215734,0.0,0.0
-5.406942958488011e-15,-81.0,0.0,0.0,0.0,4.3632677491869725,0.9999999999999999,17.0,0.0042267834216381805,16.1260184817888,239.10861626005777,-246.92208514878448,300.0,-2.5082545947205356e-14,-236.58652460894422,0.0,0.0,3.0490551058449885e-13,2875.9654317044956,0.0,0.0
-5.5129614478701285e-15,-82.0,0.0,0.0,0.0,4.363267749186937,0.9999999999999999,17.0,0.004468892292217808,16.130487374081,234.79327524001644,-247.5670171853926,300.0,-2.3723661804678982e-14,-223.76909860668704,0.0,0.0,3.040762796840474e-13,2868.1438629830013,0.0,0.0
-5.618979937252246e-15,-83.0,0.0,0.0,0.0,4.363267749187002,0.9999999999999999,17.0,0.004758086233203507,16.1352454603143,230.46733585128692,-248.13653791033053,300.0,-2.2281750305886623e-14,-210.16853226023264,0.0,0.0,3.030444233503423e-13,2858.4110669422357,0.0,0.0
-5.724998426634363e-15,-84.0,0.0,0.0,0.0,4.363267749186983,0.9999999999999999,17.0,0.005111949126305193,16.1403574094406,226.1321158169134,-248.63047384206834,300.0,-2.0739347509655218e-14,-195.62010014032003,0.0,0.0,3.0172498945549713e-13,2845.965748181952,0.0,0.0
-5.83101691601648e-15,-85.0,0.0,0.0,0.0,4.363267749186987,0.9999999999999999,17.0,0.005558914137537951,16.1459163235781,221.78893568691456,-249.0486745229364,300.0,-1.9071798333095857e-14,-179.89124768941312,0.0,0.0,2.9997750195471697e-13,2829.4828921163285,0.0,0.0
-5.937035405398597e-15,-86.0,0.0,0.0,0.0,4.363267749186897,0.9999999999999999,17.0,0.006148771264266717,16.1520650948424,217.4391184360314,-249.39101256495607,300.0,-1.7242223661538053e-14,-162.6341194071608,0.0,0.0,2.975512655984489e-13,2806.597861680516,0.0,0.0
-6.043053894780714e-15,-87.0,0.0,0.0,0.0,4.363267749186977,0.9999999999999999,17.0,0.006979168933259672,16.1590442637756,213.08398906073603,-249.65738368864348,300.0,-1.5190703992975344e-14,-143.28353555599386,0.0,0.0,2.939489913743256e-13,2772.6200692679176,0.0,0.0
-6.1490723841628315e-15,-88.0,0.0,0.0,0.0,4.363267749186982,0.9999999999999999,17.0,0.008278583739614875,16.1673228475152,208.7248741756253,-249.84770675477398,300.0,-1.280635585949295e-14,-120.79360811618092,0.0,0.0,2.880140140484198e-13,2716.639481726109,0.0,0.0
-6.255090873544949e-15,-89.0,0.0,0.0,0.0,4.363267749187041,0.9999999999999999,17.0,0.01078886038065685,16.1781117078959,204.36310160932086,-249.96192378909785,300.0,-9.826662468650768e-15,-92.6881954828937,0.0,0.0,2.7618240348946653e-13,2605.039980281516,0.0,0.0
-6.361109362927066e-15,-90.0,0.0,0.0,0.0,4.363267749186897,0.9999999999999999,17.0,0.02604661305353073,16.2041583209494,200.00000000000006,-250.00000000000003,300.0,-4.070336867378093e-15,-38.39270764090573,0.0,0.0,2.2100092589552267e-13,2084.5507909377957,0.0,0.0
-6.361109362927066e-15,-90.0,0.0,0.0,0.0,4.363267749186897,0.9999999999999999,17.0,0.01,16.2141583209494,200.00000000000006,-250.00000000000003,300.0,0.0,0.0,0.0,0.0,0.0,0.0,0.0,0.0
-6.361109362927066e-15,-90.0,0.0,0.0,0.0,4.363267749186897,0.9999999999999999,17.0,1.03,17.2441583209494,200.00000000000006,-250.00000000000003,300.0,0.0,0.0,0.0,0.0,0.0,0.0,0.0,0.0
-6.255090873544949e-15,-89.0,0.0,0.0,0.0,4.363267749186897,1.0,18.0,0.0,17.2441583209494,204.36310160932086,-249.96192378909785,300.0,0.0,0.0,0.0,0.0,0.0,0.0,0.0,0.0
-6.1490723841628315e-15,-88.0,0.0,0.0,0.0,4.363267749187041,1.0,18.0,0.036835473434187735,17.2809937943836,208.7248741756253,-249.84770675477398,300.0,2.8781628006366034e-15,27.1477439209965,0.0,0.0,7.813562667462061e-14,737.0000000000024,0.0,0.0
-6.043053894780714e-15,-87.0,0.0,0.0,0.0,4.363267749186982,1.0,18.0,0.008278583739614868,17.2892723781232,213.08398906073603,-249.65738368864348,300.0,1.280635585949295e-14,120.79360811618092,0.0,0.0,1.199262261653281e-12,11311.821821294205,0.0,0.0
-5.937035405398597e-15,-86.0,0.0,0.0,0.0,4.363267749186977,1.0,18.0,0.00697916893325963,17.2962515470565,217.4391184360314,-249.39101256495607,300.0,1.5190703992975344e-14,143.28353555599386,0.0,0.0,3.4163783056169234e-13,3222.4363179741604,0.0,0.0
-5.83101691601648e-15,-85.0,0.0,0.0,0.0,4.363267749186897,1.0,18.0,0.006148771264266731,17.3024003183207,221.78893568691456,-249.0486745229364,300.0,1.724222366153556e-14,162.6341194071373,0.0,0.0,3.336470947427129e-13,3147.0651646446827,0.0,0.0
-5.724998426634363e-15,-84.0,0.0,0.0,0.0,4.363267749186987,1.0,18.0,0.005558914137537972,17.3079592324583,226.1321158169134,-248.63047384206834,300.0,1.9071798333095857e-14,179.89124768941312,0.0,0.0,3.2912447040793003e-13,3104.4063382348577,0.0,0.0
-5.618979937252246e-15,-83.0,0.0,0.0,0.0,4.363267749186983,1.0,18.0,0.005111949126305151,17.3130711815846,230.46733585128692,-248.13653791033053,300.0,2.0739347509655218e-14,195.62010014032003,0.0,0.0,3.2620613690745047e-13,3076.879691538729,0.0,0.0
-5.5129614478701285e-15,-82.0,0.0,0.0,0.0,4.363267749187002,1.0,18.0,0.004758086233203576,17.3178292678178,234.79327524001644,-247.5670171853926,300.0,2.2281750305886623e-14,210.16853226023264,0.0,0.0,3.2416453183803307e-13,3057.622625329657,0.0,0.0
-5.406942958488011e-15,-81.0,0.0,0.0,0.0,4.363267749186937,1.0,18.0,0.004468892292217766,17.32229816011,239.10861626005777,-246.92208514878448,300.0,2.3723661804678982e-14,223.76909860668704,0.0,0.0,3.2265523635538336e-13,3043.386471886544,0.0,0.0
-5.300924469105894e-15,-80.0,0.0,0.0,0.0,4.3632677491869725,1.0,18.0,0.004226783421638194,17.3265249435317,243.41204441673264,-246.20193825305202,300.0,2.5082545947205356e-14,236.58652460894422,0.0,0.0,3.214936766265199e-13,3032.4302723063392,0.0,0.0
-5.194905979723777e-15,-79.0,0.0,0.0,0.0,4.363267749186957,1.0,18.0,0.004020219975904335,17.3305451635076,247.70224884413625,-245.406795861916,300.0,2.637131550450994e-14,248.7426076168763,0.0,0.0,3.205719003011892e-13,3023.735785800231,0.0,0.0
-5.08888749034166e-15,-78.0,0.0,0.0,0.0,4.363267749186979,1.0,18.0,0.0038412717894694137,17.334386435297,251.9779227044399,-244.53690018345142,300.0,2.7599840675881118e-14,260.33044647905126,0.0,0.0,3.198225063738121e-13,3016.6672647173054,0.0,0.0
-4.982869000959543e-15,-77.0,0.0,0.0,0.0,4.363267749186919,1.0,18.0,0.003684284569070856,17.3380707198661,256.23776358596626,-243.59251619630885,300.0,2.877586880017895e-14,271.42311655152446,0.0,0.0,3.1920121864916085e-13,3010.8070819485,0.0,0.0
-4.8768505115774255e-15,-76.0,0.0,0.0,0.0,4.363267749187034,1.0,18.0,0.0035451032155111584,17.3416158230816,260.480473899917,-242.57393156899911,300.0,2.9905614290229894e-14,282.07923414606086,0.0,0.0,3.1867774261353686e-13,3005.869490037191,0.0,0.0
-4.770832022195308e-15,-75.0,0.0,0.0,0.0,4.363267749186933,1.0,18.0,0.0034205964492474705,17.3450364195309,264.70476127563023,-241.4814565722671,300.0,3.0994152907291785e-14,292.34667545187426,0.0,0.0,3.182306457990245e-13,3001.6523311518,0.0,0.0
-4.664813532813191e-15,-74.0,0.0,0.0,0.0,4.363267749186979,1.0,18.0,0.003308353632689748,17.3483447731635,268.90933895424985,-240.31542398457972,300.0,3.2045694370319745e-14,302.2651478726417,0.0,0.0,3.1784433581636036e-13,2998.00853293399,0.0,0.0
-4.558795043431074e-15,-73.0,0.0,0.0,0.0,4.363267749186973,1.0,18.0,0.0032064845951760707,17.3515512577587,273.09292618068423,-239.07618899075885,300.0,3.3063776305557763e-14,311.8680194205337,0.0,0.0,3.17507196750505e-13,2994.828530390871,0.0,0.0
-4.452776554048957e-15,-72.0,0.0,0.0,0.0,4.363267749186978,1.0,18.0,0.0031134834932628613,17.354664741252,277.2542485937369,-237.76412907378838,300.0,3.4051405639861984e-14,321.1836523828612,0.0,0.0,3.1721039679228345e-13,2992.0290190985284,0.0,0.0
-4.3467580646668396e-15,-71.0,0.0,0.0,0.0,4.363267749186964,1.0,18.0,0.0030281338192861135,17.3576928750713,281.3920386142892,-236.37964389982918,300.0,3.50111638748906e-14,330.23639630160733,0.0,0.0,3.169471008566404e-13,2989.5455283680035,0.0,0.0
-4.2407395752847224e-15,-70.0,0.0,0.0,0.0,4.3632677491870036,1.0,18.0,0.0029494406208084023,17.3606423156921,285.5050358314173,-234.92315519647707,300.0,3.5945286924630447e-14,339.0473410262868,0.0,0.0,3.167119362056617e-13,2987.3273808321637,0.0,0.0
-4.134721085902605e-15,-69.0,0.0,0.0,0.0,4.3632677491869165,1.0,18.0,0.002876581172373327,17.3635188968645,289.5919873863251,-233.39510662430044,300.0,3.685572665229494e-14,347.63489714947434,0.0,0.0,3.165006210874414e-13,2985.3341896496386,0.0,0.0
-4.028702596520488e-15,-68.0,0.0,0.0,0.0,4.363267749186954,1.0,18.0,0.002808879836513886,17.366327776701,293.65164835397803,-231.79596364169683,300.0,3.7744045866234304e-14,356.0138055749438,0.0,0.0,3.162539039198957e-13,2983.007075115333,0.0,0.0
-3.922684107138371e-15,-67.0,0.0,0.0,0.0,4.363267749187055,1.0,18.0,0.002777777777777768,17.3691055544787,297.68278212231854,-230.12621336311003,300.0,3.816665617755622e-14,359.9999999999437,0.0,0.0,1.521397120758655e-13,1435.029992999758,0.0,0.0
-3.816665617756254e-15,-66.0,0.0,0.0,0.0,4.363267749186909,1.0,18.0,0.002777777777777782,17.3718833322565,301.6841607689501,-228.3863644106502,300.0,3.816665617755622e-14,359.9999999999437,0.0,0.0,0.0,0.0,0.0,0.0
-3.7106471283741366e-15,-65.0,0.0,0.0,0.0,4.363267749186957,1.0,18.0,0.002777777777777768,17.3746611100343,305.6545654351749,-226.57694675916247,300.0,3.816665617755622e-14,359.9999999999437,0.0,0.0,0.0,0.0,0.0,0.0
-3.604628638992019e-15,-64.0,0.0,0.0,0.0,4.363267749186961,1.0,18.0,0.0027777777777777957,17.3774388878121,309.5927866972694,-224.69851157479172,300.0,3.816665617755622e-14,359.9999999999437,0.0,0.0,0.0,0.0,0.0,0.0
-3.498610149609902e-15,-63.0,0.0,0.0,0.0,4.363267749186994,1.0,18.0,0.002777777777777768,17.3802166655899,313.49762493488674,-222.7516310470919,300.0,3.816665617755636e-14,359.9999999999437,0.0,0.0,4.9982226954795496e-26,0.0,0.0,0.0
-3.3925916602277842e-15,-62.0,0.0,0.0,0.0,4.363267749186997,1.0,18.0,0.002777777777777768,17.3829944433676,317.3678906964728,-220.7368982147317,300.0,3.816665617755636e-14,359.9999999999437,0.0,0.0,0.0,0.0,0.0,0.0
-3.2865731708456667e-15,-61.0,0.0,0.0,0.0,4.363267749186957,1.0,18.0,0.0027777777777777957,17.3857722211454,321.20240506158433,-218.6549267848489,300.0,3.816665617755636e-14,359.9999999999437,0.0,0.0,0.0,0.0,0.0,0.0
-3.180554681463549e-15,-60.0,0.0,0.0,0.0,4.3632677491869485,1.0,18.0,0.002777777777777768,17.3885499989232,325.00000000000006,-216.50635094610962,300.0,3.816665617755636e-14,359.9999999999437,0.0,0.0,0.0,0.0,0.0,0.0
-3.0745361920814315e-15,-59.0,0.0,0.0,0.0,4.36326774918699,1.0,18.0,0.0027777777777777957,17.391327776701,328.75951872751364,-214.29182517552803,300.0,3.816665617755636e-14,359.9999999999437,0.0,0.0,0.0,0.0,0.0,0.0
-2.968517702699314e-15,-58.0,0.0,0.0,0.0,4.363267749186943,1.0,18.0,0.002777777777777768,17.3941055544787,332.4798160583013,-212.01202403910648,300.0,3.816665617755636e-14,359.9999999999437,0.0,0.0,0.0,0.0,0.0,0.0
-2.8624992133171964e-15,-57.0,0.0,0.0,0.0,4.363267749187013,1.0,18.0,0.002777777777777768,17.3968833322565,336.1597587537569,-209.66764198635596,300.0,3.816665617755636e-14,359.9999999999437,0.0,0.0,0.0,0.0,0.0,0.0
-2.756480723935079e-15,-56.0,0.0,0.0,0.0,4.363267749186916,1.0,18.0,0.002777777777777768,17.3996611100343,339.79822586768677,-207.2593931387604,300.0,3.816665617755636e-14,359.9999999999437,0.0,0.0,0.0,0.0,0.0,0.0
-2.6504622345529613e-15,-55.0,0.0,0.0,0.0,4.363267749186982,1.0,18.0,0.0027777777777777957,17.4024388878121,343.3941090877616,-204.7880110722479,300.0,3.816665617755636e-14,359.9999999999437,0.0,0.0,0.0,0.0,0.0,0.0
-2.5444437451708437e-15,-54.0,0.0,0.0,0.0,4.363267749186957,1.0,18.0,0.002777777777777768,17.4052166655899,346.94631307311835,-202.25424859373683,300.0,3.816665617755636e-14,359.9999999999437,0.0,0.0,0.0,0.0,0.0,0.0
-2.438425255788726e-15,-53.0,0.0,0.0,0.0,4.363267749187008,1.0,18.0,0.0027777777777777957,17.4079944433676,350.4537557880122,-199.6588775118232,300.0,3.816665617755636e-14,359.9999999999437,0.0,0.0,0.0,0.0,0.0,0.0
-2.3324067664066086e-15,-52.0,0.0,0.0,0.0,4.363267749186927,1.0,18.0,0.002777777777777768,17.4107722211454,353.91536883141464,-197.00268840168047,300.0,3.816665617755636e-14,359.9999999999437,0.0,0.0,0.0,0.0,0.0,0.0
-2.226388277024491e-15,-51.0,0.0,0.0,0.0,4.363267749187001,1.0,18.0,0.002777777777777768,17.4135499989232,357.33009776245945,-194.28649036424267,300.0,3.816665617755636e-14,359.9999999999437,0.0,0.0,0.0,0.0,0.0,0.0
-2.1203697876423734e-15,-50.0,0.0,0.0,0.0,4.36326774918693,1.0,18.0,0.0027777777777777957,17.416327776701,360.6969024216349,-191.51111077974448,300.0,3.816665617755636e-14,359.9999999999437,0.0,0.0,0.0,0.0,0.0,0.0
-2.014351298260256e-15,-49.0,0.0,0.0,0.0,4.363267749186938,1.0,18.0,0.002777777777777768,17.4191055544788,364.01475724762685,-188.67739505569298,300.0,3.816665617755636e-14,359.9999999999437,0.0,0.0,0.0,0.0,0.0,0.0
-1.9083328088781383e-15,-48.0,0.0,0.0,0.0,4.36326774918701,1.0,18.0,0.0027777777777777957,17.4218833322565,367.2826515897146,-185.7862063693485,300.0,3.816665617755636e-14,359.9999999999437,0.0,0.0,0.0,0.0,0.0,0.0
-1.8023143194960207e-15,-47.0,0.0,0.0,0.0,4.363267749186956,1.0,18.0,0.002777777777777768,17.4246611100343,370.4995900156247,-182.8384254047926,300.0,3.816665617755636e-14,359.9999999999437,0.0,0.0,0.0,0.0,0.0,0.0
-1.6962958301139034e-15,-46.0,0.0,0.0,0.0,4.363267749187016,1.0,18.0,0.002777777777777768,17.4274388878121,373.66459261474944,-179.83495008466275,300.0,3.816665617755629e-14,359.9999999999437,0.0,0.0,-2.4991113477397748e-26,0.0,0.0,0.0
-1.590277340731786e-15,-45.0,0.0,0.0,0.0,4.363267749186921,1.0,18.0,0.002777777777777768,17.4302166655899,376.77669529663694,-176.77669529663686,300.0,3.816665617755629e-14,359.9999999999437,0.0,0.0,0.0,0.0,0.0,0.0
-1.4842588513496686e-15,-44.0,0.0,0.0,0.0,4.363267749186981,1.0,18.0,0.0027777777777777957,17.4329944433676,379.83495008466286,-173.6645926147493,300.0,3.816665617755629e-14,359.9999999999437,0.0,0.0,0.0,0.0,0.0,0.0
-1.3782403619675513e-15,-43.0,0.0,0.0,0.0,4.363267749186996,1.0,18.0,0.002777777777777768,17.4357722211454,382.8384254047927,-170.49959001562456,300.0,3.816665617755629e-14,359.9999999999437,0.0,0.0,0.0,0.0,0.0,0.0
-1.2722218725854339e-15,-42.0,0.0,0.0,0.0,4.363267749186915,1.0,18.0,0.0027777777777777957,17.4385499989232,385.7862063693486,-167.2826515897145,300.0,3.816665617755629e-14,359.9999999999437,0.0,0.0,0.0,0.0,0.0,0.0
-1.1662033832033165e-15,-41.0,0.0,0.0,0.0,4.363267749187031,1.0,18.0,0.002777777777777768,17.441327776701,388.67739505569307,-164.01475724762673,300.0,3.816665617755629e-14,359.9999999999437,0.0,0.0,0.0,0.0,0.0,0.0
-1.0601848938211991e-15,-40.0,0.0,0.0,0.0,4.36326774918696,1.0,18.0,0.002777777777777768,17.4441055544788,391.51111077974457,-160.69690242163475,300.0,3.816665617755629e-14,359.9999999999437,0.0,0.0,0.0,0.0,0.0,0.0
-9.541664044390818e-16,-39.0,0.0,0.0,0.0,4.36326774918693,1.0,18.0,0.002777777777777768,17.4468833322565,394.28649036424275,-157.3300977624593,300.0,3.816665617755629e-14,359.9999999999437,0.0,0.0,0.0,0.0,0.0,0.0
-8.481479150569644e-16,-38.0,0.0,0.0,0.0,4.363267749187018,1.0,18.0,0.0027777777777777957,17.4496611100343,397.0026884016806,-153.9153688314145,300.0,3.816665617755629e-14,359.9999999999437,0.0,0.0,0.0,0.0,0.0,0.0
-7.42129425674847e-16,-37.0,0.0,0.0,0.0,4.3632677491869325,1.0,18.0,0.0027777777777777957,17.4524388878121,399.6588775118233,-150.45375578801202,300.0,3.816665617755629e-14,359.9999999999437,0.0,0.0,0.0,0.0,0.0,0.0
-6.361109362927297e-16,-36.0,0.0,0.0,0.0,4.363267749186963,1.0,18.0,0.002777777777777768,17.4552166655899,402.2542485937369,-146.94631307311823,300.0,3.816665617755629e-14,359.9999999999437,0.0,0.0,0.0,0.0,0.0,0.0
-5.300924469106123e-16,-35.0,0.0,0.0,0.0,4.363267749186997,1.0,18.0,0.002777777777777768,17.4579944433676,404.788011072248,-143.39410908776145,300.0,3.816665617755629e-14,359.9999999999437,0.0,0.0,0.0,0.0,0.0,0.0
-4.240739575284949e-16,-34.0,0.0,0.0,0.0,4.363267749186903,1.0,18.0,0.002777777777777768,17.4607722211454,407.25939313876046,-139.79822586768668,300.0,3.816665617755629e-14,359.9999999999437,0.0,0.0,0.0,0.0,0.0,0.0
-3.1805546814637755e-16,-33.0,0.0,0.0,0.0,4.363267749187002,1.0,18.0,0.0027777777777777957,17.4635499989232,409.66764198635605,-136.1597587537567,300.0,3.816665617755629e-14,359.9999999999437,0.0,0.0,0.0,0.0,0.0,0.0
-2.1203697876426016e-16,-32.0,0.0,0.0,0.0,4.363267749186959,1.0,18.0,0.002777777777777768,17.466327776701,412.0120240391065,-132.47981605830117,300.0,3.8166656177556294e-14,359.9999999999437,0.0,0.0,2.271919407036159e-27,0.0,0.0,0.0
-1.0601848938214276e-16,-31.0,0.0,0.0,0.0,4.363267749186973,1.0,18.0,0.0027777777777777957,17.4691055544788,414.2918251755281,-128.7595187275135,300.0,3.8166656177556294e-14,359.9999999999437,0.0,0.0,0.0,0.0,0.0,0.0
-2.536680848351316e-29,-30.0,0.0,0.0,0.0,4.363267749187006,1.0,18.0,0.002777777777777768,17.4718833322565,416.50635094610976,-124.99999999999993,300.0,3.8166656177556294e-14,359.9999999999437,0.0,0.0,0.0,0.0,0.0,0.0
1.0601848938209203e-16,-29.0,0.0,0.0,0.0,4.363267749186934,1.0,18.0,0.002777777777777768,17.4746611100343,418.654926784849,-121.2024050615842,300.0,3.8166656177556294e-14,359.9999999999437,0.0,0.0,0.0,0.0,0.0,0.0
2.1203697876420942e-16,-28.0,0.0,0.0,0.0,4.363267749186943,1.0,18.0,0.002777777777777768,17.4774388878121,420.73689821473175,-117.36789069647264,300.0,3.8166656177556294e-14,359.9999999999437,0.0,0.0,0.0,0.0,0.0,0.0
3.180554681463268e-16,-27.0,0.0,0.0,0.0,4.3632677491869725,1.0,18.0,0.0027777777777777957,17.4802166655899,422.75163104709196,-113.49762493488663,300.0,3.8166656177556294e-14,359.9999999999437,0.0,0.0,0.0,0.0,0.0,0.0
4.2407395752844424e-16,-26.0,0.0,0.0,0.0,4.363267749186956,1.0,18.0,0.0027777777777777957,17.4829944433677,424.6985115747917,-109.59278669726929,300.0,3.8166656177556307e-14,359.9999999999437,0.0,0.0,4.543838814072318e-27,0.0,0.0,0.0
5.300924469105616e-16,-25.0,0.0,0.0,0.0,4.363267749186985,1.0,18.0,0.002777777777777768,17.4857722211454,426.5769467591625,-105.6545654351748,300.0,3.816665617755629e-14,359.9999999999437,0.0,0.0,-6.815758221108477e-27,0.0,0.0,0.0
6.36110936292679e-16,-24.0,0.0,0.0,0.0,4.363267749186971,1.0,18.0,0.002777777777777768,17.4885499989232,428.38636441065023,-101.68416076894998,300.0,3.816665617755629e-14,359.9999999999437,0.0,0.0,0.0,0.0,0.0,0.0
7.421294256747963e-16,-23.0,0.0,0.0,0.0,4.36326774918696,1.0,18.0,0.002777777777777768,17.491327776701,430.1262133631101,-97.68278212231837,300.0,3.816665617755629e-14,359.9999999999437,0.0,0.0,0.0,0.0,0.0,0.0
8.481479150569137e-16,-22.0,0.0,0.0,0.0,4.363267749186965,1.0,18.0,0.0027777777777777957,17.4941055544788,431.79596364169686,-93.65164835397795,300.0,3.816665617755629e-14,359.9999999999437,0.0,0.0,0.0,0.0,0.0,0.0
9.54166404439031e-16,-21.0,0.0,0.0,0.0,4.363267749186947,1.0,18.0,0.00277777777777774,17.4968833322565,433.3951066243004,-89.59198738632502,300.0,3.8166656177568493e-14,360.00000000005883,0.0,0.0,4.393892133209336e-24,4.143885234953581e-08,0.0,0.0
1.0601848938211485e-15,-20.0,0.0,0.0,0.0,4.36326774918698,1.0,18.0,0.002777777777777768,17.4996611100343,434.92315519647707,-85.50503583141712,300.0,3.8166656177568493e-14,360.00000000005883,0.0,0.0,0.0,0.0,0.0,0.0
1.1662033832032658e-15,-19.0,0.0,0.0,0.0,4.3632677491869725,1.0,18.0,0.0027777777777778234,17.5024388878121,436.3796438998292,-81.3920386142891,300.0,3.816665617755629e-14,359.9999999999437,0.0,0.0,-4.393892133207931e-24,-4.1438852349522564e-08,0.0,0.0
1.2722218725853832e-15,-18.0,0.0,0.0,0.0,4.363267749186959,1.0,18.0,0.002777777777777768,17.5052166655899,437.76412907378835,-77.25424859373679,300.0,3.816665617755629e-14,359.9999999999437,0.0,0.0,0.0,0.0,0.0,0.0
1.3782403619675006e-15,-17.0,0.0,0.0,0.0,4.363267749186959,1.0,18.0,0.002777777777777768,17.5079944433677,439.07618899075885,-73.09292618068413,300.0,3.816665617755629e-14,359.9999999999437,0.0,0.0,0.0,0.0,0.0,0.0
1.484258851349618e-15,-16.0,0.0,0.0,0.0,4.363267749186995,1.0,18.0,0.0027777777777778234,17.5107722211454,440.31542398457975,-68.90933895424973,300.0,3.816665617755629e-14,359.9999999999437,0.0,0.0,0.0,0.0,0.0,0.0
1.5902773407317353e-15,-15.0,0.0,0.0,0.0,4.363267749186965,1.0,18.0,0.002777777777777768,17.5135499989232,441.4814565722671,-64.70476127563013,300.0,3.816665617755629e-14,359.9999999999437,0.0,0.0,0.0,0.0,0.0,0.0
1.6962958301138527e-15,-14.0,0.0,0.0,0.0,4.363267749186968,1.0,18.0,0.002777777777777768,17.516327776701,442.5739315689991,-60.48047389991686,300.0,3.816665617755629e-14,359.9999999999437,0.0,0.0,0.0,0.0,0.0,0.0
1.8023143194959702e-15,-13.0,0.0,0.0,0.0,4.363267749186965,1.0,18.0,0.002777777777777768,17.5191055544788,443.5925161963088,-56.23776358596618,300.0,3.816665617755636e-14,359.9999999999437,0.0,0.0,2.4991113477397748e-26,0.0,0.0,0.0
1.908332808878088e-15,-12.0,0.0,0.0,0.0,4.363267749186973,1.0,18.0,0.002777777777777768,17.5218833322565,444.5369001834514,-51.977922704439756,300.0,3.816665617755636e-14,359.9999999999437,0.0,0.0,0.0,0.0,0.0,0.0
2.0143512982602054e-15,-11.0,0.0,0.0,0.0,4.363267749186959,1.0,18.0,0.002777777777777768,17.5246611100343,445.40679586191595,-47.70224884413613,300.0,3.816665617755636e-14,359.9999999999437,0.0,0.0,0.0,0.0,0.0,0.0
2.120369787642323e-15,-10.0,0.0,0.0,0.0,4.36326774918697,1.0,18.0,0.002777777777777768,17.5274388878121,446.201938253052,-43.41204441673251,300.0,3.816665617755636e-14,359.9999999999437,0.0,0.0,0.0,0.0,0.0,0.0
2.2263882770244405e-15,-9.0,0.0,0.0,0.0,4.3632677491869725,1.0,18.0,0.002777777777777768,17.5302166655899,446.92208514878445,-39.108616260057644,300.0,3.816665617755636e-14,359.9999999999437,0.0,0.0,0.0,0.0,0.0,0.0
2.332406766406558e-15,-8.0,0.0,0.0,0.0,4.363267749186973,1.0,18.0,0.0027777777777778234,17.5329944433677,447.5670171853926,-34.793275240016285,300.0,3.816665617755636e-14,359.9999999999437,0.0,0.0,0.0,0.0,0.0,0.0
2.4384252557886757e-15,-7.0,0.0,0.0,0.0,4.363267749186963,1.0,18.0,0.002777777777777768,17.5357722211454,448.1365379103305,-30.467335851286794,300.0,3.816665617755636e-14,359.9999999999437,0.0,0.0,0.0,0.0,0.0,0.0
2.5444437451707932e-15,-6.0,0.0,0.0,0.0,4.363267749186969,1.0,18.0,0.002777777777777768,17.5385499989232,448.63047384206834,-26.13211581691329,300.0,3.816665617755636e-14,359.9999999999437,0.0,0.0,0.0,0.0,0.0,0.0
2.6504622345529108e-15,-5.0,0.0,0.0,0.0,4.36326774918697,1.0,18.0,0.0027777777777778234,17.541327776701,449.0486745229364,-21.788935686914463,300.0,3.816665617755636e-14,359.9999999999437,0.0,0.0,0.0,0.0,0.0,0.0
2.7564807239350284e-15,-4.0,0.0,0.0,0.0,4.363267749186968,1.0,18.0,0.002777777777777768,17.5441055544788,449.39101256495604,-17.439118436031244,300.0,3.816665617755636e-14,359.9999999999437,0.0,0.0,0.0,0.0,0.0,0.0
2.862499213317146e-15,-3.0,0.0,0.0,0.0,4.363267749186968,1.0,18.0,0.002777777777777768,17.5468833322565,449.65738368864345,-13.083989060735876,300.0,3.816665617755636e-14,359.9999999999437,0.0,0.0,0.0,0.0,0.0,0.0
2.9685177026992635e-15,-2.0,0.0,0.0,0.0,4.363267749186971,1.0,18.0,0.002777777777777768,17.5496611100343,449.847706754774,-8.72487417562516,300.0,3.816665617755636e-14,359.9999999999437,0.0,0.0,0.0,0.0,0.0,0.0
3.074536192081381e-15,-1.0,0.0,0.0,0.0,4.363267749186965,1.0,18.0,0.002777777777777768,17.5524388878121,449.9619237890978,-4.363101609320796,300.0,3.816665617755636e-14,359.9999999999437,0.0,0.0,0.0,0.0,0.0,0.0
3.1805546814634986e-15,0.0,0.0,0.0,0.0,4.363267749186969,1.0,18.0,0.002777777777777768,17.5552166655899,450.0,8.376306441313884e-14,300.0,3.816665617755636e-14,359.9999999999437,0.0,0.0,0.0,0.0,0.0,0.0
3.286573170845616e-15,1.0,0.0,0.0,0.0,4.363267749186969,1.0,18.0,0.002777777777777768,17.5579944433677,449.9619237890978,4.363101609320963,300.0,3.816665617755636e-14,359.9999999999437,0.0,0.0,0.0,0.0,0.0,0.0
3.3925916602277338e-15,2.0,0.0,0.0,0.0,4.363267749186967,1.0,18.0,0.002777777777777768,17.5607722211454,449.847706754774,8.72487417562533,300.0,3.816665617755636e-14,359.9999999999437,0.0,0.0,0.0,0.0,0.0,0.0
3.4986101496098513e-15,3.0,0.0,0.0,0.0,4.363267749186969,1.0,18.0,0.0027777777777778234,17.5635499989232,449.65738368864345,13.083989060736043,300.0,3.816665617755636e-14,359.9999999999437,0.0,0.0,0.0,0.0,0.0,0.0
3.604628638991969e-15,4.0,0.0,0.0,0.0,4.363267749186976,1.0,18.0,0.002777777777777768,17.566327776701,449.39101256495604,17.439118436031418,300.0,3.816665617755636e-14,359.9999999999437,0.0,0.0,0.0,0.0,0.0,0.0
3.710647128374086e-15,5.0,0.0,0.0,0.0,4.363267749186961,1.0,18.0,0.002777777777777768,17.5691055544788,449.0486745229364,21.78893568691463,300.0,3.816665617755622e-14,359.9999999999437,0.0,0.0,-4.9982226954795496e-26,0.0,0.0,0.0
3.816665617756203e-15,6.0,0.0,0.0,0.0,4.363267749186963,1.0,18.0,0.0027777777777778234,17.5718833322566,448.63047384206834,26.13211581691345,300.0,3.816665617755622e-14,359.9999999999437,0.0,0.0,0.0,0.0,0.0,0.0
3.9226841071383204e-15,7.0,0.0,0.0,0.0,4.3632677491869725,1.0,18.0,0.002777777777777768,17.5746611100343,448.1365379103305,30.467335851286958,300.0,3.816665617755622e-14,359.9999999999437,0.0,0.0,0.0,0.0,0.0,0.0
4.0287025965204376e-15,8.0,0.0,0.0,0.0,4.363267749186963,1.0,18.0,0.002777777777777768,17.5774388878121,447.5670171853926,34.79327524001645,300.0,3.816665617755622e-14,359.9999999999437,0.0,0.0,0.0,0.0,0.0,0.0
4.134721085902555e-15,9.0,0.0,0.0,0.0,4.363267749186973,1.0,18.0,0.002777777777777768,17.5802166655899,446.92208514878445,39.10861626005781,300.0,3.816665617755622e-14,359.9999999999437,0.0,0.0,0.0,0.0,0.0,0.0
4.240739575284672e-15,10.0,0.0,0.0,0.0,4.3632677491869725,1.0,18.0,0.002777777777777768,17.5829944433677,446.201938253052,43.41204441673268,300.0,3.816665617755622e-14,359.9999999999437,0.0,0.0,0.0,0.0,0.0,0.0
4.346758064666789e-15,11.0,0.0,0.0,0.0,4.36326774918697,1.0,18.0,0.002777777777777768,17.5857722211454,445.40679586191595,47.70224884413629,300.0,3.816665617755622e-14,359.9999999999437,0.0,0.0,0.0,0.0,0.0,0.0
4.452776554048906e-15,12.0,0.0,0.0,0.0,4.363267749186959,1.0,18.0,0.002777777777777768,17.5885499989232,444.5369001834514,51.97792270443992,300.0,3.816665617755622e-14,359.9999999999437,0.0,0.0,0.0,0.0,0.0,0.0
4.5587950434310235e-15,13.0,0.0,0.0,0.0,4.363267749186973,1.0,18.0,0.002777777777777768,17.591327776701,443.5925161963088,56.23776358596634,300.0,3.816665617755622e-14,359.9999999999437,0.0,0.0,0.0,0.0,0.0,0.0
4.664813532813141e-15,14.0,0.0,0.0,0.0,4.363267749186965,1.0,18.0,0.0027777777777778234,17.5941055544788,442.5739315689991,60.48047389991702,300.0,3.816665617755622e-14,359.9999999999437,0.0,0.0,0.0,0.0,0.0,0.0
4.770832022195258e-15,15.0,0.0,0.0,0.0,4.363267749186948,1.0,18.0,0.002777777777777768,17.5968833322566,441.4814565722671,64.70476127563028,300.0,3.816665617755622e-14,359.9999999999437,0.0,0.0,0.0,0.0,0.0,0.0
4.876850511577375e-15,16.0,0.0,0.0,0.0,4.363267749186965,1.0,18.0,0.002777777777777768,17.5996611100343,440.31542398457975,68.90933895424988,300.0,3.816665617755622e-14,359.9999999999437,0.0,0.0,0.0,0.0,0.0,0.0
4.982869000959492e-15,17.0,0.0,0.0,0.0,4.363267749186995,1.0,18.0,0.0027777777777778234,17.6024388878121,439.07618899075885,73.09292618068427,300.0,3.816665617755622e-14,359.9999999999437,0.0,0.0,0.0,0.0,0.0,0.0
5.088887490341609e-15,18.0,0.0,0.0,0.0,4.3632677491869725,1.0,18.0,0.002777777777777768,17.6052166655899,437.76412907378835,77.25424859373695,300.0,3.816665617755622e-14,359.9999999999437,0.0,0.0,0.0,0.0,0.0,0.0
5.1949059797237265e-15,19.0,0.0,0.0,0.0,4.363267749186959,1.0,18.0,0.002777777777777768,17.6079944433677,436.3796438998292,81.39203861428926,300.0,3.816665617755622e-14,359.9999999999437,0.0,0.0,0.0,0.0,0.0,0.0
5.300924469105844e-15,20.0,0.0,0.0,0.0,4.3632677491869725,1.0,18.0,0.002777777777777768,17.6107722211454,434.92315519647707,85.50503583141727,300.0,3.816665617755622e-14,359.9999999999437,0.0,0.0,0.0,0.0,0.0,0.0
5.406942958487961e-15,21.0,0.0,0.0,0.0,4.36326774918698,1.0,18.0,0.002777777777777768,17.6135499989232,433.3951066243004,89.59198738632517,300.0,3.816665617755622e-14,359.9999999999437,0.0,0.0,0.0,0.0,0.0,0.0
5.512961447870078e-15,22.0,0.0,0.0,0.0,4.363267749186947,1.0,18.0,0.002777777777777768,17.616327776701,431.79596364169686,93.6516483539781,300.0,3.816665617755622e-14,359.9999999999437,0.0,0.0,0.0,0.0,0.0,0.0
5.618979937252195e-15,23.0,0.0,0.0,0.0,4.363267749186965,1.0,18.0,0.002777777777777768,17.6191055544788,430.1262133631101,97.68278212231853,300.0,3.816665617755622e-14,359.9999999999437,0.0,0.0,0.0,0.0,0.0,0.0
5.724998426634312e-15,24.0,0.0,0.0,0.0,4.36326774918696,1.0,18.0,0.0027777777777778234,17.6218833322566,428.38636441065023,101.68416076895014,300.0,3.816665617755622e-14,359.9999999999437,0.0,0.0,0.0,0.0,0.0,0.0
5.8310169160164295e-15,25.0,0.0,0.0,0.0,4.363267749186971,1.0,18.0,0.002777777777777768,17.6246611100343,426.5769467591625,105.65456543517496,300.0,3.816665617755622e-14,359.9999999999437,0.0,0.0,0.0,0.0,0.0,0.0
5.937035405398547e-15,26.0,0.0,0.0,0.0,4.363267749186985,1.0,18.0,0.002777777777777768,17.6274388878121,424.6985115747917,109.59278669726945,300.0,3.816665617755622e-14,359.9999999999437,0.0,0.0,0.0,0.0,0.0,0.0
6.043053894780664e-15,27.0,0.0,0.0,0.0,4.363267749186956,1.0,18.0,0.002777777777777768,17.6302166655899,422.75163104709196,113.49762493488679,300.0,3.816665617755622e-14,359.9999999999437,0.0,0.0,0.0,0.0,0.0,0.0
6.149072384162781e-15,28.0,0.0,0.0,0.0,4.363267749186985,1.0,18.0,0.002777777777777768,17.6329944433677,420.73689821473175,117.36789069647281,300.0,3.816665617755622e-14,359.9999999999437,0.0,0.0,0.0,0.0,0.0,0.0
6.255090873544898e-15,29.0,0.0,0.0,0.0,4.363267749186997,1.0,18.0,0.002777777777777768,17.6357722211455,418.6549267848489,121.20240506158437,300.0,3.816665617755622e-14,359.9999999999437,0.0,0.0,0.0,0.0,0.0,0.0
6.361109362927015e-15,30.0,0.0,0.0,0.0,4.363267749186922,1.0,18.0,0.0027777777777778234,17.6385499989232,416.50635094610965,125.00000000000009,300.0,3.816665617755622e-14,359.9999999999437,0.0,0.0,0.0,0.0,0.0,0.0
6.4671278523091326e-15,31.0,0.0,0.0,0.0,4.363267749187019,1.0,18.0,0.002777777777777768,17.641327776701,414.291825175528,128.75951872751367,300.0,3.816665617755622e-14,359.9999999999437,0.0,0.0,0.0,0.0,0.0,0.0
6.57314634169125e-15,32.0,0.0,0.0,0.0,4.363267749186973,1.0,18.0,0.002777777777777768,17.6441055544788,412.0120240391064,132.47981605830134,300.0,3.816665617755622e-14,359.9999999999437,0.0,0.0,0.0,0.0,0.0,0.0
6.679164831073367e-15,33.0,0.0,0.0,0.0,4.363267749186959,1.0,18.0,0.002777777777777768,17.6468833322566,409.66764198635593,136.15975875375688,300.0,3.816665617755622e-14,359.9999999999437,0.0,0.0,0.0,0.0,0.0,0.0
6.785183320455484e-15,34.0,0.0,0.0,0.0,4.363267749187002,1.0,18.0,0.002777777777777768,17.6496611100343,407.25939313876034,139.79822586768685,300.0,3.816665617755622e-14,359.9999999999437,0.0,0.0,0.0,0.0,0.0,0.0
6.891201809837601e-15,35.0,0.0,0.0,0.0,4.363267749186935,1.0,18.0,0.002777777777777768,17.6524388878121,404.78801107224785,143.39410908776162,300.0,3.816665617755622e-14,359.9999999999437,0.0,0.0,0.0,0.0,0.0,0.0
6.9972202992197184e-15,36.0,0.0,0.0,0.0,4.3632677491869645,1.0,18.0,0.0027777777777778234,17.6552166655899,402.2542485937368,146.9463130731184,300.0,3.816665617755622e-14,359.9999999999437,0.0,0.0,0.0,0.0,0.0,0.0
7.1032387886018356e-15,37.0,0.0,0.0,0.0,4.363267749186963,1.0,18.0,0.002777777777777768,17.6579944433677,399.65887751182316,150.4537557880122,300.0,3.816665617755622e-14,359.9999999999437,0.0,0.0,0.0,0.0,0.0,0.0
7.209257277983954e-15,38.0,0.0,0.0,0.0,4.363267749186967,1.0,18.0,0.002777777777777768,17.6607722211455,397.0026884016804,153.91536883141467,300.0,3.81666561775565e-14,359.9999999999437,0.0,0.0,1.0223637331662715e-25,0.0,0.0,0.0
7.315275767366072e-15,39.0,0.0,0.0,0.0,4.363267749186982,1.0,18.0,0.0027777777777778234,17.6635499989232,394.28649036424264,157.33009776245947,300.0,3.81666561775565e-14,359.9999999999437,0.0,0.0,0.0,0.0,0.0,0.0
7.42129425674819e-15,40.0,0.0,0.0,0.0,4.36326774918693,1.0,18.0,0.002777777777777768,17.666327776701,391.51111077974446,160.69690242163492,300.0,3.81666561775565e-14,359.9999999999437,0.0,0.0,0.0,0.0,0.0,0.0
7.527312746130307e-15,41.0,0.0,0.0,0.0,4.3632677491869964,1.0,18.0,0.002777777777777768,17.6691055544788,388.6773950556929,164.0147572476269,300.0,3.81666561775565e-14,359.9999999999437,0.0,0.0,0.0,0.0,0.0,0.0
7.633331235512425e-15,42.0,0.0,0.0,0.0,4.363267749186993,1.0,18.0,0.002777777777777768,17.6718833322566,385.78620636934846,167.28265158971467,300.0,3.81666561775565e-14,359.9999999999437,0.0,0.0,0.0,0.0,0.0,0.0
7.739349724894543e-15,43.0,0.0,0.0,0.0,4.363267749186954,1.0,18.0,0.0027777777777778234,17.6746611100343,382.83842540479253,170.49959001562473,300.0,3.81666561775565e-14,359.9999999999437,0.0,0.0,0.0,0.0,0.0,0.0
7.845368214276661e-15,44.0,0.0,0.0,0.0,4.363267749186954,1.0,18.0,0.002777777777777768,17.6774388878121,379.8349500846627,173.6645926147494,300.0,3.81666561775565e-14,359.9999999999437,0.0,0.0,0.0,0.0,0.0,0.0
7.95138670365878e-15,45.0,0.0,0.0,0.0,4.363267749186981,1.0,18.0,0.002777777777777768,17.6802166655899,376.7766952966368,176.77669529663697,300.0,3.81666561775565e-14,359.9999999999437,0.0,0.0,0.0,0.0,0.0,0.0
8.057405193040897e-15,46.0,0.0,0.0,0.0,4.363267749186921,1.0,18.0,0.002777777777777768,17.6829944433677,373.66459261474927,179.83495008466286,300.0,3.81666561775565e-14,359.9999999999437,0.0,0.0,0.0,0.0,0.0,0.0
8.163423682423015e-15,47.0,0.0,0.0,0.0,4.363267749187016,1.0,18.0,0.002777777777777768,17.6857722211455,370.4995900156245,182.8384254047927,300.0,3.81666561775565e-14,359.9999999999437,0.0,0.0,0.0,0.0,0.0,0.0
8.269442171805133e-15,48.0,0.0,0.0,0.0,4.363267749186914,1.0,18.0,0.0027777777777778234,17.6885499989232,367.2826515897145,185.7862063693486,300.0,3.81666561775565e-14,359.9999999999437,0.0,0.0,0.0,0.0,0.0,0.0
8.375460661187251e-15,49.0,0.0,0.0,0.0,4.36326774918701,1.0,18.0,0.002777777777777768,17.691327776701,364.01475724762673,188.6773950556931,300.0,3.81666561775565e-14,359.9999999999437,0.0,0.0,0.0,0.0,0.0,0.0
8.481479150569369e-15,50.0,0.0,0.0,0.0,4.363267749186938,1.0,18.0,0.002777777777777768,17.6941055544788,360.6969024216348,191.5111107797446,300.0,3.81666561775565e-14,359.9999999999437,0.0,0.0,0.0,0.0,0.0,0.0
8.587497639951487e-15,51.0,0.0,0.0,0.0,4.363267749186973,1.0,18.0,0.002777777777777768,17.6968833322566,357.3300977624593,194.28649036424278,300.0,3.81666561775565e-14,359.9999999999437,0.0,0.0,0.0,0.0,0.0,0.0
8.693516129333605e-15,52.0,0.0,0.0,0.0,4.363267749187001,1.0,18.0,0.002777777777777768,17.6996611100343,353.91536883141447,197.0026884016806,300.0,3.81666561775565e-14,359.9999999999437,0.0,0.0,0.0,0.0,0.0,0.0
8.799534618715723e-15,53.0,0.0,0.0,0.0,4.363267749186927,1.0,18.0,0.002777777777777768,17.7024388878121,350.453755788012,199.6588775118233,300.0,3.81666561775565e-14,359.9999999999437,0.0,0.0,0.0,0.0,0.0,0.0
8.905553108097841e-15,54.0,0.0,0.0,0.0,4.363267749186963,1.0,18.0,0.0027777777777778234,17.7052166655899,346.94631307311823,202.25424859373695,300.0,3.81666561775565e-14,359.9999999999437,0.0,0.0,0.0,0.0,0.0,0.0
9.011571597479959e-15,55.0,0.0,0.0,0.0,4.3632677491870036,1.0,18.0,0.002777777777777768,17.7079944433677,343.3941090877614,204.78801107224803,300.0,3.81666561775565e-14,359.9999999999437,0.0,0.0,0.0,0.0,0.0,0.0
9.117590086862077e-15,56.0,0.0,0.0,0.0,4.363267749186935,1.0,18.0,0.002777777777777768,17.7107722211455,339.79822586768665,207.25939313876052,300.0,3.81666561775565e-14,359.9999999999437,0.0,0.0,0.0,0.0,0.0,0.0
9.223608576244195e-15,57.0,0.0,0.0,0.0,4.363267749186963,1.0,18.0,0.002777777777777768,17.7135499989232,336.1597587537567,209.66764198635607,300.0,3.81666561775565e-14,359.9999999999437,0.0,0.0,0.0,0.0,0.0,0.0
9.329627065626313e-15,58.0,0.0,0.0,0.0,4.363267749187013,1.0,18.0,0.002777777777777768,17.716327776701,332.47981605830114,212.0120240391066,300.0,3.81666561775565e-14,359.9999999999437,0.0,0.0,0.0,0.0,0.0,0.0
9.43564555500843e-15,59.0,0.0,0.0,0.0,4.363267749186943,1.0,18.0,0.002777777777777768,17.7191055544788,328.75951872751347,214.29182517552815,300.0,3.81666561775565e-14,359.9999999999437,0.0,0.0,0.0,0.0,0.0,0.0
9.541664044390549e-15,60.0,0.0,0.0,0.0,4.363267749186941,1.0,18.0,0.0027777777777778234,17.7218833322566,324.99999999999994,216.50635094610973,300.0,3.81666561775565e-14,359.9999999999437,0.0,0.0,0.0,0.0,0.0,0.0
9.647682533772667e-15,61.0,0.0,0.0,0.0,4.363267749186997,1.0,18.0,0.002777777777777768,17.7246611100344,321.20240506158416,218.654926784849,300.0,3.81666561775565e-14,359.9999999999437,0.0,0.0,0.0,0.0,0.0,0.0
9.753701023154785e-15,62.0,0.0,0.0,0.0,4.363267749186957,1.0,18.0,0.002777777777777768,17.7274388878121,317.3678906964726,220.7368982147318,300.0,3.81666561775565e-14,359.9999999999437,0.0,0.0,0.0,0.0,0.0,0.0
9.859719512536903e-15,63.0,0.0,0.0,0.0,4.363267749186997,1.0,18.0,0.002777777777777768,17.7302166655899,313.4976249348866,222.75163104709202,300.0,3.81666561775565e-14,359.9999999999437,0.0,0.0,0.0,0.0,0.0,0.0
9.96573800191902e-15,64.0,0.0,0.0,0.0,4.363267749186943,1.0,18.0,0.002777777777777768,17.7329944433677,309.5927866972693,224.69851157479184,300.0,3.81666561775565e-14,359.9999999999437,0.0,0.0,0.0,0.0,0.0,0.0
1.0071756491301139e-14,65.0,0.0,0.0,0.0,4.363267749186961,1.0,18.0,0.0027777777777778234,17.7357722211455,305.6545654351748,226.57694675916258,300.0,3.81666561775565e-14,359.9999999999437,0.0,0.0,0.0,0.0,0.0,0.0
1.0177774980683256e-14,66.0,0.0,0.0,0.0,4.3632677491869964,1.0,18.0,0.002777777777777768,17.7385499989232,301.68416076894994,228.3863644106503,300.0,3.81666561775565e-14,359.9999999999437,0.0,0.0,0.0,0.0,0.0,0.0
1.0283793470065374e-14,67.0,0.0,0.0,0.0,4.363267749186921,1.0,18.0,0.002777777777777768,17.741327776701,297.6827821223184,230.12621336311014,300.0,3.81666561775565e-14,359.9999999999437,0.0,0.0,0.0,0.0,0.0,0.0
1.0389811959447492e-14,68.0,0.0,0.0,0.0,4.363267749187003,1.0,18.0,0.002777777777777768,17.7441055544788,293.6516483539779,231.79596364169694,300.0,3.81666561775565e-14,359.9999999999437,0.0,0.0,0.0,0.0,0.0,0.0
1.049583044882961e-14,69.0,0.0,0.0,0.0,4.363267749186943,1.0,18.0,0.0028088798365139556,17.7469144343153,289.591987386325,233.39510662430052,300.0,3.774404586623459e-14,356.0138055749438,0.0,0.0,-1.5045510520892658e-13,-1419.1402470058574,0.0,0.0
1.0601848938211728e-14,70.0,0.0,0.0,0.0,4.36326774918697,1.0,18.0,0.002876581172373327,17.7497910154877,285.5050358314171,234.92315519647715,300.0,3.685572665229521e-14,347.63489714947434,0.0,0.0,-3.0881075857371716e-13,-2912.80096871293,0.0,0.0
1.0707867427593846e-14,71.0,0.0,0.0,0.0,4.36326774918695,1.0,18.0,0.0029494406208083745,17.7527404561085,281.3920386142891,236.37964389982926,300.0,3.594528692463071e-14,339.0473410262868,0.0,0.0,-3.086821688293451e-13,-2911.588069480743,0.0,0.0
1.0813885916975964e-14,72.0,0.0,0.0,0.0,4.363267749187018,1.0,18.0,0.0030281338192861273,17.7557685899278,277.25424859373675,237.76412907378847,300.0,3.5011163874890856e-14,330.23639630160733,0.0,0.0,-3.08481429648357e-13,-2909.694633890807,0.0,0.0
1.0919904406358082e-14,73.0,0.0,0.0,0.0,4.363267749186978,1.0,18.0,0.003113483493262792,17.758882073421,273.09292618068406,239.07618899075894,300.0,3.4051405639862237e-14,321.1836523828612,0.0,0.0,-3.0825865533102064e-13,-2907.5933559096093,0.0,0.0
1.10259228957402e-14,74.0,0.0,0.0,0.0,4.363267749186965,1.0,18.0,0.00320648459517614,17.7620885580162,268.9093389542497,240.31542398457978,300.0,3.306377630555801e-14,311.8680194205337,0.0,0.0,-3.0801000441107947e-13,-2905.248001609725,0.0,0.0
1.1131941385122318e-14,75.0,0.0,0.0,0.0,4.3632677491869245,1.0,18.0,0.0033083536326897756,17.7653969116489,264.7047612756301,241.48145657226715,300.0,3.2045694370319984e-14,302.2651478726417,0.0,0.0,-3.0773068670118696e-13,-2902.6133884255573,0.0,0.0
1.1237959874504436e-14,76.0,0.0,0.0,0.0,4.363267749186933,1.0,18.0,0.003420596449247415,17.7688175080982,260.4804738999169,242.57393156899917,300.0,3.099415290729202e-14,292.34667545187426,0.0,0.0,-3.074146508160259e-13,-2899.6324377724654,0.0,0.0
1.1343978363886554e-14,77.0,0.0,0.0,0.0,4.3632677491870755,1.0,18.0,0.0035451032155111584,17.7723626113137,256.2377635859661,243.59251619630885,300.0,2.9905614290222624e-14,282.0792341459902,0.0,0.0,-3.070541394412699e-13,-2896.231980202682,0.0,0.0
1.1449996853268672e-14,78.0,0.0,0.0,0.0,4.363267749186892,1.0,18.0,0.0036842845690708836,17.7760468958827,251.97792270443975,244.53690018345142,300.0,2.8775868800179163e-14,271.42311655152446,0.0,0.0,-3.0663904181762536e-13,-2892.3166478294256,0.0,0.0
1.155601534265079e-14,79.0,0.0,0.0,0.0,4.363267749186951,1.0,18.0,0.003841271789469358,17.7798881676722,247.70224884413614,245.406795861916,300.0,2.7599840675881323e-14,260.33044647905126,0.0,0.0,-3.0615592667037795e-13,-2887.7597526117574,0.0,0.0
1.1662033832032908e-14,80.0,0.0,0.0,0.0,4.363267749186986,1.0,18.0,0.004020219975904404,17.7839083876481,243.4120444167325,246.20193825305202,300.0,2.6371315504510134e-14,248.7426076168763,0.0,0.0,-3.0558655464983934e-13,-2882.3892552215734,0.0,0.0
1.1768052321415026e-14,81.0,0.0,0.0,0.0,4.3632677491869725,1.0,18.0,0.0042267834216381805,17.7881351710698,239.10861626005763,246.92208514878448,300.0,2.5082545947205542e-14,236.58652460894422,0.0,0.0,-3.0490551058450107e-13,-2875.9654317044956,0.0,0.0
1.1874070810797144e-14,82.0,0.0,0.0,0.0,4.3632677491869085,1.0,18.0,0.004468892292217808,17.792604063362,234.79327524001633,247.5670171853926,300.0,2.372366180467916e-14,223.76909860668704,0.0,0.0,-3.0407627968404954e-13,-2868.1438629830013,0.0,0.0
1.1980089300179262e-14,83.0,0.0,0.0,0.0,4.363267749187058,1.0,18.0,0.004758086233203507,17.7973621495952,230.46733585128675,248.13653791033053,300.0,2.228175030588679e-14,210.16853226023264,0.0,0.0,-3.0304442335034434e-13,-2858.4110669422357,0.0,0.0
1.208610778956138e-14,84.0,0.0,0.0,0.0,4.363267749186956,1.0,18.0,0.005111949126305193,17.8024740987215,226.13211581691326,248.63047384206834,300.0,2.0739347509655373e-14,195.62010014032003,0.0,0.0,-3.017249894554996e-13,-2845.965748181952,0.0,0.0
1.2192126278943498e-14,85.0,0.0,0.0,0.0,4.363267749186987,1.0,18.0,0.005558914137537951,17.808033012859,221.7889356869144,249.0486745229364,300.0,1.9071798333096e-14,179.89124768941312,0.0,0.0,-2.9997750195471924e-13,-2829.4828921163285,0.0,0.0
1.2298144768325616e-14,86.0,0.0,0.0,0.0,4.363267749186899,1.0,18.0,0.006148771264266717,17.8141817841233,217.43911843603126,249.3910125649561,300.0,1.724222366153818e-14,162.6341194071608,0.0,0.0,-2.9755126559845146e-13,-2806.597861680516,0.0,0.0
1.2404163257707734e-14,87.0,0.0,0.0,0.0,4.363267749186977,1.0,18.0,0.006979168933259672,17.8211609530565,213.0839890607359,249.6573836886435,300.0,1.5190703992975458e-14,143.28353555599386,0.0,0.0,-2.9394899137432744e-13,-2772.6200692679176,0.0,0.0
1.2510181747089852e-14,88.0,0.0,0.0,0.0,4.363267749186982,1.0,18.0,0.008278583739614875,17.8294395367962,208.72487417562516,249.847706754774,300.0,1.2806355859493046e-14,120.79360811618092,0.0,0.0,-2.880140140484219e-13,-2716.639481726109,0.0,0.0
1.261620023647197e-14,89.0,0.0,0.0,0.0,4.363267749187041,1.0,18.0,0.01078886038065685,17.8402283971768,204.36310160932072,249.96192378909788,300.0,9.82666246865084e-15,92.6881954828937,0.0,0.0,-2.7618240348946875e-13,-2605.039980281516,0.0,0.0
1.2722218725854088e-14,90.0,0.0,0.0,0.0,4.363267749186897,1.0,18.0,0.02604661305353073,17.8662750102303,199.99999999999991,250.00000000000006,300.0,4.070336867378123e-15,38.39270764090573,0.0,0.0,-2.210009258955243e-13,-2084.5507909377957,0.0,0.0
1.2722218725854088e-14,90.0,0.0,0.0,0.0,4.363267749186897,1.0,18.0,0.01,17.8762750102303,199.99999999999991,250.00000000000006,300.0,0.0,0.0,0.0,0.0,0.0,0.0,0.0,0.0
1.2722218725854088e-14,90.0,0.0,0.0,0.0,4.363267749186897,1.0,18.0,1.03,18.9062750102303,199.99999999999991,250.00000000000006,300.0,0.0,0.0,0.0,0.0,0.0,0.0,0.0,0.0
1.2616200236471949e-14,88.99999999999999,0.0,0.0,0.0,4.363267749186953,0.9999999999999999,20.0,0.0,18.9062750102303,204.36310160932084,249.96192378909788,300.0,0.0,0.0,0.0,0.0,0.0,0.0,0.0,0.0
1.2510181747089831e-14,87.99999999999999,0.0,0.0,0.0,4.363267749186927,0.9999999999999999,20.0,0.03683547343418786,18.9431104836645,208.72487417562516,249.847706754774,300.0,-2.8781628006366247e-15,-27.1477439209965,0.0,0.0,-7.813562667462119e-14,-737.0000000000024,0.0,0.0
1.2404163257707713e-14,86.99999999999999,0.0,0.0,0.0,4.363267749186982,0.9999999999999999,20.0,0.008278583739614848,18.9513890674042,213.0839890607359,249.6573836886435,300.0,-1.2806355859493046e-14,-120.79360811618092,0.0,0.0,-1.1992622616532901e-12,-11311.821821294205,0.0,0.0
1.2298144768325595e-14,85.99999999999999,0.0,0.0,0.0,4.363267749187034,0.9999999999999999,20.0,0.006979168933259616,18.9583682363374,217.43911843603132,249.3910125649561,300.0,-1.5190703992975458e-14,-143.28353555599386,0.0,0.0,-3.416378305616948e-13,-3222.4363179741604,0.0,0.0
1.2192126278943477e-14,84.99999999999999,0.0,0.0,0.0,4.363267749186956,0.9999999999999999,20.0,0.006148771264266724,18.9645170076017,221.78893568691453,249.0486745229364,300.0,-1.724222366153569e-14,-162.6341194071373,0.0,0.0,-3.3364709474271547e-13,-3147.0651646446827,0.0,0.0
1.208610778956136e-14,83.99999999999999,0.0,0.0,0.0,4.363267749186931,0.9999999999999999,20.0,0.005558914137537958,18.9700759217392,226.1321158169133,248.63047384206834,300.0,-1.9071798333096e-14,-179.89124768941312,0.0,0.0,-3.291244704079323e-13,-3104.4063382348577,0.0,0.0
1.1980089300179241e-14,82.99999999999999,0.0,0.0,0.0,4.363267749186956,0.9999999999999999,20.0,0.005111949126305151,18.9751878708655,230.4673358512868,248.13653791033053,300.0,-2.0739347509655373e-14,-195.62010014032003,0.0,0.0,-3.2620613690745295e-13,-3076.879691538729,0.0,0.0
1.1874070810797123e-14,81.99999999999999,0.0,0.0,0.0,4.363267749187002,0.9999999999999999,20.0,0.004758086233203562,18.9799459570987,234.79327524001633,247.5670171853926,300.0,-2.228175030588679e-14,-210.16853226023264,0.0,0.0,-3.2416453183803574e-13,-3057.622625329657,0.0,0.0
1.1768052321415005e-14,80.99999999999999,0.0,0.0,0.0,4.363267749186969,0.9999999999999999,20.0,0.004468892292217766,18.9844148493909,239.1086162600577,246.92208514878445,300.0,-2.372366180467916e-14,-223.76909860668704,0.0,0.0,-3.226552363553855e-13,-3043.386471886544,0.0,0.0
1.1662033832032887e-14,79.99999999999999,0.0,0.0,0.0,4.363267749186968,0.9999999999999999,20.0,0.004226783421638208,18.9886416328126,243.41204441673256,246.20193825305202,300.0,-2.5082545947205542e-14,-236.58652460894422,0.0,0.0,-3.214936766265221e-13,-3032.4302723063392,0.0,0.0
1.155601534265077e-14,78.99999999999999,0.0,0.0,0.0,4.363267749186991,0.9999999999999999,20.0,0.004020219975904321,18.9926618527885,247.7022488441362,245.40679586191598,300.0,-2.6371315504510134e-14,-248.7426076168763,0.0,0.0,-3.205719003011916e-13,-3023.735785800231,0.0,0.0
1.1449996853268652e-14,77.99999999999999,0.0,0.0,0.0,4.363267749186946,0.9999999999999999,20.0,0.0038412717894694,18.996503124578,251.9779227044398,244.53690018345142,300.0,-2.7599840675881323e-14,-260.33044647905126,0.0,0.0,-3.198225063738146e-13,-3016.6672647173054,0.0,0.0
1.1343978363886534e-14,76.99999999999999,0.0,0.0,0.0,4.363267749186953,0.9999999999999999,20.0,0.003684284569070856,19.000187409147,256.2377635859662,243.59251619630882,300.0,-2.8775868800179163e-14,-271.42311655152446,0.0,0.0,-3.192012186491634e-13,-3010.8070819485,0.0,0.0
1.1237959874504416e-14,75.99999999999999,0.0,0.0,0.0,4.36326774918702,0.9999999999999999,20.0,0.0035451032155111722,19.0037325123625,260.48047389991694,242.57393156899914,300.0,-2.9905614290222624e-14,-282.0792341459902,0.0,0.0,-3.186777426113457e-13,-3005.8694900165074,0.0,0.0
1.1131941385122298e-14,74.99999999999999,0.0,0.0,0.0,4.363267749186879,0.9999999999999999,20.0,0.0034725069134932396,19.007205019276,264.7047612756301,241.48145657226712,300.0,-3.0530821686824954e-14,-287.97638850317895,0.0,0.0,-1.800449681390136e-13,-1698.241214229003,0.0,0.0
1.102592289574018e-14,73.99999999999999,0.0,0.0,0.0,4.363267749186979,0.9999999999999999,20.0,0.0034722222222222238,19.0106772414983,268.90933895424973,240.31542398457975,300.0,-3.05333249420491e-14,-287.9999999999918,0.0,0.0,-7.2093750455468e-16,-6.800111082104001,0.0,0.0
1.0919904406358062e-14,72.99999999999999,0.0,0.0,0.0,4.3632677491870115,0.9999999999999999,20.0,0.0034722222222222238,19.0141494637205,273.0929261806842,239.07618899075894,300.0,-3.05333249420491e-14,-287.9999999999918,0.0,0.0,0.0,0.0,0.0,0.0
1.0813885916975944e-14,71.99999999999999,0.0,0.0,0.0,4.363267749186924,0.9999999999999999,20.0,0.0034722222222222238,19.0176216859427,277.2542485937368,237.76412907378847,300.0,-3.05333249420491e-14,-287.9999999999918,0.0,0.0,0.0,0.0,0.0,0.0
1.0707867427593826e-14,70.99999999999999,0.0,0.0,0.0,4.363267749186964,0.9999999999999999,20.0,0.0034722222222222238,19.0210939081649,281.3920386142891,236.37964389982926,300.0,-3.05333249420491e-14,-287.9999999999918,0.0,0.0,0.0,0.0,0.0,0.0
1.0601848938211708e-14,69.99999999999999,0.0,0.0,0.0,4.3632677491870036,0.9999999999999999,20.0,0.0034722222222222238,19.0245661303871,285.50503583141716,234.92315519647715,300.0,-3.05333249420491e-14,-287.9999999999918,0.0,0.0,0.0,0.0,0.0,0.0
1.049583044882959e-14,68.99999999999999,0.0,0.0,0.0,4.36326774918698,0.9999999999999999,20.0,0.0034722222222222238,19.0280383526094,289.59198738632506,233.3951066243005,300.0,-3.05333249420491e-14,-287.9999999999918,0.0,0.0,0.0,0.0,0.0,0.0
1.0389811959447472e-14,67.99999999999999,0.0,0.0,0.0,4.3632677491869964,0.9999999999999999,20.0,0.0034722222222222238,19.0315105748316,293.65164835397803,231.79596364169691,300.0,-3.05333249420491e-14,-287.9999999999918,0.0,0.0,0.0,0.0,0.0,0.0
1.0283793470065354e-14,66.99999999999999,0.0,0.0,0.0,4.363267749186886,0.9999999999999999,20.0,0.00347222222222221,19.0349827970538,297.6827821223184,230.12621336311014,300.0,-3.05333249420491e-14,-287.9999999999918,0.0,0.0,0.0,0.0,0.0,0.0
1.0177774980683236e-14,65.99999999999999,0.0,0.0,0.0,4.363267749187026,0.9999999999999999,20.0,0.0034722222222222376,19.038455019276,301.68416076895005,228.3863644106503,300.0,-3.05333249420491e-14,-287.9999999999918,0.0,0.0,0.0,0.0,0.0,0.0
1.0071756491301118e-14,64.99999999999999,0.0,0.0,0.0,4.363267749186905,0.9999999999999999,20.0,0.00347222222222221,19.0419272414983,305.6545654351748,226.57694675916255,300.0,-3.05333249420491e-14,-287.9999999999918,0.0,0.0,0.0,0.0,0.0,0.0
9.965738001919e-15,63.999999999999986,0.0,0.0,0.0,4.363267749187024,0.9999999999999999,20.0,0.0034722222222222376,19.0453994637205,309.59278669726933,224.69851157479178,300.0,-3.05333249420491e-14,-287.9999999999918,0.0,0.0,0.0,0.0,0.0,0.0
9.859719512536882e-15,62.999999999999986,0.0,0.0,0.0,4.363267749186968,0.9999999999999999,20.0,0.00347222222222221,19.0488716859427,313.4976249348867,222.75163104709202,300.0,-3.05333249420491e-14,-287.9999999999918,0.0,0.0,0.0,0.0,0.0,0.0
9.753701023154764e-15,61.999999999999986,0.0,0.0,0.0,4.36326774918696,0.9999999999999999,20.0,0.00347222222222221,19.0523439081649,317.36789069647267,220.73689821473178,300.0,-3.05333249420491e-14,-287.9999999999918,0.0,0.0,0.0,0.0,0.0,0.0
9.647682533772646e-15,60.999999999999986,0.0,0.0,0.0,4.363267749186957,0.9999999999999999,20.0,0.0034722222222222376,19.0558161303871,321.2024050615842,218.65492678484898,300.0,-3.05333249420491e-14,-287.9999999999918,0.0,0.0,0.0,0.0,0.0,0.0
9.541664044390528e-15,59.999999999999986,0.0,0.0,0.0,4.363267749186997,0.9999999999999999,20.0,0.00347222222222221,19.0592883526094,325.0,216.5063509461097,300.0,-3.05333249420491e-14,-287.9999999999918,0.0,0.0,0.0,0.0,0.0,0.0
9.43564555500841e-15,58.999999999999986,0.0,0.0,0.0,4.363267749186878,0.9999999999999999,20.0,0.0034722222222222376,19.0627605748316,328.75951872751347,214.29182517552815,300.0,-3.05333249420491e-14,-287.9999999999918,0.0,0.0,0.0,0.0,0.0,0.0
9.329627065626292e-15,57.999999999999986,0.0,0.0,0.0,4.363267749187036,0.9999999999999999,20.0,0.00347222222222221,19.0662327970538,332.4798160583012,212.0120240391065,300.0,-3.05333249420491e-14,-287.9999999999918,0.0,0.0,0.0,0.0,0.0,0.0
9.223608576244174e-15,56.999999999999986,0.0,0.0,0.0,4.363267749186983,0.9999999999999999,20.0,0.00347222222222221,19.069705019276,336.15975875375676,209.66764198635605,300.0,-3.05333249420491e-14,-287.9999999999918,0.0,0.0,0.0,0.0,0.0,0.0
9.117590086862056e-15,55.999999999999986,0.0,0.0,0.0,4.363267749186979,0.9999999999999999,20.0,0.0034722222222222376,19.0731772414983,339.7982258676867,207.25939313876046,300.0,-3.05333249420491e-14,-287.9999999999918,0.0,0.0,0.0,0.0,0.0,0.0
9.011571597479938e-15,54.999999999999986,0.0,0.0,0.0,4.363267749186935,0.9999999999999999,20.0,0.0034722222222222376,19.0766494637205,343.3941090877615,204.78801107224797,300.0,-3.05333249420491e-14,-287.9999999999918,0.0,0.0,0.0,0.0,0.0,0.0
8.90555310809782e-15,53.999999999999986,0.0,0.0,0.0,4.363267749186957,0.9999999999999999,20.0,0.00347222222222221,19.0801216859427,346.94631307311823,202.2542485937369,300.0,-3.05333249420491e-14,-287.9999999999918,0.0,0.0,0.0,0.0,0.0,0.0
8.799534618715702e-15,52.999999999999986,0.0,0.0,0.0,4.363267749186991,0.9999999999999999,20.0,0.00347222222222221,19.0835939081649,350.4537557880121,199.65887751182328,300.0,-3.05333249420491e-14,-287.9999999999918,0.0,0.0,0.0,0.0,0.0,0.0
8.693516129333585e-15,51.999999999999986,0.0,0.0,0.0,4.363267749186989,0.9999999999999999,20.0,0.0034722222222222376,19.0870661303871,353.9153688314146,197.00268840168053,300.0,-3.05333249420491e-14,-287.9999999999918,0.0,0.0,0.0,0.0,0.0,0.0
8.587497639951467e-15,50.999999999999986,0.0,0.0,0.0,4.36326774918692,0.9999999999999999,20.0,0.0034722222222222376,19.0905383526094,357.33009776245933,194.28649036424278,300.0,-3.05333249420491e-14,-287.9999999999918,0.0,0.0,0.0,0.0,0.0,0.0
8.481479150569349e-15,49.999999999999986,0.0,0.0,0.0,4.363267749186966,0.9999999999999999,20.0,0.00347222222222221,19.0940105748316,360.6969024216348,191.51111077974454,300.0,-3.05333249420491e-14,-287.9999999999918,0.0,0.0,0.0,0.0,0.0,0.0
8.37546066118723e-15,48.999999999999986,0.0,0.0,0.0,4.363267749186981,0.9999999999999999,20.0,0.00347222222222221,19.0974827970538,364.0147572476268,188.67739505569304,300.0,-3.05333249420491e-14,-287.9999999999918,0.0,0.0,0.0,0.0,0.0,0.0
8.269442171805113e-15,47.999999999999986,0.0,0.0,0.0,4.363267749186991,0.9999999999999999,20.0,0.00347222222222221,19.100955019276,367.28265158971453,185.78620636934858,300.0,-3.05333249420491e-14,-287.9999999999918,0.0,0.0,0.0,0.0,0.0,0.0
8.163423682422995e-15,46.999999999999986,0.0,0.0,0.0,4.363267749186974,0.9999999999999999,20.0,0.0034722222222222376,19.1044272414983,370.4995900156246,182.83842540479264,300.0,-3.05333249420491e-14,-287.9999999999918,0.0,0.0,0.0,0.0,0.0,0.0
8.057405193040877e-15,45.999999999999986,0.0,0.0,0.0,4.363267749186955,0.9999999999999999,20.0,0.0034722222222222376,19.1078994637205,373.6645926147493,179.83495008466284,300.0,-3.05333249420491e-14,-287.9999999999918,0.0,0.0,0.0,0.0,0.0,0.0
7.951386703658759e-15,44.999999999999986,0.0,0.0,0.0,4.363267749187002,0.9999999999999999,20.0,0.00347222222222221,19.1113716859427,376.7766952966369,176.7766952966369,300.0,-3.05333249420491e-14,-287.9999999999918,0.0,0.0,0.0,0.0,0.0,0.0
7.845368214276641e-15,43.999999999999986,0.0,0.0,0.0,4.363267749186922,0.9999999999999999,20.0,0.00347222222222221,19.1148439081649,379.83495008466275,173.66459261474935,300.0,-3.05333249420491e-14,-287.9999999999918,0.0,0.0,0.0,0.0,0.0,0.0
7.739349724894523e-15,42.999999999999986,0.0,0.0,0.0,4.363267749186894,0.9999999999999999,20.0,0.0034722222222222376,19.1183161303871,382.83842540479253,170.4995900156247,300.0,-3.05333249420491e-14,-287.9999999999918,0.0,0.0,0.0,0.0,0.0,0.0
7.633331235512405e-15,41.999999999999986,0.0,0.0,0.0,4.363267749187013,0.9999999999999999,20.0,0.0034722222222222376,19.1217883526094,385.7862063693485,167.28265158971462,300.0,-3.05333249420491e-14,-287.9999999999918,0.0,0.0,0.0,0.0,0.0,0.0
7.527312746130287e-15,40.999999999999986,0.0,0.0,0.0,4.363267749186972,0.9999999999999999,20.0,0.00347222222222221,19.1252605748316,388.67739505569295,164.01475724762687,300.0,-3.05333249420491e-14,-287.9999999999918,0.0,0.0,0.0,0.0,0.0,0.0
7.421294256748169e-15,39.999999999999986,0.0,0.0,0.0,4.36326774918696,0.9999999999999999,20.0,0.00347222222222221,19.1287327970538,391.51111077974446,160.6969024216349,300.0,-3.05333249420491e-14,-287.9999999999918,0.0,0.0,0.0,0.0,0.0,0.0
7.315275767366051e-15,38.999999999999986,0.0,0.0,0.0,4.363267749186966,0.9999999999999999,20.0,0.0034722222222222376,19.132205019276,394.2864903642427,157.33009776245945,300.0,-3.05333249420491e-14,-287.9999999999918,0.0,0.0,0.0,0.0,0.0,0.0
7.209257277983933e-15,37.999999999999986,0.0,0.0,0.0,4.363267749186982,0.9999999999999999,20.0,0.00347222222222221,19.1356772414983,397.0026884016805,153.91536883141464,300.0,-3.05333249420491e-14,-287.9999999999918,0.0,0.0,0.0,0.0,0.0,0.0
7.103238788601816e-15,36.999999999999986,0.0,0.0,0.0,4.363267749186955,0.9999999999999999,20.0,0.0034722222222222376,19.1391494637205,399.65887751182316,150.45375578801213,300.0,-3.0533324942048875e-14,-287.9999999999918,0.0,0.0,6.543127892264974e-26,0.0,0.0,0.0
6.997220299219699e-15,35.999999999999986,0.0,0.0,0.0,4.363267749186963,0.9999999999999999,20.0,0.00347222222222221,19.1426216859427,402.2542485937368,146.94631307311835,300.0,-3.0533324942048875e-14,-287.9999999999918,0.0,0.0,0.0,0.0,0.0,0.0
6.8912018098375815e-15,34.999999999999986,0.0,0.0,0.0,4.363267749186997,0.9999999999999999,20.0,0.00347222222222221,19.1460939081649,404.7880110722479,143.39410908776156,300.0,-3.0533324942048875e-14,-287.9999999999918,0.0,0.0,0.0,0.0,0.0,0.0
6.785183320455464e-15,33.999999999999986,0.0,0.0,0.0,4.363267749186927,0.9999999999999999,20.0,0.0034722222222222376,19.1495661303871,407.25939313876034,139.79822586768677,300.0,-3.0533324942048875e-14,-287.9999999999918,0.0,0.0,0.0,0.0,0.0,0.0
6.679164831073347e-15,32.999999999999986,0.0,0.0,0.0,4.363267749186979,0.9999999999999999,20.0,0.00347222222222221,19.1530383526094,409.66764198635593,136.15975875375682,300.0,-3.0533324942048875e-14,-287.9999999999918,0.0,0.0,0.0,0.0,0.0,0.0
6.57314634169123e-15,31.999999999999986,0.0,0.0,0.0,4.363267749186935,0.9999999999999999,20.0,0.0034722222222222376,19.1565105748316,412.0120240391064,132.4798160583013,300.0,-3.0533324942048875e-14,-287.9999999999918,0.0,0.0,0.0,0.0,0.0,0.0
6.467127852309113e-15,30.999999999999986,0.0,0.0,0.0,4.363267749186973,0.9999999999999999,20.0,0.00347222222222221,19.1599827970538,414.291825175528,128.75951872751364,300.0,-3.0533324942048875e-14,-287.9999999999918,0.0,0.0,0.0,0.0,0.0,0.0
6.361109362926996e-15,29.999999999999986,0.0,0.0,0.0,4.363267749187019,0.9999999999999999,20.0,0.0034722222222222654,19.163455019276,416.50635094610965,125.00000000000006,300.0,-3.0533324942048875e-14,-287.9999999999918,0.0,0.0,0.0,0.0,0.0,0.0
6.2550908735448785e-15,28.999999999999986,0.0,0.0,0.0,4.363267749186947,0.9999999999999999,20.0,0.00347222222222221,19.1669272414983,418.6549267848489,121.20240506158432,300.0,-3.0533324942048875e-14,-287.9999999999918,0.0,0.0,0.0,0.0,0.0,0.0
6.149072384162761e-15,27.999999999999986,0.0,0.0,0.0,4.363267749187036,0.9999999999999999,20.0,0.00347222222222221,19.1703994637205,420.7368982147318,117.36789069647274,300.0,-3.0533324942048875e-14,-287.9999999999918,0.0,0.0,0.0,0.0,0.0,0.0
6.043053894780644e-15,26.999999999999986,0.0,0.0,0.0,4.3632677491869725,0.9999999999999999,20.0,0.00347222222222221,19.1738716859427,422.751631047092,113.49762493488673,300.0,-3.0533324942048875e-14,-287.9999999999918,0.0,0.0,0.0,0.0,0.0,0.0
5.937035405398527e-15,25.999999999999986,0.0,0.0,0.0,4.363267749186968,0.9999999999999999,20.0,0.00347222222222221,19.1773439081649,424.6985115747918,109.59278669726937,300.0,-3.0533324942048875e-14,-287.9999999999918,0.0,0.0,0.0,0.0,0.0,0.0
5.83101691601641e-15,24.999999999999986,0.0,0.0,0.0,4.363267749186948,0.9999999999999999,20.0,0.00347222222222221,19.1808161303871,426.5769467591625,105.6545654351749,300.0,-3.0533324942048875e-14,-287.9999999999918,0.0,0.0,0.0,0.0,0.0,0.0
5.724998426634293e-15,23.999999999999986,0.0,0.0,0.0,4.363267749186958,0.9999999999999999,20.0,0.00347222222222221,19.1842883526094,428.38636441065023,101.6841607689501,300.0,-3.0533324942048875e-14,-287.9999999999918,0.0,0.0,0.0,0.0,0.0,0.0
5.6189799372521755e-15,22.999999999999986,0.0,0.0,0.0,4.363267749186973,0.9999999999999999,20.0,0.0034722222222222654,19.1877605748316,430.1262133631101,97.68278212231847,300.0,-3.0533324942048875e-14,-287.9999999999918,0.0,0.0,0.0,0.0,0.0,0.0
5.512961447870058e-15,21.999999999999986,0.0,0.0,0.0,4.363267749186979,0.9999999999999999,20.0,0.00347222222222221,19.1912327970538,431.79596364169686,93.65164835397803,300.0,-3.0533324942048875e-14,-287.9999999999918,0.0,0.0,0.0,0.0,0.0,0.0
5.406942958487941e-15,20.999999999999986,0.0,0.0,0.0,4.363267749186954,0.9999999999999999,20.0,0.0034722222222222654,19.194705019276,433.39510662430047,89.59198738632512,300.0,-3.0533324942048875e-14,-287.9999999999918,0.0,0.0,0.0,0.0,0.0,0.0
5.300924469105824e-15,19.999999999999986,0.0,0.0,0.0,4.363267749186959,0.9999999999999999,20.0,0.00347222222222221,19.1981772414983,434.92315519647707,85.50503583141722,300.0,-3.0533324942048875e-14,-287.9999999999918,0.0,0.0,0.0,0.0,0.0,0.0
5.194905979723707e-15,18.999999999999986,0.0,0.0,0.0,4.3632677491869725,0.9999999999999999,20.0,0.00347222222222221,19.2016494637205,436.3796438998292,81.3920386142892,300.0,-3.0533324942048875e-14,-287.9999999999918,0.0,0.0,0.0,0.0,0.0,0.0
5.0888874903415896e-15,17.999999999999986,0.0,0.0,0.0,4.363267749186964,0.9999999999999999,20.0,0.00347222222222221,19.2051216859427,437.7641290737884,77.2542485937369,300.0,-3.0533324942048875e-14,-287.9999999999918,0.0,0.0,0.0,0.0,0.0,0.0
4.9828690009594724e-15,16.999999999999986,0.0,0.0,0.0,4.363267749186983,0.9999999999999999,20.0,0.00347222222222221,19.2085939081649,439.07618899075885,73.0929261806842,300.0,-3.0533324942048875e-14,-287.9999999999918,0.0,0.0,0.0,0.0,0.0,0.0
4.876850511577355e-15,15.999999999999986,0.0,0.0,0.0,4.363267749186981,0.9999999999999999,20.0,0.00347222222222221,19.2120661303871,440.31542398457975,68.90933895424982,300.0,-3.0533324942048875e-14,-287.9999999999918,0.0,0.0,0.0,0.0,0.0,0.0
4.770832022195238e-15,14.999999999999986,0.0,0.0,0.0,4.363267749186965,0.9999999999999999,20.0,0.00347222222222221,19.2155383526094,441.4814565722671,64.70476127563022,300.0,-3.0533324942048875e-14,-287.9999999999918,0.0,0.0,0.0,0.0,0.0,0.0
4.664813532813121e-15,13.999999999999986,0.0,0.0,0.0,4.363267749186955,0.9999999999999999,20.0,0.0034722222222222654,19.2190105748316,442.5739315689991,60.48047389991696,300.0,-3.0533324942048875e-14,-287.9999999999918,0.0,0.0,0.0,0.0,0.0,0.0
4.558795043431004e-15,12.999999999999986,0.0,0.0,0.0,4.3632677491869725,0.9999999999999999,20.0,0.00347222222222221,19.2224827970538,443.5925161963088,56.23776358596627,300.0,-3.0533324942048875e-14,-287.9999999999918,0.0,0.0,0.0,0.0,0.0,0.0
4.4527765540488866e-15,11.999999999999986,0.0,0.0,0.0,4.36326774918696,0.9999999999999999,20.0,0.0034722222222222654,19.225955019276,444.5369001834514,51.97792270443986,300.0,-3.0533324942048875e-14,-287.9999999999918,0.0,0.0,0.0,0.0,0.0,0.0
4.346758064666769e-15,10.999999999999986,0.0,0.0,0.0,4.363267749186966,0.9999999999999999,20.0,0.0034722222222221544,19.2294272414983,445.40679586191595,47.70224884413623,300.0,-3.0533324942048875e-14,-287.9999999999918,0.0,0.0,0.0,0.0,0.0,0.0
4.240739575284652e-15,9.999999999999986,0.0,0.0,0.0,4.3632677491869805,0.9999999999999999,20.0,0.0034722222222222654,19.2328994637205,446.20193825305205,43.41204441673261,300.0,-3.0533324942048875e-14,-287.9999999999918,0.0,0.0,0.0,0.0,0.0,0.0
4.134721085902535e-15,8.999999999999986,0.0,0.0,0.0,4.363267749186964,0.9999999999999999,20.0,0.00347222222222221,19.2363716859427,446.92208514878445,39.108616260057744,300.0,-3.0533324942048875e-14,-287.9999999999918,0.0,0.0,0.0,0.0,0.0,0.0
4.028702596520418e-15,7.999999999999986,0.0,0.0,0.0,4.363267749186966,0.9999999999999999,20.0,0.00347222222222221,19.2398439081649,447.5670171853926,34.79327524001639,300.0,-3.0533324942048875e-14,-287.9999999999918,0.0,0.0,0.0,0.0,0.0,0.0
3.922684107138301e-15,6.999999999999986,0.0,0.0,0.0,4.36326774918697,0.9999999999999999,20.0,0.00347222222222221,19.2433161303871,448.1365379103305,30.467335851286894,300.0,-3.0533324942048875e-14,-287.9999999999918,0.0,0.0,0.0,0.0,0.0,0.0
3.8166656177561835e-15,5.999999999999986,0.0,0.0,0.0,4.363267749186965,0.9999999999999999,20.0,0.00347222222222221,19.2467883526094,448.63047384206834,26.132115816913394,300.0,-3.0533324942048875e-14,-287.9999999999918,0.0,0.0,0.0,0.0,0.0,0.0
3.710647128374066e-15,4.999999999999986,0.0,0.0,0.0,4.36326774918697,0.9999999999999999,20.0,0.00347222222222221,19.2502605748316,449.0486745229364,21.788935686914567,300.0,-3.0533324942048875e-14,-287.9999999999918,0.0,0.0,0.0,0.0,0.0,0.0
3.604628638991949e-15,3.999999999999986,0.0,0.0,0.0,4.363267749186965,0.9999999999999999,20.0,0.00347222222222221,19.2537327970538,449.3910125649561,17.439118436031354,300.0,-3.0533324942048875e-14,-287.9999999999918,0.0,0.0,0.0,0.0,0.0,0.0
3.498610149609832e-15,2.999999999999986,0.0,0.0,0.0,4.363267749186968,0.9999999999999999,20.0,0.0034722222222222654,19.257205019276,449.65738368864345,13.083989060735982,300.0,-3.0533324942048875e-14,-287.9999999999918,0.0,0.0,0.0,0.0,0.0,0.0
3.392591660227715e-15,1.9999999999999858,0.0,0.0,0.0,4.363267749186971,0.9999999999999999,20.0,0.00347222222222221,19.2606772414983,449.847706754774,8.724874175625267,300.0,-3.0533324942048875e-14,-287.9999999999918,0.0,0.0,0.0,0.0,0.0,0.0
3.2865731708455977e-15,0.9999999999999859,0.0,0.0,0.0,4.363267749186966,0.9999999999999999,20.0,0.00347222222222221,19.2641494637205,449.9619237890978,4.363101609320902,300.0,-3.0533324942048875e-14,-287.99999999999176,0.0,0.0,0.0,1.6370904631912243e-11,0.0,0.0
3.1805546814634805e-15,-1.3988810110276972e-14,0.0,0.0,0.0,4.363267749186968,0.9999999999999999,20.0,0.0034722222222222654,19.2676216859427,450.0,2.272536569798764e-14,300.0,-3.0533324942048875e-14,-287.99999999999176,0.0,0.0,0.0,0.0,0.0,0.0
3.0745361920813633e-15,-1.0000000000000138,0.0,0.0,0.0,4.363267749186968,0.9999999999999999,20.0,0.00347222222222221,19.2710939081649,449.9619237890978,-4.3631016093208554,300.0,-3.0533324942048875e-14,-287.99999999999176,0.0,0.0,0.0,0.0,0.0,0.0
2.968517702699246e-15,-2.0000000000000138,0.0,0.0,0.0,4.363267749186966,0.9999999999999999,20.0,0.00347222222222221,19.2745661303871,449.847706754774,-8.72487417562522,300.0,-3.0533324942048875e-14,-287.9999999999918,0.0,0.0,0.0,-1.6370904631912243e-11,0.0,0.0
2.862499213317129e-15,-3.0000000000000138,0.0,0.0,0.0,4.363267749186969,0.9999999999999999,20.0,0.00347222222222221,19.2780383526094,449.65738368864345,-13.083989060735934,300.0,-3.0533324942048875e-14,-287.9999999999918,0.0,0.0,0.0,0.0,0.0,0.0
2.7564807239350118e-15,-4.000000000000013,0.0,0.0,0.0,4.363267749186971,0.9999999999999999,20.0,0.00347222222222221,19.2815105748316,449.39101256495604,-17.439118436031304,300.0,-3.0533324942048875e-14,-287.9999999999917,0.0,0.0,0.0,3.2741809263824486e-11,0.0,0.0
2.6504622345528946e-15,-5.000000000000013,0.0,0.0,0.0,4.363267749186968,0.9999999999999999,20.0,0.0034722222222222654,19.2849827970538,449.0486745229364,-21.788935686914524,300.0,-3.0533324942048875e-14,-287.9999999999918,0.0,0.0,0.0,-3.2741809263824486e-11,0.0,0.0
2.5444437451707774e-15,-6.000000000000013,0.0,0.0,0.0,4.363267749186967,0.9999999999999999,20.0,0.00347222222222221,19.288455019276,448.63047384206834,-26.13211581691335,300.0,-3.0533324942048875e-14,-287.9999999999918,0.0,0.0,0.0,0.0,0.0,0.0
2.4384252557886603e-15,-7.000000000000013,0.0,0.0,0.0,4.3632677491869725,0.9999999999999999,20.0,0.00347222222222221,19.2919272414983,448.1365379103305,-30.467335851286855,300.0,-3.0533324942048875e-14,-287.9999999999918,0.0,0.0,0.0,0.0,0.0,0.0
2.332406766406543e-15,-8.000000000000012,0.0,0.0,0.0,4.363267749186966,0.9999999999999999,20.0,0.00347222222222221,19.2953994637205,447.56701718539256,-34.79327524001634,300.0,-3.0533324942048875e-14,-287.9999999999916,0.0,0.0,0.0,6.548361852764897e-11,0.0,0.0
2.226388277024426e-15,-9.000000000000012,0.0,0.0,0.0,4.363267749186973,0.9999999999999999,20.0,0.0034722222222222654,19.2988716859427,446.9220851487844,-39.1086162600577,300.0,-3.0533324942048875e-14,-287.9999999999918,0.0,0.0,0.0,-6.548361852764897e-11,0.0,0.0
2.1203697876423088e-15,-10.000000000000012,0.0,0.0,0.0,4.363267749186964,0.9999999999999999,20.0,0.00347222222222221,19.3023439081649,446.201938253052,-43.41204441673257,300.0,-3.0533324942048875e-14,-287.9999999999918,0.0,0.0,0.0,0.0,0.0,0.0
2.0143512982601916e-15,-11.000000000000012,0.0,0.0,0.0,4.36326774918697,0.9999999999999999,20.0,0.00347222222222221,19.3058161303871,445.40679586191595,-47.702248844136186,300.0,-3.0533324942048875e-14,-287.9999999999918,0.0,0.0,0.0,0.0,0.0,0.0
1.9083328088780744e-15,-12.000000000000012,0.0,0.0,0.0,4.363267749186953,0.9999999999999999,20.0,0.00347222222222221,19.3092883526094,444.5369001834514,-51.977922704439806,300.0,-3.0533324942048875e-14,-287.9999999999918,0.0,0.0,0.0,0.0,0.0,0.0
1.8023143194959572e-15,-13.000000000000012,0.0,0.0,0.0,4.363267749186973,0.9999999999999999,20.0,0.00347222222222221,19.3127605748316,443.5925161963088,-56.23776358596623,300.0,-3.0533324942048875e-14,-287.9999999999918,0.0,0.0,0.0,0.0,0.0,0.0
1.69629583011384e-15,-14.000000000000012,0.0,0.0,0.0,4.363267749186965,0.9999999999999999,20.0,0.0034722222222222654,19.3162327970538,442.5739315689991,-60.48047389991691,300.0,-3.0533324942048875e-14,-287.9999999999918,0.0,0.0,0.0,0.0,0.0,0.0
1.5902773407317229e-15,-15.000000000000012,0.0,0.0,0.0,4.363267749186989,0.9999999999999999,20.0,0.00347222222222221,19.319705019276,441.48145657226706,-64.70476127563019,300.0,-3.0533324942048875e-14,-287.9999999999918,0.0,0.0,0.0,0.0,0.0,0.0
1.4842588513496057e-15,-16.00000000000001,0.0,0.0,0.0,4.363267749186952,0.9999999999999999,20.0,0.00347222222222221,19.3231772414983,440.3154239845797,-68.90933895424978,300.0,-3.0533324942048875e-14,-287.9999999999913,0.0,0.0,0.0,1.4733814168721019e-10,0.0,0.0
1.3782403619674885e-15,-17.00000000000001,0.0,0.0,0.0,4.363267749186965,0.9999999999999999,20.0,0.00347222222222221,19.3266494637205,439.07618899075885,-73.09292618068416,300.0,-3.0533324942048875e-14,-287.9999999999918,0.0,0.0,0.0,-1.4733814168721019e-10,0.0,0.0
1.2722218725853714e-15,-18.00000000000001,0.0,0.0,0.0,4.363267749186987,0.9999999999999999,20.0,0.0034722222222222654,19.3301216859427,437.76412907378835,-77.25424859373685,300.0,-3.0533324942048875e-14,-287.9999999999918,0.0,0.0,0.0,0.0,0.0,0.0
1.1662033832032542e-15,-19.00000000000001,0.0,0.0,0.0,4.363267749186964,0.9999999999999999,20.0,0.00347222222222221,19.3335939081649,436.37964389982915,-81.39203861428915,300.0,-3.0533324942048875e-14,-287.9999999999918,0.0,0.0,0.0,0.0,0.0,0.0
1.060184893821137e-15,-20.00000000000001,0.0,0.0,0.0,4.363267749186967,0.9999999999999999,20.0,0.00347222222222221,19.3370661303872,434.92315519647707,-85.50503583141717,300.0,-3.0533324942048875e-14,-287.9999999999918,0.0,0.0,0.0,0.0,0.0,0.0
9.541664044390198e-16,-21.00000000000001,0.0,0.0,0.0,4.363267749186966,0.9999999999999999,20.0,0.00347222222222221,19.3405383526094,433.3951066243004,-89.59198738632506,300.0,-3.0533324942048875e-14,-287.9999999999918,0.0,0.0,0.0,0.0,0.0,0.0
8.481479150569027e-16,-22.00000000000001,0.0,0.0,0.0,4.36326774918696,0.9999999999999999,20.0,0.00347222222222221,19.3440105748316,431.79596364169686,-93.651648353978,300.0,-3.0533324942048875e-14,-287.9999999999918,0.0,0.0,0.0,0.0,0.0,0.0
7.421294256747855e-16,-23.00000000000001,0.0,0.0,0.0,4.363267749186965,0.9999999999999999,20.0,0.0034722222222222654,19.3474827970538,430.1262133631101,-97.68278212231843,300.0,-3.0533324942048875e-14,-287.9999999999918,0.0,0.0,0.0,0.0,0.0,0.0
6.361109362926683e-16,-24.00000000000001,0.0,0.0,0.0,4.363267749186948,0.9999999999999999,20.0,0.00347222222222221,19.350955019276,428.38636441065023,-101.68416076895002,300.0,-3.0533324942048875e-14,-287.9999999999918,0.0,0.0,0.0,0.0,0.0,0.0
5.300924469105512e-16,-25.00000000000001,0.0,0.0,0.0,4.363267749186958,0.9999999999999999,20.0,0.00347222222222221,19.3544272414983,426.5769467591625,-105.65456543517483,300.0,-3.0533324942048875e-14,-287.9999999999918,0.0,0.0,0.0,0.0,0.0,0.0
4.2407395752843393e-16,-26.00000000000001,0.0,0.0,0.0,4.363267749186998,0.9999999999999999,20.0,0.00347222222222221,19.3578994637205,424.6985115747917,-109.59278669726933,300.0,-3.0533324942048894e-14,-287.9999999999918,0.0,0.0,-5.4526065768874786e-27,0.0,0.0,0.0
3.180554681463167e-16,-27.00000000000001,0.0,0.0,0.0,4.363267749186994,0.9999999999999999,20.0,0.0034722222222222654,19.3613716859427,422.7516310470919,-113.49762493488669,300.0,-3.0533324942048894e-14,-287.9999999999918,0.0,0.0,0.0,0.0,0.0,0.0
2.120369787641995e-16,-28.00000000000001,0.0,0.0,0.0,4.363267749186934,0.9999999999999999,20.0,0.00347222222222221,19.3648439081649,420.7368982147317,-117.36789069647266,300.0,-3.0533324942048894e-14,-287.9999999999918,0.0,0.0,0.0,0.0,0.0,0.0
1.0601848938208227e-16,-29.00000000000001,0.0,0.0,0.0,4.363267749186928,0.9999999999999999,20.0,0.00347222222222221,19.3683161303872,418.654926784849,-121.20240506158423,300.0,-3.0533324942048894e-14,-287.9999999999918,0.0,0.0,0.0,0.0,0.0,0.0
-3.4956398862606086e-29,-30.00000000000001,0.0,0.0,0.0,4.363267749186975,0.9999999999999999,20.0,0.00347222222222221,19.3717883526094,416.5063509461097,-124.99999999999997,300.0,-3.0533324942048894e-14,-287.9999999999918,0.0,0.0,0.0,0.0,0.0,0.0
-1.0601848938215218e-16,-31.00000000000001,0.0,0.0,0.0,4.36326774918699,0.9999999999999999,20.0,0.00347222222222221,19.3752605748316,414.2918251755281,-128.75951872751355,300.0,-3.0533324942048894e-14,-287.9999999999918,0.0,0.0,0.0,0.0,0.0,0.0
-2.120369787642694e-16,-32.00000000000001,0.0,0.0,0.0,4.3632677491869485,0.9999999999999999,20.0,0.0034722222222222654,19.3787327970538,412.0120240391065,-132.4798160583012,300.0,-3.0533324942048894e-14,-287.9999999999908,0.0,0.0,0.0,2.9467628337442037e-10,0.0,0.0
-3.180554681463866e-16,-33.00000000000001,0.0,0.0,0.0,4.363267749186959,0.9999999999999999,20.0,0.00347222222222221,19.382205019276,409.66764198635605,-136.15975875375673,300.0,-3.0533324942048894e-14,-287.9999999999918,0.0,0.0,0.0,-2.9467628337442037e-10,0.0,0.0
-4.2407395752850385e-16,-34.00000000000001,0.0,0.0,0.0,4.363267749186979,0.9999999999999999,20.0,0.00347222222222221,19.3856772414983,407.25939313876046,-139.79822586768668,300.0,-3.0533324942048894e-14,-287.9999999999918,0.0,0.0,0.0,0.0,0.0,0.0
-5.300924469106211e-16,-35.00000000000001,0.0,0.0,0.0,4.363267749186927,0.9999999999999999,20.0,0.00347222222222221,19.3891494637205,404.788011072248,-143.39410908776148,300.0,-3.0533324942048894e-14,-287.9999999999918,0.0,0.0,0.0,0.0,0.0,0.0
-6.361109362927383e-16,-36.00000000000001,0.0,0.0,0.0,4.363267749186997,0.9999999999999999,20.0,0.0034722222222222654,19.3926216859427,402.2542485937369,-146.94631307311826,300.0,-3.0533324942048906e-14,-287.9999999999918,0.0,0.0,-3.635071051258319e-27,0.0,0.0,0.0
-7.421294256748555e-16,-37.00000000000001,0.0,0.0,0.0,4.363267749186963,0.9999999999999999,20.0,0.00347222222222221,19.3960939081649,399.6588775118233,-150.45375578801205,300.0,-3.0533324942048875e-14,-287.9999999999918,0.0,0.0,9.087677628145798e-27,0.0,0.0,0.0
-8.481479150569727e-16,-38.00000000000001,0.0,0.0,0.0,4.363267749186989,0.9999999999999999,20.0,0.00347222222222221,19.3995661303872,397.00268840168053,-153.91536883141455,300.0,-3.0533324942048875e-14,-287.9999999999918,0.0,0.0,0.0,0.0,0.0,0.0
-9.541664044390899e-16,-39.00000000000001,0.0,0.0,0.0,4.363267749186982,0.9999999999999999,20.0,0.00347222222222221,19.4030383526094,394.28649036424275,-157.33009776245936,300.0,-3.0533324942048875e-14,-287.9999999999918,0.0,0.0,0.0,0.0,0.0,0.0
-1.060184893821207e-15,-40.00000000000001,0.0,0.0,0.0,4.36326774918693,0.9999999999999999,20.0,0.00347222222222221,19.4065105748316,391.51111077974457,-160.6969024216348,300.0,-3.0533324942048875e-14,-287.9999999999918,0.0,0.0,0.0,0.0,0.0,0.0
-1.1662033832033242e-15,-41.00000000000001,0.0,0.0,0.0,4.36326774918696,0.9999999999999999,20.0,0.003472222222222321,19.4099827970538,388.67739505569307,-164.0147572476268,300.0,-3.0533324942048875e-14,-287.9999999999918,0.0,0.0,0.0,0.0,0.0,0.0
-1.2722218725854414e-15,-42.00000000000001,0.0,0.0,0.0,4.36326774918701,0.9999999999999999,20.0,0.003472222222222099,19.413455019276,385.7862063693486,-167.28265158971453,300.0,-3.0533324942048875e-14,-287.9999999999918,0.0,0.0,0.0,0.0,0.0,0.0
-1.3782403619675586e-15,-43.00000000000001,0.0,0.0,0.0,4.363267749186954,0.9999999999999999,20.0,0.003472222222222321,19.4169272414983,382.83842540479264,-170.4995900156246,300.0,-3.0533324942048875e-14,-287.9999999999918,0.0,0.0,0.0,0.0,0.0,0.0
-1.4842588513496757e-15,-44.00000000000001,0.0,0.0,0.0,4.363267749186996,0.9999999999999999,20.0,0.003472222222222099,19.4203994637205,379.8349500846628,-173.66459261474932,300.0,-3.0533324942048875e-14,-287.9999999999918,0.0,0.0,0.0,0.0,0.0,0.0
-1.5902773407317929e-15,-45.00000000000001,0.0,0.0,0.0,4.363267749186981,0.9999999999999999,20.0,0.003472222222222321,19.4238716859427,376.7766952966369,-176.7766952966369,300.0,-3.0533324942048875e-14,-287.9999999999918,0.0,0.0,0.0,0.0,0.0,0.0
-1.69629583011391e-15,-46.00000000000001,0.0,0.0,0.0,4.363267749186962,0.9999999999999999,20.0,0.00347222222222221,19.4273439081649,373.6645926147493,-179.83495008466278,300.0,-3.0533324942048875e-14,-287.9999999999918,0.0,0.0,0.0,0.0,0.0,0.0
-1.8023143194960274e-15,-47.00000000000001,0.0,0.0,0.0,4.363267749186914,0.9999999999999999,20.0,0.00347222222222221,19.4308161303872,370.4995900156247,-182.8384254047926,300.0,-3.053332494204893e-14,-287.9999999999918,0.0,0.0,-1.6357819730662436e-26,0.0,0.0,0.0
-1.9083328088781446e-15,-48.00000000000001,0.0,0.0,0.0,4.363267749186994,0.9999999999999999,20.0,0.00347222222222221,19.4342883526094,367.2826515897146,-185.78620636934855,300.0,-3.0533324942048875e-14,-287.9999999999918,0.0,0.0,1.6357819730662436e-26,0.0,0.0,0.0
-2.0143512982602618e-15,-49.00000000000001,0.0,0.0,0.0,4.363267749186972,0.9999999999999999,20.0,0.00347222222222221,19.4377605748316,364.01475724762685,-188.67739505569298,300.0,-3.0533324942048875e-14,-287.9999999999918,0.0,0.0,0.0,0.0,0.0,0.0
-2.120369787642379e-15,-50.00000000000001,0.0,0.0,0.0,4.363267749187,0.9999999999999999,20.0,0.003472222222222321,19.4412327970538,360.69690242163483,-191.5111107797445,300.0,-3.0533324942048875e-14,-287.9999999999918,0.0,0.0,0.0,0.0,0.0,0.0
-2.226388277024496e-15,-51.00000000000001,0.0,0.0,0.0,4.36326774918693,0.9999999999999999,20.0,0.003472222222222099,19.444705019276,357.3300977624594,-194.2864903642427,300.0,-3.0533324942048875e-14,-287.9999999999918,0.0,0.0,0.0,0.0,0.0,0.0
-2.3324067664066133e-15,-52.00000000000001,0.0,0.0,0.0,4.363267749186938,0.9999999999999999,20.0,0.003472222222222321,19.4481772414983,353.91536883141464,-197.00268840168047,300.0,-3.0533324942048875e-14,-287.9999999999918,0.0,0.0,0.0,0.0,0.0,0.0
-2.4384252557887305e-15,-53.00000000000001,0.0,0.0,0.0,4.363267749187035,0.9999999999999999,20.0,0.003472222222222099,19.4516494637205,350.4537557880121,-199.65887751182322,300.0,-3.0533324942048875e-14,-287.9999999999918,0.0,0.0,0.0,0.0,0.0,0.0
-2.5444437451708477e-15,-54.00000000000001,0.0,0.0,0.0,4.3632677491869,0.9999999999999999,20.0,0.003472222222222321,19.4551216859427,346.94631307311835,-202.25424859373683,300.0,-3.0533324942048875e-14,-287.9999999999918,0.0,0.0,0.0,0.0,0.0,0.0
-2.650462234552965e-15,-55.00000000000001,0.0,0.0,0.0,4.363267749186957,0.9999999999999999,20.0,0.00347222222222221,19.4585939081649,343.3941090877616,-204.7880110722479,300.0,-3.0533324942048875e-14,-287.9999999999918,0.0,0.0,0.0,0.0,0.0,0.0
-2.756480723935082e-15,-56.00000000000001,0.0,0.0,0.0,4.363267749186982,0.9999999999999999,20.0,0.00347222222222221,19.4620661303872,339.79822586768677,-207.2593931387604,300.0,-3.0533324942048875e-14,-287.9999999999918,0.0,0.0,0.0,0.0,0.0,0.0
-2.862499213317199e-15,-57.00000000000001,0.0,0.0,0.0,4.363267749186979,0.9999999999999999,20.0,0.00347222222222221,19.4655383526094,336.1597587537568,-209.667641986356,300.0,-3.0533324942048875e-14,-287.9999999999918,0.0,0.0,0.0,0.0,0.0,0.0
-2.9685177026993163e-15,-58.00000000000001,0.0,0.0,0.0,4.36326774918695,0.9999999999999999,20.0,0.00347222222222221,19.4690105748316,332.4798160583013,-212.01202403910648,300.0,-3.0533324942048875e-14,-287.9999999999918,0.0,0.0,0.0,0.0,0.0,0.0
-3.0745361920814335e-15,-59.00000000000001,0.0,0.0,0.0,4.363267749187006,0.9999999999999999,20.0,0.003472222222222321,19.4724827970538,328.7595187275136,-214.29182517552806,300.0,-3.0533324942048875e-14,-287.9999999999918,0.0,0.0,0.0,0.0,0.0,0.0
-3.1805546814635507e-15,-60.00000000000001,0.0,0.0,0.0,4.36326774918699,0.9999999999999999,20.0,0.003472222222222099,19.475955019276,325.0,-216.50635094610965,300.0,-3.0533324942048875e-14,-287.9999999999918,0.0,0.0,0.0,0.0,0.0,0.0
-3.286573170845668e-15,-61.00000000000001,0.0,0.0,0.0,4.3632677491869485,0.9999999999999999,20.0,0.003472222222222321,19.4794272414983,321.2024050615843,-218.65492678484893,300.0,-3.0533324942048875e-14,-287.9999999999918,0.0,0.0,0.0,0.0,0.0,0.0
-3.392591660227785e-15,-62.00000000000001,0.0,0.0,0.0,4.363267749187008,0.9999999999999999,20.0,0.003472222222222099,19.4828994637205,317.36789069647267,-220.73689821473172,300.0,-3.0533324942048875e-14,-287.9999999999918,0.0,0.0,0.0,0.0,0.0,0.0
-3.4986101496099022e-15,-63.00000000000001,0.0,0.0,0.0,4.363267749186884,0.9999999999999999,20.0,0.003472222222222321,19.4863716859427,313.49762493488674,-222.7516310470919,300.0,-3.0533324942048875e-14,-287.9999999999918,0.0,0.0,0.0,0.0,0.0,0.0
-3.604628638992019e-15,-64.0,0.0,0.0,0.0,4.363267749186994,0.9999999999999999,20.0,0.00347222222222221,19.4898439081649,309.5927866972694,-224.69851157479172,300.0,-3.0533324942048875e-14,-287.99999999998977,0.0,0.0,0.0,5.893525667488407e-10,0.0,0.0
-3.7106471283741366e-15,-65.0,0.0,0.0,0.0,4.363267749186961,0.9999999999999999,20.0,0.00347222222222221,19.4933161303872,305.6545654351749,-226.57694675916247,300.0,-3.0533324942048875e-14,-287.9999999999918,0.0,0.0,0.0,-5.893525667488407e-10,0.0,0.0
-3.816665617756254e-15,-66.0,0.0,0.0,0.0,4.363267749186957,0.9999999999999999,20.0,0.00347222222222221,19.4967883526094,301.6841607689501,-228.3863644106502,300.0,-3.0533324942048875e-14,-287.9999999999918,0.0,0.0,0.0,0.0,0.0,0.0
-3.922684107138371e-15,-67.0,0.0,0.0,0.0,4.363267749186909,0.9999999999999999,20.0,0.00347222222222221,19.5002605748316,297.68278212231854,-230.12621336311003,300.0,-3.0533324942048875e-14,-287.9999999999918,0.0,0.0,0.0,0.0,0.0,0.0
-4.028702596520488e-15,-68.0,0.0,0.0,0.0,4.363267749187055,0.9999999999999999,20.0,0.003472222222222321,19.5037327970538,293.65164835397803,-231.79596364169683,300.0,-3.0533324942048875e-14,-287.9999999999918,0.0,0.0,0.0,0.0,0.0,0.0
-4.134721085902605e-15,-69.0,0.0,0.0,0.0,4.363267749186954,0.9999999999999999,20.0,0.003472222222222099,19.507205019276,289.5919873863251,-233.39510662430044,300.0,-3.0533324942048875e-14,-287.9999999999918,0.0,0.0,0.0,0.0,0.0,0.0
-4.2407395752847224e-15,-70.0,0.0,0.0,0.0,4.3632677491869165,0.9999999999999999,20.0,0.003472222222222321,19.5106772414983,285.5050358314173,-234.92315519647707,300.0,-3.0533324942048875e-14,-287.9999999999918,0.0,0.0,0.0,0.0,0.0,0.0
-4.3467580646668396e-15,-71.0,0.0,0.0,0.0,4.3632677491870036,0.9999999999999999,20.0,0.00347222222222221,19.5141494637205,281.3920386142892,-236.37964389982918,300.0,-3.0533324942048875e-14,-287.9999999999918,0.0,0.0,0.0,0.0,0.0,0.0
-4.452776554048957e-15,-72.0,0.0,0.0,0.0,4.363267749186964,0.9999999999999999,20.0,0.00347222222222221,19.5176216859427,277.2542485937369,-237.76412907378838,300.0,-3.0533324942048875e-14,-287.9999999999918,0.0,0.0,0.0,0.0,0.0,0.0
-4.558795043431074e-15,-73.0,0.0,0.0,0.0,4.363267749186978,0.9999999999999999,20.0,0.00347222222222221,19.5210939081649,273.09292618068423,-239.07618899075885,300.0,-3.0533324942048875e-14,-287.9999999999918,0.0,0.0,0.0,0.0,0.0,0.0
-4.664813532813191e-15,-74.0,0.0,0.0,0.0,4.363267749186973,0.9999999999999999,20.0,0.00347222222222221,19.5245661303872,268.90933895424985,-240.31542398457972,300.0,-3.0533324942048875e-14,-287.9999999999918,0.0,0.0,0.0,0.0,0.0,0.0
-4.770832022195308e-15,-75.0,0.0,0.0,0.0,4.363267749186979,0.9999999999999999,20.0,0.00347222222222221,19.5280383526094,264.70476127563023,-241.4814565722671,300.0,-3.0533324942048875e-14,-287.9999999999918,0.0,0.0,0.0,0.0,0.0,0.0
-4.8768505115774255e-15,-76.0,0.0,0.0,0.0,4.363267749186933,0.9999999999999999,20.0,0.003472506913493323,19.5315108595229,260.480473899917,-242.57393156899911,300.0,-3.0530821686816914e-14,-287.9763885031053,0.0,0.0,7.208784012016734e-16,6.799553600535471,0.0,0.0
-4.982869000959543e-15,-77.0,0.0,0.0,0.0,4.363267749187034,0.9999999999999999,20.0,0.0035451032155111584,19.5350559627384,256.23776358596626,-243.59251619630885,300.0,-2.9905614290222403e-14,-282.0792341459902,0.0,0.0,1.7635802361378788e-13,1663.464784695712,0.0,0.0
-5.08888749034166e-15,-78.0,0.0,0.0,0.0,4.363267749186919,0.9999999999999999,20.0,0.0036842845690708836,19.5387402473075,251.9779227044399,-244.53690018345142,300.0,-2.877586880017895e-14,-271.42311655152446,0.0,0.0,3.0663904181762364e-13,2892.3166478294256,0.0,0.0
-5.194905979723777e-15,-79.0,0.0,0.0,0.0,4.363267749186979,0.9999999999999999,20.0,0.003841271789469358,19.5425815190969,247.70224884413625,-245.406795861916,300.0,-2.7599840675881118e-14,-260.33044647905126,0.0,0.0,3.061559266703755e-13,2887.7597526117574,0.0,0.0
-5.300924469105894e-15,-80.0,0.0,0.0,0.0,4.363267749186957,0.9999999999999999,20.0,0.004020219975904293,19.5466017390728,243.41204441673264,-246.20193825305202,300.0,-2.637131550450994e-14,-248.7426076168763,0.0,0.0,3.05586554649837e-13,2882.3892552215734,0.0,0.0
-5.406942958488011e-15,-81.0,0.0,0.0,0.0,4.3632677491869725,0.9999999999999999,20.0,0.004226783421638292,19.5508285224945,239.10861626005777,-246.92208514878448,300.0,-2.5082545947205356e-14,-236.58652460894422,0.0,0.0,3.0490551058449885e-13,2875.9654317044956,0.0,0.0
-5.5129614478701285e-15,-82.0,0.0,0.0,0.0,4.363267749186937,0.9999999999999999,20.0,0.004468892292217697,19.5552974147867,234.79327524001644,-247.5670171853926,300.0,-2.3723661804678982e-14,-223.76909860668704,0.0,0.0,3.040762796840474e-13,2868.1438629830013,0.0,0.0
-5.618979937252246e-15,-83.0,0.0,0.0,0.0,4.363267749187002,0.9999999999999999,20.0,0.004758086233203618,19.5600555010199,230.46733585128692,-248.13653791033053,300.0,-2.2281750305886623e-14,-210.16853226023264,0.0,0.0,3.030444233503423e-13,2858.4110669422357,0.0,0.0
-5.724998426634363e-15,-84.0,0.0,0.0,0.0,4.363267749186983,0.9999999999999999,20.0,0.005111949126305082,19.5651674501462,226.1321158169134,-248.63047384206834,300.0,-2.0739347509655218e-14,-195.62010014032003,0.0,0.0,3.0172498945549713e-13,2845.965748181952,0.0,0.0
-5.83101691601648e-15,-85.0,0.0,0.0,0.0,4.363267749186987,0.9999999999999999,20.0,0.005558914137538062,19.5707263642837,221.78893568691456,-249.0486745229364,300.0,-1.9071798333095857e-14,-179.89124768941312,0.0,0.0,2.9997750195471697e-13,2829.4828921163285,0.0,0.0
-5.937035405398597e-15,-86.0,0.0,0.0,0.0,4.363267749186897,0.9999999999999999,20.0,0.006148771264266717,19.576875135548,217.4391184360314,-249.39101256495607,300.0,-1.7242223661538053e-14,-162.6341194071608,0.0,0.0,2.975512655984489e-13,2806.597861680516,0.0,0.0
-6.043053894780714e-15,-87.0,0.0,0.0,0.0,4.363267749186977,0.9999999999999999,20.0,0.006979168933259561,19.5838543044813,213.08398906073603,-249.65738368864348,300.0,-1.5190703992975344e-14,-143.28353555599386,0.0,0.0,2.939489913743256e-13,2772.6200692679176,0.0,0.0
-6.1490723841628315e-15,-88.0,0.0,0.0,0.0,4.363267749186982,0.9999999999999999,20.0,0.008278583739614875,19.5921328882209,208.7248741756253,-249.84770675477398,300.0,-1.280635585949295e-14,-120.79360811618092,0.0,0.0,2.880140140484198e-13,2716.639481726109,0.0,0.0
-6.255090873544949e-15,-89.0,0.0,0.0,0.0,4.363267749187041,0.9999999999999999,20.0,0.01078886038065674,19.6029217486015,204.36310160932086,-249.96192378909785,300.0,-9.826662468651575e-15,-92.68819548290134,0.0,0.0,2.761824034894144e-13,2605.039980281023,0.0,0.0
-6.361109362927066e-15,-90.0,0.0,0.0,0.0,4.363267749186897,0.9999999999999999,20.0,0.026046613053531065,19.6289683616551,200.00000000000006,-250.00000000000003,300.0,-4.070336867378093e-15,-38.39270764090573,0.0,0.0,2.210009258955537e-13,2084.5507909380885,0.0,0.0
-6.361109362927066e-15,-90.0,0.0,0.0,0.0,4.363267749186897,0.9999999999999999,20.0,0.01,19.6389683616551,200.00000000000006,-250.00000000000003,300.0,0.0,0.0,0.0,0.0,0.0,0.0,0.0,0.0
-6.361109362927066e-15,-90.0,0.0,0.0,0.0,4.363267749186897,0.9999999999999999,20.0,1.03,20.6689683616551,200.00000000000006,-250.00000000000003,300.0,0.0,0.0,0.0,0.0,0.0,0.0,0.0,0.0
-6.255090873544949e-15,-89.0,0.0,0.0,0.0,4.363267749186897,1.0,21.0,0.0,20.6689683616551,204.36310160932086,-249.96192378909785,300.0,0.0,0.0,0.0,0.0,0.0,0.0,0.0,0.0
-6.1490723841628315e-15,-88.0,0.0,0.0,0.0,4.363267749187041,1.0,21.0,0.036835473434187735,20.7058038350892,208.7248741756253,-249.84770675477398,300.0,2.8781628006366034e-15,27.1477439209965,0.0,0.0,7.813562667462061e-14,737.0000000000024,0.0,0.0
-6.043053894780714e-15,-87.0,0.0,0.0,0.0,4.363267749186982,1.0,21.0,0.008278583739614868,20.7140824188289,213.08398906073603,-249.65738368864348,300.0,1.280635585949295e-14,120.79360811618092,0.0,0.0,1.199262261653281e-12,11311.821821294205,0.0,0.0
-5.937035405398597e-15,-86.0,0.0,0.0,0.0,4.363267749186977,1.0,21.0,0.00697916893325963,20.7210615877621,217.4391184360314,-249.39101256495607,300.0,1.5190703992975344e-14,143.28353555599386,0.0,0.0,3.4163783056169234e-13,3222.4363179741604,0.0,0.0
-5.83101691601648e-15,-85.0,0.0,0.0,0.0,4.363267749186897,1.0,21.0,0.006148771264266731,20.7272103590264,221.78893568691456,-249.0486745229364,300.0,1.724222366153556e-14,162.6341194071373,0.0,0.0,3.336470947427129e-13,3147.0651646446827,0.0,0.0
-5.724998426634363e-15,-84.0,0.0,0.0,0.0,4.363267749186987,1.0,21.0,0.005558914137537972,20.7327692731639,226.1321158169134,-248.63047384206834,300.0,1.9071798333095857e-14,179.89124768941312,0.0,0.0,3.2912447040793003e-13,3104.4063382348577,0.0,0.0
-5.618979937252246e-15,-83.0,0.0,0.0,0.0,4.363267749186983,1.0,21.0,0.005111949126305151,20.7378812222902,230.46733585128692,-248.13653791033053,300.0,2.0739347509655218e-14,195.62010014032003,0.0,0.0,3.2620613690745047e-13,3076.879691538729,0.0,0.0
-5.5129614478701285e-15,-82.0,0.0,0.0,0.0,4.363267749187002,1.0,21.0,0.004758086233203576,20.7426393085234,234.79327524001644,-247.5670171853926,300.0,2.2281750305886623e-14,210.16853226023264,0.0,0.0,3.2416453183803307e-13,3057.622625329657,0.0,0.0
-5.406942958488011e-15,-81.0,0.0,0.0,0.0,4.363267749186937,1.0,21.0,0.004468892292217766,20.7471082008156,239.10861626005777,-246.92208514878448,300.0,2.3723661804678982e-14,223.76909860668704,0.0,0.0,3.2265523635538336e-13,3043.386471886544,0.0,0.0
-5.300924469105894e-15,-80.0,0.0,0.0,0.0,4.3632677491869725,1.0,21.0,0.004226783421638194,20.7513349842373,243.41204441673264,-246.20193825305202,300.0,2.5082545947205356e-14,236.58652460894422,0.0,0.0,3.214936766265199e-13,3032.4302723063392,0.0,0.0
-5.194905979723777e-15,-79.0,0.0,0.0,0.0,4.363267749186957,1.0,21.0,0.004020219975904335,20.7553552042132,247.70224884413625,-245.406795861916,300.0,2.637131550450994e-14,248.7426076168763,0.0,0.0,3.205719003011892e-13,3023.735785800231,0.0,0.0
-5.08888749034166e-15,-78.0,0.0,0.0,0.0,4.363267749186979,1.0,21.0,0.0038412717894694137,20.7591964760027,251.9779227044399,-244.53690018345142,300.0,2.7599840675881118e-14,260.33044647905126,0.0,0.0,3.198225063738121e-13,3016.6672647173054,0.0,0.0
-4.982869000959543e-15,-77.0,0.0,0.0,0.0,4.363267749186919,1.0,21.0,0.003684284569070856,20.7628807605717,256.23776358596626,-243.59251619630885,300.0,2.877586880017895e-14,271.42311655152446,0.0,0.0,3.1920121864916085e-13,3010.8070819485,0.0,0.0
-4.8768505115774255e-15,-76.0,0.0,0.0,0.0,4.363267749187034,1.0,21.0,0.0035451032155111584,20.7664258637872,260.480473899917,-242.57393156899911,300.0,2.9905614290222403e-14,282.0792341459902,0.0,0.0,3.1867774261134395e-13,3005.8694900165074,0.0,0.0
-4.770832022195308e-15,-75.0,0.0,0.0,0.0,4.363267749186933,1.0,21.0,0.0034725069134932535,20.7698983707007,264.70476127563023,-241.4814565722671,300.0,3.0530821686824727e-14,287.97638850317895,0.0,0.0,1.8004496813901178e-13,1698.241214229003,0.0,0.0
-4.664813532813191e-15,-74.0,0.0,0.0,0.0,4.363267749186979,1.0,21.0,0.0034722222222222238,20.773370592923,268.90933895424985,-240.31542398457972,300.0,3.0533324942048875e-14,287.9999999999918,0.0,0.0,7.2093750455468e-16,6.800111082104001,0.0,0.0
-4.558795043431074e-15,-73.0,0.0,0.0,0.0,4.363267749186973,1.0,21.0,0.0034722222222222238,20.7768428151452,273.09292618068423,-239.07618899075885,300.0,3.0533324942048875e-14,287.9999999999918,0.0,0.0,0.0,0.0,0.0,0.0
-4.452776554048957e-15,-72.0,0.0,0.0,0.0,4.363267749186978,1.0,21.0,0.00347222222222221,20.7803150373674,277.2542485937369,-237.76412907378838,300.0,3.0533324942048875e-14,287.9999999999918,0.0,0.0,0.0,0.0,0.0,0.0
-4.3467580646668396e-15,-71.0,0.0,0.0,0.0,4.363267749186964,1.0,21.0,0.0034722222222222238,20.7837872595896,281.3920386142892,-236.37964389982918,300.0,3.0533324942048875e-14,287.9999999999918,0.0,0.0,0.0,0.0,0.0,0.0
-4.2407395752847224e-15,-70.0,0.0,0.0,0.0,4.3632677491870036,1.0,21.0,0.0034722222222222238,20.7872594818118,285.5050358314173,-234.92315519647707,300.0,3.0533324942048875e-14,287.9999999999918,0.0,0.0,0.0,0.0,0.0,0.0
-4.134721085902605e-15,-69.0,0.0,0.0,0.0,4.3632677491869165,1.0,21.0,0.0034722222222222238,20.7907317040341,289.5919873863251,-233.39510662430044,300.0,3.0533324942048875e-14,287.9999999999918,0.0,0.0,0.0,0.0,0.0,0.0
-4.028702596520488e-15,-68.0,0.0,0.0,0.0,4.363267749186954,1.0,21.0,0.0034722222222222238,20.7942039262563,293.65164835397803,-231.79596364169683,300.0,3.0533324942048875e-14,287.9999999999918,0.0,0.0,0.0,0.0,0.0,0.0
-3.922684107138371e-15,-67.0,0.0,0.0,0.0,4.363267749187055,1.0,21.0,0.00347222222222221,20.7976761484785,297.68278212231854,-230.12621336311003,300.0,3.0533324942048875e-14,287.9999999999918,0.0,0.0,0.0,0.0,0.0,0.0
-3.816665617756254e-15,-66.0,0.0,0.0,0.0,4.363267749186909,1.0,21.0,0.0034722222222222376,20.8011483707007,301.6841607689501,-228.3863644106502,300.0,3.0533324942048875e-14,287.9999999999918,0.0,0.0,0.0,0.0,0.0,0.0
-3.7106471283741366e-15,-65.0,0.0,0.0,0.0,4.363267749186957,1.0,21.0,0.00347222222222221,20.804620592923,305.6545654351749,-226.57694675916247,300.0,3.0533324942048875e-14,287.9999999999918,0.0,0.0,0.0,0.0,0.0,0.0
-3.604628638992019e-15,-64.0,0.0,0.0,0.0,4.363267749186961,1.0,21.0,0.0034722222222222376,20.8080928151452,309.5927866972694,-224.69851157479172,300.0,3.0533324942048875e-14,287.9999999999918,0.0,0.0,0.0,0.0,0.0,0.0
-3.498610149609902e-15,-63.0,0.0,0.0,0.0,4.363267749186994,1.0,21.0,0.00347222222222221,20.8115650373674,313.49762493488674,-222.7516310470919,300.0,3.053332494204899e-14,287.9999999999918,0.0,0.0,3.271563946132487e-26,0.0,0.0,0.0
-3.3925916602277842e-15,-62.0,0.0,0.0,0.0,4.363267749186997,1.0,21.0,0.0034722222222222376,20.8150372595896,317.3678906964728,-220.7368982147317,300.0,3.053332494204899e-14,287.9999999999918,0.0,0.0,0.0,0.0,0.0,0.0
-3.2865731708456667e-15,-61.0,0.0,0.0,0.0,4.363267749186957,1.0,21.0,0.00347222222222221,20.8185094818119,321.20240506158433,-218.6549267848489,300.0,3.053332494204899e-14,287.9999999999918,0.0,0.0,0.0,0.0,0.0,0.0
-3.180554681463549e-15,-60.0,0.0,0.0,0.0,4.3632677491869485,1.0,21.0,0.0034722222222222376,20.8219817040341,325.00000000000006,-216.50635094610962,300.0,3.053332494204899e-14,287.9999999999918,0.0,0.0,0.0,0.0,0.0,0.0
-3.0745361920814315e-15,-59.0,0.0,0.0,0.0,4.36326774918699,1.0,21.0,0.00347222222222221,20.8254539262563,328.75951872751364,-214.29182517552803,300.0,3.053332494204899e-14,287.9999999999918,0.0,0.0,0.0,0.0,0.0,0.0
-2.968517702699314e-15,-58.0,0.0,0.0,0.0,4.363267749186943,1.0,21.0,0.00347222222222221,20.8289261484785,332.4798160583013,-212.01202403910648,300.0,3.053332494204899e-14,287.9999999999918,0.0,0.0,0.0,0.0,0.0,0.0
-2.8624992133171964e-15,-57.0,0.0,0.0,0.0,4.363267749187013,1.0,21.0,0.0034722222222222376,20.8323983707007,336.1597587537569,-209.66764198635596,300.0,3.053332494204899e-14,287.9999999999918,0.0,0.0,0.0,0.0,0.0,0.0
-2.756480723935079e-15,-56.0,0.0,0.0,0.0,4.363267749186916,1.0,21.0,0.0034722222222222376,20.835870592923,339.79822586768677,-207.2593931387604,300.0,3.053332494204899e-14,287.9999999999918,0.0,0.0,0.0,0.0,0.0,0.0
-2.6504622345529613e-15,-55.0,0.0,0.0,0.0,4.363267749186982,1.0,21.0,0.00347222222222221,20.8393428151452,343.3941090877616,-204.7880110722479,300.0,3.053332494204899e-14,287.9999999999918,0.0,0.0,0.0,0.0,0.0,0.0
-2.5444437451708437e-15,-54.0,0.0,0.0,0.0,4.363267749186957,1.0,21.0,0.00347222222222221,20.8428150373674,346.94631307311835,-202.25424859373683,300.0,3.053332494204899e-14,287.9999999999918,0.0,0.0,0.0,0.0,0.0,0.0
-2.438425255788726e-15,-53.0,0.0,0.0,0.0,4.363267749187008,1.0,21.0,0.00347222222222221,20.8462872595896,350.4537557880122,-199.6588775118232,300.0,3.053332494204899e-14,287.9999999999918,0.0,0.0,0.0,0.0,0.0,0.0
-2.3324067664066086e-15,-52.0,0.0,0.0,0.0,4.363267749186927,1.0,21.0,0.0034722222222222376,20.8497594818119,353.91536883141464,-197.00268840168047,300.0,3.053332494204899e-14,287.9999999999918,0.0,0.0,0.0,0.0,0.0,0.0
-2.226388277024491e-15,-51.0,0.0,0.0,0.0,4.363267749187001,1.0,21.0,0.0034722222222222376,20.8532317040341,357.33009776245945,-194.28649036424267,300.0,3.053332494204899e-14,287.9999999999918,0.0,0.0,0.0,0.0,0.0,0.0
-2.1203697876423734e-15,-50.0,0.0,0.0,0.0,4.36326774918693,1.0,21.0,0.00347222222222221,20.8567039262563,360.6969024216349,-191.51111077974448,300.0,3.053332494204899e-14,287.9999999999918,0.0,0.0,0.0,0.0,0.0,0.0
-2.014351298260256e-15,-49.0,0.0,0.0,0.0,4.363267749186938,1.0,21.0,0.00347222222222221,20.8601761484785,364.01475724762685,-188.67739505569298,300.0,3.053332494204899e-14,287.9999999999918,0.0,0.0,0.0,0.0,0.0,0.0
-1.9083328088781383e-15,-48.0,0.0,0.0,0.0,4.36326774918701,1.0,21.0,0.0034722222222222376,20.8636483707007,367.2826515897146,-185.7862063693485,300.0,3.053332494204899e-14,287.9999999999918,0.0,0.0,0.0,0.0,0.0,0.0
-1.8023143194960207e-15,-47.0,0.0,0.0,0.0,4.363267749186956,1.0,21.0,0.0034722222222222376,20.867120592923,370.4995900156247,-182.8384254047926,300.0,3.053332494204899e-14,287.9999999999918,0.0,0.0,0.0,0.0,0.0,0.0
-1.6962958301139034e-15,-46.0,0.0,0.0,0.0,4.363267749187016,1.0,21.0,0.00347222222222221,20.8705928151452,373.66459261474944,-179.83495008466275,300.0,3.053332494204893e-14,287.9999999999918,0.0,0.0,-1.6357819730662436e-26,0.0,0.0,0.0
-1.590277340731786e-15,-45.0,0.0,0.0,0.0,4.363267749186921,1.0,21.0,0.00347222222222221,20.8740650373674,376.77669529663694,-176.77669529663686,300.0,3.053332494204893e-14,287.9999999999918,0.0,0.0,0.0,0.0,0.0,0.0
-1.4842588513496686e-15,-44.0,0.0,0.0,0.0,4.363267749186981,1.0,21.0,0.00347222222222221,20.8775372595896,379.83495008466286,-173.6645926147493,300.0,3.053332494204893e-14,287.9999999999918,0.0,0.0,0.0,0.0,0.0,0.0
-1.3782403619675513e-15,-43.0,0.0,0.0,0.0,4.363267749186996,1.0,21.0,0.0034722222222222376,20.8810094818119,382.8384254047927,-170.49959001562456,300.0,3.053332494204893e-14,287.9999999999918,0.0,0.0,0.0,0.0,0.0,0.0
-1.2722218725854339e-15,-42.0,0.0,0.0,0.0,4.363267749186915,1.0,21.0,0.0034722222222222376,20.8844817040341,385.7862063693486,-167.2826515897145,300.0,3.053332494204893e-14,287.9999999999918,0.0,0.0,0.0,0.0,0.0,0.0
-1.1662033832033165e-15,-41.0,0.0,0.0,0.0,4.363267749187031,1.0,21.0,0.00347222222222221,20.8879539262563,388.67739505569307,-164.01475724762673,300.0,3.053332494204893e-14,287.9999999999918,0.0,0.0,0.0,0.0,0.0,0.0
-1.0601848938211991e-15,-40.0,0.0,0.0,0.0,4.36326774918696,1.0,21.0,0.00347222222222221,20.8914261484785,391.51111077974457,-160.69690242163475,300.0,3.053332494204893e-14,287.9999999999918,0.0,0.0,0.0,0.0,0.0,0.0
-9.541664044390818e-16,-39.0,0.0,0.0,0.0,4.36326774918693,1.0,21.0,0.0034722222222222376,20.8948983707007,394.28649036424275,-157.3300977624593,300.0,3.053332494204893e-14,287.9999999999918,0.0,0.0,0.0,0.0,0.0,0.0
-8.481479150569644e-16,-38.0,0.0,0.0,0.0,4.363267749187018,1.0,21.0,0.00347222222222221,20.898370592923,397.0026884016806,-153.9153688314145,300.0,3.053332494204893e-14,287.9999999999918,0.0,0.0,0.0,0.0,0.0,0.0
-7.42129425674847e-16,-37.0,0.0,0.0,0.0,4.3632677491869325,1.0,21.0,0.0034722222222222376,20.9018428151452,399.6588775118233,-150.45375578801202,300.0,3.053332494204893e-14,287.9999999999918,0.0,0.0,0.0,0.0,0.0,0.0
-6.361109362927297e-16,-36.0,0.0,0.0,0.0,4.363267749186963,1.0,21.0,0.00347222222222221,20.9053150373674,402.2542485937369,-146.94631307311823,300.0,3.053332494204893e-14,287.9999999999918,0.0,0.0,0.0,0.0,0.0,0.0
-5.300924469106123e-16,-35.0,0.0,0.0,0.0,4.363267749186997,1.0,21.0,0.0034722222222222376,20.9087872595896,404.788011072248,-143.39410908776145,300.0,3.053332494204893e-14,287.9999999999918,0.0,0.0,0.0,0.0,0.0,0.0
-4.240739575284949e-16,-34.0,0.0,0.0,0.0,4.363267749186903,1.0,21.0,0.00347222222222221,20.9122594818119,407.25939313876046,-139.79822586768668,300.0,3.053332494204893e-14,287.9999999999918,0.0,0.0,0.0,0.0,0.0,0.0
-3.1805546814637755e-16,-33.0,0.0,0.0,0.0,4.363267749187002,1.0,21.0,0.0034722222222222376,20.9157317040341,409.66764198635605,-136.1597587537567,300.0,3.053332494204893e-14,287.9999999999918,0.0,0.0,0.0,0.0,0.0,0.0
-2.1203697876426016e-16,-32.0,0.0,0.0,0.0,4.363267749186959,1.0,21.0,0.00347222222222221,20.9192039262563,412.0120240391065,-132.47981605830117,300.0,3.0533324942048944e-14,287.9999999999918,0.0,0.0,3.635071051258319e-27,0.0,0.0,0.0
-1.0601848938214276e-16,-31.0,0.0,0.0,0.0,4.363267749186973,1.0,21.0,0.00347222222222221,20.9226761484785,414.2918251755281,-128.7595187275135,300.0,3.0533324942048944e-14,287.9999999999918,0.0,0.0,0.0,0.0,0.0,0.0
-2.536680848351316e-29,-30.0,0.0,0.0,0.0,4.363267749187006,1.0,21.0,0.00347222222222221,20.9261483707007,416.50635094610976,-124.99999999999993,300.0,3.0533324942048944e-14,287.9999999999918,0.0,0.0,0.0,0.0,0.0,0.0
1.0601848938209203e-16,-29.0,0.0,0.0,0.0,4.363267749186934,1.0,21.0,0.00347222222222221,20.929620592923,418.654926784849,-121.2024050615842,300.0,3.0533324942048944e-14,287.9999999999918,0.0,0.0,0.0,0.0,0.0,0.0
2.1203697876420942e-16,-28.0,0.0,0.0,0.0,4.363267749186943,1.0,21.0,0.0034722222222222654,20.9330928151452,420.73689821473175,-117.36789069647264,300.0,3.0533324942048944e-14,287.9999999999918,0.0,0.0,0.0,0.0,0.0,0.0
3.180554681463268e-16,-27.0,0.0,0.0,0.0,4.3632677491869725,1.0,21.0,0.00347222222222221,20.9365650373674,422.75163104709196,-113.49762493488663,300.0,3.0533324942048944e-14,287.9999999999918,0.0,0.0,0.0,0.0,0.0,0.0
4.2407395752844424e-16,-26.0,0.0,0.0,0.0,4.363267749186956,1.0,21.0,0.0034722222222222654,20.9400372595896,424.6985115747917,-109.59278669726929,300.0,3.053332494204895e-14,287.9999999999918,0.0,0.0,1.8175355256291595e-27,0.0,0.0,0.0
5.300924469105616e-16,-25.0,0.0,0.0,0.0,4.363267749186985,1.0,21.0,0.00347222222222221,20.9435094818119,426.5769467591625,-105.6545654351748,300.0,3.053332494204893e-14,287.9999999999918,0.0,0.0,-5.4526065768874786e-27,0.0,0.0,0.0
6.36110936292679e-16,-24.0,0.0,0.0,0.0,4.363267749186971,1.0,21.0,0.00347222222222221,20.9469817040341,428.38636441065023,-101.68416076894998,300.0,3.053332494204893e-14,287.9999999999918,0.0,0.0,0.0,0.0,0.0,0.0
7.421294256747963e-16,-23.0,0.0,0.0,0.0,4.36326774918696,1.0,21.0,0.00347222222222221,20.9504539262563,430.1262133631101,-97.68278212231837,300.0,3.053332494204893e-14,287.9999999999918,0.0,0.0,0.0,0.0,0.0,0.0
8.481479150569137e-16,-22.0,0.0,0.0,0.0,4.363267749186965,1.0,21.0,0.00347222222222221,20.9539261484785,431.79596364169686,-93.65164835397795,300.0,3.053332494204893e-14,287.9999999999918,0.0,0.0,0.0,0.0,0.0,0.0
9.54166404439031e-16,-21.0,0.0,0.0,0.0,4.363267749186947,1.0,21.0,0.00347222222222221,20.9573983707007,433.3951066243004,-89.59198738632502,300.0,3.053332494204893e-14,287.9999999999918,0.0,0.0,0.0,0.0,0.0,0.0
1.0601848938211485e-15,-20.0,0.0,0.0,0.0,4.36326774918698,1.0,21.0,0.00347222222222221,20.960870592923,434.92315519647707,-85.50503583141712,300.0,3.053332494204893e-14,287.9999999999918,0.0,0.0,0.0,0.0,0.0,0.0
1.1662033832032658e-15,-19.0,0.0,0.0,0.0,4.3632677491869725,1.0,21.0,0.0034722222222222654,20.9643428151452,436.3796438998292,-81.3920386142891,300.0,3.053332494204893e-14,287.9999999999918,0.0,0.0,0.0,0.0,0.0,0.0
1.2722218725853832e-15,-18.0,0.0,0.0,0.0,4.363267749186959,1.0,21.0,0.00347222222222221,20.9678150373674,437.76412907378835,-77.25424859373679,300.0,3.053332494204893e-14,287.9999999999918,0.0,0.0,0.0,0.0,0.0,0.0
1.3782403619675006e-15,-17.0,0.0,0.0,0.0,4.363267749186959,1.0,21.0,0.0034722222222222654,20.9712872595896,439.07618899075885,-73.09292618068413,300.0,3.053332494204893e-14,287.9999999999918,0.0,0.0,0.0,0.0,0.0,0.0
1.484258851349618e-15,-16.0,0.0,0.0,0.0,4.363267749186995,1.0,21.0,0.00347222222222221,20.9747594818119,440.31542398457975,-68.90933895424973,300.0,3.053332494204893e-14,287.9999999999918,0.0,0.0,0.0,0.0,0.0,0.0
1.5902773407317353e-15,-15.0,0.0,0.0,0.0,4.363267749186965,1.0,21.0,0.00347222222222221,20.9782317040341,441.4814565722671,-64.70476127563013,300.0,3.053332494204893e-14,287.9999999999918,0.0,0.0,0.0,0.0,0.0,0.0
1.6962958301138527e-15,-14.0,0.0,0.0,0.0,4.363267749186968,1.0,21.0,0.00347222222222221,20.9817039262563,442.5739315689991,-60.48047389991686,300.0,3.053332494204893e-14,287.9999999999918,0.0,0.0,0.0,0.0,0.0,0.0
1.8023143194959702e-15,-13.0,0.0,0.0,0.0,4.363267749186965,1.0,21.0,0.00347222222222221,20.9851761484785,443.5925161963088,-56.23776358596618,300.0,3.053332494204899e-14,287.9999999999918,0.0,0.0,1.6357819730662436e-26,0.0,0.0,0.0
1.908332808878088e-15,-12.0,0.0,0.0,0.0,4.363267749186973,1.0,21.0,0.00347222222222221,20.9886483707007,444.5369001834514,-51.977922704439756,300.0,3.053332494204899e-14,287.9999999999918,0.0,0.0,0.0,0.0,0.0,0.0
2.0143512982602054e-15,-11.0,0.0,0.0,0.0,4.363267749186959,1.0,21.0,0.0034722222222222654,20.992120592923,445.40679586191595,-47.70224884413613,300.0,3.053332494204899e-14,287.9999999999918,0.0,0.0,0.0,0.0,0.0,0.0
2.120369787642323e-15,-10.0,0.0,0.0,0.0,4.36326774918697,1.0,21.0,0.0034722222222222654,20.9955928151452,446.201938253052,-43.41204441673251,300.0,3.053332494204899e-14,287.9999999999918,0.0,0.0,0.0,0.0,0.0,0.0
2.2263882770244405e-15,-9.0,0.0,0.0,0.0,4.3632677491869725,1.0,21.0,0.00347222222222221,20.9990650373674,446.92208514878445,-39.108616260057644,300.0,3.053332494204899e-14,287.9999999999918,0.0,0.0,0.0,0.0,0.0,0.0
2.332406766406558e-15,-8.0,0.0,0.0,0.0,4.363267749186973,1.0,21.0,0.00347222222222221,21.0025372595896,447.5670171853926,-34.793275240016285,300.0,3.053332494204899e-14,287.9999999999918,0.0,0.0,0.0,0.0,0.0,0.0
2.4384252557886757e-15,-7.0,0.0,0.0,0.0,4.363267749186963,1.0,21.0,0.00347222222222221,21.0060094818119,448.1365379103305,-30.467335851286794,300.0,3.053332494204899e-14,287.9999999999918,0.0,0.0,0.0,0.0,0.0,0.0
2.5444437451707932e-15,-6.0,0.0,0.0,0.0,4.363267749186969,1.0,21.0,0.00347222222222221,21.0094817040341,448.63047384206834,-26.13211581691329,300.0,3.053332494204899e-14,287.9999999999918,0.0,0.0,0.0,0.0,0.0,0.0
2.6504622345529108e-15,-5.0,0.0,0.0,0.0,4.36326774918697,1.0,21.0,0.00347222222222221,21.0129539262563,449.0486745229364,-21.788935686914463,300.0,3.053332494204899e-14,287.9999999999918,0.0,0.0,0.0,0.0,0.0,0.0
2.7564807239350284e-15,-4.0,0.0,0.0,0.0,4.363267749186968,1.0,21.0,0.00347222222222221,21.0164261484785,449.39101256495604,-17.439118436031244,300.0,3.053332494204899e-14,287.9999999999918,0.0,0.0,0.0,0.0,0.0,0.0
2.862499213317146e-15,-3.0,0.0,0.0,0.0,4.363267749186968,1.0,21.0,0.0034722222222222654,21.0198983707007,449.65738368864345,-13.083989060735876,300.0,3.053332494204899e-14,287.9999999999918,0.0,0.0,0.0,0.0,0.0,0.0
2.9685177026992635e-15,-2.0,0.0,0.0,0.0,4.363267749186971,1.0,21.0,0.00347222222222221,21.023370592923,449.847706754774,-8.72487417562516,300.0,3.053332494204899e-14,287.9999999999918,0.0,0.0,0.0,0.0,0.0,0.0
3.074536192081381e-15,-1.0,0.0,0.0,0.0,4.363267749186965,1.0,21.0,0.00347222222222221,21.0268428151452,449.9619237890978,-4.363101609320796,300.0,3.053332494204899e-14,287.9999999999918,0.0,0.0,0.0,0.0,0.0,0.0
3.1805546814634986e-15,0.0,0.0,0.0,0.0,4.363267749186969,1.0,21.0,0.0034722222222222654,21.0303150373674,450.0,8.376306441313884e-14,300.0,3.053332494204899e-14,287.9999999999918,0.0,0.0,0.0,0.0,0.0,0.0
3.286573170845616e-15,1.0,0.0,0.0,0.0,4.363267749186969,1.0,21.0,0.00347222222222221,21.0337872595896,449.9619237890978,4.363101609320963,300.0,3.053332494204899e-14,287.9999999999918,0.0,0.0,0.0,0.0,0.0,0.0
3.3925916602277338e-15,2.0,0.0,0.0,0.0,4.363267749186967,1.0,21.0,0.00347222222222221,21.0372594818119,449.847706754774,8.72487417562533,300.0,3.053332494204899e-14,287.9999999999918,0.0,0.0,0.0,0.0,0.0,0.0
3.4986101496098513e-15,3.0,0.0,0.0,0.0,4.363267749186969,1.0,21.0,0.00347222222222221,21.0407317040341,449.65738368864345,13.083989060736043,300.0,3.053332494204899e-14,287.9999999999918,0.0,0.0,0.0,0.0,0.0,0.0
3.604628638991969e-15,4.0,0.0,0.0,0.0,4.363267749186976,1.0,21.0,0.00347222222222221,21.0442039262563,449.39101256495604,17.439118436031418,300.0,3.053332494204899e-14,287.9999999999918,0.0,0.0,0.0,0.0,0.0,0.0
3.710647128374086e-15,5.0,0.0,0.0,0.0,4.363267749186961,1.0,21.0,0.0034722222222222654,21.0476761484785,449.0486745229364,21.78893568691463,300.0,3.0533324942048875e-14,287.9999999999918,0.0,0.0,-3.271563946132487e-26,0.0,0.0,0.0
3.816665617756203e-15,6.0,0.0,0.0,0.0,4.363267749186963,1.0,21.0,0.00347222222222221,21.0511483707007,448.63047384206834,26.13211581691345,300.0,3.0533324942048875e-14,287.9999999999918,0.0,0.0,0.0,0.0,0.0,0.0
3.9226841071383204e-15,7.0,0.0,0.0,0.0,4.3632677491869725,1.0,21.0,0.00347222222222221,21.054620592923,448.1365379103305,30.467335851286958,300.0,3.0533324942048875e-14,287.9999999999918,0.0,0.0,0.0,0.0,0.0,0.0
4.0287025965204376e-15,8.0,0.0,0.0,0.0,4.363267749186963,1.0,21.0,0.00347222222222221,21.0580928151452,447.5670171853926,34.79327524001645,300.0,3.0533324942048875e-14,287.9999999999918,0.0,0.0,0.0,0.0,0.0,0.0
4.134721085902555e-15,9.0,0.0,0.0,0.0,4.363267749186973,1.0,21.0,0.0034722222222222654,21.0615650373674,446.92208514878445,39.10861626005781,300.0,3.0533324942048875e-14,287.9999999999918,0.0,0.0,0.0,0.0,0.0,0.0
4.240739575284672e-15,10.0,0.0,0.0,0.0,4.3632677491869725,1.0,21.0,0.00347222222222221,21.0650372595896,446.201938253052,43.41204441673268,300.0,3.0533324942048875e-14,287.9999999999918,0.0,0.0,0.0,0.0,0.0,0.0
4.346758064666789e-15,11.0,0.0,0.0,0.0,4.36326774918697,1.0,21.0,0.00347222222222221,21.0685094818119,445.40679586191595,47.70224884413629,300.0,3.0533324942048875e-14,287.9999999999918,0.0,0.0,0.0,0.0,0.0,0.0
4.452776554048906e-15,12.0,0.0,0.0,0.0,4.363267749186959,1.0,21.0,0.00347222222222221,21.0719817040341,444.5369001834514,51.97792270443992,300.0,3.0533324942048875e-14,287.9999999999918,0.0,0.0,0.0,0.0,0.0,0.0
4.5587950434310235e-15,13.0,0.0,0.0,0.0,4.363267749186973,1.0,21.0,0.00347222222222221,21.0754539262563,443.5925161963088,56.23776358596634,300.0,3.0533324942048875e-14,287.9999999999918,0.0,0.0,0.0,0.0,0.0,0.0
4.664813532813141e-15,14.0,0.0,0.0,0.0,4.363267749186965,1.0,21.0,0.0034722222222222654,21.0789261484785,442.5739315689991,60.48047389991702,300.0,3.0533324942048875e-14,287.9999999999918,0.0,0.0,0.0,0.0,0.0,0.0
4.770832022195258e-15,15.0,0.0,0.0,0.0,4.363267749186948,1.0,21.0,0.00347222222222221,21.0823983707007,441.4814565722671,64.70476127563028,300.0,3.0533324942048875e-14,287.9999999999918,0.0,0.0,0.0,0.0,0.0,0.0
4.876850511577375e-15,16.0,0.0,0.0,0.0,4.363267749186965,1.0,21.0,0.00347222222222221,21.085870592923,440.31542398457975,68.90933895424988,300.0,3.0533324942048875e-14,287.9999999999918,0.0,0.0,0.0,0.0,0.0,0.0
4.982869000959492e-15,17.0,0.0,0.0,0.0,4.363267749186995,1.0,21.0,0.00347222222222221,21.0893428151452,439.07618899075885,73.09292618068427,300.0,3.0533324942048875e-14,287.9999999999918,0.0,0.0,0.0,0.0,0.0,0.0
5.088887490341609e-15,18.0,0.0,0.0,0.0,4.3632677491869725,1.0,21.0,0.0034722222222222654,21.0928150373674,437.76412907378835,77.25424859373695,300.0,3.0533324942048875e-14,287.9999999999918,0.0,0.0,0.0,0.0,0.0,0.0
5.1949059797237265e-15,19.0,0.0,0.0,0.0,4.363267749186959,1.0,21.0,0.00347222222222221,21.0962872595896,436.3796438998292,81.39203861428926,300.0,3.0533324942048875e-14,287.9999999999918,0.0,0.0,0.0,0.0,0.0,0.0
5.300924469105844e-15,20.0,0.0,0.0,0.0,4.3632677491869725,1.0,21.0,0.00347222222222221,21.0997594818119,434.92315519647707,85.50503583141727,300.0,3.0533324942048875e-14,287.9999999999918,0.0,0.0,0.0,0.0,0.0,0.0
5.406942958487961e-15,21.0,0.0,0.0,0.0,4.36326774918698,1.0,21.0,0.00347222222222221,21.1032317040341,433.3951066243004,89.59198738632517,300.0,3.0533324942048875e-14,287.9999999999918,0.0,0.0,0.0,0.0,0.0,0.0
5.512961447870078e-15,22.0,0.0,0.0,0.0,4.363267749186947,1.0,21.0,0.00347222222222221,21.1067039262563,431.79596364169686,93.6516483539781,300.0,3.0533324942048875e-14,287.9999999999918,0.0,0.0,0.0,0.0,0.0,0.0
5.618979937252195e-15,23.0,0.0,0.0,0.0,4.363267749186965,1.0,21.0,0.0034722222222222654,21.1101761484785,430.1262133631101,97.68278212231853,300.0,3.0533324942048875e-14,287.9999999999918,0.0,0.0,0.0,0.0,0.0,0.0
5.724998426634312e-15,24.0,0.0,0.0,0.0,4.36326774918696,1.0,21.0,0.00347222222222221,21.1136483707007,428.38636441065023,101.68416076895014,300.0,3.0533324942048875e-14,287.9999999999918,0.0,0.0,0.0,0.0,0.0,0.0
5.8310169160164295e-15,25.0,0.0,0.0,0.0,4.363267749186971,1.0,21.0,0.00347222222222221,21.117120592923,426.5769467591625,105.65456543517496,300.0,3.0533324942048875e-14,287.9999999999918,0.0,0.0,0.0,0.0,0.0,0.0
5.937035405398547e-15,26.0,0.0,0.0,0.0,4.363267749186985,1.0,21.0,0.00347222222222221,21.1205928151452,424.6985115747917,109.59278669726945,300.0,3.0533324942048875e-14,287.9999999999918,0.0,0.0,0.0,0.0,0.0,0.0
6.043053894780664e-15,27.0,0.0,0.0,0.0,4.363267749186956,1.0,21.0,0.0034722222222222654,21.1240650373674,422.75163104709196,113.49762493488679,300.0,3.0533324942048875e-14,287.9999999999918,0.0,0.0,0.0,0.0,0.0,0.0
6.149072384162781e-15,28.0,0.0,0.0,0.0,4.363267749186985,1.0,21.0,0.00347222222222221,21.1275372595896,420.73689821473175,117.36789069647281,300.0,3.0533324942048875e-14,287.9999999999918,0.0,0.0,0.0,0.0,0.0,0.0
6.255090873544898e-15,29.0,0.0,0.0,0.0,4.363267749186997,1.0,21.0,0.00347222222222221,21.1310094818119,418.6549267848489,121.20240506158437,300.0,3.0533324942048875e-14,287.9999999999918,0.0,0.0,0.0,0.0,0.0,0.0
6.361109362927015e-15,30.0,0.0,0.0,0.0,4.363267749186922,1.0,21.0,0.00347222222222221,21.1344817040341,416.50635094610965,125.00000000000009,300.0,3.0533324942048875e-14,287.9999999999918,0.0,0.0,0.0,0.0,0.0,0.0
6.4671278523091326e-15,31.0,0.0,0.0,0.0,4.363267749187019,1.0,21.0,0.00347222222222221,21.1379539262563,414.291825175528,128.75951872751367,300.0,3.0533324942048875e-14,287.9999999999918,0.0,0.0,0.0,0.0,0.0,0.0
6.57314634169125e-15,32.0,0.0,0.0,0.0,4.363267749186973,1.0,21.0,0.0034722222222222654,21.1414261484785,412.0120240391064,132.47981605830134,300.0,3.0533324942048875e-14,287.9999999999918,0.0,0.0,0.0,0.0,0.0,0.0
6.679164831073367e-15,33.0,0.0,0.0,0.0,4.363267749186959,1.0,21.0,0.00347222222222221,21.1448983707007,409.66764198635593,136.15975875375688,300.0,3.0533324942048875e-14,287.9999999999918,0.0,0.0,0.0,0.0,0.0,0.0
6.785183320455484e-15,34.0,0.0,0.0,0.0,4.363267749187002,1.0,21.0,0.00347222222222221,21.148370592923,407.25939313876034,139.79822586768685,300.0,3.0533324942048875e-14,287.9999999999918,0.0,0.0,0.0,0.0,0.0,0.0
6.891201809837601e-15,35.0,0.0,0.0,0.0,4.363267749186935,1.0,21.0,0.00347222222222221,21.1518428151452,404.78801107224785,143.39410908776162,300.0,3.0533324942048875e-14,287.9999999999918,0.0,0.0,0.0,0.0,0.0,0.0
6.9972202992197184e-15,36.0,0.0,0.0,0.0,4.3632677491869645,1.0,21.0,0.0034722222222222654,21.1553150373674,402.2542485937368,146.9463130731184,300.0,3.0533324942048875e-14,287.9999999999918,0.0,0.0,0.0,0.0,0.0,0.0
7.1032387886018356e-15,37.0,0.0,0.0,0.0,4.363267749186963,1.0,21.0,0.00347222222222221,21.1587872595896,399.65887751182316,150.4537557880122,300.0,3.0533324942048875e-14,287.9999999999918,0.0,0.0,0.0,0.0,0.0,0.0
7.209257277983954e-15,38.0,0.0,0.0,0.0,4.363267749186967,1.0,21.0,0.00347222222222221,21.1622594818119,397.0026884016804,153.91536883141467,300.0,3.05333249420491e-14,287.9999999999918,0.0,0.0,6.543127892264974e-26,0.0,0.0,0.0
7.315275767366072e-15,39.0,0.0,0.0,0.0,4.363267749186982,1.0,21.0,0.00347222222222221,21.1657317040341,394.28649036424264,157.33009776245947,300.0,3.05333249420491e-14,287.9999999999918,0.0,0.0,0.0,0.0,0.0,0.0
7.42129425674819e-15,40.0,0.0,0.0,0.0,4.36326774918693,1.0,21.0,0.00347222222222221,21.1692039262563,391.51111077974446,160.69690242163492,300.0,3.05333249420491e-14,287.9999999999918,0.0,0.0,0.0,0.0,0.0,0.0
7.527312746130307e-15,41.0,0.0,0.0,0.0,4.3632677491869964,1.0,21.0,0.003472222222222321,21.1726761484785,388.6773950556929,164.0147572476269,300.0,3.05333249420491e-14,287.9999999999918,0.0,0.0,0.0,0.0,0.0,0.0
7.633331235512425e-15,42.0,0.0,0.0,0.0,4.363267749186993,1.0,21.0,0.003472222222222099,21.1761483707007,385.78620636934846,167.28265158971467,300.0,3.05333249420491e-14,287.9999999999918,0.0,0.0,0.0,0.0,0.0,0.0
7.739349724894543e-15,43.0,0.0,0.0,0.0,4.363267749186954,1.0,21.0,0.003472222222222321,21.179620592923,382.83842540479253,170.49959001562473,300.0,3.05333249420491e-14,287.9999999999918,0.0,0.0,0.0,0.0,0.0,0.0
7.845368214276661e-15,44.0,0.0,0.0,0.0,4.363267749186954,1.0,21.0,0.003472222222222099,21.1830928151452,379.8349500846627,173.6645926147494,300.0,3.05333249420491e-14,287.9999999999918,0.0,0.0,0.0,0.0,0.0,0.0
7.95138670365878e-15,45.0,0.0,0.0,0.0,4.363267749186981,1.0,21.0,0.003472222222222321,21.1865650373674,376.7766952966368,176.77669529663697,300.0,3.05333249420491e-14,287.9999999999918,0.0,0.0,0.0,0.0,0.0,0.0
8.057405193040897e-15,46.0,0.0,0.0,0.0,4.363267749186921,1.0,21.0,0.00347222222222221,21.1900372595896,373.66459261474927,179.83495008466286,300.0,3.05333249420491e-14,287.9999999999918,0.0,0.0,0.0,0.0,0.0,0.0
8.163423682423015e-15,47.0,0.0,0.0,0.0,4.363267749187016,1.0,21.0,0.00347222222222221,21.1935094818119,370.4995900156245,182.8384254047927,300.0,3.05333249420491e-14,287.9999999999918,0.0,0.0,0.0,0.0,0.0,0.0
8.269442171805133e-15,48.0,0.0,0.0,0.0,4.363267749186914,1.0,21.0,0.00347222222222221,21.1969817040341,367.2826515897145,185.7862063693486,300.0,3.05333249420491e-14,287.9999999999918,0.0,0.0,0.0,0.0,0.0,0.0
8.375460661187251e-15,49.0,0.0,0.0,0.0,4.36326774918701,1.0,21.0,0.00347222222222221,21.2004539262563,364.01475724762673,188.6773950556931,300.0,3.05333249420491e-14,287.9999999999918,0.0,0.0,0.0,0.0,0.0,0.0
8.481479150569369e-15,50.0,0.0,0.0,0.0,4.363267749186938,1.0,21.0,0.003472222222222321,21.2039261484785,360.6969024216348,191.5111107797446,300.0,3.05333249420491e-14,287.9999999999918,0.0,0.0,0.0,0.0,0.0,0.0
8.587497639951487e-15,51.0,0.0,0.0,0.0,4.363267749186973,1.0,21.0,0.003472222222222099,21.2073983707008,357.3300977624593,194.28649036424278,300.0,3.05333249420491e-14,287.9999999999918,0.0,0.0,0.0,0.0,0.0,0.0
8.693516129333605e-15,52.0,0.0,0.0,0.0,4.363267749187001,1.0,21.0,0.003472222222222321,21.210870592923,353.91536883141447,197.0026884016806,300.0,3.05333249420491e-14,287.9999999999918,0.0,0.0,0.0,0.0,0.0,0.0
8.799534618715723e-15,53.0,0.0,0.0,0.0,4.363267749186927,1.0,21.0,0.003472222222222099,21.2143428151452,350.453755788012,199.6588775118233,300.0,3.05333249420491e-14,287.9999999999918,0.0,0.0,0.0,0.0,0.0,0.0
8.905553108097841e-15,54.0,0.0,0.0,0.0,4.363267749186963,1.0,21.0,0.003472222222222321,21.2178150373674,346.94631307311823,202.25424859373695,300.0,3.05333249420491e-14,287.9999999999918,0.0,0.0,0.0,0.0,0.0,0.0
9.011571597479959e-15,55.0,0.0,0.0,0.0,4.3632677491870036,1.0,21.0,0.00347222222222221,21.2212872595896,343.3941090877614,204.78801107224803,300.0,3.05333249420491e-14,287.9999999999918,0.0,0.0,0.0,0.0,0.0,0.0
9.117590086862077e-15,56.0,0.0,0.0,0.0,4.363267749186935,1.0,21.0,0.00347222222222221,21.2247594818119,339.79822586768665,207.25939313876052,300.0,3.05333249420491e-14,287.9999999999918,0.0,0.0,0.0,0.0,0.0,0.0
9.223608576244195e-15,57.0,0.0,0.0,0.0,4.363267749186963,1.0,21.0,0.00347222222222221,21.2282317040341,336.1597587537567,209.66764198635607,300.0,3.05333249420491e-14,287.9999999999918,0.0,0.0,0.0,0.0,0.0,0.0
9.329627065626313e-15,58.0,0.0,0.0,0.0,4.363267749187013,1.0,21.0,0.00347222222222221,21.2317039262563,332.47981605830114,212.0120240391066,300.0,3.05333249420491e-14,287.9999999999918,0.0,0.0,0.0,0.0,0.0,0.0
9.43564555500843e-15,59.0,0.0,0.0,0.0,4.363267749186943,1.0,21.0,0.003472222222222321,21.2351761484785,328.75951872751347,214.29182517552815,300.0,3.05333249420491e-14,287.9999999999918,0.0,0.0,0.0,0.0,0.0,0.0
9.541664044390549e-15,60.0,0.0,0.0,0.0,4.363267749186941,1.0,21.0,0.003472222222222099,21.2386483707008,324.99999999999994,216.50635094610973,300.0,3.05333249420491e-14,287.9999999999918,0.0,0.0,0.0,0.0,0.0,0.0
9.647682533772667e-15,61.0,0.0,0.0,0.0,4.363267749186997,1.0,21.0,0.003472222222222321,21.242120592923,321.20240506158416,218.654926784849,300.0,3.05333249420491e-14,287.9999999999918,0.0,0.0,0.0,0.0,0.0,0.0
9.753701023154785e-15,62.0,0.0,0.0,0.0,4.363267749186957,1.0,21.0,0.003472222222222099,21.2455928151452,317.3678906964726,220.7368982147318,300.0,3.05333249420491e-14,287.9999999999918,0.0,0.0,0.0,0.0,0.0,0.0
9.859719512536903e-15,63.0,0.0,0.0,0.0,4.363267749186997,1.0,21.0,0.003472222222222321,21.2490650373674,313.4976249348866,222.75163104709202,300.0,3.05333249420491e-14,287.9999999999918,0.0,0.0,0.0,0.0,0.0,0.0
9.96573800191902e-15,64.0,0.0,0.0,0.0,4.363267749186943,1.0,21.0,0.00347222222222221,21.2525372595896,309.5927866972693,224.69851157479184,300.0,3.05333249420491e-14,287.9999999999918,0.0,0.0,0.0,0.0,0.0,0.0
1.0071756491301139e-14,65.0,0.0,0.0,0.0,4.363267749186961,1.0,21.0,0.00347222222222221,21.2560094818119,305.6545654351748,226.57694675916258,300.0,3.05333249420491e-14,287.9999999999918,0.0,0.0,0.0,0.0,0.0,0.0
1.0177774980683256e-14,66.0,0.0,0.0,0.0,4.3632677491869964,1.0,21.0,0.00347222222222221,21.2594817040341,301.68416076894994,228.3863644106503,300.0,3.05333249420491e-14,287.9999999999918,0.0,0.0,0.0,0.0,0.0,0.0
1.0283793470065374e-14,67.0,0.0,0.0,0.0,4.363267749186921,1.0,21.0,0.00347222222222221,21.2629539262563,297.6827821223184,230.12621336311014,300.0,3.05333249420491e-14,287.9999999999918,0.0,0.0,0.0,0.0,0.0,0.0
1.0389811959447492e-14,68.0,0.0,0.0,0.0,4.363267749187003,1.0,21.0,0.003472222222222321,21.2664261484785,293.6516483539779,231.79596364169694,300.0,3.05333249420491e-14,287.9999999999918,0.0,0.0,0.0,0.0,0.0,0.0
1.049583044882961e-14,69.0,0.0,0.0,0.0,4.363267749186943,1.0,21.0,0.003472222222222099,21.2698983707008,289.591987386325,233.39510662430052,300.0,3.05333249420491e-14,287.9999999999918,0.0,0.0,0.0,0.0,0.0,0.0
1.0601848938211728e-14,70.0,0.0,0.0,0.0,4.36326774918697,1.0,21.0,0.003472222222222321,21.273370592923,285.5050358314171,234.92315519647715,300.0,3.05333249420491e-14,287.9999999999918,0.0,0.0,0.0,0.0,0.0,0.0
1.0707867427593846e-14,71.0,0.0,0.0,0.0,4.36326774918695,1.0,21.0,0.00347222222222221,21.2768428151452,281.3920386142891,236.37964389982926,300.0,3.05333249420491e-14,287.9999999999918,0.0,0.0,0.0,0.0,0.0,0.0
1.0813885916975964e-14,72.0,0.0,0.0,0.0,4.363267749187018,1.0,21.0,0.00347222222222221,21.2803150373674,277.25424859373675,237.76412907378847,300.0,3.05333249420491e-14,287.9999999999918,0.0,0.0,0.0,0.0,0.0,0.0
1.0919904406358082e-14,73.0,0.0,0.0,0.0,4.363267749186978,1.0,21.0,0.00347222222222221,21.2837872595896,273.09292618068406,239.07618899075894,300.0,3.05333249420491e-14,287.9999999999918,0.0,0.0,0.0,0.0,0.0,0.0
1.10259228957402e-14,74.0,0.0,0.0,0.0,4.363267749186965,1.0,21.0,0.00347222222222221,21.2872594818119,268.9093389542497,240.31542398457978,300.0,3.05333249420491e-14,287.9999999999918,0.0,0.0,0.0,0.0,0.0,0.0
1.1131941385122318e-14,75.0,0.0,0.0,0.0,4.3632677491869245,1.0,21.0,0.00347222222222221,21.2907317040341,264.7047612756301,241.48145657226715,300.0,3.05333249420491e-14,287.9999999999918,0.0,0.0,0.0,0.0,0.0,0.0
1.1237959874504436e-14,76.0,0.0,0.0,0.0,4.363267749186933,1.0,21.0,0.003472506913493323,21.2942042109476,260.4804738999169,242.57393156899917,300.0,3.0530821686824954e-14,287.97638850317895,0.0,0.0,-7.208783989519332e-16,-6.799553579322257,0.0,0.0
1.1343978363886554e-14,77.0,0.0,0.0,0.0,4.3632677491870755,1.0,21.0,0.0035451032155111584,21.2977493141631,256.2377635859661,243.59251619630885,300.0,2.9905614290222624e-14,282.0792341459902,0.0,0.0,-1.763580236159935e-13,-1663.4647847164927,0.0,0.0
1.1449996853268672e-14,78.0,0.0,0.0,0.0,4.363267749186892,1.0,21.0,0.0036842845690708836,21.3014335987322,251.97792270443975,244.53690018345142,300.0,2.8775868800179163e-14,271.42311655152446,0.0,0.0,-3.0663904181762536e-13,-2892.3166478294256,0.0,0.0
1.155601534265079e-14,79.0,0.0,0.0,0.0,4.363267749186951,1.0,21.0,0.003841271789469358,21.3052748705216,247.70224884413614,245.406795861916,300.0,2.7599840675881323e-14,260.33044647905126,0.0,0.0,-3.0615592667037795e-13,-2887.7597526117574,0.0,0.0
1.1662033832032908e-14,80.0,0.0,0.0,0.0,4.363267749186986,1.0,21.0,0.004020219975904293,21.3092950904975,243.4120444167325,246.20193825305202,300.0,2.6371315504510134e-14,248.7426076168763,0.0,0.0,-3.0558655464983934e-13,-2882.3892552215734,0.0,0.0
1.1768052321415026e-14,81.0,0.0,0.0,0.0,4.3632677491869725,1.0,21.0,0.004226783421638292,21.3135218739192,239.10861626005763,246.92208514878448,300.0,2.5082545947205542e-14,236.58652460894422,0.0,0.0,-3.0490551058450107e-13,-2875.9654317044956,0.0,0.0
1.1874070810797144e-14,82.0,0.0,0.0,0.0,4.3632677491869085,1.0,21.0,0.004468892292217697,21.3179907662114,234.79327524001633,247.5670171853926,300.0,2.372366180467916e-14,223.76909860668704,0.0,0.0,-3.0407627968404954e-13,-2868.1438629830013,0.0,0.0
1.1980089300179262e-14,83.0,0.0,0.0,0.0,4.363267749187058,1.0,21.0,0.004758086233203618,21.3227488524446,230.46733585128675,248.13653791033053,300.0,2.228175030588679e-14,210.16853226023264,0.0,0.0,-3.0304442335034434e-13,-2858.4110669422357,0.0,0.0
1.208610778956138e-14,84.0,0.0,0.0,0.0,4.363267749186956,1.0,21.0,0.005111949126305082,21.3278608015709,226.13211581691326,248.63047384206834,300.0,2.0739347509655373e-14,195.62010014032003,0.0,0.0,-3.017249894554996e-13,-2845.965748181952,0.0,0.0
1.2192126278943498e-14,85.0,0.0,0.0,0.0,4.363267749186987,1.0,21.0,0.005558914137538062,21.3334197157084,221.7889356869144,249.0486745229364,300.0,1.9071798333096e-14,179.89124768941312,0.0,0.0,-2.9997750195471924e-13,-2829.4828921163285,0.0,0.0
1.2298144768325616e-14,86.0,0.0,0.0,0.0,4.363267749186899,1.0,21.0,0.006148771264266717,21.3395684869727,217.43911843603126,249.3910125649561,300.0,1.724222366153818e-14,162.6341194071608,0.0,0.0,-2.9755126559845146e-13,-2806.597861680516,0.0,0.0
1.2404163257707734e-14,87.0,0.0,0.0,0.0,4.363267749186977,1.0,21.0,0.006979168933259561,21.346547655906,213.0839890607359,249.6573836886435,300.0,1.5190703992975458e-14,143.28353555599386,0.0,0.0,-2.9394899137432744e-13,-2772.6200692679176,0.0,0.0
1.2510181747089852e-14,88.0,0.0,0.0,0.0,4.363267749186982,1.0,21.0,0.008278583739614875,21.3548262396456,208.72487417562516,249.847706754774,300.0,1.2806355859493046e-14,120.79360811618092,0.0,0.0,-2.880140140484219e-13,-2716.639481726109,0.0,0.0
1.261620023647197e-14,89.0,0.0,0.0,0.0,4.363267749187041,1.0,21.0,0.01078886038065674,21.3656151000262,204.36310160932072,249.96192378909788,300.0,9.82666246865165e-15,92.68819548290134,0.0,0.0,-2.7618240348941644e-13,-2605.039980281023,0.0,0.0
1.2722218725854088e-14,90.0,0.0,0.0,0.0,4.363267749186897,1.0,21.0,0.026046613053531065,21.3916617130798,199.99999999999991,250.00000000000006,300.0,4.070336867378123e-15,38.39270764090573,0.0,0.0,-2.2100092589555539e-13,-2084.5507909380885,0.0,0.0
1.2722218725854088e-14,90.0,0.0,0.0,0.0,4.363267749186897,1.0,21.0,0.01,21.4016617130798,199.99999999999991,250.00000000000006,300.0,0.0,0.0,0.0,0.0,0.0,0.0,0.0,0.0
1.2722218725854088e-14,90.0,0.0,0.0,0.0,4.363267749186897,1.0,21.0,1.03,22.4316617130798,199.99999999999991,250.00000000000006,300.0,0.0,0.0,0.0,0.0,0.0,0.0,0.0,0.0
1.2616200236471949e-14,88.99999999999999,0.0,0.0,0.0,4.363267749186953,0.9999999999999999,23.0,0.0,22.4316617130798,204.36310160932084,249.96192378909788,300.0,0.0,0.0,0.0,0.0,0.0,0.0,0.0,0.0
1.2510181747089831e-14,87.99999999999999,0.0,0.0,0.0,4.363267749186927,0.9999999999999999,23.0,0.03683547343418786,22.468497186514,208.72487417562516,249.847706754774,300.0,-2.8781628006366247e-15,-27.1477439209965,0.0,0.0,-7.813562667462119e-14,-737.0000000000024,0.0,0.0
1.2404163257707713e-14,86.99999999999999,0.0,0.0,0.0,4.363267749186982,0.9999999999999999,23.0,0.008278583739614848,22.4767757702536,213.0839890607359,249.6573836886435,300.0,-1.2806355859493046e-14,-120.79360811618092,0.0,0.0,-1.1992622616532901e-12,-11311.821821294205,0.0,0.0
1.2298144768325595e-14,85.99999999999999,0.0,0.0,0.0,4.363267749187034,0.9999999999999999,23.0,0.006979168933259616,22.4837549391868,217.43911843603132,249.3910125649561,300.0,-1.5190703992975458e-14,-143.28353555599386,0.0,0.0,-3.416378305616948e-13,-3222.4363179741604,0.0,0.0
1.2192126278943477e-14,84.99999999999999,0.0,0.0,0.0,4.363267749186956,0.9999999999999999,23.0,0.006148771264266724,22.4899037104511,221.78893568691453,249.0486745229364,300.0,-1.724222366153569e-14,-162.6341194071373,0.0,0.0,-3.3364709474271547e-13,-3147.0651646446827,0.0,0.0
1.208610778956136e-14,83.99999999999999,0.0,0.0,0.0,4.363267749186931,0.9999999999999999,23.0,0.005558914137537958,22.4954626245886,226.1321158169133,248.63047384206834,300.0,-1.9071798333096e-14,-179.89124768941312,0.0,0.0,-3.291244704079323e-13,-3104.4063382348577,0.0,0.0
1.1980089300179241e-14,82.99999999999999,0.0,0.0,0.0,4.363267749186956,0.9999999999999999,23.0,0.005111949126305151,22.5005745737149,230.4673358512868,248.13653791033053,300.0,-2.0739347509655373e-14,-195.62010014032003,0.0,0.0,-3.2620613690745295e-13,-3076.879691538729,0.0,0.0
1.1874070810797123e-14,81.99999999999999,0.0,0.0,0.0,4.363267749187002,0.9999999999999999,23.0,0.004759183186125393,22.5053337569011,234.79327524001633,247.5670171853926,300.0,-2.2276614544106767e-14,-210.12009012707307,0.0,0.0,-3.230106878283053e-13,-3046.739202858205,0.0,0.0
1.1768052321415005e-14,80.99999999999999,0.0,0.0,0.0,4.363267749186969,0.9999999999999999,23.0,0.0046296296296296224,22.5099633865307,239.1086162600577,246.92208514878445,300.0,-2.289999370653683e-14,-215.99999999999386,0.0,0.0,-1.3464989908488972e-13,-1270.0605325508548,0.0,0.0
1.1662033832032887e-14,79.99999999999999,0.0,0.0,0.0,4.363267749186968,0.9999999999999999,23.0,0.004629629629629636,22.5145930161603,243.41204441673256,246.20193825305202,300.0,-2.289999370653683e-14,-215.99999999999386,0.0,0.0,0.0,0.0,0.0,0.0
1.155601534265077e-14,78.99999999999999,0.0,0.0,0.0,4.363267749186991,0.9999999999999999,23.0,0.004629629629629636,22.51922264579,247.7022488441362,245.40679586191598,300.0,-2.289999370653683e-14,-215.99999999999386,0.0,0.0,0.0,0.0,0.0,0.0
1.1449996853268652e-14,77.99999999999999,0.0,0.0,0.0,4.363267749186946,0.9999999999999999,23.0,0.0046296296296296224,22.5238522754196,251.9779227044398,244.53690018345142,300.0,-2.289999370653683e-14,-215.99999999999386,0.0,0.0,0.0,0.0,0.0,0.0
1.1343978363886534e-14,76.99999999999999,0.0,0.0,0.0,4.363267749186953,0.9999999999999999,23.0,0.0046296296296296224,22.5284819050492,256.2377635859662,243.59251619630882,300.0,-2.289999370653683e-14,-215.99999999999386,0.0,0.0,0.0,0.0,0.0,0.0
1.1237959874504416e-14,75.99999999999999,0.0,0.0,0.0,4.36326774918702,0.9999999999999999,23.0,0.004629629629629636,22.5331115346788,260.48047389991694,242.57393156899914,300.0,-2.289999370653683e-14,-215.99999999999386,0.0,0.0,0.0,0.0,0.0,0.0
1.1131941385122298e-14,74.99999999999999,0.0,0.0,0.0,4.363267749186879,0.9999999999999999,23.0,0.004629629629629636,22.5377411643085,264.7047612756301,241.48145657226712,300.0,-2.289999370653683e-14,-215.99999999999386,0.0,0.0,0.0,0.0,0.0,0.0
1.102592289574018e-14,73.99999999999999,0.0,0.0,0.0,4.363267749186979,0.9999999999999999,23.0,0.0046296296296296224,22.5423707939381,268.90933895424973,240.31542398457975,300.0,-2.289999370653683e-14,-215.99999999999386,0.0,0.0,0.0,0.0,0.0,0.0
1.0919904406358062e-14,72.99999999999999,0.0,0.0,0.0,4.3632677491870115,0.9999999999999999,23.0,0.0046296296296296224,22.5470004235677,273.0929261806842,239.07618899075894,300.0,-2.289999370653683e-14,-215.99999999999386,0.0,0.0,0.0,0.0,0.0,0.0
1.0813885916975944e-14,71.99999999999999,0.0,0.0,0.0,4.363267749186924,0.9999999999999999,23.0,0.004629629629629636,22.5516300531974,277.2542485937368,237.76412907378847,300.0,-2.289999370653683e-14,-215.99999999999386,0.0,0.0,0.0,0.0,0.0,0.0
1.0707867427593826e-14,70.99999999999999,0.0,0.0,0.0,4.363267749186964,0.9999999999999999,23.0,0.004629629629629636,22.556259682827,281.3920386142891,236.37964389982926,300.0,-2.289999370653683e-14,-215.99999999999386,0.0,0.0,0.0,0.0,0.0,0.0
1.0601848938211708e-14,69.99999999999999,0.0,0.0,0.0,4.3632677491870036,0.9999999999999999,23.0,0.0046296296296296224,22.5608893124566,285.50503583141716,234.92315519647715,300.0,-2.2899993706541222e-14,-216.0000000000353,0.0,0.0,-9.487535443786033e-25,-8.950792107499736e-09,0.0,0.0
1.049583044882959e-14,68.99999999999999,0.0,0.0,0.0,4.36326774918698,0.9999999999999999,23.0,0.0046296296296296224,22.5655189420862,289.59198738632506,233.3951066243005,300.0,-2.289999370653683e-14,-215.99999999999386,0.0,0.0,9.487535443784212e-25,8.950792107498018e-09,0.0,0.0
1.0389811959447472e-14,67.99999999999999,0.0,0.0,0.0,4.3632677491869964,0.9999999999999999,23.0,0.00462962962962965,22.5701485717159,293.65164835397803,231.79596364169691,300.0,-2.289999370653683e-14,-215.99999999999386,0.0,0.0,0.0,0.0,0.0,0.0
1.0283793470065354e-14,66.99999999999999,0.0,0.0,0.0,4.363267749186886,0.9999999999999999,23.0,0.0046296296296296224,22.5747782013455,297.6827821223184,230.12621336311014,300.0,-2.289999370653683e-14,-215.99999999999386,0.0,0.0,0.0,0.0,0.0,0.0
1.0177774980683236e-14,65.99999999999999,0.0,0.0,0.0,4.363267749187026,0.9999999999999999,23.0,0.0046296296296296224,22.5794078309751,301.68416076895005,228.3863644106503,300.0,-2.289999370653683e-14,-215.99999999999386,0.0,0.0,0.0,0.0,0.0,0.0
1.0071756491301118e-14,64.99999999999999,0.0,0.0,0.0,4.363267749186905,0.9999999999999999,23.0,0.00462962962962965,22.5840374606048,305.6545654351748,226.57694675916255,300.0,-2.289999370653683e-14,-215.99999999999386,0.0,0.0,0.0,0.0,0.0,0.0
9.965738001919e-15,63.999999999999986,0.0,0.0,0.0,4.363267749187024,0.9999999999999999,23.0,0.004629629629629595,22.5886670902344,309.59278669726933,224.69851157479178,300.0,-2.289999370653683e-14,-215.99999999999386,0.0,0.0,0.0,0.0,0.0,0.0
9.859719512536882e-15,62.999999999999986,0.0,0.0,0.0,4.363267749186968,0.9999999999999999,23.0,0.00462962962962965,22.593296719864,313.4976249348867,222.75163104709202,300.0,-2.289999370653683e-14,-215.99999999999386,0.0,0.0,0.0,0.0,0.0,0.0
9.753701023154764e-15,61.999999999999986,0.0,0.0,0.0,4.36326774918696,0.9999999999999999,23.0,0.0046296296296296224,22.5979263494937,317.36789069647267,220.73689821473178,300.0,-2.289999370653683e-14,-215.99999999999386,0.0,0.0,0.0,0.0,0.0,0.0
9.647682533772646e-15,60.999999999999986,0.0,0.0,0.0,4.363267749186957,0.9999999999999999,23.0,0.0046296296296296224,22.6025559791233,321.2024050615842,218.65492678484898,300.0,-2.289999370653683e-14,-215.99999999999386,0.0,0.0,0.0,0.0,0.0,0.0
9.541664044390528e-15,59.999999999999986,0.0,0.0,0.0,4.363267749186997,0.9999999999999999,23.0,0.00462962962962965,22.6071856087529,325.0,216.5063509461097,300.0,-2.289999370653683e-14,-215.99999999999386,0.0,0.0,0.0,0.0,0.0,0.0
9.43564555500841e-15,58.999999999999986,0.0,0.0,0.0,4.363267749186878,0.9999999999999999,23.0,0.0046296296296296224,22.6118152383825,328.75951872751347,214.29182517552815,300.0,-2.289999370653683e-14,-215.99999999999386,0.0,0.0,0.0,0.0,0.0,0.0
9.329627065626292e-15,57.999999999999986,0.0,0.0,0.0,4.363267749187036,0.9999999999999999,23.0,0.0046296296296296224,22.6164448680122,332.4798160583012,212.0120240391065,300.0,-2.289999370653683e-14,-215.99999999999386,0.0,0.0,0.0,0.0,0.0,0.0
9.223608576244174e-15,56.999999999999986,0.0,0.0,0.0,4.363267749186983,0.9999999999999999,23.0,0.00462962962962965,22.6210744976418,336.15975875375676,209.66764198635605,300.0,-2.289999370653683e-14,-215.99999999999386,0.0,0.0,0.0,0.0,0.0,0.0
9.117590086862056e-15,55.999999999999986,0.0,0.0,0.0,4.363267749186979,0.9999999999999999,23.0,0.004629629629629595,22.6257041272714,339.7982258676867,207.25939313876046,300.0,-2.289999370653683e-14,-215.99999999999386,0.0,0.0,0.0,0.0,0.0,0.0
9.011571597479938e-15,54.999999999999986,0.0,0.0,0.0,4.363267749186935,0.9999999999999999,23.0,0.00462962962962965,22.6303337569011,343.3941090877615,204.78801107224797,300.0,-2.289999370653683e-14,-215.99999999999386,0.0,0.0,0.0,0.0,0.0,0.0
8.90555310809782e-15,53.999999999999986,0.0,0.0,0.0,4.363267749186957,0.9999999999999999,23.0,0.0046296296296296224,22.6349633865307,346.94631307311823,202.2542485937369,300.0,-2.289999370653683e-14,-215.99999999999386,0.0,0.0,0.0,0.0,0.0,0.0
8.799534618715702e-15,52.999999999999986,0.0,0.0,0.0,4.363267749186991,0.9999999999999999,23.0,0.00462962962962965,22.6395930161603,350.4537557880121,199.65887751182328,300.0,-2.289999370653683e-14,-215.99999999999386,0.0,0.0,0.0,0.0,0.0,0.0
8.693516129333585e-15,51.999999999999986,0.0,0.0,0.0,4.363267749186989,0.9999999999999999,23.0,0.0046296296296296224,22.64422264579,353.9153688314146,197.00268840168053,300.0,-2.289999370653683e-14,-215.99999999999386,0.0,0.0,0.0,0.0,0.0,0.0
8.587497639951467e-15,50.999999999999986,0.0,0.0,0.0,4.36326774918692,0.9999999999999999,23.0,0.0046296296296296224,22.6488522754196,357.33009776245933,194.28649036424278,300.0,-2.289999370653683e-14,-215.99999999999386,0.0,0.0,0.0,0.0,0.0,0.0
8.481479150569349e-15,49.999999999999986,0.0,0.0,0.0,4.363267749186966,0.9999999999999999,23.0,0.0046296296296296224,22.6534819050492,360.6969024216348,191.51111077974454,300.0,-2.289999370653683e-14,-215.99999999999386,0.0,0.0,0.0,0.0,0.0,0.0
8.37546066118723e-15,48.999999999999986,0.0,0.0,0.0,4.363267749186981,0.9999999999999999,23.0,0.00462962962962965,22.6581115346788,364.0147572476268,188.67739505569304,300.0,-2.289999370653683e-14,-215.99999999999386,0.0,0.0,0.0,0.0,0.0,0.0
8.269442171805113e-15,47.999999999999986,0.0,0.0,0.0,4.363267749186991,0.9999999999999999,23.0,0.0046296296296296224,22.6627411643085,367.28265158971453,185.78620636934858,300.0,-2.289999370653683e-14,-215.99999999999386,0.0,0.0,0.0,0.0,0.0,0.0
8.163423682422995e-15,46.999999999999986,0.0,0.0,0.0,4.363267749186974,0.9999999999999999,23.0,0.0046296296296296224,22.6673707939381,370.4995900156246,182.83842540479264,300.0,-2.289999370653683e-14,-215.99999999999386,0.0,0.0,0.0,0.0,0.0,0.0
8.057405193040877e-15,45.999999999999986,0.0,0.0,0.0,4.363267749186955,0.9999999999999999,23.0,0.0046296296296296224,22.6720004235677,373.6645926147493,179.83495008466284,300.0,-2.289999370653683e-14,-215.99999999999386,0.0,0.0,0.0,0.0,0.0,0.0
7.951386703658759e-15,44.999999999999986,0.0,0.0,0.0,4.363267749187002,0.9999999999999999,23.0,0.00462962962962965,22.6766300531974,376.7766952966369,176.7766952966369,300.0,-2.289999370653683e-14,-215.99999999999386,0.0,0.0,0.0,0.0,0.0,0.0
7.845368214276641e-15,43.999999999999986,0.0,0.0,0.0,4.363267749186922,0.9999999999999999,23.0,0.0046296296296296224,22.681259682827,379.83495008466275,173.66459261474935,300.0,-2.289999370653683e-14,-215.99999999999386,0.0,0.0,0.0,0.0,0.0,0.0
7.739349724894523e-15,42.999999999999986,0.0,0.0,0.0,4.363267749186894,0.9999999999999999,23.0,0.00462962962962965,22.6858893124566,382.83842540479253,170.4995900156247,300.0,-2.289999370653683e-14,-215.99999999999386,0.0,0.0,0.0,0.0,0.0,0.0
7.633331235512405e-15,41.999999999999986,0.0,0.0,0.0,4.363267749187013,0.9999999999999999,23.0,0.004629629629629595,22.6905189420862,385.7862063693485,167.28265158971462,300.0,-2.289999370653683e-14,-215.99999999999386,0.0,0.0,0.0,0.0,0.0,0.0
7.527312746130287e-15,40.999999999999986,0.0,0.0,0.0,4.363267749186972,0.9999999999999999,23.0,0.00462962962962965,22.6951485717159,388.67739505569295,164.01475724762687,300.0,-2.289999370653683e-14,-215.99999999999386,0.0,0.0,0.0,0.0,0.0,0.0
7.421294256748169e-15,39.999999999999986,0.0,0.0,0.0,4.36326774918696,0.9999999999999999,23.0,0.004629629629629595,22.6997782013455,391.51111077974446,160.6969024216349,300.0,-2.289999370653683e-14,-215.99999999999386,0.0,0.0,0.0,0.0,0.0,0.0
7.315275767366051e-15,38.999999999999986,0.0,0.0,0.0,4.363267749186966,0.9999999999999999,23.0,0.00462962962962965,22.7044078309751,394.2864903642427,157.33009776245945,300.0,-2.289999370653683e-14,-215.99999999999386,0.0,0.0,0.0,0.0,0.0,0.0
7.209257277983933e-15,37.999999999999986,0.0,0.0,0.0,4.363267749186982,0.9999999999999999,23.0,0.00462962962962965,22.7090374606048,397.0026884016805,153.91536883141464,300.0,-2.289999370653683e-14,-215.99999999999386,0.0,0.0,0.0,0.0,0.0,0.0
7.103238788601816e-15,36.999999999999986,0.0,0.0,0.0,4.363267749186955,0.9999999999999999,23.0,0.00462962962962965,22.7136670902344,399.65887751182316,150.45375578801213,300.0,-2.289999370653666e-14,-215.99999999999386,0.0,0.0,3.680509439399048e-26,0.0,0.0,0.0
6.997220299219699e-15,35.999999999999986,0.0,0.0,0.0,4.363267749186963,0.9999999999999999,23.0,0.004629629629629595,22.718296719864,402.2542485937368,146.94631307311835,300.0,-2.289999370653666e-14,-215.99999999999386,0.0,0.0,0.0,0.0,0.0,0.0
6.8912018098375815e-15,34.999999999999986,0.0,0.0,0.0,4.363267749186997,0.9999999999999999,23.0,0.004629629629629595,22.7229263494937,404.7880110722479,143.39410908776156,300.0,-2.289999370653666e-14,-215.99999999999386,0.0,0.0,0.0,0.0,0.0,0.0
6.785183320455464e-15,33.999999999999986,0.0,0.0,0.0,4.363267749186927,0.9999999999999999,23.0,0.00462962962962965,22.7275559791233,407.25939313876034,139.79822586768677,300.0,-2.289999370653666e-14,-215.99999999999386,0.0,0.0,0.0,0.0,0.0,0.0
6.679164831073347e-15,32.999999999999986,0.0,0.0,0.0,4.363267749186979,0.9999999999999999,23.0,0.00462962962962965,22.7321856087529,409.66764198635593,136.15975875375682,300.0,-2.289999370653666e-14,-215.99999999999386,0.0,0.0,0.0,0.0,0.0,0.0
6.57314634169123e-15,31.999999999999986,0.0,0.0,0.0,4.363267749186935,0.9999999999999999,23.0,0.00462962962962965,22.7368152383825,412.0120240391064,132.4798160583013,300.0,-2.289999370653666e-14,-215.99999999999386,0.0,0.0,0.0,0.0,0.0,0.0
6.467127852309113e-15,30.999999999999986,0.0,0.0,0.0,4.363267749186973,0.9999999999999999,23.0,0.004629629629629595,22.7414448680122,414.291825175528,128.75951872751364,300.0,-2.289999370653666e-14,-215.99999999999386,0.0,0.0,0.0,0.0,0.0,0.0
6.361109362926996e-15,29.999999999999986,0.0,0.0,0.0,4.363267749187019,0.9999999999999999,23.0,0.004629629629629595,22.7460744976418,416.50635094610965,125.00000000000006,300.0,-2.289999370653666e-14,-215.99999999999386,0.0,0.0,0.0,0.0,0.0,0.0
6.2550908735448785e-15,28.999999999999986,0.0,0.0,0.0,4.363267749186947,0.9999999999999999,23.0,0.00462962962962965,22.7507041272714,418.6549267848489,121.20240506158432,300.0,-2.289999370653666e-14,-215.99999999999386,0.0,0.0,0.0,0.0,0.0,0.0
6.149072384162761e-15,27.999999999999986,0.0,0.0,0.0,4.363267749187036,0.9999999999999999,23.0,0.00462962962962965,22.7553337569011,420.7368982147318,117.36789069647274,300.0,-2.289999370653666e-14,-215.99999999999386,0.0,0.0,0.0,0.0,0.0,0.0
6.043053894780644e-15,26.999999999999986,0.0,0.0,0.0,4.3632677491869725,0.9999999999999999,23.0,0.00462962962962965,22.7599633865307,422.751631047092,113.49762493488673,300.0,-2.289999370653666e-14,-215.99999999999386,0.0,0.0,0.0,0.0,0.0,0.0
5.937035405398527e-15,25.999999999999986,0.0,0.0,0.0,4.363267749186968,0.9999999999999999,23.0,0.004629629629629595,22.7645930161603,424.6985115747918,109.59278669726937,300.0,-2.289999370653666e-14,-215.99999999999386,0.0,0.0,0.0,0.0,0.0,0.0
5.83101691601641e-15,24.999999999999986,0.0,0.0,0.0,4.363267749186948,0.9999999999999999,23.0,0.00462962962962965,22.76922264579,426.5769467591625,105.6545654351749,300.0,-2.289999370653666e-14,-215.99999999999386,0.0,0.0,0.0,0.0,0.0,0.0
5.724998426634293e-15,23.999999999999986,0.0,0.0,0.0,4.363267749186958,0.9999999999999999,23.0,0.00462962962962965,22.7738522754196,428.38636441065023,101.6841607689501,300.0,-2.289999370653666e-14,-215.99999999999386,0.0,0.0,0.0,0.0,0.0,0.0
5.6189799372521755e-15,22.999999999999986,0.0,0.0,0.0,4.363267749186973,0.9999999999999999,23.0,0.004629629629629595,22.7784819050492,430.1262133631101,97.68278212231847,300.0,-2.289999370653666e-14,-215.99999999999386,0.0,0.0,0.0,0.0,0.0,0.0
5.512961447870058e-15,21.999999999999986,0.0,0.0,0.0,4.363267749186979,0.9999999999999999,23.0,0.00462962962962965,22.7831115346788,431.79596364169686,93.65164835397803,300.0,-2.289999370653666e-14,-215.99999999999386,0.0,0.0,0.0,0.0,0.0,0.0
5.406942958487941e-15,20.999999999999986,0.0,0.0,0.0,4.363267749186954,0.9999999999999999,23.0,0.004629629629629595,22.7877411643085,433.39510662430047,89.59198738632512,300.0,-2.289999370653666e-14,-215.99999999999386,0.0,0.0,0.0,0.0,0.0,0.0
5.300924469105824e-15,19.999999999999986,0.0,0.0,0.0,4.363267749186959,0.9999999999999999,23.0,0.00462962962962965,22.7923707939381,434.92315519647707,85.50503583141722,300.0,-2.289999370653666e-14,-215.99999999999386,0.0,0.0,0.0,0.0,0.0,0.0
5.194905979723707e-15,18.999999999999986,0.0,0.0,0.0,4.3632677491869725,0.9999999999999999,23.0,0.00462962962962965,22.7970004235677,436.3796438998292,81.3920386142892,300.0,-2.289999370653666e-14,-215.99999999999386,0.0,0.0,0.0,0.0,0.0,0.0
5.0888874903415896e-15,17.999999999999986,0.0,0.0,0.0,4.363267749186964,0.9999999999999999,23.0,0.00462962962962965,22.8016300531974,437.7641290737884,77.2542485937369,300.0,-2.289999370653666e-14,-215.99999999999386,0.0,0.0,0.0,0.0,0.0,0.0
4.9828690009594724e-15,16.999999999999986,0.0,0.0,0.0,4.363267749186983,0.9999999999999999,23.0,0.00462962962962965,22.806259682827,439.07618899075885,73.0929261806842,300.0,-2.289999370653666e-14,-215.99999999999386,0.0,0.0,0.0,0.0,0.0,0.0
4.876850511577355e-15,15.999999999999986,0.0,0.0,0.0,4.363267749186981,0.9999999999999999,23.0,0.004629629629629595,22.8108893124566,440.31542398457975,68.90933895424982,300.0,-2.289999370653666e-14,-215.99999999999386,0.0,0.0,0.0,0.0,0.0,0.0
4.770832022195238e-15,14.999999999999986,0.0,0.0,0.0,4.363267749186965,0.9999999999999999,23.0,0.00462962962962965,22.8155189420863,441.4814565722671,64.70476127563022,300.0,-2.289999370653666e-14,-215.99999999999386,0.0,0.0,0.0,0.0,0.0,0.0
4.664813532813121e-15,13.999999999999986,0.0,0.0,0.0,4.363267749186955,0.9999999999999999,23.0,0.004629629629629595,22.8201485717159,442.5739315689991,60.48047389991696,300.0,-2.289999370653666e-14,-215.99999999999386,0.0,0.0,0.0,0.0,0.0,0.0
4.558795043431004e-15,12.999999999999986,0.0,0.0,0.0,4.3632677491869725,0.9999999999999999,23.0,0.00462962962962965,22.8247782013455,443.5925161963088,56.23776358596627,300.0,-2.289999370653666e-14,-215.99999999999386,0.0,0.0,0.0,0.0,0.0,0.0
4.4527765540488866e-15,11.999999999999986,0.0,0.0,0.0,4.36326774918696,0.9999999999999999,23.0,0.00462962962962965,22.8294078309751,444.5369001834514,51.97792270443986,300.0,-2.289999370653666e-14,-215.99999999999386,0.0,0.0,0.0,0.0,0.0,0.0
4.346758064666769e-15,10.999999999999986,0.0,0.0,0.0,4.363267749186966,0.9999999999999999,23.0,0.004629629629629595,22.8340374606048,445.40679586191595,47.70224884413623,300.0,-2.289999370653666e-14,-215.99999999999386,0.0,0.0,0.0,0.0,0.0,0.0
4.240739575284652e-15,9.999999999999986,0.0,0.0,0.0,4.3632677491869805,0.9999999999999999,23.0,0.00462962962962965,22.8386670902344,446.20193825305205,43.41204441673261,300.0,-2.289999370653666e-14,-215.99999999999386,0.0,0.0,0.0,0.0,0.0,0.0
4.134721085902535e-15,8.999999999999986,0.0,0.0,0.0,4.363267749186964,0.9999999999999999,23.0,0.00462962962962965,22.843296719864,446.92208514878445,39.108616260057744,300.0,-2.289999370653666e-14,-215.99999999999386,0.0,0.0,0.0,0.0,0.0,0.0
4.028702596520418e-15,7.999999999999986,0.0,0.0,0.0,4.363267749186966,0.9999999999999999,23.0,0.004629629629629595,22.8479263494937,447.5670171853926,34.79327524001639,300.0,-2.289999370653666e-14,-215.99999999999386,0.0,0.0,0.0,0.0,0.0,0.0
3.922684107138301e-15,6.999999999999986,0.0,0.0,0.0,4.36326774918697,0.9999999999999999,23.0,0.00462962962962965,22.8525559791233,448.1365379103305,30.467335851286894,300.0,-2.289999370653666e-14,-215.99999999999386,0.0,0.0,0.0,0.0,0.0,0.0
3.8166656177561835e-15,5.999999999999986,0.0,0.0,0.0,4.363267749186965,0.9999999999999999,23.0,0.004629629629629595,22.8571856087529,448.63047384206834,26.132115816913394,300.0,-2.289999370653666e-14,-215.99999999999386,0.0,0.0,0.0,0.0,0.0,0.0
3.710647128374066e-15,4.999999999999986,0.0,0.0,0.0,4.36326774918697,0.9999999999999999,23.0,0.00462962962962965,22.8618152383826,449.0486745229364,21.788935686914567,300.0,-2.289999370653666e-14,-215.99999999999386,0.0,0.0,0.0,0.0,0.0,0.0
3.604628638991949e-15,3.999999999999986,0.0,0.0,0.0,4.363267749186965,0.9999999999999999,23.0,0.00462962962962965,22.8664448680122,449.3910125649561,17.439118436031354,300.0,-2.289999370653666e-14,-215.99999999999386,0.0,0.0,0.0,0.0,0.0,0.0
3.498610149609832e-15,2.999999999999986,0.0,0.0,0.0,4.363267749186968,0.9999999999999999,23.0,0.004629629629629595,22.8710744976418,449.65738368864345,13.083989060735982,300.0,-2.289999370653666e-14,-215.99999999999386,0.0,0.0,0.0,0.0,0.0,0.0
3.392591660227715e-15,1.9999999999999858,0.0,0.0,0.0,4.363267749186971,0.9999999999999999,23.0,0.00462962962962965,22.8757041272714,449.847706754774,8.724874175625267,300.0,-2.289999370653666e-14,-215.99999999999386,0.0,0.0,0.0,0.0,0.0,0.0
3.2865731708455977e-15,0.9999999999999859,0.0,0.0,0.0,4.363267749186966,0.9999999999999999,23.0,0.00462962962962965,22.8803337569011,449.9619237890978,4.363101609320902,300.0,-2.289999370653666e-14,-215.99999999999383,0.0,0.0,0.0,6.139089236967091e-12,0.0,0.0
3.1805546814634805e-15,-1.3988810110276972e-14,0.0,0.0,0.0,4.363267749186968,0.9999999999999999,23.0,0.004629629629629595,22.8849633865307,450.0,2.272536569798764e-14,300.0,-2.289999370653666e-14,-215.99999999999383,0.0,0.0,0.0,0.0,0.0,0.0
3.0745361920813633e-15,-1.0000000000000138,0.0,0.0,0.0,4.363267749186968,0.9999999999999999,23.0,0.00462962962962965,22.8895930161603,449.9619237890978,-4.3631016093208554,300.0,-2.289999370653666e-14,-215.9999999999938,0.0,0.0,0.0,6.139089236967091e-12,0.0,0.0
2.968517702699246e-15,-2.0000000000000138,0.0,0.0,0.0,4.363267749186966,0.9999999999999999,23.0,0.004629629629629595,22.89422264579,449.847706754774,-8.72487417562522,300.0,-2.289999370653666e-14,-215.99999999999386,0.0,0.0,0.0,-1.2278178473934182e-11,0.0,0.0
2.862499213317129e-15,-3.0000000000000138,0.0,0.0,0.0,4.363267749186969,0.9999999999999999,23.0,0.00462962962962965,22.8988522754196,449.65738368864345,-13.083989060735934,300.0,-2.289999370653666e-14,-215.99999999999386,0.0,0.0,0.0,0.0,0.0,0.0
2.7564807239350118e-15,-4.000000000000013,0.0,0.0,0.0,4.363267749186971,0.9999999999999999,23.0,0.00462962962962965,22.9034819050492,449.39101256495604,-17.439118436031304,300.0,-2.289999370653666e-14,-215.99999999999378,0.0,0.0,0.0,1.8417267710901273e-11,0.0,0.0
2.6504622345528946e-15,-5.000000000000013,0.0,0.0,0.0,4.363267749186968,0.9999999999999999,23.0,0.004629629629629595,22.9081115346789,449.0486745229364,-21.788935686914524,300.0,-2.289999370653666e-14,-215.99999999999386,0.0,0.0,0.0,-1.8417267710901273e-11,0.0,0.0
2.5444437451707774e-15,-6.000000000000013,0.0,0.0,0.0,4.363267749186967,0.9999999999999999,23.0,0.00462962962962965,22.9127411643085,448.63047384206834,-26.13211581691335,300.0,-2.289999370653666e-14,-215.99999999999386,0.0,0.0,0.0,0.0,0.0,0.0
2.4384252557886603e-15,-7.000000000000013,0.0,0.0,0.0,4.3632677491869725,0.9999999999999999,23.0,0.00462962962962965,22.9173707939381,448.1365379103305,-30.467335851286855,300.0,-2.289999370653666e-14,-215.99999999999386,0.0,0.0,0.0,0.0,0.0,0.0
2.332406766406543e-15,-8.000000000000012,0.0,0.0,0.0,4.363267749186966,0.9999999999999999,23.0,0.004629629629629595,22.9220004235677,447.56701718539256,-34.79327524001634,300.0,-2.289999370653666e-14,-215.99999999999366,0.0,0.0,0.0,4.297362465876964e-11,0.0,0.0
2.226388277024426e-15,-9.000000000000012,0.0,0.0,0.0,4.363267749186973,0.9999999999999999,23.0,0.00462962962962965,22.9266300531974,446.9220851487844,-39.1086162600577,300.0,-2.289999370653666e-14,-215.99999999999386,0.0,0.0,0.0,-4.297362465876964e-11,0.0,0.0
2.1203697876423088e-15,-10.000000000000012,0.0,0.0,0.0,4.363267749186964,0.9999999999999999,23.0,0.00462962962962965,22.931259682827,446.201938253052,-43.41204441673257,300.0,-2.289999370653666e-14,-215.99999999999386,0.0,0.0,0.0,0.0,0.0,0.0
2.0143512982601916e-15,-11.000000000000012,0.0,0.0,0.0,4.36326774918697,0.9999999999999999,23.0,0.004629629629629595,22.9358893124566,445.40679586191595,-47.702248844136186,300.0,-2.289999370653666e-14,-215.99999999999386,0.0,0.0,0.0,0.0,0.0,0.0
1.9083328088780744e-15,-12.000000000000012,0.0,0.0,0.0,4.363267749186953,0.9999999999999999,23.0,0.00462962962962965,22.9405189420863,444.5369001834514,-51.977922704439806,300.0,-2.289999370653666e-14,-215.99999999999386,0.0,0.0,0.0,0.0,0.0,0.0
1.8023143194959572e-15,-13.000000000000012,0.0,0.0,0.0,4.363267749186973,0.9999999999999999,23.0,0.004629629629629539,22.9451485717159,443.5925161963088,-56.23776358596623,300.0,-2.289999370653666e-14,-215.99999999999386,0.0,0.0,0.0,0.0,0.0,0.0
1.69629583011384e-15,-14.000000000000012,0.0,0.0,0.0,4.363267749186965,0.9999999999999999,23.0,0.004629629629629761,22.9497782013455,442.5739315689991,-60.48047389991691,300.0,-2.289999370653666e-14,-215.99999999999386,0.0,0.0,0.0,0.0,0.0,0.0
1.5902773407317229e-15,-15.000000000000012,0.0,0.0,0.0,4.363267749186989,0.9999999999999999,23.0,0.004629629629629539,22.9544078309751,441.48145657226706,-64.70476127563019,300.0,-2.289999370653666e-14,-215.99999999999386,0.0,0.0,0.0,0.0,0.0,0.0
1.4842588513496057e-15,-16.00000000000001,0.0,0.0,0.0,4.363267749186952,0.9999999999999999,23.0,0.00462962962962965,22.9590374606048,440.3154239845797,-68.90933895424978,300.0,-2.289999370653666e-14,-215.9999999999935,0.0,0.0,0.0,7.980816008057219e-11,0.0,0.0
1.3782403619674885e-15,-17.00000000000001,0.0,0.0,0.0,4.363267749186965,0.9999999999999999,23.0,0.00462962962962965,22.9636670902344,439.07618899075885,-73.09292618068416,300.0,-2.289999370653666e-14,-215.99999999999386,0.0,0.0,0.0,-7.980816008057219e-11,0.0,0.0
1.2722218725853714e-15,-18.00000000000001,0.0,0.0,0.0,4.363267749186987,0.9999999999999999,23.0,0.00462962962962965,22.968296719864,437.76412907378835,-77.25424859373685,300.0,-2.289999370653666e-14,-215.99999999999386,0.0,0.0,0.0,0.0,0.0,0.0
1.1662033832032542e-15,-19.00000000000001,0.0,0.0,0.0,4.363267749186964,0.9999999999999999,23.0,0.00462962962962965,22.9729263494937,436.37964389982915,-81.39203861428915,300.0,-2.289999370653666e-14,-215.99999999999386,0.0,0.0,0.0,0.0,0.0,0.0
1.060184893821137e-15,-20.00000000000001,0.0,0.0,0.0,4.363267749186967,0.9999999999999999,23.0,0.004629629629629539,22.9775559791233,434.92315519647707,-85.50503583141717,300.0,-2.289999370653666e-14,-215.99999999999386,0.0,0.0,0.0,0.0,0.0,0.0
9.541664044390198e-16,-21.00000000000001,0.0,0.0,0.0,4.363267749186966,0.9999999999999999,23.0,0.00462962962962965,22.9821856087529,433.3951066243004,-89.59198738632506,300.0,-2.289999370653666e-14,-215.99999999999386,0.0,0.0,0.0,0.0,0.0,0.0
8.481479150569027e-16,-22.00000000000001,0.0,0.0,0.0,4.36326774918696,0.9999999999999999,23.0,0.00462962962962965,22.9868152383826,431.79596364169686,-93.651648353978,300.0,-2.289999370653666e-14,-215.99999999999386,0.0,0.0,0.0,0.0,0.0,0.0
7.421294256747855e-16,-23.00000000000001,0.0,0.0,0.0,4.363267749186965,0.9999999999999999,23.0,0.00462962962962965,22.9914448680122,430.1262133631101,-97.68278212231843,300.0,-2.289999370653666e-14,-215.99999999999386,0.0,0.0,0.0,0.0,0.0,0.0
6.361109362926683e-16,-24.00000000000001,0.0,0.0,0.0,4.363267749186948,0.9999999999999999,23.0,0.00462962962962965,22.9960744976418,428.38636441065023,-101.68416076895002,300.0,-2.289999370653666e-14,-215.99999999999386,0.0,0.0,0.0,0.0,0.0,0.0
5.300924469105512e-16,-25.00000000000001,0.0,0.0,0.0,4.363267749186958,0.9999999999999999,23.0,0.004629629629629539,23.0007041272714,426.5769467591625,-105.65456543517483,300.0,-2.289999370653666e-14,-215.99999999999386,0.0,0.0,0.0,0.0,0.0,0.0
4.2407395752843393e-16,-26.00000000000001,0.0,0.0,0.0,4.363267749186998,0.9999999999999999,23.0,0.00462962962962965,23.0053337569011,424.6985115747917,-109.59278669726933,300.0,-2.289999370653667e-14,-215.99999999999386,0.0,0.0,-2.0447274663328045e-27,0.0,0.0,0.0
3.180554681463167e-16,-27.00000000000001,0.0,0.0,0.0,4.363267749186994,0.9999999999999999,23.0,0.00462962962962965,23.0099633865307,422.7516310470919,-113.49762493488669,300.0,-2.289999370653667e-14,-215.99999999999386,0.0,0.0,0.0,0.0,0.0,0.0
2.120369787641995e-16,-28.00000000000001,0.0,0.0,0.0,4.363267749186934,0.9999999999999999,23.0,0.00462962962962965,23.0145930161603,420.7368982147317,-117.36789069647266,300.0,-2.289999370653667e-14,-215.99999999999386,0.0,0.0,0.0,0.0,0.0,0.0
1.0601848938208227e-16,-29.00000000000001,0.0,0.0,0.0,4.363267749186928,0.9999999999999999,23.0,0.00462962962962965,23.01922264579,418.654926784849,-121.20240506158423,300.0,-2.289999370653667e-14,-215.99999999999386,0.0,0.0,0.0,0.0,0.0,0.0
-3.4956398862606086e-29,-30.00000000000001,0.0,0.0,0.0,4.363267749186975,0.9999999999999999,23.0,0.00462962962962965,23.0238522754196,416.5063509461097,-124.99999999999997,300.0,-2.289999370653667e-14,-215.99999999999386,0.0,0.0,0.0,0.0,0.0,0.0
-1.0601848938215218e-16,-31.00000000000001,0.0,0.0,0.0,4.36326774918699,0.9999999999999999,23.0,0.004629629629629539,23.0284819050492,414.2918251755281,-128.75951872751355,300.0,-2.289999370653667e-14,-215.99999999999386,0.0,0.0,0.0,0.0,0.0,0.0
-2.120369787642694e-16,-32.00000000000001,0.0,0.0,0.0,4.3632677491869485,0.9999999999999999,23.0,0.00462962962962965,23.0331115346789,412.0120240391065,-132.4798160583012,300.0,-2.289999370653667e-14,-215.9999999999931,0.0,0.0,0.0,1.6575540939811147e-10,0.0,0.0
-3.180554681463866e-16,-33.00000000000001,0.0,0.0,0.0,4.363267749186959,0.9999999999999999,23.0,0.00462962962962965,23.0377411643085,409.66764198635605,-136.15975875375673,300.0,-2.289999370653667e-14,-215.99999999999386,0.0,0.0,0.0,-1.6575540939811147e-10,0.0,0.0
-4.2407395752850385e-16,-34.00000000000001,0.0,0.0,0.0,4.363267749186979,0.9999999999999999,23.0,0.00462962962962965,23.0423707939381,407.25939313876046,-139.79822586768668,300.0,-2.289999370653667e-14,-215.99999999999386,0.0,0.0,0.0,0.0,0.0,0.0
-5.300924469106211e-16,-35.00000000000001,0.0,0.0,0.0,4.363267749186927,0.9999999999999999,23.0,0.00462962962962965,23.0470004235677,404.788011072248,-143.39410908776148,300.0,-2.289999370653667e-14,-215.99999999999386,0.0,0.0,0.0,0.0,0.0,0.0
-6.361109362927383e-16,-36.00000000000001,0.0,0.0,0.0,4.363267749186997,0.9999999999999999,23.0,0.004629629629629539,23.0516300531974,402.2542485937369,-146.94631307311826,300.0,-2.2899993706536678e-14,-215.99999999999386,0.0,0.0,-2.0447274663328045e-27,0.0,0.0,0.0
-7.421294256748555e-16,-37.00000000000001,0.0,0.0,0.0,4.363267749186963,0.9999999999999999,23.0,0.00462962962962965,23.056259682827,399.6588775118233,-150.45375578801205,300.0,-2.289999370653666e-14,-215.99999999999386,0.0,0.0,4.089454932665609e-27,0.0,0.0,0.0
-8.481479150569727e-16,-38.00000000000001,0.0,0.0,0.0,4.363267749186989,0.9999999999999999,23.0,0.00462962962962965,23.0608893124566,397.00268840168053,-153.91536883141455,300.0,-2.289999370653666e-14,-215.99999999999386,0.0,0.0,0.0,0.0,0.0,0.0
-9.541664044390899e-16,-39.00000000000001,0.0,0.0,0.0,4.363267749186982,0.9999999999999999,23.0,0.00462962962962965,23.0655189420863,394.28649036424275,-157.33009776245936,300.0,-2.289999370653666e-14,-215.99999999999386,0.0,0.0,0.0,0.0,0.0,0.0
-1.060184893821207e-15,-40.00000000000001,0.0,0.0,0.0,4.36326774918693,0.9999999999999999,23.0,0.00462962962962965,23.0701485717159,391.51111077974457,-160.6969024216348,300.0,-2.289999370653666e-14,-215.99999999999386,0.0,0.0,0.0,0.0,0.0,0.0
-1.1662033832033242e-15,-41.00000000000001,0.0,0.0,0.0,4.36326774918696,0.9999999999999999,23.0,0.00462962962962965,23.0747782013455,388.67739505569307,-164.0147572476268,300.0,-2.289999370653666e-14,-215.99999999999386,0.0,0.0,0.0,0.0,0.0,0.0
-1.2722218725854414e-15,-42.00000000000001,0.0,0.0,0.0,4.36326774918701,0.9999999999999999,23.0,0.004629629629629539,23.0794078309751,385.7862063693486,-167.28265158971453,300.0,-2.289999370653666e-14,-215.99999999999386,0.0,0.0,0.0,0.0,0.0,0.0
-1.3782403619675586e-15,-43.00000000000001,0.0,0.0,0.0,4.363267749186954,0.9999999999999999,23.0,0.00462962962962965,23.0840374606048,382.83842540479264,-170.4995900156246,300.0,-2.289999370653666e-14,-215.99999999999386,0.0,0.0,0.0,0.0,0.0,0.0
-1.4842588513496757e-15,-44.00000000000001,0.0,0.0,0.0,4.363267749186996,0.9999999999999999,23.0,0.00462962962962965,23.0886670902344,379.8349500846628,-173.66459261474932,300.0,-2.289999370653666e-14,-215.99999999999386,0.0,0.0,0.0,0.0,0.0,0.0
-1.5902773407317929e-15,-45.00000000000001,0.0,0.0,0.0,4.363267749186981,0.9999999999999999,23.0,0.00462962962962965,23.093296719864,376.7766952966369,-176.7766952966369,300.0,-2.289999370653666e-14,-215.99999999999386,0.0,0.0,0.0,0.0,0.0,0.0
-1.69629583011391e-15,-46.00000000000001,0.0,0.0,0.0,4.363267749186962,0.9999999999999999,23.0,0.00462962962962965,23.0979263494937,373.6645926147493,-179.83495008466278,300.0,-2.289999370653666e-14,-215.99999999999386,0.0,0.0,0.0,0.0,0.0,0.0
-1.8023143194960274e-15,-47.00000000000001,0.0,0.0,0.0,4.363267749186914,0.9999999999999999,23.0,0.004629629629629539,23.1025559791233,370.4995900156247,-182.8384254047926,300.0,-2.28999937065367e-14,-215.99999999999386,0.0,0.0,-8.860485687442153e-27,0.0,0.0,0.0
-1.9083328088781446e-15,-48.00000000000001,0.0,0.0,0.0,4.363267749186994,0.9999999999999999,23.0,0.00462962962962965,23.1071856087529,367.2826515897146,-185.78620636934855,300.0,-2.289999370653666e-14,-215.99999999999386,0.0,0.0,8.860485687442153e-27,0.0,0.0,0.0
-2.0143512982602618e-15,-49.00000000000001,0.0,0.0,0.0,4.363267749186972,0.9999999999999999,23.0,0.00462962962962965,23.1118152383826,364.01475724762685,-188.67739505569298,300.0,-2.289999370653666e-14,-215.99999999999386,0.0,0.0,0.0,0.0,0.0,0.0
-2.120369787642379e-15,-50.00000000000001,0.0,0.0,0.0,4.363267749187,0.9999999999999999,23.0,0.00462962962962965,23.1164448680122,360.69690242163483,-191.5111107797445,300.0,-2.289999370653666e-14,-215.99999999999386,0.0,0.0,0.0,0.0,0.0,0.0
-2.226388277024496e-15,-51.00000000000001,0.0,0.0,0.0,4.36326774918693,0.9999999999999999,23.0,0.00462962962962965,23.1210744976418,357.3300977624594,-194.2864903642427,300.0,-2.289999370653666e-14,-215.99999999999386,0.0,0.0,0.0,0.0,0.0,0.0
-2.3324067664066133e-15,-52.00000000000001,0.0,0.0,0.0,4.363267749186938,0.9999999999999999,23.0,0.004629629629629539,23.1257041272714,353.91536883141464,-197.00268840168047,300.0,-2.289999370653666e-14,-215.99999999999386,0.0,0.0,0.0,0.0,0.0,0.0
-2.4384252557887305e-15,-53.00000000000001,0.0,0.0,0.0,4.363267749187035,0.9999999999999999,23.0,0.00462962962962965,23.1303337569011,350.4537557880121,-199.65887751182322,300.0,-2.289999370653666e-14,-215.99999999999386,0.0,0.0,0.0,0.0,0.0,0.0
-2.5444437451708477e-15,-54.00000000000001,0.0,0.0,0.0,4.3632677491869,0.9999999999999999,23.0,0.00462962962962965,23.1349633865307,346.94631307311835,-202.25424859373683,300.0,-2.289999370653666e-14,-215.99999999999386,0.0,0.0,0.0,0.0,0.0,0.0
-2.650462234552965e-15,-55.00000000000001,0.0,0.0,0.0,4.363267749186957,0.9999999999999999,23.0,0.00462962962962965,23.1395930161603,343.3941090877616,-204.7880110722479,300.0,-2.289999370653666e-14,-215.99999999999386,0.0,0.0,0.0,0.0,0.0,0.0
-2.756480723935082e-15,-56.00000000000001,0.0,0.0,0.0,4.363267749186982,0.9999999999999999,23.0,0.00462962962962965,23.14422264579,339.79822586768677,-207.2593931387604,300.0,-2.289999370653666e-14,-215.99999999999386,0.0,0.0,0.0,0.0,0.0,0.0
-2.862499213317199e-15,-57.00000000000001,0.0,0.0,0.0,4.363267749186979,0.9999999999999999,23.0,0.00462962962962965,23.1488522754196,336.1597587537568,-209.667641986356,300.0,-2.289999370653666e-14,-215.99999999999386,0.0,0.0,0.0,0.0,0.0,0.0
-2.9685177026993163e-15,-58.00000000000001,0.0,0.0,0.0,4.36326774918695,0.9999999999999999,23.0,0.004629629629629539,23.1534819050492,332.4798160583013,-212.01202403910648,300.0,-2.289999370653666e-14,-215.99999999999386,0.0,0.0,0.0,0.0,0.0,0.0
-3.0745361920814335e-15,-59.00000000000001,0.0,0.0,0.0,4.363267749187006,0.9999999999999999,23.0,0.00462962962962965,23.1581115346789,328.7595187275136,-214.29182517552806,300.0,-2.289999370653666e-14,-215.99999999999386,0.0,0.0,0.0,0.0,0.0,0.0
-3.1805546814635507e-15,-60.00000000000001,0.0,0.0,0.0,4.36326774918699,0.9999999999999999,23.0,0.00462962962962965,23.1627411643085,325.0,-216.50635094610965,300.0,-2.289999370653666e-14,-215.99999999999386,0.0,0.0,0.0,0.0,0.0,0.0
-3.286573170845668e-15,-61.00000000000001,0.0,0.0,0.0,4.3632677491869485,0.9999999999999999,23.0,0.00462962962962965,23.1673707939381,321.2024050615843,-218.65492678484893,300.0,-2.289999370653666e-14,-215.99999999999386,0.0,0.0,0.0,0.0,0.0,0.0
-3.392591660227785e-15,-62.00000000000001,0.0,0.0,0.0,4.363267749187008,0.9999999999999999,23.0,0.00462962962962965,23.1720004235677,317.36789069647267,-220.73689821473172,300.0,-2.289999370653666e-14,-215.99999999999386,0.0,0.0,0.0,0.0,0.0,0.0
-3.4986101496099022e-15,-63.00000000000001,0.0,0.0,0.0,4.363267749186884,0.9999999999999999,23.0,0.004629629629629539,23.1766300531974,313.49762493488674,-222.7516310470919,300.0,-2.289999370653666e-14,-215.99999999999386,0.0,0.0,0.0,0.0,0.0,0.0
-3.604628638992019e-15,-64.0,0.0,0.0,0.0,4.363267749186994,0.9999999999999999,23.0,0.00462962962962965,23.181259682827,309.5927866972694,-224.69851157479172,300.0,-2.289999370653666e-14,-215.99999999999233,0.0,0.0,0.0,3.3151081879622293e-10,0.0,0.0
-3.7106471283741366e-15,-65.0,0.0,0.0,0.0,4.363267749186961,0.9999999999999999,23.0,0.00462962962962965,23.1858893124566,305.6545654351749,-226.57694675916247,300.0,-2.289999370653666e-14,-215.99999999999386,0.0,0.0,0.0,-3.3151081879622293e-10,0.0,0.0
-3.816665617756254e-15,-66.0,0.0,0.0,0.0,4.363267749186957,0.9999999999999999,23.0,0.00462962962962965,23.1905189420863,301.6841607689501,-228.3863644106502,300.0,-2.289999370653666e-14,-215.99999999999386,0.0,0.0,0.0,0.0,0.0,0.0
-3.922684107138371e-15,-67.0,0.0,0.0,0.0,4.363267749186909,0.9999999999999999,23.0,0.00462962962962965,23.1951485717159,297.68278212231854,-230.12621336311003,300.0,-2.289999370653666e-14,-215.99999999999386,0.0,0.0,0.0,0.0,0.0,0.0
-4.028702596520488e-15,-68.0,0.0,0.0,0.0,4.363267749187055,0.9999999999999999,23.0,0.00462962962962965,23.1997782013455,293.65164835397803,-231.79596364169683,300.0,-2.289999370653666e-14,-215.99999999999386,0.0,0.0,0.0,0.0,0.0,0.0
-4.134721085902605e-15,-69.0,0.0,0.0,0.0,4.363267749186954,0.9999999999999999,23.0,0.004629629629629539,23.2044078309752,289.5919873863251,-233.39510662430044,300.0,-2.289999370653666e-14,-215.99999999999386,0.0,0.0,0.0,0.0,0.0,0.0
-4.2407395752847224e-15,-70.0,0.0,0.0,0.0,4.3632677491869165,0.9999999999999999,23.0,0.00462962962962965,23.2090374606048,285.5050358314173,-234.92315519647707,300.0,-2.289999370653666e-14,-215.99999999999386,0.0,0.0,0.0,0.0,0.0,0.0
-4.3467580646668396e-15,-71.0,0.0,0.0,0.0,4.3632677491870036,0.9999999999999999,23.0,0.00462962962962965,23.2136670902344,281.3920386142892,-236.37964389982918,300.0,-2.289999370653666e-14,-215.99999999999386,0.0,0.0,0.0,0.0,0.0,0.0
-4.452776554048957e-15,-72.0,0.0,0.0,0.0,4.363267749186964,0.9999999999999999,23.0,0.00462962962962965,23.218296719864,277.2542485937369,-237.76412907378838,300.0,-2.289999370653666e-14,-215.99999999999386,0.0,0.0,0.0,0.0,0.0,0.0
-4.558795043431074e-15,-73.0,0.0,0.0,0.0,4.363267749186978,0.9999999999999999,23.0,0.00462962962962965,23.2229263494937,273.09292618068423,-239.07618899075885,300.0,-2.289999370653666e-14,-215.99999999999386,0.0,0.0,0.0,0.0,0.0,0.0
-4.664813532813191e-15,-74.0,0.0,0.0,0.0,4.363267749186973,0.9999999999999999,23.0,0.004629629629629539,23.2275559791233,268.90933895424985,-240.31542398457972,300.0,-2.289999370653666e-14,-215.99999999999386,0.0,0.0,0.0,0.0,0.0,0.0
-4.770832022195308e-15,-75.0,0.0,0.0,0.0,4.363267749186979,0.9999999999999999,23.0,0.00462962962962965,23.2321856087529,264.70476127563023,-241.4814565722671,300.0,-2.289999370653666e-14,-215.99999999999386,0.0,0.0,0.0,0.0,0.0,0.0
-4.8768505115774255e-15,-76.0,0.0,0.0,0.0,4.363267749186933,0.9999999999999999,23.0,0.00462962962962965,23.2368152383826,260.480473899917,-242.57393156899911,300.0,-2.289999370653666e-14,-215.99999999999386,0.0,0.0,0.0,0.0,0.0,0.0
-4.982869000959543e-15,-77.0,0.0,0.0,0.0,4.363267749187034,0.9999999999999999,23.0,0.00462962962962965,23.2414448680122,256.23776358596626,-243.59251619630885,300.0,-2.289999370653666e-14,-215.99999999999386,0.0,0.0,0.0,0.0,0.0,0.0
-5.08888749034166e-15,-78.0,0.0,0.0,0.0,4.363267749186919,0.9999999999999999,23.0,0.00462962962962965,23.2460744976418,251.9779227044399,-244.53690018345142,300.0,-2.289999370653666e-14,-215.99999999999386,0.0,0.0,0.0,0.0,0.0,0.0
-5.194905979723777e-15,-79.0,0.0,0.0,0.0,4.363267749186979,0.9999999999999999,23.0,0.004629629629629539,23.2507041272715,247.70224884413625,-245.406795861916,300.0,-2.289999370653666e-14,-215.99999999999386,0.0,0.0,0.0,0.0,0.0,0.0
-5.300924469105894e-15,-80.0,0.0,0.0,0.0,4.363267749186957,0.9999999999999999,23.0,0.00462962962962965,23.2553337569011,243.41204441673264,-246.20193825305202,300.0,-2.289999370653666e-14,-215.99999999999386,0.0,0.0,0.0,0.0,0.0,0.0
-5.406942958488011e-15,-81.0,0.0,0.0,0.0,4.3632677491869725,0.9999999999999999,23.0,0.00462962962962965,23.2599633865307,239.10861626005777,-246.92208514878448,300.0,-2.289999370653666e-14,-215.99999999999386,0.0,0.0,0.0,0.0,0.0,0.0
-5.5129614478701285e-15,-82.0,0.0,0.0,0.0,4.363267749186937,0.9999999999999999,23.0,0.00462962962962965,23.2645930161603,234.79327524001644,-247.5670171853926,300.0,-2.289999370653666e-14,-215.99999999999386,0.0,0.0,0.0,0.0,0.0,0.0
-5.618979937252246e-15,-83.0,0.0,0.0,0.0,4.363267749187002,0.9999999999999999,23.0,0.0047591831861254486,23.2693521993465,230.46733585128692,-248.13653791033053,300.0,-2.22766145441066e-14,-210.12009012707307,0.0,0.0,1.3098448579314346e-13,1235.4871924371835,0.0,0.0
-5.724998426634363e-15,-84.0,0.0,0.0,0.0,4.363267749186983,0.9999999999999999,23.0,0.005111949126305082,23.2744641484728,226.1321158169134,-248.63047384206834,300.0,-2.0739347509651615e-14,-195.62010014028607,0.0,0.0,3.0072033122244474e-13,2836.489493248418,0.0,0.0
-5.83101691601648e-15,-85.0,0.0,0.0,0.0,4.363267749186987,0.9999999999999999,23.0,0.005558914137538062,23.2800230626103,221.78893568691456,-249.0486745229364,300.0,-1.9071798333095857e-14,-179.89124768941312,0.0,0.0,2.999775019540687e-13,2829.4828921102185,0.0,0.0
-5.937035405398597e-15,-86.0,0.0,0.0,0.0,4.363267749186897,0.9999999999999999,23.0,0.006148771264266717,23.2861718338746,217.4391184360314,-249.39101256495607,300.0,-1.7242223661538053e-14,-162.6341194071608,0.0,0.0,2.975512655984489e-13,2806.597861680516,0.0,0.0
-6.043053894780714e-15,-87.0,0.0,0.0,0.0,4.363267749186977,0.9999999999999999,23.0,0.006979168933259672,23.2931510028078,213.08398906073603,-249.65738368864348,300.0,-1.5190703992975344e-14,-143.28353555599386,0.0,0.0,2.939489913743256e-13,2772.6200692679176,0.0,0.0
-6.1490723841628315e-15,-88.0,0.0,0.0,0.0,4.363267749186982,0.9999999999999999,23.0,0.008278583739614986,23.3014295865475,208.7248741756253,-249.84770675477398,300.0,-1.2806355859491575e-14,-120.79360811616796,0.0,0.0,2.880140140485549e-13,2716.639481727383,0.0,0.0
-6.255090873544949e-15,-89.0,0.0,0.0,0.0,4.363267749187041,0.9999999999999999,23.0,0.01078886038065685,23.3122184469281,204.36310160932086,-249.96192378909785,300.0,-9.826662468650768e-15,-92.6881954828937,0.0,0.0,2.7618240348933915e-13,2605.0399802803145,0.0,0.0
-6.361109362927066e-15,-90.0,0.0,0.0,0.0,4.363267749186897,0.9999999999999999,23.0,0.02604661305353051,23.3382650599816,200.00000000000006,-250.00000000000003,300.0,-4.070336867378093e-15,-38.39270764090573,0.0,0.0,2.2100092589552267e-13,2084.5507909377957,0.0,0.0
-6.361109362927066e-15,-90.0,0.0,0.0,0.0,4.363267749186897,0.9999999999999999,23.0,0.01,23.3482650599816,200.00000000000006,-250.00000000000003,300.0,0.0,0.0,0.0,0.0,0.0,0.0,0.0,0.0
-6.361109362927066e-15,-90.0,0.0,0.0,0.0,4.363267749186897,0.9999999999999999,23.0,1.03,24.3782650599816,200.00000000000006,-250.00000000000003,300.0,0.0,0.0,0.0,0.0,0.0,0.0,0.0,0.0
-6.255090873544949e-15,-89.0,0.0,0.0,0.0,4.363267749186897,1.0,24.0,0.0,24.3782650599816,204.36310160932086,-249.96192378909785,300.0,0.0,0.0,0.0,0.0,0.0,0.0,0.0,0.0
-6.1490723841628315e-15,-88.0,0.0,0.0,0.0,4.363267749187041,1.0,24.0,0.036835473434187735,24.4151005334158,208.7248741756253,-249.84770675477398,300.0,2.8781628006366034e-15,27.1477439209965,0.0,0.0,7.813562667462061e-14,737.0000000000024,0.0,0.0
-6.043053894780714e-15,-87.0,0.0,0.0,0.0,4.363267749186982,1.0,24.0,0.008278583739614868,24.4233791171554,213.08398906073603,-249.65738368864348,300.0,1.2806355859491575e-14,120.79360811616796,0.0,0.0,1.1992622616529864e-12,11311.821821291425,0.0,0.0
-5.937035405398597e-15,-86.0,0.0,0.0,0.0,4.363267749186977,1.0,24.0,0.00697916893325963,24.4303582860887,217.4391184360314,-249.39101256495607,300.0,1.5190703992975344e-14,143.28353555599386,0.0,0.0,3.4163783056188924e-13,3222.436317976017,0.0,0.0
-5.83101691601648e-15,-85.0,0.0,0.0,0.0,4.363267749186897,1.0,24.0,0.006148771264266731,24.436507057353,221.78893568691456,-249.0486745229364,300.0,1.7242223661538053e-14,162.6341194071608,0.0,0.0,3.3364709474316647e-13,3147.06516464896,0.0,0.0
-5.724998426634363e-15,-84.0,0.0,0.0,0.0,4.363267749186987,1.0,24.0,0.005558914137537972,24.4420659714905,226.1321158169134,-248.63047384206834,300.0,1.9071798333095857e-14,179.89124768941312,0.0,0.0,3.291244704074816e-13,3104.4063382306294,0.0,0.0
-5.618979937252246e-15,-83.0,0.0,0.0,0.0,4.363267749186983,1.0,24.0,0.005111949126305151,24.4471779206168,230.46733585128692,-248.13653791033053,300.0,2.0739347509651615e-14,195.62010014028607,0.0,0.0,3.262061369066889e-13,3076.87969153155,0.0,0.0
-5.5129614478701285e-15,-82.0,0.0,0.0,0.0,4.363267749187002,1.0,24.0,0.004759183186125393,24.4519371038029,234.79327524001644,-247.5670171853926,300.0,2.22766145441066e-14,210.12009012707307,0.0,0.0,3.230106878290598e-13,3046.7392028653417,0.0,0.0
-5.406942958488011e-15,-81.0,0.0,0.0,0.0,4.363267749186937,1.0,24.0,0.004629629629629636,24.4565667334326,239.10861626005777,-246.92208514878448,300.0,2.289999370653666e-14,215.99999999999386,0.0,0.0,1.3464989908488904e-13,1270.0605325508548,0.0,0.0
-5.300924469105894e-15,-80.0,0.0,0.0,0.0,4.3632677491869725,1.0,24.0,0.0046296296296296224,24.4611963630622,243.41204441673264,-246.20193825305202,300.0,2.289999370653666e-14,215.99999999999386,0.0,0.0,0.0,0.0,0.0,0.0
-5.194905979723777e-15,-79.0,0.0,0.0,0.0,4.363267749186957,1.0,24.0,0.004629629629629636,24.4658259926918,247.70224884413625,-245.406795861916,300.0,2.289999370653666e-14,215.99999999999386,0.0,0.0,0.0,0.0,0.0,0.0
-5.08888749034166e-15,-78.0,0.0,0.0,0.0,4.363267749186979,1.0,24.0,0.0046296296296296224,24.4704556223215,251.9779227044399,-244.53690018345142,300.0,2.289999370653666e-14,215.99999999999386,0.0,0.0,0.0,0.0,0.0,0.0
-4.982869000959543e-15,-77.0,0.0,0.0,0.0,4.363267749186919,1.0,24.0,0.004629629629629636,24.4750852519511,256.23776358596626,-243.59251619630885,300.0,2.289999370653666e-14,215.99999999999386,0.0,0.0,0.0,0.0,0.0,0.0
-4.8768505115774255e-15,-76.0,0.0,0.0,0.0,4.363267749187034,1.0,24.0,0.0046296296296296224,24.4797148815807,260.480473899917,-242.57393156899911,300.0,2.289999370653666e-14,215.99999999999386,0.0,0.0,0.0,0.0,0.0,0.0
-4.770832022195308e-15,-75.0,0.0,0.0,0.0,4.363267749186933,1.0,24.0,0.004629629629629636,24.4843445112103,264.70476127563023,-241.4814565722671,300.0,2.289999370653666e-14,215.99999999999386,0.0,0.0,0.0,0.0,0.0,0.0
-4.664813532813191e-15,-74.0,0.0,0.0,0.0,4.363267749186979,1.0,24.0,0.004629629629629636,24.48897414084,268.90933895424985,-240.31542398457972,300.0,2.289999370653666e-14,215.99999999999386,0.0,0.0,0.0,0.0,0.0,0.0
-4.558795043431074e-15,-73.0,0.0,0.0,0.0,4.363267749186973,1.0,24.0,0.0046296296296296224,24.4936037704696,273.09292618068423,-239.07618899075885,300.0,2.289999370653666e-14,215.99999999999386,0.0,0.0,0.0,0.0,0.0,0.0
-4.452776554048957e-15,-72.0,0.0,0.0,0.0,4.363267749186978,1.0,24.0,0.0046296296296296224,24.4982334000992,277.2542485937369,-237.76412907378838,300.0,2.289999370653666e-14,215.99999999999386,0.0,0.0,0.0,0.0,0.0,0.0
-4.3467580646668396e-15,-71.0,0.0,0.0,0.0,4.363267749186964,1.0,24.0,0.004629629629629636,24.5028630297289,281.3920386142892,-236.37964389982918,300.0,2.289999370653666e-14,215.99999999999386,0.0,0.0,0.0,0.0,0.0,0.0
-4.2407395752847224e-15,-70.0,0.0,0.0,0.0,4.3632677491870036,1.0,24.0,0.004629629629629636,24.5074926593585,285.5050358314173,-234.92315519647707,300.0,2.289999370653666e-14,215.99999999999386,0.0,0.0,0.0,0.0,0.0,0.0
-4.134721085902605e-15,-69.0,0.0,0.0,0.0,4.3632677491869165,1.0,24.0,0.0046296296296296224,24.5121222889881,289.5919873863251,-233.39510662430044,300.0,2.289999370653666e-14,215.99999999999386,0.0,0.0,0.0,0.0,0.0,0.0
-4.028702596520488e-15,-68.0,0.0,0.0,0.0,4.363267749186954,1.0,24.0,0.00462962962962965,24.5167519186178,293.65164835397803,-231.79596364169683,300.0,2.289999370653666e-14,215.99999999999386,0.0,0.0,0.0,0.0,0.0,0.0
-3.922684107138371e-15,-67.0,0.0,0.0,0.0,4.363267749187055,1.0,24.0,0.004629629629629595,24.5213815482474,297.68278212231854,-230.12621336311003,300.0,2.289999370653666e-14,215.99999999999386,0.0,0.0,0.0,0.0,0.0,0.0
-3.816665617756254e-15,-66.0,0.0,0.0,0.0,4.363267749186909,1.0,24.0,0.00462962962962965,24.526011177877,301.6841607689501,-228.3863644106502,300.0,2.289999370653666e-14,215.99999999999386,0.0,0.0,0.0,0.0,0.0,0.0
-3.7106471283741366e-15,-65.0,0.0,0.0,0.0,4.363267749186957,1.0,24.0,0.0046296296296296224,24.5306408075066,305.6545654351749,-226.57694675916247,300.0,2.289999370653666e-14,215.99999999999386,0.0,0.0,0.0,0.0,0.0,0.0
-3.604628638992019e-15,-64.0,0.0,0.0,0.0,4.363267749186961,1.0,24.0,0.0046296296296296224,24.5352704371363,309.5927866972694,-224.69851157479172,300.0,2.289999370653666e-14,215.99999999999386,0.0,0.0,0.0,0.0,0.0,0.0
-3.498610149609902e-15,-63.0,0.0,0.0,0.0,4.363267749186994,1.0,24.0,0.00462962962962965,24.5399000667659,313.49762493488674,-222.7516310470919,300.0,2.2899993706536745e-14,215.99999999999386,0.0,0.0,1.840254719699524e-26,0.0,0.0,0.0
-3.3925916602277842e-15,-62.0,0.0,0.0,0.0,4.363267749186997,1.0,24.0,0.0046296296296296224,24.5445296963955,317.3678906964728,-220.7368982147317,300.0,2.2899993706536745e-14,215.99999999999386,0.0,0.0,0.0,0.0,0.0,0.0
-3.2865731708456667e-15,-61.0,0.0,0.0,0.0,4.363267749186957,1.0,24.0,0.0046296296296296224,24.5491593260252,321.20240506158433,-218.6549267848489,300.0,2.2899993706536745e-14,215.99999999999386,0.0,0.0,0.0,0.0,0.0,0.0
-3.180554681463549e-15,-60.0,0.0,0.0,0.0,4.3632677491869485,1.0,24.0,0.00462962962962965,24.5537889556548,325.00000000000006,-216.50635094610962,300.0,2.2899993706536745e-14,215.99999999999386,0.0,0.0,0.0,0.0,0.0,0.0
-3.0745361920814315e-15,-59.0,0.0,0.0,0.0,4.36326774918699,1.0,24.0,0.004629629629629595,24.5584185852844,328.75951872751364,-214.29182517552803,300.0,2.2899993706536745e-14,215.99999999999386,0.0,0.0,0.0,0.0,0.0,0.0
-2.968517702699314e-15,-58.0,0.0,0.0,0.0,4.363267749186943,1.0,24.0,0.00462962962962965,24.5630482149141,332.4798160583013,-212.01202403910648,300.0,2.2899993706536745e-14,215.99999999999386,0.0,0.0,0.0,0.0,0.0,0.0
-2.8624992133171964e-15,-57.0,0.0,0.0,0.0,4.363267749187013,1.0,24.0,0.0046296296296296224,24.5676778445437,336.1597587537569,-209.66764198635596,300.0,2.2899993706536745e-14,215.99999999999386,0.0,0.0,0.0,0.0,0.0,0.0
-2.756480723935079e-15,-56.0,0.0,0.0,0.0,4.363267749186916,1.0,24.0,0.0046296296296296224,24.5723074741733,339.79822586768677,-207.2593931387604,300.0,2.2899993706536745e-14,215.99999999999386,0.0,0.0,0.0,0.0,0.0,0.0
-2.6504622345529613e-15,-55.0,0.0,0.0,0.0,4.363267749186982,1.0,24.0,0.00462962962962965,24.5769371038029,343.3941090877616,-204.7880110722479,300.0,2.2899993706536745e-14,215.99999999999386,0.0,0.0,0.0,0.0,0.0,0.0
-2.5444437451708437e-15,-54.0,0.0,0.0,0.0,4.363267749186957,1.0,24.0,0.0046296296296296224,24.5815667334326,346.94631307311835,-202.25424859373683,300.0,2.2899993706536745e-14,215.99999999999386,0.0,0.0,0.0,0.0,0.0,0.0
-2.438425255788726e-15,-53.0,0.0,0.0,0.0,4.363267749187008,1.0,24.0,0.0046296296296296224,24.5861963630622,350.4537557880122,-199.6588775118232,300.0,2.2899993706536745e-14,215.99999999999386,0.0,0.0,0.0,0.0,0.0,0.0
-2.3324067664066086e-15,-52.0,0.0,0.0,0.0,4.363267749186927,1.0,24.0,0.0046296296296296224,24.5908259926918,353.91536883141464,-197.00268840168047,300.0,2.2899993706536745e-14,215.99999999999386,0.0,0.0,0.0,0.0,0.0,0.0
-2.226388277024491e-15,-51.0,0.0,0.0,0.0,4.363267749187001,1.0,24.0,0.00462962962962965,24.5954556223215,357.33009776245945,-194.28649036424267,300.0,2.2899993706536745e-14,215.99999999999386,0.0,0.0,0.0,0.0,0.0,0.0
-2.1203697876423734e-15,-50.0,0.0,0.0,0.0,4.36326774918693,1.0,24.0,0.0046296296296296224,24.6000852519511,360.6969024216349,-191.51111077974448,300.0,2.2899993706536745e-14,215.99999999999386,0.0,0.0,0.0,0.0,0.0,0.0
-2.014351298260256e-15,-49.0,0.0,0.0,0.0,4.363267749186938,1.0,24.0,0.0046296296296296224,24.6047148815807,364.01475724762685,-188.67739505569298,300.0,2.2899993706536745e-14,215.99999999999386,0.0,0.0,0.0,0.0,0.0,0.0
-1.9083328088781383e-15,-48.0,0.0,0.0,0.0,4.36326774918701,1.0,24.0,0.0046296296296296224,24.6093445112104,367.2826515897146,-185.7862063693485,300.0,2.2899993706536745e-14,215.99999999999386,0.0,0.0,0.0,0.0,0.0,0.0
-1.8023143194960207e-15,-47.0,0.0,0.0,0.0,4.363267749186956,1.0,24.0,0.00462962962962965,24.61397414084,370.4995900156247,-182.8384254047926,300.0,2.2899993706536745e-14,215.99999999999386,0.0,0.0,0.0,0.0,0.0,0.0
-1.6962958301139034e-15,-46.0,0.0,0.0,0.0,4.363267749187016,1.0,24.0,0.0046296296296296224,24.6186037704696,373.66459261474944,-179.83495008466275,300.0,2.28999937065367e-14,215.99999999999386,0.0,0.0,-9.542061509553088e-27,0.0,0.0,0.0
-1.590277340731786e-15,-45.0,0.0,0.0,0.0,4.363267749186921,1.0,24.0,0.0046296296296296224,24.6232334000992,376.77669529663694,-176.77669529663686,300.0,2.28999937065367e-14,215.99999999999386,0.0,0.0,0.0,0.0,0.0,0.0
-1.4842588513496686e-15,-44.0,0.0,0.0,0.0,4.363267749186981,1.0,24.0,0.0046296296296296224,24.6278630297289,379.83495008466286,-173.6645926147493,300.0,2.28999937065367e-14,215.99999999999386,0.0,0.0,0.0,0.0,0.0,0.0
-1.3782403619675513e-15,-43.0,0.0,0.0,0.0,4.363267749186996,1.0,24.0,0.0046296296296296224,24.6324926593585,382.8384254047927,-170.49959001562456,300.0,2.28999937065367e-14,215.99999999999386,0.0,0.0,0.0,0.0,0.0,0.0
-1.2722218725854339e-15,-42.0,0.0,0.0,0.0,4.363267749186915,1.0,24.0,0.00462962962962965,24.6371222889881,385.7862063693486,-167.2826515897145,300.0,2.28999937065367e-14,215.99999999999386,0.0,0.0,0.0,0.0,0.0,0.0
-1.1662033832033165e-15,-41.0,0.0,0.0,0.0,4.363267749187031,1.0,24.0,0.00462962962962965,24.6417519186178,388.67739505569307,-164.01475724762673,300.0,2.28999937065367e-14,215.99999999999386,0.0,0.0,0.0,0.0,0.0,0.0
-1.0601848938211991e-15,-40.0,0.0,0.0,0.0,4.36326774918696,1.0,24.0,0.00462962962962965,24.6463815482474,391.51111077974457,-160.69690242163475,300.0,2.28999937065367e-14,215.99999999999386,0.0,0.0,0.0,0.0,0.0,0.0
-9.541664044390818e-16,-39.0,0.0,0.0,0.0,4.36326774918693,1.0,24.0,0.004629629629629595,24.651011177877,394.28649036424275,-157.3300977624593,300.0,2.28999937065367e-14,215.99999999999386,0.0,0.0,0.0,0.0,0.0,0.0
-8.481479150569644e-16,-38.0,0.0,0.0,0.0,4.363267749187018,1.0,24.0,0.004629629629629595,24.6556408075066,397.0026884016806,-153.9153688314145,300.0,2.28999937065367e-14,215.99999999999386,0.0,0.0,0.0,0.0,0.0,0.0
-7.42129425674847e-16,-37.0,0.0,0.0,0.0,4.3632677491869325,1.0,24.0,0.00462962962962965,24.6602704371363,399.6588775118233,-150.45375578801202,300.0,2.28999937065367e-14,215.99999999999386,0.0,0.0,0.0,0.0,0.0,0.0
-6.361109362927297e-16,-36.0,0.0,0.0,0.0,4.363267749186963,1.0,24.0,0.00462962962962965,24.6649000667659,402.2542485937369,-146.94631307311823,300.0,2.28999937065367e-14,215.99999999999386,0.0,0.0,0.0,0.0,0.0,0.0
-5.300924469106123e-16,-35.0,0.0,0.0,0.0,4.363267749186997,1.0,24.0,0.00462962962962965,24.6695296963955,404.788011072248,-143.39410908776145,300.0,2.28999937065367e-14,215.99999999999386,0.0,0.0,0.0,0.0,0.0,0.0
-4.240739575284949e-16,-34.0,0.0,0.0,0.0,4.363267749186903,1.0,24.0,0.004629629629629595,24.6741593260252,407.25939313876046,-139.79822586768668,300.0,2.28999937065367e-14,215.99999999999386,0.0,0.0,0.0,0.0,0.0,0.0
-3.1805546814637755e-16,-33.0,0.0,0.0,0.0,4.363267749187002,1.0,24.0,0.004629629629629595,24.6787889556548,409.66764198635605,-136.1597587537567,300.0,2.28999937065367e-14,215.99999999999386,0.0,0.0,0.0,0.0,0.0,0.0
-2.1203697876426016e-16,-32.0,0.0,0.0,0.0,4.363267749186959,1.0,24.0,0.00462962962962965,24.6834185852844,412.0120240391065,-132.47981605830117,300.0,2.2899993706536707e-14,215.99999999999386,0.0,0.0,1.3631516442218697e-27,0.0,0.0,0.0
-1.0601848938214276e-16,-31.0,0.0,0.0,0.0,4.363267749186973,1.0,24.0,0.00462962962962965,24.6880482149141,414.2918251755281,-128.7595187275135,300.0,2.2899993706536707e-14,215.99999999999386,0.0,0.0,0.0,0.0,0.0,0.0
-2.536680848351316e-29,-30.0,0.0,0.0,0.0,4.363267749187006,1.0,24.0,0.00462962962962965,24.6926778445437,416.50635094610976,-124.99999999999993,300.0,2.2899993706536707e-14,215.99999999999386,0.0,0.0,0.0,0.0,0.0,0.0
1.0601848938209203e-16,-29.0,0.0,0.0,0.0,4.363267749186934,1.0,24.0,0.004629629629629595,24.6973074741733,418.654926784849,-121.2024050615842,300.0,2.2899993706536707e-14,215.99999999999386,0.0,0.0,0.0,0.0,0.0,0.0
2.1203697876420942e-16,-28.0,0.0,0.0,0.0,4.363267749186943,1.0,24.0,0.00462962962962965,24.7019371038029,420.73689821473175,-117.36789069647264,300.0,2.2899993706536707e-14,215.99999999999386,0.0,0.0,0.0,0.0,0.0,0.0
3.180554681463268e-16,-27.0,0.0,0.0,0.0,4.3632677491869725,1.0,24.0,0.004629629629629595,24.7065667334326,422.75163104709196,-113.49762493488663,300.0,2.2899993706536707e-14,215.99999999999386,0.0,0.0,0.0,0.0,0.0,0.0
4.2407395752844424e-16,-26.0,0.0,0.0,0.0,4.363267749186956,1.0,24.0,0.00462962962962965,24.7111963630622,424.6985115747917,-109.59278669726929,300.0,2.2899993706536713e-14,215.99999999999386,0.0,0.0,1.3631516442218697e-27,0.0,0.0,0.0
5.300924469105616e-16,-25.0,0.0,0.0,0.0,4.363267749186985,1.0,24.0,0.00462962962962965,24.7158259926918,426.5769467591625,-105.6545654351748,300.0,2.28999937065367e-14,215.99999999999386,0.0,0.0,-2.7263032884437393e-27,0.0,0.0,0.0
6.36110936292679e-16,-24.0,0.0,0.0,0.0,4.363267749186971,1.0,24.0,0.004629629629629595,24.7204556223215,428.38636441065023,-101.68416076894998,300.0,2.28999937065367e-14,215.99999999999386,0.0,0.0,0.0,0.0,0.0,0.0
7.421294256747963e-16,-23.0,0.0,0.0,0.0,4.36326774918696,1.0,24.0,0.00462962962962965,24.7250852519511,430.1262133631101,-97.68278212231837,300.0,2.28999937065367e-14,215.99999999999386,0.0,0.0,0.0,0.0,0.0,0.0
8.481479150569137e-16,-22.0,0.0,0.0,0.0,4.363267749186965,1.0,24.0,0.00462962962962965,24.7297148815807,431.79596364169686,-93.65164835397795,300.0,2.28999937065367e-14,215.99999999999386,0.0,0.0,0.0,0.0,0.0,0.0
9.54166404439031e-16,-21.0,0.0,0.0,0.0,4.363267749186947,1.0,24.0,0.004629629629629595,24.7343445112104,433.3951066243004,-89.59198738632502,300.0,2.28999937065367e-14,215.99999999999386,0.0,0.0,0.0,0.0,0.0,0.0
1.0601848938211485e-15,-20.0,0.0,0.0,0.0,4.36326774918698,1.0,24.0,0.00462962962962965,24.73897414084,434.92315519647707,-85.50503583141712,300.0,2.28999937065367e-14,215.99999999999386,0.0,0.0,0.0,0.0,0.0,0.0
1.1662033832032658e-15,-19.0,0.0,0.0,0.0,4.3632677491869725,1.0,24.0,0.004629629629629595,24.7436037704696,436.3796438998292,-81.3920386142891,300.0,2.28999937065367e-14,215.99999999999386,0.0,0.0,0.0,0.0,0.0,0.0
1.2722218725853832e-15,-18.0,0.0,0.0,0.0,4.363267749186959,1.0,24.0,0.00462962962962965,24.7482334000992,437.76412907378835,-77.25424859373679,300.0,2.28999937065367e-14,215.99999999999386,0.0,0.0,0.0,0.0,0.0,0.0
1.3782403619675006e-15,-17.0,0.0,0.0,0.0,4.363267749186959,1.0,24.0,0.004629629629629595,24.7528630297289,439.07618899075885,-73.09292618068413,300.0,2.28999937065367e-14,215.99999999999386,0.0,0.0,0.0,0.0,0.0,0.0
1.484258851349618e-15,-16.0,0.0,0.0,0.0,4.363267749186995,1.0,24.0,0.00462962962962965,24.7574926593585,440.31542398457975,-68.90933895424973,300.0,2.28999937065367e-14,215.99999999999386,0.0,0.0,0.0,0.0,0.0,0.0
1.5902773407317353e-15,-15.0,0.0,0.0,0.0,4.363267749186965,1.0,24.0,0.004629629629629595,24.7621222889881,441.4814565722671,-64.70476127563013,300.0,2.28999937065367e-14,215.99999999999386,0.0,0.0,0.0,0.0,0.0,0.0
1.6962958301138527e-15,-14.0,0.0,0.0,0.0,4.363267749186968,1.0,24.0,0.00462962962962965,24.7667519186178,442.5739315689991,-60.48047389991686,300.0,2.28999937065367e-14,215.99999999999386,0.0,0.0,0.0,0.0,0.0,0.0
1.8023143194959702e-15,-13.0,0.0,0.0,0.0,4.363267749186965,1.0,24.0,0.00462962962962965,24.7713815482474,443.5925161963088,-56.23776358596618,300.0,2.2899993706536745e-14,215.99999999999386,0.0,0.0,9.542061509553088e-27,0.0,0.0,0.0
1.908332808878088e-15,-12.0,0.0,0.0,0.0,4.363267749186973,1.0,24.0,0.004629629629629595,24.776011177877,444.5369001834514,-51.977922704439756,300.0,2.2899993706536745e-14,215.99999999999386,0.0,0.0,0.0,0.0,0.0,0.0
2.0143512982602054e-15,-11.0,0.0,0.0,0.0,4.363267749186959,1.0,24.0,0.00462962962962965,24.7806408075066,445.40679586191595,-47.70224884413613,300.0,2.2899993706536745e-14,215.99999999999386,0.0,0.0,0.0,0.0,0.0,0.0
2.120369787642323e-15,-10.0,0.0,0.0,0.0,4.36326774918697,1.0,24.0,0.00462962962962965,24.7852704371363,446.201938253052,-43.41204441673251,300.0,2.2899993706536745e-14,215.99999999999386,0.0,0.0,0.0,0.0,0.0,0.0
2.2263882770244405e-15,-9.0,0.0,0.0,0.0,4.3632677491869725,1.0,24.0,0.004629629629629595,24.7899000667659,446.92208514878445,-39.108616260057644,300.0,2.2899993706536745e-14,215.99999999999386,0.0,0.0,0.0,0.0,0.0,0.0
2.332406766406558e-15,-8.0,0.0,0.0,0.0,4.363267749186973,1.0,24.0,0.00462962962962965,24.7945296963955,447.5670171853926,-34.793275240016285,300.0,2.2899993706536745e-14,215.99999999999386,0.0,0.0,0.0,0.0,0.0,0.0
2.4384252557886757e-15,-7.0,0.0,0.0,0.0,4.363267749186963,1.0,24.0,0.004629629629629595,24.7991593260252,448.1365379103305,-30.467335851286794,300.0,2.2899993706536745e-14,215.99999999999386,0.0,0.0,0.0,0.0,0.0,0.0
2.5444437451707932e-15,-6.0,0.0,0.0,0.0,4.363267749186969,1.0,24.0,0.00462962962962965,24.8037889556548,448.63047384206834,-26.13211581691329,300.0,2.2899993706536745e-14,215.99999999999386,0.0,0.0,0.0,0.0,0.0,0.0
2.6504622345529108e-15,-5.0,0.0,0.0,0.0,4.36326774918697,1.0,24.0,0.00462962962962965,24.8084185852844,449.0486745229364,-21.788935686914463,300.0,2.2899993706536745e-14,215.99999999999386,0.0,0.0,0.0,0.0,0.0,0.0
2.7564807239350284e-15,-4.0,0.0,0.0,0.0,4.363267749186968,1.0,24.0,0.004629629629629595,24.8130482149141,449.39101256495604,-17.439118436031244,300.0,2.2899993706536745e-14,215.99999999999386,0.0,0.0,0.0,0.0,0.0,0.0
2.862499213317146e-15,-3.0,0.0,0.0,0.0,4.363267749186968,1.0,24.0,0.00462962962962965,24.8176778445437,449.65738368864345,-13.083989060735876,300.0,2.2899993706536745e-14,215.99999999999386,0.0,0.0,0.0,0.0,0.0,0.0
2.9685177026992635e-15,-2.0,0.0,0.0,0.0,4.363267749186971,1.0,24.0,0.00462962962962965,24.8223074741733,449.847706754774,-8.72487417562516,300.0,2.2899993706536745e-14,215.99999999999386,0.0,0.0,0.0,0.0,0.0,0.0
3.074536192081381e-15,-1.0,0.0,0.0,0.0,4.363267749186965,1.0,24.0,0.004629629629629595,24.8269371038029,449.9619237890978,-4.363101609320796,300.0,2.2899993706536745e-14,215.99999999999386,0.0,0.0,0.0,0.0,0.0,0.0
3.1805546814634986e-15,0.0,0.0,0.0,0.0,4.363267749186969,1.0,24.0,0.00462962962962965,24.8315667334326,450.0,8.376306441313884e-14,300.0,2.2899993706536745e-14,215.99999999999386,0.0,0.0,0.0,0.0,0.0,0.0
3.286573170845616e-15,1.0,0.0,0.0,0.0,4.363267749186969,1.0,24.0,0.004629629629629595,24.8361963630622,449.9619237890978,4.363101609320963,300.0,2.2899993706536745e-14,215.99999999999386,0.0,0.0,0.0,0.0,0.0,0.0
3.3925916602277338e-15,2.0,0.0,0.0,0.0,4.363267749186967,1.0,24.0,0.00462962962962965,24.8408259926918,449.847706754774,8.72487417562533,300.0,2.2899993706536745e-14,215.99999999999386,0.0,0.0,0.0,0.0,0.0,0.0
3.4986101496098513e-15,3.0,0.0,0.0,0.0,4.363267749186969,1.0,24.0,0.00462962962962965,24.8454556223215,449.65738368864345,13.083989060736043,300.0,2.2899993706536745e-14,215.99999999999386,0.0,0.0,0.0,0.0,0.0,0.0
3.604628638991969e-15,4.0,0.0,0.0,0.0,4.363267749186976,1.0,24.0,0.004629629629629595,24.8500852519511,449.39101256495604,17.439118436031418,300.0,2.2899993706536745e-14,215.99999999999386,0.0,0.0,0.0,0.0,0.0,0.0
3.710647128374086e-15,5.0,0.0,0.0,0.0,4.363267749186961,1.0,24.0,0.00462962962962965,24.8547148815807,449.0486745229364,21.78893568691463,300.0,2.289999370653666e-14,215.99999999999386,0.0,0.0,-1.840254719699524e-26,0.0,0.0,0.0
3.816665617756203e-15,6.0,0.0,0.0,0.0,4.363267749186963,1.0,24.0,0.00462962962962965,24.8593445112104,448.63047384206834,26.13211581691345,300.0,2.289999370653666e-14,215.99999999999386,0.0,0.0,0.0,0.0,0.0,0.0
3.9226841071383204e-15,7.0,0.0,0.0,0.0,4.3632677491869725,1.0,24.0,0.004629629629629595,24.86397414084,448.1365379103305,30.467335851286958,300.0,2.289999370653666e-14,215.99999999999386,0.0,0.0,0.0,0.0,0.0,0.0
4.0287025965204376e-15,8.0,0.0,0.0,0.0,4.363267749186963,1.0,24.0,0.00462962962962965,24.8686037704696,447.5670171853926,34.79327524001645,300.0,2.289999370653666e-14,215.99999999999386,0.0,0.0,0.0,0.0,0.0,0.0
4.134721085902555e-15,9.0,0.0,0.0,0.0,4.363267749186973,1.0,24.0,0.00462962962962965,24.8732334000992,446.92208514878445,39.10861626005781,300.0,2.289999370653666e-14,215.99999999999386,0.0,0.0,0.0,0.0,0.0,0.0
4.240739575284672e-15,10.0,0.0,0.0,0.0,4.3632677491869725,1.0,24.0,0.004629629629629595,24.8778630297289,446.201938253052,43.41204441673268,300.0,2.289999370653666e-14,215.99999999999386,0.0,0.0,0.0,0.0,0.0,0.0
4.346758064666789e-15,11.0,0.0,0.0,0.0,4.36326774918697,1.0,24.0,0.00462962962962965,24.8824926593585,445.40679586191595,47.70224884413629,300.0,2.289999370653666e-14,215.99999999999386,0.0,0.0,0.0,0.0,0.0,0.0
4.452776554048906e-15,12.0,0.0,0.0,0.0,4.363267749186959,1.0,24.0,0.004629629629629539,24.8871222889881,444.5369001834514,51.97792270443992,300.0,2.289999370653666e-14,215.99999999999386,0.0,0.0,0.0,0.0,0.0,0.0
4.5587950434310235e-15,13.0,0.0,0.0,0.0,4.363267749186973,1.0,24.0,0.004629629629629761,24.8917519186178,443.5925161963088,56.23776358596634,300.0,2.289999370653666e-14,215.99999999999386,0.0,0.0,0.0,0.0,0.0,0.0
4.664813532813141e-15,14.0,0.0,0.0,0.0,4.363267749186965,1.0,24.0,0.004629629629629539,24.8963815482474,442.5739315689991,60.48047389991702,300.0,2.289999370653666e-14,215.99999999999386,0.0,0.0,0.0,0.0,0.0,0.0
4.770832022195258e-15,15.0,0.0,0.0,0.0,4.363267749186948,1.0,24.0,0.00462962962962965,24.901011177877,441.4814565722671,64.70476127563028,300.0,2.289999370653666e-14,215.99999999999386,0.0,0.0,0.0,0.0,0.0,0.0
4.876850511577375e-15,16.0,0.0,0.0,0.0,4.363267749186965,1.0,24.0,0.00462962962962965,24.9056408075067,440.31542398457975,68.90933895424988,300.0,2.289999370653666e-14,215.99999999999386,0.0,0.0,0.0,0.0,0.0,0.0
4.982869000959492e-15,17.0,0.0,0.0,0.0,4.363267749186995,1.0,24.0,0.00462962962962965,24.9102704371363,439.07618899075885,73.09292618068427,300.0,2.289999370653666e-14,215.99999999999386,0.0,0.0,0.0,0.0,0.0,0.0
5.088887490341609e-15,18.0,0.0,0.0,0.0,4.3632677491869725,1.0,24.0,0.00462962962962965,24.9149000667659,437.76412907378835,77.25424859373695,300.0,2.289999370653666e-14,215.99999999999386,0.0,0.0,0.0,0.0,0.0,0.0
5.1949059797237265e-15,19.0,0.0,0.0,0.0,4.363267749186959,1.0,24.0,0.004629629629629539,24.9195296963955,436.3796438998292,81.39203861428926,300.0,2.289999370653666e-14,215.99999999999386,0.0,0.0,0.0,0.0,0.0,0.0
5.300924469105844e-15,20.0,0.0,0.0,0.0,4.3632677491869725,1.0,24.0,0.00462962962962965,24.9241593260252,434.92315519647707,85.50503583141727,300.0,2.289999370653666e-14,215.99999999999386,0.0,0.0,0.0,0.0,0.0,0.0
5.406942958487961e-15,21.0,0.0,0.0,0.0,4.36326774918698,1.0,24.0,0.00462962962962965,24.9287889556548,433.3951066243004,89.59198738632517,300.0,2.289999370653666e-14,215.99999999999386,0.0,0.0,0.0,0.0,0.0,0.0
5.512961447870078e-15,22.0,0.0,0.0,0.0,4.363267749186947,1.0,24.0,0.00462962962962965,24.9334185852844,431.79596364169686,93.6516483539781,300.0,2.289999370653666e-14,215.99999999999386,0.0,0.0,0.0,0.0,0.0,0.0
5.618979937252195e-15,23.0,0.0,0.0,0.0,4.363267749186965,1.0,24.0,0.00462962962962965,24.9380482149141,430.1262133631101,97.68278212231853,300.0,2.289999370653666e-14,215.99999999999386,0.0,0.0,0.0,0.0,0.0,0.0
5.724998426634312e-15,24.0,0.0,0.0,0.0,4.36326774918696,1.0,24.0,0.004629629629629539,24.9426778445437,428.38636441065023,101.68416076895014,300.0,2.289999370653666e-14,215.99999999999386,0.0,0.0,0.0,0.0,0.0,0.0
5.8310169160164295e-15,25.0,0.0,0.0,0.0,4.363267749186971,1.0,24.0,0.004629629629629761,24.9473074741733,426.5769467591625,105.65456543517496,300.0,2.289999370653666e-14,215.99999999999386,0.0,0.0,0.0,0.0,0.0,0.0
5.937035405398547e-15,26.0,0.0,0.0,0.0,4.363267749186985,1.0,24.0,0.004629629629629539,24.951937103803,424.6985115747917,109.59278669726945,300.0,2.289999370653666e-14,215.99999999999386,0.0,0.0,0.0,0.0,0.0,0.0
6.043053894780664e-15,27.0,0.0,0.0,0.0,4.363267749186956,1.0,24.0,0.00462962962962965,24.9565667334326,422.75163104709196,113.49762493488679,300.0,2.289999370653666e-14,215.99999999999386,0.0,0.0,0.0,0.0,0.0,0.0
6.149072384162781e-15,28.0,0.0,0.0,0.0,4.363267749186985,1.0,24.0,0.00462962962962965,24.9611963630622,420.73689821473175,117.36789069647281,300.0,2.289999370653666e-14,215.99999999999386,0.0,0.0,0.0,0.0,0.0,0.0
6.255090873544898e-15,29.0,0.0,0.0,0.0,4.363267749186997,1.0,24.0,0.00462962962962965,24.9658259926918,418.6549267848489,121.20240506158437,300.0,2.289999370653666e-14,215.99999999999386,0.0,0.0,0.0,0.0,0.0,0.0
6.361109362927015e-15,30.0,0.0,0.0,0.0,4.363267749186922,1.0,24.0,0.004629629629629539,24.9704556223215,416.50635094610965,125.00000000000009,300.0,2.289999370653666e-14,215.99999999999386,0.0,0.0,0.0,0.0,0.0,0.0
6.4671278523091326e-15,31.0,0.0,0.0,0.0,4.363267749187019,1.0,24.0,0.00462962962962965,24.9750852519511,414.291825175528,128.75951872751367,300.0,2.289999370653666e-14,215.99999999999386,0.0,0.0,0.0,0.0,0.0,0.0
6.57314634169125e-15,32.0,0.0,0.0,0.0,4.363267749186973,1.0,24.0,0.00462962962962965,24.9797148815807,412.0120240391064,132.47981605830134,300.0,2.289999370653666e-14,215.99999999999386,0.0,0.0,0.0,0.0,0.0,0.0
6.679164831073367e-15,33.0,0.0,0.0,0.0,4.363267749186959,1.0,24.0,0.00462962962962965,24.9843445112104,409.66764198635593,136.15975875375688,300.0,2.289999370653666e-14,215.99999999999386,0.0,0.0,0.0,0.0,0.0,0.0
6.785183320455484e-15,34.0,0.0,0.0,0.0,4.363267749187002,1.0,24.0,0.00462962962962965,24.98897414084,407.25939313876034,139.79822586768685,300.0,2.289999370653666e-14,215.99999999999386,0.0,0.0,0.0,0.0,0.0,0.0
6.891201809837601e-15,35.0,0.0,0.0,0.0,4.363267749186935,1.0,24.0,0.004629629629629539,24.9936037704696,404.78801107224785,143.39410908776162,300.0,2.289999370653666e-14,215.99999999999386,0.0,0.0,0.0,0.0,0.0,0.0
6.9972202992197184e-15,36.0,0.0,0.0,0.0,4.3632677491869645,1.0,24.0,0.00462962962962965,24.9982334000993,402.2542485937368,146.9463130731184,300.0,2.289999370653666e-14,215.99999999999386,0.0,0.0,0.0,0.0,0.0,0.0
7.1032387886018356e-15,37.0,0.0,0.0,0.0,4.363267749186963,1.0,24.0,0.00462962962962965,25.0028630297289,399.65887751182316,150.4537557880122,300.0,2.289999370653666e-14,215.99999999999386,0.0,0.0,0.0,0.0,0.0,0.0
7.209257277983954e-15,38.0,0.0,0.0,0.0,4.363267749186967,1.0,24.0,0.00462962962962965,25.0074926593585,397.0026884016804,153.91536883141467,300.0,2.289999370653683e-14,215.99999999999386,0.0,0.0,3.680509439399048e-26,0.0,0.0,0.0
7.315275767366072e-15,39.0,0.0,0.0,0.0,4.363267749186982,1.0,24.0,0.004629629629629761,25.0121222889881,394.28649036424264,157.33009776245947,300.0,2.289999370653683e-14,215.99999999999386,0.0,0.0,0.0,0.0,0.0,0.0
7.42129425674819e-15,40.0,0.0,0.0,0.0,4.36326774918693,1.0,24.0,0.00462962962962965,25.0167519186178,391.51111077974446,160.69690242163492,300.0,2.289999370653683e-14,215.99999999999386,0.0,0.0,0.0,0.0,0.0,0.0
7.527312746130307e-15,41.0,0.0,0.0,0.0,4.3632677491869964,1.0,24.0,0.00462962962962965,25.0213815482474,388.6773950556929,164.0147572476269,300.0,2.289999370653683e-14,215.99999999999386,0.0,0.0,0.0,0.0,0.0,0.0
7.633331235512425e-15,42.0,0.0,0.0,0.0,4.363267749186993,1.0,24.0,0.004629629629629539,25.026011177877,385.78620636934846,167.28265158971467,300.0,2.289999370653683e-14,215.99999999999386,0.0,0.0,0.0,0.0,0.0,0.0
7.739349724894543e-15,43.0,0.0,0.0,0.0,4.363267749186954,1.0,24.0,0.00462962962962965,25.0306408075067,382.83842540479253,170.49959001562473,300.0,2.289999370653683e-14,215.99999999999386,0.0,0.0,0.0,0.0,0.0,0.0
7.845368214276661e-15,44.0,0.0,0.0,0.0,4.363267749186954,1.0,24.0,0.00462962962962965,25.0352704371363,379.8349500846627,173.6645926147494,300.0,2.289999370653683e-14,215.99999999999386,0.0,0.0,0.0,0.0,0.0,0.0
7.95138670365878e-15,45.0,0.0,0.0,0.0,4.363267749186981,1.0,24.0,0.00462962962962965,25.0399000667659,376.7766952966368,176.77669529663697,300.0,2.289999370653683e-14,215.99999999999386,0.0,0.0,0.0,0.0,0.0,0.0
8.057405193040897e-15,46.0,0.0,0.0,0.0,4.363267749186921,1.0,24.0,0.00462962962962965,25.0445296963955,373.66459261474927,179.83495008466286,300.0,2.289999370653683e-14,215.99999999999386,0.0,0.0,0.0,0.0,0.0,0.0
8.163423682423015e-15,47.0,0.0,0.0,0.0,4.363267749187016,1.0,24.0,0.004629629629629539,25.0491593260252,370.4995900156245,182.8384254047927,300.0,2.289999370653683e-14,215.99999999999386,0.0,0.0,0.0,0.0,0.0,0.0
8.269442171805133e-15,48.0,0.0,0.0,0.0,4.363267749186914,1.0,24.0,0.00462962962962965,25.0537889556548,367.2826515897145,185.7862063693486,300.0,2.289999370653683e-14,215.99999999999386,0.0,0.0,0.0,0.0,0.0,0.0
8.375460661187251e-15,49.0,0.0,0.0,0.0,4.36326774918701,1.0,24.0,0.00462962962962965,25.0584185852844,364.01475724762673,188.6773950556931,300.0,2.289999370653683e-14,215.99999999999386,0.0,0.0,0.0,0.0,0.0,0.0
8.481479150569369e-15,50.0,0.0,0.0,0.0,4.363267749186938,1.0,24.0,0.00462962962962965,25.0630482149141,360.6969024216348,191.5111107797446,300.0,2.289999370653683e-14,215.99999999999386,0.0,0.0,0.0,0.0,0.0,0.0
8.587497639951487e-15,51.0,0.0,0.0,0.0,4.363267749186973,1.0,24.0,0.00462962962962965,25.0676778445437,357.3300977624593,194.28649036424278,300.0,2.289999370653683e-14,215.99999999999386,0.0,0.0,0.0,0.0,0.0,0.0
8.693516129333605e-15,52.0,0.0,0.0,0.0,4.363267749187001,1.0,24.0,0.004629629629629539,25.0723074741733,353.91536883141447,197.0026884016806,300.0,2.289999370653683e-14,215.99999999999386,0.0,0.0,0.0,0.0,0.0,0.0
8.799534618715723e-15,53.0,0.0,0.0,0.0,4.363267749186927,1.0,24.0,0.00462962962962965,25.076937103803,350.453755788012,199.6588775118233,300.0,2.289999370653683e-14,215.99999999999386,0.0,0.0,0.0,0.0,0.0,0.0
8.905553108097841e-15,54.0,0.0,0.0,0.0,4.363267749186963,1.0,24.0,0.00462962962962965,25.0815667334326,346.94631307311823,202.25424859373695,300.0,2.289999370653683e-14,215.99999999999386,0.0,0.0,0.0,0.0,0.0,0.0
9.011571597479959e-15,55.0,0.0,0.0,0.0,4.3632677491870036,1.0,24.0,0.00462962962962965,25.0861963630622,343.3941090877614,204.78801107224803,300.0,2.289999370653683e-14,215.99999999999386,0.0,0.0,0.0,0.0,0.0,0.0
9.117590086862077e-15,56.0,0.0,0.0,0.0,4.363267749186935,1.0,24.0,0.00462962962962965,25.0908259926918,339.79822586768665,207.25939313876052,300.0,2.289999370653683e-14,215.99999999999386,0.0,0.0,0.0,0.0,0.0,0.0
9.223608576244195e-15,57.0,0.0,0.0,0.0,4.363267749186963,1.0,24.0,0.00462962962962965,25.0954556223215,336.1597587537567,209.66764198635607,300.0,2.289999370653683e-14,215.99999999999386,0.0,0.0,0.0,0.0,0.0,0.0
9.329627065626313e-15,58.0,0.0,0.0,0.0,4.363267749187013,1.0,24.0,0.004629629629629539,25.1000852519511,332.47981605830114,212.0120240391066,300.0,2.289999370653683e-14,215.99999999999386,0.0,0.0,0.0,0.0,0.0,0.0
9.43564555500843e-15,59.0,0.0,0.0,0.0,4.363267749186943,1.0,24.0,0.00462962962962965,25.1047148815807,328.75951872751347,214.29182517552815,300.0,2.289999370653683e-14,215.99999999999386,0.0,0.0,0.0,0.0,0.0,0.0
9.541664044390549e-15,60.0,0.0,0.0,0.0,4.363267749186941,1.0,24.0,0.00462962962962965,25.1093445112104,324.99999999999994,216.50635094610973,300.0,2.289999370653683e-14,215.99999999999386,0.0,0.0,0.0,0.0,0.0,0.0
9.647682533772667e-15,61.0,0.0,0.0,0.0,4.363267749186997,1.0,24.0,0.00462962962962965,25.11397414084,321.20240506158416,218.654926784849,300.0,2.289999370653683e-14,215.99999999999386,0.0,0.0,0.0,0.0,0.0,0.0
9.753701023154785e-15,62.0,0.0,0.0,0.0,4.363267749186957,1.0,24.0,0.00462962962962965,25.1186037704696,317.3678906964726,220.7368982147318,300.0,2.289999370653683e-14,215.99999999999386,0.0,0.0,0.0,0.0,0.0,0.0
9.859719512536903e-15,63.0,0.0,0.0,0.0,4.363267749186997,1.0,24.0,0.004629629629629539,25.1232334000993,313.4976249348866,222.75163104709202,300.0,2.289999370653683e-14,215.99999999999386,0.0,0.0,0.0,0.0,0.0,0.0
9.96573800191902e-15,64.0,0.0,0.0,0.0,4.363267749186943,1.0,24.0,0.00462962962962965,25.1278630297289,309.5927866972693,224.69851157479184,300.0,2.289999370653683e-14,215.99999999999386,0.0,0.0,0.0,0.0,0.0,0.0
1.0071756491301139e-14,65.0,0.0,0.0,0.0,4.363267749186961,1.0,24.0,0.00462962962962965,25.1324926593585,305.6545654351748,226.57694675916258,300.0,2.289999370653683e-14,215.99999999999386,0.0,0.0,0.0,0.0,0.0,0.0
1.0177774980683256e-14,66.0,0.0,0.0,0.0,4.3632677491869964,1.0,24.0,0.00462962962962965,25.1371222889881,301.68416076894994,228.3863644106503,300.0,2.289999370653683e-14,215.99999999999386,0.0,0.0,0.0,0.0,0.0,0.0
1.0283793470065374e-14,67.0,0.0,0.0,0.0,4.363267749186921,1.0,24.0,0.00462962962962965,25.1417519186178,297.6827821223184,230.12621336311014,300.0,2.289999370653683e-14,215.99999999999386,0.0,0.0,0.0,0.0,0.0,0.0
1.0389811959447492e-14,68.0,0.0,0.0,0.0,4.363267749187003,1.0,24.0,0.00462962962962965,25.1463815482474,293.6516483539779,231.79596364169694,300.0,2.289999370653683e-14,215.99999999999386,0.0,0.0,0.0,0.0,0.0,0.0
1.049583044882961e-14,69.0,0.0,0.0,0.0,4.363267749186943,1.0,24.0,0.004629629629629539,25.151011177877,289.591987386325,233.39510662430052,300.0,2.289999370653683e-14,215.99999999999386,0.0,0.0,0.0,0.0,0.0,0.0
1.0601848938211728e-14,70.0,0.0,0.0,0.0,4.36326774918697,1.0,24.0,0.00462962962962965,25.1556408075067,285.5050358314171,234.92315519647715,300.0,2.289999370653683e-14,215.99999999999386,0.0,0.0,0.0,0.0,0.0,0.0
1.0707867427593846e-14,71.0,0.0,0.0,0.0,4.36326774918695,1.0,24.0,0.00462962962962965,25.1602704371363,281.3920386142891,236.37964389982926,300.0,2.289999370653683e-14,215.99999999999386,0.0,0.0,0.0,0.0,0.0,0.0
1.0813885916975964e-14,72.0,0.0,0.0,0.0,4.363267749187018,1.0,24.0,0.00462962962962965,25.1649000667659,277.25424859373675,237.76412907378847,300.0,2.289999370653683e-14,215.99999999999386,0.0,0.0,0.0,0.0,0.0,0.0
1.0919904406358082e-14,73.0,0.0,0.0,0.0,4.363267749186978,1.0,24.0,0.00462962962962965,25.1695296963955,273.09292618068406,239.07618899075894,300.0,2.289999370653683e-14,215.99999999999386,0.0,0.0,0.0,0.0,0.0,0.0
1.10259228957402e-14,74.0,0.0,0.0,0.0,4.363267749186965,1.0,24.0,0.004629629629629539,25.1741593260252,268.9093389542497,240.31542398457978,300.0,2.289999370653683e-14,215.99999999999386,0.0,0.0,0.0,0.0,0.0,0.0
1.1131941385122318e-14,75.0,0.0,0.0,0.0,4.3632677491869245,1.0,24.0,0.00462962962962965,25.1787889556548,264.7047612756301,241.48145657226715,300.0,2.289999370653683e-14,215.99999999999386,0.0,0.0,0.0,0.0,0.0,0.0
1.1237959874504436e-14,76.0,0.0,0.0,0.0,4.363267749186933,1.0,24.0,0.00462962962962965,25.1834185852844,260.4804738999169,242.57393156899917,300.0,2.289999370653683e-14,215.99999999999386,0.0,0.0,0.0,0.0,0.0,0.0
1.1343978363886554e-14,77.0,0.0,0.0,0.0,4.3632677491870755,1.0,24.0,0.00462962962962965,25.1880482149141,256.2377635859661,243.59251619630885,300.0,2.289999370653683e-14,215.99999999999386,0.0,0.0,0.0,0.0,0.0,0.0
1.1449996853268672e-14,78.0,0.0,0.0,0.0,4.363267749186892,1.0,24.0,0.00462962962962965,25.1926778445437,251.97792270443975,244.53690018345142,300.0,2.289999370653683e-14,215.99999999999386,0.0,0.0,0.0,0.0,0.0,0.0
1.155601534265079e-14,79.0,0.0,0.0,0.0,4.363267749186951,1.0,24.0,0.004629629629629539,25.1973074741733,247.70224884413614,245.406795861916,300.0,2.289999370653683e-14,215.99999999999386,0.0,0.0,0.0,0.0,0.0,0.0
1.1662033832032908e-14,80.0,0.0,0.0,0.0,4.363267749186986,1.0,24.0,0.00462962962962965,25.201937103803,243.4120444167325,246.20193825305202,300.0,2.289999370653683e-14,215.99999999999386,0.0,0.0,0.0,0.0,0.0,0.0
1.1768052321415026e-14,81.0,0.0,0.0,0.0,4.3632677491869725,1.0,24.0,0.00462962962962965,25.2065667334326,239.10861626005763,246.92208514878448,300.0,2.289999370653683e-14,215.99999999999386,0.0,0.0,0.0,0.0,0.0,0.0
1.1874070810797144e-14,82.0,0.0,0.0,0.0,4.3632677491869085,1.0,24.0,0.00462962962962965,25.2111963630622,234.79327524001633,247.5670171853926,300.0,2.289999370653683e-14,215.99999999999386,0.0,0.0,0.0,0.0,0.0,0.0
1.1980089300179262e-14,83.0,0.0,0.0,0.0,4.363267749187058,1.0,24.0,0.0047591831861254486,25.2159555462483,230.46733585128675,248.13653791033053,300.0,2.2276614544106767e-14,210.12009012707307,0.0,0.0,-1.309844857931441e-13,-1235.4871924371835,0.0,0.0
1.208610778956138e-14,84.0,0.0,0.0,0.0,4.363267749186956,1.0,24.0,0.005111949126305082,25.2210674953747,226.13211581691326,248.63047384206834,300.0,2.073934750965177e-14,195.62010014028607,0.0,0.0,-3.007203312224472e-13,-2836.489493248418,0.0,0.0
1.2192126278943498e-14,85.0,0.0,0.0,0.0,4.363267749186987,1.0,24.0,0.005558914137538062,25.2266264095122,221.7889356869144,249.0486745229364,300.0,1.9071798333096e-14,179.89124768941312,0.0,0.0,-2.99977501954071e-13,-2829.4828921102185,0.0,0.0
1.2298144768325616e-14,86.0,0.0,0.0,0.0,4.363267749186899,1.0,24.0,0.006148771264266717,25.2327751807765,217.43911843603126,249.3910125649561,300.0,1.724222366153818e-14,162.6341194071608,0.0,0.0,-2.9755126559845146e-13,-2806.597861680516,0.0,0.0
1.2404163257707734e-14,87.0,0.0,0.0,0.0,4.363267749186977,1.0,24.0,0.006979168933259672,25.2397543497097,213.0839890607359,249.6573836886435,300.0,1.5190703992975458e-14,143.28353555599386,0.0,0.0,-2.9394899137432744e-13,-2772.6200692679176,0.0,0.0
1.2510181747089852e-14,88.0,0.0,0.0,0.0,4.363267749186982,1.0,24.0,0.008278583739614986,25.2480329334493,208.72487417562516,249.847706754774,300.0,1.2806355859491671e-14,120.79360811616796,0.0,0.0,-2.88014014048557e-13,-2716.639481727383,0.0,0.0
1.261620023647197e-14,89.0,0.0,0.0,0.0,4.363267749187041,1.0,24.0,0.01078886038065685,25.25882179383,204.36310160932072,249.96192378909788,300.0,9.82666246865084e-15,92.6881954828937,0.0,0.0,-2.7618240348934137e-13,-2605.0399802803145,0.0,0.0
1.2722218725854088e-14,90.0,0.0,0.0,0.0,4.363267749186897,1.0,24.0,0.02604661305353051,25.2848684068835,199.99999999999991,250.00000000000006,300.0,4.070336867378123e-15,38.39270764090573,0.0,0.0,-2.210009258955243e-13,-2084.5507909377957,0.0,0.0
1.2722218725854088e-14,90.0,0.0,0.0,0.0,4.363267749186897,1.0,24.0,0.01,25.2948684068835,199.99999999999991,250.00000000000006,300.0,0.0,0.0,0.0,0.0,0.0,0.0,0.0,0.0
1.2722218725854088e-14,90.0,0.0,0.0,0.0,4.363267749186897,1.0,24.0,1.03,26.3248684068835,199.99999999999991,250.00000000000006,300.0,0.0,0.0,0.0,0.0,0.0,0.0,0.0,0.0
1.2616200236471949e-14,88.99999999999999,0.0,0.0,0.0,4.363267749186953,0.9999999999999999,26.0,0.0,26.3248684068835,204.36310160932084,249.96192378909788,300.0,0.0,0.0,0.0,0.0,0.0,0.0,0.0,0.0
1.2510181747089831e-14,87.99999999999999,0.0,0.0,0.0,4.363267749186927,0.9999999999999999,26.0,0.03683547343418786,26.3617038803177,208.72487417562516,249.847706754774,300.0,-2.8781628006366247e-15,-27.1477439209965,0.0,0.0,-7.813562667462119e-14,-737.0000000000024,0.0,0.0
1.2404163257707713e-14,86.99999999999999,0.0,0.0,0.0,4.363267749186982,0.9999999999999999,26.0,0.008278583739614848,26.3699824640573,213.0839890607359,249.6573836886435,300.0,-1.2806355859491671e-14,-120.79360811616796,0.0,0.0,-1.1992622616529953e-12,-11311.821821291425,0.0,0.0
1.2298144768325595e-14,85.99999999999999,0.0,0.0,0.0,4.363267749187034,0.9999999999999999,26.0,0.007087058460148746,26.3770695225175,217.43911843603132,249.3910125649561,300.0,-1.4959448970015815e-14,-141.1022648709708,0.0,0.0,-3.038063143730401e-13,-2865.5974645898204,0.0,0.0
1.2192126278943477e-14,84.99999999999999,0.0,0.0,0.0,4.363267749186956,0.9999999999999999,26.0,0.0069444444444444475,26.3840139669619,221.78893568691453,249.0486745229364,300.0,-1.526666247102455e-14,-143.9999999999959,0.0,0.0,-4.4238744145256734e-14,-417.27385857960365,0.0,0.0
1.208610778956136e-14,83.99999999999999,0.0,0.0,0.0,4.363267749186931,0.9999999999999999,26.0,0.0069444444444444475,26.3909584114064,226.1321158169133,248.63047384206834,300.0,-1.526666247102455e-14,-143.9999999999959,0.0,0.0,0.0,0.0,0.0,0.0
1.1980089300179241e-14,82.99999999999999,0.0,0.0,0.0,4.363267749186956,0.9999999999999999,26.0,0.006944444444444434,26.3979028558508,230.4673358512868,248.13653791033053,300.0,-1.526666247102455e-14,-143.9999999999959,0.0,0.0,0.0,0.0,0.0,0.0
1.1874070810797123e-14,81.99999999999999,0.0,0.0,0.0,4.363267749187002,0.9999999999999999,26.0,0.0069444444444444475,26.4048473002952,234.79327524001633,247.5670171853926,300.0,-1.526666247102455e-14,-143.9999999999959,0.0,0.0,0.0,0.0,0.0,0.0
1.1768052321415005e-14,80.99999999999999,0.0,0.0,0.0,4.363267749186969,0.9999999999999999,26.0,0.0069444444444444475,26.4117917447397,239.1086162600577,246.92208514878445,300.0,-1.526666247102455e-14,-143.9999999999959,0.0,0.0,0.0,0.0,0.0,0.0
1.1662033832032887e-14,79.99999999999999,0.0,0.0,0.0,4.363267749186968,0.9999999999999999,26.0,0.0069444444444444475,26.4187361891841,243.41204441673256,246.20193825305202,300.0,-1.526666247102455e-14,-143.9999999999959,0.0,0.0,0.0,0.0,0.0,0.0
1.155601534265077e-14,78.99999999999999,0.0,0.0,0.0,4.363267749186991,0.9999999999999999,26.0,0.0069444444444444475,26.4256806336286,247.7022488441362,245.40679586191598,300.0,-1.526666247102455e-14,-143.9999999999959,0.0,0.0,0.0,0.0,0.0,0.0
1.1449996853268652e-14,77.99999999999999,0.0,0.0,0.0,4.363267749186946,0.9999999999999999,26.0,0.0069444444444444475,26.432625078073,251.9779227044398,244.53690018345142,300.0,-1.526666247102455e-14,-143.9999999999959,0.0,0.0,0.0,0.0,0.0,0.0
1.1343978363886534e-14,76.99999999999999,0.0,0.0,0.0,4.363267749186953,0.9999999999999999,26.0,0.006944444444444434,26.4395695225175,256.2377635859662,243.59251619630882,300.0,-1.526666247102455e-14,-143.9999999999959,0.0,0.0,0.0,0.0,0.0,0.0
1.1237959874504416e-14,75.99999999999999,0.0,0.0,0.0,4.36326774918702,0.9999999999999999,26.0,0.0069444444444444475,26.4465139669619,260.48047389991694,242.57393156899914,300.0,-1.526666247102455e-14,-143.9999999999959,0.0,0.0,0.0,0.0,0.0,0.0
1.1131941385122298e-14,74.99999999999999,0.0,0.0,0.0,4.363267749186879,0.9999999999999999,26.0,0.006944444444444461,26.4534584114064,264.7047612756301,241.48145657226712,300.0,-1.526666247102455e-14,-143.9999999999959,0.0,0.0,0.0,0.0,0.0,0.0
1.102592289574018e-14,73.99999999999999,0.0,0.0,0.0,4.363267749186979,0.9999999999999999,26.0,0.00694444444444442,26.4604028558508,268.90933895424973,240.31542398457975,300.0,-1.526666247102455e-14,-143.9999999999959,0.0,0.0,0.0,0.0,0.0,0.0
1.0919904406358062e-14,72.99999999999999,0.0,0.0,0.0,4.3632677491870115,0.9999999999999999,26.0,0.0069444444444444475,26.4673473002953,273.0929261806842,239.07618899075894,300.0,-1.526666247102455e-14,-143.9999999999959,0.0,0.0,0.0,0.0,0.0,0.0
1.0813885916975944e-14,71.99999999999999,0.0,0.0,0.0,4.363267749186924,0.9999999999999999,26.0,0.0069444444444444475,26.4742917447397,277.2542485937368,237.76412907378847,300.0,-1.526666247102455e-14,-143.9999999999959,0.0,0.0,0.0,0.0,0.0,0.0
1.0707867427593826e-14,70.99999999999999,0.0,0.0,0.0,4.363267749186964,0.9999999999999999,26.0,0.0069444444444444475,26.4812361891841,281.3920386142891,236.37964389982926,300.0,-1.526666247102455e-14,-143.9999999999959,0.0,0.0,0.0,0.0,0.0,0.0
1.0601848938211708e-14,69.99999999999999,0.0,0.0,0.0,4.3632677491870036,0.9999999999999999,26.0,0.0069444444444444475,26.4881806336286,285.50503583141716,234.92315519647715,300.0,-1.526666247102455e-14,-143.9999999999959,0.0,0.0,0.0,0.0,0.0,0.0
1.049583044882959e-14,68.99999999999999,0.0,0.0,0.0,4.36326774918698,0.9999999999999999,26.0,0.00694444444444442,26.495125078073,289.59198738632506,233.3951066243005,300.0,-1.526666247102455e-14,-143.9999999999959,0.0,0.0,0.0,0.0,0.0,0.0
1.0389811959447472e-14,67.99999999999999,0.0,0.0,0.0,4.3632677491869964,0.9999999999999999,26.0,0.0069444444444444475,26.5020695225175,293.65164835397803,231.79596364169691,300.0,-1.526666247102455e-14,-143.9999999999959,0.0,0.0,0.0,0.0,0.0,0.0
1.0283793470065354e-14,66.99999999999999,0.0,0.0,0.0,4.363267749186886,0.9999999999999999,26.0,0.0069444444444444475,26.5090139669619,297.6827821223184,230.12621336311014,300.0,-1.526666247102455e-14,-143.9999999999959,0.0,0.0,0.0,0.0,0.0,0.0
1.0177774980683236e-14,65.99999999999999,0.0,0.0,0.0,4.363267749187026,0.9999999999999999,26.0,0.0069444444444444475,26.5159584114064,301.68416076895005,228.3863644106503,300.0,-1.526666247102455e-14,-143.9999999999959,0.0,0.0,0.0,0.0,0.0,0.0
1.0071756491301118e-14,64.99999999999999,0.0,0.0,0.0,4.363267749186905,0.9999999999999999,26.0,0.0069444444444444475,26.5229028558508,305.6545654351748,226.57694675916255,300.0,-1.526666247102455e-14,-143.9999999999959,0.0,0.0,0.0,0.0,0.0,0.0
9.965738001919e-15,63.999999999999986,0.0,0.0,0.0,4.363267749187024,0.9999999999999999,26.0,0.0069444444444444475,26.5298473002953,309.59278669726933,224.69851157479178,300.0,-1.526666247102455e-14,-143.9999999999959,0.0,0.0,0.0,0.0,0.0,0.0
9.859719512536882e-15,62.999999999999986,0.0,0.0,0.0,4.363267749186968,0.9999999999999999,26.0,0.0069444444444444475,26.5367917447397,313.4976249348867,222.75163104709202,300.0,-1.526666247102455e-14,-143.9999999999959,0.0,0.0,0.0,0.0,0.0,0.0
9.753701023154764e-15,61.999999999999986,0.0,0.0,0.0,4.36326774918696,0.9999999999999999,26.0,0.00694444444444442,26.5437361891841,317.36789069647267,220.73689821473178,300.0,-1.526666247102455e-14,-143.9999999999959,0.0,0.0,0.0,0.0,0.0,0.0
9.647682533772646e-15,60.999999999999986,0.0,0.0,0.0,4.363267749186957,0.9999999999999999,26.0,0.0069444444444444475,26.5506806336286,321.2024050615842,218.65492678484898,300.0,-1.526666247102455e-14,-143.9999999999959,0.0,0.0,0.0,0.0,0.0,0.0
9.541664044390528e-15,59.999999999999986,0.0,0.0,0.0,4.363267749186997,0.9999999999999999,26.0,0.0069444444444444475,26.557625078073,325.0,216.5063509461097,300.0,-1.526666247102455e-14,-143.9999999999959,0.0,0.0,0.0,0.0,0.0,0.0
9.43564555500841e-15,58.999999999999986,0.0,0.0,0.0,4.363267749186878,0.9999999999999999,26.0,0.0069444444444444475,26.5645695225175,328.75951872751347,214.29182517552815,300.0,-1.526666247102455e-14,-143.9999999999959,0.0,0.0,0.0,0.0,0.0,0.0
9.329627065626292e-15,57.999999999999986,0.0,0.0,0.0,4.363267749187036,0.9999999999999999,26.0,0.0069444444444444475,26.5715139669619,332.4798160583012,212.0120240391065,300.0,-1.526666247102455e-14,-143.9999999999959,0.0,0.0,0.0,0.0,0.0,0.0
9.223608576244174e-15,56.999999999999986,0.0,0.0,0.0,4.363267749186983,0.9999999999999999,26.0,0.00694444444444442,26.5784584114064,336.15975875375676,209.66764198635605,300.0,-1.526666247102455e-14,-143.9999999999959,0.0,0.0,0.0,0.0,0.0,0.0
9.117590086862056e-15,55.999999999999986,0.0,0.0,0.0,4.363267749186979,0.9999999999999999,26.0,0.006944444444444475,26.5854028558508,339.7982258676867,207.25939313876046,300.0,-1.526666247102455e-14,-143.9999999999959,0.0,0.0,0.0,0.0,0.0,0.0
9.011571597479938e-15,54.999999999999986,0.0,0.0,0.0,4.363267749186935,0.9999999999999999,26.0,0.006944444444444475,26.5923473002953,343.3941090877615,204.78801107224797,300.0,-1.526666247102455e-14,-143.9999999999959,0.0,0.0,0.0,0.0,0.0,0.0
8.90555310809782e-15,53.999999999999986,0.0,0.0,0.0,4.363267749186957,0.9999999999999999,26.0,0.00694444444444442,26.5992917447397,346.94631307311823,202.2542485937369,300.0,-1.526666247102455e-14,-143.9999999999959,0.0,0.0,0.0,0.0,0.0,0.0
8.799534618715702e-15,52.999999999999986,0.0,0.0,0.0,4.363267749186991,0.9999999999999999,26.0,0.00694444444444442,26.6062361891841,350.4537557880121,199.65887751182328,300.0,-1.526666247102455e-14,-143.9999999999959,0.0,0.0,0.0,0.0,0.0,0.0
8.693516129333585e-15,51.999999999999986,0.0,0.0,0.0,4.363267749186989,0.9999999999999999,26.0,0.00694444444444442,26.6131806336286,353.9153688314146,197.00268840168053,300.0,-1.526666247102455e-14,-143.9999999999959,0.0,0.0,0.0,0.0,0.0,0.0
8.587497639951467e-15,50.999999999999986,0.0,0.0,0.0,4.36326774918692,0.9999999999999999,26.0,0.006944444444444475,26.620125078073,357.33009776245933,194.28649036424278,300.0,-1.526666247102455e-14,-143.9999999999959,0.0,0.0,0.0,0.0,0.0,0.0
8.481479150569349e-15,49.999999999999986,0.0,0.0,0.0,4.363267749186966,0.9999999999999999,26.0,0.006944444444444475,26.6270695225175,360.6969024216348,191.51111077974454,300.0,-1.526666247102455e-14,-143.9999999999959,0.0,0.0,0.0,0.0,0.0,0.0
8.37546066118723e-15,48.999999999999986,0.0,0.0,0.0,4.363267749186981,0.9999999999999999,26.0,0.00694444444444442,26.6340139669619,364.0147572476268,188.67739505569304,300.0,-1.526666247102455e-14,-143.9999999999959,0.0,0.0,0.0,0.0,0.0,0.0
8.269442171805113e-15,47.999999999999986,0.0,0.0,0.0,4.363267749186991,0.9999999999999999,26.0,0.00694444444444442,26.6409584114064,367.28265158971453,185.78620636934858,300.0,-1.526666247102455e-14,-143.9999999999959,0.0,0.0,0.0,0.0,0.0,0.0
8.163423682422995e-15,46.999999999999986,0.0,0.0,0.0,4.363267749186974,0.9999999999999999,26.0,0.006944444444444475,26.6479028558508,370.4995900156246,182.83842540479264,300.0,-1.526666247102455e-14,-143.9999999999959,0.0,0.0,0.0,0.0,0.0,0.0
8.057405193040877e-15,45.999999999999986,0.0,0.0,0.0,4.363267749186955,0.9999999999999999,26.0,0.00694444444444442,26.6548473002953,373.6645926147493,179.83495008466284,300.0,-1.526666247102455e-14,-143.9999999999959,0.0,0.0,0.0,0.0,0.0,0.0
7.951386703658759e-15,44.999999999999986,0.0,0.0,0.0,4.363267749187002,0.9999999999999999,26.0,0.006944444444444475,26.6617917447397,376.7766952966369,176.7766952966369,300.0,-1.526666247102455e-14,-143.9999999999959,0.0,0.0,0.0,0.0,0.0,0.0
7.845368214276641e-15,43.999999999999986,0.0,0.0,0.0,4.363267749186922,0.9999999999999999,26.0,0.00694444444444442,26.6687361891841,379.83495008466275,173.66459261474935,300.0,-1.526666247102455e-14,-143.9999999999959,0.0,0.0,0.0,0.0,0.0,0.0
7.739349724894523e-15,42.999999999999986,0.0,0.0,0.0,4.363267749186894,0.9999999999999999,26.0,0.006944444444444475,26.6756806336286,382.83842540479253,170.4995900156247,300.0,-1.526666247102455e-14,-143.9999999999959,0.0,0.0,0.0,0.0,0.0,0.0
7.633331235512405e-15,41.999999999999986,0.0,0.0,0.0,4.363267749187013,0.9999999999999999,26.0,0.00694444444444442,26.682625078073,385.7862063693485,167.28265158971462,300.0,-1.526666247102455e-14,-143.9999999999959,0.0,0.0,0.0,0.0,0.0,0.0
7.527312746130287e-15,40.999999999999986,0.0,0.0,0.0,4.363267749186972,0.9999999999999999,26.0,0.006944444444444475,26.6895695225175,388.67739505569295,164.01475724762687,300.0,-1.526666247102455e-14,-143.9999999999959,0.0,0.0,0.0,0.0,0.0,0.0
7.421294256748169e-15,39.999999999999986,0.0,0.0,0.0,4.36326774918696,0.9999999999999999,26.0,0.00694444444444442,26.6965139669619,391.51111077974446,160.6969024216349,300.0,-1.526666247102455e-14,-143.9999999999959,0.0,0.0,0.0,0.0,0.0,0.0
7.315275767366051e-15,38.999999999999986,0.0,0.0,0.0,4.363267749186966,0.9999999999999999,26.0,0.00694444444444442,26.7034584114064,394.2864903642427,157.33009776245945,300.0,-1.526666247102455e-14,-143.9999999999959,0.0,0.0,0.0,0.0,0.0,0.0
7.209257277983933e-15,37.999999999999986,0.0,0.0,0.0,4.363267749186982,0.9999999999999999,26.0,0.006944444444444475,26.7104028558508,397.0026884016805,153.91536883141464,300.0,-1.526666247102455e-14,-143.9999999999959,0.0,0.0,0.0,0.0,0.0,0.0
7.103238788601816e-15,36.999999999999986,0.0,0.0,0.0,4.363267749186955,0.9999999999999999,26.0,0.00694444444444442,26.7173473002953,399.65887751182316,150.45375578801213,300.0,-1.5266662471024437e-14,-143.9999999999959,0.0,0.0,1.6357819730662436e-26,0.0,0.0,0.0
6.997220299219699e-15,35.999999999999986,0.0,0.0,0.0,4.363267749186963,0.9999999999999999,26.0,0.006944444444444475,26.7242917447397,402.2542485937368,146.94631307311835,300.0,-1.5266662471024437e-14,-143.9999999999959,0.0,0.0,0.0,0.0,0.0,0.0
6.8912018098375815e-15,34.999999999999986,0.0,0.0,0.0,4.363267749186997,0.9999999999999999,26.0,0.00694444444444442,26.7312361891841,404.7880110722479,143.39410908776156,300.0,-1.5266662471024437e-14,-143.9999999999959,0.0,0.0,0.0,0.0,0.0,0.0
6.785183320455464e-15,33.999999999999986,0.0,0.0,0.0,4.363267749186927,0.9999999999999999,26.0,0.006944444444444475,26.7381806336286,407.25939313876034,139.79822586768677,300.0,-1.5266662471024437e-14,-143.9999999999959,0.0,0.0,0.0,0.0,0.0,0.0
6.679164831073347e-15,32.999999999999986,0.0,0.0,0.0,4.363267749186979,0.9999999999999999,26.0,0.00694444444444442,26.745125078073,409.66764198635593,136.15975875375682,300.0,-1.5266662471024437e-14,-143.9999999999959,0.0,0.0,0.0,0.0,0.0,0.0
6.57314634169123e-15,31.999999999999986,0.0,0.0,0.0,4.363267749186935,0.9999999999999999,26.0,0.006944444444444475,26.7520695225175,412.0120240391064,132.4798160583013,300.0,-1.5266662471024437e-14,-143.9999999999959,0.0,0.0,0.0,0.0,0.0,0.0
6.467127852309113e-15,30.999999999999986,0.0,0.0,0.0,4.363267749186973,0.9999999999999999,26.0,0.00694444444444442,26.7590139669619,414.291825175528,128.75951872751364,300.0,-1.5266662471024437e-14,-143.9999999999959,0.0,0.0,0.0,0.0,0.0,0.0
6.361109362926996e-15,29.999999999999986,0.0,0.0,0.0,4.363267749187019,0.9999999999999999,26.0,0.00694444444444442,26.7659584114064,416.50635094610965,125.00000000000006,300.0,-1.5266662471024437e-14,-143.9999999999959,0.0,0.0,0.0,0.0,0.0,0.0
6.2550908735448785e-15,28.999999999999986,0.0,0.0,0.0,4.363267749186947,0.9999999999999999,26.0,0.006944444444444475,26.7729028558508,418.6549267848489,121.20240506158432,300.0,-1.5266662471024437e-14,-143.9999999999959,0.0,0.0,0.0,0.0,0.0,0.0
6.149072384162761e-15,27.999999999999986,0.0,0.0,0.0,4.363267749187036,0.9999999999999999,26.0,0.00694444444444442,26.7798473002953,420.7368982147318,117.36789069647274,300.0,-1.5266662471024437e-14,-143.9999999999959,0.0,0.0,0.0,0.0,0.0,0.0
6.043053894780644e-15,26.999999999999986,0.0,0.0,0.0,4.3632677491869725,0.9999999999999999,26.0,0.006944444444444475,26.7867917447397,422.751631047092,113.49762493488673,300.0,-1.5266662471024437e-14,-143.9999999999959,0.0,0.0,0.0,0.0,0.0,0.0
5.937035405398527e-15,25.999999999999986,0.0,0.0,0.0,4.363267749186968,0.9999999999999999,26.0,0.00694444444444442,26.7937361891841,424.6985115747918,109.59278669726937,300.0,-1.5266662471024437e-14,-143.9999999999959,0.0,0.0,0.0,0.0,0.0,0.0
5.83101691601641e-15,24.999999999999986,0.0,0.0,0.0,4.363267749186948,0.9999999999999999,26.0,0.006944444444444475,26.8006806336286,426.5769467591625,105.6545654351749,300.0,-1.5266662471024437e-14,-143.9999999999959,0.0,0.0,0.0,0.0,0.0,0.0
5.724998426634293e-15,23.999999999999986,0.0,0.0,0.0,4.363267749186958,0.9999999999999999,26.0,0.00694444444444442,26.807625078073,428.38636441065023,101.6841607689501,300.0,-1.5266662471024437e-14,-143.9999999999959,0.0,0.0,0.0,0.0,0.0,0.0
5.6189799372521755e-15,22.999999999999986,0.0,0.0,0.0,4.363267749186973,0.9999999999999999,26.0,0.006944444444444475,26.8145695225175,430.1262133631101,97.68278212231847,300.0,-1.5266662471024437e-14,-143.9999999999959,0.0,0.0,0.0,0.0,0.0,0.0
5.512961447870058e-15,21.999999999999986,0.0,0.0,0.0,4.363267749186979,0.9999999999999999,26.0,0.00694444444444442,26.8215139669619,431.79596364169686,93.65164835397803,300.0,-1.5266662471024437e-14,-143.9999999999959,0.0,0.0,0.0,0.0,0.0,0.0
5.406942958487941e-15,20.999999999999986,0.0,0.0,0.0,4.363267749186954,0.9999999999999999,26.0,0.00694444444444442,26.8284584114064,433.39510662430047,89.59198738632512,300.0,-1.5266662471024437e-14,-143.9999999999959,0.0,0.0,0.0,0.0,0.0,0.0
5.300924469105824e-15,19.999999999999986,0.0,0.0,0.0,4.363267749186959,0.9999999999999999,26.0,0.00694444444444442,26.8354028558508,434.92315519647707,85.50503583141722,300.0,-1.5266662471024437e-14,-143.9999999999959,0.0,0.0,0.0,0.0,0.0,0.0
5.194905979723707e-15,18.999999999999986,0.0,0.0,0.0,4.3632677491869725,0.9999999999999999,26.0,0.00694444444444442,26.8423473002953,436.3796438998292,81.3920386142892,300.0,-1.5266662471024437e-14,-143.9999999999959,0.0,0.0,0.0,0.0,0.0,0.0
5.0888874903415896e-15,17.999999999999986,0.0,0.0,0.0,4.363267749186964,0.9999999999999999,26.0,0.006944444444444531,26.8492917447397,437.7641290737884,77.2542485937369,300.0,-1.5266662471024437e-14,-143.9999999999959,0.0,0.0,0.0,0.0,0.0,0.0
4.9828690009594724e-15,16.999999999999986,0.0,0.0,0.0,4.363267749186983,0.9999999999999999,26.0,0.00694444444444442,26.8562361891842,439.07618899075885,73.0929261806842,300.0,-1.5266662471024437e-14,-143.9999999999959,0.0,0.0,0.0,0.0,0.0,0.0
4.876850511577355e-15,15.999999999999986,0.0,0.0,0.0,4.363267749186981,0.9999999999999999,26.0,0.006944444444444531,26.8631806336286,440.31542398457975,68.90933895424982,300.0,-1.5266662471024437e-14,-143.9999999999959,0.0,0.0,0.0,0.0,0.0,0.0
4.770832022195238e-15,14.999999999999986,0.0,0.0,0.0,4.363267749186965,0.9999999999999999,26.0,0.00694444444444442,26.870125078073,441.4814565722671,64.70476127563022,300.0,-1.5266662471024437e-14,-143.9999999999959,0.0,0.0,0.0,0.0,0.0,0.0
4.664813532813121e-15,13.999999999999986,0.0,0.0,0.0,4.363267749186955,0.9999999999999999,26.0,0.00694444444444442,26.8770695225175,442.5739315689991,60.48047389991696,300.0,-1.5266662471024437e-14,-143.9999999999959,0.0,0.0,0.0,0.0,0.0,0.0
4.558795043431004e-15,12.999999999999986,0.0,0.0,0.0,4.3632677491869725,0.9999999999999999,26.0,0.00694444444444442,26.8840139669619,443.5925161963088,56.23776358596627,300.0,-1.5266662471024437e-14,-143.9999999999959,0.0,0.0,0.0,0.0,0.0,0.0
4.4527765540488866e-15,11.999999999999986,0.0,0.0,0.0,4.36326774918696,0.9999999999999999,26.0,0.00694444444444442,26.8909584114064,444.5369001834514,51.97792270443986,300.0,-1.5266662471024437e-14,-143.9999999999959,0.0,0.0,0.0,0.0,0.0,0.0
4.346758064666769e-15,10.999999999999986,0.0,0.0,0.0,4.363267749186966,0.9999999999999999,26.0,0.00694444444444442,26.8979028558508,445.40679586191595,47.70224884413623,300.0,-1.5266662471024437e-14,-143.9999999999959,0.0,0.0,0.0,0.0,0.0,0.0
4.240739575284652e-15,9.999999999999986,0.0,0.0,0.0,4.3632677491869805,0.9999999999999999,26.0,0.006944444444444531,26.9048473002953,446.20193825305205,43.41204441673261,300.0,-1.5266662471024437e-14,-143.9999999999959,0.0,0.0,0.0,0.0,0.0,0.0
4.134721085902535e-15,8.999999999999986,0.0,0.0,0.0,4.363267749186964,0.9999999999999999,26.0,0.00694444444444442,26.9117917447397,446.92208514878445,39.108616260057744,300.0,-1.5266662471024437e-14,-143.9999999999959,0.0,0.0,0.0,0.0,0.0,0.0
4.028702596520418e-15,7.999999999999986,0.0,0.0,0.0,4.363267749186966,0.9999999999999999,26.0,0.00694444444444442,26.9187361891842,447.5670171853926,34.79327524001639,300.0,-1.5266662471024437e-14,-143.9999999999959,0.0,0.0,0.0,0.0,0.0,0.0
3.922684107138301e-15,6.999999999999986,0.0,0.0,0.0,4.36326774918697,0.9999999999999999,26.0,0.00694444444444442,26.9256806336286,448.1365379103305,30.467335851286894,300.0,-1.5266662471024437e-14,-143.9999999999959,0.0,0.0,0.0,0.0,0.0,0.0
3.8166656177561835e-15,5.999999999999986,0.0,0.0,0.0,4.363267749186965,0.9999999999999999,26.0,0.006944444444444531,26.932625078073,448.63047384206834,26.132115816913394,300.0,-1.5266662471024437e-14,-143.9999999999959,0.0,0.0,0.0,0.0,0.0,0.0
3.710647128374066e-15,4.999999999999986,0.0,0.0,0.0,4.36326774918697,0.9999999999999999,26.0,0.00694444444444442,26.9395695225175,449.0486745229364,21.788935686914567,300.0,-1.5266662471024437e-14,-143.9999999999959,0.0,0.0,0.0,0.0,0.0,0.0
3.604628638991949e-15,3.999999999999986,0.0,0.0,0.0,4.363267749186965,0.9999999999999999,26.0,0.00694444444444442,26.9465139669619,449.3910125649561,17.439118436031354,300.0,-1.5266662471024437e-14,-143.9999999999959,0.0,0.0,0.0,0.0,0.0,0.0
3.498610149609832e-15,2.999999999999986,0.0,0.0,0.0,4.363267749186968,0.9999999999999999,26.0,0.00694444444444442,26.9534584114064,449.65738368864345,13.083989060735982,300.0,-1.5266662471024437e-14,-143.9999999999959,0.0,0.0,0.0,0.0,0.0,0.0
3.392591660227715e-15,1.9999999999999858,0.0,0.0,0.0,4.363267749186971,0.9999999999999999,26.0,0.00694444444444442,26.9604028558508,449.847706754774,8.724874175625267,300.0,-1.5266662471024437e-14,-143.9999999999959,0.0,0.0,0.0,0.0,0.0,0.0
3.2865731708455977e-15,0.9999999999999859,0.0,0.0,0.0,4.363267749186966,0.9999999999999999,26.0,0.006944444444444531,26.9673473002953,449.9619237890978,4.363101609320902,300.0,-1.5266662471024437e-14,-143.99999999999588,0.0,0.0,0.0,4.092726157978061e-12,0.0,0.0
3.1805546814634805e-15,-1.3988810110276972e-14,0.0,0.0,0.0,4.363267749186968,0.9999999999999999,26.0,0.00694444444444442,26.9742917447397,450.0,2.272536569798764e-14,300.0,-1.5266662471024437e-14,-143.99999999999588,0.0,0.0,0.0,0.0,0.0,0.0
3.0745361920813633e-15,-1.0000000000000138,0.0,0.0,0.0,4.363267749186968,0.9999999999999999,26.0,0.00694444444444442,26.9812361891842,449.9619237890978,-4.3631016093208554,300.0,-1.5266662471024437e-14,-143.99999999999588,0.0,0.0,0.0,0.0,0.0,0.0
2.968517702699246e-15,-2.0000000000000138,0.0,0.0,0.0,4.363267749186966,0.9999999999999999,26.0,0.00694444444444442,26.9881806336286,449.847706754774,-8.72487417562522,300.0,-1.5266662471024437e-14,-143.9999999999959,0.0,0.0,0.0,-4.092726157978061e-12,0.0,0.0
2.862499213317129e-15,-3.0000000000000138,0.0,0.0,0.0,4.363267749186969,0.9999999999999999,26.0,0.006944444444444531,26.995125078073,449.65738368864345,-13.083989060735934,300.0,-1.5266662471024437e-14,-143.9999999999959,0.0,0.0,0.0,0.0,0.0,0.0
2.7564807239350118e-15,-4.000000000000013,0.0,0.0,0.0,4.363267749186971,0.9999999999999999,26.0,0.00694444444444442,27.0020695225175,449.39101256495604,-17.439118436031304,300.0,-1.5266662471024437e-14,-143.99999999999585,0.0,0.0,0.0,8.185452315956121e-12,0.0,0.0
2.6504622345528946e-15,-5.000000000000013,0.0,0.0,0.0,4.363267749186968,0.9999999999999999,26.0,0.00694444444444442,27.0090139669619,449.0486745229364,-21.788935686914524,300.0,-1.5266662471024437e-14,-143.9999999999959,0.0,0.0,0.0,-8.185452315956121e-12,0.0,0.0
2.5444437451707774e-15,-6.000000000000013,0.0,0.0,0.0,4.363267749186967,0.9999999999999999,26.0,0.00694444444444442,27.0159584114064,448.63047384206834,-26.13211581691335,300.0,-1.5266662471024437e-14,-143.9999999999959,0.0,0.0,0.0,0.0,0.0,0.0
2.4384252557886603e-15,-7.000000000000013,0.0,0.0,0.0,4.3632677491869725,0.9999999999999999,26.0,0.00694444444444442,27.0229028558508,448.1365379103305,-30.467335851286855,300.0,-1.5266662471024437e-14,-143.9999999999959,0.0,0.0,0.0,0.0,0.0,0.0
2.332406766406543e-15,-8.000000000000012,0.0,0.0,0.0,4.363267749186966,0.9999999999999999,26.0,0.006944444444444531,27.0298473002953,447.56701718539256,-34.79327524001634,300.0,-1.5266662471024437e-14,-143.9999999999958,0.0,0.0,0.0,1.6370904631912243e-11,0.0,0.0
2.226388277024426e-15,-9.000000000000012,0.0,0.0,0.0,4.363267749186973,0.9999999999999999,26.0,0.00694444444444442,27.0367917447397,446.9220851487844,-39.1086162600577,300.0,-1.5266662471024437e-14,-143.9999999999959,0.0,0.0,0.0,-1.6370904631912243e-11,0.0,0.0
2.1203697876423088e-15,-10.000000000000012,0.0,0.0,0.0,4.363267749186964,0.9999999999999999,26.0,0.00694444444444442,27.0437361891842,446.201938253052,-43.41204441673257,300.0,-1.5266662471024437e-14,-143.9999999999959,0.0,0.0,0.0,0.0,0.0,0.0
2.0143512982601916e-15,-11.000000000000012,0.0,0.0,0.0,4.36326774918697,0.9999999999999999,26.0,0.00694444444444442,27.0506806336286,445.40679586191595,-47.702248844136186,300.0,-1.5266662471024437e-14,-143.9999999999959,0.0,0.0,0.0,0.0,0.0,0.0
1.9083328088780744e-15,-12.000000000000012,0.0,0.0,0.0,4.363267749186953,0.9999999999999999,26.0,0.006944444444444531,27.057625078073,444.5369001834514,-51.977922704439806,300.0,-1.5266662471024437e-14,-143.9999999999959,0.0,0.0,0.0,0.0,0.0,0.0
1.8023143194959572e-15,-13.000000000000012,0.0,0.0,0.0,4.363267749186973,0.9999999999999999,26.0,0.00694444444444442,27.0645695225175,443.5925161963088,-56.23776358596623,300.0,-1.5266662471024437e-14,-143.9999999999959,0.0,0.0,0.0,0.0,0.0,0.0
1.69629583011384e-15,-14.000000000000012,0.0,0.0,0.0,4.363267749186965,0.9999999999999999,26.0,0.00694444444444442,27.0715139669619,442.5739315689991,-60.48047389991691,300.0,-1.5266662471024437e-14,-143.9999999999959,0.0,0.0,0.0,0.0,0.0,0.0
1.5902773407317229e-15,-15.000000000000012,0.0,0.0,0.0,4.363267749186989,0.9999999999999999,26.0,0.00694444444444442,27.0784584114064,441.48145657226706,-64.70476127563019,300.0,-1.5266662471024437e-14,-143.9999999999959,0.0,0.0,0.0,0.0,0.0,0.0
1.4842588513496057e-15,-16.00000000000001,0.0,0.0,0.0,4.363267749186952,0.9999999999999999,26.0,0.00694444444444442,27.0854028558508,440.3154239845797,-68.90933895424978,300.0,-1.5266662471024437e-14,-143.99999999999565,0.0,0.0,0.0,3.6834535421802547e-11,0.0,0.0
1.3782403619674885e-15,-17.00000000000001,0.0,0.0,0.0,4.363267749186965,0.9999999999999999,26.0,0.006944444444444531,27.0923473002953,439.07618899075885,-73.09292618068416,300.0,-1.5266662471024437e-14,-143.9999999999959,0.0,0.0,0.0,-3.6834535421802547e-11,0.0,0.0
1.2722218725853714e-15,-18.00000000000001,0.0,0.0,0.0,4.363267749186987,0.9999999999999999,26.0,0.00694444444444442,27.0992917447397,437.76412907378835,-77.25424859373685,300.0,-1.5266662471024437e-14,-143.9999999999959,0.0,0.0,0.0,0.0,0.0,0.0
1.1662033832032542e-15,-19.00000000000001,0.0,0.0,0.0,4.363267749186964,0.9999999999999999,26.0,0.00694444444444442,27.1062361891842,436.37964389982915,-81.39203861428915,300.0,-1.5266662471024437e-14,-143.9999999999959,0.0,0.0,0.0,0.0,0.0,0.0
1.060184893821137e-15,-20.00000000000001,0.0,0.0,0.0,4.363267749186967,0.9999999999999999,26.0,0.00694444444444442,27.1131806336286,434.92315519647707,-85.50503583141717,300.0,-1.5266662471024437e-14,-143.9999999999959,0.0,0.0,0.0,0.0,0.0,0.0
9.541664044390198e-16,-21.00000000000001,0.0,0.0,0.0,4.363267749186966,0.9999999999999999,26.0,0.006944444444444531,27.120125078073,433.3951066243004,-89.59198738632506,300.0,-1.5266662471024437e-14,-143.9999999999959,0.0,0.0,0.0,0.0,0.0,0.0
8.481479150569027e-16,-22.00000000000001,0.0,0.0,0.0,4.36326774918696,0.9999999999999999,26.0,0.00694444444444442,27.1270695225175,431.79596364169686,-93.651648353978,300.0,-1.5266662471024437e-14,-143.9999999999959,0.0,0.0,0.0,0.0,0.0,0.0
7.421294256747855e-16,-23.00000000000001,0.0,0.0,0.0,4.363267749186965,0.9999999999999999,26.0,0.00694444444444442,27.1340139669619,430.1262133631101,-97.68278212231843,300.0,-1.5266662471024437e-14,-143.9999999999959,0.0,0.0,0.0,0.0,0.0,0.0
6.361109362926683e-16,-24.00000000000001,0.0,0.0,0.0,4.363267749186948,0.9999999999999999,26.0,0.00694444444444442,27.1409584114064,428.38636441065023,-101.68416076895002,300.0,-1.5266662471024437e-14,-143.9999999999959,0.0,0.0,0.0,0.0,0.0,0.0
5.300924469105512e-16,-25.00000000000001,0.0,0.0,0.0,4.363267749186958,0.9999999999999999,26.0,0.00694444444444442,27.1479028558508,426.5769467591625,-105.65456543517483,300.0,-1.5266662471024437e-14,-143.9999999999959,0.0,0.0,0.0,0.0,0.0,0.0
4.2407395752843393e-16,-26.00000000000001,0.0,0.0,0.0,4.363267749186998,0.9999999999999999,26.0,0.006944444444444531,27.1548473002953,424.6985115747917,-109.59278669726933,300.0,-1.5266662471024447e-14,-143.9999999999959,0.0,0.0,-1.3631516442218697e-27,0.0,0.0,0.0
3.180554681463167e-16,-27.00000000000001,0.0,0.0,0.0,4.363267749186994,0.9999999999999999,26.0,0.00694444444444442,27.1617917447397,422.7516310470919,-113.49762493488669,300.0,-1.5266662471024447e-14,-143.9999999999959,0.0,0.0,0.0,0.0,0.0,0.0
2.120369787641995e-16,-28.00000000000001,0.0,0.0,0.0,4.363267749186934,0.9999999999999999,26.0,0.00694444444444442,27.1687361891842,420.7368982147317,-117.36789069647266,300.0,-1.5266662471024447e-14,-143.9999999999959,0.0,0.0,0.0,0.0,0.0,0.0
1.0601848938208227e-16,-29.00000000000001,0.0,0.0,0.0,4.363267749186928,0.9999999999999999,26.0,0.00694444444444442,27.1756806336286,418.654926784849,-121.20240506158423,300.0,-1.5266662471024447e-14,-143.9999999999959,0.0,0.0,0.0,0.0,0.0,0.0
-3.4956398862606086e-29,-30.00000000000001,0.0,0.0,0.0,4.363267749186975,0.9999999999999999,26.0,0.006944444444444531,27.182625078073,416.5063509461097,-124.99999999999997,300.0,-1.5266662471024447e-14,-143.9999999999959,0.0,0.0,0.0,0.0,0.0,0.0
-1.0601848938215218e-16,-31.00000000000001,0.0,0.0,0.0,4.36326774918699,0.9999999999999999,26.0,0.00694444444444442,27.1895695225175,414.2918251755281,-128.75951872751355,300.0,-1.5266662471024447e-14,-143.9999999999959,0.0,0.0,0.0,0.0,0.0,0.0
-2.120369787642694e-16,-32.00000000000001,0.0,0.0,0.0,4.3632677491869485,0.9999999999999999,26.0,0.00694444444444442,27.1965139669619,412.0120240391065,-132.4798160583012,300.0,-1.5266662471024447e-14,-143.9999999999954,0.0,0.0,0.0,7.366907084360509e-11,0.0,0.0
-3.180554681463866e-16,-33.00000000000001,0.0,0.0,0.0,4.363267749186959,0.9999999999999999,26.0,0.00694444444444442,27.2034584114064,409.66764198635605,-136.15975875375673,300.0,-1.5266662471024447e-14,-143.9999999999959,0.0,0.0,0.0,-7.366907084360509e-11,0.0,0.0
-4.2407395752850385e-16,-34.00000000000001,0.0,0.0,0.0,4.363267749186979,0.9999999999999999,26.0,0.00694444444444442,27.2104028558508,407.25939313876046,-139.79822586768668,300.0,-1.5266662471024447e-14,-143.9999999999959,0.0,0.0,0.0,0.0,0.0,0.0
-5.300924469106211e-16,-35.00000000000001,0.0,0.0,0.0,4.363267749186927,0.9999999999999999,26.0,0.006944444444444531,27.2173473002953,404.788011072248,-143.39410908776148,300.0,-1.5266662471024447e-14,-143.9999999999959,0.0,0.0,0.0,0.0,0.0,0.0
-6.361109362927383e-16,-36.00000000000001,0.0,0.0,0.0,4.363267749186997,0.9999999999999999,26.0,0.00694444444444442,27.2242917447397,402.2542485937369,-146.94631307311826,300.0,-1.5266662471024453e-14,-143.9999999999959,0.0,0.0,-9.087677628145798e-28,0.0,0.0,0.0
-7.421294256748555e-16,-37.00000000000001,0.0,0.0,0.0,4.363267749186963,0.9999999999999999,26.0,0.00694444444444442,27.2312361891842,399.6588775118233,-150.45375578801205,300.0,-1.5266662471024437e-14,-143.9999999999959,0.0,0.0,2.2719194070364494e-27,0.0,0.0,0.0
-8.481479150569727e-16,-38.00000000000001,0.0,0.0,0.0,4.363267749186989,0.9999999999999999,26.0,0.00694444444444442,27.2381806336286,397.00268840168053,-153.91536883141455,300.0,-1.5266662471024437e-14,-143.9999999999959,0.0,0.0,0.0,0.0,0.0,0.0
-9.541664044390899e-16,-39.00000000000001,0.0,0.0,0.0,4.363267749186982,0.9999999999999999,26.0,0.006944444444444531,27.2451250780731,394.28649036424275,-157.33009776245936,300.0,-1.5266662471024437e-14,-143.9999999999959,0.0,0.0,0.0,0.0,0.0,0.0
-1.060184893821207e-15,-40.00000000000001,0.0,0.0,0.0,4.36326774918693,0.9999999999999999,26.0,0.00694444444444442,27.2520695225175,391.51111077974457,-160.6969024216348,300.0,-1.5266662471024437e-14,-143.9999999999959,0.0,0.0,0.0,0.0,0.0,0.0
-1.1662033832033242e-15,-41.00000000000001,0.0,0.0,0.0,4.36326774918696,0.9999999999999999,26.0,0.00694444444444442,27.2590139669619,388.67739505569307,-164.0147572476268,300.0,-1.5266662471024437e-14,-143.9999999999959,0.0,0.0,0.0,0.0,0.0,0.0
-1.2722218725854414e-15,-42.00000000000001,0.0,0.0,0.0,4.36326774918701,0.9999999999999999,26.0,0.006944444444444531,27.2659584114064,385.7862063693486,-167.28265158971453,300.0,-1.5266662471024437e-14,-143.9999999999959,0.0,0.0,0.0,0.0,0.0,0.0
-1.3782403619675586e-15,-43.00000000000001,0.0,0.0,0.0,4.363267749186954,0.9999999999999999,26.0,0.00694444444444442,27.2729028558508,382.83842540479264,-170.4995900156246,300.0,-1.5266662471024437e-14,-143.9999999999959,0.0,0.0,0.0,0.0,0.0,0.0
-1.4842588513496757e-15,-44.00000000000001,0.0,0.0,0.0,4.363267749186996,0.9999999999999999,26.0,0.006944444444444531,27.2798473002953,379.8349500846628,-173.66459261474932,300.0,-1.5266662471024437e-14,-143.9999999999959,0.0,0.0,0.0,0.0,0.0,0.0
-1.5902773407317929e-15,-45.00000000000001,0.0,0.0,0.0,4.363267749186981,0.9999999999999999,26.0,0.00694444444444442,27.2867917447397,376.7766952966369,-176.7766952966369,300.0,-1.5266662471024437e-14,-143.9999999999959,0.0,0.0,0.0,0.0,0.0,0.0
-1.69629583011391e-15,-46.00000000000001,0.0,0.0,0.0,4.363267749186962,0.9999999999999999,26.0,0.00694444444444442,27.2937361891842,373.6645926147493,-179.83495008466278,300.0,-1.5266662471024437e-14,-143.9999999999959,0.0,0.0,0.0,0.0,0.0,0.0
-1.8023143194960274e-15,-47.00000000000001,0.0,0.0,0.0,4.363267749186914,0.9999999999999999,26.0,0.00694444444444442,27.3006806336286,370.4995900156247,-182.8384254047926,300.0,-1.5266662471024466e-14,-143.9999999999959,0.0,0.0,-4.089454932665609e-27,0.0,0.0,0.0
-1.9083328088781446e-15,-48.00000000000001,0.0,0.0,0.0,4.363267749186994,0.9999999999999999,26.0,0.00694444444444442,27.3076250780731,367.2826515897146,-185.78620636934855,300.0,-1.5266662471024437e-14,-143.9999999999959,0.0,0.0,4.089454932665609e-27,0.0,0.0,0.0
-2.0143512982602618e-15,-49.00000000000001,0.0,0.0,0.0,4.363267749186972,0.9999999999999999,26.0,0.006944444444444531,27.3145695225175,364.01475724762685,-188.67739505569298,300.0,-1.5266662471024437e-14,-143.9999999999959,0.0,0.0,0.0,0.0,0.0,0.0
-2.120369787642379e-15,-50.00000000000001,0.0,0.0,0.0,4.363267749187,0.9999999999999999,26.0,0.00694444444444442,27.3215139669619,360.69690242163483,-191.5111107797445,300.0,-1.5266662471024437e-14,-143.9999999999959,0.0,0.0,0.0,0.0,0.0,0.0
-2.226388277024496e-15,-51.00000000000001,0.0,0.0,0.0,4.36326774918693,0.9999999999999999,26.0,0.006944444444444309,27.3284584114064,357.3300977624594,-194.2864903642427,300.0,-1.5266662471024437e-14,-143.9999999999959,0.0,0.0,0.0,0.0,0.0,0.0
-2.3324067664066133e-15,-52.00000000000001,0.0,0.0,0.0,4.363267749186938,0.9999999999999999,26.0,0.006944444444444642,27.3354028558508,353.91536883141464,-197.00268840168047,300.0,-1.5266662471024437e-14,-143.9999999999959,0.0,0.0,0.0,0.0,0.0,0.0
-2.4384252557887305e-15,-53.00000000000001,0.0,0.0,0.0,4.363267749187035,0.9999999999999999,26.0,0.00694444444444442,27.3423473002953,350.4537557880121,-199.65887751182322,300.0,-1.5266662471024437e-14,-143.9999999999959,0.0,0.0,0.0,0.0,0.0,0.0
-2.5444437451708477e-15,-54.00000000000001,0.0,0.0,0.0,4.3632677491869,0.9999999999999999,26.0,0.00694444444444442,27.3492917447397,346.94631307311835,-202.25424859373683,300.0,-1.5266662471024437e-14,-143.9999999999959,0.0,0.0,0.0,0.0,0.0,0.0
-2.650462234552965e-15,-55.00000000000001,0.0,0.0,0.0,4.363267749186957,0.9999999999999999,26.0,0.00694444444444442,27.3562361891842,343.3941090877616,-204.7880110722479,300.0,-1.5266662471024437e-14,-143.9999999999959,0.0,0.0,0.0,0.0,0.0,0.0
-2.756480723935082e-15,-56.00000000000001,0.0,0.0,0.0,4.363267749186982,0.9999999999999999,26.0,0.00694444444444442,27.3631806336286,339.79822586768677,-207.2593931387604,300.0,-1.5266662471024437e-14,-143.9999999999959,0.0,0.0,0.0,0.0,0.0,0.0
-2.862499213317199e-15,-57.00000000000001,0.0,0.0,0.0,4.363267749186979,0.9999999999999999,26.0,0.00694444444444442,27.3701250780731,336.1597587537568,-209.667641986356,300.0,-1.5266662471024437e-14,-143.9999999999959,0.0,0.0,0.0,0.0,0.0,0.0
-2.9685177026993163e-15,-58.00000000000001,0.0,0.0,0.0,4.36326774918695,0.9999999999999999,26.0,0.00694444444444442,27.3770695225175,332.4798160583013,-212.01202403910648,300.0,-1.5266662471024437e-14,-143.9999999999959,0.0,0.0,0.0,0.0,0.0,0.0
-3.0745361920814335e-15,-59.00000000000001,0.0,0.0,0.0,4.363267749187006,0.9999999999999999,26.0,0.00694444444444442,27.3840139669619,328.7595187275136,-214.29182517552806,300.0,-1.5266662471024437e-14,-143.9999999999959,0.0,0.0,0.0,0.0,0.0,0.0
-3.1805546814635507e-15,-60.00000000000001,0.0,0.0,0.0,4.36326774918699,0.9999999999999999,26.0,0.006944444444444642,27.3909584114064,325.0,-216.50635094610965,300.0,-1.5266662471024437e-14,-143.9999999999959,0.0,0.0,0.0,0.0,0.0,0.0
-3.286573170845668e-15,-61.00000000000001,0.0,0.0,0.0,4.3632677491869485,0.9999999999999999,26.0,0.00694444444444442,27.3979028558508,321.2024050615843,-218.65492678484893,300.0,-1.5266662471024437e-14,-143.9999999999959,0.0,0.0,0.0,0.0,0.0,0.0
-3.392591660227785e-15,-62.00000000000001,0.0,0.0,0.0,4.363267749187008,0.9999999999999999,26.0,0.00694444444444442,27.4048473002953,317.36789069647267,-220.73689821473172,300.0,-1.5266662471024437e-14,-143.9999999999959,0.0,0.0,0.0,0.0,0.0,0.0
-3.4986101496099022e-15,-63.00000000000001,0.0,0.0,0.0,4.363267749186884,0.9999999999999999,26.0,0.00694444444444442,27.4117917447397,313.49762493488674,-222.7516310470919,300.0,-1.5266662471024437e-14,-143.9999999999959,0.0,0.0,0.0,0.0,0.0,0.0
-3.604628638992019e-15,-64.0,0.0,0.0,0.0,4.363267749186994,0.9999999999999999,26.0,0.00694444444444442,27.4187361891842,309.5927866972694,-224.69851157479172,300.0,-1.5266662471024437e-14,-143.99999999999488,0.0,0.0,0.0,1.4733814168721019e-10,0.0,0.0
-3.7106471283741366e-15,-65.0,0.0,0.0,0.0,4.363267749186961,0.9999999999999999,26.0,0.00694444444444442,27.4256806336286,305.6545654351749,-226.57694675916247,300.0,-1.5266662471024437e-14,-143.9999999999959,0.0,0.0,0.0,-1.4733814168721019e-10,0.0,0.0
-3.816665617756254e-15,-66.0,0.0,0.0,0.0,4.363267749186957,0.9999999999999999,26.0,0.00694444444444442,27.4326250780731,301.6841607689501,-228.3863644106502,300.0,-1.5266662471024437e-14,-143.9999999999959,0.0,0.0,0.0,0.0,0.0,0.0
-3.922684107138371e-15,-67.0,0.0,0.0,0.0,4.363267749186909,0.9999999999999999,26.0,0.00694444444444442,27.4395695225175,297.68278212231854,-230.12621336311003,300.0,-1.5266662471024437e-14,-143.9999999999959,0.0,0.0,0.0,0.0,0.0,0.0
-4.028702596520488e-15,-68.0,0.0,0.0,0.0,4.363267749187055,0.9999999999999999,26.0,0.00694444444444442,27.4465139669619,293.65164835397803,-231.79596364169683,300.0,-1.5266662471024437e-14,-143.9999999999959,0.0,0.0,0.0,0.0,0.0,0.0
-4.134721085902605e-15,-69.0,0.0,0.0,0.0,4.363267749186954,0.9999999999999999,26.0,0.006944444444444642,27.4534584114064,289.5919873863251,-233.39510662430044,300.0,-1.5266662471024437e-14,-143.9999999999959,0.0,0.0,0.0,0.0,0.0,0.0
-4.2407395752847224e-15,-70.0,0.0,0.0,0.0,4.3632677491869165,0.9999999999999999,26.0,0.00694444444444442,27.4604028558508,285.5050358314173,-234.92315519647707,300.0,-1.5266662471024437e-14,-143.9999999999959,0.0,0.0,0.0,0.0,0.0,0.0
-4.3467580646668396e-15,-71.0,0.0,0.0,0.0,4.3632677491870036,0.9999999999999999,26.0,0.00694444444444442,27.4673473002953,281.3920386142892,-236.37964389982918,300.0,-1.5266662471024437e-14,-143.9999999999959,0.0,0.0,0.0,0.0,0.0,0.0
-4.452776554048957e-15,-72.0,0.0,0.0,0.0,4.363267749186964,0.9999999999999999,26.0,0.00694444444444442,27.4742917447397,277.2542485937369,-237.76412907378838,300.0,-1.5266662471024437e-14,-143.9999999999959,0.0,0.0,0.0,0.0,0.0,0.0
-4.558795043431074e-15,-73.0,0.0,0.0,0.0,4.363267749186978,0.9999999999999999,26.0,0.00694444444444442,27.4812361891842,273.09292618068423,-239.07618899075885,300.0,-1.5266662471024437e-14,-143.9999999999959,0.0,0.0,0.0,0.0,0.0,0.0
-4.664813532813191e-15,-74.0,0.0,0.0,0.0,4.363267749186973,0.9999999999999999,26.0,0.00694444444444442,27.4881806336286,268.90933895424985,-240.31542398457972,300.0,-1.5266662471024437e-14,-143.9999999999959,0.0,0.0,0.0,0.0,0.0,0.0
-4.770832022195308e-15,-75.0,0.0,0.0,0.0,4.363267749186979,0.9999999999999999,26.0,0.00694444444444442,27.4951250780731,264.70476127563023,-241.4814565722671,300.0,-1.5266662471024437e-14,-143.9999999999959,0.0,0.0,0.0,0.0,0.0,0.0
-4.8768505115774255e-15,-76.0,0.0,0.0,0.0,4.363267749186933,0.9999999999999999,26.0,0.00694444444444442,27.5020695225175,260.480473899917,-242.57393156899911,300.0,-1.5266662471024437e-14,-143.9999999999959,0.0,0.0,0.0,0.0,0.0,0.0
-4.982869000959543e-15,-77.0,0.0,0.0,0.0,4.363267749187034,0.9999999999999999,26.0,0.00694444444444442,27.5090139669619,256.23776358596626,-243.59251619630885,300.0,-1.5266662471024437e-14,-143.9999999999959,0.0,0.0,0.0,0.0,0.0,0.0
-5.08888749034166e-15,-78.0,0.0,0.0,0.0,4.363267749186919,0.9999999999999999,26.0,0.006944444444444642,27.5159584114064,251.9779227044399,-244.53690018345142,300.0,-1.5266662471024437e-14,-143.9999999999959,0.0,0.0,0.0,0.0,0.0,0.0
-5.194905979723777e-15,-79.0,0.0,0.0,0.0,4.363267749186979,0.9999999999999999,26.0,0.00694444444444442,27.5229028558508,247.70224884413625,-245.406795861916,300.0,-1.5266662471024437e-14,-143.9999999999959,0.0,0.0,0.0,0.0,0.0,0.0
-5.300924469105894e-15,-80.0,0.0,0.0,0.0,4.363267749186957,0.9999999999999999,26.0,0.00694444444444442,27.5298473002953,243.41204441673264,-246.20193825305202,300.0,-1.5266662471024437e-14,-143.9999999999959,0.0,0.0,0.0,0.0,0.0,0.0
-5.406942958488011e-15,-81.0,0.0,0.0,0.0,4.3632677491869725,0.9999999999999999,26.0,0.00694444444444442,27.5367917447397,239.10861626005777,-246.92208514878448,300.0,-1.5266662471024437e-14,-143.9999999999959,0.0,0.0,0.0,0.0,0.0,0.0
-5.5129614478701285e-15,-82.0,0.0,0.0,0.0,4.363267749186937,0.9999999999999999,26.0,0.00694444444444442,27.5437361891842,234.79327524001644,-247.5670171853926,300.0,-1.5266662471024437e-14,-143.9999999999959,0.0,0.0,0.0,0.0,0.0,0.0
-5.618979937252246e-15,-83.0,0.0,0.0,0.0,4.363267749187002,0.9999999999999999,26.0,0.00694444444444442,27.5506806336286,230.46733585128692,-248.13653791033053,300.0,-1.5266662471024437e-14,-143.9999999999959,0.0,0.0,0.0,0.0,0.0,0.0
-5.724998426634363e-15,-84.0,0.0,0.0,0.0,4.363267749186983,0.9999999999999999,26.0,0.00694444444444442,27.5576250780731,226.1321158169134,-248.63047384206834,300.0,-1.5266662471024437e-14,-143.9999999999959,0.0,0.0,0.0,0.0,0.0,0.0
-5.83101691601648e-15,-85.0,0.0,0.0,0.0,4.363267749186987,0.9999999999999999,26.0,0.00694444444444442,27.5645695225175,221.78893568691456,-249.0486745229364,300.0,-1.5266662471024437e-14,-143.9999999999959,0.0,0.0,0.0,0.0,0.0,0.0
-5.937035405398597e-15,-86.0,0.0,0.0,0.0,4.363267749186897,0.9999999999999999,26.0,0.00694444444444442,27.5715139669619,217.4391184360314,-249.39101256495607,300.0,-1.5266662471024437e-14,-143.9999999999959,0.0,0.0,0.0,0.0,0.0,0.0
-6.043053894780714e-15,-87.0,0.0,0.0,0.0,4.363267749186977,0.9999999999999999,26.0,0.007087058460148787,27.5786010254221,213.08398906073603,-249.65738368864348,300.0,-1.49594489700157e-14,-141.1022648709708,0.0,0.0,4.334852079127293e-14,408.8769897016175,0.0,0.0
-6.1490723841628315e-15,-88.0,0.0,0.0,0.0,4.363267749186982,0.9999999999999999,26.0,0.008278583739615097,27.5868796091617,208.7248741756253,-249.84770675477398,300.0,-1.2806355859491575e-14,-120.79360811616796,0.0,0.0,2.600798854302724e-13,2453.155925405422,0.0,0.0
-6.255090873544949e-15,-89.0,0.0,0.0,0.0,4.363267749187041,0.9999999999999999,26.0,0.01078886038065674,27.5976684695424,204.36310160932086,-249.96192378909785,300.0,-9.826662468650768e-15,-92.6881954828937,0.0,0.0,2.7618240348933915e-13,2605.0399802803145,0.0,0.0
-6.361109362927066e-15,-90.0,0.0,0.0,0.0,4.363267749186897,0.9999999999999999,26.0,0.02604661305353062,27.6237150825959,200.00000000000006,-250.00000000000003,300.0,-4.070336867378093e-15,-38.39270764090573,0.0,0.0,2.2100092589552267e-13,2084.5507909377957,0.0,0.0
-6.361109362927066e-15,-90.0,0.0,0.0,0.0,4.363267749186897,0.9999999999999999,26.0,0.01,27.6337150825959,200.00000000000006,-250.00000000000003,300.0,0.0,0.0,0.0,0.0,0.0,0.0,0.0,0.0
-6.361109362927066e-15,-90.0,0.0,0.0,0.0,4.363267749186897,0.9999999999999999,26.0,1.03,28.6637150825959,200.00000000000006,-250.00000000000003,300.0,0.0,0.0,0.0,0.0,0.0,0.0,0.0,0.0
-6.255090873544949e-15,-89.0,0.0,0.0,0.0,4.363267749186897,1.0,27.0,0.0,28.6637150825959,204.36310160932086,-249.96192378909785,300.0,0.0,0.0,0.0,0.0,0.0,0.0,0.0,0.0
-6.1490723841628315e-15,-88.0,0.0,0.0,0.0,4.363267749187041,1.0,27.0,0.036835473434187735,28.7005505560301,208.7248741756253,-249.84770675477398,300.0,2.8781628006366034e-15,27.1477439209965,0.0,0.0,7.813562667462061e-14,737.0000000000024,0.0,0.0
-6.043053894780714e-15,-87.0,0.0,0.0,0.0,4.363267749186982,1.0,27.0,0.008278583739614868,28.7088291397697,213.08398906073603,-249.65738368864348,300.0,1.2806355859491575e-14,120.79360811616796,0.0,0.0,1.1992622616529864e-12,11311.821821291425,0.0,0.0
-5.937035405398597e-15,-86.0,0.0,0.0,0.0,4.363267749186977,1.0,27.0,0.007087058460148753,28.7159161982299,217.4391184360314,-249.39101256495607,300.0,1.49594489700157e-14,141.1022648709708,0.0,0.0,3.0380631437303765e-13,2865.5974645898204,0.0,0.0
-5.83101691601648e-15,-85.0,0.0,0.0,0.0,4.363267749186897,1.0,27.0,0.0069444444444444475,28.7228606426743,221.78893568691456,-249.0486745229364,300.0,1.5266662471024437e-14,143.9999999999959,0.0,0.0,4.4238744145256734e-14,417.27385857960365,0.0,0.0
-5.724998426634363e-15,-84.0,0.0,0.0,0.0,4.363267749186987,1.0,27.0,0.0069444444444444475,28.7298050871187,226.1321158169134,-248.63047384206834,300.0,1.5266662471024437e-14,143.9999999999959,0.0,0.0,0.0,0.0,0.0,0.0
-5.618979937252246e-15,-83.0,0.0,0.0,0.0,4.363267749186983,1.0,27.0,0.006944444444444434,28.7367495315632,230.46733585128692,-248.13653791033053,300.0,1.5266662471024437e-14,143.9999999999959,0.0,0.0,0.0,0.0,0.0,0.0
-5.5129614478701285e-15,-82.0,0.0,0.0,0.0,4.363267749187002,1.0,27.0,0.0069444444444444475,28.7436939760076,234.79327524001644,-247.5670171853926,300.0,1.5266662471024437e-14,143.9999999999959,0.0,0.0,0.0,0.0,0.0,0.0
-5.406942958488011e-15,-81.0,0.0,0.0,0.0,4.363267749186937,1.0,27.0,0.0069444444444444475,28.7506384204521,239.10861626005777,-246.92208514878448,300.0,1.5266662471024437e-14,143.9999999999959,0.0,0.0,0.0,0.0,0.0,0.0
-5.300924469105894e-15,-80.0,0.0,0.0,0.0,4.3632677491869725,1.0,27.0,0.006944444444444434,28.7575828648965,243.41204441673264,-246.20193825305202,300.0,1.5266662471024437e-14,143.9999999999959,0.0,0.0,0.0,0.0,0.0,0.0
-5.194905979723777e-15,-79.0,0.0,0.0,0.0,4.363267749186957,1.0,27.0,0.0069444444444444475,28.764527309341,247.70224884413625,-245.406795861916,300.0,1.5266662471024437e-14,143.9999999999959,0.0,0.0,0.0,0.0,0.0,0.0
-5.08888749034166e-15,-78.0,0.0,0.0,0.0,4.363267749186979,1.0,27.0,0.0069444444444444475,28.7714717537854,251.9779227044399,-244.53690018345142,300.0,1.5266662471024437e-14,143.9999999999959,0.0,0.0,0.0,0.0,0.0,0.0
-4.982869000959543e-15,-77.0,0.0,0.0,0.0,4.363267749186919,1.0,27.0,0.0069444444444444475,28.7784161982299,256.23776358596626,-243.59251619630885,300.0,1.5266662471024437e-14,143.9999999999959,0.0,0.0,0.0,0.0,0.0,0.0
-4.8768505115774255e-15,-76.0,0.0,0.0,0.0,4.363267749187034,1.0,27.0,0.0069444444444444475,28.7853606426743,260.480473899917,-242.57393156899911,300.0,1.5266662471024437e-14,143.9999999999959,0.0,0.0,0.0,0.0,0.0,0.0
-4.770832022195308e-15,-75.0,0.0,0.0,0.0,4.363267749186933,1.0,27.0,0.0069444444444444475,28.7923050871187,264.70476127563023,-241.4814565722671,300.0,1.5266662471024437e-14,143.9999999999959,0.0,0.0,0.0,0.0,0.0,0.0
-4.664813532813191e-15,-74.0,0.0,0.0,0.0,4.363267749186979,1.0,27.0,0.00694444444444442,28.7992495315632,268.90933895424985,-240.31542398457972,300.0,1.5266662471024437e-14,143.9999999999959,0.0,0.0,0.0,0.0,0.0,0.0
-4.558795043431074e-15,-73.0,0.0,0.0,0.0,4.363267749186973,1.0,27.0,0.006944444444444475,28.8061939760076,273.09292618068423,-239.07618899075885,300.0,1.5266662471024437e-14,143.9999999999959,0.0,0.0,0.0,0.0,0.0,0.0
-4.452776554048957e-15,-72.0,0.0,0.0,0.0,4.363267749186978,1.0,27.0,0.00694444444444442,28.8131384204521,277.2542485937369,-237.76412907378838,300.0,1.5266662471024437e-14,143.9999999999959,0.0,0.0,0.0,0.0,0.0,0.0
-4.3467580646668396e-15,-71.0,0.0,0.0,0.0,4.363267749186964,1.0,27.0,0.006944444444444475,28.8200828648965,281.3920386142892,-236.37964389982918,300.0,1.5266662471024437e-14,143.9999999999959,0.0,0.0,0.0,0.0,0.0,0.0
-4.2407395752847224e-15,-70.0,0.0,0.0,0.0,4.3632677491870036,1.0,27.0,0.00694444444444442,28.827027309341,285.5050358314173,-234.92315519647707,300.0,1.5266662471024437e-14,143.9999999999959,0.0,0.0,0.0,0.0,0.0,0.0
-4.134721085902605e-15,-69.0,0.0,0.0,0.0,4.3632677491869165,1.0,27.0,0.00694444444444442,28.8339717537854,289.5919873863251,-233.39510662430044,300.0,1.5266662471024437e-14,143.9999999999959,0.0,0.0,0.0,0.0,0.0,0.0
-4.028702596520488e-15,-68.0,0.0,0.0,0.0,4.363267749186954,1.0,27.0,0.006944444444444475,28.8409161982299,293.65164835397803,-231.79596364169683,300.0,1.5266662471024437e-14,143.9999999999959,0.0,0.0,0.0,0.0,0.0,0.0
-3.922684107138371e-15,-67.0,0.0,0.0,0.0,4.363267749187055,1.0,27.0,0.00694444444444442,28.8478606426743,297.68278212231854,-230.12621336311003,300.0,1.5266662471024437e-14,143.9999999999959,0.0,0.0,0.0,0.0,0.0,0.0
-3.816665617756254e-15,-66.0,0.0,0.0,0.0,4.363267749186909,1.0,27.0,0.0069444444444444475,28.8548050871187,301.6841607689501,-228.3863644106502,300.0,1.5266662471024437e-14,143.9999999999959,0.0,0.0,0.0,0.0,0.0,0.0
-3.7106471283741366e-15,-65.0,0.0,0.0,0.0,4.363267749186957,1.0,27.0,0.0069444444444444475,28.8617495315632,305.6545654351749,-226.57694675916247,300.0,1.5266662471024437e-14,143.9999999999959,0.0,0.0,0.0,0.0,0.0,0.0
-3.604628638992019e-15,-64.0,0.0,0.0,0.0,4.363267749186961,1.0,27.0,0.0069444444444444475,28.8686939760076,309.5927866972694,-224.69851157479172,300.0,1.5266662471024437e-14,143.9999999999959,0.0,0.0,0.0,0.0,0.0,0.0
-3.498610149609902e-15,-63.0,0.0,0.0,0.0,4.363267749186994,1.0,27.0,0.0069444444444444475,28.8756384204521,313.49762493488674,-222.7516310470919,300.0,1.5266662471024494e-14,143.9999999999959,0.0,0.0,8.178909865331218e-27,0.0,0.0,0.0
-3.3925916602277842e-15,-62.0,0.0,0.0,0.0,4.363267749186997,1.0,27.0,0.0069444444444444475,28.8825828648965,317.3678906964728,-220.7368982147317,300.0,1.5266662471024494e-14,143.9999999999959,0.0,0.0,0.0,0.0,0.0,0.0
-3.2865731708456667e-15,-61.0,0.0,0.0,0.0,4.363267749186957,1.0,27.0,0.0069444444444444475,28.889527309341,321.20240506158433,-218.6549267848489,300.0,1.5266662471024494e-14,143.9999999999959,0.0,0.0,0.0,0.0,0.0,0.0
-3.180554681463549e-15,-60.0,0.0,0.0,0.0,4.3632677491869485,1.0,27.0,0.0069444444444444475,28.8964717537854,325.00000000000006,-216.50635094610962,300.0,1.5266662471024494e-14,143.9999999999959,0.0,0.0,0.0,0.0,0.0,0.0
-3.0745361920814315e-15,-59.0,0.0,0.0,0.0,4.36326774918699,1.0,27.0,0.0069444444444444475,28.9034161982299,328.75951872751364,-214.29182517552803,300.0,1.5266662471024494e-14,143.9999999999959,0.0,0.0,0.0,0.0,0.0,0.0
-2.968517702699314e-15,-58.0,0.0,0.0,0.0,4.363267749186943,1.0,27.0,0.00694444444444442,28.9103606426743,332.4798160583013,-212.01202403910648,300.0,1.5266662471024494e-14,143.9999999999959,0.0,0.0,0.0,0.0,0.0,0.0
-2.8624992133171964e-15,-57.0,0.0,0.0,0.0,4.363267749187013,1.0,27.0,0.00694444444444442,28.9173050871187,336.1597587537569,-209.66764198635596,300.0,1.5266662471024494e-14,143.9999999999959,0.0,0.0,0.0,0.0,0.0,0.0
-2.756480723935079e-15,-56.0,0.0,0.0,0.0,4.363267749186916,1.0,27.0,0.006944444444444475,28.9242495315632,339.79822586768677,-207.2593931387604,300.0,1.5266662471024494e-14,143.9999999999959,0.0,0.0,0.0,0.0,0.0,0.0
-2.6504622345529613e-15,-55.0,0.0,0.0,0.0,4.363267749186982,1.0,27.0,0.006944444444444475,28.9311939760076,343.3941090877616,-204.7880110722479,300.0,1.5266662471024494e-14,143.9999999999959,0.0,0.0,0.0,0.0,0.0,0.0
-2.5444437451708437e-15,-54.0,0.0,0.0,0.0,4.363267749186957,1.0,27.0,0.00694444444444442,28.9381384204521,346.94631307311835,-202.25424859373683,300.0,1.5266662471024494e-14,143.9999999999959,0.0,0.0,0.0,0.0,0.0,0.0
-2.438425255788726e-15,-53.0,0.0,0.0,0.0,4.363267749187008,1.0,27.0,0.00694444444444442,28.9450828648965,350.4537557880122,-199.6588775118232,300.0,1.5266662471024494e-14,143.9999999999959,0.0,0.0,0.0,0.0,0.0,0.0
-2.3324067664066086e-15,-52.0,0.0,0.0,0.0,4.363267749186927,1.0,27.0,0.006944444444444475,28.952027309341,353.91536883141464,-197.00268840168047,300.0,1.5266662471024494e-14,143.9999999999959,0.0,0.0,0.0,0.0,0.0,0.0
-2.226388277024491e-15,-51.0,0.0,0.0,0.0,4.363267749187001,1.0,27.0,0.006944444444444475,28.9589717537854,357.33009776245945,-194.28649036424267,300.0,1.5266662471024494e-14,143.9999999999959,0.0,0.0,0.0,0.0,0.0,0.0
-2.1203697876423734e-15,-50.0,0.0,0.0,0.0,4.36326774918693,1.0,27.0,0.00694444444444442,28.9659161982299,360.6969024216349,-191.51111077974448,300.0,1.5266662471024494e-14,143.9999999999959,0.0,0.0,0.0,0.0,0.0,0.0
-2.014351298260256e-15,-49.0,0.0,0.0,0.0,4.363267749186938,1.0,27.0,0.00694444444444442,28.9728606426743,364.01475724762685,-188.67739505569298,300.0,1.5266662471024494e-14,143.9999999999959,0.0,0.0,0.0,0.0,0.0,0.0
-1.9083328088781383e-15,-48.0,0.0,0.0,0.0,4.36326774918701,1.0,27.0,0.006944444444444475,28.9798050871187,367.2826515897146,-185.7862063693485,300.0,1.5266662471024494e-14,143.9999999999959,0.0,0.0,0.0,0.0,0.0,0.0
-1.8023143194960207e-15,-47.0,0.0,0.0,0.0,4.363267749186956,1.0,27.0,0.00694444444444442,28.9867495315632,370.4995900156247,-182.8384254047926,300.0,1.5266662471024494e-14,143.9999999999959,0.0,0.0,0.0,0.0,0.0,0.0
-1.6962958301139034e-15,-46.0,0.0,0.0,0.0,4.363267749187016,1.0,27.0,0.006944444444444475,28.9936939760076,373.66459261474944,-179.83495008466275,300.0,1.5266662471024466e-14,143.9999999999959,0.0,0.0,-4.089454932665609e-27,0.0,0.0,0.0
-1.590277340731786e-15,-45.0,0.0,0.0,0.0,4.363267749186921,1.0,27.0,0.00694444444444442,29.0006384204521,376.77669529663694,-176.77669529663686,300.0,1.5266662471024466e-14,143.9999999999959,0.0,0.0,0.0,0.0,0.0,0.0
-1.4842588513496686e-15,-44.0,0.0,0.0,0.0,4.363267749186981,1.0,27.0,0.00694444444444442,29.0075828648965,379.83495008466286,-173.6645926147493,300.0,1.5266662471024466e-14,143.9999999999959,0.0,0.0,0.0,0.0,0.0,0.0
-1.3782403619675513e-15,-43.0,0.0,0.0,0.0,4.363267749186996,1.0,27.0,0.006944444444444475,29.014527309341,382.8384254047927,-170.49959001562456,300.0,1.5266662471024466e-14,143.9999999999959,0.0,0.0,0.0,0.0,0.0,0.0
-1.2722218725854339e-15,-42.0,0.0,0.0,0.0,4.363267749186915,1.0,27.0,0.00694444444444442,29.0214717537854,385.7862063693486,-167.2826515897145,300.0,1.5266662471024466e-14,143.9999999999959,0.0,0.0,0.0,0.0,0.0,0.0
-1.1662033832033165e-15,-41.0,0.0,0.0,0.0,4.363267749187031,1.0,27.0,0.006944444444444475,29.0284161982299,388.67739505569307,-164.01475724762673,300.0,1.5266662471024466e-14,143.9999999999959,0.0,0.0,0.0,0.0,0.0,0.0
-1.0601848938211991e-15,-40.0,0.0,0.0,0.0,4.36326774918696,1.0,27.0,0.00694444444444442,29.0353606426743,391.51111077974457,-160.69690242163475,300.0,1.5266662471024466e-14,143.9999999999959,0.0,0.0,0.0,0.0,0.0,0.0
-9.541664044390818e-16,-39.0,0.0,0.0,0.0,4.36326774918693,1.0,27.0,0.006944444444444475,29.0423050871187,394.28649036424275,-157.3300977624593,300.0,1.5266662471024466e-14,143.9999999999959,0.0,0.0,0.0,0.0,0.0,0.0
-8.481479150569644e-16,-38.0,0.0,0.0,0.0,4.363267749187018,1.0,27.0,0.00694444444444442,29.0492495315632,397.0026884016806,-153.9153688314145,300.0,1.5266662471024466e-14,143.9999999999959,0.0,0.0,0.0,0.0,0.0,0.0
-7.42129425674847e-16,-37.0,0.0,0.0,0.0,4.3632677491869325,1.0,27.0,0.006944444444444475,29.0561939760076,399.6588775118233,-150.45375578801202,300.0,1.5266662471024466e-14,143.9999999999959,0.0,0.0,0.0,0.0,0.0,0.0
-6.361109362927297e-16,-36.0,0.0,0.0,0.0,4.363267749186963,1.0,27.0,0.00694444444444442,29.0631384204521,402.2542485937369,-146.94631307311823,300.0,1.5266662471024466e-14,143.9999999999959,0.0,0.0,0.0,0.0,0.0,0.0
-5.300924469106123e-16,-35.0,0.0,0.0,0.0,4.363267749186997,1.0,27.0,0.00694444444444442,29.0700828648965,404.788011072248,-143.39410908776145,300.0,1.5266662471024466e-14,143.9999999999959,0.0,0.0,0.0,0.0,0.0,0.0
-4.240739575284949e-16,-34.0,0.0,0.0,0.0,4.363267749186903,1.0,27.0,0.006944444444444475,29.077027309341,407.25939313876046,-139.79822586768668,300.0,1.5266662471024466e-14,143.9999999999959,0.0,0.0,0.0,0.0,0.0,0.0
-3.1805546814637755e-16,-33.0,0.0,0.0,0.0,4.363267749187002,1.0,27.0,0.00694444444444442,29.0839717537854,409.66764198635605,-136.1597587537567,300.0,1.5266662471024466e-14,143.9999999999959,0.0,0.0,0.0,0.0,0.0,0.0
-2.1203697876426016e-16,-32.0,0.0,0.0,0.0,4.363267749186959,1.0,27.0,0.006944444444444475,29.0909161982299,412.0120240391065,-132.47981605830117,300.0,1.5266662471024472e-14,143.9999999999959,0.0,0.0,9.087677628145798e-28,0.0,0.0,0.0
-1.0601848938214276e-16,-31.0,0.0,0.0,0.0,4.363267749186973,1.0,27.0,0.00694444444444442,29.0978606426743,414.2918251755281,-128.7595187275135,300.0,1.5266662471024472e-14,143.9999999999959,0.0,0.0,0.0,0.0,0.0,0.0
-2.536680848351316e-29,-30.0,0.0,0.0,0.0,4.363267749187006,1.0,27.0,0.006944444444444475,29.1048050871188,416.50635094610976,-124.99999999999993,300.0,1.5266662471024472e-14,143.9999999999959,0.0,0.0,0.0,0.0,0.0,0.0
1.0601848938209203e-16,-29.0,0.0,0.0,0.0,4.363267749186934,1.0,27.0,0.00694444444444442,29.1117495315632,418.654926784849,-121.2024050615842,300.0,1.5266662471024472e-14,143.9999999999959,0.0,0.0,0.0,0.0,0.0,0.0
2.1203697876420942e-16,-28.0,0.0,0.0,0.0,4.363267749186943,1.0,27.0,0.006944444444444475,29.1186939760076,420.73689821473175,-117.36789069647264,300.0,1.5266662471024472e-14,143.9999999999959,0.0,0.0,0.0,0.0,0.0,0.0
3.180554681463268e-16,-27.0,0.0,0.0,0.0,4.3632677491869725,1.0,27.0,0.00694444444444442,29.1256384204521,422.75163104709196,-113.49762493488663,300.0,1.5266662471024472e-14,143.9999999999959,0.0,0.0,0.0,0.0,0.0,0.0
4.2407395752844424e-16,-26.0,0.0,0.0,0.0,4.363267749186956,1.0,27.0,0.00694444444444442,29.1325828648965,424.6985115747917,-109.59278669726929,300.0,1.5266662471024475e-14,143.9999999999959,0.0,0.0,4.543838814072899e-28,0.0,0.0,0.0
5.300924469105616e-16,-25.0,0.0,0.0,0.0,4.363267749186985,1.0,27.0,0.006944444444444475,29.139527309341,426.5769467591625,-105.6545654351748,300.0,1.5266662471024466e-14,143.9999999999959,0.0,0.0,-1.3631516442218697e-27,0.0,0.0,0.0
6.36110936292679e-16,-24.0,0.0,0.0,0.0,4.363267749186971,1.0,27.0,0.00694444444444442,29.1464717537854,428.38636441065023,-101.68416076894998,300.0,1.5266662471024466e-14,143.9999999999959,0.0,0.0,0.0,0.0,0.0,0.0
7.421294256747963e-16,-23.0,0.0,0.0,0.0,4.36326774918696,1.0,27.0,0.006944444444444475,29.1534161982299,430.1262133631101,-97.68278212231837,300.0,1.5266662471024466e-14,143.9999999999959,0.0,0.0,0.0,0.0,0.0,0.0
8.481479150569137e-16,-22.0,0.0,0.0,0.0,4.363267749186965,1.0,27.0,0.00694444444444442,29.1603606426743,431.79596364169686,-93.65164835397795,300.0,1.5266662471024466e-14,143.9999999999959,0.0,0.0,0.0,0.0,0.0,0.0
9.54166404439031e-16,-21.0,0.0,0.0,0.0,4.363267749186947,1.0,27.0,0.006944444444444531,29.1673050871188,433.3951066243004,-89.59198738632502,300.0,1.5266662471024466e-14,143.9999999999959,0.0,0.0,0.0,0.0,0.0,0.0
1.0601848938211485e-15,-20.0,0.0,0.0,0.0,4.36326774918698,1.0,27.0,0.00694444444444442,29.1742495315632,434.92315519647707,-85.50503583141712,300.0,1.5266662471024466e-14,143.9999999999959,0.0,0.0,0.0,0.0,0.0,0.0
1.1662033832032658e-15,-19.0,0.0,0.0,0.0,4.3632677491869725,1.0,27.0,0.00694444444444442,29.1811939760076,436.3796438998292,-81.3920386142891,300.0,1.5266662471024466e-14,143.9999999999959,0.0,0.0,0.0,0.0,0.0,0.0
1.2722218725853832e-15,-18.0,0.0,0.0,0.0,4.363267749186959,1.0,27.0,0.00694444444444442,29.1881384204521,437.76412907378835,-77.25424859373679,300.0,1.5266662471024466e-14,143.9999999999959,0.0,0.0,0.0,0.0,0.0,0.0
1.3782403619675006e-15,-17.0,0.0,0.0,0.0,4.363267749186959,1.0,27.0,0.00694444444444442,29.1950828648965,439.07618899075885,-73.09292618068413,300.0,1.5266662471024466e-14,143.9999999999959,0.0,0.0,0.0,0.0,0.0,0.0
1.484258851349618e-15,-16.0,0.0,0.0,0.0,4.363267749186995,1.0,27.0,0.00694444444444442,29.202027309341,440.31542398457975,-68.90933895424973,300.0,1.5266662471024466e-14,143.9999999999959,0.0,0.0,0.0,0.0,0.0,0.0
1.5902773407317353e-15,-15.0,0.0,0.0,0.0,4.363267749186965,1.0,27.0,0.00694444444444442,29.2089717537854,441.4814565722671,-64.70476127563013,300.0,1.5266662471024466e-14,143.9999999999959,0.0,0.0,0.0,0.0,0.0,0.0
1.6962958301138527e-15,-14.0,0.0,0.0,0.0,4.363267749186968,1.0,27.0,0.006944444444444531,29.2159161982299,442.5739315689991,-60.48047389991686,300.0,1.5266662471024466e-14,143.9999999999959,0.0,0.0,0.0,0.0,0.0,0.0
1.8023143194959702e-15,-13.0,0.0,0.0,0.0,4.363267749186965,1.0,27.0,0.00694444444444442,29.2228606426743,443.5925161963088,-56.23776358596618,300.0,1.5266662471024494e-14,143.9999999999959,0.0,0.0,4.089454932665609e-27,0.0,0.0,0.0
1.908332808878088e-15,-12.0,0.0,0.0,0.0,4.363267749186973,1.0,27.0,0.00694444444444442,29.2298050871188,444.5369001834514,-51.977922704439756,300.0,1.5266662471024494e-14,143.9999999999959,0.0,0.0,0.0,0.0,0.0,0.0
2.0143512982602054e-15,-11.0,0.0,0.0,0.0,4.363267749186959,1.0,27.0,0.006944444444444531,29.2367495315632,445.40679586191595,-47.70224884413613,300.0,1.5266662471024494e-14,143.9999999999959,0.0,0.0,0.0,0.0,0.0,0.0
2.120369787642323e-15,-10.0,0.0,0.0,0.0,4.36326774918697,1.0,27.0,0.00694444444444442,29.2436939760076,446.201938253052,-43.41204441673251,300.0,1.5266662471024494e-14,143.9999999999959,0.0,0.0,0.0,0.0,0.0,0.0
2.2263882770244405e-15,-9.0,0.0,0.0,0.0,4.3632677491869725,1.0,27.0,0.00694444444444442,29.2506384204521,446.92208514878445,-39.108616260057644,300.0,1.5266662471024494e-14,143.9999999999959,0.0,0.0,0.0,0.0,0.0,0.0
2.332406766406558e-15,-8.0,0.0,0.0,0.0,4.363267749186973,1.0,27.0,0.00694444444444442,29.2575828648965,447.5670171853926,-34.793275240016285,300.0,1.5266662471024494e-14,143.9999999999959,0.0,0.0,0.0,0.0,0.0,0.0
2.4384252557886757e-15,-7.0,0.0,0.0,0.0,4.363267749186963,1.0,27.0,0.00694444444444442,29.264527309341,448.1365379103305,-30.467335851286794,300.0,1.5266662471024494e-14,143.9999999999959,0.0,0.0,0.0,0.0,0.0,0.0
2.5444437451707932e-15,-6.0,0.0,0.0,0.0,4.363267749186969,1.0,27.0,0.006944444444444531,29.2714717537854,448.63047384206834,-26.13211581691329,300.0,1.5266662471024494e-14,143.9999999999959,0.0,0.0,0.0,0.0,0.0,0.0
2.6504622345529108e-15,-5.0,0.0,0.0,0.0,4.36326774918697,1.0,27.0,0.00694444444444442,29.2784161982299,449.0486745229364,-21.788935686914463,300.0,1.5266662471024494e-14,143.9999999999959,0.0,0.0,0.0,0.0,0.0,0.0
2.7564807239350284e-15,-4.0,0.0,0.0,0.0,4.363267749186968,1.0,27.0,0.00694444444444442,29.2853606426743,449.39101256495604,-17.439118436031244,300.0,1.5266662471024494e-14,143.9999999999959,0.0,0.0,0.0,0.0,0.0,0.0
2.862499213317146e-15,-3.0,0.0,0.0,0.0,4.363267749186968,1.0,27.0,0.00694444444444442,29.2923050871188,449.65738368864345,-13.083989060735876,300.0,1.5266662471024494e-14,143.9999999999959,0.0,0.0,0.0,0.0,0.0,0.0
2.9685177026992635e-15,-2.0,0.0,0.0,0.0,4.363267749186971,1.0,27.0,0.006944444444444531,29.2992495315632,449.847706754774,-8.72487417562516,300.0,1.5266662471024494e-14,143.9999999999959,0.0,0.0,0.0,0.0,0.0,0.0
3.074536192081381e-15,-1.0,0.0,0.0,0.0,4.363267749186965,1.0,27.0,0.00694444444444442,29.3061939760076,449.9619237890978,-4.363101609320796,300.0,1.5266662471024494e-14,143.9999999999959,0.0,0.0,0.0,0.0,0.0,0.0
3.1805546814634986e-15,0.0,0.0,0.0,0.0,4.363267749186969,1.0,27.0,0.00694444444444442,29.3131384204521,450.0,8.376306441313884e-14,300.0,1.5266662471024494e-14,143.9999999999959,0.0,0.0,0.0,0.0,0.0,0.0
3.286573170845616e-15,1.0,0.0,0.0,0.0,4.363267749186969,1.0,27.0,0.00694444444444442,29.3200828648965,449.9619237890978,4.363101609320963,300.0,1.5266662471024494e-14,143.9999999999959,0.0,0.0,0.0,0.0,0.0,0.0
3.3925916602277338e-15,2.0,0.0,0.0,0.0,4.363267749186967,1.0,27.0,0.00694444444444442,29.327027309341,449.847706754774,8.72487417562533,300.0,1.5266662471024494e-14,143.9999999999959,0.0,0.0,0.0,0.0,0.0,0.0
3.4986101496098513e-15,3.0,0.0,0.0,0.0,4.363267749186969,1.0,27.0,0.006944444444444531,29.3339717537854,449.65738368864345,13.083989060736043,300.0,1.5266662471024494e-14,143.9999999999959,0.0,0.0,0.0,0.0,0.0,0.0
3.604628638991969e-15,4.0,0.0,0.0,0.0,4.363267749186976,1.0,27.0,0.00694444444444442,29.3409161982299,449.39101256495604,17.439118436031418,300.0,1.5266662471024494e-14,143.9999999999959,0.0,0.0,0.0,0.0,0.0,0.0
3.710647128374086e-15,5.0,0.0,0.0,0.0,4.363267749186961,1.0,27.0,0.00694444444444442,29.3478606426743,449.0486745229364,21.78893568691463,300.0,1.5266662471024437e-14,143.9999999999959,0.0,0.0,-8.178909865331218e-27,0.0,0.0,0.0
3.816665617756203e-15,6.0,0.0,0.0,0.0,4.363267749186963,1.0,27.0,0.00694444444444442,29.3548050871188,448.63047384206834,26.13211581691345,300.0,1.5266662471024437e-14,143.9999999999959,0.0,0.0,0.0,0.0,0.0,0.0
3.9226841071383204e-15,7.0,0.0,0.0,0.0,4.3632677491869725,1.0,27.0,0.006944444444444531,29.3617495315632,448.1365379103305,30.467335851286958,300.0,1.5266662471024437e-14,143.9999999999959,0.0,0.0,0.0,0.0,0.0,0.0
4.0287025965204376e-15,8.0,0.0,0.0,0.0,4.363267749186963,1.0,27.0,0.00694444444444442,29.3686939760076,447.5670171853926,34.79327524001645,300.0,1.5266662471024437e-14,143.9999999999959,0.0,0.0,0.0,0.0,0.0,0.0
4.134721085902555e-15,9.0,0.0,0.0,0.0,4.363267749186973,1.0,27.0,0.00694444444444442,29.3756384204521,446.92208514878445,39.10861626005781,300.0,1.5266662471024437e-14,143.9999999999959,0.0,0.0,0.0,0.0,0.0,0.0
4.240739575284672e-15,10.0,0.0,0.0,0.0,4.3632677491869725,1.0,27.0,0.00694444444444442,29.3825828648965,446.201938253052,43.41204441673268,300.0,1.5266662471024437e-14,143.9999999999959,0.0,0.0,0.0,0.0,0.0,0.0
4.346758064666789e-15,11.0,0.0,0.0,0.0,4.36326774918697,1.0,27.0,0.00694444444444442,29.389527309341,445.40679586191595,47.70224884413629,300.0,1.5266662471024437e-14,143.9999999999959,0.0,0.0,0.0,0.0,0.0,0.0
4.452776554048906e-15,12.0,0.0,0.0,0.0,4.363267749186959,1.0,27.0,0.006944444444444531,29.3964717537854,444.5369001834514,51.97792270443992,300.0,1.5266662471024437e-14,143.9999999999959,0.0,0.0,0.0,0.0,0.0,0.0
4.5587950434310235e-15,13.0,0.0,0.0,0.0,4.363267749186973,1.0,27.0,0.00694444444444442,29.4034161982299,443.5925161963088,56.23776358596634,300.0,1.5266662471024437e-14,143.9999999999959,0.0,0.0,0.0,0.0,0.0,0.0
4.664813532813141e-15,14.0,0.0,0.0,0.0,4.363267749186965,1.0,27.0,0.00694444444444442,29.4103606426743,442.5739315689991,60.48047389991702,300.0,1.5266662471024437e-14,143.9999999999959,0.0,0.0,0.0,0.0,0.0,0.0
4.770832022195258e-15,15.0,0.0,0.0,0.0,4.363267749186948,1.0,27.0,0.00694444444444442,29.4173050871188,441.4814565722671,64.70476127563028,300.0,1.5266662471024437e-14,143.9999999999959,0.0,0.0,0.0,0.0,0.0,0.0
4.876850511577375e-15,16.0,0.0,0.0,0.0,4.363267749186965,1.0,27.0,0.006944444444444531,29.4242495315632,440.31542398457975,68.90933895424988,300.0,1.5266662471024437e-14,143.9999999999959,0.0,0.0,0.0,0.0,0.0,0.0
4.982869000959492e-15,17.0,0.0,0.0,0.0,4.363267749186995,1.0,27.0,0.00694444444444442,29.4311939760076,439.07618899075885,73.09292618068427,300.0,1.5266662471024437e-14,143.9999999999959,0.0,0.0,0.0,0.0,0.0,0.0
5.088887490341609e-15,18.0,0.0,0.0,0.0,4.3632677491869725,1.0,27.0,0.00694444444444442,29.4381384204521,437.76412907378835,77.25424859373695,300.0,1.5266662471024437e-14,143.9999999999959,0.0,0.0,0.0,0.0,0.0,0.0
5.1949059797237265e-15,19.0,0.0,0.0,0.0,4.363267749186959,1.0,27.0,0.00694444444444442,29.4450828648965,436.3796438998292,81.39203861428926,300.0,1.5266662471024437e-14,143.9999999999959,0.0,0.0,0.0,0.0,0.0,0.0
5.300924469105844e-15,20.0,0.0,0.0,0.0,4.3632677491869725,1.0,27.0,0.00694444444444442,29.452027309341,434.92315519647707,85.50503583141727,300.0,1.5266662471024437e-14,143.9999999999959,0.0,0.0,0.0,0.0,0.0,0.0
5.406942958487961e-15,21.0,0.0,0.0,0.0,4.36326774918698,1.0,27.0,0.006944444444444531,29.4589717537854,433.3951066243004,89.59198738632517,300.0,1.5266662471024437e-14,143.9999999999959,0.0,0.0,0.0,0.0,0.0,0.0
5.512961447870078e-15,22.0,0.0,0.0,0.0,4.363267749186947,1.0,27.0,0.00694444444444442,29.4659161982299,431.79596364169686,93.6516483539781,300.0,1.5266662471024437e-14,143.9999999999959,0.0,0.0,0.0,0.0,0.0,0.0
5.618979937252195e-15,23.0,0.0,0.0,0.0,4.363267749186965,1.0,27.0,0.00694444444444442,29.4728606426743,430.1262133631101,97.68278212231853,300.0,1.5266662471024437e-14,143.9999999999959,0.0,0.0,0.0,0.0,0.0,0.0
5.724998426634312e-15,24.0,0.0,0.0,0.0,4.36326774918696,1.0,27.0,0.00694444444444442,29.4798050871188,428.38636441065023,101.68416076895014,300.0,1.5266662471024437e-14,143.9999999999959,0.0,0.0,0.0,0.0,0.0,0.0
5.8310169160164295e-15,25.0,0.0,0.0,0.0,4.363267749186971,1.0,27.0,0.006944444444444531,29.4867495315632,426.5769467591625,105.65456543517496,300.0,1.5266662471024437e-14,143.9999999999959,0.0,0.0,0.0,0.0,0.0,0.0
5.937035405398547e-15,26.0,0.0,0.0,0.0,4.363267749186985,1.0,27.0,0.00694444444444442,29.4936939760077,424.6985115747917,109.59278669726945,300.0,1.5266662471024437e-14,143.9999999999959,0.0,0.0,0.0,0.0,0.0,0.0
6.043053894780664e-15,27.0,0.0,0.0,0.0,4.363267749186956,1.0,27.0,0.00694444444444442,29.5006384204521,422.75163104709196,113.49762493488679,300.0,1.5266662471024437e-14,143.9999999999959,0.0,0.0,0.0,0.0,0.0,0.0
6.149072384162781e-15,28.0,0.0,0.0,0.0,4.363267749186985,1.0,27.0,0.00694444444444442,29.5075828648965,420.73689821473175,117.36789069647281,300.0,1.5266662471024437e-14,143.9999999999959,0.0,0.0,0.0,0.0,0.0,0.0
6.255090873544898e-15,29.0,0.0,0.0,0.0,4.363267749186997,1.0,27.0,0.00694444444444442,29.514527309341,418.6549267848489,121.20240506158437,300.0,1.5266662471024437e-14,143.9999999999959,0.0,0.0,0.0,0.0,0.0,0.0
6.361109362927015e-15,30.0,0.0,0.0,0.0,4.363267749186922,1.0,27.0,0.006944444444444531,29.5214717537854,416.50635094610965,125.00000000000009,300.0,1.5266662471024437e-14,143.9999999999959,0.0,0.0,0.0,0.0,0.0,0.0
6.4671278523091326e-15,31.0,0.0,0.0,0.0,4.363267749187019,1.0,27.0,0.00694444444444442,29.5284161982299,414.291825175528,128.75951872751367,300.0,1.5266662471024437e-14,143.9999999999959,0.0,0.0,0.0,0.0,0.0,0.0
6.57314634169125e-15,32.0,0.0,0.0,0.0,4.363267749186973,1.0,27.0,0.00694444444444442,29.5353606426743,412.0120240391064,132.47981605830134,300.0,1.5266662471024437e-14,143.9999999999959,0.0,0.0,0.0,0.0,0.0,0.0
6.679164831073367e-15,33.0,0.0,0.0,0.0,4.363267749186959,1.0,27.0,0.00694444444444442,29.5423050871188,409.66764198635593,136.15975875375688,300.0,1.5266662471024437e-14,143.9999999999959,0.0,0.0,0.0,0.0,0.0,0.0
6.785183320455484e-15,34.0,0.0,0.0,0.0,4.363267749187002,1.0,27.0,0.006944444444444531,29.5492495315632,407.25939313876034,139.79822586768685,300.0,1.5266662471024437e-14,143.9999999999959,0.0,0.0,0.0,0.0,0.0,0.0
6.891201809837601e-15,35.0,0.0,0.0,0.0,4.363267749186935,1.0,27.0,0.00694444444444442,29.5561939760077,404.78801107224785,143.39410908776162,300.0,1.5266662471024437e-14,143.9999999999959,0.0,0.0,0.0,0.0,0.0,0.0
6.9972202992197184e-15,36.0,0.0,0.0,0.0,4.3632677491869645,1.0,27.0,0.00694444444444442,29.5631384204521,402.2542485937368,146.9463130731184,300.0,1.5266662471024437e-14,143.9999999999959,0.0,0.0,0.0,0.0,0.0,0.0
7.1032387886018356e-15,37.0,0.0,0.0,0.0,4.363267749186963,1.0,27.0,0.00694444444444442,29.5700828648965,399.65887751182316,150.4537557880122,300.0,1.5266662471024437e-14,143.9999999999959,0.0,0.0,0.0,0.0,0.0,0.0
7.209257277983954e-15,38.0,0.0,0.0,0.0,4.363267749186967,1.0,27.0,0.00694444444444442,29.577027309341,397.0026884016804,153.91536883141467,300.0,1.526666247102455e-14,143.9999999999959,0.0,0.0,1.6357819730662436e-26,0.0,0.0,0.0
7.315275767366072e-15,39.0,0.0,0.0,0.0,4.363267749186982,1.0,27.0,0.006944444444444642,29.5839717537854,394.28649036424264,157.33009776245947,300.0,1.526666247102455e-14,143.9999999999959,0.0,0.0,0.0,0.0,0.0,0.0
7.42129425674819e-15,40.0,0.0,0.0,0.0,4.36326774918693,1.0,27.0,0.00694444444444442,29.5909161982299,391.51111077974446,160.69690242163492,300.0,1.526666247102455e-14,143.9999999999959,0.0,0.0,0.0,0.0,0.0,0.0
7.527312746130307e-15,41.0,0.0,0.0,0.0,4.3632677491869964,1.0,27.0,0.00694444444444442,29.5978606426743,388.6773950556929,164.0147572476269,300.0,1.526666247102455e-14,143.9999999999959,0.0,0.0,0.0,0.0,0.0,0.0
7.633331235512425e-15,42.0,0.0,0.0,0.0,4.363267749186993,1.0,27.0,0.006944444444444531,29.6048050871188,385.78620636934846,167.28265158971467,300.0,1.526666247102455e-14,143.9999999999959,0.0,0.0,0.0,0.0,0.0,0.0
7.739349724894543e-15,43.0,0.0,0.0,0.0,4.363267749186954,1.0,27.0,0.00694444444444442,29.6117495315632,382.83842540479253,170.49959001562473,300.0,1.526666247102455e-14,143.9999999999959,0.0,0.0,0.0,0.0,0.0,0.0
7.845368214276661e-15,44.0,0.0,0.0,0.0,4.363267749186954,1.0,27.0,0.006944444444444531,29.6186939760077,379.8349500846627,173.6645926147494,300.0,1.526666247102455e-14,143.9999999999959,0.0,0.0,0.0,0.0,0.0,0.0
7.95138670365878e-15,45.0,0.0,0.0,0.0,4.363267749186981,1.0,27.0,0.00694444444444442,29.6256384204521,376.7766952966368,176.77669529663697,300.0,1.526666247102455e-14,143.9999999999959,0.0,0.0,0.0,0.0,0.0,0.0
8.057405193040897e-15,46.0,0.0,0.0,0.0,4.363267749186921,1.0,27.0,0.00694444444444442,29.6325828648965,373.66459261474927,179.83495008466286,300.0,1.526666247102455e-14,143.9999999999959,0.0,0.0,0.0,0.0,0.0,0.0
8.163423682423015e-15,47.0,0.0,0.0,0.0,4.363267749187016,1.0,27.0,0.00694444444444442,29.639527309341,370.4995900156245,182.8384254047927,300.0,1.526666247102455e-14,143.9999999999959,0.0,0.0,0.0,0.0,0.0,0.0
8.269442171805133e-15,48.0,0.0,0.0,0.0,4.363267749186914,1.0,27.0,0.00694444444444442,29.6464717537854,367.2826515897145,185.7862063693486,300.0,1.526666247102455e-14,143.9999999999959,0.0,0.0,0.0,0.0,0.0,0.0
8.375460661187251e-15,49.0,0.0,0.0,0.0,4.36326774918701,1.0,27.0,0.006944444444444531,29.6534161982299,364.01475724762673,188.6773950556931,300.0,1.526666247102455e-14,143.9999999999959,0.0,0.0,0.0,0.0,0.0,0.0
8.481479150569369e-15,50.0,0.0,0.0,0.0,4.363267749186938,1.0,27.0,0.00694444444444442,29.6603606426743,360.6969024216348,191.5111107797446,300.0,1.526666247102455e-14,143.9999999999959,0.0,0.0,0.0,0.0,0.0,0.0
8.587497639951487e-15,51.0,0.0,0.0,0.0,4.363267749186973,1.0,27.0,0.006944444444444309,29.6673050871188,357.3300977624593,194.28649036424278,300.0,1.526666247102455e-14,143.9999999999959,0.0,0.0,0.0,0.0,0.0,0.0
8.693516129333605e-15,52.0,0.0,0.0,0.0,4.363267749187001,1.0,27.0,0.006944444444444642,29.6742495315632,353.91536883141447,197.0026884016806,300.0,1.526666247102455e-14,143.9999999999959,0.0,0.0,0.0,0.0,0.0,0.0
8.799534618715723e-15,53.0,0.0,0.0,0.0,4.363267749186927,1.0,27.0,0.00694444444444442,29.6811939760077,350.453755788012,199.6588775118233,300.0,1.526666247102455e-14,143.9999999999959,0.0,0.0,0.0,0.0,0.0,0.0
8.905553108097841e-15,54.0,0.0,0.0,0.0,4.363267749186963,1.0,27.0,0.00694444444444442,29.6881384204521,346.94631307311823,202.25424859373695,300.0,1.526666247102455e-14,143.9999999999959,0.0,0.0,0.0,0.0,0.0,0.0
9.011571597479959e-15,55.0,0.0,0.0,0.0,4.3632677491870036,1.0,27.0,0.00694444444444442,29.6950828648965,343.3941090877614,204.78801107224803,300.0,1.526666247102455e-14,143.9999999999959,0.0,0.0,0.0,0.0,0.0,0.0
9.117590086862077e-15,56.0,0.0,0.0,0.0,4.363267749186935,1.0,27.0,0.00694444444444442,29.702027309341,339.79822586768665,207.25939313876052,300.0,1.526666247102455e-14,143.9999999999959,0.0,0.0,0.0,0.0,0.0,0.0
9.223608576244195e-15,57.0,0.0,0.0,0.0,4.363267749186963,1.0,27.0,0.00694444444444442,29.7089717537854,336.1597587537567,209.66764198635607,300.0,1.526666247102455e-14,143.9999999999959,0.0,0.0,0.0,0.0,0.0,0.0
9.329627065626313e-15,58.0,0.0,0.0,0.0,4.363267749187013,1.0,27.0,0.00694444444444442,29.7159161982299,332.47981605830114,212.0120240391066,300.0,1.526666247102455e-14,143.9999999999959,0.0,0.0,0.0,0.0,0.0,0.0
9.43564555500843e-15,59.0,0.0,0.0,0.0,4.363267749186943,1.0,27.0,0.00694444444444442,29.7228606426743,328.75951872751347,214.29182517552815,300.0,1.526666247102455e-14,143.9999999999959,0.0,0.0,0.0,0.0,0.0,0.0
9.541664044390549e-15,60.0,0.0,0.0,0.0,4.363267749186941,1.0,27.0,0.006944444444444642,29.7298050871188,324.99999999999994,216.50635094610973,300.0,1.526666247102455e-14,143.9999999999959,0.0,0.0,0.0,0.0,0.0,0.0
9.647682533772667e-15,61.0,0.0,0.0,0.0,4.363267749186997,1.0,27.0,0.00694444444444442,29.7367495315632,321.20240506158416,218.654926784849,300.0,1.526666247102455e-14,143.9999999999959,0.0,0.0,0.0,0.0,0.0,0.0
9.753701023154785e-15,62.0,0.0,0.0,0.0,4.363267749186957,1.0,27.0,0.00694444444444442,29.7436939760077,317.3678906964726,220.7368982147318,300.0,1.526666247102455e-14,143.9999999999959,0.0,0.0,0.0,0.0,0.0,0.0
9.859719512536903e-15,63.0,0.0,0.0,0.0,4.363267749186997,1.0,27.0,0.00694444444444442,29.7506384204521,313.4976249348866,222.75163104709202,300.0,1.526666247102455e-14,143.9999999999959,0.0,0.0,0.0,0.0,0.0,0.0
9.96573800191902e-15,64.0,0.0,0.0,0.0,4.363267749186943,1.0,27.0,0.00694444444444442,29.7575828648965,309.5927866972693,224.69851157479184,300.0,1.526666247102455e-14,143.9999999999959,0.0,0.0,0.0,0.0,0.0,0.0
1.0071756491301139e-14,65.0,0.0,0.0,0.0,4.363267749186961,1.0,27.0,0.00694444444444442,29.764527309341,305.6545654351748,226.57694675916258,300.0,1.526666247102455e-14,143.9999999999959,0.0,0.0,0.0,0.0,0.0,0.0
1.0177774980683256e-14,66.0,0.0,0.0,0.0,4.3632677491869964,1.0,27.0,0.00694444444444442,29.7714717537854,301.68416076894994,228.3863644106503,300.0,1.526666247102455e-14,143.9999999999959,0.0,0.0,0.0,0.0,0.0,0.0
1.0283793470065374e-14,67.0,0.0,0.0,0.0,4.363267749186921,1.0,27.0,0.00694444444444442,29.7784161982299,297.6827821223184,230.12621336311014,300.0,1.526666247102455e-14,143.9999999999959,0.0,0.0,0.0,0.0,0.0,0.0
1.0389811959447492e-14,68.0,0.0,0.0,0.0,4.363267749187003,1.0,27.0,0.00694444444444442,29.7853606426743,293.6516483539779,231.79596364169694,300.0,1.526666247102455e-14,143.9999999999959,0.0,0.0,0.0,0.0,0.0,0.0
1.049583044882961e-14,69.0,0.0,0.0,0.0,4.363267749186943,1.0,27.0,0.006944444444444642,29.7923050871188,289.591987386325,233.39510662430052,300.0,1.526666247102455e-14,143.9999999999959,0.0,0.0,0.0,0.0,0.0,0.0
1.0601848938211728e-14,70.0,0.0,0.0,0.0,4.36326774918697,1.0,27.0,0.00694444444444442,29.7992495315632,285.5050358314171,234.92315519647715,300.0,1.526666247102455e-14,143.9999999999959,0.0,0.0,0.0,0.0,0.0,0.0
1.0707867427593846e-14,71.0,0.0,0.0,0.0,4.36326774918695,1.0,27.0,0.00694444444444442,29.8061939760077,281.3920386142891,236.37964389982926,300.0,1.526666247102455e-14,143.9999999999959,0.0,0.0,0.0,0.0,0.0,0.0
1.0813885916975964e-14,72.0,0.0,0.0,0.0,4.363267749187018,1.0,27.0,0.00694444444444442,29.8131384204521,277.25424859373675,237.76412907378847,300.0,1.526666247102455e-14,143.9999999999959,0.0,0.0,0.0,0.0,0.0,0.0
1.0919904406358082e-14,73.0,0.0,0.0,0.0,4.363267749186978,1.0,27.0,0.00694444444444442,29.8200828648965,273.09292618068406,239.07618899075894,300.0,1.526666247102455e-14,143.9999999999959,0.0,0.0,0.0,0.0,0.0,0.0
1.10259228957402e-14,74.0,0.0,0.0,0.0,4.363267749186965,1.0,27.0,0.00694444444444442,29.827027309341,268.9093389542497,240.31542398457978,300.0,1.526666247102455e-14,143.9999999999959,0.0,0.0,0.0,0.0,0.0,0.0
1.1131941385122318e-14,75.0,0.0,0.0,0.0,4.3632677491869245,1.0,27.0,0.00694444444444442,29.8339717537854,264.7047612756301,241.48145657226715,300.0,1.526666247102455e-14,143.9999999999959,0.0,0.0,0.0,0.0,0.0,0.0
1.1237959874504436e-14,76.0,0.0,0.0,0.0,4.363267749186933,1.0,27.0,0.00694444444444442,29.8409161982299,260.4804738999169,242.57393156899917,300.0,1.526666247102455e-14,143.9999999999959,0.0,0.0,0.0,0.0,0.0,0.0
1.1343978363886554e-14,77.0,0.0,0.0,0.0,4.3632677491870755,1.0,27.0,0.00694444444444442,29.8478606426743,256.2377635859661,243.59251619630885,300.0,1.526666247102455e-14,143.9999999999959,0.0,0.0,0.0,0.0,0.0,0.0
1.1449996853268672e-14,78.0,0.0,0.0,0.0,4.363267749186892,1.0,27.0,0.006944444444444642,29.8548050871188,251.97792270443975,244.53690018345142,300.0,1.526666247102455e-14,143.9999999999959,0.0,0.0,0.0,0.0,0.0,0.0
1.155601534265079e-14,79.0,0.0,0.0,0.0,4.363267749186951,1.0,27.0,0.00694444444444442,29.8617495315632,247.70224884413614,245.406795861916,300.0,1.526666247102455e-14,143.9999999999959,0.0,0.0,0.0,0.0,0.0,0.0
1.1662033832032908e-14,80.0,0.0,0.0,0.0,4.363267749186986,1.0,27.0,0.00694444444444442,29.8686939760077,243.4120444167325,246.20193825305202,300.0,1.526666247102455e-14,143.9999999999959,0.0,0.0,0.0,0.0,0.0,0.0
1.1768052321415026e-14,81.0,0.0,0.0,0.0,4.3632677491869725,1.0,27.0,0.00694444444444442,29.8756384204521,239.10861626005763,246.92208514878448,300.0,1.526666247102455e-14,143.9999999999959,0.0,0.0,0.0,0.0,0.0,0.0
1.1874070810797144e-14,82.0,0.0,0.0,0.0,4.3632677491869085,1.0,27.0,0.00694444444444442,29.8825828648966,234.79327524001633,247.5670171853926,300.0,1.526666247102455e-14,143.9999999999959,0.0,0.0,0.0,0.0,0.0,0.0
1.1980089300179262e-14,83.0,0.0,0.0,0.0,4.363267749187058,1.0,27.0,0.00694444444444442,29.889527309341,230.46733585128675,248.13653791033053,300.0,1.526666247102455e-14,143.9999999999959,0.0,0.0,0.0,0.0,0.0,0.0
1.208610778956138e-14,84.0,0.0,0.0,0.0,4.363267749186956,1.0,27.0,0.00694444444444442,29.8964717537854,226.13211581691326,248.63047384206834,300.0,1.526666247102455e-14,143.9999999999959,0.0,0.0,0.0,0.0,0.0,0.0
1.2192126278943498e-14,85.0,0.0,0.0,0.0,4.363267749186987,1.0,27.0,0.00694444444444442,29.9034161982299,221.7889356869144,249.0486745229364,300.0,1.526666247102455e-14,143.9999999999959,0.0,0.0,0.0,0.0,0.0,0.0
1.2298144768325616e-14,86.0,0.0,0.0,0.0,4.363267749186899,1.0,27.0,0.00694444444444442,29.9103606426743,217.43911843603126,249.3910125649561,300.0,1.526666247102455e-14,143.9999999999959,0.0,0.0,0.0,0.0,0.0,0.0
1.2404163257707734e-14,87.0,0.0,0.0,0.0,4.363267749186977,1.0,27.0,0.007087058460148787,29.9174477011345,213.0839890607359,249.6573836886435,300.0,1.4959448970015815e-14,141.1022648709708,0.0,0.0,-4.334852079127293e-14,-408.8769897016175,0.0,0.0
1.2510181747089852e-14,88.0,0.0,0.0,0.0,4.363267749186982,1.0,27.0,0.008278583739615097,29.9257262848741,208.72487417562516,249.847706754774,300.0,1.2806355859491671e-14,120.79360811616796,0.0,0.0,-2.6007988543027453e-13,-2453.155925405422,0.0,0.0
1.261620023647197e-14,89.0,0.0,0.0,0.0,4.363267749187041,1.0,27.0,0.01078886038065674,29.9365151452548,204.36310160932072,249.96192378909788,300.0,9.82666246865084e-15,92.6881954828937,0.0,0.0,-2.7618240348934137e-13,-2605.0399802803145,0.0,0.0
1.2722218725854088e-14,90.0,0.0,0.0,0.0,4.363267749186897,1.0,27.0,0.02604661305353062,29.9625617583083,199.99999999999991,250.00000000000006,300.0,4.070336867378123e-15,38.39270764090573,0.0,0.0,-2.210009258955243e-13,-2084.5507909377957,0.0,0.0
1.2722218725854088e-14,90.0,0.0,0.0,0.0,4.363267749186897,1.0,27.0,0.01,29.9725617583083,199.99999999999991,250.00000000000006,300.0,0.0,0.0,0.0,0.0,0.0,0.0,0.0,0.0
1.2722218725854088e-14,90.0,0.0,0.0,0.0,4.363267749186897,1.0,27.0,1.03,31.0025617583083,199.99999999999991,250.00000000000006,300.0,0.0,0.0,0.0,0.0,0.0,0.0,0.0,0.0
1.2616200236471949e-14,88.99999999999999,0.0,0.0,0.0,4.363267749186953,0.9999999999999999,29.0,0.0,31.0025617583083,204.36310160932084,249.96192378909788,300.0,0.0,0.0,0.0,0.0,0.0,0.0,0.0,0.0
1.2510181747089831e-14,87.99999999999999,0.0,0.0,0.0,4.363267749186927,0.9999999999999999,29.0,0.039989446705864615,31.0425512050141,208.72487417562516,249.847706754774,300.0,-2.651161696782558e-15,-25.006597549481093,0.0,0.0,-6.629653359004085e-14,-625.3299210017138,0.0,0.0
1.2404163257707713e-14,86.99999999999999,0.0,0.0,0.0,4.363267749186982,0.9999999999999999,29.0,0.013888888888888895,31.056440093903,213.0839890607359,249.6573836886435,300.0,-7.633331235512276e-15,-71.99999999999795,0.0,0.0,-3.5871620678852946e-13,-3383.524976437118,0.0,0.0
1.2298144768325595e-14,85.99999999999999,0.0,0.0,0.0,4.363267749187034,0.9999999999999999,29.0,0.013888888888888881,31.0703289827919,217.43911843603132,249.3910125649561,300.0,-7.633331235512276e-15,-71.99999999999795,0.0,0.0,0.0,0.0,0.0,0.0
1.2192126278943477e-14,84.99999999999999,0.0,0.0,0.0,4.363267749186956,0.9999999999999999,29.0,0.013888888888888895,31.0842178716808,221.78893568691453,249.0486745229364,300.0,-7.633331235512276e-15,-71.99999999999795,0.0,0.0,0.0,0.0,0.0,0.0
1.208610778956136e-14,83.99999999999999,0.0,0.0,0.0,4.363267749186931,0.9999999999999999,29.0,0.013888888888888881,31.0981067605697,226.1321158169133,248.63047384206834,300.0,-7.633331235512276e-15,-71.99999999999795,0.0,0.0,0.0,0.0,0.0,0.0
1.1980089300179241e-14,82.99999999999999,0.0,0.0,0.0,4.363267749186956,0.9999999999999999,29.0,0.013888888888888881,31.1119956494586,230.4673358512868,248.13653791033053,300.0,-7.633331235512276e-15,-71.99999999999795,0.0,0.0,0.0,0.0,0.0,0.0
1.1874070810797123e-14,81.99999999999999,0.0,0.0,0.0,4.363267749187002,0.9999999999999999,29.0,0.013888888888888895,31.1258845383475,234.79327524001633,247.5670171853926,300.0,-7.633331235512276e-15,-71.99999999999795,0.0,0.0,0.0,0.0,0.0,0.0
1.1768052321415005e-14,80.99999999999999,0.0,0.0,0.0,4.363267749186969,0.9999999999999999,29.0,0.013888888888888895,31.1397734272364,239.1086162600577,246.92208514878445,300.0,-7.633331235512276e-15,-71.99999999999795,0.0,0.0,0.0,0.0,0.0,0.0
1.1662033832032887e-14,79.99999999999999,0.0,0.0,0.0,4.363267749186968,0.9999999999999999,29.0,0.013888888888888895,31.1536623161253,243.41204441673256,246.20193825305202,300.0,-7.633331235512276e-15,-71.99999999999795,0.0,0.0,0.0,0.0,0.0,0.0
1.155601534265077e-14,78.99999999999999,0.0,0.0,0.0,4.363267749186991,0.9999999999999999,29.0,0.013888888888888867,31.1675512050141,247.7022488441362,245.40679586191598,300.0,-7.633331235512276e-15,-71.99999999999795,0.0,0.0,0.0,0.0,0.0,0.0
1.1449996853268652e-14,77.99999999999999,0.0,0.0,0.0,4.363267749186946,0.9999999999999999,29.0,0.013888888888888895,31.181440093903,251.9779227044398,244.53690018345142,300.0,-7.633331235512276e-15,-71.99999999999795,0.0,0.0,0.0,0.0,0.0,0.0
1.1343978363886534e-14,76.99999999999999,0.0,0.0,0.0,4.363267749186953,0.9999999999999999,29.0,0.013888888888888895,31.1953289827919,256.2377635859662,243.59251619630882,300.0,-7.633331235512276e-15,-71.99999999999795,0.0,0.0,0.0,0.0,0.0,0.0
1.1237959874504416e-14,75.99999999999999,0.0,0.0,0.0,4.36326774918702,0.9999999999999999,29.0,0.013888888888888895,31.2092178716808,260.48047389991694,242.57393156899914,300.0,-7.633331235512276e-15,-71.99999999999795,0.0,0.0,0.0,0.0,0.0,0.0
1.1131941385122298e-14,74.99999999999999,0.0,0.0,0.0,4.363267749186879,0.9999999999999999,29.0,0.013888888888888867,31.2231067605697,264.7047612756301,241.48145657226712,300.0,-7.633331235512276e-15,-71.99999999999795,0.0,0.0,0.0,0.0,0.0,0.0
1.102592289574018e-14,73.99999999999999,0.0,0.0,0.0,4.363267749186979,0.9999999999999999,29.0,0.013888888888888895,31.2369956494586,268.90933895424973,240.31542398457975,300.0,-7.633331235512276e-15,-71.99999999999795,0.0,0.0,0.0,0.0,0.0,0.0
1.0919904406358062e-14,72.99999999999999,0.0,0.0,0.0,4.3632677491870115,0.9999999999999999,29.0,0.013888888888888895,31.2508845383475,273.0929261806842,239.07618899075894,300.0,-7.633331235512276e-15,-71.99999999999795,0.0,0.0,0.0,0.0,0.0,0.0
1.0813885916975944e-14,71.99999999999999,0.0,0.0,0.0,4.363267749186924,0.9999999999999999,29.0,0.013888888888888895,31.2647734272364,277.2542485937368,237.76412907378847,300.0,-7.633331235512276e-15,-71.99999999999795,0.0,0.0,0.0,0.0,0.0,0.0
1.0707867427593826e-14,70.99999999999999,0.0,0.0,0.0,4.363267749186964,0.9999999999999999,29.0,0.013888888888888895,31.2786623161253,281.3920386142891,236.37964389982926,300.0,-7.633331235512276e-15,-71.99999999999795,0.0,0.0,0.0,0.0,0.0,0.0
1.0601848938211708e-14,69.99999999999999,0.0,0.0,0.0,4.3632677491870036,0.9999999999999999,29.0,0.013888888888888895,31.2925512050142,285.50503583141716,234.92315519647715,300.0,-7.633331235512276e-15,-71.99999999999795,0.0,0.0,0.0,0.0,0.0,0.0
1.049583044882959e-14,68.99999999999999,0.0,0.0,0.0,4.36326774918698,0.9999999999999999,29.0,0.013888888888888895,31.306440093903,289.59198738632506,233.3951066243005,300.0,-7.633331235512276e-15,-71.99999999999795,0.0,0.0,0.0,0.0,0.0,0.0
1.0389811959447472e-14,67.99999999999999,0.0,0.0,0.0,4.3632677491869964,0.9999999999999999,29.0,0.01388888888888884,31.3203289827919,293.65164835397803,231.79596364169691,300.0,-7.633331235512276e-15,-71.99999999999795,0.0,0.0,0.0,0.0,0.0,0.0
1.0283793470065354e-14,66.99999999999999,0.0,0.0,0.0,4.363267749186886,0.9999999999999999,29.0,0.013888888888888895,31.3342178716808,297.6827821223184,230.12621336311014,300.0,-7.633331235512276e-15,-71.99999999999795,0.0,0.0,0.0,0.0,0.0,0.0
1.0177774980683236e-14,65.99999999999999,0.0,0.0,0.0,4.363267749187026,0.9999999999999999,29.0,0.013888888888888895,31.3481067605697,301.68416076895005,228.3863644106503,300.0,-7.633331235512276e-15,-71.99999999999795,0.0,0.0,0.0,0.0,0.0,0.0
1.0071756491301118e-14,64.99999999999999,0.0,0.0,0.0,4.363267749186905,0.9999999999999999,29.0,0.013888888888888895,31.3619956494586,305.6545654351748,226.57694675916255,300.0,-7.633331235512276e-15,-71.99999999999795,0.0,0.0,0.0,0.0,0.0,0.0
9.965738001919e-15,63.999999999999986,0.0,0.0,0.0,4.363267749187024,0.9999999999999999,29.0,0.013888888888888895,31.3758845383475,309.59278669726933,224.69851157479178,300.0,-7.633331235512276e-15,-71.99999999999795,0.0,0.0,0.0,0.0,0.0,0.0
9.859719512536882e-15,62.999999999999986,0.0,0.0,0.0,4.363267749186968,0.9999999999999999,29.0,0.013888888888888895,31.3897734272364,313.4976249348867,222.75163104709202,300.0,-7.633331235512276e-15,-71.99999999999795,0.0,0.0,0.0,0.0,0.0,0.0
9.753701023154764e-15,61.999999999999986,0.0,0.0,0.0,4.36326774918696,0.9999999999999999,29.0,0.013888888888888895,31.4036623161253,317.36789069647267,220.73689821473178,300.0,-7.633331235512276e-15,-71.99999999999795,0.0,0.0,0.0,0.0,0.0,0.0
9.647682533772646e-15,60.999999999999986,0.0,0.0,0.0,4.363267749186957,0.9999999999999999,29.0,0.013888888888888895,31.4175512050142,321.2024050615842,218.65492678484898,300.0,-7.633331235512276e-15,-71.99999999999795,0.0,0.0,0.0,0.0,0.0,0.0
9.541664044390528e-15,59.999999999999986,0.0,0.0,0.0,4.363267749186997,0.9999999999999999,29.0,0.013888888888888895,31.431440093903,325.0,216.5063509461097,300.0,-7.633331235512276e-15,-71.99999999999795,0.0,0.0,0.0,0.0,0.0,0.0
9.43564555500841e-15,58.999999999999986,0.0,0.0,0.0,4.363267749186878,0.9999999999999999,29.0,0.01388888888888884,31.4453289827919,328.75951872751347,214.29182517552815,300.0,-7.633331235512276e-15,-71.99999999999795,0.0,0.0,0.0,0.0,0.0,0.0
9.329627065626292e-15,57.999999999999986,0.0,0.0,0.0,4.363267749187036,0.9999999999999999,29.0,0.013888888888888895,31.4592178716808,332.4798160583012,212.0120240391065,300.0,-7.633331235512276e-15,-71.99999999999795,0.0,0.0,0.0,0.0,0.0,0.0
9.223608576244174e-15,56.999999999999986,0.0,0.0,0.0,4.363267749186983,0.9999999999999999,29.0,0.01388888888888895,31.4731067605697,336.15975875375676,209.66764198635605,300.0,-7.633331235512276e-15,-71.99999999999795,0.0,0.0,0.0,0.0,0.0,0.0
9.117590086862056e-15,55.999999999999986,0.0,0.0,0.0,4.363267749186979,0.9999999999999999,29.0,0.013888888888888895,31.4869956494586,339.7982258676867,207.25939313876046,300.0,-7.633331235512276e-15,-71.99999999999795,0.0,0.0,0.0,0.0,0.0,0.0
9.011571597479938e-15,54.999999999999986,0.0,0.0,0.0,4.363267749186935,0.9999999999999999,29.0,0.013888888888888895,31.5008845383475,343.3941090877615,204.78801107224797,300.0,-7.633331235512276e-15,-71.99999999999795,0.0,0.0,0.0,0.0,0.0,0.0
8.90555310809782e-15,53.999999999999986,0.0,0.0,0.0,4.363267749186957,0.9999999999999999,29.0,0.013888888888888895,31.5147734272364,346.94631307311823,202.2542485937369,300.0,-7.633331235512276e-15,-71.99999999999795,0.0,0.0,0.0,0.0,0.0,0.0
8.799534618715702e-15,52.999999999999986,0.0,0.0,0.0,4.363267749186991,0.9999999999999999,29.0,0.01388888888888884,31.5286623161253,350.4537557880121,199.65887751182328,300.0,-7.633331235512276e-15,-71.99999999999795,0.0,0.0,0.0,0.0,0.0,0.0
8.693516129333585e-15,51.999999999999986,0.0,0.0,0.0,4.363267749186989,0.9999999999999999,29.0,0.01388888888888895,31.5425512050142,353.9153688314146,197.00268840168053,300.0,-7.633331235512276e-15,-71.99999999999795,0.0,0.0,0.0,0.0,0.0,0.0
8.587497639951467e-15,50.999999999999986,0.0,0.0,0.0,4.36326774918692,0.9999999999999999,29.0,0.01388888888888884,31.556440093903,357.33009776245933,194.28649036424278,300.0,-7.633331235512276e-15,-71.99999999999795,0.0,0.0,0.0,0.0,0.0,0.0
8.481479150569349e-15,49.999999999999986,0.0,0.0,0.0,4.363267749186966,0.9999999999999999,29.0,0.01388888888888895,31.5703289827919,360.6969024216348,191.51111077974454,300.0,-7.633331235512276e-15,-71.99999999999795,0.0,0.0,0.0,0.0,0.0,0.0
8.37546066118723e-15,48.999999999999986,0.0,0.0,0.0,4.363267749186981,0.9999999999999999,29.0,0.01388888888888884,31.5842178716808,364.0147572476268,188.67739505569304,300.0,-7.633331235512276e-15,-71.99999999999795,0.0,0.0,0.0,0.0,0.0,0.0
8.269442171805113e-15,47.999999999999986,0.0,0.0,0.0,4.363267749186991,0.9999999999999999,29.0,0.01388888888888895,31.5981067605697,367.28265158971453,185.78620636934858,300.0,-7.633331235512276e-15,-71.99999999999795,0.0,0.0,0.0,0.0,0.0,0.0
8.163423682422995e-15,46.999999999999986,0.0,0.0,0.0,4.363267749186974,0.9999999999999999,29.0,0.01388888888888884,31.6119956494586,370.4995900156246,182.83842540479264,300.0,-7.633331235512276e-15,-71.99999999999795,0.0,0.0,0.0,0.0,0.0,0.0
8.057405193040877e-15,45.999999999999986,0.0,0.0,0.0,4.363267749186955,0.9999999999999999,29.0,0.01388888888888884,31.6258845383475,373.6645926147493,179.83495008466284,300.0,-7.633331235512276e-15,-71.99999999999795,0.0,0.0,0.0,0.0,0.0,0.0
7.951386703658759e-15,44.999999999999986,0.0,0.0,0.0,4.363267749187002,0.9999999999999999,29.0,0.01388888888888895,31.6397734272364,376.7766952966369,176.7766952966369,300.0,-7.633331235512276e-15,-71.99999999999795,0.0,0.0,0.0,0.0,0.0,0.0
7.845368214276641e-15,43.999999999999986,0.0,0.0,0.0,4.363267749186922,0.9999999999999999,29.0,0.01388888888888884,31.6536623161253,379.83495008466275,173.66459261474935,300.0,-7.633331235512276e-15,-71.99999999999795,0.0,0.0,0.0,0.0,0.0,0.0
7.739349724894523e-15,42.999999999999986,0.0,0.0,0.0,4.363267749186894,0.9999999999999999,29.0,0.01388888888888895,31.6675512050142,382.83842540479253,170.4995900156247,300.0,-7.633331235512276e-15,-71.99999999999795,0.0,0.0,0.0,0.0,0.0,0.0
7.633331235512405e-15,41.999999999999986,0.0,0.0,0.0,4.363267749187013,0.9999999999999999,29.0,0.01388888888888884,31.6814400939031,385.7862063693485,167.28265158971462,300.0,-7.633331235512276e-15,-71.99999999999795,0.0,0.0,0.0,0.0,0.0,0.0
7.527312746130287e-15,40.999999999999986,0.0,0.0,0.0,4.363267749186972,0.9999999999999999,29.0,0.01388888888888895,31.6953289827919,388.67739505569295,164.01475724762687,300.0,-7.633331235512276e-15,-71.99999999999795,0.0,0.0,0.0,0.0,0.0,0.0
7.421294256748169e-15,39.999999999999986,0.0,0.0,0.0,4.36326774918696,0.9999999999999999,29.0,0.01388888888888884,31.7092178716808,391.51111077974446,160.6969024216349,300.0,-7.633331235512276e-15,-71.99999999999795,0.0,0.0,0.0,0.0,0.0,0.0
7.315275767366051e-15,38.999999999999986,0.0,0.0,0.0,4.363267749186966,0.9999999999999999,29.0,0.01388888888888895,31.7231067605697,394.2864903642427,157.33009776245945,300.0,-7.633331235512276e-15,-71.99999999999795,0.0,0.0,0.0,0.0,0.0,0.0
7.209257277983933e-15,37.999999999999986,0.0,0.0,0.0,4.363267749186982,0.9999999999999999,29.0,0.01388888888888884,31.7369956494586,397.0026884016805,153.91536883141464,300.0,-7.633331235512276e-15,-71.99999999999795,0.0,0.0,0.0,0.0,0.0,0.0
7.103238788601816e-15,36.999999999999986,0.0,0.0,0.0,4.363267749186955,0.9999999999999999,29.0,0.01388888888888884,31.7508845383475,399.65887751182316,150.45375578801213,300.0,-7.633331235512219e-15,-71.99999999999795,0.0,0.0,4.089454932665609e-27,0.0,0.0,0.0
6.997220299219699e-15,35.999999999999986,0.0,0.0,0.0,4.363267749186963,0.9999999999999999,29.0,0.01388888888888895,31.7647734272364,402.2542485937368,146.94631307311835,300.0,-7.633331235512219e-15,-71.99999999999795,0.0,0.0,0.0,0.0,0.0,0.0
6.8912018098375815e-15,34.999999999999986,0.0,0.0,0.0,4.363267749186997,0.9999999999999999,29.0,0.01388888888888884,31.7786623161253,404.7880110722479,143.39410908776156,300.0,-7.633331235512219e-15,-71.99999999999795,0.0,0.0,0.0,0.0,0.0,0.0
6.785183320455464e-15,33.999999999999986,0.0,0.0,0.0,4.363267749186927,0.9999999999999999,29.0,0.01388888888888895,31.7925512050142,407.25939313876034,139.79822586768677,300.0,-7.633331235512219e-15,-71.99999999999795,0.0,0.0,0.0,0.0,0.0,0.0
6.679164831073347e-15,32.999999999999986,0.0,0.0,0.0,4.363267749186979,0.9999999999999999,29.0,0.01388888888888884,31.8064400939031,409.66764198635593,136.15975875375682,300.0,-7.633331235512219e-15,-71.99999999999795,0.0,0.0,0.0,0.0,0.0,0.0
6.57314634169123e-15,31.999999999999986,0.0,0.0,0.0,4.363267749186935,0.9999999999999999,29.0,0.01388888888888895,31.8203289827919,412.0120240391064,132.4798160583013,300.0,-7.633331235512219e-15,-71.99999999999795,0.0,0.0,0.0,0.0,0.0,0.0
6.467127852309113e-15,30.999999999999986,0.0,0.0,0.0,4.363267749186973,0.9999999999999999,29.0,0.01388888888888884,31.8342178716808,414.291825175528,128.75951872751364,300.0,-7.633331235512219e-15,-71.99999999999795,0.0,0.0,0.0,0.0,0.0,0.0
6.361109362926996e-15,29.999999999999986,0.0,0.0,0.0,4.363267749187019,0.9999999999999999,29.0,0.01388888888888895,31.8481067605697,416.50635094610965,125.00000000000006,300.0,-7.633331235512219e-15,-71.99999999999795,0.0,0.0,0.0,0.0,0.0,0.0
6.2550908735448785e-15,28.999999999999986,0.0,0.0,0.0,4.363267749186947,0.9999999999999999,29.0,0.01388888888888884,31.8619956494586,418.6549267848489,121.20240506158432,300.0,-7.633331235512219e-15,-71.99999999999795,0.0,0.0,0.0,0.0,0.0,0.0
6.149072384162761e-15,27.999999999999986,0.0,0.0,0.0,4.363267749187036,0.9999999999999999,29.0,0.01388888888888884,31.8758845383475,420.7368982147318,117.36789069647274,300.0,-7.633331235512219e-15,-71.99999999999795,0.0,0.0,0.0,0.0,0.0,0.0
6.043053894780644e-15,26.999999999999986,0.0,0.0,0.0,4.3632677491869725,0.9999999999999999,29.0,0.01388888888888895,31.8897734272364,422.751631047092,113.49762493488673,300.0,-7.633331235512219e-15,-71.99999999999795,0.0,0.0,0.0,0.0,0.0,0.0
5.937035405398527e-15,25.999999999999986,0.0,0.0,0.0,4.363267749186968,0.9999999999999999,29.0,0.01388888888888884,31.9036623161253,424.6985115747918,109.59278669726937,300.0,-7.633331235512219e-15,-71.99999999999795,0.0,0.0,0.0,0.0,0.0,0.0
5.83101691601641e-15,24.999999999999986,0.0,0.0,0.0,4.363267749186948,0.9999999999999999,29.0,0.01388888888888884,31.9175512050142,426.5769467591625,105.6545654351749,300.0,-7.633331235512219e-15,-71.99999999999795,0.0,0.0,0.0,0.0,0.0,0.0
5.724998426634293e-15,23.999999999999986,0.0,0.0,0.0,4.363267749186958,0.9999999999999999,29.0,0.01388888888888884,31.9314400939031,428.38636441065023,101.6841607689501,300.0,-7.633331235512219e-15,-71.99999999999795,0.0,0.0,0.0,0.0,0.0,0.0
5.6189799372521755e-15,22.999999999999986,0.0,0.0,0.0,4.363267749186973,0.9999999999999999,29.0,0.01388888888888895,31.9453289827919,430.1262133631101,97.68278212231847,300.0,-7.633331235512219e-15,-71.99999999999795,0.0,0.0,0.0,0.0,0.0,0.0
5.512961447870058e-15,21.999999999999986,0.0,0.0,0.0,4.363267749186979,0.9999999999999999,29.0,0.01388888888888884,31.9592178716808,431.79596364169686,93.65164835397803,300.0,-7.633331235512219e-15,-71.99999999999795,0.0,0.0,0.0,0.0,0.0,0.0
5.406942958487941e-15,20.999999999999986,0.0,0.0,0.0,4.363267749186954,0.9999999999999999,29.0,0.01388888888888895,31.9731067605697,433.39510662430047,89.59198738632512,300.0,-7.633331235512219e-15,-71.99999999999795,0.0,0.0,0.0,0.0,0.0,0.0
5.300924469105824e-15,19.999999999999986,0.0,0.0,0.0,4.363267749186959,0.9999999999999999,29.0,0.01388888888888884,31.9869956494586,434.92315519647707,85.50503583141722,300.0,-7.633331235512219e-15,-71.99999999999795,0.0,0.0,0.0,0.0,0.0,0.0
5.194905979723707e-15,18.999999999999986,0.0,0.0,0.0,4.3632677491869725,0.9999999999999999,29.0,0.01388888888888895,32.0008845383475,436.3796438998292,81.3920386142892,300.0,-7.633331235512219e-15,-71.99999999999795,0.0,0.0,0.0,0.0,0.0,0.0
5.0888874903415896e-15,17.999999999999986,0.0,0.0,0.0,4.363267749186964,0.9999999999999999,29.0,0.01388888888888895,32.0147734272364,437.7641290737884,77.2542485937369,300.0,-7.633331235512219e-15,-71.99999999999795,0.0,0.0,0.0,0.0,0.0,0.0
4.9828690009594724e-15,16.999999999999986,0.0,0.0,0.0,4.363267749186983,0.9999999999999999,29.0,0.01388888888888884,32.0286623161253,439.07618899075885,73.0929261806842,300.0,-7.633331235512219e-15,-71.99999999999795,0.0,0.0,0.0,0.0,0.0,0.0
4.876850511577355e-15,15.999999999999986,0.0,0.0,0.0,4.363267749186981,0.9999999999999999,29.0,0.01388888888888884,32.0425512050142,440.31542398457975,68.90933895424982,300.0,-7.633331235512219e-15,-71.99999999999795,0.0,0.0,0.0,0.0,0.0,0.0
4.770832022195238e-15,14.999999999999986,0.0,0.0,0.0,4.363267749186965,0.9999999999999999,29.0,0.01388888888888884,32.0564400939031,441.4814565722671,64.70476127563022,300.0,-7.633331235512219e-15,-71.99999999999795,0.0,0.0,0.0,0.0,0.0,0.0
4.664813532813121e-15,13.999999999999986,0.0,0.0,0.0,4.363267749186955,0.9999999999999999,29.0,0.01388888888888884,32.070328982792,442.5739315689991,60.48047389991696,300.0,-7.633331235512219e-15,-71.99999999999795,0.0,0.0,0.0,0.0,0.0,0.0
4.558795043431004e-15,12.999999999999986,0.0,0.0,0.0,4.3632677491869725,0.9999999999999999,29.0,0.01388888888888884,32.0842178716808,443.5925161963088,56.23776358596627,300.0,-7.633331235512219e-15,-71.99999999999795,0.0,0.0,0.0,0.0,0.0,0.0
4.4527765540488866e-15,11.999999999999986,0.0,0.0,0.0,4.36326774918696,0.9999999999999999,29.0,0.01388888888888884,32.0981067605697,444.5369001834514,51.97792270443986,300.0,-7.633331235512219e-15,-71.99999999999795,0.0,0.0,0.0,0.0,0.0,0.0
4.346758064666769e-15,10.999999999999986,0.0,0.0,0.0,4.363267749186966,0.9999999999999999,29.0,0.013888888888889284,32.1119956494586,445.40679586191595,47.70224884413623,300.0,-7.633331235512219e-15,-71.99999999999795,0.0,0.0,0.0,0.0,0.0,0.0
4.240739575284652e-15,9.999999999999986,0.0,0.0,0.0,4.3632677491869805,0.9999999999999999,29.0,0.01388888888888884,32.1258845383475,446.20193825305205,43.41204441673261,300.0,-7.633331235512219e-15,-71.99999999999795,0.0,0.0,0.0,0.0,0.0,0.0
4.134721085902535e-15,8.999999999999986,0.0,0.0,0.0,4.363267749186964,0.9999999999999999,29.0,0.01388888888888884,32.1397734272364,446.92208514878445,39.108616260057744,300.0,-7.633331235512219e-15,-71.99999999999795,0.0,0.0,0.0,0.0,0.0,0.0
4.028702596520418e-15,7.999999999999986,0.0,0.0,0.0,4.363267749186966,0.9999999999999999,29.0,0.01388888888888884,32.1536623161253,447.5670171853926,34.79327524001639,300.0,-7.633331235512219e-15,-71.99999999999795,0.0,0.0,0.0,0.0,0.0,0.0
3.922684107138301e-15,6.999999999999986,0.0,0.0,0.0,4.36326774918697,0.9999999999999999,29.0,0.01388888888888884,32.1675512050142,448.1365379103305,30.467335851286894,300.0,-7.633331235512219e-15,-71.99999999999795,0.0,0.0,0.0,0.0,0.0,0.0
3.8166656177561835e-15,5.999999999999986,0.0,0.0,0.0,4.363267749186965,0.9999999999999999,29.0,0.01388888888888884,32.1814400939031,448.63047384206834,26.132115816913394,300.0,-7.633331235512219e-15,-71.99999999999795,0.0,0.0,0.0,0.0,0.0,0.0
3.710647128374066e-15,4.999999999999986,0.0,0.0,0.0,4.36326774918697,0.9999999999999999,29.0,0.01388888888888884,32.195328982792,449.0486745229364,21.788935686914567,300.0,-7.633331235512219e-15,-71.99999999999795,0.0,0.0,0.0,0.0,0.0,0.0
3.604628638991949e-15,3.999999999999986,0.0,0.0,0.0,4.363267749186965,0.9999999999999999,29.0,0.01388888888888884,32.2092178716808,449.3910125649561,17.439118436031354,300.0,-7.633331235512219e-15,-71.99999999999795,0.0,0.0,0.0,0.0,0.0,0.0
3.498610149609832e-15,2.999999999999986,0.0,0.0,0.0,4.363267749186968,0.9999999999999999,29.0,0.01388888888888884,32.2231067605697,449.65738368864345,13.083989060735982,300.0,-7.633331235512219e-15,-71.99999999999795,0.0,0.0,0.0,0.0,0.0,0.0
3.392591660227715e-15,1.9999999999999858,0.0,0.0,0.0,4.363267749186971,0.9999999999999999,29.0,0.013888888888889284,32.2369956494586,449.847706754774,8.724874175625267,300.0,-7.633331235512219e-15,-71.99999999999795,0.0,0.0,0.0,0.0,0.0,0.0
3.2865731708455977e-15,0.9999999999999859,0.0,0.0,0.0,4.363267749186966,0.9999999999999999,29.0,0.01388888888888884,32.2508845383475,449.9619237890978,4.363101609320902,300.0,-7.633331235512219e-15,-71.99999999999794,0.0,0.0,0.0,1.0231815394945152e-12,0.0,0.0
3.1805546814634805e-15,-1.3988810110276972e-14,0.0,0.0,0.0,4.363267749186968,0.9999999999999999,29.0,0.01388888888888884,32.2647734272364,450.0,2.272536569798764e-14,300.0,-7.633331235512219e-15,-71.99999999999794,0.0,0.0,0.0,0.0,0.0,0.0
3.0745361920813633e-15,-1.0000000000000138,0.0,0.0,0.0,4.363267749186968,0.9999999999999999,29.0,0.01388888888888884,32.2786623161253,449.9619237890978,-4.3631016093208554,300.0,-7.633331235512219e-15,-71.99999999999794,0.0,0.0,0.0,0.0,0.0,0.0
2.968517702699246e-15,-2.0000000000000138,0.0,0.0,0.0,4.363267749186966,0.9999999999999999,29.0,0.01388888888888884,32.2925512050142,449.847706754774,-8.72487417562522,300.0,-7.633331235512219e-15,-71.99999999999795,0.0,0.0,0.0,-1.0231815394945152e-12,0.0,0.0
2.862499213317129e-15,-3.0000000000000138,0.0,0.0,0.0,4.363267749186969,0.9999999999999999,29.0,0.01388888888888884,32.3064400939031,449.65738368864345,-13.083989060735934,300.0,-7.633331235512219e-15,-71.99999999999795,0.0,0.0,0.0,0.0,0.0,0.0
2.7564807239350118e-15,-4.000000000000013,0.0,0.0,0.0,4.363267749186971,0.9999999999999999,29.0,0.01388888888888884,32.320328982792,449.39101256495604,-17.439118436031304,300.0,-7.633331235512219e-15,-71.99999999999793,0.0,0.0,0.0,2.0463630789890304e-12,0.0,0.0
2.6504622345528946e-15,-5.000000000000013,0.0,0.0,0.0,4.363267749186968,0.9999999999999999,29.0,0.01388888888888884,32.3342178716808,449.0486745229364,-21.788935686914524,300.0,-7.633331235512219e-15,-71.99999999999795,0.0,0.0,0.0,-2.0463630789890304e-12,0.0,0.0
2.5444437451707774e-15,-6.000000000000013,0.0,0.0,0.0,4.363267749186967,0.9999999999999999,29.0,0.01388888888888884,32.3481067605697,448.63047384206834,-26.13211581691335,300.0,-7.633331235512219e-15,-71.99999999999795,0.0,0.0,0.0,0.0,0.0,0.0
2.4384252557886603e-15,-7.000000000000013,0.0,0.0,0.0,4.3632677491869725,0.9999999999999999,29.0,0.013888888888889284,32.3619956494586,448.1365379103305,-30.467335851286855,300.0,-7.633331235512219e-15,-71.99999999999795,0.0,0.0,0.0,0.0,0.0,0.0
2.332406766406543e-15,-8.000000000000012,0.0,0.0,0.0,4.363267749186966,0.9999999999999999,29.0,0.01388888888888884,32.3758845383475,447.56701718539256,-34.79327524001634,300.0,-7.633331235512219e-15,-71.9999999999979,0.0,0.0,0.0,4.092726157978061e-12,0.0,0.0
2.226388277024426e-15,-9.000000000000012,0.0,0.0,0.0,4.363267749186973,0.9999999999999999,29.0,0.01388888888888884,32.3897734272364,446.9220851487844,-39.1086162600577,300.0,-7.633331235512219e-15,-71.99999999999795,0.0,0.0,0.0,-4.092726157978061e-12,0.0,0.0
2.1203697876423088e-15,-10.000000000000012,0.0,0.0,0.0,4.363267749186964,0.9999999999999999,29.0,0.01388888888888884,32.4036623161253,446.201938253052,-43.41204441673257,300.0,-7.633331235512219e-15,-71.99999999999795,0.0,0.0,0.0,0.0,0.0,0.0
2.0143512982601916e-15,-11.000000000000012,0.0,0.0,0.0,4.36326774918697,0.9999999999999999,29.0,0.01388888888888884,32.4175512050142,445.40679586191595,-47.702248844136186,300.0,-7.633331235512219e-15,-71.99999999999795,0.0,0.0,0.0,0.0,0.0,0.0
1.9083328088780744e-15,-12.000000000000012,0.0,0.0,0.0,4.363267749186953,0.9999999999999999,29.0,0.01388888888888884,32.4314400939031,444.5369001834514,-51.977922704439806,300.0,-7.633331235512219e-15,-71.99999999999795,0.0,0.0,0.0,0.0,0.0,0.0
1.8023143194959572e-15,-13.000000000000012,0.0,0.0,0.0,4.363267749186973,0.9999999999999999,29.0,0.01388888888888884,32.445328982792,443.5925161963088,-56.23776358596623,300.0,-7.633331235512219e-15,-71.99999999999795,0.0,0.0,0.0,0.0,0.0,0.0
1.69629583011384e-15,-14.000000000000012,0.0,0.0,0.0,4.363267749186965,0.9999999999999999,29.0,0.01388888888888884,32.4592178716809,442.5739315689991,-60.48047389991691,300.0,-7.633331235512219e-15,-71.99999999999795,0.0,0.0,0.0,0.0,0.0,0.0
1.5902773407317229e-15,-15.000000000000012,0.0,0.0,0.0,4.363267749186989,0.9999999999999999,29.0,0.01388888888888884,32.4731067605697,441.48145657226706,-64.70476127563019,300.0,-7.633331235512219e-15,-71.99999999999795,0.0,0.0,0.0,0.0,0.0,0.0
1.4842588513496057e-15,-16.00000000000001,0.0,0.0,0.0,4.363267749186952,0.9999999999999999,29.0,0.013888888888889284,32.4869956494586,440.3154239845797,-68.90933895424978,300.0,-7.633331235512219e-15,-71.99999999999783,0.0,0.0,0.0,9.208633855450637e-12,0.0,0.0
1.3782403619674885e-15,-17.00000000000001,0.0,0.0,0.0,4.363267749186965,0.9999999999999999,29.0,0.01388888888888884,32.5008845383475,439.07618899075885,-73.09292618068416,300.0,-7.633331235512219e-15,-71.99999999999795,0.0,0.0,0.0,-9.208633855450637e-12,0.0,0.0
1.2722218725853714e-15,-18.00000000000001,0.0,0.0,0.0,4.363267749186987,0.9999999999999999,29.0,0.01388888888888884,32.5147734272364,437.76412907378835,-77.25424859373685,300.0,-7.633331235512219e-15,-71.99999999999795,0.0,0.0,0.0,0.0,0.0,0.0
1.1662033832032542e-15,-19.00000000000001,0.0,0.0,0.0,4.363267749186964,0.9999999999999999,29.0,0.01388888888888884,32.5286623161253,436.37964389982915,-81.39203861428915,300.0,-7.633331235512219e-15,-71.99999999999795,0.0,0.0,0.0,0.0,0.0,0.0
1.060184893821137e-15,-20.00000000000001,0.0,0.0,0.0,4.363267749186967,0.9999999999999999,29.0,0.01388888888888884,32.5425512050142,434.92315519647707,-85.50503583141717,300.0,-7.633331235512219e-15,-71.99999999999795,0.0,0.0,0.0,0.0,0.0,0.0
9.541664044390198e-16,-21.00000000000001,0.0,0.0,0.0,4.363267749186966,0.9999999999999999,29.0,0.01388888888888884,32.5564400939031,433.3951066243004,-89.59198738632506,300.0,-7.633331235512219e-15,-71.99999999999795,0.0,0.0,0.0,0.0,0.0,0.0
8.481479150569027e-16,-22.00000000000001,0.0,0.0,0.0,4.36326774918696,0.9999999999999999,29.0,0.01388888888888884,32.570328982792,431.79596364169686,-93.651648353978,300.0,-7.633331235512219e-15,-71.99999999999795,0.0,0.0,0.0,0.0,0.0,0.0
7.421294256747855e-16,-23.00000000000001,0.0,0.0,0.0,4.363267749186965,0.9999999999999999,29.0,0.01388888888888884,32.5842178716809,430.1262133631101,-97.68278212231843,300.0,-7.633331235512219e-15,-71.99999999999795,0.0,0.0,0.0,0.0,0.0,0.0
6.361109362926683e-16,-24.00000000000001,0.0,0.0,0.0,4.363267749186948,0.9999999999999999,29.0,0.01388888888888884,32.5981067605697,428.38636441065023,-101.68416076895002,300.0,-7.633331235512219e-15,-71.99999999999795,0.0,0.0,0.0,0.0,0.0,0.0
5.300924469105512e-16,-25.00000000000001,0.0,0.0,0.0,4.363267749186958,0.9999999999999999,29.0,0.013888888888889284,32.6119956494586,426.5769467591625,-105.65456543517483,300.0,-7.633331235512219e-15,-71.99999999999795,0.0,0.0,0.0,0.0,0.0,0.0
4.2407395752843393e-16,-26.00000000000001,0.0,0.0,0.0,4.363267749186998,0.9999999999999999,29.0,0.01388888888888884,32.6258845383475,424.6985115747917,-109.59278669726933,300.0,-7.633331235512223e-15,-71.99999999999795,0.0,0.0,-3.407879110554674e-28,0.0,0.0,0.0
3.180554681463167e-16,-27.00000000000001,0.0,0.0,0.0,4.363267749186994,0.9999999999999999,29.0,0.01388888888888884,32.6397734272364,422.7516310470919,-113.49762493488669,300.0,-7.633331235512223e-15,-71.99999999999795,0.0,0.0,0.0,0.0,0.0,0.0
2.120369787641995e-16,-28.00000000000001,0.0,0.0,0.0,4.363267749186934,0.9999999999999999,29.0,0.01388888888888884,32.6536623161253,420.7368982147317,-117.36789069647266,300.0,-7.633331235512223e-15,-71.99999999999795,0.0,0.0,0.0,0.0,0.0,0.0
1.0601848938208227e-16,-29.00000000000001,0.0,0.0,0.0,4.363267749186928,0.9999999999999999,29.0,0.01388888888888884,32.6675512050142,418.654926784849,-121.20240506158423,300.0,-7.633331235512223e-15,-71.99999999999795,0.0,0.0,0.0,0.0,0.0,0.0
-3.4956398862606086e-29,-30.00000000000001,0.0,0.0,0.0,4.363267749186975,0.9999999999999999,29.0,0.01388888888888884,32.6814400939031,416.5063509461097,-124.99999999999997,300.0,-7.633331235512223e-15,-71.99999999999795,0.0,0.0,0.0,0.0,0.0,0.0
-1.0601848938215218e-16,-31.00000000000001,0.0,0.0,0.0,4.36326774918699,0.9999999999999999,29.0,0.01388888888888884,32.695328982792,414.2918251755281,-128.75951872751355,300.0,-7.633331235512223e-15,-71.99999999999795,0.0,0.0,0.0,0.0,0.0,0.0
-2.120369787642694e-16,-32.00000000000001,0.0,0.0,0.0,4.3632677491869485,0.9999999999999999,29.0,0.01388888888888884,32.7092178716809,412.0120240391065,-132.4798160583012,300.0,-7.633331235512223e-15,-71.9999999999977,0.0,0.0,0.0,1.8417267710901273e-11,0.0,0.0
-3.180554681463866e-16,-33.00000000000001,0.0,0.0,0.0,4.363267749186959,0.9999999999999999,29.0,0.01388888888888884,32.7231067605697,409.66764198635605,-136.15975875375673,300.0,-7.633331235512223e-15,-71.99999999999795,0.0,0.0,0.0,-1.8417267710901273e-11,0.0,0.0
-4.2407395752850385e-16,-34.00000000000001,0.0,0.0,0.0,4.363267749186979,0.9999999999999999,29.0,0.013888888888889284,32.7369956494586,407.25939313876046,-139.79822586768668,300.0,-7.633331235512223e-15,-71.99999999999795,0.0,0.0,0.0,0.0,0.0,0.0
-5.300924469106211e-16,-35.00000000000001,0.0,0.0,0.0,4.363267749186927,0.9999999999999999,29.0,0.01388888888888884,32.7508845383475,404.788011072248,-143.39410908776148,300.0,-7.633331235512223e-15,-71.99999999999795,0.0,0.0,0.0,0.0,0.0,0.0
-6.361109362927383e-16,-36.00000000000001,0.0,0.0,0.0,4.363267749186997,0.9999999999999999,29.0,0.01388888888888884,32.7647734272364,402.2542485937369,-146.94631307311826,300.0,-7.633331235512227e-15,-71.99999999999795,0.0,0.0,-2.2719194070364494e-28,0.0,0.0,0.0
-7.421294256748555e-16,-37.00000000000001,0.0,0.0,0.0,4.363267749186963,0.9999999999999999,29.0,0.01388888888888884,32.7786623161253,399.6588775118233,-150.45375578801205,300.0,-7.633331235512219e-15,-71.99999999999795,0.0,0.0,5.679798517591124e-28,0.0,0.0,0.0
-8.481479150569727e-16,-38.00000000000001,0.0,0.0,0.0,4.363267749186989,0.9999999999999999,29.0,0.01388888888888884,32.7925512050142,397.00268840168053,-153.91536883141455,300.0,-7.633331235512219e-15,-71.99999999999795,0.0,0.0,0.0,0.0,0.0,0.0
-9.541664044390899e-16,-39.00000000000001,0.0,0.0,0.0,4.363267749186982,0.9999999999999999,29.0,0.013888888888889284,32.8064400939031,394.28649036424275,-157.33009776245936,300.0,-7.633331235512219e-15,-71.99999999999795,0.0,0.0,0.0,0.0,0.0,0.0
-1.060184893821207e-15,-40.00000000000001,0.0,0.0,0.0,4.36326774918693,0.9999999999999999,29.0,0.01388888888888884,32.820328982792,391.51111077974457,-160.6969024216348,300.0,-7.633331235512219e-15,-71.99999999999795,0.0,0.0,0.0,0.0,0.0,0.0
-1.1662033832033242e-15,-41.00000000000001,0.0,0.0,0.0,4.36326774918696,0.9999999999999999,29.0,0.01388888888888884,32.8342178716809,388.67739505569307,-164.0147572476268,300.0,-7.633331235512219e-15,-71.99999999999795,0.0,0.0,0.0,0.0,0.0,0.0
-1.2722218725854414e-15,-42.00000000000001,0.0,0.0,0.0,4.36326774918701,0.9999999999999999,29.0,0.01388888888888884,32.8481067605698,385.7862063693486,-167.28265158971453,300.0,-7.633331235512219e-15,-71.99999999999795,0.0,0.0,0.0,0.0,0.0,0.0
-1.3782403619675586e-15,-43.00000000000001,0.0,0.0,0.0,4.363267749186954,0.9999999999999999,29.0,0.01388888888888884,32.8619956494586,382.83842540479264,-170.4995900156246,300.0,-7.633331235512219e-15,-71.99999999999795,0.0,0.0,0.0,0.0,0.0,0.0
-1.4842588513496757e-15,-44.00000000000001,0.0,0.0,0.0,4.363267749186996,0.9999999999999999,29.0,0.01388888888888884,32.8758845383475,379.8349500846628,-173.66459261474932,300.0,-7.633331235512219e-15,-71.99999999999795,0.0,0.0,0.0,0.0,0.0,0.0
-1.5902773407317929e-15,-45.00000000000001,0.0,0.0,0.0,4.363267749186981,0.9999999999999999,29.0,0.01388888888888884,32.8897734272364,376.7766952966369,-176.7766952966369,300.0,-7.633331235512219e-15,-71.99999999999795,0.0,0.0,0.0,0.0,0.0,0.0
-1.69629583011391e-15,-46.00000000000001,0.0,0.0,0.0,4.363267749186962,0.9999999999999999,29.0,0.01388888888888884,32.9036623161253,373.6645926147493,-179.83495008466278,300.0,-7.633331235512219e-15,-71.99999999999795,0.0,0.0,0.0,0.0,0.0,0.0
-1.8023143194960274e-15,-47.00000000000001,0.0,0.0,0.0,4.363267749186914,0.9999999999999999,29.0,0.01388888888888884,32.9175512050142,370.4995900156247,-182.8384254047926,300.0,-7.633331235512233e-15,-71.99999999999795,0.0,0.0,-1.0223637331664022e-27,0.0,0.0,0.0
-1.9083328088781446e-15,-48.00000000000001,0.0,0.0,0.0,4.363267749186994,0.9999999999999999,29.0,0.013888888888889284,32.9314400939031,367.2826515897146,-185.78620636934855,300.0,-7.633331235512219e-15,-71.99999999999795,0.0,0.0,1.0223637331664022e-27,0.0,0.0,0.0
-2.0143512982602618e-15,-49.00000000000001,0.0,0.0,0.0,4.363267749186972,0.9999999999999999,29.0,0.01388888888888884,32.945328982792,364.01475724762685,-188.67739505569298,300.0,-7.633331235512219e-15,-71.99999999999795,0.0,0.0,0.0,0.0,0.0,0.0
-2.120369787642379e-15,-50.00000000000001,0.0,0.0,0.0,4.363267749187,0.9999999999999999,29.0,0.01388888888888884,32.9592178716809,360.69690242163483,-191.5111107797445,300.0,-7.633331235512219e-15,-71.99999999999795,0.0,0.0,0.0,0.0,0.0,0.0
-2.226388277024496e-15,-51.00000000000001,0.0,0.0,0.0,4.36326774918693,0.9999999999999999,29.0,0.01388888888888884,32.9731067605698,357.3300977624594,-194.2864903642427,300.0,-7.633331235512219e-15,-71.99999999999795,0.0,0.0,0.0,0.0,0.0,0.0
-2.3324067664066133e-15,-52.00000000000001,0.0,0.0,0.0,4.363267749186938,0.9999999999999999,29.0,0.01388888888888884,32.9869956494586,353.91536883141464,-197.00268840168047,300.0,-7.633331235512219e-15,-71.99999999999795,0.0,0.0,0.0,0.0,0.0,0.0
-2.4384252557887305e-15,-53.00000000000001,0.0,0.0,0.0,4.363267749187035,0.9999999999999999,29.0,0.01388888888888884,33.0008845383475,350.4537557880121,-199.65887751182322,300.0,-7.633331235512219e-15,-71.99999999999795,0.0,0.0,0.0,0.0,0.0,0.0
-2.5444437451708477e-15,-54.00000000000001,0.0,0.0,0.0,4.3632677491869,0.9999999999999999,29.0,0.01388888888888884,33.0147734272364,346.94631307311835,-202.25424859373683,300.0,-7.633331235512219e-15,-71.99999999999795,0.0,0.0,0.0,0.0,0.0,0.0
-2.650462234552965e-15,-55.00000000000001,0.0,0.0,0.0,4.363267749186957,0.9999999999999999,29.0,0.013888888888889284,33.0286623161253,343.3941090877616,-204.7880110722479,300.0,-7.633331235512219e-15,-71.99999999999795,0.0,0.0,0.0,0.0,0.0,0.0
-2.756480723935082e-15,-56.00000000000001,0.0,0.0,0.0,4.363267749186982,0.9999999999999999,29.0,0.01388888888888884,33.0425512050142,339.79822586768677,-207.2593931387604,300.0,-7.633331235512219e-15,-71.99999999999795,0.0,0.0,0.0,0.0,0.0,0.0
-2.862499213317199e-15,-57.00000000000001,0.0,0.0,0.0,4.363267749186979,0.9999999999999999,29.0,0.01388888888888884,33.0564400939031,336.1597587537568,-209.667641986356,300.0,-7.633331235512219e-15,-71.99999999999795,0.0,0.0,0.0,0.0,0.0,0.0
-2.9685177026993163e-15,-58.00000000000001,0.0,0.0,0.0,4.36326774918695,0.9999999999999999,29.0,0.01388888888888884,33.070328982792,332.4798160583013,-212.01202403910648,300.0,-7.633331235512219e-15,-71.99999999999795,0.0,0.0,0.0,0.0,0.0,0.0
-3.0745361920814335e-15,-59.00000000000001,0.0,0.0,0.0,4.363267749187006,0.9999999999999999,29.0,0.01388888888888884,33.0842178716809,328.7595187275136,-214.29182517552806,300.0,-7.633331235512219e-15,-71.99999999999795,0.0,0.0,0.0,0.0,0.0,0.0
-3.1805546814635507e-15,-60.00000000000001,0.0,0.0,0.0,4.36326774918699,0.9999999999999999,29.0,0.01388888888888884,33.0981067605698,325.0,-216.50635094610965,300.0,-7.633331235512219e-15,-71.99999999999795,0.0,0.0,0.0,0.0,0.0,0.0
-3.286573170845668e-15,-61.00000000000001,0.0,0.0,0.0,4.3632677491869485,0.9999999999999999,29.0,0.01388888888888884,33.1119956494586,321.2024050615843,-218.65492678484893,300.0,-7.633331235512219e-15,-71.99999999999795,0.0,0.0,0.0,0.0,0.0,0.0
-3.392591660227785e-15,-62.00000000000001,0.0,0.0,0.0,4.363267749187008,0.9999999999999999,29.0,0.01388888888888884,33.1258845383475,317.36789069647267,-220.73689821473172,300.0,-7.633331235512219e-15,-71.99999999999795,0.0,0.0,0.0,0.0,0.0,0.0
-3.4986101496099022e-15,-63.00000000000001,0.0,0.0,0.0,4.363267749186884,0.9999999999999999,29.0,0.01388888888888884,33.1397734272364,313.49762493488674,-222.7516310470919,300.0,-7.633331235512219e-15,-71.99999999999795,0.0,0.0,0.0,0.0,0.0,0.0
-3.604628638992019e-15,-64.0,0.0,0.0,0.0,4.363267749186994,0.9999999999999999,29.0,0.013888888888889284,33.1536623161253,309.5927866972694,-224.69851157479172,300.0,-7.633331235512219e-15,-71.99999999999744,0.0,0.0,0.0,3.6834535421802547e-11,0.0,0.0
-3.7106471283741366e-15,-65.0,0.0,0.0,0.0,4.363267749186961,0.9999999999999999,29.0,0.01388888888888884,33.1675512050142,305.6545654351749,-226.57694675916247,300.0,-7.633331235512219e-15,-71.99999999999795,0.0,0.0,0.0,-3.6834535421802547e-11,0.0,0.0
-3.816665617756254e-15,-66.0,0.0,0.0,0.0,4.363267749186957,0.9999999999999999,29.0,0.01388888888888884,33.1814400939031,301.6841607689501,-228.3863644106502,300.0,-7.633331235512219e-15,-71.99999999999795,0.0,0.0,0.0,0.0,0.0,0.0
-3.922684107138371e-15,-67.0,0.0,0.0,0.0,4.363267749186909,0.9999999999999999,29.0,0.01388888888888884,33.195328982792,297.68278212231854,-230.12621336311003,300.0,-7.633331235512219e-15,-71.99999999999795,0.0,0.0,0.0,0.0,0.0,0.0
-4.028702596520488e-15,-68.0,0.0,0.0,0.0,4.363267749187055,0.9999999999999999,29.0,0.01388888888888884,33.2092178716809,293.65164835397803,-231.79596364169683,300.0,-7.633331235512219e-15,-71.99999999999795,0.0,0.0,0.0,0.0,0.0,0.0
-4.134721085902605e-15,-69.0,0.0,0.0,0.0,4.363267749186954,0.9999999999999999,29.0,0.01388888888888884,33.2231067605698,289.5919873863251,-233.39510662430044,300.0,-7.633331235512219e-15,-71.99999999999795,0.0,0.0,0.0,0.0,0.0,0.0
-4.2407395752847224e-15,-70.0,0.0,0.0,0.0,4.3632677491869165,0.9999999999999999,29.0,0.01388888888888884,33.2369956494587,285.5050358314173,-234.92315519647707,300.0,-7.633331235512219e-15,-71.99999999999795,0.0,0.0,0.0,0.0,0.0,0.0
-4.3467580646668396e-15,-71.0,0.0,0.0,0.0,4.3632677491870036,0.9999999999999999,29.0,0.01388888888888884,33.2508845383475,281.3920386142892,-236.37964389982918,300.0,-7.633331235512219e-15,-71.99999999999795,0.0,0.0,0.0,0.0,0.0,0.0
-4.452776554048957e-15,-72.0,0.0,0.0,0.0,4.363267749186964,0.9999999999999999,29.0,0.01388888888888884,33.2647734272364,277.2542485937369,-237.76412907378838,300.0,-7.633331235512219e-15,-71.99999999999795,0.0,0.0,0.0,0.0,0.0,0.0
-4.558795043431074e-15,-73.0,0.0,0.0,0.0,4.363267749186978,0.9999999999999999,29.0,0.013888888888889284,33.2786623161253,273.09292618068423,-239.07618899075885,300.0,-7.633331235512219e-15,-71.99999999999795,0.0,0.0,0.0,0.0,0.0,0.0
-4.664813532813191e-15,-74.0,0.0,0.0,0.0,4.363267749186973,0.9999999999999999,29.0,0.01388888888888884,33.2925512050142,268.90933895424985,-240.31542398457972,300.0,-7.633331235512219e-15,-71.99999999999795,0.0,0.0,0.0,0.0,0.0,0.0
-4.770832022195308e-15,-75.0,0.0,0.0,0.0,4.363267749186979,0.9999999999999999,29.0,0.01388888888888884,33.3064400939031,264.70476127563023,-241.4814565722671,300.0,-7.633331235512219e-15,-71.99999999999795,0.0,0.0,0.0,0.0,0.0,0.0
-4.8768505115774255e-15,-76.0,0.0,0.0,0.0,4.363267749186933,0.9999999999999999,29.0,0.01388888888888884,33.320328982792,260.480473899917,-242.57393156899911,300.0,-7.633331235512219e-15,-71.99999999999795,0.0,0.0,0.0,0.0,0.0,0.0
-4.982869000959543e-15,-77.0,0.0,0.0,0.0,4.363267749187034,0.9999999999999999,29.0,0.01388888888888884,33.3342178716809,256.23776358596626,-243.59251619630885,300.0,-7.633331235512219e-15,-71.99999999999795,0.0,0.0,0.0,0.0,0.0,0.0
-5.08888749034166e-15,-78.0,0.0,0.0,0.0,4.363267749186919,0.9999999999999999,29.0,0.01388888888888884,33.3481067605698,251.9779227044399,-244.53690018345142,300.0,-7.633331235512219e-15,-71.99999999999795,0.0,0.0,0.0,0.0,0.0,0.0
-5.194905979723777e-15,-79.0,0.0,0.0,0.0,4.363267749186979,0.9999999999999999,29.0,0.01388888888888884,33.3619956494587,247.70224884413625,-245.406795861916,300.0,-7.633331235512219e-15,-71.99999999999795,0.0,0.0,0.0,0.0,0.0,0.0
-5.300924469105894e-15,-80.0,0.0,0.0,0.0,4.363267749186957,0.9999999999999999,29.0,0.01388888888888884,33.3758845383475,243.41204441673264,-246.20193825305202,300.0,-7.633331235512219e-15,-71.99999999999795,0.0,0.0,0.0,0.0,0.0,0.0
-5.406942958488011e-15,-81.0,0.0,0.0,0.0,4.3632677491869725,0.9999999999999999,29.0,0.01388888888888884,33.3897734272364,239.10861626005777,-246.92208514878448,300.0,-7.633331235512219e-15,-71.99999999999795,0.0,0.0,0.0,0.0,0.0,0.0
-5.5129614478701285e-15,-82.0,0.0,0.0,0.0,4.363267749186937,0.9999999999999999,29.0,0.013888888888889284,33.4036623161253,234.79327524001644,-247.5670171853926,300.0,-7.633331235512219e-15,-71.99999999999795,0.0,0.0,0.0,0.0,0.0,0.0
-5.618979937252246e-15,-83.0,0.0,0.0,0.0,4.363267749187002,0.9999999999999999,29.0,0.01388888888888884,33.4175512050142,230.46733585128692,-248.13653791033053,300.0,-7.633331235512219e-15,-71.99999999999795,0.0,0.0,0.0,0.0,0.0,0.0
-5.724998426634363e-15,-84.0,0.0,0.0,0.0,4.363267749186983,0.9999999999999999,29.0,0.01388888888888884,33.4314400939031,226.1321158169134,-248.63047384206834,300.0,-7.633331235512219e-15,-71.99999999999795,0.0,0.0,0.0,0.0,0.0,0.0
-5.83101691601648e-15,-85.0,0.0,0.0,0.0,4.363267749186987,0.9999999999999999,29.0,0.01388888888888884,33.445328982792,221.78893568691456,-249.0486745229364,300.0,-7.633331235512219e-15,-71.99999999999795,0.0,0.0,0.0,0.0,0.0,0.0
-5.937035405398597e-15,-86.0,0.0,0.0,0.0,4.363267749186897,0.9999999999999999,29.0,0.01388888888888884,33.4592178716809,217.4391184360314,-249.39101256495607,300.0,-7.633331235512219e-15,-71.99999999999795,0.0,0.0,0.0,0.0,0.0,0.0
-6.043053894780714e-15,-87.0,0.0,0.0,0.0,4.363267749186977,0.9999999999999999,29.0,0.01388888888888884,33.4731067605698,213.08398906073603,-249.65738368864348,300.0,-7.633331235512219e-15,-71.99999999999795,0.0,0.0,0.0,0.0,0.0,0.0
-6.1490723841628315e-15,-88.0,0.0,0.0,0.0,4.363267749186982,0.9999999999999999,29.0,0.01388888888888884,33.4869956494587,208.7248741756253,-249.84770675477398,300.0,-7.633331235512219e-15,-71.99999999999795,0.0,0.0,0.0,0.0,0.0,0.0
-6.255090873544949e-15,-89.0,0.0,0.0,0.0,4.363267749187041,0.9999999999999999,29.0,0.01388888888888884,33.5008845383475,204.36310160932086,-249.96192378909785,300.0,-7.633331235512219e-15,-71.99999999999795,0.0,0.0,0.0,0.0,0.0,0.0
-6.361109362927066e-15,-90.0,0.0,0.0,0.0,4.363267749186897,0.9999999999999999,29.0,0.02610055781697529,33.5269850961645,200.00000000000006,-250.00000000000003,300.0,-4.061924274781638e-15,-38.31335740072136,0.0,0.0,1.3683259130989478e-13,1290.6483775364495,0.0,0.0
-6.361109362927066e-15,-90.0,0.0,0.0,0.0,4.363267749186897,0.9999999999999999,29.0,0.01,33.5369850961645,200.00000000000006,-250.00000000000003,300.0,0.0,0.0,0.0,0.0,0.0,0.0,0.0,0.0
-6.361109362927066e-15,-90.0,0.0,0.0,0.0,4.363267749186897,0.9999999999999999,29.0,1.03,34.5669850961645,200.00000000000006,-250.00000000000003,300.0,0.0,0.0,0.0,0.0,0.0,0.0,0.0,0.0
-6.255090873544949e-15,-89.0,0.0,0.0,0.0,4.363267749186897,1.0,30.0,0.0,34.5669850961645,204.36310160932086,-249.96192378909785,300.0,0.0,0.0,0.0,0.0,0.0,0.0,0.0,0.0
-6.1490723841628315e-15,-88.0,0.0,0.0,0.0,4.363267749187041,1.0,30.0,0.03998944670586442,34.6069745428704,208.7248741756253,-249.84770675477398,300.0,2.6511616967826564e-15,25.006597549482205,0.0,0.0,6.629653359004625e-14,625.3299210017694,0.0,0.0
-6.043053894780714e-15,-87.0,0.0,0.0,0.0,4.363267749186982,1.0,30.0,0.013888888888888888,34.6208634317593,213.08398906073603,-249.65738368864348,300.0,7.633331235512219e-15,71.99999999999795,0.0,0.0,3.5871620678851825e-13,3383.5249764370374,0.0,0.0
-5.937035405398597e-15,-86.0,0.0,0.0,0.0,4.363267749186977,1.0,30.0,0.013888888888888888,34.6347523206482,217.4391184360314,-249.39101256495607,300.0,7.633331235512219e-15,71.99999999999795,0.0,0.0,0.0,0.0,0.0,0.0
-5.83101691601648e-15,-85.0,0.0,0.0,0.0,4.363267749186897,1.0,30.0,0.013888888888888881,34.6486412095371,221.78893568691456,-249.0486745229364,300.0,7.633331235512219e-15,71.99999999999795,0.0,0.0,0.0,0.0,0.0,0.0
-5.724998426634363e-15,-84.0,0.0,0.0,0.0,4.363267749186987,1.0,30.0,0.013888888888888895,34.6625300984259,226.1321158169134,-248.63047384206834,300.0,7.633331235512219e-15,71.99999999999795,0.0,0.0,0.0,0.0,0.0,0.0
-5.618979937252246e-15,-83.0,0.0,0.0,0.0,4.363267749186983,1.0,30.0,0.013888888888888881,34.6764189873148,230.46733585128692,-248.13653791033053,300.0,7.633331235512219e-15,71.99999999999795,0.0,0.0,0.0,0.0,0.0,0.0
-5.5129614478701285e-15,-82.0,0.0,0.0,0.0,4.363267749187002,1.0,30.0,0.013888888888888895,34.6903078762037,234.79327524001644,-247.5670171853926,300.0,7.633331235512219e-15,71.99999999999795,0.0,0.0,0.0,0.0,0.0,0.0
-5.406942958488011e-15,-81.0,0.0,0.0,0.0,4.363267749186937,1.0,30.0,0.013888888888888867,34.7041967650926,239.10861626005777,-246.92208514878448,300.0,7.633331235512219e-15,71.99999999999795,0.0,0.0,0.0,0.0,0.0,0.0
-5.300924469105894e-15,-80.0,0.0,0.0,0.0,4.3632677491869725,1.0,30.0,0.013888888888888895,34.7180856539815,243.41204441673264,-246.20193825305202,300.0,7.633331235512219e-15,71.99999999999795,0.0,0.0,0.0,0.0,0.0,0.0
-5.194905979723777e-15,-79.0,0.0,0.0,0.0,4.363267749186957,1.0,30.0,0.013888888888888895,34.7319745428704,247.70224884413625,-245.406795861916,300.0,7.633331235512219e-15,71.99999999999795,0.0,0.0,0.0,0.0,0.0,0.0
-5.08888749034166e-15,-78.0,0.0,0.0,0.0,4.363267749186979,1.0,30.0,0.013888888888888895,34.7458634317593,251.9779227044399,-244.53690018345142,300.0,7.633331235512219e-15,71.99999999999795,0.0,0.0,0.0,0.0,0.0,0.0
-4.982869000959543e-15,-77.0,0.0,0.0,0.0,4.363267749186919,1.0,30.0,0.013888888888888895,34.7597523206482,256.23776358596626,-243.59251619630885,300.0,7.633331235512219e-15,71.99999999999795,0.0,0.0,0.0,0.0,0.0,0.0
-4.8768505115774255e-15,-76.0,0.0,0.0,0.0,4.363267749187034,1.0,30.0,0.013888888888888895,34.7736412095371,260.480473899917,-242.57393156899911,300.0,7.633331235512219e-15,71.99999999999795,0.0,0.0,0.0,0.0,0.0,0.0
-4.770832022195308e-15,-75.0,0.0,0.0,0.0,4.363267749186933,1.0,30.0,0.013888888888888867,34.7875300984259,264.70476127563023,-241.4814565722671,300.0,7.633331235512219e-15,71.99999999999795,0.0,0.0,0.0,0.0,0.0,0.0
-4.664813532813191e-15,-74.0,0.0,0.0,0.0,4.363267749186979,1.0,30.0,0.013888888888888895,34.8014189873148,268.90933895424985,-240.31542398457972,300.0,7.633331235512219e-15,71.99999999999795,0.0,0.0,0.0,0.0,0.0,0.0
-4.558795043431074e-15,-73.0,0.0,0.0,0.0,4.363267749186973,1.0,30.0,0.013888888888888895,34.8153078762037,273.09292618068423,-239.07618899075885,300.0,7.633331235512219e-15,71.99999999999795,0.0,0.0,0.0,0.0,0.0,0.0
-4.452776554048957e-15,-72.0,0.0,0.0,0.0,4.363267749186978,1.0,30.0,0.013888888888888923,34.8291967650926,277.2542485937369,-237.76412907378838,300.0,7.633331235512219e-15,71.99999999999795,0.0,0.0,0.0,0.0,0.0,0.0
-4.3467580646668396e-15,-71.0,0.0,0.0,0.0,4.363267749186964,1.0,30.0,0.01388888888888884,34.8430856539815,281.3920386142892,-236.37964389982918,300.0,7.633331235512219e-15,71.99999999999795,0.0,0.0,0.0,0.0,0.0,0.0
-4.2407395752847224e-15,-70.0,0.0,0.0,0.0,4.3632677491870036,1.0,30.0,0.013888888888888895,34.8569745428704,285.5050358314173,-234.92315519647707,300.0,7.633331235512219e-15,71.99999999999795,0.0,0.0,0.0,0.0,0.0,0.0
-4.134721085902605e-15,-69.0,0.0,0.0,0.0,4.3632677491869165,1.0,30.0,0.013888888888888895,34.8708634317593,289.5919873863251,-233.39510662430044,300.0,7.633331235512219e-15,71.99999999999795,0.0,0.0,0.0,0.0,0.0,0.0
-4.028702596520488e-15,-68.0,0.0,0.0,0.0,4.363267749186954,1.0,30.0,0.013888888888888895,34.8847523206482,293.65164835397803,-231.79596364169683,300.0,7.633331235512219e-15,71.99999999999795,0.0,0.0,0.0,0.0,0.0,0.0
-3.922684107138371e-15,-67.0,0.0,0.0,0.0,4.363267749187055,1.0,30.0,0.013888888888888895,34.8986412095371,297.68278212231854,-230.12621336311003,300.0,7.633331235512219e-15,71.99999999999795,0.0,0.0,0.0,0.0,0.0,0.0
-3.816665617756254e-15,-66.0,0.0,0.0,0.0,4.363267749186909,1.0,30.0,0.013888888888888895,34.912530098426,301.6841607689501,-228.3863644106502,300.0,7.633331235512219e-15,71.99999999999795,0.0,0.0,0.0,0.0,0.0,0.0
-3.7106471283741366e-15,-65.0,0.0,0.0,0.0,4.363267749186957,1.0,30.0,0.013888888888888895,34.9264189873148,305.6545654351749,-226.57694675916247,300.0,7.633331235512219e-15,71.99999999999795,0.0,0.0,0.0,0.0,0.0,0.0
-3.604628638992019e-15,-64.0,0.0,0.0,0.0,4.363267749186961,1.0,30.0,0.01388888888888884,34.9403078762037,309.5927866972694,-224.69851157479172,300.0,7.633331235512219e-15,71.99999999999795,0.0,0.0,0.0,0.0,0.0,0.0
-3.498610149609902e-15,-63.0,0.0,0.0,0.0,4.363267749186994,1.0,30.0,0.013888888888888895,34.9541967650926,313.49762493488674,-222.7516310470919,300.0,7.633331235512247e-15,71.99999999999795,0.0,0.0,2.0447274663328045e-27,0.0,0.0,0.0
-3.3925916602277842e-15,-62.0,0.0,0.0,0.0,4.363267749186997,1.0,30.0,0.013888888888888895,34.9680856539815,317.3678906964728,-220.7368982147317,300.0,7.633331235512247e-15,71.99999999999795,0.0,0.0,0.0,0.0,0.0,0.0
-3.2865731708456667e-15,-61.0,0.0,0.0,0.0,4.363267749186957,1.0,30.0,0.013888888888888895,34.9819745428704,321.20240506158433,-218.6549267848489,300.0,7.633331235512247e-15,71.99999999999795,0.0,0.0,0.0,0.0,0.0,0.0
-3.180554681463549e-15,-60.0,0.0,0.0,0.0,4.3632677491869485,1.0,30.0,0.013888888888888895,34.9958634317593,325.00000000000006,-216.50635094610962,300.0,7.633331235512247e-15,71.99999999999795,0.0,0.0,0.0,0.0,0.0,0.0
-3.0745361920814315e-15,-59.0,0.0,0.0,0.0,4.36326774918699,1.0,30.0,0.013888888888888895,35.0097523206482,328.75951872751364,-214.29182517552803,300.0,7.633331235512247e-15,71.99999999999795,0.0,0.0,0.0,0.0,0.0,0.0
-2.968517702699314e-15,-58.0,0.0,0.0,0.0,4.363267749186943,1.0,30.0,0.013888888888888895,35.0236412095371,332.4798160583013,-212.01202403910648,300.0,7.633331235512247e-15,71.99999999999795,0.0,0.0,0.0,0.0,0.0,0.0
-2.8624992133171964e-15,-57.0,0.0,0.0,0.0,4.363267749187013,1.0,30.0,0.01388888888888895,35.037530098426,336.1597587537569,-209.66764198635596,300.0,7.633331235512247e-15,71.99999999999795,0.0,0.0,0.0,0.0,0.0,0.0
-2.756480723935079e-15,-56.0,0.0,0.0,0.0,4.363267749186916,1.0,30.0,0.01388888888888884,35.0514189873148,339.79822586768677,-207.2593931387604,300.0,7.633331235512247e-15,71.99999999999795,0.0,0.0,0.0,0.0,0.0,0.0
-2.6504622345529613e-15,-55.0,0.0,0.0,0.0,4.363267749186982,1.0,30.0,0.013888888888888895,35.0653078762037,343.3941090877616,-204.7880110722479,300.0,7.633331235512247e-15,71.99999999999795,0.0,0.0,0.0,0.0,0.0,0.0
-2.5444437451708437e-15,-54.0,0.0,0.0,0.0,4.363267749186957,1.0,30.0,0.013888888888888895,35.0791967650926,346.94631307311835,-202.25424859373683,300.0,7.633331235512247e-15,71.99999999999795,0.0,0.0,0.0,0.0,0.0,0.0
-2.438425255788726e-15,-53.0,0.0,0.0,0.0,4.363267749187008,1.0,30.0,0.01388888888888895,35.0930856539815,350.4537557880122,-199.6588775118232,300.0,7.633331235512247e-15,71.99999999999795,0.0,0.0,0.0,0.0,0.0,0.0
-2.3324067664066086e-15,-52.0,0.0,0.0,0.0,4.363267749186927,1.0,30.0,0.01388888888888884,35.1069745428704,353.91536883141464,-197.00268840168047,300.0,7.633331235512247e-15,71.99999999999795,0.0,0.0,0.0,0.0,0.0,0.0
-2.226388277024491e-15,-51.0,0.0,0.0,0.0,4.363267749187001,1.0,30.0,0.01388888888888884,35.1208634317593,357.33009776245945,-194.28649036424267,300.0,7.633331235512247e-15,71.99999999999795,0.0,0.0,0.0,0.0,0.0,0.0
-2.1203697876423734e-15,-50.0,0.0,0.0,0.0,4.36326774918693,1.0,30.0,0.01388888888888895,35.1347523206482,360.6969024216349,-191.51111077974448,300.0,7.633331235512247e-15,71.99999999999795,0.0,0.0,0.0,0.0,0.0,0.0
-2.014351298260256e-15,-49.0,0.0,0.0,0.0,4.363267749186938,1.0,30.0,0.01388888888888884,35.1486412095371,364.01475724762685,-188.67739505569298,300.0,7.633331235512247e-15,71.99999999999795,0.0,0.0,0.0,0.0,0.0,0.0
-1.9083328088781383e-15,-48.0,0.0,0.0,0.0,4.36326774918701,1.0,30.0,0.01388888888888895,35.162530098426,367.2826515897146,-185.7862063693485,300.0,7.633331235512247e-15,71.99999999999795,0.0,0.0,0.0,0.0,0.0,0.0
-1.8023143194960207e-15,-47.0,0.0,0.0,0.0,4.363267749186956,1.0,30.0,0.01388888888888884,35.1764189873148,370.4995900156247,-182.8384254047926,300.0,7.633331235512247e-15,71.99999999999795,0.0,0.0,0.0,0.0,0.0,0.0
-1.6962958301139034e-15,-46.0,0.0,0.0,0.0,4.363267749187016,1.0,30.0,0.01388888888888895,35.1903078762037,373.66459261474944,-179.83495008466275,300.0,7.633331235512233e-15,71.99999999999795,0.0,0.0,-1.0223637331664022e-27,0.0,0.0,0.0
-1.590277340731786e-15,-45.0,0.0,0.0,0.0,4.363267749186921,1.0,30.0,0.01388888888888884,35.2041967650926,376.77669529663694,-176.77669529663686,300.0,7.633331235512233e-15,71.99999999999795,0.0,0.0,0.0,0.0,0.0,0.0
-1.4842588513496686e-15,-44.0,0.0,0.0,0.0,4.363267749186981,1.0,30.0,0.01388888888888895,35.2180856539815,379.83495008466286,-173.6645926147493,300.0,7.633331235512233e-15,71.99999999999795,0.0,0.0,0.0,0.0,0.0,0.0
-1.3782403619675513e-15,-43.0,0.0,0.0,0.0,4.363267749186996,1.0,30.0,0.01388888888888884,35.2319745428704,382.8384254047927,-170.49959001562456,300.0,7.633331235512233e-15,71.99999999999795,0.0,0.0,0.0,0.0,0.0,0.0
-1.2722218725854339e-15,-42.0,0.0,0.0,0.0,4.363267749186915,1.0,30.0,0.01388888888888884,35.2458634317593,385.7862063693486,-167.2826515897145,300.0,7.633331235512233e-15,71.99999999999795,0.0,0.0,0.0,0.0,0.0,0.0
-1.1662033832033165e-15,-41.0,0.0,0.0,0.0,4.363267749187031,1.0,30.0,0.01388888888888895,35.2597523206482,388.67739505569307,-164.01475724762673,300.0,7.633331235512233e-15,71.99999999999795,0.0,0.0,0.0,0.0,0.0,0.0
-1.0601848938211991e-15,-40.0,0.0,0.0,0.0,4.36326774918696,1.0,30.0,0.01388888888888884,35.2736412095371,391.51111077974457,-160.69690242163475,300.0,7.633331235512233e-15,71.99999999999795,0.0,0.0,0.0,0.0,0.0,0.0
-9.541664044390818e-16,-39.0,0.0,0.0,0.0,4.36326774918693,1.0,30.0,0.01388888888888895,35.287530098426,394.28649036424275,-157.3300977624593,300.0,7.633331235512233e-15,71.99999999999795,0.0,0.0,0.0,0.0,0.0,0.0
-8.481479150569644e-16,-38.0,0.0,0.0,0.0,4.363267749187018,1.0,30.0,0.01388888888888884,35.3014189873149,397.0026884016806,-153.9153688314145,300.0,7.633331235512233e-15,71.99999999999795,0.0,0.0,0.0,0.0,0.0,0.0
-7.42129425674847e-16,-37.0,0.0,0.0,0.0,4.3632677491869325,1.0,30.0,0.01388888888888895,35.3153078762037,399.6588775118233,-150.45375578801202,300.0,7.633331235512233e-15,71.99999999999795,0.0,0.0,0.0,0.0,0.0,0.0
-6.361109362927297e-16,-36.0,0.0,0.0,0.0,4.363267749186963,1.0,30.0,0.01388888888888884,35.3291967650926,402.2542485937369,-146.94631307311823,300.0,7.633331235512233e-15,71.99999999999795,0.0,0.0,0.0,0.0,0.0,0.0
-5.300924469106123e-16,-35.0,0.0,0.0,0.0,4.363267749186997,1.0,30.0,0.01388888888888895,35.3430856539815,404.788011072248,-143.39410908776145,300.0,7.633331235512233e-15,71.99999999999795,0.0,0.0,0.0,0.0,0.0,0.0
-4.240739575284949e-16,-34.0,0.0,0.0,0.0,4.363267749186903,1.0,30.0,0.01388888888888884,35.3569745428704,407.25939313876046,-139.79822586768668,300.0,7.633331235512233e-15,71.99999999999795,0.0,0.0,0.0,0.0,0.0,0.0
-3.1805546814637755e-16,-33.0,0.0,0.0,0.0,4.363267749187002,1.0,30.0,0.01388888888888884,35.3708634317593,409.66764198635605,-136.1597587537567,300.0,7.633331235512233e-15,71.99999999999795,0.0,0.0,0.0,0.0,0.0,0.0
-2.1203697876426016e-16,-32.0,0.0,0.0,0.0,4.363267749186959,1.0,30.0,0.01388888888888895,35.3847523206482,412.0120240391065,-132.47981605830117,300.0,7.633331235512236e-15,71.99999999999795,0.0,0.0,2.2719194070364494e-28,0.0,0.0,0.0
-1.0601848938214276e-16,-31.0,0.0,0.0,0.0,4.363267749186973,1.0,30.0,0.01388888888888884,35.3986412095371,414.2918251755281,-128.7595187275135,300.0,7.633331235512236e-15,71.99999999999795,0.0,0.0,0.0,0.0,0.0,0.0
-2.536680848351316e-29,-30.0,0.0,0.0,0.0,4.363267749187006,1.0,30.0,0.01388888888888895,35.412530098426,416.50635094610976,-124.99999999999993,300.0,7.633331235512236e-15,71.99999999999795,0.0,0.0,0.0,0.0,0.0,0.0
1.0601848938209203e-16,-29.0,0.0,0.0,0.0,4.363267749186934,1.0,30.0,0.01388888888888884,35.4264189873149,418.654926784849,-121.2024050615842,300.0,7.633331235512236e-15,71.99999999999795,0.0,0.0,0.0,0.0,0.0,0.0
2.1203697876420942e-16,-28.0,0.0,0.0,0.0,4.363267749186943,1.0,30.0,0.01388888888888895,35.4403078762037,420.73689821473175,-117.36789069647264,300.0,7.633331235512236e-15,71.99999999999795,0.0,0.0,0.0,0.0,0.0,0.0
3.180554681463268e-16,-27.0,0.0,0.0,0.0,4.3632677491869725,1.0,30.0,0.01388888888888884,35.4541967650926,422.75163104709196,-113.49762493488663,300.0,7.633331235512236e-15,71.99999999999795,0.0,0.0,0.0,0.0,0.0,0.0
4.2407395752844424e-16,-26.0,0.0,0.0,0.0,4.363267749186956,1.0,30.0,0.01388888888888895,35.4680856539815,424.6985115747917,-109.59278669726929,300.0,7.633331235512238e-15,71.99999999999795,0.0,0.0,1.1359597035182247e-28,0.0,0.0,0.0
5.300924469105616e-16,-25.0,0.0,0.0,0.0,4.363267749186985,1.0,30.0,0.013888888888888729,35.4819745428704,426.5769467591625,-105.6545654351748,300.0,7.633331235512233e-15,71.99999999999795,0.0,0.0,-3.407879110554674e-28,0.0,0.0,0.0
6.36110936292679e-16,-24.0,0.0,0.0,0.0,4.363267749186971,1.0,30.0,0.01388888888888895,35.4958634317593,428.38636441065023,-101.68416076894998,300.0,7.633331235512233e-15,71.99999999999795,0.0,0.0,0.0,0.0,0.0,0.0
7.421294256747963e-16,-23.0,0.0,0.0,0.0,4.36326774918696,1.0,30.0,0.01388888888888884,35.5097523206482,430.1262133631101,-97.68278212231837,300.0,7.633331235512233e-15,71.99999999999795,0.0,0.0,0.0,0.0,0.0,0.0
8.481479150569137e-16,-22.0,0.0,0.0,0.0,4.363267749186965,1.0,30.0,0.01388888888888884,35.5236412095371,431.79596364169686,-93.65164835397795,300.0,7.633331235512233e-15,71.99999999999795,0.0,0.0,0.0,0.0,0.0,0.0
9.54166404439031e-16,-21.0,0.0,0.0,0.0,4.363267749186947,1.0,30.0,0.01388888888888895,35.537530098426,433.3951066243004,-89.59198738632502,300.0,7.633331235512233e-15,71.99999999999795,0.0,0.0,0.0,0.0,0.0,0.0
1.0601848938211485e-15,-20.0,0.0,0.0,0.0,4.36326774918698,1.0,30.0,0.01388888888888884,35.5514189873149,434.92315519647707,-85.50503583141712,300.0,7.633331235512233e-15,71.99999999999795,0.0,0.0,0.0,0.0,0.0,0.0
1.1662033832032658e-15,-19.0,0.0,0.0,0.0,4.3632677491869725,1.0,30.0,0.01388888888888895,35.5653078762037,436.3796438998292,-81.3920386142891,300.0,7.633331235512233e-15,71.99999999999795,0.0,0.0,0.0,0.0,0.0,0.0
1.2722218725853832e-15,-18.0,0.0,0.0,0.0,4.363267749186959,1.0,30.0,0.013888888888888729,35.5791967650926,437.76412907378835,-77.25424859373679,300.0,7.633331235512233e-15,71.99999999999795,0.0,0.0,0.0,0.0,0.0,0.0
1.3782403619675006e-15,-17.0,0.0,0.0,0.0,4.363267749186959,1.0,30.0,0.01388888888888884,35.5930856539815,439.07618899075885,-73.09292618068413,300.0,7.633331235512233e-15,71.99999999999795,0.0,0.0,0.0,0.0,0.0,0.0
1.484258851349618e-15,-16.0,0.0,0.0,0.0,4.363267749186995,1.0,30.0,0.013888888888889284,35.6069745428704,440.31542398457975,-68.90933895424973,300.0,7.633331235512233e-15,71.99999999999795,0.0,0.0,0.0,0.0,0.0,0.0
1.5902773407317353e-15,-15.0,0.0,0.0,0.0,4.363267749186965,1.0,30.0,0.01388888888888884,35.6208634317593,441.4814565722671,-64.70476127563013,300.0,7.633331235512233e-15,71.99999999999795,0.0,0.0,0.0,0.0,0.0,0.0
1.6962958301138527e-15,-14.0,0.0,0.0,0.0,4.363267749186968,1.0,30.0,0.01388888888888884,35.6347523206482,442.5739315689991,-60.48047389991686,300.0,7.633331235512233e-15,71.99999999999795,0.0,0.0,0.0,0.0,0.0,0.0
1.8023143194959702e-15,-13.0,0.0,0.0,0.0,4.363267749186965,1.0,30.0,0.01388888888888884,35.6486412095371,443.5925161963088,-56.23776358596618,300.0,7.633331235512247e-15,71.99999999999795,0.0,0.0,1.0223637331664022e-27,0.0,0.0,0.0
1.908332808878088e-15,-12.0,0.0,0.0,0.0,4.363267749186973,1.0,30.0,0.01388888888888884,35.662530098426,444.5369001834514,-51.977922704439756,300.0,7.633331235512247e-15,71.99999999999795,0.0,0.0,0.0,0.0,0.0,0.0
2.0143512982602054e-15,-11.0,0.0,0.0,0.0,4.363267749186959,1.0,30.0,0.01388888888888884,35.6764189873149,445.40679586191595,-47.70224884413613,300.0,7.633331235512247e-15,71.99999999999795,0.0,0.0,0.0,0.0,0.0,0.0
2.120369787642323e-15,-10.0,0.0,0.0,0.0,4.36326774918697,1.0,30.0,0.01388888888888884,35.6903078762038,446.201938253052,-43.41204441673251,300.0,7.633331235512247e-15,71.99999999999795,0.0,0.0,0.0,0.0,0.0,0.0
2.2263882770244405e-15,-9.0,0.0,0.0,0.0,4.3632677491869725,1.0,30.0,0.01388888888888884,35.7041967650926,446.92208514878445,-39.108616260057644,300.0,7.633331235512247e-15,71.99999999999795,0.0,0.0,0.0,0.0,0.0,0.0
2.332406766406558e-15,-8.0,0.0,0.0,0.0,4.363267749186973,1.0,30.0,0.01388888888888884,35.7180856539815,447.5670171853926,-34.793275240016285,300.0,7.633331235512247e-15,71.99999999999795,0.0,0.0,0.0,0.0,0.0,0.0
2.4384252557886757e-15,-7.0,0.0,0.0,0.0,4.363267749186963,1.0,30.0,0.013888888888889284,35.7319745428704,448.1365379103305,-30.467335851286794,300.0,7.633331235512247e-15,71.99999999999795,0.0,0.0,0.0,0.0,0.0,0.0
2.5444437451707932e-15,-6.0,0.0,0.0,0.0,4.363267749186969,1.0,30.0,0.01388888888888884,35.7458634317593,448.63047384206834,-26.13211581691329,300.0,7.633331235512247e-15,71.99999999999795,0.0,0.0,0.0,0.0,0.0,0.0
2.6504622345529108e-15,-5.0,0.0,0.0,0.0,4.36326774918697,1.0,30.0,0.01388888888888884,35.7597523206482,449.0486745229364,-21.788935686914463,300.0,7.633331235512247e-15,71.99999999999795,0.0,0.0,0.0,0.0,0.0,0.0
2.7564807239350284e-15,-4.0,0.0,0.0,0.0,4.363267749186968,1.0,30.0,0.01388888888888884,35.7736412095371,449.39101256495604,-17.439118436031244,300.0,7.633331235512247e-15,71.99999999999795,0.0,0.0,0.0,0.0,0.0,0.0
2.862499213317146e-15,-3.0,0.0,0.0,0.0,4.363267749186968,1.0,30.0,0.01388888888888884,35.787530098426,449.65738368864345,-13.083989060735876,300.0,7.633331235512247e-15,71.99999999999795,0.0,0.0,0.0,0.0,0.0,0.0
2.9685177026992635e-15,-2.0,0.0,0.0,0.0,4.363267749186971,1.0,30.0,0.01388888888888884,35.8014189873149,449.847706754774,-8.72487417562516,300.0,7.633331235512247e-15,71.99999999999795,0.0,0.0,0.0,0.0,0.0,0.0
3.074536192081381e-15,-1.0,0.0,0.0,0.0,4.363267749186965,1.0,30.0,0.01388888888888884,35.8153078762038,449.9619237890978,-4.363101609320796,300.0,7.633331235512247e-15,71.99999999999795,0.0,0.0,0.0,0.0,0.0,0.0
3.1805546814634986e-15,0.0,0.0,0.0,0.0,4.363267749186969,1.0,30.0,0.01388888888888884,35.8291967650926,450.0,8.376306441313884e-14,300.0,7.633331235512247e-15,71.99999999999795,0.0,0.0,0.0,0.0,0.0,0.0
3.286573170845616e-15,1.0,0.0,0.0,0.0,4.363267749186969,1.0,30.0,0.01388888888888884,35.8430856539815,449.9619237890978,4.363101609320963,300.0,7.633331235512247e-15,71.99999999999795,0.0,0.0,0.0,0.0,0.0,0.0
3.3925916602277338e-15,2.0,0.0,0.0,0.0,4.363267749186967,1.0,30.0,0.013888888888889284,35.8569745428704,449.847706754774,8.72487417562533,300.0,7.633331235512247e-15,71.99999999999795,0.0,0.0,0.0,0.0,0.0,0.0
3.4986101496098513e-15,3.0,0.0,0.0,0.0,4.363267749186969,1.0,30.0,0.01388888888888884,35.8708634317593,449.65738368864345,13.083989060736043,300.0,7.633331235512247e-15,71.99999999999795,0.0,0.0,0.0,0.0,0.0,0.0
3.604628638991969e-15,4.0,0.0,0.0,0.0,4.363267749186976,1.0,30.0,0.01388888888888884,35.8847523206482,449.39101256495604,17.439118436031418,300.0,7.633331235512247e-15,71.99999999999795,0.0,0.0,0.0,0.0,0.0,0.0
3.710647128374086e-15,5.0,0.0,0.0,0.0,4.363267749186961,1.0,30.0,0.01388888888888884,35.8986412095371,449.0486745229364,21.78893568691463,300.0,7.633331235512219e-15,71.99999999999795,0.0,0.0,-2.0447274663328045e-27,0.0,0.0,0.0
3.816665617756203e-15,6.0,0.0,0.0,0.0,4.363267749186963,1.0,30.0,0.01388888888888884,35.912530098426,448.63047384206834,26.13211581691345,300.0,7.633331235512219e-15,71.99999999999795,0.0,0.0,0.0,0.0,0.0,0.0
3.9226841071383204e-15,7.0,0.0,0.0,0.0,4.3632677491869725,1.0,30.0,0.01388888888888884,35.9264189873149,448.1365379103305,30.467335851286958,300.0,7.633331235512219e-15,71.99999999999795,0.0,0.0,0.0,0.0,0.0,0.0
4.0287025965204376e-15,8.0,0.0,0.0,0.0,4.363267749186963,1.0,30.0,0.01388888888888884,35.9403078762038,447.5670171853926,34.79327524001645,300.0,7.633331235512219e-15,71.99999999999795,0.0,0.0,0.0,0.0,0.0,0.0
4.134721085902555e-15,9.0,0.0,0.0,0.0,4.363267749186973,1.0,30.0,0.01388888888888884,35.9541967650926,446.92208514878445,39.10861626005781,300.0,7.633331235512219e-15,71.99999999999795,0.0,0.0,0.0,0.0,0.0,0.0
4.240739575284672e-15,10.0,0.0,0.0,0.0,4.3632677491869725,1.0,30.0,0.01388888888888884,35.9680856539815,446.201938253052,43.41204441673268,300.0,7.633331235512219e-15,71.99999999999795,0.0,0.0,0.0,0.0,0.0,0.0
4.346758064666789e-15,11.0,0.0,0.0,0.0,4.36326774918697,1.0,30.0,0.013888888888889284,35.9819745428704,445.40679586191595,47.70224884413629,300.0,7.633331235512219e-15,71.99999999999795,0.0,0.0,0.0,0.0,0.0,0.0
4.452776554048906e-15,12.0,0.0,0.0,0.0,4.363267749186959,1.0,30.0,0.01388888888888884,35.9958634317593,444.5369001834514,51.97792270443992,300.0,7.633331235512219e-15,71.99999999999795,0.0,0.0,0.0,0.0,0.0,0.0
4.5587950434310235e-15,13.0,0.0,0.0,0.0,4.363267749186973,1.0,30.0,0.01388888888888884,36.0097523206482,443.5925161963088,56.23776358596634,300.0,7.633331235512219e-15,71.99999999999795,0.0,0.0,0.0,0.0,0.0,0.0
4.664813532813141e-15,14.0,0.0,0.0,0.0,4.363267749186965,1.0,30.0,0.01388888888888884,36.0236412095371,442.5739315689991,60.48047389991702,300.0,7.633331235512219e-15,71.99999999999795,0.0,0.0,0.0,0.0,0.0,0.0
4.770832022195258e-15,15.0,0.0,0.0,0.0,4.363267749186948,1.0,30.0,0.01388888888888884,36.037530098426,441.4814565722671,64.70476127563028,300.0,7.633331235512219e-15,71.99999999999795,0.0,0.0,0.0,0.0,0.0,0.0
4.876850511577375e-15,16.0,0.0,0.0,0.0,4.363267749186965,1.0,30.0,0.01388888888888884,36.0514189873149,440.31542398457975,68.90933895424988,300.0,7.633331235512219e-15,71.99999999999795,0.0,0.0,0.0,0.0,0.0,0.0
4.982869000959492e-15,17.0,0.0,0.0,0.0,4.363267749186995,1.0,30.0,0.01388888888888884,36.0653078762038,439.07618899075885,73.09292618068427,300.0,7.633331235512219e-15,71.99999999999795,0.0,0.0,0.0,0.0,0.0,0.0
5.088887490341609e-15,18.0,0.0,0.0,0.0,4.3632677491869725,1.0,30.0,0.01388888888888884,36.0791967650927,437.76412907378835,77.25424859373695,300.0,7.633331235512219e-15,71.99999999999795,0.0,0.0,0.0,0.0,0.0,0.0
5.1949059797237265e-15,19.0,0.0,0.0,0.0,4.363267749186959,1.0,30.0,0.01388888888888884,36.0930856539815,436.3796438998292,81.39203861428926,300.0,7.633331235512219e-15,71.99999999999795,0.0,0.0,0.0,0.0,0.0,0.0
5.300924469105844e-15,20.0,0.0,0.0,0.0,4.3632677491869725,1.0,30.0,0.013888888888889284,36.1069745428704,434.92315519647707,85.50503583141727,300.0,7.633331235512219e-15,71.99999999999795,0.0,0.0,0.0,0.0,0.0,0.0
5.406942958487961e-15,21.0,0.0,0.0,0.0,4.36326774918698,1.0,30.0,0.01388888888888884,36.1208634317593,433.3951066243004,89.59198738632517,300.0,7.633331235512219e-15,71.99999999999795,0.0,0.0,0.0,0.0,0.0,0.0
5.512961447870078e-15,22.0,0.0,0.0,0.0,4.363267749186947,1.0,30.0,0.01388888888888884,36.1347523206482,431.79596364169686,93.6516483539781,300.0,7.633331235512219e-15,71.99999999999795,0.0,0.0,0.0,0.0,0.0,0.0
5.618979937252195e-15,23.0,0.0,0.0,0.0,4.363267749186965,1.0,30.0,0.01388888888888884,36.1486412095371,430.1262133631101,97.68278212231853,300.0,7.633331235512219e-15,71.99999999999795,0.0,0.0,0.0,0.0,0.0,0.0
5.724998426634312e-15,24.0,0.0,0.0,0.0,4.36326774918696,1.0,30.0,0.01388888888888884,36.162530098426,428.38636441065023,101.68416076895014,300.0,7.633331235512219e-15,71.99999999999795,0.0,0.0,0.0,0.0,0.0,0.0
5.8310169160164295e-15,25.0,0.0,0.0,0.0,4.363267749186971,1.0,30.0,0.01388888888888884,36.1764189873149,426.5769467591625,105.65456543517496,300.0,7.633331235512219e-15,71.99999999999795,0.0,0.0,0.0,0.0,0.0,0.0
5.937035405398547e-15,26.0,0.0,0.0,0.0,4.363267749186985,1.0,30.0,0.01388888888888884,36.1903078762038,424.6985115747917,109.59278669726945,300.0,7.633331235512219e-15,71.99999999999795,0.0,0.0,0.0,0.0,0.0,0.0
6.043053894780664e-15,27.0,0.0,0.0,0.0,4.363267749186956,1.0,30.0,0.01388888888888884,36.2041967650927,422.75163104709196,113.49762493488679,300.0,7.633331235512219e-15,71.99999999999795,0.0,0.0,0.0,0.0,0.0,0.0
6.149072384162781e-15,28.0,0.0,0.0,0.0,4.363267749186985,1.0,30.0,0.01388888888888884,36.2180856539815,420.73689821473175,117.36789069647281,300.0,7.633331235512219e-15,71.99999999999795,0.0,0.0,0.0,0.0,0.0,0.0
6.255090873544898e-15,29.0,0.0,0.0,0.0,4.363267749186997,1.0,30.0,0.013888888888889284,36.2319745428704,418.6549267848489,121.20240506158437,300.0,7.633331235512219e-15,71.99999999999795,0.0,0.0,0.0,0.0,0.0,0.0
6.361109362927015e-15,30.0,0.0,0.0,0.0,4.363267749186922,1.0,30.0,0.01388888888888884,36.2458634317593,416.50635094610965,125.00000000000009,300.0,7.633331235512219e-15,71.99999999999795,0.0,0.0,0.0,0.0,0.0,0.0
6.4671278523091326e-15,31.0,0.0,0.0,0.0,4.363267749187019,1.0,30.0,0.01388888888888884,36.2597523206482,414.291825175528,128.75951872751367,300.0,7.633331235512219e-15,71.99999999999795,0.0,0.0,0.0,0.0,0.0,0.0
6.57314634169125e-15,32.0,0.0,0.0,0.0,4.363267749186973,1.0,30.0,0.01388888888888884,36.2736412095371,412.0120240391064,132.47981605830134,300.0,7.633331235512219e-15,71.99999999999795,0.0,0.0,0.0,0.0,0.0,0.0
6.679164831073367e-15,33.0,0.0,0.0,0.0,4.363267749186959,1.0,30.0,0.01388888888888884,36.287530098426,409.66764198635593,136.15975875375688,300.0,7.633331235512219e-15,71.99999999999795,0.0,0.0,0.0,0.0,0.0,0.0
6.785183320455484e-15,34.0,0.0,0.0,0.0,4.363267749187002,1.0,30.0,0.01388888888888884,36.3014189873149,407.25939313876034,139.79822586768685,300.0,7.633331235512219e-15,71.99999999999795,0.0,0.0,0.0,0.0,0.0,0.0
6.891201809837601e-15,35.0,0.0,0.0,0.0,4.363267749186935,1.0,30.0,0.01388888888888884,36.3153078762038,404.78801107224785,143.39410908776162,300.0,7.633331235512219e-15,71.99999999999795,0.0,0.0,0.0,0.0,0.0,0.0
6.9972202992197184e-15,36.0,0.0,0.0,0.0,4.3632677491869645,1.0,30.0,0.01388888888888884,36.3291967650927,402.2542485937368,146.9463130731184,300.0,7.633331235512219e-15,71.99999999999795,0.0,0.0,0.0,0.0,0.0,0.0
7.1032387886018356e-15,37.0,0.0,0.0,0.0,4.363267749186963,1.0,30.0,0.01388888888888884,36.3430856539815,399.65887751182316,150.4537557880122,300.0,7.633331235512219e-15,71.99999999999795,0.0,0.0,0.0,0.0,0.0,0.0
7.209257277983954e-15,38.0,0.0,0.0,0.0,4.363267749186967,1.0,30.0,0.013888888888889284,36.3569745428704,397.0026884016804,153.91536883141467,300.0,7.633331235512276e-15,71.99999999999795,0.0,0.0,4.089454932665609e-27,0.0,0.0,0.0
7.315275767366072e-15,39.0,0.0,0.0,0.0,4.363267749186982,1.0,30.0,0.013888888888889284,36.3708634317593,394.28649036424264,157.33009776245947,300.0,7.633331235512276e-15,71.99999999999795,0.0,0.0,0.0,0.0,0.0,0.0
7.42129425674819e-15,40.0,0.0,0.0,0.0,4.36326774918693,1.0,30.0,0.01388888888888884,36.3847523206482,391.51111077974446,160.69690242163492,300.0,7.633331235512276e-15,71.99999999999795,0.0,0.0,0.0,0.0,0.0,0.0
7.527312746130307e-15,41.0,0.0,0.0,0.0,4.3632677491869964,1.0,30.0,0.01388888888888884,36.3986412095371,388.6773950556929,164.0147572476269,300.0,7.633331235512276e-15,71.99999999999795,0.0,0.0,0.0,0.0,0.0,0.0
7.633331235512425e-15,42.0,0.0,0.0,0.0,4.363267749186993,1.0,30.0,0.01388888888888884,36.412530098426,385.78620636934846,167.28265158971467,300.0,7.633331235512276e-15,71.99999999999795,0.0,0.0,0.0,0.0,0.0,0.0
7.739349724894543e-15,43.0,0.0,0.0,0.0,4.363267749186954,1.0,30.0,0.01388888888888884,36.4264189873149,382.83842540479253,170.49959001562473,300.0,7.633331235512276e-15,71.99999999999795,0.0,0.0,0.0,0.0,0.0,0.0
7.845368214276661e-15,44.0,0.0,0.0,0.0,4.363267749186954,1.0,30.0,0.01388888888888884,36.4403078762038,379.8349500846627,173.6645926147494,300.0,7.633331235512276e-15,71.99999999999795,0.0,0.0,0.0,0.0,0.0,0.0
7.95138670365878e-15,45.0,0.0,0.0,0.0,4.363267749186981,1.0,30.0,0.01388888888888884,36.4541967650927,376.7766952966368,176.77669529663697,300.0,7.633331235512276e-15,71.99999999999795,0.0,0.0,0.0,0.0,0.0,0.0
8.057405193040897e-15,46.0,0.0,0.0,0.0,4.363267749186921,1.0,30.0,0.01388888888888884,36.4680856539816,373.66459261474927,179.83495008466286,300.0,7.633331235512276e-15,71.99999999999795,0.0,0.0,0.0,0.0,0.0,0.0
8.163423682423015e-15,47.0,0.0,0.0,0.0,4.363267749187016,1.0,30.0,0.01388888888888884,36.4819745428704,370.4995900156245,182.8384254047927,300.0,7.633331235512276e-15,71.99999999999795,0.0,0.0,0.0,0.0,0.0,0.0
8.269442171805133e-15,48.0,0.0,0.0,0.0,4.363267749186914,1.0,30.0,0.013888888888889284,36.4958634317593,367.2826515897145,185.7862063693486,300.0,7.633331235512276e-15,71.99999999999795,0.0,0.0,0.0,0.0,0.0,0.0
8.375460661187251e-15,49.0,0.0,0.0,0.0,4.36326774918701,1.0,30.0,0.01388888888888884,36.5097523206482,364.01475724762673,188.6773950556931,300.0,7.633331235512276e-15,71.99999999999795,0.0,0.0,0.0,0.0,0.0,0.0
8.481479150569369e-15,50.0,0.0,0.0,0.0,4.363267749186938,1.0,30.0,0.01388888888888884,36.5236412095371,360.6969024216348,191.5111107797446,300.0,7.633331235512276e-15,71.99999999999795,0.0,0.0,0.0,0.0,0.0,0.0
8.587497639951487e-15,51.0,0.0,0.0,0.0,4.363267749186973,1.0,30.0,0.01388888888888884,36.537530098426,357.3300977624593,194.28649036424278,300.0,7.633331235512276e-15,71.99999999999795,0.0,0.0,0.0,0.0,0.0,0.0
8.693516129333605e-15,52.0,0.0,0.0,0.0,4.363267749187001,1.0,30.0,0.01388888888888884,36.5514189873149,353.91536883141447,197.0026884016806,300.0,7.633331235512276e-15,71.99999999999795,0.0,0.0,0.0,0.0,0.0,0.0
8.799534618715723e-15,53.0,0.0,0.0,0.0,4.363267749186927,1.0,30.0,0.01388888888888884,36.5653078762038,350.453755788012,199.6588775118233,300.0,7.633331235512276e-15,71.99999999999795,0.0,0.0,0.0,0.0,0.0,0.0
8.905553108097841e-15,54.0,0.0,0.0,0.0,4.363267749186963,1.0,30.0,0.01388888888888884,36.5791967650927,346.94631307311823,202.25424859373695,300.0,7.633331235512276e-15,71.99999999999795,0.0,0.0,0.0,0.0,0.0,0.0
9.011571597479959e-15,55.0,0.0,0.0,0.0,4.3632677491870036,1.0,30.0,0.013888888888889284,36.5930856539816,343.3941090877614,204.78801107224803,300.0,7.633331235512276e-15,71.99999999999795,0.0,0.0,0.0,0.0,0.0,0.0
9.117590086862077e-15,56.0,0.0,0.0,0.0,4.363267749186935,1.0,30.0,0.01388888888888884,36.6069745428704,339.79822586768665,207.25939313876052,300.0,7.633331235512276e-15,71.99999999999795,0.0,0.0,0.0,0.0,0.0,0.0
9.223608576244195e-15,57.0,0.0,0.0,0.0,4.363267749186963,1.0,30.0,0.01388888888888884,36.6208634317593,336.1597587537567,209.66764198635607,300.0,7.633331235512276e-15,71.99999999999795,0.0,0.0,0.0,0.0,0.0,0.0
9.329627065626313e-15,58.0,0.0,0.0,0.0,4.363267749187013,1.0,30.0,0.01388888888888884,36.6347523206482,332.47981605830114,212.0120240391066,300.0,7.633331235512276e-15,71.99999999999795,0.0,0.0,0.0,0.0,0.0,0.0
9.43564555500843e-15,59.0,0.0,0.0,0.0,4.363267749186943,1.0,30.0,0.01388888888888884,36.6486412095371,328.75951872751347,214.29182517552815,300.0,7.633331235512276e-15,71.99999999999795,0.0,0.0,0.0,0.0,0.0,0.0
9.541664044390549e-15,60.0,0.0,0.0,0.0,4.363267749186941,1.0,30.0,0.01388888888888884,36.662530098426,324.99999999999994,216.50635094610973,300.0,7.633331235512276e-15,71.99999999999795,0.0,0.0,0.0,0.0,0.0,0.0
9.647682533772667e-15,61.0,0.0,0.0,0.0,4.363267749186997,1.0,30.0,0.01388888888888884,36.6764189873149,321.20240506158416,218.654926784849,300.0,7.633331235512276e-15,71.99999999999795,0.0,0.0,0.0,0.0,0.0,0.0
9.753701023154785e-15,62.0,0.0,0.0,0.0,4.363267749186957,1.0,30.0,0.01388888888888884,36.6903078762038,317.3678906964726,220.7368982147318,300.0,7.633331235512276e-15,71.99999999999795,0.0,0.0,0.0,0.0,0.0,0.0
9.859719512536903e-15,63.0,0.0,0.0,0.0,4.363267749186997,1.0,30.0,0.01388888888888884,36.7041967650927,313.4976249348866,222.75163104709202,300.0,7.633331235512276e-15,71.99999999999795,0.0,0.0,0.0,0.0,0.0,0.0
9.96573800191902e-15,64.0,0.0,0.0,0.0,4.363267749186943,1.0,30.0,0.013888888888889284,36.7180856539816,309.5927866972693,224.69851157479184,300.0,7.633331235512276e-15,71.99999999999795,0.0,0.0,0.0,0.0,0.0,0.0
1.0071756491301139e-14,65.0,0.0,0.0,0.0,4.363267749186961,1.0,30.0,0.01388888888888884,36.7319745428704,305.6545654351748,226.57694675916258,300.0,7.633331235512276e-15,71.99999999999795,0.0,0.0,0.0,0.0,0.0,0.0
1.0177774980683256e-14,66.0,0.0,0.0,0.0,4.3632677491869964,1.0,30.0,0.01388888888888884,36.7458634317593,301.68416076894994,228.3863644106503,300.0,7.633331235512276e-15,71.99999999999795,0.0,0.0,0.0,0.0,0.0,0.0
1.0283793470065374e-14,67.0,0.0,0.0,0.0,4.363267749186921,1.0,30.0,0.01388888888888884,36.7597523206482,297.6827821223184,230.12621336311014,300.0,7.633331235512276e-15,71.99999999999795,0.0,0.0,0.0,0.0,0.0,0.0
1.0389811959447492e-14,68.0,0.0,0.0,0.0,4.363267749187003,1.0,30.0,0.01388888888888884,36.7736412095371,293.6516483539779,231.79596364169694,300.0,7.633331235512276e-15,71.99999999999795,0.0,0.0,0.0,0.0,0.0,0.0
1.049583044882961e-14,69.0,0.0,0.0,0.0,4.363267749186943,1.0,30.0,0.01388888888888884,36.787530098426,289.591987386325,233.39510662430052,300.0,7.633331235512276e-15,71.99999999999795,0.0,0.0,0.0,0.0,0.0,0.0
1.0601848938211728e-14,70.0,0.0,0.0,0.0,4.36326774918697,1.0,30.0,0.01388888888888884,36.8014189873149,285.5050358314171,234.92315519647715,300.0,7.633331235512276e-15,71.99999999999795,0.0,0.0,0.0,0.0,0.0,0.0
1.0707867427593846e-14,71.0,0.0,0.0,0.0,4.36326774918695,1.0,30.0,0.01388888888888884,36.8153078762038,281.3920386142891,236.37964389982926,300.0,7.633331235512276e-15,71.99999999999795,0.0,0.0,0.0,0.0,0.0,0.0
1.0813885916975964e-14,72.0,0.0,0.0,0.0,4.363267749187018,1.0,30.0,0.01388888888888884,36.8291967650927,277.25424859373675,237.76412907378847,300.0,7.633331235512276e-15,71.99999999999795,0.0,0.0,0.0,0.0,0.0,0.0
1.0919904406358082e-14,73.0,0.0,0.0,0.0,4.363267749186978,1.0,30.0,0.013888888888889284,36.8430856539816,273.09292618068406,239.07618899075894,300.0,7.633331235512276e-15,71.99999999999795,0.0,0.0,0.0,0.0,0.0,0.0
1.10259228957402e-14,74.0,0.0,0.0,0.0,4.363267749186965,1.0,30.0,0.01388888888888884,36.8569745428705,268.9093389542497,240.31542398457978,300.0,7.633331235512276e-15,71.99999999999795,0.0,0.0,0.0,0.0,0.0,0.0
1.1131941385122318e-14,75.0,0.0,0.0,0.0,4.3632677491869245,1.0,30.0,0.01388888888888884,36.8708634317593,264.7047612756301,241.48145657226715,300.0,7.633331235512276e-15,71.99999999999795,0.0,0.0,0.0,0.0,0.0,0.0
1.1237959874504436e-14,76.0,0.0,0.0,0.0,4.363267749186933,1.0,30.0,0.01388888888888884,36.8847523206482,260.4804738999169,242.57393156899917,300.0,7.633331235512276e-15,71.99999999999795,0.0,0.0,0.0,0.0,0.0,0.0
1.1343978363886554e-14,77.0,0.0,0.0,0.0,4.3632677491870755,1.0,30.0,0.01388888888888884,36.8986412095371,256.2377635859661,243.59251619630885,300.0,7.633331235512276e-15,71.99999999999795,0.0,0.0,0.0,0.0,0.0,0.0
1.1449996853268672e-14,78.0,0.0,0.0,0.0,4.363267749186892,1.0,30.0,0.01388888888888884,36.912530098426,251.97792270443975,244.53690018345142,300.0,7.633331235512276e-15,71.99999999999795,0.0,0.0,0.0,0.0,0.0,0.0
1.155601534265079e-14,79.0,0.0,0.0,0.0,4.363267749186951,1.0,30.0,0.01388888888888884,36.9264189873149,247.70224884413614,245.406795861916,300.0,7.633331235512276e-15,71.99999999999795,0.0,0.0,0.0,0.0,0.0,0.0
1.1662033832032908e-14,80.0,0.0,0.0,0.0,4.363267749186986,1.0,30.0,0.01388888888888884,36.9403078762038,243.4120444167325,246.20193825305202,300.0,7.633331235512276e-15,71.99999999999795,0.0,0.0,0.0,0.0,0.0,0.0
1.1768052321415026e-14,81.0,0.0,0.0,0.0,4.3632677491869725,1.0,30.0,0.01388888888888884,36.9541967650927,239.10861626005763,246.92208514878448,300.0,7.633331235512276e-15,71.99999999999795,0.0,0.0,0.0,0.0,0.0,0.0
1.1874070810797144e-14,82.0,0.0,0.0,0.0,4.3632677491869085,1.0,30.0,0.013888888888889284,36.9680856539816,234.79327524001633,247.5670171853926,300.0,7.633331235512276e-15,71.99999999999795,0.0,0.0,0.0,0.0,0.0,0.0
1.1980089300179262e-14,83.0,0.0,0.0,0.0,4.363267749187058,1.0,30.0,0.01388888888888884,36.9819745428705,230.46733585128675,248.13653791033053,300.0,7.633331235512276e-15,71.99999999999795,0.0,0.0,0.0,0.0,0.0,0.0
1.208610778956138e-14,84.0,0.0,0.0,0.0,4.363267749186956,1.0,30.0,0.01388888888888884,36.9958634317593,226.13211581691326,248.63047384206834,300.0,7.633331235512276e-15,71.99999999999795,0.0,0.0,0.0,0.0,0.0,0.0
1.2192126278943498e-14,85.0,0.0,0.0,0.0,4.363267749186987,1.0,30.0,0.01388888888888884,37.0097523206482,221.7889356869144,249.0486745229364,300.0,7.633331235512276e-15,71.99999999999795,0.0,0.0,0.0,0.0,0.0,0.0
1.2298144768325616e-14,86.0,0.0,0.0,0.0,4.363267749186899,1.0,30.0,0.01388888888888884,37.0236412095371,217.43911843603126,249.3910125649561,300.0,7.633331235512276e-15,71.99999999999795,0.0,0.0,0.0,0.0,0.0,0.0
1.2404163257707734e-14,87.0,0.0,0.0,0.0,4.363267749186977,1.0,30.0,0.01388888888888884,37.037530098426,213.0839890607359,249.6573836886435,300.0,7.633331235512276e-15,71.99999999999795,0.0,0.0,0.0,0.0,0.0,0.0
1.2510181747089852e-14,88.0,0.0,0.0,0.0,4.363267749186982,1.0,30.0,0.01388888888888884,37.0514189873149,208.72487417562516,249.847706754774,300.0,7.633331235512276e-15,71.99999999999795,0.0,0.0,0.0,0.0,0.0,0.0
1.261620023647197e-14,89.0,0.0,0.0,0.0,4.363267749187041,1.0,30.0,0.01388888888888884,37.0653078762038,204.36310160932072,249.96192378909788,300.0,7.633331235512276e-15,71.99999999999795,0.0,0.0,0.0,0.0,0.0,0.0
1.2722218725854088e-14,90.0,0.0,0.0,0.0,4.363267749186897,1.0,30.0,0.02610055781697529,37.0914084340208,199.99999999999991,250.00000000000006,300.0,4.061924274781945e-15,38.313357400723966,0.0,0.0,-1.368325913098945e-13,-1290.6483775364372,0.0,0.0
1.2722218725854088e-14,90.0,0.0,0.0,0.0,4.363267749186897,1.0,30.0,0.01,37.1014084340208,199.99999999999991,250.00000000000006,300.0,0.0,0.0,0.0,0.0,0.0,0.0,0.0,0.0
1.2722218725854088e-14,90.0,0.0,0.0,0.0,4.363267749186897,1.0,30.0,1.03,38.1314084340208,199.99999999999991,250.00000000000006,300.0,0.0,0.0,0.0,0.0,0.0,0.0,0.0,0.0
