J1_Position,J2_Position,J3_Position,J4_Position,Error,MM_Step,Deg_step,Move_ID,Time,Time_Total,X,Y,Z,J1_Velocity,J2_Velocity,J3_Velocity,J4_Velocity,J1_Acceleration,J2_Acceleration,J3_Acceleration,J4_Acceleration
0.0,0.0,0.0,0.0,0.0,0.0,0.0,1.0,0.0,0,450.0,5.878304635907296e-14,300.0,0.0,0.0,0.0,0.0,0.0,0.0,0.0,0.0
1.0,0.0,0.0,0.0,0.0,7.85388194853654,1.0,2.0,0.0,0,449.93146282037605,7.853582896777638,300.0,0.0,0.0,0.0,0.0,0.0,0.0,0.0,0.0
2.0,0.0,0.0,0.0,0.0,7.853881948536539,1.0,2.0,0.06405126152203486,0.0640512615220349,449.7258721585931,15.704773516125494,300.0,15.612494995995995,0.0,0.0,0.0,243.74999999999997,0.0,0.0,0.0
3.0,0.0,0.0,0.0,0.0,7.853881948536543,1.0,2.0,0.01439519253323876,0.0784464540552736,449.38329063955825,23.55118030932478,300.0,69.46763634393787,0.0,0.0,0.0,3741.1893744101985,0.0,0.0,0.0
4.0,0.0,0.0,0.0,0.0,7.853881948536547,1.0,2.0,0.012135708676294044,0.0905821627315677,448.9038226169209,31.390413184856445,300.0,82.40145068358514,0.0,0.0,0.0,1065.7650644590908,0.0,0.0,0.0
5.0,0.0,0.0,0.0,0.0,7.8538819485365305,1.0,2.0,0.010691773976799004,0.101273936708367,448.28761414128553,39.22008423644623,300.0,93.52984847696796,0.0,0.0,0.0,1040.8373594065195,0.0,0.0,0.0
6.0,0.0,0.0,0.0,0.0,7.853881948536542,1.0,2.0,0.009666102536679155,0.110940039245046,447.534852915723,47.03780847044411,300.0,103.45431327728866,0.0,0.0,0.0,1026.7286905618025,0.0,0.0,0.0
7.0,0.0,0.0,0.0,0.0,7.853881948536551,1.0,2.0,0.008888898658009792,0.119828937903056,446.6457682385949,54.841204532316425,300.0,112.49987635969946,0.0,0.0,0.0,1017.6247283750763,0.0,0.0,0.0
8.0,0.0,0.0,0.0,0.0,7.853881948536532,1.0,2.0,0.008273585141014103,0.12810252304407,445.62063093370665,62.627895432029504,300.0,120.86658721172341,0.0,0.0,0.0,1011.2557868714262,0.0,0.0,0.0
9.0,0.0,0.0,0.0,0.0,7.853881948536544,1.0,2.0,0.007770721053281776,0.135873244097351,444.459753267812,70.39550926810395,300.0,128.68818648144295,0.0,0.0,0.0,1006.5474254047864,0.0,0.0,0.0
10.0,0.0,0.0,0.0,0.0,7.853881948536549,1.0,2.0,0.007349730710535074,0.143222974807887,443.1634888554936,78.14167995011871,300.0,136.05940671630378,0.0,0.0,0.0,1002.9238519303777,0.0,0.0,0.0
11.0,0.0,0.0,0.0,0.0,7.853881948536544,1.0,2.0,0.006990548431875604,0.150213523239762,441.73223255144876,85.86404791944523,300.0,143.05029279822818,0.0,0.0,0.0,1000.0483009383438,0.0,0.0,0.0
12.0,0.0,0.0,0.0,0.0,7.853881948536521,1.0,2.0,0.006679384870785066,0.156892908110547,440.16642033021253,93.56026086799174,300.0,149.714385283276,0.0,0.0,0.0,997.710509869831,0.0,0.0,0.0
13.0,0.0,0.0,0.0,0.0,7.8538819485365465,1.0,2.0,0.006406408074997982,0.163299316185545,438.46652915335585,101.2279744547393,300.0,156.09370934434503,0.0,0.0,0.0,995.7723558018978,0.0,0.0,0.0
14.0,0.0,0.0,0.0,0.0,7.853881948536554,1.0,2.0,0.006164392961719473,0.169463709147265,436.6330768241984,108.86485301985053,300.0,162.22197484974478,0.0,0.0,0.0,994.1393326895172,0.0,0.0,0.0
15.0,0.0,0.0,0.0,0.0,7.85388194853653,1.0,2.0,0.005947894714141144,0.175411603861406,434.66662183008077,116.4685702961344,300.0,168.12671509172748,0.0,0.0,0.0,992.7445803544823,0.0,0.0,0.0
16.0,0.0,0.0,0.0,0.0,7.853881948536529,1.0,2.0,0.005752721601729488,0.181164325463135,432.56776317224353,124.03681011764968,300.0,173.8307655457135,0.0,0.0,0.0,991.5394571277634,0.0,0.0,0.0
17.0,0.0,0.0,0.0,0.0,7.8538819485365705,1.0,2.0,0.00557558690643517,0.18673991236957,430.33714018336593,131.56726712523158,300.0,179.3533159434446,0.0,0.0,0.0,990.4877262978658,0.0,0.0,0.0
18.0,0.0,0.0,0.0,0.0,7.853881948536518,1.0,2.0,0.005413872196534081,0.192153784566105,427.9754323328191,139.05764746872637,300.0,184.71067725614068,0.0,0.0,0.0,989.561836373938,0.0,0.0,0.0
19.0,0.0,0.0,0.0,0.0,7.853881948536563,1.0,2.0,0.005265462151025246,0.19741924671713,425.48335901969256,146.50566950572056,300.0,189.91685275057736,0.0,0.0,0.0,988.7404647705948,0.0,0.0,0.0
20.0,0.0,0.0,0.0,0.0,7.853881948536504,1.0,2.0,0.005128626699603511,0.202547873416733,422.8616793536588,153.90906449655097,300.0,194.98397106525786,0.0,0.0,0.0,988.0068508539007,0.0,0.0,0.0
21.0,0.0,0.0,0.0,0.0,7.853881948536587,1.0,2.0,0.005001935248375,0.207549808665108,420.11119192374076,161.26557729538519,300.0,199.9226200148981,0.0,0.0,0.0,987.3476373458982,0.0,0.0,0.0
22.0,0.0,0.0,0.0,0.0,7.8538819485365385,1.0,2.0,0.0048841931524093996,0.212434001817518,417.2327345550543,168.57296703716048,300.0,204.7421076102804,0.0,0.0,0.0,986.75204788018,0.0,0.0,0.0
23.0,0.0,0.0,0.0,0.0,7.853881948536485,1.0,2.0,0.0047743939214296705,0.217208395738947,414.2271840535982,175.82900782017322,300.0,209.45066880877616,0.0,0.0,0.0,986.2112921519862,0.0,0.0,0.0
24.0,0.0,0.0,0.0,0.0,7.853881948536547,1.0,2.0,0.0046716827511442405,0.221880078490092,411.0954559391704,183.0314893841101,300.0,214.05563118665728,0.0,0.0,0.0,985.7181283881539,0.0,0.0,0.0
25.0,0.0,0.0,0.0,0.0,7.853881948536578,1.0,2.0,0.004575328338827511,0.226455406828919,407.8385041664925,190.1782177833148,300.0,218.5635490930173,0.0,0.0,0.0,985.266536634007,0.0,0.0,0.0
26.0,0.0,0.0,0.0,0.0,7.8538819485364995,1.0,2.0,0.004484700846931172,0.23094010767585,404.4573208346252,197.26701605508487,300.0,222.98031332107428,0.0,0.0,0.0,984.8514714374606,0.0,0.0,0.0
27.0,0.0,0.0,0.0,0.0,7.853881948536558,1.0,2.0,0.004399254489970528,0.235339362165821,400.95293588476557,204.2957248827961,300.0,227.31124154781494,0.0,0.0,0.0,984.4686722748976,0.0,0.0,0.0
28.0,0.0,0.0,0.0,0.0,7.853881948536565,1.0,2.0,0.004318513640290372,0.239657875806111,397.32641678651714,211.2622032536509,300.0,231.56115351131808,0.0,0.0,0.0,984.1145165903373,0.0,0.0,0.0
29.0,0.0,0.0,0.0,0.0,7.853881948536593,1.0,2.0,0.004242061641973188,0.243899937448084,393.578868212728,218.16432911085172,300.0,235.73443396141965,0.0,0.0,0.0,983.7859046669528,0.0,0.0,0.0
30.0,0.0,0.0,0.0,0.0,7.853881948536493,1.0,2.0,0.004169531730332493,0.248069469178417,389.71143170299734,225.00000000000003,300.0,239.83508573042002,0.0,0.0,0.0,983.480168568801,0.0,0.0,0.0
31.0,0.0,0.0,0.0,0.0,7.853881948536557,1.0,2.0,0.00410059960402917,0.252170068782446,385.7252853159505,231.76713370952444,300.0,243.86677475592086,0.0,0.0,0.0,983.1949994677312,0.0,0.0,0.0
32.0,0.0,0.0,0.0,0.0,7.853881948536531,1.0,2.0,0.004034977305693355,0.256205046088139,381.62164327039164,238.46366890494227,300.0,247.8328684994088,0.0,0.0,0.0,982.9283891861725,0.0,0.0,0.0
33.0,0.0,0.0,0.0,0.0,7.853881948536548,1.0,2.0,0.003972408147056905,0.260177454235196,377.40175557544075,245.08756575676222,300.0,251.7364689076283,0.0,0.0,0.0,982.6785827915578,0.0,0.0,0.0
34.0,0.0,0.0,0.0,0.0,7.85388194853659,1.0,2.0,0.0039126624742135685,0.26409011670941,373.0669076497687,251.63680656183618,300.0,255.5804408354944,0.0,0.0,0.0,982.4440398832777,0.0,0.0,0.0
35.0,0.0,0.0,0.0,0.0,7.853881948536481,1.0,2.0,0.003855534113423542,0.267945650822833,368.61841993004623,258.10939635797075,300.0,259.36743667196987,0.0,0.0,0.0,982.2234027940685,0.0,0.0,0.0
36.0,0.0,0.0,0.0,0.0,7.853881948536572,1.0,2.0,0.0038008373718695365,0.271746488194703,364.0576474687263,264.503363531613,300.0,263.09991777104767,0.0,0.0,0.0,982.0154702493593,0.0,0.0,0.0
37.0,0.0,0.0,0.0,0.0,7.853881948536528,1.0,2.0,0.0037484044937748373,0.275494892688478,359.38597952128174,270.8167604184218,300.0,266.78017318054924,0.0,0.0,0.0,981.8191754954818,0.0,0.0,0.0
38.0,0.0,0.0,0.0,0.0,7.853881948536478,1.0,2.0,0.0036980834923672767,0.279192976180845,354.6048391230249,277.0476638965462,300.0,270.410336073798,0.0,0.0,0.0,981.6335679660336,0.0,0.0,0.0
39.0,0.0,0.0,0.0,0.0,7.85388194853659,1.0,2.0,0.0036497362937739086,0.282842712474619,349.71568265563684,283.1941759724269,300.0,273.99239821953756,0.0,0.0,0.0,981.4577978825998,0.0,0.0,0.0
40.0,0.0,0.0,0.0,0.0,7.853881948536526,1.0,2.0,0.0036032371411541253,0.286445949615773,344.71999940354004,289.2544243589427,300.0,277.5282227690675,0.0,0.0,0.0,981.2911032542813,0.0,0.0,0.0
41.0,0.0,0.0,0.0,0.0,7.8538819485365305,1.0,2.0,0.0035584712170205757,0.290004420832794,339.61931110024733,295.22656304572826,300.0,281.0195555936733,0.0,0.0,0.0,981.1327988003317,0.0,0.0,0.0
42.0,0.0,0.0,0.0,0.0,7.853881948536624,1.0,2.0,0.003515333449343405,0.293519754282137,334.4151714648273,301.1087728614863,300.0,284.46803536853105,0.0,0.0,0.0,980.9822665618929,0.0,0.0,0.0
43.0,0.0,0.0,0.0,0.0,7.85388194853649,1.0,2.0,0.0034737274731502232,0.296993481755287,329.1091657286267,306.8992620281244,300.0,287.87520256824547,0.0,0.0,0.0,980.838947801671,0.0,0.0,0.0
44.0,0.0,0.0,0.0,0.0,7.853881948536498,1.0,2.0,0.0034335647242370038,0.300427046479524,323.70291015239303,312.5962667065488,300.0,291.24250751446573,0.0,0.0,0.0,980.7023361030513,0.0,0.0,0.0
45.0,0.0,0.0,0.0,0.0,7.853881948536607,1.0,2.0,0.0033947636455756713,0.3038218101251,318.19805153394634,318.19805153394645,300.0,294.57131759475516,0.0,0.0,0.0,980.5719713735599,0.0,0.0,0.0
46.0,0.0,0.0,0.0,0.0,7.853881948536487,1.0,2.0,0.003357248990221773,0.307179059115322,312.59626670654876,323.70291015239303,300.0,297.8629237547085,0.0,0.0,0.0,980.4474346527124,0.0,0.0,0.0
47.0,0.0,0.0,0.0,0.0,7.853881948536618,1.0,2.0,0.003320951207152145,0.310500010322474,306.89926202812427,329.1091657286268,300.0,301.1185463509239,0.0,0.0,0.0,980.3283436396032,0.0,0.0,0.0
48.0,0.0,0.0,0.0,0.0,7.85388194853649,1.0,2.0,0.003285805898620542,0.313785816221094,301.10877286148616,334.41517146482744,300.0,304.3393404399887,0.0,0.0,0.0,980.2143487589899,0.0,0.0,0.0
49.0,0.0,0.0,0.0,0.0,7.8538819485365385,1.0,2.0,0.003251753339392316,0.317037569560487,295.22656304572826,339.61931110024744,300.0,307.52640056852493,0.0,0.0,0.0,980.105129724212,0.0,0.0,0.0
50.0,0.0,0.0,0.0,0.0,7.8538819485365305,1.0,2.0,0.003218738049687475,0.320256307610174,289.2544243589427,344.71999940354016,300.0,310.6807651206955,0.0,0.0,0.0,980.0003925379593,0.0,0.0,0.0
51.0,0.0,0.0,0.0,0.0,7.853881948536533,1.0,2.0,0.0031867084148817226,0.323443016025056,283.1941759724268,349.7156826556369,300.0,313.8034202721732,0.0,0.0,0.0,979.8998668642104,0.0,0.0,0.0
52.0,0.0,0.0,0.0,0.0,7.853881948536626,1.0,2.0,0.003155616346034451,0.32659863237109,277.04766389654617,354.604839123025,300.0,316.8953035931202,0.0,0.0,0.0,979.8033036660149,0.0,0.0,0.0
53.0,0.0,0.0,0.0,0.0,7.853881948536478,1.0,2.0,0.003125416976161033,0.329724049347251,270.8167604184217,359.38597952128185,300.0,319.9573073376934,0.0,0.0,0.0,979.7104731715721,0.0,0.0,0.0
54.0,0.0,0.0,0.0,0.0,7.853881948536573,1.0,2.0,0.0030960683878860085,0.332820117735137,264.5033635316129,364.05764746872643,300.0,322.99028145266476,0.0,0.0,0.0,979.6211630332441,0.0,0.0,0.0
55.0,0.0,0.0,0.0,0.0,7.853881948536572,1.0,2.0,0.003067531368715126,0.335887649103853,258.10939635797064,368.61841993004634,300.0,325.995036334009,0.0,0.0,0.0,979.5351767186066,0.0,0.0,0.0
56.0,0.0,0.0,0.0,0.0,7.853881948536528,1.0,2.0,0.0030397691906767776,0.338927418294529,251.636806561836,373.06690764976884,300.0,328.9723453567075,0.0,0.0,0.0,979.4523320488048,0.0,0.0,0.0
57.0,0.0,0.0,0.0,0.0,7.853881948536495,1.0,2.0,0.003012747411514749,0.341940165706044,245.08756575676216,377.40175557544086,300.0,331.9229472002832,0.0,0.0,0.0,979.3724599342439,0.0,0.0,0.0
58.0,0.0,0.0,0.0,0.0,7.853881948536596,1.0,2.0,0.002986433694986357,0.34492659940103,238.46366890494215,381.62164327039176,300.0,334.8475479896996,0.0,0.0,0.0,979.2954031848174,0.0,0.0,0.0
59.0,0.0,0.0,0.0,0.0,7.853881948536453,1.0,2.0,0.0029607976481311193,0.347887397049162,231.7671337095244,385.72528531595054,300.0,337.7468232694688,0.0,0.0,0.0,979.2210155257474,0.0,0.0,0.0
60.0,0.0,0.0,0.0,0.0,7.853881948536562,1.0,2.0,0.0029358106736500633,0.350823207722812,225.0,389.71143170299746,300.0,340.62141982633716,0.0,0.0,0.0,979.1491606284039,0.0,0.0,0.0
61.0,0.0,0.0,0.0,0.0,7.853881948536543,1.0,2.0,0.0029114458357634154,0.353734653558575,218.16432911085164,393.57886821272814,300.0,343.4719573746726,0.0,0.0,0.0,979.0797112967833,0.0,0.0,0.0
62.0,0.0,0.0,0.0,0.0,7.853881948536511,1.0,2.0,0.0028876777381163787,0.356622331296691,211.26220325365082,397.3264167865171,300.0,346.2990301169466,0.0,0.0,0.0,979.0125487195321,0.0,0.0,0.0
63.0,0.0,0.0,0.0,0.0,7.853881948536539,1.0,2.0,0.0028644824124753887,0.359486813709167,204.295724882796,400.95293588476545,300.0,349.1032081903529,0.0,0.0,0.0,978.9475617631891,0.0,0.0,0.0
64.0,0.0,0.0,0.0,0.0,7.853881948536583,1.0,2.0,0.002841837217103793,0.362328650926271,197.2670160550848,404.4573208346252,300.0,351.8850390097755,0.0,0.0,0.0,978.8846464111055,0.0,0.0,0.0
65.0,0.0,0.0,0.0,0.0,7.85388194853655,1.0,2.0,0.0028197207438400707,0.365148371670111,190.1782177833147,407.8385041664925,300.0,354.64504851573986,0.0,0.0,0.0,978.8237051466396,0.0,0.0,0.0
66.0,0.0,0.0,0.0,0.0,7.853881948536526,1.0,2.0,0.002798112733009228,0.36794648440312,183.03148938411005,411.0954559391704,300.0,357.38374233569596,0.0,0.0,0.0,978.7646464875528,0.0,0.0,0.0
67.0,0.0,0.0,0.0,0.0,7.85388194853645,1.0,2.0,0.0027769939953993794,0.370723478398519,175.82900782017322,414.2271840535981,300.0,360.10160686580195,0.0,0.0,0.0,978.7073845347379,0.0,0.0,0.0
68.0,0.0,0.0,0.0,0.0,7.853881948536687,1.0,2.0,0.0027563463406216626,0.373479824739141,168.5729670371603,417.2327345550543,300.0,362.7991102796107,0.0,0.0,0.0,978.651838506031,0.0,0.0,0.0
69.0,0.0,0.0,0.0,0.0,7.853881948536433,1.0,2.0,0.002736152511243095,0.376215977250384,161.26557729538513,420.11119192374076,300.0,365.4767034698946,0.0,0.0,0.0,978.5979324183825,0.0,0.0,0.0
70.0,0.0,0.0,0.0,0.0,7.853881948536547,1.0,2.0,0.002716396122152631,0.378932373372537,153.9090644965509,422.8616793536587,300.0,368.13482092867275,0.0,0.0,0.0,978.5455946946836,0.0,0.0,0.0
71.0,0.0,0.0,0.0,0.0,7.853881948536542,1.0,2.0,0.0026970616046747,0.381629434977211,146.5056695057205,425.48335901969256,300.0,370.77388157050007,0.0,0.0,0.0,978.4947578702483,0.0,0.0,0.0
72.0,0.0,0.0,0.0,0.0,7.85388194853659,1.0,2.0,0.0026781341549977355,0.384307569132209,139.0576474687263,427.9754323328191,300.0,373.3942895033373,0.0,0.0,0.0,978.4453582906642,0.0,0.0,0.0
73.0,0.0,0.0,0.0,0.0,7.853881948536546,1.0,2.0,0.0026595996865289573,0.386967168818738,131.56726712523147,430.33714018336593,300.0,375.9964347510883,0.0,0.0,0.0,978.3973358588729,0.0,0.0,0.0
74.0,0.0,0.0,0.0,0.0,7.8538819485365705,1.0,2.0,0.002641444785827618,0.389608613604566,124.03681011764957,432.56776317224353,300.0,378.58069393136293,0.0,0.0,0.0,978.3506337668587,0.0,0.0,0.0
75.0,0.0,0.0,0.0,0.0,7.853881948536529,1.0,2.0,0.0026236566718023657,0.392232270276368,116.46857029613429,434.66662183008077,300.0,381.1474308919516,0.0,0.0,0.0,978.3051983037936,0.0,0.0,0.0
76.0,0.0,0.0,0.0,0.0,7.853881948536447,1.0,2.0,0.002606223157891552,0.39483849343426,108.8648530198505,436.6330768241984,300.0,383.69699730893547,0.0,0.0,0.0,978.2609786364047,0.0,0.0,0.0
77.0,0.0,0.0,0.0,0.0,7.853881948536664,1.0,2.0,0.0025891326169724116,0.397427626051232,101.22797445473915,438.46652915335585,300.0,386.22973324917774,0.0,0.0,0.0,978.2179265903795,0.0,0.0,0.0
78.0,0.0,0.0,0.0,0.0,7.853881948536449,1.0,2.0,0.0025723739487679698,0.4,93.5602608679917,440.16642033021253,300.0,388.745967699971,0.0,0.0,0.0,978.1759965336321,0.0,0.0,0.0
79.0,0.0,0.0,0.0,0.0,7.853881948536548,1.0,2.0,0.0025559365495458897,0.402555936549546,85.86404791944516,441.73223255144876,300.0,391.2460190679103,0.0,0.0,0.0,978.1351451715371,0.0,0.0,0.0
80.0,0.0,0.0,0.0,0.0,7.853881948536557,1.0,2.0,0.0025398102839207515,0.405095746833467,78.14167995011863,443.1634888554936,300.0,393.7301956492127,0.0,0.0,0.0,978.0953313833835,0.0,0.0,0.0
81.0,0.0,0.0,0.0,0.0,7.853881948536549,1.0,2.0,0.0025239854585877852,0.407619732292054,70.39550926810386,444.459753267812,300.0,396.19879607369757,0.0,0.0,0.0,978.056516167921,0.0,0.0,0.0
82.0,0.0,0.0,0.0,0.0,7.853881948536451,1.0,2.0,0.0025084527978369575,0.410128185089891,62.627895432029504,445.6206309337066,300.0,398.65210972369164,0.0,0.0,0.0,978.0186623840673,0.0,0.0,0.0
83.0,0.0,0.0,0.0,0.0,7.853881948536652,1.0,2.0,0.00249320342070225,0.412621388510594,54.84120453231631,446.6457682385949,300.0,401.09041713023726,0.0,0.0,0.0,977.9817347831291,0.0,0.0,0.0
84.0,0.0,0.0,0.0,0.0,7.853881948536551,1.0,2.0,0.0024782288196230073,0.415099617330217,47.037808470444,447.534852915723,300.0,403.5139903473973,0.0,0.0,0.0,977.9456997553215,0.0,0.0,0.0
85.0,0.0,0.0,0.0,0.0,7.853881948536557,1.0,2.0,0.0024635208404968356,0.417563138170713,39.220084236446105,448.28761414128553,300.0,405.9230933067012,0.0,0.0,0.0,977.9105253349819,0.0,0.0,0.0
86.0,0.0,0.0,0.0,0.0,7.853881948536453,1.0,2.0,0.0024490716640202526,0.420012209834734,31.390413184856396,448.9038226169209,300.0,408.31798215265724,0.0,0.0,0.0,977.8761810606672,0.0,0.0,0.0
87.0,0.0,0.0,0.0,0.0,7.8538819485365545,1.0,2.0,0.0024348737882194937,0.422447083622953,23.551180309324725,449.38329063955825,300.0,410.69890556062535,0.0,0.0,0.0,977.8426378761778,0.0,0.0,0.0
88.0,0.0,0.0,0.0,0.0,7.853881948536552,1.0,2.0,0.002420920012082217,0.424868003635035,15.704773516125428,449.7258721585931,300.0,413.06610503826874,0.0,0.0,0.0,977.8098680787821,0.0,0.0,0.0
89.0,0.0,0.0,0.0,0.0,7.853881948536651,1.0,2.0,0.0024072034202096693,0.427275207055245,7.853582896777461,449.93146282037605,300.0,415.4198152115035,0.0,0.0,0.0,977.7778452266078,0.0,0.0,0.0
90.0,0.0,0.0,0.0,0.0,7.853881948536452,1.0,2.0,0.002393717368414594,0.42966892442366,-3.1228493378257513e-14,450.0,300.0,417.7602640959737,0.0,0.0,0.0,977.7465440794061,0.0,0.0,0.0
91.0,0.0,0.0,0.0,0.0,7.853881948536554,1.0,2.0,0.002393717368414594,0.432062641792074,-7.853582896777624,449.93146282037605,300.0,417.7602640959737,0.0,0.0,0.0,0.0,0.0,0.0,0.0
92.0,0.0,0.0,0.0,0.0,7.853881948536449,1.0,2.0,0.0024072034202096693,0.434469845212284,-15.704773516125389,449.7258721585931,300.0,415.4198152115035,0.0,0.0,0.0,-972.2688430985883,0.0,0.0,0.0
93.0,0.0,0.0,0.0,0.0,7.853881948536555,1.0,2.0,0.002420920012082217,0.436890765224366,-23.55118030932469,449.38329063955825,300.0,413.06610503826874,0.0,0.0,0.0,-972.2378936470192,0.0,0.0,0.0
94.0,0.0,0.0,0.0,0.0,7.853881948536654,1.0,2.0,0.0024348737882194937,0.439325639012586,-31.39041318485646,448.9038226169209,300.0,410.69890556062535,0.0,0.0,0.0,-972.2062347118269,0.0,0.0,0.0
95.0,0.0,0.0,0.0,0.0,7.853881948536545,1.0,2.0,0.0024490716640202526,0.441774710676606,-39.22008423644626,448.28761414128553,300.0,408.31798215265724,0.0,0.0,0.0,-972.1738416015673,0.0,0.0,0.0
96.0,0.0,0.0,0.0,0.0,7.8538819485364595,1.0,2.0,0.0024635208404968356,0.444238231517103,-47.03780847044406,447.53485291572304,300.0,405.9230933067012,0.0,0.0,0.0,-972.1406884761827,0.0,0.0,0.0
97.0,0.0,0.0,0.0,0.0,7.853881948536544,1.0,2.0,0.002478228819623063,0.446716460336726,-54.84120453231637,446.64576823859494,300.0,403.51399034738824,0.0,0.0,0.0,-972.1067482700802,0.0,0.0,0.0
98.0,0.0,0.0,0.0,0.0,7.853881948536554,1.0,2.0,0.0024932034207021947,0.449209663757428,-62.62789543202946,445.62063093370665,300.0,401.09041713024624,0.0,0.0,0.0,-972.0719926091803,0.0,0.0,0.0
99.0,0.0,0.0,0.0,0.0,7.853881948536664,1.0,2.0,0.002508452797836902,0.451718116555265,-70.39550926810402,444.45975326781195,300.0,398.65210972370045,0.0,0.0,0.0,-972.0363917744033,0.0,0.0,0.0
100.0,0.0,0.0,0.0,0.0,7.853881948536442,1.0,2.0,0.0025239854585878407,0.454242102013853,-78.14167995011869,443.1634888554936,300.0,396.19879607368887,0.0,0.0,0.0,-971.9999145257353,0.0,0.0,0.0
101.0,0.0,0.0,0.0,0.0,7.853881948536571,1.0,2.0,0.0025398102839207515,0.456781912297774,-85.86404791944523,441.73223255144876,300.0,393.7301956492127,0.0,0.0,0.0,-971.96252810873,0.0,0.0,0.0
102.0,0.0,0.0,0.0,0.0,7.853881948536436,1.0,2.0,0.0025559365495458897,0.459337848847319,-93.56026086799166,440.16642033021253,300.0,391.2460190679103,0.0,0.0,0.0,-971.9241980962921,0.0,0.0,0.0
103.0,0.0,0.0,0.0,0.0,7.8538819485365465,1.0,2.0,0.0025723739487679143,0.461910222796087,-101.22797445473921,438.46652915335585,300.0,388.74596769997936,0.0,0.0,0.0,-971.8848883259745,0.0,0.0,0.0
104.0,0.0,0.0,0.0,0.0,7.853881948536664,1.0,2.0,0.002589132616972467,0.46449935541306,-108.86485301985056,436.6330768241984,300.0,386.22973324916944,0.0,0.0,0.0,-971.8445607286851,0.0,0.0,0.0
105.0,0.0,0.0,0.0,0.0,7.853881948536543,1.0,2.0,0.002606223157891552,0.467105578570951,-116.46857029613444,434.66662183008077,300.0,383.69699730893547,0.0,0.0,0.0,-971.8031752442002,0.0,0.0,0.0
106.0,0.0,0.0,0.0,0.0,7.853881948536433,1.0,2.0,0.0026236566718023657,0.469729235242754,-124.03681011764962,432.56776317224353,300.0,381.1474308919516,0.0,0.0,0.0,-971.7606897217929,0.0,0.0,0.0
107.0,0.0,0.0,0.0,0.0,7.853881948536581,1.0,2.0,0.002641444785827618,0.472370680028581,-131.56726712523155,430.337140183366,300.0,378.58069393136293,0.0,0.0,0.0,-971.7170596789416,0.0,0.0,0.0
108.0,0.0,0.0,0.0,0.0,7.853881948536546,1.0,2.0,0.002659599686529013,0.47503027971511,-139.05764746872637,427.97543233281914,300.0,375.99643475108047,0.0,0.0,0.0,-971.6722382589542,0.0,0.0,0.0
109.0,0.0,0.0,0.0,0.0,7.853881948536474,1.0,2.0,0.0026781341549976245,0.477708413870108,-146.50566950572045,425.48335901969256,300.0,373.39428950335275,0.0,0.0,0.0,-971.6261759598176,0.0,0.0,0.0
110.0,0.0,0.0,0.0,0.0,7.853881948536611,1.0,2.0,0.0026970616046747,0.480405475474783,-153.90906449655097,422.8616793536588,300.0,370.77388157050007,0.0,0.0,0.0,-971.5788205619207,0.0,0.0,0.0
111.0,0.0,0.0,0.0,0.0,7.853881948536587,1.0,2.0,0.0027163961221526867,0.483121871596935,-161.26557729538519,420.11119192374076,300.0,368.13482092866525,0.0,0.0,0.0,-971.5301168017487,0.0,0.0,0.0
112.0,0.0,0.0,0.0,0.0,7.8538819485365385,1.0,2.0,0.0027361525112430396,0.485858024108178,-168.57296703716048,417.2327345550543,300.0,365.47670346990196,0.0,0.0,0.0,-971.4800062645988,0.0,0.0,0.0
113.0,0.0,0.0,0.0,0.0,7.853881948536433,1.0,2.0,0.0027563463406216626,0.4886143704488,-175.82900782017316,414.2271840535982,300.0,362.7991102796107,0.0,0.0,0.0,-971.428427128409,0.0,0.0,0.0
114.0,0.0,0.0,0.0,0.0,7.8538819485366,1.0,2.0,0.002776993995399435,0.4913913644442,-183.0314893841101,411.0954559391704,300.0,360.1016068657948,0.0,0.0,0.0,-971.3753138410808,0.0,0.0,0.0
115.0,0.0,0.0,0.0,0.0,7.853881948536526,1.0,2.0,0.002798112733009228,0.494189477177209,-190.17821778331475,407.8385041664925,300.0,357.38374233569596,0.0,0.0,0.0,-971.32059692817,0.0,0.0,0.0
116.0,0.0,0.0,0.0,0.0,7.8538819485366504,1.0,2.0,0.0028197207438400707,0.497009197921049,-197.26701605508492,404.4573208346251,300.0,354.64504851573986,0.0,0.0,0.0,-971.2642026480871,0.0,0.0,0.0
117.0,0.0,0.0,0.0,0.0,7.853881948536456,1.0,2.0,0.002841837217103793,0.499851035138153,-204.2957248827961,400.95293588476557,300.0,351.8850390097755,0.0,0.0,0.0,-971.2060526736257,0.0,0.0,0.0
118.0,0.0,0.0,0.0,0.0,7.853881948536438,1.0,2.0,0.002864482412475333,0.502715517550628,-211.2622032536508,397.3264167865172,300.0,349.1032081903597,0.0,0.0,0.0,-971.1460637008736,0.0,0.0,0.0
119.0,0.0,0.0,0.0,0.0,7.853881948536667,1.0,2.0,0.0028876777381163787,0.505603195288744,-218.1643291108517,393.5788682127281,300.0,346.2990301169466,0.0,0.0,0.0,-971.0841470981587,0.0,0.0,0.0
120.0,0.0,0.0,0.0,0.0,7.853881948536472,1.0,2.0,0.0029114458357634154,0.508514641124508,-224.99999999999994,389.71143170299734,300.0,343.4719573746726,0.0,0.0,0.0,-971.0202084294239,0.0,0.0,0.0
121.0,0.0,0.0,0.0,0.0,7.853881948536681,1.0,2.0,0.002935810673650119,0.511450451798158,-231.7671337095245,385.7252853159505,300.0,340.62141982633074,0.0,0.0,0.0,-970.9541469844826,0.0,0.0,0.0
122.0,0.0,0.0,0.0,0.0,7.853881948536435,1.0,2.0,0.002960797648131064,0.514411249446289,-238.4636689049422,381.62164327039164,300.0,337.7468232694751,0.0,0.0,0.0,-970.8858552593621,0.0,0.0,0.0
123.0,0.0,0.0,0.0,0.0,7.853881948536596,1.0,2.0,0.0029864336949864123,0.517397683141275,-245.08756575676222,377.40175557544075,300.0,334.8475479896934,0.0,0.0,0.0,-970.815218382036,0.0,0.0,0.0
124.0,0.0,0.0,0.0,0.0,7.853881948536495,1.0,2.0,0.0030127474115148045,0.52041043055279,-251.63680656183607,373.0669076497687,300.0,331.9229472002771,0.0,0.0,0.0,-970.7421134073069,0.0,0.0,0.0
125.0,0.0,0.0,0.0,0.0,7.853881948536416,1.0,2.0,0.003039769190676722,0.523450199743467,-258.10939635797064,368.61841993004634,300.0,328.97234535671345,0.0,0.0,0.0,-970.6664086909847,0.0,0.0,0.0
126.0,0.0,0.0,0.0,0.0,7.853881948536684,1.0,2.0,0.0030675313687151817,0.526517731112182,-264.50336353161293,364.0576474687263,300.0,325.99503633400315,0.0,0.0,0.0,-970.587963036,0.0,0.0,0.0
127.0,0.0,0.0,0.0,0.0,7.853881948536653,1.0,2.0,0.0030960683878860085,0.529613799500068,-270.81676041842184,359.3859795212817,300.0,322.99028145266476,0.0,0.0,0.0,-970.5066248197535,0.0,0.0,0.0
128.0,0.0,0.0,0.0,0.0,7.8538819485364435,1.0,2.0,0.0031254169761609774,0.532739216476229,-277.0476638965463,354.6048391230249,300.0,319.9573073376991,0.0,0.0,0.0,-970.4222310493562,0.0,0.0,0.0
129.0,0.0,0.0,0.0,0.0,7.85388194853651,1.0,2.0,0.003155616346034451,0.535894832822263,-283.1941759724269,349.7156826556369,300.0,316.8953035931202,0.0,0.0,0.0,-970.3346062415931,0.0,0.0,0.0
130.0,0.0,0.0,0.0,0.0,7.85388194853665,1.0,2.0,0.003186708414881667,0.539081541237145,-289.2544243589428,344.71999940354004,300.0,313.80342027217864,0.0,0.0,0.0,-970.243561193969,0.0,0.0,0.0
131.0,0.0,0.0,0.0,0.0,7.853881948536648,1.0,2.0,0.0032187380496875306,0.542300279286833,-295.2265630457284,339.6193111002472,300.0,310.6807651206901,0.0,0.0,0.0,-970.1488916725167,0.0,0.0,0.0
132.0,0.0,0.0,0.0,0.0,7.85388194853642,1.0,2.0,0.003251753339392316,0.545552032626225,-301.1087728614863,334.4151714648273,300.0,307.52640056852493,0.0,0.0,0.0,-970.0503768083083,0.0,0.0,0.0
133.0,0.0,0.0,0.0,0.0,7.853881948536448,1.0,2.0,0.0032858058986205974,0.548837838524846,-306.8992620281243,329.1091657286267,300.0,304.3393404399835,0.0,0.0,0.0,-969.9477774628643,0.0,0.0,0.0
134.0,0.0,0.0,0.0,0.0,7.853881948536459,1.0,2.0,0.003320951207152145,0.552158789731998,-312.59626670654876,323.7029101523931,300.0,301.1185463509239,0.0,0.0,0.0,-969.8408341932777,0.0,0.0,0.0
135.0,0.0,0.0,0.0,0.0,7.853881948536647,1.0,2.0,0.0033572489902217173,0.555516038722219,-318.1980515339464,318.19805153394634,300.0,297.8629237547134,0.0,0.0,0.0,-969.7292651491747,0.0,0.0,0.0
136.0,0.0,0.0,0.0,0.0,7.853881948536688,1.0,2.0,0.0033947636455756713,0.558910802367795,-323.70291015239314,312.59626670654865,300.0,294.57131759475516,0.0,0.0,0.0,-969.6127635419098,0.0,0.0,0.0
137.0,0.0,0.0,0.0,0.0,7.853881948536457,1.0,2.0,0.0034335647242369483,0.562344367092032,-329.1091657286268,306.89926202812427,300.0,291.24250751447045,0.0,0.0,0.0,-969.4909948215649,0.0,0.0,0.0
138.0,0.0,0.0,0.0,0.0,7.853881948536448,1.0,2.0,0.0034737274731502232,0.565818094565182,-334.41517146482744,301.1087728614862,300.0,287.87520256824547,0.0,0.0,0.0,-969.36359350357,0.0,0.0,0.0
139.0,0.0,0.0,0.0,0.0,7.853881948536581,1.0,2.0,0.003515333449343516,0.569333428014526,-339.61931110024744,295.22656304572826,300.0,284.46803536852207,0.0,0.0,0.0,-969.2301594773853,0.0,0.0,0.0
140.0,0.0,0.0,0.0,0.0,7.8538819485365305,1.0,2.0,0.0035584712170204646,0.572891899231546,-344.71999940354016,289.2544243589427,300.0,281.01955559368207,0.0,0.0,0.0,-969.0902537993364,0.0,0.0,0.0
141.0,0.0,0.0,0.0,0.0,7.85388194853641,1.0,2.0,0.003603237141154181,0.5764951363727,-349.71568265563684,283.19417597242693,300.0,277.52822276906323,0.0,0.0,0.0,-968.9433939117594,0.0,0.0,0.0
142.0,0.0,0.0,0.0,0.0,7.8538819485366345,1.0,2.0,0.003649736293773964,0.580144872666474,-354.6048391230249,277.0476638965462,300.0,273.9923982195334,0.0,0.0,0.0,-968.789048009177,0.0,0.0,0.0
143.0,0.0,0.0,0.0,0.0,7.853881948536682,1.0,2.0,0.0036980834923672212,0.583842956158842,-359.38597952128185,270.8167604184216,300.0,270.41033607380206,0.0,0.0,0.0,-968.6266286644607,0.0,0.0,0.0
144.0,0.0,0.0,0.0,0.0,7.853881948536368,1.0,2.0,0.003748404493774782,0.587591360652616,-364.0576474687263,264.50336353161293,300.0,266.78017318055316,0.0,0.0,0.0,-968.4554853345578,0.0,0.0,0.0
145.0,0.0,0.0,0.0,0.0,7.853881948536512,1.0,2.0,0.0038008373718695365,0.591392198024486,-368.6184199300463,258.1093963579708,300.0,263.09991777104767,0.0,0.0,0.0,-968.2748956173482,0.0,0.0,0.0
146.0,0.0,0.0,0.0,0.0,7.853881948536622,1.0,2.0,0.003855534113423542,0.595247732137909,-373.0669076497688,251.63680656183607,300.0,259.36743667196987,0.0,0.0,0.0,-968.0840550943863,0.0,0.0,0.0
147.0,0.0,0.0,0.0,0.0,7.853881948536755,1.0,2.0,0.003912662474213624,0.599160394612123,-377.401755575441,245.08756575676202,300.0,255.58044083549075,0.0,0.0,0.0,-967.882065329502,0.0,0.0,0.0
148.0,0.0,0.0,0.0,0.0,7.853881948536415,1.0,2.0,0.003972408147056905,0.60313280275918,-381.62164327039176,238.46366890494215,300.0,251.7364689076283,0.0,0.0,0.0,-967.6679197001395,0.0,0.0,0.0
149.0,0.0,0.0,0.0,0.0,7.853881948536404,1.0,2.0,0.004034977305693355,0.607167780064873,-385.72528531595054,231.76713370952444,300.0,247.8328684994088,0.0,0.0,0.0,-967.4404866445062,0.0,0.0,0.0
150.0,0.0,0.0,0.0,0.0,7.853881948536684,1.0,2.0,0.004100599604029087,0.611268379668902,-389.71143170299746,224.99999999999991,300.0,243.86677475592583,0.0,0.0,0.0,-967.1984896028451,0.0,0.0,0.0
151.0,0.0,0.0,0.0,0.0,7.853881948536444,1.0,2.0,0.004169531730332521,0.615437911399235,-393.57886821272814,218.16432911085167,300.0,239.83508573041843,0.0,0.0,0.0,-966.9404830709555,0.0,0.0,0.0
152.0,0.0,0.0,0.0,0.0,7.853881948536434,1.0,2.0,0.0042420616419732715,0.619679973041208,-397.32641678651703,211.2622032536509,300.0,235.73443396141502,0.0,0.0,0.0,-966.6648236388932,0.0,0.0,0.0
153.0,0.0,0.0,0.0,0.0,7.853881948536616,1.0,2.0,0.004318513640290345,0.623998486681499,-400.95293588476545,204.29572488279604,300.0,231.5611535113196,0.0,0.0,0.0,-966.3696349503374,0.0,0.0,0.0
154.0,0.0,0.0,0.0,0.0,7.853881948536685,1.0,2.0,0.004399254489970583,0.628397741171469,-404.4573208346252,197.26701605508472,300.0,227.31124154781207,0.0,0.0,0.0,-966.0527648937929,0.0,0.0,0.0
155.0,0.0,0.0,0.0,0.0,7.853881948536448,1.0,2.0,0.004484700846931089,0.6328824420184,-407.8385041664925,190.17821778331472,300.0,222.98031332107843,0.0,0.0,0.0,-965.7117329681712,0.0,0.0,0.0
156.0,0.0,0.0,0.0,0.0,7.853881948536475,1.0,2.0,0.004575328338827567,0.637457770357228,-411.0954559391704,183.03148938411013,300.0,218.56354909301464,0.0,0.0,0.0,-965.3436651926896,0.0,0.0,0.0
157.0,0.0,0.0,0.0,0.0,7.853881948536424,1.0,2.0,0.004671682751144268,0.642129453108372,-414.2271840535981,175.82900782017333,300.0,214.05563118665603,0.0,0.0,0.0,-964.945212783222,0.0,0.0,0.0
158.0,0.0,0.0,0.0,0.0,7.85388194853666,1.0,2.0,0.004774393921429643,0.646903847029802,-417.2327345550543,168.57296703716045,300.0,209.45066880877738,0.0,0.0,0.0,-964.512449885941,0.0,0.0,0.0
159.0,0.0,0.0,0.0,0.0,7.853881948536644,1.0,2.0,0.0048841931524093996,0.651788040182211,-420.11119192374076,161.26557729538504,300.0,204.7421076102804,0.0,0.0,0.0,-964.0407435922567,0.0,0.0,0.0
160.0,0.0,0.0,0.0,0.0,7.853881948536441,1.0,2.0,0.005001935248375,0.656789975430586,-422.8616793536587,153.90906449655094,300.0,199.9226200148981,0.0,0.0,0.0,-963.5245871981358,0.0,0.0,0.0
161.0,0.0,0.0,0.0,0.0,7.853881948536461,1.0,2.0,0.005128626699603456,0.66191860213019,-425.48335901969256,146.50566950572062,300.0,194.98397106526,0.0,0.0,0.0,-962.9573838977105,0.0,0.0,0.0
162.0,0.0,0.0,0.0,0.0,7.853881948536671,1.0,2.0,0.005265462151025302,0.667184064281215,-427.9754323328191,139.05764746872632,300.0,189.91685275057534,0.0,0.0,0.0,-962.331162839708,0.0,0.0,0.0
163.0,0.0,0.0,0.0,0.0,7.853881948536437,1.0,2.0,0.0054138721965339975,0.672597936477749,-430.33714018336593,131.5672671252316,300.0,184.71067725614353,0.0,0.0,0.0,-961.636201490839,0.0,0.0,0.0
164.0,0.0,0.0,0.0,0.0,7.853881948536457,1.0,2.0,0.005575586906435226,0.678173523384184,-432.5677631722434,124.0368101176498,300.0,179.35331594344282,0.0,0.0,0.0,-960.8605161399868,0.0,0.0,0.0
165.0,0.0,0.0,0.0,0.0,7.853881948536653,1.0,2.0,0.00575272160172946,0.683926244985914,-434.6666218300807,116.4685702961344,300.0,173.8307655457143,0.0,0.0,0.0,-959.9891634019358,0.0,0.0,0.0
166.0,0.0,0.0,0.0,0.0,7.853881948536653,1.0,2.0,0.005947894714141144,0.689874139700055,-436.6330768241984,108.86485301985041,300.0,168.12671509172748,0.0,0.0,0.0,-959.0032655462838,0.0,0.0,0.0
167.0,0.0,0.0,0.0,0.0,7.853881948536636,1.0,2.0,0.006164392961719556,0.696038532661774,-438.46652915335585,101.2279744547391,300.0,162.2219748497426,0.0,0.0,0.0,-957.8786230295345,0.0,0.0,0.0
168.0,0.0,0.0,0.0,0.0,7.853881948536463,1.0,2.0,0.006406408074998038,0.702444940736772,-440.16642033021253,93.56026086799163,300.0,156.09370934434367,0.0,0.0,0.0,-956.5836945847078,0.0,0.0,0.0
169.0,0.0,0.0,0.0,0.0,7.853881948536464,1.0,2.0,0.006679384870784899,0.709124325607557,-441.73223255144876,85.86404791944517,300.0,149.71438528327974,0.0,0.0,0.0,-955.0765803250214,0.0,0.0,0.0
170.0,0.0,0.0,0.0,0.0,7.853881948536627,1.0,2.0,0.006990548431875632,0.716114874039433,-443.1634888554936,78.14167995011857,300.0,143.05029279822762,0.0,0.0,0.0,-953.3003812211745,0.0,0.0,0.0
171.0,0.0,0.0,0.0,0.0,7.853881948536469,1.0,2.0,0.0073497307105351295,0.723464604749968,-444.45975326781195,70.39550926810388,300.0,136.05940671630276,0.0,0.0,0.0,-951.1758127279542,0.0,0.0,0.0
172.0,0.0,0.0,0.0,0.0,7.853881948536452,1.0,2.0,0.007770721053281804,0.73123532580325,-445.6206309337066,62.627895432029526,300.0,128.6881864814425,0.0,0.0,0.0,-948.5889641794795,0.0,0.0,0.0
173.0,0.0,0.0,0.0,0.0,7.853881948536645,1.0,2.0,0.008273585141014062,0.739508910944264,-446.6457682385949,54.84120453231634,300.0,120.86658721172401,0.0,0.0,0.0,-945.3700102685867,0.0,0.0,0.0
174.0,0.0,0.0,0.0,0.0,7.8538819485364595,1.0,2.0,0.008888898658009792,0.748397809602274,-447.534852915723,47.03780847044412,300.0,112.49987635969946,0.0,0.0,0.0,-941.2539363901179,0.0,0.0,0.0
175.0,0.0,0.0,0.0,0.0,7.853881948536458,1.0,2.0,0.0096661025366791,0.758063912138953,-448.28761414128553,39.220084236446326,300.0,103.45431327728926,0.0,0.0,0.0,-935.8025168971468,0.0,0.0,0.0
176.0,0.0,0.0,0.0,0.0,7.853881948536641,1.0,2.0,0.010691773976799102,0.768755686115752,-448.9038226169209,31.390413184856428,300.0,93.5298484769671,0.0,0.0,0.0,-928.2336889891249,0.0,0.0,0.0
177.0,0.0,0.0,0.0,0.0,7.8538819485366576,1.0,2.0,0.012135708676293988,0.780891394792046,-449.38329063955825,23.551180309324653,300.0,82.40145068358552,0.0,0.0,0.0,-916.9961219586543,0.0,0.0,0.0
178.0,0.0,0.0,0.0,0.0,7.853881948536653,1.0,2.0,0.014395192533238732,0.795286587325285,-449.7258721585931,15.704773516125256,300.0,69.46763634393801,0.0,0.0,0.0,-898.4815110866441,0.0,0.0,0.0
179.0,0.0,0.0,0.0,0.0,7.853881948536451,1.0,2.0,0.018760180156251027,0.814046767481536,-449.93146282037605,7.853582896777489,300.0,53.3043921578116,0.0,0.0,0.0,-861.5719066397506,0.0,0.0,0.0
180.0,0.0,0.0,0.0,0.0,7.853881948536453,1.0,2.0,0.04529108136578386,0.859337848847319,-450.0,-3.673940397442067e-15,300.0,22.0794021658196,0.0,0.0,0.0,-689.4291116568835,0.0,0.0,0.0
179.0,0.0,0.0,0.0,0.0,7.853881948536453,1.0,3.0,0.0,0.859337848847319,-449.93146282037605,7.853582896777489,300.0,0.0,0.0,0.0,0.0,0.0,0.0,0.0,0.0
178.0,0.0,0.0,0.0,0.0,7.853881948536451,1.0,3.0,0.06405126152203486,0.923389110369354,-449.7258721585931,15.704773516125256,300.0,-15.612494995995988,0.0,0.0,0.0,-243.74999999999974,0.0,0.0,0.0
177.0,0.0,0.0,0.0,0.0,7.853881948536653,1.0,3.0,0.01439519253323876,0.937784302902593,-449.38329063955825,23.551180309324653,300.0,-69.46763634393801,0.0,0.0,0.0,-3741.189374410216,0.0,0.0,0.0
176.0,0.0,0.0,0.0,0.0,7.8538819485366576,1.0,3.0,0.012135708676294044,0.949920011578887,-448.9038226169209,31.390413184856428,300.0,-82.40145068358552,0.0,0.0,0.0,-1065.7650644591156,0.0,0.0,0.0
175.0,0.0,0.0,0.0,0.0,7.853881948536641,1.0,3.0,0.010691773976799004,0.960611785555686,-448.28761414128553,39.220084236446326,300.0,-93.52984847696808,0.0,0.0,0.0,-1040.837359406497,0.0,0.0,0.0
174.0,0.0,0.0,0.0,0.0,7.853881948536458,1.0,3.0,0.009666102536679155,0.970277888092365,-447.534852915723,47.03780847044412,300.0,-103.45431327728808,0.0,0.0,0.0,-1026.728690561723,0.0,0.0,0.0
173.0,0.0,0.0,0.0,0.0,7.8538819485364595,1.0,3.0,0.008888898658009792,0.979166786750375,-446.6457682385949,54.84120453231634,300.0,-112.49987635969946,0.0,0.0,0.0,-1017.6247283751418,0.0,0.0,0.0
172.0,0.0,0.0,0.0,0.0,7.853881948536645,1.0,3.0,0.008273585141014103,0.987440371891389,-445.6206309337066,62.627895432029526,300.0,-120.86658721172401,0.0,0.0,0.0,-1011.2557868715035,0.0,0.0,0.0
171.0,0.0,0.0,0.0,0.0,7.853881948536452,1.0,3.0,0.007770721053281776,0.995211092944671,-444.45975326781195,70.39550926810388,300.0,-128.6881864814425,0.0,0.0,0.0,-1006.5474254046475,0.0,0.0,0.0
170.0,0.0,0.0,0.0,0.0,7.853881948536469,1.0,3.0,0.007349730710535074,1.00256082365521,-443.1634888554936,78.14167995011857,300.0,-136.0594067163048,0.0,0.0,0.0,-1002.9238519305865,0.0,0.0,0.0
169.0,0.0,0.0,0.0,0.0,7.853881948536627,1.0,3.0,0.006990548431875604,1.00955137208708,-441.73223255144876,85.86404791944517,300.0,-143.0502927982299,0.0,0.0,0.0,-1000.0483009384533,0.0,0.0,0.0
168.0,0.0,0.0,0.0,0.0,7.853881948536464,1.0,3.0,0.006679384870785066,1.01623075695787,-440.16642033021253,93.56026086799163,300.0,-149.71438528327477,0.0,0.0,0.0,-997.7105098693844,0.0,0.0,0.0
167.0,0.0,0.0,0.0,0.0,7.853881948536463,1.0,3.0,0.006406408074997982,1.02263716503286,-438.46652915335585,101.2279744547391,300.0,-156.0937093443464,0.0,0.0,0.0,-995.7723558023101,0.0,0.0,0.0
166.0,0.0,0.0,0.0,0.0,7.853881948536636,1.0,3.0,0.006164392961719473,1.02880155799458,-436.6330768241984,108.86485301985041,300.0,-162.2219748497455,0.0,0.0,0.0,-994.1393326894156,0.0,0.0,0.0
165.0,0.0,0.0,0.0,0.0,7.853881948536653,1.0,3.0,0.005947894714141144,1.03474945270873,-434.6666218300807,116.4685702961344,300.0,-168.12671509172748,0.0,0.0,0.0,-992.7445803543628,0.0,0.0,0.0
164.0,0.0,0.0,0.0,0.0,7.853881948536653,1.0,3.0,0.005752721601729488,1.04050217431045,-432.5677631722434,124.0368101176498,300.0,-173.8307655457143,0.0,0.0,0.0,-991.5394571279114,0.0,0.0,0.0
163.0,0.0,0.0,0.0,0.0,7.853881948536457,1.0,3.0,0.00557558690643517,1.04607776121689,-430.33714018336593,131.5672671252316,300.0,-179.35331594344638,0.0,0.0,0.0,-990.4877262980439,0.0,0.0,0.0
162.0,0.0,0.0,0.0,0.0,7.853881948536437,1.0,3.0,0.005413872196534081,1.05149163341342,-427.9754323328191,139.05764746872632,300.0,-184.71067725614353,0.0,0.0,0.0,-989.5618363741528,0.0,0.0,0.0
161.0,0.0,0.0,0.0,0.0,7.853881948536671,1.0,3.0,0.005265462151025246,1.05675709556445,-425.48335901969256,146.50566950572062,300.0,-189.91685275057534,0.0,0.0,0.0,-988.7404647696615,0.0,0.0,0.0
160.0,0.0,0.0,0.0,0.0,7.853881948536461,1.0,3.0,0.005128626699603511,1.06188572226405,-422.8616793536587,153.90906449655094,300.0,-194.98397106525576,0.0,0.0,0.0,-988.0068508538734,0.0,0.0,0.0
159.0,0.0,0.0,0.0,0.0,7.853881948536441,1.0,3.0,0.005001935248375,1.06688765751243,-420.11119192374076,161.26557729538504,300.0,-199.9226200148981,0.0,0.0,0.0,-987.3476373463187,0.0,0.0,0.0
158.0,0.0,0.0,0.0,0.0,7.853881948536644,1.0,3.0,0.0048841931524093996,1.07177185066484,-417.2327345550543,168.57296703716045,300.0,-204.74210761028507,0.0,0.0,0.0,-986.7520478811567,0.0,0.0,0.0
157.0,0.0,0.0,0.0,0.0,7.85388194853666,1.0,3.0,0.0047743939214296705,1.07654624458627,-414.2271840535981,175.82900782017333,300.0,-209.45066880877252,0.0,0.0,0.0,-986.2112921502307,0.0,0.0,0.0
156.0,0.0,0.0,0.0,0.0,7.853881948536424,1.0,3.0,0.0046716827511442405,1.08121792733741,-411.0954559391704,183.03148938411013,300.0,-214.05563118666112,0.0,0.0,0.0,-985.7181283897716,0.0,0.0,0.0
155.0,0.0,0.0,0.0,0.0,7.853881948536475,1.0,3.0,0.004575328338827511,1.08579325567624,-407.8385041664925,190.17821778331472,300.0,-218.56354909301993,0.0,0.0,0.0,-985.266536633758,0.0,0.0,0.0
154.0,0.0,0.0,0.0,0.0,7.853881948536448,1.0,3.0,0.004484700846931172,1.09027795652317,-404.4573208346252,197.26701605508472,300.0,-222.98031332107843,0.0,0.0,0.0,-984.8514714378148,0.0,0.0,0.0
153.0,0.0,0.0,0.0,0.0,7.853881948536685,1.0,3.0,0.004399254489970528,1.09467721101314,-400.95293588476545,204.29572488279604,300.0,-227.3112415478178,0.0,0.0,0.0,-984.4686722746128,0.0,0.0,0.0
152.0,0.0,0.0,0.0,0.0,7.853881948536616,1.0,3.0,0.004318513640290372,1.09899572465343,-397.32641678651703,211.2622032536509,300.0,-231.5611535113196,0.0,0.0,0.0,-984.1145165900343,0.0,0.0,0.0
151.0,0.0,0.0,0.0,0.0,7.853881948536434,1.0,3.0,0.004242061641973188,1.1032377862954,-393.57886821272814,218.16432911085167,300.0,-235.73443396142122,0.0,0.0,0.0,-983.7859046669726,0.0,0.0,0.0
150.0,0.0,0.0,0.0,0.0,7.853881948536444,1.0,3.0,0.004169531730332493,1.10740731802574,-389.71143170299746,224.99999999999991,300.0,-239.83508573041843,0.0,0.0,0.0,-983.4801685680378,0.0,0.0,0.0
149.0,0.0,0.0,0.0,0.0,7.853881948536684,1.0,3.0,0.00410059960402917,1.11150791762976,-385.72528531595054,231.76713370952444,300.0,-243.86677475592583,0.0,0.0,0.0,-983.1949994693522,0.0,0.0,0.0
148.0,0.0,0.0,0.0,0.0,7.853881948536404,1.0,3.0,0.004034977305693355,1.11554289493546,-381.62164327039176,238.46366890494215,300.0,-247.8328684994088,0.0,0.0,0.0,-982.9283891849399,0.0,0.0,0.0
147.0,0.0,0.0,0.0,0.0,7.853881948536415,1.0,3.0,0.003972408147056905,1.11951530308252,-377.401755575441,245.08756575676202,300.0,-251.7364689076283,0.0,0.0,0.0,-982.6785827915578,0.0,0.0,0.0
146.0,0.0,0.0,0.0,0.0,7.853881948536755,1.0,3.0,0.0039126624742135685,1.12342796555673,-373.0669076497688,251.63680656183607,300.0,-255.58044083549075,0.0,0.0,0.0,-982.4440398823339,0.0,0.0,0.0
145.0,0.0,0.0,0.0,0.0,7.853881948536622,1.0,3.0,0.003855534113423542,1.12728349967015,-368.6184199300463,258.1093963579708,300.0,-259.3674366719773,0.0,0.0,0.0,-982.2234027969718,0.0,0.0,0.0
144.0,0.0,0.0,0.0,0.0,7.853881948536512,1.0,3.0,0.0038008373718695365,1.13108433704202,-364.0576474687263,264.50336353161293,300.0,-263.09991777104,0.0,0.0,0.0,-982.0154702453525,0.0,0.0,0.0
143.0,0.0,0.0,0.0,0.0,7.853881948536368,1.0,3.0,0.0037484044937748373,1.1348327415358,-359.38597952128185,270.8167604184216,300.0,-266.78017318055316,0.0,0.0,0.0,-981.8191754985899,0.0,0.0,0.0
142.0,0.0,0.0,0.0,0.0,7.853881948536682,1.0,3.0,0.0036980834923672767,1.13853082502816,-354.6048391230249,277.0476638965462,300.0,-270.41033607380206,0.0,0.0,0.0,-981.6335679660791,0.0,0.0,0.0
141.0,0.0,0.0,0.0,0.0,7.8538819485366345,1.0,3.0,0.0036497362937739086,1.14218056132194,-349.71568265563684,283.19417597242693,300.0,-273.9923982195334,0.0,0.0,0.0,-981.4577978803421,0.0,0.0,0.0
140.0,0.0,0.0,0.0,0.0,7.85388194853641,1.0,3.0,0.0036032371411541253,1.14578379846309,-344.71999940354016,289.2544243589427,300.0,-277.52822276907176,0.0,0.0,0.0,-981.2911032566312,0.0,0.0,0.0
139.0,0.0,0.0,0.0,0.0,7.8538819485365305,1.0,3.0,0.0035584712170205757,1.14934226968011,-339.61931110024744,295.22656304572826,300.0,-281.01955559368207,0.0,0.0,0.0,-981.1327988016243,0.0,0.0,0.0
138.0,0.0,0.0,0.0,0.0,7.853881948536581,1.0,3.0,0.003515333449343405,1.15285760312946,-334.41517146482744,301.1087728614862,300.0,-284.46803536853105,0.0,0.0,0.0,-980.9822665594027,0.0,0.0,0.0
137.0,0.0,0.0,0.0,0.0,7.853881948536448,1.0,3.0,0.0034737274731502232,1.15633133060261,-329.1091657286268,306.89926202812427,300.0,-287.87520256824547,0.0,0.0,0.0,-980.838947801671,0.0,0.0,0.0
136.0,0.0,0.0,0.0,0.0,7.853881948536457,1.0,3.0,0.0034335647242370038,1.15976489532684,-323.70291015239314,312.59626670654865,300.0,-291.24250751447045,0.0,0.0,0.0,-980.7023361044412,0.0,0.0,0.0
135.0,0.0,0.0,0.0,0.0,7.853881948536688,1.0,3.0,0.0033947636455756713,1.16315965897242,-318.1980515339464,318.19805153394634,300.0,-294.57131759474555,0.0,0.0,0.0,-980.5719713693082,0.0,0.0,0.0
134.0,0.0,0.0,0.0,0.0,7.853881948536647,1.0,3.0,0.003357248990221773,1.16651690796264,-312.59626670654876,323.7029101523931,300.0,-297.86292375470356,0.0,0.0,0.0,-980.4474346540846,0.0,0.0,0.0
133.0,0.0,0.0,0.0,0.0,7.853881948536459,1.0,3.0,0.003320951207152145,1.16983785916979,-306.8992620281243,329.1091657286267,300.0,-301.1185463509239,0.0,0.0,0.0,-980.3283436410923,0.0,0.0,0.0
132.0,0.0,0.0,0.0,0.0,7.853881948536448,1.0,3.0,0.003285805898620542,1.17312366506841,-301.1087728614863,334.4151714648273,300.0,-304.3393404399938,0.0,0.0,0.0,-980.2143487605634,0.0,0.0,0.0
131.0,0.0,0.0,0.0,0.0,7.85388194853642,1.0,3.0,0.003251753339392316,1.17637541840781,-295.2265630457284,339.6193111002472,300.0,-307.52640056852493,0.0,0.0,0.0,-980.1051297226387,0.0,0.0,0.0
130.0,0.0,0.0,0.0,0.0,7.853881948536648,1.0,3.0,0.003218738049687475,1.17959415645749,-289.2544243589428,344.71999940354004,300.0,-310.6807651206901,0.0,0.0,0.0,-980.0003925362647,0.0,0.0,0.0
129.0,0.0,0.0,0.0,0.0,7.85388194853665,1.0,3.0,0.0031867084148817226,1.18278086487237,-283.1941759724269,349.7156826556369,300.0,-313.8034202721677,0.0,0.0,0.0,-979.8998668641755,0.0,0.0,0.0
128.0,0.0,0.0,0.0,0.0,7.85388194853651,1.0,3.0,0.003155616346034451,1.18593648121841,-277.0476638965463,354.6048391230249,300.0,-316.8953035931202,0.0,0.0,0.0,-979.8033036677442,0.0,0.0,0.0
127.0,0.0,0.0,0.0,0.0,7.8538819485364435,1.0,3.0,0.003125416976161033,1.18906189819457,-270.81676041842184,359.3859795212817,300.0,-319.9573073376991,0.0,0.0,0.0,-979.7104731734082,0.0,0.0,0.0
126.0,0.0,0.0,0.0,0.0,7.853881948536653,1.0,3.0,0.0030960683878860085,1.19215796658246,-264.50336353161293,364.0576474687263,300.0,-322.99028145266476,0.0,0.0,0.0,-979.6211630314081,0.0,0.0,0.0
125.0,0.0,0.0,0.0,0.0,7.853881948536684,1.0,3.0,0.003067531368715126,1.19522549795117,-258.10939635797064,368.61841993004634,300.0,-325.99503633400315,0.0,0.0,0.0,-979.5351767166802,0.0,0.0,0.0
124.0,0.0,0.0,0.0,0.0,7.853881948536416,1.0,3.0,0.0030397691906767776,1.19826526714185,-251.63680656183607,373.0669076497687,300.0,-328.97234535671345,0.0,0.0,0.0,-979.4523320527122,0.0,0.0,0.0
123.0,0.0,0.0,0.0,0.0,7.853881948536495,1.0,3.0,0.003012747411514749,1.20127801455336,-245.08756575676222,377.40175557544075,300.0,-331.92294720028934,0.0,0.0,0.0,-979.3724599343185,0.0,0.0,0.0
122.0,0.0,0.0,0.0,0.0,7.853881948536596,1.0,3.0,0.002986433694986357,1.20426444824835,-238.4636689049422,381.62164327039164,300.0,-334.84754798970584,0.0,0.0,0.0,-979.2954031848736,0.0,0.0,0.0
121.0,0.0,0.0,0.0,0.0,7.853881948536435,1.0,3.0,0.0029607976481311193,1.20722524589648,-231.7671337095245,385.7252853159505,300.0,-337.7468232694625,0.0,0.0,0.0,-979.2210155214862,0.0,0.0,0.0
120.0,0.0,0.0,0.0,0.0,7.853881948536681,1.0,3.0,0.0029358106736500633,1.21016105657013,-224.99999999999994,389.71143170299734,300.0,-340.62141982633074,0.0,0.0,0.0,-979.1491606283467,0.0,0.0,0.0
119.0,0.0,0.0,0.0,0.0,7.853881948536472,1.0,3.0,0.0029114458357634154,1.21307250240589,-218.1643291108517,393.5788682127281,300.0,-343.47195737468576,0.0,0.0,0.0,-979.079711303537,0.0,0.0,0.0
118.0,0.0,0.0,0.0,0.0,7.853881948536667,1.0,3.0,0.0028876777381163787,1.21596018014401,-211.2622032536508,397.3264167865172,300.0,-346.2990301169466,0.0,0.0,0.0,-979.012548714985,0.0,0.0,0.0
117.0,0.0,0.0,0.0,0.0,7.853881948536438,1.0,3.0,0.0028644824124753887,1.21882466255649,-204.2957248827961,400.95293588476557,300.0,-349.10320819036644,0.0,0.0,0.0,-978.94756176795,0.0,0.0,0.0
116.0,0.0,0.0,0.0,0.0,7.853881948536456,1.0,3.0,0.002841837217103793,1.22166649977359,-197.26701605508492,404.4573208346251,300.0,-351.88503900978236,0.0,0.0,0.0,-978.8846464087843,0.0,0.0,0.0
115.0,0.0,0.0,0.0,0.0,7.8538819485366504,1.0,3.0,0.0028197207438400707,1.22448622051743,-190.17821778331475,407.8385041664925,300.0,-354.64504851573986,0.0,0.0,0.0,-978.8237051442003,0.0,0.0,0.0
114.0,0.0,0.0,0.0,0.0,7.853881948536526,1.0,3.0,0.002798112733009228,1.22728433325044,-183.0314893841101,411.0954559391704,300.0,-357.38374233569596,0.0,0.0,0.0,-978.7646464875528,0.0,0.0,0.0
113.0,0.0,0.0,0.0,0.0,7.8538819485366,1.0,3.0,0.0027769939953993794,1.23006132724584,-175.82900782017316,414.2271840535982,300.0,-360.1016068657948,0.0,0.0,0.0,-978.7073845321393,0.0,0.0,0.0
112.0,0.0,0.0,0.0,0.0,7.853881948536433,1.0,3.0,0.0027563463406216626,1.23281767358646,-168.57296703716048,417.2327345550543,300.0,-362.7991102796034,0.0,0.0,0.0,-978.6518385059494,0.0,0.0,0.0
111.0,0.0,0.0,0.0,0.0,7.8538819485365385,1.0,3.0,0.002736152511243095,1.2355538260977,-161.26557729538519,420.11119192374076,300.0,-365.47670346990196,0.0,0.0,0.0,-978.597932423783,0.0,0.0,0.0
110.0,0.0,0.0,0.0,0.0,7.853881948536587,1.0,3.0,0.002716396122152631,1.23827022221986,-153.90906449655097,422.8616793536588,300.0,-368.1348209286803,0.0,0.0,0.0,-978.5455946947664,0.0,0.0,0.0
109.0,0.0,0.0,0.0,0.0,7.853881948536611,1.0,3.0,0.0026970616046747,1.24096728382453,-146.50566950572045,425.48335901969256,300.0,-370.7738815705077,0.0,0.0,0.0,-978.4947578702895,0.0,0.0,0.0
108.0,0.0,0.0,0.0,0.0,7.853881948536474,1.0,3.0,0.0026781341549977355,1.24364541797953,-139.05764746872637,427.97543233281914,300.0,-373.3942895033373,0.0,0.0,0.0,-978.44535828782,0.0,0.0,0.0
107.0,0.0,0.0,0.0,0.0,7.853881948536546,1.0,3.0,0.0026595996865289573,1.24630501766606,-131.56726712523155,430.337140183366,300.0,-375.9964347510726,0.0,0.0,0.0,-978.3973358529331,0.0,0.0,0.0
106.0,0.0,0.0,0.0,0.0,7.853881948536581,1.0,3.0,0.002641444785827618,1.24894646245188,-124.03681011764962,432.56776317224353,300.0,-378.58069393136293,0.0,0.0,0.0,-978.3506337727981,0.0,0.0,0.0
105.0,0.0,0.0,0.0,0.0,7.853881948536433,1.0,3.0,0.0026236566718023657,1.25157011912369,-116.46857029613444,434.66662183008077,300.0,-381.1474308919597,0.0,0.0,0.0,-978.3051983068909,0.0,0.0,0.0
104.0,0.0,0.0,0.0,0.0,7.853881948536543,1.0,3.0,0.002606223157891552,1.25417634228158,-108.86485301985056,436.6330768241984,300.0,-383.6969973089273,0.0,0.0,0.0,-978.260978630146,0.0,0.0,0.0
103.0,0.0,0.0,0.0,0.0,7.853881948536664,1.0,3.0,0.0025891326169724116,1.25676547489855,-101.22797445473921,438.46652915335585,300.0,-386.22973324916944,0.0,0.0,0.0,-978.2179265903146,0.0,0.0,0.0
102.0,0.0,0.0,0.0,0.0,7.8538819485365465,1.0,3.0,0.0025723739487679698,1.25933784884732,-93.56026086799166,440.16642033021253,300.0,-388.745967699971,0.0,0.0,0.0,-978.1759965368583,0.0,0.0,0.0
101.0,0.0,0.0,0.0,0.0,7.853881948536436,1.0,3.0,0.0025559365495458897,1.26189378539686,-85.86404791944523,441.73223255144876,300.0,-391.2460190678933,0.0,0.0,0.0,-978.135145164845,0.0,0.0,0.0
100.0,0.0,0.0,0.0,0.0,7.853881948536571,1.0,3.0,0.0025398102839207515,1.26443359568079,-78.14167995011869,443.1634888554936,300.0,-393.73019564922134,0.0,0.0,0.0,-978.0953313934987,0.0,0.0,0.0
99.0,0.0,0.0,0.0,0.0,7.853881948536442,1.0,3.0,0.0025239854585877852,1.26695758113937,-70.39550926810402,444.45975326781195,300.0,-396.19879607368017,0.0,0.0,0.0,-978.0565161575634,0.0,0.0,0.0
98.0,0.0,0.0,0.0,0.0,7.853881948536664,1.0,3.0,0.0025084527978369575,1.26946603393721,-62.62789543202946,445.62063093370665,300.0,-398.65210972369164,0.0,0.0,0.0,-978.0186623910015,0.0,0.0,0.0
97.0,0.0,0.0,0.0,0.0,7.853881948536554,1.0,3.0,0.00249320342070225,1.27195923735791,-54.84120453231637,446.64576823859494,300.0,-401.09041713025516,0.0,0.0,0.0,-977.9817347903545,0.0,0.0,0.0
96.0,0.0,0.0,0.0,0.0,7.853881948536544,1.0,3.0,0.0024782288196230073,1.27443746617754,-47.03780847044406,447.53485291572304,300.0,-403.5139903473973,0.0,0.0,0.0,-977.9456997480962,0.0,0.0,0.0
95.0,0.0,0.0,0.0,0.0,7.8538819485364595,1.0,3.0,0.0024635208404968356,1.27690098701803,-39.22008423644626,448.28761414128553,300.0,-405.9230933067012,0.0,0.0,0.0,-977.9105253349819,0.0,0.0,0.0
94.0,0.0,0.0,0.0,0.0,7.853881948536545,1.0,3.0,0.0024490716640202526,1.27935005868205,-31.39041318485646,448.9038226169209,300.0,-408.31798215266645,0.0,0.0,0.0,-977.8761810644494,0.0,0.0,0.0
93.0,0.0,0.0,0.0,0.0,7.853881948536654,1.0,3.0,0.0024348737882194937,1.28178493247027,-23.55118030932469,449.38329063955825,300.0,-410.6989055606441,0.0,0.0,0.0,-977.8426378801445,0.0,0.0,0.0
92.0,0.0,0.0,0.0,0.0,7.853881948536555,1.0,3.0,0.002420920012082217,1.28420585248235,-15.704773516125389,449.7258721585931,300.0,-413.06610503827824,0.0,0.0,0.0,-977.8098680749772,0.0,0.0,0.0
91.0,0.0,0.0,0.0,0.0,7.853881948536449,1.0,3.0,0.0024072034202096693,1.28661305590256,-7.853582896777624,449.93146282037605,300.0,-415.4198152115131,0.0,0.0,0.0,-977.7778452266776,0.0,0.0,0.0
90.0,0.0,0.0,0.0,0.0,7.853881948536554,1.0,3.0,0.002393717368414594,1.28900677327098,-3.1228493378257513e-14,450.0,300.0,-417.7602640959834,0.0,0.0,0.0,-977.7465440794764,0.0,0.0,0.0
89.0,0.0,0.0,0.0,0.0,7.853881948536452,1.0,3.0,0.002393717368414594,1.29140049063939,7.853582896777461,449.93146282037605,300.0,-417.7602640959834,0.0,0.0,0.0,0.0,0.0,0.0,0.0
88.0,0.0,0.0,0.0,0.0,7.853881948536651,1.0,3.0,0.0024072034202096693,1.2938076940596,15.704773516125428,449.7258721585931,300.0,-415.4198152115131,0.0,0.0,0.0,972.268843098658,0.0,0.0,0.0
87.0,0.0,0.0,0.0,0.0,7.853881948536552,1.0,3.0,0.002420920012082217,1.29622861407168,23.551180309324725,449.38329063955825,300.0,-413.06610503827824,0.0,0.0,0.0,972.2378936470884,0.0,0.0,0.0
86.0,0.0,0.0,0.0,0.0,7.8538819485365545,1.0,3.0,0.0024348737882194937,1.2986634878599,31.390413184856396,448.9038226169209,300.0,-410.69890556060665,0.0,0.0,0.0,972.206234723362,0.0,0.0,0.0
85.0,0.0,0.0,0.0,0.0,7.853881948536453,1.0,3.0,0.0024490716640202526,1.30111255952392,39.220084236446105,448.28761414128553,300.0,-408.31798215266645,0.0,0.0,0.0,972.1738415901931,0.0,0.0,0.0
84.0,0.0,0.0,0.0,0.0,7.853881948536557,1.0,3.0,0.0024635208404968356,1.30357608036442,47.037808470444,447.534852915723,300.0,-405.9230933067012,0.0,0.0,0.0,972.1406884799206,0.0,0.0,0.0
83.0,0.0,0.0,0.0,0.0,7.853881948536551,1.0,3.0,0.002478228819623063,1.30605430918404,54.84120453231631,446.6457682385949,300.0,-403.5139903473973,0.0,0.0,0.0,972.1067482664549,0.0,0.0,0.0
82.0,0.0,0.0,0.0,0.0,7.853881948536652,1.0,3.0,0.0024932034207021947,1.30854751260475,62.627895432029504,445.6206309337066,300.0,-401.09041713025516,0.0,0.0,0.0,972.0719926092476,0.0,0.0,0.0
81.0,0.0,0.0,0.0,0.0,7.853881948536451,1.0,3.0,0.002508452797836902,1.31105596540258,70.39550926810386,444.459753267812,300.0,-398.65210972369164,0.0,0.0,0.0,972.0363917814519,0.0,0.0,0.0
80.0,0.0,0.0,0.0,0.0,7.853881948536549,1.0,3.0,0.0025239854585878407,1.31357995086117,78.14167995011863,443.1634888554936,300.0,-396.19879607368017,0.0,0.0,0.0,971.9999145256689,0.0,0.0,0.0
79.0,0.0,0.0,0.0,0.0,7.853881948536557,1.0,3.0,0.0025398102839207515,1.31611976114509,85.86404791944516,441.73223255144876,300.0,-393.73019564922134,0.0,0.0,0.0,971.962528101925,0.0,0.0,0.0
78.0,0.0,0.0,0.0,0.0,7.853881948536548,1.0,3.0,0.0025559365495458897,1.31867569769464,93.5602608679917,440.16642033021253,300.0,-391.2460190679273,0.0,0.0,0.0,971.9241980930651,0.0,0.0,0.0
77.0,0.0,0.0,0.0,0.0,7.853881948536449,1.0,3.0,0.0025723739487679143,1.32124807164341,101.22797445473915,438.46652915335585,300.0,-388.745967699971,0.0,0.0,0.0,971.8848883358091,0.0,0.0,0.0
76.0,0.0,0.0,0.0,0.0,7.853881948536664,1.0,3.0,0.002589132616972467,1.32383720426038,108.8648530198505,436.6330768241984,300.0,-386.22973324916944,0.0,0.0,0.0,971.8445607254578,0.0,0.0,0.0
75.0,0.0,0.0,0.0,0.0,7.853881948536447,1.0,3.0,0.002606223157891552,1.32644342741827,116.46857029613429,434.66662183008077,300.0,-383.6969973089273,0.0,0.0,0.0,971.8031752473203,0.0,0.0,0.0
74.0,0.0,0.0,0.0,0.0,7.853881948536529,1.0,3.0,0.0026236566718023657,1.32906708409007,124.03681011764957,432.56776317224353,300.0,-381.1474308919597,0.0,0.0,0.0,971.7606897156171,0.0,0.0,0.0
73.0,0.0,0.0,0.0,0.0,7.8538819485365705,1.0,3.0,0.002641444785827618,1.3317085288759,131.56726712523147,430.33714018336593,300.0,-378.58069393136293,0.0,0.0,0.0,971.7170596819975,0.0,0.0,0.0
72.0,0.0,0.0,0.0,0.0,7.853881948536546,1.0,3.0,0.002659599686529013,1.33436812856243,139.0576474687263,427.9754323328191,300.0,-375.9964347510726,0.0,0.0,0.0,971.6722382618833,0.0,0.0,0.0
71.0,0.0,0.0,0.0,0.0,7.85388194853659,1.0,3.0,0.0026781341549976245,1.33704626271743,146.5056695057205,425.48335901969256,300.0,-373.3942895033682,0.0,0.0,0.0,971.6261759511557,0.0,0.0,0.0
70.0,0.0,0.0,0.0,0.0,7.853881948536542,1.0,3.0,0.0026970616046747,1.3397433243221,153.9090644965509,422.8616793536587,300.0,-370.7738815705077,0.0,0.0,0.0,971.5788205648491,0.0,0.0,0.0
69.0,0.0,0.0,0.0,0.0,7.853881948536547,1.0,3.0,0.0027163961221526867,1.34245972044425,161.26557729538513,420.11119192374076,300.0,-368.1348209286502,0.0,0.0,0.0,971.5301168100585,0.0,0.0,0.0
68.0,0.0,0.0,0.0,0.0,7.853881948536433,1.0,3.0,0.0027361525112430396,1.3451958729555,168.5729670371603,417.2327345550543,300.0,-365.47670346990196,0.0,0.0,0.0,971.4800062590934,0.0,0.0,0.0
67.0,0.0,0.0,0.0,0.0,7.853881948536687,1.0,3.0,0.0027563463406216626,1.34795221929612,175.82900782017322,414.2271840535981,300.0,-362.7991102796034,0.0,0.0,0.0,971.4284271310497,0.0,0.0,0.0
66.0,0.0,0.0,0.0,0.0,7.85388194853645,1.0,3.0,0.002776993995399435,1.35072921329152,183.03148938411005,411.0954559391704,300.0,-360.1016068657948,0.0,0.0,0.0,971.3753138384403,0.0,0.0,0.0
65.0,0.0,0.0,0.0,0.0,7.853881948536526,1.0,3.0,0.002798112733009228,1.35352732602453,190.1782177833147,407.8385041664925,300.0,-357.38374233569596,0.0,0.0,0.0,971.32059692817,0.0,0.0,0.0
64.0,0.0,0.0,0.0,0.0,7.85388194853655,1.0,3.0,0.0028197207438400707,1.35634704676837,197.2670160550848,404.4573208346252,300.0,-354.64504851573986,0.0,0.0,0.0,971.2642026480871,0.0,0.0,0.0
63.0,0.0,0.0,0.0,0.0,7.853881948536583,1.0,3.0,0.002841837217103793,1.35918888398547,204.295724882796,400.95293588476545,300.0,-351.88503900978236,0.0,0.0,0.0,971.2060526712244,0.0,0.0,0.0
62.0,0.0,0.0,0.0,0.0,7.853881948536539,1.0,3.0,0.002864482412475333,1.36205336639795,211.26220325365082,397.3264167865171,300.0,-349.10320819036644,0.0,0.0,0.0,971.1460637009321,0.0,0.0,0.0
61.0,0.0,0.0,0.0,0.0,7.853881948536511,1.0,3.0,0.0028876777381163787,1.36494104413606,218.16432911085164,393.57886821272814,300.0,-346.2990301169466,0.0,0.0,0.0,971.0841471005012,0.0,0.0,0.0
60.0,0.0,0.0,0.0,0.0,7.853881948536543,1.0,3.0,0.0029114458357634154,1.36785248997183,225.0,389.71143170299746,300.0,-343.47195737465955,0.0,0.0,0.0,971.0202084338773,0.0,0.0,0.0
59.0,0.0,0.0,0.0,0.0,7.853881948536562,1.0,3.0,0.002935810673650119,1.37078830064548,231.7671337095244,385.72528531595054,300.0,-340.62141982633074,0.0,0.0,0.0,970.9541469800292,0.0,0.0,0.0
58.0,0.0,0.0,0.0,0.0,7.853881948536453,1.0,3.0,0.002960797648131064,1.37374909829361,238.46366890494215,381.62164327039176,300.0,-337.7468232694625,0.0,0.0,0.0,970.8858552635878,0.0,0.0,0.0
57.0,0.0,0.0,0.0,0.0,7.853881948536596,1.0,3.0,0.0029864336949864123,1.37673553198859,245.08756575676216,377.40175557544086,300.0,-334.84754798968095,0.0,0.0,0.0,970.8152183819428,0.0,0.0,0.0
56.0,0.0,0.0,0.0,0.0,7.853881948536495,1.0,3.0,0.0030127474115148045,1.37974827940011,251.636806561836,373.06690764976884,300.0,-331.9229472002649,0.0,0.0,0.0,970.7421134071956,0.0,0.0,0.0
55.0,0.0,0.0,0.0,0.0,7.853881948536528,1.0,3.0,0.003039769190676722,1.38278804859079,258.10939635797064,368.61841993004634,300.0,-328.97234535671345,0.0,0.0,0.0,970.6664086869641,0.0,0.0,0.0
54.0,0.0,0.0,0.0,0.0,7.853881948536572,1.0,3.0,0.0030675313687151817,1.3858555799595,264.5033635316129,364.05764746872643,300.0,-325.99503633400315,0.0,0.0,0.0,970.587963036,0.0,0.0,0.0
53.0,0.0,0.0,0.0,0.0,7.853881948536573,1.0,3.0,0.0030960683878860085,1.38895164834739,270.8167604184217,359.38597952128185,300.0,-322.99028145266476,0.0,0.0,0.0,970.5066248197535,0.0,0.0,0.0
52.0,0.0,0.0,0.0,0.0,7.853881948536478,1.0,3.0,0.0031254169761609774,1.39207706532355,277.04766389654617,354.604839123025,300.0,-319.9573073376991,0.0,0.0,0.0,970.4222310493562,0.0,0.0,0.0
51.0,0.0,0.0,0.0,0.0,7.853881948536626,1.0,3.0,0.003155616346034451,1.39523268166958,283.1941759724268,349.7156826556369,300.0,-316.8953035931202,0.0,0.0,0.0,970.3346062415931,0.0,0.0,0.0
50.0,0.0,0.0,0.0,0.0,7.853881948536533,1.0,3.0,0.003186708414881667,1.39841939008446,289.2544243589427,344.71999940354016,300.0,-313.80342027218956,0.0,0.0,0.0,970.2435611905779,0.0,0.0,0.0
49.0,0.0,0.0,0.0,0.0,7.8538819485365305,1.0,3.0,0.0032187380496875306,1.40163812813415,295.22656304572826,339.61931110024744,300.0,-310.6807651206901,0.0,0.0,0.0,970.1488916759075,0.0,0.0,0.0
48.0,0.0,0.0,0.0,0.0,7.8538819485365385,1.0,3.0,0.003251753339392316,1.40488988147354,301.10877286148616,334.41517146482744,300.0,-307.52640056852493,0.0,0.0,0.0,970.0503768083083,0.0,0.0,0.0
47.0,0.0,0.0,0.0,0.0,7.85388194853649,1.0,3.0,0.0032858058986205974,1.40817568737216,306.89926202812427,329.1091657286268,300.0,-304.3393404399732,0.0,0.0,0.0,969.9477774659629,0.0,0.0,0.0
46.0,0.0,0.0,0.0,0.0,7.853881948536618,1.0,3.0,0.003320951207152145,1.41149663857932,312.59626670654876,323.70291015239303,300.0,-301.1185463509239,0.0,0.0,0.0,969.8408341901796,0.0,0.0,0.0
45.0,0.0,0.0,0.0,0.0,7.853881948536487,1.0,3.0,0.0033572489902217173,1.41485388756954,318.19805153394634,318.19805153394645,300.0,-297.8629237547233,0.0,0.0,0.0,969.7292651462607,0.0,0.0,0.0
44.0,0.0,0.0,0.0,0.0,7.853881948536607,1.0,3.0,0.0033947636455756713,1.41824865121511,323.70291015239303,312.5962667065488,300.0,-294.57131759474555,0.0,0.0,0.0,969.6127635476214,0.0,0.0,0.0
43.0,0.0,0.0,0.0,0.0,7.853881948536498,1.0,3.0,0.0034335647242369483,1.42168221593935,329.1091657286267,306.8992620281244,300.0,-291.24250751447045,0.0,0.0,0.0,969.490994818767,0.0,0.0,0.0
42.0,0.0,0.0,0.0,0.0,7.85388194853649,1.0,3.0,0.0034737274731502232,1.4251559434125,334.4151714648273,301.1087728614863,300.0,-287.87520256824547,0.0,0.0,0.0,969.36359350357,0.0,0.0,0.0
41.0,0.0,0.0,0.0,0.0,7.853881948536624,1.0,3.0,0.003515333449343516,1.42867127686184,339.61931110024733,295.22656304572826,300.0,-284.46803536853105,0.0,0.0,0.0,969.2301594748611,0.0,0.0,0.0
40.0,0.0,0.0,0.0,0.0,7.8538819485365305,1.0,3.0,0.0035584712170204646,1.43222974807886,344.71999940354004,289.2544243589427,300.0,-281.01955559368207,0.0,0.0,0.0,969.0902538018603,0.0,0.0,0.0
39.0,0.0,0.0,0.0,0.0,7.853881948536526,1.0,3.0,0.003603237141154181,1.43583298522002,349.71568265563684,283.1941759724269,300.0,-277.52822276905465,0.0,0.0,0.0,968.9433939141117,0.0,0.0,0.0
38.0,0.0,0.0,0.0,0.0,7.85388194853659,1.0,3.0,0.003649736293773964,1.43948272151379,354.6048391230249,277.0476638965462,300.0,-273.9923982195334,0.0,0.0,0.0,968.7890480068252,0.0,0.0,0.0
37.0,0.0,0.0,0.0,0.0,7.853881948536478,1.0,3.0,0.0036980834923672212,1.44318080500616,359.38597952128174,270.8167604184218,300.0,-270.41033607380206,0.0,0.0,0.0,968.6266286644607,0.0,0.0,0.0
36.0,0.0,0.0,0.0,0.0,7.853881948536528,1.0,3.0,0.003748404493774782,1.44692920949993,364.0576474687263,264.503363531613,300.0,-266.78017318055316,0.0,0.0,0.0,968.4554853345578,0.0,0.0,0.0
35.0,0.0,0.0,0.0,0.0,7.853881948536572,1.0,3.0,0.0038008373718695365,1.4507300468718,368.61841993004623,258.10939635797075,300.0,-263.09991777105535,0.0,0.0,0.0,968.2748956153575,0.0,0.0,0.0
34.0,0.0,0.0,0.0,0.0,7.853881948536481,1.0,3.0,0.003855534113423542,1.45458558098523,373.0669076497687,251.63680656183618,300.0,-259.3674366719773,0.0,0.0,0.0,968.0840550944731,0.0,0.0,0.0
33.0,0.0,0.0,0.0,0.0,7.85388194853659,1.0,3.0,0.003912662474213624,1.45849824345944,377.40175557544075,245.08756575676222,300.0,-255.58044083549075,0.0,0.0,0.0,967.8820653314051,0.0,0.0,0.0
32.0,0.0,0.0,0.0,0.0,7.853881948536548,1.0,3.0,0.003972408147056905,1.4624706516065,381.62164327039164,238.46366890494227,300.0,-251.7364689076283,0.0,0.0,0.0,967.6679197001395,0.0,0.0,0.0
31.0,0.0,0.0,0.0,0.0,7.853881948536531,1.0,3.0,0.004034977305693355,1.46650562891219,385.7252853159505,231.76713370952444,300.0,-247.8328684994088,0.0,0.0,0.0,967.4404866445062,0.0,0.0,0.0
30.0,0.0,0.0,0.0,0.0,7.853881948536557,1.0,3.0,0.004100599604029087,1.47060622851622,389.71143170299734,225.00000000000003,300.0,-243.86677475592583,0.0,0.0,0.0,967.1984896028451,0.0,0.0,0.0
29.0,0.0,0.0,0.0,0.0,7.853881948536493,1.0,3.0,0.004169531730332521,1.47477576024655,393.578868212728,218.16432911085172,300.0,-239.83508573041843,0.0,0.0,0.0,966.9404830709555,0.0,0.0,0.0
28.0,0.0,0.0,0.0,0.0,7.853881948536593,1.0,3.0,0.0042420616419732715,1.47901782188853,397.32641678651714,211.2622032536509,300.0,-235.73443396142122,0.0,0.0,0.0,966.6648236374579,0.0,0.0,0.0
27.0,0.0,0.0,0.0,0.0,7.853881948536565,1.0,3.0,0.004318513640290345,1.48333633552882,400.95293588476557,204.2957248827961,300.0,-231.5611535113196,0.0,0.0,0.0,966.3696349517721,0.0,0.0,0.0
26.0,0.0,0.0,0.0,0.0,7.853881948536558,1.0,3.0,0.004399254489970583,1.48773559001879,404.4573208346252,197.26701605508487,300.0,-227.31124154780633,0.0,0.0,0.0,966.0527648950736,0.0,0.0,0.0
25.0,0.0,0.0,0.0,0.0,7.8538819485364995,1.0,3.0,0.004484700846931089,1.49222029086572,407.8385041664925,190.1782177833148,300.0,-222.98031332107843,0.0,0.0,0.0,965.7117329668911,0.0,0.0,0.0
24.0,0.0,0.0,0.0,0.0,7.853881948536578,1.0,3.0,0.004575328338827567,1.49679561920455,411.0954559391704,183.0314893841101,300.0,-218.56354909301993,0.0,0.0,0.0,965.3436651915576,0.0,0.0,0.0
23.0,0.0,0.0,0.0,0.0,7.853881948536547,1.0,3.0,0.004671682751144268,1.50146730195569,414.2271840535982,175.82900782017322,300.0,-214.05563118666112,0.0,0.0,0.0,964.9452127832875,0.0,0.0,0.0
22.0,0.0,0.0,0.0,0.0,7.853881948536485,1.0,3.0,0.004774393921429643,1.50624169587712,417.2327345550543,168.57296703716048,300.0,-209.45066880878224,0.0,0.0,0.0,964.512449886011,0.0,0.0,0.0
21.0,0.0,0.0,0.0,0.0,7.8538819485365385,1.0,3.0,0.0048841931524093996,1.51112588902953,420.11119192374076,161.26557729538519,300.0,-204.74210761028507,0.0,0.0,0.0,964.0407435923194,0.0,0.0,0.0
20.0,0.0,0.0,0.0,0.0,7.853881948536587,1.0,3.0,0.005001935248375,1.5161278242779,422.8616793536588,153.90906449655097,300.0,-199.9226200148981,0.0,0.0,0.0,963.5245871990677,0.0,0.0,0.0
19.0,0.0,0.0,0.0,0.0,7.853881948536504,1.0,3.0,0.005128626699603456,1.52125645097751,425.48335901969256,146.50566950572056,300.0,-194.98397106525576,0.0,0.0,0.0,962.9573838985154,0.0,0.0,0.0
18.0,0.0,0.0,0.0,0.0,7.853881948536563,1.0,3.0,0.005265462151025302,1.52652191312853,427.9754323328191,139.05764746872637,300.0,-189.91685275057534,0.0,0.0,0.0,962.3311628389037,0.0,0.0,0.0
17.0,0.0,0.0,0.0,0.0,7.853881948536518,1.0,3.0,0.0054138721965339975,1.53193578532507,430.33714018336593,131.56726712523158,300.0,-184.71067725614353,0.0,0.0,0.0,961.636201490839,0.0,0.0,0.0
16.0,0.0,0.0,0.0,0.0,7.8538819485365705,1.0,3.0,0.005575586906435226,1.5375113722315,432.56776317224353,124.03681011764968,300.0,-179.35331594344638,0.0,0.0,0.0,960.8605161393688,0.0,0.0,0.0
15.0,0.0,0.0,0.0,0.0,7.853881948536529,1.0,3.0,0.00575272160172946,1.54326409383323,434.66662183008077,116.4685702961344,300.0,-173.8307655457143,0.0,0.0,0.0,959.9891634025533,0.0,0.0,0.0
14.0,0.0,0.0,0.0,0.0,7.85388194853653,1.0,3.0,0.005947894714141144,1.54921198854737,436.6330768241984,108.86485301985053,300.0,-168.12671509172748,0.0,0.0,0.0,959.0032655462838,0.0,0.0,0.0
13.0,0.0,0.0,0.0,0.0,7.853881948536554,1.0,3.0,0.006164392961719556,1.55537638150909,438.46652915335585,101.2279744547393,300.0,-162.22197484973967,0.0,0.0,0.0,957.8786230299921,0.0,0.0,0.0
12.0,0.0,0.0,0.0,0.0,7.8538819485365465,1.0,3.0,0.006406408074998038,1.56178278958409,440.16642033021253,93.56026086799174,300.0,-156.0937093443464,0.0,0.0,0.0,956.5836945838415,0.0,0.0,0.0
11.0,0.0,0.0,0.0,0.0,7.853881948536521,1.0,3.0,0.006679384870784899,1.56846217445488,441.73223255144876,85.86404791944523,300.0,-149.71438528327974,0.0,0.0,0.0,955.0765803254299,0.0,0.0,0.0
10.0,0.0,0.0,0.0,0.0,7.853881948536544,1.0,3.0,0.006990548431875632,1.57545272288675,443.1634888554936,78.14167995011871,300.0,-143.05029279822534,0.0,0.0,0.0,953.3003812214846,0.0,0.0,0.0
9.0,0.0,0.0,0.0,0.0,7.853881948536549,1.0,3.0,0.0073497307105351295,1.58280245359729,444.459753267812,70.39550926810395,300.0,-136.05940671630069,0.0,0.0,0.0,951.1758127279128,0.0,0.0,0.0
8.0,0.0,0.0,0.0,0.0,7.853881948536544,1.0,3.0,0.007770721053281804,1.59057317465057,445.62063093370665,62.627895432029504,300.0,-128.6881864814425,0.0,0.0,0.0,948.5889641792126,0.0,0.0,0.0
7.0,0.0,0.0,0.0,0.0,7.853881948536532,1.0,3.0,0.008273585141014062,1.59884675979158,446.6457682385949,54.841204532316425,300.0,-120.86658721172401,0.0,0.0,0.0,945.3700102685867,0.0,0.0,0.0
6.0,0.0,0.0,0.0,0.0,7.853881948536551,1.0,3.0,0.008888898658009792,1.60773565844959,447.534852915723,47.03780847044411,300.0,-112.49987635969946,0.0,0.0,0.0,941.2539363901179,0.0,0.0,0.0
5.0,0.0,0.0,0.0,0.0,7.853881948536542,1.0,3.0,0.0096661025366791,1.61740176098627,448.28761414128553,39.22008423644623,300.0,-103.45431327728926,0.0,0.0,0.0,935.8025168971468,0.0,0.0,0.0
4.0,0.0,0.0,0.0,0.0,7.8538819485365305,1.0,3.0,0.010691773976799102,1.62809353496307,448.9038226169209,31.390413184856445,300.0,-93.5298484769671,0.0,0.0,0.0,928.2336889891249,0.0,0.0,0.0
3.0,0.0,0.0,0.0,0.0,7.853881948536547,1.0,3.0,0.012135708676293988,1.64022924363936,449.38329063955825,23.55118030932478,300.0,-82.40145068358477,0.0,0.0,0.0,916.9961219587079,0.0,0.0,0.0
2.0,0.0,0.0,0.0,0.0,7.853881948536543,1.0,3.0,0.014395192533238732,1.6546244361726,449.7258721585931,15.704773516125494,300.0,-69.46763634393855,0.0,0.0,0.0,898.4815110865611,0.0,0.0,0.0
1.0,0.0,0.0,0.0,0.0,7.853881948536539,1.0,3.0,0.018760180156251027,1.67338461632885,449.93146282037605,7.853582896777638,300.0,-53.30439215781128,0.0,0.0,0.0,861.5719066397913,0.0,0.0,0.0
0.0,0.0,0.0,0.0,0.0,7.85388194853654,1.0,3.0,0.04529108136578386,1.71867569769464,450.0,5.878304635907296e-14,300.0,-22.0794021658196,0.0,0.0,0.0,689.4291116568764,0.0,0.0,0.0
0.0,0.0,0.0,0.0,0.0,7.85388194853654,1.0,3.0,0.01,1.72867569769464,450.0,5.878304635907296e-14,300.0,0.0,0.0,0.0,0.0,0.0,0.0,0.0,0.0
0.0,0.0,0.0,0.0,0.0,7.85388194853654,1.0,3.0,1.15,2.87867569769464,450.0,5.878304635907296e-14,300.0,0.0,0.0,0.0,0.0,0.0,0.0,0.0,0.0
1.0,0.0,0.0,0.0,0.0,7.85388194853654,1.0,5.0,0.0,2.87867569769464,449.93146282037605,7.853582896777638,300.0,0.0,0.0,0.0,0.0,0.0,0.0,0.0,0.0
2.0,0.0,0.0,0.0,0.0,7.853881948536539,1.0,5.0,0.06405126152203486,2.94272695921667,449.7258721585931,15.704773516125494,300.0,15.612494995996014,0.0,0.0,0.0,243.7500000000006,0.0,0.0,0.0
3.0,0.0,0.0,0.0,0.0,7.853881948536543,1.0,5.0,0.01439519253323876,2.95712215174991,449.38329063955825,23.55118030932478,300.0,69.46763634393747,0.0,0.0,0.0,3741.1893744101476,0.0,0.0,0.0
4.0,0.0,0.0,0.0,0.0,7.853881948536547,1.0,5.0,0.012135708676294044,2.96925786042621,448.9038226169209,31.390413184856445,300.0,82.40145068358477,0.0,0.0,0.0,1065.7650644590883,0.0,0.0,0.0
5.0,0.0,0.0,0.0,0.0,7.8538819485365305,1.0,5.0,0.010691773976799004,2.979949634403,448.28761414128553,39.22008423644623,300.0,93.5298484769671,0.0,0.0,0.0,1040.8373594064649,0.0,0.0,0.0
6.0,0.0,0.0,0.0,0.0,7.853881948536542,1.0,5.0,0.009666102536679155,2.98961573693968,447.534852915723,47.03780847044411,300.0,103.45431327728926,0.0,0.0,0.0,1026.7286905619583,0.0,0.0,0.0
7.0,0.0,0.0,0.0,0.0,7.853881948536551,1.0,5.0,0.008888898658009792,2.99850463559769,446.6457682385949,54.841204532316425,300.0,112.49987635969946,0.0,0.0,0.0,1017.6247283750091,0.0,0.0,0.0
8.0,0.0,0.0,0.0,0.0,7.853881948536532,1.0,5.0,0.008273585141014103,3.00677822073871,445.62063093370665,62.627895432029504,300.0,120.86658721172401,0.0,0.0,0.0,1011.2557868715035,0.0,0.0,0.0
9.0,0.0,0.0,0.0,0.0,7.853881948536544,1.0,5.0,0.007770721053281776,3.01454894179199,444.459753267812,70.39550926810395,300.0,128.6881864814425,0.0,0.0,0.0,1006.5474254046475,0.0,0.0,0.0
10.0,0.0,0.0,0.0,0.0,7.853881948536549,1.0,5.0,0.007349730710535074,3.02189867250252,443.1634888554936,78.14167995011871,300.0,136.0594067163048,0.0,0.0,0.0,1002.9238519305865,0.0,0.0,0.0
11.0,0.0,0.0,0.0,0.0,7.853881948536544,1.0,5.0,0.006990548431875604,3.0288892209344,441.73223255144876,85.86404791944523,300.0,143.0502927982299,0.0,0.0,0.0,1000.0483009384533,0.0,0.0,0.0
12.0,0.0,0.0,0.0,0.0,7.853881948536521,1.0,5.0,0.006679384870785066,3.03556860580518,440.16642033021253,93.56026086799174,300.0,149.71438528327477,0.0,0.0,0.0,997.7105098693844,0.0,0.0,0.0
13.0,0.0,0.0,0.0,0.0,7.8538819485365465,1.0,5.0,0.006406408074997982,3.04197501388018,438.46652915335585,101.2279744547393,300.0,156.0937093443464,0.0,0.0,0.0,995.7723558023101,0.0,0.0,0.0
14.0,0.0,0.0,0.0,0.0,7.853881948536554,1.0,5.0,0.006164392961719473,3.0481394068419,436.6330768241984,108.86485301985053,300.0,162.2219748497455,0.0,0.0,0.0,994.1393326894156,0.0,0.0,0.0
15.0,0.0,0.0,0.0,0.0,7.85388194853653,1.0,5.0,0.005947894714141144,3.05408730155604,434.66662183008077,116.4685702961344,300.0,168.12671509172748,0.0,0.0,0.0,992.7445803543628,0.0,0.0,0.0
16.0,0.0,0.0,0.0,0.0,7.853881948536529,1.0,5.0,0.005752721601729488,3.05984002315777,432.56776317224353,124.03681011764968,300.0,173.8307655457143,0.0,0.0,0.0,991.5394571279114,0.0,0.0,0.0
17.0,0.0,0.0,0.0,0.0,7.8538819485365705,1.0,5.0,0.00557558690643517,3.06541561006421,430.33714018336593,131.56726712523158,300.0,179.35331594344638,0.0,0.0,0.0,990.4877262980439,0.0,0.0,0.0
18.0,0.0,0.0,0.0,0.0,7.853881948536518,1.0,5.0,0.005413872196534081,3.07082948226074,427.9754323328191,139.05764746872637,300.0,184.71067725614353,0.0,0.0,0.0,989.5618363741528,0.0,0.0,0.0
19.0,0.0,0.0,0.0,0.0,7.853881948536563,1.0,5.0,0.005265462151025246,3.07609494441177,425.48335901969256,146.50566950572056,300.0,189.91685275057534,0.0,0.0,0.0,988.7404647696615,0.0,0.0,0.0
20.0,0.0,0.0,0.0,0.0,7.853881948536504,1.0,5.0,0.005128626699603511,3.08122357111137,422.8616793536588,153.90906449655097,300.0,194.98397106525576,0.0,0.0,0.0,988.0068508538734,0.0,0.0,0.0
21.0,0.0,0.0,0.0,0.0,7.853881948536587,1.0,5.0,0.005001935248375,3.08622550635975,420.11119192374076,161.26557729538519,300.0,199.9226200148981,0.0,0.0,0.0,987.3476373463187,0.0,0.0,0.0
22.0,0.0,0.0,0.0,0.0,7.8538819485365385,1.0,5.0,0.0048841931524093996,3.09110969951216,417.2327345550543,168.57296703716048,300.0,204.74210761028507,0.0,0.0,0.0,986.7520478811567,0.0,0.0,0.0
23.0,0.0,0.0,0.0,0.0,7.853881948536485,1.0,5.0,0.0047743939214296705,3.09588409343358,414.2271840535982,175.82900782017322,300.0,209.45066880877252,0.0,0.0,0.0,986.2112921502307,0.0,0.0,0.0
24.0,0.0,0.0,0.0,0.0,7.853881948536547,1.0,5.0,0.0046716827511442405,3.10055577618473,411.0954559391704,183.0314893841101,300.0,214.05563118666112,0.0,0.0,0.0,985.7181283897716,0.0,0.0,0.0
25.0,0.0,0.0,0.0,0.0,7.853881948536578,1.0,5.0,0.004575328338827511,3.10513110452356,407.8385041664925,190.1782177833148,300.0,218.56354909301993,0.0,0.0,0.0,985.266536633758,0.0,0.0,0.0
26.0,0.0,0.0,0.0,0.0,7.8538819485364995,1.0,5.0,0.004484700846931172,3.10961580537049,404.4573208346252,197.26701605508487,300.0,222.98031332107843,0.0,0.0,0.0,984.8514714378148,0.0,0.0,0.0
27.0,0.0,0.0,0.0,0.0,7.853881948536558,1.0,5.0,0.004399254489970528,3.11401505986046,400.95293588476557,204.2957248827961,300.0,227.3112415478178,0.0,0.0,0.0,984.4686722746128,0.0,0.0,0.0
28.0,0.0,0.0,0.0,0.0,7.853881948536565,1.0,5.0,0.004318513640290372,3.11833357350075,397.32641678651714,211.2622032536509,300.0,231.5611535113196,0.0,0.0,0.0,984.1145165900343,0.0,0.0,0.0
29.0,0.0,0.0,0.0,0.0,7.853881948536593,1.0,5.0,0.004242061641973188,3.12257563514272,393.578868212728,218.16432911085172,300.0,235.73443396142122,0.0,0.0,0.0,983.7859046669726,0.0,0.0,0.0
30.0,0.0,0.0,0.0,0.0,7.853881948536493,1.0,5.0,0.004169531730332493,3.12674516687305,389.71143170299734,225.00000000000003,300.0,239.83508573041843,0.0,0.0,0.0,983.4801685680378,0.0,0.0,0.0
31.0,0.0,0.0,0.0,0.0,7.853881948536557,1.0,5.0,0.00410059960402917,3.13084576647708,385.7252853159505,231.76713370952444,300.0,243.86677475592583,0.0,0.0,0.0,983.1949994693522,0.0,0.0,0.0
32.0,0.0,0.0,0.0,0.0,7.853881948536531,1.0,5.0,0.004034977305693355,3.13488074378278,381.62164327039164,238.46366890494227,300.0,247.8328684994088,0.0,0.0,0.0,982.9283891849399,0.0,0.0,0.0
33.0,0.0,0.0,0.0,0.0,7.853881948536548,1.0,5.0,0.003972408147056905,3.13885315192983,377.40175557544075,245.08756575676222,300.0,251.7364689076283,0.0,0.0,0.0,982.6785827915578,0.0,0.0,0.0
34.0,0.0,0.0,0.0,0.0,7.85388194853659,1.0,5.0,0.0039126624742135685,3.14276581440405,373.0669076497687,251.63680656183618,300.0,255.58044083549075,0.0,0.0,0.0,982.4440398823339,0.0,0.0,0.0
35.0,0.0,0.0,0.0,0.0,7.853881948536481,1.0,5.0,0.003855534113423542,3.14662134851747,368.61841993004623,258.10939635797075,300.0,259.3674366719773,0.0,0.0,0.0,982.2234027969718,0.0,0.0,0.0
36.0,0.0,0.0,0.0,0.0,7.853881948536572,1.0,5.0,0.0038008373718695365,3.15042218588934,364.0576474687263,264.503363531613,300.0,263.09991777104,0.0,0.0,0.0,982.0154702453525,0.0,0.0,0.0
37.0,0.0,0.0,0.0,0.0,7.853881948536528,1.0,5.0,0.0037484044937748373,3.15417059038311,359.38597952128174,270.8167604184218,300.0,266.78017318055316,0.0,0.0,0.0,981.8191754985899,0.0,0.0,0.0
38.0,0.0,0.0,0.0,0.0,7.853881948536478,1.0,5.0,0.0036980834923672767,3.15786867387548,354.6048391230249,277.0476638965462,300.0,270.41033607380206,0.0,0.0,0.0,981.6335679660791,0.0,0.0,0.0
39.0,0.0,0.0,0.0,0.0,7.85388194853659,1.0,5.0,0.0036497362937739086,3.16151841016926,349.71568265563684,283.1941759724269,300.0,273.99239821955007,0.0,0.0,0.0,981.4577978849652,0.0,0.0,0.0
40.0,0.0,0.0,0.0,0.0,7.853881948536526,1.0,5.0,0.0036032371411541253,3.16512164731041,344.71999940354004,289.2544243589427,300.0,277.52822276905465,0.0,0.0,0.0,981.2911032472,0.0,0.0,0.0
41.0,0.0,0.0,0.0,0.0,7.8538819485365305,1.0,5.0,0.0035584712170205757,3.16868011852743,339.61931110024733,295.22656304572826,300.0,281.01955559368207,0.0,0.0,0.0,981.1327988064324,0.0,0.0,0.0
42.0,0.0,0.0,0.0,0.0,7.853881948536624,1.0,5.0,0.003515333449343405,3.17219545197677,334.4151714648273,301.1087728614863,300.0,284.46803536853105,0.0,0.0,0.0,980.9822665594027,0.0,0.0,0.0
43.0,0.0,0.0,0.0,0.0,7.85388194853649,1.0,5.0,0.0034737274731502232,3.17566917944992,329.1091657286267,306.8992620281244,300.0,287.87520256824547,0.0,0.0,0.0,980.838947801671,0.0,0.0,0.0
44.0,0.0,0.0,0.0,0.0,7.853881948536498,1.0,5.0,0.0034335647242370038,3.17910274417416,323.70291015239303,312.5962667065488,300.0,291.24250751447045,0.0,0.0,0.0,980.7023361044412,0.0,0.0,0.0
45.0,0.0,0.0,0.0,0.0,7.853881948536607,1.0,5.0,0.0033947636455756713,3.18249750781974,318.19805153394634,318.19805153394645,300.0,294.57131759474555,0.0,0.0,0.0,980.5719713693082,0.0,0.0,0.0
46.0,0.0,0.0,0.0,0.0,7.853881948536487,1.0,5.0,0.003357248990221773,3.18585475680996,312.59626670654876,323.70291015239303,300.0,297.8629237547233,0.0,0.0,0.0,980.4474346600247,0.0,0.0,0.0
47.0,0.0,0.0,0.0,0.0,7.853881948536618,1.0,5.0,0.003320951207152145,3.18917570801711,306.89926202812427,329.1091657286268,300.0,301.1185463509239,0.0,0.0,0.0,980.3283436351528,0.0,0.0,0.0
48.0,0.0,0.0,0.0,0.0,7.85388194853649,1.0,5.0,0.003285805898620542,3.19246151391573,301.10877286148616,334.41517146482744,300.0,304.3393404399732,0.0,0.0,0.0,980.2143487542347,0.0,0.0,0.0
49.0,0.0,0.0,0.0,0.0,7.8538819485365385,1.0,5.0,0.003251753339392316,3.19571326725512,295.22656304572826,339.61931110024744,300.0,307.52640056852493,0.0,0.0,0.0,980.1051297289669,0.0,0.0,0.0
50.0,0.0,0.0,0.0,0.0,7.8538819485365305,1.0,5.0,0.003218738049687475,3.19893200530481,289.2544243589427,344.71999940354016,300.0,310.6807651206901,0.0,0.0,0.0,980.0003925362647,0.0,0.0,0.0
51.0,0.0,0.0,0.0,0.0,7.853881948536533,1.0,5.0,0.0031867084148817226,3.20211871371969,283.1941759724268,349.7156826556369,300.0,313.8034202721677,0.0,0.0,0.0,979.8998668641755,0.0,0.0,0.0
52.0,0.0,0.0,0.0,0.0,7.853881948536626,1.0,5.0,0.003155616346034451,3.20527433006573,277.04766389654617,354.604839123025,300.0,316.8953035930979,0.0,0.0,0.0,979.8033036605959,0.0,0.0,0.0
53.0,0.0,0.0,0.0,0.0,7.853881948536478,1.0,5.0,0.003125416976161033,3.20839974704189,270.8167604184217,359.38597952128185,300.0,319.9573073376991,0.0,0.0,0.0,979.7104731805559,0.0,0.0,0.0
54.0,0.0,0.0,0.0,0.0,7.853881948536573,1.0,5.0,0.0030960683878860085,3.21149581542977,264.5033635316129,364.05764746872643,300.0,322.99028145268795,0.0,0.0,0.0,979.6211630389691,0.0,0.0,0.0
55.0,0.0,0.0,0.0,0.0,7.853881948536572,1.0,5.0,0.003067531368715126,3.21456334679849,258.10939635797064,368.61841993004634,300.0,325.99503633402674,0.0,0.0,0.0,979.5351767168809,0.0,0.0,0.0
56.0,0.0,0.0,0.0,0.0,7.853881948536528,1.0,5.0,0.0030397691906767776,3.21760311598917,251.636806561836,373.06690764976884,300.0,328.97234535671345,0.0,0.0,0.0,979.4523320449517,0.0,0.0,0.0
57.0,0.0,0.0,0.0,0.0,7.853881948536495,1.0,5.0,0.003012747411514749,3.22061586340068,245.08756575676216,377.40175557544086,300.0,331.9229472002649,0.0,0.0,0.0,979.3724599261333,0.0,0.0,0.0
58.0,0.0,0.0,0.0,0.0,7.853881948536596,1.0,5.0,0.002986433694986357,3.22360229709567,238.46366890494215,381.62164327039176,300.0,334.84754798968095,0.0,0.0,0.0,979.2954031846485,0.0,0.0,0.0
59.0,0.0,0.0,0.0,0.0,7.853881948536453,1.0,5.0,0.0029607976481311193,3.2265630947438,231.7671337095244,385.72528531595054,300.0,337.7468232694878,0.0,0.0,0.0,979.221015538512,0.0,0.0,0.0
60.0,0.0,0.0,0.0,0.0,7.853881948536562,1.0,5.0,0.0029358106736500633,3.22949890541745,225.0,389.71143170299746,300.0,340.6214198263565,0.0,0.0,0.0,979.1491606285757,0.0,0.0,0.0
61.0,0.0,0.0,0.0,0.0,7.853881948536543,1.0,5.0,0.0029114458357634154,3.23241035125321,218.16432911085164,393.57886821272814,300.0,343.47195737465955,0.0,0.0,0.0,979.0797112856172,0.0,0.0,0.0
62.0,0.0,0.0,0.0,0.0,7.853881948536511,1.0,5.0,0.0028876777381163787,3.23529802899133,211.26220325365082,397.3264167865171,300.0,346.29903011691994,0.0,0.0,0.0,979.0125487147523,0.0,0.0,0.0
63.0,0.0,0.0,0.0,0.0,7.853881948536539,1.0,5.0,0.0028644824124753887,3.2381625114038,204.295724882796,400.95293588476545,300.0,349.1032081903394,0.0,0.0,0.0,978.9475617677352,0.0,0.0,0.0
64.0,0.0,0.0,0.0,0.0,7.853881948536583,1.0,5.0,0.002841837217103793,3.24100434862091,197.2670160550848,404.4573208346252,300.0,351.88503900978236,0.0,0.0,0.0,978.8846464183055,0.0,0.0,0.0
65.0,0.0,0.0,0.0,0.0,7.85388194853655,1.0,5.0,0.0028197207438400707,3.24382406936475,190.1782177833147,407.8385041664925,300.0,354.6450485157678,0.0,0.0,0.0,978.8237051541956,0.0,0.0,0.0
66.0,0.0,0.0,0.0,0.0,7.853881948536526,1.0,5.0,0.002798112733009228,3.24662218209776,183.03148938411005,411.0954559391704,300.0,357.3837423357243,0.0,0.0,0.0,978.7646464877727,0.0,0.0,0.0
67.0,0.0,0.0,0.0,0.0,7.85388194853645,1.0,5.0,0.0027769939953993794,3.24939917609316,175.82900782017322,414.2271840535981,300.0,360.10160686582356,0.0,0.0,0.0,978.7073845323607,0.0,0.0,0.0
68.0,0.0,0.0,0.0,0.0,7.853881948536687,1.0,5.0,0.0027563463406216626,3.25215552243378,168.5729670371603,417.2327345550543,300.0,362.7991102796034,0.0,0.0,0.0,978.6518384955143,0.0,0.0,0.0
69.0,0.0,0.0,0.0,0.0,7.853881948536433,1.0,5.0,0.002736152511243095,3.25489167494502,161.26557729538513,420.11119192374076,300.0,365.4767034698723,0.0,0.0,0.0,978.5979324128591,0.0,0.0,0.0
70.0,0.0,0.0,0.0,0.0,7.853881948536547,1.0,5.0,0.002716396122152631,3.25760807106717,153.9090644965509,422.8616793536587,300.0,368.1348209286502,0.0,0.0,0.0,978.545594694519,0.0,0.0,0.0
71.0,0.0,0.0,0.0,0.0,7.853881948536542,1.0,5.0,0.0026970616046747,3.26030513267185,146.5056695057205,425.48335901969256,300.0,370.7738815705077,0.0,0.0,0.0,978.4947578814598,0.0,0.0,0.0
72.0,0.0,0.0,0.0,0.0,7.85388194853659,1.0,5.0,0.0026781341549977355,3.26298326682685,139.0576474687263,427.9754323328191,300.0,373.3942895033373,0.0,0.0,0.0,978.44535828782,0.0,0.0,0.0
73.0,0.0,0.0,0.0,0.0,7.853881948536546,1.0,5.0,0.0026595996865289573,3.26564286651337,131.56726712523147,430.33714018336593,300.0,375.996434751104,0.0,0.0,0.0,978.3973358648126,0.0,0.0,0.0
74.0,0.0,0.0,0.0,0.0,7.8538819485365705,1.0,5.0,0.0026461807946114857,3.26828904730799,124.03681011764957,432.56776317224353,300.0,377.9031281748675,0.0,0.0,0.0,720.5454093106748,0.0,0.0,0.0
75.0,0.0,0.0,0.0,0.0,7.853881948536529,1.0,5.0,0.002645502645502673,3.27093454995349,116.46857029613429,434.66662183008077,300.0,377.9999999999802,0.0,0.0,0.0,36.61754989260409,0.0,0.0,0.0
76.0,0.0,0.0,0.0,0.0,7.853881948536447,1.0,5.0,0.0026455026455026176,3.27358005259899,108.8648530198505,436.6330768241984,300.0,377.9999999999802,0.0,0.0,0.0,0.0,0.0,0.0,0.0
77.0,0.0,0.0,0.0,0.0,7.853881948536664,1.0,5.0,0.002645502645502673,3.27622555524449,101.22797445473915,438.46652915335585,300.0,377.9999999999802,0.0,0.0,0.0,0.0,0.0,0.0,0.0
78.0,0.0,0.0,0.0,0.0,7.853881948536449,1.0,5.0,0.0026455026455026176,3.27887105789,93.5602608679917,440.16642033021253,300.0,377.9999999999802,0.0,0.0,0.0,0.0,0.0,0.0,0.0
79.0,0.0,0.0,0.0,0.0,7.853881948536548,1.0,5.0,0.002645502645502673,3.2815165605355,85.86404791944516,441.73223255144876,300.0,377.9999999999802,0.0,0.0,0.0,0.0,0.0,0.0,0.0
80.0,0.0,0.0,0.0,0.0,7.853881948536557,1.0,5.0,0.0026455026455026176,3.284162063181,78.14167995011863,443.1634888554936,300.0,377.9999999999802,0.0,0.0,0.0,0.0,0.0,0.0,0.0
81.0,0.0,0.0,0.0,0.0,7.853881948536549,1.0,5.0,0.002645502645502673,3.28680756582651,70.39550926810386,444.459753267812,300.0,377.9999999999802,0.0,0.0,0.0,0.0,0.0,0.0,0.0
82.0,0.0,0.0,0.0,0.0,7.853881948536451,1.0,5.0,0.0026455026455026176,3.28945306847201,62.627895432029504,445.6206309337066,300.0,377.9999999999802,0.0,0.0,0.0,0.0,0.0,0.0,0.0
83.0,0.0,0.0,0.0,0.0,7.853881948536652,1.0,5.0,0.002645502645502673,3.29209857111751,54.84120453231631,446.6457682385949,300.0,377.9999999999802,0.0,0.0,0.0,0.0,0.0,0.0,0.0
84.0,0.0,0.0,0.0,0.0,7.853881948536551,1.0,5.0,0.0026455026455026176,3.29474407376301,47.037808470444,447.534852915723,300.0,377.9999999999802,0.0,0.0,0.0,0.0,0.0,0.0,0.0
85.0,0.0,0.0,0.0,0.0,7.853881948536557,1.0,5.0,0.002645502645502673,3.29738957640852,39.220084236446105,448.28761414128553,300.0,377.9999999999802,0.0,0.0,0.0,0.0,0.0,0.0,0.0
86.0,0.0,0.0,0.0,0.0,7.853881948536453,1.0,5.0,0.0026455026455026176,3.30003507905402,31.390413184856396,448.9038226169209,300.0,377.9999999999802,0.0,0.0,0.0,0.0,0.0,0.0,0.0
87.0,0.0,0.0,0.0,0.0,7.8538819485365545,1.0,5.0,0.002645502645502673,3.30268058169952,23.551180309324725,449.38329063955825,300.0,377.9999999999802,0.0,0.0,0.0,0.0,0.0,0.0,0.0
88.0,0.0,0.0,0.0,0.0,7.853881948536552,1.0,5.0,0.0026455026455026176,3.30532608434503,15.704773516125428,449.7258721585931,300.0,377.9999999999802,0.0,0.0,0.0,0.0,0.0,0.0,0.0
89.0,0.0,0.0,0.0,0.0,7.853881948536651,1.0,5.0,0.002645502645502673,3.30797158699053,7.853582896777461,449.93146282037605,300.0,377.9999999999802,0.0,0.0,0.0,0.0,0.0,0.0,0.0
90.0,0.0,0.0,0.0,0.0,7.853881948536452,1.0,5.0,0.0026455026455026176,3.31061708963603,-3.1228493378257513e-14,450.0,300.0,377.9999999999802,0.0,0.0,0.0,0.0,0.0,0.0,0.0
91.0,0.0,0.0,0.0,0.0,7.853881948536554,1.0,5.0,0.002645502645502673,3.31326259228153,-7.853582896777624,449.93146282037605,300.0,377.9999999999802,0.0,0.0,0.0,0.0,0.0,0.0,0.0
92.0,0.0,0.0,0.0,0.0,7.853881948536449,1.0,5.0,0.0026455026455026176,3.31590809492704,-15.704773516125389,449.7258721585931,300.0,377.9999999999802,0.0,0.0,0.0,0.0,0.0,0.0,0.0
93.0,0.0,0.0,0.0,0.0,7.853881948536555,1.0,5.0,0.002645502645502673,3.31855359757254,-23.55118030932469,449.38329063955825,300.0,377.9999999999802,0.0,0.0,0.0,0.0,0.0,0.0,0.0
94.0,0.0,0.0,0.0,0.0,7.853881948536654,1.0,5.0,0.0026455026455026176,3.32119910021804,-31.39041318485646,448.9038226169209,300.0,377.9999999999802,0.0,0.0,0.0,0.0,0.0,0.0,0.0
95.0,0.0,0.0,0.0,0.0,7.853881948536545,1.0,5.0,0.002645502645502673,3.32384460286355,-39.22008423644626,448.28761414128553,300.0,377.9999999999802,0.0,0.0,0.0,0.0,0.0,0.0,0.0
96.0,0.0,0.0,0.0,0.0,7.8538819485364595,1.0,5.0,0.0026455026455026176,3.32649010550905,-47.03780847044406,447.53485291572304,300.0,377.9999999999802,0.0,0.0,0.0,0.0,0.0,0.0,0.0
97.0,0.0,0.0,0.0,0.0,7.853881948536544,1.0,5.0,0.002645502645502673,3.32913560815455,-54.84120453231637,446.64576823859494,300.0,377.9999999999802,0.0,0.0,0.0,0.0,0.0,0.0,0.0
98.0,0.0,0.0,0.0,0.0,7.853881948536554,1.0,5.0,0.0026455026455026176,3.33178111080005,-62.62789543202946,445.62063093370665,300.0,377.9999999999802,0.0,0.0,0.0,0.0,0.0,0.0,0.0
99.0,0.0,0.0,0.0,0.0,7.853881948536664,1.0,5.0,0.002645502645502673,3.33442661344556,-70.39550926810402,444.45975326781195,300.0,377.9999999999802,0.0,0.0,0.0,0.0,0.0,0.0,0.0
100.0,0.0,0.0,0.0,0.0,7.853881948536442,1.0,5.0,0.0026455026455026176,3.33707211609106,-78.14167995011869,443.1634888554936,300.0,377.9999999999802,0.0,0.0,0.0,0.0,0.0,0.0,0.0
101.0,0.0,0.0,0.0,0.0,7.853881948536571,1.0,5.0,0.002645502645502673,3.33971761873656,-85.86404791944523,441.73223255144876,300.0,377.9999999999802,0.0,0.0,0.0,0.0,0.0,0.0,0.0
102.0,0.0,0.0,0.0,0.0,7.853881948536436,1.0,5.0,0.0026455026455026176,3.34236312138206,-93.56026086799166,440.16642033021253,300.0,377.9999999999802,0.0,0.0,0.0,0.0,0.0,0.0,0.0
103.0,0.0,0.0,0.0,0.0,7.8538819485365465,1.0,5.0,0.002645502645502673,3.34500862402757,-101.22797445473921,438.46652915335585,300.0,377.9999999999802,0.0,0.0,0.0,0.0,0.0,0.0,0.0
104.0,0.0,0.0,0.0,0.0,7.853881948536664,1.0,5.0,0.0026455026455026176,3.34765412667307,-108.86485301985056,436.6330768241984,300.0,377.9999999999802,0.0,0.0,0.0,0.0,0.0,0.0,0.0
105.0,0.0,0.0,0.0,0.0,7.853881948536543,1.0,5.0,0.002645502645502673,3.35029962931857,-116.46857029613444,434.66662183008077,300.0,377.9999999999802,0.0,0.0,0.0,0.0,0.0,0.0,0.0
106.0,0.0,0.0,0.0,0.0,7.853881948536433,1.0,5.0,0.0026455026455026176,3.35294513196408,-124.03681011764962,432.56776317224353,300.0,377.9999999999802,0.0,0.0,0.0,0.0,0.0,0.0,0.0
107.0,0.0,0.0,0.0,0.0,7.853881948536581,1.0,5.0,0.002646180794611541,3.35559131275869,-131.56726712523155,430.337140183366,300.0,377.9031281748675,0.0,0.0,0.0,-36.608165742103424,0.0,0.0,0.0
108.0,0.0,0.0,0.0,0.0,7.853881948536546,1.0,5.0,0.0026595996865289573,3.35825091244522,-139.05764746872637,427.97543233281914,300.0,375.996434751104,0.0,0.0,0.0,-716.9099294984518,0.0,0.0,0.0
109.0,0.0,0.0,0.0,0.0,7.853881948536474,1.0,5.0,0.00267813415499768,3.36092904660021,-146.50566950572045,425.48335901969256,300.0,373.3942895033373,0.0,0.0,0.0,-971.6261759743377,0.0,0.0,0.0
110.0,0.0,0.0,0.0,0.0,7.853881948536611,1.0,5.0,0.0026970616046746443,3.36362610820489,-153.90906449655097,422.8616793536588,300.0,370.7738815705077,0.0,0.0,0.0,-971.5788205533838,0.0,0.0,0.0
111.0,0.0,0.0,0.0,0.0,7.853881948536587,1.0,5.0,0.0027163961221526867,3.36634250432704,-161.26557729538519,420.11119192374076,300.0,368.1348209286502,0.0,0.0,0.0,-971.5301168100585,0.0,0.0,0.0
112.0,0.0,0.0,0.0,0.0,7.8538819485365385,1.0,5.0,0.002736152511243095,3.36907865683828,-168.57296703716048,417.2327345550543,300.0,365.4767034698723,0.0,0.0,0.0,-971.4800062698591,0.0,0.0,0.0
113.0,0.0,0.0,0.0,0.0,7.853881948536433,1.0,5.0,0.0027563463406216626,3.37183500317891,-175.82900782017316,414.2271840535982,300.0,362.7991102796034,0.0,0.0,0.0,-971.4284271202847,0.0,0.0,0.0
114.0,0.0,0.0,0.0,0.0,7.8538819485366,1.0,5.0,0.0027769939953993794,3.37461199717431,-183.0314893841101,411.0954559391704,300.0,360.10160686582356,0.0,0.0,0.0,-971.3753138281604,0.0,0.0,0.0
115.0,0.0,0.0,0.0,0.0,7.853881948536526,1.0,5.0,0.002798112733009228,3.37741010990731,-190.17821778331475,407.8385041664925,300.0,357.3837423357243,0.0,0.0,0.0,-971.3205969283893,0.0,0.0,0.0
116.0,0.0,0.0,0.0,0.0,7.8538819485366504,1.0,5.0,0.0028197207438400707,3.38022983065115,-197.26701605508492,404.4573208346251,300.0,354.64504851571195,0.0,0.0,0.0,-971.2642026679682,0.0,0.0,0.0
117.0,0.0,0.0,0.0,0.0,7.853881948536456,1.0,5.0,0.0028418372171038486,3.38307166786826,-204.2957248827961,400.95293588476557,300.0,351.88503900978236,0.0,0.0,0.0,-971.2060526614032,0.0,0.0,0.0
118.0,0.0,0.0,0.0,0.0,7.853881948536438,1.0,5.0,0.0028644824124753887,3.38593615028073,-211.2622032536508,397.3264167865172,300.0,349.1032081903394,0.0,0.0,0.0,-971.1460637103028,0.0,0.0,0.0
119.0,0.0,0.0,0.0,0.0,7.853881948536667,1.0,5.0,0.0028876777381163787,3.38882382801885,-218.1643291108517,393.5788682127281,300.0,346.2990301169732,0.0,0.0,0.0,-971.0841470819935,0.0,0.0,0.0
120.0,0.0,0.0,0.0,0.0,7.853881948536472,1.0,5.0,0.0029114458357633044,3.39173527385461,-224.99999999999994,389.71143170299734,300.0,343.47195737471196,0.0,0.0,0.0,-971.0202084251615,0.0,0.0,0.0
121.0,0.0,0.0,0.0,0.0,7.853881948536681,1.0,5.0,0.002935810673650119,3.39467108452826,-231.7671337095245,385.7252853159505,300.0,340.6214198263565,0.0,0.0,0.0,-970.9541469891835,0.0,0.0,0.0
122.0,0.0,0.0,0.0,0.0,7.853881948536435,1.0,5.0,0.002960797648131175,3.39763188217639,-238.4636689049422,381.62164327039164,300.0,337.74682326943713,0.0,0.0,0.0,-970.8858552807746,0.0,0.0,0.0
123.0,0.0,0.0,0.0,0.0,7.853881948536596,1.0,5.0,0.0029864336949863013,3.40061831587138,-245.08756575676222,377.40175557544075,300.0,334.84754798968095,0.0,0.0,0.0,-970.8152183734537,0.0,0.0,0.0
124.0,0.0,0.0,0.0,0.0,7.853881948536495,1.0,5.0,0.0030127474115148045,3.4036310632829,-251.63680656183607,373.0669076497687,300.0,331.9229472002649,0.0,0.0,0.0,-970.7421134071956,0.0,0.0,0.0
125.0,0.0,0.0,0.0,0.0,7.853881948536416,1.0,5.0,0.003039769190676722,3.40667083247357,-258.10939635797064,368.61841993004634,300.0,328.97234535671345,0.0,0.0,0.0,-970.6664086869641,0.0,0.0,0.0
126.0,0.0,0.0,0.0,0.0,7.853881948536684,1.0,5.0,0.0030675313687151817,3.40973836384229,-264.50336353161293,364.0576474687263,300.0,325.99503633402674,0.0,0.0,0.0,-970.58796302838,0.0,0.0,0.0
127.0,0.0,0.0,0.0,0.0,7.853881948536653,1.0,5.0,0.0030960683878860085,3.41283443223017,-270.81676041842184,359.3859795212817,300.0,322.99028145268795,0.0,0.0,0.0,-970.5066248199516,0.0,0.0,0.0
128.0,0.0,0.0,0.0,0.0,7.8538819485364435,1.0,5.0,0.0031254169761610884,3.41595984920633,-277.0476638965463,354.6048391230249,300.0,319.9573073376991,0.0,0.0,0.0,-970.4222310567768,0.0,0.0,0.0
129.0,0.0,0.0,0.0,0.0,7.85388194853651,1.0,5.0,0.00315561634603434,3.41911546555237,-283.1941759724269,349.7156826556369,300.0,316.8953035931425,0.0,0.0,0.0,-970.3346062346002,0.0,0.0,0.0
130.0,0.0,0.0,0.0,0.0,7.85388194853665,1.0,5.0,0.003186708414881667,3.42230217396725,-289.2544243589428,344.71999940354004,300.0,313.8034202721677,0.0,0.0,0.0,-970.2435612043523,0.0,0.0,0.0
131.0,0.0,0.0,0.0,0.0,7.853881948536648,1.0,5.0,0.0032187380496875306,3.42552091201694,-295.2265630457284,339.6193111002472,300.0,310.6807651206901,0.0,0.0,0.0,-970.148891669126,0.0,0.0,0.0
132.0,0.0,0.0,0.0,0.0,7.85388194853642,1.0,5.0,0.003251753339392316,3.42877266535633,-301.1087728614863,334.4151714648273,300.0,307.52640056852493,0.0,0.0,0.0,-970.0503768083083,0.0,0.0,0.0
133.0,0.0,0.0,0.0,0.0,7.853881948536448,1.0,5.0,0.0032858058986205974,3.43205847125495,-306.8992620281243,329.1091657286267,300.0,304.3393404399732,0.0,0.0,0.0,-969.9477774659629,0.0,0.0,0.0
134.0,0.0,0.0,0.0,0.0,7.853881948536459,1.0,5.0,0.003320951207152145,3.4353794224621,-312.59626670654876,323.7029101523931,300.0,301.1185463509239,0.0,0.0,0.0,-969.8408341901796,0.0,0.0,0.0
135.0,0.0,0.0,0.0,0.0,7.853881948536647,1.0,5.0,0.0033572489902217173,3.43873667145232,-318.1980515339464,318.19805153394634,300.0,297.8629237547233,0.0,0.0,0.0,-969.7292651462607,0.0,0.0,0.0
136.0,0.0,0.0,0.0,0.0,7.853881948536688,1.0,5.0,0.0033947636455757824,3.4421314350979,-323.70291015239314,312.59626670654865,300.0,294.57131759474555,0.0,0.0,0.0,-969.6127635476214,0.0,0.0,0.0
137.0,0.0,0.0,0.0,0.0,7.853881948536457,1.0,5.0,0.0034335647242369483,3.44556499982214,-329.1091657286268,306.89926202812427,300.0,291.24250751447045,0.0,0.0,0.0,-969.490994818767,0.0,0.0,0.0
138.0,0.0,0.0,0.0,0.0,7.853881948536448,1.0,5.0,0.0034737274731502232,3.44903872729529,-334.41517146482744,301.1087728614862,300.0,287.87520256824547,0.0,0.0,0.0,-969.36359350357,0.0,0.0,0.0
139.0,0.0,0.0,0.0,0.0,7.853881948536581,1.0,5.0,0.003515333449343405,3.45255406074463,-339.61931110024744,295.22656304572826,300.0,284.46803536853105,0.0,0.0,0.0,-969.2301594748611,0.0,0.0,0.0
140.0,0.0,0.0,0.0,0.0,7.8538819485365305,1.0,5.0,0.0035584712170204646,3.45611253196165,-344.71999940354016,289.2544243589427,300.0,281.01955559368207,0.0,0.0,0.0,-969.0902538018603,0.0,0.0,0.0
141.0,0.0,0.0,0.0,0.0,7.85388194853641,1.0,5.0,0.003603237141154181,3.45971576910281,-349.71568265563684,283.19417597242693,300.0,277.52822276905465,0.0,0.0,0.0,-968.9433939141117,0.0,0.0,0.0
142.0,0.0,0.0,0.0,0.0,7.8538819485366345,1.0,5.0,0.003649736293773964,3.46336550539658,-354.6048391230249,277.0476638965462,300.0,273.99239821951676,0.0,0.0,0.0,-968.7890480113297,0.0,0.0,0.0
143.0,0.0,0.0,0.0,0.0,7.853881948536682,1.0,5.0,0.0036980834923672212,3.46706358888895,-359.38597952128185,270.8167604184216,300.0,270.41033607380206,0.0,0.0,0.0,-968.626628659957,0.0,0.0,0.0
144.0,0.0,0.0,0.0,0.0,7.853881948536368,1.0,5.0,0.003748404493774893,3.47081199338272,-364.0576474687263,264.50336353161293,300.0,266.78017318055316,0.0,0.0,0.0,-968.4554853345578,0.0,0.0,0.0
145.0,0.0,0.0,0.0,0.0,7.853881948536512,1.0,5.0,0.0038008373718695365,3.47461283075459,-368.6184199300463,258.1093963579708,300.0,263.09991777104,0.0,0.0,0.0,-968.274895619339,0.0,0.0,0.0
146.0,0.0,0.0,0.0,0.0,7.853881948536622,1.0,5.0,0.003855534113423542,3.47846836486802,-373.0669076497688,251.63680656183607,300.0,259.3674366719773,0.0,0.0,0.0,-968.0840550904924,0.0,0.0,0.0
147.0,0.0,0.0,0.0,0.0,7.853881948536755,1.0,5.0,0.003912662474213513,3.48238102734223,-377.401755575441,245.08756575676202,300.0,255.58044083550527,0.0,0.0,0.0,-967.8820653277481,0.0,0.0,0.0
148.0,0.0,0.0,0.0,0.0,7.853881948536415,1.0,5.0,0.003972408147057016,3.48635343548929,-381.62164327039176,238.46366890494215,300.0,251.73646890761424,0.0,0.0,0.0,-967.6679197072831,0.0,0.0,0.0
149.0,0.0,0.0,0.0,0.0,7.853881948536404,1.0,5.0,0.004034977305693244,3.49038841279498,-385.72528531595054,231.76713370952444,300.0,247.83286849942243,0.0,0.0,0.0,-967.4404866376917,0.0,0.0,0.0
150.0,0.0,0.0,0.0,0.0,7.853881948536684,1.0,5.0,0.004100599604029198,3.49448901239901,-389.71143170299746,224.99999999999991,300.0,243.86677475591262,0.0,0.0,0.0,-967.1984896093427,0.0,0.0,0.0
151.0,0.0,0.0,0.0,0.0,7.853881948536444,1.0,5.0,0.004169531730332521,3.49865854412934,-393.57886821272814,218.16432911085167,300.0,239.8350857304312,0.0,0.0,0.0,-966.9404830647766,0.0,0.0,0.0
152.0,0.0,0.0,0.0,0.0,7.853881948536434,1.0,5.0,0.0042420616419731605,3.50290060577131,-397.32641678651703,211.2622032536509,300.0,235.73443396143355,0.0,0.0,0.0,-966.664823637609,0.0,0.0,0.0
153.0,0.0,0.0,0.0,0.0,7.853881948536616,1.0,5.0,0.004318513640290345,3.5072191194116,-400.95293588476545,204.29572488279604,300.0,231.5611535113196,0.0,0.0,0.0,-966.3696349546285,0.0,0.0,0.0
154.0,0.0,0.0,0.0,0.0,7.853881948536685,1.0,5.0,0.004399254489970583,3.51161837390157,-404.4573208346252,197.26701605508472,300.0,227.31124154780633,0.0,0.0,0.0,-966.0527648950736,0.0,0.0,0.0
155.0,0.0,0.0,0.0,0.0,7.853881948536448,1.0,5.0,0.0044847008469312,3.51610307474851,-407.8385041664925,190.17821778331472,300.0,222.9803133210674,0.0,0.0,0.0,-965.7117329693021,0.0,0.0,0.0
156.0,0.0,0.0,0.0,0.0,7.853881948536475,1.0,5.0,0.004575328338827456,3.52067840308733,-411.0954559391704,183.03148938411013,300.0,218.56354909300933,0.0,0.0,0.0,-965.3436651914176,0.0,0.0,0.0
157.0,0.0,0.0,0.0,0.0,7.853881948536424,1.0,5.0,0.004671682751144268,3.52535008583848,-414.2271840535981,175.82900782017333,300.0,214.05563118666112,0.0,0.0,0.0,-964.9452127810183,0.0,0.0,0.0
158.0,0.0,0.0,0.0,0.0,7.85388194853666,1.0,5.0,0.004774393921429643,3.53012447975991,-417.2327345550543,168.57296703716045,300.0,209.45066880878224,0.0,0.0,0.0,-964.512449886011,0.0,0.0,0.0
159.0,0.0,0.0,0.0,0.0,7.853881948536644,1.0,5.0,0.0048841931524093996,3.53500867291232,-420.11119192374076,161.26557729538504,300.0,204.74210761028507,0.0,0.0,0.0,-964.0407435923194,0.0,0.0,0.0
160.0,0.0,0.0,0.0,0.0,7.853881948536441,1.0,5.0,0.005001935248375,3.54001060816069,-422.8616793536587,153.90906449655094,300.0,199.92262001490695,0.0,0.0,0.0,-963.5245871973376,0.0,0.0,0.0
161.0,0.0,0.0,0.0,0.0,7.853881948536461,1.0,5.0,0.005128626699603456,3.54513923486029,-425.48335901969256,146.50566950572062,300.0,194.9839710652642,0.0,0.0,0.0,-962.9573838986403,0.0,0.0,0.0
162.0,0.0,0.0,0.0,0.0,7.853881948536671,1.0,5.0,0.005265462151025302,3.55040469701132,-427.9754323328191,139.05764746872632,300.0,189.91685275056733,0.0,0.0,0.0,-962.3311628419884,0.0,0.0,0.0
163.0,0.0,0.0,0.0,0.0,7.853881948536437,1.0,5.0,0.0054138721965339975,3.55581856920785,-430.33714018336593,131.5672671252316,300.0,184.71067725614353,0.0,0.0,0.0,-961.6362014893585,0.0,0.0,0.0
164.0,0.0,0.0,0.0,0.0,7.853881948536457,1.0,5.0,0.005575586906435226,3.56139415611429,-432.5677631722434,124.0368101176498,300.0,179.35331594343924,0.0,0.0,0.0,-960.86051614061,0.0,0.0,0.0
165.0,0.0,0.0,0.0,0.0,7.853881948536653,1.0,5.0,0.00575272160172946,3.56714687771602,-434.6666218300807,116.4685702961344,300.0,173.8307655457076,0.0,0.0,0.0,-959.9891634024422,0.0,0.0,0.0
166.0,0.0,0.0,0.0,0.0,7.853881948536653,1.0,5.0,0.005947894714141255,3.57309477243016,-436.6330768241984,108.86485301985041,300.0,168.1267150917212,0.0,0.0,0.0,-959.0032655461764,0.0,0.0,0.0
167.0,0.0,0.0,0.0,0.0,7.853881948536636,1.0,5.0,0.006164392961719445,3.57925916539188,-438.46652915335585,101.2279744547391,300.0,162.22197484973967,0.0,0.0,0.0,-957.8786230289732,0.0,0.0,0.0
168.0,0.0,0.0,0.0,0.0,7.853881948536463,1.0,5.0,0.006406408074997927,3.58566557346688,-440.16642033021253,93.56026086799163,300.0,156.0937093443464,0.0,0.0,0.0,-956.5836945838415,0.0,0.0,0.0
169.0,0.0,0.0,0.0,0.0,7.853881948536464,1.0,5.0,0.006679384870785121,3.59234495833766,-441.73223255144876,85.86404791944517,300.0,149.71438528327477,0.0,0.0,0.0,-955.0765803261427,0.0,0.0,0.0
170.0,0.0,0.0,0.0,0.0,7.853881948536627,1.0,5.0,0.006990548431875521,3.59933550676954,-443.1634888554936,78.14167995011857,300.0,143.0502927982299,0.0,0.0,0.0,-953.3003812201529,0.0,0.0,0.0
171.0,0.0,0.0,0.0,0.0,7.853881948536469,1.0,5.0,0.0073497307105351295,3.60668523748007,-444.45975326781195,70.39550926810388,300.0,136.05940671630069,0.0,0.0,0.0,-951.1758127285315,0.0,0.0,0.0
172.0,0.0,0.0,0.0,0.0,7.853881948536452,1.0,5.0,0.007770721053281804,3.61445595853336,-445.6206309337066,62.627895432029526,300.0,128.6881864814425,0.0,0.0,0.0,-948.5889641792126,0.0,0.0,0.0
173.0,0.0,0.0,0.0,0.0,7.853881948536645,1.0,5.0,0.008273585141014062,3.62272954367437,-446.6457682385949,54.84120453231634,300.0,120.86658721172077,0.0,0.0,0.0,-945.370010268953,0.0,0.0,0.0
174.0,0.0,0.0,0.0,0.0,7.8538819485364595,1.0,5.0,0.008888898658009792,3.63161844233238,-447.534852915723,47.03780847044412,300.0,112.49987635969664,0.0,0.0,0.0,-941.2539363900465,0.0,0.0,0.0
175.0,0.0,0.0,0.0,0.0,7.853881948536458,1.0,5.0,0.00966610253667921,3.64128454486906,-448.28761414128553,39.220084236446326,300.0,103.45431327728689,0.0,0.0,0.0,-935.8025168970797,0.0,0.0,0.0
176.0,0.0,0.0,0.0,0.0,7.853881948536641,1.0,5.0,0.01069177397679899,3.65197631884586,-448.9038226169209,31.390413184856428,300.0,93.5298484769671,0.0,0.0,0.0,-928.2336889889028,0.0,0.0,0.0
177.0,0.0,0.0,0.0,0.0,7.8538819485366576,1.0,5.0,0.012135708676293988,3.66411202752215,-449.38329063955825,23.551180309324653,300.0,82.40145068358628,0.0,0.0,0.0,-916.9961219586006,0.0,0.0,0.0
178.0,0.0,0.0,0.0,0.0,7.853881948536653,1.0,5.0,0.014395192533238843,3.67850722005539,-449.7258721585931,15.704773516125256,300.0,69.4676363439364,0.0,0.0,0.0,-898.4815110867871,0.0,0.0,0.0
179.0,0.0,0.0,0.0,0.0,7.853881948536451,1.0,5.0,0.018760180156250916,3.69726740021164,-449.93146282037605,7.853582896777489,300.0,53.30439215781128,0.0,0.0,0.0,-861.571906639677,0.0,0.0,0.0
180.0,0.0,0.0,0.0,0.0,7.853881948536453,1.0,5.0,0.04529108136578386,3.74255848157743,-450.0,-3.673940397442067e-15,300.0,22.079402165819495,0.0,0.0,0.0,-689.4291116568754,0.0,0.0,0.0
179.0,0.0,0.0,0.0,0.0,7.853881948536453,1.0,6.0,0.0,3.74255848157743,-449.93146282037605,7.853582896777489,300.0,0.0,0.0,0.0,0.0,0.0,0.0,0.0,0.0
178.0,0.0,0.0,0.0,0.0,7.853881948536451,1.0,6.0,0.06405126152203486,3.80660974309946,-449.7258721585931,15.704773516125256,300.0,-15.612494995996014,0.0,0.0,0.0,-243.7500000000006,0.0,0.0,0.0
177.0,0.0,0.0,0.0,0.0,7.853881948536653,1.0,6.0,0.01439519253323876,3.8210049356327,-449.38329063955825,23.551180309324653,300.0,-69.46763634393855,0.0,0.0,0.0,-3741.1893744102804,0.0,0.0,0.0
176.0,0.0,0.0,0.0,0.0,7.8538819485366576,1.0,6.0,0.012135708676294044,3.83314064430899,-448.9038226169209,31.390413184856428,300.0,-82.40145068358628,0.0,0.0,0.0,-1065.765064459143,0.0,0.0,0.0
175.0,0.0,0.0,0.0,0.0,7.853881948536641,1.0,6.0,0.010691773976799004,3.84383241828579,-448.28761414128553,39.220084236446326,300.0,-93.5298484769671,0.0,0.0,0.0,-1040.837359406324,0.0,0.0,0.0
174.0,0.0,0.0,0.0,0.0,7.853881948536458,1.0,6.0,0.009666102536679155,3.85349852082247,-447.534852915723,47.03780847044412,300.0,-103.45431327728689,0.0,0.0,0.0,-1026.7286905616893,0.0,0.0,0.0
173.0,0.0,0.0,0.0,0.0,7.8538819485364595,1.0,6.0,0.008888898658009792,3.86238741948048,-446.6457682385949,54.84120453231634,300.0,-112.49987635969664,0.0,0.0,0.0,-1017.6247283749341,0.0,0.0,0.0
172.0,0.0,0.0,0.0,0.0,7.853881948536645,1.0,6.0,0.008273585141014103,3.8706610046215,-445.6206309337066,62.627895432029526,300.0,-120.86658721172077,0.0,0.0,0.0,-1011.2557868714248,0.0,0.0,0.0
171.0,0.0,0.0,0.0,0.0,7.853881948536452,1.0,6.0,0.007770721053281776,3.87843172567478,-444.45975326781195,70.39550926810388,300.0,-128.6881864814425,0.0,0.0,0.0,-1006.5474254050645,0.0,0.0,0.0
170.0,0.0,0.0,0.0,0.0,7.853881948536469,1.0,6.0,0.007349730710535074,3.88578145638531,-443.1634888554936,78.14167995011857,300.0,-136.05940671630069,0.0,0.0,0.0,-1002.9238519299954,0.0,0.0,0.0
169.0,0.0,0.0,0.0,0.0,7.853881948536627,1.0,6.0,0.006990548431875604,3.89277200481719,-441.73223255144876,85.86404791944517,300.0,-143.0502927982299,0.0,0.0,0.0,-1000.0483009390429,0.0,0.0,0.0
168.0,0.0,0.0,0.0,0.0,7.853881948536464,1.0,6.0,0.006679384870785066,3.89945138968797,-440.16642033021253,93.56026086799163,300.0,-149.71438528327477,0.0,0.0,0.0,-997.7105098693844,0.0,0.0,0.0
167.0,0.0,0.0,0.0,0.0,7.853881948536463,1.0,6.0,0.006406408074997982,3.90585779776297,-438.46652915335585,101.2279744547391,300.0,-156.0937093443464,0.0,0.0,0.0,-995.7723558023101,0.0,0.0,0.0
166.0,0.0,0.0,0.0,0.0,7.853881948536636,1.0,6.0,0.006164392961719473,3.91202219072469,-436.6330768241984,108.86485301985041,300.0,-162.22197484973967,0.0,0.0,0.0,-994.1393326884346,0.0,0.0,0.0
165.0,0.0,0.0,0.0,0.0,7.853881948536653,1.0,6.0,0.005947894714141144,3.91797008543883,-434.6666218300807,116.4685702961344,300.0,-168.1267150917212,0.0,0.0,0.0,-992.7445803542494,0.0,0.0,0.0
164.0,0.0,0.0,0.0,0.0,7.853881948536653,1.0,6.0,0.005752721601729488,3.92372280704056,-432.5677631722434,124.0368101176498,300.0,-173.8307655457076,0.0,0.0,0.0,-991.539457127799,0.0,0.0,0.0
163.0,0.0,0.0,0.0,0.0,7.853881948536457,1.0,6.0,0.00557558690643517,3.929298393947,-430.33714018336593,131.5672671252316,300.0,-179.35331594343924,0.0,0.0,0.0,-990.487726297928,0.0,0.0,0.0
162.0,0.0,0.0,0.0,0.0,7.853881948536437,1.0,6.0,0.005413872196534081,3.93471226614353,-427.9754323328191,139.05764746872632,300.0,-184.71067725614353,0.0,0.0,0.0,-989.5618363754705,0.0,0.0,0.0
161.0,0.0,0.0,0.0,0.0,7.853881948536671,1.0,6.0,0.005265462151025246,3.93997772829456,-425.48335901969256,146.50566950572062,300.0,-189.91685275058336,0.0,0.0,0.0,-988.7404647712253,0.0,0.0,0.0
160.0,0.0,0.0,0.0,0.0,7.853881948536461,1.0,6.0,0.005128626699603511,3.94510635499416,-422.8616793536587,153.90906449655094,300.0,-194.9839710652642,0.0,0.0,0.0,-988.0068508539993,0.0,0.0,0.0
159.0,0.0,0.0,0.0,0.0,7.853881948536441,1.0,6.0,0.005001935248375,3.95010829024254,-420.11119192374076,161.26557729538504,300.0,-199.9226200148892,0.0,0.0,0.0,-987.3476373428088,0.0,0.0,0.0
158.0,0.0,0.0,0.0,0.0,7.853881948536644,1.0,6.0,0.0048841931524093996,3.95499248339495,-417.2327345550543,168.57296703716045,300.0,-204.74210761028507,0.0,0.0,0.0,-986.7520478829781,0.0,0.0,0.0
157.0,0.0,0.0,0.0,0.0,7.85388194853666,1.0,6.0,0.0047743939214296705,3.95976687731637,-414.2271840535981,175.82900782017333,300.0,-209.45066880878224,0.0,0.0,0.0,-986.2112921523126,0.0,0.0,0.0
156.0,0.0,0.0,0.0,0.0,7.853881948536424,1.0,6.0,0.0046716827511442405,3.96443856006752,-411.0954559391704,183.03148938411013,300.0,-214.05563118666112,0.0,0.0,0.0,-985.7181283876909,0.0,0.0,0.0
155.0,0.0,0.0,0.0,0.0,7.853881948536475,1.0,6.0,0.004575328338827511,3.96901388840635,-407.8385041664925,190.17821778331472,300.0,-218.56354909300933,0.0,0.0,0.0,-985.2665366313933,0.0,0.0,0.0
154.0,0.0,0.0,0.0,0.0,7.853881948536448,1.0,6.0,0.004484700846931172,3.97349858925328,-404.4573208346252,197.26701605508472,300.0,-222.9803133210674,0.0,0.0,0.0,-984.851471437671,0.0,0.0,0.0
153.0,0.0,0.0,0.0,0.0,7.853881948536685,1.0,6.0,0.004399254489970528,3.97789784374325,-400.95293588476545,204.29572488279604,300.0,-227.31124154780633,0.0,0.0,0.0,-984.4686722744663,0.0,0.0,0.0
152.0,0.0,0.0,0.0,0.0,7.853881948536616,1.0,6.0,0.004318513640290372,3.98221635738354,-397.32641678651703,211.2622032536509,300.0,-231.5611535113196,0.0,0.0,0.0,-984.1145165926866,0.0,0.0,0.0
151.0,0.0,0.0,0.0,0.0,7.853881948536434,1.0,6.0,0.004242061641973188,3.98645841902551,-393.57886821272814,218.16432911085167,300.0,-235.73443396140885,0.0,0.0,0.0,-983.7859046640066,0.0,0.0,0.0
150.0,0.0,0.0,0.0,0.0,7.853881948536444,1.0,6.0,0.004169531730332493,3.99062795075584,-389.71143170299746,224.99999999999991,300.0,-239.8350857304312,0.0,0.0,0.0,-983.480168574116,0.0,0.0,0.0
149.0,0.0,0.0,0.0,0.0,7.853881948536684,1.0,6.0,0.00410059960402917,3.99472855035987,-385.72528531595054,231.76713370952444,300.0,-243.86677475591262,0.0,0.0,0.0,-983.194999462964,0.0,0.0,0.0
148.0,0.0,0.0,0.0,0.0,7.853881948536404,1.0,6.0,0.004034977305693355,3.99876352766557,-381.62164327039176,238.46366890494215,300.0,-247.83286849939518,0.0,0.0,0.0,-982.9283891847872,0.0,0.0,0.0
147.0,0.0,0.0,0.0,0.0,7.853881948536415,1.0,6.0,0.003972408147056905,4.00273593581262,-377.401755575441,245.08756575676202,300.0,-251.7364689076424,0.0,0.0,0.0,-982.6785827985886,0.0,0.0,0.0
146.0,0.0,0.0,0.0,0.0,7.853881948536755,1.0,6.0,0.0039126624742135685,4.00664859828684,-373.0669076497688,251.63680656183607,300.0,-255.58044083550527,0.0,0.0,0.0,-982.4440398824986,0.0,0.0,0.0
145.0,0.0,0.0,0.0,0.0,7.853881948536622,1.0,6.0,0.003855534113423542,4.01050413240026,-368.6184199300463,258.1093963579708,300.0,-259.3674366719773,0.0,0.0,0.0,-982.2234027932049,0.0,0.0,0.0
144.0,0.0,0.0,0.0,0.0,7.853881948536512,1.0,6.0,0.0038008373718695365,4.01430496977213,-364.0576474687263,264.50336353161293,300.0,-263.09991777104,0.0,0.0,0.0,-982.0154702453525,0.0,0.0,0.0
143.0,0.0,0.0,0.0,0.0,7.853881948536368,1.0,6.0,0.0037484044937748373,4.01805337426591,-359.38597952128185,270.8167604184216,300.0,-266.78017318055316,0.0,0.0,0.0,-981.8191754985899,0.0,0.0,0.0
142.0,0.0,0.0,0.0,0.0,7.853881948536682,1.0,6.0,0.0036980834923672767,4.02175145775827,-354.6048391230249,277.0476638965462,300.0,-270.41033607380206,0.0,0.0,0.0,-981.6335679660791,0.0,0.0,0.0
141.0,0.0,0.0,0.0,0.0,7.8538819485366345,1.0,6.0,0.0036497362937739086,4.02540119405205,-349.71568265563684,283.19417597242693,300.0,-273.99239821955007,0.0,0.0,0.0,-981.4577978849652,0.0,0.0,0.0
140.0,0.0,0.0,0.0,0.0,7.85388194853641,1.0,6.0,0.0036032371411541253,4.0290044311932,-344.71999940354016,289.2544243589427,300.0,-277.52822276905465,0.0,0.0,0.0,-981.2911032472,0.0,0.0,0.0
139.0,0.0,0.0,0.0,0.0,7.8538819485365305,1.0,6.0,0.0035584712170205757,4.03256290241022,-339.61931110024744,295.22656304572826,300.0,-281.01955559368207,0.0,0.0,0.0,-981.1327988064324,0.0,0.0,0.0
138.0,0.0,0.0,0.0,0.0,7.853881948536581,1.0,6.0,0.003515333449343405,4.03607823585956,-334.41517146482744,301.1087728614862,300.0,-284.46803536853105,0.0,0.0,0.0,-980.9822665594027,0.0,0.0,0.0
137.0,0.0,0.0,0.0,0.0,7.853881948536448,1.0,6.0,0.0034737274731502232,4.03955196333271,-329.1091657286268,306.89926202812427,300.0,-287.87520256824547,0.0,0.0,0.0,-980.838947801671,0.0,0.0,0.0
136.0,0.0,0.0,0.0,0.0,7.853881948536457,1.0,6.0,0.0034335647242370038,4.04298552805695,-323.70291015239314,312.59626670654865,300.0,-291.24250751447045,0.0,0.0,0.0,-980.7023361044412,0.0,0.0,0.0
135.0,0.0,0.0,0.0,0.0,7.853881948536688,1.0,6.0,0.0033947636455756713,4.04638029170253,-318.1980515339464,318.19805153394634,300.0,-294.57131759474555,0.0,0.0,0.0,-980.5719713693082,0.0,0.0,0.0
134.0,0.0,0.0,0.0,0.0,7.853881948536647,1.0,6.0,0.003357248990221773,4.04973754069275,-312.59626670654876,323.7029101523931,300.0,-297.8629237547233,0.0,0.0,0.0,-980.4474346600247,0.0,0.0,0.0
133.0,0.0,0.0,0.0,0.0,7.853881948536459,1.0,6.0,0.003320951207152145,4.0530584918999,-306.8992620281243,329.1091657286267,300.0,-301.1185463509239,0.0,0.0,0.0,-980.3283436351528,0.0,0.0,0.0
132.0,0.0,0.0,0.0,0.0,7.853881948536448,1.0,6.0,0.003285805898620542,4.05634429779852,-301.1087728614863,334.4151714648273,300.0,-304.3393404399732,0.0,0.0,0.0,-980.2143487542347,0.0,0.0,0.0
131.0,0.0,0.0,0.0,0.0,7.85388194853642,1.0,6.0,0.003251753339392316,4.05959605113791,-295.2265630457284,339.6193111002472,300.0,-307.52640056852493,0.0,0.0,0.0,-980.1051297289669,0.0,0.0,0.0
130.0,0.0,0.0,0.0,0.0,7.853881948536648,1.0,6.0,0.003218738049687475,4.0628147891876,-289.2544243589428,344.71999940354004,300.0,-310.6807651206901,0.0,0.0,0.0,-980.0003925362647,0.0,0.0,0.0
129.0,0.0,0.0,0.0,0.0,7.85388194853665,1.0,6.0,0.0031867084148817226,4.06600149760248,-283.1941759724269,349.7156826556369,300.0,-313.8034202721677,0.0,0.0,0.0,-979.8998668641755,0.0,0.0,0.0
128.0,0.0,0.0,0.0,0.0,7.85388194853651,1.0,6.0,0.003155616346034451,4.06915711394852,-277.0476638965463,354.6048391230249,300.0,-316.8953035931425,0.0,0.0,0.0,-979.8033036748743,0.0,0.0,0.0
127.0,0.0,0.0,0.0,0.0,7.8538819485364435,1.0,6.0,0.003125416976161033,4.07228253092468,-270.81676041842184,359.3859795212817,300.0,-319.9573073376991,0.0,0.0,0.0,-979.7104731662788,0.0,0.0,0.0
126.0,0.0,0.0,0.0,0.0,7.853881948536653,1.0,6.0,0.0030960683878860085,4.07537859931256,-264.50336353161293,364.0576474687263,300.0,-322.99028145268795,0.0,0.0,0.0,-979.6211630389691,0.0,0.0,0.0
125.0,0.0,0.0,0.0,0.0,7.853881948536684,1.0,6.0,0.003067531368715126,4.07844613068128,-258.10939635797064,368.61841993004634,300.0,-325.99503633402674,0.0,0.0,0.0,-979.5351767168809,0.0,0.0,0.0
124.0,0.0,0.0,0.0,0.0,7.853881948536416,1.0,6.0,0.0030397691906767776,4.08148589987196,-251.63680656183607,373.0669076497687,300.0,-328.97234535671345,0.0,0.0,0.0,-979.4523320449517,0.0,0.0,0.0
123.0,0.0,0.0,0.0,0.0,7.853881948536495,1.0,6.0,0.003012747411514749,4.08449864728347,-245.08756575676222,377.40175557544075,300.0,-331.9229472002649,0.0,0.0,0.0,-979.3724599261333,0.0,0.0,0.0
122.0,0.0,0.0,0.0,0.0,7.853881948536596,1.0,6.0,0.002986433694986357,4.08748508097846,-238.4636689049422,381.62164327039164,300.0,-334.84754798968095,0.0,0.0,0.0,-979.2954031846485,0.0,0.0,0.0
121.0,0.0,0.0,0.0,0.0,7.853881948536435,1.0,6.0,0.0029607976481311193,4.09044587862659,-231.7671337095245,385.7252853159505,300.0,-337.7468232694878,0.0,0.0,0.0,-979.221015538512,0.0,0.0,0.0
120.0,0.0,0.0,0.0,0.0,7.853881948536681,1.0,6.0,0.0029358106736500633,4.09338168930024,-224.99999999999994,389.71143170299734,300.0,-340.6214198263565,0.0,0.0,0.0,-979.1491606285757,0.0,0.0,0.0
119.0,0.0,0.0,0.0,0.0,7.853881948536472,1.0,6.0,0.0029114458357634154,4.096293135136,-218.1643291108517,393.5788682127281,300.0,-343.47195737465955,0.0,0.0,0.0,-979.0797112856172,0.0,0.0,0.0
118.0,0.0,0.0,0.0,0.0,7.853881948536667,1.0,6.0,0.0028876777381163787,4.09918081287412,-211.2622032536508,397.3264167865172,300.0,-346.29903011691994,0.0,0.0,0.0,-979.0125487147523,0.0,0.0,0.0
117.0,0.0,0.0,0.0,0.0,7.853881948536438,1.0,6.0,0.0028644824124753887,4.10204529528659,-204.2957248827961,400.95293588476557,300.0,-349.1032081903394,0.0,0.0,0.0,-978.9475617677352,0.0,0.0,0.0
116.0,0.0,0.0,0.0,0.0,7.853881948536456,1.0,6.0,0.002841837217103793,4.1048871325037,-197.26701605508492,404.4573208346251,300.0,-351.88503900978236,0.0,0.0,0.0,-978.8846464183055,0.0,0.0,0.0
115.0,0.0,0.0,0.0,0.0,7.8538819485366504,1.0,6.0,0.0028197207438400707,4.10770685324754,-190.17821778331475,407.8385041664925,300.0,-354.6450485157678,0.0,0.0,0.0,-978.8237051541956,0.0,0.0,0.0
114.0,0.0,0.0,0.0,0.0,7.853881948536526,1.0,6.0,0.002798112733009228,4.11050496598055,-183.0314893841101,411.0954559391704,300.0,-357.3837423357243,0.0,0.0,0.0,-978.7646464877727,0.0,0.0,0.0
113.0,0.0,0.0,0.0,0.0,7.8538819485366,1.0,6.0,0.0027769939953993794,4.11328195997595,-175.82900782017316,414.2271840535982,300.0,-360.10160686582356,0.0,0.0,0.0,-978.7073845323607,0.0,0.0,0.0
112.0,0.0,0.0,0.0,0.0,7.853881948536433,1.0,6.0,0.0027563463406216626,4.11603830631657,-168.57296703716048,417.2327345550543,300.0,-362.7991102796034,0.0,0.0,0.0,-978.6518384955143,0.0,0.0,0.0
111.0,0.0,0.0,0.0,0.0,7.8538819485365385,1.0,6.0,0.002736152511243095,4.11877445882781,-161.26557729538519,420.11119192374076,300.0,-365.4767034698723,0.0,0.0,0.0,-978.5979324128591,0.0,0.0,0.0
110.0,0.0,0.0,0.0,0.0,7.853881948536587,1.0,6.0,0.002716396122152631,4.12149085494996,-153.90906449655097,422.8616793536588,300.0,-368.1348209286502,0.0,0.0,0.0,-978.545594694519,0.0,0.0,0.0
109.0,0.0,0.0,0.0,0.0,7.853881948536611,1.0,6.0,0.0026970616046747,4.12418791655464,-146.50566950572045,425.48335901969256,300.0,-370.7738815705077,0.0,0.0,0.0,-978.4947578814598,0.0,0.0,0.0
108.0,0.0,0.0,0.0,0.0,7.853881948536474,1.0,6.0,0.0026781341549977355,4.12686605070964,-139.05764746872637,427.97543233281914,300.0,-373.3942895033373,0.0,0.0,0.0,-978.44535828782,0.0,0.0,0.0
107.0,0.0,0.0,0.0,0.0,7.853881948536546,1.0,6.0,0.0026595996865289573,4.12952565039616,-131.56726712523155,430.337140183366,300.0,-375.996434751104,0.0,0.0,0.0,-978.3973358648126,0.0,0.0,0.0
106.0,0.0,0.0,0.0,0.0,7.853881948536581,1.0,6.0,0.0026461807946114857,4.13217183119078,-124.03681011764962,432.56776317224353,300.0,-377.9031281748675,0.0,0.0,0.0,-720.5454093106748,0.0,0.0,0.0
105.0,0.0,0.0,0.0,0.0,7.853881948536433,1.0,6.0,0.002645502645502673,4.13481733383628,-116.46857029613444,434.66662183008077,300.0,-377.9999999999802,0.0,0.0,0.0,-36.61754989260409,0.0,0.0,0.0
104.0,0.0,0.0,0.0,0.0,7.853881948536543,1.0,6.0,0.0026455026455026176,4.13746283648178,-108.86485301985056,436.6330768241984,300.0,-377.9999999999802,0.0,0.0,0.0,0.0,0.0,0.0,0.0
103.0,0.0,0.0,0.0,0.0,7.853881948536664,1.0,6.0,0.002645502645502673,4.14010833912729,-101.22797445473921,438.46652915335585,300.0,-377.9999999999802,0.0,0.0,0.0,0.0,0.0,0.0,0.0
102.0,0.0,0.0,0.0,0.0,7.8538819485365465,1.0,6.0,0.0026455026455026176,4.14275384177279,-93.56026086799166,440.16642033021253,300.0,-377.9999999999802,0.0,0.0,0.0,0.0,0.0,0.0,0.0
101.0,0.0,0.0,0.0,0.0,7.853881948536436,1.0,6.0,0.002645502645502673,4.14539934441829,-85.86404791944523,441.73223255144876,300.0,-377.9999999999802,0.0,0.0,0.0,0.0,0.0,0.0,0.0
100.0,0.0,0.0,0.0,0.0,7.853881948536571,1.0,6.0,0.0026455026455026176,4.14804484706379,-78.14167995011869,443.1634888554936,300.0,-377.9999999999802,0.0,0.0,0.0,0.0,0.0,0.0,0.0
99.0,0.0,0.0,0.0,0.0,7.853881948536442,1.0,6.0,0.002645502645502673,4.1506903497093,-70.39550926810402,444.45975326781195,300.0,-377.9999999999802,0.0,0.0,0.0,0.0,0.0,0.0,0.0
98.0,0.0,0.0,0.0,0.0,7.853881948536664,1.0,6.0,0.0026455026455026176,4.1533358523548,-62.62789543202946,445.62063093370665,300.0,-377.9999999999802,0.0,0.0,0.0,0.0,0.0,0.0,0.0
97.0,0.0,0.0,0.0,0.0,7.853881948536554,1.0,6.0,0.002645502645502673,4.1559813550003,-54.84120453231637,446.64576823859494,300.0,-377.9999999999802,0.0,0.0,0.0,0.0,0.0,0.0,0.0
96.0,0.0,0.0,0.0,0.0,7.853881948536544,1.0,6.0,0.0026455026455026176,4.1586268576458,-47.03780847044406,447.53485291572304,300.0,-377.9999999999802,0.0,0.0,0.0,0.0,0.0,0.0,0.0
95.0,0.0,0.0,0.0,0.0,7.8538819485364595,1.0,6.0,0.002645502645502673,4.16127236029131,-39.22008423644626,448.28761414128553,300.0,-377.9999999999802,0.0,0.0,0.0,0.0,0.0,0.0,0.0
94.0,0.0,0.0,0.0,0.0,7.853881948536545,1.0,6.0,0.0026455026455026176,4.16391786293681,-31.39041318485646,448.9038226169209,300.0,-377.9999999999802,0.0,0.0,0.0,0.0,0.0,0.0,0.0
93.0,0.0,0.0,0.0,0.0,7.853881948536654,1.0,6.0,0.002645502645502673,4.16656336558231,-23.55118030932469,449.38329063955825,300.0,-377.9999999999802,0.0,0.0,0.0,0.0,0.0,0.0,0.0
92.0,0.0,0.0,0.0,0.0,7.853881948536555,1.0,6.0,0.0026455026455026176,4.16920886822782,-15.704773516125389,449.7258721585931,300.0,-377.9999999999802,0.0,0.0,0.0,0.0,0.0,0.0,0.0
91.0,0.0,0.0,0.0,0.0,7.853881948536449,1.0,6.0,0.002645502645502673,4.17185437087332,-7.853582896777624,449.93146282037605,300.0,-377.9999999999802,0.0,0.0,0.0,0.0,0.0,0.0,0.0
90.0,0.0,0.0,0.0,0.0,7.853881948536554,1.0,6.0,0.0026455026455026176,4.17449987351882,-3.1228493378257513e-14,450.0,300.0,-377.9999999999802,0.0,0.0,0.0,0.0,0.0,0.0,0.0
89.0,0.0,0.0,0.0,0.0,7.853881948536452,1.0,6.0,0.002645502645502673,4.17714537616432,7.853582896777461,449.93146282037605,300.0,-377.9999999999802,0.0,0.0,0.0,0.0,0.0,0.0,0.0
88.0,0.0,0.0,0.0,0.0,7.853881948536651,1.0,6.0,0.0026455026455026176,4.17979087880983,15.704773516125428,449.7258721585931,300.0,-377.9999999999802,0.0,0.0,0.0,0.0,0.0,0.0,0.0
87.0,0.0,0.0,0.0,0.0,7.853881948536552,1.0,6.0,0.002645502645502673,4.18243638145533,23.551180309324725,449.38329063955825,300.0,-377.9999999999802,0.0,0.0,0.0,0.0,0.0,0.0,0.0
86.0,0.0,0.0,0.0,0.0,7.8538819485365545,1.0,6.0,0.0026455026455026176,4.18508188410083,31.390413184856396,448.9038226169209,300.0,-377.9999999999802,0.0,0.0,0.0,0.0,0.0,0.0,0.0
85.0,0.0,0.0,0.0,0.0,7.853881948536453,1.0,6.0,0.002645502645502673,4.18772738674634,39.220084236446105,448.28761414128553,300.0,-377.9999999999802,0.0,0.0,0.0,0.0,0.0,0.0,0.0
84.0,0.0,0.0,0.0,0.0,7.853881948536557,1.0,6.0,0.0026455026455026176,4.19037288939184,47.037808470444,447.534852915723,300.0,-377.9999999999802,0.0,0.0,0.0,0.0,0.0,0.0,0.0
83.0,0.0,0.0,0.0,0.0,7.853881948536551,1.0,6.0,0.002645502645502673,4.19301839203734,54.84120453231631,446.6457682385949,300.0,-377.9999999999802,0.0,0.0,0.0,0.0,0.0,0.0,0.0
82.0,0.0,0.0,0.0,0.0,7.853881948536652,1.0,6.0,0.0026455026455026176,4.19566389468284,62.627895432029504,445.6206309337066,300.0,-377.9999999999802,0.0,0.0,0.0,0.0,0.0,0.0,0.0
81.0,0.0,0.0,0.0,0.0,7.853881948536451,1.0,6.0,0.002645502645502673,4.19830939732835,70.39550926810386,444.459753267812,300.0,-377.9999999999802,0.0,0.0,0.0,0.0,0.0,0.0,0.0
80.0,0.0,0.0,0.0,0.0,7.853881948536549,1.0,6.0,0.0026455026455026176,4.20095489997385,78.14167995011863,443.1634888554936,300.0,-377.9999999999802,0.0,0.0,0.0,0.0,0.0,0.0,0.0
79.0,0.0,0.0,0.0,0.0,7.853881948536557,1.0,6.0,0.002645502645502673,4.20360040261935,85.86404791944516,441.73223255144876,300.0,-377.9999999999802,0.0,0.0,0.0,0.0,0.0,0.0,0.0
78.0,0.0,0.0,0.0,0.0,7.853881948536548,1.0,6.0,0.0026455026455026176,4.20624590526485,93.5602608679917,440.16642033021253,300.0,-377.9999999999802,0.0,0.0,0.0,0.0,0.0,0.0,0.0
77.0,0.0,0.0,0.0,0.0,7.853881948536449,1.0,6.0,0.002645502645502673,4.20889140791036,101.22797445473915,438.46652915335585,300.0,-377.9999999999802,0.0,0.0,0.0,0.0,0.0,0.0,0.0
76.0,0.0,0.0,0.0,0.0,7.853881948536664,1.0,6.0,0.0026455026455026176,4.21153691055586,108.8648530198505,436.6330768241984,300.0,-377.9999999999802,0.0,0.0,0.0,0.0,0.0,0.0,0.0
75.0,0.0,0.0,0.0,0.0,7.853881948536447,1.0,6.0,0.002645502645502673,4.21418241320136,116.46857029613429,434.66662183008077,300.0,-377.9999999999802,0.0,0.0,0.0,0.0,0.0,0.0,0.0
74.0,0.0,0.0,0.0,0.0,7.853881948536529,1.0,6.0,0.0026455026455026176,4.21682791584687,124.03681011764957,432.56776317224353,300.0,-377.9999999999802,0.0,0.0,0.0,0.0,0.0,0.0,0.0
73.0,0.0,0.0,0.0,0.0,7.8538819485365705,1.0,6.0,0.002646180794611541,4.21947409664148,131.56726712523147,430.33714018336593,300.0,-377.9031281748675,0.0,0.0,0.0,36.608165742103424,0.0,0.0,0.0
72.0,0.0,0.0,0.0,0.0,7.853881948536546,1.0,6.0,0.0026595996865289573,4.22213369632801,139.0576474687263,427.9754323328191,300.0,-375.996434751104,0.0,0.0,0.0,716.9099294984518,0.0,0.0,0.0
71.0,0.0,0.0,0.0,0.0,7.85388194853659,1.0,6.0,0.00267813415499768,4.224811830483,146.5056695057205,425.48335901969256,300.0,-373.3942895033373,0.0,0.0,0.0,971.6261759743377,0.0,0.0,0.0
70.0,0.0,0.0,0.0,0.0,7.853881948536542,1.0,6.0,0.0026970616046746443,4.22750889208768,153.9090644965509,422.8616793536587,300.0,-370.7738815705077,0.0,0.0,0.0,971.5788205533838,0.0,0.0,0.0
69.0,0.0,0.0,0.0,0.0,7.853881948536547,1.0,6.0,0.0027163961221526867,4.23022528820983,161.26557729538513,420.11119192374076,300.0,-368.1348209286502,0.0,0.0,0.0,971.5301168100585,0.0,0.0,0.0
68.0,0.0,0.0,0.0,0.0,7.853881948536433,1.0,6.0,0.002736152511243095,4.23296144072107,168.5729670371603,417.2327345550543,300.0,-365.4767034698723,0.0,0.0,0.0,971.4800062698591,0.0,0.0,0.0
67.0,0.0,0.0,0.0,0.0,7.853881948536687,1.0,6.0,0.0027563463406216626,4.2357177870617,175.82900782017322,414.2271840535981,300.0,-362.7991102796034,0.0,0.0,0.0,971.4284271202847,0.0,0.0,0.0
66.0,0.0,0.0,0.0,0.0,7.85388194853645,1.0,6.0,0.0027769939953993794,4.2384947810571,183.03148938411005,411.0954559391704,300.0,-360.10160686582356,0.0,0.0,0.0,971.3753138281604,0.0,0.0,0.0
65.0,0.0,0.0,0.0,0.0,7.853881948536526,1.0,6.0,0.002798112733009228,4.2412928937901,190.1782177833147,407.8385041664925,300.0,-357.3837423357243,0.0,0.0,0.0,971.3205969283893,0.0,0.0,0.0
64.0,0.0,0.0,0.0,0.0,7.85388194853655,1.0,6.0,0.0028197207438400707,4.24411261453394,197.2670160550848,404.4573208346252,300.0,-354.64504851571195,0.0,0.0,0.0,971.2642026679682,0.0,0.0,0.0
63.0,0.0,0.0,0.0,0.0,7.853881948536583,1.0,6.0,0.0028418372171038486,4.24695445175105,204.295724882796,400.95293588476545,300.0,-351.88503900978236,0.0,0.0,0.0,971.2060526614032,0.0,0.0,0.0
62.0,0.0,0.0,0.0,0.0,7.853881948536539,1.0,6.0,0.0028644824124753887,4.24981893416352,211.26220325365082,397.3264167865171,300.0,-349.1032081903394,0.0,0.0,0.0,971.1460637103028,0.0,0.0,0.0
61.0,0.0,0.0,0.0,0.0,7.853881948536511,1.0,6.0,0.0028876777381163787,4.25270661190164,218.16432911085164,393.57886821272814,300.0,-346.2990301169732,0.0,0.0,0.0,971.0841470819935,0.0,0.0,0.0
60.0,0.0,0.0,0.0,0.0,7.853881948536543,1.0,6.0,0.0029114458357633044,4.2556180577374,225.0,389.71143170299746,300.0,-343.47195737471196,0.0,0.0,0.0,971.0202084251615,0.0,0.0,0.0
59.0,0.0,0.0,0.0,0.0,7.853881948536562,1.0,6.0,0.002935810673650119,4.25855386841105,231.7671337095244,385.72528531595054,300.0,-340.6214198263565,0.0,0.0,0.0,970.9541469891835,0.0,0.0,0.0
58.0,0.0,0.0,0.0,0.0,7.853881948536453,1.0,6.0,0.002960797648131175,4.26151466605918,238.46366890494215,381.62164327039176,300.0,-337.74682326943713,0.0,0.0,0.0,970.8858552807746,0.0,0.0,0.0
57.0,0.0,0.0,0.0,0.0,7.853881948536596,1.0,6.0,0.0029864336949863013,4.26450109975417,245.08756575676216,377.40175557544086,300.0,-334.84754798968095,0.0,0.0,0.0,970.8152183734537,0.0,0.0,0.0
56.0,0.0,0.0,0.0,0.0,7.853881948536495,1.0,6.0,0.0030127474115148045,4.26751384716569,251.636806561836,373.06690764976884,300.0,-331.9229472002649,0.0,0.0,0.0,970.7421134071956,0.0,0.0,0.0
55.0,0.0,0.0,0.0,0.0,7.853881948536528,1.0,6.0,0.003039769190676722,4.27055361635636,258.10939635797064,368.61841993004634,300.0,-328.97234535671345,0.0,0.0,0.0,970.6664086869641,0.0,0.0,0.0
54.0,0.0,0.0,0.0,0.0,7.853881948536572,1.0,6.0,0.0030675313687151817,4.27362114772508,264.5033635316129,364.05764746872643,300.0,-325.99503633402674,0.0,0.0,0.0,970.58796302838,0.0,0.0,0.0
53.0,0.0,0.0,0.0,0.0,7.853881948536573,1.0,6.0,0.0030960683878860085,4.27671721611296,270.8167604184217,359.38597952128185,300.0,-322.99028145268795,0.0,0.0,0.0,970.5066248199516,0.0,0.0,0.0
52.0,0.0,0.0,0.0,0.0,7.853881948536478,1.0,6.0,0.0031254169761610884,4.27984263308912,277.04766389654617,354.604839123025,300.0,-319.9573073376991,0.0,0.0,0.0,970.4222310567768,0.0,0.0,0.0
51.0,0.0,0.0,0.0,0.0,7.853881948536626,1.0,6.0,0.00315561634603434,4.28299824943516,283.1941759724268,349.7156826556369,300.0,-316.8953035931425,0.0,0.0,0.0,970.3346062346002,0.0,0.0,0.0
50.0,0.0,0.0,0.0,0.0,7.853881948536533,1.0,6.0,0.003186708414881667,4.28618495785004,289.2544243589427,344.71999940354016,300.0,-313.8034202721677,0.0,0.0,0.0,970.2435612043523,0.0,0.0,0.0
49.0,0.0,0.0,0.0,0.0,7.8538819485365305,1.0,6.0,0.0032187380496875306,4.28940369589973,295.22656304572826,339.61931110024744,300.0,-310.6807651206901,0.0,0.0,0.0,970.148891669126,0.0,0.0,0.0
48.0,0.0,0.0,0.0,0.0,7.8538819485365385,1.0,6.0,0.003251753339392316,4.29265544923912,301.10877286148616,334.41517146482744,300.0,-307.52640056852493,0.0,0.0,0.0,970.0503768083083,0.0,0.0,0.0
47.0,0.0,0.0,0.0,0.0,7.85388194853649,1.0,6.0,0.0032858058986205974,4.29594125513774,306.89926202812427,329.1091657286268,300.0,-304.3393404399732,0.0,0.0,0.0,969.9477774659629,0.0,0.0,0.0
46.0,0.0,0.0,0.0,0.0,7.853881948536618,1.0,6.0,0.003320951207152145,4.29926220634489,312.59626670654876,323.70291015239303,300.0,-301.1185463509239,0.0,0.0,0.0,969.8408341901796,0.0,0.0,0.0
45.0,0.0,0.0,0.0,0.0,7.853881948536487,1.0,6.0,0.0033572489902217173,4.30261945533511,318.19805153394634,318.19805153394645,300.0,-297.8629237547233,0.0,0.0,0.0,969.7292651462607,0.0,0.0,0.0
44.0,0.0,0.0,0.0,0.0,7.853881948536607,1.0,6.0,0.0033947636455757824,4.30601421898069,323.70291015239303,312.5962667065488,300.0,-294.57131759474555,0.0,0.0,0.0,969.6127635476214,0.0,0.0,0.0
43.0,0.0,0.0,0.0,0.0,7.853881948536498,1.0,6.0,0.0034335647242369483,4.30944778370493,329.1091657286267,306.8992620281244,300.0,-291.24250751447045,0.0,0.0,0.0,969.490994818767,0.0,0.0,0.0
42.0,0.0,0.0,0.0,0.0,7.85388194853649,1.0,6.0,0.0034737274731502232,4.31292151117808,334.4151714648273,301.1087728614863,300.0,-287.87520256824547,0.0,0.0,0.0,969.36359350357,0.0,0.0,0.0
41.0,0.0,0.0,0.0,0.0,7.853881948536624,1.0,6.0,0.003515333449343405,4.31643684462742,339.61931110024733,295.22656304572826,300.0,-284.46803536853105,0.0,0.0,0.0,969.2301594748611,0.0,0.0,0.0
40.0,0.0,0.0,0.0,0.0,7.8538819485365305,1.0,6.0,0.0035584712170204646,4.31999531584444,344.71999940354004,289.2544243589427,300.0,-281.01955559368207,0.0,0.0,0.0,969.0902538018603,0.0,0.0,0.0
39.0,0.0,0.0,0.0,0.0,7.853881948536526,1.0,6.0,0.003603237141154181,4.3235985529856,349.71568265563684,283.1941759724269,300.0,-277.52822276905465,0.0,0.0,0.0,968.9433939141117,0.0,0.0,0.0
38.0,0.0,0.0,0.0,0.0,7.85388194853659,1.0,6.0,0.003649736293773964,4.32724828927937,354.6048391230249,277.0476638965462,300.0,-273.99239821951676,0.0,0.0,0.0,968.7890480113297,0.0,0.0,0.0
37.0,0.0,0.0,0.0,0.0,7.853881948536478,1.0,6.0,0.0036980834923672212,4.33094637277174,359.38597952128174,270.8167604184218,300.0,-270.41033607380206,0.0,0.0,0.0,968.626628659957,0.0,0.0,0.0
36.0,0.0,0.0,0.0,0.0,7.853881948536528,1.0,6.0,0.003748404493774893,4.33469477726551,364.0576474687263,264.503363531613,300.0,-266.78017318055316,0.0,0.0,0.0,968.4554853345578,0.0,0.0,0.0
35.0,0.0,0.0,0.0,0.0,7.853881948536572,1.0,6.0,0.0038008373718695365,4.33849561463738,368.61841993004623,258.10939635797075,300.0,-263.09991777104,0.0,0.0,0.0,968.274895619339,0.0,0.0,0.0
34.0,0.0,0.0,0.0,0.0,7.853881948536481,1.0,6.0,0.003855534113423542,4.34235114875081,373.0669076497687,251.63680656183618,300.0,-259.3674366719773,0.0,0.0,0.0,968.0840550904924,0.0,0.0,0.0
33.0,0.0,0.0,0.0,0.0,7.85388194853659,1.0,6.0,0.003912662474213513,4.34626381122502,377.40175557544075,245.08756575676222,300.0,-255.58044083550527,0.0,0.0,0.0,967.8820653277481,0.0,0.0,0.0
32.0,0.0,0.0,0.0,0.0,7.853881948536548,1.0,6.0,0.003972408147057016,4.35023621937208,381.62164327039164,238.46366890494227,300.0,-251.73646890761424,0.0,0.0,0.0,967.6679197072831,0.0,0.0,0.0
31.0,0.0,0.0,0.0,0.0,7.853881948536531,1.0,6.0,0.004034977305693244,4.35427119667777,385.7252853159505,231.76713370952444,300.0,-247.83286849942243,0.0,0.0,0.0,967.4404866376917,0.0,0.0,0.0
30.0,0.0,0.0,0.0,0.0,7.853881948536557,1.0,6.0,0.004100599604029198,4.3583717962818,389.71143170299734,225.00000000000003,300.0,-243.86677475591262,0.0,0.0,0.0,967.1984896093427,0.0,0.0,0.0
29.0,0.0,0.0,0.0,0.0,7.853881948536493,1.0,6.0,0.004169531730332521,4.36254132801213,393.578868212728,218.16432911085172,300.0,-239.8350857304312,0.0,0.0,0.0,966.9404830647766,0.0,0.0,0.0
28.0,0.0,0.0,0.0,0.0,7.853881948536593,1.0,6.0,0.0042420616419731605,4.3667833896541,397.32641678651714,211.2622032536509,300.0,-235.73443396143355,0.0,0.0,0.0,966.664823637609,0.0,0.0,0.0
27.0,0.0,0.0,0.0,0.0,7.853881948536565,1.0,6.0,0.004318513640290345,4.37110190329439,400.95293588476557,204.2957248827961,300.0,-231.5611535113196,0.0,0.0,0.0,966.3696349546285,0.0,0.0,0.0
26.0,0.0,0.0,0.0,0.0,7.853881948536558,1.0,6.0,0.004399254489970583,4.37550115778436,404.4573208346252,197.26701605508487,300.0,-227.31124154780633,0.0,0.0,0.0,966.0527648950736,0.0,0.0,0.0
25.0,0.0,0.0,0.0,0.0,7.8538819485364995,1.0,6.0,0.0044847008469312,4.3799858586313,407.8385041664925,190.1782177833148,300.0,-222.9803133210674,0.0,0.0,0.0,965.7117329693021,0.0,0.0,0.0
24.0,0.0,0.0,0.0,0.0,7.853881948536578,1.0,6.0,0.004575328338827456,4.38456118697012,411.0954559391704,183.0314893841101,300.0,-218.56354909300933,0.0,0.0,0.0,965.3436651914176,0.0,0.0,0.0
23.0,0.0,0.0,0.0,0.0,7.853881948536547,1.0,6.0,0.004671682751144268,4.38923286972127,414.2271840535982,175.82900782017322,300.0,-214.05563118666112,0.0,0.0,0.0,964.9452127810183,0.0,0.0,0.0
22.0,0.0,0.0,0.0,0.0,7.853881948536485,1.0,6.0,0.004774393921429643,4.3940072636427,417.2327345550543,168.57296703716048,300.0,-209.45066880878224,0.0,0.0,0.0,964.512449886011,0.0,0.0,0.0
21.0,0.0,0.0,0.0,0.0,7.8538819485365385,1.0,6.0,0.0048841931524093996,4.39889145679511,420.11119192374076,161.26557729538519,300.0,-204.74210761028507,0.0,0.0,0.0,964.0407435923194,0.0,0.0,0.0
20.0,0.0,0.0,0.0,0.0,7.853881948536587,1.0,6.0,0.005001935248375,4.40389339204348,422.8616793536588,153.90906449655097,300.0,-199.92262001490695,0.0,0.0,0.0,963.5245871973376,0.0,0.0,0.0
19.0,0.0,0.0,0.0,0.0,7.853881948536504,1.0,6.0,0.005128626699603456,4.40902201874308,425.48335901969256,146.50566950572056,300.0,-194.9839710652642,0.0,0.0,0.0,962.9573838986403,0.0,0.0,0.0
18.0,0.0,0.0,0.0,0.0,7.853881948536563,1.0,6.0,0.005265462151025302,4.41428748089411,427.9754323328191,139.05764746872637,300.0,-189.91685275056733,0.0,0.0,0.0,962.3311628419884,0.0,0.0,0.0
17.0,0.0,0.0,0.0,0.0,7.853881948536518,1.0,6.0,0.0054138721965339975,4.41970135309064,430.33714018336593,131.56726712523158,300.0,-184.71067725614353,0.0,0.0,0.0,961.6362014893585,0.0,0.0,0.0
16.0,0.0,0.0,0.0,0.0,7.8538819485365705,1.0,6.0,0.005575586906435226,4.42527693999708,432.56776317224353,124.03681011764968,300.0,-179.35331594343924,0.0,0.0,0.0,960.86051614061,0.0,0.0,0.0
15.0,0.0,0.0,0.0,0.0,7.853881948536529,1.0,6.0,0.00575272160172946,4.43102966159881,434.66662183008077,116.4685702961344,300.0,-173.8307655457076,0.0,0.0,0.0,959.9891634024422,0.0,0.0,0.0
14.0,0.0,0.0,0.0,0.0,7.85388194853653,1.0,6.0,0.005947894714141255,4.43697755631295,436.6330768241984,108.86485301985053,300.0,-168.1267150917212,0.0,0.0,0.0,959.0032655461764,0.0,0.0,0.0
13.0,0.0,0.0,0.0,0.0,7.853881948536554,1.0,6.0,0.006164392961719445,4.44314194927467,438.46652915335585,101.2279744547393,300.0,-162.22197484973967,0.0,0.0,0.0,957.8786230289732,0.0,0.0,0.0
12.0,0.0,0.0,0.0,0.0,7.8538819485365465,1.0,6.0,0.006406408074997927,4.44954835734967,440.16642033021253,93.56026086799174,300.0,-156.0937093443464,0.0,0.0,0.0,956.5836945838415,0.0,0.0,0.0
11.0,0.0,0.0,0.0,0.0,7.853881948536521,1.0,6.0,0.006679384870785121,4.45622774222045,441.73223255144876,85.86404791944523,300.0,-149.71438528327477,0.0,0.0,0.0,955.0765803261427,0.0,0.0,0.0
10.0,0.0,0.0,0.0,0.0,7.853881948536544,1.0,6.0,0.006990548431875521,4.46321829065233,443.1634888554936,78.14167995011871,300.0,-143.0502927982299,0.0,0.0,0.0,953.3003812201529,0.0,0.0,0.0
9.0,0.0,0.0,0.0,0.0,7.853881948536549,1.0,6.0,0.0073497307105351295,4.47056802136286,444.459753267812,70.39550926810395,300.0,-136.05940671630069,0.0,0.0,0.0,951.1758127285315,0.0,0.0,0.0
8.0,0.0,0.0,0.0,0.0,7.853881948536544,1.0,6.0,0.007770721053281804,4.47833874241615,445.62063093370665,62.627895432029504,300.0,-128.6881864814425,0.0,0.0,0.0,948.5889641792126,0.0,0.0,0.0
7.0,0.0,0.0,0.0,0.0,7.853881948536532,1.0,6.0,0.008273585141014062,4.48661232755716,446.6457682385949,54.841204532316425,300.0,-120.86658721172077,0.0,0.0,0.0,945.370010268953,0.0,0.0,0.0
6.0,0.0,0.0,0.0,0.0,7.853881948536551,1.0,6.0,0.008888898658009792,4.49550122621517,447.534852915723,47.03780847044411,300.0,-112.49987635969664,0.0,0.0,0.0,941.2539363900465,0.0,0.0,0.0
5.0,0.0,0.0,0.0,0.0,7.853881948536542,1.0,6.0,0.00966610253667921,4.50516732875185,448.28761414128553,39.22008423644623,300.0,-103.45431327728689,0.0,0.0,0.0,935.8025168970797,0.0,0.0,0.0
4.0,0.0,0.0,0.0,0.0,7.8538819485365305,1.0,6.0,0.01069177397679899,4.51585910272865,448.9038226169209,31.390413184856445,300.0,-93.5298484769671,0.0,0.0,0.0,928.2336889889028,0.0,0.0,0.0
3.0,0.0,0.0,0.0,0.0,7.853881948536547,1.0,6.0,0.012135708676293988,4.52799481140494,449.38329063955825,23.55118030932478,300.0,-82.40145068358628,0.0,0.0,0.0,916.9961219586006,0.0,0.0,0.0
2.0,0.0,0.0,0.0,0.0,7.853881948536543,1.0,6.0,0.014395192533238843,4.54239000393818,449.7258721585931,15.704773516125494,300.0,-69.4676363439364,0.0,0.0,0.0,898.4815110867871,0.0,0.0,0.0
1.0,0.0,0.0,0.0,0.0,7.853881948536539,1.0,6.0,0.018760180156250916,4.56115018409443,449.93146282037605,7.853582896777638,300.0,-53.30439215781128,0.0,0.0,0.0,861.571906639677,0.0,0.0,0.0
0.0,0.0,0.0,0.0,0.0,7.85388194853654,1.0,6.0,0.04529108136578386,4.60644126546022,450.0,5.878304635907296e-14,300.0,-22.079402165819495,0.0,0.0,0.0,689.4291116568754,0.0,0.0,0.0
0.0,0.0,0.0,0.0,0.0,7.85388194853654,1.0,6.0,0.01,4.61644126546022,450.0,5.878304635907296e-14,300.0,0.0,0.0,0.0,0.0,0.0,0.0,0.0,0.0
0.0,0.0,0.0,0.0,0.0,7.85388194853654,1.0,6.0,1.15,5.76644126546022,450.0,5.878304635907296e-14,300.0,0.0,0.0,0.0,0.0,0.0,0.0,0.0,0.0
1.0,0.0,0.0,0.0,0.0,7.85388194853654,1.0,8.0,0.0,5.76644126546022,449.93146282037605,7.853582896777638,300.0,0.0,0.0,0.0,0.0,0.0,0.0,0.0,0.0
2.0,0.0,0.0,0.0,0.0,7.853881948536539,1.0,8.0,0.06405126152203486,5.83049252698225,449.7258721585931,15.704773516125494,300.0,15.612494995996014,0.0,0.0,0.0,243.7500000000006,0.0,0.0,0.0
3.0,0.0,0.0,0.0,0.0,7.853881948536543,1.0,8.0,0.01439519253323876,5.84488771951549,449.38329063955825,23.55118030932478,300.0,69.46763634393855,0.0,0.0,0.0,3741.1893744102804,0.0,0.0,0.0
4.0,0.0,0.0,0.0,0.0,7.853881948536547,1.0,8.0,0.012135708676294044,5.85702342819178,448.9038226169209,31.390413184856445,300.0,82.40145068358628,0.0,0.0,0.0,1065.765064459143,0.0,0.0,0.0
5.0,0.0,0.0,0.0,0.0,7.8538819485365305,1.0,8.0,0.010691773976799004,5.86771520216858,448.28761414128553,39.22008423644623,300.0,93.5298484769671,0.0,0.0,0.0,1040.837359406324,0.0,0.0,0.0
6.0,0.0,0.0,0.0,0.0,7.853881948536542,1.0,8.0,0.009666102536679155,5.87738130470526,447.534852915723,47.03780847044411,300.0,103.45431327728689,0.0,0.0,0.0,1026.7286905616893,0.0,0.0,0.0
7.0,0.0,0.0,0.0,0.0,7.853881948536551,1.0,8.0,0.008888898658009792,5.88627020336327,446.6457682385949,54.841204532316425,300.0,112.49987635969664,0.0,0.0,0.0,1017.6247283749341,0.0,0.0,0.0
8.0,0.0,0.0,0.0,0.0,7.853881948536532,1.0,8.0,0.008273585141014103,5.89454378850429,445.62063093370665,62.627895432029504,300.0,120.86658721172077,0.0,0.0,0.0,1011.2557868714248,0.0,0.0,0.0
9.0,0.0,0.0,0.0,0.0,7.853881948536544,1.0,8.0,0.007770721053281776,5.90231450955757,444.459753267812,70.39550926810395,300.0,128.6881864814425,0.0,0.0,0.0,1006.5474254050645,0.0,0.0,0.0
10.0,0.0,0.0,0.0,0.0,7.853881948536549,1.0,8.0,0.007349730710535074,5.9096642402681,443.1634888554936,78.14167995011871,300.0,136.05940671630069,0.0,0.0,0.0,1002.9238519299954,0.0,0.0,0.0
11.0,0.0,0.0,0.0,0.0,7.853881948536544,1.0,8.0,0.006990548431875604,5.91665478869998,441.73223255144876,85.86404791944523,300.0,143.0502927982299,0.0,0.0,0.0,1000.0483009390429,0.0,0.0,0.0
12.0,0.0,0.0,0.0,0.0,7.853881948536521,1.0,8.0,0.006679384870785066,5.92333417357076,440.16642033021253,93.56026086799174,300.0,149.71438528327477,0.0,0.0,0.0,997.7105098693844,0.0,0.0,0.0
13.0,0.0,0.0,0.0,0.0,7.8538819485365465,1.0,8.0,0.006406408074997982,5.92974058164576,438.46652915335585,101.2279744547393,300.0,156.0937093443464,0.0,0.0,0.0,995.7723558023101,0.0,0.0,0.0
14.0,0.0,0.0,0.0,0.0,7.853881948536554,1.0,8.0,0.006164392961719473,5.93590497460748,436.6330768241984,108.86485301985053,300.0,162.22197484973967,0.0,0.0,0.0,994.1393326884346,0.0,0.0,0.0
15.0,0.0,0.0,0.0,0.0,7.85388194853653,1.0,8.0,0.005947894714141144,5.94185286932162,434.66662183008077,116.4685702961344,300.0,168.1267150917212,0.0,0.0,0.0,992.7445803542494,0.0,0.0,0.0
16.0,0.0,0.0,0.0,0.0,7.853881948536529,1.0,8.0,0.005752721601729488,5.94760559092335,432.56776317224353,124.03681011764968,300.0,173.8307655457076,0.0,0.0,0.0,991.539457127799,0.0,0.0,0.0
17.0,0.0,0.0,0.0,0.0,7.8538819485365705,1.0,8.0,0.00557558690643517,5.95318117782979,430.33714018336593,131.56726712523158,300.0,179.35331594343924,0.0,0.0,0.0,990.487726297928,0.0,0.0,0.0
18.0,0.0,0.0,0.0,0.0,7.853881948536518,1.0,8.0,0.005413872196534081,5.95859505002632,427.9754323328191,139.05764746872637,300.0,184.71067725614353,0.0,0.0,0.0,989.5618363754705,0.0,0.0,0.0
19.0,0.0,0.0,0.0,0.0,7.853881948536563,1.0,8.0,0.005265462151025246,5.96386051217735,425.48335901969256,146.50566950572056,300.0,189.91685275058336,0.0,0.0,0.0,988.7404647712253,0.0,0.0,0.0
20.0,0.0,0.0,0.0,0.0,7.853881948536504,1.0,8.0,0.005128626699603511,5.96898913887695,422.8616793536588,153.90906449655097,300.0,194.9839710652642,0.0,0.0,0.0,988.0068508539993,0.0,0.0,0.0
21.0,0.0,0.0,0.0,0.0,7.853881948536587,1.0,8.0,0.005001935248375,5.97399107412533,420.11119192374076,161.26557729538519,300.0,199.9226200148892,0.0,0.0,0.0,987.3476373428088,0.0,0.0,0.0
22.0,0.0,0.0,0.0,0.0,7.8538819485365385,1.0,8.0,0.0048841931524093996,5.97887526727773,417.2327345550543,168.57296703716048,300.0,204.74210761028507,0.0,0.0,0.0,986.7520478829781,0.0,0.0,0.0
23.0,0.0,0.0,0.0,0.0,7.853881948536485,1.0,8.0,0.0047743939214296705,5.98364966119916,414.2271840535982,175.82900782017322,300.0,209.45066880878224,0.0,0.0,0.0,986.2112921523126,0.0,0.0,0.0
24.0,0.0,0.0,0.0,0.0,7.853881948536547,1.0,8.0,0.0046716827511442405,5.98832134395031,411.0954559391704,183.0314893841101,300.0,214.05563118666112,0.0,0.0,0.0,985.7181283876909,0.0,0.0,0.0
25.0,0.0,0.0,0.0,0.0,7.853881948536578,1.0,8.0,0.004575328338827511,5.99289667228914,407.8385041664925,190.1782177833148,300.0,218.56354909300933,0.0,0.0,0.0,985.2665366313933,0.0,0.0,0.0
26.0,0.0,0.0,0.0,0.0,7.8538819485364995,1.0,8.0,0.004484700846931172,5.99738137313607,404.4573208346252,197.26701605508487,300.0,222.9803133210674,0.0,0.0,0.0,984.851471437671,0.0,0.0,0.0
27.0,0.0,0.0,0.0,0.0,7.853881948536558,1.0,8.0,0.004399254489970528,6.00178062762604,400.95293588476557,204.2957248827961,300.0,227.31124154780633,0.0,0.0,0.0,984.4686722744663,0.0,0.0,0.0
28.0,0.0,0.0,0.0,0.0,7.853881948536565,1.0,8.0,0.004318513640290372,6.00609914126633,397.32641678651714,211.2622032536509,300.0,231.5611535113196,0.0,0.0,0.0,984.1145165926866,0.0,0.0,0.0
29.0,0.0,0.0,0.0,0.0,7.853881948536593,1.0,8.0,0.004242061641973188,6.0103412029083,393.578868212728,218.16432911085172,300.0,235.73443396140885,0.0,0.0,0.0,983.7859046640066,0.0,0.0,0.0
30.0,0.0,0.0,0.0,0.0,7.853881948536493,1.0,8.0,0.004169531730332493,6.01451073463863,389.71143170299734,225.00000000000003,300.0,239.8350857304312,0.0,0.0,0.0,983.480168574116,0.0,0.0,0.0
31.0,0.0,0.0,0.0,0.0,7.853881948536557,1.0,8.0,0.00410059960402917,6.01861133424266,385.7252853159505,231.76713370952444,300.0,243.86677475591262,0.0,0.0,0.0,983.194999462964,0.0,0.0,0.0
32.0,0.0,0.0,0.0,0.0,7.853881948536531,1.0,8.0,0.004034977305693355,6.02264631154836,381.62164327039164,238.46366890494227,300.0,247.83286849939518,0.0,0.0,0.0,982.9283891847872,0.0,0.0,0.0
33.0,0.0,0.0,0.0,0.0,7.853881948536548,1.0,8.0,0.003972408147056905,6.02661871969541,377.40175557544075,245.08756575676222,300.0,251.7364689076424,0.0,0.0,0.0,982.6785827985886,0.0,0.0,0.0
34.0,0.0,0.0,0.0,0.0,7.85388194853659,1.0,8.0,0.0039126624742135685,6.03053138216963,373.0669076497687,251.63680656183618,300.0,255.58044083550527,0.0,0.0,0.0,982.4440398824986,0.0,0.0,0.0
35.0,0.0,0.0,0.0,0.0,7.853881948536481,1.0,8.0,0.003855534113423542,6.03438691628305,368.61841993004623,258.10939635797075,300.0,259.3674366719773,0.0,0.0,0.0,982.2234027932049,0.0,0.0,0.0
36.0,0.0,0.0,0.0,0.0,7.853881948536572,1.0,8.0,0.0038008373718695365,6.03818775365492,364.0576474687263,264.503363531613,300.0,263.09991777104,0.0,0.0,0.0,982.0154702453525,0.0,0.0,0.0
37.0,0.0,0.0,0.0,0.0,7.853881948536528,1.0,8.0,0.0037484044937748373,6.0419361581487,359.38597952128174,270.8167604184218,300.0,266.78017318055316,0.0,0.0,0.0,981.8191754985899,0.0,0.0,0.0
38.0,0.0,0.0,0.0,0.0,7.853881948536478,1.0,8.0,0.0036980834923672767,6.04563424164106,354.6048391230249,277.0476638965462,300.0,270.41033607380206,0.0,0.0,0.0,981.6335679660791,0.0,0.0,0.0
39.0,0.0,0.0,0.0,0.0,7.85388194853659,1.0,8.0,0.0036497362937739086,6.04928397793484,349.71568265563684,283.1941759724269,300.0,273.99239821955007,0.0,0.0,0.0,981.4577978849652,0.0,0.0,0.0
40.0,0.0,0.0,0.0,0.0,7.853881948536526,1.0,8.0,0.0036032371411541253,6.05288721507599,344.71999940354004,289.2544243589427,300.0,277.52822276905465,0.0,0.0,0.0,981.2911032472,0.0,0.0,0.0
41.0,0.0,0.0,0.0,0.0,7.8538819485365305,1.0,8.0,0.0035584712170205757,6.05644568629301,339.61931110024733,295.22656304572826,300.0,281.01955559368207,0.0,0.0,0.0,981.1327988064324,0.0,0.0,0.0
42.0,0.0,0.0,0.0,0.0,7.853881948536624,1.0,8.0,0.003515333449343405,6.05996101974235,334.4151714648273,301.1087728614863,300.0,284.46803536853105,0.0,0.0,0.0,980.9822665594027,0.0,0.0,0.0
43.0,0.0,0.0,0.0,0.0,7.85388194853649,1.0,8.0,0.0034737274731502232,6.0634347472155,329.1091657286267,306.8992620281244,300.0,287.87520256824547,0.0,0.0,0.0,980.838947801671,0.0,0.0,0.0
44.0,0.0,0.0,0.0,0.0,7.853881948536498,1.0,8.0,0.0034335647242370038,6.06686831193974,323.70291015239303,312.5962667065488,300.0,291.24250751447045,0.0,0.0,0.0,980.7023361044412,0.0,0.0,0.0
45.0,0.0,0.0,0.0,0.0,7.853881948536607,1.0,8.0,0.0033947636455756713,6.07026307558532,318.19805153394634,318.19805153394645,300.0,294.57131759474555,0.0,0.0,0.0,980.5719713693082,0.0,0.0,0.0
46.0,0.0,0.0,0.0,0.0,7.853881948536487,1.0,8.0,0.003357248990221773,6.07362032457554,312.59626670654876,323.70291015239303,300.0,297.8629237547233,0.0,0.0,0.0,980.4474346600247,0.0,0.0,0.0
47.0,0.0,0.0,0.0,0.0,7.853881948536618,1.0,8.0,0.003320951207152145,6.07694127578269,306.89926202812427,329.1091657286268,300.0,301.1185463509239,0.0,0.0,0.0,980.3283436351528,0.0,0.0,0.0
48.0,0.0,0.0,0.0,0.0,7.85388194853649,1.0,8.0,0.003285805898620542,6.08022708168131,301.10877286148616,334.41517146482744,300.0,304.3393404399732,0.0,0.0,0.0,980.2143487542347,0.0,0.0,0.0
49.0,0.0,0.0,0.0,0.0,7.8538819485365385,1.0,8.0,0.003251753339392316,6.0834788350207,295.22656304572826,339.61931110024744,300.0,307.52640056852493,0.0,0.0,0.0,980.1051297289669,0.0,0.0,0.0
50.0,0.0,0.0,0.0,0.0,7.8538819485365305,1.0,8.0,0.003218738049687475,6.08669757307039,289.2544243589427,344.71999940354016,300.0,310.6807651206901,0.0,0.0,0.0,980.0003925362647,0.0,0.0,0.0
51.0,0.0,0.0,0.0,0.0,7.853881948536533,1.0,8.0,0.0031867084148817226,6.08988428148527,283.1941759724268,349.7156826556369,300.0,313.8034202721677,0.0,0.0,0.0,979.8998668641755,0.0,0.0,0.0
52.0,0.0,0.0,0.0,0.0,7.853881948536626,1.0,8.0,0.003155616346034451,6.09303989783131,277.04766389654617,354.604839123025,300.0,316.8953035931425,0.0,0.0,0.0,979.8033036748743,0.0,0.0,0.0
53.0,0.0,0.0,0.0,0.0,7.853881948536478,1.0,8.0,0.003125416976161033,6.09616531480747,270.8167604184217,359.38597952128185,300.0,319.9573073376991,0.0,0.0,0.0,979.7104731662788,0.0,0.0,0.0
54.0,0.0,0.0,0.0,0.0,7.853881948536573,1.0,8.0,0.0030960683878860085,6.09926138319535,264.5033635316129,364.05764746872643,300.0,322.99028145268795,0.0,0.0,0.0,979.6211630389691,0.0,0.0,0.0
55.0,0.0,0.0,0.0,0.0,7.853881948536572,1.0,8.0,0.003067531368715126,6.10232891456407,258.10939635797064,368.61841993004634,300.0,325.99503633402674,0.0,0.0,0.0,979.5351767168809,0.0,0.0,0.0
56.0,0.0,0.0,0.0,0.0,7.853881948536528,1.0,8.0,0.0030397691906767776,6.10536868375475,251.636806561836,373.06690764976884,300.0,328.97234535671345,0.0,0.0,0.0,979.4523320449517,0.0,0.0,0.0
57.0,0.0,0.0,0.0,0.0,7.853881948536495,1.0,8.0,0.003012747411514749,6.10838143116626,245.08756575676216,377.40175557544086,300.0,331.9229472002649,0.0,0.0,0.0,979.3724599261333,0.0,0.0,0.0
58.0,0.0,0.0,0.0,0.0,7.853881948536596,1.0,8.0,0.002986574220695759,6.11136800538696,238.46366890494215,381.62164327039176,300.0,334.8317925837514,0.0,0.0,0.0,973.9739141017525,0.0,0.0,0.0
59.0,0.0,0.0,0.0,0.0,7.853881948536453,1.0,8.0,0.002976190476190521,6.11434419586315,231.7671337095244,385.72528531595054,300.0,335.9999999999761,0.0,0.0,0.0,392.51769185148197,0.0,0.0,0.0
60.0,0.0,0.0,0.0,0.0,7.853881948536562,1.0,8.0,0.0029761904761904656,6.11732038633934,225.0,389.71143170299746,300.0,335.9999999999761,0.0,0.0,0.0,0.0,0.0,0.0,0.0
61.0,0.0,0.0,0.0,0.0,7.853881948536543,1.0,8.0,0.0029761904761904656,6.12029657681553,218.16432911085164,393.57886821272814,300.0,335.9999999999761,0.0,0.0,0.0,0.0,0.0,0.0,0.0
62.0,0.0,0.0,0.0,0.0,7.853881948536511,1.0,8.0,0.0029761904761904656,6.12327276729172,211.26220325365082,397.3264167865171,300.0,335.9999999999761,0.0,0.0,0.0,0.0,0.0,0.0,0.0
63.0,0.0,0.0,0.0,0.0,7.853881948536539,1.0,8.0,0.0029761904761904656,6.12624895776791,204.295724882796,400.95293588476545,300.0,335.9999999999761,0.0,0.0,0.0,0.0,0.0,0.0,0.0
64.0,0.0,0.0,0.0,0.0,7.853881948536583,1.0,8.0,0.002976190476190521,6.1292251482441,197.2670160550848,404.4573208346252,300.0,335.9999999999761,0.0,0.0,0.0,0.0,0.0,0.0,0.0
65.0,0.0,0.0,0.0,0.0,7.85388194853655,1.0,8.0,0.0029761904761904656,6.13220133872029,190.1782177833147,407.8385041664925,300.0,335.9999999999761,0.0,0.0,0.0,0.0,0.0,0.0,0.0
66.0,0.0,0.0,0.0,0.0,7.853881948536526,1.0,8.0,0.0029761904761904656,6.13517752919648,183.03148938411005,411.0954559391704,300.0,335.9999999999761,0.0,0.0,0.0,0.0,0.0,0.0,0.0
67.0,0.0,0.0,0.0,0.0,7.85388194853645,1.0,8.0,0.0029761904761904656,6.13815371967267,175.82900782017322,414.2271840535981,300.0,335.9999999999761,0.0,0.0,0.0,0.0,0.0,0.0,0.0
68.0,0.0,0.0,0.0,0.0,7.853881948536687,1.0,8.0,0.0029761904761904656,6.14112991014886,168.5729670371603,417.2327345550543,300.0,335.9999999999761,0.0,0.0,0.0,0.0,0.0,0.0,0.0
69.0,0.0,0.0,0.0,0.0,7.853881948536433,1.0,8.0,0.002976190476190521,6.14410610062505,161.26557729538513,420.11119192374076,300.0,335.9999999999761,0.0,0.0,0.0,0.0,0.0,0.0,0.0
70.0,0.0,0.0,0.0,0.0,7.853881948536547,1.0,8.0,0.0029761904761904656,6.14708229110125,153.9090644965509,422.8616793536587,300.0,335.9999999999761,0.0,0.0,0.0,0.0,0.0,0.0,0.0
71.0,0.0,0.0,0.0,0.0,7.853881948536542,1.0,8.0,0.0029761904761904656,6.15005848157744,146.5056695057205,425.48335901969256,300.0,335.9999999999761,0.0,0.0,0.0,0.0,0.0,0.0,0.0
72.0,0.0,0.0,0.0,0.0,7.85388194853659,1.0,8.0,0.0029761904761904656,6.15303467205363,139.0576474687263,427.9754323328191,300.0,335.9999999999761,0.0,0.0,0.0,0.0,0.0,0.0,0.0
73.0,0.0,0.0,0.0,0.0,7.853881948536546,1.0,8.0,0.0029761904761904656,6.15601086252982,131.56726712523147,430.33714018336593,300.0,335.9999999999761,0.0,0.0,0.0,0.0,0.0,0.0,0.0
74.0,0.0,0.0,0.0,0.0,7.8538819485365705,1.0,8.0,0.0029761904761904656,6.15898705300601,124.03681011764957,432.56776317224353,300.0,335.9999999999761,0.0,0.0,0.0,0.0,0.0,0.0,0.0
75.0,0.0,0.0,0.0,0.0,7.853881948536529,1.0,8.0,0.002976190476190521,6.1619632434822,116.46857029613429,434.66662183008077,300.0,335.9999999999761,0.0,0.0,0.0,0.0,0.0,0.0,0.0
76.0,0.0,0.0,0.0,0.0,7.853881948536447,1.0,8.0,0.0029761904761904656,6.16493943395839,108.8648530198505,436.6330768241984,300.0,335.9999999999761,0.0,0.0,0.0,0.0,0.0,0.0,0.0
77.0,0.0,0.0,0.0,0.0,7.853881948536664,1.0,8.0,0.0029761904761904656,6.16791562443458,101.22797445473915,438.46652915335585,300.0,335.9999999999761,0.0,0.0,0.0,0.0,0.0,0.0,0.0
78.0,0.0,0.0,0.0,0.0,7.853881948536449,1.0,8.0,0.0029761904761904656,6.17089181491077,93.5602608679917,440.16642033021253,300.0,335.9999999999761,0.0,0.0,0.0,0.0,0.0,0.0,0.0
79.0,0.0,0.0,0.0,0.0,7.853881948536548,1.0,8.0,0.002976190476190521,6.17386800538696,85.86404791944516,441.73223255144876,300.0,335.9999999999761,0.0,0.0,0.0,0.0,0.0,0.0,0.0
80.0,0.0,0.0,0.0,0.0,7.853881948536557,1.0,8.0,0.0029761904761904656,6.17684419586315,78.14167995011863,443.1634888554936,300.0,335.9999999999761,0.0,0.0,0.0,0.0,0.0,0.0,0.0
81.0,0.0,0.0,0.0,0.0,7.853881948536549,1.0,8.0,0.0029761904761904656,6.17982038633934,70.39550926810386,444.459753267812,300.0,335.9999999999761,0.0,0.0,0.0,0.0,0.0,0.0,0.0
82.0,0.0,0.0,0.0,0.0,7.853881948536451,1.0,8.0,0.0029761904761904656,6.18279657681553,62.627895432029504,445.6206309337066,300.0,335.9999999999761,0.0,0.0,0.0,0.0,0.0,0.0,0.0
83.0,0.0,0.0,0.0,0.0,7.853881948536652,1.0,8.0,0.0029761904761904656,6.18577276729172,54.84120453231631,446.6457682385949,300.0,335.9999999999761,0.0,0.0,0.0,0.0,0.0,0.0,0.0
84.0,0.0,0.0,0.0,0.0,7.853881948536551,1.0,8.0,0.0029761904761904656,6.18874895776792,47.037808470444,447.534852915723,300.0,335.9999999999761,0.0,0.0,0.0,0.0,0.0,0.0,0.0
85.0,0.0,0.0,0.0,0.0,7.853881948536557,1.0,8.0,0.0029761904761904656,6.1917251482441,39.220084236446105,448.28761414128553,300.0,335.9999999999761,0.0,0.0,0.0,0.0,0.0,0.0,0.0
86.0,0.0,0.0,0.0,0.0,7.853881948536453,1.0,8.0,0.002976190476190521,6.1947013387203,31.390413184856396,448.9038226169209,300.0,335.9999999999761,0.0,0.0,0.0,0.0,0.0,0.0,0.0
87.0,0.0,0.0,0.0,0.0,7.8538819485365545,1.0,8.0,0.0029761904761904656,6.19767752919649,23.551180309324725,449.38329063955825,300.0,335.9999999999761,0.0,0.0,0.0,0.0,0.0,0.0,0.0
88.0,0.0,0.0,0.0,0.0,7.853881948536552,1.0,8.0,0.0029761904761904656,6.20065371967268,15.704773516125428,449.7258721585931,300.0,335.9999999999761,0.0,0.0,0.0,0.0,0.0,0.0,0.0
89.0,0.0,0.0,0.0,0.0,7.853881948536651,1.0,8.0,0.002976190476190521,6.20362991014887,7.853582896777461,449.93146282037605,300.0,335.9999999999761,0.0,0.0,0.0,0.0,0.0,0.0,0.0
90.0,0.0,0.0,0.0,0.0,7.853881948536452,1.0,8.0,0.0029761904761904656,6.20660610062506,-3.1228493378257513e-14,450.0,300.0,335.9999999999761,0.0,0.0,0.0,0.0,0.0,0.0,0.0
91.0,0.0,0.0,0.0,0.0,7.853881948536554,1.0,8.0,0.0029761904761904656,6.20958229110125,-7.853582896777624,449.93146282037605,300.0,335.9999999999761,0.0,0.0,0.0,0.0,0.0,0.0,0.0
92.0,0.0,0.0,0.0,0.0,7.853881948536449,1.0,8.0,0.0029761904761904656,6.21255848157744,-15.704773516125389,449.7258721585931,300.0,335.9999999999761,0.0,0.0,0.0,0.0,0.0,0.0,0.0
93.0,0.0,0.0,0.0,0.0,7.853881948536555,1.0,8.0,0.0029761904761904656,6.21553467205363,-23.55118030932469,449.38329063955825,300.0,335.9999999999761,0.0,0.0,0.0,0.0,0.0,0.0,0.0
94.0,0.0,0.0,0.0,0.0,7.853881948536654,1.0,8.0,0.0029761904761904656,6.21851086252982,-31.39041318485646,448.9038226169209,300.0,335.9999999999761,0.0,0.0,0.0,0.0,0.0,0.0,0.0
95.0,0.0,0.0,0.0,0.0,7.853881948536545,1.0,8.0,0.0029761904761904656,6.22148705300601,-39.22008423644626,448.28761414128553,300.0,335.9999999999761,0.0,0.0,0.0,0.0,0.0,0.0,0.0
96.0,0.0,0.0,0.0,0.0,7.8538819485364595,1.0,8.0,0.002976190476190521,6.2244632434822,-47.03780847044406,447.53485291572304,300.0,335.9999999999761,0.0,0.0,0.0,0.0,0.0,0.0,0.0
97.0,0.0,0.0,0.0,0.0,7.853881948536544,1.0,8.0,0.0029761904761904656,6.22743943395839,-54.84120453231637,446.64576823859494,300.0,335.9999999999761,0.0,0.0,0.0,0.0,0.0,0.0,0.0
98.0,0.0,0.0,0.0,0.0,7.853881948536554,1.0,8.0,0.0029761904761904656,6.23041562443458,-62.62789543202946,445.62063093370665,300.0,335.9999999999761,0.0,0.0,0.0,0.0,0.0,0.0,0.0
99.0,0.0,0.0,0.0,0.0,7.853881948536664,1.0,8.0,0.0029761904761904656,6.23339181491077,-70.39550926810402,444.45975326781195,300.0,335.9999999999761,0.0,0.0,0.0,0.0,0.0,0.0,0.0
100.0,0.0,0.0,0.0,0.0,7.853881948536442,1.0,8.0,0.002976190476190521,6.23636800538697,-78.14167995011869,443.1634888554936,300.0,335.9999999999761,0.0,0.0,0.0,0.0,0.0,0.0,0.0
101.0,0.0,0.0,0.0,0.0,7.853881948536571,1.0,8.0,0.0029761904761904656,6.23934419586316,-85.86404791944523,441.73223255144876,300.0,335.9999999999761,0.0,0.0,0.0,0.0,0.0,0.0,0.0
102.0,0.0,0.0,0.0,0.0,7.853881948536436,1.0,8.0,0.0029761904761904656,6.24232038633935,-93.56026086799166,440.16642033021253,300.0,335.9999999999761,0.0,0.0,0.0,0.0,0.0,0.0,0.0
103.0,0.0,0.0,0.0,0.0,7.8538819485365465,1.0,8.0,0.0029761904761904656,6.24529657681554,-101.22797445473921,438.46652915335585,300.0,335.9999999999761,0.0,0.0,0.0,0.0,0.0,0.0,0.0
104.0,0.0,0.0,0.0,0.0,7.853881948536664,1.0,8.0,0.0029761904761904656,6.24827276729173,-108.86485301985056,436.6330768241984,300.0,335.9999999999761,0.0,0.0,0.0,0.0,0.0,0.0,0.0
105.0,0.0,0.0,0.0,0.0,7.853881948536543,1.0,8.0,0.0029761904761904656,6.25124895776792,-116.46857029613444,434.66662183008077,300.0,335.9999999999761,0.0,0.0,0.0,0.0,0.0,0.0,0.0
106.0,0.0,0.0,0.0,0.0,7.853881948536433,1.0,8.0,0.0029761904761904656,6.25422514824411,-124.03681011764962,432.56776317224353,300.0,335.9999999999761,0.0,0.0,0.0,0.0,0.0,0.0,0.0
107.0,0.0,0.0,0.0,0.0,7.853881948536581,1.0,8.0,0.002976190476190521,6.2572013387203,-131.56726712523155,430.337140183366,300.0,335.9999999999761,0.0,0.0,0.0,0.0,0.0,0.0,0.0
108.0,0.0,0.0,0.0,0.0,7.853881948536546,1.0,8.0,0.0029761904761904656,6.26017752919649,-139.05764746872637,427.97543233281914,300.0,335.9999999999761,0.0,0.0,0.0,0.0,0.0,0.0,0.0
109.0,0.0,0.0,0.0,0.0,7.853881948536474,1.0,8.0,0.0029761904761904656,6.26315371967268,-146.50566950572045,425.48335901969256,300.0,335.9999999999761,0.0,0.0,0.0,0.0,0.0,0.0,0.0
110.0,0.0,0.0,0.0,0.0,7.853881948536611,1.0,8.0,0.002976190476190521,6.26612991014887,-153.90906449655097,422.8616793536588,300.0,335.9999999999761,0.0,0.0,0.0,0.0,0.0,0.0,0.0
111.0,0.0,0.0,0.0,0.0,7.853881948536587,1.0,8.0,0.0029761904761904656,6.26910610062506,-161.26557729538519,420.11119192374076,300.0,335.9999999999761,0.0,0.0,0.0,0.0,0.0,0.0,0.0
112.0,0.0,0.0,0.0,0.0,7.8538819485365385,1.0,8.0,0.0029761904761904656,6.27208229110125,-168.57296703716048,417.2327345550543,300.0,335.9999999999761,0.0,0.0,0.0,0.0,0.0,0.0,0.0
113.0,0.0,0.0,0.0,0.0,7.853881948536433,1.0,8.0,0.0029761904761904656,6.27505848157744,-175.82900782017316,414.2271840535982,300.0,335.9999999999761,0.0,0.0,0.0,0.0,0.0,0.0,0.0
114.0,0.0,0.0,0.0,0.0,7.8538819485366,1.0,8.0,0.0029761904761904656,6.27803467205364,-183.0314893841101,411.0954559391704,300.0,335.9999999999761,0.0,0.0,0.0,0.0,0.0,0.0,0.0
115.0,0.0,0.0,0.0,0.0,7.853881948536526,1.0,8.0,0.0029761904761904656,6.28101086252983,-190.17821778331475,407.8385041664925,300.0,335.9999999999761,0.0,0.0,0.0,0.0,0.0,0.0,0.0
116.0,0.0,0.0,0.0,0.0,7.8538819485366504,1.0,8.0,0.0029761904761904656,6.28398705300602,-197.26701605508492,404.4573208346251,300.0,335.9999999999761,0.0,0.0,0.0,0.0,0.0,0.0,0.0
117.0,0.0,0.0,0.0,0.0,7.853881948536456,1.0,8.0,0.0029761904761904656,6.28696324348221,-204.2957248827961,400.95293588476557,300.0,335.9999999999761,0.0,0.0,0.0,0.0,0.0,0.0,0.0
118.0,0.0,0.0,0.0,0.0,7.853881948536438,1.0,8.0,0.0029761904761905766,6.2899394339584,-211.2622032536508,397.3264167865172,300.0,335.9999999999761,0.0,0.0,0.0,0.0,0.0,0.0,0.0
119.0,0.0,0.0,0.0,0.0,7.853881948536667,1.0,8.0,0.0029761904761904656,6.29291562443459,-218.1643291108517,393.5788682127281,300.0,335.9999999999761,0.0,0.0,0.0,0.0,0.0,0.0,0.0
120.0,0.0,0.0,0.0,0.0,7.853881948536472,1.0,8.0,0.0029761904761904656,6.29589181491078,-224.99999999999994,389.71143170299734,300.0,335.9999999999761,0.0,0.0,0.0,0.0,0.0,0.0,0.0
121.0,0.0,0.0,0.0,0.0,7.853881948536681,1.0,8.0,0.0029761904761904656,6.29886800538697,-231.7671337095245,385.7252853159505,300.0,335.9999999999761,0.0,0.0,0.0,0.0,0.0,0.0,0.0
122.0,0.0,0.0,0.0,0.0,7.853881948536435,1.0,8.0,0.0029761904761904656,6.30184419586316,-238.4636689049422,381.62164327039164,300.0,335.9999999999761,0.0,0.0,0.0,0.0,0.0,0.0,0.0
123.0,0.0,0.0,0.0,0.0,7.853881948536596,1.0,8.0,0.0029865742206958146,6.30483077008386,-245.08756575676222,377.40175557544075,300.0,334.8317925837514,0.0,0.0,0.0,-391.1529832841596,0.0,0.0,0.0
124.0,0.0,0.0,0.0,0.0,7.853881948536495,1.0,8.0,0.0030127474115148045,6.30784351749537,-251.63680656183607,373.0669076497687,300.0,331.9229472002649,0.0,0.0,0.0,-965.5125326367216,0.0,0.0,0.0
125.0,0.0,0.0,0.0,0.0,7.853881948536416,1.0,8.0,0.003039769190676722,6.31088328668605,-258.10939635797064,368.61841993004634,300.0,328.97234535671345,0.0,0.0,0.0,-970.6664086869641,0.0,0.0,0.0
126.0,0.0,0.0,0.0,0.0,7.853881948536684,1.0,8.0,0.0030675313687150707,6.31395081805476,-264.50336353161293,364.0576474687263,300.0,325.99503633402674,0.0,0.0,0.0,-970.58796302838,0.0,0.0,0.0
127.0,0.0,0.0,0.0,0.0,7.853881948536653,1.0,8.0,0.0030960683878860085,6.31704688644265,-270.81676041842184,359.3859795212817,300.0,322.99028145268795,0.0,0.0,0.0,-970.5066248199516,0.0,0.0,0.0
128.0,0.0,0.0,0.0,0.0,7.8538819485364435,1.0,8.0,0.0031254169761610884,6.32017230341881,-277.0476638965463,354.6048391230249,300.0,319.9573073376991,0.0,0.0,0.0,-970.4222310567768,0.0,0.0,0.0
129.0,0.0,0.0,0.0,0.0,7.85388194853651,1.0,8.0,0.003155616346034451,6.32332791976484,-283.1941759724269,349.7156826556369,300.0,316.8953035931425,0.0,0.0,0.0,-970.3346062346002,0.0,0.0,0.0
130.0,0.0,0.0,0.0,0.0,7.85388194853665,1.0,8.0,0.003186708414881667,6.32651462817973,-289.2544243589428,344.71999940354004,300.0,313.8034202721677,0.0,0.0,0.0,-970.2435612043523,0.0,0.0,0.0
131.0,0.0,0.0,0.0,0.0,7.853881948536648,1.0,8.0,0.0032187380496874196,6.32973336622941,-295.2265630457284,339.6193111002472,300.0,310.6807651206901,0.0,0.0,0.0,-970.148891669126,0.0,0.0,0.0
132.0,0.0,0.0,0.0,0.0,7.85388194853642,1.0,8.0,0.003251753339392427,6.33298511956881,-301.1087728614863,334.4151714648273,300.0,307.52640056852493,0.0,0.0,0.0,-970.0503768083083,0.0,0.0,0.0
133.0,0.0,0.0,0.0,0.0,7.853881948536448,1.0,8.0,0.0032858058986204863,6.33627092546743,-306.8992620281243,329.1091657286267,300.0,304.3393404399732,0.0,0.0,0.0,-969.9477774659629,0.0,0.0,0.0
134.0,0.0,0.0,0.0,0.0,7.853881948536459,1.0,8.0,0.003320951207152145,6.33959187667458,-312.59626670654876,323.7029101523931,300.0,301.1185463509642,0.0,0.0,0.0,-969.8408341781736,0.0,0.0,0.0
135.0,0.0,0.0,0.0,0.0,7.853881948536647,1.0,8.0,0.0033572489902218283,6.3429491256648,-318.1980515339464,318.19805153394634,300.0,297.8629237547233,0.0,0.0,0.0,-969.7292651582651,0.0,0.0,0.0
136.0,0.0,0.0,0.0,0.0,7.853881948536688,1.0,8.0,0.0033947636455756713,6.34634388931038,-323.70291015239314,312.59626670654865,300.0,294.5713175947841,0.0,0.0,0.0,-969.6127635363955,0.0,0.0,0.0
137.0,0.0,0.0,0.0,0.0,7.853881948536457,1.0,8.0,0.0034335647242369483,6.34977745403461,-329.1091657286268,306.89926202812427,300.0,291.2425075145081,0.0,0.0,0.0,-969.4909948191573,0.0,0.0,0.0
138.0,0.0,0.0,0.0,0.0,7.853881948536448,1.0,8.0,0.0034737274731502232,6.35325118150776,-334.41517146482744,301.1087728614862,300.0,287.87520256828225,0.0,0.0,0.0,-969.3635935039395,0.0,0.0,0.0
139.0,0.0,0.0,0.0,0.0,7.853881948536581,1.0,8.0,0.003515333449343516,6.3567665149571,-339.61931110024744,295.22656304572826,300.0,284.4680353684951,0.0,0.0,0.0,-969.2301594954203,0.0,0.0,0.0
140.0,0.0,0.0,0.0,0.0,7.8538819485365305,1.0,8.0,0.0035584712170204646,6.36032498617413,-344.71999940354016,289.2544243589427,300.0,281.01955559371714,0.0,0.0,0.0,-969.0902537820295,0.0,0.0,0.0
141.0,0.0,0.0,0.0,0.0,7.85388194853641,1.0,8.0,0.00360323714115407,6.36392822331528,-349.71568265563684,283.19417597242693,300.0,277.52822276908887,0.0,0.0,0.0,-968.9433939144677,0.0,0.0,0.0
142.0,0.0,0.0,0.0,0.0,7.8538819485366345,1.0,8.0,0.003649736293773964,6.36757795960905,-354.6048391230249,277.0476638965462,300.0,273.99239821955007,0.0,0.0,0.0,-968.7890480116968,0.0,0.0,0.0
143.0,0.0,0.0,0.0,0.0,7.853881948536682,1.0,8.0,0.0036980834923673322,6.37127604310142,-359.38597952128185,270.8167604184216,300.0,270.4103360737696,0.0,0.0,0.0,-968.6266286776249,0.0,0.0,0.0
144.0,0.0,0.0,0.0,0.0,7.853881948536368,1.0,8.0,0.003748404493774782,6.3750244475952,-364.0576474687263,264.50336353161293,300.0,266.78017318052156,0.0,0.0,0.0,-968.4554853342156,0.0,0.0,0.0
145.0,0.0,0.0,0.0,0.0,7.853881948536512,1.0,8.0,0.0038008373718695365,6.37882528496707,-368.6184199300463,258.1093963579708,300.0,263.09991777104,0.0,0.0,0.0,-968.2748956110237,0.0,0.0,0.0
146.0,0.0,0.0,0.0,0.0,7.853881948536622,1.0,8.0,0.003855534113423542,6.38268081908049,-373.0669076497688,251.63680656183607,300.0,259.3674366719773,0.0,0.0,0.0,-968.0840550904924,0.0,0.0,0.0
147.0,0.0,0.0,0.0,0.0,7.853881948536755,1.0,8.0,0.003912662474213624,6.3865934815547,-377.401755575441,245.08756575676202,300.0,255.58044083547625,0.0,0.0,0.0,-967.8820653350549,0.0,0.0,0.0
148.0,0.0,0.0,0.0,0.0,7.853881948536415,1.0,8.0,0.003972408147056905,6.39056588970176,-381.62164327039176,238.46366890494215,300.0,251.7364689076424,0.0,0.0,0.0,-967.6679196929958,0.0,0.0,0.0
149.0,0.0,0.0,0.0,0.0,7.853881948536404,1.0,8.0,0.004034977305693355,6.39460086700745,-385.72528531595054,231.76713370952444,300.0,247.83286849942243,0.0,0.0,0.0,-967.4404866446722,0.0,0.0,0.0
150.0,0.0,0.0,0.0,0.0,7.853881948536684,1.0,8.0,0.004100599604029087,6.39870146661148,-389.71143170299746,224.99999999999991,300.0,243.86677475593902,0.0,0.0,0.0,-967.1984896030084,0.0,0.0,0.0
151.0,0.0,0.0,0.0,0.0,7.853881948536444,1.0,8.0,0.004169531730332521,6.40287099834181,-393.57886821272814,218.16432911085167,300.0,239.83508573040567,0.0,0.0,0.0,-966.9404830771274,0.0,0.0,0.0
152.0,0.0,0.0,0.0,0.0,7.853881948536434,1.0,8.0,0.0042420616419731605,6.40711305998379,-397.32641678651703,211.2622032536509,300.0,235.73443396143355,0.0,0.0,0.0,-966.6648236315923,0.0,0.0,0.0
153.0,0.0,0.0,0.0,0.0,7.853881948536616,1.0,8.0,0.004318513640290456,6.41143157362408,-400.95293588476545,204.29572488279604,300.0,231.56115351129577,0.0,0.0,0.0,-966.3696349600443,0.0,0.0,0.0
154.0,0.0,0.0,0.0,0.0,7.853881948536685,1.0,8.0,0.004399254489970472,6.41583082811405,-404.4573208346252,197.26701605508472,300.0,227.31124154780633,0.0,0.0,0.0,-966.0527648896596,0.0,0.0,0.0
155.0,0.0,0.0,0.0,0.0,7.853881948536448,1.0,8.0,0.0044847008469312,6.42031552896098,-407.8385041664925,190.17821778331472,300.0,222.9803133210674,0.0,0.0,0.0,-965.7117329693021,0.0,0.0,0.0
156.0,0.0,0.0,0.0,0.0,7.853881948536475,1.0,8.0,0.004575328338827456,6.42489085729981,-411.0954559391704,183.03148938411013,300.0,218.56354909303056,0.0,0.0,0.0,-965.343665186871,0.0,0.0,0.0
157.0,0.0,0.0,0.0,0.0,7.853881948536424,1.0,8.0,0.004671682751144268,6.42956254005095,-414.2271840535981,175.82900782017333,300.0,214.05563118664077,0.0,0.0,0.0,-964.9452127898272,0.0,0.0,0.0
158.0,0.0,0.0,0.0,0.0,7.85388194853666,1.0,8.0,0.004774393921429754,6.43433693397238,-417.2327345550543,168.57296703716045,300.0,209.45066880876277,0.0,0.0,0.0,-964.5124498857368,0.0,0.0,0.0
159.0,0.0,0.0,0.0,0.0,7.853881948536644,1.0,8.0,0.0048841931524092885,6.43922112712479,-420.11119192374076,161.26557729538504,300.0,204.74210761028507,0.0,0.0,0.0,-964.0407435883333,0.0,0.0,0.0
160.0,0.0,0.0,0.0,0.0,7.853881948536441,1.0,8.0,0.005001935248375,6.44422306237317,-422.8616793536587,153.90906449655094,300.0,199.92262001490695,0.0,0.0,0.0,-963.5245871973376,0.0,0.0,0.0
161.0,0.0,0.0,0.0,0.0,7.853881948536461,1.0,8.0,0.005128626699603567,6.44935168907277,-425.48335901969256,146.50566950572062,300.0,194.9839710652642,0.0,0.0,0.0,-962.9573838986403,0.0,0.0,0.0
162.0,0.0,0.0,0.0,0.0,7.853881948536671,1.0,8.0,0.005265462151025302,6.4546171512238,-427.9754323328191,139.05764746872632,300.0,189.91685275056733,0.0,0.0,0.0,-962.3311628419884,0.0,0.0,0.0
163.0,0.0,0.0,0.0,0.0,7.853881948536437,1.0,8.0,0.0054138721965339975,6.46003102342033,-430.33714018336593,131.5672671252316,300.0,184.71067725612838,0.0,0.0,0.0,-961.6362014920778,0.0,0.0,0.0
164.0,0.0,0.0,0.0,0.0,7.853881948536457,1.0,8.0,0.005575586906435226,6.46560661032676,-432.5677631722434,124.0368101176498,300.0,179.35331594345354,0.0,0.0,0.0,-960.8605161354054,0.0,0.0,0.0
165.0,0.0,0.0,0.0,0.0,7.853881948536653,1.0,8.0,0.00575272160172946,6.47135933192849,-434.6666218300807,116.4685702961344,300.0,173.8307655457076,0.0,0.0,0.0,-959.9891634049274,0.0,0.0,0.0
166.0,0.0,0.0,0.0,0.0,7.853881948536653,1.0,8.0,0.005947894714141144,6.47730722664264,-436.6330768241984,108.86485301985041,300.0,168.12671509173376,0.0,0.0,0.0,-959.003265544136,0.0,0.0,0.0
167.0,0.0,0.0,0.0,0.0,7.853881948536636,1.0,8.0,0.006164392961719445,6.48347161960435,-438.46652915335585,101.2279744547391,300.0,162.22197484975135,0.0,0.0,0.0,-957.8786230291852,0.0,0.0,0.0
168.0,0.0,0.0,0.0,0.0,7.853881948536463,1.0,8.0,0.006406408074998038,6.48987802767935,-440.16642033021253,93.56026086799163,300.0,156.0937093443464,0.0,0.0,0.0,-956.583694585665,0.0,0.0,0.0
169.0,0.0,0.0,0.0,0.0,7.853881948536464,1.0,8.0,0.006679384870785121,6.49655741255014,-441.73223255144876,85.86404791944517,300.0,149.71438528327477,0.0,0.0,0.0,-955.0765803261427,0.0,0.0,0.0
170.0,0.0,0.0,0.0,0.0,7.853881948536627,1.0,8.0,0.006990548431875521,6.50354796098201,-443.1634888554936,78.14167995011857,300.0,143.0502927982208,0.0,0.0,0.0,-953.3003812213933,0.0,0.0,0.0
171.0,0.0,0.0,0.0,0.0,7.853881948536469,1.0,8.0,0.0073497307105350185,6.51089769169255,-444.45975326781195,70.39550926810388,300.0,136.05940671630069,0.0,0.0,0.0,-951.175812727294,0.0,0.0,0.0
172.0,0.0,0.0,0.0,0.0,7.853881948536452,1.0,8.0,0.007770721053281804,6.51866841274583,-445.6206309337066,62.627895432029526,300.0,128.6881864814425,0.0,0.0,0.0,-948.5889641792126,0.0,0.0,0.0
173.0,0.0,0.0,0.0,0.0,7.853881948536645,1.0,8.0,0.008273585141014173,6.52694199788684,-446.6457682385949,54.84120453231634,300.0,120.86658721172726,0.0,0.0,0.0,-945.3700102682188,0.0,0.0,0.0
174.0,0.0,0.0,0.0,0.0,7.8538819485364595,1.0,8.0,0.00888889865800968,6.53583089654485,-447.534852915723,47.03780847044412,300.0,112.49987635969664,0.0,0.0,0.0,-941.2539363907771,0.0,0.0,0.0
175.0,0.0,0.0,0.0,0.0,7.853881948536458,1.0,8.0,0.00966610253667921,6.54549699908153,-448.28761414128553,39.220084236446326,300.0,103.45431327729163,0.0,0.0,0.0,-935.8025168966317,0.0,0.0,0.0
176.0,0.0,0.0,0.0,0.0,7.853881948536641,1.0,8.0,0.01069177397679899,6.55618877305833,-448.9038226169209,31.390413184856428,300.0,93.529848476971,0.0,0.0,0.0,-928.2336889890212,0.0,0.0,0.0
177.0,0.0,0.0,0.0,0.0,7.8538819485366576,1.0,8.0,0.012135708676294099,6.56832448173463,-449.38329063955825,23.551180309324653,300.0,82.40145068358326,0.0,0.0,0.0,-916.9961219591361,0.0,0.0,0.0
178.0,0.0,0.0,0.0,0.0,7.853881948536653,1.0,8.0,0.014395192533238621,6.58271967426786,-449.7258721585931,15.704773516125256,300.0,69.46763634393855,0.0,0.0,0.0,-898.4815110864565,0.0,0.0,0.0
179.0,0.0,0.0,0.0,0.0,7.853881948536451,1.0,8.0,0.01876018015625114,6.60147985442411,-449.93146282037605,7.853582896777489,300.0,53.30439215781128,0.0,0.0,0.0,-861.5719066397913,0.0,0.0,0.0
180.0,0.0,0.0,0.0,0.0,7.853881948536453,1.0,8.0,0.04529108136578386,6.6467709357899,-450.0,-3.673940397442067e-15,300.0,22.079402165819495,0.0,0.0,0.0,-689.4291116568754,0.0,0.0,0.0
179.0,0.0,0.0,0.0,0.0,7.853881948536453,1.0,9.0,0.0,6.6467709357899,-449.93146282037605,7.853582896777489,300.0,0.0,0.0,0.0,0.0,0.0,0.0,0.0,0.0
178.0,0.0,0.0,0.0,0.0,7.853881948536451,1.0,9.0,0.06405126152203486,6.71082219731193,-449.7258721585931,15.704773516125256,300.0,-15.612494995995906,0.0,0.0,0.0,-243.74999999999721,0.0,0.0,0.0
177.0,0.0,0.0,0.0,0.0,7.853881948536653,1.0,9.0,0.01439519253323876,6.72521738984517,-449.38329063955825,23.551180309324653,300.0,-69.46763634393855,0.0,0.0,0.0,-3741.189374410288,0.0,0.0,0.0
176.0,0.0,0.0,0.0,0.0,7.8538819485366576,1.0,9.0,0.012135708676294044,6.73735309852147,-448.9038226169209,31.390413184856428,300.0,-82.40145068358326,0.0,0.0,0.0,-1065.7650644588557,0.0,0.0,0.0
175.0,0.0,0.0,0.0,0.0,7.853881948536641,1.0,9.0,0.010691773976799004,6.74804487249827,-448.28761414128553,39.220084236446326,300.0,-93.529848476971,0.0,0.0,0.0,-1040.837359407013,0.0,0.0,0.0
174.0,0.0,0.0,0.0,0.0,7.853881948536458,1.0,9.0,0.009666102536679155,6.75771097503494,-447.534852915723,47.03780847044412,300.0,-103.45431327729163,0.0,0.0,0.0,-1026.7286905618246,0.0,0.0,0.0
173.0,0.0,0.0,0.0,0.0,7.8538819485364595,1.0,9.0,0.008888898658009792,6.76659987369296,-446.6457682385949,54.84120453231634,300.0,-112.49987635969664,0.0,0.0,0.0,-1017.6247283744002,0.0,0.0,0.0
172.0,0.0,0.0,0.0,0.0,7.853881948536645,1.0,9.0,0.008273585141014103,6.77487345883397,-445.6206309337066,62.627895432029526,300.0,-120.86658721172726,0.0,0.0,0.0,-1011.255786872264,0.0,0.0,0.0
171.0,0.0,0.0,0.0,0.0,7.853881948536452,1.0,9.0,0.007770721053281776,6.78264417988725,-444.45975326781195,70.39550926810388,300.0,-128.6881864814425,0.0,0.0,0.0,-1006.5474254042286,0.0,0.0,0.0
170.0,0.0,0.0,0.0,0.0,7.853881948536469,1.0,9.0,0.007349730710535074,6.78999391059779,-443.1634888554936,78.14167995011857,300.0,-136.05940671630069,0.0,0.0,0.0,-1002.9238519299954,0.0,0.0,0.0
169.0,0.0,0.0,0.0,0.0,7.853881948536627,1.0,9.0,0.006990548431875604,6.79698445902966,-441.73223255144876,85.86404791944517,300.0,-143.0502927982208,0.0,0.0,0.0,-1000.0483009376783,0.0,0.0,0.0
168.0,0.0,0.0,0.0,0.0,7.853881948536464,1.0,9.0,0.006679384870785066,6.80366384390045,-440.16642033021253,93.56026086799163,300.0,-149.71438528327477,0.0,0.0,0.0,-997.710509870746,0.0,0.0,0.0
167.0,0.0,0.0,0.0,0.0,7.853881948536463,1.0,9.0,0.006406408074997982,6.81007025197544,-438.46652915335585,101.2279744547391,300.0,-156.0937093443464,0.0,0.0,0.0,-995.7723558023101,0.0,0.0,0.0
166.0,0.0,0.0,0.0,0.0,7.853881948536636,1.0,9.0,0.006164392961719473,6.81623464493716,-436.6330768241984,108.86485301985041,300.0,-162.22197484975135,0.0,0.0,0.0,-994.1393326904013,0.0,0.0,0.0
165.0,0.0,0.0,0.0,0.0,7.853881948536653,1.0,9.0,0.005947894714141144,6.8221825396513,-434.6666218300807,116.4685702961344,300.0,-168.12671509173376,0.0,0.0,0.0,-992.7445803544716,0.0,0.0,0.0
164.0,0.0,0.0,0.0,0.0,7.853881948536653,1.0,9.0,0.005752721601729488,6.82793526125304,-432.5677631722434,124.0368101176498,300.0,-173.8307655457076,0.0,0.0,0.0,-991.5394571256153,0.0,0.0,0.0
163.0,0.0,0.0,0.0,0.0,7.853881948536457,1.0,9.0,0.00557558690643517,6.83351084815947,-430.33714018336593,131.5672671252316,300.0,-179.35331594345354,0.0,0.0,0.0,-990.4877263005709,0.0,0.0,0.0
162.0,0.0,0.0,0.0,0.0,7.853881948536437,1.0,9.0,0.005413872196534081,6.838924720356,-427.9754323328191,139.05764746872632,300.0,-184.71067725612838,0.0,0.0,0.0,-989.5618363699506,0.0,0.0,0.0
161.0,0.0,0.0,0.0,0.0,7.853881948536671,1.0,9.0,0.005265462151025246,6.84419018250703,-425.48335901969256,146.50566950572062,300.0,-189.91685275056733,0.0,0.0,0.0,-988.7404647709745,0.0,0.0,0.0
160.0,0.0,0.0,0.0,0.0,7.853881948536461,1.0,9.0,0.005128626699603511,6.84931880920663,-422.8616793536587,153.90906449655094,300.0,-194.9839710652642,0.0,0.0,0.0,-988.0068508571248,0.0,0.0,0.0
159.0,0.0,0.0,0.0,0.0,7.853881948536441,1.0,9.0,0.005001935248375,6.85432074445501,-420.11119192374076,161.26557729538504,300.0,-199.92262001490695,0.0,0.0,0.0,-987.3476373464478,0.0,0.0,0.0
158.0,0.0,0.0,0.0,0.0,7.853881948536644,1.0,9.0,0.0048841931524093996,6.85920493760742,-417.2327345550543,168.57296703716045,300.0,-204.74210761028507,0.0,0.0,0.0,-986.7520478793411,0.0,0.0,0.0
157.0,0.0,0.0,0.0,0.0,7.85388194853666,1.0,9.0,0.0047743939214296705,6.86397933152885,-414.2271840535981,175.82900782017333,300.0,-209.45066880876277,0.0,0.0,0.0,-986.211292148143,0.0,0.0,0.0
156.0,0.0,0.0,0.0,0.0,7.853881948536424,1.0,9.0,0.0046716827511442405,6.86865101427999,-411.0954559391704,183.03148938411013,300.0,-214.05563118664077,0.0,0.0,0.0,-985.7181283874086,0.0,0.0,0.0
155.0,0.0,0.0,0.0,0.0,7.853881948536475,1.0,9.0,0.004575328338827511,6.87322634261882,-407.8385041664925,190.17821778331472,300.0,-218.56354909303056,0.0,0.0,0.0,-985.2665366405769,0.0,0.0,0.0
154.0,0.0,0.0,0.0,0.0,7.853881948536448,1.0,9.0,0.004484700846931172,6.87771104346575,-404.4573208346252,197.26701605508472,300.0,-222.9803133210674,0.0,0.0,0.0,-984.8514714329368,0.0,0.0,0.0
153.0,0.0,0.0,0.0,0.0,7.853881948536685,1.0,9.0,0.004399254489970528,6.88211029795572,-400.95293588476545,204.29572488279604,300.0,-227.31124154780633,0.0,0.0,0.0,-984.4686722744663,0.0,0.0,0.0
152.0,0.0,0.0,0.0,0.0,7.853881948536616,1.0,9.0,0.004318513640290372,6.88642881159601,-397.32641678651703,211.2622032536509,300.0,-231.56115351129577,0.0,0.0,0.0,-984.1145165870703,0.0,0.0,0.0
151.0,0.0,0.0,0.0,0.0,7.853881948536434,1.0,9.0,0.004242061641973188,6.89067087323799,-393.57886821272814,218.16432911085167,300.0,-235.73443396143355,0.0,0.0,0.0,-983.7859046755465,0.0,0.0,0.0
150.0,0.0,0.0,0.0,0.0,7.853881948536444,1.0,9.0,0.004169531730332493,6.89484040496832,-389.71143170299746,224.99999999999991,300.0,-239.83508573040567,0.0,0.0,0.0,-983.4801685619665,0.0,0.0,0.0
149.0,0.0,0.0,0.0,0.0,7.853881948536684,1.0,9.0,0.00410059960402917,6.89894100457235,-385.72528531595054,231.76713370952444,300.0,-243.86677475593902,0.0,0.0,0.0,-983.1949994757335,0.0,0.0,0.0
148.0,0.0,0.0,0.0,0.0,7.853881948536404,1.0,9.0,0.004034977305693355,6.90297598187804,-381.62164327039176,238.46366890494215,300.0,-247.83286849942243,0.0,0.0,0.0,-982.9283891851067,0.0,0.0,0.0
147.0,0.0,0.0,0.0,0.0,7.853881948536415,1.0,9.0,0.003972408147056905,6.9069483900251,-377.401755575441,245.08756575676202,300.0,-251.7364689076424,0.0,0.0,0.0,-982.6785827917272,0.0,0.0,0.0
146.0,0.0,0.0,0.0,0.0,7.853881948536755,1.0,9.0,0.0039126624742135685,6.91086105249931,-373.0669076497688,251.63680656183607,300.0,-255.58044083547625,0.0,0.0,0.0,-982.4440398749705,0.0,0.0,0.0
145.0,0.0,0.0,0.0,0.0,7.853881948536622,1.0,9.0,0.003855534113423542,6.91471658661273,-368.6184199300463,258.1093963579708,300.0,-259.3674366719773,0.0,0.0,0.0,-982.2234028007313,0.0,0.0,0.0
144.0,0.0,0.0,0.0,0.0,7.853881948536512,1.0,9.0,0.0038008373718695365,6.9185174239846,-364.0576474687263,264.50336353161293,300.0,-263.09991777104,0.0,0.0,0.0,-982.0154702453525,0.0,0.0,0.0
143.0,0.0,0.0,0.0,0.0,7.853881948536368,1.0,9.0,0.0037484044937748373,6.92226582847838,-359.38597952128185,270.8167604184216,300.0,-266.78017318052156,0.0,0.0,0.0,-981.819175490042,0.0,0.0,0.0
142.0,0.0,0.0,0.0,0.0,7.853881948536682,1.0,9.0,0.0036980834923672767,6.92596391197075,-354.6048391230249,277.0476638965462,300.0,-270.4103360737696,0.0,0.0,0.0,-981.6335679657307,0.0,0.0,0.0
141.0,0.0,0.0,0.0,0.0,7.8538819485366345,1.0,9.0,0.0036497362937739086,6.92961364826452,-349.71568265563684,283.19417597242693,300.0,-273.99239821955007,0.0,0.0,0.0,-981.4577978938584,0.0,0.0,0.0
140.0,0.0,0.0,0.0,0.0,7.85388194853641,1.0,9.0,0.0036032371411541253,6.93321688540567,-344.71999940354016,289.2544243589427,300.0,-277.52822276908887,0.0,0.0,0.0,-981.2911032568179,0.0,0.0,0.0
139.0,0.0,0.0,0.0,0.0,7.8538819485365305,1.0,9.0,0.0035584712170205757,6.93677535662269,-339.61931110024744,295.22656304572826,300.0,-281.019555593647,0.0,0.0,0.0,-981.1327987868376,0.0,0.0,0.0
138.0,0.0,0.0,0.0,0.0,7.853881948536581,1.0,9.0,0.003515333449343405,6.94029069007204,-334.41517146482744,301.1087728614862,300.0,-284.468035368567,0.0,0.0,0.0,-980.9822665797232,0.0,0.0,0.0
137.0,0.0,0.0,0.0,0.0,7.853881948536448,1.0,9.0,0.0034737274731502232,6.94376441754519,-329.1091657286268,306.89926202812427,300.0,-287.87520256828225,0.0,0.0,0.0,-980.8389478020418,0.0,0.0,0.0
136.0,0.0,0.0,0.0,0.0,7.853881948536457,1.0,9.0,0.0034335647242370038,6.94719798226942,-323.70291015239314,312.59626670654865,300.0,-291.24250751443276,0.0,0.0,0.0,-980.702336082627,0.0,0.0,0.0
135.0,0.0,0.0,0.0,0.0,7.853881948536688,1.0,9.0,0.0033947636455756713,6.950592745915,-318.1980515339464,318.19805153394634,300.0,-294.5713175947841,0.0,0.0,0.0,-980.5719713918909,0.0,0.0,0.0
134.0,0.0,0.0,0.0,0.0,7.853881948536647,1.0,9.0,0.003357248990221773,6.95394999490522,-312.59626670654876,323.7029101523931,300.0,-297.8629237547233,0.0,0.0,0.0,-980.4474346485451,0.0,0.0,0.0
133.0,0.0,0.0,0.0,0.0,7.853881948536459,1.0,9.0,0.003320951207152145,6.95727094611237,-306.8992620281243,329.1091657286267,300.0,-301.1185463509642,0.0,0.0,0.0,-980.3283436474196,0.0,0.0,0.0
132.0,0.0,0.0,0.0,0.0,7.853881948536448,1.0,9.0,0.003285805898620542,6.96055675201099,-301.1087728614863,334.4151714648273,300.0,-304.3393404399732,0.0,0.0,0.0,-980.2143487419692,0.0,0.0,0.0
131.0,0.0,0.0,0.0,0.0,7.85388194853642,1.0,9.0,0.003251753339392316,6.96380850535039,-295.2265630457284,339.6193111002472,300.0,-307.52640056852493,0.0,0.0,0.0,-980.1051297289669,0.0,0.0,0.0
130.0,0.0,0.0,0.0,0.0,7.853881948536648,1.0,9.0,0.003218738049687475,6.96702724340007,-289.2544243589428,344.71999940354004,300.0,-310.6807651206901,0.0,0.0,0.0,-980.0003925362647,0.0,0.0,0.0
129.0,0.0,0.0,0.0,0.0,7.85388194853665,1.0,9.0,0.0031867084148817226,6.97021395181496,-283.1941759724269,349.7156826556369,300.0,-313.8034202721677,0.0,0.0,0.0,-979.8998668641755,0.0,0.0,0.0
128.0,0.0,0.0,0.0,0.0,7.85388194853651,1.0,9.0,0.003155616346034451,6.97336956816099,-277.0476638965463,354.6048391230249,300.0,-316.8953035931425,0.0,0.0,0.0,-979.8033036748743,0.0,0.0,0.0
127.0,0.0,0.0,0.0,0.0,7.8538819485364435,1.0,9.0,0.003125416976161033,6.97649498513715,-270.81676041842184,359.3859795212817,300.0,-319.9573073376991,0.0,0.0,0.0,-979.7104731662788,0.0,0.0,0.0
126.0,0.0,0.0,0.0,0.0,7.853881948536653,1.0,9.0,0.0030960683878860085,6.97959105352504,-264.50336353161293,364.0576474687263,300.0,-322.99028145268795,0.0,0.0,0.0,-979.6211630389691,0.0,0.0,0.0
125.0,0.0,0.0,0.0,0.0,7.853881948536684,1.0,9.0,0.003067531368715126,6.98265858489375,-258.10939635797064,368.61841993004634,300.0,-325.99503633402674,0.0,0.0,0.0,-979.5351767168809,0.0,0.0,0.0
124.0,0.0,0.0,0.0,0.0,7.853881948536416,1.0,9.0,0.0030397691906767776,6.98569835408443,-251.63680656183607,373.0669076497687,300.0,-328.97234535671345,0.0,0.0,0.0,-979.4523320449517,0.0,0.0,0.0
123.0,0.0,0.0,0.0,0.0,7.853881948536495,1.0,9.0,0.003012747411514749,6.98871110149594,-245.08756575676222,377.40175557544075,300.0,-331.9229472002649,0.0,0.0,0.0,-979.3724599261333,0.0,0.0,0.0
122.0,0.0,0.0,0.0,0.0,7.853881948536596,1.0,9.0,0.002986574220695759,6.99169767571664,-238.4636689049422,381.62164327039164,300.0,-334.8317925837514,0.0,0.0,0.0,-973.9739141017525,0.0,0.0,0.0
121.0,0.0,0.0,0.0,0.0,7.853881948536435,1.0,9.0,0.002976190476190521,6.99467386619283,-231.7671337095245,385.7252853159505,300.0,-335.9999999999761,0.0,0.0,0.0,-392.51769185148197,0.0,0.0,0.0
120.0,0.0,0.0,0.0,0.0,7.853881948536681,1.0,9.0,0.0029761904761904656,6.99765005666902,-224.99999999999994,389.71143170299734,300.0,-335.9999999999761,0.0,0.0,0.0,0.0,0.0,0.0,0.0
119.0,0.0,0.0,0.0,0.0,7.853881948536472,1.0,9.0,0.0029761904761904656,7.00062624714521,-218.1643291108517,393.5788682127281,300.0,-335.9999999999761,0.0,0.0,0.0,0.0,0.0,0.0,0.0
118.0,0.0,0.0,0.0,0.0,7.853881948536667,1.0,9.0,0.0029761904761904656,7.0036024376214,-211.2622032536508,397.3264167865172,300.0,-335.9999999999761,0.0,0.0,0.0,0.0,0.0,0.0,0.0
117.0,0.0,0.0,0.0,0.0,7.853881948536438,1.0,9.0,0.0029761904761904656,7.00657862809759,-204.2957248827961,400.95293588476557,300.0,-335.9999999999761,0.0,0.0,0.0,0.0,0.0,0.0,0.0
116.0,0.0,0.0,0.0,0.0,7.853881948536456,1.0,9.0,0.002976190476190521,7.00955481857378,-197.26701605508492,404.4573208346251,300.0,-335.9999999999761,0.0,0.0,0.0,0.0,0.0,0.0,0.0
115.0,0.0,0.0,0.0,0.0,7.8538819485366504,1.0,9.0,0.0029761904761904656,7.01253100904997,-190.17821778331475,407.8385041664925,300.0,-335.9999999999761,0.0,0.0,0.0,0.0,0.0,0.0,0.0
114.0,0.0,0.0,0.0,0.0,7.853881948536526,1.0,9.0,0.0029761904761904656,7.01550719952616,-183.0314893841101,411.0954559391704,300.0,-335.9999999999761,0.0,0.0,0.0,0.0,0.0,0.0,0.0
113.0,0.0,0.0,0.0,0.0,7.8538819485366,1.0,9.0,0.0029761904761904656,7.01848339000236,-175.82900782017316,414.2271840535982,300.0,-335.9999999999761,0.0,0.0,0.0,0.0,0.0,0.0,0.0
112.0,0.0,0.0,0.0,0.0,7.853881948536433,1.0,9.0,0.0029761904761904656,7.02145958047855,-168.57296703716048,417.2327345550543,300.0,-335.9999999999761,0.0,0.0,0.0,0.0,0.0,0.0,0.0
111.0,0.0,0.0,0.0,0.0,7.8538819485365385,1.0,9.0,0.002976190476190521,7.02443577095474,-161.26557729538519,420.11119192374076,300.0,-335.9999999999761,0.0,0.0,0.0,0.0,0.0,0.0,0.0
110.0,0.0,0.0,0.0,0.0,7.853881948536587,1.0,9.0,0.0029761904761904656,7.02741196143093,-153.90906449655097,422.8616793536588,300.0,-335.9999999999761,0.0,0.0,0.0,0.0,0.0,0.0,0.0
109.0,0.0,0.0,0.0,0.0,7.853881948536611,1.0,9.0,0.0029761904761904656,7.03038815190712,-146.50566950572045,425.48335901969256,300.0,-335.9999999999761,0.0,0.0,0.0,0.0,0.0,0.0,0.0
108.0,0.0,0.0,0.0,0.0,7.853881948536474,1.0,9.0,0.0029761904761904656,7.03336434238331,-139.05764746872637,427.97543233281914,300.0,-335.9999999999761,0.0,0.0,0.0,0.0,0.0,0.0,0.0
107.0,0.0,0.0,0.0,0.0,7.853881948536546,1.0,9.0,0.0029761904761904656,7.0363405328595,-131.56726712523155,430.337140183366,300.0,-335.9999999999761,0.0,0.0,0.0,0.0,0.0,0.0,0.0
106.0,0.0,0.0,0.0,0.0,7.853881948536581,1.0,9.0,0.0029761904761904656,7.03931672333569,-124.03681011764962,432.56776317224353,300.0,-335.9999999999761,0.0,0.0,0.0,0.0,0.0,0.0,0.0
105.0,0.0,0.0,0.0,0.0,7.853881948536433,1.0,9.0,0.002976190476190521,7.04229291381188,-116.46857029613444,434.66662183008077,300.0,-335.9999999999761,0.0,0.0,0.0,0.0,0.0,0.0,0.0
104.0,0.0,0.0,0.0,0.0,7.853881948536543,1.0,9.0,0.0029761904761904656,7.04526910428807,-108.86485301985056,436.6330768241984,300.0,-335.9999999999761,0.0,0.0,0.0,0.0,0.0,0.0,0.0
103.0,0.0,0.0,0.0,0.0,7.853881948536664,1.0,9.0,0.0029761904761904656,7.04824529476426,-101.22797445473921,438.46652915335585,300.0,-335.9999999999761,0.0,0.0,0.0,0.0,0.0,0.0,0.0
102.0,0.0,0.0,0.0,0.0,7.8538819485365465,1.0,9.0,0.0029761904761904656,7.05122148524045,-93.56026086799166,440.16642033021253,300.0,-335.9999999999761,0.0,0.0,0.0,0.0,0.0,0.0,0.0
101.0,0.0,0.0,0.0,0.0,7.853881948536436,1.0,9.0,0.002976190476190521,7.05419767571664,-85.86404791944523,441.73223255144876,300.0,-335.9999999999761,0.0,0.0,0.0,0.0,0.0,0.0,0.0
100.0,0.0,0.0,0.0,0.0,7.853881948536571,1.0,9.0,0.0029761904761904656,7.05717386619283,-78.14167995011869,443.1634888554936,300.0,-335.9999999999761,0.0,0.0,0.0,0.0,0.0,0.0,0.0
99.0,0.0,0.0,0.0,0.0,7.853881948536442,1.0,9.0,0.0029761904761904656,7.06015005666903,-70.39550926810402,444.45975326781195,300.0,-335.9999999999761,0.0,0.0,0.0,0.0,0.0,0.0,0.0
98.0,0.0,0.0,0.0,0.0,7.853881948536664,1.0,9.0,0.0029761904761904656,7.06312624714521,-62.62789543202946,445.62063093370665,300.0,-335.9999999999761,0.0,0.0,0.0,0.0,0.0,0.0,0.0
97.0,0.0,0.0,0.0,0.0,7.853881948536554,1.0,9.0,0.0029761904761904656,7.06610243762141,-54.84120453231637,446.64576823859494,300.0,-335.9999999999761,0.0,0.0,0.0,0.0,0.0,0.0,0.0
96.0,0.0,0.0,0.0,0.0,7.853881948536544,1.0,9.0,0.0029761904761904656,7.0690786280976,-47.03780847044406,447.53485291572304,300.0,-335.9999999999761,0.0,0.0,0.0,0.0,0.0,0.0,0.0
95.0,0.0,0.0,0.0,0.0,7.8538819485364595,1.0,9.0,0.0029761904761904656,7.07205481857379,-39.22008423644626,448.28761414128553,300.0,-335.9999999999761,0.0,0.0,0.0,0.0,0.0,0.0,0.0
94.0,0.0,0.0,0.0,0.0,7.853881948536545,1.0,9.0,0.002976190476190521,7.07503100904998,-31.39041318485646,448.9038226169209,300.0,-335.9999999999761,0.0,0.0,0.0,0.0,0.0,0.0,0.0
93.0,0.0,0.0,0.0,0.0,7.853881948536654,1.0,9.0,0.0029761904761904656,7.07800719952617,-23.55118030932469,449.38329063955825,300.0,-335.9999999999761,0.0,0.0,0.0,0.0,0.0,0.0,0.0
92.0,0.0,0.0,0.0,0.0,7.853881948536555,1.0,9.0,0.0029761904761904656,7.08098339000236,-15.704773516125389,449.7258721585931,300.0,-335.9999999999761,0.0,0.0,0.0,0.0,0.0,0.0,0.0
91.0,0.0,0.0,0.0,0.0,7.853881948536449,1.0,9.0,0.002976190476190521,7.08395958047855,-7.853582896777624,449.93146282037605,300.0,-335.9999999999761,0.0,0.0,0.0,0.0,0.0,0.0,0.0
90.0,0.0,0.0,0.0,0.0,7.853881948536554,1.0,9.0,0.0029761904761904656,7.08693577095474,-3.1228493378257513e-14,450.0,300.0,-335.9999999999761,0.0,0.0,0.0,0.0,0.0,0.0,0.0
89.0,0.0,0.0,0.0,0.0,7.853881948536452,1.0,9.0,0.0029761904761904656,7.08991196143093,7.853582896777461,449.93146282037605,300.0,-335.9999999999761,0.0,0.0,0.0,0.0,0.0,0.0,0.0
88.0,0.0,0.0,0.0,0.0,7.853881948536651,1.0,9.0,0.0029761904761904656,7.09288815190712,15.704773516125428,449.7258721585931,300.0,-335.9999999999761,0.0,0.0,0.0,0.0,0.0,0.0,0.0
87.0,0.0,0.0,0.0,0.0,7.853881948536552,1.0,9.0,0.0029761904761904656,7.09586434238331,23.551180309324725,449.38329063955825,300.0,-335.9999999999761,0.0,0.0,0.0,0.0,0.0,0.0,0.0
86.0,0.0,0.0,0.0,0.0,7.8538819485365545,1.0,9.0,0.0029761904761904656,7.0988405328595,31.390413184856396,448.9038226169209,300.0,-335.9999999999761,0.0,0.0,0.0,0.0,0.0,0.0,0.0
85.0,0.0,0.0,0.0,0.0,7.853881948536453,1.0,9.0,0.0029761904761904656,7.10181672333569,39.220084236446105,448.28761414128553,300.0,-335.9999999999761,0.0,0.0,0.0,0.0,0.0,0.0,0.0
84.0,0.0,0.0,0.0,0.0,7.853881948536557,1.0,9.0,0.002976190476190521,7.10479291381188,47.037808470444,447.534852915723,300.0,-335.9999999999761,0.0,0.0,0.0,0.0,0.0,0.0,0.0
83.0,0.0,0.0,0.0,0.0,7.853881948536551,1.0,9.0,0.0029761904761904656,7.10776910428808,54.84120453231631,446.6457682385949,300.0,-335.9999999999761,0.0,0.0,0.0,0.0,0.0,0.0,0.0
82.0,0.0,0.0,0.0,0.0,7.853881948536652,1.0,9.0,0.0029761904761904656,7.11074529476427,62.627895432029504,445.6206309337066,300.0,-335.9999999999761,0.0,0.0,0.0,0.0,0.0,0.0,0.0
81.0,0.0,0.0,0.0,0.0,7.853881948536451,1.0,9.0,0.0029761904761904656,7.11372148524046,70.39550926810386,444.459753267812,300.0,-335.9999999999761,0.0,0.0,0.0,0.0,0.0,0.0,0.0
80.0,0.0,0.0,0.0,0.0,7.853881948536549,1.0,9.0,0.002976190476190521,7.11669767571665,78.14167995011863,443.1634888554936,300.0,-335.9999999999761,0.0,0.0,0.0,0.0,0.0,0.0,0.0
79.0,0.0,0.0,0.0,0.0,7.853881948536557,1.0,9.0,0.0029761904761904656,7.11967386619284,85.86404791944516,441.73223255144876,300.0,-335.9999999999761,0.0,0.0,0.0,0.0,0.0,0.0,0.0
78.0,0.0,0.0,0.0,0.0,7.853881948536548,1.0,9.0,0.0029761904761904656,7.12265005666903,93.5602608679917,440.16642033021253,300.0,-335.9999999999761,0.0,0.0,0.0,0.0,0.0,0.0,0.0
77.0,0.0,0.0,0.0,0.0,7.853881948536449,1.0,9.0,0.0029761904761904656,7.12562624714522,101.22797445473915,438.46652915335585,300.0,-335.9999999999761,0.0,0.0,0.0,0.0,0.0,0.0,0.0
76.0,0.0,0.0,0.0,0.0,7.853881948536664,1.0,9.0,0.0029761904761904656,7.12860243762141,108.8648530198505,436.6330768241984,300.0,-335.9999999999761,0.0,0.0,0.0,0.0,0.0,0.0,0.0
75.0,0.0,0.0,0.0,0.0,7.853881948536447,1.0,9.0,0.0029761904761904656,7.1315786280976,116.46857029613429,434.66662183008077,300.0,-335.9999999999761,0.0,0.0,0.0,0.0,0.0,0.0,0.0
74.0,0.0,0.0,0.0,0.0,7.853881948536529,1.0,9.0,0.0029761904761904656,7.13455481857379,124.03681011764957,432.56776317224353,300.0,-335.9999999999761,0.0,0.0,0.0,0.0,0.0,0.0,0.0
73.0,0.0,0.0,0.0,0.0,7.8538819485365705,1.0,9.0,0.002976190476190521,7.13753100904998,131.56726712523147,430.33714018336593,300.0,-335.9999999999761,0.0,0.0,0.0,0.0,0.0,0.0,0.0
72.0,0.0,0.0,0.0,0.0,7.853881948536546,1.0,9.0,0.0029761904761904656,7.14050719952617,139.0576474687263,427.9754323328191,300.0,-335.9999999999761,0.0,0.0,0.0,0.0,0.0,0.0,0.0
71.0,0.0,0.0,0.0,0.0,7.85388194853659,1.0,9.0,0.0029761904761904656,7.14348339000236,146.5056695057205,425.48335901969256,300.0,-335.9999999999761,0.0,0.0,0.0,0.0,0.0,0.0,0.0
70.0,0.0,0.0,0.0,0.0,7.853881948536542,1.0,9.0,0.002976190476190521,7.14645958047855,153.9090644965509,422.8616793536587,300.0,-335.9999999999761,0.0,0.0,0.0,0.0,0.0,0.0,0.0
69.0,0.0,0.0,0.0,0.0,7.853881948536547,1.0,9.0,0.0029761904761904656,7.14943577095475,161.26557729538513,420.11119192374076,300.0,-335.9999999999761,0.0,0.0,0.0,0.0,0.0,0.0,0.0
68.0,0.0,0.0,0.0,0.0,7.853881948536433,1.0,9.0,0.0029761904761904656,7.15241196143094,168.5729670371603,417.2327345550543,300.0,-335.9999999999761,0.0,0.0,0.0,0.0,0.0,0.0,0.0
67.0,0.0,0.0,0.0,0.0,7.853881948536687,1.0,9.0,0.0029761904761904656,7.15538815190713,175.82900782017322,414.2271840535981,300.0,-335.9999999999761,0.0,0.0,0.0,0.0,0.0,0.0,0.0
66.0,0.0,0.0,0.0,0.0,7.85388194853645,1.0,9.0,0.0029761904761904656,7.15836434238332,183.03148938411005,411.0954559391704,300.0,-335.9999999999761,0.0,0.0,0.0,0.0,0.0,0.0,0.0
65.0,0.0,0.0,0.0,0.0,7.853881948536526,1.0,9.0,0.0029761904761904656,7.16134053285951,190.1782177833147,407.8385041664925,300.0,-335.9999999999761,0.0,0.0,0.0,0.0,0.0,0.0,0.0
64.0,0.0,0.0,0.0,0.0,7.85388194853655,1.0,9.0,0.0029761904761904656,7.1643167233357,197.2670160550848,404.4573208346252,300.0,-335.9999999999761,0.0,0.0,0.0,0.0,0.0,0.0,0.0
63.0,0.0,0.0,0.0,0.0,7.853881948536583,1.0,9.0,0.0029761904761904656,7.16729291381189,204.295724882796,400.95293588476545,300.0,-335.9999999999761,0.0,0.0,0.0,0.0,0.0,0.0,0.0
62.0,0.0,0.0,0.0,0.0,7.853881948536539,1.0,9.0,0.0029761904761905766,7.17026910428808,211.26220325365082,397.3264167865171,300.0,-335.9999999999761,0.0,0.0,0.0,0.0,0.0,0.0,0.0
61.0,0.0,0.0,0.0,0.0,7.853881948536511,1.0,9.0,0.0029761904761904656,7.17324529476427,218.16432911085164,393.57886821272814,300.0,-335.9999999999761,0.0,0.0,0.0,0.0,0.0,0.0,0.0
60.0,0.0,0.0,0.0,0.0,7.853881948536543,1.0,9.0,0.0029761904761904656,7.17622148524046,225.0,389.71143170299746,300.0,-335.9999999999761,0.0,0.0,0.0,0.0,0.0,0.0,0.0
59.0,0.0,0.0,0.0,0.0,7.853881948536562,1.0,9.0,0.0029761904761904656,7.17919767571665,231.7671337095244,385.72528531595054,300.0,-335.9999999999761,0.0,0.0,0.0,0.0,0.0,0.0,0.0
58.0,0.0,0.0,0.0,0.0,7.853881948536453,1.0,9.0,0.0029761904761904656,7.18217386619284,238.46366890494215,381.62164327039176,300.0,-335.9999999999761,0.0,0.0,0.0,0.0,0.0,0.0,0.0
57.0,0.0,0.0,0.0,0.0,7.853881948536596,1.0,9.0,0.0029865742206958146,7.18516044041354,245.08756575676216,377.40175557544086,300.0,-334.8317925837514,0.0,0.0,0.0,391.1529832841596,0.0,0.0,0.0
56.0,0.0,0.0,0.0,0.0,7.853881948536495,1.0,9.0,0.0030127474115148045,7.18817318782505,251.636806561836,373.06690764976884,300.0,-331.9229472002649,0.0,0.0,0.0,965.5125326367216,0.0,0.0,0.0
55.0,0.0,0.0,0.0,0.0,7.853881948536528,1.0,9.0,0.003039769190676722,7.19121295701573,258.10939635797064,368.61841993004634,300.0,-328.97234535671345,0.0,0.0,0.0,970.6664086869641,0.0,0.0,0.0
54.0,0.0,0.0,0.0,0.0,7.853881948536572,1.0,9.0,0.0030675313687150707,7.19428048838444,264.5033635316129,364.05764746872643,300.0,-325.99503633402674,0.0,0.0,0.0,970.58796302838,0.0,0.0,0.0
53.0,0.0,0.0,0.0,0.0,7.853881948536573,1.0,9.0,0.0030960683878860085,7.19737655677233,270.8167604184217,359.38597952128185,300.0,-322.99028145268795,0.0,0.0,0.0,970.5066248199516,0.0,0.0,0.0
52.0,0.0,0.0,0.0,0.0,7.853881948536478,1.0,9.0,0.0031254169761610884,7.20050197374849,277.04766389654617,354.604839123025,300.0,-319.9573073376991,0.0,0.0,0.0,970.4222310567768,0.0,0.0,0.0
51.0,0.0,0.0,0.0,0.0,7.853881948536626,1.0,9.0,0.003155616346034451,7.20365759009453,283.1941759724268,349.7156826556369,300.0,-316.8953035931425,0.0,0.0,0.0,970.3346062346002,0.0,0.0,0.0
50.0,0.0,0.0,0.0,0.0,7.853881948536533,1.0,9.0,0.003186708414881667,7.20684429850941,289.2544243589427,344.71999940354016,300.0,-313.8034202721677,0.0,0.0,0.0,970.2435612043523,0.0,0.0,0.0
49.0,0.0,0.0,0.0,0.0,7.8538819485365305,1.0,9.0,0.0032187380496874196,7.2100630365591,295.22656304572826,339.61931110024744,300.0,-310.6807651206901,0.0,0.0,0.0,970.148891669126,0.0,0.0,0.0
48.0,0.0,0.0,0.0,0.0,7.8538819485365385,1.0,9.0,0.003251753339392427,7.21331478989849,301.10877286148616,334.41517146482744,300.0,-307.52640056852493,0.0,0.0,0.0,970.0503768083083,0.0,0.0,0.0
47.0,0.0,0.0,0.0,0.0,7.85388194853649,1.0,9.0,0.0032858058986204863,7.21660059579711,306.89926202812427,329.1091657286268,300.0,-304.3393404399732,0.0,0.0,0.0,969.9477774659629,0.0,0.0,0.0
46.0,0.0,0.0,0.0,0.0,7.853881948536618,1.0,9.0,0.003320951207152145,7.21992154700426,312.59626670654876,323.70291015239303,300.0,-301.11854635088366,0.0,0.0,0.0,969.8408342021685,0.0,0.0,0.0
45.0,0.0,0.0,0.0,0.0,7.853881948536487,1.0,9.0,0.0033572489902218283,7.22327879599448,318.19805153394634,318.19805153394645,300.0,-297.8629237547233,0.0,0.0,0.0,969.7292651342731,0.0,0.0,0.0
44.0,0.0,0.0,0.0,0.0,7.853881948536607,1.0,9.0,0.0033947636455756713,7.22667355964006,323.70291015239303,312.5962667065488,300.0,-294.5713175947841,0.0,0.0,0.0,969.6127635363955,0.0,0.0,0.0
43.0,0.0,0.0,0.0,0.0,7.853881948536498,1.0,9.0,0.0034335647242369483,7.2301071243643,329.1091657286267,306.8992620281244,300.0,-291.2425075145081,0.0,0.0,0.0,969.4909948191573,0.0,0.0,0.0
42.0,0.0,0.0,0.0,0.0,7.85388194853649,1.0,9.0,0.0034737274731502232,7.23358085183744,334.4151714648273,301.1087728614863,300.0,-287.87520256828225,0.0,0.0,0.0,969.3635935039395,0.0,0.0,0.0
41.0,0.0,0.0,0.0,0.0,7.853881948536624,1.0,9.0,0.003515333449343516,7.23709618528679,339.61931110024733,295.22656304572826,300.0,-284.4680353684951,0.0,0.0,0.0,969.2301594954203,0.0,0.0,0.0
40.0,0.0,0.0,0.0,0.0,7.8538819485365305,1.0,9.0,0.0035584712170204646,7.24065465650381,344.71999940354004,289.2544243589427,300.0,-281.01955559371714,0.0,0.0,0.0,969.0902537820295,0.0,0.0,0.0
39.0,0.0,0.0,0.0,0.0,7.853881948536526,1.0,9.0,0.00360323714115407,7.24425789364496,349.71568265563684,283.1941759724269,300.0,-277.52822276908887,0.0,0.0,0.0,968.9433939144677,0.0,0.0,0.0
38.0,0.0,0.0,0.0,0.0,7.85388194853659,1.0,9.0,0.003649736293773964,7.24790762993874,354.6048391230249,277.0476638965462,300.0,-273.99239821955007,0.0,0.0,0.0,968.7890480116968,0.0,0.0,0.0
37.0,0.0,0.0,0.0,0.0,7.853881948536478,1.0,9.0,0.0036980834923673322,7.2516057134311,359.38597952128174,270.8167604184218,300.0,-270.4103360737696,0.0,0.0,0.0,968.6266286776249,0.0,0.0,0.0
36.0,0.0,0.0,0.0,0.0,7.853881948536528,1.0,9.0,0.003748404493774782,7.25535411792488,364.0576474687263,264.503363531613,300.0,-266.78017318052156,0.0,0.0,0.0,968.4554853342156,0.0,0.0,0.0
35.0,0.0,0.0,0.0,0.0,7.853881948536572,1.0,9.0,0.0038008373718695365,7.25915495529675,368.61841993004623,258.10939635797075,300.0,-263.09991777104,0.0,0.0,0.0,968.2748956110237,0.0,0.0,0.0
34.0,0.0,0.0,0.0,0.0,7.853881948536481,1.0,9.0,0.003855534113423542,7.26301048941017,373.0669076497687,251.63680656183618,300.0,-259.3674366719773,0.0,0.0,0.0,968.0840550904924,0.0,0.0,0.0
33.0,0.0,0.0,0.0,0.0,7.85388194853659,1.0,9.0,0.003912662474213624,7.26692315188439,377.40175557544075,245.08756575676222,300.0,-255.58044083547625,0.0,0.0,0.0,967.8820653350549,0.0,0.0,0.0
32.0,0.0,0.0,0.0,0.0,7.853881948536548,1.0,9.0,0.003972408147056905,7.27089556003144,381.62164327039164,238.46366890494227,300.0,-251.7364689076424,0.0,0.0,0.0,967.6679196929958,0.0,0.0,0.0
31.0,0.0,0.0,0.0,0.0,7.853881948536531,1.0,9.0,0.004034977305693355,7.27493053733714,385.7252853159505,231.76713370952444,300.0,-247.83286849942243,0.0,0.0,0.0,967.4404866446722,0.0,0.0,0.0
30.0,0.0,0.0,0.0,0.0,7.853881948536557,1.0,9.0,0.004100599604029087,7.27903113694116,389.71143170299734,225.00000000000003,300.0,-243.86677475593902,0.0,0.0,0.0,967.1984896030084,0.0,0.0,0.0
29.0,0.0,0.0,0.0,0.0,7.853881948536493,1.0,9.0,0.004169531730332521,7.2832006686715,393.578868212728,218.16432911085172,300.0,-239.83508573040567,0.0,0.0,0.0,966.9404830771274,0.0,0.0,0.0
28.0,0.0,0.0,0.0,0.0,7.853881948536593,1.0,9.0,0.0042420616419731605,7.28744273031347,397.32641678651714,211.2622032536509,300.0,-235.73443396143355,0.0,0.0,0.0,966.6648236315923,0.0,0.0,0.0
27.0,0.0,0.0,0.0,0.0,7.853881948536565,1.0,9.0,0.004318513640290456,7.29176124395376,400.95293588476557,204.2957248827961,300.0,-231.56115351129577,0.0,0.0,0.0,966.3696349600443,0.0,0.0,0.0
26.0,0.0,0.0,0.0,0.0,7.853881948536558,1.0,9.0,0.004399254489970472,7.29616049844373,404.4573208346252,197.26701605508487,300.0,-227.31124154780633,0.0,0.0,0.0,966.0527648896596,0.0,0.0,0.0
25.0,0.0,0.0,0.0,0.0,7.8538819485364995,1.0,9.0,0.0044847008469312,7.30064519929066,407.8385041664925,190.1782177833148,300.0,-222.9803133210674,0.0,0.0,0.0,965.7117329693021,0.0,0.0,0.0
24.0,0.0,0.0,0.0,0.0,7.853881948536578,1.0,9.0,0.004575328338827456,7.30522052762949,411.0954559391704,183.0314893841101,300.0,-218.56354909303056,0.0,0.0,0.0,965.343665186871,0.0,0.0,0.0
23.0,0.0,0.0,0.0,0.0,7.853881948536547,1.0,9.0,0.004671682751144268,7.30989221038064,414.2271840535982,175.82900782017322,300.0,-214.05563118664077,0.0,0.0,0.0,964.9452127898272,0.0,0.0,0.0
22.0,0.0,0.0,0.0,0.0,7.853881948536485,1.0,9.0,0.004774393921429754,7.31466660430207,417.2327345550543,168.57296703716048,300.0,-209.45066880876277,0.0,0.0,0.0,964.5124498857368,0.0,0.0,0.0
21.0,0.0,0.0,0.0,0.0,7.8538819485365385,1.0,9.0,0.0048841931524092885,7.31955079745447,420.11119192374076,161.26557729538519,300.0,-204.74210761028507,0.0,0.0,0.0,964.0407435883333,0.0,0.0,0.0
20.0,0.0,0.0,0.0,0.0,7.853881948536587,1.0,9.0,0.005001935248375,7.32455273270285,422.8616793536588,153.90906449655097,300.0,-199.92262001490695,0.0,0.0,0.0,963.5245871973376,0.0,0.0,0.0
19.0,0.0,0.0,0.0,0.0,7.853881948536504,1.0,9.0,0.005128626699603567,7.32968135940245,425.48335901969256,146.50566950572056,300.0,-194.9839710652642,0.0,0.0,0.0,962.9573838986403,0.0,0.0,0.0
18.0,0.0,0.0,0.0,0.0,7.853881948536563,1.0,9.0,0.005265462151025302,7.33494682155348,427.9754323328191,139.05764746872637,300.0,-189.91685275056733,0.0,0.0,0.0,962.3311628419884,0.0,0.0,0.0
17.0,0.0,0.0,0.0,0.0,7.853881948536518,1.0,9.0,0.0054138721965339975,7.34036069375001,430.33714018336593,131.56726712523158,300.0,-184.71067725612838,0.0,0.0,0.0,961.6362014920778,0.0,0.0,0.0
16.0,0.0,0.0,0.0,0.0,7.8538819485365705,1.0,9.0,0.005575586906435226,7.34593628065645,432.56776317224353,124.03681011764968,300.0,-179.35331594345354,0.0,0.0,0.0,960.8605161354054,0.0,0.0,0.0
15.0,0.0,0.0,0.0,0.0,7.853881948536529,1.0,9.0,0.00575272160172946,7.35168900225818,434.66662183008077,116.4685702961344,300.0,-173.8307655457076,0.0,0.0,0.0,959.9891634049274,0.0,0.0,0.0
14.0,0.0,0.0,0.0,0.0,7.85388194853653,1.0,9.0,0.005947894714141144,7.35763689697232,436.6330768241984,108.86485301985053,300.0,-168.12671509173376,0.0,0.0,0.0,959.003265544136,0.0,0.0,0.0
13.0,0.0,0.0,0.0,0.0,7.853881948536554,1.0,9.0,0.006164392961719445,7.36380128993404,438.46652915335585,101.2279744547393,300.0,-162.22197484975135,0.0,0.0,0.0,957.8786230291852,0.0,0.0,0.0
12.0,0.0,0.0,0.0,0.0,7.8538819485365465,1.0,9.0,0.006406408074998038,7.37020769800903,440.16642033021253,93.56026086799174,300.0,-156.0937093443464,0.0,0.0,0.0,956.583694585665,0.0,0.0,0.0
11.0,0.0,0.0,0.0,0.0,7.853881948536521,1.0,9.0,0.006679384870785121,7.37688708287982,441.73223255144876,85.86404791944523,300.0,-149.71438528327477,0.0,0.0,0.0,955.0765803261427,0.0,0.0,0.0
10.0,0.0,0.0,0.0,0.0,7.853881948536544,1.0,9.0,0.006990548431875521,7.3838776313117,443.1634888554936,78.14167995011871,300.0,-143.0502927982208,0.0,0.0,0.0,953.3003812213933,0.0,0.0,0.0
9.0,0.0,0.0,0.0,0.0,7.853881948536549,1.0,9.0,0.0073497307105350185,7.39122736202223,444.459753267812,70.39550926810395,300.0,-136.05940671630069,0.0,0.0,0.0,951.175812727294,0.0,0.0,0.0
8.0,0.0,0.0,0.0,0.0,7.853881948536544,1.0,9.0,0.007770721053281804,7.39899808307551,445.62063093370665,62.627895432029504,300.0,-128.6881864814425,0.0,0.0,0.0,948.5889641792126,0.0,0.0,0.0
7.0,0.0,0.0,0.0,0.0,7.853881948536532,1.0,9.0,0.008273585141014173,7.40727166821653,446.6457682385949,54.841204532316425,300.0,-120.86658721172726,0.0,0.0,0.0,945.3700102682188,0.0,0.0,0.0
6.0,0.0,0.0,0.0,0.0,7.853881948536551,1.0,9.0,0.00888889865800968,7.41616056687454,447.534852915723,47.03780847044411,300.0,-112.49987635969664,0.0,0.0,0.0,941.2539363907771,0.0,0.0,0.0
5.0,0.0,0.0,0.0,0.0,7.853881948536542,1.0,9.0,0.00966610253667921,7.42582666941122,448.28761414128553,39.22008423644623,300.0,-103.45431327729163,0.0,0.0,0.0,935.8025168966317,0.0,0.0,0.0
4.0,0.0,0.0,0.0,0.0,7.8538819485365305,1.0,9.0,0.01069177397679899,7.43651844338801,448.9038226169209,31.390413184856445,300.0,-93.529848476971,0.0,0.0,0.0,928.2336889890212,0.0,0.0,0.0
3.0,0.0,0.0,0.0,0.0,7.853881948536547,1.0,9.0,0.012135708676294099,7.44865415206431,449.38329063955825,23.55118030932478,300.0,-82.40145068358326,0.0,0.0,0.0,916.9961219591361,0.0,0.0,0.0
2.0,0.0,0.0,0.0,0.0,7.853881948536543,1.0,9.0,0.014395192533238621,7.46304934459755,449.7258721585931,15.704773516125494,300.0,-69.46763634393855,0.0,0.0,0.0,898.4815110864565,0.0,0.0,0.0
1.0,0.0,0.0,0.0,0.0,7.853881948536539,1.0,9.0,0.01876018015625114,7.4818095247538,449.93146282037605,7.853582896777638,300.0,-53.30439215781128,0.0,0.0,0.0,861.5719066397913,0.0,0.0,0.0
0.0,0.0,0.0,0.0,0.0,7.85388194853654,1.0,9.0,0.04529108136578386,7.52710060611958,450.0,5.878304635907296e-14,300.0,-22.079402165819495,0.0,0.0,0.0,689.4291116568754,0.0,0.0,0.0
0.0,0.0,0.0,0.0,0.0,7.85388194853654,1.0,9.0,0.01,7.53710060611958,450.0,5.878304635907296e-14,300.0,0.0,0.0,0.0,0.0,0.0,0.0,0.0,0.0
0.0,0.0,0.0,0.0,0.0,7.85388194853654,1.0,9.0,1.15,8.68710060611958,450.0,5.878304635907296e-14,300.0,0.0,0.0,0.0,0.0,0.0,0.0,0.0,0.0
1.0,0.0,0.0,0.0,0.0,7.85388194853654,1.0,11.0,0.0,8.68710060611958,449.93146282037605,7.853582896777638,300.0,0.0,0.0,0.0,0.0,0.0,0.0,0.0,0.0
2.0,0.0,0.0,0.0,0.0,7.853881948536539,1.0,11.0,0.06405126152203486,8.75115186764162,449.7258721585931,15.704773516125494,300.0,15.612494995995906,0.0,0.0,0.0,243.74999999999721,0.0,0.0,0.0
3.0,0.0,0.0,0.0,0.0,7.853881948536543,1.0,11.0,0.01439519253323876,8.76554706017486,449.38329063955825,23.55118030932478,300.0,69.46763634393855,0.0,0.0,0.0,3741.189374410288,0.0,0.0,0.0
4.0,0.0,0.0,0.0,0.0,7.853881948536547,1.0,11.0,0.012135708676294044,8.77768276885115,448.9038226169209,31.390413184856445,300.0,82.40145068358326,0.0,0.0,0.0,1065.7650644588557,0.0,0.0,0.0
5.0,0.0,0.0,0.0,0.0,7.8538819485365305,1.0,11.0,0.010691773976799004,8.78837454282795,448.28761414128553,39.22008423644623,300.0,93.529848476971,0.0,0.0,0.0,1040.837359407013,0.0,0.0,0.0
6.0,0.0,0.0,0.0,0.0,7.853881948536542,1.0,11.0,0.009666102536679155,8.79804064536463,447.534852915723,47.03780847044411,300.0,103.45431327729163,0.0,0.0,0.0,1026.7286905618246,0.0,0.0,0.0
7.0,0.0,0.0,0.0,0.0,7.853881948536551,1.0,11.0,0.008888898658009792,8.80692954402264,446.6457682385949,54.841204532316425,300.0,112.49987635969664,0.0,0.0,0.0,1017.6247283744002,0.0,0.0,0.0
8.0,0.0,0.0,0.0,0.0,7.853881948536532,1.0,11.0,0.008273585141014103,8.81520312916365,445.62063093370665,62.627895432029504,300.0,120.86658721172726,0.0,0.0,0.0,1011.255786872264,0.0,0.0,0.0
9.0,0.0,0.0,0.0,0.0,7.853881948536544,1.0,11.0,0.007770721053281776,8.82297385021693,444.459753267812,70.39550926810395,300.0,128.6881864814425,0.0,0.0,0.0,1006.5474254042286,0.0,0.0,0.0
10.0,0.0,0.0,0.0,0.0,7.853881948536549,1.0,11.0,0.007349730710535074,8.83032358092747,443.1634888554936,78.14167995011871,300.0,136.05940671630069,0.0,0.0,0.0,1002.9238519299954,0.0,0.0,0.0
11.0,0.0,0.0,0.0,0.0,7.853881948536544,1.0,11.0,0.006990548431875604,8.83731412935935,441.73223255144876,85.86404791944523,300.0,143.0502927982208,0.0,0.0,0.0,1000.0483009376783,0.0,0.0,0.0
12.0,0.0,0.0,0.0,0.0,7.853881948536521,1.0,11.0,0.006679384870785066,8.84399351423013,440.16642033021253,93.56026086799174,300.0,149.71438528327477,0.0,0.0,0.0,997.710509870746,0.0,0.0,0.0
13.0,0.0,0.0,0.0,0.0,7.8538819485365465,1.0,11.0,0.006406408074997982,8.85039992230513,438.46652915335585,101.2279744547393,300.0,156.0937093443464,0.0,0.0,0.0,995.7723558023101,0.0,0.0,0.0
14.0,0.0,0.0,0.0,0.0,7.853881948536554,1.0,11.0,0.006164392961719473,8.85656431526685,436.6330768241984,108.86485301985053,300.0,162.22197484975135,0.0,0.0,0.0,994.1393326904013,0.0,0.0,0.0
15.0,0.0,0.0,0.0,0.0,7.85388194853653,1.0,11.0,0.005947894714141144,8.86251220998099,434.66662183008077,116.4685702961344,300.0,168.12671509173376,0.0,0.0,0.0,992.7445803544716,0.0,0.0,0.0
16.0,0.0,0.0,0.0,0.0,7.853881948536529,1.0,11.0,0.005752721601729488,8.86826493158272,432.56776317224353,124.03681011764968,300.0,173.8307655457076,0.0,0.0,0.0,991.5394571256153,0.0,0.0,0.0
17.0,0.0,0.0,0.0,0.0,7.8538819485365705,1.0,11.0,0.00557558690643517,8.87384051848915,430.33714018336593,131.56726712523158,300.0,179.35331594345354,0.0,0.0,0.0,990.4877263005709,0.0,0.0,0.0
18.0,0.0,0.0,0.0,0.0,7.853881948536518,1.0,11.0,0.005413872196534081,8.87925439068569,427.9754323328191,139.05764746872637,300.0,184.71067725612838,0.0,0.0,0.0,989.5618363699506,0.0,0.0,0.0
19.0,0.0,0.0,0.0,0.0,7.853881948536563,1.0,11.0,0.005265462151025246,8.88451985283671,425.48335901969256,146.50566950572056,300.0,189.91685275056733,0.0,0.0,0.0,988.7404647709745,0.0,0.0,0.0
20.0,0.0,0.0,0.0,0.0,7.853881948536504,1.0,11.0,0.005128626699603511,8.88964847953632,422.8616793536588,153.90906449655097,300.0,194.9839710652642,0.0,0.0,0.0,988.0068508571248,0.0,0.0,0.0
21.0,0.0,0.0,0.0,0.0,7.853881948536587,1.0,11.0,0.005001935248375,8.89465041478469,420.11119192374076,161.26557729538519,300.0,199.92262001490695,0.0,0.0,0.0,987.3476373464478,0.0,0.0,0.0
22.0,0.0,0.0,0.0,0.0,7.8538819485365385,1.0,11.0,0.0048841931524093996,8.8995346079371,417.2327345550543,168.57296703716048,300.0,204.74210761028507,0.0,0.0,0.0,986.7520478793411,0.0,0.0,0.0
23.0,0.0,0.0,0.0,0.0,7.853881948536485,1.0,11.0,0.0047743939214296705,8.90430900185853,414.2271840535982,175.82900782017322,300.0,209.45066880876277,0.0,0.0,0.0,986.211292148143,0.0,0.0,0.0
24.0,0.0,0.0,0.0,0.0,7.853881948536547,1.0,11.0,0.0046716827511442405,8.90898068460967,411.0954559391704,183.0314893841101,300.0,214.05563118664077,0.0,0.0,0.0,985.7181283874086,0.0,0.0,0.0
25.0,0.0,0.0,0.0,0.0,7.853881948536578,1.0,11.0,0.004575328338827511,8.9135560129485,407.8385041664925,190.1782177833148,300.0,218.56354909303056,0.0,0.0,0.0,985.2665366405769,0.0,0.0,0.0
26.0,0.0,0.0,0.0,0.0,7.8538819485364995,1.0,11.0,0.004484700846931172,8.91804071379543,404.4573208346252,197.26701605508487,300.0,222.9803133210674,0.0,0.0,0.0,984.8514714329368,0.0,0.0,0.0
27.0,0.0,0.0,0.0,0.0,7.853881948536558,1.0,11.0,0.004399254489970528,8.9224399682854,400.95293588476557,204.2957248827961,300.0,227.31124154780633,0.0,0.0,0.0,984.4686722744663,0.0,0.0,0.0
28.0,0.0,0.0,0.0,0.0,7.853881948536565,1.0,11.0,0.004318513640290372,8.9267584819257,397.32641678651714,211.2622032536509,300.0,231.56115351129577,0.0,0.0,0.0,984.1145165870703,0.0,0.0,0.0
29.0,0.0,0.0,0.0,0.0,7.853881948536593,1.0,11.0,0.004242061641973188,8.93100054356767,393.578868212728,218.16432911085172,300.0,235.73443396143355,0.0,0.0,0.0,983.7859046755465,0.0,0.0,0.0
30.0,0.0,0.0,0.0,0.0,7.853881948536493,1.0,11.0,0.004169531730332493,8.935170075298,389.71143170299734,225.00000000000003,300.0,239.83508573040567,0.0,0.0,0.0,983.4801685619665,0.0,0.0,0.0
31.0,0.0,0.0,0.0,0.0,7.853881948536557,1.0,11.0,0.00410059960402917,8.93927067490203,385.7252853159505,231.76713370952444,300.0,243.86677475593902,0.0,0.0,0.0,983.1949994757335,0.0,0.0,0.0
32.0,0.0,0.0,0.0,0.0,7.853881948536531,1.0,11.0,0.004034977305693355,8.94330565220772,381.62164327039164,238.46366890494227,300.0,247.83286849942243,0.0,0.0,0.0,982.9283891851067,0.0,0.0,0.0
33.0,0.0,0.0,0.0,0.0,7.853881948536548,1.0,11.0,0.003972408147056905,8.94727806035478,377.40175557544075,245.08756575676222,300.0,251.7364689076424,0.0,0.0,0.0,982.6785827917272,0.0,0.0,0.0
34.0,0.0,0.0,0.0,0.0,7.85388194853659,1.0,11.0,0.0039126624742135685,8.95119072282899,373.0669076497687,251.63680656183618,300.0,255.58044083547625,0.0,0.0,0.0,982.4440398749705,0.0,0.0,0.0
35.0,0.0,0.0,0.0,0.0,7.853881948536481,1.0,11.0,0.003855534113423542,8.95504625694242,368.61841993004623,258.10939635797075,300.0,259.3674366719773,0.0,0.0,0.0,982.2234028007313,0.0,0.0,0.0
36.0,0.0,0.0,0.0,0.0,7.853881948536572,1.0,11.0,0.0038008373718695365,8.95884709431429,364.0576474687263,264.503363531613,300.0,263.09991777104,0.0,0.0,0.0,982.0154702453525,0.0,0.0,0.0
37.0,0.0,0.0,0.0,0.0,7.853881948536528,1.0,11.0,0.0037484044937748373,8.96259549880806,359.38597952128174,270.8167604184218,300.0,266.78017318052156,0.0,0.0,0.0,981.819175490042,0.0,0.0,0.0
38.0,0.0,0.0,0.0,0.0,7.853881948536478,1.0,11.0,0.0036980834923672767,8.96629358230043,354.6048391230249,277.0476638965462,300.0,270.4103360737696,0.0,0.0,0.0,981.6335679657307,0.0,0.0,0.0
39.0,0.0,0.0,0.0,0.0,7.85388194853659,1.0,11.0,0.0036497362937739086,8.9699433185942,349.71568265563684,283.1941759724269,300.0,273.99239821955007,0.0,0.0,0.0,981.4577978938584,0.0,0.0,0.0
40.0,0.0,0.0,0.0,0.0,7.853881948536526,1.0,11.0,0.0036032371411541253,8.97354655573536,344.71999940354004,289.2544243589427,300.0,277.52822276908887,0.0,0.0,0.0,981.2911032568179,0.0,0.0,0.0
41.0,0.0,0.0,0.0,0.0,7.8538819485365305,1.0,11.0,0.0035584712170205757,8.97710502695238,339.61931110024733,295.22656304572826,300.0,281.019555593647,0.0,0.0,0.0,981.1327987868376,0.0,0.0,0.0
42.0,0.0,0.0,0.0,0.0,7.853881948536624,1.0,11.0,0.003515333449343405,8.98062036040172,334.4151714648273,301.1087728614863,300.0,284.468035368567,0.0,0.0,0.0,980.9822665797232,0.0,0.0,0.0
43.0,0.0,0.0,0.0,0.0,7.85388194853649,1.0,11.0,0.0034737274731502232,8.98409408787487,329.1091657286267,306.8992620281244,300.0,287.87520256828225,0.0,0.0,0.0,980.8389478020418,0.0,0.0,0.0
44.0,0.0,0.0,0.0,0.0,7.853881948536498,1.0,11.0,0.0034335647242370038,8.98752765259911,323.70291015239303,312.5962667065488,300.0,291.24250751443276,0.0,0.0,0.0,980.702336082627,0.0,0.0,0.0
45.0,0.0,0.0,0.0,0.0,7.853881948536607,1.0,11.0,0.003403408779502348,8.99093106137861,318.19805153394634,318.19805153394645,300.0,293.8230652816962,0.0,0.0,0.0,758.2273933138305,0.0,0.0,0.0
46.0,0.0,0.0,0.0,0.0,7.853881948536487,1.0,11.0,0.003401360544217691,8.99433242192283,312.59626670654876,323.70291015239303,300.0,293.99999999999005,0.0,0.0,0.0,52.01880717839442,0.0,0.0,0.0
47.0,0.0,0.0,0.0,0.0,7.853881948536618,1.0,11.0,0.003401360544217691,8.99773378246704,306.89926202812427,329.1091657286268,300.0,293.99999999999005,0.0,0.0,0.0,0.0,0.0,0.0,0.0
48.0,0.0,0.0,0.0,0.0,7.85388194853649,1.0,11.0,0.003401360544217691,9.00113514301126,301.10877286148616,334.41517146482744,300.0,293.99999999999005,0.0,0.0,0.0,0.0,0.0,0.0,0.0
49.0,0.0,0.0,0.0,0.0,7.8538819485365385,1.0,11.0,0.003401360544217691,9.00453650355548,295.22656304572826,339.61931110024744,300.0,293.99999999999005,0.0,0.0,0.0,0.0,0.0,0.0,0.0
50.0,0.0,0.0,0.0,0.0,7.8538819485365305,1.0,11.0,0.003401360544217691,9.0079378640997,289.2544243589427,344.71999940354016,300.0,293.99999999999005,0.0,0.0,0.0,0.0,0.0,0.0,0.0
51.0,0.0,0.0,0.0,0.0,7.853881948536533,1.0,11.0,0.003401360544217691,9.01133922464392,283.1941759724268,349.7156826556369,300.0,293.99999999999005,0.0,0.0,0.0,0.0,0.0,0.0,0.0
52.0,0.0,0.0,0.0,0.0,7.853881948536626,1.0,11.0,0.003401360544217691,9.01474058518813,277.04766389654617,354.604839123025,300.0,293.99999999999005,0.0,0.0,0.0,0.0,0.0,0.0,0.0
53.0,0.0,0.0,0.0,0.0,7.853881948536478,1.0,11.0,0.0034013605442176353,9.01814194573235,270.8167604184217,359.38597952128185,300.0,293.99999999999005,0.0,0.0,0.0,0.0,0.0,0.0,0.0
54.0,0.0,0.0,0.0,0.0,7.853881948536573,1.0,11.0,0.003401360544217691,9.02154330627657,264.5033635316129,364.05764746872643,300.0,293.99999999999005,0.0,0.0,0.0,0.0,0.0,0.0,0.0
55.0,0.0,0.0,0.0,0.0,7.853881948536572,1.0,11.0,0.003401360544217691,9.02494466682079,258.10939635797064,368.61841993004634,300.0,293.99999999999005,0.0,0.0,0.0,0.0,0.0,0.0,0.0
56.0,0.0,0.0,0.0,0.0,7.853881948536528,1.0,11.0,0.003401360544217691,9.02834602736501,251.636806561836,373.06690764976884,300.0,293.99999999999005,0.0,0.0,0.0,0.0,0.0,0.0,0.0
57.0,0.0,0.0,0.0,0.0,7.853881948536495,1.0,11.0,0.003401360544217691,9.03174738790922,245.08756575676216,377.40175557544086,300.0,293.99999999999005,0.0,0.0,0.0,0.0,0.0,0.0,0.0
58.0,0.0,0.0,0.0,0.0,7.853881948536596,1.0,11.0,0.003401360544217691,9.03514874845344,238.46366890494215,381.62164327039176,300.0,293.99999999999005,0.0,0.0,0.0,0.0,0.0,0.0,0.0
59.0,0.0,0.0,0.0,0.0,7.853881948536453,1.0,11.0,0.003401360544217691,9.03855010899766,231.7671337095244,385.72528531595054,300.0,293.99999999999005,0.0,0.0,0.0,0.0,0.0,0.0,0.0
60.0,0.0,0.0,0.0,0.0,7.853881948536562,1.0,11.0,0.003401360544217691,9.04195146954188,225.0,389.71143170299746,300.0,293.99999999999005,0.0,0.0,0.0,0.0,0.0,0.0,0.0
61.0,0.0,0.0,0.0,0.0,7.853881948536543,1.0,11.0,0.003401360544217691,9.0453528300861,218.16432911085164,393.57886821272814,300.0,293.99999999999005,0.0,0.0,0.0,0.0,0.0,0.0,0.0
62.0,0.0,0.0,0.0,0.0,7.853881948536511,1.0,11.0,0.003401360544217691,9.04875419063031,211.26220325365082,397.3264167865171,300.0,293.99999999999005,0.0,0.0,0.0,0.0,0.0,0.0,0.0
63.0,0.0,0.0,0.0,0.0,7.853881948536539,1.0,11.0,0.003401360544217691,9.05215555117453,204.295724882796,400.95293588476545,300.0,293.99999999999005,0.0,0.0,0.0,0.0,0.0,0.0,0.0
64.0,0.0,0.0,0.0,0.0,7.853881948536583,1.0,11.0,0.003401360544217691,9.05555691171875,197.2670160550848,404.4573208346252,300.0,293.99999999999005,0.0,0.0,0.0,0.0,0.0,0.0,0.0
65.0,0.0,0.0,0.0,0.0,7.85388194853655,1.0,11.0,0.003401360544217691,9.05895827226297,190.1782177833147,407.8385041664925,300.0,293.99999999999005,0.0,0.0,0.0,0.0,0.0,0.0,0.0
66.0,0.0,0.0,0.0,0.0,7.853881948536526,1.0,11.0,0.003401360544217691,9.06235963280718,183.03148938411005,411.0954559391704,300.0,293.99999999999005,0.0,0.0,0.0,0.0,0.0,0.0,0.0
67.0,0.0,0.0,0.0,0.0,7.85388194853645,1.0,11.0,0.003401360544217691,9.0657609933514,175.82900782017322,414.2271840535981,300.0,293.99999999999005,0.0,0.0,0.0,0.0,0.0,0.0,0.0
68.0,0.0,0.0,0.0,0.0,7.853881948536687,1.0,11.0,0.003401360544217691,9.06916235389562,168.5729670371603,417.2327345550543,300.0,293.99999999999005,0.0,0.0,0.0,0.0,0.0,0.0,0.0
69.0,0.0,0.0,0.0,0.0,7.853881948536433,1.0,11.0,0.003401360544217691,9.07256371443984,161.26557729538513,420.11119192374076,300.0,293.99999999999005,0.0,0.0,0.0,0.0,0.0,0.0,0.0
70.0,0.0,0.0,0.0,0.0,7.853881948536547,1.0,11.0,0.0034013605442176353,9.07596507498405,153.9090644965509,422.8616793536587,300.0,293.99999999999005,0.0,0.0,0.0,0.0,0.0,0.0,0.0
71.0,0.0,0.0,0.0,0.0,7.853881948536542,1.0,11.0,0.003401360544217691,9.07936643552827,146.5056695057205,425.48335901969256,300.0,293.99999999999005,0.0,0.0,0.0,0.0,0.0,0.0,0.0
72.0,0.0,0.0,0.0,0.0,7.85388194853659,1.0,11.0,0.003401360544217691,9.08276779607249,139.0576474687263,427.9754323328191,300.0,293.99999999999005,0.0,0.0,0.0,0.0,0.0,0.0,0.0
73.0,0.0,0.0,0.0,0.0,7.853881948536546,1.0,11.0,0.003401360544217691,9.08616915661671,131.56726712523147,430.33714018336593,300.0,293.99999999999005,0.0,0.0,0.0,0.0,0.0,0.0,0.0
74.0,0.0,0.0,0.0,0.0,7.8538819485365705,1.0,11.0,0.003401360544217691,9.08957051716093,124.03681011764957,432.56776317224353,300.0,293.99999999999005,0.0,0.0,0.0,0.0,0.0,0.0,0.0
75.0,0.0,0.0,0.0,0.0,7.853881948536529,1.0,11.0,0.003401360544217691,9.09297187770514,116.46857029613429,434.66662183008077,300.0,293.99999999999005,0.0,0.0,0.0,0.0,0.0,0.0,0.0
76.0,0.0,0.0,0.0,0.0,7.853881948536447,1.0,11.0,0.003401360544217691,9.09637323824936,108.8648530198505,436.6330768241984,300.0,293.99999999999005,0.0,0.0,0.0,0.0,0.0,0.0,0.0
77.0,0.0,0.0,0.0,0.0,7.853881948536664,1.0,11.0,0.003401360544217691,9.09977459879358,101.22797445473915,438.46652915335585,300.0,293.99999999999005,0.0,0.0,0.0,0.0,0.0,0.0,0.0
78.0,0.0,0.0,0.0,0.0,7.853881948536449,1.0,11.0,0.003401360544217691,9.1031759593378,93.5602608679917,440.16642033021253,300.0,293.99999999999005,0.0,0.0,0.0,0.0,0.0,0.0,0.0
79.0,0.0,0.0,0.0,0.0,7.853881948536548,1.0,11.0,0.003401360544217691,9.10657731988201,85.86404791944516,441.73223255144876,300.0,293.99999999999005,0.0,0.0,0.0,0.0,0.0,0.0,0.0
80.0,0.0,0.0,0.0,0.0,7.853881948536557,1.0,11.0,0.003401360544217691,9.10997868042623,78.14167995011863,443.1634888554936,300.0,293.99999999999005,0.0,0.0,0.0,0.0,0.0,0.0,0.0
81.0,0.0,0.0,0.0,0.0,7.853881948536549,1.0,11.0,0.0034013605442176353,9.11338004097045,70.39550926810386,444.459753267812,300.0,293.99999999999005,0.0,0.0,0.0,0.0,0.0,0.0,0.0
82.0,0.0,0.0,0.0,0.0,7.853881948536451,1.0,11.0,0.003401360544217691,9.11678140151467,62.627895432029504,445.6206309337066,300.0,293.99999999999005,0.0,0.0,0.0,0.0,0.0,0.0,0.0
83.0,0.0,0.0,0.0,0.0,7.853881948536652,1.0,11.0,0.003401360544217691,9.12018276205889,54.84120453231631,446.6457682385949,300.0,293.99999999999005,0.0,0.0,0.0,0.0,0.0,0.0,0.0
84.0,0.0,0.0,0.0,0.0,7.853881948536551,1.0,11.0,0.003401360544217691,9.1235841226031,47.037808470444,447.534852915723,300.0,293.99999999999005,0.0,0.0,0.0,0.0,0.0,0.0,0.0
85.0,0.0,0.0,0.0,0.0,7.853881948536557,1.0,11.0,0.003401360544217691,9.12698548314732,39.220084236446105,448.28761414128553,300.0,293.99999999999005,0.0,0.0,0.0,0.0,0.0,0.0,0.0
86.0,0.0,0.0,0.0,0.0,7.853881948536453,1.0,11.0,0.003401360544217691,9.13038684369154,31.390413184856396,448.9038226169209,300.0,293.99999999999005,0.0,0.0,0.0,0.0,0.0,0.0,0.0
87.0,0.0,0.0,0.0,0.0,7.8538819485365545,1.0,11.0,0.003401360544217691,9.13378820423576,23.551180309324725,449.38329063955825,300.0,293.99999999999005,0.0,0.0,0.0,0.0,0.0,0.0,0.0
88.0,0.0,0.0,0.0,0.0,7.853881948536552,1.0,11.0,0.003401360544217691,9.13718956477998,15.704773516125428,449.7258721585931,300.0,293.99999999999005,0.0,0.0,0.0,0.0,0.0,0.0,0.0
89.0,0.0,0.0,0.0,0.0,7.853881948536651,1.0,11.0,0.003401360544217691,9.14059092532419,7.853582896777461,449.93146282037605,300.0,293.99999999999005,0.0,0.0,0.0,0.0,0.0,0.0,0.0
90.0,0.0,0.0,0.0,0.0,7.853881948536452,1.0,11.0,0.003401360544217691,9.14399228586841,-3.1228493378257513e-14,450.0,300.0,293.99999999999005,0.0,0.0,0.0,0.0,0.0,0.0,0.0
91.0,0.0,0.0,0.0,0.0,7.853881948536554,1.0,11.0,0.003401360544217691,9.14739364641263,-7.853582896777624,449.93146282037605,300.0,293.99999999999005,0.0,0.0,0.0,0.0,0.0,0.0,0.0
92.0,0.0,0.0,0.0,0.0,7.853881948536449,1.0,11.0,0.003401360544217691,9.15079500695685,-15.704773516125389,449.7258721585931,300.0,293.99999999999005,0.0,0.0,0.0,0.0,0.0,0.0,0.0
93.0,0.0,0.0,0.0,0.0,7.853881948536555,1.0,11.0,0.003401360544217691,9.15419636750106,-23.55118030932469,449.38329063955825,300.0,293.99999999999005,0.0,0.0,0.0,0.0,0.0,0.0,0.0
94.0,0.0,0.0,0.0,0.0,7.853881948536654,1.0,11.0,0.003401360544217691,9.15759772804528,-31.39041318485646,448.9038226169209,300.0,293.99999999999005,0.0,0.0,0.0,0.0,0.0,0.0,0.0
95.0,0.0,0.0,0.0,0.0,7.853881948536545,1.0,11.0,0.003401360544217691,9.1609990885895,-39.22008423644626,448.28761414128553,300.0,293.99999999999005,0.0,0.0,0.0,0.0,0.0,0.0,0.0
96.0,0.0,0.0,0.0,0.0,7.8538819485364595,1.0,11.0,0.003401360544217691,9.16440044913372,-47.03780847044406,447.53485291572304,300.0,293.99999999999005,0.0,0.0,0.0,0.0,0.0,0.0,0.0
97.0,0.0,0.0,0.0,0.0,7.853881948536544,1.0,11.0,0.003401360544217691,9.16780180967794,-54.84120453231637,446.64576823859494,300.0,293.99999999999005,0.0,0.0,0.0,0.0,0.0,0.0,0.0
98.0,0.0,0.0,0.0,0.0,7.853881948536554,1.0,11.0,0.003401360544217691,9.17120317022215,-62.62789543202946,445.62063093370665,300.0,293.99999999999005,0.0,0.0,0.0,0.0,0.0,0.0,0.0
99.0,0.0,0.0,0.0,0.0,7.853881948536664,1.0,11.0,0.003401360544217691,9.17460453076637,-70.39550926810402,444.45975326781195,300.0,293.99999999999005,0.0,0.0,0.0,0.0,0.0,0.0,0.0
100.0,0.0,0.0,0.0,0.0,7.853881948536442,1.0,11.0,0.003401360544217691,9.17800589131059,-78.14167995011869,443.1634888554936,300.0,293.99999999999005,0.0,0.0,0.0,0.0,0.0,0.0,0.0
101.0,0.0,0.0,0.0,0.0,7.853881948536571,1.0,11.0,0.0034013605442176353,9.18140725185481,-85.86404791944523,441.73223255144876,300.0,293.99999999999005,0.0,0.0,0.0,0.0,0.0,0.0,0.0
102.0,0.0,0.0,0.0,0.0,7.853881948536436,1.0,11.0,0.003401360544217691,9.18480861239902,-93.56026086799166,440.16642033021253,300.0,293.99999999999005,0.0,0.0,0.0,0.0,0.0,0.0,0.0
103.0,0.0,0.0,0.0,0.0,7.8538819485365465,1.0,11.0,0.0034013605442177464,9.18820997294324,-101.22797445473921,438.46652915335585,300.0,293.99999999999005,0.0,0.0,0.0,0.0,0.0,0.0,0.0
104.0,0.0,0.0,0.0,0.0,7.853881948536664,1.0,11.0,0.00340136054421758,9.19161133348746,-108.86485301985056,436.6330768241984,300.0,293.99999999999005,0.0,0.0,0.0,0.0,0.0,0.0,0.0
105.0,0.0,0.0,0.0,0.0,7.853881948536543,1.0,11.0,0.003401360544217802,9.19501269403168,-116.46857029613444,434.66662183008077,300.0,293.99999999999005,0.0,0.0,0.0,0.0,0.0,0.0,0.0
106.0,0.0,0.0,0.0,0.0,7.853881948536433,1.0,11.0,0.00340136054421758,9.1984140545759,-124.03681011764962,432.56776317224353,300.0,293.99999999999005,0.0,0.0,0.0,0.0,0.0,0.0,0.0
107.0,0.0,0.0,0.0,0.0,7.853881948536581,1.0,11.0,0.003401360544217802,9.20181541512011,-131.56726712523155,430.337140183366,300.0,293.99999999999005,0.0,0.0,0.0,0.0,0.0,0.0,0.0
108.0,0.0,0.0,0.0,0.0,7.853881948536546,1.0,11.0,0.00340136054421758,9.20521677566433,-139.05764746872637,427.97543233281914,300.0,293.99999999999005,0.0,0.0,0.0,0.0,0.0,0.0,0.0
109.0,0.0,0.0,0.0,0.0,7.853881948536474,1.0,11.0,0.003401360544217691,9.20861813620855,-146.50566950572045,425.48335901969256,300.0,293.99999999999005,0.0,0.0,0.0,0.0,0.0,0.0,0.0
110.0,0.0,0.0,0.0,0.0,7.853881948536611,1.0,11.0,0.003401360544217691,9.21201949675277,-153.90906449655097,422.8616793536588,300.0,293.99999999999005,0.0,0.0,0.0,0.0,0.0,0.0,0.0
111.0,0.0,0.0,0.0,0.0,7.853881948536587,1.0,11.0,0.003401360544217691,9.21542085729698,-161.26557729538519,420.11119192374076,300.0,293.99999999999005,0.0,0.0,0.0,0.0,0.0,0.0,0.0
112.0,0.0,0.0,0.0,0.0,7.8538819485365385,1.0,11.0,0.003401360544217691,9.2188222178412,-168.57296703716048,417.2327345550543,300.0,293.99999999999005,0.0,0.0,0.0,0.0,0.0,0.0,0.0
113.0,0.0,0.0,0.0,0.0,7.853881948536433,1.0,11.0,0.003401360544217691,9.22222357838542,-175.82900782017316,414.2271840535982,300.0,293.99999999999005,0.0,0.0,0.0,0.0,0.0,0.0,0.0
114.0,0.0,0.0,0.0,0.0,7.8538819485366,1.0,11.0,0.003401360544217691,9.22562493892964,-183.0314893841101,411.0954559391704,300.0,293.99999999999005,0.0,0.0,0.0,0.0,0.0,0.0,0.0
115.0,0.0,0.0,0.0,0.0,7.853881948536526,1.0,11.0,0.003401360544217691,9.22902629947385,-190.17821778331475,407.8385041664925,300.0,293.99999999999005,0.0,0.0,0.0,0.0,0.0,0.0,0.0
116.0,0.0,0.0,0.0,0.0,7.8538819485366504,1.0,11.0,0.003401360544217691,9.23242766001807,-197.26701605508492,404.4573208346251,300.0,293.99999999999005,0.0,0.0,0.0,0.0,0.0,0.0,0.0
117.0,0.0,0.0,0.0,0.0,7.853881948536456,1.0,11.0,0.003401360544217691,9.23582902056229,-204.2957248827961,400.95293588476557,300.0,293.99999999999005,0.0,0.0,0.0,0.0,0.0,0.0,0.0
118.0,0.0,0.0,0.0,0.0,7.853881948536438,1.0,11.0,0.003401360544217691,9.23923038110651,-211.2622032536508,397.3264167865172,300.0,293.99999999999005,0.0,0.0,0.0,0.0,0.0,0.0,0.0
119.0,0.0,0.0,0.0,0.0,7.853881948536667,1.0,11.0,0.003401360544217691,9.24263174165073,-218.1643291108517,393.5788682127281,300.0,293.99999999999005,0.0,0.0,0.0,0.0,0.0,0.0,0.0
120.0,0.0,0.0,0.0,0.0,7.853881948536472,1.0,11.0,0.003401360544217691,9.24603310219494,-224.99999999999994,389.71143170299734,300.0,293.99999999999005,0.0,0.0,0.0,0.0,0.0,0.0,0.0
121.0,0.0,0.0,0.0,0.0,7.853881948536681,1.0,11.0,0.003401360544217691,9.24943446273916,-231.7671337095245,385.7252853159505,300.0,293.99999999999005,0.0,0.0,0.0,0.0,0.0,0.0,0.0
122.0,0.0,0.0,0.0,0.0,7.853881948536435,1.0,11.0,0.003401360544217691,9.25283582328338,-238.4636689049422,381.62164327039164,300.0,293.99999999999005,0.0,0.0,0.0,0.0,0.0,0.0,0.0
123.0,0.0,0.0,0.0,0.0,7.853881948536596,1.0,11.0,0.003401360544217691,9.2562371838276,-245.08756575676222,377.40175557544075,300.0,293.99999999999005,0.0,0.0,0.0,0.0,0.0,0.0,0.0
124.0,0.0,0.0,0.0,0.0,7.853881948536495,1.0,11.0,0.003401360544217691,9.25963854437182,-251.63680656183607,373.0669076497687,300.0,293.99999999999005,0.0,0.0,0.0,0.0,0.0,0.0,0.0
125.0,0.0,0.0,0.0,0.0,7.853881948536416,1.0,11.0,0.003401360544217691,9.26303990491603,-258.10939635797064,368.61841993004634,300.0,293.99999999999005,0.0,0.0,0.0,0.0,0.0,0.0,0.0
126.0,0.0,0.0,0.0,0.0,7.853881948536684,1.0,11.0,0.003401360544217691,9.26644126546025,-264.50336353161293,364.0576474687263,300.0,293.99999999999005,0.0,0.0,0.0,0.0,0.0,0.0,0.0
127.0,0.0,0.0,0.0,0.0,7.853881948536653,1.0,11.0,0.00340136054421758,9.26984262600447,-270.81676041842184,359.3859795212817,300.0,293.99999999999005,0.0,0.0,0.0,0.0,0.0,0.0,0.0
128.0,0.0,0.0,0.0,0.0,7.8538819485364435,1.0,11.0,0.003401360544217802,9.27324398654869,-277.0476638965463,354.6048391230249,300.0,293.99999999999005,0.0,0.0,0.0,0.0,0.0,0.0,0.0
129.0,0.0,0.0,0.0,0.0,7.85388194853651,1.0,11.0,0.00340136054421758,9.27664534709291,-283.1941759724269,349.7156826556369,300.0,293.99999999999005,0.0,0.0,0.0,0.0,0.0,0.0,0.0
130.0,0.0,0.0,0.0,0.0,7.85388194853665,1.0,11.0,0.003401360544217802,9.28004670763712,-289.2544243589428,344.71999940354004,300.0,293.99999999999005,0.0,0.0,0.0,0.0,0.0,0.0,0.0
131.0,0.0,0.0,0.0,0.0,7.853881948536648,1.0,11.0,0.00340136054421758,9.28344806818134,-295.2265630457284,339.6193111002472,300.0,293.99999999999005,0.0,0.0,0.0,0.0,0.0,0.0,0.0
132.0,0.0,0.0,0.0,0.0,7.85388194853642,1.0,11.0,0.003401360544217802,9.28684942872556,-301.1087728614863,334.4151714648273,300.0,293.99999999999005,0.0,0.0,0.0,0.0,0.0,0.0,0.0
133.0,0.0,0.0,0.0,0.0,7.853881948536448,1.0,11.0,0.00340136054421758,9.29025078926978,-306.8992620281243,329.1091657286267,300.0,293.99999999999005,0.0,0.0,0.0,0.0,0.0,0.0,0.0
134.0,0.0,0.0,0.0,0.0,7.853881948536459,1.0,11.0,0.003401360544217802,9.29365214981399,-312.59626670654876,323.7029101523931,300.0,293.99999999999005,0.0,0.0,0.0,0.0,0.0,0.0,0.0
135.0,0.0,0.0,0.0,0.0,7.853881948536647,1.0,11.0,0.00340136054421758,9.29705351035821,-318.1980515339464,318.19805153394634,300.0,293.99999999999005,0.0,0.0,0.0,0.0,0.0,0.0,0.0
136.0,0.0,0.0,0.0,0.0,7.853881948536688,1.0,11.0,0.0034034087795025147,9.30045691913771,-323.70291015239314,312.59626670654865,300.0,293.8230652816962,0.0,0.0,0.0,-51.98750128385668,0.0,0.0,0.0
137.0,0.0,0.0,0.0,0.0,7.853881948536457,1.0,11.0,0.0034335647242368372,9.30389048386195,-329.1091657286268,306.89926202812427,300.0,291.2425075145081,0.0,0.0,0.0,-751.5681149019057,0.0,0.0,0.0
138.0,0.0,0.0,0.0,0.0,7.853881948536448,1.0,11.0,0.0034737274731503343,9.3073642113351,-334.41517146482744,301.1087728614862,300.0,287.8752025682087,0.0,0.0,0.0,-969.3635935248664,0.0,0.0,0.0
139.0,0.0,0.0,0.0,0.0,7.853881948536581,1.0,11.0,0.003515333449343405,9.31087954478445,-339.61931110024744,295.22656304572826,300.0,284.468035368567,0.0,0.0,0.0,-969.2301594543019,0.0,0.0,0.0
140.0,0.0,0.0,0.0,0.0,7.8538819485365305,1.0,11.0,0.0035584712170204646,9.31443801600146,-344.71999940354016,289.2544243589427,300.0,281.019555593647,0.0,0.0,0.0,-969.090253821691,0.0,0.0,0.0
141.0,0.0,0.0,0.0,0.0,7.85388194853641,1.0,11.0,0.003603237141154181,9.31804125314262,-349.71568265563684,283.19417597242693,300.0,277.52822276908887,0.0,0.0,0.0,-968.9433938950006,0.0,0.0,0.0
142.0,0.0,0.0,0.0,0.0,7.8538819485366345,1.0,11.0,0.003649736293773964,9.32169098943639,-354.6048391230249,277.0476638965462,300.0,273.99239821955007,0.0,0.0,0.0,-968.7890480116968,0.0,0.0,0.0
143.0,0.0,0.0,0.0,0.0,7.853881948536682,1.0,11.0,0.0036980834923672212,9.32538907292876,-359.38597952128185,270.8167604184216,300.0,270.4103360737696,0.0,0.0,0.0,-968.6266286776249,0.0,0.0,0.0
144.0,0.0,0.0,0.0,0.0,7.853881948536368,1.0,11.0,0.003748404493774893,9.32913747742253,-364.0576474687263,264.50336353161293,300.0,266.78017318052156,0.0,0.0,0.0,-968.4554853342156,0.0,0.0,0.0
145.0,0.0,0.0,0.0,0.0,7.853881948536512,1.0,11.0,0.0038008373718694255,9.3329383147944,-368.6184199300463,258.1093963579708,300.0,263.09991777104,0.0,0.0,0.0,-968.2748956110237,0.0,0.0,0.0
146.0,0.0,0.0,0.0,0.0,7.853881948536622,1.0,11.0,0.003855534113423542,9.33679384890783,-373.0669076497688,251.63680656183607,300.0,259.3674366719773,0.0,0.0,0.0,-968.0840550904924,0.0,0.0,0.0
147.0,0.0,0.0,0.0,0.0,7.853881948536755,1.0,11.0,0.003912662474213624,9.34070651138204,-377.401755575441,245.08756575676202,300.0,255.58044083547625,0.0,0.0,0.0,-967.8820653350549,0.0,0.0,0.0
148.0,0.0,0.0,0.0,0.0,7.853881948536415,1.0,11.0,0.003972408147056905,9.3446789195291,-381.62164327039176,238.46366890494215,300.0,251.7364689076424,0.0,0.0,0.0,-967.6679196929958,0.0,0.0,0.0
149.0,0.0,0.0,0.0,0.0,7.853881948536404,1.0,11.0,0.004034977305693355,9.34871389683479,-385.72528531595054,231.76713370952444,300.0,247.83286849942243,0.0,0.0,0.0,-967.4404866446722,0.0,0.0,0.0
150.0,0.0,0.0,0.0,0.0,7.853881948536684,1.0,11.0,0.004100599604029198,9.35281449643882,-389.71143170299746,224.99999999999991,300.0,243.86677475593902,0.0,0.0,0.0,-967.1984896030084,0.0,0.0,0.0
151.0,0.0,0.0,0.0,0.0,7.853881948536444,1.0,11.0,0.004169531730332521,9.35698402816915,-393.57886821272814,218.16432911085167,300.0,239.83508573040567,0.0,0.0,0.0,-966.9404830771274,0.0,0.0,0.0
152.0,0.0,0.0,0.0,0.0,7.853881948536434,1.0,11.0,0.0042420616419731605,9.36122608981113,-397.32641678651703,211.2622032536509,300.0,235.73443396143355,0.0,0.0,0.0,-966.6648236315923,0.0,0.0,0.0
153.0,0.0,0.0,0.0,0.0,7.853881948536616,1.0,11.0,0.004318513640290345,9.36554460345142,-400.95293588476545,204.29572488279604,300.0,231.56115351129577,0.0,0.0,0.0,-966.3696349600443,0.0,0.0,0.0
154.0,0.0,0.0,0.0,0.0,7.853881948536685,1.0,11.0,0.004399254489970472,9.36994385794139,-404.4573208346252,197.26701605508472,300.0,227.31124154780633,0.0,0.0,0.0,-966.0527648896596,0.0,0.0,0.0
155.0,0.0,0.0,0.0,0.0,7.853881948536448,1.0,11.0,0.0044847008469312,9.37442855878832,-407.8385041664925,190.17821778331472,300.0,222.9803133210674,0.0,0.0,0.0,-965.7117329693021,0.0,0.0,0.0
156.0,0.0,0.0,0.0,0.0,7.853881948536475,1.0,11.0,0.004575328338827567,9.37900388712715,-411.0954559391704,183.03148938411013,300.0,218.56354909303056,0.0,0.0,0.0,-965.343665186871,0.0,0.0,0.0
157.0,0.0,0.0,0.0,0.0,7.853881948536424,1.0,11.0,0.004671682751144157,9.38367556987829,-414.2271840535981,175.82900782017333,300.0,214.05563118664077,0.0,0.0,0.0,-964.9452127898272,0.0,0.0,0.0
158.0,0.0,0.0,0.0,0.0,7.85388194853666,1.0,11.0,0.004774393921429754,9.38844996379972,-417.2327345550543,168.57296703716045,300.0,209.45066880876277,0.0,0.0,0.0,-964.5124498857368,0.0,0.0,0.0
159.0,0.0,0.0,0.0,0.0,7.853881948536644,1.0,11.0,0.0048841931524092885,9.39333415695213,-420.11119192374076,161.26557729538504,300.0,204.74210761028507,0.0,0.0,0.0,-964.0407435883333,0.0,0.0,0.0
160.0,0.0,0.0,0.0,0.0,7.853881948536441,1.0,11.0,0.005001935248375111,9.39833609220051,-422.8616793536587,153.90906449655094,300.0,199.92262001490695,0.0,0.0,0.0,-963.5245871973376,0.0,0.0,0.0
161.0,0.0,0.0,0.0,0.0,7.853881948536461,1.0,11.0,0.005128626699603456,9.40346471890011,-425.48335901969256,146.50566950572062,300.0,194.9839710652642,0.0,0.0,0.0,-962.9573838986403,0.0,0.0,0.0
162.0,0.0,0.0,0.0,0.0,7.853881948536671,1.0,11.0,0.005265462151025302,9.40873018105113,-427.9754323328191,139.05764746872632,300.0,189.91685275056733,0.0,0.0,0.0,-962.3311628419884,0.0,0.0,0.0
163.0,0.0,0.0,0.0,0.0,7.853881948536437,1.0,11.0,0.0054138721965339975,9.41414405324767,-430.33714018336593,131.5672671252316,300.0,184.71067725612838,0.0,0.0,0.0,-961.6362014920778,0.0,0.0,0.0
164.0,0.0,0.0,0.0,0.0,7.853881948536457,1.0,11.0,0.005575586906435226,9.4197196401541,-432.5677631722434,124.0368101176498,300.0,179.35331594345354,0.0,0.0,0.0,-960.8605161354054,0.0,0.0,0.0
165.0,0.0,0.0,0.0,0.0,7.853881948536653,1.0,11.0,0.00575272160172946,9.42547236175583,-434.6666218300807,116.4685702961344,300.0,173.8307655457076,0.0,0.0,0.0,-959.9891634049274,0.0,0.0,0.0
166.0,0.0,0.0,0.0,0.0,7.853881948536653,1.0,11.0,0.005947894714141144,9.43142025646997,-436.6330768241984,108.86485301985041,300.0,168.12671509173376,0.0,0.0,0.0,-959.003265544136,0.0,0.0,0.0
167.0,0.0,0.0,0.0,0.0,7.853881948536636,1.0,11.0,0.006164392961719556,9.43758464943169,-438.46652915335585,101.2279744547391,300.0,162.22197484975135,0.0,0.0,0.0,-957.8786230291852,0.0,0.0,0.0
168.0,0.0,0.0,0.0,0.0,7.853881948536463,1.0,11.0,0.006406408074997927,9.44399105750669,-440.16642033021253,93.56026086799163,300.0,156.0937093443464,0.0,0.0,0.0,-956.583694585665,0.0,0.0,0.0
169.0,0.0,0.0,0.0,0.0,7.853881948536464,1.0,11.0,0.006679384870785121,9.45067044237748,-441.73223255144876,85.86404791944517,300.0,149.71438528327477,0.0,0.0,0.0,-955.0765803261427,0.0,0.0,0.0
170.0,0.0,0.0,0.0,0.0,7.853881948536627,1.0,11.0,0.006990548431875521,9.45766099080935,-443.1634888554936,78.14167995011857,300.0,143.0502927982208,0.0,0.0,0.0,-953.3003812213933,0.0,0.0,0.0
171.0,0.0,0.0,0.0,0.0,7.853881948536469,1.0,11.0,0.0073497307105351295,9.46501072151989,-444.45975326781195,70.39550926810388,300.0,136.05940671630069,0.0,0.0,0.0,-951.175812727294,0.0,0.0,0.0
172.0,0.0,0.0,0.0,0.0,7.853881948536452,1.0,11.0,0.007770721053281804,9.47278144257317,-445.6206309337066,62.627895432029526,300.0,128.6881864814425,0.0,0.0,0.0,-948.5889641792126,0.0,0.0,0.0
173.0,0.0,0.0,0.0,0.0,7.853881948536645,1.0,11.0,0.008273585141014173,9.48105502771418,-446.6457682385949,54.84120453231634,300.0,120.86658721172726,0.0,0.0,0.0,-945.3700102682188,0.0,0.0,0.0
174.0,0.0,0.0,0.0,0.0,7.8538819485364595,1.0,11.0,0.008888898658009792,9.48994392637219,-447.534852915723,47.03780847044412,300.0,112.49987635969664,0.0,0.0,0.0,-941.2539363907771,0.0,0.0,0.0
175.0,0.0,0.0,0.0,0.0,7.853881948536458,1.0,11.0,0.00966610253667921,9.49961002890887,-448.28761414128553,39.220084236446326,300.0,103.45431327729163,0.0,0.0,0.0,-935.8025168966317,0.0,0.0,0.0
176.0,0.0,0.0,0.0,0.0,7.853881948536641,1.0,11.0,0.01069177397679899,9.51030180288567,-448.9038226169209,31.390413184856428,300.0,93.529848476971,0.0,0.0,0.0,-928.2336889890212,0.0,0.0,0.0
177.0,0.0,0.0,0.0,0.0,7.8538819485366576,1.0,11.0,0.012135708676294099,9.52243751156196,-449.38329063955825,23.551180309324653,300.0,82.40145068358326,0.0,0.0,0.0,-916.9961219591361,0.0,0.0,0.0
178.0,0.0,0.0,0.0,0.0,7.853881948536653,1.0,11.0,0.014395192533238843,9.5368327040952,-449.7258721585931,15.704773516125256,300.0,69.46763634393855,0.0,0.0,0.0,-898.4815110864565,0.0,0.0,0.0
179.0,0.0,0.0,0.0,0.0,7.853881948536451,1.0,11.0,0.018760180156251027,9.55559288425146,-449.93146282037605,7.853582896777489,300.0,53.30439215781128,0.0,0.0,0.0,-861.5719066397913,0.0,0.0,0.0
180.0,0.0,0.0,0.0,0.0,7.853881948536453,1.0,11.0,0.045291081365783525,9.60088396561724,-450.0,-3.673940397442067e-15,300.0,22.07940216581993,0.0,0.0,0.0,-689.4291116568794,0.0,0.0,0.0
179.0,0.0,0.0,0.0,0.0,7.853881948536453,1.0,12.0,0.0,9.60088396561724,-449.93146282037605,7.853582896777489,300.0,0.0,0.0,0.0,0.0,0.0,0.0,0.0,0.0
178.0,0.0,0.0,0.0,0.0,7.853881948536451,1.0,12.0,0.06405126152203486,9.66493522713927,-449.7258721585931,15.704773516125256,300.0,-15.612494995995906,0.0,0.0,0.0,-243.74999999999721,0.0,0.0,0.0
177.0,0.0,0.0,0.0,0.0,7.853881948536653,1.0,12.0,0.01439519253323876,9.67933041967251,-449.38329063955825,23.551180309324653,300.0,-69.46763634393855,0.0,0.0,0.0,-3741.189374410288,0.0,0.0,0.0
176.0,0.0,0.0,0.0,0.0,7.8538819485366576,1.0,12.0,0.012135708676294044,9.69146612834881,-448.9038226169209,31.390413184856428,300.0,-82.40145068358326,0.0,0.0,0.0,-1065.7650644588557,0.0,0.0,0.0
175.0,0.0,0.0,0.0,0.0,7.853881948536641,1.0,12.0,0.010691773976799004,9.70215790232561,-448.28761414128553,39.220084236446326,300.0,-93.529848476971,0.0,0.0,0.0,-1040.837359407013,0.0,0.0,0.0
174.0,0.0,0.0,0.0,0.0,7.853881948536458,1.0,12.0,0.009666102536679155,9.71182400486228,-447.534852915723,47.03780847044412,300.0,-103.45431327729163,0.0,0.0,0.0,-1026.7286905618246,0.0,0.0,0.0
173.0,0.0,0.0,0.0,0.0,7.8538819485364595,1.0,12.0,0.008888898658009792,9.72071290352029,-446.6457682385949,54.84120453231634,300.0,-112.49987635969664,0.0,0.0,0.0,-1017.6247283744002,0.0,0.0,0.0
172.0,0.0,0.0,0.0,0.0,7.853881948536645,1.0,12.0,0.008273585141014103,9.72898648866131,-445.6206309337066,62.627895432029526,300.0,-120.86658721172726,0.0,0.0,0.0,-1011.255786872264,0.0,0.0,0.0
171.0,0.0,0.0,0.0,0.0,7.853881948536452,1.0,12.0,0.007770721053281776,9.73675720971459,-444.45975326781195,70.39550926810388,300.0,-128.6881864814425,0.0,0.0,0.0,-1006.5474254042286,0.0,0.0,0.0
170.0,0.0,0.0,0.0,0.0,7.853881948536469,1.0,12.0,0.007349730710535074,9.74410694042512,-443.1634888554936,78.14167995011857,300.0,-136.05940671630069,0.0,0.0,0.0,-1002.9238519299954,0.0,0.0,0.0
169.0,0.0,0.0,0.0,0.0,7.853881948536627,1.0,12.0,0.006990548431875604,9.751097488857,-441.73223255144876,85.86404791944517,300.0,-143.0502927982208,0.0,0.0,0.0,-1000.0483009376783,0.0,0.0,0.0
168.0,0.0,0.0,0.0,0.0,7.853881948536464,1.0,12.0,0.006679384870785066,9.75777687372779,-440.16642033021253,93.56026086799163,300.0,-149.71438528327477,0.0,0.0,0.0,-997.710509870746,0.0,0.0,0.0
167.0,0.0,0.0,0.0,0.0,7.853881948536463,1.0,12.0,0.006406408074997982,9.76418328180278,-438.46652915335585,101.2279744547391,300.0,-156.0937093443464,0.0,0.0,0.0,-995.7723558023101,0.0,0.0,0.0
166.0,0.0,0.0,0.0,0.0,7.853881948536636,1.0,12.0,0.006164392961719473,9.7703476747645,-436.6330768241984,108.86485301985041,300.0,-162.22197484975135,0.0,0.0,0.0,-994.1393326904013,0.0,0.0,0.0
165.0,0.0,0.0,0.0,0.0,7.853881948536653,1.0,12.0,0.005947894714141144,9.77629556947864,-434.6666218300807,116.4685702961344,300.0,-168.12671509173376,0.0,0.0,0.0,-992.7445803544716,0.0,0.0,0.0
164.0,0.0,0.0,0.0,0.0,7.853881948536653,1.0,12.0,0.005752721601729488,9.78204829108037,-432.5677631722434,124.0368101176498,300.0,-173.8307655457076,0.0,0.0,0.0,-991.5394571256153,0.0,0.0,0.0
163.0,0.0,0.0,0.0,0.0,7.853881948536457,1.0,12.0,0.00557558690643517,9.78762387798681,-430.33714018336593,131.5672671252316,300.0,-179.35331594345354,0.0,0.0,0.0,-990.4877263005709,0.0,0.0,0.0
162.0,0.0,0.0,0.0,0.0,7.853881948536437,1.0,12.0,0.005413872196534081,9.79303775018334,-427.9754323328191,139.05764746872632,300.0,-184.71067725612838,0.0,0.0,0.0,-989.5618363699506,0.0,0.0,0.0
161.0,0.0,0.0,0.0,0.0,7.853881948536671,1.0,12.0,0.005265462151025246,9.79830321233437,-425.48335901969256,146.50566950572062,300.0,-189.91685275056733,0.0,0.0,0.0,-988.7404647709745,0.0,0.0,0.0
160.0,0.0,0.0,0.0,0.0,7.853881948536461,1.0,12.0,0.005128626699603511,9.80343183903397,-422.8616793536587,153.90906449655094,300.0,-194.9839710652642,0.0,0.0,0.0,-988.0068508571248,0.0,0.0,0.0
159.0,0.0,0.0,0.0,0.0,7.853881948536441,1.0,12.0,0.005001935248375,9.80843377428235,-420.11119192374076,161.26557729538504,300.0,-199.92262001490695,0.0,0.0,0.0,-987.3476373464478,0.0,0.0,0.0
158.0,0.0,0.0,0.0,0.0,7.853881948536644,1.0,12.0,0.0048841931524093996,9.81331796743476,-417.2327345550543,168.57296703716045,300.0,-204.74210761028507,0.0,0.0,0.0,-986.7520478793411,0.0,0.0,0.0
157.0,0.0,0.0,0.0,0.0,7.85388194853666,1.0,12.0,0.0047743939214296705,9.81809236135619,-414.2271840535981,175.82900782017333,300.0,-209.45066880876277,0.0,0.0,0.0,-986.211292148143,0.0,0.0,0.0
156.0,0.0,0.0,0.0,0.0,7.853881948536424,1.0,12.0,0.0046716827511442405,9.82276404410733,-411.0954559391704,183.03148938411013,300.0,-214.05563118664077,0.0,0.0,0.0,-985.7181283874086,0.0,0.0,0.0
155.0,0.0,0.0,0.0,0.0,7.853881948536475,1.0,12.0,0.004575328338827511,9.82733937244616,-407.8385041664925,190.17821778331472,300.0,-218.56354909303056,0.0,0.0,0.0,-985.2665366405769,0.0,0.0,0.0
154.0,0.0,0.0,0.0,0.0,7.853881948536448,1.0,12.0,0.004484700846931172,9.83182407329309,-404.4573208346252,197.26701605508472,300.0,-222.9803133210674,0.0,0.0,0.0,-984.8514714329368,0.0,0.0,0.0
153.0,0.0,0.0,0.0,0.0,7.853881948536685,1.0,12.0,0.004399254489970528,9.83622332778306,-400.95293588476545,204.29572488279604,300.0,-227.31124154780633,0.0,0.0,0.0,-984.4686722744663,0.0,0.0,0.0
152.0,0.0,0.0,0.0,0.0,7.853881948536616,1.0,12.0,0.004318513640290372,9.84054184142335,-397.32641678651703,211.2622032536509,300.0,-231.56115351129577,0.0,0.0,0.0,-984.1145165870703,0.0,0.0,0.0
151.0,0.0,0.0,0.0,0.0,7.853881948536434,1.0,12.0,0.004242061641973188,9.84478390306532,-393.57886821272814,218.16432911085167,300.0,-235.73443396143355,0.0,0.0,0.0,-983.7859046755465,0.0,0.0,0.0
150.0,0.0,0.0,0.0,0.0,7.853881948536444,1.0,12.0,0.004169531730332493,9.84895343479566,-389.71143170299746,224.99999999999991,300.0,-239.83508573040567,0.0,0.0,0.0,-983.4801685619665,0.0,0.0,0.0
149.0,0.0,0.0,0.0,0.0,7.853881948536684,1.0,12.0,0.00410059960402917,9.85305403439969,-385.72528531595054,231.76713370952444,300.0,-243.86677475593902,0.0,0.0,0.0,-983.1949994757335,0.0,0.0,0.0
148.0,0.0,0.0,0.0,0.0,7.853881948536404,1.0,12.0,0.004034977305693355,9.85708901170538,-381.62164327039176,238.46366890494215,300.0,-247.83286849942243,0.0,0.0,0.0,-982.9283891851067,0.0,0.0,0.0
147.0,0.0,0.0,0.0,0.0,7.853881948536415,1.0,12.0,0.003972408147056905,9.86106141985243,-377.401755575441,245.08756575676202,300.0,-251.7364689076424,0.0,0.0,0.0,-982.6785827917272,0.0,0.0,0.0
146.0,0.0,0.0,0.0,0.0,7.853881948536755,1.0,12.0,0.0039126624742135685,9.86497408232665,-373.0669076497688,251.63680656183607,300.0,-255.58044083547625,0.0,0.0,0.0,-982.4440398749705,0.0,0.0,0.0
145.0,0.0,0.0,0.0,0.0,7.853881948536622,1.0,12.0,0.003855534113423542,9.86882961644007,-368.6184199300463,258.1093963579708,300.0,-259.3674366719773,0.0,0.0,0.0,-982.2234028007313,0.0,0.0,0.0
144.0,0.0,0.0,0.0,0.0,7.853881948536512,1.0,12.0,0.0038008373718695365,9.87263045381194,-364.0576474687263,264.50336353161293,300.0,-263.09991777104,0.0,0.0,0.0,-982.0154702453525,0.0,0.0,0.0
143.0,0.0,0.0,0.0,0.0,7.853881948536368,1.0,12.0,0.0037484044937748373,9.87637885830572,-359.38597952128185,270.8167604184216,300.0,-266.78017318052156,0.0,0.0,0.0,-981.819175490042,0.0,0.0,0.0
142.0,0.0,0.0,0.0,0.0,7.853881948536682,1.0,12.0,0.0036980834923672767,9.88007694179808,-354.6048391230249,277.0476638965462,300.0,-270.4103360737696,0.0,0.0,0.0,-981.6335679657307,0.0,0.0,0.0
141.0,0.0,0.0,0.0,0.0,7.8538819485366345,1.0,12.0,0.0036497362937739086,9.88372667809186,-349.71568265563684,283.19417597242693,300.0,-273.99239821955007,0.0,0.0,0.0,-981.4577978938584,0.0,0.0,0.0
140.0,0.0,0.0,0.0,0.0,7.85388194853641,1.0,12.0,0.0036032371411541253,9.88732991523301,-344.71999940354016,289.2544243589427,300.0,-277.52822276908887,0.0,0.0,0.0,-981.2911032568179,0.0,0.0,0.0
139.0,0.0,0.0,0.0,0.0,7.8538819485365305,1.0,12.0,0.0035584712170205757,9.89088838645003,-339.61931110024744,295.22656304572826,300.0,-281.019555593647,0.0,0.0,0.0,-981.1327987868376,0.0,0.0,0.0
138.0,0.0,0.0,0.0,0.0,7.853881948536581,1.0,12.0,0.003515333449343405,9.89440371989938,-334.41517146482744,301.1087728614862,300.0,-284.4680353684951,0.0,0.0,0.0,-980.9822665590362,0.0,0.0,0.0
137.0,0.0,0.0,0.0,0.0,7.853881948536448,1.0,12.0,0.0034737274731502232,9.89787744737253,-329.1091657286268,306.89926202812427,300.0,-287.87520256828225,0.0,0.0,0.0,-980.8389478227257,0.0,0.0,0.0
136.0,0.0,0.0,0.0,0.0,7.853881948536457,1.0,12.0,0.0034335647242370038,9.90131101209676,-323.70291015239314,312.59626670654865,300.0,-291.24250751443276,0.0,0.0,0.0,-980.702336082627,0.0,0.0,0.0
135.0,0.0,0.0,0.0,0.0,7.853881948536688,1.0,12.0,0.003403408779502348,9.90471442087627,-318.1980515339464,318.19805153394634,300.0,-293.8230652816962,0.0,0.0,0.0,-758.2273933138305,0.0,0.0,0.0
134.0,0.0,0.0,0.0,0.0,7.853881948536647,1.0,12.0,0.003401360544217691,9.90811578142048,-312.59626670654876,323.7029101523931,300.0,-293.99999999999005,0.0,0.0,0.0,-52.01880717839442,0.0,0.0,0.0
133.0,0.0,0.0,0.0,0.0,7.853881948536459,1.0,12.0,0.003401360544217691,9.9115171419647,-306.8992620281243,329.1091657286267,300.0,-293.99999999999005,0.0,0.0,0.0,0.0,0.0,0.0,0.0
132.0,0.0,0.0,0.0,0.0,7.853881948536448,1.0,12.0,0.003401360544217691,9.91491850250892,-301.1087728614863,334.4151714648273,300.0,-293.99999999999005,0.0,0.0,0.0,0.0,0.0,0.0,0.0
131.0,0.0,0.0,0.0,0.0,7.85388194853642,1.0,12.0,0.003401360544217691,9.91831986305314,-295.2265630457284,339.6193111002472,300.0,-293.99999999999005,0.0,0.0,0.0,0.0,0.0,0.0,0.0
130.0,0.0,0.0,0.0,0.0,7.853881948536648,1.0,12.0,0.003401360544217691,9.92172122359736,-289.2544243589428,344.71999940354004,300.0,-293.99999999999005,0.0,0.0,0.0,0.0,0.0,0.0,0.0
129.0,0.0,0.0,0.0,0.0,7.85388194853665,1.0,12.0,0.003401360544217691,9.92512258414157,-283.1941759724269,349.7156826556369,300.0,-293.99999999999005,0.0,0.0,0.0,0.0,0.0,0.0,0.0
128.0,0.0,0.0,0.0,0.0,7.85388194853651,1.0,12.0,0.003401360544217691,9.92852394468579,-277.0476638965463,354.6048391230249,300.0,-293.99999999999005,0.0,0.0,0.0,0.0,0.0,0.0,0.0
127.0,0.0,0.0,0.0,0.0,7.8538819485364435,1.0,12.0,0.0034013605442176353,9.93192530523001,-270.81676041842184,359.3859795212817,300.0,-293.99999999999005,0.0,0.0,0.0,0.0,0.0,0.0,0.0
126.0,0.0,0.0,0.0,0.0,7.853881948536653,1.0,12.0,0.003401360544217691,9.93532666577423,-264.50336353161293,364.0576474687263,300.0,-293.99999999999005,0.0,0.0,0.0,0.0,0.0,0.0,0.0
125.0,0.0,0.0,0.0,0.0,7.853881948536684,1.0,12.0,0.003401360544217691,9.93872802631844,-258.10939635797064,368.61841993004634,300.0,-293.99999999999005,0.0,0.0,0.0,0.0,0.0,0.0,0.0
124.0,0.0,0.0,0.0,0.0,7.853881948536416,1.0,12.0,0.003401360544217691,9.94212938686266,-251.63680656183607,373.0669076497687,300.0,-293.99999999999005,0.0,0.0,0.0,0.0,0.0,0.0,0.0
123.0,0.0,0.0,0.0,0.0,7.853881948536495,1.0,12.0,0.003401360544217691,9.94553074740688,-245.08756575676222,377.40175557544075,300.0,-293.99999999999005,0.0,0.0,0.0,0.0,0.0,0.0,0.0
122.0,0.0,0.0,0.0,0.0,7.853881948536596,1.0,12.0,0.003401360544217691,9.9489321079511,-238.4636689049422,381.62164327039164,300.0,-293.99999999999005,0.0,0.0,0.0,0.0,0.0,0.0,0.0
121.0,0.0,0.0,0.0,0.0,7.853881948536435,1.0,12.0,0.003401360544217691,9.95233346849531,-231.7671337095245,385.7252853159505,300.0,-293.99999999999005,0.0,0.0,0.0,0.0,0.0,0.0,0.0
120.0,0.0,0.0,0.0,0.0,7.853881948536681,1.0,12.0,0.003401360544217691,9.95573482903953,-224.99999999999994,389.71143170299734,300.0,-293.99999999999005,0.0,0.0,0.0,0.0,0.0,0.0,0.0
119.0,0.0,0.0,0.0,0.0,7.853881948536472,1.0,12.0,0.003401360544217691,9.95913618958375,-218.1643291108517,393.5788682127281,300.0,-293.99999999999005,0.0,0.0,0.0,0.0,0.0,0.0,0.0
118.0,0.0,0.0,0.0,0.0,7.853881948536667,1.0,12.0,0.003401360544217691,9.96253755012797,-211.2622032536508,397.3264167865172,300.0,-293.99999999999005,0.0,0.0,0.0,0.0,0.0,0.0,0.0
117.0,0.0,0.0,0.0,0.0,7.853881948536438,1.0,12.0,0.003401360544217691,9.96593891067219,-204.2957248827961,400.95293588476557,300.0,-293.99999999999005,0.0,0.0,0.0,0.0,0.0,0.0,0.0
116.0,0.0,0.0,0.0,0.0,7.853881948536456,1.0,12.0,0.003401360544217691,9.9693402712164,-197.26701605508492,404.4573208346251,300.0,-293.99999999999005,0.0,0.0,0.0,0.0,0.0,0.0,0.0
115.0,0.0,0.0,0.0,0.0,7.8538819485366504,1.0,12.0,0.003401360544217691,9.97274163176062,-190.17821778331475,407.8385041664925,300.0,-293.99999999999005,0.0,0.0,0.0,0.0,0.0,0.0,0.0
114.0,0.0,0.0,0.0,0.0,7.853881948536526,1.0,12.0,0.003401360544217691,9.97614299230484,-183.0314893841101,411.0954559391704,300.0,-293.99999999999005,0.0,0.0,0.0,0.0,0.0,0.0,0.0
113.0,0.0,0.0,0.0,0.0,7.8538819485366,1.0,12.0,0.003401360544217691,9.97954435284906,-175.82900782017316,414.2271840535982,300.0,-293.99999999999005,0.0,0.0,0.0,0.0,0.0,0.0,0.0
112.0,0.0,0.0,0.0,0.0,7.853881948536433,1.0,12.0,0.003401360544217691,9.98294571339328,-168.57296703716048,417.2327345550543,300.0,-293.99999999999005,0.0,0.0,0.0,0.0,0.0,0.0,0.0
111.0,0.0,0.0,0.0,0.0,7.8538819485365385,1.0,12.0,0.003401360544217691,9.98634707393749,-161.26557729538519,420.11119192374076,300.0,-293.99999999999005,0.0,0.0,0.0,0.0,0.0,0.0,0.0
110.0,0.0,0.0,0.0,0.0,7.853881948536587,1.0,12.0,0.0034013605442176353,9.98974843448171,-153.90906449655097,422.8616793536588,300.0,-293.99999999999005,0.0,0.0,0.0,0.0,0.0,0.0,0.0
109.0,0.0,0.0,0.0,0.0,7.853881948536611,1.0,12.0,0.003401360544217691,9.99314979502593,-146.50566950572045,425.48335901969256,300.0,-293.99999999999005,0.0,0.0,0.0,0.0,0.0,0.0,0.0
108.0,0.0,0.0,0.0,0.0,7.853881948536474,1.0,12.0,0.003401360544217691,9.99655115557015,-139.05764746872637,427.97543233281914,300.0,-293.99999999999005,0.0,0.0,0.0,0.0,0.0,0.0,0.0
107.0,0.0,0.0,0.0,0.0,7.853881948536546,1.0,12.0,0.003401360544217691,9.99995251611437,-131.56726712523155,430.337140183366,300.0,-293.99999999999005,0.0,0.0,0.0,0.0,0.0,0.0,0.0
106.0,0.0,0.0,0.0,0.0,7.853881948536581,1.0,12.0,0.003401360544217691,10.0033538766586,-124.03681011764962,432.56776317224353,300.0,-293.99999999999005,0.0,0.0,0.0,0.0,0.0,0.0,0.0
105.0,0.0,0.0,0.0,0.0,7.853881948536433,1.0,12.0,0.003401360544217691,10.0067552372028,-116.46857029613444,434.66662183008077,300.0,-293.99999999999005,0.0,0.0,0.0,0.0,0.0,0.0,0.0
104.0,0.0,0.0,0.0,0.0,7.853881948536543,1.0,12.0,0.003401360544217691,10.010156597747,-108.86485301985056,436.6330768241984,300.0,-293.99999999999005,0.0,0.0,0.0,0.0,0.0,0.0,0.0
103.0,0.0,0.0,0.0,0.0,7.853881948536664,1.0,12.0,0.003401360544217691,10.0135579582912,-101.22797445473921,438.46652915335585,300.0,-293.99999999999005,0.0,0.0,0.0,0.0,0.0,0.0,0.0
102.0,0.0,0.0,0.0,0.0,7.8538819485365465,1.0,12.0,0.003401360544217691,10.0169593188355,-93.56026086799166,440.16642033021253,300.0,-293.99999999999005,0.0,0.0,0.0,0.0,0.0,0.0,0.0
101.0,0.0,0.0,0.0,0.0,7.853881948536436,1.0,12.0,0.003401360544217691,10.0203606793797,-85.86404791944523,441.73223255144876,300.0,-293.99999999999005,0.0,0.0,0.0,0.0,0.0,0.0,0.0
100.0,0.0,0.0,0.0,0.0,7.853881948536571,1.0,12.0,0.003401360544217691,10.0237620399239,-78.14167995011869,443.1634888554936,300.0,-293.99999999999005,0.0,0.0,0.0,0.0,0.0,0.0,0.0
99.0,0.0,0.0,0.0,0.0,7.853881948536442,1.0,12.0,0.0034013605442176353,10.0271634004681,-70.39550926810402,444.45975326781195,300.0,-293.99999999999005,0.0,0.0,0.0,0.0,0.0,0.0,0.0
98.0,0.0,0.0,0.0,0.0,7.853881948536664,1.0,12.0,0.003401360544217691,10.0305647610123,-62.62789543202946,445.62063093370665,300.0,-293.99999999999005,0.0,0.0,0.0,0.0,0.0,0.0,0.0
97.0,0.0,0.0,0.0,0.0,7.853881948536554,1.0,12.0,0.003401360544217691,10.0339661215565,-54.84120453231637,446.64576823859494,300.0,-293.99999999999005,0.0,0.0,0.0,0.0,0.0,0.0,0.0
96.0,0.0,0.0,0.0,0.0,7.853881948536544,1.0,12.0,0.003401360544217691,10.0373674821008,-47.03780847044406,447.53485291572304,300.0,-293.99999999999005,0.0,0.0,0.0,0.0,0.0,0.0,0.0
95.0,0.0,0.0,0.0,0.0,7.8538819485364595,1.0,12.0,0.003401360544217691,10.040768842645,-39.22008423644626,448.28761414128553,300.0,-293.99999999999005,0.0,0.0,0.0,0.0,0.0,0.0,0.0
94.0,0.0,0.0,0.0,0.0,7.853881948536545,1.0,12.0,0.003401360544217691,10.0441702031892,-31.39041318485646,448.9038226169209,300.0,-293.99999999999005,0.0,0.0,0.0,0.0,0.0,0.0,0.0
93.0,0.0,0.0,0.0,0.0,7.853881948536654,1.0,12.0,0.003401360544217691,10.0475715637334,-23.55118030932469,449.38329063955825,300.0,-293.99999999999005,0.0,0.0,0.0,0.0,0.0,0.0,0.0
92.0,0.0,0.0,0.0,0.0,7.853881948536555,1.0,12.0,0.003401360544217691,10.0509729242776,-15.704773516125389,449.7258721585931,300.0,-293.99999999999005,0.0,0.0,0.0,0.0,0.0,0.0,0.0
91.0,0.0,0.0,0.0,0.0,7.853881948536449,1.0,12.0,0.003401360544217691,10.0543742848219,-7.853582896777624,449.93146282037605,300.0,-293.99999999999005,0.0,0.0,0.0,0.0,0.0,0.0,0.0
90.0,0.0,0.0,0.0,0.0,7.853881948536554,1.0,12.0,0.003401360544217691,10.0577756453661,-3.1228493378257513e-14,450.0,300.0,-293.99999999999005,0.0,0.0,0.0,0.0,0.0,0.0,0.0
89.0,0.0,0.0,0.0,0.0,7.853881948536452,1.0,12.0,0.003401360544217691,10.0611770059103,7.853582896777461,449.93146282037605,300.0,-293.99999999999005,0.0,0.0,0.0,0.0,0.0,0.0,0.0
88.0,0.0,0.0,0.0,0.0,7.853881948536651,1.0,12.0,0.003401360544217691,10.0645783664545,15.704773516125428,449.7258721585931,300.0,-293.99999999999005,0.0,0.0,0.0,0.0,0.0,0.0,0.0
87.0,0.0,0.0,0.0,0.0,7.853881948536552,1.0,12.0,0.003401360544217691,10.0679797269987,23.551180309324725,449.38329063955825,300.0,-293.99999999999005,0.0,0.0,0.0,0.0,0.0,0.0,0.0
86.0,0.0,0.0,0.0,0.0,7.8538819485365545,1.0,12.0,0.003401360544217691,10.0713810875429,31.390413184856396,448.9038226169209,300.0,-293.99999999999005,0.0,0.0,0.0,0.0,0.0,0.0,0.0
85.0,0.0,0.0,0.0,0.0,7.853881948536453,1.0,12.0,0.003401360544217691,10.0747824480872,39.220084236446105,448.28761414128553,300.0,-293.99999999999005,0.0,0.0,0.0,0.0,0.0,0.0,0.0
84.0,0.0,0.0,0.0,0.0,7.853881948536557,1.0,12.0,0.003401360544217691,10.0781838086314,47.037808470444,447.534852915723,300.0,-293.99999999999005,0.0,0.0,0.0,0.0,0.0,0.0,0.0
83.0,0.0,0.0,0.0,0.0,7.853881948536551,1.0,12.0,0.003401360544217691,10.0815851691756,54.84120453231631,446.6457682385949,300.0,-293.99999999999005,0.0,0.0,0.0,0.0,0.0,0.0,0.0
82.0,0.0,0.0,0.0,0.0,7.853881948536652,1.0,12.0,0.003401360544217691,10.0849865297198,62.627895432029504,445.6206309337066,300.0,-293.99999999999005,0.0,0.0,0.0,0.0,0.0,0.0,0.0
81.0,0.0,0.0,0.0,0.0,7.853881948536451,1.0,12.0,0.003401360544217691,10.088387890264,70.39550926810386,444.459753267812,300.0,-293.99999999999005,0.0,0.0,0.0,0.0,0.0,0.0,0.0
80.0,0.0,0.0,0.0,0.0,7.853881948536549,1.0,12.0,0.003401360544217691,10.0917892508082,78.14167995011863,443.1634888554936,300.0,-293.99999999999005,0.0,0.0,0.0,0.0,0.0,0.0,0.0
79.0,0.0,0.0,0.0,0.0,7.853881948536557,1.0,12.0,0.0034013605442176353,10.0951906113525,85.86404791944516,441.73223255144876,300.0,-293.99999999999005,0.0,0.0,0.0,0.0,0.0,0.0,0.0
78.0,0.0,0.0,0.0,0.0,7.853881948536548,1.0,12.0,0.003401360544217691,10.0985919718967,93.5602608679917,440.16642033021253,300.0,-293.99999999999005,0.0,0.0,0.0,0.0,0.0,0.0,0.0
77.0,0.0,0.0,0.0,0.0,7.853881948536449,1.0,12.0,0.0034013605442177464,10.1019933324409,101.22797445473915,438.46652915335585,300.0,-293.99999999999005,0.0,0.0,0.0,0.0,0.0,0.0,0.0
76.0,0.0,0.0,0.0,0.0,7.853881948536664,1.0,12.0,0.00340136054421758,10.1053946929851,108.8648530198505,436.6330768241984,300.0,-293.99999999999005,0.0,0.0,0.0,0.0,0.0,0.0,0.0
75.0,0.0,0.0,0.0,0.0,7.853881948536447,1.0,12.0,0.003401360544217802,10.1087960535293,116.46857029613429,434.66662183008077,300.0,-293.99999999999005,0.0,0.0,0.0,0.0,0.0,0.0,0.0
74.0,0.0,0.0,0.0,0.0,7.853881948536529,1.0,12.0,0.00340136054421758,10.1121974140736,124.03681011764957,432.56776317224353,300.0,-293.99999999999005,0.0,0.0,0.0,0.0,0.0,0.0,0.0
73.0,0.0,0.0,0.0,0.0,7.8538819485365705,1.0,12.0,0.003401360544217802,10.1155987746178,131.56726712523147,430.33714018336593,300.0,-293.99999999999005,0.0,0.0,0.0,0.0,0.0,0.0,0.0
72.0,0.0,0.0,0.0,0.0,7.853881948536546,1.0,12.0,0.00340136054421758,10.119000135162,139.0576474687263,427.9754323328191,300.0,-293.99999999999005,0.0,0.0,0.0,0.0,0.0,0.0,0.0
71.0,0.0,0.0,0.0,0.0,7.85388194853659,1.0,12.0,0.003401360544217691,10.1224014957062,146.5056695057205,425.48335901969256,300.0,-293.99999999999005,0.0,0.0,0.0,0.0,0.0,0.0,0.0
70.0,0.0,0.0,0.0,0.0,7.853881948536542,1.0,12.0,0.003401360544217691,10.1258028562504,153.9090644965509,422.8616793536587,300.0,-293.99999999999005,0.0,0.0,0.0,0.0,0.0,0.0,0.0
69.0,0.0,0.0,0.0,0.0,7.853881948536547,1.0,12.0,0.003401360544217691,10.1292042167946,161.26557729538513,420.11119192374076,300.0,-293.99999999999005,0.0,0.0,0.0,0.0,0.0,0.0,0.0
68.0,0.0,0.0,0.0,0.0,7.853881948536433,1.0,12.0,0.003401360544217691,10.1326055773389,168.5729670371603,417.2327345550543,300.0,-293.99999999999005,0.0,0.0,0.0,0.0,0.0,0.0,0.0
67.0,0.0,0.0,0.0,0.0,7.853881948536687,1.0,12.0,0.003401360544217691,10.1360069378831,175.82900782017322,414.2271840535981,300.0,-293.99999999999005,0.0,0.0,0.0,0.0,0.0,0.0,0.0
66.0,0.0,0.0,0.0,0.0,7.85388194853645,1.0,12.0,0.003401360544217691,10.1394082984273,183.03148938411005,411.0954559391704,300.0,-293.99999999999005,0.0,0.0,0.0,0.0,0.0,0.0,0.0
65.0,0.0,0.0,0.0,0.0,7.853881948536526,1.0,12.0,0.003401360544217691,10.1428096589715,190.1782177833147,407.8385041664925,300.0,-293.99999999999005,0.0,0.0,0.0,0.0,0.0,0.0,0.0
64.0,0.0,0.0,0.0,0.0,7.85388194853655,1.0,12.0,0.003401360544217691,10.1462110195157,197.2670160550848,404.4573208346252,300.0,-293.99999999999005,0.0,0.0,0.0,0.0,0.0,0.0,0.0
63.0,0.0,0.0,0.0,0.0,7.853881948536583,1.0,12.0,0.003401360544217691,10.1496123800599,204.295724882796,400.95293588476545,300.0,-293.99999999999005,0.0,0.0,0.0,0.0,0.0,0.0,0.0
62.0,0.0,0.0,0.0,0.0,7.853881948536539,1.0,12.0,0.003401360544217691,10.1530137406042,211.26220325365082,397.3264167865171,300.0,-293.99999999999005,0.0,0.0,0.0,0.0,0.0,0.0,0.0
61.0,0.0,0.0,0.0,0.0,7.853881948536511,1.0,12.0,0.003401360544217691,10.1564151011484,218.16432911085164,393.57886821272814,300.0,-293.99999999999005,0.0,0.0,0.0,0.0,0.0,0.0,0.0
60.0,0.0,0.0,0.0,0.0,7.853881948536543,1.0,12.0,0.003401360544217691,10.1598164616926,225.0,389.71143170299746,300.0,-293.99999999999005,0.0,0.0,0.0,0.0,0.0,0.0,0.0
59.0,0.0,0.0,0.0,0.0,7.853881948536562,1.0,12.0,0.003401360544217691,10.1632178222368,231.7671337095244,385.72528531595054,300.0,-293.99999999999005,0.0,0.0,0.0,0.0,0.0,0.0,0.0
58.0,0.0,0.0,0.0,0.0,7.853881948536453,1.0,12.0,0.003401360544217691,10.166619182781,238.46366890494215,381.62164327039176,300.0,-293.99999999999005,0.0,0.0,0.0,0.0,0.0,0.0,0.0
57.0,0.0,0.0,0.0,0.0,7.853881948536596,1.0,12.0,0.003401360544217691,10.1700205433253,245.08756575676216,377.40175557544086,300.0,-293.99999999999005,0.0,0.0,0.0,0.0,0.0,0.0,0.0
56.0,0.0,0.0,0.0,0.0,7.853881948536495,1.0,12.0,0.003401360544217691,10.1734219038695,251.636806561836,373.06690764976884,300.0,-293.99999999999005,0.0,0.0,0.0,0.0,0.0,0.0,0.0
55.0,0.0,0.0,0.0,0.0,7.853881948536528,1.0,12.0,0.003401360544217691,10.1768232644137,258.10939635797064,368.61841993004634,300.0,-293.99999999999005,0.0,0.0,0.0,0.0,0.0,0.0,0.0
54.0,0.0,0.0,0.0,0.0,7.853881948536572,1.0,12.0,0.003401360544217691,10.1802246249579,264.5033635316129,364.05764746872643,300.0,-293.99999999999005,0.0,0.0,0.0,0.0,0.0,0.0,0.0
53.0,0.0,0.0,0.0,0.0,7.853881948536573,1.0,12.0,0.00340136054421758,10.1836259855021,270.8167604184217,359.38597952128185,300.0,-293.99999999999005,0.0,0.0,0.0,0.0,0.0,0.0,0.0
52.0,0.0,0.0,0.0,0.0,7.853881948536478,1.0,12.0,0.003401360544217802,10.1870273460463,277.04766389654617,354.604839123025,300.0,-293.99999999999005,0.0,0.0,0.0,0.0,0.0,0.0,0.0
51.0,0.0,0.0,0.0,0.0,7.853881948536626,1.0,12.0,0.00340136054421758,10.1904287065906,283.1941759724268,349.7156826556369,300.0,-293.99999999999005,0.0,0.0,0.0,0.0,0.0,0.0,0.0
50.0,0.0,0.0,0.0,0.0,7.853881948536533,1.0,12.0,0.003401360544217802,10.1938300671348,289.2544243589427,344.71999940354016,300.0,-293.99999999999005,0.0,0.0,0.0,0.0,0.0,0.0,0.0
49.0,0.0,0.0,0.0,0.0,7.8538819485365305,1.0,12.0,0.00340136054421758,10.197231427679,295.22656304572826,339.61931110024744,300.0,-293.99999999999005,0.0,0.0,0.0,0.0,0.0,0.0,0.0
48.0,0.0,0.0,0.0,0.0,7.8538819485365385,1.0,12.0,0.003401360544217802,10.2006327882232,301.10877286148616,334.41517146482744,300.0,-293.99999999999005,0.0,0.0,0.0,0.0,0.0,0.0,0.0
47.0,0.0,0.0,0.0,0.0,7.85388194853649,1.0,12.0,0.00340136054421758,10.2040341487674,306.89926202812427,329.1091657286268,300.0,-293.99999999999005,0.0,0.0,0.0,0.0,0.0,0.0,0.0
46.0,0.0,0.0,0.0,0.0,7.853881948536618,1.0,12.0,0.003401360544217802,10.2074355093117,312.59626670654876,323.70291015239303,300.0,-293.99999999999005,0.0,0.0,0.0,0.0,0.0,0.0,0.0
45.0,0.0,0.0,0.0,0.0,7.853881948536487,1.0,12.0,0.00340136054421758,10.2108368698559,318.19805153394634,318.19805153394645,300.0,-293.99999999999005,0.0,0.0,0.0,0.0,0.0,0.0,0.0
44.0,0.0,0.0,0.0,0.0,7.853881948536607,1.0,12.0,0.0034034087795025147,10.2142402786354,323.70291015239303,312.5962667065488,300.0,-293.8230652816962,0.0,0.0,0.0,51.98750128385668,0.0,0.0,0.0
43.0,0.0,0.0,0.0,0.0,7.853881948536498,1.0,12.0,0.0034335647242368372,10.2176738433596,329.1091657286267,306.8992620281244,300.0,-291.2425075145081,0.0,0.0,0.0,751.5681149019057,0.0,0.0,0.0
42.0,0.0,0.0,0.0,0.0,7.85388194853649,1.0,12.0,0.0034737274731503343,10.2211475708328,334.4151714648273,301.1087728614863,300.0,-287.8752025682087,0.0,0.0,0.0,969.3635935248664,0.0,0.0,0.0
41.0,0.0,0.0,0.0,0.0,7.853881948536624,1.0,12.0,0.003515333449343405,10.2246629042821,339.61931110024733,295.22656304572826,300.0,-284.468035368567,0.0,0.0,0.0,969.2301594543019,0.0,0.0,0.0
40.0,0.0,0.0,0.0,0.0,7.8538819485365305,1.0,12.0,0.0035584712170204646,10.2282213754991,344.71999940354004,289.2544243589427,300.0,-281.019555593647,0.0,0.0,0.0,969.090253821691,0.0,0.0,0.0
39.0,0.0,0.0,0.0,0.0,7.853881948536526,1.0,12.0,0.003603237141154181,10.2318246126403,349.71568265563684,283.1941759724269,300.0,-277.52822276908887,0.0,0.0,0.0,968.9433938950006,0.0,0.0,0.0
38.0,0.0,0.0,0.0,0.0,7.85388194853659,1.0,12.0,0.003649736293773964,10.235474348934,354.6048391230249,277.0476638965462,300.0,-273.99239821955007,0.0,0.0,0.0,968.7890480116968,0.0,0.0,0.0
37.0,0.0,0.0,0.0,0.0,7.853881948536478,1.0,12.0,0.0036980834923672212,10.2391724324264,359.38597952128174,270.8167604184218,300.0,-270.4103360737696,0.0,0.0,0.0,968.6266286776249,0.0,0.0,0.0
36.0,0.0,0.0,0.0,0.0,7.853881948536528,1.0,12.0,0.003748404493774893,10.2429208369202,364.0576474687263,264.503363531613,300.0,-266.78017318052156,0.0,0.0,0.0,968.4554853342156,0.0,0.0,0.0
35.0,0.0,0.0,0.0,0.0,7.853881948536572,1.0,12.0,0.0038008373718694255,10.2467216742921,368.61841993004623,258.10939635797075,300.0,-263.09991777104,0.0,0.0,0.0,968.2748956110237,0.0,0.0,0.0
34.0,0.0,0.0,0.0,0.0,7.853881948536481,1.0,12.0,0.003855534113423542,10.2505772084055,373.0669076497687,251.63680656183618,300.0,-259.3674366719773,0.0,0.0,0.0,968.0840550904924,0.0,0.0,0.0
33.0,0.0,0.0,0.0,0.0,7.85388194853659,1.0,12.0,0.003912662474213624,10.2544898708797,377.40175557544075,245.08756575676222,300.0,-255.58044083547625,0.0,0.0,0.0,967.8820653350549,0.0,0.0,0.0
32.0,0.0,0.0,0.0,0.0,7.853881948536548,1.0,12.0,0.003972408147056905,10.2584622790268,381.62164327039164,238.46366890494227,300.0,-251.7364689076424,0.0,0.0,0.0,967.6679196929958,0.0,0.0,0.0
31.0,0.0,0.0,0.0,0.0,7.853881948536531,1.0,12.0,0.004034977305693355,10.2624972563324,385.7252853159505,231.76713370952444,300.0,-247.83286849942243,0.0,0.0,0.0,967.4404866446722,0.0,0.0,0.0
30.0,0.0,0.0,0.0,0.0,7.853881948536557,1.0,12.0,0.004100599604029198,10.2665978559365,389.71143170299734,225.00000000000003,300.0,-243.86677475593902,0.0,0.0,0.0,967.1984896030084,0.0,0.0,0.0
29.0,0.0,0.0,0.0,0.0,7.853881948536493,1.0,12.0,0.004169531730332521,10.2707673876668,393.578868212728,218.16432911085172,300.0,-239.83508573040567,0.0,0.0,0.0,966.9404830771274,0.0,0.0,0.0
28.0,0.0,0.0,0.0,0.0,7.853881948536593,1.0,12.0,0.0042420616419731605,10.2750094493088,397.32641678651714,211.2622032536509,300.0,-235.73443396143355,0.0,0.0,0.0,966.6648236315923,0.0,0.0,0.0
27.0,0.0,0.0,0.0,0.0,7.853881948536565,1.0,12.0,0.004318513640290345,10.2793279629491,400.95293588476557,204.2957248827961,300.0,-231.56115351129577,0.0,0.0,0.0,966.3696349600443,0.0,0.0,0.0
26.0,0.0,0.0,0.0,0.0,7.853881948536558,1.0,12.0,0.004399254489970472,10.283727217439,404.4573208346252,197.26701605508487,300.0,-227.31124154780633,0.0,0.0,0.0,966.0527648896596,0.0,0.0,0.0
25.0,0.0,0.0,0.0,0.0,7.8538819485364995,1.0,12.0,0.0044847008469312,10.288211918286,407.8385041664925,190.1782177833148,300.0,-222.9803133210674,0.0,0.0,0.0,965.7117329693021,0.0,0.0,0.0
24.0,0.0,0.0,0.0,0.0,7.853881948536578,1.0,12.0,0.004575328338827567,10.2927872466248,411.0954559391704,183.0314893841101,300.0,-218.56354909303056,0.0,0.0,0.0,965.343665186871,0.0,0.0,0.0
23.0,0.0,0.0,0.0,0.0,7.853881948536547,1.0,12.0,0.004671682751144157,10.2974589293759,414.2271840535982,175.82900782017322,300.0,-214.05563118664077,0.0,0.0,0.0,964.9452127898272,0.0,0.0,0.0
22.0,0.0,0.0,0.0,0.0,7.853881948536485,1.0,12.0,0.004774393921429754,10.3022333232974,417.2327345550543,168.57296703716048,300.0,-209.45066880876277,0.0,0.0,0.0,964.5124498857368,0.0,0.0,0.0
21.0,0.0,0.0,0.0,0.0,7.8538819485365385,1.0,12.0,0.0048841931524092885,10.3071175164498,420.11119192374076,161.26557729538519,300.0,-204.74210761028507,0.0,0.0,0.0,964.0407435883333,0.0,0.0,0.0
20.0,0.0,0.0,0.0,0.0,7.853881948536587,1.0,12.0,0.005001935248375111,10.3121194516982,422.8616793536588,153.90906449655097,300.0,-199.92262001490695,0.0,0.0,0.0,963.5245871973376,0.0,0.0,0.0
19.0,0.0,0.0,0.0,0.0,7.853881948536504,1.0,12.0,0.005128626699603456,10.3172480783978,425.48335901969256,146.50566950572056,300.0,-194.9839710652642,0.0,0.0,0.0,962.9573838986403,0.0,0.0,0.0
18.0,0.0,0.0,0.0,0.0,7.853881948536563,1.0,12.0,0.005265462151025302,10.3225135405488,427.9754323328191,139.05764746872637,300.0,-189.91685275056733,0.0,0.0,0.0,962.3311628419884,0.0,0.0,0.0
17.0,0.0,0.0,0.0,0.0,7.853881948536518,1.0,12.0,0.0054138721965339975,10.3279274127453,430.33714018336593,131.56726712523158,300.0,-184.71067725612838,0.0,0.0,0.0,961.6362014920778,0.0,0.0,0.0
16.0,0.0,0.0,0.0,0.0,7.8538819485365705,1.0,12.0,0.005575586906435226,10.3335029996518,432.56776317224353,124.03681011764968,300.0,-179.35331594345354,0.0,0.0,0.0,960.8605161354054,0.0,0.0,0.0
15.0,0.0,0.0,0.0,0.0,7.853881948536529,1.0,12.0,0.00575272160172946,10.3392557212535,434.66662183008077,116.4685702961344,300.0,-173.8307655457076,0.0,0.0,0.0,959.9891634049274,0.0,0.0,0.0
14.0,0.0,0.0,0.0,0.0,7.85388194853653,1.0,12.0,0.005947894714141144,10.3452036159676,436.6330768241984,108.86485301985053,300.0,-168.12671509173376,0.0,0.0,0.0,959.003265544136,0.0,0.0,0.0
13.0,0.0,0.0,0.0,0.0,7.853881948536554,1.0,12.0,0.006164392961719556,10.3513680089294,438.46652915335585,101.2279744547393,300.0,-162.22197484975135,0.0,0.0,0.0,957.8786230291852,0.0,0.0,0.0
12.0,0.0,0.0,0.0,0.0,7.8538819485365465,1.0,12.0,0.006406408074997927,10.3577744170043,440.16642033021253,93.56026086799174,300.0,-156.0937093443464,0.0,0.0,0.0,956.583694585665,0.0,0.0,0.0
11.0,0.0,0.0,0.0,0.0,7.853881948536521,1.0,12.0,0.006679384870785121,10.3644538018751,441.73223255144876,85.86404791944523,300.0,-149.71438528327477,0.0,0.0,0.0,955.0765803261427,0.0,0.0,0.0
10.0,0.0,0.0,0.0,0.0,7.853881948536544,1.0,12.0,0.006990548431875521,10.371444350307,443.1634888554936,78.14167995011871,300.0,-143.0502927982208,0.0,0.0,0.0,953.3003812213933,0.0,0.0,0.0
9.0,0.0,0.0,0.0,0.0,7.853881948536549,1.0,12.0,0.0073497307105351295,10.3787940810175,444.459753267812,70.39550926810395,300.0,-136.05940671630069,0.0,0.0,0.0,951.175812727294,0.0,0.0,0.0
8.0,0.0,0.0,0.0,0.0,7.853881948536544,1.0,12.0,0.007770721053281804,10.3865648020708,445.62063093370665,62.627895432029504,300.0,-128.6881864814425,0.0,0.0,0.0,948.5889641792126,0.0,0.0,0.0
7.0,0.0,0.0,0.0,0.0,7.853881948536532,1.0,12.0,0.008273585141014173,10.3948383872118,446.6457682385949,54.841204532316425,300.0,-120.86658721172726,0.0,0.0,0.0,945.3700102682188,0.0,0.0,0.0
6.0,0.0,0.0,0.0,0.0,7.853881948536551,1.0,12.0,0.008888898658009792,10.4037272858699,447.534852915723,47.03780847044411,300.0,-112.49987635969664,0.0,0.0,0.0,941.2539363907771,0.0,0.0,0.0
5.0,0.0,0.0,0.0,0.0,7.853881948536542,1.0,12.0,0.00966610253667921,10.4133933884065,448.28761414128553,39.22008423644623,300.0,-103.45431327729163,0.0,0.0,0.0,935.8025168966317,0.0,0.0,0.0
4.0,0.0,0.0,0.0,0.0,7.8538819485365305,1.0,12.0,0.01069177397679899,10.4240851623833,448.9038226169209,31.390413184856445,300.0,-93.529848476971,0.0,0.0,0.0,928.2336889890212,0.0,0.0,0.0
3.0,0.0,0.0,0.0,0.0,7.853881948536547,1.0,12.0,0.012135708676294099,10.4362208710596,449.38329063955825,23.55118030932478,300.0,-82.40145068358326,0.0,0.0,0.0,916.9961219591361,0.0,0.0,0.0
2.0,0.0,0.0,0.0,0.0,7.853881948536543,1.0,12.0,0.014395192533238843,10.4506160635929,449.7258721585931,15.704773516125494,300.0,-69.46763634393855,0.0,0.0,0.0,898.4815110864565,0.0,0.0,0.0
1.0,0.0,0.0,0.0,0.0,7.853881948536539,1.0,12.0,0.018760180156251027,10.4693762437491,449.93146282037605,7.853582896777638,300.0,-53.30439215781128,0.0,0.0,0.0,861.5719066397913,0.0,0.0,0.0
0.0,0.0,0.0,0.0,0.0,7.85388194853654,1.0,12.0,0.045291081365783525,10.5146673251149,450.0,5.878304635907296e-14,300.0,-22.07940216581993,0.0,0.0,0.0,689.4291116568794,0.0,0.0,0.0
0.0,0.0,0.0,0.0,0.0,7.85388194853654,1.0,12.0,0.01,10.5246673251149,450.0,5.878304635907296e-14,300.0,0.0,0.0,0.0,0.0,0.0,0.0,0.0,0.0
0.0,0.0,0.0,0.0,0.0,7.85388194853654,1.0,12.0,1.15,11.6746673251149,450.0,5.878304635907296e-14,300.0,0.0,0.0,0.0,0.0,0.0,0.0,0.0,0.0
1.0,0.0,0.0,0.0,0.0,7.85388194853654,1.0,14.0,0.0,11.6746673251149,449.93146282037605,7.853582896777638,300.0,0.0,0.0,0.0,0.0,0.0,0.0,0.0,0.0
2.0,0.0,0.0,0.0,0.0,7.853881948536539,1.0,14.0,0.06405126152203486,11.7387185866369,449.7258721585931,15.704773516125494,300.0,15.612494995995906,0.0,0.0,0.0,243.74999999999721,0.0,0.0,0.0
3.0,0.0,0.0,0.0,0.0,7.853881948536543,1.0,14.0,0.01439519253323876,11.7531137791702,449.38329063955825,23.55118030932478,300.0,69.46763634393855,0.0,0.0,0.0,3741.189374410288,0.0,0.0,0.0
4.0,0.0,0.0,0.0,0.0,7.853881948536547,1.0,14.0,0.012135708676294044,11.7652494878465,448.9038226169209,31.390413184856445,300.0,82.40145068358326,0.0,0.0,0.0,1065.7650644588557,0.0,0.0,0.0
5.0,0.0,0.0,0.0,0.0,7.8538819485365305,1.0,14.0,0.010691773976799004,11.7759412618233,448.28761414128553,39.22008423644623,300.0,93.529848476971,0.0,0.0,0.0,1040.837359407013,0.0,0.0,0.0
6.0,0.0,0.0,0.0,0.0,7.853881948536542,1.0,14.0,0.009666102536679155,11.7856073643599,447.534852915723,47.03780847044411,300.0,103.45431327729163,0.0,0.0,0.0,1026.7286905618246,0.0,0.0,0.0
7.0,0.0,0.0,0.0,0.0,7.853881948536551,1.0,14.0,0.008888898658009792,11.794496263018,446.6457682385949,54.841204532316425,300.0,112.49987635969664,0.0,0.0,0.0,1017.6247283744002,0.0,0.0,0.0
8.0,0.0,0.0,0.0,0.0,7.853881948536532,1.0,14.0,0.008273585141014103,11.802769848159,445.62063093370665,62.627895432029504,300.0,120.86658721172726,0.0,0.0,0.0,1011.255786872264,0.0,0.0,0.0
9.0,0.0,0.0,0.0,0.0,7.853881948536544,1.0,14.0,0.007770721053281776,11.8105405692122,444.459753267812,70.39550926810395,300.0,128.6881864814425,0.0,0.0,0.0,1006.5474254042286,0.0,0.0,0.0
10.0,0.0,0.0,0.0,0.0,7.853881948536549,1.0,14.0,0.007349730710535074,11.8178902999228,443.1634888554936,78.14167995011871,300.0,136.05940671630069,0.0,0.0,0.0,1002.9238519299954,0.0,0.0,0.0
11.0,0.0,0.0,0.0,0.0,7.853881948536544,1.0,14.0,0.006990548431875604,11.8248808483547,441.73223255144876,85.86404791944523,300.0,143.0502927982208,0.0,0.0,0.0,1000.0483009376783,0.0,0.0,0.0
12.0,0.0,0.0,0.0,0.0,7.853881948536521,1.0,14.0,0.006679384870785066,11.8315602332254,440.16642033021253,93.56026086799174,300.0,149.71438528327477,0.0,0.0,0.0,997.710509870746,0.0,0.0,0.0
13.0,0.0,0.0,0.0,0.0,7.8538819485365465,1.0,14.0,0.006406408074997982,11.8379666413004,438.46652915335585,101.2279744547393,300.0,156.0937093443464,0.0,0.0,0.0,995.7723558023101,0.0,0.0,0.0
14.0,0.0,0.0,0.0,0.0,7.853881948536554,1.0,14.0,0.006164392961719473,11.8441310342622,436.6330768241984,108.86485301985053,300.0,162.22197484975135,0.0,0.0,0.0,994.1393326904013,0.0,0.0,0.0
15.0,0.0,0.0,0.0,0.0,7.85388194853653,1.0,14.0,0.005947894714141144,11.8500789289763,434.66662183008077,116.4685702961344,300.0,168.12671509173376,0.0,0.0,0.0,992.7445803544716,0.0,0.0,0.0
16.0,0.0,0.0,0.0,0.0,7.853881948536529,1.0,14.0,0.005752721601729488,11.855831650578,432.56776317224353,124.03681011764968,300.0,173.8307655457076,0.0,0.0,0.0,991.5394571256153,0.0,0.0,0.0
17.0,0.0,0.0,0.0,0.0,7.8538819485365705,1.0,14.0,0.00557558690643517,11.8614072374845,430.33714018336593,131.56726712523158,300.0,179.35331594345354,0.0,0.0,0.0,990.4877263005709,0.0,0.0,0.0
18.0,0.0,0.0,0.0,0.0,7.853881948536518,1.0,14.0,0.005413872196534081,11.866821109681,427.9754323328191,139.05764746872637,300.0,184.71067725612838,0.0,0.0,0.0,989.5618363699506,0.0,0.0,0.0
19.0,0.0,0.0,0.0,0.0,7.853881948536563,1.0,14.0,0.005265462151025246,11.872086571832,425.48335901969256,146.50566950572056,300.0,189.91685275056733,0.0,0.0,0.0,988.7404647709745,0.0,0.0,0.0
20.0,0.0,0.0,0.0,0.0,7.853881948536504,1.0,14.0,0.005128626699603511,11.8772151985316,422.8616793536588,153.90906449655097,300.0,194.9839710652642,0.0,0.0,0.0,988.0068508571248,0.0,0.0,0.0
21.0,0.0,0.0,0.0,0.0,7.853881948536587,1.0,14.0,0.005001935248375,11.88221713378,420.11119192374076,161.26557729538519,300.0,199.92262001490695,0.0,0.0,0.0,987.3476373464478,0.0,0.0,0.0
22.0,0.0,0.0,0.0,0.0,7.8538819485365385,1.0,14.0,0.0048841931524093996,11.8871013269324,417.2327345550543,168.57296703716048,300.0,204.74210761028507,0.0,0.0,0.0,986.7520478793411,0.0,0.0,0.0
23.0,0.0,0.0,0.0,0.0,7.853881948536485,1.0,14.0,0.0047743939214296705,11.8918757208538,414.2271840535982,175.82900782017322,300.0,209.45066880876277,0.0,0.0,0.0,986.211292148143,0.0,0.0,0.0
24.0,0.0,0.0,0.0,0.0,7.853881948536547,1.0,14.0,0.0046716827511442405,11.896547403605,411.0954559391704,183.0314893841101,300.0,214.05563118664077,0.0,0.0,0.0,985.7181283874086,0.0,0.0,0.0
25.0,0.0,0.0,0.0,0.0,7.853881948536578,1.0,14.0,0.004575328338827511,11.9011227319438,407.8385041664925,190.1782177833148,300.0,218.56354909303056,0.0,0.0,0.0,985.2665366405769,0.0,0.0,0.0
26.0,0.0,0.0,0.0,0.0,7.8538819485364995,1.0,14.0,0.004484700846931172,11.9056074327907,404.4573208346252,197.26701605508487,300.0,222.9803133210674,0.0,0.0,0.0,984.8514714329368,0.0,0.0,0.0
27.0,0.0,0.0,0.0,0.0,7.853881948536558,1.0,14.0,0.004399254489970528,11.9100066872807,400.95293588476557,204.2957248827961,300.0,227.31124154780633,0.0,0.0,0.0,984.4686722744663,0.0,0.0,0.0
28.0,0.0,0.0,0.0,0.0,7.853881948536565,1.0,14.0,0.004318513640290372,11.914325200921,397.32641678651714,211.2622032536509,300.0,231.56115351129577,0.0,0.0,0.0,984.1145165870703,0.0,0.0,0.0
29.0,0.0,0.0,0.0,0.0,7.853881948536593,1.0,14.0,0.004242061641973188,11.918567262563,393.578868212728,218.16432911085172,300.0,235.73443396143355,0.0,0.0,0.0,983.7859046755465,0.0,0.0,0.0
30.0,0.0,0.0,0.0,0.0,7.853881948536493,1.0,14.0,0.004169531730332493,11.9227367942933,389.71143170299734,225.00000000000003,300.0,239.83508573040567,0.0,0.0,0.0,983.4801685619665,0.0,0.0,0.0
31.0,0.0,0.0,0.0,0.0,7.853881948536557,1.0,14.0,0.00410059960402917,11.9268373938973,385.7252853159505,231.76713370952444,300.0,243.86677475593902,0.0,0.0,0.0,983.1949994757335,0.0,0.0,0.0
32.0,0.0,0.0,0.0,0.0,7.853881948536531,1.0,14.0,0.004034977305693355,11.930872371203,381.62164327039164,238.46366890494227,300.0,247.83286849942243,0.0,0.0,0.0,982.9283891851067,0.0,0.0,0.0
33.0,0.0,0.0,0.0,0.0,7.853881948536548,1.0,14.0,0.00398700621546666,11.9348593774185,377.40175557544075,245.08756575676222,300.0,250.8147582315537,0.0,0.0,0.0,747.9019522376556,0.0,0.0,0.0
34.0,0.0,0.0,0.0,0.0,7.85388194853659,1.0,14.0,0.003984063745019917,11.9388434411635,373.0669076497687,251.63680656183618,300.0,251.00000000000023,0.0,0.0,0.0,46.495683880079284,0.0,0.0,0.0
35.0,0.0,0.0,0.0,0.0,7.853881948536481,1.0,14.0,0.003984063745019917,11.9428275049085,368.61841993004623,258.10939635797075,300.0,251.00000000000023,0.0,0.0,0.0,0.0,0.0,0.0,0.0
36.0,0.0,0.0,0.0,0.0,7.853881948536572,1.0,14.0,0.003984063745019917,11.9468115686536,364.0576474687263,264.503363531613,300.0,251.00000000000023,0.0,0.0,0.0,0.0,0.0,0.0,0.0
37.0,0.0,0.0,0.0,0.0,7.853881948536528,1.0,14.0,0.003984063745019917,11.9507956323986,359.38597952128174,270.8167604184218,300.0,251.00000000000023,0.0,0.0,0.0,0.0,0.0,0.0,0.0
38.0,0.0,0.0,0.0,0.0,7.853881948536478,1.0,14.0,0.003984063745019917,11.9547796961436,354.6048391230249,277.0476638965462,300.0,251.00000000000023,0.0,0.0,0.0,0.0,0.0,0.0,0.0
39.0,0.0,0.0,0.0,0.0,7.85388194853659,1.0,14.0,0.003984063745019917,11.9587637598886,349.71568265563684,283.1941759724269,300.0,251.00000000000023,0.0,0.0,0.0,0.0,0.0,0.0,0.0
40.0,0.0,0.0,0.0,0.0,7.853881948536526,1.0,14.0,0.003984063745019917,11.9627478236336,344.71999940354004,289.2544243589427,300.0,251.00000000000023,0.0,0.0,0.0,0.0,0.0,0.0,0.0
41.0,0.0,0.0,0.0,0.0,7.8538819485365305,1.0,14.0,0.003984063745019972,11.9667318873787,339.61931110024733,295.22656304572826,300.0,251.00000000000023,0.0,0.0,0.0,0.0,0.0,0.0,0.0
42.0,0.0,0.0,0.0,0.0,7.853881948536624,1.0,14.0,0.003984063745019917,11.9707159511237,334.4151714648273,301.1087728614863,300.0,251.00000000000023,0.0,0.0,0.0,0.0,0.0,0.0,0.0
43.0,0.0,0.0,0.0,0.0,7.85388194853649,1.0,14.0,0.003984063745019917,11.9747000148687,329.1091657286267,306.8992620281244,300.0,251.00000000000023,0.0,0.0,0.0,0.0,0.0,0.0,0.0
44.0,0.0,0.0,0.0,0.0,7.853881948536498,1.0,14.0,0.003984063745019917,11.9786840786137,323.70291015239303,312.5962667065488,300.0,251.00000000000023,0.0,0.0,0.0,0.0,0.0,0.0,0.0
45.0,0.0,0.0,0.0,0.0,7.853881948536607,1.0,14.0,0.003984063745019917,11.9826681423587,318.19805153394634,318.19805153394645,300.0,251.00000000000023,0.0,0.0,0.0,0.0,0.0,0.0,0.0
46.0,0.0,0.0,0.0,0.0,7.853881948536487,1.0,14.0,0.003984063745019917,11.9866522061038,312.59626670654876,323.70291015239303,300.0,251.00000000000023,0.0,0.0,0.0,0.0,0.0,0.0,0.0
47.0,0.0,0.0,0.0,0.0,7.853881948536618,1.0,14.0,0.003984063745019917,11.9906362698488,306.89926202812427,329.1091657286268,300.0,251.00000000000023,0.0,0.0,0.0,0.0,0.0,0.0,0.0
48.0,0.0,0.0,0.0,0.0,7.85388194853649,1.0,14.0,0.003984063745019917,11.9946203335938,301.10877286148616,334.41517146482744,300.0,251.00000000000023,0.0,0.0,0.0,0.0,0.0,0.0,0.0
49.0,0.0,0.0,0.0,0.0,7.8538819485365385,1.0,14.0,0.003984063745019917,11.9986043973388,295.22656304572826,339.61931110024744,300.0,251.00000000000023,0.0,0.0,0.0,0.0,0.0,0.0,0.0
50.0,0.0,0.0,0.0,0.0,7.8538819485365305,1.0,14.0,0.003984063745019917,12.0025884610838,289.2544243589427,344.71999940354016,300.0,251.00000000000023,0.0,0.0,0.0,0.0,0.0,0.0,0.0
51.0,0.0,0.0,0.0,0.0,7.853881948536533,1.0,14.0,0.003984063745019917,12.0065725248289,283.1941759724268,349.7156826556369,300.0,251.00000000000023,0.0,0.0,0.0,0.0,0.0,0.0,0.0
52.0,0.0,0.0,0.0,0.0,7.853881948536626,1.0,14.0,0.003984063745019917,12.0105565885739,277.04766389654617,354.604839123025,300.0,251.00000000000023,0.0,0.0,0.0,0.0,0.0,0.0,0.0
53.0,0.0,0.0,0.0,0.0,7.853881948536478,1.0,14.0,0.003984063745019917,12.0145406523189,270.8167604184217,359.38597952128185,300.0,251.00000000000023,0.0,0.0,0.0,0.0,0.0,0.0,0.0
54.0,0.0,0.0,0.0,0.0,7.853881948536573,1.0,14.0,0.003984063745019972,12.0185247160639,264.5033635316129,364.05764746872643,300.0,251.00000000000023,0.0,0.0,0.0,0.0,0.0,0.0,0.0
55.0,0.0,0.0,0.0,0.0,7.853881948536572,1.0,14.0,0.003984063745019917,12.0225087798089,258.10939635797064,368.61841993004634,300.0,251.00000000000023,0.0,0.0,0.0,0.0,0.0,0.0,0.0
56.0,0.0,0.0,0.0,0.0,7.853881948536528,1.0,14.0,0.003984063745019917,12.026492843554,251.636806561836,373.06690764976884,300.0,251.00000000000023,0.0,0.0,0.0,0.0,0.0,0.0,0.0
57.0,0.0,0.0,0.0,0.0,7.853881948536495,1.0,14.0,0.003984063745019917,12.030476907299,245.08756575676216,377.40175557544086,300.0,251.00000000000023,0.0,0.0,0.0,0.0,0.0,0.0,0.0
58.0,0.0,0.0,0.0,0.0,7.853881948536596,1.0,14.0,0.003984063745019917,12.034460971044,238.46366890494215,381.62164327039176,300.0,251.00000000000023,0.0,0.0,0.0,0.0,0.0,0.0,0.0
59.0,0.0,0.0,0.0,0.0,7.853881948536453,1.0,14.0,0.003984063745019917,12.038445034789,231.7671337095244,385.72528531595054,300.0,251.00000000000023,0.0,0.0,0.0,0.0,0.0,0.0,0.0
60.0,0.0,0.0,0.0,0.0,7.853881948536562,1.0,14.0,0.003984063745019917,12.042429098534,225.0,389.71143170299746,300.0,251.00000000000023,0.0,0.0,0.0,0.0,0.0,0.0,0.0
61.0,0.0,0.0,0.0,0.0,7.853881948536543,1.0,14.0,0.003984063745019917,12.0464131622791,218.16432911085164,393.57886821272814,300.0,251.00000000000023,0.0,0.0,0.0,0.0,0.0,0.0,0.0
62.0,0.0,0.0,0.0,0.0,7.853881948536511,1.0,14.0,0.003984063745019917,12.0503972260241,211.26220325365082,397.3264167865171,300.0,251.00000000000023,0.0,0.0,0.0,0.0,0.0,0.0,0.0
63.0,0.0,0.0,0.0,0.0,7.853881948536539,1.0,14.0,0.003984063745019917,12.0543812897691,204.295724882796,400.95293588476545,300.0,251.00000000000023,0.0,0.0,0.0,0.0,0.0,0.0,0.0
64.0,0.0,0.0,0.0,0.0,7.853881948536583,1.0,14.0,0.003984063745019917,12.0583653535141,197.2670160550848,404.4573208346252,300.0,251.00000000000023,0.0,0.0,0.0,0.0,0.0,0.0,0.0
65.0,0.0,0.0,0.0,0.0,7.85388194853655,1.0,14.0,0.003984063745019917,12.0623494172591,190.1782177833147,407.8385041664925,300.0,251.00000000000023,0.0,0.0,0.0,0.0,0.0,0.0,0.0
66.0,0.0,0.0,0.0,0.0,7.853881948536526,1.0,14.0,0.003984063745019917,12.0663334810042,183.03148938411005,411.0954559391704,300.0,251.00000000000023,0.0,0.0,0.0,0.0,0.0,0.0,0.0
67.0,0.0,0.0,0.0,0.0,7.85388194853645,1.0,14.0,0.003984063745019917,12.0703175447492,175.82900782017322,414.2271840535981,300.0,251.00000000000023,0.0,0.0,0.0,0.0,0.0,0.0,0.0
68.0,0.0,0.0,0.0,0.0,7.853881948536687,1.0,14.0,0.003984063745019917,12.0743016084942,168.5729670371603,417.2327345550543,300.0,251.00000000000023,0.0,0.0,0.0,0.0,0.0,0.0,0.0
69.0,0.0,0.0,0.0,0.0,7.853881948536433,1.0,14.0,0.003984063745019917,12.0782856722392,161.26557729538513,420.11119192374076,300.0,251.00000000000023,0.0,0.0,0.0,0.0,0.0,0.0,0.0
70.0,0.0,0.0,0.0,0.0,7.853881948536547,1.0,14.0,0.003984063745019917,12.0822697359842,153.9090644965509,422.8616793536587,300.0,251.00000000000023,0.0,0.0,0.0,0.0,0.0,0.0,0.0
71.0,0.0,0.0,0.0,0.0,7.853881948536542,1.0,14.0,0.003984063745019917,12.0862537997293,146.5056695057205,425.48335901969256,300.0,251.00000000000023,0.0,0.0,0.0,0.0,0.0,0.0,0.0
72.0,0.0,0.0,0.0,0.0,7.85388194853659,1.0,14.0,0.003984063745019917,12.0902378634743,139.0576474687263,427.9754323328191,300.0,251.00000000000023,0.0,0.0,0.0,0.0,0.0,0.0,0.0
73.0,0.0,0.0,0.0,0.0,7.853881948536546,1.0,14.0,0.003984063745019917,12.0942219272193,131.56726712523147,430.33714018336593,300.0,251.00000000000023,0.0,0.0,0.0,0.0,0.0,0.0,0.0
74.0,0.0,0.0,0.0,0.0,7.8538819485365705,1.0,14.0,0.003984063745019917,12.0982059909643,124.03681011764957,432.56776317224353,300.0,251.00000000000023,0.0,0.0,0.0,0.0,0.0,0.0,0.0
75.0,0.0,0.0,0.0,0.0,7.853881948536529,1.0,14.0,0.003984063745019917,12.1021900547093,116.46857029613429,434.66662183008077,300.0,251.00000000000023,0.0,0.0,0.0,0.0,0.0,0.0,0.0
76.0,0.0,0.0,0.0,0.0,7.853881948536447,1.0,14.0,0.003984063745019972,12.1061741184544,108.8648530198505,436.6330768241984,300.0,251.00000000000023,0.0,0.0,0.0,0.0,0.0,0.0,0.0
77.0,0.0,0.0,0.0,0.0,7.853881948536664,1.0,14.0,0.003984063745019917,12.1101581821994,101.22797445473915,438.46652915335585,300.0,251.00000000000023,0.0,0.0,0.0,0.0,0.0,0.0,0.0
78.0,0.0,0.0,0.0,0.0,7.853881948536449,1.0,14.0,0.003984063745019917,12.1141422459444,93.5602608679917,440.16642033021253,300.0,251.00000000000023,0.0,0.0,0.0,0.0,0.0,0.0,0.0
79.0,0.0,0.0,0.0,0.0,7.853881948536548,1.0,14.0,0.003984063745019917,12.1181263096894,85.86404791944516,441.73223255144876,300.0,251.00000000000023,0.0,0.0,0.0,0.0,0.0,0.0,0.0
80.0,0.0,0.0,0.0,0.0,7.853881948536557,1.0,14.0,0.003984063745019917,12.1221103734344,78.14167995011863,443.1634888554936,300.0,251.00000000000023,0.0,0.0,0.0,0.0,0.0,0.0,0.0
81.0,0.0,0.0,0.0,0.0,7.853881948536549,1.0,14.0,0.003984063745019917,12.1260944371795,70.39550926810386,444.459753267812,300.0,251.00000000000023,0.0,0.0,0.0,0.0,0.0,0.0,0.0
82.0,0.0,0.0,0.0,0.0,7.853881948536451,1.0,14.0,0.003984063745019917,12.1300785009245,62.627895432029504,445.6206309337066,300.0,251.00000000000023,0.0,0.0,0.0,0.0,0.0,0.0,0.0
83.0,0.0,0.0,0.0,0.0,7.853881948536652,1.0,14.0,0.003984063745019972,12.1340625646695,54.84120453231631,446.6457682385949,300.0,251.00000000000023,0.0,0.0,0.0,0.0,0.0,0.0,0.0
84.0,0.0,0.0,0.0,0.0,7.853881948536551,1.0,14.0,0.003984063745019917,12.1380466284145,47.037808470444,447.534852915723,300.0,251.00000000000023,0.0,0.0,0.0,0.0,0.0,0.0,0.0
85.0,0.0,0.0,0.0,0.0,7.853881948536557,1.0,14.0,0.003984063745019917,12.1420306921595,39.220084236446105,448.28761414128553,300.0,251.00000000000023,0.0,0.0,0.0,0.0,0.0,0.0,0.0
86.0,0.0,0.0,0.0,0.0,7.853881948536453,1.0,14.0,0.003984063745019917,12.1460147559046,31.390413184856396,448.9038226169209,300.0,251.00000000000023,0.0,0.0,0.0,0.0,0.0,0.0,0.0
87.0,0.0,0.0,0.0,0.0,7.8538819485365545,1.0,14.0,0.003984063745019917,12.1499988196496,23.551180309324725,449.38329063955825,300.0,251.00000000000023,0.0,0.0,0.0,0.0,0.0,0.0,0.0
88.0,0.0,0.0,0.0,0.0,7.853881948536552,1.0,14.0,0.003984063745019917,12.1539828833946,15.704773516125428,449.7258721585931,300.0,251.00000000000023,0.0,0.0,0.0,0.0,0.0,0.0,0.0
89.0,0.0,0.0,0.0,0.0,7.853881948536651,1.0,14.0,0.003984063745019917,12.1579669471396,7.853582896777461,449.93146282037605,300.0,251.00000000000023,0.0,0.0,0.0,0.0,0.0,0.0,0.0
90.0,0.0,0.0,0.0,0.0,7.853881948536452,1.0,14.0,0.003984063745019917,12.1619510108846,-3.1228493378257513e-14,450.0,300.0,251.00000000000023,0.0,0.0,0.0,0.0,0.0,0.0,0.0
91.0,0.0,0.0,0.0,0.0,7.853881948536554,1.0,14.0,0.003984063745019917,12.1659350746297,-7.853582896777624,449.93146282037605,300.0,251.00000000000023,0.0,0.0,0.0,0.0,0.0,0.0,0.0
92.0,0.0,0.0,0.0,0.0,7.853881948536449,1.0,14.0,0.003984063745019917,12.1699191383747,-15.704773516125389,449.7258721585931,300.0,251.00000000000023,0.0,0.0,0.0,0.0,0.0,0.0,0.0
93.0,0.0,0.0,0.0,0.0,7.853881948536555,1.0,14.0,0.003984063745019917,12.1739032021197,-23.55118030932469,449.38329063955825,300.0,251.00000000000023,0.0,0.0,0.0,0.0,0.0,0.0,0.0
94.0,0.0,0.0,0.0,0.0,7.853881948536654,1.0,14.0,0.003984063745019917,12.1778872658647,-31.39041318485646,448.9038226169209,300.0,251.00000000000023,0.0,0.0,0.0,0.0,0.0,0.0,0.0
95.0,0.0,0.0,0.0,0.0,7.853881948536545,1.0,14.0,0.003984063745019917,12.1818713296097,-39.22008423644626,448.28761414128553,300.0,251.00000000000023,0.0,0.0,0.0,0.0,0.0,0.0,0.0
96.0,0.0,0.0,0.0,0.0,7.8538819485364595,1.0,14.0,0.003984063745019917,12.1858553933548,-47.03780847044406,447.53485291572304,300.0,251.00000000000023,0.0,0.0,0.0,0.0,0.0,0.0,0.0
97.0,0.0,0.0,0.0,0.0,7.853881948536544,1.0,14.0,0.003984063745019917,12.1898394570998,-54.84120453231637,446.64576823859494,300.0,251.00000000000023,0.0,0.0,0.0,0.0,0.0,0.0,0.0
98.0,0.0,0.0,0.0,0.0,7.853881948536554,1.0,14.0,0.003984063745019917,12.1938235208448,-62.62789543202946,445.62063093370665,300.0,251.00000000000023,0.0,0.0,0.0,0.0,0.0,0.0,0.0
99.0,0.0,0.0,0.0,0.0,7.853881948536664,1.0,14.0,0.003984063745019917,12.1978075845898,-70.39550926810402,444.45975326781195,300.0,251.00000000000023,0.0,0.0,0.0,0.0,0.0,0.0,0.0
100.0,0.0,0.0,0.0,0.0,7.853881948536442,1.0,14.0,0.003984063745019917,12.2017916483348,-78.14167995011869,443.1634888554936,300.0,251.00000000000023,0.0,0.0,0.0,0.0,0.0,0.0,0.0
101.0,0.0,0.0,0.0,0.0,7.853881948536571,1.0,14.0,0.003984063745019917,12.2057757120799,-85.86404791944523,441.73223255144876,300.0,251.00000000000023,0.0,0.0,0.0,0.0,0.0,0.0,0.0
102.0,0.0,0.0,0.0,0.0,7.853881948536436,1.0,14.0,0.003984063745019917,12.2097597758249,-93.56026086799166,440.16642033021253,300.0,251.00000000000023,0.0,0.0,0.0,0.0,0.0,0.0,0.0
103.0,0.0,0.0,0.0,0.0,7.8538819485365465,1.0,14.0,0.003984063745019917,12.2137438395699,-101.22797445473921,438.46652915335585,300.0,251.00000000000023,0.0,0.0,0.0,0.0,0.0,0.0,0.0
104.0,0.0,0.0,0.0,0.0,7.853881948536664,1.0,14.0,0.003984063745019917,12.2177279033149,-108.86485301985056,436.6330768241984,300.0,251.00000000000023,0.0,0.0,0.0,0.0,0.0,0.0,0.0
105.0,0.0,0.0,0.0,0.0,7.853881948536543,1.0,14.0,0.003984063745019917,12.2217119670599,-116.46857029613444,434.66662183008077,300.0,251.00000000000023,0.0,0.0,0.0,0.0,0.0,0.0,0.0
106.0,0.0,0.0,0.0,0.0,7.853881948536433,1.0,14.0,0.003984063745019917,12.225696030805,-124.03681011764962,432.56776317224353,300.0,251.00000000000023,0.0,0.0,0.0,0.0,0.0,0.0,0.0
107.0,0.0,0.0,0.0,0.0,7.853881948536581,1.0,14.0,0.003984063745019917,12.22968009455,-131.56726712523155,430.337140183366,300.0,251.00000000000023,0.0,0.0,0.0,0.0,0.0,0.0,0.0
108.0,0.0,0.0,0.0,0.0,7.853881948536546,1.0,14.0,0.003984063745019917,12.233664158295,-139.05764746872637,427.97543233281914,300.0,251.00000000000023,0.0,0.0,0.0,0.0,0.0,0.0,0.0
109.0,0.0,0.0,0.0,0.0,7.853881948536474,1.0,14.0,0.003984063745019917,12.23764822204,-146.50566950572045,425.48335901969256,300.0,251.00000000000023,0.0,0.0,0.0,0.0,0.0,0.0,0.0
110.0,0.0,0.0,0.0,0.0,7.853881948536611,1.0,14.0,0.003984063745019917,12.241632285785,-153.90906449655097,422.8616793536588,300.0,251.00000000000023,0.0,0.0,0.0,0.0,0.0,0.0,0.0
111.0,0.0,0.0,0.0,0.0,7.853881948536587,1.0,14.0,0.003984063745019917,12.2456163495301,-161.26557729538519,420.11119192374076,300.0,251.00000000000023,0.0,0.0,0.0,0.0,0.0,0.0,0.0
112.0,0.0,0.0,0.0,0.0,7.8538819485365385,1.0,14.0,0.003984063745019917,12.2496004132751,-168.57296703716048,417.2327345550543,300.0,251.00000000000023,0.0,0.0,0.0,0.0,0.0,0.0,0.0
113.0,0.0,0.0,0.0,0.0,7.853881948536433,1.0,14.0,0.003984063745019917,12.2535844770201,-175.82900782017316,414.2271840535982,300.0,251.00000000000023,0.0,0.0,0.0,0.0,0.0,0.0,0.0
114.0,0.0,0.0,0.0,0.0,7.8538819485366,1.0,14.0,0.003984063745019917,12.2575685407651,-183.0314893841101,411.0954559391704,300.0,251.00000000000023,0.0,0.0,0.0,0.0,0.0,0.0,0.0
115.0,0.0,0.0,0.0,0.0,7.853881948536526,1.0,14.0,0.003984063745019917,12.2615526045101,-190.17821778331475,407.8385041664925,300.0,251.00000000000023,0.0,0.0,0.0,0.0,0.0,0.0,0.0
116.0,0.0,0.0,0.0,0.0,7.8538819485366504,1.0,14.0,0.003984063745019917,12.2655366682552,-197.26701605508492,404.4573208346251,300.0,251.00000000000023,0.0,0.0,0.0,0.0,0.0,0.0,0.0
117.0,0.0,0.0,0.0,0.0,7.853881948536456,1.0,14.0,0.003984063745019917,12.2695207320002,-204.2957248827961,400.95293588476557,300.0,251.00000000000023,0.0,0.0,0.0,0.0,0.0,0.0,0.0
118.0,0.0,0.0,0.0,0.0,7.853881948536438,1.0,14.0,0.003984063745019917,12.2735047957452,-211.2622032536508,397.3264167865172,300.0,251.00000000000023,0.0,0.0,0.0,0.0,0.0,0.0,0.0
119.0,0.0,0.0,0.0,0.0,7.853881948536667,1.0,14.0,0.003984063745020028,12.2774888594902,-218.1643291108517,393.5788682127281,300.0,251.00000000000023,0.0,0.0,0.0,0.0,0.0,0.0,0.0
120.0,0.0,0.0,0.0,0.0,7.853881948536472,1.0,14.0,0.003984063745019917,12.2814729232352,-224.99999999999994,389.71143170299734,300.0,251.00000000000023,0.0,0.0,0.0,0.0,0.0,0.0,0.0
121.0,0.0,0.0,0.0,0.0,7.853881948536681,1.0,14.0,0.003984063745019917,12.2854569869803,-231.7671337095245,385.7252853159505,300.0,251.00000000000023,0.0,0.0,0.0,0.0,0.0,0.0,0.0
122.0,0.0,0.0,0.0,0.0,7.853881948536435,1.0,14.0,0.003984063745019917,12.2894410507253,-238.4636689049422,381.62164327039164,300.0,251.00000000000023,0.0,0.0,0.0,0.0,0.0,0.0,0.0
123.0,0.0,0.0,0.0,0.0,7.853881948536596,1.0,14.0,0.003984063745019917,12.2934251144703,-245.08756575676222,377.40175557544075,300.0,251.00000000000023,0.0,0.0,0.0,0.0,0.0,0.0,0.0
124.0,0.0,0.0,0.0,0.0,7.853881948536495,1.0,14.0,0.003984063745019917,12.2974091782153,-251.63680656183607,373.0669076497687,300.0,251.00000000000023,0.0,0.0,0.0,0.0,0.0,0.0,0.0
125.0,0.0,0.0,0.0,0.0,7.853881948536416,1.0,14.0,0.003984063745019917,12.3013932419603,-258.10939635797064,368.61841993004634,300.0,251.00000000000023,0.0,0.0,0.0,0.0,0.0,0.0,0.0
126.0,0.0,0.0,0.0,0.0,7.853881948536684,1.0,14.0,0.003984063745019917,12.3053773057054,-264.50336353161293,364.0576474687263,300.0,251.00000000000023,0.0,0.0,0.0,0.0,0.0,0.0,0.0
127.0,0.0,0.0,0.0,0.0,7.853881948536653,1.0,14.0,0.003984063745019917,12.3093613694504,-270.81676041842184,359.3859795212817,300.0,251.00000000000023,0.0,0.0,0.0,0.0,0.0,0.0,0.0
128.0,0.0,0.0,0.0,0.0,7.8538819485364435,1.0,14.0,0.003984063745019917,12.3133454331954,-277.0476638965463,354.6048391230249,300.0,251.00000000000023,0.0,0.0,0.0,0.0,0.0,0.0,0.0
129.0,0.0,0.0,0.0,0.0,7.85388194853651,1.0,14.0,0.003984063745019917,12.3173294969404,-283.1941759724269,349.7156826556369,300.0,251.00000000000023,0.0,0.0,0.0,0.0,0.0,0.0,0.0
130.0,0.0,0.0,0.0,0.0,7.85388194853665,1.0,14.0,0.003984063745019917,12.3213135606854,-289.2544243589428,344.71999940354004,300.0,251.00000000000023,0.0,0.0,0.0,0.0,0.0,0.0,0.0
131.0,0.0,0.0,0.0,0.0,7.853881948536648,1.0,14.0,0.003984063745019917,12.3252976244305,-295.2265630457284,339.6193111002472,300.0,251.00000000000023,0.0,0.0,0.0,0.0,0.0,0.0,0.0
132.0,0.0,0.0,0.0,0.0,7.85388194853642,1.0,14.0,0.003984063745019917,12.3292816881755,-301.1087728614863,334.4151714648273,300.0,251.00000000000023,0.0,0.0,0.0,0.0,0.0,0.0,0.0
133.0,0.0,0.0,0.0,0.0,7.853881948536448,1.0,14.0,0.003984063745019917,12.3332657519205,-306.8992620281243,329.1091657286267,300.0,251.00000000000023,0.0,0.0,0.0,0.0,0.0,0.0,0.0
134.0,0.0,0.0,0.0,0.0,7.853881948536459,1.0,14.0,0.003984063745020028,12.3372498156655,-312.59626670654876,323.7029101523931,300.0,251.00000000000023,0.0,0.0,0.0,0.0,0.0,0.0,0.0
135.0,0.0,0.0,0.0,0.0,7.853881948536647,1.0,14.0,0.003984063745019917,12.3412338794105,-318.1980515339464,318.19805153394634,300.0,251.00000000000023,0.0,0.0,0.0,0.0,0.0,0.0,0.0
136.0,0.0,0.0,0.0,0.0,7.853881948536688,1.0,14.0,0.003984063745019917,12.3452179431556,-323.70291015239314,312.59626670654865,300.0,251.00000000000023,0.0,0.0,0.0,0.0,0.0,0.0,0.0
137.0,0.0,0.0,0.0,0.0,7.853881948536457,1.0,14.0,0.003984063745019917,12.3492020069006,-329.1091657286268,306.89926202812427,300.0,251.00000000000023,0.0,0.0,0.0,0.0,0.0,0.0,0.0
138.0,0.0,0.0,0.0,0.0,7.853881948536448,1.0,14.0,0.003984063745019917,12.3531860706456,-334.41517146482744,301.1087728614862,300.0,251.00000000000023,0.0,0.0,0.0,0.0,0.0,0.0,0.0
139.0,0.0,0.0,0.0,0.0,7.853881948536581,1.0,14.0,0.003984063745019917,12.3571701343906,-339.61931110024744,295.22656304572826,300.0,251.00000000000023,0.0,0.0,0.0,0.0,0.0,0.0,0.0
140.0,0.0,0.0,0.0,0.0,7.8538819485365305,1.0,14.0,0.003984063745019917,12.3611541981356,-344.71999940354016,289.2544243589427,300.0,251.00000000000023,0.0,0.0,0.0,0.0,0.0,0.0,0.0
141.0,0.0,0.0,0.0,0.0,7.85388194853641,1.0,14.0,0.003984063745019917,12.3651382618807,-349.71568265563684,283.19417597242693,300.0,251.00000000000023,0.0,0.0,0.0,0.0,0.0,0.0,0.0
142.0,0.0,0.0,0.0,0.0,7.8538819485366345,1.0,14.0,0.003984063745019917,12.3691223256257,-354.6048391230249,277.0476638965462,300.0,251.00000000000023,0.0,0.0,0.0,0.0,0.0,0.0,0.0
143.0,0.0,0.0,0.0,0.0,7.853881948536682,1.0,14.0,0.003984063745019917,12.3731063893707,-359.38597952128185,270.8167604184216,300.0,251.00000000000023,0.0,0.0,0.0,0.0,0.0,0.0,0.0
144.0,0.0,0.0,0.0,0.0,7.853881948536368,1.0,14.0,0.003984063745019917,12.3770904531157,-364.0576474687263,264.50336353161293,300.0,251.00000000000023,0.0,0.0,0.0,0.0,0.0,0.0,0.0
145.0,0.0,0.0,0.0,0.0,7.853881948536512,1.0,14.0,0.003984063745019917,12.3810745168607,-368.6184199300463,258.1093963579708,300.0,251.00000000000023,0.0,0.0,0.0,0.0,0.0,0.0,0.0
146.0,0.0,0.0,0.0,0.0,7.853881948536622,1.0,14.0,0.003984063745019917,12.3850585806058,-373.0669076497688,251.63680656183607,300.0,251.00000000000023,0.0,0.0,0.0,0.0,0.0,0.0,0.0
147.0,0.0,0.0,0.0,0.0,7.853881948536755,1.0,14.0,0.003984063745019917,12.3890426443508,-377.401755575441,245.08756575676202,300.0,251.00000000000023,0.0,0.0,0.0,0.0,0.0,0.0,0.0
148.0,0.0,0.0,0.0,0.0,7.853881948536415,1.0,14.0,0.00398700621546666,12.3930296505662,-381.62164327039176,238.46366890494215,300.0,250.8147582315537,0.0,0.0,0.0,-46.46136936730208,0.0,0.0,0.0
149.0,0.0,0.0,0.0,0.0,7.853881948536404,1.0,14.0,0.004034977305693355,12.3970646278719,-385.72528531595054,231.76713370952444,300.0,247.83286849942243,0.0,0.0,0.0,-739.0102858630657,0.0,0.0,0.0
150.0,0.0,0.0,0.0,0.0,7.853881948536684,1.0,14.0,0.004100599604029198,12.401165227476,-389.71143170299746,224.99999999999991,300.0,243.86677475593902,0.0,0.0,0.0,-967.1984896030084,0.0,0.0,0.0
151.0,0.0,0.0,0.0,0.0,7.853881948536444,1.0,14.0,0.004169531730332521,12.4053347592063,-393.57886821272814,218.16432911085167,300.0,239.83508573040567,0.0,0.0,0.0,-966.9404830771274,0.0,0.0,0.0
152.0,0.0,0.0,0.0,0.0,7.853881948536434,1.0,14.0,0.0042420616419731605,12.4095768208483,-397.32641678651703,211.2622032536509,300.0,235.73443396143355,0.0,0.0,0.0,-966.6648236315923,0.0,0.0,0.0
153.0,0.0,0.0,0.0,0.0,7.853881948536616,1.0,14.0,0.004318513640290345,12.4138953344886,-400.95293588476545,204.29572488279604,300.0,231.56115351134338,0.0,0.0,0.0,-966.3696349492193,0.0,0.0,0.0
154.0,0.0,0.0,0.0,0.0,7.853881948536685,1.0,14.0,0.004399254489970583,12.4182945889785,-404.4573208346252,197.26701605508472,300.0,227.31124154780633,0.0,0.0,0.0,-966.0527649004811,0.0,0.0,0.0
155.0,0.0,0.0,0.0,0.0,7.853881948536448,1.0,14.0,0.004484700846931089,12.4227792898255,-407.8385041664925,190.17821778331472,300.0,222.9803133210674,0.0,0.0,0.0,-965.7117329693021,0.0,0.0,0.0
156.0,0.0,0.0,0.0,0.0,7.853881948536475,1.0,14.0,0.004575328338827567,12.4273546181643,-411.0954559391704,183.03148938411013,300.0,218.56354909303056,0.0,0.0,0.0,-965.343665186871,0.0,0.0,0.0
157.0,0.0,0.0,0.0,0.0,7.853881948536424,1.0,14.0,0.004671682751144157,12.4320263009154,-414.2271840535981,175.82900782017333,300.0,214.05563118664077,0.0,0.0,0.0,-964.9452127898272,0.0,0.0,0.0
158.0,0.0,0.0,0.0,0.0,7.85388194853666,1.0,14.0,0.004774393921429754,12.4368006948369,-417.2327345550543,168.57296703716045,300.0,209.45066880876277,0.0,0.0,0.0,-964.5124498857368,0.0,0.0,0.0
159.0,0.0,0.0,0.0,0.0,7.853881948536644,1.0,14.0,0.0048841931524093996,12.4416848879893,-420.11119192374076,161.26557729538504,300.0,204.74210761028507,0.0,0.0,0.0,-964.0407435883333,0.0,0.0,0.0
160.0,0.0,0.0,0.0,0.0,7.853881948536441,1.0,14.0,0.005001935248375,12.4466868232376,-422.8616793536587,153.90906449655094,300.0,199.92262001490695,0.0,0.0,0.0,-963.5245871973376,0.0,0.0,0.0
161.0,0.0,0.0,0.0,0.0,7.853881948536461,1.0,14.0,0.005128626699603456,12.4518154499372,-425.48335901969256,146.50566950572062,300.0,194.9839710652642,0.0,0.0,0.0,-962.9573838986403,0.0,0.0,0.0
162.0,0.0,0.0,0.0,0.0,7.853881948536671,1.0,14.0,0.005265462151025191,12.4570809120883,-427.9754323328191,139.05764746872632,300.0,189.91685275056733,0.0,0.0,0.0,-962.3311628419884,0.0,0.0,0.0
163.0,0.0,0.0,0.0,0.0,7.853881948536437,1.0,14.0,0.0054138721965341086,12.4624947842848,-430.33714018336593,131.5672671252316,300.0,184.71067725612838,0.0,0.0,0.0,-961.6362014920778,0.0,0.0,0.0
164.0,0.0,0.0,0.0,0.0,7.853881948536457,1.0,14.0,0.005575586906435115,12.4680703711912,-432.5677631722434,124.0368101176498,300.0,179.35331594345354,0.0,0.0,0.0,-960.8605161354054,0.0,0.0,0.0
165.0,0.0,0.0,0.0,0.0,7.853881948536653,1.0,14.0,0.00575272160172946,12.473823092793,-434.6666218300807,116.4685702961344,300.0,173.8307655457076,0.0,0.0,0.0,-959.9891634049274,0.0,0.0,0.0
166.0,0.0,0.0,0.0,0.0,7.853881948536653,1.0,14.0,0.005947894714141144,12.4797709875071,-436.6330768241984,108.86485301985041,300.0,168.12671509173376,0.0,0.0,0.0,-959.003265544136,0.0,0.0,0.0
167.0,0.0,0.0,0.0,0.0,7.853881948536636,1.0,14.0,0.006164392961719556,12.4859353804688,-438.46652915335585,101.2279744547391,300.0,162.22197484975135,0.0,0.0,0.0,-957.8786230291852,0.0,0.0,0.0
168.0,0.0,0.0,0.0,0.0,7.853881948536463,1.0,14.0,0.006406408074997927,12.4923417885438,-440.16642033021253,93.56026086799163,300.0,156.0937093443464,0.0,0.0,0.0,-956.583694585665,0.0,0.0,0.0
169.0,0.0,0.0,0.0,0.0,7.853881948536464,1.0,14.0,0.006679384870785121,12.4990211734146,-441.73223255144876,85.86404791944517,300.0,149.71438528327477,0.0,0.0,0.0,-955.0765803261427,0.0,0.0,0.0
170.0,0.0,0.0,0.0,0.0,7.853881948536627,1.0,14.0,0.006990548431875521,12.5060117218465,-443.1634888554936,78.14167995011857,300.0,143.0502927982208,0.0,0.0,0.0,-953.3003812213933,0.0,0.0,0.0
171.0,0.0,0.0,0.0,0.0,7.853881948536469,1.0,14.0,0.0073497307105351295,12.513361452557,-444.45975326781195,70.39550926810388,300.0,136.05940671630069,0.0,0.0,0.0,-951.175812727294,0.0,0.0,0.0
172.0,0.0,0.0,0.0,0.0,7.853881948536452,1.0,14.0,0.007770721053281804,12.5211321736103,-445.6206309337066,62.627895432029526,300.0,128.6881864814425,0.0,0.0,0.0,-948.5889641792126,0.0,0.0,0.0
173.0,0.0,0.0,0.0,0.0,7.853881948536645,1.0,14.0,0.008273585141014062,12.5294057587513,-446.6457682385949,54.84120453231634,300.0,120.86658721172726,0.0,0.0,0.0,-945.3700102682188,0.0,0.0,0.0
174.0,0.0,0.0,0.0,0.0,7.8538819485364595,1.0,14.0,0.008888898658009792,12.5382946574093,-447.534852915723,47.03780847044412,300.0,112.49987635969664,0.0,0.0,0.0,-941.2539363907771,0.0,0.0,0.0
175.0,0.0,0.0,0.0,0.0,7.853881948536458,1.0,14.0,0.0096661025366791,12.547960759946,-448.28761414128553,39.220084236446326,300.0,103.45431327729163,0.0,0.0,0.0,-935.8025168966317,0.0,0.0,0.0
176.0,0.0,0.0,0.0,0.0,7.853881948536641,1.0,14.0,0.01069177397679899,12.5586525339228,-448.9038226169209,31.390413184856428,300.0,93.529848476971,0.0,0.0,0.0,-928.2336889890212,0.0,0.0,0.0
177.0,0.0,0.0,0.0,0.0,7.8538819485366576,1.0,14.0,0.012135708676294099,12.5707882425991,-449.38329063955825,23.551180309324653,300.0,82.40145068358326,0.0,0.0,0.0,-916.9961219591361,0.0,0.0,0.0
178.0,0.0,0.0,0.0,0.0,7.853881948536653,1.0,14.0,0.014395192533238732,12.5851834351323,-449.7258721585931,15.704773516125256,300.0,69.46763634393855,0.0,0.0,0.0,-898.4815110864565,0.0,0.0,0.0
179.0,0.0,0.0,0.0,0.0,7.853881948536451,1.0,14.0,0.018760180156250916,12.6039436152886,-449.93146282037605,7.853582896777489,300.0,53.30439215781128,0.0,0.0,0.0,-861.5719066397913,0.0,0.0,0.0
180.0,0.0,0.0,0.0,0.0,7.853881948536453,1.0,14.0,0.04529107657395748,12.6492346918626,-450.0,-3.673940397442067e-15,300.0,22.079404501835157,0.0,0.0,0.0,-689.4291330211064,0.0,0.0,0.0
179.0,0.0,0.0,0.0,0.0,7.853881948536453,1.0,15.0,0.0,12.6492346918626,-449.93146282037605,7.853582896777489,300.0,0.0,0.0,0.0,0.0,0.0,0.0,0.0,0.0
178.0,0.0,0.0,0.0,0.0,7.853881948536451,1.0,15.0,0.06405126152203486,12.7132859533846,-449.7258721585931,15.704773516125256,300.0,-15.612494995995906,0.0,0.0,0.0,-243.74999999999721,0.0,0.0,0.0
177.0,0.0,0.0,0.0,0.0,7.853881948536653,1.0,15.0,0.01439519253323876,12.7276811459178,-449.38329063955825,23.551180309324653,300.0,-69.46763634393426,0.0,0.0,0.0,-3741.1893744097592,0.0,0.0,0.0
176.0,0.0,0.0,0.0,0.0,7.8538819485366576,1.0,15.0,0.012135708676294044,12.7398168545941,-448.9038226169209,31.390413184856428,300.0,-82.40145068358929,0.0,0.0,0.0,-1065.7650644597838,0.0,0.0,0.0
175.0,0.0,0.0,0.0,0.0,7.853881948536641,1.0,15.0,0.010691773976799004,12.7505086285709,-448.28761414128553,39.220084236446326,300.0,-93.529848476971,0.0,0.0,0.0,-1040.8373594064494,0.0,0.0,0.0
174.0,0.0,0.0,0.0,0.0,7.853881948536458,1.0,15.0,0.009666102536679155,12.7601747311076,-447.534852915723,47.03780847044412,300.0,-103.45431327729163,0.0,0.0,0.0,-1026.7286905618246,0.0,0.0,0.0
173.0,0.0,0.0,0.0,0.0,7.8538819485364595,1.0,15.0,0.008888898658009792,12.7690636297656,-446.6457682385949,54.84120453231634,300.0,-112.49987635970788,0.0,0.0,0.0,-1017.6247283757664,0.0,0.0,0.0
172.0,0.0,0.0,0.0,0.0,7.853881948536645,1.0,15.0,0.008273585141014103,12.7773372149066,-445.6206309337066,62.627895432029526,300.0,-120.86658721172726,0.0,0.0,0.0,-1011.2557868709054,0.0,0.0,0.0
171.0,0.0,0.0,0.0,0.0,7.853881948536452,1.0,15.0,0.007770721053281776,12.7851079359599,-444.45975326781195,70.39550926810388,300.0,-128.6881864814425,0.0,0.0,0.0,-1006.5474254042286,0.0,0.0,0.0
170.0,0.0,0.0,0.0,0.0,7.853881948536469,1.0,15.0,0.007349730710535074,12.7924576666704,-443.1634888554936,78.14167995011857,300.0,-136.05940671630069,0.0,0.0,0.0,-1002.9238519299954,0.0,0.0,0.0
169.0,0.0,0.0,0.0,0.0,7.853881948536627,1.0,15.0,0.006990548431875604,12.7994482151023,-441.73223255144876,85.86404791944517,300.0,-143.0502927982208,0.0,0.0,0.0,-1000.0483009376783,0.0,0.0,0.0
168.0,0.0,0.0,0.0,0.0,7.853881948536464,1.0,15.0,0.006679384870785066,12.8061275999731,-440.16642033021253,93.56026086799163,300.0,-149.71438528329466,0.0,0.0,0.0,-997.7105098738573,0.0,0.0,0.0
167.0,0.0,0.0,0.0,0.0,7.853881948536463,1.0,15.0,0.006406408074997982,12.8125340080481,-438.46652915335585,101.2279744547391,300.0,-156.0937093443464,0.0,0.0,0.0,-995.7723557992045,0.0,0.0,0.0
166.0,0.0,0.0,0.0,0.0,7.853881948536636,1.0,15.0,0.006164392961719473,12.8186984010098,-436.6330768241984,108.86485301985041,300.0,-162.22197484972799,0.0,0.0,0.0,-994.139332686468,0.0,0.0,0.0
165.0,0.0,0.0,0.0,0.0,7.853881948536653,1.0,15.0,0.005947894714141144,12.824646295724,-434.6666218300807,116.4685702961344,300.0,-168.12671509170866,0.0,0.0,0.0,-992.7445803540319,0.0,0.0,0.0
164.0,0.0,0.0,0.0,0.0,7.853881948536653,1.0,15.0,0.005752721601729488,12.8303990173257,-432.5677631722434,124.0368101176498,300.0,-173.83076554573447,0.0,0.0,0.0,-991.5394571347997,0.0,0.0,0.0
163.0,0.0,0.0,0.0,0.0,7.853881948536457,1.0,15.0,0.00557558690643517,12.8359746042321,-430.33714018336593,131.5672671252316,300.0,-179.35331594345354,0.0,0.0,0.0,-990.4877262957538,0.0,0.0,0.0
162.0,0.0,0.0,0.0,0.0,7.853881948536437,1.0,15.0,0.005413872196534081,12.8413884764287,-427.9754323328191,139.05764746872632,300.0,-184.71067725612838,0.0,0.0,0.0,-989.5618363699506,0.0,0.0,0.0
161.0,0.0,0.0,0.0,0.0,7.853881948536671,1.0,15.0,0.005265462151025246,12.8466539385797,-425.48335901969256,146.50566950572062,300.0,-189.91685275059936,0.0,0.0,0.0,-988.7404647772246,0.0,0.0,0.0
160.0,0.0,0.0,0.0,0.0,7.853881948536461,1.0,15.0,0.005128626699603511,12.8517825652793,-422.8616793536587,153.90906449655094,300.0,-194.9839710652642,0.0,0.0,0.0,-988.0068508508792,0.0,0.0,0.0
159.0,0.0,0.0,0.0,0.0,7.853881948536441,1.0,15.0,0.005001935248375,12.8567845005277,-420.11119192374076,161.26557729538504,300.0,-199.92262001490695,0.0,0.0,0.0,-987.3476373464478,0.0,0.0,0.0
158.0,0.0,0.0,0.0,0.0,7.853881948536644,1.0,15.0,0.0048841931524093996,12.8616686936801,-417.2327345550543,168.57296703716045,300.0,-204.74210761024784,0.0,0.0,0.0,-986.7520478715387,0.0,0.0,0.0
157.0,0.0,0.0,0.0,0.0,7.85388194853666,1.0,15.0,0.0047743939214296705,12.8664430876015,-414.2271840535981,175.82900782017333,300.0,-209.45066880876277,0.0,0.0,0.0,-986.2112921559414,0.0,0.0,0.0
156.0,0.0,0.0,0.0,0.0,7.853881948536424,1.0,15.0,0.0046716827511442405,12.8711147703526,-411.0954559391704,183.03148938411013,300.0,-214.05563118664077,0.0,0.0,0.0,-985.7181283874086,0.0,0.0,0.0
155.0,0.0,0.0,0.0,0.0,7.853881948536475,1.0,15.0,0.004575328338827511,12.8756900986915,-407.8385041664925,190.17821778331472,300.0,-218.56354909303056,0.0,0.0,0.0,-985.2665366405769,0.0,0.0,0.0
154.0,0.0,0.0,0.0,0.0,7.853881948536448,1.0,15.0,0.004484700846931172,12.8801747995384,-404.4573208346252,197.26701605508472,300.0,-222.98031332111154,0.0,0.0,0.0,-984.851471442974,0.0,0.0,0.0
153.0,0.0,0.0,0.0,0.0,7.853881948536685,1.0,15.0,0.004399254489970528,12.8845740540284,-400.95293588476545,204.29572488279604,300.0,-227.3112415478522,0.0,0.0,0.0,-984.4686722750591,0.0,0.0,0.0
152.0,0.0,0.0,0.0,0.0,7.853881948536616,1.0,15.0,0.004318513640290372,12.8888925676687,-397.32641678651703,211.2622032536509,300.0,-231.56115351129577,0.0,0.0,0.0,-984.114516576448,0.0,0.0,0.0
151.0,0.0,0.0,0.0,0.0,7.853881948536434,1.0,15.0,0.004242061641973188,12.8931346293106,-393.57886821272814,218.16432911085167,300.0,-235.73443396143355,0.0,0.0,0.0,-983.7859046755465,0.0,0.0,0.0
150.0,0.0,0.0,0.0,0.0,7.853881948536444,1.0,15.0,0.004169531730332493,12.897304161041,-389.71143170299746,224.99999999999991,300.0,-239.83508573045674,0.0,0.0,0.0,-983.4801685744252,0.0,0.0,0.0
149.0,0.0,0.0,0.0,0.0,7.853881948536684,1.0,15.0,0.00410059960402917,12.901404760645,-385.72528531595054,231.76713370952444,300.0,-243.8667747558862,0.0,0.0,0.0,-983.1949994501874,0.0,0.0,0.0
148.0,0.0,0.0,0.0,0.0,7.853881948536404,1.0,15.0,0.004034977305693355,12.9054397379507,-381.62164327039176,238.46366890494215,300.0,-247.83286849942243,0.0,0.0,0.0,-982.928389198194,0.0,0.0,0.0
147.0,0.0,0.0,0.0,0.0,7.853881948536415,1.0,15.0,0.00398700621546666,12.9094267441662,-377.401755575441,245.08756575676202,300.0,-250.81475823160957,0.0,0.0,0.0,-747.901952251837,0.0,0.0,0.0
146.0,0.0,0.0,0.0,0.0,7.853881948536755,1.0,15.0,0.003984063745019917,12.9134108079112,-373.0669076497688,251.63680656183607,300.0,-250.99999999994427,0.0,0.0,0.0,-46.49568385199722,0.0,0.0,0.0
145.0,0.0,0.0,0.0,0.0,7.853881948536622,1.0,15.0,0.003984063745019917,12.9173948716562,-368.6184199300463,258.1093963579708,300.0,-251.0000000000562,0.0,0.0,0.0,-2.8093097625975963e-08,0.0,0.0,0.0
144.0,0.0,0.0,0.0,0.0,7.853881948536512,1.0,15.0,0.003984063745019917,12.9213789354012,-364.0576474687263,264.50336353161293,300.0,-251.0000000000562,0.0,0.0,0.0,0.0,0.0,0.0,0.0
143.0,0.0,0.0,0.0,0.0,7.853881948536368,1.0,15.0,0.003984063745019917,12.9253629991462,-359.38597952128185,270.8167604184216,300.0,-251.0000000000562,0.0,0.0,0.0,0.0,0.0,0.0,0.0
142.0,0.0,0.0,0.0,0.0,7.853881948536682,1.0,15.0,0.003984063745019917,12.9293470628913,-354.6048391230249,277.0476638965462,300.0,-251.0000000000562,0.0,0.0,0.0,0.0,0.0,0.0,0.0
141.0,0.0,0.0,0.0,0.0,7.8538819485366345,1.0,15.0,0.003984063745019917,12.9333311266363,-349.71568265563684,283.19417597242693,300.0,-251.0000000000562,0.0,0.0,0.0,0.0,0.0,0.0,0.0
140.0,0.0,0.0,0.0,0.0,7.85388194853641,1.0,15.0,0.003984063745019917,12.9373151903813,-344.71999940354016,289.2544243589427,300.0,-251.0000000000562,0.0,0.0,0.0,0.0,0.0,0.0,0.0
139.0,0.0,0.0,0.0,0.0,7.8538819485365305,1.0,15.0,0.003984063745019972,12.9412992541263,-339.61931110024744,295.22656304572826,300.0,-250.99999999994427,0.0,0.0,0.0,2.809309762596344e-08,0.0,0.0,0.0
138.0,0.0,0.0,0.0,0.0,7.853881948536581,1.0,15.0,0.003984063745019917,12.9452833178713,-334.41517146482744,301.1087728614862,300.0,-250.99999999994427,0.0,0.0,0.0,0.0,0.0,0.0,0.0
137.0,0.0,0.0,0.0,0.0,7.853881948536448,1.0,15.0,0.003984063745019917,12.9492673816164,-329.1091657286268,306.89926202812427,300.0,-251.0000000000562,0.0,0.0,0.0,-2.8093097625975963e-08,0.0,0.0,0.0
136.0,0.0,0.0,0.0,0.0,7.853881948536457,1.0,15.0,0.003984063745019917,12.9532514453614,-323.70291015239314,312.59626670654865,300.0,-251.0000000000562,0.0,0.0,0.0,0.0,0.0,0.0,0.0
135.0,0.0,0.0,0.0,0.0,7.853881948536688,1.0,15.0,0.003984063745019917,12.9572355091064,-318.1980515339464,318.19805153394634,300.0,-251.0000000000562,0.0,0.0,0.0,0.0,0.0,0.0,0.0
134.0,0.0,0.0,0.0,0.0,7.853881948536647,1.0,15.0,0.003984063745019917,12.9612195728514,-312.59626670654876,323.7029101523931,300.0,-251.0000000000562,0.0,0.0,0.0,0.0,0.0,0.0,0.0
133.0,0.0,0.0,0.0,0.0,7.853881948536459,1.0,15.0,0.003984063745019917,12.9652036365964,-306.8992620281243,329.1091657286267,300.0,-251.0000000000562,0.0,0.0,0.0,0.0,0.0,0.0,0.0
132.0,0.0,0.0,0.0,0.0,7.853881948536448,1.0,15.0,0.003984063745019917,12.9691877003414,-301.1087728614863,334.4151714648273,300.0,-251.0000000000562,0.0,0.0,0.0,0.0,0.0,0.0,0.0
131.0,0.0,0.0,0.0,0.0,7.85388194853642,1.0,15.0,0.003984063745019917,12.9731717640865,-295.2265630457284,339.6193111002472,300.0,-251.0000000000562,0.0,0.0,0.0,0.0,0.0,0.0,0.0
130.0,0.0,0.0,0.0,0.0,7.853881948536648,1.0,15.0,0.003984063745019917,12.9771558278315,-289.2544243589428,344.71999940354004,300.0,-251.0000000000562,0.0,0.0,0.0,0.0,0.0,0.0,0.0
129.0,0.0,0.0,0.0,0.0,7.85388194853665,1.0,15.0,0.003984063745019917,12.9811398915765,-283.1941759724269,349.7156826556369,300.0,-251.0000000000562,0.0,0.0,0.0,0.0,0.0,0.0,0.0
128.0,0.0,0.0,0.0,0.0,7.85388194853651,1.0,15.0,0.003984063745019917,12.9851239553215,-277.0476638965463,354.6048391230249,300.0,-251.0000000000562,0.0,0.0,0.0,0.0,0.0,0.0,0.0
127.0,0.0,0.0,0.0,0.0,7.8538819485364435,1.0,15.0,0.003984063745019917,12.9891080190665,-270.81676041842184,359.3859795212817,300.0,-251.0000000000562,0.0,0.0,0.0,0.0,0.0,0.0,0.0
126.0,0.0,0.0,0.0,0.0,7.853881948536653,1.0,15.0,0.003984063745019972,12.9930920828116,-264.50336353161293,364.0576474687263,300.0,-250.99999999994427,0.0,0.0,0.0,2.809309762596344e-08,0.0,0.0,0.0
125.0,0.0,0.0,0.0,0.0,7.853881948536684,1.0,15.0,0.003984063745019917,12.9970761465566,-258.10939635797064,368.61841993004634,300.0,-250.99999999994427,0.0,0.0,0.0,0.0,0.0,0.0,0.0
124.0,0.0,0.0,0.0,0.0,7.853881948536416,1.0,15.0,0.003984063745019917,13.0010602103016,-251.63680656183607,373.0669076497687,300.0,-251.0000000000562,0.0,0.0,0.0,-2.8093097625975963e-08,0.0,0.0,0.0
123.0,0.0,0.0,0.0,0.0,7.853881948536495,1.0,15.0,0.003984063745019917,13.0050442740466,-245.08756575676222,377.40175557544075,300.0,-251.0000000000562,0.0,0.0,0.0,0.0,0.0,0.0,0.0
122.0,0.0,0.0,0.0,0.0,7.853881948536596,1.0,15.0,0.003984063745019917,13.0090283377916,-238.4636689049422,381.62164327039164,300.0,-251.0000000000562,0.0,0.0,0.0,0.0,0.0,0.0,0.0
121.0,0.0,0.0,0.0,0.0,7.853881948536435,1.0,15.0,0.003984063745019917,13.0130124015367,-231.7671337095245,385.7252853159505,300.0,-251.0000000000562,0.0,0.0,0.0,0.0,0.0,0.0,0.0
120.0,0.0,0.0,0.0,0.0,7.853881948536681,1.0,15.0,0.003984063745019917,13.0169964652817,-224.99999999999994,389.71143170299734,300.0,-251.0000000000562,0.0,0.0,0.0,0.0,0.0,0.0,0.0
119.0,0.0,0.0,0.0,0.0,7.853881948536472,1.0,15.0,0.003984063745019917,13.0209805290267,-218.1643291108517,393.5788682127281,300.0,-251.0000000000562,0.0,0.0,0.0,0.0,0.0,0.0,0.0
118.0,0.0,0.0,0.0,0.0,7.853881948536667,1.0,15.0,0.003984063745019917,13.0249645927717,-211.2622032536508,397.3264167865172,300.0,-251.0000000000562,0.0,0.0,0.0,0.0,0.0,0.0,0.0
117.0,0.0,0.0,0.0,0.0,7.853881948536438,1.0,15.0,0.003984063745019917,13.0289486565167,-204.2957248827961,400.95293588476557,300.0,-251.0000000000562,0.0,0.0,0.0,0.0,0.0,0.0,0.0
116.0,0.0,0.0,0.0,0.0,7.853881948536456,1.0,15.0,0.003984063745019917,13.0329327202618,-197.26701605508492,404.4573208346251,300.0,-251.0000000000562,0.0,0.0,0.0,0.0,0.0,0.0,0.0
115.0,0.0,0.0,0.0,0.0,7.8538819485366504,1.0,15.0,0.003984063745019917,13.0369167840068,-190.17821778331475,407.8385041664925,300.0,-251.0000000000562,0.0,0.0,0.0,0.0,0.0,0.0,0.0
114.0,0.0,0.0,0.0,0.0,7.853881948536526,1.0,15.0,0.003984063745019917,13.0409008477518,-183.0314893841101,411.0954559391704,300.0,-251.0000000000562,0.0,0.0,0.0,0.0,0.0,0.0,0.0
113.0,0.0,0.0,0.0,0.0,7.8538819485366,1.0,15.0,0.003984063745019917,13.0448849114968,-175.82900782017316,414.2271840535982,300.0,-251.0000000000562,0.0,0.0,0.0,0.0,0.0,0.0,0.0
112.0,0.0,0.0,0.0,0.0,7.853881948536433,1.0,15.0,0.003984063745019917,13.0488689752418,-168.57296703716048,417.2327345550543,300.0,-251.0000000000562,0.0,0.0,0.0,0.0,0.0,0.0,0.0
111.0,0.0,0.0,0.0,0.0,7.8538819485365385,1.0,15.0,0.003984063745019917,13.0528530389869,-161.26557729538519,420.11119192374076,300.0,-251.0000000000562,0.0,0.0,0.0,0.0,0.0,0.0,0.0
110.0,0.0,0.0,0.0,0.0,7.853881948536587,1.0,15.0,0.003984063745019917,13.0568371027319,-153.90906449655097,422.8616793536588,300.0,-251.0000000000562,0.0,0.0,0.0,0.0,0.0,0.0,0.0
109.0,0.0,0.0,0.0,0.0,7.853881948536611,1.0,15.0,0.003984063745019917,13.0608211664769,-146.50566950572045,425.48335901969256,300.0,-251.0000000000562,0.0,0.0,0.0,0.0,0.0,0.0,0.0
108.0,0.0,0.0,0.0,0.0,7.853881948536474,1.0,15.0,0.003984063745019917,13.0648052302219,-139.05764746872637,427.97543233281914,300.0,-251.0000000000562,0.0,0.0,0.0,0.0,0.0,0.0,0.0
107.0,0.0,0.0,0.0,0.0,7.853881948536546,1.0,15.0,0.003984063745019917,13.0687892939669,-131.56726712523155,430.337140183366,300.0,-251.0000000000562,0.0,0.0,0.0,0.0,0.0,0.0,0.0
106.0,0.0,0.0,0.0,0.0,7.853881948536581,1.0,15.0,0.003984063745019917,13.0727733577119,-124.03681011764962,432.56776317224353,300.0,-251.0000000000562,0.0,0.0,0.0,0.0,0.0,0.0,0.0
105.0,0.0,0.0,0.0,0.0,7.853881948536433,1.0,15.0,0.003984063745019917,13.076757421457,-116.46857029613444,434.66662183008077,300.0,-251.0000000000562,0.0,0.0,0.0,0.0,0.0,0.0,0.0
104.0,0.0,0.0,0.0,0.0,7.853881948536543,1.0,15.0,0.003984063745019972,13.080741485202,-108.86485301985056,436.6330768241984,300.0,-250.99999999994427,0.0,0.0,0.0,2.809309762596344e-08,0.0,0.0,0.0
103.0,0.0,0.0,0.0,0.0,7.853881948536664,1.0,15.0,0.003984063745019917,13.084725548947,-101.22797445473921,438.46652915335585,300.0,-250.99999999994427,0.0,0.0,0.0,0.0,0.0,0.0,0.0
102.0,0.0,0.0,0.0,0.0,7.8538819485365465,1.0,15.0,0.003984063745019917,13.088709612692,-93.56026086799166,440.16642033021253,300.0,-251.0000000000562,0.0,0.0,0.0,-2.8093097625975963e-08,0.0,0.0,0.0
101.0,0.0,0.0,0.0,0.0,7.853881948536436,1.0,15.0,0.003984063745019917,13.092693676437,-85.86404791944523,441.73223255144876,300.0,-251.0000000000562,0.0,0.0,0.0,0.0,0.0,0.0,0.0
100.0,0.0,0.0,0.0,0.0,7.853881948536571,1.0,15.0,0.003984063745019917,13.0966777401821,-78.14167995011869,443.1634888554936,300.0,-251.0000000000562,0.0,0.0,0.0,0.0,0.0,0.0,0.0
99.0,0.0,0.0,0.0,0.0,7.853881948536442,1.0,15.0,0.003984063745019917,13.1006618039271,-70.39550926810402,444.45975326781195,300.0,-251.0000000000562,0.0,0.0,0.0,0.0,0.0,0.0,0.0
98.0,0.0,0.0,0.0,0.0,7.853881948536664,1.0,15.0,0.003984063745019917,13.1046458676721,-62.62789543202946,445.62063093370665,300.0,-251.0000000000562,0.0,0.0,0.0,0.0,0.0,0.0,0.0
97.0,0.0,0.0,0.0,0.0,7.853881948536554,1.0,15.0,0.003984063745019972,13.1086299314171,-54.84120453231637,446.64576823859494,300.0,-250.99999999994427,0.0,0.0,0.0,2.809309762596344e-08,0.0,0.0,0.0
96.0,0.0,0.0,0.0,0.0,7.853881948536544,1.0,15.0,0.003984063745019917,13.1126139951621,-47.03780847044406,447.53485291572304,300.0,-250.99999999994427,0.0,0.0,0.0,0.0,0.0,0.0,0.0
95.0,0.0,0.0,0.0,0.0,7.8538819485364595,1.0,15.0,0.003984063745019917,13.1165980589072,-39.22008423644626,448.28761414128553,300.0,-251.0000000000562,0.0,0.0,0.0,-2.8093097625975963e-08,0.0,0.0,0.0
94.0,0.0,0.0,0.0,0.0,7.853881948536545,1.0,15.0,0.003984063745019917,13.1205821226522,-31.39041318485646,448.9038226169209,300.0,-251.0000000000562,0.0,0.0,0.0,0.0,0.0,0.0,0.0
93.0,0.0,0.0,0.0,0.0,7.853881948536654,1.0,15.0,0.003984063745019917,13.1245661863972,-23.55118030932469,449.38329063955825,300.0,-251.0000000000562,0.0,0.0,0.0,0.0,0.0,0.0,0.0
92.0,0.0,0.0,0.0,0.0,7.853881948536555,1.0,15.0,0.003984063745019917,13.1285502501422,-15.704773516125389,449.7258721585931,300.0,-251.0000000000562,0.0,0.0,0.0,0.0,0.0,0.0,0.0
91.0,0.0,0.0,0.0,0.0,7.853881948536449,1.0,15.0,0.003984063745019917,13.1325343138872,-7.853582896777624,449.93146282037605,300.0,-251.0000000000562,0.0,0.0,0.0,0.0,0.0,0.0,0.0
90.0,0.0,0.0,0.0,0.0,7.853881948536554,1.0,15.0,0.003984063745019917,13.1365183776323,-3.1228493378257513e-14,450.0,300.0,-251.0000000000562,0.0,0.0,0.0,0.0,0.0,0.0,0.0
89.0,0.0,0.0,0.0,0.0,7.853881948536452,1.0,15.0,0.003984063745019917,13.1405024413773,7.853582896777461,449.93146282037605,300.0,-251.0000000000562,0.0,0.0,0.0,0.0,0.0,0.0,0.0
88.0,0.0,0.0,0.0,0.0,7.853881948536651,1.0,15.0,0.003984063745019917,13.1444865051223,15.704773516125428,449.7258721585931,300.0,-251.0000000000562,0.0,0.0,0.0,0.0,0.0,0.0,0.0
87.0,0.0,0.0,0.0,0.0,7.853881948536552,1.0,15.0,0.003984063745019917,13.1484705688673,23.551180309324725,449.38329063955825,300.0,-251.0000000000562,0.0,0.0,0.0,0.0,0.0,0.0,0.0
86.0,0.0,0.0,0.0,0.0,7.8538819485365545,1.0,15.0,0.003984063745019917,13.1524546326123,31.390413184856396,448.9038226169209,300.0,-251.0000000000562,0.0,0.0,0.0,0.0,0.0,0.0,0.0
85.0,0.0,0.0,0.0,0.0,7.853881948536453,1.0,15.0,0.003984063745019917,13.1564386963574,39.220084236446105,448.28761414128553,300.0,-251.0000000000562,0.0,0.0,0.0,0.0,0.0,0.0,0.0
84.0,0.0,0.0,0.0,0.0,7.853881948536557,1.0,15.0,0.003984063745019917,13.1604227601024,47.037808470444,447.534852915723,300.0,-251.0000000000562,0.0,0.0,0.0,0.0,0.0,0.0,0.0
83.0,0.0,0.0,0.0,0.0,7.853881948536551,1.0,15.0,0.003984063745019917,13.1644068238474,54.84120453231631,446.6457682385949,300.0,-251.0000000000562,0.0,0.0,0.0,0.0,0.0,0.0,0.0
82.0,0.0,0.0,0.0,0.0,7.853881948536652,1.0,15.0,0.003984063745019917,13.1683908875924,62.627895432029504,445.6206309337066,300.0,-251.0000000000562,0.0,0.0,0.0,0.0,0.0,0.0,0.0
81.0,0.0,0.0,0.0,0.0,7.853881948536451,1.0,15.0,0.003984063745019917,13.1723749513374,70.39550926810386,444.459753267812,300.0,-251.0000000000562,0.0,0.0,0.0,0.0,0.0,0.0,0.0
80.0,0.0,0.0,0.0,0.0,7.853881948536549,1.0,15.0,0.003984063745019917,13.1763590150824,78.14167995011863,443.1634888554936,300.0,-251.0000000000562,0.0,0.0,0.0,0.0,0.0,0.0,0.0
79.0,0.0,0.0,0.0,0.0,7.853881948536557,1.0,15.0,0.003984063745019917,13.1803430788275,85.86404791944516,441.73223255144876,300.0,-251.0000000000562,0.0,0.0,0.0,0.0,0.0,0.0,0.0
78.0,0.0,0.0,0.0,0.0,7.853881948536548,1.0,15.0,0.003984063745019917,13.1843271425725,93.5602608679917,440.16642033021253,300.0,-251.0000000000562,0.0,0.0,0.0,0.0,0.0,0.0,0.0
77.0,0.0,0.0,0.0,0.0,7.853881948536449,1.0,15.0,0.003984063745019917,13.1883112063175,101.22797445473915,438.46652915335585,300.0,-251.0000000000562,0.0,0.0,0.0,0.0,0.0,0.0,0.0
76.0,0.0,0.0,0.0,0.0,7.853881948536664,1.0,15.0,0.003984063745019917,13.1922952700625,108.8648530198505,436.6330768241984,300.0,-251.0000000000562,0.0,0.0,0.0,0.0,0.0,0.0,0.0
75.0,0.0,0.0,0.0,0.0,7.853881948536447,1.0,15.0,0.003984063745019917,13.1962793338075,116.46857029613429,434.66662183008077,300.0,-251.0000000000562,0.0,0.0,0.0,0.0,0.0,0.0,0.0
74.0,0.0,0.0,0.0,0.0,7.853881948536529,1.0,15.0,0.003984063745019917,13.2002633975526,124.03681011764957,432.56776317224353,300.0,-251.0000000000562,0.0,0.0,0.0,0.0,0.0,0.0,0.0
73.0,0.0,0.0,0.0,0.0,7.8538819485365705,1.0,15.0,0.003984063745019917,13.2042474612976,131.56726712523147,430.33714018336593,300.0,-251.0000000000562,0.0,0.0,0.0,0.0,0.0,0.0,0.0
72.0,0.0,0.0,0.0,0.0,7.853881948536546,1.0,15.0,0.003984063745019917,13.2082315250426,139.0576474687263,427.9754323328191,300.0,-251.0000000000562,0.0,0.0,0.0,0.0,0.0,0.0,0.0
71.0,0.0,0.0,0.0,0.0,7.85388194853659,1.0,15.0,0.003984063745019917,13.2122155887876,146.5056695057205,425.48335901969256,300.0,-251.0000000000562,0.0,0.0,0.0,0.0,0.0,0.0,0.0
70.0,0.0,0.0,0.0,0.0,7.853881948536542,1.0,15.0,0.003984063745019917,13.2161996525326,153.9090644965509,422.8616793536587,300.0,-251.0000000000562,0.0,0.0,0.0,0.0,0.0,0.0,0.0
69.0,0.0,0.0,0.0,0.0,7.853881948536547,1.0,15.0,0.003984063745019917,13.2201837162777,161.26557729538513,420.11119192374076,300.0,-251.0000000000562,0.0,0.0,0.0,0.0,0.0,0.0,0.0
68.0,0.0,0.0,0.0,0.0,7.853881948536433,1.0,15.0,0.003984063745019917,13.2241677800227,168.5729670371603,417.2327345550543,300.0,-251.0000000000562,0.0,0.0,0.0,0.0,0.0,0.0,0.0
67.0,0.0,0.0,0.0,0.0,7.853881948536687,1.0,15.0,0.003984063745019917,13.2281518437677,175.82900782017322,414.2271840535981,300.0,-251.0000000000562,0.0,0.0,0.0,0.0,0.0,0.0,0.0
66.0,0.0,0.0,0.0,0.0,7.85388194853645,1.0,15.0,0.003984063745019917,13.2321359075127,183.03148938411005,411.0954559391704,300.0,-251.0000000000562,0.0,0.0,0.0,0.0,0.0,0.0,0.0
65.0,0.0,0.0,0.0,0.0,7.853881948536526,1.0,15.0,0.003984063745019917,13.2361199712577,190.1782177833147,407.8385041664925,300.0,-251.0000000000562,0.0,0.0,0.0,0.0,0.0,0.0,0.0
64.0,0.0,0.0,0.0,0.0,7.85388194853655,1.0,15.0,0.003984063745019917,13.2401040350028,197.2670160550848,404.4573208346252,300.0,-251.0000000000562,0.0,0.0,0.0,0.0,0.0,0.0,0.0
63.0,0.0,0.0,0.0,0.0,7.853881948536583,1.0,15.0,0.003984063745019917,13.2440880987478,204.295724882796,400.95293588476545,300.0,-251.0000000000562,0.0,0.0,0.0,0.0,0.0,0.0,0.0
62.0,0.0,0.0,0.0,0.0,7.853881948536539,1.0,15.0,0.003984063745019917,13.2480721624928,211.26220325365082,397.3264167865171,300.0,-251.0000000000562,0.0,0.0,0.0,0.0,0.0,0.0,0.0
61.0,0.0,0.0,0.0,0.0,7.853881948536511,1.0,15.0,0.003984063745020028,13.2520562262378,218.16432911085164,393.57886821272814,300.0,-250.99999999994427,0.0,0.0,0.0,2.809309762596344e-08,0.0,0.0,0.0
60.0,0.0,0.0,0.0,0.0,7.853881948536543,1.0,15.0,0.003984063745019917,13.2560402899828,225.0,389.71143170299746,300.0,-250.99999999994427,0.0,0.0,0.0,0.0,0.0,0.0,0.0
59.0,0.0,0.0,0.0,0.0,7.853881948536562,1.0,15.0,0.003984063745019917,13.2600243537279,231.7671337095244,385.72528531595054,300.0,-251.0000000000562,0.0,0.0,0.0,-2.8093097625975963e-08,0.0,0.0,0.0
58.0,0.0,0.0,0.0,0.0,7.853881948536453,1.0,15.0,0.003984063745019917,13.2640084174729,238.46366890494215,381.62164327039176,300.0,-251.0000000000562,0.0,0.0,0.0,0.0,0.0,0.0,0.0
57.0,0.0,0.0,0.0,0.0,7.853881948536596,1.0,15.0,0.003984063745019917,13.2679924812179,245.08756575676216,377.40175557544086,300.0,-251.0000000000562,0.0,0.0,0.0,0.0,0.0,0.0,0.0
56.0,0.0,0.0,0.0,0.0,7.853881948536495,1.0,15.0,0.003984063745019917,13.2719765449629,251.636806561836,373.06690764976884,300.0,-251.0000000000562,0.0,0.0,0.0,0.0,0.0,0.0,0.0
55.0,0.0,0.0,0.0,0.0,7.853881948536528,1.0,15.0,0.003984063745019917,13.2759606087079,258.10939635797064,368.61841993004634,300.0,-251.0000000000562,0.0,0.0,0.0,0.0,0.0,0.0,0.0
54.0,0.0,0.0,0.0,0.0,7.853881948536572,1.0,15.0,0.003984063745019917,13.2799446724529,264.5033635316129,364.05764746872643,300.0,-251.0000000000562,0.0,0.0,0.0,0.0,0.0,0.0,0.0
53.0,0.0,0.0,0.0,0.0,7.853881948536573,1.0,15.0,0.003984063745019917,13.283928736198,270.8167604184217,359.38597952128185,300.0,-251.0000000000562,0.0,0.0,0.0,0.0,0.0,0.0,0.0
52.0,0.0,0.0,0.0,0.0,7.853881948536478,1.0,15.0,0.003984063745019917,13.287912799943,277.04766389654617,354.604839123025,300.0,-251.0000000000562,0.0,0.0,0.0,0.0,0.0,0.0,0.0
51.0,0.0,0.0,0.0,0.0,7.853881948536626,1.0,15.0,0.003984063745019917,13.291896863688,283.1941759724268,349.7156826556369,300.0,-251.0000000000562,0.0,0.0,0.0,0.0,0.0,0.0,0.0
50.0,0.0,0.0,0.0,0.0,7.853881948536533,1.0,15.0,0.003984063745019917,13.295880927433,289.2544243589427,344.71999940354016,300.0,-251.0000000000562,0.0,0.0,0.0,0.0,0.0,0.0,0.0
49.0,0.0,0.0,0.0,0.0,7.8538819485365305,1.0,15.0,0.003984063745019917,13.299864991178,295.22656304572826,339.61931110024744,300.0,-251.0000000000562,0.0,0.0,0.0,0.0,0.0,0.0,0.0
48.0,0.0,0.0,0.0,0.0,7.8538819485365385,1.0,15.0,0.003984063745019917,13.3038490549231,301.10877286148616,334.41517146482744,300.0,-251.0000000000562,0.0,0.0,0.0,0.0,0.0,0.0,0.0
47.0,0.0,0.0,0.0,0.0,7.85388194853649,1.0,15.0,0.003984063745019917,13.3078331186681,306.89926202812427,329.1091657286268,300.0,-251.0000000000562,0.0,0.0,0.0,0.0,0.0,0.0,0.0
46.0,0.0,0.0,0.0,0.0,7.853881948536618,1.0,15.0,0.003984063745020028,13.3118171824131,312.59626670654876,323.70291015239303,300.0,-250.99999999994427,0.0,0.0,0.0,2.809309762596344e-08,0.0,0.0,0.0
45.0,0.0,0.0,0.0,0.0,7.853881948536487,1.0,15.0,0.003984063745019917,13.3158012461581,318.19805153394634,318.19805153394645,300.0,-250.99999999994427,0.0,0.0,0.0,0.0,0.0,0.0,0.0
44.0,0.0,0.0,0.0,0.0,7.853881948536607,1.0,15.0,0.003984063745019917,13.3197853099031,323.70291015239303,312.5962667065488,300.0,-251.0000000000562,0.0,0.0,0.0,-2.8093097625975963e-08,0.0,0.0,0.0
43.0,0.0,0.0,0.0,0.0,7.853881948536498,1.0,15.0,0.003984063745019917,13.3237693736482,329.1091657286267,306.8992620281244,300.0,-251.0000000000562,0.0,0.0,0.0,0.0,0.0,0.0,0.0
42.0,0.0,0.0,0.0,0.0,7.85388194853649,1.0,15.0,0.003984063745019917,13.3277534373932,334.4151714648273,301.1087728614863,300.0,-251.0000000000562,0.0,0.0,0.0,0.0,0.0,0.0,0.0
41.0,0.0,0.0,0.0,0.0,7.853881948536624,1.0,15.0,0.003984063745019917,13.3317375011382,339.61931110024733,295.22656304572826,300.0,-251.0000000000562,0.0,0.0,0.0,0.0,0.0,0.0,0.0
40.0,0.0,0.0,0.0,0.0,7.8538819485365305,1.0,15.0,0.003984063745019917,13.3357215648832,344.71999940354004,289.2544243589427,300.0,-251.0000000000562,0.0,0.0,0.0,0.0,0.0,0.0,0.0
39.0,0.0,0.0,0.0,0.0,7.853881948536526,1.0,15.0,0.003984063745019917,13.3397056286282,349.71568265563684,283.1941759724269,300.0,-251.0000000000562,0.0,0.0,0.0,0.0,0.0,0.0,0.0
38.0,0.0,0.0,0.0,0.0,7.85388194853659,1.0,15.0,0.003984063745019917,13.3436896923733,354.6048391230249,277.0476638965462,300.0,-251.0000000000562,0.0,0.0,0.0,0.0,0.0,0.0,0.0
37.0,0.0,0.0,0.0,0.0,7.853881948536478,1.0,15.0,0.003984063745019917,13.3476737561183,359.38597952128174,270.8167604184218,300.0,-251.0000000000562,0.0,0.0,0.0,0.0,0.0,0.0,0.0
36.0,0.0,0.0,0.0,0.0,7.853881948536528,1.0,15.0,0.003984063745019917,13.3516578198633,364.0576474687263,264.503363531613,300.0,-251.0000000000562,0.0,0.0,0.0,0.0,0.0,0.0,0.0
35.0,0.0,0.0,0.0,0.0,7.853881948536572,1.0,15.0,0.003984063745019917,13.3556418836083,368.61841993004623,258.10939635797075,300.0,-251.0000000000562,0.0,0.0,0.0,0.0,0.0,0.0,0.0
34.0,0.0,0.0,0.0,0.0,7.853881948536481,1.0,15.0,0.003984063745019917,13.3596259473533,373.0669076497687,251.63680656183618,300.0,-251.0000000000562,0.0,0.0,0.0,0.0,0.0,0.0,0.0
33.0,0.0,0.0,0.0,0.0,7.85388194853659,1.0,15.0,0.003984063745019917,13.3636100110983,377.40175557544075,245.08756575676222,300.0,-251.0000000000562,0.0,0.0,0.0,0.0,0.0,0.0,0.0
32.0,0.0,0.0,0.0,0.0,7.853881948536548,1.0,15.0,0.00398700621546666,13.3675970173138,381.62164327039164,238.46366890494227,300.0,-250.81475823160957,0.0,0.0,0.0,46.46136936733382,0.0,0.0,0.0
31.0,0.0,0.0,0.0,0.0,7.853881948536531,1.0,15.0,0.004034977305693355,13.3716319946195,385.7252853159505,231.76713370952444,300.0,-247.83286849942243,0.0,0.0,0.0,739.0102858769139,0.0,0.0,0.0
30.0,0.0,0.0,0.0,0.0,7.853881948536557,1.0,15.0,0.004100599604029198,13.3757325942235,389.71143170299734,225.00000000000003,300.0,-243.8667747558862,0.0,0.0,0.0,967.1984896156769,0.0,0.0,0.0
29.0,0.0,0.0,0.0,0.0,7.853881948536493,1.0,15.0,0.004169531730332521,13.3799021259539,393.578868212728,218.16432911085172,300.0,-239.83508573045674,0.0,0.0,0.0,966.940483052419,0.0,0.0,0.0
28.0,0.0,0.0,0.0,0.0,7.853881948536593,1.0,15.0,0.0042420616419731605,13.3841441875958,397.32641678651714,211.2622032536509,300.0,-235.73443396143355,0.0,0.0,0.0,966.6648236436322,0.0,0.0,0.0
27.0,0.0,0.0,0.0,0.0,7.853881948536565,1.0,15.0,0.004318513640290345,13.3884627012361,400.95293588476557,204.2957248827961,300.0,-231.56115351129577,0.0,0.0,0.0,966.3696349600443,0.0,0.0,0.0
26.0,0.0,0.0,0.0,0.0,7.853881948536558,1.0,15.0,0.004399254489970583,13.3928619557261,404.4573208346252,197.26701605508487,300.0,-227.3112415478522,0.0,0.0,0.0,966.0527648794273,0.0,0.0,0.0
25.0,0.0,0.0,0.0,0.0,7.8538819485364995,1.0,15.0,0.004484700846931089,13.397346656573,407.8385041664925,190.1782177833148,300.0,-222.98031332111154,0.0,0.0,0.0,965.71173296988,0.0,0.0,0.0
24.0,0.0,0.0,0.0,0.0,7.853881948536578,1.0,15.0,0.004575328338827567,13.4019219849119,411.0954559391704,183.0314893841101,300.0,-218.56354909303056,0.0,0.0,0.0,965.3436651965181,0.0,0.0,0.0
23.0,0.0,0.0,0.0,0.0,7.853881948536547,1.0,15.0,0.004671682751144157,13.406593667663,414.2271840535982,175.82900782017322,300.0,-214.05563118664077,0.0,0.0,0.0,964.9452127898272,0.0,0.0,0.0
22.0,0.0,0.0,0.0,0.0,7.853881948536485,1.0,15.0,0.004774393921429754,13.4113680615844,417.2327345550543,168.57296703716048,300.0,-209.45066880876277,0.0,0.0,0.0,964.5124498857368,0.0,0.0,0.0
21.0,0.0,0.0,0.0,0.0,7.8538819485365385,1.0,15.0,0.0048841931524093996,13.4162522547368,420.11119192374076,161.26557729538519,300.0,-204.74210761024784,0.0,0.0,0.0,964.040743595781,0.0,0.0,0.0
20.0,0.0,0.0,0.0,0.0,7.853881948536587,1.0,15.0,0.005001935248375,13.4212541899852,422.8616793536588,153.90906449655097,300.0,-199.92262001490695,0.0,0.0,0.0,963.5245871898941,0.0,0.0,0.0
19.0,0.0,0.0,0.0,0.0,7.853881948536504,1.0,15.0,0.005128626699603456,13.4263828166848,425.48335901969256,146.50566950572056,300.0,-194.9839710652642,0.0,0.0,0.0,962.9573838986403,0.0,0.0,0.0
18.0,0.0,0.0,0.0,0.0,7.853881948536563,1.0,15.0,0.005265462151025191,13.4316482788358,427.9754323328191,139.05764746872637,300.0,-189.91685275059936,0.0,0.0,0.0,962.3311628360675,0.0,0.0,0.0
17.0,0.0,0.0,0.0,0.0,7.853881948536518,1.0,15.0,0.0054138721965341086,13.4370621510324,430.33714018336593,131.56726712523158,300.0,-184.71067725612838,0.0,0.0,0.0,961.6362014979943,0.0,0.0,0.0
16.0,0.0,0.0,0.0,0.0,7.8538819485365705,1.0,15.0,0.005575586906435115,13.4426377379388,432.56776317224353,124.03681011764968,300.0,-179.35331594345354,0.0,0.0,0.0,960.8605161354054,0.0,0.0,0.0
15.0,0.0,0.0,0.0,0.0,7.853881948536529,1.0,15.0,0.00575272160172946,13.4483904595405,434.66662183008077,116.4685702961344,300.0,-173.83076554573447,0.0,0.0,0.0,959.9891634004067,0.0,0.0,0.0
14.0,0.0,0.0,0.0,0.0,7.85388194853653,1.0,15.0,0.005947894714141144,13.4543383542547,436.6330768241984,108.86485301985053,300.0,-168.12671509170866,0.0,0.0,0.0,959.0032655527277,0.0,0.0,0.0
13.0,0.0,0.0,0.0,0.0,7.853881948536554,1.0,15.0,0.006164392961719556,13.4605027472164,438.46652915335585,101.2279744547393,300.0,-162.22197484972799,0.0,0.0,0.0,957.8786230287659,0.0,0.0,0.0
12.0,0.0,0.0,0.0,0.0,7.8538819485365465,1.0,15.0,0.006406408074997927,13.4669091552914,440.16642033021253,93.56026086799174,300.0,-156.0937093443464,0.0,0.0,0.0,956.5836945820181,0.0,0.0,0.0
11.0,0.0,0.0,0.0,0.0,7.853881948536521,1.0,15.0,0.006679384870785121,13.4735885401622,441.73223255144876,85.86404791944523,300.0,-149.71438528329466,0.0,0.0,0.0,955.0765803232912,0.0,0.0,0.0
10.0,0.0,0.0,0.0,0.0,7.853881948536544,1.0,15.0,0.006990548431875521,13.4805790885941,443.1634888554936,78.14167995011871,300.0,-143.0502927982208,0.0,0.0,0.0,953.3003812242393,0.0,0.0,0.0
9.0,0.0,0.0,0.0,0.0,7.853881948536549,1.0,15.0,0.0073497307105351295,13.4879288193046,444.459753267812,70.39550926810395,300.0,-136.05940671630069,0.0,0.0,0.0,951.175812727294,0.0,0.0,0.0
8.0,0.0,0.0,0.0,0.0,7.853881948536544,1.0,15.0,0.007770721053281804,13.4956995403579,445.62063093370665,62.627895432029504,300.0,-128.6881864814425,0.0,0.0,0.0,948.5889641792126,0.0,0.0,0.0
7.0,0.0,0.0,0.0,0.0,7.853881948536532,1.0,15.0,0.008273585141014062,13.5039731254989,446.6457682385949,54.841204532316425,300.0,-120.86658721172726,0.0,0.0,0.0,945.3700102682188,0.0,0.0,0.0
6.0,0.0,0.0,0.0,0.0,7.853881948536551,1.0,15.0,0.008888898658009792,13.5128620241569,447.534852915723,47.03780847044411,300.0,-112.49987635970788,0.0,0.0,0.0,941.2539363896066,0.0,0.0,0.0
5.0,0.0,0.0,0.0,0.0,7.853881948536542,1.0,15.0,0.0096661025366791,13.5225281266936,448.28761414128553,39.22008423644623,300.0,-103.45431327729163,0.0,0.0,0.0,935.8025168977946,0.0,0.0,0.0
4.0,0.0,0.0,0.0,0.0,7.8538819485365305,1.0,15.0,0.01069177397679899,13.5332199006704,448.9038226169209,31.390413184856445,300.0,-93.529848476971,0.0,0.0,0.0,928.2336889890212,0.0,0.0,0.0
3.0,0.0,0.0,0.0,0.0,7.853881948536547,1.0,15.0,0.012135708676294099,13.5453556093467,449.38329063955825,23.55118030932478,300.0,-82.40145068358929,0.0,0.0,0.0,916.9961219587068,0.0,0.0,0.0
2.0,0.0,0.0,0.0,0.0,7.853881948536543,1.0,15.0,0.014395192533238732,13.5597508018799,449.7258721585931,15.704773516125494,300.0,-69.46763634393426,0.0,0.0,0.0,898.4815110871178,0.0,0.0,0.0
1.0,0.0,0.0,0.0,0.0,7.853881948536539,1.0,15.0,0.018760180156250916,13.5785109820362,449.93146282037605,7.853582896777638,300.0,-53.30439215781128,0.0,0.0,0.0,861.5719066395626,0.0,0.0,0.0
0.0,0.0,0.0,0.0,0.0,7.85388194853654,1.0,15.0,0.04529107657395748,13.6238020586101,450.0,5.878304635907296e-14,300.0,-22.07940450183559,0.0,0.0,0.0,689.4291330211104,0.0,0.0,0.0
0.0,0.0,0.0,0.0,0.0,7.85388194853654,1.0,15.0,0.01,13.6338020586101,450.0,5.878304635907296e-14,300.0,0.0,0.0,0.0,0.0,0.0,0.0,0.0,0.0
0.0,0.0,0.0,0.0,0.0,7.85388194853654,1.0,15.0,1.15,14.7838020586101,450.0,5.878304635907296e-14,300.0,0.0,0.0,0.0,0.0,0.0,0.0,0.0,0.0
1.0,0.0,0.0,0.0,0.0,7.85388194853654,1.0,17.0,0.0,14.7838020586101,449.93146282037605,7.853582896777638,300.0,0.0,0.0,0.0,0.0,0.0,0.0,0.0,0.0
2.0,0.0,0.0,0.0,0.0,7.853881948536539,1.0,17.0,0.06405126152203486,14.8478533201322,449.7258721585931,15.704773516125494,300.0,15.612494995995906,0.0,0.0,0.0,243.74999999999721,0.0,0.0,0.0
3.0,0.0,0.0,0.0,0.0,7.853881948536543,1.0,17.0,0.01439519253323876,14.8622485126654,449.38329063955825,23.55118030932478,300.0,69.46763634393426,0.0,0.0,0.0,3741.1893744097592,0.0,0.0,0.0
4.0,0.0,0.0,0.0,0.0,7.853881948536547,1.0,17.0,0.012135708676294044,14.8743842213417,448.9038226169209,31.390413184856445,300.0,82.40145068358929,0.0,0.0,0.0,1065.7650644597838,0.0,0.0,0.0
5.0,0.0,0.0,0.0,0.0,7.8538819485365305,1.0,17.0,0.010691773976799004,14.8850759953185,448.28761414128553,39.22008423644623,300.0,93.529848476971,0.0,0.0,0.0,1040.8373594064494,0.0,0.0,0.0
6.0,0.0,0.0,0.0,0.0,7.853881948536542,1.0,17.0,0.009666102536679155,14.8947420978552,447.534852915723,47.03780847044411,300.0,103.45431327729163,0.0,0.0,0.0,1026.7286905618246,0.0,0.0,0.0
7.0,0.0,0.0,0.0,0.0,7.853881948536551,1.0,17.0,0.008888898658009792,14.9036309965132,446.6457682385949,54.841204532316425,300.0,112.49987635970788,0.0,0.0,0.0,1017.6247283757664,0.0,0.0,0.0
8.0,0.0,0.0,0.0,0.0,7.853881948536532,1.0,17.0,0.008273585141014103,14.9119045816542,445.62063093370665,62.627895432029504,300.0,120.86658721172726,0.0,0.0,0.0,1011.2557868709054,0.0,0.0,0.0
9.0,0.0,0.0,0.0,0.0,7.853881948536544,1.0,17.0,0.007770721053281776,14.9196753027075,444.459753267812,70.39550926810395,300.0,128.6881864814425,0.0,0.0,0.0,1006.5474254042286,0.0,0.0,0.0
10.0,0.0,0.0,0.0,0.0,7.853881948536549,1.0,17.0,0.007349730710535074,14.927025033418,443.1634888554936,78.14167995011871,300.0,136.05940671630069,0.0,0.0,0.0,1002.9238519299954,0.0,0.0,0.0
11.0,0.0,0.0,0.0,0.0,7.853881948536544,1.0,17.0,0.006990548431875604,14.9340155818499,441.73223255144876,85.86404791944523,300.0,143.0502927982208,0.0,0.0,0.0,1000.0483009376783,0.0,0.0,0.0
12.0,0.0,0.0,0.0,0.0,7.853881948536521,1.0,17.0,0.006679384870785066,14.9406949667207,440.16642033021253,93.56026086799174,300.0,149.71438528329466,0.0,0.0,0.0,997.7105098738573,0.0,0.0,0.0
13.0,0.0,0.0,0.0,0.0,7.8538819485365465,1.0,17.0,0.006406408074997982,14.9471013747957,438.46652915335585,101.2279744547393,300.0,156.0937093443464,0.0,0.0,0.0,995.7723557992045,0.0,0.0,0.0
14.0,0.0,0.0,0.0,0.0,7.853881948536554,1.0,17.0,0.006164392961719473,14.9532657677574,436.6330768241984,108.86485301985053,300.0,162.22197484972799,0.0,0.0,0.0,994.139332686468,0.0,0.0,0.0
15.0,0.0,0.0,0.0,0.0,7.85388194853653,1.0,17.0,0.005947894714141144,14.9592136624715,434.66662183008077,116.4685702961344,300.0,168.12671509170866,0.0,0.0,0.0,992.7445803540319,0.0,0.0,0.0
16.0,0.0,0.0,0.0,0.0,7.853881948536529,1.0,17.0,0.005752721601729488,14.9649663840733,432.56776317224353,124.03681011764968,300.0,173.83076554573447,0.0,0.0,0.0,991.5394571347997,0.0,0.0,0.0
17.0,0.0,0.0,0.0,0.0,7.8538819485365705,1.0,17.0,0.00557558690643517,14.9705419709797,430.33714018336593,131.56726712523158,300.0,179.35331594345354,0.0,0.0,0.0,990.4877262957538,0.0,0.0,0.0
18.0,0.0,0.0,0.0,0.0,7.853881948536518,1.0,17.0,0.005413872196534081,14.9759558431762,427.9754323328191,139.05764746872637,300.0,184.71067725612838,0.0,0.0,0.0,989.5618363699506,0.0,0.0,0.0
19.0,0.0,0.0,0.0,0.0,7.853881948536563,1.0,17.0,0.005265462151025246,14.9812213053273,425.48335901969256,146.50566950572056,300.0,189.91685275059936,0.0,0.0,0.0,988.7404647772246,0.0,0.0,0.0
20.0,0.0,0.0,0.0,0.0,7.853881948536504,1.0,17.0,0.005128626699603511,14.9863499320269,422.8616793536588,153.90906449655097,300.0,194.9839710652642,0.0,0.0,0.0,988.0068508508792,0.0,0.0,0.0
21.0,0.0,0.0,0.0,0.0,7.853881948536587,1.0,17.0,0.005001935248375,14.9913518672752,420.11119192374076,161.26557729538519,300.0,199.92262001490695,0.0,0.0,0.0,987.3476373464478,0.0,0.0,0.0
22.0,0.0,0.0,0.0,0.0,7.8538819485365385,1.0,17.0,0.0048841931524093996,14.9962360604276,417.2327345550543,168.57296703716048,300.0,204.74210761024784,0.0,0.0,0.0,986.7520478715387,0.0,0.0,0.0
23.0,0.0,0.0,0.0,0.0,7.853881948536485,1.0,17.0,0.00478211539859949,15.0010181758262,414.2271840535982,175.82900782017322,300.0,209.11247777350482,0.0,0.0,0.0,913.8989336260636,0.0,0.0,0.0
24.0,0.0,0.0,0.0,0.0,7.853881948536547,1.0,17.0,0.004761904761904773,15.0057800805881,411.0954559391704,183.0314893841101,300.0,210.00000000000074,0.0,0.0,0.0,186.37966756414338,0.0,0.0,0.0
25.0,0.0,0.0,0.0,0.0,7.853881948536578,1.0,17.0,0.004761904761904745,15.01054198535,407.8385041664925,190.1782177833148,300.0,210.00000000000074,0.0,0.0,0.0,0.0,0.0,0.0,0.0
26.0,0.0,0.0,0.0,0.0,7.8538819485364995,1.0,17.0,0.004761904761904773,15.015303890112,404.4573208346252,197.26701605508487,300.0,210.00000000000074,0.0,0.0,0.0,0.0,0.0,0.0,0.0
27.0,0.0,0.0,0.0,0.0,7.853881948536558,1.0,17.0,0.004761904761904745,15.0200657948739,400.95293588476557,204.2957248827961,300.0,210.00000000000074,0.0,0.0,0.0,0.0,0.0,0.0,0.0
28.0,0.0,0.0,0.0,0.0,7.853881948536565,1.0,17.0,0.004761904761904773,15.0248276996358,397.32641678651714,211.2622032536509,300.0,210.00000000000074,0.0,0.0,0.0,0.0,0.0,0.0,0.0
29.0,0.0,0.0,0.0,0.0,7.853881948536593,1.0,17.0,0.004761904761904773,15.0295896043977,393.578868212728,218.16432911085172,300.0,210.00000000000074,0.0,0.0,0.0,0.0,0.0,0.0,0.0
30.0,0.0,0.0,0.0,0.0,7.853881948536493,1.0,17.0,0.004761904761904745,15.0343515091596,389.71143170299734,225.00000000000003,300.0,210.00000000000074,0.0,0.0,0.0,0.0,0.0,0.0,0.0
31.0,0.0,0.0,0.0,0.0,7.853881948536557,1.0,17.0,0.004761904761904745,15.0391134139215,385.7252853159505,231.76713370952444,300.0,210.00000000000074,0.0,0.0,0.0,0.0,0.0,0.0,0.0
32.0,0.0,0.0,0.0,0.0,7.853881948536531,1.0,17.0,0.0047619047619048005,15.0438753186834,381.62164327039164,238.46366890494227,300.0,210.00000000000074,0.0,0.0,0.0,0.0,0.0,0.0,0.0
33.0,0.0,0.0,0.0,0.0,7.853881948536548,1.0,17.0,0.004761904761904745,15.0486372234453,377.40175557544075,245.08756575676222,300.0,210.00000000000074,0.0,0.0,0.0,0.0,0.0,0.0,0.0
34.0,0.0,0.0,0.0,0.0,7.85388194853659,1.0,17.0,0.004761904761904745,15.0533991282072,373.0669076497687,251.63680656183618,300.0,210.00000000000074,0.0,0.0,0.0,0.0,0.0,0.0,0.0
35.0,0.0,0.0,0.0,0.0,7.853881948536481,1.0,17.0,0.0047619047619048005,15.0581610329691,368.61841993004623,258.10939635797075,300.0,210.00000000000074,0.0,0.0,0.0,0.0,0.0,0.0,0.0
36.0,0.0,0.0,0.0,0.0,7.853881948536572,1.0,17.0,0.004761904761904745,15.062922937731,364.0576474687263,264.503363531613,300.0,210.00000000000074,0.0,0.0,0.0,0.0,0.0,0.0,0.0
37.0,0.0,0.0,0.0,0.0,7.853881948536528,1.0,17.0,0.004761904761904745,15.0676848424929,359.38597952128174,270.8167604184218,300.0,210.00000000000074,0.0,0.0,0.0,0.0,0.0,0.0,0.0
38.0,0.0,0.0,0.0,0.0,7.853881948536478,1.0,17.0,0.004761904761904745,15.0724467472548,354.6048391230249,277.0476638965462,300.0,210.00000000000074,0.0,0.0,0.0,0.0,0.0,0.0,0.0
39.0,0.0,0.0,0.0,0.0,7.85388194853659,1.0,17.0,0.0047619047619048005,15.0772086520167,349.71568265563684,283.1941759724269,300.0,210.00000000000074,0.0,0.0,0.0,0.0,0.0,0.0,0.0
40.0,0.0,0.0,0.0,0.0,7.853881948536526,1.0,17.0,0.004761904761904745,15.0819705567786,344.71999940354004,289.2544243589427,300.0,210.00000000000074,0.0,0.0,0.0,0.0,0.0,0.0,0.0
41.0,0.0,0.0,0.0,0.0,7.8538819485365305,1.0,17.0,0.0047619047619048005,15.0867324615405,339.61931110024733,295.22656304572826,300.0,210.00000000000074,0.0,0.0,0.0,0.0,0.0,0.0,0.0
42.0,0.0,0.0,0.0,0.0,7.853881948536624,1.0,17.0,0.004761904761904745,15.0914943663024,334.4151714648273,301.1087728614863,300.0,210.00000000000074,0.0,0.0,0.0,0.0,0.0,0.0,0.0
43.0,0.0,0.0,0.0,0.0,7.85388194853649,1.0,17.0,0.004761904761904745,15.0962562710643,329.1091657286267,306.8992620281244,300.0,210.00000000000074,0.0,0.0,0.0,0.0,0.0,0.0,0.0
44.0,0.0,0.0,0.0,0.0,7.853881948536498,1.0,17.0,0.004761904761904745,15.1010181758262,323.70291015239303,312.5962667065488,300.0,210.00000000000074,0.0,0.0,0.0,0.0,0.0,0.0,0.0
45.0,0.0,0.0,0.0,0.0,7.853881948536607,1.0,17.0,0.0047619047619048005,15.1057800805881,318.19805153394634,318.19805153394645,300.0,210.00000000000074,0.0,0.0,0.0,0.0,0.0,0.0,0.0
46.0,0.0,0.0,0.0,0.0,7.853881948536487,1.0,17.0,0.004761904761904745,15.11054198535,312.59626670654876,323.70291015239303,300.0,210.00000000000074,0.0,0.0,0.0,0.0,0.0,0.0,0.0
47.0,0.0,0.0,0.0,0.0,7.853881948536618,1.0,17.0,0.004761904761904745,15.115303890112,306.89926202812427,329.1091657286268,300.0,210.00000000000074,0.0,0.0,0.0,0.0,0.0,0.0,0.0
48.0,0.0,0.0,0.0,0.0,7.85388194853649,1.0,17.0,0.0047619047619048005,15.1200657948739,301.10877286148616,334.41517146482744,300.0,210.00000000000074,0.0,0.0,0.0,0.0,0.0,0.0,0.0
49.0,0.0,0.0,0.0,0.0,7.8538819485365385,1.0,17.0,0.004761904761904745,15.1248276996358,295.22656304572826,339.61931110024744,300.0,210.00000000000074,0.0,0.0,0.0,0.0,0.0,0.0,0.0
50.0,0.0,0.0,0.0,0.0,7.8538819485365305,1.0,17.0,0.004761904761904745,15.1295896043977,289.2544243589427,344.71999940354016,300.0,210.00000000000074,0.0,0.0,0.0,0.0,0.0,0.0,0.0
51.0,0.0,0.0,0.0,0.0,7.853881948536533,1.0,17.0,0.004761904761904745,15.1343515091596,283.1941759724268,349.7156826556369,300.0,210.00000000000074,0.0,0.0,0.0,0.0,0.0,0.0,0.0
52.0,0.0,0.0,0.0,0.0,7.853881948536626,1.0,17.0,0.0047619047619048005,15.1391134139215,277.04766389654617,354.604839123025,300.0,210.00000000000074,0.0,0.0,0.0,0.0,0.0,0.0,0.0
53.0,0.0,0.0,0.0,0.0,7.853881948536478,1.0,17.0,0.004761904761904745,15.1438753186834,270.8167604184217,359.38597952128185,300.0,210.00000000000074,0.0,0.0,0.0,0.0,0.0,0.0,0.0
54.0,0.0,0.0,0.0,0.0,7.853881948536573,1.0,17.0,0.0047619047619048005,15.1486372234453,264.5033635316129,364.05764746872643,300.0,210.00000000000074,0.0,0.0,0.0,0.0,0.0,0.0,0.0
55.0,0.0,0.0,0.0,0.0,7.853881948536572,1.0,17.0,0.004761904761904745,15.1533991282072,258.10939635797064,368.61841993004634,300.0,210.00000000000074,0.0,0.0,0.0,0.0,0.0,0.0,0.0
56.0,0.0,0.0,0.0,0.0,7.853881948536528,1.0,17.0,0.004761904761904745,15.1581610329691,251.636806561836,373.06690764976884,300.0,210.00000000000074,0.0,0.0,0.0,0.0,0.0,0.0,0.0
57.0,0.0,0.0,0.0,0.0,7.853881948536495,1.0,17.0,0.004761904761904745,15.162922937731,245.08756575676216,377.40175557544086,300.0,210.00000000000074,0.0,0.0,0.0,0.0,0.0,0.0,0.0
58.0,0.0,0.0,0.0,0.0,7.853881948536596,1.0,17.0,0.0047619047619048005,15.1676848424929,238.46366890494215,381.62164327039176,300.0,210.00000000000074,0.0,0.0,0.0,0.0,0.0,0.0,0.0
59.0,0.0,0.0,0.0,0.0,7.853881948536453,1.0,17.0,0.0047619047619048005,15.1724467472548,231.7671337095244,385.72528531595054,300.0,210.00000000000074,0.0,0.0,0.0,0.0,0.0,0.0,0.0
60.0,0.0,0.0,0.0,0.0,7.853881948536562,1.0,17.0,0.004761904761904745,15.1772086520167,225.0,389.71143170299746,300.0,210.00000000000074,0.0,0.0,0.0,0.0,0.0,0.0,0.0
61.0,0.0,0.0,0.0,0.0,7.853881948536543,1.0,17.0,0.004761904761904745,15.1819705567786,218.16432911085164,393.57886821272814,300.0,210.00000000000074,0.0,0.0,0.0,0.0,0.0,0.0,0.0
62.0,0.0,0.0,0.0,0.0,7.853881948536511,1.0,17.0,0.004761904761904745,15.1867324615405,211.26220325365082,397.3264167865171,300.0,210.00000000000074,0.0,0.0,0.0,0.0,0.0,0.0,0.0
63.0,0.0,0.0,0.0,0.0,7.853881948536539,1.0,17.0,0.004761904761904745,15.1914943663024,204.295724882796,400.95293588476545,300.0,210.00000000000074,0.0,0.0,0.0,0.0,0.0,0.0,0.0
64.0,0.0,0.0,0.0,0.0,7.853881948536583,1.0,17.0,0.0047619047619048005,15.1962562710643,197.2670160550848,404.4573208346252,300.0,210.00000000000074,0.0,0.0,0.0,0.0,0.0,0.0,0.0
65.0,0.0,0.0,0.0,0.0,7.85388194853655,1.0,17.0,0.004761904761904745,15.2010181758262,190.1782177833147,407.8385041664925,300.0,210.00000000000074,0.0,0.0,0.0,0.0,0.0,0.0,0.0
66.0,0.0,0.0,0.0,0.0,7.853881948536526,1.0,17.0,0.0047619047619048005,15.2057800805881,183.03148938411005,411.0954559391704,300.0,210.00000000000074,0.0,0.0,0.0,0.0,0.0,0.0,0.0
67.0,0.0,0.0,0.0,0.0,7.85388194853645,1.0,17.0,0.004761904761904745,15.21054198535,175.82900782017322,414.2271840535981,300.0,210.00000000000074,0.0,0.0,0.0,0.0,0.0,0.0,0.0
68.0,0.0,0.0,0.0,0.0,7.853881948536687,1.0,17.0,0.004761904761904745,15.215303890112,168.5729670371603,417.2327345550543,300.0,210.00000000000074,0.0,0.0,0.0,0.0,0.0,0.0,0.0
69.0,0.0,0.0,0.0,0.0,7.853881948536433,1.0,17.0,0.004761904761904745,15.2200657948739,161.26557729538513,420.11119192374076,300.0,210.00000000000074,0.0,0.0,0.0,0.0,0.0,0.0,0.0
70.0,0.0,0.0,0.0,0.0,7.853881948536547,1.0,17.0,0.004761904761904745,15.2248276996358,153.9090644965509,422.8616793536587,300.0,210.00000000000074,0.0,0.0,0.0,0.0,0.0,0.0,0.0
71.0,0.0,0.0,0.0,0.0,7.853881948536542,1.0,17.0,0.0047619047619048005,15.2295896043977,146.5056695057205,425.48335901969256,300.0,210.00000000000074,0.0,0.0,0.0,0.0,0.0,0.0,0.0
72.0,0.0,0.0,0.0,0.0,7.85388194853659,1.0,17.0,0.004761904761904745,15.2343515091596,139.0576474687263,427.9754323328191,300.0,210.00000000000074,0.0,0.0,0.0,0.0,0.0,0.0,0.0
73.0,0.0,0.0,0.0,0.0,7.853881948536546,1.0,17.0,0.0047619047619048005,15.2391134139215,131.56726712523147,430.33714018336593,300.0,210.00000000000074,0.0,0.0,0.0,0.0,0.0,0.0,0.0
74.0,0.0,0.0,0.0,0.0,7.8538819485365705,1.0,17.0,0.004761904761904745,15.2438753186834,124.03681011764957,432.56776317224353,300.0,210.00000000000074,0.0,0.0,0.0,0.0,0.0,0.0,0.0
75.0,0.0,0.0,0.0,0.0,7.853881948536529,1.0,17.0,0.004761904761904745,15.2486372234453,116.46857029613429,434.66662183008077,300.0,210.00000000000074,0.0,0.0,0.0,0.0,0.0,0.0,0.0
76.0,0.0,0.0,0.0,0.0,7.853881948536447,1.0,17.0,0.004761904761904745,15.2533991282072,108.8648530198505,436.6330768241984,300.0,210.00000000000074,0.0,0.0,0.0,0.0,0.0,0.0,0.0
77.0,0.0,0.0,0.0,0.0,7.853881948536664,1.0,17.0,0.0047619047619048005,15.2581610329691,101.22797445473915,438.46652915335585,300.0,210.00000000000074,0.0,0.0,0.0,0.0,0.0,0.0,0.0
78.0,0.0,0.0,0.0,0.0,7.853881948536449,1.0,17.0,0.004761904761904745,15.262922937731,93.5602608679917,440.16642033021253,300.0,210.00000000000074,0.0,0.0,0.0,0.0,0.0,0.0,0.0
79.0,0.0,0.0,0.0,0.0,7.853881948536548,1.0,17.0,0.004761904761904745,15.2676848424929,85.86404791944516,441.73223255144876,300.0,210.00000000000074,0.0,0.0,0.0,0.0,0.0,0.0,0.0
80.0,0.0,0.0,0.0,0.0,7.853881948536557,1.0,17.0,0.0047619047619048005,15.2724467472548,78.14167995011863,443.1634888554936,300.0,210.00000000000074,0.0,0.0,0.0,0.0,0.0,0.0,0.0
81.0,0.0,0.0,0.0,0.0,7.853881948536549,1.0,17.0,0.004761904761904745,15.2772086520167,70.39550926810386,444.459753267812,300.0,210.00000000000074,0.0,0.0,0.0,0.0,0.0,0.0,0.0
82.0,0.0,0.0,0.0,0.0,7.853881948536451,1.0,17.0,0.004761904761904745,15.2819705567786,62.627895432029504,445.6206309337066,300.0,210.00000000000074,0.0,0.0,0.0,0.0,0.0,0.0,0.0
83.0,0.0,0.0,0.0,0.0,7.853881948536652,1.0,17.0,0.004761904761904745,15.2867324615405,54.84120453231631,446.6457682385949,300.0,210.00000000000074,0.0,0.0,0.0,0.0,0.0,0.0,0.0
84.0,0.0,0.0,0.0,0.0,7.853881948536551,1.0,17.0,0.004761904761904745,15.2914943663024,47.037808470444,447.534852915723,300.0,210.00000000000074,0.0,0.0,0.0,0.0,0.0,0.0,0.0
85.0,0.0,0.0,0.0,0.0,7.853881948536557,1.0,17.0,0.004761904761904745,15.2962562710643,39.220084236446105,448.28761414128553,300.0,210.00000000000074,0.0,0.0,0.0,0.0,0.0,0.0,0.0
86.0,0.0,0.0,0.0,0.0,7.853881948536453,1.0,17.0,0.004761904761904856,15.3010181758262,31.390413184856396,448.9038226169209,300.0,210.00000000000074,0.0,0.0,0.0,0.0,0.0,0.0,0.0
87.0,0.0,0.0,0.0,0.0,7.8538819485365545,1.0,17.0,0.004761904761904745,15.3057800805881,23.551180309324725,449.38329063955825,300.0,210.00000000000074,0.0,0.0,0.0,0.0,0.0,0.0,0.0
88.0,0.0,0.0,0.0,0.0,7.853881948536552,1.0,17.0,0.004761904761904745,15.31054198535,15.704773516125428,449.7258721585931,300.0,210.00000000000074,0.0,0.0,0.0,0.0,0.0,0.0,0.0
89.0,0.0,0.0,0.0,0.0,7.853881948536651,1.0,17.0,0.004761904761904745,15.315303890112,7.853582896777461,449.93146282037605,300.0,210.00000000000074,0.0,0.0,0.0,0.0,0.0,0.0,0.0
90.0,0.0,0.0,0.0,0.0,7.853881948536452,1.0,17.0,0.004761904761904856,15.3200657948739,-3.1228493378257513e-14,450.0,300.0,210.00000000000074,0.0,0.0,0.0,0.0,0.0,0.0,0.0
91.0,0.0,0.0,0.0,0.0,7.853881948536554,1.0,17.0,0.004761904761904745,15.3248276996358,-7.853582896777624,449.93146282037605,300.0,210.00000000000074,0.0,0.0,0.0,0.0,0.0,0.0,0.0
92.0,0.0,0.0,0.0,0.0,7.853881948536449,1.0,17.0,0.004761904761904745,15.3295896043977,-15.704773516125389,449.7258721585931,300.0,210.00000000000074,0.0,0.0,0.0,0.0,0.0,0.0,0.0
93.0,0.0,0.0,0.0,0.0,7.853881948536555,1.0,17.0,0.004761904761904745,15.3343515091596,-23.55118030932469,449.38329063955825,300.0,210.00000000000074,0.0,0.0,0.0,0.0,0.0,0.0,0.0
94.0,0.0,0.0,0.0,0.0,7.853881948536654,1.0,17.0,0.004761904761904745,15.3391134139215,-31.39041318485646,448.9038226169209,300.0,210.00000000000074,0.0,0.0,0.0,0.0,0.0,0.0,0.0
95.0,0.0,0.0,0.0,0.0,7.853881948536545,1.0,17.0,0.004761904761904745,15.3438753186834,-39.22008423644626,448.28761414128553,300.0,210.00000000000074,0.0,0.0,0.0,0.0,0.0,0.0,0.0
96.0,0.0,0.0,0.0,0.0,7.8538819485364595,1.0,17.0,0.004761904761904745,15.3486372234453,-47.03780847044406,447.53485291572304,300.0,210.00000000000074,0.0,0.0,0.0,0.0,0.0,0.0,0.0
97.0,0.0,0.0,0.0,0.0,7.853881948536544,1.0,17.0,0.004761904761904745,15.3533991282072,-54.84120453231637,446.64576823859494,300.0,210.00000000000074,0.0,0.0,0.0,0.0,0.0,0.0,0.0
98.0,0.0,0.0,0.0,0.0,7.853881948536554,1.0,17.0,0.004761904761904745,15.3581610329691,-62.62789543202946,445.62063093370665,300.0,210.00000000000074,0.0,0.0,0.0,0.0,0.0,0.0,0.0
99.0,0.0,0.0,0.0,0.0,7.853881948536664,1.0,17.0,0.004761904761904745,15.362922937731,-70.39550926810402,444.45975326781195,300.0,210.00000000000074,0.0,0.0,0.0,0.0,0.0,0.0,0.0
100.0,0.0,0.0,0.0,0.0,7.853881948536442,1.0,17.0,0.004761904761904856,15.3676848424929,-78.14167995011869,443.1634888554936,300.0,210.00000000000074,0.0,0.0,0.0,0.0,0.0,0.0,0.0
101.0,0.0,0.0,0.0,0.0,7.853881948536571,1.0,17.0,0.004761904761904745,15.3724467472548,-85.86404791944523,441.73223255144876,300.0,210.00000000000074,0.0,0.0,0.0,0.0,0.0,0.0,0.0
102.0,0.0,0.0,0.0,0.0,7.853881948536436,1.0,17.0,0.004761904761904745,15.3772086520167,-93.56026086799166,440.16642033021253,300.0,210.00000000000074,0.0,0.0,0.0,0.0,0.0,0.0,0.0
103.0,0.0,0.0,0.0,0.0,7.8538819485365465,1.0,17.0,0.004761904761904856,15.3819705567786,-101.22797445473921,438.46652915335585,300.0,210.00000000000074,0.0,0.0,0.0,0.0,0.0,0.0,0.0
104.0,0.0,0.0,0.0,0.0,7.853881948536664,1.0,17.0,0.004761904761904745,15.3867324615405,-108.86485301985056,436.6330768241984,300.0,210.00000000000074,0.0,0.0,0.0,0.0,0.0,0.0,0.0
105.0,0.0,0.0,0.0,0.0,7.853881948536543,1.0,17.0,0.004761904761904745,15.3914943663024,-116.46857029613444,434.66662183008077,300.0,210.00000000000074,0.0,0.0,0.0,0.0,0.0,0.0,0.0
106.0,0.0,0.0,0.0,0.0,7.853881948536433,1.0,17.0,0.004761904761904745,15.3962562710643,-124.03681011764962,432.56776317224353,300.0,210.00000000000074,0.0,0.0,0.0,0.0,0.0,0.0,0.0
107.0,0.0,0.0,0.0,0.0,7.853881948536581,1.0,17.0,0.004761904761904745,15.4010181758262,-131.56726712523155,430.337140183366,300.0,210.00000000000074,0.0,0.0,0.0,0.0,0.0,0.0,0.0
108.0,0.0,0.0,0.0,0.0,7.853881948536546,1.0,17.0,0.004761904761904745,15.4057800805881,-139.05764746872637,427.97543233281914,300.0,210.00000000000074,0.0,0.0,0.0,0.0,0.0,0.0,0.0
109.0,0.0,0.0,0.0,0.0,7.853881948536474,1.0,17.0,0.004761904761904745,15.41054198535,-146.50566950572045,425.48335901969256,300.0,210.00000000000074,0.0,0.0,0.0,0.0,0.0,0.0,0.0
110.0,0.0,0.0,0.0,0.0,7.853881948536611,1.0,17.0,0.004761904761904745,15.415303890112,-153.90906449655097,422.8616793536588,300.0,210.00000000000074,0.0,0.0,0.0,0.0,0.0,0.0,0.0
111.0,0.0,0.0,0.0,0.0,7.853881948536587,1.0,17.0,0.004761904761904745,15.4200657948739,-161.26557729538519,420.11119192374076,300.0,210.00000000000074,0.0,0.0,0.0,0.0,0.0,0.0,0.0
112.0,0.0,0.0,0.0,0.0,7.8538819485365385,1.0,17.0,0.004761904761904745,15.4248276996358,-168.57296703716048,417.2327345550543,300.0,210.00000000000074,0.0,0.0,0.0,0.0,0.0,0.0,0.0
113.0,0.0,0.0,0.0,0.0,7.853881948536433,1.0,17.0,0.004761904761904856,15.4295896043977,-175.82900782017316,414.2271840535982,300.0,210.00000000000074,0.0,0.0,0.0,0.0,0.0,0.0,0.0
114.0,0.0,0.0,0.0,0.0,7.8538819485366,1.0,17.0,0.004761904761904745,15.4343515091596,-183.0314893841101,411.0954559391704,300.0,210.00000000000074,0.0,0.0,0.0,0.0,0.0,0.0,0.0
115.0,0.0,0.0,0.0,0.0,7.853881948536526,1.0,17.0,0.004761904761904745,15.4391134139215,-190.17821778331475,407.8385041664925,300.0,210.00000000000074,0.0,0.0,0.0,0.0,0.0,0.0,0.0
116.0,0.0,0.0,0.0,0.0,7.8538819485366504,1.0,17.0,0.004761904761904856,15.4438753186834,-197.26701605508492,404.4573208346251,300.0,210.00000000000074,0.0,0.0,0.0,0.0,0.0,0.0,0.0
117.0,0.0,0.0,0.0,0.0,7.853881948536456,1.0,17.0,0.004761904761904745,15.4486372234453,-204.2957248827961,400.95293588476557,300.0,210.00000000000074,0.0,0.0,0.0,0.0,0.0,0.0,0.0
118.0,0.0,0.0,0.0,0.0,7.853881948536438,1.0,17.0,0.004761904761904745,15.4533991282072,-211.2622032536508,397.3264167865172,300.0,210.00000000000074,0.0,0.0,0.0,0.0,0.0,0.0,0.0
119.0,0.0,0.0,0.0,0.0,7.853881948536667,1.0,17.0,0.004761904761904745,15.4581610329691,-218.1643291108517,393.5788682127281,300.0,210.00000000000074,0.0,0.0,0.0,0.0,0.0,0.0,0.0
120.0,0.0,0.0,0.0,0.0,7.853881948536472,1.0,17.0,0.004761904761904745,15.462922937731,-224.99999999999994,389.71143170299734,300.0,210.00000000000074,0.0,0.0,0.0,0.0,0.0,0.0,0.0
121.0,0.0,0.0,0.0,0.0,7.853881948536681,1.0,17.0,0.004761904761904745,15.4676848424929,-231.7671337095245,385.7252853159505,300.0,210.00000000000074,0.0,0.0,0.0,0.0,0.0,0.0,0.0
122.0,0.0,0.0,0.0,0.0,7.853881948536435,1.0,17.0,0.004761904761904745,15.4724467472548,-238.4636689049422,381.62164327039164,300.0,210.00000000000074,0.0,0.0,0.0,0.0,0.0,0.0,0.0
123.0,0.0,0.0,0.0,0.0,7.853881948536596,1.0,17.0,0.004761904761904745,15.4772086520167,-245.08756575676222,377.40175557544075,300.0,210.00000000000074,0.0,0.0,0.0,0.0,0.0,0.0,0.0
124.0,0.0,0.0,0.0,0.0,7.853881948536495,1.0,17.0,0.004761904761904745,15.4819705567786,-251.63680656183607,373.0669076497687,300.0,210.00000000000074,0.0,0.0,0.0,0.0,0.0,0.0,0.0
125.0,0.0,0.0,0.0,0.0,7.853881948536416,1.0,17.0,0.004761904761904745,15.4867324615405,-258.10939635797064,368.61841993004634,300.0,210.00000000000074,0.0,0.0,0.0,0.0,0.0,0.0,0.0
126.0,0.0,0.0,0.0,0.0,7.853881948536684,1.0,17.0,0.004761904761904856,15.4914943663024,-264.50336353161293,364.0576474687263,300.0,210.00000000000074,0.0,0.0,0.0,0.0,0.0,0.0,0.0
127.0,0.0,0.0,0.0,0.0,7.853881948536653,1.0,17.0,0.004761904761904745,15.4962562710643,-270.81676041842184,359.3859795212817,300.0,210.00000000000074,0.0,0.0,0.0,0.0,0.0,0.0,0.0
128.0,0.0,0.0,0.0,0.0,7.8538819485364435,1.0,17.0,0.004761904761904745,15.5010181758262,-277.0476638965463,354.6048391230249,300.0,210.00000000000074,0.0,0.0,0.0,0.0,0.0,0.0,0.0
129.0,0.0,0.0,0.0,0.0,7.85388194853651,1.0,17.0,0.004761904761904745,15.5057800805881,-283.1941759724269,349.7156826556369,300.0,210.00000000000074,0.0,0.0,0.0,0.0,0.0,0.0,0.0
130.0,0.0,0.0,0.0,0.0,7.85388194853665,1.0,17.0,0.004761904761904745,15.51054198535,-289.2544243589428,344.71999940354004,300.0,210.00000000000074,0.0,0.0,0.0,0.0,0.0,0.0,0.0
131.0,0.0,0.0,0.0,0.0,7.853881948536648,1.0,17.0,0.004761904761904856,15.515303890112,-295.2265630457284,339.6193111002472,300.0,210.00000000000074,0.0,0.0,0.0,0.0,0.0,0.0,0.0
132.0,0.0,0.0,0.0,0.0,7.85388194853642,1.0,17.0,0.004761904761904745,15.5200657948739,-301.1087728614863,334.4151714648273,300.0,210.00000000000074,0.0,0.0,0.0,0.0,0.0,0.0,0.0
133.0,0.0,0.0,0.0,0.0,7.853881948536448,1.0,17.0,0.004761904761904745,15.5248276996358,-306.8992620281243,329.1091657286267,300.0,210.00000000000074,0.0,0.0,0.0,0.0,0.0,0.0,0.0
134.0,0.0,0.0,0.0,0.0,7.853881948536459,1.0,17.0,0.004761904761904745,15.5295896043977,-312.59626670654876,323.7029101523931,300.0,210.00000000000074,0.0,0.0,0.0,0.0,0.0,0.0,0.0
135.0,0.0,0.0,0.0,0.0,7.853881948536647,1.0,17.0,0.004761904761904745,15.5343515091596,-318.1980515339464,318.19805153394634,300.0,210.00000000000074,0.0,0.0,0.0,0.0,0.0,0.0,0.0
136.0,0.0,0.0,0.0,0.0,7.853881948536688,1.0,17.0,0.004761904761904745,15.5391134139215,-323.70291015239314,312.59626670654865,300.0,210.00000000000074,0.0,0.0,0.0,0.0,0.0,0.0,0.0
137.0,0.0,0.0,0.0,0.0,7.853881948536457,1.0,17.0,0.004761904761904856,15.5438753186834,-329.1091657286268,306.89926202812427,300.0,210.00000000000074,0.0,0.0,0.0,0.0,0.0,0.0,0.0
138.0,0.0,0.0,0.0,0.0,7.853881948536448,1.0,17.0,0.004761904761904745,15.5486372234453,-334.41517146482744,301.1087728614862,300.0,210.00000000000074,0.0,0.0,0.0,0.0,0.0,0.0,0.0
139.0,0.0,0.0,0.0,0.0,7.853881948536581,1.0,17.0,0.004761904761904745,15.5533991282072,-339.61931110024744,295.22656304572826,300.0,210.00000000000074,0.0,0.0,0.0,0.0,0.0,0.0,0.0
140.0,0.0,0.0,0.0,0.0,7.8538819485365305,1.0,17.0,0.004761904761904745,15.5581610329691,-344.71999940354016,289.2544243589427,300.0,210.00000000000074,0.0,0.0,0.0,0.0,0.0,0.0,0.0
141.0,0.0,0.0,0.0,0.0,7.85388194853641,1.0,17.0,0.004761904761904745,15.562922937731,-349.71568265563684,283.19417597242693,300.0,210.00000000000074,0.0,0.0,0.0,0.0,0.0,0.0,0.0
142.0,0.0,0.0,0.0,0.0,7.8538819485366345,1.0,17.0,0.004761904761904745,15.5676848424929,-354.6048391230249,277.0476638965462,300.0,210.00000000000074,0.0,0.0,0.0,0.0,0.0,0.0,0.0
143.0,0.0,0.0,0.0,0.0,7.853881948536682,1.0,17.0,0.004761904761904745,15.5724467472548,-359.38597952128185,270.8167604184216,300.0,210.00000000000074,0.0,0.0,0.0,0.0,0.0,0.0,0.0
144.0,0.0,0.0,0.0,0.0,7.853881948536368,1.0,17.0,0.004761904761904856,15.5772086520167,-364.0576474687263,264.50336353161293,300.0,210.00000000000074,0.0,0.0,0.0,0.0,0.0,0.0,0.0
145.0,0.0,0.0,0.0,0.0,7.853881948536512,1.0,17.0,0.004761904761904745,15.5819705567786,-368.6184199300463,258.1093963579708,300.0,210.00000000000074,0.0,0.0,0.0,0.0,0.0,0.0,0.0
146.0,0.0,0.0,0.0,0.0,7.853881948536622,1.0,17.0,0.004761904761904745,15.5867324615405,-373.0669076497688,251.63680656183607,300.0,210.00000000000074,0.0,0.0,0.0,0.0,0.0,0.0,0.0
147.0,0.0,0.0,0.0,0.0,7.853881948536755,1.0,17.0,0.004761904761904745,15.5914943663024,-377.401755575441,245.08756575676202,300.0,210.00000000000074,0.0,0.0,0.0,0.0,0.0,0.0,0.0
148.0,0.0,0.0,0.0,0.0,7.853881948536415,1.0,17.0,0.004761904761904745,15.5962562710643,-381.62164327039176,238.46366890494215,300.0,210.00000000000074,0.0,0.0,0.0,0.0,0.0,0.0,0.0
149.0,0.0,0.0,0.0,0.0,7.853881948536404,1.0,17.0,0.004761904761904745,15.6010181758262,-385.72528531595054,231.76713370952444,300.0,210.00000000000074,0.0,0.0,0.0,0.0,0.0,0.0,0.0
150.0,0.0,0.0,0.0,0.0,7.853881948536684,1.0,17.0,0.004761904761904856,15.6057800805881,-389.71143170299746,224.99999999999991,300.0,210.00000000000074,0.0,0.0,0.0,0.0,0.0,0.0,0.0
151.0,0.0,0.0,0.0,0.0,7.853881948536444,1.0,17.0,0.004761904761904745,15.61054198535,-393.57886821272814,218.16432911085167,300.0,210.00000000000074,0.0,0.0,0.0,0.0,0.0,0.0,0.0
152.0,0.0,0.0,0.0,0.0,7.853881948536434,1.0,17.0,0.004761904761904745,15.615303890112,-397.32641678651703,211.2622032536509,300.0,210.00000000000074,0.0,0.0,0.0,0.0,0.0,0.0,0.0
153.0,0.0,0.0,0.0,0.0,7.853881948536616,1.0,17.0,0.004761904761904745,15.6200657948739,-400.95293588476545,204.29572488279604,300.0,210.00000000000074,0.0,0.0,0.0,0.0,0.0,0.0,0.0
154.0,0.0,0.0,0.0,0.0,7.853881948536685,1.0,17.0,0.004761904761904745,15.6248276996358,-404.4573208346252,197.26701605508472,300.0,210.00000000000074,0.0,0.0,0.0,0.0,0.0,0.0,0.0
155.0,0.0,0.0,0.0,0.0,7.853881948536448,1.0,17.0,0.004761904761904745,15.6295896043977,-407.8385041664925,190.17821778331472,300.0,210.00000000000074,0.0,0.0,0.0,0.0,0.0,0.0,0.0
156.0,0.0,0.0,0.0,0.0,7.853881948536475,1.0,17.0,0.004761904761904745,15.6343515091596,-411.0954559391704,183.03148938411013,300.0,210.00000000000074,0.0,0.0,0.0,0.0,0.0,0.0,0.0
157.0,0.0,0.0,0.0,0.0,7.853881948536424,1.0,17.0,0.004761904761904856,15.6391134139215,-414.2271840535981,175.82900782017333,300.0,210.00000000000074,0.0,0.0,0.0,0.0,0.0,0.0,0.0
158.0,0.0,0.0,0.0,0.0,7.85388194853666,1.0,17.0,0.004782115398599407,15.6438955293201,-417.2327345550543,168.57296703716045,300.0,209.11247777350482,0.0,0.0,0.0,-185.5919718616191,0.0,0.0,0.0
159.0,0.0,0.0,0.0,0.0,7.853881948536644,1.0,17.0,0.0048841931524093996,15.6487797224725,-420.11119192374076,161.26557729538504,300.0,204.74210761024784,0.0,0.0,0.0,-894.7987982621768,0.0,0.0,0.0
160.0,0.0,0.0,0.0,0.0,7.853881948536441,1.0,17.0,0.005001935248375111,15.6537816577209,-422.8616793536587,153.90906449655094,300.0,199.92262001490695,0.0,0.0,0.0,-963.5245871898941,0.0,0.0,0.0
161.0,0.0,0.0,0.0,0.0,7.853881948536461,1.0,17.0,0.005128626699603456,15.6589102844205,-425.48335901969256,146.50566950572062,300.0,194.9839710652642,0.0,0.0,0.0,-962.9573838986403,0.0,0.0,0.0
162.0,0.0,0.0,0.0,0.0,7.853881948536671,1.0,17.0,0.005265462151025302,15.6641757465715,-427.9754323328191,139.05764746872632,300.0,189.91685275059936,0.0,0.0,0.0,-962.3311628360675,0.0,0.0,0.0
163.0,0.0,0.0,0.0,0.0,7.853881948536437,1.0,17.0,0.0054138721965339975,15.669589618768,-430.33714018336593,131.5672671252316,300.0,184.71067725612838,0.0,0.0,0.0,-961.6362014979943,0.0,0.0,0.0
164.0,0.0,0.0,0.0,0.0,7.853881948536457,1.0,17.0,0.005575586906435226,15.6751652056745,-432.5677631722434,124.0368101176498,300.0,179.35331594345354,0.0,0.0,0.0,-960.8605161354054,0.0,0.0,0.0
165.0,0.0,0.0,0.0,0.0,7.853881948536653,1.0,17.0,0.00575272160172946,15.6809179272762,-434.6666218300807,116.4685702961344,300.0,173.83076554573447,0.0,0.0,0.0,-959.9891634004067,0.0,0.0,0.0
166.0,0.0,0.0,0.0,0.0,7.853881948536653,1.0,17.0,0.005947894714141144,15.6868658219903,-436.6330768241984,108.86485301985041,300.0,168.12671509170866,0.0,0.0,0.0,-959.0032655527277,0.0,0.0,0.0
167.0,0.0,0.0,0.0,0.0,7.853881948536636,1.0,17.0,0.006164392961719445,15.693030214952,-438.46652915335585,101.2279744547391,300.0,162.22197484972799,0.0,0.0,0.0,-957.8786230287659,0.0,0.0,0.0
168.0,0.0,0.0,0.0,0.0,7.853881948536463,1.0,17.0,0.006406408074998038,15.699436623027,-440.16642033021253,93.56026086799163,300.0,156.0937093443464,0.0,0.0,0.0,-956.5836945820181,0.0,0.0,0.0
169.0,0.0,0.0,0.0,0.0,7.853881948536464,1.0,17.0,0.00667938487078501,15.7061160078978,-441.73223255144876,85.86404791944517,300.0,149.71438528329466,0.0,0.0,0.0,-955.0765803232912,0.0,0.0,0.0
170.0,0.0,0.0,0.0,0.0,7.853881948536627,1.0,17.0,0.006990548431875632,15.7131065563297,-443.1634888554936,78.14167995011857,300.0,143.0502927982208,0.0,0.0,0.0,-953.3003812242393,0.0,0.0,0.0
171.0,0.0,0.0,0.0,0.0,7.853881948536469,1.0,17.0,0.0073497307105351295,15.7204562870402,-444.45975326781195,70.39550926810388,300.0,136.05940671630069,0.0,0.0,0.0,-951.175812727294,0.0,0.0,0.0
172.0,0.0,0.0,0.0,0.0,7.853881948536452,1.0,17.0,0.007770721053281693,15.7282270080935,-445.6206309337066,62.627895432029526,300.0,128.6881864814425,0.0,0.0,0.0,-948.5889641792126,0.0,0.0,0.0
173.0,0.0,0.0,0.0,0.0,7.853881948536645,1.0,17.0,0.008273585141014173,15.7365005932345,-446.6457682385949,54.84120453231634,300.0,120.86658721172726,0.0,0.0,0.0,-945.3700102682188,0.0,0.0,0.0
174.0,0.0,0.0,0.0,0.0,7.8538819485364595,1.0,17.0,0.008888898658009792,15.7453894918925,-447.534852915723,47.03780847044412,300.0,112.49987635970788,0.0,0.0,0.0,-941.2539363896066,0.0,0.0,0.0
175.0,0.0,0.0,0.0,0.0,7.853881948536458,1.0,17.0,0.0096661025366791,15.7550555944292,-448.28761414128553,39.220084236446326,300.0,103.45431327729163,0.0,0.0,0.0,-935.8025168977946,0.0,0.0,0.0
176.0,0.0,0.0,0.0,0.0,7.853881948536641,1.0,17.0,0.01069177397679899,15.765747368406,-448.9038226169209,31.390413184856428,300.0,93.529848476971,0.0,0.0,0.0,-928.2336889890212,0.0,0.0,0.0
177.0,0.0,0.0,0.0,0.0,7.8538819485366576,1.0,17.0,0.012135708676293988,15.7778830770823,-449.38329063955825,23.551180309324653,300.0,82.40145068358929,0.0,0.0,0.0,-916.9961219587068,0.0,0.0,0.0
178.0,0.0,0.0,0.0,0.0,7.853881948536653,1.0,17.0,0.014395192533238843,15.7922782696156,-449.7258721585931,15.704773516125256,300.0,69.46763634393426,0.0,0.0,0.0,-898.4815110871178,0.0,0.0,0.0
179.0,0.0,0.0,0.0,0.0,7.853881948536451,1.0,17.0,0.018760180156250916,15.8110384497718,-449.93146282037605,7.853582896777489,300.0,53.30439215781128,0.0,0.0,0.0,-861.5719066395626,0.0,0.0,0.0
180.0,0.0,0.0,0.0,0.0,7.853881948536453,1.0,17.0,0.045291078599221546,15.856329528371,-450.0,-3.673940397442067e-15,300.0,22.079403514518596,0.0,0.0,0.0,-689.4291239915198,0.0,0.0,0.0
179.0,0.0,0.0,0.0,0.0,7.853881948536453,1.0,18.0,0.0,15.856329528371,-449.93146282037605,7.853582896777489,300.0,0.0,0.0,0.0,0.0,0.0,0.0,0.0,0.0
178.0,0.0,0.0,0.0,0.0,7.853881948536451,1.0,18.0,0.06405126152203486,15.9203807898931,-449.7258721585931,15.704773516125256,300.0,-15.612494995995906,0.0,0.0,0.0,-243.74999999999721,0.0,0.0,0.0
177.0,0.0,0.0,0.0,0.0,7.853881948536653,1.0,18.0,0.01439519253323876,15.9347759824263,-449.38329063955825,23.551180309324653,300.0,-69.46763634393426,0.0,0.0,0.0,-3741.1893744097592,0.0,0.0,0.0
176.0,0.0,0.0,0.0,0.0,7.8538819485366576,1.0,18.0,0.012135708676294044,15.9469116911026,-448.9038226169209,31.390413184856428,300.0,-82.40145068358929,0.0,0.0,0.0,-1065.7650644597838,0.0,0.0,0.0
175.0,0.0,0.0,0.0,0.0,7.853881948536641,1.0,18.0,0.010691773976799004,15.9576034650794,-448.28761414128553,39.220084236446326,300.0,-93.529848476971,0.0,0.0,0.0,-1040.8373594064494,0.0,0.0,0.0
174.0,0.0,0.0,0.0,0.0,7.853881948536458,1.0,18.0,0.009666102536679155,15.9672695676161,-447.534852915723,47.03780847044412,300.0,-103.45431327729163,0.0,0.0,0.0,-1026.7286905618246,0.0,0.0,0.0
173.0,0.0,0.0,0.0,0.0,7.8538819485364595,1.0,18.0,0.008888898658009792,15.9761584662741,-446.6457682385949,54.84120453231634,300.0,-112.49987635970788,0.0,0.0,0.0,-1017.6247283757664,0.0,0.0,0.0
172.0,0.0,0.0,0.0,0.0,7.853881948536645,1.0,18.0,0.008273585141014103,15.9844320514151,-445.6206309337066,62.627895432029526,300.0,-120.86658721172726,0.0,0.0,0.0,-1011.2557868709054,0.0,0.0,0.0
171.0,0.0,0.0,0.0,0.0,7.853881948536452,1.0,18.0,0.007770721053281776,15.9922027724684,-444.45975326781195,70.39550926810388,300.0,-128.6881864814425,0.0,0.0,0.0,-1006.5474254042286,0.0,0.0,0.0
170.0,0.0,0.0,0.0,0.0,7.853881948536469,1.0,18.0,0.007349730710535074,15.9995525031789,-443.1634888554936,78.14167995011857,300.0,-136.05940671630069,0.0,0.0,0.0,-1002.9238519299954,0.0,0.0,0.0
169.0,0.0,0.0,0.0,0.0,7.853881948536627,1.0,18.0,0.006990548431875604,16.0065430516108,-441.73223255144876,85.86404791944517,300.0,-143.0502927982208,0.0,0.0,0.0,-1000.0483009376783,0.0,0.0,0.0
168.0,0.0,0.0,0.0,0.0,7.853881948536464,1.0,18.0,0.006679384870785066,16.0132224364816,-440.16642033021253,93.56026086799163,300.0,-149.71438528329466,0.0,0.0,0.0,-997.7105098738573,0.0,0.0,0.0
167.0,0.0,0.0,0.0,0.0,7.853881948536463,1.0,18.0,0.006406408074997982,16.0196288445566,-438.46652915335585,101.2279744547391,300.0,-156.0937093443464,0.0,0.0,0.0,-995.7723557992045,0.0,0.0,0.0
166.0,0.0,0.0,0.0,0.0,7.853881948536636,1.0,18.0,0.006164392961719473,16.0257932375183,-436.6330768241984,108.86485301985041,300.0,-162.22197484972799,0.0,0.0,0.0,-994.139332686468,0.0,0.0,0.0
165.0,0.0,0.0,0.0,0.0,7.853881948536653,1.0,18.0,0.005947894714141144,16.0317411322324,-434.6666218300807,116.4685702961344,300.0,-168.12671509170866,0.0,0.0,0.0,-992.7445803540319,0.0,0.0,0.0
164.0,0.0,0.0,0.0,0.0,7.853881948536653,1.0,18.0,0.005752721601729488,16.0374938538342,-432.5677631722434,124.0368101176498,300.0,-173.83076554573447,0.0,0.0,0.0,-991.5394571347997,0.0,0.0,0.0
163.0,0.0,0.0,0.0,0.0,7.853881948536457,1.0,18.0,0.00557558690643517,16.0430694407406,-430.33714018336593,131.5672671252316,300.0,-179.35331594345354,0.0,0.0,0.0,-990.4877262957538,0.0,0.0,0.0
162.0,0.0,0.0,0.0,0.0,7.853881948536437,1.0,18.0,0.005413872196534081,16.0484833129371,-427.9754323328191,139.05764746872632,300.0,-184.71067725612838,0.0,0.0,0.0,-989.5618363699506,0.0,0.0,0.0
161.0,0.0,0.0,0.0,0.0,7.853881948536671,1.0,18.0,0.005265462151025246,16.0537487750882,-425.48335901969256,146.50566950572062,300.0,-189.91685275059936,0.0,0.0,0.0,-988.7404647772246,0.0,0.0,0.0
160.0,0.0,0.0,0.0,0.0,7.853881948536461,1.0,18.0,0.005128626699603511,16.0588774017878,-422.8616793536587,153.90906449655094,300.0,-194.9839710652642,0.0,0.0,0.0,-988.0068508508792,0.0,0.0,0.0
159.0,0.0,0.0,0.0,0.0,7.853881948536441,1.0,18.0,0.005001935248375,16.0638793370361,-420.11119192374076,161.26557729538504,300.0,-199.92262001490695,0.0,0.0,0.0,-987.3476373464478,0.0,0.0,0.0
158.0,0.0,0.0,0.0,0.0,7.853881948536644,1.0,18.0,0.0048841931524093996,16.0687635301885,-417.2327345550543,168.57296703716045,300.0,-204.74210761024784,0.0,0.0,0.0,-986.7520478715387,0.0,0.0,0.0
157.0,0.0,0.0,0.0,0.0,7.85388194853666,1.0,18.0,0.00478211539859949,16.0735456455871,-414.2271840535981,175.82900782017333,300.0,-209.11247777350482,0.0,0.0,0.0,-913.8989336260636,0.0,0.0,0.0
156.0,0.0,0.0,0.0,0.0,7.853881948536424,1.0,18.0,0.004761904761904773,16.0783075503491,-411.0954559391704,183.03148938411013,300.0,-210.00000000000074,0.0,0.0,0.0,-186.37966756414338,0.0,0.0,0.0
155.0,0.0,0.0,0.0,0.0,7.853881948536475,1.0,18.0,0.004761904761904745,16.083069455111,-407.8385041664925,190.17821778331472,300.0,-210.00000000000074,0.0,0.0,0.0,0.0,0.0,0.0,0.0
154.0,0.0,0.0,0.0,0.0,7.853881948536448,1.0,18.0,0.004761904761904773,16.0878313598729,-404.4573208346252,197.26701605508472,300.0,-210.00000000000074,0.0,0.0,0.0,0.0,0.0,0.0,0.0
153.0,0.0,0.0,0.0,0.0,7.853881948536685,1.0,18.0,0.004761904761904745,16.0925932646348,-400.95293588476545,204.29572488279604,300.0,-210.00000000000074,0.0,0.0,0.0,0.0,0.0,0.0,0.0
152.0,0.0,0.0,0.0,0.0,7.853881948536616,1.0,18.0,0.004761904761904773,16.0973551693967,-397.32641678651703,211.2622032536509,300.0,-210.00000000000074,0.0,0.0,0.0,0.0,0.0,0.0,0.0
151.0,0.0,0.0,0.0,0.0,7.853881948536434,1.0,18.0,0.004761904761904773,16.1021170741586,-393.57886821272814,218.16432911085167,300.0,-210.00000000000074,0.0,0.0,0.0,0.0,0.0,0.0,0.0
150.0,0.0,0.0,0.0,0.0,7.853881948536444,1.0,18.0,0.004761904761904745,16.1068789789205,-389.71143170299746,224.99999999999991,300.0,-210.00000000000074,0.0,0.0,0.0,0.0,0.0,0.0,0.0
149.0,0.0,0.0,0.0,0.0,7.853881948536684,1.0,18.0,0.004761904761904745,16.1116408836824,-385.72528531595054,231.76713370952444,300.0,-210.00000000000074,0.0,0.0,0.0,0.0,0.0,0.0,0.0
148.0,0.0,0.0,0.0,0.0,7.853881948536404,1.0,18.0,0.0047619047619048005,16.1164027884443,-381.62164327039176,238.46366890494215,300.0,-210.00000000000074,0.0,0.0,0.0,0.0,0.0,0.0,0.0
147.0,0.0,0.0,0.0,0.0,7.853881948536415,1.0,18.0,0.004761904761904745,16.1211646932062,-377.401755575441,245.08756575676202,300.0,-210.00000000000074,0.0,0.0,0.0,0.0,0.0,0.0,0.0
146.0,0.0,0.0,0.0,0.0,7.853881948536755,1.0,18.0,0.004761904761904745,16.1259265979681,-373.0669076497688,251.63680656183607,300.0,-210.00000000000074,0.0,0.0,0.0,0.0,0.0,0.0,0.0
145.0,0.0,0.0,0.0,0.0,7.853881948536622,1.0,18.0,0.0047619047619048005,16.13068850273,-368.6184199300463,258.1093963579708,300.0,-210.00000000000074,0.0,0.0,0.0,0.0,0.0,0.0,0.0
144.0,0.0,0.0,0.0,0.0,7.853881948536512,1.0,18.0,0.004761904761904745,16.1354504074919,-364.0576474687263,264.50336353161293,300.0,-210.00000000000074,0.0,0.0,0.0,0.0,0.0,0.0,0.0
143.0,0.0,0.0,0.0,0.0,7.853881948536368,1.0,18.0,0.004761904761904745,16.1402123122538,-359.38597952128185,270.8167604184216,300.0,-210.00000000000074,0.0,0.0,0.0,0.0,0.0,0.0,0.0
142.0,0.0,0.0,0.0,0.0,7.853881948536682,1.0,18.0,0.004761904761904745,16.1449742170157,-354.6048391230249,277.0476638965462,300.0,-210.00000000000074,0.0,0.0,0.0,0.0,0.0,0.0,0.0
141.0,0.0,0.0,0.0,0.0,7.8538819485366345,1.0,18.0,0.0047619047619048005,16.1497361217776,-349.71568265563684,283.19417597242693,300.0,-210.00000000000074,0.0,0.0,0.0,0.0,0.0,0.0,0.0
140.0,0.0,0.0,0.0,0.0,7.85388194853641,1.0,18.0,0.004761904761904745,16.1544980265395,-344.71999940354016,289.2544243589427,300.0,-210.00000000000074,0.0,0.0,0.0,0.0,0.0,0.0,0.0
139.0,0.0,0.0,0.0,0.0,7.8538819485365305,1.0,18.0,0.0047619047619048005,16.1592599313014,-339.61931110024744,295.22656304572826,300.0,-210.00000000000074,0.0,0.0,0.0,0.0,0.0,0.0,0.0
138.0,0.0,0.0,0.0,0.0,7.853881948536581,1.0,18.0,0.004761904761904745,16.1640218360633,-334.41517146482744,301.1087728614862,300.0,-210.00000000000074,0.0,0.0,0.0,0.0,0.0,0.0,0.0
137.0,0.0,0.0,0.0,0.0,7.853881948536448,1.0,18.0,0.004761904761904745,16.1687837408252,-329.1091657286268,306.89926202812427,300.0,-210.00000000000074,0.0,0.0,0.0,0.0,0.0,0.0,0.0
136.0,0.0,0.0,0.0,0.0,7.853881948536457,1.0,18.0,0.004761904761904745,16.1735456455871,-323.70291015239314,312.59626670654865,300.0,-210.00000000000074,0.0,0.0,0.0,0.0,0.0,0.0,0.0
135.0,0.0,0.0,0.0,0.0,7.853881948536688,1.0,18.0,0.0047619047619048005,16.1783075503491,-318.1980515339464,318.19805153394634,300.0,-210.00000000000074,0.0,0.0,0.0,0.0,0.0,0.0,0.0
134.0,0.0,0.0,0.0,0.0,7.853881948536647,1.0,18.0,0.004761904761904745,16.183069455111,-312.59626670654876,323.7029101523931,300.0,-210.00000000000074,0.0,0.0,0.0,0.0,0.0,0.0,0.0
133.0,0.0,0.0,0.0,0.0,7.853881948536459,1.0,18.0,0.004761904761904745,16.1878313598729,-306.8992620281243,329.1091657286267,300.0,-210.00000000000074,0.0,0.0,0.0,0.0,0.0,0.0,0.0
132.0,0.0,0.0,0.0,0.0,7.853881948536448,1.0,18.0,0.0047619047619048005,16.1925932646348,-301.1087728614863,334.4151714648273,300.0,-210.00000000000074,0.0,0.0,0.0,0.0,0.0,0.0,0.0
131.0,0.0,0.0,0.0,0.0,7.85388194853642,1.0,18.0,0.004761904761904745,16.1973551693967,-295.2265630457284,339.6193111002472,300.0,-210.00000000000074,0.0,0.0,0.0,0.0,0.0,0.0,0.0
130.0,0.0,0.0,0.0,0.0,7.853881948536648,1.0,18.0,0.004761904761904745,16.2021170741586,-289.2544243589428,344.71999940354004,300.0,-210.00000000000074,0.0,0.0,0.0,0.0,0.0,0.0,0.0
129.0,0.0,0.0,0.0,0.0,7.85388194853665,1.0,18.0,0.004761904761904745,16.2068789789205,-283.1941759724269,349.7156826556369,300.0,-210.00000000000074,0.0,0.0,0.0,0.0,0.0,0.0,0.0
128.0,0.0,0.0,0.0,0.0,7.85388194853651,1.0,18.0,0.0047619047619048005,16.2116408836824,-277.0476638965463,354.6048391230249,300.0,-210.00000000000074,0.0,0.0,0.0,0.0,0.0,0.0,0.0
127.0,0.0,0.0,0.0,0.0,7.8538819485364435,1.0,18.0,0.004761904761904745,16.2164027884443,-270.81676041842184,359.3859795212817,300.0,-210.00000000000074,0.0,0.0,0.0,0.0,0.0,0.0,0.0
126.0,0.0,0.0,0.0,0.0,7.853881948536653,1.0,18.0,0.0047619047619048005,16.2211646932062,-264.50336353161293,364.0576474687263,300.0,-210.00000000000074,0.0,0.0,0.0,0.0,0.0,0.0,0.0
125.0,0.0,0.0,0.0,0.0,7.853881948536684,1.0,18.0,0.004761904761904745,16.2259265979681,-258.10939635797064,368.61841993004634,300.0,-210.00000000000074,0.0,0.0,0.0,0.0,0.0,0.0,0.0
124.0,0.0,0.0,0.0,0.0,7.853881948536416,1.0,18.0,0.004761904761904745,16.23068850273,-251.63680656183607,373.0669076497687,300.0,-210.00000000000074,0.0,0.0,0.0,0.0,0.0,0.0,0.0
123.0,0.0,0.0,0.0,0.0,7.853881948536495,1.0,18.0,0.004761904761904745,16.2354504074919,-245.08756575676222,377.40175557544075,300.0,-210.00000000000074,0.0,0.0,0.0,0.0,0.0,0.0,0.0
122.0,0.0,0.0,0.0,0.0,7.853881948536596,1.0,18.0,0.0047619047619048005,16.2402123122538,-238.4636689049422,381.62164327039164,300.0,-210.00000000000074,0.0,0.0,0.0,0.0,0.0,0.0,0.0
121.0,0.0,0.0,0.0,0.0,7.853881948536435,1.0,18.0,0.0047619047619048005,16.2449742170157,-231.7671337095245,385.7252853159505,300.0,-210.00000000000074,0.0,0.0,0.0,0.0,0.0,0.0,0.0
120.0,0.0,0.0,0.0,0.0,7.853881948536681,1.0,18.0,0.004761904761904745,16.2497361217776,-224.99999999999994,389.71143170299734,300.0,-210.00000000000074,0.0,0.0,0.0,0.0,0.0,0.0,0.0
119.0,0.0,0.0,0.0,0.0,7.853881948536472,1.0,18.0,0.004761904761904745,16.2544980265395,-218.1643291108517,393.5788682127281,300.0,-210.00000000000074,0.0,0.0,0.0,0.0,0.0,0.0,0.0
118.0,0.0,0.0,0.0,0.0,7.853881948536667,1.0,18.0,0.004761904761904745,16.2592599313014,-211.2622032536508,397.3264167865172,300.0,-210.00000000000074,0.0,0.0,0.0,0.0,0.0,0.0,0.0
117.0,0.0,0.0,0.0,0.0,7.853881948536438,1.0,18.0,0.004761904761904745,16.2640218360633,-204.2957248827961,400.95293588476557,300.0,-210.00000000000074,0.0,0.0,0.0,0.0,0.0,0.0,0.0
116.0,0.0,0.0,0.0,0.0,7.853881948536456,1.0,18.0,0.0047619047619048005,16.2687837408252,-197.26701605508492,404.4573208346251,300.0,-210.00000000000074,0.0,0.0,0.0,0.0,0.0,0.0,0.0
115.0,0.0,0.0,0.0,0.0,7.8538819485366504,1.0,18.0,0.004761904761904745,16.2735456455871,-190.17821778331475,407.8385041664925,300.0,-210.00000000000074,0.0,0.0,0.0,0.0,0.0,0.0,0.0
114.0,0.0,0.0,0.0,0.0,7.853881948536526,1.0,18.0,0.0047619047619048005,16.2783075503491,-183.0314893841101,411.0954559391704,300.0,-210.00000000000074,0.0,0.0,0.0,0.0,0.0,0.0,0.0
113.0,0.0,0.0,0.0,0.0,7.8538819485366,1.0,18.0,0.004761904761904745,16.283069455111,-175.82900782017316,414.2271840535982,300.0,-210.00000000000074,0.0,0.0,0.0,0.0,0.0,0.0,0.0
112.0,0.0,0.0,0.0,0.0,7.853881948536433,1.0,18.0,0.004761904761904745,16.2878313598729,-168.57296703716048,417.2327345550543,300.0,-210.00000000000074,0.0,0.0,0.0,0.0,0.0,0.0,0.0
111.0,0.0,0.0,0.0,0.0,7.8538819485365385,1.0,18.0,0.004761904761904745,16.2925932646348,-161.26557729538519,420.11119192374076,300.0,-210.00000000000074,0.0,0.0,0.0,0.0,0.0,0.0,0.0
110.0,0.0,0.0,0.0,0.0,7.853881948536587,1.0,18.0,0.004761904761904745,16.2973551693967,-153.90906449655097,422.8616793536588,300.0,-210.00000000000074,0.0,0.0,0.0,0.0,0.0,0.0,0.0
109.0,0.0,0.0,0.0,0.0,7.853881948536611,1.0,18.0,0.0047619047619048005,16.3021170741586,-146.50566950572045,425.48335901969256,300.0,-210.00000000000074,0.0,0.0,0.0,0.0,0.0,0.0,0.0
108.0,0.0,0.0,0.0,0.0,7.853881948536474,1.0,18.0,0.004761904761904745,16.3068789789205,-139.05764746872637,427.97543233281914,300.0,-210.00000000000074,0.0,0.0,0.0,0.0,0.0,0.0,0.0
107.0,0.0,0.0,0.0,0.0,7.853881948536546,1.0,18.0,0.0047619047619048005,16.3116408836824,-131.56726712523155,430.337140183366,300.0,-210.00000000000074,0.0,0.0,0.0,0.0,0.0,0.0,0.0
106.0,0.0,0.0,0.0,0.0,7.853881948536581,1.0,18.0,0.004761904761904745,16.3164027884443,-124.03681011764962,432.56776317224353,300.0,-210.00000000000074,0.0,0.0,0.0,0.0,0.0,0.0,0.0
105.0,0.0,0.0,0.0,0.0,7.853881948536433,1.0,18.0,0.004761904761904745,16.3211646932062,-116.46857029613444,434.66662183008077,300.0,-210.00000000000074,0.0,0.0,0.0,0.0,0.0,0.0,0.0
104.0,0.0,0.0,0.0,0.0,7.853881948536543,1.0,18.0,0.004761904761904745,16.3259265979681,-108.86485301985056,436.6330768241984,300.0,-210.00000000000074,0.0,0.0,0.0,0.0,0.0,0.0,0.0
103.0,0.0,0.0,0.0,0.0,7.853881948536664,1.0,18.0,0.0047619047619048005,16.33068850273,-101.22797445473921,438.46652915335585,300.0,-210.00000000000074,0.0,0.0,0.0,0.0,0.0,0.0,0.0
102.0,0.0,0.0,0.0,0.0,7.8538819485365465,1.0,18.0,0.004761904761904745,16.3354504074919,-93.56026086799166,440.16642033021253,300.0,-210.00000000000074,0.0,0.0,0.0,0.0,0.0,0.0,0.0
101.0,0.0,0.0,0.0,0.0,7.853881948536436,1.0,18.0,0.004761904761904745,16.3402123122538,-85.86404791944523,441.73223255144876,300.0,-210.00000000000074,0.0,0.0,0.0,0.0,0.0,0.0,0.0
100.0,0.0,0.0,0.0,0.0,7.853881948536571,1.0,18.0,0.0047619047619048005,16.3449742170157,-78.14167995011869,443.1634888554936,300.0,-210.00000000000074,0.0,0.0,0.0,0.0,0.0,0.0,0.0
99.0,0.0,0.0,0.0,0.0,7.853881948536442,1.0,18.0,0.004761904761904745,16.3497361217776,-70.39550926810402,444.45975326781195,300.0,-210.00000000000074,0.0,0.0,0.0,0.0,0.0,0.0,0.0
98.0,0.0,0.0,0.0,0.0,7.853881948536664,1.0,18.0,0.004761904761904745,16.3544980265395,-62.62789543202946,445.62063093370665,300.0,-210.00000000000074,0.0,0.0,0.0,0.0,0.0,0.0,0.0
97.0,0.0,0.0,0.0,0.0,7.853881948536554,1.0,18.0,0.004761904761904745,16.3592599313014,-54.84120453231637,446.64576823859494,300.0,-210.00000000000074,0.0,0.0,0.0,0.0,0.0,0.0,0.0
96.0,0.0,0.0,0.0,0.0,7.853881948536544,1.0,18.0,0.004761904761904745,16.3640218360633,-47.03780847044406,447.53485291572304,300.0,-210.00000000000074,0.0,0.0,0.0,0.0,0.0,0.0,0.0
95.0,0.0,0.0,0.0,0.0,7.8538819485364595,1.0,18.0,0.004761904761904745,16.3687837408252,-39.22008423644626,448.28761414128553,300.0,-210.00000000000074,0.0,0.0,0.0,0.0,0.0,0.0,0.0
94.0,0.0,0.0,0.0,0.0,7.853881948536545,1.0,18.0,0.004761904761904856,16.3735456455871,-31.39041318485646,448.9038226169209,300.0,-210.00000000000074,0.0,0.0,0.0,0.0,0.0,0.0,0.0
93.0,0.0,0.0,0.0,0.0,7.853881948536654,1.0,18.0,0.004761904761904745,16.378307550349,-23.55118030932469,449.38329063955825,300.0,-210.00000000000074,0.0,0.0,0.0,0.0,0.0,0.0,0.0
92.0,0.0,0.0,0.0,0.0,7.853881948536555,1.0,18.0,0.004761904761904745,16.383069455111,-15.704773516125389,449.7258721585931,300.0,-210.00000000000074,0.0,0.0,0.0,0.0,0.0,0.0,0.0
91.0,0.0,0.0,0.0,0.0,7.853881948536449,1.0,18.0,0.004761904761904745,16.3878313598729,-7.853582896777624,449.93146282037605,300.0,-210.00000000000074,0.0,0.0,0.0,0.0,0.0,0.0,0.0
90.0,0.0,0.0,0.0,0.0,7.853881948536554,1.0,18.0,0.004761904761904856,16.3925932646348,-3.1228493378257513e-14,450.0,300.0,-210.00000000000074,0.0,0.0,0.0,0.0,0.0,0.0,0.0
89.0,0.0,0.0,0.0,0.0,7.853881948536452,1.0,18.0,0.004761904761904745,16.3973551693967,7.853582896777461,449.93146282037605,300.0,-210.00000000000074,0.0,0.0,0.0,0.0,0.0,0.0,0.0
88.0,0.0,0.0,0.0,0.0,7.853881948536651,1.0,18.0,0.004761904761904745,16.4021170741586,15.704773516125428,449.7258721585931,300.0,-210.00000000000074,0.0,0.0,0.0,0.0,0.0,0.0,0.0
87.0,0.0,0.0,0.0,0.0,7.853881948536552,1.0,18.0,0.004761904761904745,16.4068789789205,23.551180309324725,449.38329063955825,300.0,-210.00000000000074,0.0,0.0,0.0,0.0,0.0,0.0,0.0
86.0,0.0,0.0,0.0,0.0,7.8538819485365545,1.0,18.0,0.004761904761904745,16.4116408836824,31.390413184856396,448.9038226169209,300.0,-210.00000000000074,0.0,0.0,0.0,0.0,0.0,0.0,0.0
85.0,0.0,0.0,0.0,0.0,7.853881948536453,1.0,18.0,0.004761904761904745,16.4164027884443,39.220084236446105,448.28761414128553,300.0,-210.00000000000074,0.0,0.0,0.0,0.0,0.0,0.0,0.0
84.0,0.0,0.0,0.0,0.0,7.853881948536557,1.0,18.0,0.004761904761904745,16.4211646932062,47.037808470444,447.534852915723,300.0,-210.00000000000074,0.0,0.0,0.0,0.0,0.0,0.0,0.0
83.0,0.0,0.0,0.0,0.0,7.853881948536551,1.0,18.0,0.004761904761904745,16.4259265979681,54.84120453231631,446.6457682385949,300.0,-210.00000000000074,0.0,0.0,0.0,0.0,0.0,0.0,0.0
82.0,0.0,0.0,0.0,0.0,7.853881948536652,1.0,18.0,0.004761904761904745,16.43068850273,62.627895432029504,445.6206309337066,300.0,-210.00000000000074,0.0,0.0,0.0,0.0,0.0,0.0,0.0
81.0,0.0,0.0,0.0,0.0,7.853881948536451,1.0,18.0,0.004761904761904745,16.4354504074919,70.39550926810386,444.459753267812,300.0,-210.00000000000074,0.0,0.0,0.0,0.0,0.0,0.0,0.0
80.0,0.0,0.0,0.0,0.0,7.853881948536549,1.0,18.0,0.004761904761904856,16.4402123122538,78.14167995011863,443.1634888554936,300.0,-210.00000000000074,0.0,0.0,0.0,0.0,0.0,0.0,0.0
79.0,0.0,0.0,0.0,0.0,7.853881948536557,1.0,18.0,0.004761904761904745,16.4449742170157,85.86404791944516,441.73223255144876,300.0,-210.00000000000074,0.0,0.0,0.0,0.0,0.0,0.0,0.0
78.0,0.0,0.0,0.0,0.0,7.853881948536548,1.0,18.0,0.004761904761904745,16.4497361217776,93.5602608679917,440.16642033021253,300.0,-210.00000000000074,0.0,0.0,0.0,0.0,0.0,0.0,0.0
77.0,0.0,0.0,0.0,0.0,7.853881948536449,1.0,18.0,0.004761904761904856,16.4544980265395,101.22797445473915,438.46652915335585,300.0,-210.00000000000074,0.0,0.0,0.0,0.0,0.0,0.0,0.0
76.0,0.0,0.0,0.0,0.0,7.853881948536664,1.0,18.0,0.004761904761904745,16.4592599313014,108.8648530198505,436.6330768241984,300.0,-210.00000000000074,0.0,0.0,0.0,0.0,0.0,0.0,0.0
75.0,0.0,0.0,0.0,0.0,7.853881948536447,1.0,18.0,0.004761904761904745,16.4640218360633,116.46857029613429,434.66662183008077,300.0,-210.00000000000074,0.0,0.0,0.0,0.0,0.0,0.0,0.0
74.0,0.0,0.0,0.0,0.0,7.853881948536529,1.0,18.0,0.004761904761904745,16.4687837408252,124.03681011764957,432.56776317224353,300.0,-210.00000000000074,0.0,0.0,0.0,0.0,0.0,0.0,0.0
73.0,0.0,0.0,0.0,0.0,7.8538819485365705,1.0,18.0,0.004761904761904745,16.4735456455871,131.56726712523147,430.33714018336593,300.0,-210.00000000000074,0.0,0.0,0.0,0.0,0.0,0.0,0.0
72.0,0.0,0.0,0.0,0.0,7.853881948536546,1.0,18.0,0.004761904761904745,16.4783075503491,139.0576474687263,427.9754323328191,300.0,-210.00000000000074,0.0,0.0,0.0,0.0,0.0,0.0,0.0
71.0,0.0,0.0,0.0,0.0,7.85388194853659,1.0,18.0,0.004761904761904745,16.483069455111,146.5056695057205,425.48335901969256,300.0,-210.00000000000074,0.0,0.0,0.0,0.0,0.0,0.0,0.0
70.0,0.0,0.0,0.0,0.0,7.853881948536542,1.0,18.0,0.004761904761904745,16.4878313598729,153.9090644965509,422.8616793536587,300.0,-210.00000000000074,0.0,0.0,0.0,0.0,0.0,0.0,0.0
69.0,0.0,0.0,0.0,0.0,7.853881948536547,1.0,18.0,0.004761904761904745,16.4925932646348,161.26557729538513,420.11119192374076,300.0,-210.00000000000074,0.0,0.0,0.0,0.0,0.0,0.0,0.0
68.0,0.0,0.0,0.0,0.0,7.853881948536433,1.0,18.0,0.004761904761904745,16.4973551693967,168.5729670371603,417.2327345550543,300.0,-210.00000000000074,0.0,0.0,0.0,0.0,0.0,0.0,0.0
67.0,0.0,0.0,0.0,0.0,7.853881948536687,1.0,18.0,0.004761904761904856,16.5021170741586,175.82900782017322,414.2271840535981,300.0,-210.00000000000074,0.0,0.0,0.0,0.0,0.0,0.0,0.0
66.0,0.0,0.0,0.0,0.0,7.85388194853645,1.0,18.0,0.004761904761904745,16.5068789789205,183.03148938411005,411.0954559391704,300.0,-210.00000000000074,0.0,0.0,0.0,0.0,0.0,0.0,0.0
65.0,0.0,0.0,0.0,0.0,7.853881948536526,1.0,18.0,0.004761904761904745,16.5116408836824,190.1782177833147,407.8385041664925,300.0,-210.00000000000074,0.0,0.0,0.0,0.0,0.0,0.0,0.0
64.0,0.0,0.0,0.0,0.0,7.85388194853655,1.0,18.0,0.004761904761904856,16.5164027884443,197.2670160550848,404.4573208346252,300.0,-210.00000000000074,0.0,0.0,0.0,0.0,0.0,0.0,0.0
63.0,0.0,0.0,0.0,0.0,7.853881948536583,1.0,18.0,0.004761904761904745,16.5211646932062,204.295724882796,400.95293588476545,300.0,-210.00000000000074,0.0,0.0,0.0,0.0,0.0,0.0,0.0
62.0,0.0,0.0,0.0,0.0,7.853881948536539,1.0,18.0,0.004761904761904745,16.5259265979681,211.26220325365082,397.3264167865171,300.0,-210.00000000000074,0.0,0.0,0.0,0.0,0.0,0.0,0.0
61.0,0.0,0.0,0.0,0.0,7.853881948536511,1.0,18.0,0.004761904761904745,16.53068850273,218.16432911085164,393.57886821272814,300.0,-210.00000000000074,0.0,0.0,0.0,0.0,0.0,0.0,0.0
60.0,0.0,0.0,0.0,0.0,7.853881948536543,1.0,18.0,0.004761904761904745,16.5354504074919,225.0,389.71143170299746,300.0,-210.00000000000074,0.0,0.0,0.0,0.0,0.0,0.0,0.0
59.0,0.0,0.0,0.0,0.0,7.853881948536562,1.0,18.0,0.004761904761904745,16.5402123122538,231.7671337095244,385.72528531595054,300.0,-210.00000000000074,0.0,0.0,0.0,0.0,0.0,0.0,0.0
58.0,0.0,0.0,0.0,0.0,7.853881948536453,1.0,18.0,0.004761904761904745,16.5449742170157,238.46366890494215,381.62164327039176,300.0,-210.00000000000074,0.0,0.0,0.0,0.0,0.0,0.0,0.0
57.0,0.0,0.0,0.0,0.0,7.853881948536596,1.0,18.0,0.004761904761904745,16.5497361217776,245.08756575676216,377.40175557544086,300.0,-210.00000000000074,0.0,0.0,0.0,0.0,0.0,0.0,0.0
56.0,0.0,0.0,0.0,0.0,7.853881948536495,1.0,18.0,0.004761904761904745,16.5544980265395,251.636806561836,373.06690764976884,300.0,-210.00000000000074,0.0,0.0,0.0,0.0,0.0,0.0,0.0
55.0,0.0,0.0,0.0,0.0,7.853881948536528,1.0,18.0,0.004761904761904745,16.5592599313014,258.10939635797064,368.61841993004634,300.0,-210.00000000000074,0.0,0.0,0.0,0.0,0.0,0.0,0.0
54.0,0.0,0.0,0.0,0.0,7.853881948536572,1.0,18.0,0.004761904761904856,16.5640218360633,264.5033635316129,364.05764746872643,300.0,-210.00000000000074,0.0,0.0,0.0,0.0,0.0,0.0,0.0
53.0,0.0,0.0,0.0,0.0,7.853881948536573,1.0,18.0,0.004761904761904745,16.5687837408252,270.8167604184217,359.38597952128185,300.0,-210.00000000000074,0.0,0.0,0.0,0.0,0.0,0.0,0.0
52.0,0.0,0.0,0.0,0.0,7.853881948536478,1.0,18.0,0.004761904761904745,16.5735456455871,277.04766389654617,354.604839123025,300.0,-210.00000000000074,0.0,0.0,0.0,0.0,0.0,0.0,0.0
51.0,0.0,0.0,0.0,0.0,7.853881948536626,1.0,18.0,0.004761904761904745,16.578307550349,283.1941759724268,349.7156826556369,300.0,-210.00000000000074,0.0,0.0,0.0,0.0,0.0,0.0,0.0
50.0,0.0,0.0,0.0,0.0,7.853881948536533,1.0,18.0,0.004761904761904745,16.583069455111,289.2544243589427,344.71999940354016,300.0,-210.00000000000074,0.0,0.0,0.0,0.0,0.0,0.0,0.0
49.0,0.0,0.0,0.0,0.0,7.8538819485365305,1.0,18.0,0.004761904761904856,16.5878313598729,295.22656304572826,339.61931110024744,300.0,-210.00000000000074,0.0,0.0,0.0,0.0,0.0,0.0,0.0
48.0,0.0,0.0,0.0,0.0,7.8538819485365385,1.0,18.0,0.004761904761904745,16.5925932646348,301.10877286148616,334.41517146482744,300.0,-210.00000000000074,0.0,0.0,0.0,0.0,0.0,0.0,0.0
47.0,0.0,0.0,0.0,0.0,7.85388194853649,1.0,18.0,0.004761904761904745,16.5973551693967,306.89926202812427,329.1091657286268,300.0,-210.00000000000074,0.0,0.0,0.0,0.0,0.0,0.0,0.0
46.0,0.0,0.0,0.0,0.0,7.853881948536618,1.0,18.0,0.004761904761904745,16.6021170741586,312.59626670654876,323.70291015239303,300.0,-210.00000000000074,0.0,0.0,0.0,0.0,0.0,0.0,0.0
45.0,0.0,0.0,0.0,0.0,7.853881948536487,1.0,18.0,0.004761904761904745,16.6068789789205,318.19805153394634,318.19805153394645,300.0,-210.00000000000074,0.0,0.0,0.0,0.0,0.0,0.0,0.0
44.0,0.0,0.0,0.0,0.0,7.853881948536607,1.0,18.0,0.004761904761904745,16.6116408836824,323.70291015239303,312.5962667065488,300.0,-210.00000000000074,0.0,0.0,0.0,0.0,0.0,0.0,0.0
43.0,0.0,0.0,0.0,0.0,7.853881948536498,1.0,18.0,0.004761904761904856,16.6164027884443,329.1091657286267,306.8992620281244,300.0,-210.00000000000074,0.0,0.0,0.0,0.0,0.0,0.0,0.0
42.0,0.0,0.0,0.0,0.0,7.85388194853649,1.0,18.0,0.004761904761904745,16.6211646932062,334.4151714648273,301.1087728614863,300.0,-210.00000000000074,0.0,0.0,0.0,0.0,0.0,0.0,0.0
41.0,0.0,0.0,0.0,0.0,7.853881948536624,1.0,18.0,0.004761904761904745,16.6259265979681,339.61931110024733,295.22656304572826,300.0,-210.00000000000074,0.0,0.0,0.0,0.0,0.0,0.0,0.0
40.0,0.0,0.0,0.0,0.0,7.8538819485365305,1.0,18.0,0.004761904761904745,16.63068850273,344.71999940354004,289.2544243589427,300.0,-210.00000000000074,0.0,0.0,0.0,0.0,0.0,0.0,0.0
39.0,0.0,0.0,0.0,0.0,7.853881948536526,1.0,18.0,0.004761904761904745,16.6354504074919,349.71568265563684,283.1941759724269,300.0,-210.00000000000074,0.0,0.0,0.0,0.0,0.0,0.0,0.0
38.0,0.0,0.0,0.0,0.0,7.85388194853659,1.0,18.0,0.004761904761904745,16.6402123122538,354.6048391230249,277.0476638965462,300.0,-210.00000000000074,0.0,0.0,0.0,0.0,0.0,0.0,0.0
37.0,0.0,0.0,0.0,0.0,7.853881948536478,1.0,18.0,0.004761904761904745,16.6449742170157,359.38597952128174,270.8167604184218,300.0,-210.00000000000074,0.0,0.0,0.0,0.0,0.0,0.0,0.0
36.0,0.0,0.0,0.0,0.0,7.853881948536528,1.0,18.0,0.004761904761904856,16.6497361217776,364.0576474687263,264.503363531613,300.0,-210.00000000000074,0.0,0.0,0.0,0.0,0.0,0.0,0.0
35.0,0.0,0.0,0.0,0.0,7.853881948536572,1.0,18.0,0.004761904761904745,16.6544980265395,368.61841993004623,258.10939635797075,300.0,-210.00000000000074,0.0,0.0,0.0,0.0,0.0,0.0,0.0
34.0,0.0,0.0,0.0,0.0,7.853881948536481,1.0,18.0,0.004761904761904745,16.6592599313014,373.0669076497687,251.63680656183618,300.0,-210.00000000000074,0.0,0.0,0.0,0.0,0.0,0.0,0.0
33.0,0.0,0.0,0.0,0.0,7.85388194853659,1.0,18.0,0.004761904761904745,16.6640218360633,377.40175557544075,245.08756575676222,300.0,-210.00000000000074,0.0,0.0,0.0,0.0,0.0,0.0,0.0
32.0,0.0,0.0,0.0,0.0,7.853881948536548,1.0,18.0,0.004761904761904745,16.6687837408252,381.62164327039164,238.46366890494227,300.0,-210.00000000000074,0.0,0.0,0.0,0.0,0.0,0.0,0.0
31.0,0.0,0.0,0.0,0.0,7.853881948536531,1.0,18.0,0.004761904761904745,16.6735456455871,385.7252853159505,231.76713370952444,300.0,-210.00000000000074,0.0,0.0,0.0,0.0,0.0,0.0,0.0
30.0,0.0,0.0,0.0,0.0,7.853881948536557,1.0,18.0,0.004761904761904856,16.6783075503491,389.71143170299734,225.00000000000003,300.0,-210.00000000000074,0.0,0.0,0.0,0.0,0.0,0.0,0.0
29.0,0.0,0.0,0.0,0.0,7.853881948536493,1.0,18.0,0.004761904761904745,16.683069455111,393.578868212728,218.16432911085172,300.0,-210.00000000000074,0.0,0.0,0.0,0.0,0.0,0.0,0.0
28.0,0.0,0.0,0.0,0.0,7.853881948536593,1.0,18.0,0.004761904761904745,16.6878313598729,397.32641678651714,211.2622032536509,300.0,-210.00000000000074,0.0,0.0,0.0,0.0,0.0,0.0,0.0
27.0,0.0,0.0,0.0,0.0,7.853881948536565,1.0,18.0,0.004761904761904745,16.6925932646348,400.95293588476557,204.2957248827961,300.0,-210.00000000000074,0.0,0.0,0.0,0.0,0.0,0.0,0.0
26.0,0.0,0.0,0.0,0.0,7.853881948536558,1.0,18.0,0.004761904761904745,16.6973551693967,404.4573208346252,197.26701605508487,300.0,-210.00000000000074,0.0,0.0,0.0,0.0,0.0,0.0,0.0
25.0,0.0,0.0,0.0,0.0,7.8538819485364995,1.0,18.0,0.004761904761904745,16.7021170741586,407.8385041664925,190.1782177833148,300.0,-210.00000000000074,0.0,0.0,0.0,0.0,0.0,0.0,0.0
24.0,0.0,0.0,0.0,0.0,7.853881948536578,1.0,18.0,0.004761904761904745,16.7068789789205,411.0954559391704,183.0314893841101,300.0,-210.00000000000074,0.0,0.0,0.0,0.0,0.0,0.0,0.0
23.0,0.0,0.0,0.0,0.0,7.853881948536547,1.0,18.0,0.004761904761904856,16.7116408836824,414.2271840535982,175.82900782017322,300.0,-210.00000000000074,0.0,0.0,0.0,0.0,0.0,0.0,0.0
22.0,0.0,0.0,0.0,0.0,7.853881948536485,1.0,18.0,0.004782115398599407,16.716422999081,417.2327345550543,168.57296703716048,300.0,-209.11247777350482,0.0,0.0,0.0,185.5919718616191,0.0,0.0,0.0
21.0,0.0,0.0,0.0,0.0,7.8538819485365385,1.0,18.0,0.0048841931524093996,16.7213071922334,420.11119192374076,161.26557729538519,300.0,-204.74210761024784,0.0,0.0,0.0,894.7987982621768,0.0,0.0,0.0
20.0,0.0,0.0,0.0,0.0,7.853881948536587,1.0,18.0,0.005001935248375111,16.7263091274818,422.8616793536588,153.90906449655097,300.0,-199.92262001490695,0.0,0.0,0.0,963.5245871898941,0.0,0.0,0.0
19.0,0.0,0.0,0.0,0.0,7.853881948536504,1.0,18.0,0.005128626699603456,16.7314377541814,425.48335901969256,146.50566950572056,300.0,-194.9839710652642,0.0,0.0,0.0,962.9573838986403,0.0,0.0,0.0
18.0,0.0,0.0,0.0,0.0,7.853881948536563,1.0,18.0,0.005265462151025302,16.7367032163324,427.9754323328191,139.05764746872637,300.0,-189.91685275059936,0.0,0.0,0.0,962.3311628360675,0.0,0.0,0.0
17.0,0.0,0.0,0.0,0.0,7.853881948536518,1.0,18.0,0.0054138721965339975,16.7421170885289,430.33714018336593,131.56726712523158,300.0,-184.71067725612838,0.0,0.0,0.0,961.6362014979943,0.0,0.0,0.0
16.0,0.0,0.0,0.0,0.0,7.8538819485365705,1.0,18.0,0.005575586906435226,16.7476926754354,432.56776317224353,124.03681011764968,300.0,-179.35331594345354,0.0,0.0,0.0,960.8605161354054,0.0,0.0,0.0
15.0,0.0,0.0,0.0,0.0,7.853881948536529,1.0,18.0,0.00575272160172946,16.7534453970371,434.66662183008077,116.4685702961344,300.0,-173.83076554573447,0.0,0.0,0.0,959.9891634004067,0.0,0.0,0.0
14.0,0.0,0.0,0.0,0.0,7.85388194853653,1.0,18.0,0.005947894714141144,16.7593932917512,436.6330768241984,108.86485301985053,300.0,-168.12671509170866,0.0,0.0,0.0,959.0032655527277,0.0,0.0,0.0
13.0,0.0,0.0,0.0,0.0,7.853881948536554,1.0,18.0,0.006164392961719445,16.765557684713,438.46652915335585,101.2279744547393,300.0,-162.22197484972799,0.0,0.0,0.0,957.8786230287659,0.0,0.0,0.0
12.0,0.0,0.0,0.0,0.0,7.8538819485365465,1.0,18.0,0.006406408074998038,16.771964092788,440.16642033021253,93.56026086799174,300.0,-156.0937093443464,0.0,0.0,0.0,956.5836945820181,0.0,0.0,0.0
11.0,0.0,0.0,0.0,0.0,7.853881948536521,1.0,18.0,0.00667938487078501,16.7786434776587,441.73223255144876,85.86404791944523,300.0,-149.71438528329466,0.0,0.0,0.0,955.0765803232912,0.0,0.0,0.0
10.0,0.0,0.0,0.0,0.0,7.853881948536544,1.0,18.0,0.006990548431875632,16.7856340260906,443.1634888554936,78.14167995011871,300.0,-143.0502927982208,0.0,0.0,0.0,953.3003812242393,0.0,0.0,0.0
9.0,0.0,0.0,0.0,0.0,7.853881948536549,1.0,18.0,0.0073497307105351295,16.7929837568011,444.459753267812,70.39550926810395,300.0,-136.05940671630069,0.0,0.0,0.0,951.175812727294,0.0,0.0,0.0
8.0,0.0,0.0,0.0,0.0,7.853881948536544,1.0,18.0,0.007770721053281693,16.8007544778544,445.62063093370665,62.627895432029504,300.0,-128.6881864814425,0.0,0.0,0.0,948.5889641792126,0.0,0.0,0.0
7.0,0.0,0.0,0.0,0.0,7.853881948536532,1.0,18.0,0.008273585141014173,16.8090280629954,446.6457682385949,54.841204532316425,300.0,-120.86658721172726,0.0,0.0,0.0,945.3700102682188,0.0,0.0,0.0
6.0,0.0,0.0,0.0,0.0,7.853881948536551,1.0,18.0,0.008888898658009792,16.8179169616535,447.534852915723,47.03780847044411,300.0,-112.49987635970788,0.0,0.0,0.0,941.2539363896066,0.0,0.0,0.0
5.0,0.0,0.0,0.0,0.0,7.853881948536542,1.0,18.0,0.0096661025366791,16.8275830641901,448.28761414128553,39.22008423644623,300.0,-103.45431327729163,0.0,0.0,0.0,935.8025168977946,0.0,0.0,0.0
4.0,0.0,0.0,0.0,0.0,7.8538819485365305,1.0,18.0,0.01069177397679899,16.8382748381669,448.9038226169209,31.390413184856445,300.0,-93.529848476971,0.0,0.0,0.0,928.2336889890212,0.0,0.0,0.0
3.0,0.0,0.0,0.0,0.0,7.853881948536547,1.0,18.0,0.012135708676293988,16.8504105468432,449.38329063955825,23.55118030932478,300.0,-82.40145068358929,0.0,0.0,0.0,916.9961219587068,0.0,0.0,0.0
2.0,0.0,0.0,0.0,0.0,7.853881948536543,1.0,18.0,0.014395192533238843,16.8648057393765,449.7258721585931,15.704773516125494,300.0,-69.46763634393426,0.0,0.0,0.0,898.4815110871178,0.0,0.0,0.0
1.0,0.0,0.0,0.0,0.0,7.853881948536539,1.0,18.0,0.018760180156250916,16.8835659195327,449.93146282037605,7.853582896777638,300.0,-53.30439215781128,0.0,0.0,0.0,861.5719066395626,0.0,0.0,0.0
0.0,0.0,0.0,0.0,0.0,7.85388194853654,1.0,18.0,0.045291078599221546,16.9288569981319,450.0,5.878304635907296e-14,300.0,-22.079403514518596,0.0,0.0,0.0,689.4291239915198,0.0,0.0,0.0
0.0,0.0,0.0,0.0,0.0,7.85388194853654,1.0,18.0,0.01,16.9388569981319,450.0,5.878304635907296e-14,300.0,0.0,0.0,0.0,0.0,0.0,0.0,0.0,0.0
0.0,0.0,0.0,0.0,0.0,7.85388194853654,1.0,18.0,1.15,18.0888569981319,450.0,5.878304635907296e-14,300.0,0.0,0.0,0.0,0.0,0.0,0.0,0.0,0.0
1.0,0.0,0.0,0.0,0.0,7.85388194853654,1.0,20.0,0.0,18.0888569981319,449.93146282037605,7.853582896777638,300.0,0.0,0.0,0.0,0.0,0.0,0.0,0.0,0.0
2.0,0.0,0.0,0.0,0.0,7.853881948536539,1.0,20.0,0.06405126152203486,18.152908259654,449.7258721585931,15.704773516125494,300.0,15.612494995995906,0.0,0.0,0.0,243.74999999999721,0.0,0.0,0.0
3.0,0.0,0.0,0.0,0.0,7.853881948536543,1.0,20.0,0.01439519253323876,18.1673034521872,449.38329063955825,23.55118030932478,300.0,69.46763634393426,0.0,0.0,0.0,3741.1893744097592,0.0,0.0,0.0
4.0,0.0,0.0,0.0,0.0,7.853881948536547,1.0,20.0,0.012135708676294044,18.1794391608635,448.9038226169209,31.390413184856445,300.0,82.40145068358929,0.0,0.0,0.0,1065.7650644597838,0.0,0.0,0.0
5.0,0.0,0.0,0.0,0.0,7.8538819485365305,1.0,20.0,0.010691773976799004,18.1901309348403,448.28761414128553,39.22008423644623,300.0,93.529848476971,0.0,0.0,0.0,1040.8373594064494,0.0,0.0,0.0
6.0,0.0,0.0,0.0,0.0,7.853881948536542,1.0,20.0,0.009666102536679155,18.199797037377,447.534852915723,47.03780847044411,300.0,103.45431327729163,0.0,0.0,0.0,1026.7286905618246,0.0,0.0,0.0
7.0,0.0,0.0,0.0,0.0,7.853881948536551,1.0,20.0,0.008888898658009792,18.208685936035,446.6457682385949,54.841204532316425,300.0,112.49987635970788,0.0,0.0,0.0,1017.6247283757664,0.0,0.0,0.0
8.0,0.0,0.0,0.0,0.0,7.853881948536532,1.0,20.0,0.008273585141014103,18.216959521176,445.62063093370665,62.627895432029504,300.0,120.86658721172726,0.0,0.0,0.0,1011.2557868709054,0.0,0.0,0.0
9.0,0.0,0.0,0.0,0.0,7.853881948536544,1.0,20.0,0.007770721053281776,18.2247302422293,444.459753267812,70.39550926810395,300.0,128.6881864814425,0.0,0.0,0.0,1006.5474254042286,0.0,0.0,0.0
10.0,0.0,0.0,0.0,0.0,7.853881948536549,1.0,20.0,0.007349730710535074,18.2320799729398,443.1634888554936,78.14167995011871,300.0,136.05940671630069,0.0,0.0,0.0,1002.9238519299954,0.0,0.0,0.0
11.0,0.0,0.0,0.0,0.0,7.853881948536544,1.0,20.0,0.006990548431875604,18.2390705213717,441.73223255144876,85.86404791944523,300.0,143.0502927982208,0.0,0.0,0.0,1000.0483009376783,0.0,0.0,0.0
12.0,0.0,0.0,0.0,0.0,7.853881948536521,1.0,20.0,0.006679384870785066,18.2457499062425,440.16642033021253,93.56026086799174,300.0,149.71438528329466,0.0,0.0,0.0,997.7105098738573,0.0,0.0,0.0
13.0,0.0,0.0,0.0,0.0,7.8538819485365465,1.0,20.0,0.006406408074997982,18.2521563143175,438.46652915335585,101.2279744547393,300.0,156.0937093443464,0.0,0.0,0.0,995.7723557992045,0.0,0.0,0.0
14.0,0.0,0.0,0.0,0.0,7.853881948536554,1.0,20.0,0.006164392961719473,18.2583207072792,436.6330768241984,108.86485301985053,300.0,162.22197484972799,0.0,0.0,0.0,994.139332686468,0.0,0.0,0.0
15.0,0.0,0.0,0.0,0.0,7.85388194853653,1.0,20.0,0.005975851292295747,18.2642965585715,434.66662183008077,116.4685702961344,300.0,167.34017482816307,0.0,0.0,0.0,856.4804791968278,0.0,0.0,0.0
16.0,0.0,0.0,0.0,0.0,7.853881948536529,1.0,20.0,0.005952380952380959,18.2702489395239,432.56776317224353,124.03681011764968,300.0,167.99999999998806,0.0,0.0,0.0,110.85062886659065,0.0,0.0,0.0
17.0,0.0,0.0,0.0,0.0,7.8538819485365705,1.0,20.0,0.005952380952380931,18.2762013204763,430.33714018336593,131.56726712523158,300.0,167.99999999998806,0.0,0.0,0.0,0.0,0.0,0.0,0.0
18.0,0.0,0.0,0.0,0.0,7.853881948536518,1.0,20.0,0.005952380952380959,18.2821537014286,427.9754323328191,139.05764746872637,300.0,167.99999999998806,0.0,0.0,0.0,0.0,0.0,0.0,0.0
19.0,0.0,0.0,0.0,0.0,7.853881948536563,1.0,20.0,0.005952380952380959,18.288106082381,425.48335901969256,146.50566950572056,300.0,167.99999999998806,0.0,0.0,0.0,0.0,0.0,0.0,0.0
20.0,0.0,0.0,0.0,0.0,7.853881948536504,1.0,20.0,0.005952380952380959,18.2940584633334,422.8616793536588,153.90906449655097,300.0,167.99999999998806,0.0,0.0,0.0,0.0,0.0,0.0,0.0
21.0,0.0,0.0,0.0,0.0,7.853881948536587,1.0,20.0,0.005952380952380931,18.3000108442858,420.11119192374076,161.26557729538519,300.0,167.99999999998806,0.0,0.0,0.0,0.0,0.0,0.0,0.0
22.0,0.0,0.0,0.0,0.0,7.8538819485365385,1.0,20.0,0.005952380952380959,18.3059632252382,417.2327345550543,168.57296703716048,300.0,167.99999999998806,0.0,0.0,0.0,0.0,0.0,0.0,0.0
23.0,0.0,0.0,0.0,0.0,7.853881948536485,1.0,20.0,0.005952380952380959,18.3119156061905,414.2271840535982,175.82900782017322,300.0,167.99999999998806,0.0,0.0,0.0,0.0,0.0,0.0,0.0
24.0,0.0,0.0,0.0,0.0,7.853881948536547,1.0,20.0,0.005952380952380959,18.3178679871429,411.0954559391704,183.0314893841101,300.0,167.99999999998806,0.0,0.0,0.0,0.0,0.0,0.0,0.0
25.0,0.0,0.0,0.0,0.0,7.853881948536578,1.0,20.0,0.005952380952380959,18.3238203680953,407.8385041664925,190.1782177833148,300.0,167.99999999998806,0.0,0.0,0.0,0.0,0.0,0.0,0.0
26.0,0.0,0.0,0.0,0.0,7.8538819485364995,1.0,20.0,0.005952380952380931,18.3297727490477,404.4573208346252,197.26701605508487,300.0,167.99999999998806,0.0,0.0,0.0,0.0,0.0,0.0,0.0
27.0,0.0,0.0,0.0,0.0,7.853881948536558,1.0,20.0,0.005952380952380959,18.3357251300001,400.95293588476557,204.2957248827961,300.0,167.99999999998806,0.0,0.0,0.0,0.0,0.0,0.0,0.0
28.0,0.0,0.0,0.0,0.0,7.853881948536565,1.0,20.0,0.005952380952380959,18.3416775109525,397.32641678651714,211.2622032536509,300.0,167.99999999998806,0.0,0.0,0.0,0.0,0.0,0.0,0.0
29.0,0.0,0.0,0.0,0.0,7.853881948536593,1.0,20.0,0.005952380952380931,18.3476298919048,393.578868212728,218.16432911085172,300.0,167.99999999998806,0.0,0.0,0.0,0.0,0.0,0.0,0.0
30.0,0.0,0.0,0.0,0.0,7.853881948536493,1.0,20.0,0.005952380952380987,18.3535822728572,389.71143170299734,225.00000000000003,300.0,167.99999999998806,0.0,0.0,0.0,0.0,0.0,0.0,0.0
31.0,0.0,0.0,0.0,0.0,7.853881948536557,1.0,20.0,0.005952380952380931,18.3595346538096,385.7252853159505,231.76713370952444,300.0,167.99999999998806,0.0,0.0,0.0,0.0,0.0,0.0,0.0
32.0,0.0,0.0,0.0,0.0,7.853881948536531,1.0,20.0,0.005952380952380931,18.365487034762,381.62164327039164,238.46366890494227,300.0,167.99999999998806,0.0,0.0,0.0,0.0,0.0,0.0,0.0
33.0,0.0,0.0,0.0,0.0,7.853881948536548,1.0,20.0,0.005952380952380987,18.3714394157144,377.40175557544075,245.08756575676222,300.0,167.99999999998806,0.0,0.0,0.0,0.0,0.0,0.0,0.0
34.0,0.0,0.0,0.0,0.0,7.85388194853659,1.0,20.0,0.005952380952380931,18.3773917966667,373.0669076497687,251.63680656183618,300.0,167.99999999998806,0.0,0.0,0.0,0.0,0.0,0.0,0.0
35.0,0.0,0.0,0.0,0.0,7.853881948536481,1.0,20.0,0.005952380952380987,18.3833441776191,368.61841993004623,258.10939635797075,300.0,167.99999999998806,0.0,0.0,0.0,0.0,0.0,0.0,0.0
36.0,0.0,0.0,0.0,0.0,7.853881948536572,1.0,20.0,0.005952380952380931,18.3892965585715,364.0576474687263,264.503363531613,300.0,167.99999999998806,0.0,0.0,0.0,0.0,0.0,0.0,0.0
37.0,0.0,0.0,0.0,0.0,7.853881948536528,1.0,20.0,0.005952380952380931,18.3952489395239,359.38597952128174,270.8167604184218,300.0,167.99999999998806,0.0,0.0,0.0,0.0,0.0,0.0,0.0
38.0,0.0,0.0,0.0,0.0,7.853881948536478,1.0,20.0,0.005952380952380931,18.4012013204763,354.6048391230249,277.0476638965462,300.0,167.99999999998806,0.0,0.0,0.0,0.0,0.0,0.0,0.0
39.0,0.0,0.0,0.0,0.0,7.85388194853659,1.0,20.0,0.005952380952380987,18.4071537014287,349.71568265563684,283.1941759724269,300.0,167.99999999998806,0.0,0.0,0.0,0.0,0.0,0.0,0.0
40.0,0.0,0.0,0.0,0.0,7.853881948536526,1.0,20.0,0.005952380952380987,18.413106082381,344.71999940354004,289.2544243589427,300.0,167.99999999998806,0.0,0.0,0.0,0.0,0.0,0.0,0.0
41.0,0.0,0.0,0.0,0.0,7.8538819485365305,1.0,20.0,0.005952380952380931,18.4190584633334,339.61931110024733,295.22656304572826,300.0,167.99999999998806,0.0,0.0,0.0,0.0,0.0,0.0,0.0
42.0,0.0,0.0,0.0,0.0,7.853881948536624,1.0,20.0,0.005952380952380931,18.4250108442858,334.4151714648273,301.1087728614863,300.0,167.99999999998806,0.0,0.0,0.0,0.0,0.0,0.0,0.0
43.0,0.0,0.0,0.0,0.0,7.85388194853649,1.0,20.0,0.005952380952380931,18.4309632252382,329.1091657286267,306.8992620281244,300.0,167.99999999998806,0.0,0.0,0.0,0.0,0.0,0.0,0.0
44.0,0.0,0.0,0.0,0.0,7.853881948536498,1.0,20.0,0.005952380952380987,18.4369156061906,323.70291015239303,312.5962667065488,300.0,167.99999999998806,0.0,0.0,0.0,0.0,0.0,0.0,0.0
45.0,0.0,0.0,0.0,0.0,7.853881948536607,1.0,20.0,0.005952380952380987,18.4428679871429,318.19805153394634,318.19805153394645,300.0,167.99999999998806,0.0,0.0,0.0,0.0,0.0,0.0,0.0
46.0,0.0,0.0,0.0,0.0,7.853881948536487,1.0,20.0,0.005952380952380931,18.4488203680953,312.59626670654876,323.70291015239303,300.0,167.99999999998806,0.0,0.0,0.0,0.0,0.0,0.0,0.0
47.0,0.0,0.0,0.0,0.0,7.853881948536618,1.0,20.0,0.005952380952380931,18.4547727490477,306.89926202812427,329.1091657286268,300.0,167.99999999998806,0.0,0.0,0.0,0.0,0.0,0.0,0.0
48.0,0.0,0.0,0.0,0.0,7.85388194853649,1.0,20.0,0.005952380952380931,18.4607251300001,301.10877286148616,334.41517146482744,300.0,167.99999999998806,0.0,0.0,0.0,0.0,0.0,0.0,0.0
49.0,0.0,0.0,0.0,0.0,7.8538819485365385,1.0,20.0,0.005952380952380987,18.4666775109525,295.22656304572826,339.61931110024744,300.0,167.99999999998806,0.0,0.0,0.0,0.0,0.0,0.0,0.0
50.0,0.0,0.0,0.0,0.0,7.8538819485365305,1.0,20.0,0.005952380952380987,18.4726298919048,289.2544243589427,344.71999940354016,300.0,167.99999999998806,0.0,0.0,0.0,0.0,0.0,0.0,0.0
51.0,0.0,0.0,0.0,0.0,7.853881948536533,1.0,20.0,0.005952380952380931,18.4785822728572,283.1941759724268,349.7156826556369,300.0,167.99999999998806,0.0,0.0,0.0,0.0,0.0,0.0,0.0
52.0,0.0,0.0,0.0,0.0,7.853881948536626,1.0,20.0,0.005952380952380931,18.4845346538096,277.04766389654617,354.604839123025,300.0,167.99999999998806,0.0,0.0,0.0,0.0,0.0,0.0,0.0
53.0,0.0,0.0,0.0,0.0,7.853881948536478,1.0,20.0,0.005952380952380931,18.490487034762,270.8167604184217,359.38597952128185,300.0,167.99999999998806,0.0,0.0,0.0,0.0,0.0,0.0,0.0
54.0,0.0,0.0,0.0,0.0,7.853881948536573,1.0,20.0,0.005952380952380987,18.4964394157144,264.5033635316129,364.05764746872643,300.0,167.99999999998806,0.0,0.0,0.0,0.0,0.0,0.0,0.0
55.0,0.0,0.0,0.0,0.0,7.853881948536572,1.0,20.0,0.005952380952380931,18.5023917966668,258.10939635797064,368.61841993004634,300.0,167.99999999998806,0.0,0.0,0.0,0.0,0.0,0.0,0.0
56.0,0.0,0.0,0.0,0.0,7.853881948536528,1.0,20.0,0.005952380952380987,18.5083441776191,251.636806561836,373.06690764976884,300.0,167.99999999998806,0.0,0.0,0.0,0.0,0.0,0.0,0.0
57.0,0.0,0.0,0.0,0.0,7.853881948536495,1.0,20.0,0.005952380952380931,18.5142965585715,245.08756575676216,377.40175557544086,300.0,167.99999999998806,0.0,0.0,0.0,0.0,0.0,0.0,0.0
58.0,0.0,0.0,0.0,0.0,7.853881948536596,1.0,20.0,0.005952380952380931,18.5202489395239,238.46366890494215,381.62164327039176,300.0,167.99999999998806,0.0,0.0,0.0,0.0,0.0,0.0,0.0
59.0,0.0,0.0,0.0,0.0,7.853881948536453,1.0,20.0,0.005952380952380931,18.5262013204763,231.7671337095244,385.72528531595054,300.0,167.99999999998806,0.0,0.0,0.0,0.0,0.0,0.0,0.0
60.0,0.0,0.0,0.0,0.0,7.853881948536562,1.0,20.0,0.005952380952381042,18.5321537014287,225.0,389.71143170299746,300.0,167.99999999998806,0.0,0.0,0.0,0.0,0.0,0.0,0.0
61.0,0.0,0.0,0.0,0.0,7.853881948536543,1.0,20.0,0.005952380952380931,18.538106082381,218.16432911085164,393.57886821272814,300.0,167.99999999998806,0.0,0.0,0.0,0.0,0.0,0.0,0.0
62.0,0.0,0.0,0.0,0.0,7.853881948536511,1.0,20.0,0.005952380952380931,18.5440584633334,211.26220325365082,397.3264167865171,300.0,167.99999999998806,0.0,0.0,0.0,0.0,0.0,0.0,0.0
63.0,0.0,0.0,0.0,0.0,7.853881948536539,1.0,20.0,0.005952380952380931,18.5500108442858,204.295724882796,400.95293588476545,300.0,167.99999999998806,0.0,0.0,0.0,0.0,0.0,0.0,0.0
64.0,0.0,0.0,0.0,0.0,7.853881948536583,1.0,20.0,0.005952380952380931,18.5559632252382,197.2670160550848,404.4573208346252,300.0,167.99999999998806,0.0,0.0,0.0,0.0,0.0,0.0,0.0
65.0,0.0,0.0,0.0,0.0,7.85388194853655,1.0,20.0,0.005952380952380931,18.5619156061906,190.1782177833147,407.8385041664925,300.0,167.99999999998806,0.0,0.0,0.0,0.0,0.0,0.0,0.0
66.0,0.0,0.0,0.0,0.0,7.853881948536526,1.0,20.0,0.005952380952381042,18.5678679871429,183.03148938411005,411.0954559391704,300.0,167.99999999998806,0.0,0.0,0.0,0.0,0.0,0.0,0.0
67.0,0.0,0.0,0.0,0.0,7.85388194853645,1.0,20.0,0.005952380952380931,18.5738203680953,175.82900782017322,414.2271840535981,300.0,167.99999999998806,0.0,0.0,0.0,0.0,0.0,0.0,0.0
68.0,0.0,0.0,0.0,0.0,7.853881948536687,1.0,20.0,0.005952380952380931,18.5797727490477,168.5729670371603,417.2327345550543,300.0,167.99999999998806,0.0,0.0,0.0,0.0,0.0,0.0,0.0
69.0,0.0,0.0,0.0,0.0,7.853881948536433,1.0,20.0,0.005952380952380931,18.5857251300001,161.26557729538513,420.11119192374076,300.0,167.99999999998806,0.0,0.0,0.0,0.0,0.0,0.0,0.0
70.0,0.0,0.0,0.0,0.0,7.853881948536547,1.0,20.0,0.005952380952380931,18.5916775109525,153.9090644965509,422.8616793536587,300.0,167.99999999998806,0.0,0.0,0.0,0.0,0.0,0.0,0.0
71.0,0.0,0.0,0.0,0.0,7.853881948536542,1.0,20.0,0.005952380952381042,18.5976298919049,146.5056695057205,425.48335901969256,300.0,167.99999999998806,0.0,0.0,0.0,0.0,0.0,0.0,0.0
72.0,0.0,0.0,0.0,0.0,7.85388194853659,1.0,20.0,0.005952380952380931,18.6035822728572,139.0576474687263,427.9754323328191,300.0,167.99999999998806,0.0,0.0,0.0,0.0,0.0,0.0,0.0
73.0,0.0,0.0,0.0,0.0,7.853881948536546,1.0,20.0,0.005952380952380931,18.6095346538096,131.56726712523147,430.33714018336593,300.0,167.99999999998806,0.0,0.0,0.0,0.0,0.0,0.0,0.0
74.0,0.0,0.0,0.0,0.0,7.8538819485365705,1.0,20.0,0.005952380952380931,18.615487034762,124.03681011764957,432.56776317224353,300.0,167.99999999998806,0.0,0.0,0.0,0.0,0.0,0.0,0.0
75.0,0.0,0.0,0.0,0.0,7.853881948536529,1.0,20.0,0.005952380952380931,18.6214394157144,116.46857029613429,434.66662183008077,300.0,167.99999999998806,0.0,0.0,0.0,0.0,0.0,0.0,0.0
76.0,0.0,0.0,0.0,0.0,7.853881948536447,1.0,20.0,0.005952380952381042,18.6273917966668,108.8648530198505,436.6330768241984,300.0,167.99999999998806,0.0,0.0,0.0,0.0,0.0,0.0,0.0
77.0,0.0,0.0,0.0,0.0,7.853881948536664,1.0,20.0,0.005952380952380931,18.6333441776191,101.22797445473915,438.46652915335585,300.0,167.99999999998806,0.0,0.0,0.0,0.0,0.0,0.0,0.0
78.0,0.0,0.0,0.0,0.0,7.853881948536449,1.0,20.0,0.005952380952380931,18.6392965585715,93.5602608679917,440.16642033021253,300.0,167.99999999998806,0.0,0.0,0.0,0.0,0.0,0.0,0.0
79.0,0.0,0.0,0.0,0.0,7.853881948536548,1.0,20.0,0.005952380952380931,18.6452489395239,85.86404791944516,441.73223255144876,300.0,167.99999999998806,0.0,0.0,0.0,0.0,0.0,0.0,0.0
80.0,0.0,0.0,0.0,0.0,7.853881948536557,1.0,20.0,0.005952380952380931,18.6512013204763,78.14167995011863,443.1634888554936,300.0,167.99999999998806,0.0,0.0,0.0,0.0,0.0,0.0,0.0
81.0,0.0,0.0,0.0,0.0,7.853881948536549,1.0,20.0,0.005952380952381042,18.6571537014287,70.39550926810386,444.459753267812,300.0,167.99999999998806,0.0,0.0,0.0,0.0,0.0,0.0,0.0
82.0,0.0,0.0,0.0,0.0,7.853881948536451,1.0,20.0,0.005952380952380931,18.663106082381,62.627895432029504,445.6206309337066,300.0,167.99999999998806,0.0,0.0,0.0,0.0,0.0,0.0,0.0
83.0,0.0,0.0,0.0,0.0,7.853881948536652,1.0,20.0,0.005952380952380931,18.6690584633334,54.84120453231631,446.6457682385949,300.0,167.99999999998806,0.0,0.0,0.0,0.0,0.0,0.0,0.0
84.0,0.0,0.0,0.0,0.0,7.853881948536551,1.0,20.0,0.005952380952380931,18.6750108442858,47.037808470444,447.534852915723,300.0,167.99999999998806,0.0,0.0,0.0,0.0,0.0,0.0,0.0
85.0,0.0,0.0,0.0,0.0,7.853881948536557,1.0,20.0,0.005952380952380931,18.6809632252382,39.220084236446105,448.28761414128553,300.0,167.99999999998806,0.0,0.0,0.0,0.0,0.0,0.0,0.0
86.0,0.0,0.0,0.0,0.0,7.853881948536453,1.0,20.0,0.005952380952380931,18.6869156061906,31.390413184856396,448.9038226169209,300.0,167.99999999998806,0.0,0.0,0.0,0.0,0.0,0.0,0.0
87.0,0.0,0.0,0.0,0.0,7.8538819485365545,1.0,20.0,0.005952380952381042,18.692867987143,23.551180309324725,449.38329063955825,300.0,167.99999999998806,0.0,0.0,0.0,0.0,0.0,0.0,0.0
88.0,0.0,0.0,0.0,0.0,7.853881948536552,1.0,20.0,0.005952380952380931,18.6988203680953,15.704773516125428,449.7258721585931,300.0,167.99999999998806,0.0,0.0,0.0,0.0,0.0,0.0,0.0
89.0,0.0,0.0,0.0,0.0,7.853881948536651,1.0,20.0,0.005952380952380931,18.7047727490477,7.853582896777461,449.93146282037605,300.0,167.99999999998806,0.0,0.0,0.0,0.0,0.0,0.0,0.0
90.0,0.0,0.0,0.0,0.0,7.853881948536452,1.0,20.0,0.005952380952380931,18.7107251300001,-3.1228493378257513e-14,450.0,300.0,167.99999999998806,0.0,0.0,0.0,0.0,0.0,0.0,0.0
91.0,0.0,0.0,0.0,0.0,7.853881948536554,1.0,20.0,0.005952380952380931,18.7166775109525,-7.853582896777624,449.93146282037605,300.0,167.99999999998806,0.0,0.0,0.0,0.0,0.0,0.0,0.0
92.0,0.0,0.0,0.0,0.0,7.853881948536449,1.0,20.0,0.005952380952381042,18.7226298919049,-15.704773516125389,449.7258721585931,300.0,167.99999999998806,0.0,0.0,0.0,0.0,0.0,0.0,0.0
93.0,0.0,0.0,0.0,0.0,7.853881948536555,1.0,20.0,0.005952380952380931,18.7285822728572,-23.55118030932469,449.38329063955825,300.0,167.99999999998806,0.0,0.0,0.0,0.0,0.0,0.0,0.0
94.0,0.0,0.0,0.0,0.0,7.853881948536654,1.0,20.0,0.005952380952380931,18.7345346538096,-31.39041318485646,448.9038226169209,300.0,167.99999999998806,0.0,0.0,0.0,0.0,0.0,0.0,0.0
95.0,0.0,0.0,0.0,0.0,7.853881948536545,1.0,20.0,0.005952380952380931,18.740487034762,-39.22008423644626,448.28761414128553,300.0,167.99999999998806,0.0,0.0,0.0,0.0,0.0,0.0,0.0
96.0,0.0,0.0,0.0,0.0,7.8538819485364595,1.0,20.0,0.005952380952380931,18.7464394157144,-47.03780847044406,447.53485291572304,300.0,167.99999999998806,0.0,0.0,0.0,0.0,0.0,0.0,0.0
97.0,0.0,0.0,0.0,0.0,7.853881948536544,1.0,20.0,0.005952380952381042,18.7523917966668,-54.84120453231637,446.64576823859494,300.0,167.99999999998806,0.0,0.0,0.0,0.0,0.0,0.0,0.0
98.0,0.0,0.0,0.0,0.0,7.853881948536554,1.0,20.0,0.005952380952380931,18.7583441776192,-62.62789543202946,445.62063093370665,300.0,167.99999999998806,0.0,0.0,0.0,0.0,0.0,0.0,0.0
99.0,0.0,0.0,0.0,0.0,7.853881948536664,1.0,20.0,0.005952380952380931,18.7642965585715,-70.39550926810402,444.45975326781195,300.0,167.99999999998806,0.0,0.0,0.0,0.0,0.0,0.0,0.0
100.0,0.0,0.0,0.0,0.0,7.853881948536442,1.0,20.0,0.005952380952380931,18.7702489395239,-78.14167995011869,443.1634888554936,300.0,167.99999999998806,0.0,0.0,0.0,0.0,0.0,0.0,0.0
101.0,0.0,0.0,0.0,0.0,7.853881948536571,1.0,20.0,0.005952380952380931,18.7762013204763,-85.86404791944523,441.73223255144876,300.0,167.99999999998806,0.0,0.0,0.0,0.0,0.0,0.0,0.0
102.0,0.0,0.0,0.0,0.0,7.853881948536436,1.0,20.0,0.005952380952380931,18.7821537014287,-93.56026086799166,440.16642033021253,300.0,167.99999999998806,0.0,0.0,0.0,0.0,0.0,0.0,0.0
103.0,0.0,0.0,0.0,0.0,7.8538819485365465,1.0,20.0,0.005952380952380931,18.7881060823811,-101.22797445473921,438.46652915335585,300.0,167.99999999998806,0.0,0.0,0.0,0.0,0.0,0.0,0.0
104.0,0.0,0.0,0.0,0.0,7.853881948536664,1.0,20.0,0.005952380952381042,18.7940584633334,-108.86485301985056,436.6330768241984,300.0,167.99999999998806,0.0,0.0,0.0,0.0,0.0,0.0,0.0
105.0,0.0,0.0,0.0,0.0,7.853881948536543,1.0,20.0,0.005952380952380931,18.8000108442858,-116.46857029613444,434.66662183008077,300.0,167.99999999998806,0.0,0.0,0.0,0.0,0.0,0.0,0.0
106.0,0.0,0.0,0.0,0.0,7.853881948536433,1.0,20.0,0.005952380952380931,18.8059632252382,-124.03681011764962,432.56776317224353,300.0,167.99999999998806,0.0,0.0,0.0,0.0,0.0,0.0,0.0
107.0,0.0,0.0,0.0,0.0,7.853881948536581,1.0,20.0,0.005952380952380931,18.8119156061906,-131.56726712523155,430.337140183366,300.0,167.99999999998806,0.0,0.0,0.0,0.0,0.0,0.0,0.0
108.0,0.0,0.0,0.0,0.0,7.853881948536546,1.0,20.0,0.005952380952380931,18.817867987143,-139.05764746872637,427.97543233281914,300.0,167.99999999998806,0.0,0.0,0.0,0.0,0.0,0.0,0.0
109.0,0.0,0.0,0.0,0.0,7.853881948536474,1.0,20.0,0.005952380952381042,18.8238203680953,-146.50566950572045,425.48335901969256,300.0,167.99999999998806,0.0,0.0,0.0,0.0,0.0,0.0,0.0
110.0,0.0,0.0,0.0,0.0,7.853881948536611,1.0,20.0,0.005952380952380931,18.8297727490477,-153.90906449655097,422.8616793536588,300.0,167.99999999998806,0.0,0.0,0.0,0.0,0.0,0.0,0.0
111.0,0.0,0.0,0.0,0.0,7.853881948536587,1.0,20.0,0.005952380952380931,18.8357251300001,-161.26557729538519,420.11119192374076,300.0,167.99999999998806,0.0,0.0,0.0,0.0,0.0,0.0,0.0
112.0,0.0,0.0,0.0,0.0,7.8538819485365385,1.0,20.0,0.005952380952380931,18.8416775109525,-168.57296703716048,417.2327345550543,300.0,167.99999999998806,0.0,0.0,0.0,0.0,0.0,0.0,0.0
113.0,0.0,0.0,0.0,0.0,7.853881948536433,1.0,20.0,0.005952380952380931,18.8476298919049,-175.82900782017316,414.2271840535982,300.0,167.99999999998806,0.0,0.0,0.0,0.0,0.0,0.0,0.0
114.0,0.0,0.0,0.0,0.0,7.8538819485366,1.0,20.0,0.005952380952381042,18.8535822728573,-183.0314893841101,411.0954559391704,300.0,167.99999999998806,0.0,0.0,0.0,0.0,0.0,0.0,0.0
115.0,0.0,0.0,0.0,0.0,7.853881948536526,1.0,20.0,0.005952380952380931,18.8595346538096,-190.17821778331475,407.8385041664925,300.0,167.99999999998806,0.0,0.0,0.0,0.0,0.0,0.0,0.0
116.0,0.0,0.0,0.0,0.0,7.8538819485366504,1.0,20.0,0.005952380952380931,18.865487034762,-197.26701605508492,404.4573208346251,300.0,167.99999999998806,0.0,0.0,0.0,0.0,0.0,0.0,0.0
117.0,0.0,0.0,0.0,0.0,7.853881948536456,1.0,20.0,0.005952380952380931,18.8714394157144,-204.2957248827961,400.95293588476557,300.0,167.99999999998806,0.0,0.0,0.0,0.0,0.0,0.0,0.0
118.0,0.0,0.0,0.0,0.0,7.853881948536438,1.0,20.0,0.005952380952380931,18.8773917966668,-211.2622032536508,397.3264167865172,300.0,167.99999999998806,0.0,0.0,0.0,0.0,0.0,0.0,0.0
119.0,0.0,0.0,0.0,0.0,7.853881948536667,1.0,20.0,0.005952380952381042,18.8833441776192,-218.1643291108517,393.5788682127281,300.0,167.99999999998806,0.0,0.0,0.0,0.0,0.0,0.0,0.0
120.0,0.0,0.0,0.0,0.0,7.853881948536472,1.0,20.0,0.005952380952380931,18.8892965585715,-224.99999999999994,389.71143170299734,300.0,167.99999999998806,0.0,0.0,0.0,0.0,0.0,0.0,0.0
121.0,0.0,0.0,0.0,0.0,7.853881948536681,1.0,20.0,0.005952380952380931,18.8952489395239,-231.7671337095245,385.7252853159505,300.0,167.99999999998806,0.0,0.0,0.0,0.0,0.0,0.0,0.0
122.0,0.0,0.0,0.0,0.0,7.853881948536435,1.0,20.0,0.005952380952380931,18.9012013204763,-238.4636689049422,381.62164327039164,300.0,167.99999999998806,0.0,0.0,0.0,0.0,0.0,0.0,0.0
123.0,0.0,0.0,0.0,0.0,7.853881948536596,1.0,20.0,0.005952380952380931,18.9071537014287,-245.08756575676222,377.40175557544075,300.0,167.99999999998806,0.0,0.0,0.0,0.0,0.0,0.0,0.0
124.0,0.0,0.0,0.0,0.0,7.853881948536495,1.0,20.0,0.005952380952380931,18.9131060823811,-251.63680656183607,373.0669076497687,300.0,167.99999999998806,0.0,0.0,0.0,0.0,0.0,0.0,0.0
125.0,0.0,0.0,0.0,0.0,7.853881948536416,1.0,20.0,0.005952380952381042,18.9190584633334,-258.10939635797064,368.61841993004634,300.0,167.99999999998806,0.0,0.0,0.0,0.0,0.0,0.0,0.0
126.0,0.0,0.0,0.0,0.0,7.853881948536684,1.0,20.0,0.005952380952380931,18.9250108442858,-264.50336353161293,364.0576474687263,300.0,167.99999999998806,0.0,0.0,0.0,0.0,0.0,0.0,0.0
127.0,0.0,0.0,0.0,0.0,7.853881948536653,1.0,20.0,0.005952380952380931,18.9309632252382,-270.81676041842184,359.3859795212817,300.0,167.99999999998806,0.0,0.0,0.0,0.0,0.0,0.0,0.0
128.0,0.0,0.0,0.0,0.0,7.8538819485364435,1.0,20.0,0.005952380952380931,18.9369156061906,-277.0476638965463,354.6048391230249,300.0,167.99999999998806,0.0,0.0,0.0,0.0,0.0,0.0,0.0
129.0,0.0,0.0,0.0,0.0,7.85388194853651,1.0,20.0,0.005952380952380931,18.942867987143,-283.1941759724269,349.7156826556369,300.0,167.99999999998806,0.0,0.0,0.0,0.0,0.0,0.0,0.0
130.0,0.0,0.0,0.0,0.0,7.85388194853665,1.0,20.0,0.005952380952381042,18.9488203680954,-289.2544243589428,344.71999940354004,300.0,167.99999999998806,0.0,0.0,0.0,0.0,0.0,0.0,0.0
131.0,0.0,0.0,0.0,0.0,7.853881948536648,1.0,20.0,0.005952380952380931,18.9547727490477,-295.2265630457284,339.6193111002472,300.0,167.99999999998806,0.0,0.0,0.0,0.0,0.0,0.0,0.0
132.0,0.0,0.0,0.0,0.0,7.85388194853642,1.0,20.0,0.005952380952380931,18.9607251300001,-301.1087728614863,334.4151714648273,300.0,167.99999999998806,0.0,0.0,0.0,0.0,0.0,0.0,0.0
133.0,0.0,0.0,0.0,0.0,7.853881948536448,1.0,20.0,0.005952380952380931,18.9666775109525,-306.8992620281243,329.1091657286267,300.0,167.99999999998806,0.0,0.0,0.0,0.0,0.0,0.0,0.0
134.0,0.0,0.0,0.0,0.0,7.853881948536459,1.0,20.0,0.005952380952380931,18.9726298919049,-312.59626670654876,323.7029101523931,300.0,167.99999999998806,0.0,0.0,0.0,0.0,0.0,0.0,0.0
135.0,0.0,0.0,0.0,0.0,7.853881948536647,1.0,20.0,0.005952380952381042,18.9785822728573,-318.1980515339464,318.19805153394634,300.0,167.99999999998806,0.0,0.0,0.0,0.0,0.0,0.0,0.0
136.0,0.0,0.0,0.0,0.0,7.853881948536688,1.0,20.0,0.005952380952380931,18.9845346538096,-323.70291015239314,312.59626670654865,300.0,167.99999999998806,0.0,0.0,0.0,0.0,0.0,0.0,0.0
137.0,0.0,0.0,0.0,0.0,7.853881948536457,1.0,20.0,0.005952380952380931,18.990487034762,-329.1091657286268,306.89926202812427,300.0,167.99999999998806,0.0,0.0,0.0,0.0,0.0,0.0,0.0
138.0,0.0,0.0,0.0,0.0,7.853881948536448,1.0,20.0,0.005952380952380931,18.9964394157144,-334.41517146482744,301.1087728614862,300.0,167.99999999998806,0.0,0.0,0.0,0.0,0.0,0.0,0.0
139.0,0.0,0.0,0.0,0.0,7.853881948536581,1.0,20.0,0.005952380952380931,19.0023917966668,-339.61931110024744,295.22656304572826,300.0,167.99999999998806,0.0,0.0,0.0,0.0,0.0,0.0,0.0
140.0,0.0,0.0,0.0,0.0,7.8538819485365305,1.0,20.0,0.005952380952381042,19.0083441776192,-344.71999940354016,289.2544243589427,300.0,167.99999999998806,0.0,0.0,0.0,0.0,0.0,0.0,0.0
141.0,0.0,0.0,0.0,0.0,7.85388194853641,1.0,20.0,0.005952380952380931,19.0142965585716,-349.71568265563684,283.19417597242693,300.0,167.99999999998806,0.0,0.0,0.0,0.0,0.0,0.0,0.0
142.0,0.0,0.0,0.0,0.0,7.8538819485366345,1.0,20.0,0.005952380952380931,19.0202489395239,-354.6048391230249,277.0476638965462,300.0,167.99999999998806,0.0,0.0,0.0,0.0,0.0,0.0,0.0
143.0,0.0,0.0,0.0,0.0,7.853881948536682,1.0,20.0,0.005952380952380931,19.0262013204763,-359.38597952128185,270.8167604184216,300.0,167.99999999998806,0.0,0.0,0.0,0.0,0.0,0.0,0.0
144.0,0.0,0.0,0.0,0.0,7.853881948536368,1.0,20.0,0.005952380952380931,19.0321537014287,-364.0576474687263,264.50336353161293,300.0,167.99999999998806,0.0,0.0,0.0,0.0,0.0,0.0,0.0
145.0,0.0,0.0,0.0,0.0,7.853881948536512,1.0,20.0,0.005952380952380931,19.0381060823811,-368.6184199300463,258.1093963579708,300.0,167.99999999998806,0.0,0.0,0.0,0.0,0.0,0.0,0.0
146.0,0.0,0.0,0.0,0.0,7.853881948536622,1.0,20.0,0.005952380952381042,19.0440584633335,-373.0669076497688,251.63680656183607,300.0,167.99999999998806,0.0,0.0,0.0,0.0,0.0,0.0,0.0
147.0,0.0,0.0,0.0,0.0,7.853881948536755,1.0,20.0,0.005952380952380931,19.0500108442858,-377.401755575441,245.08756575676202,300.0,167.99999999998806,0.0,0.0,0.0,0.0,0.0,0.0,0.0
148.0,0.0,0.0,0.0,0.0,7.853881948536415,1.0,20.0,0.005952380952380931,19.0559632252382,-381.62164327039176,238.46366890494215,300.0,167.99999999998806,0.0,0.0,0.0,0.0,0.0,0.0,0.0
149.0,0.0,0.0,0.0,0.0,7.853881948536404,1.0,20.0,0.005952380952380931,19.0619156061906,-385.72528531595054,231.76713370952444,300.0,167.99999999998806,0.0,0.0,0.0,0.0,0.0,0.0,0.0
150.0,0.0,0.0,0.0,0.0,7.853881948536684,1.0,20.0,0.005952380952380931,19.067867987143,-389.71143170299746,224.99999999999991,300.0,167.99999999998806,0.0,0.0,0.0,0.0,0.0,0.0,0.0
151.0,0.0,0.0,0.0,0.0,7.853881948536444,1.0,20.0,0.005952380952381042,19.0738203680954,-393.57886821272814,218.16432911085167,300.0,167.99999999998806,0.0,0.0,0.0,0.0,0.0,0.0,0.0
152.0,0.0,0.0,0.0,0.0,7.853881948536434,1.0,20.0,0.005952380952380931,19.0797727490477,-397.32641678651703,211.2622032536509,300.0,167.99999999998806,0.0,0.0,0.0,0.0,0.0,0.0,0.0
153.0,0.0,0.0,0.0,0.0,7.853881948536616,1.0,20.0,0.005952380952380931,19.0857251300001,-400.95293588476545,204.29572488279604,300.0,167.99999999998806,0.0,0.0,0.0,0.0,0.0,0.0,0.0
154.0,0.0,0.0,0.0,0.0,7.853881948536685,1.0,20.0,0.005952380952380931,19.0916775109525,-404.4573208346252,197.26701605508472,300.0,167.99999999998806,0.0,0.0,0.0,0.0,0.0,0.0,0.0
155.0,0.0,0.0,0.0,0.0,7.853881948536448,1.0,20.0,0.005952380952380931,19.0976298919049,-407.8385041664925,190.17821778331472,300.0,167.99999999998806,0.0,0.0,0.0,0.0,0.0,0.0,0.0
156.0,0.0,0.0,0.0,0.0,7.853881948536475,1.0,20.0,0.005952380952381153,19.1035822728573,-411.0954559391704,183.03148938411013,300.0,167.99999999998806,0.0,0.0,0.0,0.0,0.0,0.0,0.0
157.0,0.0,0.0,0.0,0.0,7.853881948536424,1.0,20.0,0.005952380952380931,19.1095346538097,-414.2271840535981,175.82900782017333,300.0,167.99999999998806,0.0,0.0,0.0,0.0,0.0,0.0,0.0
158.0,0.0,0.0,0.0,0.0,7.85388194853666,1.0,20.0,0.005952380952380931,19.115487034762,-417.2327345550543,168.57296703716045,300.0,167.99999999998806,0.0,0.0,0.0,0.0,0.0,0.0,0.0
159.0,0.0,0.0,0.0,0.0,7.853881948536644,1.0,20.0,0.005952380952380931,19.1214394157144,-420.11119192374076,161.26557729538504,300.0,167.99999999998806,0.0,0.0,0.0,0.0,0.0,0.0,0.0
160.0,0.0,0.0,0.0,0.0,7.853881948536441,1.0,20.0,0.005952380952380931,19.1273917966668,-422.8616793536587,153.90906449655094,300.0,167.99999999998806,0.0,0.0,0.0,0.0,0.0,0.0,0.0
161.0,0.0,0.0,0.0,0.0,7.853881948536461,1.0,20.0,0.005952380952380931,19.1333441776192,-425.48335901969256,146.50566950572062,300.0,167.99999999998806,0.0,0.0,0.0,0.0,0.0,0.0,0.0
162.0,0.0,0.0,0.0,0.0,7.853881948536671,1.0,20.0,0.005952380952380931,19.1392965585716,-427.9754323328191,139.05764746872632,300.0,167.99999999998806,0.0,0.0,0.0,0.0,0.0,0.0,0.0
163.0,0.0,0.0,0.0,0.0,7.853881948536437,1.0,20.0,0.005952380952380931,19.1452489395239,-430.33714018336593,131.5672671252316,300.0,167.99999999998806,0.0,0.0,0.0,0.0,0.0,0.0,0.0
164.0,0.0,0.0,0.0,0.0,7.853881948536457,1.0,20.0,0.005952380952380931,19.1512013204763,-432.5677631722434,124.0368101176498,300.0,167.99999999998806,0.0,0.0,0.0,0.0,0.0,0.0,0.0
165.0,0.0,0.0,0.0,0.0,7.853881948536653,1.0,20.0,0.005952380952380931,19.1571537014287,-434.6666218300807,116.4685702961344,300.0,167.99999999998806,0.0,0.0,0.0,0.0,0.0,0.0,0.0
166.0,0.0,0.0,0.0,0.0,7.853881948536653,1.0,20.0,0.005975851292295831,19.163129552721,-436.6330768241984,108.86485301985041,300.0,167.34017482816307,0.0,0.0,0.0,-110.41525960921678,0.0,0.0,0.0
167.0,0.0,0.0,0.0,0.0,7.853881948536636,1.0,20.0,0.006164392961719445,19.1692939456827,-438.46652915335585,101.2279744547391,300.0,162.22197484972799,0.0,0.0,0.0,-830.2845081775748,0.0,0.0,0.0
168.0,0.0,0.0,0.0,0.0,7.853881948536463,1.0,20.0,0.006406408074997927,19.1757003537577,-440.16642033021253,93.56026086799163,300.0,156.0937093443464,0.0,0.0,0.0,-956.5836945820181,0.0,0.0,0.0
169.0,0.0,0.0,0.0,0.0,7.853881948536464,1.0,20.0,0.006679384870785121,19.1823797386285,-441.73223255144876,85.86404791944517,300.0,149.71438528325484,0.0,0.0,0.0,-955.0765803289986,0.0,0.0,0.0
170.0,0.0,0.0,0.0,0.0,7.853881948536627,1.0,20.0,0.006990548431875521,19.1893702870604,-443.1634888554936,78.14167995011857,300.0,143.0502927982208,0.0,0.0,0.0,-953.3003812185433,0.0,0.0,0.0
171.0,0.0,0.0,0.0,0.0,7.853881948536469,1.0,20.0,0.0073497307105352405,19.1967200177709,-444.45975326781195,70.39550926810388,300.0,136.05940671630069,0.0,0.0,0.0,-951.175812727294,0.0,0.0,0.0
172.0,0.0,0.0,0.0,0.0,7.853881948536452,1.0,20.0,0.007770721053281582,19.2044907388242,-445.6206309337066,62.627895432029526,300.0,128.6881864814425,0.0,0.0,0.0,-948.5889641792126,0.0,0.0,0.0
173.0,0.0,0.0,0.0,0.0,7.853881948536645,1.0,20.0,0.008273585141014284,19.2127643239652,-446.6457682385949,54.84120453231634,300.0,120.86658721172726,0.0,0.0,0.0,-945.3700102682188,0.0,0.0,0.0
174.0,0.0,0.0,0.0,0.0,7.8538819485364595,1.0,20.0,0.008888898658009792,19.2216532226232,-447.534852915723,47.03780847044412,300.0,112.49987635970788,0.0,0.0,0.0,-941.2539363896066,0.0,0.0,0.0
175.0,0.0,0.0,0.0,0.0,7.853881948536458,1.0,20.0,0.0096661025366791,19.2313193251599,-448.28761414128553,39.220084236446326,300.0,103.45431327729163,0.0,0.0,0.0,-935.8025168977946,0.0,0.0,0.0
176.0,0.0,0.0,0.0,0.0,7.853881948536641,1.0,20.0,0.01069177397679888,19.2420110991367,-448.9038226169209,31.390413184856428,300.0,93.529848476971,0.0,0.0,0.0,-928.2336889890212,0.0,0.0,0.0
177.0,0.0,0.0,0.0,0.0,7.8538819485366576,1.0,20.0,0.012135708676294099,19.254146807813,-449.38329063955825,23.551180309324653,300.0,82.40145068358929,0.0,0.0,0.0,-916.9961219587068,0.0,0.0,0.0
178.0,0.0,0.0,0.0,0.0,7.853881948536653,1.0,20.0,0.014395192533238843,19.2685420003462,-449.7258721585931,15.704773516125256,300.0,69.46763634393426,0.0,0.0,0.0,-898.4815110871178,0.0,0.0,0.0
179.0,0.0,0.0,0.0,0.0,7.853881948536451,1.0,20.0,0.018760180156250916,19.2873021805025,-449.93146282037605,7.853582896777489,300.0,53.30439215781128,0.0,0.0,0.0,-861.5719066395626,0.0,0.0,0.0
180.0,0.0,0.0,0.0,0.0,7.853881948536453,1.0,20.0,0.04529108136578386,19.3325932618683,-450.0,-3.673940397442067e-15,300.0,22.079402165819495,0.0,0.0,0.0,-689.4291116568754,0.0,0.0,0.0
179.0,0.0,0.0,0.0,0.0,7.853881948536453,1.0,21.0,0.0,19.3325932618683,-449.93146282037605,7.853582896777489,300.0,0.0,0.0,0.0,0.0,0.0,0.0,0.0,0.0
178.0,0.0,0.0,0.0,0.0,7.853881948536451,1.0,21.0,0.06405126152203486,19.3966445233903,-449.7258721585931,15.704773516125256,300.0,-15.612494995995906,0.0,0.0,0.0,-243.74999999999721,0.0,0.0,0.0
177.0,0.0,0.0,0.0,0.0,7.853881948536653,1.0,21.0,0.01439519253323876,19.4110397159235,-449.38329063955825,23.551180309324653,300.0,-69.46763634393426,0.0,0.0,0.0,-3741.1893744097592,0.0,0.0,0.0
176.0,0.0,0.0,0.0,0.0,7.8538819485366576,1.0,21.0,0.012135708676294044,19.4231754245998,-448.9038226169209,31.390413184856428,300.0,-82.40145068358929,0.0,0.0,0.0,-1065.7650644597838,0.0,0.0,0.0
175.0,0.0,0.0,0.0,0.0,7.853881948536641,1.0,21.0,0.010691773976799004,19.4338671985766,-448.28761414128553,39.220084236446326,300.0,-93.529848476971,0.0,0.0,0.0,-1040.8373594064494,0.0,0.0,0.0
174.0,0.0,0.0,0.0,0.0,7.853881948536458,1.0,21.0,0.009666102536679155,19.4435333011133,-447.534852915723,47.03780847044412,300.0,-103.45431327729163,0.0,0.0,0.0,-1026.7286905618246,0.0,0.0,0.0
173.0,0.0,0.0,0.0,0.0,7.8538819485364595,1.0,21.0,0.008888898658009792,19.4524221997713,-446.6457682385949,54.84120453231634,300.0,-112.49987635970788,0.0,0.0,0.0,-1017.6247283757664,0.0,0.0,0.0
172.0,0.0,0.0,0.0,0.0,7.853881948536645,1.0,21.0,0.008273585141014103,19.4606957849123,-445.6206309337066,62.627895432029526,300.0,-120.86658721172726,0.0,0.0,0.0,-1011.2557868709054,0.0,0.0,0.0
171.0,0.0,0.0,0.0,0.0,7.853881948536452,1.0,21.0,0.007770721053281776,19.4684665059656,-444.45975326781195,70.39550926810388,300.0,-128.6881864814425,0.0,0.0,0.0,-1006.5474254042286,0.0,0.0,0.0
170.0,0.0,0.0,0.0,0.0,7.853881948536469,1.0,21.0,0.007349730710535074,19.4758162366762,-443.1634888554936,78.14167995011857,300.0,-136.05940671630069,0.0,0.0,0.0,-1002.9238519299954,0.0,0.0,0.0
169.0,0.0,0.0,0.0,0.0,7.853881948536627,1.0,21.0,0.006990548431875604,19.482806785108,-441.73223255144876,85.86404791944517,300.0,-143.0502927982208,0.0,0.0,0.0,-1000.0483009376783,0.0,0.0,0.0
168.0,0.0,0.0,0.0,0.0,7.853881948536464,1.0,21.0,0.006679384870785066,19.4894861699788,-440.16642033021253,93.56026086799163,300.0,-149.71438528329466,0.0,0.0,0.0,-997.7105098738573,0.0,0.0,0.0
167.0,0.0,0.0,0.0,0.0,7.853881948536463,1.0,21.0,0.006406408074997982,19.4958925780538,-438.46652915335585,101.2279744547391,300.0,-156.0937093443464,0.0,0.0,0.0,-995.7723557992045,0.0,0.0,0.0
166.0,0.0,0.0,0.0,0.0,7.853881948536636,1.0,21.0,0.006164392961719473,19.5020569710155,-436.6330768241984,108.86485301985041,300.0,-162.22197484972799,0.0,0.0,0.0,-994.139332686468,0.0,0.0,0.0
165.0,0.0,0.0,0.0,0.0,7.853881948536653,1.0,21.0,0.005975851292295747,19.5080328223078,-434.6666218300807,116.4685702961344,300.0,-167.34017482816307,0.0,0.0,0.0,-856.4804791968278,0.0,0.0,0.0
164.0,0.0,0.0,0.0,0.0,7.853881948536653,1.0,21.0,0.005952380952380959,19.5139852032602,-432.5677631722434,124.0368101176498,300.0,-167.99999999998806,0.0,0.0,0.0,-110.85062886659065,0.0,0.0,0.0
163.0,0.0,0.0,0.0,0.0,7.853881948536457,1.0,21.0,0.005952380952380931,19.5199375842126,-430.33714018336593,131.5672671252316,300.0,-167.99999999998806,0.0,0.0,0.0,0.0,0.0,0.0,0.0
162.0,0.0,0.0,0.0,0.0,7.853881948536437,1.0,21.0,0.005952380952380959,19.525889965165,-427.9754323328191,139.05764746872632,300.0,-167.99999999998806,0.0,0.0,0.0,0.0,0.0,0.0,0.0
161.0,0.0,0.0,0.0,0.0,7.853881948536671,1.0,21.0,0.005952380952380959,19.5318423461174,-425.48335901969256,146.50566950572062,300.0,-167.99999999998806,0.0,0.0,0.0,0.0,0.0,0.0,0.0
160.0,0.0,0.0,0.0,0.0,7.853881948536461,1.0,21.0,0.005952380952380959,19.5377947270697,-422.8616793536587,153.90906449655094,300.0,-167.99999999998806,0.0,0.0,0.0,0.0,0.0,0.0,0.0
159.0,0.0,0.0,0.0,0.0,7.853881948536441,1.0,21.0,0.005952380952380931,19.5437471080221,-420.11119192374076,161.26557729538504,300.0,-167.99999999998806,0.0,0.0,0.0,0.0,0.0,0.0,0.0
158.0,0.0,0.0,0.0,0.0,7.853881948536644,1.0,21.0,0.005952380952380959,19.5496994889745,-417.2327345550543,168.57296703716045,300.0,-167.99999999998806,0.0,0.0,0.0,0.0,0.0,0.0,0.0
157.0,0.0,0.0,0.0,0.0,7.85388194853666,1.0,21.0,0.005952380952380959,19.5556518699269,-414.2271840535981,175.82900782017333,300.0,-167.99999999998806,0.0,0.0,0.0,0.0,0.0,0.0,0.0
156.0,0.0,0.0,0.0,0.0,7.853881948536424,1.0,21.0,0.005952380952380959,19.5616042508793,-411.0954559391704,183.03148938411013,300.0,-167.99999999998806,0.0,0.0,0.0,0.0,0.0,0.0,0.0
155.0,0.0,0.0,0.0,0.0,7.853881948536475,1.0,21.0,0.005952380952380959,19.5675566318316,-407.8385041664925,190.17821778331472,300.0,-167.99999999998806,0.0,0.0,0.0,0.0,0.0,0.0,0.0
154.0,0.0,0.0,0.0,0.0,7.853881948536448,1.0,21.0,0.005952380952380931,19.573509012784,-404.4573208346252,197.26701605508472,300.0,-167.99999999998806,0.0,0.0,0.0,0.0,0.0,0.0,0.0
153.0,0.0,0.0,0.0,0.0,7.853881948536685,1.0,21.0,0.005952380952380959,19.5794613937364,-400.95293588476545,204.29572488279604,300.0,-167.99999999998806,0.0,0.0,0.0,0.0,0.0,0.0,0.0
152.0,0.0,0.0,0.0,0.0,7.853881948536616,1.0,21.0,0.005952380952380959,19.5854137746888,-397.32641678651703,211.2622032536509,300.0,-167.99999999998806,0.0,0.0,0.0,0.0,0.0,0.0,0.0
151.0,0.0,0.0,0.0,0.0,7.853881948536434,1.0,21.0,0.005952380952380931,19.5913661556412,-393.57886821272814,218.16432911085167,300.0,-167.99999999998806,0.0,0.0,0.0,0.0,0.0,0.0,0.0
150.0,0.0,0.0,0.0,0.0,7.853881948536444,1.0,21.0,0.005952380952380987,19.5973185365935,-389.71143170299746,224.99999999999991,300.0,-167.99999999998806,0.0,0.0,0.0,0.0,0.0,0.0,0.0
149.0,0.0,0.0,0.0,0.0,7.853881948536684,1.0,21.0,0.005952380952380931,19.6032709175459,-385.72528531595054,231.76713370952444,300.0,-167.99999999998806,0.0,0.0,0.0,0.0,0.0,0.0,0.0
148.0,0.0,0.0,0.0,0.0,7.853881948536404,1.0,21.0,0.005952380952380931,19.6092232984983,-381.62164327039176,238.46366890494215,300.0,-167.99999999998806,0.0,0.0,0.0,0.0,0.0,0.0,0.0
147.0,0.0,0.0,0.0,0.0,7.853881948536415,1.0,21.0,0.005952380952380987,19.6151756794507,-377.401755575441,245.08756575676202,300.0,-167.99999999998806,0.0,0.0,0.0,0.0,0.0,0.0,0.0
146.0,0.0,0.0,0.0,0.0,7.853881948536755,1.0,21.0,0.005952380952380931,19.6211280604031,-373.0669076497688,251.63680656183607,300.0,-167.99999999998806,0.0,0.0,0.0,0.0,0.0,0.0,0.0
145.0,0.0,0.0,0.0,0.0,7.853881948536622,1.0,21.0,0.005952380952380987,19.6270804413555,-368.6184199300463,258.1093963579708,300.0,-167.99999999998806,0.0,0.0,0.0,0.0,0.0,0.0,0.0
144.0,0.0,0.0,0.0,0.0,7.853881948536512,1.0,21.0,0.005952380952380931,19.6330328223078,-364.0576474687263,264.50336353161293,300.0,-167.99999999998806,0.0,0.0,0.0,0.0,0.0,0.0,0.0
143.0,0.0,0.0,0.0,0.0,7.853881948536368,1.0,21.0,0.005952380952380931,19.6389852032602,-359.38597952128185,270.8167604184216,300.0,-167.99999999998806,0.0,0.0,0.0,0.0,0.0,0.0,0.0
142.0,0.0,0.0,0.0,0.0,7.853881948536682,1.0,21.0,0.005952380952380931,19.6449375842126,-354.6048391230249,277.0476638965462,300.0,-167.99999999998806,0.0,0.0,0.0,0.0,0.0,0.0,0.0
141.0,0.0,0.0,0.0,0.0,7.8538819485366345,1.0,21.0,0.005952380952380987,19.650889965165,-349.71568265563684,283.19417597242693,300.0,-167.99999999998806,0.0,0.0,0.0,0.0,0.0,0.0,0.0
140.0,0.0,0.0,0.0,0.0,7.85388194853641,1.0,21.0,0.005952380952380987,19.6568423461174,-344.71999940354016,289.2544243589427,300.0,-167.99999999998806,0.0,0.0,0.0,0.0,0.0,0.0,0.0
139.0,0.0,0.0,0.0,0.0,7.8538819485365305,1.0,21.0,0.005952380952380931,19.6627947270697,-339.61931110024744,295.22656304572826,300.0,-167.99999999998806,0.0,0.0,0.0,0.0,0.0,0.0,0.0
138.0,0.0,0.0,0.0,0.0,7.853881948536581,1.0,21.0,0.005952380952380931,19.6687471080221,-334.41517146482744,301.1087728614862,300.0,-167.99999999998806,0.0,0.0,0.0,0.0,0.0,0.0,0.0
137.0,0.0,0.0,0.0,0.0,7.853881948536448,1.0,21.0,0.005952380952380931,19.6746994889745,-329.1091657286268,306.89926202812427,300.0,-167.99999999998806,0.0,0.0,0.0,0.0,0.0,0.0,0.0
136.0,0.0,0.0,0.0,0.0,7.853881948536457,1.0,21.0,0.005952380952380987,19.6806518699269,-323.70291015239314,312.59626670654865,300.0,-167.99999999998806,0.0,0.0,0.0,0.0,0.0,0.0,0.0
135.0,0.0,0.0,0.0,0.0,7.853881948536688,1.0,21.0,0.005952380952380987,19.6866042508793,-318.1980515339464,318.19805153394634,300.0,-167.99999999998806,0.0,0.0,0.0,0.0,0.0,0.0,0.0
134.0,0.0,0.0,0.0,0.0,7.853881948536647,1.0,21.0,0.005952380952380931,19.6925566318316,-312.59626670654876,323.7029101523931,300.0,-167.99999999998806,0.0,0.0,0.0,0.0,0.0,0.0,0.0
133.0,0.0,0.0,0.0,0.0,7.853881948536459,1.0,21.0,0.005952380952380931,19.698509012784,-306.8992620281243,329.1091657286267,300.0,-167.99999999998806,0.0,0.0,0.0,0.0,0.0,0.0,0.0
132.0,0.0,0.0,0.0,0.0,7.853881948536448,1.0,21.0,0.005952380952380931,19.7044613937364,-301.1087728614863,334.4151714648273,300.0,-167.99999999998806,0.0,0.0,0.0,0.0,0.0,0.0,0.0
131.0,0.0,0.0,0.0,0.0,7.85388194853642,1.0,21.0,0.005952380952380987,19.7104137746888,-295.2265630457284,339.6193111002472,300.0,-167.99999999998806,0.0,0.0,0.0,0.0,0.0,0.0,0.0
130.0,0.0,0.0,0.0,0.0,7.853881948536648,1.0,21.0,0.005952380952380987,19.7163661556412,-289.2544243589428,344.71999940354004,300.0,-167.99999999998806,0.0,0.0,0.0,0.0,0.0,0.0,0.0
129.0,0.0,0.0,0.0,0.0,7.85388194853665,1.0,21.0,0.005952380952380931,19.7223185365936,-283.1941759724269,349.7156826556369,300.0,-167.99999999998806,0.0,0.0,0.0,0.0,0.0,0.0,0.0
128.0,0.0,0.0,0.0,0.0,7.85388194853651,1.0,21.0,0.005952380952380931,19.7282709175459,-277.0476638965463,354.6048391230249,300.0,-167.99999999998806,0.0,0.0,0.0,0.0,0.0,0.0,0.0
127.0,0.0,0.0,0.0,0.0,7.8538819485364435,1.0,21.0,0.005952380952380931,19.7342232984983,-270.81676041842184,359.3859795212817,300.0,-167.99999999998806,0.0,0.0,0.0,0.0,0.0,0.0,0.0
126.0,0.0,0.0,0.0,0.0,7.853881948536653,1.0,21.0,0.005952380952380987,19.7401756794507,-264.50336353161293,364.0576474687263,300.0,-167.99999999998806,0.0,0.0,0.0,0.0,0.0,0.0,0.0
125.0,0.0,0.0,0.0,0.0,7.853881948536684,1.0,21.0,0.005952380952380931,19.7461280604031,-258.10939635797064,368.61841993004634,300.0,-167.99999999998806,0.0,0.0,0.0,0.0,0.0,0.0,0.0
124.0,0.0,0.0,0.0,0.0,7.853881948536416,1.0,21.0,0.005952380952380987,19.7520804413555,-251.63680656183607,373.0669076497687,300.0,-167.99999999998806,0.0,0.0,0.0,0.0,0.0,0.0,0.0
123.0,0.0,0.0,0.0,0.0,7.853881948536495,1.0,21.0,0.005952380952380931,19.7580328223078,-245.08756575676222,377.40175557544075,300.0,-167.99999999998806,0.0,0.0,0.0,0.0,0.0,0.0,0.0
122.0,0.0,0.0,0.0,0.0,7.853881948536596,1.0,21.0,0.005952380952380931,19.7639852032602,-238.4636689049422,381.62164327039164,300.0,-167.99999999998806,0.0,0.0,0.0,0.0,0.0,0.0,0.0
121.0,0.0,0.0,0.0,0.0,7.853881948536435,1.0,21.0,0.005952380952380931,19.7699375842126,-231.7671337095245,385.7252853159505,300.0,-167.99999999998806,0.0,0.0,0.0,0.0,0.0,0.0,0.0
120.0,0.0,0.0,0.0,0.0,7.853881948536681,1.0,21.0,0.005952380952381042,19.775889965165,-224.99999999999994,389.71143170299734,300.0,-167.99999999998806,0.0,0.0,0.0,0.0,0.0,0.0,0.0
119.0,0.0,0.0,0.0,0.0,7.853881948536472,1.0,21.0,0.005952380952380931,19.7818423461174,-218.1643291108517,393.5788682127281,300.0,-167.99999999998806,0.0,0.0,0.0,0.0,0.0,0.0,0.0
118.0,0.0,0.0,0.0,0.0,7.853881948536667,1.0,21.0,0.005952380952380931,19.7877947270698,-211.2622032536508,397.3264167865172,300.0,-167.99999999998806,0.0,0.0,0.0,0.0,0.0,0.0,0.0
117.0,0.0,0.0,0.0,0.0,7.853881948536438,1.0,21.0,0.005952380952380931,19.7937471080221,-204.2957248827961,400.95293588476557,300.0,-167.99999999998806,0.0,0.0,0.0,0.0,0.0,0.0,0.0
116.0,0.0,0.0,0.0,0.0,7.853881948536456,1.0,21.0,0.005952380952380931,19.7996994889745,-197.26701605508492,404.4573208346251,300.0,-167.99999999998806,0.0,0.0,0.0,0.0,0.0,0.0,0.0
115.0,0.0,0.0,0.0,0.0,7.8538819485366504,1.0,21.0,0.005952380952380931,19.8056518699269,-190.17821778331475,407.8385041664925,300.0,-167.99999999998806,0.0,0.0,0.0,0.0,0.0,0.0,0.0
114.0,0.0,0.0,0.0,0.0,7.853881948536526,1.0,21.0,0.005952380952381042,19.8116042508793,-183.0314893841101,411.0954559391704,300.0,-167.99999999998806,0.0,0.0,0.0,0.0,0.0,0.0,0.0
113.0,0.0,0.0,0.0,0.0,7.8538819485366,1.0,21.0,0.005952380952380931,19.8175566318317,-175.82900782017316,414.2271840535982,300.0,-167.99999999998806,0.0,0.0,0.0,0.0,0.0,0.0,0.0
112.0,0.0,0.0,0.0,0.0,7.853881948536433,1.0,21.0,0.005952380952380931,19.823509012784,-168.57296703716048,417.2327345550543,300.0,-167.99999999998806,0.0,0.0,0.0,0.0,0.0,0.0,0.0
111.0,0.0,0.0,0.0,0.0,7.8538819485365385,1.0,21.0,0.005952380952380931,19.8294613937364,-161.26557729538519,420.11119192374076,300.0,-167.99999999998806,0.0,0.0,0.0,0.0,0.0,0.0,0.0
110.0,0.0,0.0,0.0,0.0,7.853881948536587,1.0,21.0,0.005952380952380931,19.8354137746888,-153.90906449655097,422.8616793536588,300.0,-167.99999999998806,0.0,0.0,0.0,0.0,0.0,0.0,0.0
109.0,0.0,0.0,0.0,0.0,7.853881948536611,1.0,21.0,0.005952380952381042,19.8413661556412,-146.50566950572045,425.48335901969256,300.0,-167.99999999998806,0.0,0.0,0.0,0.0,0.0,0.0,0.0
108.0,0.0,0.0,0.0,0.0,7.853881948536474,1.0,21.0,0.005952380952380931,19.8473185365936,-139.05764746872637,427.97543233281914,300.0,-167.99999999998806,0.0,0.0,0.0,0.0,0.0,0.0,0.0
107.0,0.0,0.0,0.0,0.0,7.853881948536546,1.0,21.0,0.005952380952380931,19.8532709175459,-131.56726712523155,430.337140183366,300.0,-167.99999999998806,0.0,0.0,0.0,0.0,0.0,0.0,0.0
106.0,0.0,0.0,0.0,0.0,7.853881948536581,1.0,21.0,0.005952380952380931,19.8592232984983,-124.03681011764962,432.56776317224353,300.0,-167.99999999998806,0.0,0.0,0.0,0.0,0.0,0.0,0.0
105.0,0.0,0.0,0.0,0.0,7.853881948536433,1.0,21.0,0.005952380952380931,19.8651756794507,-116.46857029613444,434.66662183008077,300.0,-167.99999999998806,0.0,0.0,0.0,0.0,0.0,0.0,0.0
104.0,0.0,0.0,0.0,0.0,7.853881948536543,1.0,21.0,0.005952380952381042,19.8711280604031,-108.86485301985056,436.6330768241984,300.0,-167.99999999998806,0.0,0.0,0.0,0.0,0.0,0.0,0.0
103.0,0.0,0.0,0.0,0.0,7.853881948536664,1.0,21.0,0.005952380952380931,19.8770804413555,-101.22797445473921,438.46652915335585,300.0,-167.99999999998806,0.0,0.0,0.0,0.0,0.0,0.0,0.0
102.0,0.0,0.0,0.0,0.0,7.8538819485365465,1.0,21.0,0.005952380952380931,19.8830328223079,-93.56026086799166,440.16642033021253,300.0,-167.99999999998806,0.0,0.0,0.0,0.0,0.0,0.0,0.0
101.0,0.0,0.0,0.0,0.0,7.853881948536436,1.0,21.0,0.005952380952380931,19.8889852032602,-85.86404791944523,441.73223255144876,300.0,-167.99999999998806,0.0,0.0,0.0,0.0,0.0,0.0,0.0
100.0,0.0,0.0,0.0,0.0,7.853881948536571,1.0,21.0,0.005952380952380931,19.8949375842126,-78.14167995011869,443.1634888554936,300.0,-167.99999999998806,0.0,0.0,0.0,0.0,0.0,0.0,0.0
99.0,0.0,0.0,0.0,0.0,7.853881948536442,1.0,21.0,0.005952380952381042,19.900889965165,-70.39550926810402,444.45975326781195,300.0,-167.99999999998806,0.0,0.0,0.0,0.0,0.0,0.0,0.0
98.0,0.0,0.0,0.0,0.0,7.853881948536664,1.0,21.0,0.005952380952380931,19.9068423461174,-62.62789543202946,445.62063093370665,300.0,-167.99999999998806,0.0,0.0,0.0,0.0,0.0,0.0,0.0
97.0,0.0,0.0,0.0,0.0,7.853881948536554,1.0,21.0,0.005952380952380931,19.9127947270698,-54.84120453231637,446.64576823859494,300.0,-167.99999999998806,0.0,0.0,0.0,0.0,0.0,0.0,0.0
96.0,0.0,0.0,0.0,0.0,7.853881948536544,1.0,21.0,0.005952380952380931,19.9187471080221,-47.03780847044406,447.53485291572304,300.0,-167.99999999998806,0.0,0.0,0.0,0.0,0.0,0.0,0.0
95.0,0.0,0.0,0.0,0.0,7.8538819485364595,1.0,21.0,0.005952380952380931,19.9246994889745,-39.22008423644626,448.28761414128553,300.0,-167.99999999998806,0.0,0.0,0.0,0.0,0.0,0.0,0.0
94.0,0.0,0.0,0.0,0.0,7.853881948536545,1.0,21.0,0.005952380952380931,19.9306518699269,-31.39041318485646,448.9038226169209,300.0,-167.99999999998806,0.0,0.0,0.0,0.0,0.0,0.0,0.0
93.0,0.0,0.0,0.0,0.0,7.853881948536654,1.0,21.0,0.005952380952381042,19.9366042508793,-23.55118030932469,449.38329063955825,300.0,-167.99999999998806,0.0,0.0,0.0,0.0,0.0,0.0,0.0
92.0,0.0,0.0,0.0,0.0,7.853881948536555,1.0,21.0,0.005952380952380931,19.9425566318317,-15.704773516125389,449.7258721585931,300.0,-167.99999999998806,0.0,0.0,0.0,0.0,0.0,0.0,0.0
91.0,0.0,0.0,0.0,0.0,7.853881948536449,1.0,21.0,0.005952380952380931,19.948509012784,-7.853582896777624,449.93146282037605,300.0,-167.99999999998806,0.0,0.0,0.0,0.0,0.0,0.0,0.0
90.0,0.0,0.0,0.0,0.0,7.853881948536554,1.0,21.0,0.005952380952380931,19.9544613937364,-3.1228493378257513e-14,450.0,300.0,-167.99999999998806,0.0,0.0,0.0,0.0,0.0,0.0,0.0
89.0,0.0,0.0,0.0,0.0,7.853881948536452,1.0,21.0,0.005952380952380931,19.9604137746888,7.853582896777461,449.93146282037605,300.0,-167.99999999998806,0.0,0.0,0.0,0.0,0.0,0.0,0.0
88.0,0.0,0.0,0.0,0.0,7.853881948536651,1.0,21.0,0.005952380952381042,19.9663661556412,15.704773516125428,449.7258721585931,300.0,-167.99999999998806,0.0,0.0,0.0,0.0,0.0,0.0,0.0
87.0,0.0,0.0,0.0,0.0,7.853881948536552,1.0,21.0,0.005952380952380931,19.9723185365936,23.551180309324725,449.38329063955825,300.0,-167.99999999998806,0.0,0.0,0.0,0.0,0.0,0.0,0.0
86.0,0.0,0.0,0.0,0.0,7.8538819485365545,1.0,21.0,0.005952380952380931,19.978270917546,31.390413184856396,448.9038226169209,300.0,-167.99999999998806,0.0,0.0,0.0,0.0,0.0,0.0,0.0
85.0,0.0,0.0,0.0,0.0,7.853881948536453,1.0,21.0,0.005952380952380931,19.9842232984983,39.220084236446105,448.28761414128553,300.0,-167.99999999998806,0.0,0.0,0.0,0.0,0.0,0.0,0.0
84.0,0.0,0.0,0.0,0.0,7.853881948536557,1.0,21.0,0.005952380952380931,19.9901756794507,47.037808470444,447.534852915723,300.0,-167.99999999998806,0.0,0.0,0.0,0.0,0.0,0.0,0.0
83.0,0.0,0.0,0.0,0.0,7.853881948536551,1.0,21.0,0.005952380952381042,19.9961280604031,54.84120453231631,446.6457682385949,300.0,-167.99999999998806,0.0,0.0,0.0,0.0,0.0,0.0,0.0
82.0,0.0,0.0,0.0,0.0,7.853881948536652,1.0,21.0,0.005952380952380931,20.0020804413555,62.627895432029504,445.6206309337066,300.0,-167.99999999998806,0.0,0.0,0.0,0.0,0.0,0.0,0.0
81.0,0.0,0.0,0.0,0.0,7.853881948536451,1.0,21.0,0.005952380952380931,20.0080328223079,70.39550926810386,444.459753267812,300.0,-167.99999999998806,0.0,0.0,0.0,0.0,0.0,0.0,0.0
80.0,0.0,0.0,0.0,0.0,7.853881948536549,1.0,21.0,0.005952380952380931,20.0139852032602,78.14167995011863,443.1634888554936,300.0,-167.99999999998806,0.0,0.0,0.0,0.0,0.0,0.0,0.0
79.0,0.0,0.0,0.0,0.0,7.853881948536557,1.0,21.0,0.005952380952380931,20.0199375842126,85.86404791944516,441.73223255144876,300.0,-167.99999999998806,0.0,0.0,0.0,0.0,0.0,0.0,0.0
78.0,0.0,0.0,0.0,0.0,7.853881948536548,1.0,21.0,0.005952380952380931,20.025889965165,93.5602608679917,440.16642033021253,300.0,-167.99999999998806,0.0,0.0,0.0,0.0,0.0,0.0,0.0
77.0,0.0,0.0,0.0,0.0,7.853881948536449,1.0,21.0,0.005952380952380931,20.0318423461174,101.22797445473915,438.46652915335585,300.0,-167.99999999998806,0.0,0.0,0.0,0.0,0.0,0.0,0.0
76.0,0.0,0.0,0.0,0.0,7.853881948536664,1.0,21.0,0.005952380952381042,20.0377947270698,108.8648530198505,436.6330768241984,300.0,-167.99999999998806,0.0,0.0,0.0,0.0,0.0,0.0,0.0
75.0,0.0,0.0,0.0,0.0,7.853881948536447,1.0,21.0,0.005952380952380931,20.0437471080221,116.46857029613429,434.66662183008077,300.0,-167.99999999998806,0.0,0.0,0.0,0.0,0.0,0.0,0.0
74.0,0.0,0.0,0.0,0.0,7.853881948536529,1.0,21.0,0.005952380952380931,20.0496994889745,124.03681011764957,432.56776317224353,300.0,-167.99999999998806,0.0,0.0,0.0,0.0,0.0,0.0,0.0
73.0,0.0,0.0,0.0,0.0,7.8538819485365705,1.0,21.0,0.005952380952380931,20.0556518699269,131.56726712523147,430.33714018336593,300.0,-167.99999999998806,0.0,0.0,0.0,0.0,0.0,0.0,0.0
72.0,0.0,0.0,0.0,0.0,7.853881948536546,1.0,21.0,0.005952380952380931,20.0616042508793,139.0576474687263,427.9754323328191,300.0,-167.99999999998806,0.0,0.0,0.0,0.0,0.0,0.0,0.0
71.0,0.0,0.0,0.0,0.0,7.85388194853659,1.0,21.0,0.005952380952381042,20.0675566318317,146.5056695057205,425.48335901969256,300.0,-167.99999999998806,0.0,0.0,0.0,0.0,0.0,0.0,0.0
70.0,0.0,0.0,0.0,0.0,7.853881948536542,1.0,21.0,0.005952380952380931,20.0735090127841,153.9090644965509,422.8616793536587,300.0,-167.99999999998806,0.0,0.0,0.0,0.0,0.0,0.0,0.0
69.0,0.0,0.0,0.0,0.0,7.853881948536547,1.0,21.0,0.005952380952380931,20.0794613937364,161.26557729538513,420.11119192374076,300.0,-167.99999999998806,0.0,0.0,0.0,0.0,0.0,0.0,0.0
68.0,0.0,0.0,0.0,0.0,7.853881948536433,1.0,21.0,0.005952380952380931,20.0854137746888,168.5729670371603,417.2327345550543,300.0,-167.99999999998806,0.0,0.0,0.0,0.0,0.0,0.0,0.0
67.0,0.0,0.0,0.0,0.0,7.853881948536687,1.0,21.0,0.005952380952380931,20.0913661556412,175.82900782017322,414.2271840535981,300.0,-167.99999999998806,0.0,0.0,0.0,0.0,0.0,0.0,0.0
66.0,0.0,0.0,0.0,0.0,7.85388194853645,1.0,21.0,0.005952380952381042,20.0973185365936,183.03148938411005,411.0954559391704,300.0,-167.99999999998806,0.0,0.0,0.0,0.0,0.0,0.0,0.0
65.0,0.0,0.0,0.0,0.0,7.853881948536526,1.0,21.0,0.005952380952380931,20.103270917546,190.1782177833147,407.8385041664925,300.0,-167.99999999998806,0.0,0.0,0.0,0.0,0.0,0.0,0.0
64.0,0.0,0.0,0.0,0.0,7.85388194853655,1.0,21.0,0.005952380952380931,20.1092232984983,197.2670160550848,404.4573208346252,300.0,-167.99999999998806,0.0,0.0,0.0,0.0,0.0,0.0,0.0
63.0,0.0,0.0,0.0,0.0,7.853881948536583,1.0,21.0,0.005952380952380931,20.1151756794507,204.295724882796,400.95293588476545,300.0,-167.99999999998806,0.0,0.0,0.0,0.0,0.0,0.0,0.0
62.0,0.0,0.0,0.0,0.0,7.853881948536539,1.0,21.0,0.005952380952380931,20.1211280604031,211.26220325365082,397.3264167865171,300.0,-167.99999999998806,0.0,0.0,0.0,0.0,0.0,0.0,0.0
61.0,0.0,0.0,0.0,0.0,7.853881948536511,1.0,21.0,0.005952380952381042,20.1270804413555,218.16432911085164,393.57886821272814,300.0,-167.99999999998806,0.0,0.0,0.0,0.0,0.0,0.0,0.0
60.0,0.0,0.0,0.0,0.0,7.853881948536543,1.0,21.0,0.005952380952380931,20.1330328223079,225.0,389.71143170299746,300.0,-167.99999999998806,0.0,0.0,0.0,0.0,0.0,0.0,0.0
59.0,0.0,0.0,0.0,0.0,7.853881948536562,1.0,21.0,0.005952380952380931,20.1389852032603,231.7671337095244,385.72528531595054,300.0,-167.99999999998806,0.0,0.0,0.0,0.0,0.0,0.0,0.0
58.0,0.0,0.0,0.0,0.0,7.853881948536453,1.0,21.0,0.005952380952380931,20.1449375842126,238.46366890494215,381.62164327039176,300.0,-167.99999999998806,0.0,0.0,0.0,0.0,0.0,0.0,0.0
57.0,0.0,0.0,0.0,0.0,7.853881948536596,1.0,21.0,0.005952380952380931,20.150889965165,245.08756575676216,377.40175557544086,300.0,-167.99999999998806,0.0,0.0,0.0,0.0,0.0,0.0,0.0
56.0,0.0,0.0,0.0,0.0,7.853881948536495,1.0,21.0,0.005952380952380931,20.1568423461174,251.636806561836,373.06690764976884,300.0,-167.99999999998806,0.0,0.0,0.0,0.0,0.0,0.0,0.0
55.0,0.0,0.0,0.0,0.0,7.853881948536528,1.0,21.0,0.005952380952381042,20.1627947270698,258.10939635797064,368.61841993004634,300.0,-167.99999999998806,0.0,0.0,0.0,0.0,0.0,0.0,0.0
54.0,0.0,0.0,0.0,0.0,7.853881948536572,1.0,21.0,0.005952380952380931,20.1687471080222,264.5033635316129,364.05764746872643,300.0,-167.99999999998806,0.0,0.0,0.0,0.0,0.0,0.0,0.0
53.0,0.0,0.0,0.0,0.0,7.853881948536573,1.0,21.0,0.005952380952380931,20.1746994889745,270.8167604184217,359.38597952128185,300.0,-167.99999999998806,0.0,0.0,0.0,0.0,0.0,0.0,0.0
52.0,0.0,0.0,0.0,0.0,7.853881948536478,1.0,21.0,0.005952380952380931,20.1806518699269,277.04766389654617,354.604839123025,300.0,-167.99999999998806,0.0,0.0,0.0,0.0,0.0,0.0,0.0
51.0,0.0,0.0,0.0,0.0,7.853881948536626,1.0,21.0,0.005952380952380931,20.1866042508793,283.1941759724268,349.7156826556369,300.0,-167.99999999998806,0.0,0.0,0.0,0.0,0.0,0.0,0.0
50.0,0.0,0.0,0.0,0.0,7.853881948536533,1.0,21.0,0.005952380952381042,20.1925566318317,289.2544243589427,344.71999940354016,300.0,-167.99999999998806,0.0,0.0,0.0,0.0,0.0,0.0,0.0
49.0,0.0,0.0,0.0,0.0,7.8538819485365305,1.0,21.0,0.005952380952380931,20.1985090127841,295.22656304572826,339.61931110024744,300.0,-167.99999999998806,0.0,0.0,0.0,0.0,0.0,0.0,0.0
48.0,0.0,0.0,0.0,0.0,7.8538819485365385,1.0,21.0,0.005952380952380931,20.2044613937364,301.10877286148616,334.41517146482744,300.0,-167.99999999998806,0.0,0.0,0.0,0.0,0.0,0.0,0.0
47.0,0.0,0.0,0.0,0.0,7.85388194853649,1.0,21.0,0.005952380952380931,20.2104137746888,306.89926202812427,329.1091657286268,300.0,-167.99999999998806,0.0,0.0,0.0,0.0,0.0,0.0,0.0
46.0,0.0,0.0,0.0,0.0,7.853881948536618,1.0,21.0,0.005952380952380931,20.2163661556412,312.59626670654876,323.70291015239303,300.0,-167.99999999998806,0.0,0.0,0.0,0.0,0.0,0.0,0.0
45.0,0.0,0.0,0.0,0.0,7.853881948536487,1.0,21.0,0.005952380952381042,20.2223185365936,318.19805153394634,318.19805153394645,300.0,-167.99999999998806,0.0,0.0,0.0,0.0,0.0,0.0,0.0
44.0,0.0,0.0,0.0,0.0,7.853881948536607,1.0,21.0,0.005952380952380931,20.228270917546,323.70291015239303,312.5962667065488,300.0,-167.99999999998806,0.0,0.0,0.0,0.0,0.0,0.0,0.0
43.0,0.0,0.0,0.0,0.0,7.853881948536498,1.0,21.0,0.005952380952380931,20.2342232984984,329.1091657286267,306.8992620281244,300.0,-167.99999999998806,0.0,0.0,0.0,0.0,0.0,0.0,0.0
42.0,0.0,0.0,0.0,0.0,7.85388194853649,1.0,21.0,0.005952380952380931,20.2401756794507,334.4151714648273,301.1087728614863,300.0,-167.99999999998806,0.0,0.0,0.0,0.0,0.0,0.0,0.0
41.0,0.0,0.0,0.0,0.0,7.853881948536624,1.0,21.0,0.005952380952380931,20.2461280604031,339.61931110024733,295.22656304572826,300.0,-167.99999999998806,0.0,0.0,0.0,0.0,0.0,0.0,0.0
40.0,0.0,0.0,0.0,0.0,7.8538819485365305,1.0,21.0,0.005952380952381042,20.2520804413555,344.71999940354004,289.2544243589427,300.0,-167.99999999998806,0.0,0.0,0.0,0.0,0.0,0.0,0.0
39.0,0.0,0.0,0.0,0.0,7.853881948536526,1.0,21.0,0.005952380952380931,20.2580328223079,349.71568265563684,283.1941759724269,300.0,-167.99999999998806,0.0,0.0,0.0,0.0,0.0,0.0,0.0
38.0,0.0,0.0,0.0,0.0,7.85388194853659,1.0,21.0,0.005952380952380931,20.2639852032603,354.6048391230249,277.0476638965462,300.0,-167.99999999998806,0.0,0.0,0.0,0.0,0.0,0.0,0.0
37.0,0.0,0.0,0.0,0.0,7.853881948536478,1.0,21.0,0.005952380952380931,20.2699375842126,359.38597952128174,270.8167604184218,300.0,-167.99999999998806,0.0,0.0,0.0,0.0,0.0,0.0,0.0
36.0,0.0,0.0,0.0,0.0,7.853881948536528,1.0,21.0,0.005952380952380931,20.275889965165,364.0576474687263,264.503363531613,300.0,-167.99999999998806,0.0,0.0,0.0,0.0,0.0,0.0,0.0
35.0,0.0,0.0,0.0,0.0,7.853881948536572,1.0,21.0,0.005952380952380931,20.2818423461174,368.61841993004623,258.10939635797075,300.0,-167.99999999998806,0.0,0.0,0.0,0.0,0.0,0.0,0.0
34.0,0.0,0.0,0.0,0.0,7.853881948536481,1.0,21.0,0.005952380952381042,20.2877947270698,373.0669076497687,251.63680656183618,300.0,-167.99999999998806,0.0,0.0,0.0,0.0,0.0,0.0,0.0
33.0,0.0,0.0,0.0,0.0,7.85388194853659,1.0,21.0,0.005952380952380931,20.2937471080222,377.40175557544075,245.08756575676222,300.0,-167.99999999998806,0.0,0.0,0.0,0.0,0.0,0.0,0.0
32.0,0.0,0.0,0.0,0.0,7.853881948536548,1.0,21.0,0.005952380952380931,20.2996994889746,381.62164327039164,238.46366890494227,300.0,-167.99999999998806,0.0,0.0,0.0,0.0,0.0,0.0,0.0
31.0,0.0,0.0,0.0,0.0,7.853881948536531,1.0,21.0,0.005952380952380931,20.3056518699269,385.7252853159505,231.76713370952444,300.0,-167.99999999998806,0.0,0.0,0.0,0.0,0.0,0.0,0.0
30.0,0.0,0.0,0.0,0.0,7.853881948536557,1.0,21.0,0.005952380952380931,20.3116042508793,389.71143170299734,225.00000000000003,300.0,-167.99999999998806,0.0,0.0,0.0,0.0,0.0,0.0,0.0
29.0,0.0,0.0,0.0,0.0,7.853881948536493,1.0,21.0,0.005952380952381042,20.3175566318317,393.578868212728,218.16432911085172,300.0,-167.99999999998806,0.0,0.0,0.0,0.0,0.0,0.0,0.0
28.0,0.0,0.0,0.0,0.0,7.853881948536593,1.0,21.0,0.005952380952380931,20.3235090127841,397.32641678651714,211.2622032536509,300.0,-167.99999999998806,0.0,0.0,0.0,0.0,0.0,0.0,0.0
27.0,0.0,0.0,0.0,0.0,7.853881948536565,1.0,21.0,0.005952380952380931,20.3294613937365,400.95293588476557,204.2957248827961,300.0,-167.99999999998806,0.0,0.0,0.0,0.0,0.0,0.0,0.0
26.0,0.0,0.0,0.0,0.0,7.853881948536558,1.0,21.0,0.005952380952380931,20.3354137746888,404.4573208346252,197.26701605508487,300.0,-167.99999999998806,0.0,0.0,0.0,0.0,0.0,0.0,0.0
25.0,0.0,0.0,0.0,0.0,7.8538819485364995,1.0,21.0,0.005952380952380931,20.3413661556412,407.8385041664925,190.1782177833148,300.0,-167.99999999998806,0.0,0.0,0.0,0.0,0.0,0.0,0.0
24.0,0.0,0.0,0.0,0.0,7.853881948536578,1.0,21.0,0.005952380952381153,20.3473185365936,411.0954559391704,183.0314893841101,300.0,-167.99999999998806,0.0,0.0,0.0,0.0,0.0,0.0,0.0
23.0,0.0,0.0,0.0,0.0,7.853881948536547,1.0,21.0,0.005952380952380931,20.353270917546,414.2271840535982,175.82900782017322,300.0,-167.99999999998806,0.0,0.0,0.0,0.0,0.0,0.0,0.0
22.0,0.0,0.0,0.0,0.0,7.853881948536485,1.0,21.0,0.005952380952380931,20.3592232984984,417.2327345550543,168.57296703716048,300.0,-167.99999999998806,0.0,0.0,0.0,0.0,0.0,0.0,0.0
21.0,0.0,0.0,0.0,0.0,7.8538819485365385,1.0,21.0,0.005952380952380931,20.3651756794507,420.11119192374076,161.26557729538519,300.0,-167.99999999998806,0.0,0.0,0.0,0.0,0.0,0.0,0.0
20.0,0.0,0.0,0.0,0.0,7.853881948536587,1.0,21.0,0.005952380952380931,20.3711280604031,422.8616793536588,153.90906449655097,300.0,-167.99999999998806,0.0,0.0,0.0,0.0,0.0,0.0,0.0
19.0,0.0,0.0,0.0,0.0,7.853881948536504,1.0,21.0,0.005952380952380931,20.3770804413555,425.48335901969256,146.50566950572056,300.0,-167.99999999998806,0.0,0.0,0.0,0.0,0.0,0.0,0.0
18.0,0.0,0.0,0.0,0.0,7.853881948536563,1.0,21.0,0.005952380952380931,20.3830328223079,427.9754323328191,139.05764746872637,300.0,-167.99999999998806,0.0,0.0,0.0,0.0,0.0,0.0,0.0
17.0,0.0,0.0,0.0,0.0,7.853881948536518,1.0,21.0,0.005952380952380931,20.3889852032603,430.33714018336593,131.56726712523158,300.0,-167.99999999998806,0.0,0.0,0.0,0.0,0.0,0.0,0.0
16.0,0.0,0.0,0.0,0.0,7.8538819485365705,1.0,21.0,0.005952380952380931,20.3949375842127,432.56776317224353,124.03681011764968,300.0,-167.99999999998806,0.0,0.0,0.0,0.0,0.0,0.0,0.0
15.0,0.0,0.0,0.0,0.0,7.853881948536529,1.0,21.0,0.005952380952380931,20.400889965165,434.66662183008077,116.4685702961344,300.0,-167.99999999998806,0.0,0.0,0.0,0.0,0.0,0.0,0.0
14.0,0.0,0.0,0.0,0.0,7.85388194853653,1.0,21.0,0.005975851292295831,20.4068658164573,436.6330768241984,108.86485301985053,300.0,-167.34017482816307,0.0,0.0,0.0,110.41525960921678,0.0,0.0,0.0
13.0,0.0,0.0,0.0,0.0,7.853881948536554,1.0,21.0,0.006164392961719445,20.413030209419,438.46652915335585,101.2279744547393,300.0,-162.22197484972799,0.0,0.0,0.0,830.2845081775748,0.0,0.0,0.0
12.0,0.0,0.0,0.0,0.0,7.8538819485365465,1.0,21.0,0.006406408074997927,20.419436617494,440.16642033021253,93.56026086799174,300.0,-156.0937093443464,0.0,0.0,0.0,956.5836945820181,0.0,0.0,0.0
11.0,0.0,0.0,0.0,0.0,7.853881948536521,1.0,21.0,0.006679384870785121,20.4261160023648,441.73223255144876,85.86404791944523,300.0,-149.71438528329466,0.0,0.0,0.0,955.0765803232912,0.0,0.0,0.0
10.0,0.0,0.0,0.0,0.0,7.853881948536544,1.0,21.0,0.006990548431875521,20.4331065507967,443.1634888554936,78.14167995011871,300.0,-143.0502927982208,0.0,0.0,0.0,953.3003812242393,0.0,0.0,0.0
9.0,0.0,0.0,0.0,0.0,7.853881948536549,1.0,21.0,0.0073497307105352405,20.4404562815072,444.459753267812,70.39550926810395,300.0,-136.05940671630069,0.0,0.0,0.0,951.175812727294,0.0,0.0,0.0
8.0,0.0,0.0,0.0,0.0,7.853881948536544,1.0,21.0,0.007770721053281582,20.4482270025605,445.62063093370665,62.627895432029504,300.0,-128.6881864814425,0.0,0.0,0.0,948.5889641792126,0.0,0.0,0.0
7.0,0.0,0.0,0.0,0.0,7.853881948536532,1.0,21.0,0.008273585141014284,20.4565005877015,446.6457682385949,54.841204532316425,300.0,-120.86658721172726,0.0,0.0,0.0,945.3700102682188,0.0,0.0,0.0
6.0,0.0,0.0,0.0,0.0,7.853881948536551,1.0,21.0,0.008888898658009792,20.4653894863595,447.534852915723,47.03780847044411,300.0,-112.49987635970788,0.0,0.0,0.0,941.2539363896066,0.0,0.0,0.0
5.0,0.0,0.0,0.0,0.0,7.853881948536542,1.0,21.0,0.0096661025366791,20.4750555888962,448.28761414128553,39.22008423644623,300.0,-103.45431327729163,0.0,0.0,0.0,935.8025168977946,0.0,0.0,0.0
4.0,0.0,0.0,0.0,0.0,7.8538819485365305,1.0,21.0,0.01069177397679888,20.485747362873,448.9038226169209,31.390413184856445,300.0,-93.529848476971,0.0,0.0,0.0,928.2336889890212,0.0,0.0,0.0
3.0,0.0,0.0,0.0,0.0,7.853881948536547,1.0,21.0,0.012135708676294099,20.4978830715493,449.38329063955825,23.55118030932478,300.0,-82.40145068358929,0.0,0.0,0.0,916.9961219587068,0.0,0.0,0.0
2.0,0.0,0.0,0.0,0.0,7.853881948536543,1.0,21.0,0.014395192533238843,20.5122782640826,449.7258721585931,15.704773516125494,300.0,-69.46763634393426,0.0,0.0,0.0,898.4815110871178,0.0,0.0,0.0
1.0,0.0,0.0,0.0,0.0,7.853881948536539,1.0,21.0,0.018760180156250916,20.5310384442388,449.93146282037605,7.853582896777638,300.0,-53.30439215781128,0.0,0.0,0.0,861.5719066395626,0.0,0.0,0.0
0.0,0.0,0.0,0.0,0.0,7.85388194853654,1.0,21.0,0.04529108136578386,20.5763295256046,450.0,5.878304635907296e-14,300.0,-22.079402165819495,0.0,0.0,0.0,689.4291116568754,0.0,0.0,0.0
0.0,0.0,0.0,0.0,0.0,7.85388194853654,1.0,21.0,0.01,20.5863295256046,450.0,5.878304635907296e-14,300.0,0.0,0.0,0.0,0.0,0.0,0.0,0.0,0.0
0.0,0.0,0.0,0.0,0.0,7.85388194853654,1.0,21.0,1.15,21.7363295256046,450.0,5.878304635907296e-14,300.0,0.0,0.0,0.0,0.0,0.0,0.0,0.0,0.0
1.0,0.0,0.0,0.0,0.0,7.85388194853654,1.0,23.0,0.0,21.7363295256046,449.93146282037605,7.853582896777638,300.0,0.0,0.0,0.0,0.0,0.0,0.0,0.0,0.0
2.0,0.0,0.0,0.0,0.0,7.853881948536539,1.0,23.0,0.06405126152203486,21.8003807871266,449.7258721585931,15.704773516125494,300.0,15.612494995995906,0.0,0.0,0.0,243.74999999999721,0.0,0.0,0.0
3.0,0.0,0.0,0.0,0.0,7.853881948536543,1.0,23.0,0.01439519253323876,21.8147759796599,449.38329063955825,23.55118030932478,300.0,69.46763634393426,0.0,0.0,0.0,3741.1893744097592,0.0,0.0,0.0
4.0,0.0,0.0,0.0,0.0,7.853881948536547,1.0,23.0,0.012135708676294044,21.8269116883362,448.9038226169209,31.390413184856445,300.0,82.40145068358929,0.0,0.0,0.0,1065.7650644597838,0.0,0.0,0.0
5.0,0.0,0.0,0.0,0.0,7.8538819485365305,1.0,23.0,0.010691773976799004,21.837603462313,448.28761414128553,39.22008423644623,300.0,93.529848476971,0.0,0.0,0.0,1040.8373594064494,0.0,0.0,0.0
6.0,0.0,0.0,0.0,0.0,7.853881948536542,1.0,23.0,0.009666102536679155,21.8472695648496,447.534852915723,47.03780847044411,300.0,103.45431327729163,0.0,0.0,0.0,1026.7286905618246,0.0,0.0,0.0
7.0,0.0,0.0,0.0,0.0,7.853881948536551,1.0,23.0,0.008888898658009792,21.8561584635076,446.6457682385949,54.841204532316425,300.0,112.49987635970788,0.0,0.0,0.0,1017.6247283757664,0.0,0.0,0.0
8.0,0.0,0.0,0.0,0.0,7.853881948536532,1.0,23.0,0.008273585141014103,21.8644320486487,445.62063093370665,62.627895432029504,300.0,120.86658721172726,0.0,0.0,0.0,1011.2557868709054,0.0,0.0,0.0
9.0,0.0,0.0,0.0,0.0,7.853881948536544,1.0,23.0,0.007941432999886339,21.8723734816485,444.459753267812,70.39550926810395,300.0,125.92185818534524,0.0,0.0,0.0,636.5691146284154,0.0,0.0,0.0
10.0,0.0,0.0,0.0,0.0,7.853881948536549,1.0,23.0,0.007936507936507936,21.8803099895851,443.1634888554936,78.14167995011871,300.0,126.00000000000045,0.0,0.0,0.0,9.84586864655666,0.0,0.0,0.0
11.0,0.0,0.0,0.0,0.0,7.853881948536544,1.0,23.0,0.007936507936507936,21.8882464975216,441.73223255144876,85.86404791944523,300.0,126.00000000000045,0.0,0.0,0.0,0.0,0.0,0.0,0.0
12.0,0.0,0.0,0.0,0.0,7.853881948536521,1.0,23.0,0.007936507936507936,21.8961830054581,440.16642033021253,93.56026086799174,300.0,126.00000000000045,0.0,0.0,0.0,0.0,0.0,0.0,0.0
13.0,0.0,0.0,0.0,0.0,7.8538819485365465,1.0,23.0,0.007936507936507936,21.9041195133946,438.46652915335585,101.2279744547393,300.0,126.00000000000045,0.0,0.0,0.0,0.0,0.0,0.0,0.0
14.0,0.0,0.0,0.0,0.0,7.853881948536554,1.0,23.0,0.007936507936507936,21.9120560213311,436.6330768241984,108.86485301985053,300.0,126.00000000000045,0.0,0.0,0.0,0.0,0.0,0.0,0.0
15.0,0.0,0.0,0.0,0.0,7.85388194853653,1.0,23.0,0.007936507936507936,21.9199925292676,434.66662183008077,116.4685702961344,300.0,126.00000000000045,0.0,0.0,0.0,0.0,0.0,0.0,0.0
16.0,0.0,0.0,0.0,0.0,7.853881948536529,1.0,23.0,0.007936507936507936,21.9279290372041,432.56776317224353,124.03681011764968,300.0,126.00000000000045,0.0,0.0,0.0,0.0,0.0,0.0,0.0
17.0,0.0,0.0,0.0,0.0,7.8538819485365705,1.0,23.0,0.007936507936507936,21.9358655451406,430.33714018336593,131.56726712523158,300.0,126.00000000000045,0.0,0.0,0.0,0.0,0.0,0.0,0.0
18.0,0.0,0.0,0.0,0.0,7.853881948536518,1.0,23.0,0.007936507936507936,21.9438020530771,427.9754323328191,139.05764746872637,300.0,126.00000000000045,0.0,0.0,0.0,0.0,0.0,0.0,0.0
19.0,0.0,0.0,0.0,0.0,7.853881948536563,1.0,23.0,0.007936507936507936,21.9517385610136,425.48335901969256,146.50566950572056,300.0,126.00000000000045,0.0,0.0,0.0,0.0,0.0,0.0,0.0
20.0,0.0,0.0,0.0,0.0,7.853881948536504,1.0,23.0,0.007936507936507936,21.9596750689501,422.8616793536588,153.90906449655097,300.0,126.00000000000045,0.0,0.0,0.0,0.0,0.0,0.0,0.0
21.0,0.0,0.0,0.0,0.0,7.853881948536587,1.0,23.0,0.007936507936507936,21.9676115768866,420.11119192374076,161.26557729538519,300.0,126.00000000000045,0.0,0.0,0.0,0.0,0.0,0.0,0.0
22.0,0.0,0.0,0.0,0.0,7.8538819485365385,1.0,23.0,0.007936507936507936,21.9755480848231,417.2327345550543,168.57296703716048,300.0,126.00000000000045,0.0,0.0,0.0,0.0,0.0,0.0,0.0
23.0,0.0,0.0,0.0,0.0,7.853881948536485,1.0,23.0,0.007936507936507936,21.9834845927597,414.2271840535982,175.82900782017322,300.0,126.00000000000045,0.0,0.0,0.0,0.0,0.0,0.0,0.0
24.0,0.0,0.0,0.0,0.0,7.853881948536547,1.0,23.0,0.007936507936507936,21.9914211006962,411.0954559391704,183.0314893841101,300.0,126.00000000000045,0.0,0.0,0.0,0.0,0.0,0.0,0.0
25.0,0.0,0.0,0.0,0.0,7.853881948536578,1.0,23.0,0.007936507936507908,21.9993576086327,407.8385041664925,190.1782177833148,300.0,126.00000000000045,0.0,0.0,0.0,0.0,0.0,0.0,0.0
26.0,0.0,0.0,0.0,0.0,7.8538819485364995,1.0,23.0,0.007936507936507964,22.0072941165692,404.4573208346252,197.26701605508487,300.0,126.00000000000045,0.0,0.0,0.0,0.0,0.0,0.0,0.0
27.0,0.0,0.0,0.0,0.0,7.853881948536558,1.0,23.0,0.007936507936507964,22.0152306245057,400.95293588476557,204.2957248827961,300.0,126.00000000000045,0.0,0.0,0.0,0.0,0.0,0.0,0.0
28.0,0.0,0.0,0.0,0.0,7.853881948536565,1.0,23.0,0.007936507936507908,22.0231671324422,397.32641678651714,211.2622032536509,300.0,126.00000000000045,0.0,0.0,0.0,0.0,0.0,0.0,0.0
29.0,0.0,0.0,0.0,0.0,7.853881948536593,1.0,23.0,0.007936507936507964,22.0311036403787,393.578868212728,218.16432911085172,300.0,126.00000000000045,0.0,0.0,0.0,0.0,0.0,0.0,0.0
30.0,0.0,0.0,0.0,0.0,7.853881948536493,1.0,23.0,0.007936507936507964,22.0390401483152,389.71143170299734,225.00000000000003,300.0,126.00000000000045,0.0,0.0,0.0,0.0,0.0,0.0,0.0
31.0,0.0,0.0,0.0,0.0,7.853881948536557,1.0,23.0,0.007936507936507908,22.0469766562517,385.7252853159505,231.76713370952444,300.0,126.00000000000045,0.0,0.0,0.0,0.0,0.0,0.0,0.0
32.0,0.0,0.0,0.0,0.0,7.853881948536531,1.0,23.0,0.007936507936507908,22.0549131641882,381.62164327039164,238.46366890494227,300.0,126.00000000000045,0.0,0.0,0.0,0.0,0.0,0.0,0.0
33.0,0.0,0.0,0.0,0.0,7.853881948536548,1.0,23.0,0.007936507936507964,22.0628496721247,377.40175557544075,245.08756575676222,300.0,126.00000000000045,0.0,0.0,0.0,0.0,0.0,0.0,0.0
34.0,0.0,0.0,0.0,0.0,7.85388194853659,1.0,23.0,0.007936507936507964,22.0707861800612,373.0669076497687,251.63680656183618,300.0,126.00000000000045,0.0,0.0,0.0,0.0,0.0,0.0,0.0
35.0,0.0,0.0,0.0,0.0,7.853881948536481,1.0,23.0,0.007936507936507908,22.0787226879978,368.61841993004623,258.10939635797075,300.0,126.00000000000045,0.0,0.0,0.0,0.0,0.0,0.0,0.0
36.0,0.0,0.0,0.0,0.0,7.853881948536572,1.0,23.0,0.007936507936507908,22.0866591959343,364.0576474687263,264.503363531613,300.0,126.00000000000045,0.0,0.0,0.0,0.0,0.0,0.0,0.0
37.0,0.0,0.0,0.0,0.0,7.853881948536528,1.0,23.0,0.007936507936507964,22.0945957038708,359.38597952128174,270.8167604184218,300.0,126.00000000000045,0.0,0.0,0.0,0.0,0.0,0.0,0.0
38.0,0.0,0.0,0.0,0.0,7.853881948536478,1.0,23.0,0.007936507936507964,22.1025322118073,354.6048391230249,277.0476638965462,300.0,126.00000000000045,0.0,0.0,0.0,0.0,0.0,0.0,0.0
39.0,0.0,0.0,0.0,0.0,7.85388194853659,1.0,23.0,0.007936507936507908,22.1104687197438,349.71568265563684,283.1941759724269,300.0,126.00000000000045,0.0,0.0,0.0,0.0,0.0,0.0,0.0
40.0,0.0,0.0,0.0,0.0,7.853881948536526,1.0,23.0,0.007936507936507908,22.1184052276803,344.71999940354004,289.2544243589427,300.0,126.00000000000045,0.0,0.0,0.0,0.0,0.0,0.0,0.0
41.0,0.0,0.0,0.0,0.0,7.8538819485365305,1.0,23.0,0.007936507936507908,22.1263417356168,339.61931110024733,295.22656304572826,300.0,126.00000000000045,0.0,0.0,0.0,0.0,0.0,0.0,0.0
42.0,0.0,0.0,0.0,0.0,7.853881948536624,1.0,23.0,0.00793650793650802,22.1342782435533,334.4151714648273,301.1087728614863,300.0,126.00000000000045,0.0,0.0,0.0,0.0,0.0,0.0,0.0
43.0,0.0,0.0,0.0,0.0,7.85388194853649,1.0,23.0,0.007936507936507908,22.1422147514898,329.1091657286267,306.8992620281244,300.0,126.00000000000045,0.0,0.0,0.0,0.0,0.0,0.0,0.0
44.0,0.0,0.0,0.0,0.0,7.853881948536498,1.0,23.0,0.007936507936507908,22.1501512594263,323.70291015239303,312.5962667065488,300.0,126.00000000000045,0.0,0.0,0.0,0.0,0.0,0.0,0.0
45.0,0.0,0.0,0.0,0.0,7.853881948536607,1.0,23.0,0.007936507936507908,22.1580877673628,318.19805153394634,318.19805153394645,300.0,126.00000000000045,0.0,0.0,0.0,0.0,0.0,0.0,0.0
46.0,0.0,0.0,0.0,0.0,7.853881948536487,1.0,23.0,0.00793650793650802,22.1660242752993,312.59626670654876,323.70291015239303,300.0,126.00000000000045,0.0,0.0,0.0,0.0,0.0,0.0,0.0
47.0,0.0,0.0,0.0,0.0,7.853881948536618,1.0,23.0,0.007936507936507908,22.1739607832358,306.89926202812427,329.1091657286268,300.0,126.00000000000045,0.0,0.0,0.0,0.0,0.0,0.0,0.0
48.0,0.0,0.0,0.0,0.0,7.85388194853649,1.0,23.0,0.007936507936507908,22.1818972911724,301.10877286148616,334.41517146482744,300.0,126.00000000000045,0.0,0.0,0.0,0.0,0.0,0.0,0.0
49.0,0.0,0.0,0.0,0.0,7.8538819485365385,1.0,23.0,0.007936507936507908,22.1898337991089,295.22656304572826,339.61931110024744,300.0,126.00000000000045,0.0,0.0,0.0,0.0,0.0,0.0,0.0
50.0,0.0,0.0,0.0,0.0,7.8538819485365305,1.0,23.0,0.00793650793650802,22.1977703070454,289.2544243589427,344.71999940354016,300.0,126.00000000000045,0.0,0.0,0.0,0.0,0.0,0.0,0.0
51.0,0.0,0.0,0.0,0.0,7.853881948536533,1.0,23.0,0.007936507936507908,22.2057068149819,283.1941759724268,349.7156826556369,300.0,126.00000000000045,0.0,0.0,0.0,0.0,0.0,0.0,0.0
52.0,0.0,0.0,0.0,0.0,7.853881948536626,1.0,23.0,0.007936507936507908,22.2136433229184,277.04766389654617,354.604839123025,300.0,126.00000000000045,0.0,0.0,0.0,0.0,0.0,0.0,0.0
53.0,0.0,0.0,0.0,0.0,7.853881948536478,1.0,23.0,0.007936507936507908,22.2215798308549,270.8167604184217,359.38597952128185,300.0,126.00000000000045,0.0,0.0,0.0,0.0,0.0,0.0,0.0
54.0,0.0,0.0,0.0,0.0,7.853881948536573,1.0,23.0,0.00793650793650802,22.2295163387914,264.5033635316129,364.05764746872643,300.0,126.00000000000045,0.0,0.0,0.0,0.0,0.0,0.0,0.0
55.0,0.0,0.0,0.0,0.0,7.853881948536572,1.0,23.0,0.007936507936507908,22.2374528467279,258.10939635797064,368.61841993004634,300.0,126.00000000000045,0.0,0.0,0.0,0.0,0.0,0.0,0.0
56.0,0.0,0.0,0.0,0.0,7.853881948536528,1.0,23.0,0.007936507936507908,22.2453893546644,251.636806561836,373.06690764976884,300.0,126.00000000000045,0.0,0.0,0.0,0.0,0.0,0.0,0.0
57.0,0.0,0.0,0.0,0.0,7.853881948536495,1.0,23.0,0.007936507936507908,22.2533258626009,245.08756575676216,377.40175557544086,300.0,126.00000000000045,0.0,0.0,0.0,0.0,0.0,0.0,0.0
58.0,0.0,0.0,0.0,0.0,7.853881948536596,1.0,23.0,0.00793650793650802,22.2612623705374,238.46366890494215,381.62164327039176,300.0,126.00000000000045,0.0,0.0,0.0,0.0,0.0,0.0,0.0
59.0,0.0,0.0,0.0,0.0,7.853881948536453,1.0,23.0,0.007936507936507908,22.2691988784739,231.7671337095244,385.72528531595054,300.0,126.00000000000045,0.0,0.0,0.0,0.0,0.0,0.0,0.0
60.0,0.0,0.0,0.0,0.0,7.853881948536562,1.0,23.0,0.007936507936507908,22.2771353864104,225.0,389.71143170299746,300.0,126.00000000000045,0.0,0.0,0.0,0.0,0.0,0.0,0.0
61.0,0.0,0.0,0.0,0.0,7.853881948536543,1.0,23.0,0.00793650793650802,22.285071894347,218.16432911085164,393.57886821272814,300.0,126.00000000000045,0.0,0.0,0.0,0.0,0.0,0.0,0.0
62.0,0.0,0.0,0.0,0.0,7.853881948536511,1.0,23.0,0.007936507936507908,22.2930084022835,211.26220325365082,397.3264167865171,300.0,126.00000000000045,0.0,0.0,0.0,0.0,0.0,0.0,0.0
63.0,0.0,0.0,0.0,0.0,7.853881948536539,1.0,23.0,0.007936507936507908,22.30094491022,204.295724882796,400.95293588476545,300.0,126.00000000000045,0.0,0.0,0.0,0.0,0.0,0.0,0.0
64.0,0.0,0.0,0.0,0.0,7.853881948536583,1.0,23.0,0.007936507936507908,22.3088814181565,197.2670160550848,404.4573208346252,300.0,126.00000000000045,0.0,0.0,0.0,0.0,0.0,0.0,0.0
65.0,0.0,0.0,0.0,0.0,7.85388194853655,1.0,23.0,0.00793650793650802,22.316817926093,190.1782177833147,407.8385041664925,300.0,126.00000000000045,0.0,0.0,0.0,0.0,0.0,0.0,0.0
66.0,0.0,0.0,0.0,0.0,7.853881948536526,1.0,23.0,0.007936507936507908,22.3247544340295,183.03148938411005,411.0954559391704,300.0,126.00000000000045,0.0,0.0,0.0,0.0,0.0,0.0,0.0
67.0,0.0,0.0,0.0,0.0,7.85388194853645,1.0,23.0,0.007936507936507908,22.332690941966,175.82900782017322,414.2271840535981,300.0,126.00000000000045,0.0,0.0,0.0,0.0,0.0,0.0,0.0
68.0,0.0,0.0,0.0,0.0,7.853881948536687,1.0,23.0,0.007936507936507908,22.3406274499025,168.5729670371603,417.2327345550543,300.0,126.00000000000045,0.0,0.0,0.0,0.0,0.0,0.0,0.0
69.0,0.0,0.0,0.0,0.0,7.853881948536433,1.0,23.0,0.00793650793650802,22.348563957839,161.26557729538513,420.11119192374076,300.0,126.00000000000045,0.0,0.0,0.0,0.0,0.0,0.0,0.0
70.0,0.0,0.0,0.0,0.0,7.853881948536547,1.0,23.0,0.007936507936507908,22.3565004657755,153.9090644965509,422.8616793536587,300.0,126.00000000000045,0.0,0.0,0.0,0.0,0.0,0.0,0.0
71.0,0.0,0.0,0.0,0.0,7.853881948536542,1.0,23.0,0.007936507936507908,22.364436973712,146.5056695057205,425.48335901969256,300.0,126.00000000000045,0.0,0.0,0.0,0.0,0.0,0.0,0.0
72.0,0.0,0.0,0.0,0.0,7.85388194853659,1.0,23.0,0.00793650793650802,22.3723734816485,139.0576474687263,427.9754323328191,300.0,126.00000000000045,0.0,0.0,0.0,0.0,0.0,0.0,0.0
73.0,0.0,0.0,0.0,0.0,7.853881948536546,1.0,23.0,0.007936507936507908,22.3803099895851,131.56726712523147,430.33714018336593,300.0,126.00000000000045,0.0,0.0,0.0,0.0,0.0,0.0,0.0
74.0,0.0,0.0,0.0,0.0,7.8538819485365705,1.0,23.0,0.007936507936507908,22.3882464975216,124.03681011764957,432.56776317224353,300.0,126.00000000000045,0.0,0.0,0.0,0.0,0.0,0.0,0.0
75.0,0.0,0.0,0.0,0.0,7.853881948536529,1.0,23.0,0.007936507936507908,22.3961830054581,116.46857029613429,434.66662183008077,300.0,126.00000000000045,0.0,0.0,0.0,0.0,0.0,0.0,0.0
76.0,0.0,0.0,0.0,0.0,7.853881948536447,1.0,23.0,0.00793650793650802,22.4041195133946,108.8648530198505,436.6330768241984,300.0,126.00000000000045,0.0,0.0,0.0,0.0,0.0,0.0,0.0
77.0,0.0,0.0,0.0,0.0,7.853881948536664,1.0,23.0,0.007936507936507908,22.4120560213311,101.22797445473915,438.46652915335585,300.0,126.00000000000045,0.0,0.0,0.0,0.0,0.0,0.0,0.0
78.0,0.0,0.0,0.0,0.0,7.853881948536449,1.0,23.0,0.007936507936507908,22.4199925292676,93.5602608679917,440.16642033021253,300.0,126.00000000000045,0.0,0.0,0.0,0.0,0.0,0.0,0.0
79.0,0.0,0.0,0.0,0.0,7.853881948536548,1.0,23.0,0.007936507936507908,22.4279290372041,85.86404791944516,441.73223255144876,300.0,126.00000000000045,0.0,0.0,0.0,0.0,0.0,0.0,0.0
80.0,0.0,0.0,0.0,0.0,7.853881948536557,1.0,23.0,0.00793650793650802,22.4358655451406,78.14167995011863,443.1634888554936,300.0,126.00000000000045,0.0,0.0,0.0,0.0,0.0,0.0,0.0
81.0,0.0,0.0,0.0,0.0,7.853881948536549,1.0,23.0,0.007936507936507908,22.4438020530771,70.39550926810386,444.459753267812,300.0,126.00000000000045,0.0,0.0,0.0,0.0,0.0,0.0,0.0
82.0,0.0,0.0,0.0,0.0,7.853881948536451,1.0,23.0,0.007936507936507908,22.4517385610136,62.627895432029504,445.6206309337066,300.0,126.00000000000045,0.0,0.0,0.0,0.0,0.0,0.0,0.0
83.0,0.0,0.0,0.0,0.0,7.853881948536652,1.0,23.0,0.007936507936507908,22.4596750689501,54.84120453231631,446.6457682385949,300.0,126.00000000000045,0.0,0.0,0.0,0.0,0.0,0.0,0.0
84.0,0.0,0.0,0.0,0.0,7.853881948536551,1.0,23.0,0.00793650793650802,22.4676115768866,47.037808470444,447.534852915723,300.0,126.00000000000045,0.0,0.0,0.0,0.0,0.0,0.0,0.0
85.0,0.0,0.0,0.0,0.0,7.853881948536557,1.0,23.0,0.007936507936507908,22.4755480848231,39.220084236446105,448.28761414128553,300.0,126.00000000000045,0.0,0.0,0.0,0.0,0.0,0.0,0.0
86.0,0.0,0.0,0.0,0.0,7.853881948536453,1.0,23.0,0.007936507936507908,22.4834845927597,31.390413184856396,448.9038226169209,300.0,126.00000000000045,0.0,0.0,0.0,0.0,0.0,0.0,0.0
87.0,0.0,0.0,0.0,0.0,7.8538819485365545,1.0,23.0,0.007936507936507908,22.4914211006962,23.551180309324725,449.38329063955825,300.0,126.00000000000045,0.0,0.0,0.0,0.0,0.0,0.0,0.0
88.0,0.0,0.0,0.0,0.0,7.853881948536552,1.0,23.0,0.00793650793650802,22.4993576086327,15.704773516125428,449.7258721585931,300.0,126.00000000000045,0.0,0.0,0.0,0.0,0.0,0.0,0.0
89.0,0.0,0.0,0.0,0.0,7.853881948536651,1.0,23.0,0.007936507936507908,22.5072941165692,7.853582896777461,449.93146282037605,300.0,126.00000000000045,0.0,0.0,0.0,0.0,0.0,0.0,0.0
90.0,0.0,0.0,0.0,0.0,7.853881948536452,1.0,23.0,0.007936507936507908,22.5152306245057,-3.1228493378257513e-14,450.0,300.0,126.00000000000045,0.0,0.0,0.0,0.0,0.0,0.0,0.0
91.0,0.0,0.0,0.0,0.0,7.853881948536554,1.0,23.0,0.007936507936507908,22.5231671324422,-7.853582896777624,449.93146282037605,300.0,126.00000000000045,0.0,0.0,0.0,0.0,0.0,0.0,0.0
92.0,0.0,0.0,0.0,0.0,7.853881948536449,1.0,23.0,0.00793650793650802,22.5311036403787,-15.704773516125389,449.7258721585931,300.0,126.00000000000045,0.0,0.0,0.0,0.0,0.0,0.0,0.0
93.0,0.0,0.0,0.0,0.0,7.853881948536555,1.0,23.0,0.007936507936507908,22.5390401483152,-23.55118030932469,449.38329063955825,300.0,126.00000000000045,0.0,0.0,0.0,0.0,0.0,0.0,0.0
94.0,0.0,0.0,0.0,0.0,7.853881948536654,1.0,23.0,0.007936507936507908,22.5469766562517,-31.39041318485646,448.9038226169209,300.0,126.00000000000045,0.0,0.0,0.0,0.0,0.0,0.0,0.0
95.0,0.0,0.0,0.0,0.0,7.853881948536545,1.0,23.0,0.007936507936507908,22.5549131641882,-39.22008423644626,448.28761414128553,300.0,126.00000000000045,0.0,0.0,0.0,0.0,0.0,0.0,0.0
96.0,0.0,0.0,0.0,0.0,7.8538819485364595,1.0,23.0,0.00793650793650802,22.5628496721247,-47.03780847044406,447.53485291572304,300.0,126.00000000000045,0.0,0.0,0.0,0.0,0.0,0.0,0.0
97.0,0.0,0.0,0.0,0.0,7.853881948536544,1.0,23.0,0.007936507936507908,22.5707861800612,-54.84120453231637,446.64576823859494,300.0,126.00000000000045,0.0,0.0,0.0,0.0,0.0,0.0,0.0
98.0,0.0,0.0,0.0,0.0,7.853881948536554,1.0,23.0,0.007936507936507908,22.5787226879978,-62.62789543202946,445.62063093370665,300.0,126.00000000000045,0.0,0.0,0.0,0.0,0.0,0.0,0.0
99.0,0.0,0.0,0.0,0.0,7.853881948536664,1.0,23.0,0.007936507936507908,22.5866591959343,-70.39550926810402,444.45975326781195,300.0,126.00000000000045,0.0,0.0,0.0,0.0,0.0,0.0,0.0
100.0,0.0,0.0,0.0,0.0,7.853881948536442,1.0,23.0,0.00793650793650802,22.5945957038708,-78.14167995011869,443.1634888554936,300.0,126.00000000000045,0.0,0.0,0.0,0.0,0.0,0.0,0.0
101.0,0.0,0.0,0.0,0.0,7.853881948536571,1.0,23.0,0.007936507936507908,22.6025322118073,-85.86404791944523,441.73223255144876,300.0,126.00000000000045,0.0,0.0,0.0,0.0,0.0,0.0,0.0
102.0,0.0,0.0,0.0,0.0,7.853881948536436,1.0,23.0,0.007936507936507908,22.6104687197438,-93.56026086799166,440.16642033021253,300.0,126.00000000000045,0.0,0.0,0.0,0.0,0.0,0.0,0.0
103.0,0.0,0.0,0.0,0.0,7.8538819485365465,1.0,23.0,0.007936507936507908,22.6184052276803,-101.22797445473921,438.46652915335585,300.0,126.00000000000045,0.0,0.0,0.0,0.0,0.0,0.0,0.0
104.0,0.0,0.0,0.0,0.0,7.853881948536664,1.0,23.0,0.00793650793650802,22.6263417356168,-108.86485301985056,436.6330768241984,300.0,126.00000000000045,0.0,0.0,0.0,0.0,0.0,0.0,0.0
105.0,0.0,0.0,0.0,0.0,7.853881948536543,1.0,23.0,0.007936507936507908,22.6342782435533,-116.46857029613444,434.66662183008077,300.0,126.00000000000045,0.0,0.0,0.0,0.0,0.0,0.0,0.0
106.0,0.0,0.0,0.0,0.0,7.853881948536433,1.0,23.0,0.007936507936507908,22.6422147514898,-124.03681011764962,432.56776317224353,300.0,126.00000000000045,0.0,0.0,0.0,0.0,0.0,0.0,0.0
107.0,0.0,0.0,0.0,0.0,7.853881948536581,1.0,23.0,0.007936507936507908,22.6501512594263,-131.56726712523155,430.337140183366,300.0,126.00000000000045,0.0,0.0,0.0,0.0,0.0,0.0,0.0
108.0,0.0,0.0,0.0,0.0,7.853881948536546,1.0,23.0,0.00793650793650802,22.6580877673628,-139.05764746872637,427.97543233281914,300.0,126.00000000000045,0.0,0.0,0.0,0.0,0.0,0.0,0.0
109.0,0.0,0.0,0.0,0.0,7.853881948536474,1.0,23.0,0.007936507936507908,22.6660242752993,-146.50566950572045,425.48335901969256,300.0,126.00000000000045,0.0,0.0,0.0,0.0,0.0,0.0,0.0
110.0,0.0,0.0,0.0,0.0,7.853881948536611,1.0,23.0,0.007936507936507908,22.6739607832358,-153.90906449655097,422.8616793536588,300.0,126.00000000000045,0.0,0.0,0.0,0.0,0.0,0.0,0.0
111.0,0.0,0.0,0.0,0.0,7.853881948536587,1.0,23.0,0.007936507936507908,22.6818972911724,-161.26557729538519,420.11119192374076,300.0,126.00000000000045,0.0,0.0,0.0,0.0,0.0,0.0,0.0
112.0,0.0,0.0,0.0,0.0,7.8538819485365385,1.0,23.0,0.00793650793650802,22.6898337991089,-168.57296703716048,417.2327345550543,300.0,126.00000000000045,0.0,0.0,0.0,0.0,0.0,0.0,0.0
113.0,0.0,0.0,0.0,0.0,7.853881948536433,1.0,23.0,0.007936507936507908,22.6977703070454,-175.82900782017316,414.2271840535982,300.0,126.00000000000045,0.0,0.0,0.0,0.0,0.0,0.0,0.0
114.0,0.0,0.0,0.0,0.0,7.8538819485366,1.0,23.0,0.007936507936507908,22.7057068149819,-183.0314893841101,411.0954559391704,300.0,126.00000000000045,0.0,0.0,0.0,0.0,0.0,0.0,0.0
115.0,0.0,0.0,0.0,0.0,7.853881948536526,1.0,23.0,0.007936507936507908,22.7136433229184,-190.17821778331475,407.8385041664925,300.0,126.00000000000045,0.0,0.0,0.0,0.0,0.0,0.0,0.0
116.0,0.0,0.0,0.0,0.0,7.8538819485366504,1.0,23.0,0.00793650793650802,22.7215798308549,-197.26701605508492,404.4573208346251,300.0,126.00000000000045,0.0,0.0,0.0,0.0,0.0,0.0,0.0
117.0,0.0,0.0,0.0,0.0,7.853881948536456,1.0,23.0,0.007936507936507908,22.7295163387914,-204.2957248827961,400.95293588476557,300.0,126.00000000000045,0.0,0.0,0.0,0.0,0.0,0.0,0.0
118.0,0.0,0.0,0.0,0.0,7.853881948536438,1.0,23.0,0.007936507936507797,22.7374528467279,-211.2622032536508,397.3264167865172,300.0,126.00000000000045,0.0,0.0,0.0,0.0,0.0,0.0,0.0
119.0,0.0,0.0,0.0,0.0,7.853881948536667,1.0,23.0,0.007936507936507908,22.7453893546644,-218.1643291108517,393.5788682127281,300.0,126.00000000000045,0.0,0.0,0.0,0.0,0.0,0.0,0.0
120.0,0.0,0.0,0.0,0.0,7.853881948536472,1.0,23.0,0.00793650793650813,22.7533258626009,-224.99999999999994,389.71143170299734,300.0,126.00000000000045,0.0,0.0,0.0,0.0,0.0,0.0,0.0
121.0,0.0,0.0,0.0,0.0,7.853881948536681,1.0,23.0,0.007936507936507908,22.7612623705374,-231.7671337095245,385.7252853159505,300.0,126.00000000000045,0.0,0.0,0.0,0.0,0.0,0.0,0.0
122.0,0.0,0.0,0.0,0.0,7.853881948536435,1.0,23.0,0.007936507936507908,22.7691988784739,-238.4636689049422,381.62164327039164,300.0,126.00000000000045,0.0,0.0,0.0,0.0,0.0,0.0,0.0
123.0,0.0,0.0,0.0,0.0,7.853881948536596,1.0,23.0,0.007936507936507908,22.7771353864104,-245.08756575676222,377.40175557544075,300.0,126.00000000000045,0.0,0.0,0.0,0.0,0.0,0.0,0.0
124.0,0.0,0.0,0.0,0.0,7.853881948536495,1.0,23.0,0.007936507936507908,22.785071894347,-251.63680656183607,373.0669076497687,300.0,126.00000000000045,0.0,0.0,0.0,0.0,0.0,0.0,0.0
125.0,0.0,0.0,0.0,0.0,7.853881948536416,1.0,23.0,0.007936507936507908,22.7930084022835,-258.10939635797064,368.61841993004634,300.0,126.00000000000045,0.0,0.0,0.0,0.0,0.0,0.0,0.0
126.0,0.0,0.0,0.0,0.0,7.853881948536684,1.0,23.0,0.007936507936507908,22.80094491022,-264.50336353161293,364.0576474687263,300.0,126.00000000000045,0.0,0.0,0.0,0.0,0.0,0.0,0.0
127.0,0.0,0.0,0.0,0.0,7.853881948536653,1.0,23.0,0.00793650793650813,22.8088814181565,-270.81676041842184,359.3859795212817,300.0,126.00000000000045,0.0,0.0,0.0,0.0,0.0,0.0,0.0
128.0,0.0,0.0,0.0,0.0,7.8538819485364435,1.0,23.0,0.007936507936507908,22.816817926093,-277.0476638965463,354.6048391230249,300.0,126.00000000000045,0.0,0.0,0.0,0.0,0.0,0.0,0.0
129.0,0.0,0.0,0.0,0.0,7.85388194853651,1.0,23.0,0.007936507936507908,22.8247544340295,-283.1941759724269,349.7156826556369,300.0,126.00000000000045,0.0,0.0,0.0,0.0,0.0,0.0,0.0
130.0,0.0,0.0,0.0,0.0,7.85388194853665,1.0,23.0,0.007936507936507908,22.832690941966,-289.2544243589428,344.71999940354004,300.0,126.00000000000045,0.0,0.0,0.0,0.0,0.0,0.0,0.0
131.0,0.0,0.0,0.0,0.0,7.853881948536648,1.0,23.0,0.007936507936507908,22.8406274499025,-295.2265630457284,339.6193111002472,300.0,126.00000000000045,0.0,0.0,0.0,0.0,0.0,0.0,0.0
132.0,0.0,0.0,0.0,0.0,7.85388194853642,1.0,23.0,0.007936507936507908,22.848563957839,-301.1087728614863,334.4151714648273,300.0,126.00000000000045,0.0,0.0,0.0,0.0,0.0,0.0,0.0
133.0,0.0,0.0,0.0,0.0,7.853881948536448,1.0,23.0,0.007936507936507908,22.8565004657755,-306.8992620281243,329.1091657286267,300.0,126.00000000000045,0.0,0.0,0.0,0.0,0.0,0.0,0.0
134.0,0.0,0.0,0.0,0.0,7.853881948536459,1.0,23.0,0.007936507936507908,22.864436973712,-312.59626670654876,323.7029101523931,300.0,126.00000000000045,0.0,0.0,0.0,0.0,0.0,0.0,0.0
135.0,0.0,0.0,0.0,0.0,7.853881948536647,1.0,23.0,0.00793650793650813,22.8723734816485,-318.1980515339464,318.19805153394634,300.0,126.00000000000045,0.0,0.0,0.0,0.0,0.0,0.0,0.0
136.0,0.0,0.0,0.0,0.0,7.853881948536688,1.0,23.0,0.007936507936507908,22.8803099895851,-323.70291015239314,312.59626670654865,300.0,126.00000000000045,0.0,0.0,0.0,0.0,0.0,0.0,0.0
137.0,0.0,0.0,0.0,0.0,7.853881948536457,1.0,23.0,0.007936507936507908,22.8882464975216,-329.1091657286268,306.89926202812427,300.0,126.00000000000045,0.0,0.0,0.0,0.0,0.0,0.0,0.0
138.0,0.0,0.0,0.0,0.0,7.853881948536448,1.0,23.0,0.007936507936507908,22.8961830054581,-334.41517146482744,301.1087728614862,300.0,126.00000000000045,0.0,0.0,0.0,0.0,0.0,0.0,0.0
139.0,0.0,0.0,0.0,0.0,7.853881948536581,1.0,23.0,0.007936507936507908,22.9041195133946,-339.61931110024744,295.22656304572826,300.0,126.00000000000045,0.0,0.0,0.0,0.0,0.0,0.0,0.0
140.0,0.0,0.0,0.0,0.0,7.8538819485365305,1.0,23.0,0.007936507936507908,22.9120560213311,-344.71999940354016,289.2544243589427,300.0,126.00000000000045,0.0,0.0,0.0,0.0,0.0,0.0,0.0
141.0,0.0,0.0,0.0,0.0,7.85388194853641,1.0,23.0,0.00793650793650813,22.9199925292676,-349.71568265563684,283.19417597242693,300.0,126.00000000000045,0.0,0.0,0.0,0.0,0.0,0.0,0.0
142.0,0.0,0.0,0.0,0.0,7.8538819485366345,1.0,23.0,0.007936507936507908,22.9279290372041,-354.6048391230249,277.0476638965462,300.0,126.00000000000045,0.0,0.0,0.0,0.0,0.0,0.0,0.0
143.0,0.0,0.0,0.0,0.0,7.853881948536682,1.0,23.0,0.007936507936507908,22.9358655451406,-359.38597952128185,270.8167604184216,300.0,126.00000000000045,0.0,0.0,0.0,0.0,0.0,0.0,0.0
144.0,0.0,0.0,0.0,0.0,7.853881948536368,1.0,23.0,0.007936507936507908,22.9438020530771,-364.0576474687263,264.50336353161293,300.0,126.00000000000045,0.0,0.0,0.0,0.0,0.0,0.0,0.0
145.0,0.0,0.0,0.0,0.0,7.853881948536512,1.0,23.0,0.007936507936507908,22.9517385610136,-368.6184199300463,258.1093963579708,300.0,126.00000000000045,0.0,0.0,0.0,0.0,0.0,0.0,0.0
146.0,0.0,0.0,0.0,0.0,7.853881948536622,1.0,23.0,0.007936507936507908,22.9596750689501,-373.0669076497688,251.63680656183607,300.0,126.00000000000045,0.0,0.0,0.0,0.0,0.0,0.0,0.0
147.0,0.0,0.0,0.0,0.0,7.853881948536755,1.0,23.0,0.007936507936507908,22.9676115768866,-377.401755575441,245.08756575676202,300.0,126.00000000000045,0.0,0.0,0.0,0.0,0.0,0.0,0.0
148.0,0.0,0.0,0.0,0.0,7.853881948536415,1.0,23.0,0.007936507936507908,22.9755480848231,-381.62164327039176,238.46366890494215,300.0,126.00000000000045,0.0,0.0,0.0,0.0,0.0,0.0,0.0
149.0,0.0,0.0,0.0,0.0,7.853881948536404,1.0,23.0,0.00793650793650813,22.9834845927597,-385.72528531595054,231.76713370952444,300.0,126.00000000000045,0.0,0.0,0.0,0.0,0.0,0.0,0.0
150.0,0.0,0.0,0.0,0.0,7.853881948536684,1.0,23.0,0.007936507936507908,22.9914211006962,-389.71143170299746,224.99999999999991,300.0,126.00000000000045,0.0,0.0,0.0,0.0,0.0,0.0,0.0
151.0,0.0,0.0,0.0,0.0,7.853881948536444,1.0,23.0,0.007936507936507908,22.9993576086327,-393.57886821272814,218.16432911085167,300.0,126.00000000000045,0.0,0.0,0.0,0.0,0.0,0.0,0.0
152.0,0.0,0.0,0.0,0.0,7.853881948536434,1.0,23.0,0.007936507936507908,23.0072941165692,-397.32641678651703,211.2622032536509,300.0,126.00000000000045,0.0,0.0,0.0,0.0,0.0,0.0,0.0
153.0,0.0,0.0,0.0,0.0,7.853881948536616,1.0,23.0,0.007936507936507908,23.0152306245057,-400.95293588476545,204.29572488279604,300.0,126.00000000000045,0.0,0.0,0.0,0.0,0.0,0.0,0.0
154.0,0.0,0.0,0.0,0.0,7.853881948536685,1.0,23.0,0.007936507936507908,23.0231671324422,-404.4573208346252,197.26701605508472,300.0,126.00000000000045,0.0,0.0,0.0,0.0,0.0,0.0,0.0
155.0,0.0,0.0,0.0,0.0,7.853881948536448,1.0,23.0,0.007936507936507908,23.0311036403787,-407.8385041664925,190.17821778331472,300.0,126.00000000000045,0.0,0.0,0.0,0.0,0.0,0.0,0.0
156.0,0.0,0.0,0.0,0.0,7.853881948536475,1.0,23.0,0.007936507936507908,23.0390401483152,-411.0954559391704,183.03148938411013,300.0,126.00000000000045,0.0,0.0,0.0,0.0,0.0,0.0,0.0
157.0,0.0,0.0,0.0,0.0,7.853881948536424,1.0,23.0,0.00793650793650813,23.0469766562517,-414.2271840535981,175.82900782017333,300.0,126.00000000000045,0.0,0.0,0.0,0.0,0.0,0.0,0.0
158.0,0.0,0.0,0.0,0.0,7.85388194853666,1.0,23.0,0.007936507936507908,23.0549131641882,-417.2327345550543,168.57296703716045,300.0,126.00000000000045,0.0,0.0,0.0,0.0,0.0,0.0,0.0
159.0,0.0,0.0,0.0,0.0,7.853881948536644,1.0,23.0,0.007936507936507908,23.0628496721247,-420.11119192374076,161.26557729538504,300.0,126.00000000000045,0.0,0.0,0.0,0.0,0.0,0.0,0.0
160.0,0.0,0.0,0.0,0.0,7.853881948536441,1.0,23.0,0.007936507936507908,23.0707861800612,-422.8616793536587,153.90906449655094,300.0,126.00000000000045,0.0,0.0,0.0,0.0,0.0,0.0,0.0
161.0,0.0,0.0,0.0,0.0,7.853881948536461,1.0,23.0,0.007936507936507908,23.0787226879977,-425.48335901969256,146.50566950572062,300.0,126.00000000000045,0.0,0.0,0.0,0.0,0.0,0.0,0.0
162.0,0.0,0.0,0.0,0.0,7.853881948536671,1.0,23.0,0.007936507936507908,23.0866591959343,-427.9754323328191,139.05764746872632,300.0,126.00000000000045,0.0,0.0,0.0,0.0,0.0,0.0,0.0
163.0,0.0,0.0,0.0,0.0,7.853881948536437,1.0,23.0,0.007936507936507908,23.0945957038708,-430.33714018336593,131.5672671252316,300.0,126.00000000000045,0.0,0.0,0.0,0.0,0.0,0.0,0.0
164.0,0.0,0.0,0.0,0.0,7.853881948536457,1.0,23.0,0.007936507936507908,23.1025322118073,-432.5677631722434,124.0368101176498,300.0,126.00000000000045,0.0,0.0,0.0,0.0,0.0,0.0,0.0
165.0,0.0,0.0,0.0,0.0,7.853881948536653,1.0,23.0,0.00793650793650813,23.1104687197438,-434.6666218300807,116.4685702961344,300.0,126.00000000000045,0.0,0.0,0.0,0.0,0.0,0.0,0.0
166.0,0.0,0.0,0.0,0.0,7.853881948536653,1.0,23.0,0.007936507936507908,23.1184052276803,-436.6330768241984,108.86485301985041,300.0,126.00000000000045,0.0,0.0,0.0,0.0,0.0,0.0,0.0
167.0,0.0,0.0,0.0,0.0,7.853881948536636,1.0,23.0,0.007936507936507908,23.1263417356168,-438.46652915335585,101.2279744547391,300.0,126.00000000000045,0.0,0.0,0.0,0.0,0.0,0.0,0.0
168.0,0.0,0.0,0.0,0.0,7.853881948536463,1.0,23.0,0.007936507936507908,23.1342782435533,-440.16642033021253,93.56026086799163,300.0,126.00000000000045,0.0,0.0,0.0,0.0,0.0,0.0,0.0
169.0,0.0,0.0,0.0,0.0,7.853881948536464,1.0,23.0,0.007936507936507908,23.1422147514898,-441.73223255144876,85.86404791944517,300.0,126.00000000000045,0.0,0.0,0.0,0.0,0.0,0.0,0.0
170.0,0.0,0.0,0.0,0.0,7.853881948536627,1.0,23.0,0.007936507936507908,23.1501512594263,-443.1634888554936,78.14167995011857,300.0,126.00000000000045,0.0,0.0,0.0,0.0,0.0,0.0,0.0
171.0,0.0,0.0,0.0,0.0,7.853881948536469,1.0,23.0,0.007936507936507908,23.1580877673628,-444.45975326781195,70.39550926810388,300.0,126.00000000000045,0.0,0.0,0.0,0.0,0.0,0.0,0.0
172.0,0.0,0.0,0.0,0.0,7.853881948536452,1.0,23.0,0.007941432999886366,23.1660292003627,-445.6206309337066,62.627895432029526,300.0,125.92185818534524,0.0,0.0,0.0,-9.83976250335905,0.0,0.0,0.0
173.0,0.0,0.0,0.0,0.0,7.853881948536645,1.0,23.0,0.008273585141014062,23.1743027855037,-446.6457682385949,54.84120453231634,300.0,120.86658721172726,0.0,0.0,0.0,-611.0133500117108,0.0,0.0,0.0
174.0,0.0,0.0,0.0,0.0,7.8538819485364595,1.0,23.0,0.008888898658009792,23.1831916841617,-447.534852915723,47.03780847044412,300.0,112.49987635970788,0.0,0.0,0.0,-941.2539363896066,0.0,0.0,0.0
175.0,0.0,0.0,0.0,0.0,7.853881948536458,1.0,23.0,0.0096661025366791,23.1928577866984,-448.28761414128553,39.220084236446326,300.0,103.45431327729163,0.0,0.0,0.0,-935.8025168977946,0.0,0.0,0.0
176.0,0.0,0.0,0.0,0.0,7.853881948536641,1.0,23.0,0.010691773976799102,23.2035495606752,-448.9038226169209,31.390413184856428,300.0,93.529848476971,0.0,0.0,0.0,-928.2336889890212,0.0,0.0,0.0
177.0,0.0,0.0,0.0,0.0,7.8538819485366576,1.0,23.0,0.012135708676294099,23.2156852693515,-449.38329063955825,23.551180309324653,300.0,82.40145068358929,0.0,0.0,0.0,-916.9961219587068,0.0,0.0,0.0
178.0,0.0,0.0,0.0,0.0,7.853881948536653,1.0,23.0,0.014395192533238621,23.2300804618847,-449.7258721585931,15.704773516125256,300.0,69.46763634394283,0.0,0.0,0.0,-898.4815110866334,0.0,0.0,0.0
179.0,0.0,0.0,0.0,0.0,7.853881948536451,1.0,23.0,0.01876018015625114,23.248840642041,-449.93146282037605,7.853582896777489,300.0,53.30439215781128,0.0,0.0,0.0,-861.5719066400194,0.0,0.0,0.0
180.0,0.0,0.0,0.0,0.0,7.853881948536453,1.0,23.0,0.0452910794095287,23.2941317214505,-450.0,-3.673940397442067e-15,300.0,22.079403119494142,0.0,0.0,0.0,-689.4291203787898,0.0,0.0,0.0
179.0,0.0,0.0,0.0,0.0,7.853881948536453,1.0,24.0,0.0,23.2941317214505,-449.93146282037605,7.853582896777489,300.0,0.0,0.0,0.0,0.0,0.0,0.0,0.0,0.0
178.0,0.0,0.0,0.0,0.0,7.853881948536451,1.0,24.0,0.06405126152203486,23.3581829829726,-449.7258721585931,15.704773516125256,300.0,-15.612494995995906,0.0,0.0,0.0,-243.74999999999721,0.0,0.0,0.0
177.0,0.0,0.0,0.0,0.0,7.853881948536653,1.0,24.0,0.01439519253323876,23.3725781755058,-449.38329063955825,23.551180309324653,300.0,-69.46763634393426,0.0,0.0,0.0,-3741.1893744097592,0.0,0.0,0.0
176.0,0.0,0.0,0.0,0.0,7.8538819485366576,1.0,24.0,0.012135708676294044,23.3847138841821,-448.9038226169209,31.390413184856428,300.0,-82.40145068358929,0.0,0.0,0.0,-1065.7650644597838,0.0,0.0,0.0
175.0,0.0,0.0,0.0,0.0,7.853881948536641,1.0,24.0,0.010691773976799004,23.3954056581589,-448.28761414128553,39.220084236446326,300.0,-93.529848476971,0.0,0.0,0.0,-1040.8373594064494,0.0,0.0,0.0
174.0,0.0,0.0,0.0,0.0,7.853881948536458,1.0,24.0,0.009666102536679155,23.4050717606956,-447.534852915723,47.03780847044412,300.0,-103.45431327729163,0.0,0.0,0.0,-1026.7286905618246,0.0,0.0,0.0
173.0,0.0,0.0,0.0,0.0,7.8538819485364595,1.0,24.0,0.008888898658009792,23.4139606593536,-446.6457682385949,54.84120453231634,300.0,-112.49987635970788,0.0,0.0,0.0,-1017.6247283757664,0.0,0.0,0.0
172.0,0.0,0.0,0.0,0.0,7.853881948536645,1.0,24.0,0.008273585141014103,23.4222342444946,-445.6206309337066,62.627895432029526,300.0,-120.86658721172726,0.0,0.0,0.0,-1011.2557868709054,0.0,0.0,0.0
171.0,0.0,0.0,0.0,0.0,7.853881948536452,1.0,24.0,0.007941432999886339,23.4301756774945,-444.45975326781195,70.39550926810388,300.0,-125.92185818534524,0.0,0.0,0.0,-636.5691146284154,0.0,0.0,0.0
170.0,0.0,0.0,0.0,0.0,7.853881948536469,1.0,24.0,0.007936507936507936,23.438112185431,-443.1634888554936,78.14167995011857,300.0,-126.00000000000045,0.0,0.0,0.0,-9.84586864655666,0.0,0.0,0.0
169.0,0.0,0.0,0.0,0.0,7.853881948536627,1.0,24.0,0.007936507936507936,23.4460486933675,-441.73223255144876,85.86404791944517,300.0,-126.00000000000045,0.0,0.0,0.0,0.0,0.0,0.0,0.0
168.0,0.0,0.0,0.0,0.0,7.853881948536464,1.0,24.0,0.007936507936507936,23.453985201304,-440.16642033021253,93.56026086799163,300.0,-126.00000000000045,0.0,0.0,0.0,0.0,0.0,0.0,0.0
167.0,0.0,0.0,0.0,0.0,7.853881948536463,1.0,24.0,0.007936507936507936,23.4619217092405,-438.46652915335585,101.2279744547391,300.0,-126.00000000000045,0.0,0.0,0.0,0.0,0.0,0.0,0.0
166.0,0.0,0.0,0.0,0.0,7.853881948536636,1.0,24.0,0.007936507936507936,23.469858217177,-436.6330768241984,108.86485301985041,300.0,-126.00000000000045,0.0,0.0,0.0,0.0,0.0,0.0,0.0
165.0,0.0,0.0,0.0,0.0,7.853881948536653,1.0,24.0,0.007936507936507936,23.4777947251135,-434.6666218300807,116.4685702961344,300.0,-126.00000000000045,0.0,0.0,0.0,0.0,0.0,0.0,0.0
164.0,0.0,0.0,0.0,0.0,7.853881948536653,1.0,24.0,0.007936507936507936,23.48573123305,-432.5677631722434,124.0368101176498,300.0,-126.00000000000045,0.0,0.0,0.0,0.0,0.0,0.0,0.0
163.0,0.0,0.0,0.0,0.0,7.853881948536457,1.0,24.0,0.007936507936507936,23.4936677409865,-430.33714018336593,131.5672671252316,300.0,-126.00000000000045,0.0,0.0,0.0,0.0,0.0,0.0,0.0
162.0,0.0,0.0,0.0,0.0,7.853881948536437,1.0,24.0,0.007936507936507936,23.5016042489231,-427.9754323328191,139.05764746872632,300.0,-126.00000000000045,0.0,0.0,0.0,0.0,0.0,0.0,0.0
161.0,0.0,0.0,0.0,0.0,7.853881948536671,1.0,24.0,0.007936507936507936,23.5095407568596,-425.48335901969256,146.50566950572062,300.0,-126.00000000000045,0.0,0.0,0.0,0.0,0.0,0.0,0.0
160.0,0.0,0.0,0.0,0.0,7.853881948536461,1.0,24.0,0.007936507936507936,23.5174772647961,-422.8616793536587,153.90906449655094,300.0,-126.00000000000045,0.0,0.0,0.0,0.0,0.0,0.0,0.0
159.0,0.0,0.0,0.0,0.0,7.853881948536441,1.0,24.0,0.007936507936507936,23.5254137727326,-420.11119192374076,161.26557729538504,300.0,-126.00000000000045,0.0,0.0,0.0,0.0,0.0,0.0,0.0
158.0,0.0,0.0,0.0,0.0,7.853881948536644,1.0,24.0,0.007936507936507936,23.5333502806691,-417.2327345550543,168.57296703716045,300.0,-126.00000000000045,0.0,0.0,0.0,0.0,0.0,0.0,0.0
157.0,0.0,0.0,0.0,0.0,7.85388194853666,1.0,24.0,0.007936507936507936,23.5412867886056,-414.2271840535981,175.82900782017333,300.0,-126.00000000000045,0.0,0.0,0.0,0.0,0.0,0.0,0.0
156.0,0.0,0.0,0.0,0.0,7.853881948536424,1.0,24.0,0.007936507936507936,23.5492232965421,-411.0954559391704,183.03148938411013,300.0,-126.00000000000045,0.0,0.0,0.0,0.0,0.0,0.0,0.0
155.0,0.0,0.0,0.0,0.0,7.853881948536475,1.0,24.0,0.007936507936507908,23.5571598044786,-407.8385041664925,190.17821778331472,300.0,-126.00000000000045,0.0,0.0,0.0,0.0,0.0,0.0,0.0
154.0,0.0,0.0,0.0,0.0,7.853881948536448,1.0,24.0,0.007936507936507964,23.5650963124151,-404.4573208346252,197.26701605508472,300.0,-126.00000000000045,0.0,0.0,0.0,0.0,0.0,0.0,0.0
153.0,0.0,0.0,0.0,0.0,7.853881948536685,1.0,24.0,0.007936507936507964,23.5730328203516,-400.95293588476545,204.29572488279604,300.0,-126.00000000000045,0.0,0.0,0.0,0.0,0.0,0.0,0.0
152.0,0.0,0.0,0.0,0.0,7.853881948536616,1.0,24.0,0.007936507936507908,23.5809693282881,-397.32641678651703,211.2622032536509,300.0,-126.00000000000045,0.0,0.0,0.0,0.0,0.0,0.0,0.0
151.0,0.0,0.0,0.0,0.0,7.853881948536434,1.0,24.0,0.007936507936507964,23.5889058362246,-393.57886821272814,218.16432911085167,300.0,-126.00000000000045,0.0,0.0,0.0,0.0,0.0,0.0,0.0
150.0,0.0,0.0,0.0,0.0,7.853881948536444,1.0,24.0,0.007936507936507964,23.5968423441611,-389.71143170299746,224.99999999999991,300.0,-126.00000000000045,0.0,0.0,0.0,0.0,0.0,0.0,0.0
149.0,0.0,0.0,0.0,0.0,7.853881948536684,1.0,24.0,0.007936507936507908,23.6047788520977,-385.72528531595054,231.76713370952444,300.0,-126.00000000000045,0.0,0.0,0.0,0.0,0.0,0.0,0.0
148.0,0.0,0.0,0.0,0.0,7.853881948536404,1.0,24.0,0.007936507936507908,23.6127153600342,-381.62164327039176,238.46366890494215,300.0,-126.00000000000045,0.0,0.0,0.0,0.0,0.0,0.0,0.0
147.0,0.0,0.0,0.0,0.0,7.853881948536415,1.0,24.0,0.007936507936507964,23.6206518679707,-377.401755575441,245.08756575676202,300.0,-126.00000000000045,0.0,0.0,0.0,0.0,0.0,0.0,0.0
146.0,0.0,0.0,0.0,0.0,7.853881948536755,1.0,24.0,0.007936507936507964,23.6285883759072,-373.0669076497688,251.63680656183607,300.0,-126.00000000000045,0.0,0.0,0.0,0.0,0.0,0.0,0.0
145.0,0.0,0.0,0.0,0.0,7.853881948536622,1.0,24.0,0.007936507936507908,23.6365248838437,-368.6184199300463,258.1093963579708,300.0,-126.00000000000045,0.0,0.0,0.0,0.0,0.0,0.0,0.0
144.0,0.0,0.0,0.0,0.0,7.853881948536512,1.0,24.0,0.007936507936507908,23.6444613917802,-364.0576474687263,264.50336353161293,300.0,-126.00000000000045,0.0,0.0,0.0,0.0,0.0,0.0,0.0
143.0,0.0,0.0,0.0,0.0,7.853881948536368,1.0,24.0,0.007936507936507964,23.6523978997167,-359.38597952128185,270.8167604184216,300.0,-126.00000000000045,0.0,0.0,0.0,0.0,0.0,0.0,0.0
142.0,0.0,0.0,0.0,0.0,7.853881948536682,1.0,24.0,0.007936507936507964,23.6603344076532,-354.6048391230249,277.0476638965462,300.0,-126.00000000000045,0.0,0.0,0.0,0.0,0.0,0.0,0.0
141.0,0.0,0.0,0.0,0.0,7.8538819485366345,1.0,24.0,0.007936507936507908,23.6682709155897,-349.71568265563684,283.19417597242693,300.0,-126.00000000000045,0.0,0.0,0.0,0.0,0.0,0.0,0.0
140.0,0.0,0.0,0.0,0.0,7.85388194853641,1.0,24.0,0.007936507936507908,23.6762074235262,-344.71999940354016,289.2544243589427,300.0,-126.00000000000045,0.0,0.0,0.0,0.0,0.0,0.0,0.0
139.0,0.0,0.0,0.0,0.0,7.8538819485365305,1.0,24.0,0.007936507936507908,23.6841439314627,-339.61931110024744,295.22656304572826,300.0,-126.00000000000045,0.0,0.0,0.0,0.0,0.0,0.0,0.0
138.0,0.0,0.0,0.0,0.0,7.853881948536581,1.0,24.0,0.00793650793650802,23.6920804393992,-334.41517146482744,301.1087728614862,300.0,-126.00000000000045,0.0,0.0,0.0,0.0,0.0,0.0,0.0
137.0,0.0,0.0,0.0,0.0,7.853881948536448,1.0,24.0,0.007936507936507908,23.7000169473357,-329.1091657286268,306.89926202812427,300.0,-126.00000000000045,0.0,0.0,0.0,0.0,0.0,0.0,0.0
136.0,0.0,0.0,0.0,0.0,7.853881948536457,1.0,24.0,0.007936507936507908,23.7079534552723,-323.70291015239314,312.59626670654865,300.0,-126.00000000000045,0.0,0.0,0.0,0.0,0.0,0.0,0.0
135.0,0.0,0.0,0.0,0.0,7.853881948536688,1.0,24.0,0.007936507936507908,23.7158899632088,-318.1980515339464,318.19805153394634,300.0,-126.00000000000045,0.0,0.0,0.0,0.0,0.0,0.0,0.0
134.0,0.0,0.0,0.0,0.0,7.853881948536647,1.0,24.0,0.00793650793650802,23.7238264711453,-312.59626670654876,323.7029101523931,300.0,-126.00000000000045,0.0,0.0,0.0,0.0,0.0,0.0,0.0
133.0,0.0,0.0,0.0,0.0,7.853881948536459,1.0,24.0,0.007936507936507908,23.7317629790818,-306.8992620281243,329.1091657286267,300.0,-126.00000000000045,0.0,0.0,0.0,0.0,0.0,0.0,0.0
132.0,0.0,0.0,0.0,0.0,7.853881948536448,1.0,24.0,0.007936507936507908,23.7396994870183,-301.1087728614863,334.4151714648273,300.0,-126.00000000000045,0.0,0.0,0.0,0.0,0.0,0.0,0.0
131.0,0.0,0.0,0.0,0.0,7.85388194853642,1.0,24.0,0.007936507936507908,23.7476359949548,-295.2265630457284,339.6193111002472,300.0,-126.00000000000045,0.0,0.0,0.0,0.0,0.0,0.0,0.0
130.0,0.0,0.0,0.0,0.0,7.853881948536648,1.0,24.0,0.00793650793650802,23.7555725028913,-289.2544243589428,344.71999940354004,300.0,-126.00000000000045,0.0,0.0,0.0,0.0,0.0,0.0,0.0
129.0,0.0,0.0,0.0,0.0,7.85388194853665,1.0,24.0,0.007936507936507908,23.7635090108278,-283.1941759724269,349.7156826556369,300.0,-126.00000000000045,0.0,0.0,0.0,0.0,0.0,0.0,0.0
128.0,0.0,0.0,0.0,0.0,7.85388194853651,1.0,24.0,0.007936507936507908,23.7714455187643,-277.0476638965463,354.6048391230249,300.0,-126.00000000000045,0.0,0.0,0.0,0.0,0.0,0.0,0.0
127.0,0.0,0.0,0.0,0.0,7.8538819485364435,1.0,24.0,0.007936507936507908,23.7793820267008,-270.81676041842184,359.3859795212817,300.0,-126.00000000000045,0.0,0.0,0.0,0.0,0.0,0.0,0.0
126.0,0.0,0.0,0.0,0.0,7.853881948536653,1.0,24.0,0.00793650793650802,23.7873185346373,-264.50336353161293,364.0576474687263,300.0,-126.00000000000045,0.0,0.0,0.0,0.0,0.0,0.0,0.0
125.0,0.0,0.0,0.0,0.0,7.853881948536684,1.0,24.0,0.007936507936507908,23.7952550425738,-258.10939635797064,368.61841993004634,300.0,-126.00000000000045,0.0,0.0,0.0,0.0,0.0,0.0,0.0
124.0,0.0,0.0,0.0,0.0,7.853881948536416,1.0,24.0,0.007936507936507908,23.8031915505103,-251.63680656183607,373.0669076497687,300.0,-126.00000000000045,0.0,0.0,0.0,0.0,0.0,0.0,0.0
123.0,0.0,0.0,0.0,0.0,7.853881948536495,1.0,24.0,0.007936507936507908,23.8111280584469,-245.08756575676222,377.40175557544075,300.0,-126.00000000000045,0.0,0.0,0.0,0.0,0.0,0.0,0.0
122.0,0.0,0.0,0.0,0.0,7.853881948536596,1.0,24.0,0.00793650793650802,23.8190645663834,-238.4636689049422,381.62164327039164,300.0,-126.00000000000045,0.0,0.0,0.0,0.0,0.0,0.0,0.0
121.0,0.0,0.0,0.0,0.0,7.853881948536435,1.0,24.0,0.007936507936507908,23.8270010743199,-231.7671337095245,385.7252853159505,300.0,-126.00000000000045,0.0,0.0,0.0,0.0,0.0,0.0,0.0
120.0,0.0,0.0,0.0,0.0,7.853881948536681,1.0,24.0,0.007936507936507908,23.8349375822564,-224.99999999999994,389.71143170299734,300.0,-126.00000000000045,0.0,0.0,0.0,0.0,0.0,0.0,0.0
119.0,0.0,0.0,0.0,0.0,7.853881948536472,1.0,24.0,0.00793650793650802,23.8428740901929,-218.1643291108517,393.5788682127281,300.0,-126.00000000000045,0.0,0.0,0.0,0.0,0.0,0.0,0.0
118.0,0.0,0.0,0.0,0.0,7.853881948536667,1.0,24.0,0.007936507936507908,23.8508105981294,-211.2622032536508,397.3264167865172,300.0,-126.00000000000045,0.0,0.0,0.0,0.0,0.0,0.0,0.0
117.0,0.0,0.0,0.0,0.0,7.853881948536438,1.0,24.0,0.007936507936507908,23.8587471060659,-204.2957248827961,400.95293588476557,300.0,-126.00000000000045,0.0,0.0,0.0,0.0,0.0,0.0,0.0
116.0,0.0,0.0,0.0,0.0,7.853881948536456,1.0,24.0,0.007936507936507908,23.8666836140024,-197.26701605508492,404.4573208346251,300.0,-126.00000000000045,0.0,0.0,0.0,0.0,0.0,0.0,0.0
115.0,0.0,0.0,0.0,0.0,7.8538819485366504,1.0,24.0,0.00793650793650802,23.8746201219389,-190.17821778331475,407.8385041664925,300.0,-126.00000000000045,0.0,0.0,0.0,0.0,0.0,0.0,0.0
114.0,0.0,0.0,0.0,0.0,7.853881948536526,1.0,24.0,0.007936507936507908,23.8825566298754,-183.0314893841101,411.0954559391704,300.0,-126.00000000000045,0.0,0.0,0.0,0.0,0.0,0.0,0.0
113.0,0.0,0.0,0.0,0.0,7.8538819485366,1.0,24.0,0.007936507936507908,23.8904931378119,-175.82900782017316,414.2271840535982,300.0,-126.00000000000045,0.0,0.0,0.0,0.0,0.0,0.0,0.0
112.0,0.0,0.0,0.0,0.0,7.853881948536433,1.0,24.0,0.007936507936507908,23.8984296457484,-168.57296703716048,417.2327345550543,300.0,-126.00000000000045,0.0,0.0,0.0,0.0,0.0,0.0,0.0
111.0,0.0,0.0,0.0,0.0,7.8538819485365385,1.0,24.0,0.00793650793650802,23.906366153685,-161.26557729538519,420.11119192374076,300.0,-126.00000000000045,0.0,0.0,0.0,0.0,0.0,0.0,0.0
110.0,0.0,0.0,0.0,0.0,7.853881948536587,1.0,24.0,0.007936507936507908,23.9143026616215,-153.90906449655097,422.8616793536588,300.0,-126.00000000000045,0.0,0.0,0.0,0.0,0.0,0.0,0.0
109.0,0.0,0.0,0.0,0.0,7.853881948536611,1.0,24.0,0.007936507936507908,23.922239169558,-146.50566950572045,425.48335901969256,300.0,-126.00000000000045,0.0,0.0,0.0,0.0,0.0,0.0,0.0
108.0,0.0,0.0,0.0,0.0,7.853881948536474,1.0,24.0,0.00793650793650802,23.9301756774945,-139.05764746872637,427.97543233281914,300.0,-126.00000000000045,0.0,0.0,0.0,0.0,0.0,0.0,0.0
107.0,0.0,0.0,0.0,0.0,7.853881948536546,1.0,24.0,0.007936507936507908,23.938112185431,-131.56726712523155,430.337140183366,300.0,-126.00000000000045,0.0,0.0,0.0,0.0,0.0,0.0,0.0
106.0,0.0,0.0,0.0,0.0,7.853881948536581,1.0,24.0,0.007936507936507908,23.9460486933675,-124.03681011764962,432.56776317224353,300.0,-126.00000000000045,0.0,0.0,0.0,0.0,0.0,0.0,0.0
105.0,0.0,0.0,0.0,0.0,7.853881948536433,1.0,24.0,0.007936507936507908,23.953985201304,-116.46857029613444,434.66662183008077,300.0,-126.00000000000045,0.0,0.0,0.0,0.0,0.0,0.0,0.0
104.0,0.0,0.0,0.0,0.0,7.853881948536543,1.0,24.0,0.00793650793650802,23.9619217092405,-108.86485301985056,436.6330768241984,300.0,-126.00000000000045,0.0,0.0,0.0,0.0,0.0,0.0,0.0
103.0,0.0,0.0,0.0,0.0,7.853881948536664,1.0,24.0,0.007936507936507908,23.969858217177,-101.22797445473921,438.46652915335585,300.0,-126.00000000000045,0.0,0.0,0.0,0.0,0.0,0.0,0.0
102.0,0.0,0.0,0.0,0.0,7.8538819485365465,1.0,24.0,0.007936507936507908,23.9777947251135,-93.56026086799166,440.16642033021253,300.0,-126.00000000000045,0.0,0.0,0.0,0.0,0.0,0.0,0.0
101.0,0.0,0.0,0.0,0.0,7.853881948536436,1.0,24.0,0.007936507936507908,23.98573123305,-85.86404791944523,441.73223255144876,300.0,-126.00000000000045,0.0,0.0,0.0,0.0,0.0,0.0,0.0
100.0,0.0,0.0,0.0,0.0,7.853881948536571,1.0,24.0,0.00793650793650802,23.9936677409865,-78.14167995011869,443.1634888554936,300.0,-126.00000000000045,0.0,0.0,0.0,0.0,0.0,0.0,0.0
99.0,0.0,0.0,0.0,0.0,7.853881948536442,1.0,24.0,0.007936507936507908,24.001604248923,-70.39550926810402,444.45975326781195,300.0,-126.00000000000045,0.0,0.0,0.0,0.0,0.0,0.0,0.0
98.0,0.0,0.0,0.0,0.0,7.853881948536664,1.0,24.0,0.007936507936507908,24.0095407568596,-62.62789543202946,445.62063093370665,300.0,-126.00000000000045,0.0,0.0,0.0,0.0,0.0,0.0,0.0
97.0,0.0,0.0,0.0,0.0,7.853881948536554,1.0,24.0,0.007936507936507908,24.0174772647961,-54.84120453231637,446.64576823859494,300.0,-126.00000000000045,0.0,0.0,0.0,0.0,0.0,0.0,0.0
96.0,0.0,0.0,0.0,0.0,7.853881948536544,1.0,24.0,0.00793650793650802,24.0254137727326,-47.03780847044406,447.53485291572304,300.0,-126.00000000000045,0.0,0.0,0.0,0.0,0.0,0.0,0.0
95.0,0.0,0.0,0.0,0.0,7.8538819485364595,1.0,24.0,0.007936507936507908,24.0333502806691,-39.22008423644626,448.28761414128553,300.0,-126.00000000000045,0.0,0.0,0.0,0.0,0.0,0.0,0.0
94.0,0.0,0.0,0.0,0.0,7.853881948536545,1.0,24.0,0.007936507936507908,24.0412867886056,-31.39041318485646,448.9038226169209,300.0,-126.00000000000045,0.0,0.0,0.0,0.0,0.0,0.0,0.0
93.0,0.0,0.0,0.0,0.0,7.853881948536654,1.0,24.0,0.007936507936507908,24.0492232965421,-23.55118030932469,449.38329063955825,300.0,-126.00000000000045,0.0,0.0,0.0,0.0,0.0,0.0,0.0
92.0,0.0,0.0,0.0,0.0,7.853881948536555,1.0,24.0,0.00793650793650802,24.0571598044786,-15.704773516125389,449.7258721585931,300.0,-126.00000000000045,0.0,0.0,0.0,0.0,0.0,0.0,0.0
91.0,0.0,0.0,0.0,0.0,7.853881948536449,1.0,24.0,0.007936507936507908,24.0650963124151,-7.853582896777624,449.93146282037605,300.0,-126.00000000000045,0.0,0.0,0.0,0.0,0.0,0.0,0.0
90.0,0.0,0.0,0.0,0.0,7.853881948536554,1.0,24.0,0.007936507936507908,24.0730328203516,-3.1228493378257513e-14,450.0,300.0,-126.00000000000045,0.0,0.0,0.0,0.0,0.0,0.0,0.0
89.0,0.0,0.0,0.0,0.0,7.853881948536452,1.0,24.0,0.007936507936507908,24.0809693282881,7.853582896777461,449.93146282037605,300.0,-126.00000000000045,0.0,0.0,0.0,0.0,0.0,0.0,0.0
88.0,0.0,0.0,0.0,0.0,7.853881948536651,1.0,24.0,0.00793650793650802,24.0889058362246,15.704773516125428,449.7258721585931,300.0,-126.00000000000045,0.0,0.0,0.0,0.0,0.0,0.0,0.0
87.0,0.0,0.0,0.0,0.0,7.853881948536552,1.0,24.0,0.007936507936507908,24.0968423441611,23.551180309324725,449.38329063955825,300.0,-126.00000000000045,0.0,0.0,0.0,0.0,0.0,0.0,0.0
86.0,0.0,0.0,0.0,0.0,7.8538819485365545,1.0,24.0,0.007936507936507908,24.1047788520977,31.390413184856396,448.9038226169209,300.0,-126.00000000000045,0.0,0.0,0.0,0.0,0.0,0.0,0.0
85.0,0.0,0.0,0.0,0.0,7.853881948536453,1.0,24.0,0.007936507936507908,24.1127153600342,39.220084236446105,448.28761414128553,300.0,-126.00000000000045,0.0,0.0,0.0,0.0,0.0,0.0,0.0
84.0,0.0,0.0,0.0,0.0,7.853881948536557,1.0,24.0,0.00793650793650802,24.1206518679707,47.037808470444,447.534852915723,300.0,-126.00000000000045,0.0,0.0,0.0,0.0,0.0,0.0,0.0
83.0,0.0,0.0,0.0,0.0,7.853881948536551,1.0,24.0,0.007936507936507908,24.1285883759072,54.84120453231631,446.6457682385949,300.0,-126.00000000002865,0.0,0.0,0.0,-3.5524863051258654e-09,0.0,0.0,0.0
82.0,0.0,0.0,0.0,0.0,7.853881948536652,1.0,24.0,0.007936507936507908,24.1365248838437,62.627895432029504,445.6206309337066,300.0,-126.00000000002865,0.0,0.0,0.0,0.0,0.0,0.0,0.0
81.0,0.0,0.0,0.0,0.0,7.853881948536451,1.0,24.0,0.007936507936507908,24.1444613917802,70.39550926810386,444.459753267812,300.0,-126.00000000002865,0.0,0.0,0.0,0.0,0.0,0.0,0.0
80.0,0.0,0.0,0.0,0.0,7.853881948536549,1.0,24.0,0.00793650793650802,24.1523978997167,78.14167995011863,443.1634888554936,300.0,-125.99999999997225,0.0,0.0,0.0,7.106763177942666e-09,0.0,0.0,0.0
79.0,0.0,0.0,0.0,0.0,7.853881948536557,1.0,24.0,0.007936507936507908,24.1603344076532,85.86404791944516,441.73223255144876,300.0,-125.99999999997225,0.0,0.0,0.0,0.0,0.0,0.0,0.0
78.0,0.0,0.0,0.0,0.0,7.853881948536548,1.0,24.0,0.007936507936507908,24.1682709155897,93.5602608679917,440.16642033021253,300.0,-126.00000000002865,0.0,0.0,0.0,-7.106763177945846e-09,0.0,0.0,0.0
77.0,0.0,0.0,0.0,0.0,7.853881948536449,1.0,24.0,0.007936507936507908,24.1762074235262,101.22797445473915,438.46652915335585,300.0,-126.00000000002865,0.0,0.0,0.0,0.0,0.0,0.0,0.0
76.0,0.0,0.0,0.0,0.0,7.853881948536664,1.0,24.0,0.00793650793650802,24.1841439314627,108.8648530198505,436.6330768241984,300.0,-125.99999999997225,0.0,0.0,0.0,7.106763177942666e-09,0.0,0.0,0.0
75.0,0.0,0.0,0.0,0.0,7.853881948536447,1.0,24.0,0.007936507936507908,24.1920804393992,116.46857029613429,434.66662183008077,300.0,-125.99999999997225,0.0,0.0,0.0,0.0,0.0,0.0,0.0
74.0,0.0,0.0,0.0,0.0,7.853881948536529,1.0,24.0,0.007936507936507908,24.2000169473357,124.03681011764957,432.56776317224353,300.0,-126.00000000002865,0.0,0.0,0.0,-7.106763177945846e-09,0.0,0.0,0.0
73.0,0.0,0.0,0.0,0.0,7.8538819485365705,1.0,24.0,0.007936507936507908,24.2079534552722,131.56726712523147,430.33714018336593,300.0,-126.00000000002865,0.0,0.0,0.0,0.0,0.0,0.0,0.0
72.0,0.0,0.0,0.0,0.0,7.853881948536546,1.0,24.0,0.00793650793650802,24.2158899632088,139.0576474687263,427.9754323328191,300.0,-125.99999999997225,0.0,0.0,0.0,7.106763177942666e-09,0.0,0.0,0.0
71.0,0.0,0.0,0.0,0.0,7.85388194853659,1.0,24.0,0.007936507936507908,24.2238264711453,146.5056695057205,425.48335901969256,300.0,-125.99999999997225,0.0,0.0,0.0,0.0,0.0,0.0,0.0
70.0,0.0,0.0,0.0,0.0,7.853881948536542,1.0,24.0,0.007936507936507908,24.2317629790818,153.9090644965509,422.8616793536587,300.0,-126.00000000002865,0.0,0.0,0.0,-7.106763177945846e-09,0.0,0.0,0.0
69.0,0.0,0.0,0.0,0.0,7.853881948536547,1.0,24.0,0.007936507936507908,24.2396994870183,161.26557729538513,420.11119192374076,300.0,-126.00000000002865,0.0,0.0,0.0,0.0,0.0,0.0,0.0
68.0,0.0,0.0,0.0,0.0,7.853881948536433,1.0,24.0,0.00793650793650802,24.2476359949548,168.5729670371603,417.2327345550543,300.0,-125.99999999997225,0.0,0.0,0.0,7.106763177942666e-09,0.0,0.0,0.0
67.0,0.0,0.0,0.0,0.0,7.853881948536687,1.0,24.0,0.007936507936507908,24.2555725028913,175.82900782017322,414.2271840535981,300.0,-125.99999999997225,0.0,0.0,0.0,0.0,0.0,0.0,0.0
66.0,0.0,0.0,0.0,0.0,7.85388194853645,1.0,24.0,0.007936507936507908,24.2635090108278,183.03148938411005,411.0954559391704,300.0,-126.00000000002865,0.0,0.0,0.0,-7.106763177945846e-09,0.0,0.0,0.0
65.0,0.0,0.0,0.0,0.0,7.853881948536526,1.0,24.0,0.007936507936507908,24.2714455187643,190.1782177833147,407.8385041664925,300.0,-126.00000000002865,0.0,0.0,0.0,0.0,0.0,0.0,0.0
64.0,0.0,0.0,0.0,0.0,7.85388194853655,1.0,24.0,0.00793650793650802,24.2793820267008,197.2670160550848,404.4573208346252,300.0,-125.99999999997225,0.0,0.0,0.0,7.106763177942666e-09,0.0,0.0,0.0
63.0,0.0,0.0,0.0,0.0,7.853881948536583,1.0,24.0,0.007936507936507908,24.2873185346373,204.295724882796,400.95293588476545,300.0,-125.99999999997225,0.0,0.0,0.0,0.0,0.0,0.0,0.0
62.0,0.0,0.0,0.0,0.0,7.853881948536539,1.0,24.0,0.007936507936507797,24.2952550425738,211.26220325365082,397.3264167865171,300.0,-126.00000000002865,0.0,0.0,0.0,-7.106763177945846e-09,0.0,0.0,0.0
61.0,0.0,0.0,0.0,0.0,7.853881948536511,1.0,24.0,0.007936507936507908,24.3031915505103,218.16432911085164,393.57886821272814,300.0,-126.00000000002865,0.0,0.0,0.0,0.0,0.0,0.0,0.0
60.0,0.0,0.0,0.0,0.0,7.853881948536543,1.0,24.0,0.00793650793650813,24.3111280584469,225.0,389.71143170299746,300.0,-125.99999999997225,0.0,0.0,0.0,7.106763177942666e-09,0.0,0.0,0.0
59.0,0.0,0.0,0.0,0.0,7.853881948536562,1.0,24.0,0.007936507936507908,24.3190645663834,231.7671337095244,385.72528531595054,300.0,-125.99999999997225,0.0,0.0,0.0,0.0,0.0,0.0,0.0
58.0,0.0,0.0,0.0,0.0,7.853881948536453,1.0,24.0,0.007936507936507908,24.3270010743199,238.46366890494215,381.62164327039176,300.0,-126.00000000002865,0.0,0.0,0.0,-7.106763177945846e-09,0.0,0.0,0.0
57.0,0.0,0.0,0.0,0.0,7.853881948536596,1.0,24.0,0.007936507936507908,24.3349375822564,245.08756575676216,377.40175557544086,300.0,-126.00000000002865,0.0,0.0,0.0,0.0,0.0,0.0,0.0
56.0,0.0,0.0,0.0,0.0,7.853881948536495,1.0,24.0,0.007936507936507908,24.3428740901929,251.636806561836,373.06690764976884,300.0,-126.00000000002865,0.0,0.0,0.0,0.0,0.0,0.0,0.0
55.0,0.0,0.0,0.0,0.0,7.853881948536528,1.0,24.0,0.007936507936507908,24.3508105981294,258.10939635797064,368.61841993004634,300.0,-126.00000000002865,0.0,0.0,0.0,0.0,0.0,0.0,0.0
54.0,0.0,0.0,0.0,0.0,7.853881948536572,1.0,24.0,0.007936507936507908,24.3587471060659,264.5033635316129,364.05764746872643,300.0,-126.00000000002865,0.0,0.0,0.0,0.0,0.0,0.0,0.0
53.0,0.0,0.0,0.0,0.0,7.853881948536573,1.0,24.0,0.00793650793650813,24.3666836140024,270.8167604184217,359.38597952128185,300.0,-125.99999999997225,0.0,0.0,0.0,7.106763177942666e-09,0.0,0.0,0.0
52.0,0.0,0.0,0.0,0.0,7.853881948536478,1.0,24.0,0.007936507936507908,24.3746201219389,277.04766389654617,354.604839123025,300.0,-125.99999999997225,0.0,0.0,0.0,0.0,0.0,0.0,0.0
51.0,0.0,0.0,0.0,0.0,7.853881948536626,1.0,24.0,0.007936507936507908,24.3825566298754,283.1941759724268,349.7156826556369,300.0,-126.00000000002865,0.0,0.0,0.0,-7.106763177945846e-09,0.0,0.0,0.0
50.0,0.0,0.0,0.0,0.0,7.853881948536533,1.0,24.0,0.007936507936507908,24.3904931378119,289.2544243589427,344.71999940354016,300.0,-126.00000000002865,0.0,0.0,0.0,0.0,0.0,0.0,0.0
49.0,0.0,0.0,0.0,0.0,7.8538819485365305,1.0,24.0,0.007936507936507908,24.3984296457484,295.22656304572826,339.61931110024744,300.0,-126.00000000002865,0.0,0.0,0.0,0.0,0.0,0.0,0.0
48.0,0.0,0.0,0.0,0.0,7.8538819485365385,1.0,24.0,0.007936507936507908,24.4063661536849,301.10877286148616,334.41517146482744,300.0,-126.00000000002865,0.0,0.0,0.0,0.0,0.0,0.0,0.0
47.0,0.0,0.0,0.0,0.0,7.85388194853649,1.0,24.0,0.007936507936507908,24.4143026616214,306.89926202812427,329.1091657286268,300.0,-126.00000000002865,0.0,0.0,0.0,0.0,0.0,0.0,0.0
46.0,0.0,0.0,0.0,0.0,7.853881948536618,1.0,24.0,0.007936507936507908,24.4222391695579,312.59626670654876,323.70291015239303,300.0,-126.00000000002865,0.0,0.0,0.0,0.0,0.0,0.0,0.0
45.0,0.0,0.0,0.0,0.0,7.853881948536487,1.0,24.0,0.00793650793650813,24.4301756774945,318.19805153394634,318.19805153394645,300.0,-125.99999999997225,0.0,0.0,0.0,7.106763177942666e-09,0.0,0.0,0.0
44.0,0.0,0.0,0.0,0.0,7.853881948536607,1.0,24.0,0.007936507936507908,24.438112185431,323.70291015239303,312.5962667065488,300.0,-125.99999999997225,0.0,0.0,0.0,0.0,0.0,0.0,0.0
43.0,0.0,0.0,0.0,0.0,7.853881948536498,1.0,24.0,0.007936507936507908,24.4460486933675,329.1091657286267,306.8992620281244,300.0,-126.00000000002865,0.0,0.0,0.0,-7.106763177945846e-09,0.0,0.0,0.0
42.0,0.0,0.0,0.0,0.0,7.85388194853649,1.0,24.0,0.007936507936507908,24.453985201304,334.4151714648273,301.1087728614863,300.0,-126.00000000002865,0.0,0.0,0.0,0.0,0.0,0.0,0.0
41.0,0.0,0.0,0.0,0.0,7.853881948536624,1.0,24.0,0.007936507936507908,24.4619217092405,339.61931110024733,295.22656304572826,300.0,-126.00000000002865,0.0,0.0,0.0,0.0,0.0,0.0,0.0
40.0,0.0,0.0,0.0,0.0,7.8538819485365305,1.0,24.0,0.007936507936507908,24.469858217177,344.71999940354004,289.2544243589427,300.0,-126.00000000002865,0.0,0.0,0.0,0.0,0.0,0.0,0.0
39.0,0.0,0.0,0.0,0.0,7.853881948536526,1.0,24.0,0.00793650793650813,24.4777947251135,349.71568265563684,283.1941759724269,300.0,-125.99999999997225,0.0,0.0,0.0,7.106763177942666e-09,0.0,0.0,0.0
38.0,0.0,0.0,0.0,0.0,7.85388194853659,1.0,24.0,0.007936507936507908,24.48573123305,354.6048391230249,277.0476638965462,300.0,-125.99999999997225,0.0,0.0,0.0,0.0,0.0,0.0,0.0
37.0,0.0,0.0,0.0,0.0,7.853881948536478,1.0,24.0,0.007936507936507908,24.4936677409865,359.38597952128174,270.8167604184218,300.0,-126.00000000002865,0.0,0.0,0.0,-7.106763177945846e-09,0.0,0.0,0.0
36.0,0.0,0.0,0.0,0.0,7.853881948536528,1.0,24.0,0.007936507936507908,24.501604248923,364.0576474687263,264.503363531613,300.0,-126.00000000002865,0.0,0.0,0.0,0.0,0.0,0.0,0.0
35.0,0.0,0.0,0.0,0.0,7.853881948536572,1.0,24.0,0.007936507936507908,24.5095407568595,368.61841993004623,258.10939635797075,300.0,-126.00000000002865,0.0,0.0,0.0,0.0,0.0,0.0,0.0
34.0,0.0,0.0,0.0,0.0,7.853881948536481,1.0,24.0,0.007936507936507908,24.517477264796,373.0669076497687,251.63680656183618,300.0,-126.00000000002865,0.0,0.0,0.0,0.0,0.0,0.0,0.0
33.0,0.0,0.0,0.0,0.0,7.85388194853659,1.0,24.0,0.007936507936507908,24.5254137727325,377.40175557544075,245.08756575676222,300.0,-126.00000000002865,0.0,0.0,0.0,0.0,0.0,0.0,0.0
32.0,0.0,0.0,0.0,0.0,7.853881948536548,1.0,24.0,0.007936507936507908,24.533350280669,381.62164327039164,238.46366890494227,300.0,-126.00000000002865,0.0,0.0,0.0,0.0,0.0,0.0,0.0
31.0,0.0,0.0,0.0,0.0,7.853881948536531,1.0,24.0,0.00793650793650813,24.5412867886056,385.7252853159505,231.76713370952444,300.0,-125.99999999997225,0.0,0.0,0.0,7.106763177942666e-09,0.0,0.0,0.0
30.0,0.0,0.0,0.0,0.0,7.853881948536557,1.0,24.0,0.007936507936507908,24.5492232965421,389.71143170299734,225.00000000000003,300.0,-125.99999999997225,0.0,0.0,0.0,0.0,0.0,0.0,0.0
29.0,0.0,0.0,0.0,0.0,7.853881948536493,1.0,24.0,0.007936507936507908,24.5571598044786,393.578868212728,218.16432911085172,300.0,-126.00000000002865,0.0,0.0,0.0,-7.106763177945846e-09,0.0,0.0,0.0
28.0,0.0,0.0,0.0,0.0,7.853881948536593,1.0,24.0,0.007936507936507908,24.5650963124151,397.32641678651714,211.2622032536509,300.0,-126.00000000002865,0.0,0.0,0.0,0.0,0.0,0.0,0.0
27.0,0.0,0.0,0.0,0.0,7.853881948536565,1.0,24.0,0.007936507936507908,24.5730328203516,400.95293588476557,204.2957248827961,300.0,-126.00000000002865,0.0,0.0,0.0,0.0,0.0,0.0,0.0
26.0,0.0,0.0,0.0,0.0,7.853881948536558,1.0,24.0,0.007936507936507908,24.5809693282881,404.4573208346252,197.26701605508487,300.0,-126.00000000002865,0.0,0.0,0.0,0.0,0.0,0.0,0.0
25.0,0.0,0.0,0.0,0.0,7.8538819485364995,1.0,24.0,0.007936507936507908,24.5889058362246,407.8385041664925,190.1782177833148,300.0,-126.00000000002865,0.0,0.0,0.0,0.0,0.0,0.0,0.0
24.0,0.0,0.0,0.0,0.0,7.853881948536578,1.0,24.0,0.007936507936507908,24.5968423441611,411.0954559391704,183.0314893841101,300.0,-126.00000000002865,0.0,0.0,0.0,0.0,0.0,0.0,0.0
23.0,0.0,0.0,0.0,0.0,7.853881948536547,1.0,24.0,0.00793650793650813,24.6047788520976,414.2271840535982,175.82900782017322,300.0,-125.99999999997225,0.0,0.0,0.0,7.106763177942666e-09,0.0,0.0,0.0
22.0,0.0,0.0,0.0,0.0,7.853881948536485,1.0,24.0,0.007936507936507908,24.6127153600341,417.2327345550543,168.57296703716048,300.0,-125.99999999997225,0.0,0.0,0.0,0.0,0.0,0.0,0.0
21.0,0.0,0.0,0.0,0.0,7.8538819485365385,1.0,24.0,0.007936507936507908,24.6206518679706,420.11119192374076,161.26557729538519,300.0,-126.00000000002865,0.0,0.0,0.0,-7.106763177945846e-09,0.0,0.0,0.0
20.0,0.0,0.0,0.0,0.0,7.853881948536587,1.0,24.0,0.007936507936507908,24.6285883759071,422.8616793536588,153.90906449655097,300.0,-126.00000000002865,0.0,0.0,0.0,0.0,0.0,0.0,0.0
19.0,0.0,0.0,0.0,0.0,7.853881948536504,1.0,24.0,0.007936507936507908,24.6365248838436,425.48335901969256,146.50566950572056,300.0,-126.00000000002865,0.0,0.0,0.0,0.0,0.0,0.0,0.0
18.0,0.0,0.0,0.0,0.0,7.853881948536563,1.0,24.0,0.007936507936507908,24.6444613917801,427.9754323328191,139.05764746872637,300.0,-126.00000000002865,0.0,0.0,0.0,0.0,0.0,0.0,0.0
17.0,0.0,0.0,0.0,0.0,7.853881948536518,1.0,24.0,0.007936507936507908,24.6523978997167,430.33714018336593,131.56726712523158,300.0,-126.00000000002865,0.0,0.0,0.0,0.0,0.0,0.0,0.0
16.0,0.0,0.0,0.0,0.0,7.8538819485365705,1.0,24.0,0.007936507936507908,24.6603344076532,432.56776317224353,124.03681011764968,300.0,-126.00000000002865,0.0,0.0,0.0,0.0,0.0,0.0,0.0
15.0,0.0,0.0,0.0,0.0,7.853881948536529,1.0,24.0,0.00793650793650813,24.6682709155897,434.66662183008077,116.4685702961344,300.0,-125.99999999997225,0.0,0.0,0.0,7.106763177942666e-09,0.0,0.0,0.0
14.0,0.0,0.0,0.0,0.0,7.85388194853653,1.0,24.0,0.007936507936507908,24.6762074235262,436.6330768241984,108.86485301985053,300.0,-125.99999999997225,0.0,0.0,0.0,0.0,0.0,0.0,0.0
13.0,0.0,0.0,0.0,0.0,7.853881948536554,1.0,24.0,0.007936507936507908,24.6841439314627,438.46652915335585,101.2279744547393,300.0,-126.00000000002865,0.0,0.0,0.0,-7.106763177945846e-09,0.0,0.0,0.0
12.0,0.0,0.0,0.0,0.0,7.8538819485365465,1.0,24.0,0.007936507936507908,24.6920804393992,440.16642033021253,93.56026086799174,300.0,-126.00000000002865,0.0,0.0,0.0,0.0,0.0,0.0,0.0
11.0,0.0,0.0,0.0,0.0,7.853881948536521,1.0,24.0,0.007936507936507908,24.7000169473357,441.73223255144876,85.86404791944523,300.0,-126.00000000002865,0.0,0.0,0.0,0.0,0.0,0.0,0.0
10.0,0.0,0.0,0.0,0.0,7.853881948536544,1.0,24.0,0.007936507936507908,24.7079534552722,443.1634888554936,78.14167995011871,300.0,-126.00000000002865,0.0,0.0,0.0,0.0,0.0,0.0,0.0
9.0,0.0,0.0,0.0,0.0,7.853881948536549,1.0,24.0,0.007936507936507908,24.7158899632087,444.459753267812,70.39550926810395,300.0,-126.00000000002865,0.0,0.0,0.0,0.0,0.0,0.0,0.0
8.0,0.0,0.0,0.0,0.0,7.853881948536544,1.0,24.0,0.007941432999886366,24.7238313962086,445.62063093370665,62.627895432029504,300.0,-125.92185818534524,0.0,0.0,0.0,9.839762506909333,0.0,0.0,0.0
7.0,0.0,0.0,0.0,0.0,7.853881948536532,1.0,24.0,0.008273585141014062,24.7321049813496,446.6457682385949,54.841204532316425,300.0,-120.86658721170132,0.0,0.0,0.0,611.013350014716,0.0,0.0,0.0
6.0,0.0,0.0,0.0,0.0,7.853881948536551,1.0,24.0,0.008888898658009792,24.7409938800076,447.534852915723,47.03780847044411,300.0,-112.4998763596854,0.0,0.0,0.0,941.2539363890284,0.0,0.0,0.0
5.0,0.0,0.0,0.0,0.0,7.853881948536542,1.0,24.0,0.0096661025366791,24.7506599825443,448.28761414128553,39.22008423644623,300.0,-103.45431327727263,0.0,0.0,0.0,935.8025168972624,0.0,0.0,0.0
4.0,0.0,0.0,0.0,0.0,7.8538819485365305,1.0,24.0,0.010691773976799102,24.7613517565211,448.9038226169209,31.390413184856445,300.0,-93.529848476971,0.0,0.0,0.0,928.2336889872441,0.0,0.0,0.0
3.0,0.0,0.0,0.0,0.0,7.853881948536547,1.0,24.0,0.012135708676294099,24.7734874651974,449.38329063955825,23.55118030932478,300.0,-82.40145068358929,0.0,0.0,0.0,916.9961219587068,0.0,0.0,0.0
2.0,0.0,0.0,0.0,0.0,7.853881948536543,1.0,24.0,0.014395192533238621,24.7878826577306,449.7258721585931,15.704773516125494,300.0,-69.46763634393426,0.0,0.0,0.0,898.4815110871178,0.0,0.0,0.0
1.0,0.0,0.0,0.0,0.0,7.853881948536539,1.0,24.0,0.01876018015625114,24.8066428378869,449.93146282037605,7.853582896777638,300.0,-53.30439215781633,0.0,0.0,0.0,861.5719066393749,0.0,0.0,0.0
0.0,0.0,0.0,0.0,0.0,7.85388194853654,1.0,24.0,0.0452910794095287,24.8519339172964,450.0,5.878304635907296e-14,300.0,-22.079403119493275,0.0,0.0,0.0,689.4291203788935,0.0,0.0,0.0
0.0,0.0,0.0,0.0,0.0,7.85388194853654,1.0,24.0,0.01,24.8619339172964,450.0,5.878304635907296e-14,300.0,0.0,0.0,0.0,0.0,0.0,0.0,0.0,0.0
0.0,0.0,0.0,0.0,0.0,7.85388194853654,1.0,24.0,1.15,26.0119339172964,450.0,5.878304635907296e-14,300.0,0.0,0.0,0.0,0.0,0.0,0.0,0.0,0.0
1.0,0.0,0.0,0.0,0.0,7.85388194853654,1.0,26.0,0.0,26.0119339172964,449.93146282037605,7.853582896777638,300.0,0.0,0.0,0.0,0.0,0.0,0.0,0.0,0.0
2.0,0.0,0.0,0.0,0.0,7.853881948536539,1.0,26.0,0.06405126152203486,26.0759851788184,449.7258721585931,15.704773516125494,300.0,15.612494995995906,0.0,0.0,0.0,243.74999999999721,0.0,0.0,0.0
3.0,0.0,0.0,0.0,0.0,7.853881948536543,1.0,26.0,0.01439519253323876,26.0903803713517,449.38329063955825,23.55118030932478,300.0,69.46763634393426,0.0,0.0,0.0,3741.1893744097592,0.0,0.0,0.0
4.0,0.0,0.0,0.0,0.0,7.853881948536547,1.0,26.0,0.01224951664069708,26.1026298879924,448.9038226169209,31.390413184856445,300.0,81.63587424157288,0.0,0.0,0.0,993.3647387531674,0.0,0.0,0.0
5.0,0.0,0.0,0.0,0.0,7.8538819485365305,1.0,26.0,0.011904761904761904,26.1145346498972,448.28761414128553,39.22008423644623,300.0,83.99999999999403,0.0,0.0,0.0,198.58656370736276,0.0,0.0,0.0
6.0,0.0,0.0,0.0,0.0,7.853881948536542,1.0,26.0,0.011904761904761904,26.1264394118019,447.534852915723,47.03780847044411,300.0,83.99999999999403,0.0,0.0,0.0,0.0,0.0,0.0,0.0
7.0,0.0,0.0,0.0,0.0,7.853881948536551,1.0,26.0,0.011904761904761904,26.1383441737067,446.6457682385949,54.841204532316425,300.0,83.99999999999403,0.0,0.0,0.0,0.0,0.0,0.0,0.0
8.0,0.0,0.0,0.0,0.0,7.853881948536532,1.0,26.0,0.01190476190476189,26.1502489356114,445.62063093370665,62.627895432029504,300.0,83.99999999999403,0.0,0.0,0.0,0.0,0.0,0.0,0.0
9.0,0.0,0.0,0.0,0.0,7.853881948536544,1.0,26.0,0.011904761904761918,26.1621536975162,444.459753267812,70.39550926810395,300.0,83.99999999999403,0.0,0.0,0.0,0.0,0.0,0.0,0.0
10.0,0.0,0.0,0.0,0.0,7.853881948536549,1.0,26.0,0.011904761904761918,26.174058459421,443.1634888554936,78.14167995011871,300.0,83.99999999999403,0.0,0.0,0.0,0.0,0.0,0.0,0.0
11.0,0.0,0.0,0.0,0.0,7.853881948536544,1.0,26.0,0.01190476190476189,26.1859632213257,441.73223255144876,85.86404791944523,300.0,83.99999999999403,0.0,0.0,0.0,0.0,0.0,0.0,0.0
12.0,0.0,0.0,0.0,0.0,7.853881948536521,1.0,26.0,0.01190476190476189,26.1978679832305,440.16642033021253,93.56026086799174,300.0,83.99999999999403,0.0,0.0,0.0,0.0,0.0,0.0,0.0
13.0,0.0,0.0,0.0,0.0,7.8538819485365465,1.0,26.0,0.011904761904761918,26.2097727451353,438.46652915335585,101.2279744547393,300.0,83.99999999999403,0.0,0.0,0.0,0.0,0.0,0.0,0.0
14.0,0.0,0.0,0.0,0.0,7.853881948536554,1.0,26.0,0.011904761904761918,26.22167750704,436.6330768241984,108.86485301985053,300.0,83.99999999999403,0.0,0.0,0.0,0.0,0.0,0.0,0.0
15.0,0.0,0.0,0.0,0.0,7.85388194853653,1.0,26.0,0.011904761904761918,26.2335822689448,434.66662183008077,116.4685702961344,300.0,83.99999999999403,0.0,0.0,0.0,0.0,0.0,0.0,0.0
16.0,0.0,0.0,0.0,0.0,7.853881948536529,1.0,26.0,0.011904761904761862,26.2454870308495,432.56776317224353,124.03681011764968,300.0,83.99999999999403,0.0,0.0,0.0,0.0,0.0,0.0,0.0
17.0,0.0,0.0,0.0,0.0,7.8538819485365705,1.0,26.0,0.011904761904761918,26.2573917927543,430.33714018336593,131.56726712523158,300.0,83.99999999999403,0.0,0.0,0.0,0.0,0.0,0.0,0.0
18.0,0.0,0.0,0.0,0.0,7.853881948536518,1.0,26.0,0.011904761904761918,26.2692965546591,427.9754323328191,139.05764746872637,300.0,83.99999999999403,0.0,0.0,0.0,0.0,0.0,0.0,0.0
19.0,0.0,0.0,0.0,0.0,7.853881948536563,1.0,26.0,0.011904761904761918,26.2812013165638,425.48335901969256,146.50566950572056,300.0,83.99999999999403,0.0,0.0,0.0,0.0,0.0,0.0,0.0
20.0,0.0,0.0,0.0,0.0,7.853881948536504,1.0,26.0,0.011904761904761862,26.2931060784686,422.8616793536588,153.90906449655097,300.0,83.99999999999403,0.0,0.0,0.0,0.0,0.0,0.0,0.0
21.0,0.0,0.0,0.0,0.0,7.853881948536587,1.0,26.0,0.011904761904761918,26.3050108403734,420.11119192374076,161.26557729538519,300.0,83.99999999999403,0.0,0.0,0.0,0.0,0.0,0.0,0.0
22.0,0.0,0.0,0.0,0.0,7.8538819485365385,1.0,26.0,0.011904761904761918,26.3169156022781,417.2327345550543,168.57296703716048,300.0,83.99999999999403,0.0,0.0,0.0,0.0,0.0,0.0,0.0
23.0,0.0,0.0,0.0,0.0,7.853881948536485,1.0,26.0,0.011904761904761918,26.3288203641829,414.2271840535982,175.82900782017322,300.0,83.99999999999403,0.0,0.0,0.0,0.0,0.0,0.0,0.0
24.0,0.0,0.0,0.0,0.0,7.853881948536547,1.0,26.0,0.011904761904761862,26.3407251260876,411.0954559391704,183.0314893841101,300.0,83.99999999999403,0.0,0.0,0.0,0.0,0.0,0.0,0.0
25.0,0.0,0.0,0.0,0.0,7.853881948536578,1.0,26.0,0.011904761904761918,26.3526298879924,407.8385041664925,190.1782177833148,300.0,83.99999999999403,0.0,0.0,0.0,0.0,0.0,0.0,0.0
26.0,0.0,0.0,0.0,0.0,7.8538819485364995,1.0,26.0,0.011904761904761918,26.3645346498972,404.4573208346252,197.26701605508487,300.0,83.99999999999403,0.0,0.0,0.0,0.0,0.0,0.0,0.0
27.0,0.0,0.0,0.0,0.0,7.853881948536558,1.0,26.0,0.011904761904761862,26.3764394118019,400.95293588476557,204.2957248827961,300.0,83.99999999999403,0.0,0.0,0.0,0.0,0.0,0.0,0.0
28.0,0.0,0.0,0.0,0.0,7.853881948536565,1.0,26.0,0.011904761904761918,26.3883441737067,397.32641678651714,211.2622032536509,300.0,83.99999999999403,0.0,0.0,0.0,0.0,0.0,0.0,0.0
29.0,0.0,0.0,0.0,0.0,7.853881948536593,1.0,26.0,0.011904761904761918,26.4002489356115,393.578868212728,218.16432911085172,300.0,83.99999999999403,0.0,0.0,0.0,0.0,0.0,0.0,0.0
30.0,0.0,0.0,0.0,0.0,7.853881948536493,1.0,26.0,0.011904761904761918,26.4121536975162,389.71143170299734,225.00000000000003,300.0,83.99999999999403,0.0,0.0,0.0,0.0,0.0,0.0,0.0
31.0,0.0,0.0,0.0,0.0,7.853881948536557,1.0,26.0,0.011904761904761862,26.424058459421,385.7252853159505,231.76713370952444,300.0,83.99999999999403,0.0,0.0,0.0,0.0,0.0,0.0,0.0
32.0,0.0,0.0,0.0,0.0,7.853881948536531,1.0,26.0,0.011904761904761918,26.4359632213257,381.62164327039164,238.46366890494227,300.0,83.99999999999403,0.0,0.0,0.0,0.0,0.0,0.0,0.0
33.0,0.0,0.0,0.0,0.0,7.853881948536548,1.0,26.0,0.011904761904761918,26.4478679832305,377.40175557544075,245.08756575676222,300.0,83.99999999999403,0.0,0.0,0.0,0.0,0.0,0.0,0.0
34.0,0.0,0.0,0.0,0.0,7.85388194853659,1.0,26.0,0.011904761904761918,26.4597727451353,373.0669076497687,251.63680656183618,300.0,83.99999999999403,0.0,0.0,0.0,0.0,0.0,0.0,0.0
35.0,0.0,0.0,0.0,0.0,7.853881948536481,1.0,26.0,0.011904761904761918,26.47167750704,368.61841993004623,258.10939635797075,300.0,83.99999999999403,0.0,0.0,0.0,0.0,0.0,0.0,0.0
36.0,0.0,0.0,0.0,0.0,7.853881948536572,1.0,26.0,0.011904761904761862,26.4835822689448,364.0576474687263,264.503363531613,300.0,83.99999999999403,0.0,0.0,0.0,0.0,0.0,0.0,0.0
37.0,0.0,0.0,0.0,0.0,7.853881948536528,1.0,26.0,0.011904761904761918,26.4954870308496,359.38597952128174,270.8167604184218,300.0,83.99999999999403,0.0,0.0,0.0,0.0,0.0,0.0,0.0
38.0,0.0,0.0,0.0,0.0,7.853881948536478,1.0,26.0,0.011904761904761918,26.5073917927543,354.6048391230249,277.0476638965462,300.0,83.99999999999403,0.0,0.0,0.0,0.0,0.0,0.0,0.0
39.0,0.0,0.0,0.0,0.0,7.85388194853659,1.0,26.0,0.011904761904761973,26.5192965546591,349.71568265563684,283.1941759724269,300.0,83.99999999999403,0.0,0.0,0.0,0.0,0.0,0.0,0.0
40.0,0.0,0.0,0.0,0.0,7.853881948536526,1.0,26.0,0.011904761904761862,26.5312013165638,344.71999940354004,289.2544243589427,300.0,83.99999999999403,0.0,0.0,0.0,0.0,0.0,0.0,0.0
41.0,0.0,0.0,0.0,0.0,7.8538819485365305,1.0,26.0,0.011904761904761862,26.5431060784686,339.61931110024733,295.22656304572826,300.0,83.99999999999403,0.0,0.0,0.0,0.0,0.0,0.0,0.0
42.0,0.0,0.0,0.0,0.0,7.853881948536624,1.0,26.0,0.011904761904761973,26.5550108403734,334.4151714648273,301.1087728614863,300.0,83.99999999999403,0.0,0.0,0.0,0.0,0.0,0.0,0.0
43.0,0.0,0.0,0.0,0.0,7.85388194853649,1.0,26.0,0.011904761904761862,26.5669156022781,329.1091657286267,306.8992620281244,300.0,83.99999999999403,0.0,0.0,0.0,0.0,0.0,0.0,0.0
44.0,0.0,0.0,0.0,0.0,7.853881948536498,1.0,26.0,0.011904761904761862,26.5788203641829,323.70291015239303,312.5962667065488,300.0,83.99999999999403,0.0,0.0,0.0,0.0,0.0,0.0,0.0
45.0,0.0,0.0,0.0,0.0,7.853881948536607,1.0,26.0,0.011904761904761973,26.5907251260877,318.19805153394634,318.19805153394645,300.0,83.99999999999403,0.0,0.0,0.0,0.0,0.0,0.0,0.0
46.0,0.0,0.0,0.0,0.0,7.853881948536487,1.0,26.0,0.011904761904761862,26.6026298879924,312.59626670654876,323.70291015239303,300.0,83.99999999999403,0.0,0.0,0.0,0.0,0.0,0.0,0.0
47.0,0.0,0.0,0.0,0.0,7.853881948536618,1.0,26.0,0.011904761904761862,26.6145346498972,306.89926202812427,329.1091657286268,300.0,83.99999999999403,0.0,0.0,0.0,0.0,0.0,0.0,0.0
48.0,0.0,0.0,0.0,0.0,7.85388194853649,1.0,26.0,0.011904761904761973,26.6264394118019,301.10877286148616,334.41517146482744,300.0,83.99999999999403,0.0,0.0,0.0,0.0,0.0,0.0,0.0
49.0,0.0,0.0,0.0,0.0,7.8538819485365385,1.0,26.0,0.011904761904761862,26.6383441737067,295.22656304572826,339.61931110024744,300.0,83.99999999999403,0.0,0.0,0.0,0.0,0.0,0.0,0.0
50.0,0.0,0.0,0.0,0.0,7.8538819485365305,1.0,26.0,0.011904761904761862,26.6502489356115,289.2544243589427,344.71999940354016,300.0,83.99999999999403,0.0,0.0,0.0,0.0,0.0,0.0,0.0
51.0,0.0,0.0,0.0,0.0,7.853881948536533,1.0,26.0,0.011904761904761973,26.6621536975162,283.1941759724268,349.7156826556369,300.0,83.99999999999403,0.0,0.0,0.0,0.0,0.0,0.0,0.0
52.0,0.0,0.0,0.0,0.0,7.853881948536626,1.0,26.0,0.011904761904761862,26.674058459421,277.04766389654617,354.604839123025,300.0,83.99999999999403,0.0,0.0,0.0,0.0,0.0,0.0,0.0
53.0,0.0,0.0,0.0,0.0,7.853881948536478,1.0,26.0,0.011904761904761973,26.6859632213258,270.8167604184217,359.38597952128185,300.0,83.99999999999403,0.0,0.0,0.0,0.0,0.0,0.0,0.0
54.0,0.0,0.0,0.0,0.0,7.853881948536573,1.0,26.0,0.011904761904761862,26.6978679832305,264.5033635316129,364.05764746872643,300.0,83.99999999999403,0.0,0.0,0.0,0.0,0.0,0.0,0.0
55.0,0.0,0.0,0.0,0.0,7.853881948536572,1.0,26.0,0.011904761904761862,26.7097727451353,258.10939635797064,368.61841993004634,300.0,83.99999999999403,0.0,0.0,0.0,0.0,0.0,0.0,0.0
56.0,0.0,0.0,0.0,0.0,7.853881948536528,1.0,26.0,0.011904761904761973,26.72167750704,251.636806561836,373.06690764976884,300.0,83.99999999999403,0.0,0.0,0.0,0.0,0.0,0.0,0.0
57.0,0.0,0.0,0.0,0.0,7.853881948536495,1.0,26.0,0.011904761904761862,26.7335822689448,245.08756575676216,377.40175557544086,300.0,83.99999999999403,0.0,0.0,0.0,0.0,0.0,0.0,0.0
58.0,0.0,0.0,0.0,0.0,7.853881948536596,1.0,26.0,0.011904761904761973,26.7454870308496,238.46366890494215,381.62164327039176,300.0,83.99999999999403,0.0,0.0,0.0,0.0,0.0,0.0,0.0
59.0,0.0,0.0,0.0,0.0,7.853881948536453,1.0,26.0,0.011904761904761862,26.7573917927543,231.7671337095244,385.72528531595054,300.0,83.99999999999403,0.0,0.0,0.0,0.0,0.0,0.0,0.0
60.0,0.0,0.0,0.0,0.0,7.853881948536562,1.0,26.0,0.011904761904761862,26.7692965546591,225.0,389.71143170299746,300.0,83.99999999999403,0.0,0.0,0.0,0.0,0.0,0.0,0.0
61.0,0.0,0.0,0.0,0.0,7.853881948536543,1.0,26.0,0.011904761904761973,26.7812013165639,218.16432911085164,393.57886821272814,300.0,83.99999999999403,0.0,0.0,0.0,0.0,0.0,0.0,0.0
62.0,0.0,0.0,0.0,0.0,7.853881948536511,1.0,26.0,0.011904761904761862,26.7931060784686,211.26220325365082,397.3264167865171,300.0,83.99999999999403,0.0,0.0,0.0,0.0,0.0,0.0,0.0
63.0,0.0,0.0,0.0,0.0,7.853881948536539,1.0,26.0,0.011904761904761862,26.8050108403734,204.295724882796,400.95293588476545,300.0,83.99999999999403,0.0,0.0,0.0,0.0,0.0,0.0,0.0
64.0,0.0,0.0,0.0,0.0,7.853881948536583,1.0,26.0,0.011904761904761973,26.8169156022782,197.2670160550848,404.4573208346252,300.0,83.99999999999403,0.0,0.0,0.0,0.0,0.0,0.0,0.0
65.0,0.0,0.0,0.0,0.0,7.85388194853655,1.0,26.0,0.011904761904761862,26.8288203641829,190.1782177833147,407.8385041664925,300.0,83.99999999999403,0.0,0.0,0.0,0.0,0.0,0.0,0.0
66.0,0.0,0.0,0.0,0.0,7.853881948536526,1.0,26.0,0.011904761904761973,26.8407251260877,183.03148938411005,411.0954559391704,300.0,83.99999999999403,0.0,0.0,0.0,0.0,0.0,0.0,0.0
67.0,0.0,0.0,0.0,0.0,7.85388194853645,1.0,26.0,0.011904761904761862,26.8526298879924,175.82900782017322,414.2271840535981,300.0,83.99999999999403,0.0,0.0,0.0,0.0,0.0,0.0,0.0
68.0,0.0,0.0,0.0,0.0,7.853881948536687,1.0,26.0,0.011904761904761973,26.8645346498972,168.5729670371603,417.2327345550543,300.0,83.99999999999403,0.0,0.0,0.0,0.0,0.0,0.0,0.0
69.0,0.0,0.0,0.0,0.0,7.853881948536433,1.0,26.0,0.011904761904761862,26.876439411802,161.26557729538513,420.11119192374076,300.0,83.99999999999403,0.0,0.0,0.0,0.0,0.0,0.0,0.0
70.0,0.0,0.0,0.0,0.0,7.853881948536547,1.0,26.0,0.011904761904761973,26.8883441737067,153.9090644965509,422.8616793536587,300.0,83.99999999999403,0.0,0.0,0.0,0.0,0.0,0.0,0.0
71.0,0.0,0.0,0.0,0.0,7.853881948536542,1.0,26.0,0.011904761904761862,26.9002489356115,146.5056695057205,425.48335901969256,300.0,83.99999999999403,0.0,0.0,0.0,0.0,0.0,0.0,0.0
72.0,0.0,0.0,0.0,0.0,7.85388194853659,1.0,26.0,0.011904761904761973,26.9121536975163,139.0576474687263,427.9754323328191,300.0,83.99999999999403,0.0,0.0,0.0,0.0,0.0,0.0,0.0
73.0,0.0,0.0,0.0,0.0,7.853881948536546,1.0,26.0,0.011904761904761862,26.924058459421,131.56726712523147,430.33714018336593,300.0,83.99999999999403,0.0,0.0,0.0,0.0,0.0,0.0,0.0
74.0,0.0,0.0,0.0,0.0,7.8538819485365705,1.0,26.0,0.011904761904761862,26.9359632213258,124.03681011764957,432.56776317224353,300.0,83.99999999999403,0.0,0.0,0.0,0.0,0.0,0.0,0.0
75.0,0.0,0.0,0.0,0.0,7.853881948536529,1.0,26.0,0.011904761904761973,26.9478679832305,116.46857029613429,434.66662183008077,300.0,83.99999999999403,0.0,0.0,0.0,0.0,0.0,0.0,0.0
76.0,0.0,0.0,0.0,0.0,7.853881948536447,1.0,26.0,0.011904761904761862,26.9597727451353,108.8648530198505,436.6330768241984,300.0,83.99999999999403,0.0,0.0,0.0,0.0,0.0,0.0,0.0
77.0,0.0,0.0,0.0,0.0,7.853881948536664,1.0,26.0,0.011904761904761973,26.9716775070401,101.22797445473915,438.46652915335585,300.0,83.99999999999403,0.0,0.0,0.0,0.0,0.0,0.0,0.0
78.0,0.0,0.0,0.0,0.0,7.853881948536449,1.0,26.0,0.011904761904761862,26.9835822689448,93.5602608679917,440.16642033021253,300.0,83.99999999999403,0.0,0.0,0.0,0.0,0.0,0.0,0.0
79.0,0.0,0.0,0.0,0.0,7.853881948536548,1.0,26.0,0.011904761904761862,26.9954870308496,85.86404791944516,441.73223255144876,300.0,83.99999999999403,0.0,0.0,0.0,0.0,0.0,0.0,0.0
80.0,0.0,0.0,0.0,0.0,7.853881948536557,1.0,26.0,0.011904761904761973,27.0073917927544,78.14167995011863,443.1634888554936,300.0,83.99999999999403,0.0,0.0,0.0,0.0,0.0,0.0,0.0
81.0,0.0,0.0,0.0,0.0,7.853881948536549,1.0,26.0,0.011904761904761862,27.0192965546591,70.39550926810386,444.459753267812,300.0,83.99999999999403,0.0,0.0,0.0,0.0,0.0,0.0,0.0
82.0,0.0,0.0,0.0,0.0,7.853881948536451,1.0,26.0,0.011904761904761862,27.0312013165639,62.627895432029504,445.6206309337066,300.0,83.99999999999403,0.0,0.0,0.0,0.0,0.0,0.0,0.0
83.0,0.0,0.0,0.0,0.0,7.853881948536652,1.0,26.0,0.011904761904762085,27.0431060784686,54.84120453231631,446.6457682385949,300.0,83.99999999999403,0.0,0.0,0.0,0.0,0.0,0.0,0.0
84.0,0.0,0.0,0.0,0.0,7.853881948536551,1.0,26.0,0.011904761904761862,27.0550108403734,47.037808470444,447.534852915723,300.0,83.99999999999403,0.0,0.0,0.0,0.0,0.0,0.0,0.0
85.0,0.0,0.0,0.0,0.0,7.853881948536557,1.0,26.0,0.011904761904761862,27.0669156022782,39.220084236446105,448.28761414128553,300.0,83.99999999999403,0.0,0.0,0.0,0.0,0.0,0.0,0.0
86.0,0.0,0.0,0.0,0.0,7.853881948536453,1.0,26.0,0.011904761904761862,27.0788203641829,31.390413184856396,448.9038226169209,300.0,83.99999999999403,0.0,0.0,0.0,0.0,0.0,0.0,0.0
87.0,0.0,0.0,0.0,0.0,7.8538819485365545,1.0,26.0,0.011904761904761862,27.0907251260877,23.551180309324725,449.38329063955825,300.0,83.99999999999403,0.0,0.0,0.0,0.0,0.0,0.0,0.0
88.0,0.0,0.0,0.0,0.0,7.853881948536552,1.0,26.0,0.011904761904762085,27.1026298879925,15.704773516125428,449.7258721585931,300.0,83.99999999999403,0.0,0.0,0.0,0.0,0.0,0.0,0.0
89.0,0.0,0.0,0.0,0.0,7.853881948536651,1.0,26.0,0.011904761904761862,27.1145346498972,7.853582896777461,449.93146282037605,300.0,83.99999999999403,0.0,0.0,0.0,0.0,0.0,0.0,0.0
90.0,0.0,0.0,0.0,0.0,7.853881948536452,1.0,26.0,0.011904761904761862,27.126439411802,-3.1228493378257513e-14,450.0,300.0,83.99999999999403,0.0,0.0,0.0,0.0,0.0,0.0,0.0
91.0,0.0,0.0,0.0,0.0,7.853881948536554,1.0,26.0,0.011904761904761862,27.1383441737067,-7.853582896777624,449.93146282037605,300.0,83.99999999999403,0.0,0.0,0.0,0.0,0.0,0.0,0.0
92.0,0.0,0.0,0.0,0.0,7.853881948536449,1.0,26.0,0.011904761904762085,27.1502489356115,-15.704773516125389,449.7258721585931,300.0,83.99999999999403,0.0,0.0,0.0,0.0,0.0,0.0,0.0
93.0,0.0,0.0,0.0,0.0,7.853881948536555,1.0,26.0,0.011904761904761862,27.1621536975163,-23.55118030932469,449.38329063955825,300.0,83.99999999999403,0.0,0.0,0.0,0.0,0.0,0.0,0.0
94.0,0.0,0.0,0.0,0.0,7.853881948536654,1.0,26.0,0.011904761904761862,27.174058459421,-31.39041318485646,448.9038226169209,300.0,83.99999999999403,0.0,0.0,0.0,0.0,0.0,0.0,0.0
95.0,0.0,0.0,0.0,0.0,7.853881948536545,1.0,26.0,0.011904761904761862,27.1859632213258,-39.22008423644626,448.28761414128553,300.0,83.99999999999403,0.0,0.0,0.0,0.0,0.0,0.0,0.0
96.0,0.0,0.0,0.0,0.0,7.8538819485364595,1.0,26.0,0.011904761904761862,27.1978679832306,-47.03780847044406,447.53485291572304,300.0,83.99999999999403,0.0,0.0,0.0,0.0,0.0,0.0,0.0
97.0,0.0,0.0,0.0,0.0,7.853881948536544,1.0,26.0,0.011904761904762085,27.2097727451353,-54.84120453231637,446.64576823859494,300.0,83.99999999999403,0.0,0.0,0.0,0.0,0.0,0.0,0.0
98.0,0.0,0.0,0.0,0.0,7.853881948536554,1.0,26.0,0.011904761904761862,27.2216775070401,-62.62789543202946,445.62063093370665,300.0,83.99999999999403,0.0,0.0,0.0,0.0,0.0,0.0,0.0
99.0,0.0,0.0,0.0,0.0,7.853881948536664,1.0,26.0,0.011904761904761862,27.2335822689449,-70.39550926810402,444.45975326781195,300.0,83.99999999999403,0.0,0.0,0.0,0.0,0.0,0.0,0.0
100.0,0.0,0.0,0.0,0.0,7.853881948536442,1.0,26.0,0.011904761904761862,27.2454870308496,-78.14167995011869,443.1634888554936,300.0,83.99999999999403,0.0,0.0,0.0,0.0,0.0,0.0,0.0
101.0,0.0,0.0,0.0,0.0,7.853881948536571,1.0,26.0,0.011904761904761862,27.2573917927544,-85.86404791944523,441.73223255144876,300.0,83.99999999999403,0.0,0.0,0.0,0.0,0.0,0.0,0.0
102.0,0.0,0.0,0.0,0.0,7.853881948536436,1.0,26.0,0.011904761904762085,27.2692965546591,-93.56026086799166,440.16642033021253,300.0,83.99999999999403,0.0,0.0,0.0,0.0,0.0,0.0,0.0
103.0,0.0,0.0,0.0,0.0,7.8538819485365465,1.0,26.0,0.011904761904761862,27.2812013165639,-101.22797445473921,438.46652915335585,300.0,83.99999999999403,0.0,0.0,0.0,0.0,0.0,0.0,0.0
104.0,0.0,0.0,0.0,0.0,7.853881948536664,1.0,26.0,0.011904761904761862,27.2931060784687,-108.86485301985056,436.6330768241984,300.0,83.99999999999403,0.0,0.0,0.0,0.0,0.0,0.0,0.0
105.0,0.0,0.0,0.0,0.0,7.853881948536543,1.0,26.0,0.011904761904761862,27.3050108403734,-116.46857029613444,434.66662183008077,300.0,83.99999999999403,0.0,0.0,0.0,0.0,0.0,0.0,0.0
106.0,0.0,0.0,0.0,0.0,7.853881948536433,1.0,26.0,0.011904761904761862,27.3169156022782,-124.03681011764962,432.56776317224353,300.0,83.99999999999403,0.0,0.0,0.0,0.0,0.0,0.0,0.0
107.0,0.0,0.0,0.0,0.0,7.853881948536581,1.0,26.0,0.011904761904761862,27.328820364183,-131.56726712523155,430.337140183366,300.0,83.99999999999403,0.0,0.0,0.0,0.0,0.0,0.0,0.0
108.0,0.0,0.0,0.0,0.0,7.853881948536546,1.0,26.0,0.011904761904762085,27.3407251260877,-139.05764746872637,427.97543233281914,300.0,83.99999999999403,0.0,0.0,0.0,0.0,0.0,0.0,0.0
109.0,0.0,0.0,0.0,0.0,7.853881948536474,1.0,26.0,0.011904761904761862,27.3526298879925,-146.50566950572045,425.48335901969256,300.0,83.99999999999403,0.0,0.0,0.0,0.0,0.0,0.0,0.0
110.0,0.0,0.0,0.0,0.0,7.853881948536611,1.0,26.0,0.011904761904761862,27.3645346498972,-153.90906449655097,422.8616793536588,300.0,83.99999999999403,0.0,0.0,0.0,0.0,0.0,0.0,0.0
111.0,0.0,0.0,0.0,0.0,7.853881948536587,1.0,26.0,0.011904761904761862,27.376439411802,-161.26557729538519,420.11119192374076,300.0,83.99999999999403,0.0,0.0,0.0,0.0,0.0,0.0,0.0
112.0,0.0,0.0,0.0,0.0,7.8538819485365385,1.0,26.0,0.011904761904761862,27.3883441737068,-168.57296703716048,417.2327345550543,300.0,83.99999999999403,0.0,0.0,0.0,0.0,0.0,0.0,0.0
113.0,0.0,0.0,0.0,0.0,7.853881948536433,1.0,26.0,0.011904761904762085,27.4002489356115,-175.82900782017316,414.2271840535982,300.0,83.99999999999403,0.0,0.0,0.0,0.0,0.0,0.0,0.0
114.0,0.0,0.0,0.0,0.0,7.8538819485366,1.0,26.0,0.011904761904761862,27.4121536975163,-183.0314893841101,411.0954559391704,300.0,83.99999999999403,0.0,0.0,0.0,0.0,0.0,0.0,0.0
115.0,0.0,0.0,0.0,0.0,7.853881948536526,1.0,26.0,0.011904761904761862,27.4240584594211,-190.17821778331475,407.8385041664925,300.0,83.99999999999403,0.0,0.0,0.0,0.0,0.0,0.0,0.0
116.0,0.0,0.0,0.0,0.0,7.8538819485366504,1.0,26.0,0.011904761904761862,27.4359632213258,-197.26701605508492,404.4573208346251,300.0,83.99999999999403,0.0,0.0,0.0,0.0,0.0,0.0,0.0
117.0,0.0,0.0,0.0,0.0,7.853881948536456,1.0,26.0,0.011904761904761862,27.4478679832306,-204.2957248827961,400.95293588476557,300.0,83.99999999999403,0.0,0.0,0.0,0.0,0.0,0.0,0.0
118.0,0.0,0.0,0.0,0.0,7.853881948536438,1.0,26.0,0.011904761904762085,27.4597727451353,-211.2622032536508,397.3264167865172,300.0,83.99999999999403,0.0,0.0,0.0,0.0,0.0,0.0,0.0
119.0,0.0,0.0,0.0,0.0,7.853881948536667,1.0,26.0,0.011904761904761862,27.4716775070401,-218.1643291108517,393.5788682127281,300.0,83.99999999999403,0.0,0.0,0.0,0.0,0.0,0.0,0.0
120.0,0.0,0.0,0.0,0.0,7.853881948536472,1.0,26.0,0.011904761904761862,27.4835822689449,-224.99999999999994,389.71143170299734,300.0,83.99999999999403,0.0,0.0,0.0,0.0,0.0,0.0,0.0
121.0,0.0,0.0,0.0,0.0,7.853881948536681,1.0,26.0,0.011904761904761862,27.4954870308496,-231.7671337095245,385.7252853159505,300.0,83.99999999999403,0.0,0.0,0.0,0.0,0.0,0.0,0.0
122.0,0.0,0.0,0.0,0.0,7.853881948536435,1.0,26.0,0.011904761904761862,27.5073917927544,-238.4636689049422,381.62164327039164,300.0,83.99999999999403,0.0,0.0,0.0,0.0,0.0,0.0,0.0
123.0,0.0,0.0,0.0,0.0,7.853881948536596,1.0,26.0,0.011904761904762085,27.5192965546592,-245.08756575676222,377.40175557544075,300.0,83.99999999999403,0.0,0.0,0.0,0.0,0.0,0.0,0.0
124.0,0.0,0.0,0.0,0.0,7.853881948536495,1.0,26.0,0.011904761904761862,27.5312013165639,-251.63680656183607,373.0669076497687,300.0,83.99999999999403,0.0,0.0,0.0,0.0,0.0,0.0,0.0
125.0,0.0,0.0,0.0,0.0,7.853881948536416,1.0,26.0,0.011904761904761862,27.5431060784687,-258.10939635797064,368.61841993004634,300.0,83.99999999999403,0.0,0.0,0.0,0.0,0.0,0.0,0.0
126.0,0.0,0.0,0.0,0.0,7.853881948536684,1.0,26.0,0.011904761904761862,27.5550108403734,-264.50336353161293,364.0576474687263,300.0,83.99999999999403,0.0,0.0,0.0,0.0,0.0,0.0,0.0
127.0,0.0,0.0,0.0,0.0,7.853881948536653,1.0,26.0,0.011904761904761862,27.5669156022782,-270.81676041842184,359.3859795212817,300.0,83.99999999999403,0.0,0.0,0.0,0.0,0.0,0.0,0.0
128.0,0.0,0.0,0.0,0.0,7.8538819485364435,1.0,26.0,0.011904761904761862,27.578820364183,-277.0476638965463,354.6048391230249,300.0,83.99999999999403,0.0,0.0,0.0,0.0,0.0,0.0,0.0
129.0,0.0,0.0,0.0,0.0,7.85388194853651,1.0,26.0,0.011904761904762085,27.5907251260877,-283.1941759724269,349.7156826556369,300.0,83.99999999999403,0.0,0.0,0.0,0.0,0.0,0.0,0.0
130.0,0.0,0.0,0.0,0.0,7.85388194853665,1.0,26.0,0.011904761904761862,27.6026298879925,-289.2544243589428,344.71999940354004,300.0,83.99999999999403,0.0,0.0,0.0,0.0,0.0,0.0,0.0
131.0,0.0,0.0,0.0,0.0,7.853881948536648,1.0,26.0,0.011904761904761862,27.6145346498973,-295.2265630457284,339.6193111002472,300.0,83.99999999999403,0.0,0.0,0.0,0.0,0.0,0.0,0.0
132.0,0.0,0.0,0.0,0.0,7.85388194853642,1.0,26.0,0.011904761904761862,27.626439411802,-301.1087728614863,334.4151714648273,300.0,83.99999999999403,0.0,0.0,0.0,0.0,0.0,0.0,0.0
133.0,0.0,0.0,0.0,0.0,7.853881948536448,1.0,26.0,0.011904761904761862,27.6383441737068,-306.8992620281243,329.1091657286267,300.0,83.99999999999403,0.0,0.0,0.0,0.0,0.0,0.0,0.0
134.0,0.0,0.0,0.0,0.0,7.853881948536459,1.0,26.0,0.011904761904762085,27.6502489356115,-312.59626670654876,323.7029101523931,300.0,83.99999999999403,0.0,0.0,0.0,0.0,0.0,0.0,0.0
135.0,0.0,0.0,0.0,0.0,7.853881948536647,1.0,26.0,0.011904761904761862,27.6621536975163,-318.1980515339464,318.19805153394634,300.0,83.99999999999403,0.0,0.0,0.0,0.0,0.0,0.0,0.0
136.0,0.0,0.0,0.0,0.0,7.853881948536688,1.0,26.0,0.011904761904761862,27.6740584594211,-323.70291015239314,312.59626670654865,300.0,83.99999999999403,0.0,0.0,0.0,0.0,0.0,0.0,0.0
137.0,0.0,0.0,0.0,0.0,7.853881948536457,1.0,26.0,0.011904761904761862,27.6859632213258,-329.1091657286268,306.89926202812427,300.0,83.99999999999403,0.0,0.0,0.0,0.0,0.0,0.0,0.0
138.0,0.0,0.0,0.0,0.0,7.853881948536448,1.0,26.0,0.011904761904761862,27.6978679832306,-334.41517146482744,301.1087728614862,300.0,83.99999999999403,0.0,0.0,0.0,0.0,0.0,0.0,0.0
139.0,0.0,0.0,0.0,0.0,7.853881948536581,1.0,26.0,0.011904761904762085,27.7097727451354,-339.61931110024744,295.22656304572826,300.0,83.99999999999403,0.0,0.0,0.0,0.0,0.0,0.0,0.0
140.0,0.0,0.0,0.0,0.0,7.8538819485365305,1.0,26.0,0.011904761904761862,27.7216775070401,-344.71999940354016,289.2544243589427,300.0,83.99999999999403,0.0,0.0,0.0,0.0,0.0,0.0,0.0
141.0,0.0,0.0,0.0,0.0,7.85388194853641,1.0,26.0,0.011904761904761862,27.7335822689449,-349.71568265563684,283.19417597242693,300.0,83.99999999999403,0.0,0.0,0.0,0.0,0.0,0.0,0.0
142.0,0.0,0.0,0.0,0.0,7.8538819485366345,1.0,26.0,0.011904761904761862,27.7454870308496,-354.6048391230249,277.0476638965462,300.0,83.99999999999403,0.0,0.0,0.0,0.0,0.0,0.0,0.0
143.0,0.0,0.0,0.0,0.0,7.853881948536682,1.0,26.0,0.011904761904761862,27.7573917927544,-359.38597952128185,270.8167604184216,300.0,83.99999999999403,0.0,0.0,0.0,0.0,0.0,0.0,0.0
144.0,0.0,0.0,0.0,0.0,7.853881948536368,1.0,26.0,0.011904761904762085,27.7692965546592,-364.0576474687263,264.50336353161293,300.0,83.99999999999403,0.0,0.0,0.0,0.0,0.0,0.0,0.0
145.0,0.0,0.0,0.0,0.0,7.853881948536512,1.0,26.0,0.011904761904761862,27.7812013165639,-368.6184199300463,258.1093963579708,300.0,83.99999999999403,0.0,0.0,0.0,0.0,0.0,0.0,0.0
146.0,0.0,0.0,0.0,0.0,7.853881948536622,1.0,26.0,0.011904761904761862,27.7931060784687,-373.0669076497688,251.63680656183607,300.0,83.99999999999403,0.0,0.0,0.0,0.0,0.0,0.0,0.0
147.0,0.0,0.0,0.0,0.0,7.853881948536755,1.0,26.0,0.011904761904761862,27.8050108403735,-377.401755575441,245.08756575676202,300.0,83.99999999999403,0.0,0.0,0.0,0.0,0.0,0.0,0.0
148.0,0.0,0.0,0.0,0.0,7.853881948536415,1.0,26.0,0.011904761904761862,27.8169156022782,-381.62164327039176,238.46366890494215,300.0,83.99999999999403,0.0,0.0,0.0,0.0,0.0,0.0,0.0
149.0,0.0,0.0,0.0,0.0,7.853881948536404,1.0,26.0,0.011904761904761862,27.828820364183,-385.72528531595054,231.76713370952444,300.0,83.99999999999403,0.0,0.0,0.0,0.0,0.0,0.0,0.0
150.0,0.0,0.0,0.0,0.0,7.853881948536684,1.0,26.0,0.011904761904762085,27.8407251260877,-389.71143170299746,224.99999999999991,300.0,83.99999999999403,0.0,0.0,0.0,0.0,0.0,0.0,0.0
151.0,0.0,0.0,0.0,0.0,7.853881948536444,1.0,26.0,0.011904761904761862,27.8526298879925,-393.57886821272814,218.16432911085167,300.0,83.99999999999403,0.0,0.0,0.0,0.0,0.0,0.0,0.0
152.0,0.0,0.0,0.0,0.0,7.853881948536434,1.0,26.0,0.011904761904761862,27.8645346498973,-397.32641678651703,211.2622032536509,300.0,83.99999999999403,0.0,0.0,0.0,0.0,0.0,0.0,0.0
153.0,0.0,0.0,0.0,0.0,7.853881948536616,1.0,26.0,0.011904761904761862,27.876439411802,-400.95293588476545,204.29572488279604,300.0,83.99999999999403,0.0,0.0,0.0,0.0,0.0,0.0,0.0
154.0,0.0,0.0,0.0,0.0,7.853881948536685,1.0,26.0,0.011904761904761862,27.8883441737068,-404.4573208346252,197.26701605508472,300.0,83.99999999999403,0.0,0.0,0.0,0.0,0.0,0.0,0.0
155.0,0.0,0.0,0.0,0.0,7.853881948536448,1.0,26.0,0.011904761904762085,27.9002489356116,-407.8385041664925,190.17821778331472,300.0,83.99999999999403,0.0,0.0,0.0,0.0,0.0,0.0,0.0
156.0,0.0,0.0,0.0,0.0,7.853881948536475,1.0,26.0,0.011904761904761862,27.9121536975163,-411.0954559391704,183.03148938411013,300.0,83.99999999999403,0.0,0.0,0.0,0.0,0.0,0.0,0.0
157.0,0.0,0.0,0.0,0.0,7.853881948536424,1.0,26.0,0.011904761904761862,27.9240584594211,-414.2271840535981,175.82900782017333,300.0,83.99999999999403,0.0,0.0,0.0,0.0,0.0,0.0,0.0
158.0,0.0,0.0,0.0,0.0,7.85388194853666,1.0,26.0,0.011904761904761862,27.9359632213258,-417.2327345550543,168.57296703716045,300.0,83.99999999999403,0.0,0.0,0.0,0.0,0.0,0.0,0.0
159.0,0.0,0.0,0.0,0.0,7.853881948536644,1.0,26.0,0.011904761904761862,27.9478679832306,-420.11119192374076,161.26557729538504,300.0,83.99999999999403,0.0,0.0,0.0,0.0,0.0,0.0,0.0
160.0,0.0,0.0,0.0,0.0,7.853881948536441,1.0,26.0,0.011904761904762085,27.9597727451354,-422.8616793536587,153.90906449655094,300.0,83.99999999999403,0.0,0.0,0.0,0.0,0.0,0.0,0.0
161.0,0.0,0.0,0.0,0.0,7.853881948536461,1.0,26.0,0.011904761904761862,27.9716775070401,-425.48335901969256,146.50566950572062,300.0,83.99999999999403,0.0,0.0,0.0,0.0,0.0,0.0,0.0
162.0,0.0,0.0,0.0,0.0,7.853881948536671,1.0,26.0,0.011904761904761862,27.9835822689449,-427.9754323328191,139.05764746872632,300.0,83.99999999999403,0.0,0.0,0.0,0.0,0.0,0.0,0.0
163.0,0.0,0.0,0.0,0.0,7.853881948536437,1.0,26.0,0.011904761904761862,27.9954870308497,-430.33714018336593,131.5672671252316,300.0,83.99999999999403,0.0,0.0,0.0,0.0,0.0,0.0,0.0
164.0,0.0,0.0,0.0,0.0,7.853881948536457,1.0,26.0,0.011904761904761862,28.0073917927544,-432.5677631722434,124.0368101176498,300.0,83.99999999999403,0.0,0.0,0.0,0.0,0.0,0.0,0.0
165.0,0.0,0.0,0.0,0.0,7.853881948536653,1.0,26.0,0.011904761904761862,28.0192965546592,-434.6666218300807,116.4685702961344,300.0,83.99999999999403,0.0,0.0,0.0,0.0,0.0,0.0,0.0
166.0,0.0,0.0,0.0,0.0,7.853881948536653,1.0,26.0,0.011904761904761862,28.031201316564,-436.6330768241984,108.86485301985041,300.0,83.99999999999403,0.0,0.0,0.0,0.0,0.0,0.0,0.0
167.0,0.0,0.0,0.0,0.0,7.853881948536636,1.0,26.0,0.011904761904761862,28.0431060784687,-438.46652915335585,101.2279744547391,300.0,83.99999999999403,0.0,0.0,0.0,0.0,0.0,0.0,0.0
168.0,0.0,0.0,0.0,0.0,7.853881948536463,1.0,26.0,0.011904761904761862,28.0550108403735,-440.16642033021253,93.56026086799163,300.0,83.99999999999403,0.0,0.0,0.0,0.0,0.0,0.0,0.0
169.0,0.0,0.0,0.0,0.0,7.853881948536464,1.0,26.0,0.011904761904761862,28.0669156022782,-441.73223255144876,85.86404791944517,300.0,83.99999999999403,0.0,0.0,0.0,0.0,0.0,0.0,0.0
170.0,0.0,0.0,0.0,0.0,7.853881948536627,1.0,26.0,0.011904761904761862,28.078820364183,-443.1634888554936,78.14167995011857,300.0,83.99999999999403,0.0,0.0,0.0,0.0,0.0,0.0,0.0
171.0,0.0,0.0,0.0,0.0,7.853881948536469,1.0,26.0,0.011904761904762307,28.0907251260878,-444.45975326781195,70.39550926810388,300.0,83.99999999999403,0.0,0.0,0.0,0.0,0.0,0.0,0.0
172.0,0.0,0.0,0.0,0.0,7.853881948536452,1.0,26.0,0.011904761904761418,28.1026298879925,-445.6206309337066,62.627895432029526,300.0,83.99999999999403,0.0,0.0,0.0,0.0,0.0,0.0,0.0
173.0,0.0,0.0,0.0,0.0,7.853881948536645,1.0,26.0,0.011904761904762307,28.1145346498973,-446.6457682385949,54.84120453231634,300.0,83.99999999999403,0.0,0.0,0.0,0.0,0.0,0.0,0.0
174.0,0.0,0.0,0.0,0.0,7.8538819485364595,1.0,26.0,0.011904761904761862,28.1264394118021,-447.534852915723,47.03780847044412,300.0,83.99999999999403,0.0,0.0,0.0,0.0,0.0,0.0,0.0
175.0,0.0,0.0,0.0,0.0,7.853881948536458,1.0,26.0,0.011904761904761862,28.1383441737068,-448.28761414128553,39.220084236446326,300.0,83.99999999999403,0.0,0.0,0.0,0.0,0.0,0.0,0.0
176.0,0.0,0.0,0.0,0.0,7.853881948536641,1.0,26.0,0.011904761904761862,28.1502489356116,-448.9038226169209,31.390413184856428,300.0,83.99999999999403,0.0,0.0,0.0,0.0,0.0,0.0,0.0
177.0,0.0,0.0,0.0,0.0,7.8538819485366576,1.0,26.0,0.012249516640697067,28.1624984522523,-449.38329063955825,23.551180309324653,300.0,81.63587424157288,0.0,0.0,0.0,-192.99747310573235,0.0,0.0,0.0
178.0,0.0,0.0,0.0,0.0,7.853881948536653,1.0,26.0,0.014395192533238621,28.1768936447855,-449.7258721585931,15.704773516125256,300.0,69.46763634393426,0.0,0.0,0.0,-845.2987252196388,0.0,0.0,0.0
179.0,0.0,0.0,0.0,0.0,7.853881948536451,1.0,26.0,0.01876018015625114,28.1956538249418,-449.93146282037605,7.853582896777489,300.0,53.304392157806234,0.0,0.0,0.0,-861.57190663975,0.0,0.0,0.0
180.0,0.0,0.0,0.0,0.0,7.853881948536453,1.0,26.0,0.04529107757751216,28.2409449025193,-450.0,-3.673940397442067e-15,300.0,22.079404012601778,0.0,0.0,0.0,-689.4291285466702,0.0,0.0,0.0
179.0,0.0,0.0,0.0,0.0,7.853881948536453,1.0,27.0,0.0,28.2409449025193,-449.93146282037605,7.853582896777489,300.0,0.0,0.0,0.0,0.0,0.0,0.0,0.0,0.0
178.0,0.0,0.0,0.0,0.0,7.853881948536451,1.0,27.0,0.06405126152203486,28.3049961640413,-449.7258721585931,15.704773516125256,300.0,-15.612494995995906,0.0,0.0,0.0,-243.74999999999721,0.0,0.0,0.0
177.0,0.0,0.0,0.0,0.0,7.853881948536653,1.0,27.0,0.01439519253323876,28.3193913565746,-449.38329063955825,23.551180309324653,300.0,-69.46763634393426,0.0,0.0,0.0,-3741.1893744097592,0.0,0.0,0.0
176.0,0.0,0.0,0.0,0.0,7.8538819485366576,1.0,27.0,0.01224951664069708,28.3316408732153,-448.9038226169209,31.390413184856428,300.0,-81.63587424157288,0.0,0.0,0.0,-993.3647387531674,0.0,0.0,0.0
175.0,0.0,0.0,0.0,0.0,7.853881948536641,1.0,27.0,0.011904761904761904,28.34354563512,-448.28761414128553,39.220084236446326,300.0,-83.99999999999403,0.0,0.0,0.0,-198.58656370736276,0.0,0.0,0.0
174.0,0.0,0.0,0.0,0.0,7.853881948536458,1.0,27.0,0.011904761904761904,28.3554503970248,-447.534852915723,47.03780847044412,300.0,-83.99999999999403,0.0,0.0,0.0,0.0,0.0,0.0,0.0
173.0,0.0,0.0,0.0,0.0,7.8538819485364595,1.0,27.0,0.011904761904761904,28.3673551589295,-446.6457682385949,54.84120453231634,300.0,-83.99999999999403,0.0,0.0,0.0,0.0,0.0,0.0,0.0
172.0,0.0,0.0,0.0,0.0,7.853881948536645,1.0,27.0,0.01190476190476189,28.3792599208343,-445.6206309337066,62.627895432029526,300.0,-83.99999999999403,0.0,0.0,0.0,0.0,0.0,0.0,0.0
171.0,0.0,0.0,0.0,0.0,7.853881948536452,1.0,27.0,0.011904761904761918,28.3911646827391,-444.45975326781195,70.39550926810388,300.0,-83.99999999999403,0.0,0.0,0.0,0.0,0.0,0.0,0.0
170.0,0.0,0.0,0.0,0.0,7.853881948536469,1.0,27.0,0.011904761904761918,28.4030694446438,-443.1634888554936,78.14167995011857,300.0,-83.99999999999403,0.0,0.0,0.0,0.0,0.0,0.0,0.0
169.0,0.0,0.0,0.0,0.0,7.853881948536627,1.0,27.0,0.01190476190476189,28.4149742065486,-441.73223255144876,85.86404791944517,300.0,-83.99999999999403,0.0,0.0,0.0,0.0,0.0,0.0,0.0
168.0,0.0,0.0,0.0,0.0,7.853881948536464,1.0,27.0,0.01190476190476189,28.4268789684534,-440.16642033021253,93.56026086799163,300.0,-83.99999999999403,0.0,0.0,0.0,0.0,0.0,0.0,0.0
167.0,0.0,0.0,0.0,0.0,7.853881948536463,1.0,27.0,0.011904761904761918,28.4387837303581,-438.46652915335585,101.2279744547391,300.0,-83.99999999999403,0.0,0.0,0.0,0.0,0.0,0.0,0.0
166.0,0.0,0.0,0.0,0.0,7.853881948536636,1.0,27.0,0.011904761904761918,28.4506884922629,-436.6330768241984,108.86485301985041,300.0,-83.99999999999403,0.0,0.0,0.0,0.0,0.0,0.0,0.0
165.0,0.0,0.0,0.0,0.0,7.853881948536653,1.0,27.0,0.011904761904761918,28.4625932541676,-434.6666218300807,116.4685702961344,300.0,-83.99999999999403,0.0,0.0,0.0,0.0,0.0,0.0,0.0
164.0,0.0,0.0,0.0,0.0,7.853881948536653,1.0,27.0,0.011904761904761862,28.4744980160724,-432.5677631722434,124.0368101176498,300.0,-83.99999999999403,0.0,0.0,0.0,0.0,0.0,0.0,0.0
163.0,0.0,0.0,0.0,0.0,7.853881948536457,1.0,27.0,0.011904761904761918,28.4864027779772,-430.33714018336593,131.5672671252316,300.0,-83.99999999999403,0.0,0.0,0.0,0.0,0.0,0.0,0.0
162.0,0.0,0.0,0.0,0.0,7.853881948536437,1.0,27.0,0.011904761904761918,28.4983075398819,-427.9754323328191,139.05764746872632,300.0,-83.99999999999403,0.0,0.0,0.0,0.0,0.0,0.0,0.0
161.0,0.0,0.0,0.0,0.0,7.853881948536671,1.0,27.0,0.011904761904761918,28.5102123017867,-425.48335901969256,146.50566950572062,300.0,-83.99999999999403,0.0,0.0,0.0,0.0,0.0,0.0,0.0
160.0,0.0,0.0,0.0,0.0,7.853881948536461,1.0,27.0,0.011904761904761862,28.5221170636915,-422.8616793536587,153.90906449655094,300.0,-83.99999999999403,0.0,0.0,0.0,0.0,0.0,0.0,0.0
159.0,0.0,0.0,0.0,0.0,7.853881948536441,1.0,27.0,0.011904761904761918,28.5340218255962,-420.11119192374076,161.26557729538504,300.0,-83.99999999999403,0.0,0.0,0.0,0.0,0.0,0.0,0.0
158.0,0.0,0.0,0.0,0.0,7.853881948536644,1.0,27.0,0.011904761904761918,28.545926587501,-417.2327345550543,168.57296703716045,300.0,-83.99999999999403,0.0,0.0,0.0,0.0,0.0,0.0,0.0
157.0,0.0,0.0,0.0,0.0,7.85388194853666,1.0,27.0,0.011904761904761918,28.5578313494057,-414.2271840535981,175.82900782017333,300.0,-83.99999999999403,0.0,0.0,0.0,0.0,0.0,0.0,0.0
156.0,0.0,0.0,0.0,0.0,7.853881948536424,1.0,27.0,0.011904761904761862,28.5697361113105,-411.0954559391704,183.03148938411013,300.0,-83.99999999999403,0.0,0.0,0.0,0.0,0.0,0.0,0.0
155.0,0.0,0.0,0.0,0.0,7.853881948536475,1.0,27.0,0.011904761904761918,28.5816408732153,-407.8385041664925,190.17821778331472,300.0,-83.99999999999403,0.0,0.0,0.0,0.0,0.0,0.0,0.0
154.0,0.0,0.0,0.0,0.0,7.853881948536448,1.0,27.0,0.011904761904761918,28.59354563512,-404.4573208346252,197.26701605508472,300.0,-83.99999999999403,0.0,0.0,0.0,0.0,0.0,0.0,0.0
153.0,0.0,0.0,0.0,0.0,7.853881948536685,1.0,27.0,0.011904761904761862,28.6054503970248,-400.95293588476545,204.29572488279604,300.0,-83.99999999999403,0.0,0.0,0.0,0.0,0.0,0.0,0.0
152.0,0.0,0.0,0.0,0.0,7.853881948536616,1.0,27.0,0.011904761904761918,28.6173551589296,-397.32641678651703,211.2622032536509,300.0,-83.99999999999403,0.0,0.0,0.0,0.0,0.0,0.0,0.0
151.0,0.0,0.0,0.0,0.0,7.853881948536434,1.0,27.0,0.011904761904761918,28.6292599208343,-393.57886821272814,218.16432911085167,300.0,-83.99999999999403,0.0,0.0,0.0,0.0,0.0,0.0,0.0
150.0,0.0,0.0,0.0,0.0,7.853881948536444,1.0,27.0,0.011904761904761918,28.6411646827391,-389.71143170299746,224.99999999999991,300.0,-83.99999999999403,0.0,0.0,0.0,0.0,0.0,0.0,0.0
149.0,0.0,0.0,0.0,0.0,7.853881948536684,1.0,27.0,0.011904761904761862,28.6530694446438,-385.72528531595054,231.76713370952444,300.0,-83.99999999999403,0.0,0.0,0.0,0.0,0.0,0.0,0.0
148.0,0.0,0.0,0.0,0.0,7.853881948536404,1.0,27.0,0.011904761904761918,28.6649742065486,-381.62164327039176,238.46366890494215,300.0,-83.99999999999403,0.0,0.0,0.0,0.0,0.0,0.0,0.0
147.0,0.0,0.0,0.0,0.0,7.853881948536415,1.0,27.0,0.011904761904761918,28.6768789684534,-377.401755575441,245.08756575676202,300.0,-83.99999999999403,0.0,0.0,0.0,0.0,0.0,0.0,0.0
146.0,0.0,0.0,0.0,0.0,7.853881948536755,1.0,27.0,0.011904761904761918,28.6887837303581,-373.0669076497688,251.63680656183607,300.0,-83.99999999999403,0.0,0.0,0.0,0.0,0.0,0.0,0.0
145.0,0.0,0.0,0.0,0.0,7.853881948536622,1.0,27.0,0.011904761904761918,28.7006884922629,-368.6184199300463,258.1093963579708,300.0,-83.99999999999403,0.0,0.0,0.0,0.0,0.0,0.0,0.0
144.0,0.0,0.0,0.0,0.0,7.853881948536512,1.0,27.0,0.011904761904761862,28.7125932541677,-364.0576474687263,264.50336353161293,300.0,-83.99999999999403,0.0,0.0,0.0,0.0,0.0,0.0,0.0
143.0,0.0,0.0,0.0,0.0,7.853881948536368,1.0,27.0,0.011904761904761918,28.7244980160724,-359.38597952128185,270.8167604184216,300.0,-83.99999999999403,0.0,0.0,0.0,0.0,0.0,0.0,0.0
142.0,0.0,0.0,0.0,0.0,7.853881948536682,1.0,27.0,0.011904761904761918,28.7364027779772,-354.6048391230249,277.0476638965462,300.0,-83.99999999999403,0.0,0.0,0.0,0.0,0.0,0.0,0.0
141.0,0.0,0.0,0.0,0.0,7.8538819485366345,1.0,27.0,0.011904761904761973,28.7483075398819,-349.71568265563684,283.19417597242693,300.0,-83.99999999999403,0.0,0.0,0.0,0.0,0.0,0.0,0.0
140.0,0.0,0.0,0.0,0.0,7.85388194853641,1.0,27.0,0.011904761904761862,28.7602123017867,-344.71999940354016,289.2544243589427,300.0,-83.99999999999403,0.0,0.0,0.0,0.0,0.0,0.0,0.0
139.0,0.0,0.0,0.0,0.0,7.8538819485365305,1.0,27.0,0.011904761904761862,28.7721170636915,-339.61931110024744,295.22656304572826,300.0,-83.99999999999403,0.0,0.0,0.0,0.0,0.0,0.0,0.0
138.0,0.0,0.0,0.0,0.0,7.853881948536581,1.0,27.0,0.011904761904761973,28.7840218255962,-334.41517146482744,301.1087728614862,300.0,-83.99999999999403,0.0,0.0,0.0,0.0,0.0,0.0,0.0
137.0,0.0,0.0,0.0,0.0,7.853881948536448,1.0,27.0,0.011904761904761862,28.795926587501,-329.1091657286268,306.89926202812427,300.0,-83.99999999999403,0.0,0.0,0.0,0.0,0.0,0.0,0.0
136.0,0.0,0.0,0.0,0.0,7.853881948536457,1.0,27.0,0.011904761904761862,28.8078313494058,-323.70291015239314,312.59626670654865,300.0,-83.99999999999403,0.0,0.0,0.0,0.0,0.0,0.0,0.0
135.0,0.0,0.0,0.0,0.0,7.853881948536688,1.0,27.0,0.011904761904761973,28.8197361113105,-318.1980515339464,318.19805153394634,300.0,-83.99999999999403,0.0,0.0,0.0,0.0,0.0,0.0,0.0
134.0,0.0,0.0,0.0,0.0,7.853881948536647,1.0,27.0,0.011904761904761862,28.8316408732153,-312.59626670654876,323.7029101523931,300.0,-83.99999999999403,0.0,0.0,0.0,0.0,0.0,0.0,0.0
133.0,0.0,0.0,0.0,0.0,7.853881948536459,1.0,27.0,0.011904761904761862,28.8435456351201,-306.8992620281243,329.1091657286267,300.0,-83.99999999999403,0.0,0.0,0.0,0.0,0.0,0.0,0.0
132.0,0.0,0.0,0.0,0.0,7.853881948536448,1.0,27.0,0.011904761904761973,28.8554503970248,-301.1087728614863,334.4151714648273,300.0,-83.99999999999403,0.0,0.0,0.0,0.0,0.0,0.0,0.0
131.0,0.0,0.0,0.0,0.0,7.85388194853642,1.0,27.0,0.011904761904761862,28.8673551589296,-295.2265630457284,339.6193111002472,300.0,-83.99999999999403,0.0,0.0,0.0,0.0,0.0,0.0,0.0
130.0,0.0,0.0,0.0,0.0,7.853881948536648,1.0,27.0,0.011904761904761862,28.8792599208343,-289.2544243589428,344.71999940354004,300.0,-83.99999999999403,0.0,0.0,0.0,0.0,0.0,0.0,0.0
129.0,0.0,0.0,0.0,0.0,7.85388194853665,1.0,27.0,0.011904761904761973,28.8911646827391,-283.1941759724269,349.7156826556369,300.0,-83.99999999999403,0.0,0.0,0.0,0.0,0.0,0.0,0.0
128.0,0.0,0.0,0.0,0.0,7.85388194853651,1.0,27.0,0.011904761904761862,28.9030694446439,-277.0476638965463,354.6048391230249,300.0,-83.99999999999403,0.0,0.0,0.0,0.0,0.0,0.0,0.0
127.0,0.0,0.0,0.0,0.0,7.8538819485364435,1.0,27.0,0.011904761904761973,28.9149742065486,-270.81676041842184,359.3859795212817,300.0,-83.99999999999403,0.0,0.0,0.0,0.0,0.0,0.0,0.0
126.0,0.0,0.0,0.0,0.0,7.853881948536653,1.0,27.0,0.011904761904761862,28.9268789684534,-264.50336353161293,364.0576474687263,300.0,-83.99999999999403,0.0,0.0,0.0,0.0,0.0,0.0,0.0
125.0,0.0,0.0,0.0,0.0,7.853881948536684,1.0,27.0,0.011904761904761862,28.9387837303582,-258.10939635797064,368.61841993004634,300.0,-83.99999999999403,0.0,0.0,0.0,0.0,0.0,0.0,0.0
124.0,0.0,0.0,0.0,0.0,7.853881948536416,1.0,27.0,0.011904761904761973,28.9506884922629,-251.63680656183607,373.0669076497687,300.0,-83.99999999999403,0.0,0.0,0.0,0.0,0.0,0.0,0.0
123.0,0.0,0.0,0.0,0.0,7.853881948536495,1.0,27.0,0.011904761904761862,28.9625932541677,-245.08756575676222,377.40175557544075,300.0,-83.99999999999403,0.0,0.0,0.0,0.0,0.0,0.0,0.0
122.0,0.0,0.0,0.0,0.0,7.853881948536596,1.0,27.0,0.011904761904761973,28.9744980160724,-238.4636689049422,381.62164327039164,300.0,-83.99999999999403,0.0,0.0,0.0,0.0,0.0,0.0,0.0
121.0,0.0,0.0,0.0,0.0,7.853881948536435,1.0,27.0,0.011904761904761862,28.9864027779772,-231.7671337095245,385.7252853159505,300.0,-83.99999999999403,0.0,0.0,0.0,0.0,0.0,0.0,0.0
120.0,0.0,0.0,0.0,0.0,7.853881948536681,1.0,27.0,0.011904761904761862,28.998307539882,-224.99999999999994,389.71143170299734,300.0,-83.99999999999403,0.0,0.0,0.0,0.0,0.0,0.0,0.0
119.0,0.0,0.0,0.0,0.0,7.853881948536472,1.0,27.0,0.011904761904761973,29.0102123017867,-218.1643291108517,393.5788682127281,300.0,-83.99999999999403,0.0,0.0,0.0,0.0,0.0,0.0,0.0
118.0,0.0,0.0,0.0,0.0,7.853881948536667,1.0,27.0,0.011904761904761862,29.0221170636915,-211.2622032536508,397.3264167865172,300.0,-83.99999999999403,0.0,0.0,0.0,0.0,0.0,0.0,0.0
117.0,0.0,0.0,0.0,0.0,7.853881948536438,1.0,27.0,0.011904761904761862,29.0340218255963,-204.2957248827961,400.95293588476557,300.0,-83.99999999999403,0.0,0.0,0.0,0.0,0.0,0.0,0.0
116.0,0.0,0.0,0.0,0.0,7.853881948536456,1.0,27.0,0.011904761904761973,29.045926587501,-197.26701605508492,404.4573208346251,300.0,-83.99999999999403,0.0,0.0,0.0,0.0,0.0,0.0,0.0
115.0,0.0,0.0,0.0,0.0,7.8538819485366504,1.0,27.0,0.011904761904761862,29.0578313494058,-190.17821778331475,407.8385041664925,300.0,-83.99999999999403,0.0,0.0,0.0,0.0,0.0,0.0,0.0
114.0,0.0,0.0,0.0,0.0,7.853881948536526,1.0,27.0,0.011904761904761973,29.0697361113105,-183.0314893841101,411.0954559391704,300.0,-83.99999999999403,0.0,0.0,0.0,0.0,0.0,0.0,0.0
113.0,0.0,0.0,0.0,0.0,7.8538819485366,1.0,27.0,0.011904761904761862,29.0816408732153,-175.82900782017316,414.2271840535982,300.0,-83.99999999999403,0.0,0.0,0.0,0.0,0.0,0.0,0.0
112.0,0.0,0.0,0.0,0.0,7.853881948536433,1.0,27.0,0.011904761904761973,29.0935456351201,-168.57296703716048,417.2327345550543,300.0,-83.99999999999403,0.0,0.0,0.0,0.0,0.0,0.0,0.0
111.0,0.0,0.0,0.0,0.0,7.8538819485365385,1.0,27.0,0.011904761904761862,29.1054503970248,-161.26557729538519,420.11119192374076,300.0,-83.99999999999403,0.0,0.0,0.0,0.0,0.0,0.0,0.0
110.0,0.0,0.0,0.0,0.0,7.853881948536587,1.0,27.0,0.011904761904761973,29.1173551589296,-153.90906449655097,422.8616793536588,300.0,-83.99999999999403,0.0,0.0,0.0,0.0,0.0,0.0,0.0
109.0,0.0,0.0,0.0,0.0,7.853881948536611,1.0,27.0,0.011904761904761862,29.1292599208344,-146.50566950572045,425.48335901969256,300.0,-83.99999999999403,0.0,0.0,0.0,0.0,0.0,0.0,0.0
108.0,0.0,0.0,0.0,0.0,7.853881948536474,1.0,27.0,0.011904761904761973,29.1411646827391,-139.05764746872637,427.97543233281914,300.0,-83.99999999999403,0.0,0.0,0.0,0.0,0.0,0.0,0.0
107.0,0.0,0.0,0.0,0.0,7.853881948536546,1.0,27.0,0.011904761904761862,29.1530694446439,-131.56726712523155,430.337140183366,300.0,-83.99999999999403,0.0,0.0,0.0,0.0,0.0,0.0,0.0
106.0,0.0,0.0,0.0,0.0,7.853881948536581,1.0,27.0,0.011904761904761862,29.1649742065486,-124.03681011764962,432.56776317224353,300.0,-83.99999999999403,0.0,0.0,0.0,0.0,0.0,0.0,0.0
105.0,0.0,0.0,0.0,0.0,7.853881948536433,1.0,27.0,0.011904761904761973,29.1768789684534,-116.46857029613444,434.66662183008077,300.0,-83.99999999999403,0.0,0.0,0.0,0.0,0.0,0.0,0.0
104.0,0.0,0.0,0.0,0.0,7.853881948536543,1.0,27.0,0.011904761904761862,29.1887837303582,-108.86485301985056,436.6330768241984,300.0,-83.99999999999403,0.0,0.0,0.0,0.0,0.0,0.0,0.0
103.0,0.0,0.0,0.0,0.0,7.853881948536664,1.0,27.0,0.011904761904761973,29.2006884922629,-101.22797445473921,438.46652915335585,300.0,-83.99999999999403,0.0,0.0,0.0,0.0,0.0,0.0,0.0
102.0,0.0,0.0,0.0,0.0,7.8538819485365465,1.0,27.0,0.011904761904761862,29.2125932541677,-93.56026086799166,440.16642033021253,300.0,-83.99999999999403,0.0,0.0,0.0,0.0,0.0,0.0,0.0
101.0,0.0,0.0,0.0,0.0,7.853881948536436,1.0,27.0,0.011904761904761862,29.2244980160725,-85.86404791944523,441.73223255144876,300.0,-83.99999999999403,0.0,0.0,0.0,0.0,0.0,0.0,0.0
100.0,0.0,0.0,0.0,0.0,7.853881948536571,1.0,27.0,0.011904761904761973,29.2364027779772,-78.14167995011869,443.1634888554936,300.0,-83.99999999999403,0.0,0.0,0.0,0.0,0.0,0.0,0.0
99.0,0.0,0.0,0.0,0.0,7.853881948536442,1.0,27.0,0.011904761904761862,29.248307539882,-70.39550926810402,444.45975326781195,300.0,-83.99999999999403,0.0,0.0,0.0,0.0,0.0,0.0,0.0
98.0,0.0,0.0,0.0,0.0,7.853881948536664,1.0,27.0,0.011904761904761862,29.2602123017868,-62.62789543202946,445.62063093370665,300.0,-83.99999999999403,0.0,0.0,0.0,0.0,0.0,0.0,0.0
97.0,0.0,0.0,0.0,0.0,7.853881948536554,1.0,27.0,0.011904761904762085,29.2721170636915,-54.84120453231637,446.64576823859494,300.0,-83.99999999999403,0.0,0.0,0.0,0.0,0.0,0.0,0.0
96.0,0.0,0.0,0.0,0.0,7.853881948536544,1.0,27.0,0.011904761904761862,29.2840218255963,-47.03780847044406,447.53485291572304,300.0,-83.99999999999403,0.0,0.0,0.0,0.0,0.0,0.0,0.0
95.0,0.0,0.0,0.0,0.0,7.8538819485364595,1.0,27.0,0.011904761904761862,29.295926587501,-39.22008423644626,448.28761414128553,300.0,-83.99999999999403,0.0,0.0,0.0,0.0,0.0,0.0,0.0
94.0,0.0,0.0,0.0,0.0,7.853881948536545,1.0,27.0,0.011904761904761862,29.3078313494058,-31.39041318485646,448.9038226169209,300.0,-83.99999999999403,0.0,0.0,0.0,0.0,0.0,0.0,0.0
93.0,0.0,0.0,0.0,0.0,7.853881948536654,1.0,27.0,0.011904761904761862,29.3197361113106,-23.55118030932469,449.38329063955825,300.0,-83.99999999999403,0.0,0.0,0.0,0.0,0.0,0.0,0.0
92.0,0.0,0.0,0.0,0.0,7.853881948536555,1.0,27.0,0.011904761904762085,29.3316408732153,-15.704773516125389,449.7258721585931,300.0,-83.99999999999403,0.0,0.0,0.0,0.0,0.0,0.0,0.0
91.0,0.0,0.0,0.0,0.0,7.853881948536449,1.0,27.0,0.011904761904761862,29.3435456351201,-7.853582896777624,449.93146282037605,300.0,-83.99999999999403,0.0,0.0,0.0,0.0,0.0,0.0,0.0
90.0,0.0,0.0,0.0,0.0,7.853881948536554,1.0,27.0,0.011904761904761862,29.3554503970249,-3.1228493378257513e-14,450.0,300.0,-83.99999999999403,0.0,0.0,0.0,0.0,0.0,0.0,0.0
89.0,0.0,0.0,0.0,0.0,7.853881948536452,1.0,27.0,0.011904761904761862,29.3673551589296,7.853582896777461,449.93146282037605,300.0,-83.99999999999403,0.0,0.0,0.0,0.0,0.0,0.0,0.0
88.0,0.0,0.0,0.0,0.0,7.853881948536651,1.0,27.0,0.011904761904762085,29.3792599208344,15.704773516125428,449.7258721585931,300.0,-83.99999999999403,0.0,0.0,0.0,0.0,0.0,0.0,0.0
87.0,0.0,0.0,0.0,0.0,7.853881948536552,1.0,27.0,0.011904761904761862,29.3911646827391,23.551180309324725,449.38329063955825,300.0,-83.99999999999403,0.0,0.0,0.0,0.0,0.0,0.0,0.0
86.0,0.0,0.0,0.0,0.0,7.8538819485365545,1.0,27.0,0.011904761904761862,29.4030694446439,31.390413184856396,448.9038226169209,300.0,-83.99999999999403,0.0,0.0,0.0,0.0,0.0,0.0,0.0
85.0,0.0,0.0,0.0,0.0,7.853881948536453,1.0,27.0,0.011904761904761862,29.4149742065487,39.220084236446105,448.28761414128553,300.0,-83.99999999999403,0.0,0.0,0.0,0.0,0.0,0.0,0.0
84.0,0.0,0.0,0.0,0.0,7.853881948536557,1.0,27.0,0.011904761904761862,29.4268789684534,47.037808470444,447.534852915723,300.0,-83.99999999999403,0.0,0.0,0.0,0.0,0.0,0.0,0.0
83.0,0.0,0.0,0.0,0.0,7.853881948536551,1.0,27.0,0.011904761904762085,29.4387837303582,54.84120453231631,446.6457682385949,300.0,-83.99999999999403,0.0,0.0,0.0,0.0,0.0,0.0,0.0
82.0,0.0,0.0,0.0,0.0,7.853881948536652,1.0,27.0,0.011904761904761862,29.450688492263,62.627895432029504,445.6206309337066,300.0,-83.99999999999403,0.0,0.0,0.0,0.0,0.0,0.0,0.0
81.0,0.0,0.0,0.0,0.0,7.853881948536451,1.0,27.0,0.011904761904761862,29.4625932541677,70.39550926810386,444.459753267812,300.0,-83.99999999999403,0.0,0.0,0.0,0.0,0.0,0.0,0.0
80.0,0.0,0.0,0.0,0.0,7.853881948536549,1.0,27.0,0.011904761904761862,29.4744980160725,78.14167995011863,443.1634888554936,300.0,-83.99999999999403,0.0,0.0,0.0,0.0,0.0,0.0,0.0
79.0,0.0,0.0,0.0,0.0,7.853881948536557,1.0,27.0,0.011904761904761862,29.4864027779772,85.86404791944516,441.73223255144876,300.0,-83.99999999999403,0.0,0.0,0.0,0.0,0.0,0.0,0.0
78.0,0.0,0.0,0.0,0.0,7.853881948536548,1.0,27.0,0.011904761904762085,29.498307539882,93.5602608679917,440.16642033021253,300.0,-83.99999999999403,0.0,0.0,0.0,0.0,0.0,0.0,0.0
77.0,0.0,0.0,0.0,0.0,7.853881948536449,1.0,27.0,0.011904761904761862,29.5102123017868,101.22797445473915,438.46652915335585,300.0,-83.99999999999403,0.0,0.0,0.0,0.0,0.0,0.0,0.0
76.0,0.0,0.0,0.0,0.0,7.853881948536664,1.0,27.0,0.011904761904761862,29.5221170636915,108.8648530198505,436.6330768241984,300.0,-83.99999999999403,0.0,0.0,0.0,0.0,0.0,0.0,0.0
75.0,0.0,0.0,0.0,0.0,7.853881948536447,1.0,27.0,0.011904761904761862,29.5340218255963,116.46857029613429,434.66662183008077,300.0,-83.99999999999403,0.0,0.0,0.0,0.0,0.0,0.0,0.0
74.0,0.0,0.0,0.0,0.0,7.853881948536529,1.0,27.0,0.011904761904761862,29.5459265875011,124.03681011764957,432.56776317224353,300.0,-83.99999999999403,0.0,0.0,0.0,0.0,0.0,0.0,0.0
73.0,0.0,0.0,0.0,0.0,7.8538819485365705,1.0,27.0,0.011904761904761862,29.5578313494058,131.56726712523147,430.33714018336593,300.0,-83.99999999999403,0.0,0.0,0.0,0.0,0.0,0.0,0.0
72.0,0.0,0.0,0.0,0.0,7.853881948536546,1.0,27.0,0.011904761904762085,29.5697361113106,139.0576474687263,427.9754323328191,300.0,-83.99999999999403,0.0,0.0,0.0,0.0,0.0,0.0,0.0
71.0,0.0,0.0,0.0,0.0,7.85388194853659,1.0,27.0,0.011904761904761862,29.5816408732153,146.5056695057205,425.48335901969256,300.0,-83.99999999999403,0.0,0.0,0.0,0.0,0.0,0.0,0.0
70.0,0.0,0.0,0.0,0.0,7.853881948536542,1.0,27.0,0.011904761904761862,29.5935456351201,153.9090644965509,422.8616793536587,300.0,-83.99999999999403,0.0,0.0,0.0,0.0,0.0,0.0,0.0
69.0,0.0,0.0,0.0,0.0,7.853881948536547,1.0,27.0,0.011904761904761862,29.6054503970249,161.26557729538513,420.11119192374076,300.0,-83.99999999999403,0.0,0.0,0.0,0.0,0.0,0.0,0.0
68.0,0.0,0.0,0.0,0.0,7.853881948536433,1.0,27.0,0.011904761904761862,29.6173551589296,168.5729670371603,417.2327345550543,300.0,-83.99999999999403,0.0,0.0,0.0,0.0,0.0,0.0,0.0
67.0,0.0,0.0,0.0,0.0,7.853881948536687,1.0,27.0,0.011904761904762085,29.6292599208344,175.82900782017322,414.2271840535981,300.0,-83.99999999999403,0.0,0.0,0.0,0.0,0.0,0.0,0.0
66.0,0.0,0.0,0.0,0.0,7.85388194853645,1.0,27.0,0.011904761904761862,29.6411646827392,183.03148938411005,411.0954559391704,300.0,-83.99999999999403,0.0,0.0,0.0,0.0,0.0,0.0,0.0
65.0,0.0,0.0,0.0,0.0,7.853881948536526,1.0,27.0,0.011904761904761862,29.6530694446439,190.1782177833147,407.8385041664925,300.0,-83.99999999999403,0.0,0.0,0.0,0.0,0.0,0.0,0.0
64.0,0.0,0.0,0.0,0.0,7.85388194853655,1.0,27.0,0.011904761904761862,29.6649742065487,197.2670160550848,404.4573208346252,300.0,-83.99999999999403,0.0,0.0,0.0,0.0,0.0,0.0,0.0
63.0,0.0,0.0,0.0,0.0,7.853881948536583,1.0,27.0,0.011904761904761862,29.6768789684534,204.295724882796,400.95293588476545,300.0,-83.99999999999403,0.0,0.0,0.0,0.0,0.0,0.0,0.0
62.0,0.0,0.0,0.0,0.0,7.853881948536539,1.0,27.0,0.011904761904762085,29.6887837303582,211.26220325365082,397.3264167865171,300.0,-83.99999999999403,0.0,0.0,0.0,0.0,0.0,0.0,0.0
61.0,0.0,0.0,0.0,0.0,7.853881948536511,1.0,27.0,0.011904761904761862,29.700688492263,218.16432911085164,393.57886821272814,300.0,-83.99999999999403,0.0,0.0,0.0,0.0,0.0,0.0,0.0
60.0,0.0,0.0,0.0,0.0,7.853881948536543,1.0,27.0,0.011904761904761862,29.7125932541677,225.0,389.71143170299746,300.0,-83.99999999999403,0.0,0.0,0.0,0.0,0.0,0.0,0.0
59.0,0.0,0.0,0.0,0.0,7.853881948536562,1.0,27.0,0.011904761904761862,29.7244980160725,231.7671337095244,385.72528531595054,300.0,-83.99999999999403,0.0,0.0,0.0,0.0,0.0,0.0,0.0
58.0,0.0,0.0,0.0,0.0,7.853881948536453,1.0,27.0,0.011904761904761862,29.7364027779773,238.46366890494215,381.62164327039176,300.0,-83.99999999999403,0.0,0.0,0.0,0.0,0.0,0.0,0.0
57.0,0.0,0.0,0.0,0.0,7.853881948536596,1.0,27.0,0.011904761904762085,29.748307539882,245.08756575676216,377.40175557544086,300.0,-83.99999999999403,0.0,0.0,0.0,0.0,0.0,0.0,0.0
56.0,0.0,0.0,0.0,0.0,7.853881948536495,1.0,27.0,0.011904761904761862,29.7602123017868,251.636806561836,373.06690764976884,300.0,-83.99999999999403,0.0,0.0,0.0,0.0,0.0,0.0,0.0
55.0,0.0,0.0,0.0,0.0,7.853881948536528,1.0,27.0,0.011904761904761862,29.7721170636915,258.10939635797064,368.61841993004634,300.0,-83.99999999999403,0.0,0.0,0.0,0.0,0.0,0.0,0.0
54.0,0.0,0.0,0.0,0.0,7.853881948536572,1.0,27.0,0.011904761904761862,29.7840218255963,264.5033635316129,364.05764746872643,300.0,-83.99999999999403,0.0,0.0,0.0,0.0,0.0,0.0,0.0
53.0,0.0,0.0,0.0,0.0,7.853881948536573,1.0,27.0,0.011904761904761862,29.7959265875011,270.8167604184217,359.38597952128185,300.0,-83.99999999999403,0.0,0.0,0.0,0.0,0.0,0.0,0.0
52.0,0.0,0.0,0.0,0.0,7.853881948536478,1.0,27.0,0.011904761904761862,29.8078313494058,277.04766389654617,354.604839123025,300.0,-83.99999999999403,0.0,0.0,0.0,0.0,0.0,0.0,0.0
51.0,0.0,0.0,0.0,0.0,7.853881948536626,1.0,27.0,0.011904761904762085,29.8197361113106,283.1941759724268,349.7156826556369,300.0,-83.99999999999403,0.0,0.0,0.0,0.0,0.0,0.0,0.0
50.0,0.0,0.0,0.0,0.0,7.853881948536533,1.0,27.0,0.011904761904761862,29.8316408732154,289.2544243589427,344.71999940354016,300.0,-83.99999999999403,0.0,0.0,0.0,0.0,0.0,0.0,0.0
49.0,0.0,0.0,0.0,0.0,7.8538819485365305,1.0,27.0,0.011904761904761862,29.8435456351201,295.22656304572826,339.61931110024744,300.0,-83.99999999999403,0.0,0.0,0.0,0.0,0.0,0.0,0.0
48.0,0.0,0.0,0.0,0.0,7.8538819485365385,1.0,27.0,0.011904761904761862,29.8554503970249,301.10877286148616,334.41517146482744,300.0,-83.99999999999403,0.0,0.0,0.0,0.0,0.0,0.0,0.0
47.0,0.0,0.0,0.0,0.0,7.85388194853649,1.0,27.0,0.011904761904761862,29.8673551589296,306.89926202812427,329.1091657286268,300.0,-83.99999999999403,0.0,0.0,0.0,0.0,0.0,0.0,0.0
46.0,0.0,0.0,0.0,0.0,7.853881948536618,1.0,27.0,0.011904761904762085,29.8792599208344,312.59626670654876,323.70291015239303,300.0,-83.99999999999403,0.0,0.0,0.0,0.0,0.0,0.0,0.0
45.0,0.0,0.0,0.0,0.0,7.853881948536487,1.0,27.0,0.011904761904761862,29.8911646827392,318.19805153394634,318.19805153394645,300.0,-83.99999999999403,0.0,0.0,0.0,0.0,0.0,0.0,0.0
44.0,0.0,0.0,0.0,0.0,7.853881948536607,1.0,27.0,0.011904761904761862,29.9030694446439,323.70291015239303,312.5962667065488,300.0,-83.99999999999403,0.0,0.0,0.0,0.0,0.0,0.0,0.0
43.0,0.0,0.0,0.0,0.0,7.853881948536498,1.0,27.0,0.011904761904761862,29.9149742065487,329.1091657286267,306.8992620281244,300.0,-83.99999999999403,0.0,0.0,0.0,0.0,0.0,0.0,0.0
42.0,0.0,0.0,0.0,0.0,7.85388194853649,1.0,27.0,0.011904761904761862,29.9268789684535,334.4151714648273,301.1087728614863,300.0,-83.99999999999403,0.0,0.0,0.0,0.0,0.0,0.0,0.0
41.0,0.0,0.0,0.0,0.0,7.853881948536624,1.0,27.0,0.011904761904762085,29.9387837303582,339.61931110024733,295.22656304572826,300.0,-83.99999999999403,0.0,0.0,0.0,0.0,0.0,0.0,0.0
40.0,0.0,0.0,0.0,0.0,7.8538819485365305,1.0,27.0,0.011904761904761862,29.950688492263,344.71999940354004,289.2544243589427,300.0,-83.99999999999403,0.0,0.0,0.0,0.0,0.0,0.0,0.0
39.0,0.0,0.0,0.0,0.0,7.853881948536526,1.0,27.0,0.011904761904761862,29.9625932541677,349.71568265563684,283.1941759724269,300.0,-83.99999999999403,0.0,0.0,0.0,0.0,0.0,0.0,0.0
38.0,0.0,0.0,0.0,0.0,7.85388194853659,1.0,27.0,0.011904761904761862,29.9744980160725,354.6048391230249,277.0476638965462,300.0,-83.99999999999403,0.0,0.0,0.0,0.0,0.0,0.0,0.0
37.0,0.0,0.0,0.0,0.0,7.853881948536478,1.0,27.0,0.011904761904761862,29.9864027779773,359.38597952128174,270.8167604184218,300.0,-83.99999999999403,0.0,0.0,0.0,0.0,0.0,0.0,0.0
36.0,0.0,0.0,0.0,0.0,7.853881948536528,1.0,27.0,0.011904761904762085,29.998307539882,364.0576474687263,264.503363531613,300.0,-83.99999999999403,0.0,0.0,0.0,0.0,0.0,0.0,0.0
35.0,0.0,0.0,0.0,0.0,7.853881948536572,1.0,27.0,0.011904761904761862,30.0102123017868,368.61841993004623,258.10939635797075,300.0,-83.99999999999403,0.0,0.0,0.0,0.0,0.0,0.0,0.0
34.0,0.0,0.0,0.0,0.0,7.853881948536481,1.0,27.0,0.011904761904761862,30.0221170636916,373.0669076497687,251.63680656183618,300.0,-83.99999999999403,0.0,0.0,0.0,0.0,0.0,0.0,0.0
33.0,0.0,0.0,0.0,0.0,7.85388194853659,1.0,27.0,0.011904761904761862,30.0340218255963,377.40175557544075,245.08756575676222,300.0,-83.99999999999403,0.0,0.0,0.0,0.0,0.0,0.0,0.0
32.0,0.0,0.0,0.0,0.0,7.853881948536548,1.0,27.0,0.011904761904761862,30.0459265875011,381.62164327039164,238.46366890494227,300.0,-83.99999999999403,0.0,0.0,0.0,0.0,0.0,0.0,0.0
31.0,0.0,0.0,0.0,0.0,7.853881948536531,1.0,27.0,0.011904761904761862,30.0578313494059,385.7252853159505,231.76713370952444,300.0,-83.99999999999403,0.0,0.0,0.0,0.0,0.0,0.0,0.0
30.0,0.0,0.0,0.0,0.0,7.853881948536557,1.0,27.0,0.011904761904762085,30.0697361113106,389.71143170299734,225.00000000000003,300.0,-83.99999999999403,0.0,0.0,0.0,0.0,0.0,0.0,0.0
29.0,0.0,0.0,0.0,0.0,7.853881948536493,1.0,27.0,0.011904761904761862,30.0816408732154,393.578868212728,218.16432911085172,300.0,-83.99999999999403,0.0,0.0,0.0,0.0,0.0,0.0,0.0
28.0,0.0,0.0,0.0,0.0,7.853881948536593,1.0,27.0,0.011904761904761862,30.0935456351201,397.32641678651714,211.2622032536509,300.0,-83.99999999999403,0.0,0.0,0.0,0.0,0.0,0.0,0.0
27.0,0.0,0.0,0.0,0.0,7.853881948536565,1.0,27.0,0.011904761904761862,30.1054503970249,400.95293588476557,204.2957248827961,300.0,-83.99999999999403,0.0,0.0,0.0,0.0,0.0,0.0,0.0
26.0,0.0,0.0,0.0,0.0,7.853881948536558,1.0,27.0,0.011904761904761862,30.1173551589297,404.4573208346252,197.26701605508487,300.0,-83.99999999999403,0.0,0.0,0.0,0.0,0.0,0.0,0.0
25.0,0.0,0.0,0.0,0.0,7.8538819485364995,1.0,27.0,0.011904761904762085,30.1292599208344,407.8385041664925,190.1782177833148,300.0,-83.99999999999403,0.0,0.0,0.0,0.0,0.0,0.0,0.0
24.0,0.0,0.0,0.0,0.0,7.853881948536578,1.0,27.0,0.011904761904761862,30.1411646827392,411.0954559391704,183.0314893841101,300.0,-83.99999999999403,0.0,0.0,0.0,0.0,0.0,0.0,0.0
23.0,0.0,0.0,0.0,0.0,7.853881948536547,1.0,27.0,0.011904761904761862,30.153069444644,414.2271840535982,175.82900782017322,300.0,-83.99999999999403,0.0,0.0,0.0,0.0,0.0,0.0,0.0
22.0,0.0,0.0,0.0,0.0,7.853881948536485,1.0,27.0,0.011904761904761862,30.1649742065487,417.2327345550543,168.57296703716048,300.0,-83.99999999999403,0.0,0.0,0.0,0.0,0.0,0.0,0.0
21.0,0.0,0.0,0.0,0.0,7.8538819485365385,1.0,27.0,0.011904761904761862,30.1768789684535,420.11119192374076,161.26557729538519,300.0,-83.99999999999403,0.0,0.0,0.0,0.0,0.0,0.0,0.0
20.0,0.0,0.0,0.0,0.0,7.853881948536587,1.0,27.0,0.011904761904762085,30.1887837303582,422.8616793536588,153.90906449655097,300.0,-83.99999999999403,0.0,0.0,0.0,0.0,0.0,0.0,0.0
19.0,0.0,0.0,0.0,0.0,7.853881948536504,1.0,27.0,0.011904761904761862,30.200688492263,425.48335901969256,146.50566950572056,300.0,-83.99999999999403,0.0,0.0,0.0,0.0,0.0,0.0,0.0
18.0,0.0,0.0,0.0,0.0,7.853881948536563,1.0,27.0,0.011904761904761862,30.2125932541678,427.9754323328191,139.05764746872637,300.0,-83.99999999999403,0.0,0.0,0.0,0.0,0.0,0.0,0.0
17.0,0.0,0.0,0.0,0.0,7.853881948536518,1.0,27.0,0.011904761904761862,30.2244980160725,430.33714018336593,131.56726712523158,300.0,-83.99999999999403,0.0,0.0,0.0,0.0,0.0,0.0,0.0
16.0,0.0,0.0,0.0,0.0,7.8538819485365705,1.0,27.0,0.011904761904761862,30.2364027779773,432.56776317224353,124.03681011764968,300.0,-83.99999999999403,0.0,0.0,0.0,0.0,0.0,0.0,0.0
15.0,0.0,0.0,0.0,0.0,7.853881948536529,1.0,27.0,0.011904761904761862,30.2483075398821,434.66662183008077,116.4685702961344,300.0,-83.99999999999403,0.0,0.0,0.0,0.0,0.0,0.0,0.0
14.0,0.0,0.0,0.0,0.0,7.85388194853653,1.0,27.0,0.011904761904761862,30.2602123017868,436.6330768241984,108.86485301985053,300.0,-83.99999999999403,0.0,0.0,0.0,0.0,0.0,0.0,0.0
13.0,0.0,0.0,0.0,0.0,7.853881948536554,1.0,27.0,0.011904761904761862,30.2721170636916,438.46652915335585,101.2279744547393,300.0,-83.99999999999403,0.0,0.0,0.0,0.0,0.0,0.0,0.0
12.0,0.0,0.0,0.0,0.0,7.8538819485365465,1.0,27.0,0.011904761904761862,30.2840218255963,440.16642033021253,93.56026086799174,300.0,-83.99999999999403,0.0,0.0,0.0,0.0,0.0,0.0,0.0
11.0,0.0,0.0,0.0,0.0,7.853881948536521,1.0,27.0,0.011904761904761862,30.2959265875011,441.73223255144876,85.86404791944523,300.0,-83.99999999999403,0.0,0.0,0.0,0.0,0.0,0.0,0.0
10.0,0.0,0.0,0.0,0.0,7.853881948536544,1.0,27.0,0.011904761904761862,30.3078313494059,443.1634888554936,78.14167995011871,300.0,-83.99999999999403,0.0,0.0,0.0,0.0,0.0,0.0,0.0
9.0,0.0,0.0,0.0,0.0,7.853881948536549,1.0,27.0,0.011904761904762307,30.3197361113106,444.459753267812,70.39550926810395,300.0,-83.99999999999403,0.0,0.0,0.0,0.0,0.0,0.0,0.0
8.0,0.0,0.0,0.0,0.0,7.853881948536544,1.0,27.0,0.011904761904761418,30.3316408732154,445.62063093370665,62.627895432029504,300.0,-83.99999999999403,0.0,0.0,0.0,0.0,0.0,0.0,0.0
7.0,0.0,0.0,0.0,0.0,7.853881948536532,1.0,27.0,0.011904761904762307,30.3435456351202,446.6457682385949,54.841204532316425,300.0,-83.99999999999403,0.0,0.0,0.0,0.0,0.0,0.0,0.0
6.0,0.0,0.0,0.0,0.0,7.853881948536551,1.0,27.0,0.011904761904761862,30.3554503970249,447.534852915723,47.03780847044411,300.0,-83.99999999999403,0.0,0.0,0.0,0.0,0.0,0.0,0.0
5.0,0.0,0.0,0.0,0.0,7.853881948536542,1.0,27.0,0.011904761904761862,30.3673551589297,448.28761414128553,39.22008423644623,300.0,-83.99999999999403,0.0,0.0,0.0,0.0,0.0,0.0,0.0
4.0,0.0,0.0,0.0,0.0,7.8538819485365305,1.0,27.0,0.011904761904761862,30.3792599208344,448.9038226169209,31.390413184856445,300.0,-83.99999999999403,0.0,0.0,0.0,0.0,0.0,0.0,0.0
3.0,0.0,0.0,0.0,0.0,7.853881948536547,1.0,27.0,0.012249516640697067,30.3915094374751,449.38329063955825,23.55118030932478,300.0,-81.63587424157288,0.0,0.0,0.0,192.99747310573235,0.0,0.0,0.0
2.0,0.0,0.0,0.0,0.0,7.853881948536543,1.0,27.0,0.014395192533238621,30.4059046300084,449.7258721585931,15.704773516125494,300.0,-69.46763634393426,0.0,0.0,0.0,845.2987252196388,0.0,0.0,0.0
1.0,0.0,0.0,0.0,0.0,7.853881948536539,1.0,27.0,0.01876018015625114,30.4246648101646,449.93146282037605,7.853582896777638,300.0,-53.30439215781633,0.0,0.0,0.0,861.5719066393749,0.0,0.0,0.0
0.0,0.0,0.0,0.0,0.0,7.85388194853654,1.0,27.0,0.04529107757751216,30.4699558877421,450.0,5.878304635907296e-14,300.0,-22.079404012601778,0.0,0.0,0.0,689.4291285468931,0.0,0.0,0.0
0.0,0.0,0.0,0.0,0.0,7.85388194853654,1.0,27.0,0.01,30.4799558877421,450.0,5.878304635907296e-14,300.0,0.0,0.0,0.0,0.0,0.0,0.0,0.0,0.0
0.0,0.0,0.0,0.0,0.0,7.85388194853654,1.0,27.0,1.15,31.6299558877421,450.0,5.878304635907296e-14,300.0,0.0,0.0,0.0,0.0,0.0,0.0,0.0,0.0
1.0,0.0,0.0,0.0,0.0,7.85388194853654,1.0,29.0,0.0,31.6299558877421,449.93146282037605,7.853582896777638,300.0,0.0,0.0,0.0,0.0,0.0,0.0,0.0,0.0
2.0,0.0,0.0,0.0,0.0,7.853881948536539,1.0,29.0,0.06915750915750915,31.6991133968997,449.7258721585931,15.704773516125494,300.0,14.459745762711767,0.0,0.0,0.0,209.0842475222609,0.0,0.0,0.0
3.0,0.0,0.0,0.0,0.0,7.853881948536543,1.0,29.0,0.023809523809523808,31.7229229207092,449.38329063955825,23.55118030932478,300.0,41.999999999997016,0.0,0.0,0.0,1156.6906779658982,0.0,0.0,0.0
4.0,0.0,0.0,0.0,0.0,7.853881948536547,1.0,29.0,0.023809523809523808,31.7467324445187,448.9038226169209,31.390413184856445,300.0,41.999999999997016,0.0,0.0,0.0,0.0,0.0,0.0,0.0
5.0,0.0,0.0,0.0,0.0,7.8538819485365305,1.0,29.0,0.023809523809523808,31.7705419683282,448.28761414128553,39.22008423644623,300.0,41.999999999997016,0.0,0.0,0.0,0.0,0.0,0.0,0.0
6.0,0.0,0.0,0.0,0.0,7.853881948536542,1.0,29.0,0.023809523809523808,31.7943514921378,447.534852915723,47.03780847044411,300.0,41.999999999997016,0.0,0.0,0.0,0.0,0.0,0.0,0.0
7.0,0.0,0.0,0.0,0.0,7.853881948536551,1.0,29.0,0.023809523809523808,31.8181610159473,446.6457682385949,54.841204532316425,300.0,41.999999999997016,0.0,0.0,0.0,0.0,0.0,0.0,0.0
8.0,0.0,0.0,0.0,0.0,7.853881948536532,1.0,29.0,0.023809523809523808,31.8419705397568,445.62063093370665,62.627895432029504,300.0,41.999999999997016,0.0,0.0,0.0,0.0,0.0,0.0,0.0
9.0,0.0,0.0,0.0,0.0,7.853881948536544,1.0,29.0,0.023809523809523808,31.8657800635663,444.459753267812,70.39550926810395,300.0,41.999999999997016,0.0,0.0,0.0,0.0,0.0,0.0,0.0
10.0,0.0,0.0,0.0,0.0,7.853881948536549,1.0,29.0,0.023809523809523836,31.8895895873759,443.1634888554936,78.14167995011871,300.0,41.999999999997016,0.0,0.0,0.0,0.0,0.0,0.0,0.0
11.0,0.0,0.0,0.0,0.0,7.853881948536544,1.0,29.0,0.02380952380952378,31.9133991111854,441.73223255144876,85.86404791944523,300.0,41.999999999997016,0.0,0.0,0.0,0.0,0.0,0.0,0.0
12.0,0.0,0.0,0.0,0.0,7.853881948536521,1.0,29.0,0.023809523809523836,31.9372086349949,440.16642033021253,93.56026086799174,300.0,41.999999999997016,0.0,0.0,0.0,0.0,0.0,0.0,0.0
13.0,0.0,0.0,0.0,0.0,7.8538819485365465,1.0,29.0,0.02380952380952378,31.9610181588044,438.46652915335585,101.2279744547393,300.0,41.999999999997016,0.0,0.0,0.0,0.0,0.0,0.0,0.0
14.0,0.0,0.0,0.0,0.0,7.853881948536554,1.0,29.0,0.023809523809523836,31.984827682614,436.6330768241984,108.86485301985053,300.0,41.999999999997016,0.0,0.0,0.0,0.0,0.0,0.0,0.0
15.0,0.0,0.0,0.0,0.0,7.85388194853653,1.0,29.0,0.02380952380952378,32.0086372064235,434.66662183008077,116.4685702961344,300.0,41.999999999997016,0.0,0.0,0.0,0.0,0.0,0.0,0.0
16.0,0.0,0.0,0.0,0.0,7.853881948536529,1.0,29.0,0.023809523809523836,32.032446730233,432.56776317224353,124.03681011764968,300.0,41.999999999997016,0.0,0.0,0.0,0.0,0.0,0.0,0.0
17.0,0.0,0.0,0.0,0.0,7.8538819485365705,1.0,29.0,0.023809523809523836,32.0562562540425,430.33714018336593,131.56726712523158,300.0,41.999999999997016,0.0,0.0,0.0,0.0,0.0,0.0,0.0
18.0,0.0,0.0,0.0,0.0,7.853881948536518,1.0,29.0,0.023809523809523836,32.0800657778521,427.9754323328191,139.05764746872637,300.0,41.999999999997016,0.0,0.0,0.0,0.0,0.0,0.0,0.0
19.0,0.0,0.0,0.0,0.0,7.853881948536563,1.0,29.0,0.02380952380952378,32.1038753016616,425.48335901969256,146.50566950572056,300.0,41.999999999997016,0.0,0.0,0.0,0.0,0.0,0.0,0.0
20.0,0.0,0.0,0.0,0.0,7.853881948536504,1.0,29.0,0.023809523809523836,32.1276848254711,422.8616793536588,153.90906449655097,300.0,41.999999999997016,0.0,0.0,0.0,0.0,0.0,0.0,0.0
21.0,0.0,0.0,0.0,0.0,7.853881948536587,1.0,29.0,0.023809523809523836,32.1514943492806,420.11119192374076,161.26557729538519,300.0,41.999999999997016,0.0,0.0,0.0,0.0,0.0,0.0,0.0
22.0,0.0,0.0,0.0,0.0,7.8538819485365385,1.0,29.0,0.023809523809523836,32.1753038730902,417.2327345550543,168.57296703716048,300.0,41.999999999997016,0.0,0.0,0.0,0.0,0.0,0.0,0.0
23.0,0.0,0.0,0.0,0.0,7.853881948536485,1.0,29.0,0.023809523809523836,32.1991133968997,414.2271840535982,175.82900782017322,300.0,41.999999999997016,0.0,0.0,0.0,0.0,0.0,0.0,0.0
24.0,0.0,0.0,0.0,0.0,7.853881948536547,1.0,29.0,0.023809523809523725,32.2229229207092,411.0954559391704,183.0314893841101,300.0,41.999999999997016,0.0,0.0,0.0,0.0,0.0,0.0,0.0
25.0,0.0,0.0,0.0,0.0,7.853881948536578,1.0,29.0,0.023809523809523836,32.2467324445187,407.8385041664925,190.1782177833148,300.0,41.999999999997016,0.0,0.0,0.0,0.0,0.0,0.0,0.0
26.0,0.0,0.0,0.0,0.0,7.8538819485364995,1.0,29.0,0.023809523809523836,32.2705419683283,404.4573208346252,197.26701605508487,300.0,41.999999999997016,0.0,0.0,0.0,0.0,0.0,0.0,0.0
27.0,0.0,0.0,0.0,0.0,7.853881948536558,1.0,29.0,0.023809523809523836,32.2943514921378,400.95293588476557,204.2957248827961,300.0,41.999999999997016,0.0,0.0,0.0,0.0,0.0,0.0,0.0
28.0,0.0,0.0,0.0,0.0,7.853881948536565,1.0,29.0,0.023809523809523725,32.3181610159473,397.32641678651714,211.2622032536509,300.0,41.999999999997016,0.0,0.0,0.0,0.0,0.0,0.0,0.0
29.0,0.0,0.0,0.0,0.0,7.853881948536593,1.0,29.0,0.023809523809523836,32.3419705397568,393.578868212728,218.16432911085172,300.0,41.999999999997016,0.0,0.0,0.0,0.0,0.0,0.0,0.0
30.0,0.0,0.0,0.0,0.0,7.853881948536493,1.0,29.0,0.023809523809523836,32.3657800635664,389.71143170299734,225.00000000000003,300.0,41.999999999997016,0.0,0.0,0.0,0.0,0.0,0.0,0.0
31.0,0.0,0.0,0.0,0.0,7.853881948536557,1.0,29.0,0.023809523809523836,32.3895895873759,385.7252853159505,231.76713370952444,300.0,41.999999999997016,0.0,0.0,0.0,0.0,0.0,0.0,0.0
32.0,0.0,0.0,0.0,0.0,7.853881948536531,1.0,29.0,0.023809523809523725,32.4133991111854,381.62164327039164,238.46366890494227,300.0,41.999999999997016,0.0,0.0,0.0,0.0,0.0,0.0,0.0
33.0,0.0,0.0,0.0,0.0,7.853881948536548,1.0,29.0,0.023809523809523836,32.4372086349949,377.40175557544075,245.08756575676222,300.0,41.999999999997016,0.0,0.0,0.0,0.0,0.0,0.0,0.0
34.0,0.0,0.0,0.0,0.0,7.85388194853659,1.0,29.0,0.023809523809523836,32.4610181588045,373.0669076497687,251.63680656183618,300.0,41.999999999997016,0.0,0.0,0.0,0.0,0.0,0.0,0.0
35.0,0.0,0.0,0.0,0.0,7.853881948536481,1.0,29.0,0.023809523809523836,32.484827682614,368.61841993004623,258.10939635797075,300.0,41.999999999997016,0.0,0.0,0.0,0.0,0.0,0.0,0.0
36.0,0.0,0.0,0.0,0.0,7.853881948536572,1.0,29.0,0.023809523809523836,32.5086372064235,364.0576474687263,264.503363531613,300.0,41.999999999997016,0.0,0.0,0.0,0.0,0.0,0.0,0.0
37.0,0.0,0.0,0.0,0.0,7.853881948536528,1.0,29.0,0.023809523809523725,32.532446730233,359.38597952128174,270.8167604184218,300.0,41.999999999997016,0.0,0.0,0.0,0.0,0.0,0.0,0.0
38.0,0.0,0.0,0.0,0.0,7.853881948536478,1.0,29.0,0.023809523809523836,32.5562562540426,354.6048391230249,277.0476638965462,300.0,41.999999999997016,0.0,0.0,0.0,0.0,0.0,0.0,0.0
39.0,0.0,0.0,0.0,0.0,7.85388194853659,1.0,29.0,0.023809523809523836,32.5800657778521,349.71568265563684,283.1941759724269,300.0,41.999999999997016,0.0,0.0,0.0,0.0,0.0,0.0,0.0
40.0,0.0,0.0,0.0,0.0,7.853881948536526,1.0,29.0,0.023809523809523836,32.6038753016616,344.71999940354004,289.2544243589427,300.0,41.999999999997016,0.0,0.0,0.0,0.0,0.0,0.0,0.0
41.0,0.0,0.0,0.0,0.0,7.8538819485365305,1.0,29.0,0.023809523809523725,32.6276848254711,339.61931110024733,295.22656304572826,300.0,41.999999999997016,0.0,0.0,0.0,0.0,0.0,0.0,0.0
42.0,0.0,0.0,0.0,0.0,7.853881948536624,1.0,29.0,0.023809523809523725,32.6514943492807,334.4151714648273,301.1087728614863,300.0,41.999999999997016,0.0,0.0,0.0,0.0,0.0,0.0,0.0
43.0,0.0,0.0,0.0,0.0,7.85388194853649,1.0,29.0,0.023809523809523725,32.6753038730902,329.1091657286267,306.8992620281244,300.0,41.999999999997016,0.0,0.0,0.0,0.0,0.0,0.0,0.0
44.0,0.0,0.0,0.0,0.0,7.853881948536498,1.0,29.0,0.023809523809523947,32.6991133968997,323.70291015239303,312.5962667065488,300.0,41.999999999997016,0.0,0.0,0.0,0.0,0.0,0.0,0.0
45.0,0.0,0.0,0.0,0.0,7.853881948536607,1.0,29.0,0.023809523809523725,32.7229229207093,318.19805153394634,318.19805153394645,300.0,41.999999999997016,0.0,0.0,0.0,0.0,0.0,0.0,0.0
46.0,0.0,0.0,0.0,0.0,7.853881948536487,1.0,29.0,0.023809523809523947,32.7467324445188,312.59626670654876,323.70291015239303,300.0,41.999999999997016,0.0,0.0,0.0,0.0,0.0,0.0,0.0
47.0,0.0,0.0,0.0,0.0,7.853881948536618,1.0,29.0,0.023809523809523725,32.7705419683283,306.89926202812427,329.1091657286268,300.0,41.999999999997016,0.0,0.0,0.0,0.0,0.0,0.0,0.0
48.0,0.0,0.0,0.0,0.0,7.85388194853649,1.0,29.0,0.023809523809523725,32.7943514921378,301.10877286148616,334.41517146482744,300.0,41.999999999997016,0.0,0.0,0.0,0.0,0.0,0.0,0.0
49.0,0.0,0.0,0.0,0.0,7.8538819485365385,1.0,29.0,0.023809523809523947,32.8181610159474,295.22656304572826,339.61931110024744,300.0,41.999999999997016,0.0,0.0,0.0,0.0,0.0,0.0,0.0
50.0,0.0,0.0,0.0,0.0,7.8538819485365305,1.0,29.0,0.023809523809523725,32.8419705397569,289.2544243589427,344.71999940354016,300.0,41.999999999997016,0.0,0.0,0.0,0.0,0.0,0.0,0.0
51.0,0.0,0.0,0.0,0.0,7.853881948536533,1.0,29.0,0.023809523809523725,32.8657800635664,283.1941759724268,349.7156826556369,300.0,41.999999999997016,0.0,0.0,0.0,0.0,0.0,0.0,0.0
52.0,0.0,0.0,0.0,0.0,7.853881948536626,1.0,29.0,0.023809523809523947,32.8895895873759,277.04766389654617,354.604839123025,300.0,41.999999999997016,0.0,0.0,0.0,0.0,0.0,0.0,0.0
53.0,0.0,0.0,0.0,0.0,7.853881948536478,1.0,29.0,0.023809523809523725,32.9133991111855,270.8167604184217,359.38597952128185,300.0,41.999999999997016,0.0,0.0,0.0,0.0,0.0,0.0,0.0
54.0,0.0,0.0,0.0,0.0,7.853881948536573,1.0,29.0,0.023809523809523947,32.937208634995,264.5033635316129,364.05764746872643,300.0,41.999999999997016,0.0,0.0,0.0,0.0,0.0,0.0,0.0
55.0,0.0,0.0,0.0,0.0,7.853881948536572,1.0,29.0,0.023809523809523725,32.9610181588045,258.10939635797064,368.61841993004634,300.0,41.999999999997016,0.0,0.0,0.0,0.0,0.0,0.0,0.0
56.0,0.0,0.0,0.0,0.0,7.853881948536528,1.0,29.0,0.023809523809523725,32.984827682614,251.636806561836,373.06690764976884,300.0,41.999999999997016,0.0,0.0,0.0,0.0,0.0,0.0,0.0
57.0,0.0,0.0,0.0,0.0,7.853881948536495,1.0,29.0,0.023809523809523947,33.0086372064236,245.08756575676216,377.40175557544086,300.0,41.999999999997016,0.0,0.0,0.0,0.0,0.0,0.0,0.0
58.0,0.0,0.0,0.0,0.0,7.853881948536596,1.0,29.0,0.023809523809523725,33.0324467302331,238.46366890494215,381.62164327039176,300.0,41.999999999997016,0.0,0.0,0.0,0.0,0.0,0.0,0.0
59.0,0.0,0.0,0.0,0.0,7.853881948536453,1.0,29.0,0.023809523809523947,33.0562562540426,231.7671337095244,385.72528531595054,300.0,41.999999999997016,0.0,0.0,0.0,0.0,0.0,0.0,0.0
60.0,0.0,0.0,0.0,0.0,7.853881948536562,1.0,29.0,0.023809523809523725,33.0800657778521,225.0,389.71143170299746,300.0,41.999999999997016,0.0,0.0,0.0,0.0,0.0,0.0,0.0
61.0,0.0,0.0,0.0,0.0,7.853881948536543,1.0,29.0,0.023809523809523725,33.1038753016617,218.16432911085164,393.57886821272814,300.0,41.999999999997016,0.0,0.0,0.0,0.0,0.0,0.0,0.0
62.0,0.0,0.0,0.0,0.0,7.853881948536511,1.0,29.0,0.023809523809523947,33.1276848254712,211.26220325365082,397.3264167865171,300.0,41.999999999997016,0.0,0.0,0.0,0.0,0.0,0.0,0.0
63.0,0.0,0.0,0.0,0.0,7.853881948536539,1.0,29.0,0.023809523809523725,33.1514943492807,204.295724882796,400.95293588476545,300.0,41.999999999997016,0.0,0.0,0.0,0.0,0.0,0.0,0.0
64.0,0.0,0.0,0.0,0.0,7.853881948536583,1.0,29.0,0.023809523809523725,33.1753038730902,197.2670160550848,404.4573208346252,300.0,41.999999999997016,0.0,0.0,0.0,0.0,0.0,0.0,0.0
65.0,0.0,0.0,0.0,0.0,7.85388194853655,1.0,29.0,0.023809523809523947,33.1991133968998,190.1782177833147,407.8385041664925,300.0,41.999999999997016,0.0,0.0,0.0,0.0,0.0,0.0,0.0
66.0,0.0,0.0,0.0,0.0,7.853881948536526,1.0,29.0,0.023809523809523725,33.2229229207093,183.03148938411005,411.0954559391704,300.0,41.999999999997016,0.0,0.0,0.0,0.0,0.0,0.0,0.0
67.0,0.0,0.0,0.0,0.0,7.85388194853645,1.0,29.0,0.023809523809523947,33.2467324445188,175.82900782017322,414.2271840535981,300.0,41.999999999997016,0.0,0.0,0.0,0.0,0.0,0.0,0.0
68.0,0.0,0.0,0.0,0.0,7.853881948536687,1.0,29.0,0.023809523809523725,33.2705419683283,168.5729670371603,417.2327345550543,300.0,41.999999999997016,0.0,0.0,0.0,0.0,0.0,0.0,0.0
69.0,0.0,0.0,0.0,0.0,7.853881948536433,1.0,29.0,0.023809523809523725,33.2943514921379,161.26557729538513,420.11119192374076,300.0,41.999999999997016,0.0,0.0,0.0,0.0,0.0,0.0,0.0
70.0,0.0,0.0,0.0,0.0,7.853881948536547,1.0,29.0,0.023809523809523947,33.3181610159474,153.9090644965509,422.8616793536587,300.0,41.999999999997016,0.0,0.0,0.0,0.0,0.0,0.0,0.0
71.0,0.0,0.0,0.0,0.0,7.853881948536542,1.0,29.0,0.023809523809523725,33.3419705397569,146.5056695057205,425.48335901969256,300.0,41.999999999997016,0.0,0.0,0.0,0.0,0.0,0.0,0.0
72.0,0.0,0.0,0.0,0.0,7.85388194853659,1.0,29.0,0.023809523809523725,33.3657800635664,139.0576474687263,427.9754323328191,300.0,41.999999999997016,0.0,0.0,0.0,0.0,0.0,0.0,0.0
73.0,0.0,0.0,0.0,0.0,7.853881948536546,1.0,29.0,0.023809523809523947,33.389589587376,131.56726712523147,430.33714018336593,300.0,41.999999999997016,0.0,0.0,0.0,0.0,0.0,0.0,0.0
74.0,0.0,0.0,0.0,0.0,7.8538819485365705,1.0,29.0,0.023809523809523725,33.4133991111855,124.03681011764957,432.56776317224353,300.0,41.999999999997016,0.0,0.0,0.0,0.0,0.0,0.0,0.0
75.0,0.0,0.0,0.0,0.0,7.853881948536529,1.0,29.0,0.023809523809523947,33.437208634995,116.46857029613429,434.66662183008077,300.0,41.999999999997016,0.0,0.0,0.0,0.0,0.0,0.0,0.0
76.0,0.0,0.0,0.0,0.0,7.853881948536447,1.0,29.0,0.023809523809523725,33.4610181588045,108.8648530198505,436.6330768241984,300.0,41.999999999997016,0.0,0.0,0.0,0.0,0.0,0.0,0.0
77.0,0.0,0.0,0.0,0.0,7.853881948536664,1.0,29.0,0.023809523809523725,33.4848276826141,101.22797445473915,438.46652915335585,300.0,41.999999999997016,0.0,0.0,0.0,0.0,0.0,0.0,0.0
78.0,0.0,0.0,0.0,0.0,7.853881948536449,1.0,29.0,0.023809523809523947,33.5086372064236,93.5602608679917,440.16642033021253,300.0,41.999999999997016,0.0,0.0,0.0,0.0,0.0,0.0,0.0
79.0,0.0,0.0,0.0,0.0,7.853881948536548,1.0,29.0,0.023809523809523725,33.5324467302331,85.86404791944516,441.73223255144876,300.0,41.999999999997016,0.0,0.0,0.0,0.0,0.0,0.0,0.0
80.0,0.0,0.0,0.0,0.0,7.853881948536557,1.0,29.0,0.023809523809523947,33.5562562540426,78.14167995011863,443.1634888554936,300.0,41.999999999997016,0.0,0.0,0.0,0.0,0.0,0.0,0.0
81.0,0.0,0.0,0.0,0.0,7.853881948536549,1.0,29.0,0.023809523809523725,33.5800657778522,70.39550926810386,444.459753267812,300.0,41.999999999997016,0.0,0.0,0.0,0.0,0.0,0.0,0.0
82.0,0.0,0.0,0.0,0.0,7.853881948536451,1.0,29.0,0.023809523809523725,33.6038753016617,62.627895432029504,445.6206309337066,300.0,41.999999999997016,0.0,0.0,0.0,0.0,0.0,0.0,0.0
83.0,0.0,0.0,0.0,0.0,7.853881948536652,1.0,29.0,0.023809523809523947,33.6276848254712,54.84120453231631,446.6457682385949,300.0,41.999999999997016,0.0,0.0,0.0,0.0,0.0,0.0,0.0
84.0,0.0,0.0,0.0,0.0,7.853881948536551,1.0,29.0,0.023809523809523947,33.6514943492807,47.037808470444,447.534852915723,300.0,41.999999999997016,0.0,0.0,0.0,0.0,0.0,0.0,0.0
85.0,0.0,0.0,0.0,0.0,7.853881948536557,1.0,29.0,0.023809523809523725,33.6753038730903,39.220084236446105,448.28761414128553,300.0,41.999999999997016,0.0,0.0,0.0,0.0,0.0,0.0,0.0
86.0,0.0,0.0,0.0,0.0,7.853881948536453,1.0,29.0,0.023809523809523725,33.6991133968998,31.390413184856396,448.9038226169209,300.0,41.999999999997016,0.0,0.0,0.0,0.0,0.0,0.0,0.0
87.0,0.0,0.0,0.0,0.0,7.8538819485365545,1.0,29.0,0.023809523809523725,33.7229229207093,23.551180309324725,449.38329063955825,300.0,41.999999999997016,0.0,0.0,0.0,0.0,0.0,0.0,0.0
88.0,0.0,0.0,0.0,0.0,7.853881948536552,1.0,29.0,0.023809523809523725,33.7467324445188,15.704773516125428,449.7258721585931,300.0,41.999999999997016,0.0,0.0,0.0,0.0,0.0,0.0,0.0
89.0,0.0,0.0,0.0,0.0,7.853881948536651,1.0,29.0,0.023809523809523725,33.7705419683284,7.853582896777461,449.93146282037605,300.0,41.999999999997016,0.0,0.0,0.0,0.0,0.0,0.0,0.0
90.0,0.0,0.0,0.0,0.0,7.853881948536452,1.0,29.0,0.02380952380952417,33.7943514921379,-3.1228493378257513e-14,450.0,300.0,41.999999999997016,0.0,0.0,0.0,0.0,0.0,0.0,0.0
91.0,0.0,0.0,0.0,0.0,7.853881948536554,1.0,29.0,0.023809523809523725,33.8181610159474,-7.853582896777624,449.93146282037605,300.0,41.999999999997016,0.0,0.0,0.0,0.0,0.0,0.0,0.0
92.0,0.0,0.0,0.0,0.0,7.853881948536449,1.0,29.0,0.023809523809523725,33.841970539757,-15.704773516125389,449.7258721585931,300.0,41.999999999997016,0.0,0.0,0.0,0.0,0.0,0.0,0.0
93.0,0.0,0.0,0.0,0.0,7.853881948536555,1.0,29.0,0.023809523809523725,33.8657800635665,-23.55118030932469,449.38329063955825,300.0,41.999999999997016,0.0,0.0,0.0,0.0,0.0,0.0,0.0
94.0,0.0,0.0,0.0,0.0,7.853881948536654,1.0,29.0,0.023809523809523725,33.889589587376,-31.39041318485646,448.9038226169209,300.0,41.999999999997016,0.0,0.0,0.0,0.0,0.0,0.0,0.0
95.0,0.0,0.0,0.0,0.0,7.853881948536545,1.0,29.0,0.02380952380952417,33.9133991111855,-39.22008423644626,448.28761414128553,300.0,41.999999999997016,0.0,0.0,0.0,0.0,0.0,0.0,0.0
96.0,0.0,0.0,0.0,0.0,7.8538819485364595,1.0,29.0,0.023809523809523725,33.9372086349951,-47.03780847044406,447.53485291572304,300.0,41.999999999997016,0.0,0.0,0.0,0.0,0.0,0.0,0.0
97.0,0.0,0.0,0.0,0.0,7.853881948536544,1.0,29.0,0.023809523809523725,33.9610181588046,-54.84120453231637,446.64576823859494,300.0,41.999999999997016,0.0,0.0,0.0,0.0,0.0,0.0,0.0
98.0,0.0,0.0,0.0,0.0,7.853881948536554,1.0,29.0,0.023809523809523725,33.9848276826141,-62.62789543202946,445.62063093370665,300.0,41.999999999997016,0.0,0.0,0.0,0.0,0.0,0.0,0.0
99.0,0.0,0.0,0.0,0.0,7.853881948536664,1.0,29.0,0.023809523809523725,34.0086372064236,-70.39550926810402,444.45975326781195,300.0,41.999999999997016,0.0,0.0,0.0,0.0,0.0,0.0,0.0
100.0,0.0,0.0,0.0,0.0,7.853881948536442,1.0,29.0,0.02380952380952417,34.0324467302332,-78.14167995011869,443.1634888554936,300.0,41.999999999997016,0.0,0.0,0.0,0.0,0.0,0.0,0.0
101.0,0.0,0.0,0.0,0.0,7.853881948536571,1.0,29.0,0.023809523809523725,34.0562562540427,-85.86404791944523,441.73223255144876,300.0,41.999999999997016,0.0,0.0,0.0,0.0,0.0,0.0,0.0
102.0,0.0,0.0,0.0,0.0,7.853881948536436,1.0,29.0,0.023809523809523725,34.0800657778522,-93.56026086799166,440.16642033021253,300.0,41.999999999997016,0.0,0.0,0.0,0.0,0.0,0.0,0.0
103.0,0.0,0.0,0.0,0.0,7.8538819485365465,1.0,29.0,0.023809523809523725,34.1038753016617,-101.22797445473921,438.46652915335585,300.0,41.999999999997016,0.0,0.0,0.0,0.0,0.0,0.0,0.0
104.0,0.0,0.0,0.0,0.0,7.853881948536664,1.0,29.0,0.023809523809523725,34.1276848254713,-108.86485301985056,436.6330768241984,300.0,41.999999999997016,0.0,0.0,0.0,0.0,0.0,0.0,0.0
105.0,0.0,0.0,0.0,0.0,7.853881948536543,1.0,29.0,0.02380952380952417,34.1514943492808,-116.46857029613444,434.66662183008077,300.0,41.999999999997016,0.0,0.0,0.0,0.0,0.0,0.0,0.0
106.0,0.0,0.0,0.0,0.0,7.853881948536433,1.0,29.0,0.023809523809523725,34.1753038730903,-124.03681011764962,432.56776317224353,300.0,41.999999999997016,0.0,0.0,0.0,0.0,0.0,0.0,0.0
107.0,0.0,0.0,0.0,0.0,7.853881948536581,1.0,29.0,0.023809523809523725,34.1991133968998,-131.56726712523155,430.337140183366,300.0,41.999999999997016,0.0,0.0,0.0,0.0,0.0,0.0,0.0
108.0,0.0,0.0,0.0,0.0,7.853881948536546,1.0,29.0,0.023809523809523725,34.2229229207094,-139.05764746872637,427.97543233281914,300.0,41.999999999997016,0.0,0.0,0.0,0.0,0.0,0.0,0.0
109.0,0.0,0.0,0.0,0.0,7.853881948536474,1.0,29.0,0.023809523809523725,34.2467324445189,-146.50566950572045,425.48335901969256,300.0,41.999999999997016,0.0,0.0,0.0,0.0,0.0,0.0,0.0
110.0,0.0,0.0,0.0,0.0,7.853881948536611,1.0,29.0,0.023809523809523725,34.2705419683284,-153.90906449655097,422.8616793536588,300.0,41.999999999997016,0.0,0.0,0.0,0.0,0.0,0.0,0.0
111.0,0.0,0.0,0.0,0.0,7.853881948536587,1.0,29.0,0.02380952380952417,34.2943514921379,-161.26557729538519,420.11119192374076,300.0,41.999999999997016,0.0,0.0,0.0,0.0,0.0,0.0,0.0
112.0,0.0,0.0,0.0,0.0,7.8538819485365385,1.0,29.0,0.023809523809523725,34.3181610159475,-168.57296703716048,417.2327345550543,300.0,41.999999999997016,0.0,0.0,0.0,0.0,0.0,0.0,0.0
113.0,0.0,0.0,0.0,0.0,7.853881948536433,1.0,29.0,0.023809523809523725,34.341970539757,-175.82900782017316,414.2271840535982,300.0,41.999999999997016,0.0,0.0,0.0,0.0,0.0,0.0,0.0
114.0,0.0,0.0,0.0,0.0,7.8538819485366,1.0,29.0,0.023809523809523725,34.3657800635665,-183.0314893841101,411.0954559391704,300.0,41.999999999997016,0.0,0.0,0.0,0.0,0.0,0.0,0.0
115.0,0.0,0.0,0.0,0.0,7.853881948536526,1.0,29.0,0.023809523809523725,34.389589587376,-190.17821778331475,407.8385041664925,300.0,41.999999999997016,0.0,0.0,0.0,0.0,0.0,0.0,0.0
116.0,0.0,0.0,0.0,0.0,7.8538819485366504,1.0,29.0,0.02380952380952417,34.4133991111856,-197.26701605508492,404.4573208346251,300.0,41.999999999997016,0.0,0.0,0.0,0.0,0.0,0.0,0.0
117.0,0.0,0.0,0.0,0.0,7.853881948536456,1.0,29.0,0.023809523809523725,34.4372086349951,-204.2957248827961,400.95293588476557,300.0,41.999999999997016,0.0,0.0,0.0,0.0,0.0,0.0,0.0
118.0,0.0,0.0,0.0,0.0,7.853881948536438,1.0,29.0,0.023809523809523725,34.4610181588046,-211.2622032536508,397.3264167865172,300.0,41.999999999997016,0.0,0.0,0.0,0.0,0.0,0.0,0.0
119.0,0.0,0.0,0.0,0.0,7.853881948536667,1.0,29.0,0.023809523809523725,34.4848276826141,-218.1643291108517,393.5788682127281,300.0,41.999999999997016,0.0,0.0,0.0,0.0,0.0,0.0,0.0
120.0,0.0,0.0,0.0,0.0,7.853881948536472,1.0,29.0,0.023809523809523725,34.5086372064237,-224.99999999999994,389.71143170299734,300.0,41.999999999997016,0.0,0.0,0.0,0.0,0.0,0.0,0.0
121.0,0.0,0.0,0.0,0.0,7.853881948536681,1.0,29.0,0.02380952380952417,34.5324467302332,-231.7671337095245,385.7252853159505,300.0,41.999999999997016,0.0,0.0,0.0,0.0,0.0,0.0,0.0
122.0,0.0,0.0,0.0,0.0,7.853881948536435,1.0,29.0,0.023809523809523725,34.5562562540427,-238.4636689049422,381.62164327039164,300.0,41.999999999997016,0.0,0.0,0.0,0.0,0.0,0.0,0.0
123.0,0.0,0.0,0.0,0.0,7.853881948536596,1.0,29.0,0.023809523809523725,34.5800657778522,-245.08756575676222,377.40175557544075,300.0,41.999999999997016,0.0,0.0,0.0,0.0,0.0,0.0,0.0
124.0,0.0,0.0,0.0,0.0,7.853881948536495,1.0,29.0,0.023809523809523725,34.6038753016618,-251.63680656183607,373.0669076497687,300.0,41.999999999997016,0.0,0.0,0.0,0.0,0.0,0.0,0.0
125.0,0.0,0.0,0.0,0.0,7.853881948536416,1.0,29.0,0.023809523809523725,34.6276848254713,-258.10939635797064,368.61841993004634,300.0,41.999999999997016,0.0,0.0,0.0,0.0,0.0,0.0,0.0
126.0,0.0,0.0,0.0,0.0,7.853881948536684,1.0,29.0,0.02380952380952417,34.6514943492808,-264.50336353161293,364.0576474687263,300.0,41.999999999997016,0.0,0.0,0.0,0.0,0.0,0.0,0.0
127.0,0.0,0.0,0.0,0.0,7.853881948536653,1.0,29.0,0.023809523809523725,34.6753038730903,-270.81676041842184,359.3859795212817,300.0,41.999999999997016,0.0,0.0,0.0,0.0,0.0,0.0,0.0
128.0,0.0,0.0,0.0,0.0,7.8538819485364435,1.0,29.0,0.023809523809523725,34.6991133968999,-277.0476638965463,354.6048391230249,300.0,41.999999999997016,0.0,0.0,0.0,0.0,0.0,0.0,0.0
129.0,0.0,0.0,0.0,0.0,7.85388194853651,1.0,29.0,0.02380952380952328,34.7229229207094,-283.1941759724269,349.7156826556369,300.0,42.00000000000328,0.0,0.0,0.0,2.632134510349921e-10,0.0,0.0,0.0
130.0,0.0,0.0,0.0,0.0,7.85388194853665,1.0,29.0,0.02380952380952417,34.7467324445189,-289.2544243589428,344.71999940354004,300.0,41.999999999997016,0.0,0.0,0.0,-2.632134510349528e-10,0.0,0.0,0.0
131.0,0.0,0.0,0.0,0.0,7.853881948536648,1.0,29.0,0.023809523809523725,34.7705419683284,-295.2265630457284,339.6193111002472,300.0,42.00000000000328,0.0,0.0,0.0,2.632134510349921e-10,0.0,0.0,0.0
132.0,0.0,0.0,0.0,0.0,7.85388194853642,1.0,29.0,0.023809523809523725,34.794351492138,-301.1087728614863,334.4151714648273,300.0,41.999999999997016,0.0,0.0,0.0,-2.632134510349528e-10,0.0,0.0,0.0
133.0,0.0,0.0,0.0,0.0,7.853881948536448,1.0,29.0,0.023809523809523725,34.8181610159475,-306.8992620281243,329.1091657286267,300.0,41.999999999997016,0.0,0.0,0.0,0.0,0.0,0.0,0.0
134.0,0.0,0.0,0.0,0.0,7.853881948536459,1.0,29.0,0.023809523809523725,34.841970539757,-312.59626670654876,323.7029101523931,300.0,41.999999999997016,0.0,0.0,0.0,0.0,0.0,0.0,0.0
135.0,0.0,0.0,0.0,0.0,7.853881948536647,1.0,29.0,0.023809523809523725,34.8657800635665,-318.1980515339464,318.19805153394634,300.0,41.999999999997016,0.0,0.0,0.0,0.0,0.0,0.0,0.0
136.0,0.0,0.0,0.0,0.0,7.853881948536688,1.0,29.0,0.02380952380952417,34.8895895873761,-323.70291015239314,312.59626670654865,300.0,41.999999999997016,0.0,0.0,0.0,0.0,0.0,0.0,0.0
137.0,0.0,0.0,0.0,0.0,7.853881948536457,1.0,29.0,0.023809523809523725,34.9133991111856,-329.1091657286268,306.89926202812427,300.0,41.999999999997016,0.0,0.0,0.0,0.0,0.0,0.0,0.0
138.0,0.0,0.0,0.0,0.0,7.853881948536448,1.0,29.0,0.023809523809523725,34.9372086349951,-334.41517146482744,301.1087728614862,300.0,41.999999999997016,0.0,0.0,0.0,0.0,0.0,0.0,0.0
139.0,0.0,0.0,0.0,0.0,7.853881948536581,1.0,29.0,0.023809523809523725,34.9610181588046,-339.61931110024744,295.22656304572826,300.0,41.999999999997016,0.0,0.0,0.0,0.0,0.0,0.0,0.0
140.0,0.0,0.0,0.0,0.0,7.8538819485365305,1.0,29.0,0.023809523809523725,34.9848276826142,-344.71999940354016,289.2544243589427,300.0,41.999999999997016,0.0,0.0,0.0,0.0,0.0,0.0,0.0
141.0,0.0,0.0,0.0,0.0,7.85388194853641,1.0,29.0,0.02380952380952417,35.0086372064237,-349.71568265563684,283.19417597242693,300.0,41.999999999997016,0.0,0.0,0.0,0.0,0.0,0.0,0.0
142.0,0.0,0.0,0.0,0.0,7.8538819485366345,1.0,29.0,0.023809523809523725,35.0324467302332,-354.6048391230249,277.0476638965462,300.0,41.999999999997016,0.0,0.0,0.0,0.0,0.0,0.0,0.0
143.0,0.0,0.0,0.0,0.0,7.853881948536682,1.0,29.0,0.023809523809523725,35.0562562540427,-359.38597952128185,270.8167604184216,300.0,41.999999999997016,0.0,0.0,0.0,0.0,0.0,0.0,0.0
144.0,0.0,0.0,0.0,0.0,7.853881948536368,1.0,29.0,0.023809523809523725,35.0800657778523,-364.0576474687263,264.50336353161293,300.0,41.999999999997016,0.0,0.0,0.0,0.0,0.0,0.0,0.0
145.0,0.0,0.0,0.0,0.0,7.853881948536512,1.0,29.0,0.023809523809523725,35.1038753016618,-368.6184199300463,258.1093963579708,300.0,41.999999999997016,0.0,0.0,0.0,0.0,0.0,0.0,0.0
146.0,0.0,0.0,0.0,0.0,7.853881948536622,1.0,29.0,0.02380952380952417,35.1276848254713,-373.0669076497688,251.63680656183607,300.0,41.999999999997016,0.0,0.0,0.0,0.0,0.0,0.0,0.0
147.0,0.0,0.0,0.0,0.0,7.853881948536755,1.0,29.0,0.023809523809523725,35.1514943492808,-377.401755575441,245.08756575676202,300.0,41.999999999997016,0.0,0.0,0.0,0.0,0.0,0.0,0.0
148.0,0.0,0.0,0.0,0.0,7.853881948536415,1.0,29.0,0.023809523809523725,35.1753038730904,-381.62164327039176,238.46366890494215,300.0,41.999999999997016,0.0,0.0,0.0,0.0,0.0,0.0,0.0
149.0,0.0,0.0,0.0,0.0,7.853881948536404,1.0,29.0,0.023809523809523725,35.1991133968999,-385.72528531595054,231.76713370952444,300.0,41.999999999997016,0.0,0.0,0.0,0.0,0.0,0.0,0.0
150.0,0.0,0.0,0.0,0.0,7.853881948536684,1.0,29.0,0.023809523809523725,35.2229229207094,-389.71143170299746,224.99999999999991,300.0,41.999999999997016,0.0,0.0,0.0,0.0,0.0,0.0,0.0
151.0,0.0,0.0,0.0,0.0,7.853881948536444,1.0,29.0,0.02380952380952417,35.2467324445189,-393.57886821272814,218.16432911085167,300.0,41.999999999997016,0.0,0.0,0.0,0.0,0.0,0.0,0.0
152.0,0.0,0.0,0.0,0.0,7.853881948536434,1.0,29.0,0.023809523809523725,35.2705419683285,-397.32641678651703,211.2622032536509,300.0,41.999999999997016,0.0,0.0,0.0,0.0,0.0,0.0,0.0
153.0,0.0,0.0,0.0,0.0,7.853881948536616,1.0,29.0,0.023809523809523725,35.294351492138,-400.95293588476545,204.29572488279604,300.0,41.999999999997016,0.0,0.0,0.0,0.0,0.0,0.0,0.0
154.0,0.0,0.0,0.0,0.0,7.853881948536685,1.0,29.0,0.023809523809523725,35.3181610159475,-404.4573208346252,197.26701605508472,300.0,41.999999999997016,0.0,0.0,0.0,0.0,0.0,0.0,0.0
155.0,0.0,0.0,0.0,0.0,7.853881948536448,1.0,29.0,0.023809523809523725,35.341970539757,-407.8385041664925,190.17821778331472,300.0,41.999999999997016,0.0,0.0,0.0,0.0,0.0,0.0,0.0
156.0,0.0,0.0,0.0,0.0,7.853881948536475,1.0,29.0,0.023809523809523725,35.3657800635666,-411.0954559391704,183.03148938411013,300.0,41.999999999997016,0.0,0.0,0.0,0.0,0.0,0.0,0.0
157.0,0.0,0.0,0.0,0.0,7.853881948536424,1.0,29.0,0.02380952380952417,35.3895895873761,-414.2271840535981,175.82900782017333,300.0,41.999999999997016,0.0,0.0,0.0,0.0,0.0,0.0,0.0
158.0,0.0,0.0,0.0,0.0,7.85388194853666,1.0,29.0,0.023809523809523725,35.4133991111856,-417.2327345550543,168.57296703716045,300.0,41.999999999997016,0.0,0.0,0.0,0.0,0.0,0.0,0.0
159.0,0.0,0.0,0.0,0.0,7.853881948536644,1.0,29.0,0.023809523809523725,35.4372086349952,-420.11119192374076,161.26557729538504,300.0,41.999999999997016,0.0,0.0,0.0,0.0,0.0,0.0,0.0
160.0,0.0,0.0,0.0,0.0,7.853881948536441,1.0,29.0,0.023809523809523725,35.4610181588047,-422.8616793536587,153.90906449655094,300.0,41.999999999997016,0.0,0.0,0.0,0.0,0.0,0.0,0.0
161.0,0.0,0.0,0.0,0.0,7.853881948536461,1.0,29.0,0.023809523809523725,35.4848276826142,-425.48335901969256,146.50566950572062,300.0,41.999999999997016,0.0,0.0,0.0,0.0,0.0,0.0,0.0
162.0,0.0,0.0,0.0,0.0,7.853881948536671,1.0,29.0,0.02380952380952417,35.5086372064237,-427.9754323328191,139.05764746872632,300.0,41.999999999997016,0.0,0.0,0.0,0.0,0.0,0.0,0.0
163.0,0.0,0.0,0.0,0.0,7.853881948536437,1.0,29.0,0.023809523809523725,35.5324467302333,-430.33714018336593,131.5672671252316,300.0,41.999999999997016,0.0,0.0,0.0,0.0,0.0,0.0,0.0
164.0,0.0,0.0,0.0,0.0,7.853881948536457,1.0,29.0,0.023809523809523725,35.5562562540428,-432.5677631722434,124.0368101176498,300.0,41.999999999997016,0.0,0.0,0.0,0.0,0.0,0.0,0.0
165.0,0.0,0.0,0.0,0.0,7.853881948536653,1.0,29.0,0.023809523809523725,35.5800657778523,-434.6666218300807,116.4685702961344,300.0,41.999999999997016,0.0,0.0,0.0,0.0,0.0,0.0,0.0
166.0,0.0,0.0,0.0,0.0,7.853881948536653,1.0,29.0,0.023809523809523725,35.6038753016618,-436.6330768241984,108.86485301985041,300.0,41.999999999997016,0.0,0.0,0.0,0.0,0.0,0.0,0.0
167.0,0.0,0.0,0.0,0.0,7.853881948536636,1.0,29.0,0.02380952380952417,35.6276848254714,-438.46652915335585,101.2279744547391,300.0,41.999999999997016,0.0,0.0,0.0,0.0,0.0,0.0,0.0
168.0,0.0,0.0,0.0,0.0,7.853881948536463,1.0,29.0,0.023809523809523725,35.6514943492809,-440.16642033021253,93.56026086799163,300.0,41.999999999997016,0.0,0.0,0.0,0.0,0.0,0.0,0.0
169.0,0.0,0.0,0.0,0.0,7.853881948536464,1.0,29.0,0.023809523809523725,35.6753038730904,-441.73223255144876,85.86404791944517,300.0,41.999999999997016,0.0,0.0,0.0,0.0,0.0,0.0,0.0
170.0,0.0,0.0,0.0,0.0,7.853881948536627,1.0,29.0,0.023809523809524613,35.6991133968999,-443.1634888554936,78.14167995011857,300.0,41.999999999997016,0.0,0.0,0.0,0.0,0.0,0.0,0.0
171.0,0.0,0.0,0.0,0.0,7.853881948536469,1.0,29.0,0.023809523809523725,35.7229229207095,-444.45975326781195,70.39550926810388,300.0,41.999999999997016,0.0,0.0,0.0,0.0,0.0,0.0,0.0
172.0,0.0,0.0,0.0,0.0,7.853881948536452,1.0,29.0,0.023809523809523725,35.746732444519,-445.6206309337066,62.627895432029526,300.0,41.999999999997016,0.0,0.0,0.0,0.0,0.0,0.0,0.0
173.0,0.0,0.0,0.0,0.0,7.853881948536645,1.0,29.0,0.023809523809523725,35.7705419683285,-446.6457682385949,54.84120453231634,300.0,41.999999999997016,0.0,0.0,0.0,0.0,0.0,0.0,0.0
174.0,0.0,0.0,0.0,0.0,7.8538819485364595,1.0,29.0,0.023809523809523725,35.794351492138,-447.534852915723,47.03780847044412,300.0,41.999999999997016,0.0,0.0,0.0,0.0,0.0,0.0,0.0
175.0,0.0,0.0,0.0,0.0,7.853881948536458,1.0,29.0,0.023809523809523725,35.8181610159476,-448.28761414128553,39.220084236446326,300.0,41.999999999997016,0.0,0.0,0.0,0.0,0.0,0.0,0.0
176.0,0.0,0.0,0.0,0.0,7.853881948536641,1.0,29.0,0.023809523809523725,35.8419705397571,-448.9038226169209,31.390413184856428,300.0,41.999999999997016,0.0,0.0,0.0,0.0,0.0,0.0,0.0
177.0,0.0,0.0,0.0,0.0,7.8538819485366576,1.0,29.0,0.023809523809523725,35.8657800635666,-449.38329063955825,23.551180309324653,300.0,41.999999999997016,0.0,0.0,0.0,0.0,0.0,0.0,0.0
178.0,0.0,0.0,0.0,0.0,7.853881948536653,1.0,29.0,0.023809523809523725,35.8895895873761,-449.7258721585931,15.704773516125256,300.0,41.999999999997016,0.0,0.0,0.0,0.0,0.0,0.0,0.0
179.0,0.0,0.0,0.0,0.0,7.853881948536451,1.0,29.0,0.023809523809523725,35.9133991111857,-449.93146282037605,7.853582896777489,300.0,41.999999999997016,0.0,0.0,0.0,0.0,0.0,0.0,0.0
180.0,0.0,0.0,0.0,0.0,7.853881948536453,1.0,29.0,0.04534797962364223,35.9587470908093,-450.0,-3.673940397442067e-15,300.0,22.051699067948082,0.0,0.0,0.0,-439.89392907041133,0.0,0.0,0.0
179.0,0.0,0.0,0.0,0.0,7.853881948536453,1.0,30.0,0.0,35.9587470908093,-449.93146282037605,7.853582896777489,300.0,0.0,0.0,0.0,0.0,0.0,0.0,0.0,0.0
178.0,0.0,0.0,0.0,0.0,7.853881948536451,1.0,30.0,0.06915750915750915,36.0279045999668,-449.7258721585931,15.704773516125256,300.0,-14.459745762711767,0.0,0.0,0.0,-209.0842475222609,0.0,0.0,0.0
177.0,0.0,0.0,0.0,0.0,7.853881948536653,1.0,30.0,0.023809523809523808,36.0517141237763,-449.38329063955825,23.551180309324653,300.0,-41.999999999997016,0.0,0.0,0.0,-1156.6906779658982,0.0,0.0,0.0
176.0,0.0,0.0,0.0,0.0,7.8538819485366576,1.0,30.0,0.023809523809523808,36.0755236475859,-448.9038226169209,31.390413184856428,300.0,-41.999999999997016,0.0,0.0,0.0,0.0,0.0,0.0,0.0
175.0,0.0,0.0,0.0,0.0,7.853881948536641,1.0,30.0,0.023809523809523808,36.0993331713954,-448.28761414128553,39.220084236446326,300.0,-41.999999999997016,0.0,0.0,0.0,0.0,0.0,0.0,0.0
174.0,0.0,0.0,0.0,0.0,7.853881948536458,1.0,30.0,0.023809523809523808,36.1231426952049,-447.534852915723,47.03780847044412,300.0,-41.999999999997016,0.0,0.0,0.0,0.0,0.0,0.0,0.0
173.0,0.0,0.0,0.0,0.0,7.8538819485364595,1.0,30.0,0.023809523809523808,36.1469522190144,-446.6457682385949,54.84120453231634,300.0,-41.999999999997016,0.0,0.0,0.0,0.0,0.0,0.0,0.0
172.0,0.0,0.0,0.0,0.0,7.853881948536645,1.0,30.0,0.023809523809523808,36.170761742824,-445.6206309337066,62.627895432029526,300.0,-41.999999999997016,0.0,0.0,0.0,0.0,0.0,0.0,0.0
171.0,0.0,0.0,0.0,0.0,7.853881948536452,1.0,30.0,0.023809523809523808,36.1945712666335,-444.45975326781195,70.39550926810388,300.0,-41.999999999997016,0.0,0.0,0.0,0.0,0.0,0.0,0.0
170.0,0.0,0.0,0.0,0.0,7.853881948536469,1.0,30.0,0.023809523809523836,36.218380790443,-443.1634888554936,78.14167995011857,300.0,-41.999999999997016,0.0,0.0,0.0,0.0,0.0,0.0,0.0
169.0,0.0,0.0,0.0,0.0,7.853881948536627,1.0,30.0,0.02380952380952378,36.2421903142525,-441.73223255144876,85.86404791944517,300.0,-41.999999999997016,0.0,0.0,0.0,0.0,0.0,0.0,0.0
168.0,0.0,0.0,0.0,0.0,7.853881948536464,1.0,30.0,0.023809523809523836,36.2659998380621,-440.16642033021253,93.56026086799163,300.0,-41.999999999997016,0.0,0.0,0.0,0.0,0.0,0.0,0.0
167.0,0.0,0.0,0.0,0.0,7.853881948536463,1.0,30.0,0.02380952380952378,36.2898093618716,-438.46652915335585,101.2279744547391,300.0,-41.999999999997016,0.0,0.0,0.0,0.0,0.0,0.0,0.0
166.0,0.0,0.0,0.0,0.0,7.853881948536636,1.0,30.0,0.023809523809523836,36.3136188856811,-436.6330768241984,108.86485301985041,300.0,-41.999999999997016,0.0,0.0,0.0,0.0,0.0,0.0,0.0
165.0,0.0,0.0,0.0,0.0,7.853881948536653,1.0,30.0,0.02380952380952378,36.3374284094906,-434.6666218300807,116.4685702961344,300.0,-41.999999999997016,0.0,0.0,0.0,0.0,0.0,0.0,0.0
164.0,0.0,0.0,0.0,0.0,7.853881948536653,1.0,30.0,0.023809523809523836,36.3612379333002,-432.5677631722434,124.0368101176498,300.0,-41.999999999997016,0.0,0.0,0.0,0.0,0.0,0.0,0.0
163.0,0.0,0.0,0.0,0.0,7.853881948536457,1.0,30.0,0.023809523809523836,36.3850474571097,-430.33714018336593,131.5672671252316,300.0,-41.999999999997016,0.0,0.0,0.0,0.0,0.0,0.0,0.0
162.0,0.0,0.0,0.0,0.0,7.853881948536437,1.0,30.0,0.023809523809523836,36.4088569809192,-427.9754323328191,139.05764746872632,300.0,-41.999999999997016,0.0,0.0,0.0,0.0,0.0,0.0,0.0
161.0,0.0,0.0,0.0,0.0,7.853881948536671,1.0,30.0,0.02380952380952378,36.4326665047288,-425.48335901969256,146.50566950572062,300.0,-41.999999999997016,0.0,0.0,0.0,0.0,0.0,0.0,0.0
160.0,0.0,0.0,0.0,0.0,7.853881948536461,1.0,30.0,0.023809523809523836,36.4564760285383,-422.8616793536587,153.90906449655094,300.0,-41.999999999997016,0.0,0.0,0.0,0.0,0.0,0.0,0.0
159.0,0.0,0.0,0.0,0.0,7.853881948536441,1.0,30.0,0.023809523809523836,36.4802855523478,-420.11119192374076,161.26557729538504,300.0,-41.999999999997016,0.0,0.0,0.0,0.0,0.0,0.0,0.0
158.0,0.0,0.0,0.0,0.0,7.853881948536644,1.0,30.0,0.023809523809523836,36.5040950761573,-417.2327345550543,168.57296703716045,300.0,-41.999999999997016,0.0,0.0,0.0,0.0,0.0,0.0,0.0
157.0,0.0,0.0,0.0,0.0,7.85388194853666,1.0,30.0,0.023809523809523836,36.5279045999669,-414.2271840535981,175.82900782017333,300.0,-41.999999999997016,0.0,0.0,0.0,0.0,0.0,0.0,0.0
156.0,0.0,0.0,0.0,0.0,7.853881948536424,1.0,30.0,0.023809523809523725,36.5517141237764,-411.0954559391704,183.03148938411013,300.0,-42.00000000000328,0.0,0.0,0.0,-2.632134510349921e-10,0.0,0.0,0.0
155.0,0.0,0.0,0.0,0.0,7.853881948536475,1.0,30.0,0.023809523809523836,36.5755236475859,-407.8385041664925,190.17821778331472,300.0,-41.999999999997016,0.0,0.0,0.0,2.632134510349528e-10,0.0,0.0,0.0
154.0,0.0,0.0,0.0,0.0,7.853881948536448,1.0,30.0,0.023809523809523836,36.5993331713954,-404.4573208346252,197.26701605508472,300.0,-41.999999999997016,0.0,0.0,0.0,0.0,0.0,0.0,0.0
153.0,0.0,0.0,0.0,0.0,7.853881948536685,1.0,30.0,0.023809523809523836,36.6231426952049,-400.95293588476545,204.29572488279604,300.0,-41.999999999997016,0.0,0.0,0.0,0.0,0.0,0.0,0.0
152.0,0.0,0.0,0.0,0.0,7.853881948536616,1.0,30.0,0.023809523809523725,36.6469522190145,-397.32641678651703,211.2622032536509,300.0,-41.999999999997016,0.0,0.0,0.0,0.0,0.0,0.0,0.0
151.0,0.0,0.0,0.0,0.0,7.853881948536434,1.0,30.0,0.023809523809523836,36.670761742824,-393.57886821272814,218.16432911085167,300.0,-41.999999999997016,0.0,0.0,0.0,0.0,0.0,0.0,0.0
150.0,0.0,0.0,0.0,0.0,7.853881948536444,1.0,30.0,0.023809523809523836,36.6945712666335,-389.71143170299746,224.99999999999991,300.0,-41.999999999997016,0.0,0.0,0.0,0.0,0.0,0.0,0.0
149.0,0.0,0.0,0.0,0.0,7.853881948536684,1.0,30.0,0.023809523809523836,36.718380790443,-385.72528531595054,231.76713370952444,300.0,-41.999999999997016,0.0,0.0,0.0,0.0,0.0,0.0,0.0
148.0,0.0,0.0,0.0,0.0,7.853881948536404,1.0,30.0,0.023809523809523725,36.7421903142526,-381.62164327039176,238.46366890494215,300.0,-41.999999999997016,0.0,0.0,0.0,0.0,0.0,0.0,0.0
147.0,0.0,0.0,0.0,0.0,7.853881948536415,1.0,30.0,0.023809523809523836,36.7659998380621,-377.401755575441,245.08756575676202,300.0,-41.999999999997016,0.0,0.0,0.0,0.0,0.0,0.0,0.0
146.0,0.0,0.0,0.0,0.0,7.853881948536755,1.0,30.0,0.023809523809523836,36.7898093618716,-373.0669076497688,251.63680656183607,300.0,-41.999999999997016,0.0,0.0,0.0,0.0,0.0,0.0,0.0
145.0,0.0,0.0,0.0,0.0,7.853881948536622,1.0,30.0,0.023809523809523836,36.8136188856812,-368.6184199300463,258.1093963579708,300.0,-41.999999999997016,0.0,0.0,0.0,0.0,0.0,0.0,0.0
144.0,0.0,0.0,0.0,0.0,7.853881948536512,1.0,30.0,0.023809523809523836,36.8374284094907,-364.0576474687263,264.50336353161293,300.0,-41.999999999997016,0.0,0.0,0.0,0.0,0.0,0.0,0.0
143.0,0.0,0.0,0.0,0.0,7.853881948536368,1.0,30.0,0.023809523809523725,36.8612379333002,-359.38597952128185,270.8167604184216,300.0,-41.999999999997016,0.0,0.0,0.0,0.0,0.0,0.0,0.0
142.0,0.0,0.0,0.0,0.0,7.853881948536682,1.0,30.0,0.023809523809523836,36.8850474571097,-354.6048391230249,277.0476638965462,300.0,-41.999999999997016,0.0,0.0,0.0,0.0,0.0,0.0,0.0
141.0,0.0,0.0,0.0,0.0,7.8538819485366345,1.0,30.0,0.023809523809523836,36.9088569809193,-349.71568265563684,283.19417597242693,300.0,-41.999999999997016,0.0,0.0,0.0,0.0,0.0,0.0,0.0
140.0,0.0,0.0,0.0,0.0,7.85388194853641,1.0,30.0,0.023809523809523836,36.9326665047288,-344.71999940354016,289.2544243589427,300.0,-41.999999999997016,0.0,0.0,0.0,0.0,0.0,0.0,0.0
139.0,0.0,0.0,0.0,0.0,7.8538819485365305,1.0,30.0,0.023809523809523725,36.9564760285383,-339.61931110024744,295.22656304572826,300.0,-41.999999999997016,0.0,0.0,0.0,0.0,0.0,0.0,0.0
138.0,0.0,0.0,0.0,0.0,7.853881948536581,1.0,30.0,0.023809523809523725,36.9802855523478,-334.41517146482744,301.1087728614862,300.0,-41.999999999997016,0.0,0.0,0.0,0.0,0.0,0.0,0.0
137.0,0.0,0.0,0.0,0.0,7.853881948536448,1.0,30.0,0.023809523809523725,37.0040950761574,-329.1091657286268,306.89926202812427,300.0,-41.999999999997016,0.0,0.0,0.0,0.0,0.0,0.0,0.0
136.0,0.0,0.0,0.0,0.0,7.853881948536457,1.0,30.0,0.023809523809523947,37.0279045999669,-323.70291015239314,312.59626670654865,300.0,-41.999999999997016,0.0,0.0,0.0,0.0,0.0,0.0,0.0
135.0,0.0,0.0,0.0,0.0,7.853881948536688,1.0,30.0,0.023809523809523725,37.0517141237764,-318.1980515339464,318.19805153394634,300.0,-41.999999999997016,0.0,0.0,0.0,0.0,0.0,0.0,0.0
134.0,0.0,0.0,0.0,0.0,7.853881948536647,1.0,30.0,0.023809523809523947,37.0755236475859,-312.59626670654876,323.7029101523931,300.0,-41.999999999997016,0.0,0.0,0.0,0.0,0.0,0.0,0.0
133.0,0.0,0.0,0.0,0.0,7.853881948536459,1.0,30.0,0.023809523809523725,37.0993331713955,-306.8992620281243,329.1091657286267,300.0,-41.999999999997016,0.0,0.0,0.0,0.0,0.0,0.0,0.0
132.0,0.0,0.0,0.0,0.0,7.853881948536448,1.0,30.0,0.023809523809523725,37.123142695205,-301.1087728614863,334.4151714648273,300.0,-41.999999999997016,0.0,0.0,0.0,0.0,0.0,0.0,0.0
131.0,0.0,0.0,0.0,0.0,7.85388194853642,1.0,30.0,0.023809523809523947,37.1469522190145,-295.2265630457284,339.6193111002472,300.0,-41.999999999997016,0.0,0.0,0.0,0.0,0.0,0.0,0.0
130.0,0.0,0.0,0.0,0.0,7.853881948536648,1.0,30.0,0.023809523809523725,37.170761742824,-289.2544243589428,344.71999940354004,300.0,-41.999999999997016,0.0,0.0,0.0,0.0,0.0,0.0,0.0
129.0,0.0,0.0,0.0,0.0,7.85388194853665,1.0,30.0,0.023809523809523725,37.1945712666336,-283.1941759724269,349.7156826556369,300.0,-41.999999999997016,0.0,0.0,0.0,0.0,0.0,0.0,0.0
128.0,0.0,0.0,0.0,0.0,7.85388194853651,1.0,30.0,0.023809523809523947,37.2183807904431,-277.0476638965463,354.6048391230249,300.0,-41.999999999997016,0.0,0.0,0.0,0.0,0.0,0.0,0.0
127.0,0.0,0.0,0.0,0.0,7.8538819485364435,1.0,30.0,0.023809523809523725,37.2421903142526,-270.81676041842184,359.3859795212817,300.0,-41.999999999997016,0.0,0.0,0.0,0.0,0.0,0.0,0.0
126.0,0.0,0.0,0.0,0.0,7.853881948536653,1.0,30.0,0.023809523809523947,37.2659998380621,-264.50336353161293,364.0576474687263,300.0,-41.999999999997016,0.0,0.0,0.0,0.0,0.0,0.0,0.0
125.0,0.0,0.0,0.0,0.0,7.853881948536684,1.0,30.0,0.023809523809523725,37.2898093618717,-258.10939635797064,368.61841993004634,300.0,-41.999999999997016,0.0,0.0,0.0,0.0,0.0,0.0,0.0
124.0,0.0,0.0,0.0,0.0,7.853881948536416,1.0,30.0,0.023809523809523725,37.3136188856812,-251.63680656183607,373.0669076497687,300.0,-41.999999999997016,0.0,0.0,0.0,0.0,0.0,0.0,0.0
123.0,0.0,0.0,0.0,0.0,7.853881948536495,1.0,30.0,0.023809523809523947,37.3374284094907,-245.08756575676222,377.40175557544075,300.0,-41.999999999997016,0.0,0.0,0.0,0.0,0.0,0.0,0.0
122.0,0.0,0.0,0.0,0.0,7.853881948536596,1.0,30.0,0.023809523809523725,37.3612379333002,-238.4636689049422,381.62164327039164,300.0,-41.999999999997016,0.0,0.0,0.0,0.0,0.0,0.0,0.0
121.0,0.0,0.0,0.0,0.0,7.853881948536435,1.0,30.0,0.023809523809523947,37.3850474571098,-231.7671337095245,385.7252853159505,300.0,-41.999999999997016,0.0,0.0,0.0,0.0,0.0,0.0,0.0
120.0,0.0,0.0,0.0,0.0,7.853881948536681,1.0,30.0,0.023809523809523725,37.4088569809193,-224.99999999999994,389.71143170299734,300.0,-41.999999999997016,0.0,0.0,0.0,0.0,0.0,0.0,0.0
119.0,0.0,0.0,0.0,0.0,7.853881948536472,1.0,30.0,0.023809523809523725,37.4326665047288,-218.1643291108517,393.5788682127281,300.0,-41.999999999997016,0.0,0.0,0.0,0.0,0.0,0.0,0.0
118.0,0.0,0.0,0.0,0.0,7.853881948536667,1.0,30.0,0.023809523809523947,37.4564760285383,-211.2622032536508,397.3264167865172,300.0,-41.999999999997016,0.0,0.0,0.0,0.0,0.0,0.0,0.0
117.0,0.0,0.0,0.0,0.0,7.853881948536438,1.0,30.0,0.023809523809523725,37.4802855523479,-204.2957248827961,400.95293588476557,300.0,-41.999999999997016,0.0,0.0,0.0,0.0,0.0,0.0,0.0
116.0,0.0,0.0,0.0,0.0,7.853881948536456,1.0,30.0,0.023809523809523725,37.5040950761574,-197.26701605508492,404.4573208346251,300.0,-41.999999999997016,0.0,0.0,0.0,0.0,0.0,0.0,0.0
115.0,0.0,0.0,0.0,0.0,7.8538819485366504,1.0,30.0,0.023809523809523947,37.5279045999669,-190.17821778331475,407.8385041664925,300.0,-41.999999999997016,0.0,0.0,0.0,0.0,0.0,0.0,0.0
114.0,0.0,0.0,0.0,0.0,7.853881948536526,1.0,30.0,0.023809523809523725,37.5517141237764,-183.0314893841101,411.0954559391704,300.0,-41.999999999997016,0.0,0.0,0.0,0.0,0.0,0.0,0.0
113.0,0.0,0.0,0.0,0.0,7.8538819485366,1.0,30.0,0.023809523809523947,37.575523647586,-175.82900782017316,414.2271840535982,300.0,-41.999999999997016,0.0,0.0,0.0,0.0,0.0,0.0,0.0
112.0,0.0,0.0,0.0,0.0,7.853881948536433,1.0,30.0,0.023809523809523725,37.5993331713955,-168.57296703716048,417.2327345550543,300.0,-41.999999999997016,0.0,0.0,0.0,0.0,0.0,0.0,0.0
111.0,0.0,0.0,0.0,0.0,7.8538819485365385,1.0,30.0,0.023809523809523725,37.623142695205,-161.26557729538519,420.11119192374076,300.0,-41.999999999997016,0.0,0.0,0.0,0.0,0.0,0.0,0.0
110.0,0.0,0.0,0.0,0.0,7.853881948536587,1.0,30.0,0.023809523809523947,37.6469522190145,-153.90906449655097,422.8616793536588,300.0,-41.999999999997016,0.0,0.0,0.0,0.0,0.0,0.0,0.0
109.0,0.0,0.0,0.0,0.0,7.853881948536611,1.0,30.0,0.023809523809523725,37.6707617428241,-146.50566950572045,425.48335901969256,300.0,-41.999999999997016,0.0,0.0,0.0,0.0,0.0,0.0,0.0
108.0,0.0,0.0,0.0,0.0,7.853881948536474,1.0,30.0,0.023809523809523725,37.6945712666336,-139.05764746872637,427.97543233281914,300.0,-41.999999999997016,0.0,0.0,0.0,0.0,0.0,0.0,0.0
107.0,0.0,0.0,0.0,0.0,7.853881948536546,1.0,30.0,0.023809523809523947,37.7183807904431,-131.56726712523155,430.337140183366,300.0,-41.999999999997016,0.0,0.0,0.0,0.0,0.0,0.0,0.0
106.0,0.0,0.0,0.0,0.0,7.853881948536581,1.0,30.0,0.023809523809523725,37.7421903142526,-124.03681011764962,432.56776317224353,300.0,-41.999999999997016,0.0,0.0,0.0,0.0,0.0,0.0,0.0
105.0,0.0,0.0,0.0,0.0,7.853881948536433,1.0,30.0,0.023809523809523947,37.7659998380622,-116.46857029613444,434.66662183008077,300.0,-41.999999999997016,0.0,0.0,0.0,0.0,0.0,0.0,0.0
104.0,0.0,0.0,0.0,0.0,7.853881948536543,1.0,30.0,0.023809523809523725,37.7898093618717,-108.86485301985056,436.6330768241984,300.0,-41.999999999997016,0.0,0.0,0.0,0.0,0.0,0.0,0.0
103.0,0.0,0.0,0.0,0.0,7.853881948536664,1.0,30.0,0.023809523809523725,37.8136188856812,-101.22797445473921,438.46652915335585,300.0,-41.999999999997016,0.0,0.0,0.0,0.0,0.0,0.0,0.0
102.0,0.0,0.0,0.0,0.0,7.8538819485365465,1.0,30.0,0.023809523809523947,37.8374284094907,-93.56026086799166,440.16642033021253,300.0,-41.999999999997016,0.0,0.0,0.0,0.0,0.0,0.0,0.0
101.0,0.0,0.0,0.0,0.0,7.853881948536436,1.0,30.0,0.023809523809523725,37.8612379333003,-85.86404791944523,441.73223255144876,300.0,-41.999999999997016,0.0,0.0,0.0,0.0,0.0,0.0,0.0
100.0,0.0,0.0,0.0,0.0,7.853881948536571,1.0,30.0,0.023809523809523947,37.8850474571098,-78.14167995011869,443.1634888554936,300.0,-41.999999999997016,0.0,0.0,0.0,0.0,0.0,0.0,0.0
99.0,0.0,0.0,0.0,0.0,7.853881948536442,1.0,30.0,0.023809523809523725,37.9088569809193,-70.39550926810402,444.45975326781195,300.0,-41.999999999997016,0.0,0.0,0.0,0.0,0.0,0.0,0.0
98.0,0.0,0.0,0.0,0.0,7.853881948536664,1.0,30.0,0.023809523809523725,37.9326665047289,-62.62789543202946,445.62063093370665,300.0,-41.999999999997016,0.0,0.0,0.0,0.0,0.0,0.0,0.0
97.0,0.0,0.0,0.0,0.0,7.853881948536554,1.0,30.0,0.023809523809523947,37.9564760285384,-54.84120453231637,446.64576823859494,300.0,-41.999999999997016,0.0,0.0,0.0,0.0,0.0,0.0,0.0
96.0,0.0,0.0,0.0,0.0,7.853881948536544,1.0,30.0,0.023809523809523947,37.9802855523479,-47.03780847044406,447.53485291572304,300.0,-41.999999999997016,0.0,0.0,0.0,0.0,0.0,0.0,0.0
95.0,0.0,0.0,0.0,0.0,7.8538819485364595,1.0,30.0,0.023809523809523725,38.0040950761574,-39.22008423644626,448.28761414128553,300.0,-41.999999999997016,0.0,0.0,0.0,0.0,0.0,0.0,0.0
94.0,0.0,0.0,0.0,0.0,7.853881948536545,1.0,30.0,0.023809523809523725,38.027904599967,-31.39041318485646,448.9038226169209,300.0,-41.999999999997016,0.0,0.0,0.0,0.0,0.0,0.0,0.0
93.0,0.0,0.0,0.0,0.0,7.853881948536654,1.0,30.0,0.023809523809523725,38.0517141237765,-23.55118030932469,449.38329063955825,300.0,-41.999999999997016,0.0,0.0,0.0,0.0,0.0,0.0,0.0
92.0,0.0,0.0,0.0,0.0,7.853881948536555,1.0,30.0,0.023809523809523725,38.075523647586,-15.704773516125389,449.7258721585931,300.0,-41.999999999997016,0.0,0.0,0.0,0.0,0.0,0.0,0.0
91.0,0.0,0.0,0.0,0.0,7.853881948536449,1.0,30.0,0.023809523809523725,38.0993331713955,-7.853582896777624,449.93146282037605,300.0,-41.999999999997016,0.0,0.0,0.0,0.0,0.0,0.0,0.0
90.0,0.0,0.0,0.0,0.0,7.853881948536554,1.0,30.0,0.02380952380952417,38.1231426952051,-3.1228493378257513e-14,450.0,300.0,-41.999999999997016,0.0,0.0,0.0,0.0,0.0,0.0,0.0
89.0,0.0,0.0,0.0,0.0,7.853881948536452,1.0,30.0,0.023809523809523725,38.1469522190146,7.853582896777461,449.93146282037605,300.0,-41.999999999997016,0.0,0.0,0.0,0.0,0.0,0.0,0.0
88.0,0.0,0.0,0.0,0.0,7.853881948536651,1.0,30.0,0.023809523809523725,38.1707617428241,15.704773516125428,449.7258721585931,300.0,-41.999999999997016,0.0,0.0,0.0,0.0,0.0,0.0,0.0
87.0,0.0,0.0,0.0,0.0,7.853881948536552,1.0,30.0,0.023809523809523725,38.1945712666336,23.551180309324725,449.38329063955825,300.0,-41.999999999997016,0.0,0.0,0.0,0.0,0.0,0.0,0.0
86.0,0.0,0.0,0.0,0.0,7.8538819485365545,1.0,30.0,0.023809523809523725,38.2183807904432,31.390413184856396,448.9038226169209,300.0,-41.999999999997016,0.0,0.0,0.0,0.0,0.0,0.0,0.0
85.0,0.0,0.0,0.0,0.0,7.853881948536453,1.0,30.0,0.02380952380952417,38.2421903142527,39.220084236446105,448.28761414128553,300.0,-41.999999999997016,0.0,0.0,0.0,0.0,0.0,0.0,0.0
84.0,0.0,0.0,0.0,0.0,7.853881948536557,1.0,30.0,0.023809523809523725,38.2659998380622,47.037808470444,447.534852915723,300.0,-41.999999999997016,0.0,0.0,0.0,0.0,0.0,0.0,0.0
83.0,0.0,0.0,0.0,0.0,7.853881948536551,1.0,30.0,0.023809523809523725,38.2898093618717,54.84120453231631,446.6457682385949,300.0,-41.999999999997016,0.0,0.0,0.0,0.0,0.0,0.0,0.0
82.0,0.0,0.0,0.0,0.0,7.853881948536652,1.0,30.0,0.023809523809523725,38.3136188856813,62.627895432029504,445.6206309337066,300.0,-41.999999999997016,0.0,0.0,0.0,0.0,0.0,0.0,0.0
81.0,0.0,0.0,0.0,0.0,7.853881948536451,1.0,30.0,0.023809523809523725,38.3374284094908,70.39550926810386,444.459753267812,300.0,-41.999999999997016,0.0,0.0,0.0,0.0,0.0,0.0,0.0
80.0,0.0,0.0,0.0,0.0,7.853881948536549,1.0,30.0,0.02380952380952417,38.3612379333003,78.14167995011863,443.1634888554936,300.0,-41.999999999997016,0.0,0.0,0.0,0.0,0.0,0.0,0.0
79.0,0.0,0.0,0.0,0.0,7.853881948536557,1.0,30.0,0.023809523809523725,38.3850474571098,85.86404791944516,441.73223255144876,300.0,-41.999999999997016,0.0,0.0,0.0,0.0,0.0,0.0,0.0
78.0,0.0,0.0,0.0,0.0,7.853881948536548,1.0,30.0,0.023809523809523725,38.4088569809194,93.5602608679917,440.16642033021253,300.0,-41.999999999997016,0.0,0.0,0.0,0.0,0.0,0.0,0.0
77.0,0.0,0.0,0.0,0.0,7.853881948536449,1.0,30.0,0.023809523809523725,38.4326665047289,101.22797445473915,438.46652915335585,300.0,-41.999999999997016,0.0,0.0,0.0,0.0,0.0,0.0,0.0
76.0,0.0,0.0,0.0,0.0,7.853881948536664,1.0,30.0,0.023809523809523725,38.4564760285384,108.8648530198505,436.6330768241984,300.0,-41.999999999997016,0.0,0.0,0.0,0.0,0.0,0.0,0.0
75.0,0.0,0.0,0.0,0.0,7.853881948536447,1.0,30.0,0.02380952380952417,38.4802855523479,116.46857029613429,434.66662183008077,300.0,-41.999999999997016,0.0,0.0,0.0,0.0,0.0,0.0,0.0
74.0,0.0,0.0,0.0,0.0,7.853881948536529,1.0,30.0,0.023809523809523725,38.5040950761575,124.03681011764957,432.56776317224353,300.0,-41.999999999997016,0.0,0.0,0.0,0.0,0.0,0.0,0.0
73.0,0.0,0.0,0.0,0.0,7.8538819485365705,1.0,30.0,0.023809523809523725,38.527904599967,131.56726712523147,430.33714018336593,300.0,-41.999999999997016,0.0,0.0,0.0,0.0,0.0,0.0,0.0
72.0,0.0,0.0,0.0,0.0,7.853881948536546,1.0,30.0,0.023809523809523725,38.5517141237765,139.0576474687263,427.9754323328191,300.0,-41.999999999997016,0.0,0.0,0.0,0.0,0.0,0.0,0.0
71.0,0.0,0.0,0.0,0.0,7.85388194853659,1.0,30.0,0.023809523809523725,38.575523647586,146.5056695057205,425.48335901969256,300.0,-41.999999999997016,0.0,0.0,0.0,0.0,0.0,0.0,0.0
70.0,0.0,0.0,0.0,0.0,7.853881948536542,1.0,30.0,0.023809523809523725,38.5993331713956,153.9090644965509,422.8616793536587,300.0,-41.999999999997016,0.0,0.0,0.0,0.0,0.0,0.0,0.0
69.0,0.0,0.0,0.0,0.0,7.853881948536547,1.0,30.0,0.02380952380952417,38.6231426952051,161.26557729538513,420.11119192374076,300.0,-41.999999999997016,0.0,0.0,0.0,0.0,0.0,0.0,0.0
68.0,0.0,0.0,0.0,0.0,7.853881948536433,1.0,30.0,0.023809523809523725,38.6469522190146,168.5729670371603,417.2327345550543,300.0,-41.999999999997016,0.0,0.0,0.0,0.0,0.0,0.0,0.0
67.0,0.0,0.0,0.0,0.0,7.853881948536687,1.0,30.0,0.023809523809523725,38.6707617428241,175.82900782017322,414.2271840535981,300.0,-41.999999999997016,0.0,0.0,0.0,0.0,0.0,0.0,0.0
66.0,0.0,0.0,0.0,0.0,7.85388194853645,1.0,30.0,0.023809523809523725,38.6945712666337,183.03148938411005,411.0954559391704,300.0,-41.999999999997016,0.0,0.0,0.0,0.0,0.0,0.0,0.0
65.0,0.0,0.0,0.0,0.0,7.853881948536526,1.0,30.0,0.023809523809523725,38.7183807904432,190.1782177833147,407.8385041664925,300.0,-41.999999999997016,0.0,0.0,0.0,0.0,0.0,0.0,0.0
64.0,0.0,0.0,0.0,0.0,7.85388194853655,1.0,30.0,0.02380952380952417,38.7421903142527,197.2670160550848,404.4573208346252,300.0,-41.999999999997016,0.0,0.0,0.0,0.0,0.0,0.0,0.0
63.0,0.0,0.0,0.0,0.0,7.853881948536583,1.0,30.0,0.023809523809523725,38.7659998380622,204.295724882796,400.95293588476545,300.0,-41.999999999997016,0.0,0.0,0.0,0.0,0.0,0.0,0.0
62.0,0.0,0.0,0.0,0.0,7.853881948536539,1.0,30.0,0.023809523809523725,38.7898093618718,211.26220325365082,397.3264167865171,300.0,-41.999999999997016,0.0,0.0,0.0,0.0,0.0,0.0,0.0
61.0,0.0,0.0,0.0,0.0,7.853881948536511,1.0,30.0,0.023809523809523725,38.8136188856813,218.16432911085164,393.57886821272814,300.0,-41.999999999997016,0.0,0.0,0.0,0.0,0.0,0.0,0.0
60.0,0.0,0.0,0.0,0.0,7.853881948536543,1.0,30.0,0.023809523809523725,38.8374284094908,225.0,389.71143170299746,300.0,-41.999999999997016,0.0,0.0,0.0,0.0,0.0,0.0,0.0
59.0,0.0,0.0,0.0,0.0,7.853881948536562,1.0,30.0,0.02380952380952417,38.8612379333003,231.7671337095244,385.72528531595054,300.0,-41.999999999997016,0.0,0.0,0.0,0.0,0.0,0.0,0.0
58.0,0.0,0.0,0.0,0.0,7.853881948536453,1.0,30.0,0.023809523809523725,38.8850474571099,238.46366890494215,381.62164327039176,300.0,-41.999999999997016,0.0,0.0,0.0,0.0,0.0,0.0,0.0
57.0,0.0,0.0,0.0,0.0,7.853881948536596,1.0,30.0,0.023809523809523725,38.9088569809194,245.08756575676216,377.40175557544086,300.0,-41.999999999997016,0.0,0.0,0.0,0.0,0.0,0.0,0.0
56.0,0.0,0.0,0.0,0.0,7.853881948536495,1.0,30.0,0.023809523809523725,38.9326665047289,251.636806561836,373.06690764976884,300.0,-41.999999999997016,0.0,0.0,0.0,0.0,0.0,0.0,0.0
55.0,0.0,0.0,0.0,0.0,7.853881948536528,1.0,30.0,0.023809523809523725,38.9564760285384,258.10939635797064,368.61841993004634,300.0,-41.999999999997016,0.0,0.0,0.0,0.0,0.0,0.0,0.0
54.0,0.0,0.0,0.0,0.0,7.853881948536572,1.0,30.0,0.02380952380952417,38.980285552348,264.5033635316129,364.05764746872643,300.0,-41.999999999997016,0.0,0.0,0.0,0.0,0.0,0.0,0.0
53.0,0.0,0.0,0.0,0.0,7.853881948536573,1.0,30.0,0.023809523809523725,39.0040950761575,270.8167604184217,359.38597952128185,300.0,-41.999999999997016,0.0,0.0,0.0,0.0,0.0,0.0,0.0
52.0,0.0,0.0,0.0,0.0,7.853881948536478,1.0,30.0,0.023809523809523725,39.027904599967,277.04766389654617,354.604839123025,300.0,-41.999999999997016,0.0,0.0,0.0,0.0,0.0,0.0,0.0
51.0,0.0,0.0,0.0,0.0,7.853881948536626,1.0,30.0,0.02380952380952328,39.0517141237765,283.1941759724268,349.7156826556369,300.0,-42.00000000000328,0.0,0.0,0.0,-2.632134510349921e-10,0.0,0.0,0.0
50.0,0.0,0.0,0.0,0.0,7.853881948536533,1.0,30.0,0.02380952380952417,39.0755236475861,289.2544243589427,344.71999940354016,300.0,-41.999999999997016,0.0,0.0,0.0,2.632134510349528e-10,0.0,0.0,0.0
49.0,0.0,0.0,0.0,0.0,7.8538819485365305,1.0,30.0,0.023809523809523725,39.0993331713956,295.22656304572826,339.61931110024744,300.0,-42.00000000000328,0.0,0.0,0.0,-2.632134510349921e-10,0.0,0.0,0.0
48.0,0.0,0.0,0.0,0.0,7.8538819485365385,1.0,30.0,0.023809523809523725,39.1231426952051,301.10877286148616,334.41517146482744,300.0,-41.999999999997016,0.0,0.0,0.0,2.632134510349528e-10,0.0,0.0,0.0
47.0,0.0,0.0,0.0,0.0,7.85388194853649,1.0,30.0,0.023809523809523725,39.1469522190146,306.89926202812427,329.1091657286268,300.0,-41.999999999997016,0.0,0.0,0.0,0.0,0.0,0.0,0.0
46.0,0.0,0.0,0.0,0.0,7.853881948536618,1.0,30.0,0.023809523809523725,39.1707617428242,312.59626670654876,323.70291015239303,300.0,-41.999999999997016,0.0,0.0,0.0,0.0,0.0,0.0,0.0
45.0,0.0,0.0,0.0,0.0,7.853881948536487,1.0,30.0,0.023809523809523725,39.1945712666337,318.19805153394634,318.19805153394645,300.0,-41.999999999997016,0.0,0.0,0.0,0.0,0.0,0.0,0.0
44.0,0.0,0.0,0.0,0.0,7.853881948536607,1.0,30.0,0.02380952380952417,39.2183807904432,323.70291015239303,312.5962667065488,300.0,-41.999999999997016,0.0,0.0,0.0,0.0,0.0,0.0,0.0
43.0,0.0,0.0,0.0,0.0,7.853881948536498,1.0,30.0,0.023809523809523725,39.2421903142527,329.1091657286267,306.8992620281244,300.0,-41.999999999997016,0.0,0.0,0.0,0.0,0.0,0.0,0.0
42.0,0.0,0.0,0.0,0.0,7.85388194853649,1.0,30.0,0.023809523809523725,39.2659998380623,334.4151714648273,301.1087728614863,300.0,-41.999999999997016,0.0,0.0,0.0,0.0,0.0,0.0,0.0
41.0,0.0,0.0,0.0,0.0,7.853881948536624,1.0,30.0,0.023809523809523725,39.2898093618718,339.61931110024733,295.22656304572826,300.0,-41.999999999997016,0.0,0.0,0.0,0.0,0.0,0.0,0.0
40.0,0.0,0.0,0.0,0.0,7.8538819485365305,1.0,30.0,0.023809523809523725,39.3136188856813,344.71999940354004,289.2544243589427,300.0,-41.999999999997016,0.0,0.0,0.0,0.0,0.0,0.0,0.0
39.0,0.0,0.0,0.0,0.0,7.853881948536526,1.0,30.0,0.02380952380952417,39.3374284094908,349.71568265563684,283.1941759724269,300.0,-41.999999999997016,0.0,0.0,0.0,0.0,0.0,0.0,0.0
38.0,0.0,0.0,0.0,0.0,7.85388194853659,1.0,30.0,0.023809523809523725,39.3612379333004,354.6048391230249,277.0476638965462,300.0,-41.999999999997016,0.0,0.0,0.0,0.0,0.0,0.0,0.0
37.0,0.0,0.0,0.0,0.0,7.853881948536478,1.0,30.0,0.023809523809523725,39.3850474571099,359.38597952128174,270.8167604184218,300.0,-41.999999999997016,0.0,0.0,0.0,0.0,0.0,0.0,0.0
36.0,0.0,0.0,0.0,0.0,7.853881948536528,1.0,30.0,0.023809523809523725,39.4088569809194,364.0576474687263,264.503363531613,300.0,-41.999999999997016,0.0,0.0,0.0,0.0,0.0,0.0,0.0
35.0,0.0,0.0,0.0,0.0,7.853881948536572,1.0,30.0,0.023809523809523725,39.4326665047289,368.61841993004623,258.10939635797075,300.0,-41.999999999997016,0.0,0.0,0.0,0.0,0.0,0.0,0.0
34.0,0.0,0.0,0.0,0.0,7.853881948536481,1.0,30.0,0.02380952380952417,39.4564760285385,373.0669076497687,251.63680656183618,300.0,-41.999999999997016,0.0,0.0,0.0,0.0,0.0,0.0,0.0
33.0,0.0,0.0,0.0,0.0,7.85388194853659,1.0,30.0,0.023809523809523725,39.480285552348,377.40175557544075,245.08756575676222,300.0,-41.999999999997016,0.0,0.0,0.0,0.0,0.0,0.0,0.0
32.0,0.0,0.0,0.0,0.0,7.853881948536548,1.0,30.0,0.023809523809523725,39.5040950761575,381.62164327039164,238.46366890494227,300.0,-41.999999999997016,0.0,0.0,0.0,0.0,0.0,0.0,0.0
31.0,0.0,0.0,0.0,0.0,7.853881948536531,1.0,30.0,0.023809523809523725,39.5279045999671,385.7252853159505,231.76713370952444,300.0,-41.999999999997016,0.0,0.0,0.0,0.0,0.0,0.0,0.0
30.0,0.0,0.0,0.0,0.0,7.853881948536557,1.0,30.0,0.023809523809523725,39.5517141237766,389.71143170299734,225.00000000000003,300.0,-41.999999999997016,0.0,0.0,0.0,0.0,0.0,0.0,0.0
29.0,0.0,0.0,0.0,0.0,7.853881948536493,1.0,30.0,0.02380952380952417,39.5755236475861,393.578868212728,218.16432911085172,300.0,-41.999999999997016,0.0,0.0,0.0,0.0,0.0,0.0,0.0
28.0,0.0,0.0,0.0,0.0,7.853881948536593,1.0,30.0,0.023809523809523725,39.5993331713956,397.32641678651714,211.2622032536509,300.0,-41.999999999997016,0.0,0.0,0.0,0.0,0.0,0.0,0.0
27.0,0.0,0.0,0.0,0.0,7.853881948536565,1.0,30.0,0.023809523809523725,39.6231426952052,400.95293588476557,204.2957248827961,300.0,-41.999999999997016,0.0,0.0,0.0,0.0,0.0,0.0,0.0
26.0,0.0,0.0,0.0,0.0,7.853881948536558,1.0,30.0,0.023809523809523725,39.6469522190147,404.4573208346252,197.26701605508487,300.0,-41.999999999997016,0.0,0.0,0.0,0.0,0.0,0.0,0.0
25.0,0.0,0.0,0.0,0.0,7.8538819485364995,1.0,30.0,0.023809523809523725,39.6707617428242,407.8385041664925,190.1782177833148,300.0,-41.999999999997016,0.0,0.0,0.0,0.0,0.0,0.0,0.0
24.0,0.0,0.0,0.0,0.0,7.853881948536578,1.0,30.0,0.023809523809523725,39.6945712666337,411.0954559391704,183.0314893841101,300.0,-41.999999999997016,0.0,0.0,0.0,0.0,0.0,0.0,0.0
23.0,0.0,0.0,0.0,0.0,7.853881948536547,1.0,30.0,0.02380952380952417,39.7183807904433,414.2271840535982,175.82900782017322,300.0,-41.999999999997016,0.0,0.0,0.0,0.0,0.0,0.0,0.0
22.0,0.0,0.0,0.0,0.0,7.853881948536485,1.0,30.0,0.023809523809523725,39.7421903142528,417.2327345550543,168.57296703716048,300.0,-41.999999999997016,0.0,0.0,0.0,0.0,0.0,0.0,0.0
21.0,0.0,0.0,0.0,0.0,7.8538819485365385,1.0,30.0,0.023809523809523725,39.7659998380623,420.11119192374076,161.26557729538519,300.0,-41.999999999997016,0.0,0.0,0.0,0.0,0.0,0.0,0.0
20.0,0.0,0.0,0.0,0.0,7.853881948536587,1.0,30.0,0.023809523809523725,39.7898093618718,422.8616793536588,153.90906449655097,300.0,-41.999999999997016,0.0,0.0,0.0,0.0,0.0,0.0,0.0
19.0,0.0,0.0,0.0,0.0,7.853881948536504,1.0,30.0,0.023809523809523725,39.8136188856814,425.48335901969256,146.50566950572056,300.0,-41.999999999997016,0.0,0.0,0.0,0.0,0.0,0.0,0.0
18.0,0.0,0.0,0.0,0.0,7.853881948536563,1.0,30.0,0.02380952380952417,39.8374284094909,427.9754323328191,139.05764746872637,300.0,-41.999999999997016,0.0,0.0,0.0,0.0,0.0,0.0,0.0
17.0,0.0,0.0,0.0,0.0,7.853881948536518,1.0,30.0,0.023809523809523725,39.8612379333004,430.33714018336593,131.56726712523158,300.0,-41.999999999997016,0.0,0.0,0.0,0.0,0.0,0.0,0.0
16.0,0.0,0.0,0.0,0.0,7.8538819485365705,1.0,30.0,0.023809523809523725,39.8850474571099,432.56776317224353,124.03681011764968,300.0,-41.999999999997016,0.0,0.0,0.0,0.0,0.0,0.0,0.0
15.0,0.0,0.0,0.0,0.0,7.853881948536529,1.0,30.0,0.023809523809523725,39.9088569809195,434.66662183008077,116.4685702961344,300.0,-41.999999999997016,0.0,0.0,0.0,0.0,0.0,0.0,0.0
14.0,0.0,0.0,0.0,0.0,7.85388194853653,1.0,30.0,0.023809523809523725,39.932666504729,436.6330768241984,108.86485301985053,300.0,-41.999999999997016,0.0,0.0,0.0,0.0,0.0,0.0,0.0
13.0,0.0,0.0,0.0,0.0,7.853881948536554,1.0,30.0,0.02380952380952417,39.9564760285385,438.46652915335585,101.2279744547393,300.0,-41.999999999997016,0.0,0.0,0.0,0.0,0.0,0.0,0.0
12.0,0.0,0.0,0.0,0.0,7.8538819485365465,1.0,30.0,0.023809523809523725,39.980285552348,440.16642033021253,93.56026086799174,300.0,-41.999999999997016,0.0,0.0,0.0,0.0,0.0,0.0,0.0
11.0,0.0,0.0,0.0,0.0,7.853881948536521,1.0,30.0,0.023809523809523725,40.0040950761576,441.73223255144876,85.86404791944523,300.0,-41.999999999997016,0.0,0.0,0.0,0.0,0.0,0.0,0.0
10.0,0.0,0.0,0.0,0.0,7.853881948536544,1.0,30.0,0.023809523809524613,40.0279045999671,443.1634888554936,78.14167995011871,300.0,-41.999999999997016,0.0,0.0,0.0,0.0,0.0,0.0,0.0
9.0,0.0,0.0,0.0,0.0,7.853881948536549,1.0,30.0,0.023809523809523725,40.0517141237766,444.459753267812,70.39550926810395,300.0,-41.999999999997016,0.0,0.0,0.0,0.0,0.0,0.0,0.0
8.0,0.0,0.0,0.0,0.0,7.853881948536544,1.0,30.0,0.023809523809523725,40.0755236475861,445.62063093370665,62.627895432029504,300.0,-41.999999999997016,0.0,0.0,0.0,0.0,0.0,0.0,0.0
7.0,0.0,0.0,0.0,0.0,7.853881948536532,1.0,30.0,0.023809523809523725,40.0993331713957,446.6457682385949,54.841204532316425,300.0,-41.999999999997016,0.0,0.0,0.0,0.0,0.0,0.0,0.0
6.0,0.0,0.0,0.0,0.0,7.853881948536551,1.0,30.0,0.023809523809523725,40.1231426952052,447.534852915723,47.03780847044411,300.0,-41.999999999997016,0.0,0.0,0.0,0.0,0.0,0.0,0.0
5.0,0.0,0.0,0.0,0.0,7.853881948536542,1.0,30.0,0.023809523809523725,40.1469522190147,448.28761414128553,39.22008423644623,300.0,-41.999999999997016,0.0,0.0,0.0,0.0,0.0,0.0,0.0
4.0,0.0,0.0,0.0,0.0,7.8538819485365305,1.0,30.0,0.023809523809523725,40.1707617428242,448.9038226169209,31.390413184856445,300.0,-41.999999999997016,0.0,0.0,0.0,0.0,0.0,0.0,0.0
3.0,0.0,0.0,0.0,0.0,7.853881948536547,1.0,30.0,0.023809523809523725,40.1945712666338,449.38329063955825,23.55118030932478,300.0,-41.999999999997016,0.0,0.0,0.0,0.0,0.0,0.0,0.0
2.0,0.0,0.0,0.0,0.0,7.853881948536543,1.0,30.0,0.023809523809523725,40.2183807904433,449.7258721585931,15.704773516125494,300.0,-41.999999999997016,0.0,0.0,0.0,0.0,0.0,0.0,0.0
1.0,0.0,0.0,0.0,0.0,7.853881948536539,1.0,30.0,0.023809523809523725,40.2421903142528,449.93146282037605,7.853582896777638,300.0,-41.999999999997016,0.0,0.0,0.0,0.0,0.0,0.0,0.0
0.0,0.0,0.0,0.0,0.0,7.85388194853654,1.0,30.0,0.04534797962364223,40.2875382938765,450.0,5.878304635907296e-14,300.0,-22.051699067948082,0.0,0.0,0.0,439.89392907041133,0.0,0.0,0.0
0.0,0.0,0.0,0.0,0.0,7.85388194853654,1.0,30.0,0.01,40.2975382938765,450.0,5.878304635907296e-14,300.0,0.0,0.0,0.0,0.0,0.0,0.0,0.0,0.0
0.0,0.0,0.0,0.0,0.0,7.85388194853654,1.0,30.0,1.15,41.4475382938765,450.0,5.878304635907296e-14,300.0,0.0,0.0,0.0,0.0,0.0,0.0,0.0,0.0
