J1_Position,J2_Position,J3_Position,J4_Position,Error,MM_Step,Deg_step,Move_ID,Time,Time_Total,X,Y,Z,J1_Velocity,J2_Velocity,J3_Velocity,J4_Velocity,J1_Acceleration,J2_Acceleration,J3_Acceleration,J4_Acceleration
0.0,0.0,0.0,0.0,0.0,0.0,0.0,1.0,0.0,0.0,450.0,5.878304635907296e-14,300.0,0.0,0.0,0.0,0.0,0.0,0.0,0.0,0.0
1.0,-0.5,-0.9444444444444444,-0.5,0.0,5.7503446972166685,1.0,2.0,0.0,0.0,449.9600197973211,5.672115162050245,299.05555555555554,0.0,0.0,0.0,0.0,0.0,0.0,0.0,0.0
2.0,-1.0,-1.8888888888888888,-1.0,0.0,5.750243844956191,1.0,2.0,0.059262706189052744,0.059262706189052744,449.84008919291693,11.34300094982113,298.1111111111111,16.87401848997446,-8.43700924498723,-15.936573018309215,-8.43700924498723,284.7325,-142.36625,-268.9140277777778,-142.36625
3.0,-1.5,-2.833333333333333,-1.5,0.0,5.750042142809201,1.0,2.0,0.013318989280776197,0.07258169546982894,449.64023819480406,17.011428325557112,297.16666666666663,75.080772190675,-37.5403860953375,-70.90961818008194,-37.5403860953375,4370.208014561027,-2185.1040072805135,-4127.418680418747,-2185.1040072805135
4.0,-2.0,-3.7777777777777777,-2.0,0.0,5.749739595523654,1.0,2.0,0.011228427365661417,0.08381012283549036,449.36051680673876,22.676168924450362,296.22222222222223,89.05966681123866,-44.52983340561933,-84.11190754394764,-44.52983340561933,1244.955697296815,-622.4778486484075,-1175.7914918914394,-622.4778486484075
5.0,-2.5,-4.722222222222222,-2.5,0.0,5.749336210221629,1.0,2.0,0.00989244309589156,0.09370256593138192,449.00099501381357,28.335995390865694,295.27777777777777,101.08726330862707,-50.543631654313536,-95.47130423592559,-50.543631654313536,1215.8368141014234,-607.9184070507117,-1148.2903244291222,-607.9184070507117
6.0,-3.0,-5.666666666666667,-3.0,0.0,5.748831996399345,1.0,2.0,0.008943452182083991,0.10264601811346591,448.56176276229814,33.98968171426671,294.33333333333337,111.8136464130992,-55.9068232065496,-105.60177716792705,-55.9068232065496,1199.3560077348886,-599.6780038674443,-1132.7251184162844,-599.6780038674443
7.0,-3.5,-6.611111111111112,-3.5,0.0,5.748226965927454,1.0,2.0,0.008224353072775581,0.11087037118624149,448.0429299337311,39.63600356474377,293.3888888888889,121.59011063255785,-60.795055316278926,-114.83510448630466,-60.795055316278926,1188.7213660392201,-594.3606830196101,-1122.6812901481517,-594.3606830196101
8.0,-4.0,-7.555555555555556,-4.0,0.0,5.747521133051088,1.0,2.0,0.007655041191863998,0.11852541237810549,447.4446263132701,45.27373862804446,292.44444444444446,130.63286988747092,-65.31643494373546,-123.3754882270559,-65.31643494373546,1181.281593170782,-590.640796585391,-1115.6548379946287,-590.640796585391
9.0,-4.5,-8.5,-4.5,0.0,5.746714514390245,1.0,2.0,0.0071897718751300355,0.12571518425323552,446.7670015523096,50.901666940007466,291.5,139.08647136066662,-69.54323568033331,-131.35944517396283,-69.54323568033331,1175.7815991961234,-587.8907995980617,-1110.4603992407658,-587.8907995980617
10.0,-5.0,-9.444444444444445,-5.0,0.0,5.745807128939965,1.0,2.0,0.006800255316083914,0.13251543956931944,446.010225125378,56.51857122030066,290.55555555555554,147.0533021951113,-73.52665109755566,-138.88367429538295,-73.52665109755566,1171.5487822349262,-585.7743911174631,-1106.4627387774499,-585.7743911174631
11.0,-5.5,-10.38888888888889,-5.5,0.0,5.744798998070717,1.0,2.0,0.006467925970139815,0.13898336553945925,445.1744862813275,62.12323720536502,289.6111111111111,154.60906705127042,-77.30453352563521,-146.01967443731098,-77.30453352563521,1168.189755269535,-584.0948776347675,-1103.290324421227,-584.0948776347675
12.0,-6.0,-11.333333333333334,-6.0,0.0,5.743690145528642,1.0,2.0,0.00618002540019863,0.14516339093965788,444.2599939888295,67.71445398046528,288.66666666666663,161.81163267838016,-80.90581633919008,-152.8220975295813,-80.90581633919008,1165.4589035958095,-582.7294517979047,-1100.7111867293754,-582.7294517979047
13.0,-6.5,-12.277777777777779,-6.5,0.0,5.742480597436201,1.0,2.0,0.005927456703490042,0.15109084764314792,443.2669768761939,73.29101431074973,287.72222222222223,168.70641997455797,-84.35320998727899,-159.3338410870826,-84.35320998727899,1163.1948812242208,-581.5974406121104,-1098.572943378435,-581.5974406121104
14.0,-7.0,-13.222222222222223,-7.0,0.0,5.741170382292295,1.0,2.0,0.005703534953774014,0.15679438259692194,442.1956831655298,78.85171497122047,286.77777777777777,175.32986263866107,-87.66493131933053,-165.58931471429105,-87.66493131933053,1161.2872924922428,-580.6436462461214,-1096.7713317982261,-580.6436462461214
15.0,-7.5,-14.166666666666668,-7.5,0.0,5.739759530972953,1.0,2.0,0.005503222395804086,0.16229760499272602,441.04638060126626,84.3953570755171,285.83333333333337,181.7117187127394,-90.8558593563697,-171.6166232286984,-90.8558593563697,1159.6580357981113,-579.8290178990557,-1095.2325893648854,-579.8290178990557
16.0,-8.0,-15.111111111111112,-8.0,0.0,5.738248076731941,1.0,2.0,0.005322640678254692,0.16762024567098072,439.8193563730564,89.92074640341625,284.8888888888889,187.87666882820702,-93.93833441410351,-177.4390761155289,-93.93833441410351,1158.2502911861238,-579.1251455930619,-1093.9030527868954,-579.1251455930619
17.0,-8.5,-16.055555555555557,-8.5,0.0,5.736636055201075,1.0,2.0,0.005158748802377988,0.1727789944733587,438.51491703308625,95.42669372695006,283.94444444444446,193.84545328879705,-96.92272664439852,-183.07626143941948,-96.92272664439852,1157.0217293462022,-578.5108646731011,-1092.7427443825231,-578.5108646731011
18.0,-9.0,-17.0,-9.0,0.0,5.73492350439086,1.0,2.0,0.005009124093799527,0.17778811856715823,437.1333884078151,100.91201513504724,283.0,199.63570102761793,-99.81785051380896,-188.5448287483055,-99.81785051380896,1155.9401664630861,-577.9700832315431,-1091.7212683261723,-577.9700832315431
19.0,-9.5,-17.944444444444443,-9.5,0.0,5.733110464691596,1.0,2.0,0.004871809375658259,0.1826599279428165,435.67511550417123,106.3755323566008,282.05555555555554,205.26254680580232,-102.63127340290116,-193.85907198325742,-102.63127340290116,1154.9806949136043,-577.4903474568022,-1090.815100751739,-577.4903474568022
20.0,-10.0,-18.888888888888886,-10.0,0.0,5.731196978873383,1.0,2.0,0.004769961347591001,0.1874298892904075,434.1404624102337,111.81607308186638,281.1111111111111,209.64530467422662,-104.82265233711331,-197.99834330343595,-104.82265233711331,918.8246086391778,-459.4123043195889,-867.7787970481147,-459.4123043195889
21.0,-10.5,-19.83333333333333,-10.5,0.0,5.7291830920874025,1.0,2.0,0.004761904761904745,0.19219179405231224,432.52981219042897,117.23247128209698,280.1666666666667,210.00000000000074,-105.00000000000037,-198.3333333333337,-105.00000000000037,74.48601841256475,-37.24300920628237,-70.34790627853138,-37.24300920628237
22.0,-11.0,-20.77777777777777,-11.0,0.0,5.727068851866401,1.0,2.0,0.004761904761904773,0.196953698814217,430.8435667752735,122.62356752731867,279.22222222222223,209.99999999999952,-104.99999999999976,-198.33333333333255,-104.99999999999976,-2.566480361565476e-10,1.283240180782738e-10,2.4471091819577794e-10,1.283240180782738e-10
23.0,-11.5,-21.722222222222214,-11.5,0.0,5.7248543081257335,1.0,2.0,0.004761904761904773,0.20171560357612178,429.08214684569555,127.9882093021541,278.27777777777777,209.99999999999952,-104.99999999999976,-198.33333333333255,-104.99999999999976,0.0,0.0,0.0,0.0
24.0,-12.0,-22.666666666666657,-12.0,0.0,5.7225395131641426,1.0,2.0,0.004761904761904745,0.20647750833802653,427.24599171197156,133.32525131959991,277.33333333333337,210.00000000000074,-105.00000000000037,-198.3333333333337,-105.00000000000037,2.566480361565491e-10,-1.2832401807827456e-10,-2.447109181957794e-10,-1.2832401807827456e-10
25.0,-12.5,-23.6111111111111,-12.5,0.0,5.720124521664549,1.0,2.0,0.004761904761904773,0.2112394130999313,425.3355591873133,138.63355583266565,276.3888888888889,209.99999999999952,-104.99999999999976,-198.33333333333255,-104.99999999999976,-2.566480361565476e-10,1.283240180782738e-10,2.4471091819577794e-10,1.283240180782738e-10
26.0,-13.0,-24.555555555555543,-13.0,0.0,5.717609390695311,1.0,2.0,0.004761904761904773,0.21600131786183607,423.35132545614226,143.9119929437818,275.44444444444446,209.99999999999952,-104.99999999999976,-198.33333333333255,-104.99999999999976,0.0,0.0,0.0,0.0
27.0,-13.5,-25.499999999999986,-13.5,0.0,5.714994179711037,1.0,2.0,0.004761904761904745,0.22076322262374082,421.2937849370927,149.15944091188575,274.5,210.00000000000074,-105.00000000000037,-198.3333333333337,-105.00000000000037,2.566480361565491e-10,-1.2832401807827456e-10,-2.447109181957794e-10,-1.2832401807827456e-10
28.0,-14.0,-26.44444444444443,-14.0,0.0,5.712278950553696,1.0,2.0,0.004761904761904773,0.2255251273856456,419.16345014078456,154.37478645709515,273.55555555555554,209.99999999999952,-104.99999999999976,-198.33333333333255,-104.99999999999976,-2.566480361565476e-10,1.283240180782738e-10,2.4471091819577794e-10,1.283240180782738e-10
29.0,-14.5,-27.38888888888887,-14.5,0.0,5.709463767453797,1.0,2.0,0.004761904761904745,0.23028703214755034,416.9608515224061,159.5569250628778,272.61111111111114,210.00000000000074,-105.00000000000037,-198.3333333333337,-105.00000000000037,2.566480361565491e-10,-1.2832401807827456e-10,-2.447109181957794e-10,-1.2832401807827456e-10
30.0,-15.0,-28.333333333333314,-15.0,0.0,5.706548697031449,1.0,2.0,0.004761904761904773,0.2350489369094551,414.6865373291548,164.70476127563023,271.6666666666667,209.99999999999952,-104.99999999999976,-198.33333333333255,-104.99999999999976,-2.566480361565476e-10,1.283240180782738e-10,2.4471091819577794e-10,1.283240180782738e-10
31.0,-15.5,-29.277777777777757,-15.5,0.0,5.703533808297816,1.0,2.0,0.004761904761904745,0.23981084167135985,412.3410734425782,169.81720900157512,270.72222222222223,210.00000000000074,-105.00000000000037,-198.3333333333337,-105.00000000000037,2.566480361565491e-10,-1.2832401807827456e-10,-2.447109181957794e-10,-1.2832401807827456e-10
32.0,-16.0,-30.2222222222222,-16.0,0.0,5.700419172655918,1.0,2.0,0.004761904761904773,0.24457274643326463,409.9250432158649,174.89319180089083,269.7777777777778,209.99999999999952,-104.99999999999976,-198.33333333333255,-104.99999999999976,-2.566480361565476e-10,1.283240180782738e-10,2.4471091819577794e-10,1.283240180782738e-10
33.0,-16.5,-31.166666666666643,-16.5,0.0,5.697204863902608,1.0,2.0,0.004761904761904773,0.2493346511951694,407.4390473061331,179.93164317898612,268.83333333333337,209.99999999999952,-104.99999999999976,-198.33333333333255,-104.99999999999976,0.0,0.0,0.0,0.0
34.0,-17.0,-32.111111111111086,-17.0,0.0,5.693890958229422,1.0,2.0,0.004761904761904745,0.25409655595707414,404.88370350176723,184.93150687483362,267.8888888888889,210.00000000000074,-105.00000000000037,-198.3333333333337,-105.00000000000037,2.566480361565491e-10,-1.2832401807827456e-10,-2.447109181957794e-10,-1.2832401807827456e-10
35.0,-17.5,-33.05555555555553,-17.5,0.0,5.690477534224125,1.0,2.0,0.004761904761904745,0.2588584607189789,402.2596465448551,189.89173714627753,266.94444444444446,210.00000000000074,-105.00000000000037,-198.3333333333337,-105.00000000000037,0.0,0.0,0.0,0.0
36.0,-18.0,-33.99999999999997,-18.0,0.0,5.6869646728726,1.0,2.0,0.0047619047619048005,0.2636203654808837,399.56752794877787,194.81129905223156,266.0,209.9999999999983,-104.99999999999915,-198.33333333333138,-104.99999999999915,-5.132960723130922e-10,2.566480361565461e-10,4.894218363915531e-10,2.566480361565461e-10
37.0,-18.5,-34.944444444444414,-18.5,0.0,5.683352457559524,1.0,2.0,0.004761904761904745,0.26838227024278843,396.80801581100843,199.68916873168274,265.0555555555556,210.00000000000074,-105.00000000000037,-198.3333333333337,-105.00000000000037,5.132960723130982e-10,-2.566480361565491e-10,-4.894218363915588e-10,-2.566480361565491e-10
38.0,-19.0,-35.88888888888886,-19.0,0.0,5.6796409740712,1.0,2.0,0.0047619047619048005,0.27314417500469323,393.98179462117366,204.52433367942086,264.11111111111114,209.9999999999983,-104.99999999999915,-198.33333333333138,-104.99999999999915,-5.132960723130922e-10,2.566480361565461e-10,4.894218363915531e-10,2.566480361565461e-10
39.0,-19.5,-36.8333333333333,-19.5,0.0,5.675830310596117,1.0,2.0,0.004761904761904745,0.277906079766598,391.0895650644388,209.31579301841026,263.1666666666667,210.00000000000074,-105.00000000000037,-198.3333333333337,-105.00000000000037,5.132960723130982e-10,-2.566480361565491e-10,-4.894218363915588e-10,-2.566480361565491e-10
40.0,-20.0,-37.77777777777774,-20.0,0.0,5.671920557727045,1.0,2.0,0.004761904761904745,0.2826679845285027,388.1320438202727,214.06255776872507,262.2222222222223,210.00000000000074,-105.00000000000037,-198.3333333333337,-105.00000000000037,0.0,0.0,0.0,0.0
41.0,-20.5,-38.722222222222186,-20.5,0.0,5.667911808463311,1.0,2.0,0.004761904761904745,0.28742988929040747,385.1099633566538,218.76365111296838,261.2777777777778,210.00000000000074,-105.00000000000037,-198.3333333333337,-105.00000000000037,0.0,0.0,0.0,0.0
42.0,-21.0,-39.66666666666663,-21.0,0.0,5.663804158211746,1.0,2.0,0.004761904761904745,0.2921917940523122,382.02407171977933,223.4181086580968,260.33333333333337,210.00000000000074,-105.00000000000037,-198.3333333333337,-105.00000000000037,0.0,0.0,0.0,0.0
43.0,-21.5,-40.61111111111107,-21.5,0.0,5.659597704789446,1.0,2.0,0.0047619047619048005,0.296953698814217,378.87513231934025,228.02497869357407,259.3888888888889,209.9999999999983,-104.99999999999915,-198.33333333333138,-104.99999999999915,-5.132960723130922e-10,2.566480361565461e-10,4.894218363915531e-10,2.566480361565461e-10
44.0,-22.0,-41.555555555555515,-22.0,0.0,5.6552925484252805,1.0,2.0,0.004761904761904745,0.30171560357612176,375.6639237094271,232.5833224457775,258.44444444444446,210.00000000000074,-105.00000000000037,-198.3333333333337,-105.00000000000037,5.132960723130982e-10,-2.566480361565491e-10,-4.894218363915588e-10,-2.566480361565491e-10
45.0,-22.5,-42.49999999999996,-22.5,0.0,5.650888791762051,1.0,2.0,0.0047619047619048005,0.30647750833802656,372.3912393651312,237.09221432858203,257.50000000000006,209.9999999999983,-104.99999999999915,-198.33333333333138,-104.99999999999915,-5.132960723130922e-10,2.566480361565461e-10,4.894218363915531e-10,2.566480361565461e-10
46.0,-23.0,-43.4444444444444,-23.0,0.0,5.646386539858483,1.0,2.0,0.004761904761904745,0.3112394130999313,369.0578874549095,241.5507421900487,256.5555555555556,210.00000000000074,-105.00000000000037,-198.3333333333337,-105.00000000000037,5.132960723130982e-10,-2.566480361565491e-10,-4.894218363915588e-10,-2.566480361565491e-10
47.0,-23.5,-44.38888888888884,-23.5,0.0,5.641785900191913,1.0,2.0,0.004761904761904745,0.31600131786183605,365.6646906087807,245.9580075551457,255.61111111111114,210.00000000000074,-105.00000000000037,-198.3333333333337,-105.00000000000037,0.0,0.0,0.0,0.0
48.0,-24.0,-45.333333333333286,-24.0,0.0,5.637086982659739,1.0,2.0,0.004761904761904745,0.3207632226237408,362.21248568242186,250.3131258644289,254.6666666666667,210.00000000000074,-105.00000000000037,-198.3333333333337,-105.00000000000037,0.0,0.0,0.0,0.0
49.0,-24.5,-46.27777777777773,-24.5,0.0,5.632289899582689,1.0,2.0,0.004761904761904745,0.32552512738564554,358.7021235172373,254.61522670861422,253.72222222222229,210.00000000000074,-105.00000000000037,-198.3333333333337,-105.00000000000037,0.0,0.0,0.0,0.0
50.0,-25.0,-47.22222222222217,-25.0,0.0,5.627394765706242,1.0,2.0,0.0047619047619048005,0.33028703214755034,355.13446869647044,258.8634540589705,252.77777777777783,209.9999999999983,-104.99999999999915,-198.33333333333138,-104.99999999999915,-5.132960723130922e-10,2.566480361565461e-10,4.894218363915531e-10,2.566480361565461e-10
51.0,-25.5,-48.166666666666615,-25.5,0.0,5.622401698204199,1.0,2.0,0.0047619047619048005,0.33504893690945514,351.5103992974326,263.056966493468,251.83333333333337,209.9999999999983,-104.99999999999915,-198.33333333333138,-104.99999999999915,0.0,0.0,0.0,0.0
52.0,-26.0,-49.11111111111106,-26.0,0.0,5.617310816679988,1.0,2.0,0.004761904761904745,0.3398108416713599,347.8308066399234,267.19493741861385,250.88888888888894,210.00000000000074,-105.00000000000037,-198.3333333333337,-105.00000000000037,5.132960723130982e-10,-2.566480361565491e-10,-4.894218363915588e-10,-2.566480361565491e-10
53.0,-26.5,-50.0555555555555,-26.5,0.0,5.612122243170497,1.0,2.0,0.004761904761904745,0.34457274643326463,344.096595030916,271.2765552869108,249.9444444444445,210.00000000000074,-105.00000000000037,-198.3333333333337,-105.00000000000037,0.0,0.0,0.0,0.0
54.0,-27.0,-50.99999999999994,-27.0,0.0,5.606836102148449,1.0,2.0,0.004761904761904745,0.3493346511951694,340.30868150558655,275.30102380987626,249.00000000000006,210.00000000000074,-105.00000000000037,-198.3333333333337,-105.00000000000037,0.0,0.0,0.0,0.0
55.0,-27.5,-51.944444444444386,-27.5,0.0,5.601452520524326,1.0,2.0,0.004761904761904745,0.3540965559570741,336.4679955647646,279.2675621665569,248.0555555555556,210.00000000000074,-105.00000000000037,-198.3333333333337,-105.00000000000037,0.0,0.0,0.0,0.0
56.0,-28.0,-52.88888888888883,-28.0,0.0,5.595971627650726,1.0,2.0,0.0047619047619048005,0.3588584607189789,332.5754789088811,283.1754052074811,247.11111111111117,209.9999999999983,-104.99999999999915,-198.33333333333138,-104.99999999999915,-5.132960723130922e-10,2.566480361565461e-10,4.894218363915531e-10,2.566480361565461e-10
57.0,-28.5,-53.83333333333327,-28.5,0.0,5.590393555324387,1.0,2.0,0.004761904761904745,0.36362036548088367,328.6320851684968,287.02380365398693,246.16666666666674,210.00000000000074,-105.00000000000037,-198.3333333333337,-105.00000000000037,5.132960723130982e-10,-2.566480361565491e-10,-4.894218363915588e-10,-2.566480361565491e-10
58.0,-29.0,-54.777777777777715,-29.0,0.0,5.584718437789723,1.0,2.0,0.0047619047619048005,0.36838227024278847,324.63877963148985,290.8120242928695,245.22222222222229,209.9999999999983,-104.99999999999915,-198.33333333333138,-104.99999999999915,-5.132960723130922e-10,2.566480361565461e-10,4.894218363915531e-10,2.566480361565461e-10
59.0,-29.5,-55.72222222222216,-29.5,0.0,5.5789464117409775,1.0,2.0,0.004761904761904745,0.3731441750046932,320.5965389669857,294.5393501662893,244.27777777777783,210.00000000000074,-105.00000000000037,-198.3333333333337,-105.00000000000037,5.132960723130982e-10,-2.566480361565491e-10,-4.894218363915588e-10,-2.566480361565491e-10
60.0,-30.0,-56.6666666666666,-30.0,0.0,5.573077616327367,1.0,2.0,0.004761904761904745,0.37790607976659796,316.50635094610965,298.20508075688775,243.3333333333334,210.00000000000074,-105.00000000000037,-198.3333333333337,-105.00000000000037,0.0,0.0,0.0,0.0
61.0,-30.5,-57.61111111111104,-30.5,0.0,5.56711219315493,1.0,2.0,0.004761904761904745,0.3826679845285027,312.36921415964883,301.80853216805525,242.38888888888897,210.00000000000074,-105.00000000000037,-198.3333333333337,-105.00000000000037,0.0,0.0,0.0,0.0
62.0,-31.0,-58.555555555555486,-31.0,0.0,5.561050286290206,1.0,2.0,0.004761904761904745,0.38742988929040745,308.1861377327062,305.34903729929897,241.4444444444445,210.00000000000074,-105.00000000000037,-198.3333333333337,-105.00000000000037,0.0,0.0,0.0,0.0
63.0,-31.5,-59.49999999999993,-31.5,0.0,5.554892042264308,1.0,2.0,0.0047619047619048005,0.39219179405231225,303.9581410364323,308.8259460166608,240.50000000000006,209.9999999999983,-104.99999999999915,-198.33333333333138,-104.99999999999915,-5.132960723130922e-10,2.566480361565461e-10,4.894218363915531e-10,2.566480361565461e-10
64.0,-32.0,-60.44444444444437,-32.0,0.0,5.54863761007621,1.0,2.0,0.0047619047619048005,0.39695369881421705,299.6862533969219,312.2386253181347,239.55555555555563,209.9999999999983,-104.99999999999915,-198.33333333333138,-104.99999999999915,0.0,0.0,0.0,0.0
65.0,-32.5,-61.388888888888815,-32.5,0.0,5.542287141196598,1.0,2.0,0.004761904761904745,0.4017156035761218,295.3715138013613,315.586459494036,238.6111111111112,210.00000000000074,-105.00000000000037,-198.3333333333337,-105.00000000000037,5.132960723130982e-10,-2.566480361565491e-10,-4.894218363915588e-10,-2.566480361565491e-10
66.0,-33.0,-62.33333333333326,-33.0,0.0,5.535840789572056,1.0,2.0,0.004761904761904745,0.40647750833802654,291.014970601516,318.868850282277,237.66666666666674,210.00000000000074,-105.00000000000037,-198.3333333333337,-105.00000000000037,0.0,0.0,0.0,0.0
67.0,-33.5,-63.2777777777777,-33.5,0.0,5.529298711628218,1.0,2.0,0.004761904761904745,0.4112394130999313,286.6176812146468,322.08521701850265,236.72222222222229,210.00000000000074,-105.00000000000037,-198.3333333333337,-105.00000000000037,0.0,0.0,0.0,0.0
68.0,-34.0,-64.22222222222214,-34.0,0.0,5.522661066275066,1.0,2.0,0.004761904761904745,0.41600131786183603,282.1807118219428,325.23499678104423,235.77777777777786,210.00000000000074,-105.00000000000037,-198.3333333333337,-105.00000000000037,0.0,0.0,0.0,0.0
69.0,-34.5,-65.16666666666659,-34.5,0.0,5.515928014910056,1.0,2.0,0.0047619047619048005,0.42076322262374083,277.7051370645639,328.3176445306486,234.83333333333343,209.9999999999983,-104.99999999999915,-198.33333333333138,-104.99999999999915,-5.132960723130922e-10,2.566480361565461e-10,4.894218363915531e-10,2.566480361565461e-10
70.0,-35.0,-66.11111111111103,-35.0,0.0,5.509099721423255,1.0,2.0,0.004761904761904745,0.4255251273856456,273.19203973738166,331.3326332449432,233.88888888888897,210.00000000000074,-105.00000000000037,-198.3333333333337,-105.00000000000037,5.132960723130982e-10,-2.566480361565491e-10,-4.894218363915588e-10,-2.566480361565491e-10
71.0,-35.5,-67.05555555555547,-35.5,0.0,5.502176352201356,1.0,2.0,0.0047619047619048005,0.4302870321475504,268.64251048051113,334.27945404759834,232.9444444444445,209.9999999999983,-104.99999999999915,-198.33333333333138,-104.99999999999915,-5.132960723130922e-10,2.566480361565461e-10,4.894218363915531e-10,2.566480361565461e-10
72.0,-36.0,-67.99999999999991,-36.0,0.0,5.4951580761325545,1.0,2.0,0.004761904761904745,0.4350489369094551,264.0576474687263,337.1576163321491,232.00000000000009,210.00000000000074,-105.00000000000037,-198.3333333333337,-105.00000000000037,5.132960723130982e-10,-2.566480361565491e-10,-4.894218363915588e-10,-2.566480361565491e-10
73.0,-36.5,-68.94444444444436,-36.5,0.0,5.488045064610895,1.0,2.0,0.004761904761904745,0.43981084167135986,259.4385560988516,339.9666478804424,231.05555555555566,210.00000000000074,-105.00000000000037,-198.3333333333337,-105.00000000000037,0.0,0.0,0.0,0.0
74.0,-37.0,-69.8888888888888,-37.0,0.0,5.480837491541842,1.0,2.0,0.004761904761904745,0.4445727464332646,254.78634867522302,342.70609497567597,230.1111111111112,210.00000000000074,-105.00000000000037,-198.3333333333337,-105.00000000000037,0.0,0.0,0.0,0.0
75.0,-37.5,-70.83333333333324,-37.5,0.0,5.47353553334629,1.0,2.0,0.0047619047619048005,0.4493346511951694,250.10214409331292,345.3755225099939,229.16666666666674,209.9999999999983,-104.99999999999915,-198.33333333333138,-104.99999999999915,-5.132960723130922e-10,2.566480361565461e-10,4.894218363915531e-10,2.566480361565461e-10
76.0,-38.0,-71.77777777777769,-38.0,0.0,5.466139368966674,1.0,2.0,0.004761904761904745,0.45409655595707415,245.38706752161406,347.97451408661396,228.2222222222223,210.00000000000074,-105.00000000000037,-198.3333333333337,-105.00000000000037,5.132960723130982e-10,-2.566480361565491e-10,-4.894218363915588e-10,-2.566480361565491e-10
77.0,-38.5,-72.72222222222213,-38.5,0.0,5.458649179871807,1.0,2.0,0.004761904761904745,0.4588584607189789,240.64225008187643,350.50267211645206,227.27777777777789,210.00000000000074,-105.00000000000037,-198.3333333333337,-105.00000000000037,0.0,0.0,0.0,0.0
78.0,-39.0,-73.66666666666657,-39.0,0.0,5.451065150061748,1.0,2.0,0.0047619047619048005,0.4636203654808837,235.8688285277946,352.9596179092205,226.33333333333343,209.9999999999983,-104.99999999999915,-198.33333333333138,-104.99999999999915,-5.132960723130922e-10,2.566480361565461e-10,4.894218363915531e-10,2.566480361565461e-10
79.0,-39.5,-74.61111111111101,-39.5,0.0,5.443387466074972,1.0,2.0,0.004761904761904745,0.46838227024278845,231.06794492223895,355.3449917589739,225.38888888888897,210.00000000000074,-105.00000000000037,-198.3333333333337,-105.00000000000037,5.132960723130982e-10,-2.566480361565491e-10,-4.894218363915588e-10,-2.566480361565491e-10
80.0,-40.0,-75.55555555555546,-40.0,0.0,5.4356163169920135,1.0,2.0,0.004761904761904745,0.4731441750046932,226.24074631313056,357.65845302407644,224.44444444444454,210.00000000000074,-105.00000000000037,-198.3333333333337,-105.00000000000037,0.0,0.0,0.0,0.0
81.0,-40.5,-76.4999999999999,-40.5,0.0,5.4277518944432614,1.0,2.0,0.004761904761904745,0.47790607976659794,221.38838440805392,359.8996802015735,223.5000000000001,210.00000000000074,-105.00000000000037,-198.3333333333337,-105.00000000000037,0.0,0.0,0.0,0.0
82.0,-41.0,-77.44444444444434,-41.0,0.0,5.419794392613712,1.0,2.0,0.0047619047619048005,0.48266798452850274,216.51201524770613,362.06837099594094,222.55555555555566,209.9999999999983,-104.99999999999915,-198.33333333333138,-104.99999999999915,-5.132960723130922e-10,2.566480361565461e-10,4.894218363915531e-10,2.566480361565461e-10
83.0,-41.5,-78.38888888888879,-41.5,0.0,5.411744008249968,1.0,2.0,0.004761904761904745,0.4874298892904075,211.61279887828,364.1642423821988,221.6111111111112,210.00000000000074,-105.00000000000037,-198.3333333333337,-105.00000000000037,5.132960723130982e-10,-2.566480361565491e-10,-4.894218363915588e-10,-2.566480361565491e-10
84.0,-42.0,-79.33333333333323,-42.0,0.0,5.403600940665979,1.0,2.0,0.004761904761904745,0.4921917940523122,206.6918990228792,366.1870306633693,220.66666666666674,210.00000000000074,-105.00000000000037,-198.3333333333337,-105.00000000000037,0.0,0.0,0.0,0.0
85.0,-42.5,-80.27777777777767,-42.5,0.0,5.3953653917502775,1.0,2.0,0.0047619047619048005,0.496953698814217,201.7504827520626,368.1364915222643,219.72222222222234,209.9999999999983,-104.99999999999915,-198.33333333333138,-104.99999999999915,-5.132960723130922e-10,2.566480361565461e-10,4.894218363915531e-10,2.566480361565461e-10
86.0,-43.0,-81.22222222222211,-43.0,0.0,5.38703756597224,1.0,2.0,0.004761904761904745,0.5017156035761218,196.78972015361768,370.0124000675895,218.77777777777789,210.00000000000074,-105.00000000000037,-198.3333333333337,-105.00000000000037,5.132960723130982e-10,-2.566480361565491e-10,-4.894218363915588e-10,-2.566480361565491e-10
87.0,-43.5,-82.16666666666656,-43.5,0.0,5.378617670389476,1.0,2.0,0.004761904761904745,0.5064775083380265,191.81078400166066,371.8145508743533,217.83333333333343,210.00000000000074,-105.00000000000037,-198.3333333333337,-105.00000000000037,0.0,0.0,0.0,0.0
88.0,-44.0,-83.111111111111,-44.0,0.0,5.3701059146541485,1.0,2.0,0.004761904761904856,0.5112394130999314,186.814849425163,373.5427580185686,216.88888888888903,209.99999999999585,-104.99999999999793,-198.33333333332908,-104.99999999999793,-1.0265921446261725e-09,5.132960723130862e-10,9.7287511380271e-10,5.132960723130862e-10
89.0,-44.5,-84.05555555555544,-44.5,0.0,5.361502511021314,1.0,2.0,0.004761904761904745,0.5160013178618361,181.80309357600203,375.19685510624106,215.94444444444457,210.00000000000074,-105.00000000000037,-198.3333333333337,-105.00000000000037,1.0265921446261965e-09,-5.132960723130982e-10,-9.728751138027327e-10,-5.132960723130982e-10
90.0,-45.0,-84.99999999999989,-45.0,0.0,5.352807674355321,1.0,2.0,0.004761904761904745,0.5207632226237409,176.77669529663686,376.77669529663694,215.0000000000001,210.00000000000074,-105.00000000000037,-198.3333333333337,-105.00000000000037,0.0,0.0,0.0,0.0
91.0,-45.5,-85.94444444444433,-45.5,0.0,5.344021622138884,1.0,2.0,0.004761904761904745,0.5255251273856456,171.736834787506,378.2821513198237,214.05555555555566,210.00000000000074,-105.00000000000037,-198.3333333333337,-105.00000000000037,0.0,0.0,0.0,0.0
92.0,-46.0,-86.88888888888877,-46.0,0.0,5.335144574479543,1.0,2.0,0.004761904761904745,0.5302870321475504,166.6846932742492,379.71311548848195,213.1111111111112,210.00000000000074,-105.00000000000037,-198.3333333333337,-105.00000000000037,0.0,0.0,0.0,0.0
93.0,-46.5,-87.83333333333321,-46.5,0.0,5.326176754119209,1.0,2.0,0.004761904761904745,0.5350489369094551,161.6214526748497,381.0694997039867,212.1666666666668,210.00000000000074,-105.00000000000037,-198.3333333333337,-105.00000000000037,0.0,0.0,0.0,0.0
94.0,-47.0,-88.77777777777766,-47.0,0.0,5.317118386440868,1.0,2.0,0.004761904761904745,0.5398108416713598,156.5482952667995,382.3512354567575,211.22222222222234,210.00000000000074,-105.00000000000037,-198.3333333333337,-105.00000000000037,0.0,0.0,0.0,0.0
95.0,-47.5,-89.7222222222221,-47.5,0.0,5.307969699478955,1.0,2.0,0.004761904761904745,0.5445727464332646,151.46640335438335,383.5582738208802,210.27777777777789,210.00000000000074,-105.00000000000037,-198.3333333333337,-105.00000000000037,0.0,0.0,0.0,0.0
96.0,-48.0,-90.66666666666654,-48.0,0.0,5.298730923926896,1.0,2.0,0.004761904761904745,0.5493346511951693,146.37695893618383,384.6905854430033,209.33333333333348,210.00000000000074,-105.00000000000037,-198.3333333333337,-105.00000000000037,0.0,0.0,0.0,0.0
97.0,-48.5,-91.61111111111099,-48.5,0.0,5.2894022931469244,1.0,2.0,0.004761904761904745,0.5540965559570741,141.28114337290484,385.74816052551495,208.38888888888903,210.00000000000074,-105.00000000000037,-198.3333333333337,-105.00000000000037,0.0,0.0,0.0,0.0
98.0,-49.0,-92.55555555555543,-49.0,0.0,5.279984043178615,1.0,2.0,0.004761904761904856,0.5588584607189789,136.18013705561373,386.7310088040071,207.44444444444457,209.99999999999585,-104.99999999999793,-198.33333333332908,-104.99999999999793,-1.0265921446261725e-09,5.132960723130862e-10,9.7287511380271e-10,5.132960723130862e-10
99.0,-49.5,-93.49999999999987,-49.5,0.0,5.2704764127492725,1.0,2.0,0.004761904761904745,0.5636203654808837,131.07511907449964,387.63915951903533,206.5000000000001,210.00000000000074,-105.00000000000037,-198.3333333333337,-105.00000000000037,1.0265921446261965e-09,-5.132960723130982e-10,-9.728751138027327e-10,-5.132960723130982e-10
100.0,-50.0,-94.44444444444431,-50.0,0.0,5.26087964328271,1.0,2.0,0.004761904761904745,0.5683822702427884,125.9672668882487,388.4726613821862,205.55555555555566,210.00000000000074,-105.00000000000037,-198.3333333333337,-105.00000000000037,0.0,0.0,0.0,0.0
101.0,-50.5,-95.38888888888876,-50.5,0.0,5.251193978910695,1.0,2.0,0.004761904761904856,0.5731441750046933,120.85775599413199,389.2315825364629,204.61111111111126,209.99999999999585,-104.99999999999793,-198.33333333332908,-104.99999999999793,-1.0265921446261725e-09,5.132960723130862e-10,9.7287511380271e-10,5.132960723130862e-10
102.0,-51.0,-96.3333333333332,-51.0,0.0,5.241419666481914,1.0,2.0,0.004761904761904745,0.577906079766598,115.74775959890752,389.9160105110039,203.6666666666668,210.00000000000074,-105.00000000000037,-198.3333333333337,-105.00000000000037,1.0265921446261965e-09,-5.132960723130982e-10,-9.728751138027327e-10,-5.132960723130982e-10
103.0,-51.5,-97.27777777777764,-51.5,0.0,5.23155695557352,1.0,2.0,0.004761904761904745,0.5826679845285028,110.63844829063189,390.52605217015054,202.72222222222234,210.00000000000074,-105.00000000000037,-198.3333333333337,-105.00000000000037,0.0,0.0,0.0,0.0
104.0,-52.0,-98.22222222222209,-52.0,0.0,5.221606098501267,1.0,2.0,0.004761904761904745,0.5874298892904075,105.53098971148101,391.06183365687986,201.77777777777794,210.00000000000074,-105.00000000000037,-198.3333333333337,-105.00000000000037,0.0,0.0,0.0,0.0
105.0,-52.5,-99.16666666666653,-52.5,0.0,5.211567350331497,1.0,2.0,0.004761904761904745,0.5921917940523123,100.42654823167594,391.52350033062254,200.83333333333348,210.00000000000074,-105.00000000000037,-198.3333333333337,-105.00000000000037,0.0,0.0,0.0,0.0
106.0,-53.0,-100.11111111111097,-53.0,0.0,5.201440968891766,1.0,2.0,0.004761904761904745,0.596953698814217,95.32628462461226,391.91121669948706,199.88888888888903,210.00000000000074,-105.00000000000037,-198.3333333333337,-105.00000000000037,0.0,0.0,0.0,0.0
107.0,-53.5,-101.05555555555542,-53.5,0.0,5.191227214783823,1.0,2.0,0.004761904761904745,0.6017156035761217,90.23135574328798,392.2251663469115,198.94444444444457,210.00000000000074,-105.00000000000037,-198.3333333333337,-105.00000000000037,0.0,0.0,0.0,0.0
108.0,-54.0,-101.99999999999986,-54.0,0.0,5.180926351394078,1.0,2.0,0.004761904761904745,0.6064775083380265,85.1429141981288,392.46555185276765,198.0000000000001,210.00000000000074,-105.00000000000037,-198.3333333333337,-105.00000000000037,0.0,0.0,0.0,0.0
109.0,-54.5,-102.9444444444443,-54.5,0.0,5.170538644907503,1.0,2.0,0.004761904761904745,0.6112394130999312,80.06210803630363,392.63259470894326,197.0555555555557,210.00000000000074,-105.00000000000037,-198.3333333333337,-105.00000000000037,0.0,0.0,0.0,0.0
110.0,-55.0,-103.88888888888874,-55.0,0.0,5.160064364319674,1.0,2.0,0.004761904761904745,0.616001317861836,74.99008042262776,392.72653522942966,196.11111111111126,210.00000000000074,-105.00000000000037,-198.3333333333337,-105.00000000000037,0.0,0.0,0.0,0.0
111.0,-55.5,-104.83333333333319,-55.5,0.0,5.149503781449797,1.0,2.0,0.004761904761904856,0.6207632226237408,69.9279693221481,392.7476324549443,195.1666666666668,209.99999999999585,-104.99999999999793,-198.33333333332908,-104.99999999999793,-1.0265921446261725e-09,5.132960723130862e-10,9.7287511380271e-10,5.132960723130862e-10
112.0,-56.0,-105.77777777777763,-56.0,0.0,5.138857170954519,1.0,2.0,0.004761904761904745,0.6255251273856456,64.87690718450425,392.696164052118,194.2222222222224,210.00000000000074,-105.00000000000037,-198.3333333333337,-105.00000000000037,1.0265921446261965e-09,-5.132960723130982e-10,-9.728751138027327e-10,-5.132960723130982e-10
113.0,-56.5,-106.72222222222207,-56.5,0.0,5.128124810341562,1.0,2.0,0.004761904761904745,0.6302870321475503,59.83802063015977,392.57242620728016,193.27777777777794,210.00000000000074,-105.00000000000037,-198.3333333333337,-105.00000000000037,0.0,0.0,0.0,0.0
114.0,-57.0,-107.66666666666652,-57.0,0.0,5.117306979983859,1.0,2.0,0.004761904761904856,0.6350489369094552,54.81243013859669,392.37673351487626,192.33333333333348,209.99999999999585,-104.99999999999793,-198.33333333332908,-104.99999999999793,-1.0265921446261725e-09,5.132960723130862e-10,9.7287511380271e-10,5.132960723130862e-10
115.0,-57.5,-108.61111111111096,-57.5,0.0,5.106403963133926,1.0,2.0,0.004761904761904745,0.6398108416713599,49.801249738566064,392.1094188605515,191.38888888888903,210.00000000000074,-105.00000000000037,-198.3333333333337,-105.00000000000037,1.0265921446261965e-09,-5.132960723130982e-10,-9.728751138027327e-10,-5.132960723130982e-10
116.0,-58.0,-109.5555555555554,-58.0,0.0,5.095416045939344,1.0,2.0,0.004761904761904745,0.6445727464332647,44.8055867004857,391.77083329894,190.44444444444457,210.00000000000074,-105.00000000000037,-198.3333333333337,-105.00000000000037,0.0,0.0,0.0,0.0
117.0,-58.5,-110.49999999999984,-58.5,0.0,5.084343517457221,1.0,2.0,0.004761904761904745,0.6493346511951694,39.82654123107782,391.36134592619663,189.50000000000017,210.00000000000074,-105.00000000000037,-198.3333333333337,-105.00000000000037,0.0,0.0,0.0,0.0
118.0,-59.0,-111.44444444444429,-59.0,0.0,5.0731866696708545,1.0,2.0,0.004761904761904745,0.6540965559570742,34.86520617033545,390.8813437473135,188.5555555555557,210.00000000000074,-105.00000000000037,-198.3333333333337,-105.00000000000037,0.0,0.0,0.0,0.0
119.0,-59.5,-112.38888888888873,-59.5,0.0,5.061945797505533,1.0,2.0,0.004761904761904745,0.6588584607189789,29.922666690908606,390.3312315382607,187.61111111111126,210.00000000000074,-105.00000000000037,-198.3333333333337,-105.00000000000037,0.0,0.0,0.0,0.0
120.0,-60.0,-113.33333333333317,-60.0,0.0,5.0506211988442935,1.0,2.0,0.004761904761904745,0.6636203654808837,24.999999999999993,389.71143170299746,186.66666666666686,210.00000000000074,-105.00000000000037,-198.3333333333337,-105.00000000000037,0.0,0.0,0.0,0.0
121.0,-60.5,-114.27777777777762,-60.5,0.0,5.039213174546627,1.0,2.0,0.004761904761904745,0.6683822702427884,20.0982750438559,389.0223841253974,185.7222222222224,210.00000000000074,-105.00000000000037,-198.3333333333337,-105.00000000000037,0.0,0.0,0.0,0.0
122.0,-61.0,-115.22222222222206,-61.0,0.0,5.027722028464275,1.0,2.0,0.004761904761904745,0.6731441750046931,15.21855221494325,388.2645460161342,184.77777777777794,210.00000000000074,-105.00000000000037,-198.3333333333337,-105.00000000000037,0.0,0.0,0.0,0.0
123.0,-61.5,-116.1666666666665,-61.5,0.0,5.016148067460413,1.0,2.0,0.004761904761904745,0.6779060797665979,10.361883061896654,387.4383917545762,183.83333333333348,210.00000000000074,-105.00000000000037,-198.3333333333337,-105.00000000000037,0.0,0.0,0.0,0.0
124.0,-62.0,-117.11111111111094,-62.0,0.0,5.004491601427161,1.0,2.0,0.004761904761904856,0.6826679845285027,5.529310002323291,386.5444127257401,182.88888888888903,209.99999999999585,-104.99999999999793,-198.33333333332908,-104.99999999999793,-1.0265921446261725e-09,5.132960723130862e-10,9.7287511380271e-10,5.132960723130862e-10
125.0,-62.5,-118.05555555555539,-62.5,0.0,4.9927529433049935,1.0,2.0,0.004761904761904745,0.6874298892904075,0.721866038549327,385.5831171523538,181.94444444444463,210.00000000000074,-105.00000000000037,-198.3333333333337,-105.00000000000037,1.0265921446261965e-09,-5.132960723130982e-10,-9.728751138027327e-10,-5.132960723130982e-10
126.0,-63.0,-118.99999999999983,-63.0,0.0,4.980932409102488,1.0,2.0,0.004761904761904745,0.6921917940523122,-4.059425523607952,384.5550299220814,181.00000000000017,210.00000000000074,-105.00000000000037,-198.3333333333337,-105.00000000000037,0.0,0.0,0.0,0.0
127.0,-63.5,-119.94444444444427,-63.5,0.0,4.969030317914796,1.0,2.0,0.004761904761904745,0.696953698814217,-8.813551352957543,383.46069240996485,180.0555555555557,210.00000000000074,-105.00000000000037,-198.3333333333337,-105.00000000000037,0.0,0.0,0.0,0.0
128.0,-64.0,-120.88888888888872,-64.0,0.0,4.9570469919458295,1.0,2.0,0.004761904761904745,0.7017156035761217,-13.539508367862336,382.3006622961361,179.1111111111113,210.00000000000074,-105.00000000000037,-198.3333333333337,-105.00000000000037,0.0,0.0,0.0,0.0
129.0,-64.5,-121.83333333333316,-64.5,0.0,4.944982756528508,1.0,2.0,0.004761904761904856,0.7064775083380266,-18.236304007893718,381.07551337885934,178.16666666666686,209.99999999999585,-104.99999999999793,-198.33333333332908,-104.99999999999793,-1.0265921446261725e-09,5.132960723130862e-10,9.7287511380271e-10,5.132960723130862e-10
130.0,-65.0,-122.7777777777776,-65.0,0.0,4.932837940146054,1.0,2.0,0.004761904761904745,0.7112394130999313,-22.90295650213309,379.7858353829581,177.2222222222224,210.00000000000074,-105.00000000000037,-198.3333333333337,-105.00000000000037,1.0265921446261965e-09,-5.132960723130982e-10,-9.728751138027327e-10,-5.132960723130982e-10
131.0,-65.5,-123.72222222222204,-65.5,0.0,4.920612874454271,1.0,2.0,0.004761904761904745,0.7160013178618361,-27.538495134041835,378.4322337636902,176.27777777777794,210.00000000000074,-105.00000000000037,-198.3333333333337,-105.00000000000037,0.0,0.0,0.0,0.0
132.0,-66.0,-124.66666666666649,-66.0,0.0,4.9083078943045075,1.0,2.0,0.004761904761904745,0.7207632226237408,-32.14196050282166,377.0153295061291,175.33333333333348,210.00000000000074,-105.00000000000037,-198.3333333333337,-105.00000000000037,0.0,0.0,0.0,0.0
133.0,-66.5,-125.61111111111093,-66.5,0.0,4.895923337767121,1.0,2.0,0.004761904761904745,0.7255251273856456,-36.712404781188155,375.5357589201151,174.38888888888908,210.00000000000074,-105.00000000000037,-198.3333333333337,-105.00000000000037,0.0,0.0,0.0,0.0
134.0,-67.0,-126.55555555555537,-67.0,0.0,4.883459546154703,1.0,2.0,0.004761904761904745,0.7302870321475503,-41.24889196948098,373.9941734308403,173.44444444444463,210.00000000000074,-105.00000000000037,-198.3333333333337,-105.00000000000037,0.0,0.0,0.0,0.0
135.0,-67.5,-127.49999999999982,-67.5,0.0,4.870916864047351,1.0,2.0,0.004761904761904745,0.735048936909455,-45.75049814603709,372.3912393651312,172.50000000000017,210.00000000000074,-105.00000000000037,-198.3333333333337,-105.00000000000037,0.0,0.0,0.0,0.0
136.0,-68.0,-128.44444444444426,-68.0,0.0,4.8582956393173236,1.0,2.0,0.004761904761904856,0.7398108416713599,-50.21631171375233,370.7276377334963,171.55555555555577,209.99999999999585,-104.99999999999793,-198.33333333332908,-104.99999999999793,-1.0265921446261725e-09,5.132960723130862e-10,9.7287511380271e-10,5.132960723130862e-10
137.0,-68.5,-129.38888888888872,-68.5,0.0,4.845596223155464,1.0,2.0,0.004761904761904745,0.7445727464332647,-54.645433642759855,369.0040640080058,170.6111111111113,210.00000000000074,-105.00000000000037,-198.3333333333367,-105.00000000000037,1.0265921446261965e-09,-5.132960723130982e-10,-1.5995738067431431e-09,-5.132960723130982e-10
138.0,-69.0,-130.33333333333317,-69.0,0.0,4.8328189700977395,1.0,2.0,0.004761904761904745,0.7493346511951694,-59.0369777091538,367.22122789607215,169.66666666666686,210.00000000000074,-105.00000000000037,-198.3333333333367,-105.00000000000037,0.0,0.0,0.0,0.0
139.0,-69.5,-131.27777777777763,-69.5,0.0,4.819964238052455,1.0,2.0,0.004761904761904745,0.7540965559570741,-63.39007072968761,365.3798531102009,168.7222222222224,210.00000000000074,-105.00000000000037,-198.3333333333367,-105.00000000000037,0.0,0.0,0.0,0.0
140.0,-70.0,-132.2222222222221,-70.0,0.0,4.807032388327606,1.0,2.0,0.004761904761904745,0.7588584607189789,-67.70385279237846,363.480677133785,167.77777777777794,210.00000000000074,-105.00000000000037,-198.3333333333367,-105.00000000000037,0.0,0.0,0.0,0.0
141.0,-70.5,-133.16666666666654,-70.5,0.0,4.79402378566113,1.0,2.0,0.004761904761904745,0.7636203654808836,-71.97747748295144,361.5244509830121,166.83333333333348,210.00000000000074,-105.00000000000037,-198.3333333333367,-105.00000000000037,0.0,0.0,0.0,0.0
142.0,-71.0,-134.111111111111,-71.0,0.0,4.7809387982492595,1.0,2.0,0.004761904761904856,0.7683822702427885,-76.21011210705527,359.5119389649609,165.88888888888903,209.99999999999585,-104.99999999999793,-198.33333333333206,-104.99999999999793,-1.0265921446261725e-09,5.132960723130862e-10,9.7287511380271e-10,5.132960723130862e-10
143.0,-71.5,-135.05555555555546,-71.5,0.0,4.767777797777236,1.0,2.0,0.004761904761904745,0.7731441750046932,-80.40093790818563,357.44391843195945,164.94444444444457,210.00000000000074,-105.00000000000037,-198.3333333333367,-105.00000000000037,1.0265921446261965e-09,-5.132960723130982e-10,-9.728751138027327e-10,-5.132960723130982e-10
144.0,-72.0,-135.99999999999991,-72.0,0.0,4.754541159450349,1.0,2.0,0.004761904761904745,0.777906079766598,-84.54915028125262,355.32117953228305,164.0000000000001,210.00000000000074,-105.00000000000037,-198.3333333333367,-105.00000000000037,0.0,0.0,0.0,0.0
145.0,-72.5,-136.94444444444437,-72.5,0.0,4.741229262026907,1.0,2.0,0.004761904761904745,0.7826679845285027,-88.65395898173007,353.14452495726596,163.05555555555566,210.00000000000074,-105.00000000000037,-198.3333333333367,-105.00000000000037,0.0,0.0,0.0,0.0
146.0,-73.0,-137.88888888888883,-73.0,0.0,4.7278424878492755,1.0,2.0,0.004761904761904745,0.7874298892904075,-92.71458833032419,350.91476968490826,162.1111111111112,210.00000000000074,-105.00000000000037,-198.3333333333367,-105.00000000000037,0.0,0.0,0.0,0.0
147.0,-73.5,-138.8333333333333,-73.5,0.0,4.71438122287924,1.0,2.0,0.004761904761904745,0.7921917940523122,-96.73027741310426,348.6327407200537,161.16666666666674,210.00000000000074,-105.00000000000037,-198.3333333333367,-105.00000000000037,0.0,0.0,0.0,0.0
148.0,-74.0,-139.77777777777774,-74.0,0.0,4.7008458567316795,1.0,2.0,0.004761904761904745,0.796953698814217,-100.70028027703546,346.2992768312207,160.22222222222229,210.00000000000074,-105.00000000000037,-198.3333333333367,-105.00000000000037,0.0,0.0,0.0,0.0
149.0,-74.5,-140.7222222222222,-74.5,0.0,4.687236782711045,1.0,2.0,0.004761904761904856,0.8017156035761218,-104.62386612085827,343.91522828416663,159.27777777777783,209.99999999999585,-104.99999999999793,-198.33333333333206,-104.99999999999793,-1.0265921446261725e-09,5.132960723130862e-10,9.7287511380271e-10,5.132960723130862e-10
150.0,-75.0,-141.66666666666666,-75.0,0.0,4.673554397847101,1.0,2.0,0.004761904761904745,0.8064775083380266,-108.50031948125762,341.48145657226706,158.33333333333337,210.00000000000074,-105.00000000000037,-198.3333333333367,-105.00000000000037,1.0265921446261965e-09,-5.132960723130982e-10,-9.728751138027327e-10,-5.132960723130982e-10
151.0,-75.5,-142.61111111111111,-75.5,0.0,4.659799102932362,1.0,2.0,0.004761904761904745,0.8112394130999313,-112.32894041426884,338.9988341437944,157.3888888888889,210.00000000000074,-105.00000000000037,-198.3333333333367,-105.00000000000037,0.0,0.0,0.0,0.0
152.0,-76.0,-143.55555555555557,-76.0,0.0,4.6459713025618194,1.0,2.0,0.004761904761904745,0.816001317861836,-116.10904467186845,336.4682441261773,156.44444444444446,210.00000000000074,-105.00000000000037,-198.3333333333367,-105.00000000000037,0.0,0.0,0.0,0.0
153.0,-76.5,-144.50000000000003,-76.5,0.0,4.6320714051711445,1.0,2.0,0.004761904761904745,0.8207632226237408,-119.83996387369724,333.8905800473285,155.5,210.00000000000074,-105.00000000000037,-198.3333333333367,-105.00000000000037,0.0,0.0,0.0,0.0
154.0,-77.0,-145.44444444444449,-77.0,0.0,4.618099823078006,1.0,2.0,0.004761904761904745,0.8255251273856455,-123.52104567386723,331.26674555412427,154.55555555555554,210.00000000000074,-105.00000000000037,-198.3333333333367,-105.00000000000037,0.0,0.0,0.0,0.0
155.0,-77.5,-146.38888888888894,-77.5,0.0,4.604056972523685,1.0,2.0,0.004761904761904856,0.8302870321475504,-127.15165392280431,328.5976541281233,153.6111111111111,209.99999999999585,-104.99999999999793,-198.33333333333206,-104.99999999999793,-1.0265921446261725e-09,5.132960723130862e-10,9.7287511380271e-10,5.132960723130862e-10
156.0,-78.0,-147.3333333333334,-78.0,0.0,4.589943273716499,1.0,2.0,0.004761904761904745,0.8350489369094551,-130.73116882408036,325.8842287986115,152.66666666666663,210.00000000000074,-105.00000000000037,-198.3333333333367,-105.00000000000037,1.0265921446261965e-09,-5.132960723130982e-10,-9.728751138027327e-10,-5.132960723130982e-10
157.0,-78.5,-148.27777777777786,-78.5,0.0,4.575759150874746,1.0,2.0,0.004761904761904745,0.8398108416713599,-134.25898708618874,323.1274018530622,151.72222222222217,210.00000000000074,-105.00000000000037,-198.3333333333367,-105.00000000000037,0.0,0.0,0.0,0.0
158.0,-79.0,-149.2222222222223,-79.0,0.0,4.561505032273042,1.0,2.0,0.004761904761904745,0.8445727464332646,-137.73452206922127,320.3281145450984,150.77777777777771,210.00000000000074,-105.00000000000037,-198.3333333333367,-105.00000000000037,0.0,0.0,0.0,0.0
159.0,-79.5,-150.16666666666677,-79.5,0.0,4.547181350287922,1.0,2.0,0.004761904761904745,0.8493346511951694,-141.15720392640355,317.4873168000487,149.83333333333326,210.00000000000074,-105.00000000000037,-198.3333333333367,-105.00000000000037,0.0,0.0,0.0,0.0
160.0,-80.0,-151.11111111111123,-80.0,0.0,4.532788541446158,1.0,2.0,0.004761904761904745,0.8540965559570741,-144.5264797404491,314.6059669181858,148.8888888888888,210.00000000000074,-105.00000000000037,-198.3333333333367,-105.00000000000037,0.0,0.0,0.0,0.0
161.0,-80.5,-152.05555555555569,-80.5,0.0,4.518327046474055,1.0,2.0,0.004769961347591001,0.8588665173046651,-147.84181365469396,311.6850312757392,147.94444444444434,209.64530467422662,-104.82265233711331,-197.9983433034389,-104.82265233711331,-74.36020963843873,37.180104819219366,70.22908688075167,37.180104819219366
162.0,-81.0,-153.00000000000014,-81.0,0.0,4.503797310346785,1.0,2.0,0.0048718093756582315,0.8637383266803234,-151.10268699897304,308.72548402377396,146.9999999999999,205.26254680580348,-102.63127340290174,-193.85907198326143,-102.63127340290174,-899.6160421057085,449.80802105285426,849.6373730998481,449.80802105285426
163.0,-81.5,-153.9444444444446,-81.5,0.0,4.489199782341067,1.0,2.0,0.0050091240937995,0.8687474507741229,-154.30859841020444,305.7283067850266,146.05555555555543,199.63570102761904,-99.81785051380952,-188.54482874830938,-99.81785051380952,-1123.3193015021504,561.6596507510752,1060.9126736409335,561.6596507510752
164.0,-82.0,-154.88888888888906,-82.0,0.0,4.4745349160881105,1.0,2.0,0.005158748802378099,0.873906199576501,-157.45906394764737,302.69448834879245,145.11111111111097,193.84545328879287,-96.92272664439643,-183.07626143941795,-96.92272664439643,-1122.4131975871665,561.2065987935832,1060.0569088323348,561.2065987935832
165.0,-82.5,-155.8333333333335,-82.5,0.0,4.459803169628191,1.0,2.0,0.005322640678254609,0.8792288402547556,-160.55361720280078,299.6250243639568,144.16666666666652,187.87666882820997,-93.93833441410499,-177.43907611553402,-93.93833441410499,-1121.3953414078985,560.6976707039493,1059.095600218586,560.6976707039493
166.0,-83.0,-156.77777777777797,-83.0,0.0,4.445005005466603,1.0,2.0,0.0055032223958041415,0.8847320626505597,-163.5918094039125,296.52091703026406,143.22222222222206,181.7117187127376,-90.8558593563688,-171.6166232286989,-90.8558593563688,-1120.2436812607762,560.1218406303881,1058.0079211907507,560.1218406303881
167.0,-83.5,-157.72222222222243,-83.5,0.0,4.430140890631609,1.0,2.0,0.005703534953773959,0.8904355976043337,-166.57320951507046,293.3831747879198,142.2777777777776,175.32986263866277,-87.66493131933139,-165.58931471429483,-87.66493131933139,-1118.9299488472536,559.4649744236268,1056.767173911308,559.4649744236268
168.0,-84.0,-158.66666666666688,-84.0,0.0,4.415211296733565,1.0,2.0,0.005927456703490153,0.8963630543078238,-169.49740432984783,290.21281200562015,141.33333333333314,168.70641997455482,-84.35320998727741,-159.33384108708168,-84.35320998727741,-1117.4172997683809,558.7086498841904,1055.3385608923734,558.7086498841904
169.0,-84.5,-159.61111111111134,-84.5,0.0,4.400216700026019,1.0,2.0,0.006180025400198574,0.9025430797080224,-172.36399855947684,287.0108486671037,140.3888888888887,161.8116326783816,-80.9058163391908,-152.82209752958468,-80.9058163391908,-1115.6567893639508,557.8283946819754,1053.6758566215224,557.8283946819754
170.0,-85.0,-160.5555555555558,-85.0,0.0,4.385157581468069,1.0,2.0,0.006467925970139787,0.9090110056781622,-175.17261491552713,283.7783100563224,139.44444444444423,154.6090670512711,-77.30453352563555,-146.01967443731354,-77.30453352563555,-1113.5819519831102,556.7909759915551,1051.7162879840637,556.7909759915551
171.0,-85.5,-161.50000000000026,-85.5,0.0,4.3700344267882105,1.0,2.0,0.00680025531608397,0.9158112609942461,-177.92289418706633,280.5162264413282,138.49999999999977,147.05330219511012,-73.52665109755506,-138.88367429538363,-73.52665109755506,-1111.1001727082328,555.5500863541164,1049.372385335568,555.5500863541164
172.0,-86.0,-162.4444444444447,-86.0,0.0,4.3548477265516174,1.0,2.0,0.0071897718751300355,0.9230010328693762,-180.61449531228277,277.22563275696916,137.55555555555532,139.08647136066662,-69.54323568033331,-131.35944517396467,-69.54323568033331,-1108.0783886901015,554.0391943450508,1046.5184782073313,554.0391943450508
173.0,-86.5,-163.38888888888917,-86.5,0.0,4.339597976226754,1.0,2.0,0.007655041191863998,0.9306560740612402,-183.24709544455024,273.90756828649626,136.61111111111086,130.63286988747092,-65.31643494373546,-123.37548822705752,-65.31643494373546,-1104.318221328507,552.1591106642535,1042.967209032492,552.1591106642535
174.0,-87.0,-164.33333333333363,-87.0,0.0,4.32428567625588,1.0,2.0,0.008224353072775581,0.9388804271340158,-185.82039001291872,270.5630763421742,135.6666666666664,121.59011063255785,-60.795055316278926,-114.83510448630618,-60.795055316278926,-1099.510098228466,549.755049114233,1038.4262038824534,549.755049114233
175.0,-87.5,-165.27777777777808,-87.5,0.0,4.3089113321267405,1.0,2.0,0.008943452182083922,0.9478238793160997,-188.33409277701512,267.1932039449962,134.72222222222194,111.81364641310007,-55.90682320655004,-105.60177716792927,-55.90682320655004,-1093.1421134047766,546.5710567023883,1032.4119959934133,546.5710567023883
176.0,-88.0,-166.22222222222254,-88.0,0.0,4.293475454446081,1.0,2.0,0.009892443095891545,0.9577163224119912,-190.78793587633962,263.799001503599,133.7777777777775,101.08726330862721,-50.54363165431361,-95.47130423592698,-50.54363165431361,-1084.3007132310581,542.1503566155291,1024.0617847182364,542.1503566155291
177.0,-88.5,-167.166666666667,-88.5,0.0,4.277978559015148,1.0,2.0,0.01122842736566143,0.9689447497776527,-193.18166987394656,260.3815224924781,132.83333333333303,89.05966681123854,-44.52983340561927,-84.11190754394865,-44.52983340561927,-1071.1737365974548,535.5868682987274,1011.6640845642756,535.5868682987274
178.0,-89.0,-168.11111111111146,-89.0,0.0,4.2624211669082985,1.0,2.0,0.013318989280776239,0.9822637390584289,-195.51506379449836,256.941823129598,131.88888888888857,75.08077219067476,-37.54038609533738,-70.90961818008267,-37.54038609533738,-1049.546202483998,524.773101241999,991.2380801237896,524.773101241999
179.0,-89.5,-169.0555555555559,-89.5,0.0,4.246803804552472,1.0,2.0,0.017357644771307634,0.9996213838297365,-197.78790515668484,253.4809620534995,130.94444444444412,57.611502780204965,-28.805751390102483,-54.410863736860975,-28.805751390102483,-1006.4308632094304,503.2154316047152,950.518037475586,503.2154316047152
180.0,-90.0,-170.00000000000037,-90.0,0.0,4.231127003809608,1.0,2.0,0.04190506141774519,1.0415264452474817,-200.00000000000003,250.00000000000003,129.99999999999966,23.863465800256247,-11.931732900128123,-22.537717700242315,-11.931732900128123,-805.3451262967894,402.6725631483947,760.6037303914223,402.6725631483947
179.0,-89.5,-169.0555555555559,-89.5,0.0,4.231127003809608,1.0,3.0,0.0,1.0415264452474817,-197.78790515668484,253.4809620534995,130.94444444444412,0.0,0.0,0.0,0.0,0.0,0.0,0.0,0.0
178.0,-89.0,-168.11111111111146,-89.0,0.0,4.246803804552472,1.0,3.0,0.059262706189052744,1.1007891514365344,-195.51506379449836,256.941823129598,131.88888888888857,-16.87401848997447,8.437009244987236,15.936573018309435,8.437009244987236,-284.7325000000003,142.36625000000015,268.91402777778166,142.36625000000015
177.0,-88.5,-167.166666666667,-88.5,0.0,4.2624211669082985,1.0,3.0,0.013318989280776197,1.1141081407173106,-193.18166987394656,260.3815224924781,132.83333333333303,-75.08077219067539,37.540386095337695,70.90961818008327,37.540386095337695,-4370.208014561077,2185.1040072805386,4127.418680418852,2185.1040072805386
176.0,-88.0,-166.22222222222254,-88.0,0.0,4.277978559015148,1.0,3.0,0.011228427365661417,1.1253365680829719,-190.78793587633962,263.799001503599,133.7777777777775,-89.05966681123942,44.52983340561971,84.11190754394947,44.52983340561971,-1244.95569729686,622.47784864843,1175.791491891494,622.47784864843
175.0,-87.5,-165.27777777777808,-87.5,0.0,4.293475454446081,1.0,3.0,0.00989244309589156,1.1352290111788634,-188.33409277701512,267.1932039449962,134.72222222222194,-101.08726330862721,50.54363165431361,95.47130423592698,50.54363165431361,-1215.836814101362,607.918407050681,1148.2903244290794,607.918407050681
174.0,-87.0,-164.33333333333363,-87.0,0.0,4.3089113321267405,1.0,3.0,0.008943452182083991,1.1441724633609474,-185.82039001291872,270.5630763421742,135.6666666666664,-111.81364641310007,55.90682320655004,105.60177716792927,55.90682320655004,-1199.356007734979,599.6780038674895,1132.7251184163854,599.6780038674895
173.0,-86.5,-163.38888888888917,-86.5,0.0,4.32428567625588,1.0,3.0,0.008224353072775581,1.1523968164337228,-183.24709544455024,273.90756828649626,136.61111111111086,-121.59011063255949,60.79505531627974,114.83510448630773,60.79505531627974,-1188.7213660393295,594.3606830196647,1122.6812901482704,594.3606830196647
172.0,-86.0,-162.4444444444447,-86.0,0.0,4.339597976226754,1.0,3.0,0.007655041191863998,1.1600518576255867,-180.61449531228277,277.22563275696916,137.55555555555532,-130.63286988747282,65.31643494373641,123.37548822705931,65.31643494373641,-1181.2815931708344,590.6407965854172,1115.6548379946894,590.6407965854172
171.0,-85.5,-161.50000000000026,-85.5,0.0,4.3548477265516174,1.0,3.0,0.0071897718751300355,1.1672416295007166,-177.92289418706633,280.5162264413282,138.49999999999977,-139.08647136066875,69.54323568033438,131.3594451739667,69.54323568033438,-1175.7815991961731,587.8907995980866,1110.4603992408463,587.8907995980866
170.0,-85.0,-160.5555555555558,-85.0,0.0,4.3700344267882105,1.0,3.0,0.006800255316083914,1.1740418848168006,-175.17261491552713,283.7783100563224,139.44444444444423,-147.05330219511012,73.52665109755506,138.88367429538363,73.52665109755506,-1171.5487822344276,585.7743911172138,1106.4627387769726,585.7743911172138
169.0,-84.5,-159.61111111111134,-84.5,0.0,4.385157581468069,1.0,3.0,0.006467925970139815,1.1805098107869405,-172.36399855947684,287.0108486671037,140.3888888888887,-154.60906705126843,77.30453352563421,146.01967443731104,77.30453352563421,-1168.189755269397,584.0948776346985,1103.290324421116,584.0948776346985
168.0,-84.0,-158.66666666666688,-84.0,0.0,4.400216700026019,1.0,3.0,0.00618002540019863,1.1866898361871392,-169.49740432984783,290.21281200562015,141.33333333333314,-161.8116326783787,80.90581633918934,152.82209752958192,80.90581633918934,-1165.4589035958818,582.7294517979409,1100.7111867294575,582.7294517979409
167.0,-83.5,-157.72222222222243,-83.5,0.0,4.415211296733565,1.0,3.0,0.005927456703490042,1.1926172928906293,-166.57320951507046,293.3831747879198,142.2777777777776,-168.70641997455482,84.35320998727741,159.33384108708168,84.35320998727741,-1163.1948812239161,581.5974406119581,1098.5729433781555,581.5974406119581
166.0,-83.0,-156.77777777777797,-83.0,0.0,4.430140890631609,1.0,3.0,0.005703534953774014,1.1983208278444033,-163.5918094039125,296.52091703026406,143.22222222222206,-175.32986263866277,87.66493131933139,165.58931471429483,87.66493131933139,-1161.2872924931064,580.6436462465532,1096.771331799059,580.6436462465532
165.0,-82.5,-155.8333333333335,-82.5,0.0,4.445005005466603,1.0,3.0,0.005503222395804086,1.2038240502402073,-160.55361720280078,299.6250243639568,144.16666666666652,-181.71171871274126,90.85585935637063,171.61662322870237,90.85585935637063,-1159.6580357981488,579.8290178990744,1095.2325893649327,579.8290178990744
164.0,-82.0,-154.88888888888906,-82.0,0.0,4.459803169628191,1.0,3.0,0.005322640678254692,1.209146690918462,-157.45906394764737,302.69448834879245,145.11111111111097,-187.87666882820605,93.93833441410302,177.4390761155303,93.93833441410302,-1158.250291185589,579.1251455927945,1093.9030527864036,579.1251455927945
163.0,-81.5,-153.9444444444446,-81.5,0.0,4.4745349160881105,1.0,3.0,0.005158748802377988,1.2143054397208402,-154.30859841020444,305.7283067850266,146.05555555555543,-193.84545328879287,96.92272664439643,183.07626143941795,96.92272664439643,-1157.0217293455548,578.5108646727774,1092.7427443819322,578.5108646727774
162.0,-81.0,-153.00000000000014,-81.0,0.0,4.489199782341067,1.0,3.0,0.005009124093799527,1.2193145638146397,-151.10268699897304,308.72548402377396,146.9999999999999,-199.63570102761904,99.81785051380952,188.54482874830938,99.81785051380952,-1155.9401664641478,577.9700832320739,1091.7212683272621,577.9700832320739
161.0,-80.5,-152.05555555555569,-80.5,0.0,4.503797310346785,1.0,3.0,0.004871809375658259,1.224186373190298,-147.84181365469396,311.6850312757392,147.94444444444434,-205.26254680579882,102.63127340289941,193.85907198325702,102.63127340289941,-1154.9806949126396,577.4903474563198,1090.8151007508395,577.4903474563198
160.0,-80.0,-151.11111111111123,-80.0,0.0,4.518327046474055,1.0,3.0,0.004769961347591001,1.228956334537889,-144.5264797404491,314.6059669181858,148.8888888888888,-209.64530467422176,104.82265233711088,197.9983433034343,104.82265233711088,-918.8246086388705,459.41230431943524,867.7787970478323,459.41230431943524
159.0,-79.5,-150.16666666666677,-79.5,0.0,4.532788541446158,1.0,3.0,0.004761904761904745,1.2337182392997939,-141.15720392640355,317.4873168000487,149.83333333333326,-210.00000000000074,105.00000000000037,198.3333333333367,105.00000000000037,-74.48601841358537,37.243009206792685,70.34790627950426,37.243009206792685
158.0,-79.0,-149.2222222222223,-79.0,0.0,4.547181350287922,1.0,3.0,0.004761904761904773,1.2384801440616986,-137.73452206922127,320.3281145450984,150.77777777777771,-210.00000000000074,105.00000000000037,198.3333333333367,105.00000000000037,0.0,0.0,0.0,0.0
157.0,-78.5,-148.27777777777786,-78.5,0.0,4.561505032273042,1.0,3.0,0.004761904761904773,1.2432420488236033,-134.25898708618874,323.1274018530622,151.72222222222217,-210.00000000000074,105.00000000000037,198.3333333333367,105.00000000000037,0.0,0.0,0.0,0.0
156.0,-78.0,-147.3333333333334,-78.0,0.0,4.575759150874746,1.0,3.0,0.004761904761904745,1.248003953585508,-130.73116882408036,325.8842287986115,152.66666666666663,-210.00000000000074,105.00000000000037,198.3333333333367,105.00000000000037,0.0,0.0,0.0,0.0
155.0,-77.5,-146.38888888888894,-77.5,0.0,4.589943273716499,1.0,3.0,0.004761904761904773,1.2527658583474128,-127.15165392280431,328.5976541281233,153.6111111111111,-210.00000000000074,105.00000000000037,198.3333333333367,105.00000000000037,0.0,0.0,0.0,0.0
154.0,-77.0,-145.44444444444449,-77.0,0.0,4.604056972523685,1.0,3.0,0.004761904761904773,1.2575277631093176,-123.52104567386723,331.26674555412427,154.55555555555554,-210.00000000000074,105.00000000000037,198.3333333333367,105.00000000000037,0.0,0.0,0.0,0.0
153.0,-76.5,-144.50000000000003,-76.5,0.0,4.618099823078006,1.0,3.0,0.004761904761904745,1.2622896678712223,-119.83996387369724,333.8905800473285,155.5,-210.00000000000074,105.00000000000037,198.3333333333367,105.00000000000037,0.0,0.0,0.0,0.0
152.0,-76.0,-143.55555555555557,-76.0,0.0,4.6320714051711445,1.0,3.0,0.004761904761904773,1.267051572633127,-116.10904467186845,336.4682441261773,156.44444444444446,-210.00000000000074,105.00000000000037,198.3333333333367,105.00000000000037,0.0,0.0,0.0,0.0
151.0,-75.5,-142.61111111111111,-75.5,0.0,4.6459713025618194,1.0,3.0,0.004761904761904745,1.2718134773950318,-112.32894041426884,338.9988341437944,157.3888888888889,-210.00000000000074,105.00000000000037,198.3333333333367,105.00000000000037,0.0,0.0,0.0,0.0
150.0,-75.0,-141.66666666666666,-75.0,0.0,4.659799102932362,1.0,3.0,0.004761904761904773,1.2765753821569366,-108.50031948125762,341.48145657226706,158.33333333333337,-210.00000000000074,105.00000000000037,198.3333333333367,105.00000000000037,0.0,0.0,0.0,0.0
149.0,-74.5,-140.7222222222222,-74.5,0.0,4.673554397847101,1.0,3.0,0.004761904761904745,1.2813372869188413,-104.62386612085827,343.91522828416663,159.27777777777783,-210.00000000000074,105.00000000000037,198.3333333333367,105.00000000000037,0.0,0.0,0.0,0.0
148.0,-74.0,-139.77777777777774,-74.0,0.0,4.687236782711045,1.0,3.0,0.004761904761904773,1.286099191680746,-100.70028027703546,346.2992768312207,160.22222222222229,-210.00000000000074,105.00000000000037,198.3333333333367,105.00000000000037,0.0,0.0,0.0,0.0
147.0,-73.5,-138.8333333333333,-73.5,0.0,4.7008458567316795,1.0,3.0,0.004761904761904773,1.2908610964426508,-96.73027741310426,348.6327407200537,161.16666666666674,-210.00000000000074,105.00000000000037,198.3333333333367,105.00000000000037,0.0,0.0,0.0,0.0
146.0,-73.0,-137.88888888888883,-73.0,0.0,4.71438122287924,1.0,3.0,0.004761904761904745,1.2956230012045555,-92.71458833032419,350.91476968490826,162.1111111111112,-210.00000000000074,105.00000000000037,198.3333333333367,105.00000000000037,0.0,0.0,0.0,0.0
145.0,-72.5,-136.94444444444437,-72.5,0.0,4.7278424878492755,1.0,3.0,0.004761904761904745,1.3003849059664603,-88.65395898173007,353.14452495726596,163.05555555555566,-210.00000000000074,105.00000000000037,198.3333333333367,105.00000000000037,0.0,0.0,0.0,0.0
144.0,-72.0,-135.99999999999991,-72.0,0.0,4.741229262026907,1.0,3.0,0.0047619047619048005,1.305146810728365,-84.54915028125262,355.32117953228305,164.0000000000001,-210.00000000000074,105.00000000000037,198.3333333333367,105.00000000000037,0.0,0.0,0.0,0.0
143.0,-71.5,-135.05555555555546,-71.5,0.0,4.754541159450349,1.0,3.0,0.004761904761904745,1.3099087154902698,-80.40093790818563,357.44391843195945,164.94444444444457,-210.00000000000074,105.00000000000037,198.3333333333367,105.00000000000037,0.0,0.0,0.0,0.0
142.0,-71.0,-134.111111111111,-71.0,0.0,4.767777797777236,1.0,3.0,0.0047619047619048005,1.3146706202521745,-76.21011210705527,359.5119389649609,165.88888888888903,-210.00000000000074,105.00000000000037,198.3333333333367,105.00000000000037,0.0,0.0,0.0,0.0
141.0,-70.5,-133.16666666666654,-70.5,0.0,4.7809387982492595,1.0,3.0,0.004761904761904745,1.3194325250140793,-71.97747748295144,361.5244509830121,166.83333333333348,-210.00000000000074,105.00000000000037,198.3333333333367,105.00000000000037,0.0,0.0,0.0,0.0
140.0,-70.0,-132.2222222222221,-70.0,0.0,4.79402378566113,1.0,3.0,0.004761904761904745,1.324194429775984,-67.70385279237846,363.480677133785,167.77777777777794,-210.00000000000074,105.00000000000037,198.3333333333367,105.00000000000037,0.0,0.0,0.0,0.0
139.0,-69.5,-131.27777777777763,-69.5,0.0,4.807032388327606,1.0,3.0,0.004761904761904745,1.3289563345378888,-63.39007072968761,365.3798531102009,168.7222222222224,-210.00000000000074,105.00000000000037,198.3333333333367,105.00000000000037,0.0,0.0,0.0,0.0
138.0,-69.0,-130.33333333333317,-69.0,0.0,4.819964238052455,1.0,3.0,0.004761904761904745,1.3337182392997935,-59.0369777091538,367.22122789607215,169.66666666666686,-210.00000000000074,105.00000000000037,198.3333333333367,105.00000000000037,0.0,0.0,0.0,0.0
137.0,-68.5,-129.38888888888872,-68.5,0.0,4.8328189700977395,1.0,3.0,0.0047619047619048005,1.3384801440616982,-54.645433642759855,369.0040640080058,170.6111111111113,-210.00000000000074,105.00000000000037,198.3333333333367,105.00000000000037,0.0,0.0,0.0,0.0
136.0,-68.0,-128.44444444444426,-68.0,0.0,4.845596223155464,1.0,3.0,0.004761904761904745,1.343242048823603,-50.21631171375233,370.7276377334963,171.55555555555577,-210.00000000000074,105.00000000000037,198.3333333333367,105.00000000000037,0.0,0.0,0.0,0.0
135.0,-67.5,-127.49999999999982,-67.5,0.0,4.8582956393173236,1.0,3.0,0.0047619047619048005,1.3480039535855077,-45.75049814603709,372.3912393651312,172.50000000000017,-210.00000000000074,105.00000000000037,198.3333333333337,105.00000000000037,0.0,0.0,-6.266986929404106e-10,0.0
134.0,-67.0,-126.55555555555537,-67.0,0.0,4.870916864047351,1.0,3.0,0.004761904761904745,1.3527658583474125,-41.24889196948098,373.9941734308403,173.44444444444463,-210.00000000000074,105.00000000000037,198.3333333333337,105.00000000000037,0.0,0.0,0.0,0.0
133.0,-66.5,-125.61111111111093,-66.5,0.0,4.883459546154703,1.0,3.0,0.004761904761904745,1.3575277631093172,-36.712404781188155,375.5357589201151,174.38888888888908,-210.00000000000074,105.00000000000037,198.3333333333337,105.00000000000037,0.0,0.0,0.0,0.0
132.0,-66.0,-124.66666666666649,-66.0,0.0,4.895923337767121,1.0,3.0,0.004761904761904745,1.362289667871222,-32.14196050282166,377.0153295061291,175.33333333333348,-210.00000000000074,105.00000000000037,198.3333333333337,105.00000000000037,0.0,0.0,0.0,0.0
131.0,-65.5,-123.72222222222204,-65.5,0.0,4.9083078943045075,1.0,3.0,0.004761904761904745,1.3670515726331267,-27.538495134041835,378.4322337636902,176.27777777777794,-210.00000000000074,105.00000000000037,198.3333333333337,105.00000000000037,0.0,0.0,0.0,0.0
130.0,-65.0,-122.7777777777776,-65.0,0.0,4.920612874454271,1.0,3.0,0.0047619047619048005,1.3718134773950315,-22.90295650213309,379.7858353829581,177.2222222222224,-210.00000000000074,105.00000000000037,198.3333333333337,105.00000000000037,0.0,0.0,0.0,0.0
129.0,-64.5,-121.83333333333316,-64.5,0.0,4.932837940146054,1.0,3.0,0.0047619047619048005,1.3765753821569362,-18.236304007893718,381.07551337885934,178.16666666666686,-210.00000000000074,105.00000000000037,198.3333333333337,105.00000000000037,0.0,0.0,0.0,0.0
128.0,-64.0,-120.88888888888872,-64.0,0.0,4.944982756528508,1.0,3.0,0.004761904761904745,1.381337286918841,-13.539508367862336,382.3006622961361,179.1111111111113,-210.00000000000074,105.00000000000037,198.3333333333337,105.00000000000037,0.0,0.0,0.0,0.0
127.0,-63.5,-119.94444444444427,-63.5,0.0,4.9570469919458295,1.0,3.0,0.004761904761904745,1.3860991916807457,-8.813551352957543,383.46069240996485,180.0555555555557,-210.00000000000074,105.00000000000037,198.3333333333337,105.00000000000037,0.0,0.0,0.0,0.0
126.0,-63.0,-118.99999999999983,-63.0,0.0,4.969030317914796,1.0,3.0,0.004761904761904745,1.3908610964426504,-4.059425523607952,384.5550299220814,181.00000000000017,-210.00000000000074,105.00000000000037,198.3333333333337,105.00000000000037,0.0,0.0,0.0,0.0
125.0,-62.5,-118.05555555555539,-62.5,0.0,4.980932409102488,1.0,3.0,0.004761904761904745,1.3956230012045552,0.721866038549327,385.5831171523538,181.94444444444463,-210.00000000000074,105.00000000000037,198.3333333333337,105.00000000000037,0.0,0.0,0.0,0.0
124.0,-62.0,-117.11111111111094,-62.0,0.0,4.9927529433049935,1.0,3.0,0.0047619047619048005,1.40038490596646,5.529310002323291,386.5444127257401,182.88888888888903,-210.00000000000074,105.00000000000037,198.3333333333337,105.00000000000037,0.0,0.0,0.0,0.0
123.0,-61.5,-116.1666666666665,-61.5,0.0,5.004491601427161,1.0,3.0,0.004761904761904745,1.4051468107283647,10.361883061896654,387.4383917545762,183.83333333333348,-210.00000000000074,105.00000000000037,198.3333333333337,105.00000000000037,0.0,0.0,0.0,0.0
122.0,-61.0,-115.22222222222206,-61.0,0.0,5.016148067460413,1.0,3.0,0.0047619047619048005,1.4099087154902694,15.21855221494325,388.2645460161342,184.77777777777794,-210.00000000000074,105.00000000000037,198.3333333333337,105.00000000000037,0.0,0.0,0.0,0.0
121.0,-60.5,-114.27777777777762,-60.5,0.0,5.027722028464275,1.0,3.0,0.004761904761904745,1.4146706202521742,20.0982750438559,389.0223841253974,185.7222222222224,-210.00000000000074,105.00000000000037,198.3333333333337,105.00000000000037,0.0,0.0,0.0,0.0
120.0,-60.0,-113.33333333333317,-60.0,0.0,5.039213174546627,1.0,3.0,0.004761904761904745,1.419432525014079,24.999999999999993,389.71143170299746,186.66666666666686,-210.00000000000074,105.00000000000037,198.3333333333337,105.00000000000037,0.0,0.0,0.0,0.0
119.0,-59.5,-112.38888888888873,-59.5,0.0,5.0506211988442935,1.0,3.0,0.004761904761904745,1.4241944297759837,29.922666690908606,390.3312315382607,187.61111111111126,-210.00000000000074,105.00000000000037,198.3333333333337,105.00000000000037,0.0,0.0,0.0,0.0
118.0,-59.0,-111.44444444444429,-59.0,0.0,5.061945797505533,1.0,3.0,0.004761904761904745,1.4289563345378884,34.86520617033545,390.8813437473135,188.5555555555557,-210.00000000000074,105.00000000000037,198.3333333333337,105.00000000000037,0.0,0.0,0.0,0.0
117.0,-58.5,-110.49999999999984,-58.5,0.0,5.0731866696708545,1.0,3.0,0.0047619047619048005,1.4337182392997931,39.82654123107782,391.36134592619663,189.50000000000017,-210.00000000000074,105.00000000000037,198.3333333333337,105.00000000000037,0.0,0.0,0.0,0.0
116.0,-58.0,-109.5555555555554,-58.0,0.0,5.084343517457221,1.0,3.0,0.0047619047619048005,1.4384801440616979,44.8055867004857,391.77083329894,190.44444444444457,-210.00000000000074,105.00000000000037,198.3333333333337,105.00000000000037,0.0,0.0,0.0,0.0
115.0,-57.5,-108.61111111111096,-57.5,0.0,5.095416045939344,1.0,3.0,0.004761904761904745,1.4432420488236026,49.801249738566064,392.1094188605515,191.38888888888903,-210.00000000000074,105.00000000000037,198.3333333333337,105.00000000000037,0.0,0.0,0.0,0.0
114.0,-57.0,-107.66666666666652,-57.0,0.0,5.106403963133926,1.0,3.0,0.004761904761904745,1.4480039535855074,54.81243013859669,392.37673351487626,192.33333333333348,-210.00000000000074,105.00000000000037,198.3333333333337,105.00000000000037,0.0,0.0,0.0,0.0
113.0,-56.5,-106.72222222222207,-56.5,0.0,5.117306979983859,1.0,3.0,0.004761904761904745,1.4527658583474121,59.83802063015977,392.57242620728016,193.27777777777794,-210.00000000000074,105.00000000000037,198.3333333333337,105.00000000000037,0.0,0.0,0.0,0.0
112.0,-56.0,-105.77777777777763,-56.0,0.0,5.128124810341562,1.0,3.0,0.004761904761904745,1.4575277631093169,64.87690718450425,392.696164052118,194.2222222222224,-210.00000000000074,105.00000000000037,198.3333333333337,105.00000000000037,0.0,0.0,0.0,0.0
111.0,-55.5,-104.83333333333319,-55.5,0.0,5.138857170954519,1.0,3.0,0.0047619047619048005,1.4622896678712216,69.9279693221481,392.7476324549443,195.1666666666668,-210.00000000000074,105.00000000000037,198.3333333333337,105.00000000000037,0.0,0.0,0.0,0.0
110.0,-55.0,-103.88888888888874,-55.0,0.0,5.149503781449797,1.0,3.0,0.004761904761904745,1.4670515726331264,74.99008042262776,392.72653522942966,196.11111111111126,-210.00000000000074,105.00000000000037,198.3333333333337,105.00000000000037,0.0,0.0,0.0,0.0
109.0,-54.5,-102.9444444444443,-54.5,0.0,5.160064364319674,1.0,3.0,0.0047619047619048005,1.471813477395031,80.06210803630363,392.63259470894326,197.0555555555557,-210.00000000000074,105.00000000000037,198.3333333333337,105.00000000000037,0.0,0.0,0.0,0.0
108.0,-54.0,-101.99999999999986,-54.0,0.0,5.170538644907503,1.0,3.0,0.004761904761904745,1.4765753821569358,85.1429141981288,392.46555185276765,198.0000000000001,-210.00000000000074,105.00000000000037,198.3333333333337,105.00000000000037,0.0,0.0,0.0,0.0
107.0,-53.5,-101.05555555555542,-53.5,0.0,5.180926351394078,1.0,3.0,0.004761904761904745,1.4813372869188406,90.23135574328798,392.2251663469115,198.94444444444457,-210.00000000000074,105.00000000000037,198.3333333333337,105.00000000000037,0.0,0.0,0.0,0.0
106.0,-53.0,-100.11111111111097,-53.0,0.0,5.191227214783823,1.0,3.0,0.004761904761904745,1.4860991916807453,95.32628462461226,391.91121669948706,199.88888888888903,-210.00000000000074,105.00000000000037,198.3333333333337,105.00000000000037,0.0,0.0,0.0,0.0
105.0,-52.5,-99.16666666666653,-52.5,0.0,5.201440968891766,1.0,3.0,0.0047619047619048005,1.49086109644265,100.42654823167594,391.52350033062254,200.83333333333348,-210.00000000000074,105.00000000000037,198.3333333333337,105.00000000000037,0.0,0.0,0.0,0.0
104.0,-52.0,-98.22222222222209,-52.0,0.0,5.211567350331497,1.0,3.0,0.004761904761904745,1.4956230012045548,105.53098971148101,391.06183365687986,201.77777777777794,-210.00000000000074,105.00000000000037,198.3333333333337,105.00000000000037,0.0,0.0,0.0,0.0
103.0,-51.5,-97.27777777777764,-51.5,0.0,5.221606098501267,1.0,3.0,0.004761904761904745,1.5003849059664596,110.63844829063189,390.52605217015054,202.72222222222234,-210.00000000000074,105.00000000000037,198.3333333333337,105.00000000000037,0.0,0.0,0.0,0.0
102.0,-51.0,-96.3333333333332,-51.0,0.0,5.23155695557352,1.0,3.0,0.0047619047619048005,1.5051468107283643,115.74775959890752,389.9160105110039,203.6666666666668,-210.00000000000074,105.00000000000037,198.3333333333337,105.00000000000037,0.0,0.0,0.0,0.0
101.0,-50.5,-95.38888888888876,-50.5,0.0,5.241419666481914,1.0,3.0,0.004761904761904745,1.509908715490269,120.85775599413199,389.2315825364629,204.61111111111126,-210.00000000000074,105.00000000000037,198.3333333333337,105.00000000000037,0.0,0.0,0.0,0.0
100.0,-50.0,-94.44444444444431,-50.0,0.0,5.251193978910695,1.0,3.0,0.004761904761904745,1.5146706202521738,125.9672668882487,388.4726613821862,205.55555555555566,-210.00000000000074,105.00000000000037,198.3333333333337,105.00000000000037,0.0,0.0,0.0,0.0
99.0,-49.5,-93.49999999999987,-49.5,0.0,5.26087964328271,1.0,3.0,0.004761904761904745,1.5194325250140785,131.07511907449964,387.63915951903533,206.5000000000001,-210.00000000000074,105.00000000000037,198.3333333333337,105.00000000000037,0.0,0.0,0.0,0.0
98.0,-49.0,-92.55555555555543,-49.0,0.0,5.2704764127492725,1.0,3.0,0.0047619047619048005,1.5241944297759833,136.18013705561373,386.7310088040071,207.44444444444457,-210.00000000000074,105.00000000000037,198.3333333333337,105.00000000000037,0.0,0.0,0.0,0.0
97.0,-48.5,-91.61111111111099,-48.5,0.0,5.279984043178615,1.0,3.0,0.004761904761904745,1.528956334537888,141.28114337290484,385.74816052551495,208.38888888888903,-210.00000000000074,105.00000000000037,198.3333333333337,105.00000000000037,0.0,0.0,0.0,0.0
96.0,-48.0,-90.66666666666654,-48.0,0.0,5.2894022931469244,1.0,3.0,0.004761904761904745,1.5337182392997928,146.37695893618383,384.6905854430033,209.33333333333348,-210.00000000000074,105.00000000000037,198.3333333333337,105.00000000000037,0.0,0.0,0.0,0.0
95.0,-47.5,-89.7222222222221,-47.5,0.0,5.298730923926896,1.0,3.0,0.0047619047619048005,1.5384801440616975,151.46640335438335,383.5582738208802,210.27777777777789,-210.00000000000074,105.00000000000037,198.3333333333337,105.00000000000037,0.0,0.0,0.0,0.0
94.0,-47.0,-88.77777777777766,-47.0,0.0,5.307969699478955,1.0,3.0,0.004761904761904745,1.5432420488236023,156.5482952667995,382.3512354567575,211.22222222222234,-210.00000000000074,105.00000000000037,198.3333333333337,105.00000000000037,0.0,0.0,0.0,0.0
93.0,-46.5,-87.83333333333321,-46.5,0.0,5.317118386440868,1.0,3.0,0.004761904761904745,1.548003953585507,161.6214526748497,381.0694997039867,212.1666666666668,-210.00000000000074,105.00000000000037,198.3333333333337,105.00000000000037,0.0,0.0,0.0,0.0
92.0,-46.0,-86.88888888888877,-46.0,0.0,5.326176754119209,1.0,3.0,0.004761904761904856,1.5527658583474118,166.6846932742492,379.71311548848195,213.1111111111112,-210.00000000000074,105.00000000000037,198.3333333333337,105.00000000000037,0.0,0.0,0.0,0.0
91.0,-45.5,-85.94444444444433,-45.5,0.0,5.335144574479543,1.0,3.0,0.004761904761904745,1.5575277631093165,171.736834787506,378.2821513198237,214.05555555555566,-210.00000000000074,105.00000000000037,198.3333333333337,105.00000000000037,0.0,0.0,0.0,0.0
90.0,-45.0,-84.99999999999989,-45.0,0.0,5.344021622138884,1.0,3.0,0.004761904761904745,1.5622896678712213,176.77669529663686,376.77669529663694,215.0000000000001,-210.00000000000074,105.00000000000037,198.3333333333337,105.00000000000037,0.0,0.0,0.0,0.0
89.0,-44.5,-84.05555555555544,-44.5,0.0,5.352807674355321,1.0,3.0,0.004761904761904745,1.567051572633126,181.80309357600203,375.19685510624106,215.94444444444457,-210.00000000000074,105.00000000000037,198.3333333333337,105.00000000000037,0.0,0.0,0.0,0.0
88.0,-44.0,-83.111111111111,-44.0,0.0,5.361502511021314,1.0,3.0,0.004761904761904745,1.5718134773950307,186.814849425163,373.5427580185686,216.88888888888903,-210.00000000000074,105.00000000000037,198.3333333333337,105.00000000000037,0.0,0.0,0.0,0.0
87.0,-43.5,-82.16666666666656,-43.5,0.0,5.3701059146541485,1.0,3.0,0.004761904761904745,1.5765753821569355,191.81078400166066,371.8145508743533,217.83333333333343,-210.00000000000074,105.00000000000037,198.3333333333337,105.00000000000037,0.0,0.0,0.0,0.0
86.0,-43.0,-81.22222222222211,-43.0,0.0,5.378617670389476,1.0,3.0,0.004761904761904745,1.5813372869188402,196.78972015361768,370.0124000675895,218.77777777777789,-210.00000000000074,105.00000000000037,198.3333333333337,105.00000000000037,0.0,0.0,0.0,0.0
85.0,-42.5,-80.27777777777767,-42.5,0.0,5.38703756597224,1.0,3.0,0.004761904761904745,1.586099191680745,201.7504827520626,368.1364915222643,219.72222222222234,-210.00000000000074,105.00000000000037,198.3333333333337,105.00000000000037,0.0,0.0,0.0,0.0
84.0,-42.0,-79.33333333333323,-42.0,0.0,5.3953653917502775,1.0,3.0,0.004761904761904745,1.5908610964426497,206.6918990228792,366.1870306633693,220.66666666666674,-210.00000000000074,105.00000000000037,198.3333333333337,105.00000000000037,0.0,0.0,0.0,0.0
83.0,-41.5,-78.38888888888879,-41.5,0.0,5.403600940665979,1.0,3.0,0.004761904761904745,1.5956230012045545,211.61279887828,364.1642423821988,221.6111111111112,-210.00000000000074,105.00000000000037,198.3333333333337,105.00000000000037,0.0,0.0,0.0,0.0
82.0,-41.0,-77.44444444444434,-41.0,0.0,5.411744008249968,1.0,3.0,0.004761904761904856,1.6003849059664592,216.51201524770613,362.06837099594094,222.55555555555566,-210.00000000000074,105.00000000000037,198.3333333333337,105.00000000000037,0.0,0.0,0.0,0.0
81.0,-40.5,-76.4999999999999,-40.5,0.0,5.419794392613712,1.0,3.0,0.004761904761904745,1.605146810728364,221.38838440805392,359.8996802015735,223.5000000000001,-210.00000000000074,105.00000000000037,198.3333333333337,105.00000000000037,0.0,0.0,0.0,0.0
80.0,-40.0,-75.55555555555546,-40.0,0.0,5.4277518944432614,1.0,3.0,0.004761904761904745,1.6099087154902687,226.24074631313056,357.65845302407644,224.44444444444454,-210.00000000000074,105.00000000000037,198.3333333333337,105.00000000000037,0.0,0.0,0.0,0.0
79.0,-39.5,-74.61111111111101,-39.5,0.0,5.4356163169920135,1.0,3.0,0.004761904761904856,1.6146706202521734,231.06794492223895,355.3449917589739,225.38888888888897,-210.00000000000074,105.00000000000037,198.3333333333337,105.00000000000037,0.0,0.0,0.0,0.0
78.0,-39.0,-73.66666666666657,-39.0,0.0,5.443387466074972,1.0,3.0,0.004761904761904745,1.6194325250140782,235.8688285277946,352.9596179092205,226.33333333333343,-210.00000000000074,105.00000000000037,198.3333333333337,105.00000000000037,0.0,0.0,0.0,0.0
77.0,-38.5,-72.72222222222213,-38.5,0.0,5.451065150061748,1.0,3.0,0.004761904761904745,1.624194429775983,240.64225008187643,350.50267211645206,227.27777777777789,-210.00000000000074,105.00000000000037,198.3333333333337,105.00000000000037,0.0,0.0,0.0,0.0
76.0,-38.0,-71.77777777777769,-38.0,0.0,5.458649179871807,1.0,3.0,0.004761904761904745,1.6289563345378877,245.38706752161406,347.97451408661396,228.2222222222223,-210.00000000000074,105.00000000000037,198.3333333333337,105.00000000000037,0.0,0.0,0.0,0.0
75.0,-37.5,-70.83333333333324,-37.5,0.0,5.466139368966674,1.0,3.0,0.004761904761904745,1.6337182392997924,250.10214409331292,345.3755225099939,229.16666666666674,-210.00000000000074,105.00000000000037,198.3333333333337,105.00000000000037,0.0,0.0,0.0,0.0
74.0,-37.0,-69.8888888888888,-37.0,0.0,5.47353553334629,1.0,3.0,0.004761904761904745,1.6384801440616972,254.78634867522302,342.70609497567597,230.1111111111112,-210.00000000000074,105.00000000000037,198.3333333333337,105.00000000000037,0.0,0.0,0.0,0.0
73.0,-36.5,-68.94444444444436,-36.5,0.0,5.480837491541842,1.0,3.0,0.004761904761904745,1.643242048823602,259.4385560988516,339.9666478804424,231.05555555555566,-210.00000000000074,105.00000000000037,198.3333333333337,105.00000000000037,0.0,0.0,0.0,0.0
72.0,-36.0,-67.99999999999991,-36.0,0.0,5.488045064610895,1.0,3.0,0.004761904761904745,1.6480039535855067,264.0576474687263,337.1576163321491,232.00000000000009,-210.00000000000074,105.00000000000037,198.3333333333337,105.00000000000037,0.0,0.0,0.0,0.0
71.0,-35.5,-67.05555555555547,-35.5,0.0,5.4951580761325545,1.0,3.0,0.004761904761904745,1.6527658583474114,268.64251048051113,334.27945404759834,232.9444444444445,-210.00000000000074,105.00000000000037,198.3333333333337,105.00000000000037,0.0,0.0,0.0,0.0
70.0,-35.0,-66.11111111111103,-35.0,0.0,5.502176352201356,1.0,3.0,0.004761904761904745,1.6575277631093162,273.19203973738166,331.3326332449432,233.88888888888897,-210.00000000000074,105.00000000000037,198.3333333333337,105.00000000000037,0.0,0.0,0.0,0.0
69.0,-34.5,-65.16666666666659,-34.5,0.0,5.509099721423255,1.0,3.0,0.004761904761904856,1.662289667871221,277.7051370645639,328.3176445306486,234.83333333333343,-210.00000000000074,105.00000000000037,198.3333333333337,105.00000000000037,0.0,0.0,0.0,0.0
68.0,-34.0,-64.22222222222214,-34.0,0.0,5.515928014910056,1.0,3.0,0.004761904761904745,1.6670515726331256,282.1807118219428,325.23499678104423,235.77777777777786,-210.00000000000074,105.00000000000037,198.3333333333337,105.00000000000037,0.0,0.0,0.0,0.0
67.0,-33.5,-63.27777777777769,-33.5,0.0,5.52266106627507,1.0,3.0,0.004761904761904745,1.6718134773950304,286.6176812146468,322.08521701850265,236.7222222222223,-210.00000000000074,105.00000000000037,198.3333333333352,105.00000000000037,0.0,0.0,3.1036506698001285e-10,0.0
66.0,-33.0,-62.33333333333324,-33.0,0.0,5.529298711628214,1.0,3.0,0.004761904761904856,1.6765753821569351,291.014970601516,318.868850282277,237.66666666666674,-210.00000000000074,105.00000000000037,198.3333333333352,105.00000000000037,0.0,0.0,0.0,0.0
65.0,-32.5,-61.38888888888879,-32.5,0.0,5.535840789572056,1.0,3.0,0.004761904761904745,1.6813372869188399,295.3715138013613,315.586459494036,238.6111111111112,-210.00000000000074,105.00000000000037,198.3333333333352,105.00000000000037,0.0,0.0,0.0,0.0
64.0,-32.0,-60.44444444444434,-32.0,0.0,5.542287141196604,1.0,3.0,0.004761904761904745,1.6860991916807446,299.6862533969219,312.2386253181347,239.55555555555566,-210.00000000000074,105.00000000000037,198.3333333333352,105.00000000000037,0.0,0.0,0.0,0.0
63.0,-31.5,-59.49999999999989,-31.5,0.0,5.548637610076215,1.0,3.0,0.004761904761904745,1.6908610964426494,303.9581410364323,308.8259460166608,240.5000000000001,-210.00000000000074,105.00000000000037,198.3333333333352,105.00000000000037,0.0,0.0,0.0,0.0
62.0,-31.0,-58.55555555555544,-31.0,0.0,5.554892042264308,1.0,3.0,0.004761904761904745,1.6956230012045541,308.1861377327062,305.34903729929897,241.44444444444457,-210.00000000000074,105.00000000000037,198.3333333333352,105.00000000000037,0.0,0.0,0.0,0.0
61.0,-30.5,-57.61111111111099,-30.5,0.0,5.561050286290201,1.0,3.0,0.004761904761904745,1.7003849059664589,312.36921415964883,301.80853216805525,242.388888888889,-210.00000000000074,105.00000000000037,198.3333333333352,105.00000000000037,0.0,0.0,0.0,0.0
60.0,-30.0,-56.66666666666654,-30.0,0.0,5.5671121931549346,1.0,3.0,0.004761904761904745,1.7051468107283636,316.50635094610965,298.20508075688775,243.33333333333346,-210.00000000000074,105.00000000000037,198.3333333333352,105.00000000000037,0.0,0.0,0.0,0.0
59.0,-29.5,-55.72222222222209,-29.5,0.0,5.573077616327372,1.0,3.0,0.004761904761904745,1.7099087154902683,320.5965389669857,294.5393501662893,244.2777777777779,-210.00000000000074,105.00000000000037,198.3333333333352,105.00000000000037,0.0,0.0,0.0,0.0
58.0,-29.0,-54.777777777777644,-29.0,0.0,5.578946411740973,1.0,3.0,0.004761904761904745,1.714670620252173,324.63877963148985,290.8120242928695,245.22222222222234,-210.00000000000074,105.00000000000037,198.3333333333352,105.00000000000037,0.0,0.0,0.0,0.0
57.0,-28.5,-53.833333333333194,-28.5,0.0,5.584718437789723,1.0,3.0,0.004761904761904745,1.7194325250140778,328.6320851684968,287.02380365398693,246.1666666666668,-210.00000000000074,105.00000000000037,198.3333333333352,105.00000000000037,0.0,0.0,0.0,0.0
56.0,-28.0,-52.888888888888744,-28.0,0.0,5.5903935553243915,1.0,3.0,0.004761904761904856,1.7241944297759826,332.5754789088811,283.1754052074811,247.11111111111126,-210.00000000000074,105.00000000000037,198.3333333333352,105.00000000000037,0.0,0.0,0.0,0.0
55.0,-27.5,-51.944444444444294,-27.5,0.0,5.595971627650731,1.0,3.0,0.004761904761904745,1.7289563345378873,336.4679955647646,279.2675621665569,248.0555555555557,-210.00000000000074,105.00000000000037,198.3333333333352,105.00000000000037,0.0,0.0,0.0,0.0
54.0,-27.0,-50.999999999999844,-27.0,0.0,5.601452520524326,1.0,3.0,0.004761904761904745,1.733718239299792,340.30868150558655,275.30102380987626,249.00000000000017,-210.00000000000074,105.00000000000037,198.3333333333352,105.00000000000037,0.0,0.0,0.0,0.0
53.0,-26.5,-50.055555555555394,-26.5,0.0,5.606836102148445,1.0,3.0,0.004761904761904745,1.7384801440616968,344.096595030916,271.2765552869108,249.9444444444446,-210.00000000000074,105.00000000000037,198.3333333333352,105.00000000000037,0.0,0.0,0.0,0.0
52.0,-26.0,-49.111111111110944,-26.0,0.0,5.612122243170502,1.0,3.0,0.004761904761904745,1.7432420488236016,347.8308066399234,267.19493741861385,250.88888888888906,-210.00000000000074,105.00000000000037,198.3333333333352,105.00000000000037,0.0,0.0,0.0,0.0
51.0,-25.5,-48.166666666666494,-25.5,0.0,5.617310816679994,1.0,3.0,0.004761904761904856,1.7480039535855063,351.5103992974326,263.056966493468,251.8333333333335,-210.00000000000074,105.00000000000037,198.3333333333352,105.00000000000037,0.0,0.0,0.0,0.0
50.0,-25.0,-47.222222222222044,-25.0,0.0,5.622401698204194,1.0,3.0,0.004761904761904745,1.752765858347411,355.13446869647044,258.8634540589705,252.77777777777794,-210.00000000000074,105.00000000000037,198.3333333333352,105.00000000000037,0.0,0.0,0.0,0.0
49.0,-24.5,-46.277777777777594,-24.5,0.0,5.627394765706242,1.0,3.0,0.004761904761904745,1.7575277631093158,358.7021235172373,254.61522670861422,253.7222222222224,-210.00000000000074,105.00000000000037,198.3333333333352,105.00000000000037,0.0,0.0,0.0,0.0
48.0,-24.0,-45.333333333333144,-24.0,0.0,5.632289899582695,1.0,3.0,0.004761904761904745,1.7622896678712205,362.21248568242186,250.3131258644289,254.66666666666686,-210.00000000000074,105.00000000000037,198.3333333333352,105.00000000000037,0.0,0.0,0.0,0.0
47.0,-23.5,-44.388888888888694,-23.5,0.0,5.637086982659744,1.0,3.0,0.004761904761904745,1.7670515726331253,365.6646906087807,245.9580075551457,255.6111111111113,-210.00000000000074,105.00000000000037,198.3333333333352,105.00000000000037,0.0,0.0,0.0,0.0
46.0,-23.0,-43.444444444444244,-23.0,0.0,5.641785900191913,1.0,3.0,0.004761904761904745,1.77181347739503,369.0578874549095,241.5507421900487,256.55555555555577,-210.00000000000074,105.00000000000037,198.3333333333352,105.00000000000037,0.0,0.0,0.0,0.0
45.0,-22.5,-42.499999999999794,-22.5,0.0,5.646386539858483,1.0,3.0,0.004761904761904745,1.7765753821569348,372.3912393651312,237.09221432858203,257.5000000000002,-210.00000000000074,105.00000000000037,198.3333333333352,105.00000000000037,0.0,0.0,0.0,0.0
44.0,-22.0,-41.555555555555344,-22.0,0.0,5.6508887917620605,1.0,3.0,0.004761904761904856,1.7813372869188395,375.6639237094271,232.5833224457775,258.4444444444447,-210.00000000000074,105.00000000000037,198.3333333333352,105.00000000000037,0.0,0.0,0.0,0.0
43.0,-21.5,-40.611111111110894,-21.5,0.0,5.6552925484252805,1.0,3.0,0.004761904761904745,1.7860991916807443,378.87513231934025,228.02497869357407,259.38888888888914,-210.00000000000074,105.00000000000037,198.3333333333352,105.00000000000037,0.0,0.0,0.0,0.0
42.0,-21.0,-39.666666666666444,-21.0,0.0,5.659597704789436,1.0,3.0,0.004761904761904745,1.790861096442649,382.02407171977933,223.4181086580968,260.33333333333354,-210.00000000000074,105.00000000000037,198.3333333333352,105.00000000000037,0.0,0.0,0.0,0.0
41.0,-20.5,-38.722222222221994,-20.5,0.0,5.663804158211746,1.0,3.0,0.004761904761904745,1.7956230012045538,385.1099633566538,218.76365111296838,261.277777777778,-210.00000000000074,105.00000000000037,198.3333333333352,105.00000000000037,0.0,0.0,0.0,0.0
40.0,-20.0,-37.777777777777544,-20.0,0.0,5.667911808463311,1.0,3.0,0.004761904761904745,1.8003849059664585,388.1320438202727,214.06255776872507,262.22222222222246,-210.00000000000074,105.00000000000037,198.3333333333352,105.00000000000037,0.0,0.0,0.0,0.0
39.0,-19.5,-36.833333333333094,-19.5,0.0,5.671920557727054,1.0,3.0,0.004761904761904745,1.8051468107283632,391.0895650644388,209.31579301841026,263.1666666666669,-210.00000000000074,105.00000000000037,198.3333333333352,105.00000000000037,0.0,0.0,0.0,0.0
38.0,-19.0,-35.888888888888644,-19.0,0.0,5.675830310596117,1.0,3.0,0.004761904761904856,1.809908715490268,393.98179462117366,204.52433367942086,264.11111111111137,-210.00000000000074,105.00000000000037,198.3333333333352,105.00000000000037,0.0,0.0,0.0,0.0
37.0,-18.5,-34.944444444444194,-18.5,0.0,5.67964097407119,1.0,3.0,0.004761904761904745,1.8146706202521727,396.80801581100843,199.68916873168274,265.05555555555577,-210.00000000000074,105.00000000000037,198.3333333333352,105.00000000000037,0.0,0.0,0.0,0.0
36.0,-18.0,-33.999999999999744,-18.0,0.0,5.6833524575595336,1.0,3.0,0.004761904761904745,1.8194325250140775,399.56752794877787,194.81129905223156,266.0000000000002,-210.00000000000074,105.00000000000037,198.3333333333352,105.00000000000037,0.0,0.0,0.0,0.0
35.0,-17.5,-33.055555555555294,-17.5,0.0,5.6869646728726,1.0,3.0,0.004761904761904745,1.8241944297759822,402.2596465448551,189.89173714627753,266.9444444444447,-210.00000000000074,105.00000000000037,198.3333333333352,105.00000000000037,0.0,0.0,0.0,0.0
34.0,-17.0,-32.111111111110844,-17.0,0.0,5.690477534224125,1.0,3.0,0.004761904761904745,1.828956334537887,404.88370350176723,184.93150687483362,267.88888888888914,-210.00000000000074,105.00000000000037,198.3333333333352,105.00000000000037,0.0,0.0,0.0,0.0
33.0,-16.5,-31.166666666666398,-16.5,0.0,5.693890958229422,1.0,3.0,0.004761904761904745,1.8337182392997917,407.4390473061331,179.93164317898612,268.8333333333336,-210.00000000000074,105.00000000000037,198.33333333333445,105.00000000000037,0.0,0.0,-1.5518253349000642e-10,0.0
32.0,-16.0,-30.22222222222195,-16.0,0.0,5.697204863902608,1.0,3.0,0.004761904761904745,1.8384801440616965,409.9250432158649,174.89319180089083,269.77777777777806,-210.00000000000074,105.00000000000037,198.33333333333445,105.00000000000037,0.0,0.0,0.0,0.0
31.0,-15.5,-29.277777777777505,-15.5,0.0,5.700419172655928,1.0,3.0,0.004761904761904856,1.8432420488236012,412.3410734425782,169.81720900157512,270.7222222222225,-210.00000000000074,105.00000000000037,198.33333333333445,105.00000000000037,0.0,0.0,0.0,0.0
30.0,-15.0,-28.33333333333306,-15.0,0.0,5.703533808297816,1.0,3.0,0.004761904761904745,1.848003953585506,414.6865373291548,164.70476127563023,271.66666666666697,-210.00000000000074,105.00000000000037,198.33333333333445,105.00000000000037,0.0,0.0,0.0,0.0
29.0,-14.5,-27.388888888888612,-14.5,0.0,5.706548697031449,1.0,3.0,0.004761904761904745,1.8527658583474107,416.9608515224061,159.5569250628778,272.6111111111114,-210.00000000000074,105.00000000000037,198.33333333333445,105.00000000000037,0.0,0.0,0.0,0.0
28.0,-14.0,-26.444444444444166,-14.0,0.0,5.709463767453797,1.0,3.0,0.004761904761904745,1.8575277631093154,419.16345014078456,154.37478645709515,273.5555555555558,-210.00000000000074,105.00000000000037,198.33333333333445,105.00000000000037,0.0,0.0,0.0,0.0
27.0,-13.5,-25.49999999999972,-13.5,0.0,5.712278950553696,1.0,3.0,0.004761904761904745,1.8622896678712202,421.2937849370927,149.15944091188575,274.5000000000003,-210.00000000000074,105.00000000000037,198.33333333333445,105.00000000000037,0.0,0.0,0.0,0.0
26.0,-13.0,-24.555555555555273,-13.0,0.0,5.714994179711037,1.0,3.0,0.004761904761904745,1.867051572633125,423.35132545614226,143.9119929437818,275.44444444444474,-210.00000000000074,105.00000000000037,198.33333333333445,105.00000000000037,0.0,0.0,0.0,0.0
25.0,-12.5,-23.611111111110826,-12.5,0.0,5.717609390695301,1.0,3.0,0.004761904761904856,1.8718134773950297,425.3355591873133,138.63355583266565,276.38888888888914,-210.00000000000074,105.00000000000037,198.33333333333445,105.00000000000037,0.0,0.0,0.0,0.0
24.0,-12.0,-22.66666666666638,-12.0,0.0,5.720124521664549,1.0,3.0,0.004761904761904745,1.8765753821569344,427.24599171197156,133.32525131959991,277.3333333333336,-210.00000000000074,105.00000000000037,198.33333333333445,105.00000000000037,0.0,0.0,0.0,0.0
23.0,-11.5,-21.722222222221934,-11.5,0.0,5.722539513164152,1.0,3.0,0.004761904761904745,1.8813372869188392,429.08214684569555,127.9882093021541,278.27777777777806,-210.00000000000074,105.00000000000037,198.33333333333445,105.00000000000037,0.0,0.0,0.0,0.0
22.0,-11.0,-20.777777777777487,-11.0,0.0,5.7248543081257335,1.0,3.0,0.004761904761904745,1.886099191680744,430.8435667752735,122.62356752731867,279.2222222222225,-210.00000000000074,105.00000000000037,198.33333333333445,105.00000000000037,0.0,0.0,0.0,0.0
21.0,-10.5,-19.83333333333304,-10.5,0.0,5.727068851866401,1.0,3.0,0.004761904761904745,1.8908610964426487,432.52981219042897,117.23247128209698,280.16666666666697,-210.00000000000074,105.00000000000037,198.33333333333445,105.00000000000037,0.0,0.0,0.0,0.0
20.0,-10.0,-18.888888888888594,-10.0,0.0,5.729183092087411,1.0,3.0,0.004761904761904745,1.8956230012045534,434.1404624102337,111.81607308186638,281.1111111111114,-210.00000000000074,105.00000000000037,198.33333333333445,105.00000000000037,0.0,0.0,0.0,0.0
19.0,-9.5,-17.944444444444148,-9.5,0.0,5.731196978873383,1.0,3.0,0.004769961347591001,1.9003929625521443,435.67511550417123,106.3755323566008,282.0555555555559,-209.6453046742315,104.82265233711576,197.9983433034413,104.82265233711576,74.36020963741561,-37.180104818707804,-70.22908687978207,-37.180104818707804
18.0,-9.0,-16.9999999999997,-9.0,0.0,5.733110464691587,1.0,3.0,0.0048718093756582315,1.9052647719278024,437.1333884078151,100.91201513504724,283.0000000000003,-205.26254680580817,102.63127340290409,193.85907198326368,102.63127340290409,899.6160421057699,-449.80802105288495,-849.6373730998966,-449.80802105288495
17.0,-8.5,-16.055555555555255,-8.5,0.0,5.73492350439086,1.0,3.0,0.0050091240937995,1.910273896021602,438.51491703308625,95.42669372695006,283.94444444444474,-199.63570102761904,99.81785051380952,188.54482874830725,99.81785051380952,1123.3193015030865,-561.6596507515433,-1060.9126736418073,-561.6596507515433
16.0,-8.0,-15.111111111110809,-8.0,0.0,5.736636055201075,1.0,3.0,0.005158748802378099,1.91543264482398,439.8193563730564,89.92074640341625,284.8888888888892,-193.84545328879287,96.92272664439643,183.07626143941587,96.92272664439643,1122.4131975871665,-561.2065987935832,-1060.0569088323239,-561.2065987935832
15.0,-7.5,-14.166666666666362,-7.5,0.0,5.738248076731932,1.0,3.0,0.005322640678254609,1.9207552855022345,441.04638060126626,84.3953570755171,285.8333333333336,-187.8766688282139,93.93833441410695,177.4390761155357,93.93833441410695,1121.395341407185,-560.6976707035925,-1059.0956002179032,-560.6976707035925
14.0,-7.0,-13.222222222221916,-7.0,0.0,5.739759530972962,1.0,3.0,0.0055032223958041415,1.9262585078980385,442.1956831655298,78.85171497122047,286.77777777777806,-181.71171871274126,90.85585935637063,171.61662322870043,90.85585935637063,1120.2436812608453,-560.1218406304226,-1058.007921190798,-560.1218406304226
13.0,-6.5,-12.27777777777747,-6.5,0.0,5.741170382292295,1.0,3.0,0.005703534953773959,1.9319620428518125,443.2669768761939,73.29101431074973,287.7222222222225,-175.32986263866277,87.66493131933139,165.58931471429295,87.66493131933139,1118.9299488478964,-559.4649744239482,-1056.767173911906,-559.4649744239482
12.0,-6.0,-11.333333333333023,-6.0,0.0,5.74248059743621,1.0,3.0,0.005927456703490153,1.9378894995553027,444.2599939888295,67.71445398046528,288.66666666666697,-168.70641997455482,84.35320998727741,159.3338410870799,84.35320998727741,1117.4172997683809,-558.7086498841904,-1055.338560892359,-558.7086498841904
11.0,-5.5,-10.388888888888577,-5.5,0.0,5.743690145528642,1.0,3.0,0.006180025400198574,1.9440695249555011,445.1744862813275,62.12323720536502,289.6111111111114,-161.8116326783845,80.90581633919226,152.8220975295857,80.90581633919226,1115.6567893635017,-557.8283946817509,-1053.6758566210858,-557.8283946817509
10.0,-5.0,-9.44444444444413,-5.0,0.0,5.744798998070717,1.0,3.0,0.006467925970139787,1.950537450925641,446.010225125378,56.51857122030066,290.5555555555559,-154.60906705126843,77.30453352563421,146.0196744373094,77.30453352563421,1113.5819519839524,-556.7909759919762,-1051.7162879848454,-556.7909759919762
9.0,-4.5,-8.499999999999684,-4.5,0.0,5.745807128939965,1.0,3.0,0.00680025531608397,1.957337706241725,446.7670015523096,50.901666940007466,291.50000000000034,-147.05330219511012,73.52665109755506,138.88367429538206,73.52665109755506,1111.1001727078399,-555.5500863539199,-1049.3723853351878,-555.5500863539199
8.0,-4.0,-7.555555555555237,-4.0,0.0,5.746714514390245,1.0,3.0,0.0071897718751300355,1.964527478116855,447.4446263132701,45.27373862804446,292.4444444444448,-139.08647136066875,69.54323568033438,131.3594451739652,69.54323568033438,1108.078388689822,-554.039194344911,-1046.5184782070548,-554.039194344911
7.0,-3.5,-6.611111111110791,-3.5,0.0,5.7475211330510785,1.0,3.0,0.007655041191863998,1.9721825193087188,448.0429299337311,39.63600356474377,293.3888888888892,-130.63286988747282,65.31643494373641,123.37548822705791,65.31643494373641,1104.3182213285527,-552.1591106642763,-1042.9672090325257,-552.1591106642763
6.0,-3.0,-5.6666666666663446,-3.0,0.0,5.748226965927454,1.0,3.0,0.008224353072775581,1.9804068723814945,448.56176276229814,33.98968171426671,294.33333333333366,-121.5901106325562,60.7950553162781,114.83510448630332,60.7950553162781,1099.5100982288832,-549.7550491144416,-1038.4262038828351,-549.7550491144416
5.0,-2.5,-4.722222222221898,-2.5,0.0,5.748831996399354,1.0,3.0,0.008943452182083922,1.9893503245635784,449.00099501381357,28.335995390865694,295.2777777777781,-111.81364641310007,55.90682320655004,105.60177716792808,55.90682320655004,1093.1421134045922,-546.5710567022961,-1032.4119959932273,-546.5710567022961
4.0,-2.0,-3.7777777777774517,-2.0,0.0,5.74933621022162,1.0,3.0,0.009892443095891545,1.99924276765947,449.36051680673876,22.676168924450362,296.2222222222225,-101.08726330862721,50.54363165431361,95.4713042359259,50.54363165431361,1084.3007132310581,-542.1503566155291,-1024.0617847182248,-542.1503566155291
3.0,-1.5,-2.8333333333330053,-1.5,0.0,5.749739595523664,1.0,3.0,0.01122842736566143,2.0104711950251315,449.64023819480406,17.011428325557112,297.16666666666697,-89.05966681123766,44.52983340561883,84.11190754394686,44.52983340561883,1071.1737365975227,-535.5868682987614,-1011.664084564329,-535.5868682987614
2.0,-1.0,-1.8888888888885589,-1.0,0.0,5.750042142809201,1.0,3.0,0.013318989280776239,2.023790184305908,449.84008919291693,11.34300094982113,298.1111111111114,-75.08077219067414,37.54038609533707,70.90961818008128,37.54038609533707,1049.54620248397,-524.773101241985,-991.2380801237515,-524.773101241985
1.0,-0.5,-0.9444444444441124,-0.5,0.0,5.750243844956191,1.0,3.0,0.017357644771307634,2.0411478290772154,449.9600197973211,5.672115162050245,299.0555555555559,-57.611502780205335,28.805751390102667,54.41086373686072,28.805751390102667,1006.4308632093796,-503.2154316046898,-950.5180374755266,-503.2154316046898
0.0,0.0,3.341771304121721e-13,0.0,0.0,5.7503446972166685,1.0,3.0,0.04190506141774519,2.083052890494961,450.0,5.878304635907296e-14,300.00000000000034,-23.863465800256122,11.931732900128061,22.53771770024194,11.931732900128061,805.3451262967969,-402.67256314839847,-760.6037303914211,-402.67256314839847
