J1_Position,J2_Position,J3_Position,J4_Position,Error,MM_Step,Deg_step,Move_ID,Time,Time_Total,X,Y,Z,J1_Velocity,J2_Velocity,J3_Velocity,J4_Velocity,J1_Acceleration,J2_Acceleration,J3_Acceleration,J4_Acceleration
0.0,0.0,0.0,0.0,0.0,0.0,0.0,1.0,0.0,0.0,450.0,5.878304635907296e-14,300.0,0.0,0.0,0.0,0.0,0.0,0.0,0.0,0.0
1.0,-0.5,-0.9444444444444444,-0.5,0.0,5.7503446972166685,1.0,2.0,0.0,0.0,449.9600197973211,5.672115162050245,299.05555555555554,0.0,0.0,0.0,0.0,0.0,0.0,0.0,0.0
2.0,-1.0,-1.8888888888888888,-1.0,0.0,5.750243844956191,1.0,2.0,0.055577001437672836,0.055577001437672836,449.84008919291693,11.34300094982113,298.1111111111111,17.993054215446584,-8.996527107723292,-16.993440092366217,-8.996527107723292,323.75000000000006,-161.87500000000003,-305.7638888888889,-161.87500000000003
3.0,-1.5,-2.833333333333333,-1.5,0.0,5.750042142809201,1.0,2.0,0.012490646040439944,0.06806764747811278,449.64023819480406,17.011428325557112,297.16666666666663,80.05991017297117,-40.029955086485586,-75.61213738558386,-40.029955086485586,4969.0669126781595,-2484.5334563390797,-4693.007639751593,-2484.5334563390797
4.0,-2.0,-3.7777777777777777,-2.0,0.0,5.749739595523654,1.0,2.0,0.010530101711073145,0.07859774918918593,449.36051680673876,22.676168924450362,296.22222222222223,94.96584434207595,-47.48292217103798,-89.68996410084954,-47.48292217103798,1415.554624076436,-707.777312038218,-1336.9127005166383,-707.777312038218
5.0,-2.5,-4.722222222222222,-2.5,0.0,5.749336210221629,1.0,2.0,0.009277205843563438,0.08787495503274936,449.00099501381357,28.335995390865694,295.27777777777777,107.791075983703,-53.8955379918515,-101.80268287349729,-53.8955379918515,1382.4455183912123,-691.2227591956062,-1305.6429895916997,-691.2227591956062
6.0,-3.0,-5.666666666666667,-3.0,0.0,5.748831996399345,1.0,2.0,0.008387235189628528,0.09626219022237789,448.56176276229814,33.98968171426671,294.33333333333337,119.228801552695,-59.6144007763475,-112.60497924421198,-59.6144007763475,1363.7063120795335,-681.8531560397668,-1287.9448502973387,-681.8531560397668
7.0,-3.5,-6.611111111111112,-3.5,0.0,5.748226965927454,1.0,2.0,0.007712858759629376,0.10397504898200727,448.0429299337311,39.63600356474377,293.3888888888889,129.65361238483936,-64.82680619241968,-122.45063391901498,-64.82680619241968,1351.6143828161194,-675.8071914080597,-1276.52469488189,-675.8071914080597
8.0,-4.0,-7.555555555555556,-4.0,0.0,5.747521133051088,1.0,2.0,0.007178953893338405,0.11115400287534567,447.4446263132701,45.27373862804446,292.44444444444446,139.2960610776361,-69.64803053881805,-131.55739101776746,-69.64803053881805,1343.1551220497863,-671.5775610248932,-1268.535393047022,-671.5775610248932
9.0,-4.5,-8.5,-4.5,0.0,5.746714514390245,1.0,2.0,0.006742620908433222,0.1178966237837789,446.7670015523096,50.901666940007466,291.5,148.31028076178308,-74.15514038089154,-140.0708207194617,-74.15514038089154,1336.90145220423,-668.450726102115,-1262.629149303975,-668.450726102115
10.0,-5.0,-9.444444444444445,-5.0,0.0,5.745807128939965,1.0,2.0,0.006377329416461117,0.12427395320024001,446.010225125378,56.51857122030066,290.55555555555554,156.80544859715215,-78.40272429857608,-148.0940347861993,-78.40272429857608,1332.0886033331458,-666.0443016665729,-1258.0836809257721,-666.0443016665729
11.0,-5.5,-10.38888888888889,-5.5,0.0,5.744798998070717,1.0,2.0,0.006065668513255046,0.13033962171349506,445.1744862813275,62.12323720536502,289.6111111111111,164.86228975664312,-82.43114487832156,-155.70327365905186,-82.43114487832156,1328.269281759249,-664.1346408796245,-1254.4765438837308,-664.1346408796245
12.0,-6.0,-11.333333333333334,-6.0,0.0,5.743690145528642,1.0,2.0,0.0057956732427305035,0.13613529495622556,444.2599939888295,67.71445398046528,288.66666666666663,172.54250854364454,-86.27125427182227,-162.9568136245532,-86.27125427182227,1325.1642156732523,-662.5821078366262,-1251.5439814691833,-662.5821078366262
13.0,-6.5,-12.277777777777779,-6.5,0.0,5.742480597436201,1.0,2.0,0.005558812462608476,0.14169410741883404,443.2669768761939,73.29101431074973,287.72222222222223,179.89453803785088,-89.94726901892544,-169.90039703574809,-89.94726901892544,1322.589949500903,-661.2949747504515,-1249.1127300841877,-661.2949747504515
14.0,-7.0,-13.222222222222223,-7.0,0.0,5.741170382292295,1.0,2.0,0.005348816999927508,0.14704292441876154,442.1956831655298,78.85171497122047,286.77777777777777,186.9572281148435,-93.47861405742175,-176.57071544179666,-93.47861405742175,1320.4209598287516,-660.2104799143758,-1247.0642398382636,-660.2104799143758
15.0,-7.5,-14.166666666666668,-7.5,0.0,5.739759530972953,1.0,2.0,0.005160962410790754,0.1522038868295523,441.04638060126626,84.3953570755171,285.83333333333337,193.76231028328334,-96.88115514164167,-182.99773748976764,-96.88115514164167,1318.5684426244786,-659.2842213122393,-1245.314640256456,-659.2842213122393
16.0,-8.0,-15.111111111111112,-8.0,0.0,5.738248076731941,1.0,2.0,0.004991611548819552,0.15719549837837185,439.8193563730564,89.92074640341625,284.8888888888889,200.336101922131,-100.1680509610655,-189.20631848201265,-100.1680509610655,1316.9677917750387,-658.4838958875193,-1243.8029144542004,-658.4838958875193
17.0,-8.5,-16.055555555555557,-8.5,0.0,5.736636055201075,1.0,2.0,0.004837912543037365,0.16203341092140922,438.51491703308625,95.42669372695006,283.94444444444446,206.70071877160774,-103.35035938580387,-195.21734550651846,-103.35035938580387,1315.5708774927261,-657.7854387463631,-1242.483606520909,-657.7854387463631
18.0,-9.0,-17.0,-9.0,0.0,5.73492350439086,1.0,2.0,0.0046975933916093005,0.16673100431301852,437.1333884078151,100.91201513504724,283.0,212.87495886429204,-106.43747943214602,-201.04857226071994,-106.43747943214602,1314.3411057484332,-657.1705528742166,-1241.3221554289994,-657.1705528742166
19.0,-9.5,-17.944444444444443,-9.5,0.0,5.733110464691596,1.0,2.0,0.004568818639690164,0.17129982295270868,435.67511550417123,106.3755323566008,282.05555555555554,218.8749606545589,-109.43748032727945,-206.71524061819417,-109.43748032727945,1313.2501557719397,-656.6250778859699,-1240.2918137846075,-656.6250778859699
20.0,-10.0,-18.888888888888886,-10.0,0.0,5.731196978873383,1.0,2.0,0.0044500871127900465,0.17574991006549873,434.1404624102337,111.81607308186638,281.1111111111111,224.71470212928833,-112.35735106464416,-212.23055201099416,-112.35735106464416,1312.2757660058762,-656.1378830029381,-1239.3715567833194,-656.1378830029381
21.0,-10.5,-19.83333333333333,-10.5,0.0,5.7291830920874025,1.0,2.0,0.00434015749080055,0.18009006755629928,432.52981219042897,117.23247128209698,280.1666666666667,230.40638551011386,-115.20319275505693,-217.6060307595516,-115.20319275505693,1311.400195243997,-655.7000976219985,-1238.54462884155,-655.7000976219985
22.0,-11.0,-20.77777777777777,-11.0,0.0,5.727068851866401,1.0,2.0,0.004237993185504163,0.18432806074180344,430.8435667752735,122.62356752731867,279.22222222222223,235.96073807302201,-117.98036903651101,-222.85180818007598,-117.98036903651101,1310.6091302615885,-655.3045651307942,-1237.7975119137254,-655.3045651307942
23.0,-11.5,-21.722222222222214,-11.5,0.0,5.7248543081257335,1.0,2.0,0.004142720869658861,0.1884707816114623,429.08214684569555,127.9882093021541,278.27777777777777,241.3872504237406,-120.6936252118703,-227.9768476224213,-120.6936252118703,1309.8908957304277,-654.9454478652139,-1237.119179300959,-654.9454478652139
24.0,-12.0,-22.666666666666657,-12.0,0.0,5.7225395131641426,1.0,2.0,0.004053598833293481,0.19252438044475578,427.24599171197156,133.32525131959991,277.33333333333337,246.69436743140088,-123.34718371570044,-232.98912479632267,-123.34718371570044,1309.2358730891822,-654.6179365445911,-1236.5005468064476,-654.6179365445911
25.0,-12.5,-23.6111111111111,-12.5,0.0,5.720124521664549,1.0,2.0,0.003969992528209038,0.19649437297296482,425.3355591873133,138.63355583266565,276.3888888888889,251.88964283797404,-125.94482141898702,-237.89577379141951,-125.94482141898702,1308.6360666066234,-654.3180333033117,-1235.9340629062483,-654.3180333033117
26.0,-13.0,-24.555555555555543,-13.0,0.0,5.717609390695311,1.0,2.0,0.003891355447100453,0.20038572842006527,423.35132545614226,143.9119929437818,275.44444444444446,256.9798656519864,-128.4899328259932,-242.70320644909788,-128.4899328259932,1308.0847748835772,-654.0423874417886,-1235.4133985011574,-654.0423874417886
27.0,-13.5,-25.499999999999986,-13.5,0.0,5.714994179711037,1.0,2.0,0.003817214014273068,0.20420294243433834,421.2937849370927,149.15944091188575,274.5,261.97116437822655,-130.98558218911327,-247.417210801658,-130.98558218911327,1307.5763390726863,-653.7881695363432,-1234.9332091242038,-653.7881695363432
28.0,-14.0,-26.44444444444443,-14.0,0.0,5.712278950553696,1.0,2.0,0.003747155529676194,0.20795009796401454,419.16345014078456,154.37478645709515,273.55555555555554,266.8690936579336,-133.4345468289668,-252.0430328991591,-133.4345468289668,1307.105947676078,-653.552973838039,-1234.48895058296,-653.552973838039
29.0,-14.5,-27.38888888888887,-14.5,0.0,5.709463767453797,1.0,2.0,0.0036808184627797336,0.21163091642679427,416.9608515224061,159.5569250628778,272.61111111111114,271.6787068180498,-135.8393534090249,-256.58544532815773,-135.8393534090249,1306.669483635447,-653.3347418177235,-1234.0767345445845,-653.3347418177235
30.0,-15.0,-28.333333333333314,-15.0,0.0,5.706548697031449,1.0,2.0,0.0036178845734582965,0.21524880100025257,414.6865373291548,164.70476127563023,271.6666666666667,276.4046170340119,-138.20230851700595,-261.0488049765664,-138.20230851700595,1306.2634033801216,-653.1317016900608,-1233.6932143034526,-653.1317016900608
31.0,-15.5,-29.277777777777757,-15.5,0.0,5.703533808297816,1.0,2.0,0.0035580724668482777,0.21880687346710084,412.3410734425782,169.81720900157512,270.72222222222223,281.05104921761045,-140.52552460880523,-265.4371020388539,-140.52552460880523,1305.884640318849,-652.9423201594245,-1233.3354936344615,-652.9423201594245
32.0,-16.0,-30.2222222222222,-16.0,0.0,5.700419172655918,1.0,2.0,0.0035011322835905023,0.22230800575069135,409.9250432158649,174.89319180089083,269.7777777777778,285.62188429352176,-142.81094214676088,-269.7540018327701,-142.81094214676088,1305.5305271767093,-652.7652635883546,-1233.0010534446626,-652.7652635883546
33.0,-16.5,-31.166666666666643,-16.5,0.0,5.697204863902608,1.0,2.0,0.0034468412963897244,0.22575484704708107,407.4390473061331,179.93164317898612,268.83333333333337,290.1206971865562,-145.0603485932781,-274.0028806761915,-145.0603485932781,1305.1987330390155,-652.5993665195077,-1232.6876923146358,-652.5993665195077
34.0,-17.0,-32.111111111111086,-17.0,0.0,5.693890958229422,1.0,2.0,0.0034049249698338002,0.22915977201691487,404.88370350176723,184.93150687483362,267.8888888888889,293.69222783455683,-146.84611391727842,-277.37599295485876,-146.84611391727842,1048.9307927907082,-524.4653963953541,-990.656859857879,-524.4653963953541
35.0,-17.5,-33.05555555555553,-17.5,0.0,5.690477534224125,1.0,2.0,0.003401360544217691,0.23256113256113256,402.2596465448551,189.89173714627753,266.94444444444446,293.99999999999966,-146.99999999999983,-277.6666666666659,-146.99999999999983,90.48501664019115,-45.242508320095574,-85.45807127129628,-45.242508320095574
36.0,-18.0,-33.99999999999997,-18.0,0.0,5.6869646728726,1.0,2.0,0.003401360544217691,0.23596249310535025,399.56752794877787,194.81129905223156,266.0,293.99999999999966,-146.99999999999983,-277.6666666666659,-146.99999999999983,0.0,0.0,0.0,0.0
37.0,-18.5,-34.944444444444414,-18.5,0.0,5.683352457559524,1.0,2.0,0.003401360544217691,0.23936385364956794,396.80801581100843,199.68916873168274,265.0555555555556,293.99999999999966,-146.99999999999983,-277.6666666666659,-146.99999999999983,0.0,0.0,0.0,0.0
38.0,-19.0,-35.88888888888886,-19.0,0.0,5.6796409740712,1.0,2.0,0.003401360544217691,0.24276521419378563,393.98179462117366,204.52433367942086,264.11111111111114,293.99999999999966,-146.99999999999983,-277.6666666666659,-146.99999999999983,0.0,0.0,0.0,0.0
39.0,-19.5,-36.8333333333333,-19.5,0.0,5.675830310596117,1.0,2.0,0.003401360544217691,0.24616657473800332,391.0895650644388,209.31579301841026,263.1666666666667,293.99999999999966,-146.99999999999983,-277.6666666666659,-146.99999999999983,0.0,0.0,0.0,0.0
40.0,-20.0,-37.77777777777774,-20.0,0.0,5.671920557727045,1.0,2.0,0.003401360544217691,0.24956793528222102,388.1320438202727,214.06255776872507,262.2222222222223,293.99999999999966,-146.99999999999983,-277.6666666666659,-146.99999999999983,0.0,0.0,0.0,0.0
41.0,-20.5,-38.722222222222186,-20.5,0.0,5.667911808463311,1.0,2.0,0.003401360544217663,0.2529692958264387,385.1099633566538,218.76365111296838,261.2777777777778,294.00000000000205,-147.00000000000102,-277.66666666666816,-147.00000000000102,7.019025360932623e-10,-3.5095126804663117e-10,-6.68478605803107e-10,-3.5095126804663117e-10
42.0,-21.0,-39.66666666666663,-21.0,0.0,5.663804158211746,1.0,2.0,0.003401360544217691,0.25637065637065637,382.02407171977933,223.4181086580968,260.33333333333337,293.99999999999966,-146.99999999999983,-277.6666666666659,-146.99999999999983,-7.019025360932565e-10,3.5095126804662827e-10,6.684786058031015e-10,3.5095126804662827e-10
43.0,-21.5,-40.61111111111107,-21.5,0.0,5.659597704789446,1.0,2.0,0.003401360544217691,0.25977201691487406,378.87513231934025,228.02497869357407,259.3888888888889,293.99999999999966,-146.99999999999983,-277.6666666666659,-146.99999999999983,0.0,0.0,0.0,0.0
44.0,-22.0,-41.555555555555515,-22.0,0.0,5.6552925484252805,1.0,2.0,0.003401360544217691,0.26317337745909175,375.6639237094271,232.5833224457775,258.44444444444446,293.99999999999966,-146.99999999999983,-277.6666666666659,-146.99999999999983,0.0,0.0,0.0,0.0
45.0,-22.5,-42.49999999999996,-22.5,0.0,5.650888791762051,1.0,2.0,0.003401360544217691,0.26657473800330944,372.3912393651312,237.09221432858203,257.50000000000006,293.99999999999966,-146.99999999999983,-277.6666666666659,-146.99999999999983,0.0,0.0,0.0,0.0
46.0,-23.0,-43.4444444444444,-23.0,0.0,5.646386539858483,1.0,2.0,0.003401360544217691,0.26997609854752713,369.0578874549095,241.5507421900487,256.5555555555556,293.99999999999966,-146.99999999999983,-277.6666666666659,-146.99999999999983,0.0,0.0,0.0,0.0
47.0,-23.5,-44.38888888888884,-23.5,0.0,5.641785900191913,1.0,2.0,0.003401360544217691,0.2733774590917448,365.6646906087807,245.9580075551457,255.61111111111114,293.99999999999966,-146.99999999999983,-277.6666666666659,-146.99999999999983,0.0,0.0,0.0,0.0
48.0,-24.0,-45.333333333333286,-24.0,0.0,5.637086982659739,1.0,2.0,0.003401360544217691,0.2767788196359625,362.21248568242186,250.3131258644289,254.6666666666667,293.99999999999966,-146.99999999999983,-277.6666666666659,-146.99999999999983,0.0,0.0,0.0,0.0
49.0,-24.5,-46.27777777777773,-24.5,0.0,5.632289899582689,1.0,2.0,0.003401360544217691,0.2801801801801802,358.7021235172373,254.61522670861422,253.72222222222229,293.99999999999966,-146.99999999999983,-277.6666666666659,-146.99999999999983,0.0,0.0,0.0,0.0
50.0,-25.0,-47.22222222222217,-25.0,0.0,5.627394765706242,1.0,2.0,0.003401360544217691,0.2835815407243979,355.13446869647044,258.8634540589705,252.77777777777783,293.99999999999966,-146.99999999999983,-277.6666666666659,-146.99999999999983,0.0,0.0,0.0,0.0
51.0,-25.5,-48.166666666666615,-25.5,0.0,5.622401698204199,1.0,2.0,0.003401360544217691,0.2869829012686156,351.5103992974326,263.056966493468,251.83333333333337,293.99999999999966,-146.99999999999983,-277.6666666666659,-146.99999999999983,0.0,0.0,0.0,0.0
52.0,-26.0,-49.11111111111106,-26.0,0.0,5.617310816679988,1.0,2.0,0.003401360544217691,0.2903842618128333,347.8308066399234,267.19493741861385,250.88888888888894,293.99999999999966,-146.99999999999983,-277.6666666666659,-146.99999999999983,0.0,0.0,0.0,0.0
53.0,-26.5,-50.0555555555555,-26.5,0.0,5.612122243170497,1.0,2.0,0.003401360544217691,0.29378562235705097,344.096595030916,271.2765552869108,249.9444444444445,293.99999999999966,-146.99999999999983,-277.6666666666659,-146.99999999999983,0.0,0.0,0.0,0.0
54.0,-27.0,-50.99999999999994,-27.0,0.0,5.606836102148449,1.0,2.0,0.0034013605442176353,0.2971869829012686,340.30868150558655,275.30102380987626,249.00000000000006,294.0000000000045,-147.00000000000225,-277.66666666667044,-147.00000000000225,1.4205170373316138e-09,-7.102585186658069e-10,-1.3369572116062248e-09,-7.102585186658069e-10
55.0,-27.5,-51.944444444444386,-27.5,0.0,5.601452520524326,1.0,2.0,0.003401360544217691,0.3005883434454863,336.4679955647646,279.2675621665569,248.0555555555556,293.99999999999966,-146.99999999999983,-277.6666666666659,-146.99999999999983,-1.4205170373315906e-09,7.102585186657953e-10,1.336957211606203e-09,7.102585186657953e-10
56.0,-28.0,-52.88888888888883,-28.0,0.0,5.595971627650726,1.0,2.0,0.003401360544217691,0.303989703989704,332.5754789088811,283.1754052074811,247.11111111111117,293.99999999999966,-146.99999999999983,-277.6666666666659,-146.99999999999983,0.0,0.0,0.0,0.0
57.0,-28.5,-53.83333333333327,-28.5,0.0,5.590393555324387,1.0,2.0,0.003401360544217691,0.3073910645339217,328.6320851684968,287.02380365398693,246.16666666666674,293.99999999999966,-146.99999999999983,-277.6666666666659,-146.99999999999983,0.0,0.0,0.0,0.0
58.0,-29.0,-54.777777777777715,-29.0,0.0,5.584718437789723,1.0,2.0,0.003401360544217691,0.31079242507813937,324.63877963148985,290.8120242928695,245.22222222222229,293.99999999999966,-146.99999999999983,-277.6666666666659,-146.99999999999983,0.0,0.0,0.0,0.0
59.0,-29.5,-55.72222222222216,-29.5,0.0,5.5789464117409775,1.0,2.0,0.003401360544217691,0.31419378562235706,320.5965389669857,294.5393501662893,244.27777777777783,293.99999999999966,-146.99999999999983,-277.6666666666659,-146.99999999999983,0.0,0.0,0.0,0.0
60.0,-30.0,-56.6666666666666,-30.0,0.0,5.573077616327367,1.0,2.0,0.003401360544217691,0.31759514616657475,316.50635094610965,298.20508075688775,243.3333333333334,293.99999999999966,-146.99999999999983,-277.6666666666659,-146.99999999999983,0.0,0.0,0.0,0.0
61.0,-30.5,-57.61111111111104,-30.5,0.0,5.56711219315493,1.0,2.0,0.003401360544217691,0.32099650671079244,312.36921415964883,301.80853216805525,242.38888888888897,293.99999999999966,-146.99999999999983,-277.6666666666659,-146.99999999999983,0.0,0.0,0.0,0.0
62.0,-31.0,-58.555555555555486,-31.0,0.0,5.561050286290206,1.0,2.0,0.003401360544217691,0.32439786725501013,308.1861377327062,305.34903729929897,241.4444444444445,293.99999999999966,-146.99999999999983,-277.6666666666659,-146.99999999999983,0.0,0.0,0.0,0.0
63.0,-31.5,-59.49999999999993,-31.5,0.0,5.554892042264308,1.0,2.0,0.003401360544217691,0.3277992277992278,303.9581410364323,308.8259460166608,240.50000000000006,293.99999999999966,-146.99999999999983,-277.6666666666659,-146.99999999999983,0.0,0.0,0.0,0.0
64.0,-32.0,-60.44444444444437,-32.0,0.0,5.54863761007621,1.0,2.0,0.003401360544217691,0.3312005883434455,299.6862533969219,312.2386253181347,239.55555555555563,293.99999999999966,-146.99999999999983,-277.6666666666659,-146.99999999999983,0.0,0.0,0.0,0.0
65.0,-32.5,-61.388888888888815,-32.5,0.0,5.542287141196598,1.0,2.0,0.003401360544217691,0.3346019488876632,295.3715138013613,315.586459494036,238.6111111111112,293.99999999999966,-146.99999999999983,-277.6666666666659,-146.99999999999983,0.0,0.0,0.0,0.0
66.0,-33.0,-62.33333333333326,-33.0,0.0,5.535840789572056,1.0,2.0,0.0034013605442176353,0.33800330943188084,291.014970601516,318.868850282277,237.66666666666674,294.0000000000045,-147.00000000000225,-277.66666666667044,-147.00000000000225,1.4205170373316138e-09,-7.102585186658069e-10,-1.3369572116062248e-09,-7.102585186658069e-10
67.0,-33.5,-63.2777777777777,-33.5,0.0,5.529298711628218,1.0,2.0,0.003401360544217691,0.34140466997609853,286.6176812146468,322.08521701850265,236.72222222222229,293.99999999999966,-146.99999999999983,-277.6666666666659,-146.99999999999983,-1.4205170373315906e-09,7.102585186657953e-10,1.336957211606203e-09,7.102585186657953e-10
68.0,-34.0,-64.22222222222214,-34.0,0.0,5.522661066275066,1.0,2.0,0.003401360544217691,0.3448060305203162,282.1807118219428,325.23499678104423,235.77777777777786,293.99999999999966,-146.99999999999983,-277.6666666666659,-146.99999999999983,0.0,0.0,0.0,0.0
69.0,-34.5,-65.16666666666659,-34.5,0.0,5.515928014910056,1.0,2.0,0.003401360544217691,0.3482073910645339,277.7051370645639,328.3176445306486,234.83333333333343,293.99999999999966,-146.99999999999983,-277.6666666666659,-146.99999999999983,0.0,0.0,0.0,0.0
70.0,-35.0,-66.11111111111103,-35.0,0.0,5.509099721423255,1.0,2.0,0.003401360544217691,0.3516087516087516,273.19203973738166,331.3326332449432,233.88888888888897,293.99999999999966,-146.99999999999983,-277.6666666666659,-146.99999999999983,0.0,0.0,0.0,0.0
71.0,-35.5,-67.05555555555547,-35.5,0.0,5.502176352201356,1.0,2.0,0.003401360544217691,0.3550101121529693,268.64251048051113,334.27945404759834,232.9444444444445,293.99999999999966,-146.99999999999983,-277.6666666666659,-146.99999999999983,0.0,0.0,0.0,0.0
72.0,-36.0,-67.99999999999991,-36.0,0.0,5.4951580761325545,1.0,2.0,0.003401360544217691,0.358411472697187,264.0576474687263,337.1576163321491,232.00000000000009,293.99999999999966,-146.99999999999983,-277.6666666666659,-146.99999999999983,0.0,0.0,0.0,0.0
73.0,-36.5,-68.94444444444436,-36.5,0.0,5.488045064610895,1.0,2.0,0.003401360544217691,0.3618128332414047,259.4385560988516,339.9666478804424,231.05555555555566,293.99999999999966,-146.99999999999983,-277.6666666666659,-146.99999999999983,0.0,0.0,0.0,0.0
74.0,-37.0,-69.8888888888888,-37.0,0.0,5.480837491541842,1.0,2.0,0.003401360544217691,0.36521419378562237,254.78634867522302,342.70609497567597,230.1111111111112,293.99999999999966,-146.99999999999983,-277.6666666666659,-146.99999999999983,0.0,0.0,0.0,0.0
75.0,-37.5,-70.83333333333324,-37.5,0.0,5.47353553334629,1.0,2.0,0.003401360544217691,0.36861555432984006,250.10214409331292,345.3755225099939,229.16666666666674,293.99999999999966,-146.99999999999983,-277.6666666666659,-146.99999999999983,0.0,0.0,0.0,0.0
76.0,-38.0,-71.77777777777769,-38.0,0.0,5.466139368966674,1.0,2.0,0.003401360544217691,0.37201691487405775,245.38706752161406,347.97451408661396,228.2222222222223,293.99999999999966,-146.99999999999983,-277.6666666666659,-146.99999999999983,0.0,0.0,0.0,0.0
77.0,-38.5,-72.72222222222213,-38.5,0.0,5.458649179871807,1.0,2.0,0.003401360544217691,0.37541827541827544,240.64225008187643,350.50267211645206,227.27777777777789,293.99999999999966,-146.99999999999983,-277.6666666666659,-146.99999999999983,0.0,0.0,0.0,0.0
78.0,-39.0,-73.66666666666657,-39.0,0.0,5.451065150061748,1.0,2.0,0.003401360544217691,0.37881963596249313,235.8688285277946,352.9596179092205,226.33333333333343,293.99999999999966,-146.99999999999983,-277.6666666666659,-146.99999999999983,0.0,0.0,0.0,0.0
79.0,-39.5,-74.61111111111101,-39.5,0.0,5.443387466074972,1.0,2.0,0.003401360544217691,0.3822209965067108,231.06794492223895,355.3449917589739,225.38888888888897,293.99999999999966,-146.99999999999983,-277.6666666666659,-146.99999999999983,0.0,0.0,0.0,0.0
80.0,-40.0,-75.55555555555546,-40.0,0.0,5.4356163169920135,1.0,2.0,0.003401360544217691,0.3856223570509285,226.24074631313056,357.65845302407644,224.44444444444454,293.99999999999966,-146.99999999999983,-277.6666666666659,-146.99999999999983,0.0,0.0,0.0,0.0
81.0,-40.5,-76.4999999999999,-40.5,0.0,5.4277518944432614,1.0,2.0,0.003401360544217691,0.3890237175951462,221.38838440805392,359.8996802015735,223.5000000000001,293.99999999999966,-146.99999999999983,-277.6666666666659,-146.99999999999983,0.0,0.0,0.0,0.0
82.0,-41.0,-77.44444444444434,-41.0,0.0,5.419794392613712,1.0,2.0,0.003401360544217691,0.3924250781393639,216.51201524770613,362.06837099594094,222.55555555555566,293.99999999999966,-146.99999999999983,-277.6666666666659,-146.99999999999983,0.0,0.0,0.0,0.0
83.0,-41.5,-78.38888888888879,-41.5,0.0,5.411744008249968,1.0,2.0,0.003401360544217691,0.3958264386835816,211.61279887828,364.1642423821988,221.6111111111112,293.99999999999966,-146.99999999999983,-277.6666666666659,-146.99999999999983,0.0,0.0,0.0,0.0
84.0,-42.0,-79.33333333333323,-42.0,0.0,5.403600940665979,1.0,2.0,0.003401360544217691,0.3992277992277993,206.6918990228792,366.1870306633693,220.66666666666674,293.99999999999966,-146.99999999999983,-277.6666666666659,-146.99999999999983,0.0,0.0,0.0,0.0
85.0,-42.5,-80.27777777777767,-42.5,0.0,5.3953653917502775,1.0,2.0,0.003401360544217691,0.40262915977201696,201.7504827520626,368.1364915222643,219.72222222222234,293.99999999999966,-146.99999999999983,-277.6666666666659,-146.99999999999983,0.0,0.0,0.0,0.0
86.0,-43.0,-81.22222222222211,-43.0,0.0,5.38703756597224,1.0,2.0,0.0034013605442176353,0.4060305203162346,196.78972015361768,370.0124000675895,218.77777777777789,294.0000000000045,-147.00000000000225,-277.66666666667044,-147.00000000000225,1.4205170373316138e-09,-7.102585186658069e-10,-1.3369572116062248e-09,-7.102585186658069e-10
87.0,-43.5,-82.16666666666656,-43.5,0.0,5.378617670389476,1.0,2.0,0.003401360544217691,0.4094318808604523,191.81078400166066,371.8145508743533,217.83333333333343,293.99999999999966,-146.99999999999983,-277.6666666666659,-146.99999999999983,-1.4205170373315906e-09,7.102585186657953e-10,1.336957211606203e-09,7.102585186657953e-10
88.0,-44.0,-83.111111111111,-44.0,0.0,5.3701059146541485,1.0,2.0,0.003401360544217691,0.41283324140467,186.814849425163,373.5427580185686,216.88888888888903,293.99999999999966,-146.99999999999983,-277.6666666666659,-146.99999999999983,0.0,0.0,0.0,0.0
89.0,-44.5,-84.05555555555544,-44.5,0.0,5.361502511021314,1.0,2.0,0.003401360544217691,0.4162346019488877,181.80309357600203,375.19685510624106,215.94444444444457,293.99999999999966,-146.99999999999983,-277.6666666666659,-146.99999999999983,0.0,0.0,0.0,0.0
90.0,-45.0,-84.99999999999989,-45.0,0.0,5.352807674355321,1.0,2.0,0.003401360544217691,0.41963596249310536,176.77669529663686,376.77669529663694,215.0000000000001,293.99999999999966,-146.99999999999983,-277.6666666666659,-146.99999999999983,0.0,0.0,0.0,0.0
91.0,-45.5,-85.94444444444433,-45.5,0.0,5.344021622138884,1.0,2.0,0.003401360544217691,0.42303732303732305,171.736834787506,378.2821513198237,214.05555555555566,293.99999999999966,-146.99999999999983,-277.6666666666659,-146.99999999999983,0.0,0.0,0.0,0.0
92.0,-46.0,-86.88888888888877,-46.0,0.0,5.335144574479543,1.0,2.0,0.003401360544217691,0.42643868358154075,166.6846932742492,379.71311548848195,213.1111111111112,293.99999999999966,-146.99999999999983,-277.6666666666659,-146.99999999999983,0.0,0.0,0.0,0.0
93.0,-46.5,-87.83333333333321,-46.5,0.0,5.326176754119209,1.0,2.0,0.0034013605442176353,0.4298400441257584,161.6214526748497,381.0694997039867,212.1666666666668,294.0000000000045,-147.00000000000225,-277.66666666667044,-147.00000000000225,1.4205170373316138e-09,-7.102585186658069e-10,-1.3369572116062248e-09,-7.102585186658069e-10
94.0,-47.0,-88.77777777777766,-47.0,0.0,5.317118386440868,1.0,2.0,0.003401360544217691,0.43324140466997607,156.5482952667995,382.3512354567575,211.22222222222234,293.99999999999966,-146.99999999999983,-277.6666666666659,-146.99999999999983,-1.4205170373315906e-09,7.102585186657953e-10,1.336957211606203e-09,7.102585186657953e-10
95.0,-47.5,-89.7222222222221,-47.5,0.0,5.307969699478955,1.0,2.0,0.003401360544217691,0.43664276521419376,151.46640335438335,383.5582738208802,210.27777777777789,293.99999999999966,-146.99999999999983,-277.6666666666659,-146.99999999999983,0.0,0.0,0.0,0.0
96.0,-48.0,-90.66666666666654,-48.0,0.0,5.298730923926896,1.0,2.0,0.003401360544217691,0.44004412575841145,146.37695893618383,384.6905854430033,209.33333333333348,293.99999999999966,-146.99999999999983,-277.6666666666659,-146.99999999999983,0.0,0.0,0.0,0.0
97.0,-48.5,-91.61111111111099,-48.5,0.0,5.2894022931469244,1.0,2.0,0.003401360544217691,0.44344548630262914,141.28114337290484,385.74816052551495,208.38888888888903,293.99999999999966,-146.99999999999983,-277.6666666666659,-146.99999999999983,0.0,0.0,0.0,0.0
98.0,-49.0,-92.55555555555543,-49.0,0.0,5.279984043178615,1.0,2.0,0.003401360544217691,0.44684684684684683,136.18013705561373,386.7310088040071,207.44444444444457,293.99999999999966,-146.99999999999983,-277.6666666666659,-146.99999999999983,0.0,0.0,0.0,0.0
99.0,-49.5,-93.49999999999987,-49.5,0.0,5.2704764127492725,1.0,2.0,0.003401360544217691,0.4502482073910645,131.07511907449964,387.63915951903533,206.5000000000001,293.99999999999966,-146.99999999999983,-277.6666666666659,-146.99999999999983,0.0,0.0,0.0,0.0
100.0,-50.0,-94.44444444444431,-50.0,0.0,5.26087964328271,1.0,2.0,0.003401360544217691,0.4536495679352822,125.9672668882487,388.4726613821862,205.55555555555566,293.99999999999966,-146.99999999999983,-277.6666666666659,-146.99999999999983,0.0,0.0,0.0,0.0
101.0,-50.5,-95.38888888888876,-50.5,0.0,5.251193978910695,1.0,2.0,0.003401360544217691,0.4570509284794999,120.85775599413199,389.2315825364629,204.61111111111126,293.99999999999966,-146.99999999999983,-277.6666666666659,-146.99999999999983,0.0,0.0,0.0,0.0
102.0,-51.0,-96.3333333333332,-51.0,0.0,5.241419666481914,1.0,2.0,0.003401360544217691,0.4604522890237176,115.74775959890752,389.9160105110039,203.6666666666668,293.99999999999966,-146.99999999999983,-277.6666666666659,-146.99999999999983,0.0,0.0,0.0,0.0
103.0,-51.5,-97.27777777777764,-51.5,0.0,5.23155695557352,1.0,2.0,0.003401360544217691,0.4638536495679353,110.63844829063189,390.52605217015054,202.72222222222234,293.99999999999966,-146.99999999999983,-277.6666666666659,-146.99999999999983,0.0,0.0,0.0,0.0
104.0,-52.0,-98.22222222222209,-52.0,0.0,5.221606098501267,1.0,2.0,0.003401360544217691,0.467255010112153,105.53098971148101,391.06183365687986,201.77777777777794,293.99999999999966,-146.99999999999983,-277.6666666666659,-146.99999999999983,0.0,0.0,0.0,0.0
105.0,-52.5,-99.16666666666653,-52.5,0.0,5.211567350331497,1.0,2.0,0.003401360544217691,0.47065637065637067,100.42654823167594,391.52350033062254,200.83333333333348,293.99999999999966,-146.99999999999983,-277.6666666666659,-146.99999999999983,0.0,0.0,0.0,0.0
106.0,-53.0,-100.11111111111097,-53.0,0.0,5.201440968891766,1.0,2.0,0.003401360544217691,0.47405773120058836,95.32628462461226,391.91121669948706,199.88888888888903,293.99999999999966,-146.99999999999983,-277.6666666666659,-146.99999999999983,0.0,0.0,0.0,0.0
107.0,-53.5,-101.05555555555542,-53.5,0.0,5.191227214783823,1.0,2.0,0.003401360544217691,0.47745909174480605,90.23135574328798,392.2251663469115,198.94444444444457,293.99999999999966,-146.99999999999983,-277.6666666666659,-146.99999999999983,0.0,0.0,0.0,0.0
108.0,-54.0,-101.99999999999986,-54.0,0.0,5.180926351394078,1.0,2.0,0.003401360544217691,0.48086045228902374,85.1429141981288,392.46555185276765,198.0000000000001,293.99999999999966,-146.99999999999983,-277.6666666666659,-146.99999999999983,0.0,0.0,0.0,0.0
109.0,-54.5,-102.9444444444443,-54.5,0.0,5.170538644907503,1.0,2.0,0.003401360544217691,0.48426181283324143,80.06210803630363,392.63259470894326,197.0555555555557,293.99999999999966,-146.99999999999983,-277.6666666666659,-146.99999999999983,0.0,0.0,0.0,0.0
110.0,-55.0,-103.88888888888874,-55.0,0.0,5.160064364319674,1.0,2.0,0.003401360544217691,0.4876631733774591,74.99008042262776,392.72653522942966,196.11111111111126,293.99999999999966,-146.99999999999983,-277.6666666666659,-146.99999999999983,0.0,0.0,0.0,0.0
111.0,-55.5,-104.83333333333319,-55.5,0.0,5.149503781449797,1.0,2.0,0.0034013605442176353,0.49106453392167676,69.9279693221481,392.7476324549443,195.1666666666668,294.0000000000045,-147.00000000000225,-277.66666666667044,-147.00000000000225,1.4205170373316138e-09,-7.102585186658069e-10,-1.3369572116062248e-09,-7.102585186658069e-10
112.0,-56.0,-105.77777777777763,-56.0,0.0,5.138857170954519,1.0,2.0,0.003401360544217691,0.49446589446589445,64.87690718450425,392.696164052118,194.2222222222224,293.99999999999966,-146.99999999999983,-277.6666666666659,-146.99999999999983,-1.4205170373315906e-09,7.102585186657953e-10,1.336957211606203e-09,7.102585186657953e-10
113.0,-56.5,-106.72222222222207,-56.5,0.0,5.128124810341562,1.0,2.0,0.003401360544217691,0.49786725501011214,59.83802063015977,392.57242620728016,193.27777777777794,293.99999999999966,-146.99999999999983,-277.6666666666659,-146.99999999999983,0.0,0.0,0.0,0.0
114.0,-57.0,-107.66666666666652,-57.0,0.0,5.117306979983859,1.0,2.0,0.0034013605442176353,0.5012686155543298,54.81243013859669,392.37673351487626,192.33333333333348,294.0000000000045,-147.00000000000225,-277.66666666667044,-147.00000000000225,1.4205170373316138e-09,-7.102585186658069e-10,-1.3369572116062248e-09,-7.102585186658069e-10
115.0,-57.5,-108.61111111111096,-57.5,0.0,5.106403963133926,1.0,2.0,0.003401360544217802,0.5046699760985476,49.801249738566064,392.1094188605515,191.38888888888903,293.99999999999005,-146.99999999999503,-277.66666666665685,-146.99999999999503,-4.244839146849556e-09,2.122419573424778e-09,3.994159669673401e-09,2.122419573424778e-09
116.0,-58.0,-109.5555555555554,-58.0,0.0,5.095416045939344,1.0,2.0,0.00340136054421758,0.5080713366427652,44.8055867004857,391.77083329894,190.44444444444457,294.00000000000927,-147.00000000000463,-277.666666666675,-147.00000000000463,5.648644219036392e-09,-2.824322109518196e-09,-5.331116881279908e-09,-2.824322109518196e-09
117.0,-58.5,-110.49999999999984,-58.5,0.0,5.084343517457221,1.0,2.0,0.003401360544217802,0.511472697186983,39.82654123107782,391.36134592619663,189.50000000000017,293.99999999999005,-146.99999999999503,-277.66666666665685,-146.99999999999503,-5.648644219036024e-09,2.824322109518012e-09,5.33111688127956e-09,2.824322109518012e-09
118.0,-59.0,-111.44444444444429,-59.0,0.0,5.0731866696708545,1.0,2.0,0.00340136054421758,0.5148740577312005,34.86520617033545,390.8813437473135,188.5555555555557,294.00000000000927,-147.00000000000463,-277.666666666675,-147.00000000000463,5.648644219036392e-09,-2.824322109518196e-09,-5.331116881279908e-09,-2.824322109518196e-09
119.0,-59.5,-112.38888888888873,-59.5,0.0,5.061945797505533,1.0,2.0,0.003401360544217802,0.5182754182754183,29.922666690908606,390.3312315382607,187.61111111111126,293.99999999999005,-146.99999999999503,-277.66666666665685,-146.99999999999503,-5.648644219036024e-09,2.824322109518012e-09,5.33111688127956e-09,2.824322109518012e-09
120.0,-60.0,-113.33333333333317,-60.0,0.0,5.0506211988442935,1.0,2.0,0.00340136054421758,0.5216767788196359,24.999999999999993,389.71143170299746,186.66666666666686,294.00000000000927,-147.00000000000463,-277.666666666675,-147.00000000000463,5.648644219036392e-09,-2.824322109518196e-09,-5.331116881279908e-09,-2.824322109518196e-09
121.0,-60.5,-114.27777777777762,-60.5,0.0,5.039213174546627,1.0,2.0,0.003401360544217802,0.5250781393638537,20.0982750438559,389.0223841253974,185.7222222222224,293.99999999999005,-146.99999999999503,-277.66666666665685,-146.99999999999503,-5.648644219036024e-09,2.824322109518012e-09,5.33111688127956e-09,2.824322109518012e-09
122.0,-61.0,-115.22222222222206,-61.0,0.0,5.027722028464275,1.0,2.0,0.00340136054421758,0.5284794999080713,15.21855221494325,388.2645460161342,184.77777777777794,294.00000000000927,-147.00000000000463,-277.666666666675,-147.00000000000463,5.648644219036392e-09,-2.824322109518196e-09,-5.331116881279908e-09,-2.824322109518196e-09
123.0,-61.5,-116.1666666666665,-61.5,0.0,5.016148067460413,1.0,2.0,0.003401360544217802,0.5318808604522891,10.361883061896654,387.4383917545762,183.83333333333348,293.99999999999005,-146.99999999999503,-277.66666666665685,-146.99999999999503,-5.648644219036024e-09,2.824322109518012e-09,5.33111688127956e-09,2.824322109518012e-09
124.0,-62.0,-117.11111111111094,-62.0,0.0,5.004491601427161,1.0,2.0,0.00340136054421758,0.5352822209965067,5.529310002323291,386.5444127257401,182.88888888888903,294.00000000000927,-147.00000000000463,-277.666666666675,-147.00000000000463,5.648644219036392e-09,-2.824322109518196e-09,-5.331116881279908e-09,-2.824322109518196e-09
125.0,-62.5,-118.05555555555539,-62.5,0.0,4.9927529433049935,1.0,2.0,0.003401360544217802,0.5386835815407245,0.721866038549327,385.5831171523538,181.94444444444463,293.99999999999005,-146.99999999999503,-277.66666666665685,-146.99999999999503,-5.648644219036024e-09,2.824322109518012e-09,5.33111688127956e-09,2.824322109518012e-09
126.0,-63.0,-118.99999999999983,-63.0,0.0,4.980932409102488,1.0,2.0,0.00340136054421758,0.5420849420849421,-4.059425523607952,384.5550299220814,181.00000000000017,294.00000000000927,-147.00000000000463,-277.666666666675,-147.00000000000463,5.648644219036392e-09,-2.824322109518196e-09,-5.331116881279908e-09,-2.824322109518196e-09
127.0,-63.5,-119.94444444444427,-63.5,0.0,4.969030317914796,1.0,2.0,0.003401360544217691,0.5454863026291598,-8.813551352957543,383.46069240996485,180.0555555555557,293.99999999999966,-146.99999999999983,-277.6666666666659,-146.99999999999983,-2.8243221095181037e-09,1.4121610547590519e-09,2.673914423212406e-09,1.4121610547590519e-09
128.0,-64.0,-120.88888888888872,-64.0,0.0,4.9570469919458295,1.0,2.0,0.003401360544217691,0.5488876631733774,-13.539508367862336,382.3006622961361,179.1111111111113,293.99999999999966,-146.99999999999983,-277.6666666666659,-146.99999999999983,0.0,0.0,0.0,0.0
129.0,-64.5,-121.83333333333316,-64.5,0.0,4.944982756528508,1.0,2.0,0.003401360544217691,0.5522890237175951,-18.236304007893718,381.07551337885934,178.16666666666686,293.99999999999966,-146.99999999999983,-277.6666666666659,-146.99999999999983,0.0,0.0,0.0,0.0
130.0,-65.0,-122.7777777777776,-65.0,0.0,4.932837940146054,1.0,2.0,0.003401360544217691,0.5556903842618128,-22.90295650213309,379.7858353829581,177.2222222222224,293.99999999999966,-146.99999999999983,-277.6666666666659,-146.99999999999983,0.0,0.0,0.0,0.0
131.0,-65.5,-123.72222222222204,-65.5,0.0,4.920612874454271,1.0,2.0,0.003401360544217691,0.5590917448060305,-27.538495134041835,378.4322337636902,176.27777777777794,293.99999999999966,-146.99999999999983,-277.6666666666659,-146.99999999999983,0.0,0.0,0.0,0.0
132.0,-66.0,-124.66666666666649,-66.0,0.0,4.9083078943045075,1.0,2.0,0.003401360544217691,0.5624931053502482,-32.14196050282166,377.0153295061291,175.33333333333348,293.99999999999966,-146.99999999999983,-277.6666666666659,-146.99999999999983,0.0,0.0,0.0,0.0
133.0,-66.5,-125.61111111111093,-66.5,0.0,4.895923337767121,1.0,2.0,0.003401360544217691,0.5658944658944659,-36.712404781188155,375.5357589201151,174.38888888888908,293.99999999999966,-146.99999999999983,-277.6666666666659,-146.99999999999983,0.0,0.0,0.0,0.0
134.0,-67.0,-126.55555555555537,-67.0,0.0,4.883459546154703,1.0,2.0,0.003401360544217691,0.5692958264386836,-41.24889196948098,373.9941734308403,173.44444444444463,293.99999999999966,-146.99999999999983,-277.6666666666659,-146.99999999999983,0.0,0.0,0.0,0.0
135.0,-67.5,-127.49999999999982,-67.5,0.0,4.870916864047351,1.0,2.0,0.003401360544217691,0.5726971869829013,-45.75049814603709,372.3912393651312,172.50000000000017,293.99999999999966,-146.99999999999983,-277.6666666666659,-146.99999999999983,0.0,0.0,0.0,0.0
136.0,-68.0,-128.44444444444426,-68.0,0.0,4.8582956393173236,1.0,2.0,0.003401360544217691,0.576098547527119,-50.21631171375233,370.7276377334963,171.55555555555577,293.99999999999966,-146.99999999999983,-277.6666666666659,-146.99999999999983,0.0,0.0,0.0,0.0
137.0,-68.5,-129.38888888888872,-68.5,0.0,4.845596223155464,1.0,2.0,0.003401360544217691,0.5794999080713367,-54.645433642759855,369.0040640080058,170.6111111111113,293.99999999999966,-146.99999999999983,-277.6666666666701,-146.99999999999983,0.0,0.0,-1.2366854207357377e-09,0.0
138.0,-69.0,-130.33333333333317,-69.0,0.0,4.8328189700977395,1.0,2.0,0.003401360544217691,0.5829012686155544,-59.0369777091538,367.22122789607215,169.66666666666686,293.99999999999966,-146.99999999999983,-277.6666666666701,-146.99999999999983,0.0,0.0,0.0,0.0
139.0,-69.5,-131.27777777777763,-69.5,0.0,4.819964238052455,1.0,2.0,0.003401360544217691,0.586302629159772,-63.39007072968761,365.3798531102009,168.7222222222224,293.99999999999966,-146.99999999999983,-277.6666666666701,-146.99999999999983,0.0,0.0,0.0,0.0
140.0,-70.0,-132.2222222222221,-70.0,0.0,4.807032388327606,1.0,2.0,0.003401360544217691,0.5897039897039897,-67.70385279237846,363.480677133785,167.77777777777794,293.99999999999966,-146.99999999999983,-277.6666666666701,-146.99999999999983,0.0,0.0,0.0,0.0
141.0,-70.5,-133.16666666666654,-70.5,0.0,4.79402378566113,1.0,2.0,0.00340136054421758,0.5931053502482073,-71.97747748295144,361.5244509830121,166.83333333333348,294.00000000000927,-147.00000000000463,-277.66666666667913,-147.00000000000463,2.824322109518196e-09,-1.412161054759098e-09,-2.6572024580674154e-09,-1.412161054759098e-09
142.0,-71.0,-134.111111111111,-71.0,0.0,4.7809387982492595,1.0,2.0,0.003401360544217802,0.5965067107924251,-76.21011210705527,359.5119389649609,165.88888888888903,293.99999999999005,-146.99999999999503,-277.666666666661,-146.99999999999503,-5.648644219036024e-09,2.824322109518012e-09,5.33111688127956e-09,2.824322109518012e-09
143.0,-71.5,-135.05555555555546,-71.5,0.0,4.767777797777236,1.0,2.0,0.00340136054421758,0.5999080713366427,-80.40093790818563,357.44391843195945,164.94444444444457,294.00000000000927,-147.00000000000463,-277.66666666667913,-147.00000000000463,5.648644219036392e-09,-2.824322109518196e-09,-5.331116881279908e-09,-2.824322109518196e-09
144.0,-72.0,-135.99999999999991,-72.0,0.0,4.754541159450349,1.0,2.0,0.003401360544217802,0.6033094318808605,-84.54915028125262,355.32117953228305,164.0000000000001,293.99999999999005,-146.99999999999503,-277.666666666661,-146.99999999999503,-5.648644219036024e-09,2.824322109518012e-09,5.33111688127956e-09,2.824322109518012e-09
145.0,-72.5,-136.94444444444437,-72.5,0.0,4.741229262026907,1.0,2.0,0.00340136054421758,0.6067107924250781,-88.65395898173007,353.14452495726596,163.05555555555566,294.00000000000927,-147.00000000000463,-277.66666666667913,-147.00000000000463,5.648644219036392e-09,-2.824322109518196e-09,-5.331116881279908e-09,-2.824322109518196e-09
146.0,-73.0,-137.88888888888883,-73.0,0.0,4.7278424878492755,1.0,2.0,0.003401360544217802,0.6101121529692959,-92.71458833032419,350.91476968490826,162.1111111111112,293.99999999999005,-146.99999999999503,-277.666666666661,-146.99999999999503,-5.648644219036024e-09,2.824322109518012e-09,5.33111688127956e-09,2.824322109518012e-09
147.0,-73.5,-138.8333333333333,-73.5,0.0,4.71438122287924,1.0,2.0,0.0034049249698338002,0.6135170779391297,-96.73027741310426,348.6327407200537,161.16666666666674,293.69222783455683,-146.84611391727842,-277.37599295486297,-146.84611391727842,-90.39029293154842,45.19514646577421,85.36860999090497,45.19514646577421
148.0,-74.0,-139.77777777777774,-74.0,0.0,4.7008458567316795,1.0,2.0,0.0034468412963897244,0.6169639192355194,-100.70028027703546,346.2992768312207,160.22222222222229,290.1206971865562,-145.0603485932781,-274.0028806761956,-145.0603485932781,-1036.1749616211002,518.0874808105501,978.6096859755047,518.0874808105501
149.0,-74.5,-140.7222222222222,-74.5,0.0,4.687236782711045,1.0,2.0,0.0035011322835905023,0.6204650515191099,-104.62386612085827,343.91522828416663,159.27777777777783,285.62188429352176,-142.81094214676088,-269.7540018327741,-142.81094214676088,-1284.9594155924826,642.4797077962413,1213.5727813929263,642.4797077962413
150.0,-75.0,-141.66666666666666,-75.0,0.0,4.673554397847101,1.0,2.0,0.00355807246684825,0.6240231239859582,-108.50031948125762,341.48145657226706,158.33333333333337,281.0510492176127,-140.52552460880634,-265.43710203885996,-140.52552460880634,-1284.6379938849152,642.3189969424576,1213.2692164468706,642.3189969424576
151.0,-75.5,-142.61111111111111,-75.5,0.0,4.659799102932362,1.0,2.0,0.003617884573458241,0.6276410085594164,-112.32894041426884,338.9988341437944,157.3888888888889,276.40461703401616,-138.20230851700808,-261.04880497657433,-138.20230851700808,-1284.2953082815227,642.1476541407613,1212.9455689325578,642.1476541407613
152.0,-76.0,-143.55555555555557,-76.0,0.0,4.6459713025618194,1.0,2.0,0.003680818462779789,0.6313218270221962,-116.10904467186845,336.4682441261773,156.44444444444446,271.6787068180457,-135.83935340902286,-256.58544532815773,-135.83935340902286,-1283.9291760130375,641.9645880065187,1212.5997773456688,641.9645880065187
153.0,-76.5,-144.50000000000003,-76.5,0.0,4.6320714051711445,1.0,2.0,0.003747155529676194,0.6350689825518724,-119.83996387369724,333.8905800473285,155.5,266.8690936579336,-133.4345468289668,-252.04303289916288,-133.4345468289668,-1283.5371048843917,641.7685524421959,1212.2294879463886,641.7685524421959
154.0,-77.0,-145.44444444444449,-77.0,0.0,4.618099823078006,1.0,2.0,0.0038172140142730404,0.6388861965661454,-123.52104567386723,331.26674555412427,154.55555555555554,261.9711643782285,-130.98558218911424,-247.41721080166351,-130.98558218911424,-1283.1162364465692,641.5581182232846,1211.8320010884481,641.5581182232846
155.0,-77.5,-146.38888888888894,-77.5,0.0,4.604056972523685,1.0,2.0,0.0038913554471005085,0.6427775520132459,-127.15165392280431,328.5976541281233,153.6111111111111,256.9798656519828,-128.4899328259914,-242.70320644909808,-128.4899328259914,-1282.6632760995333,641.3316380497666,1211.4042052051286,641.3316380497666
156.0,-78.0,-147.3333333333334,-78.0,0.0,4.589943273716499,1.0,2.0,0.003969992528208954,0.6467475445414549,-130.73116882408036,325.8842287986115,152.66666666666663,251.8896428379793,-125.94482141898965,-237.8957737914281,-125.94482141898965,-1282.1744065850712,641.0872032925356,1210.9424951081282,641.0872032925356
157.0,-78.5,-148.27777777777786,-78.5,0.0,4.575759150874746,1.0,2.0,0.004053598833293481,0.6508011433747484,-134.25898708618874,323.1274018530622,151.72222222222217,246.69436743140088,-123.34718371570044,-232.98912479632617,-123.34718371570044,-1281.6451800577768,640.8225900288884,1210.4426700545898,640.8225900288884
158.0,-79.0,-149.2222222222223,-79.0,0.0,4.561505032273042,1.0,2.0,0.004142720869658945,0.6549438642444073,-137.73452206922127,320.3281145450984,150.77777777777771,241.38725042373574,-120.69362521186787,-227.97684762242014,-120.69362521186787,-1281.0703821573325,640.5351910786662,1209.899805370829,640.5351910786662
159.0,-79.5,-150.16666666666677,-79.5,0.0,4.547181350287922,1.0,2.0,0.0042379931855041075,0.6591818574299114,-141.15720392640355,317.4873168000487,149.83333333333326,235.9607380730251,-117.98036903651256,-222.85180818008223,-117.98036903651256,-1280.4438594360652,640.2219297180326,1209.3080894674176,640.2219297180326
160.0,-80.0,-151.11111111111123,-80.0,0.0,4.532788541446158,1.0,2.0,0.0043401574908005225,0.6635220149207119,-144.5264797404491,314.6059669181858,148.8888888888888,230.4063855101153,-115.20319275505766,-217.60603075955626,-115.20319275505766,-1279.7582978688922,639.8791489344461,1208.6606146539646,639.8791489344461
161.0,-80.5,-152.05555555555569,-80.5,0.0,4.518327046474055,1.0,2.0,0.0044500871127900465,0.667972102033502,-147.84181365469396,311.6850312757392,147.94444444444434,224.71470212928833,-112.35735106464416,-212.23055201099737,-112.35735106464416,-1279.004935536757,639.5024677683786,1207.9491057847306,639.5024677683786
162.0,-81.0,-153.00000000000014,-81.0,0.0,4.503797310346785,1.0,2.0,0.004568818639690164,0.6725409206731922,-151.10268699897304,308.72548402377396,146.9999999999999,218.8749606545589,-109.43748032727945,-206.71524061819727,-109.43748032727945,-1278.1731855142011,639.0865927571006,1207.1635640967625,639.0865927571006
163.0,-81.5,-153.9444444444446,-81.5,0.0,4.489199782341067,1.0,2.0,0.004697593391609356,0.6772385140648015,-154.30859841020444,305.7283067850266,146.05555555555543,212.87495886428954,-106.43747943214477,-201.0485722607206,-106.43747943214477,-1277.2501342892517,638.6250671446259,1206.2917934954196,638.6250671446259
164.0,-82.0,-154.88888888888906,-82.0,0.0,4.4745349160881105,1.0,2.0,0.004837912543037337,0.6820764266078388,-157.45906394764737,302.69448834879245,145.11111111111097,206.70071877160893,-103.35035938580447,-195.21734550652215,-103.35035938580447,-1276.2198650255666,638.1099325127833,1205.3187614130536,638.1099325127833
165.0,-82.5,-155.8333333333335,-82.5,0.0,4.459803169628191,1.0,2.0,0.004991611548819552,0.6870680381566584,-160.55361720280078,299.6250243639568,144.16666666666652,200.336101922131,-100.1680509610655,-189.20631848201515,-100.1680509610655,-1275.062529852322,637.531264926161,1204.2257226383185,637.531264926161
166.0,-83.0,-156.77777777777797,-83.0,0.0,4.445005005466603,1.0,2.0,0.0051609624107907814,0.6922290005674492,-163.5918094039125,296.52091703026406,143.22222222222206,193.7623102832823,-96.88115514164114,-182.99773748976907,-96.88115514164114,-1273.753055264252,636.876527632126,1202.9889966384744,636.876527632126
167.0,-83.5,-157.72222222222243,-83.5,0.0,4.430140890631609,1.0,2.0,0.005348816999927508,0.6975778175673767,-166.57320951507046,293.3831747879198,142.2777777777776,186.9572281148435,-93.47861405742175,-176.570715441799,-93.47861405742175,-1272.2592993050641,636.1296496525321,1201.578227121469,636.1296496525321
168.0,-84.0,-158.66666666666688,-84.0,0.0,4.415211296733565,1.0,2.0,0.005558812462608476,0.7031366300299852,-169.49740432984783,290.21281200562015,141.33333333333314,179.89453803785088,-89.94726901892544,-169.90039703575033,-89.94726901892544,-1270.5393687051017,635.2696843525508,1199.9538482214984,635.2696843525508
169.0,-84.5,-159.61111111111134,-84.5,0.0,4.400216700026019,1.0,2.0,0.005795673242730559,0.7089323032727157,-172.36399855947684,287.0108486671037,140.3888888888887,172.5425085436429,-86.27125427182145,-162.9568136245538,-86.27125427182145,-1268.5376118174954,634.2688059087477,1198.063300049874,634.2688059087477
170.0,-85.0,-160.5555555555558,-85.0,0.0,4.385157581468069,1.0,2.0,0.006065668513254963,0.7149979717859707,-175.17261491552713,283.7783100563224,139.44444444444423,164.86228975664537,-82.43114487832268,-155.70327365905604,-82.43114487832268,-1266.178455056418,633.089227528209,1195.8352075533,633.089227528209
171.0,-85.5,-161.50000000000026,-85.5,0.0,4.3700344267882105,1.0,2.0,0.006377329416461075,0.7213753012024318,-177.92289418706633,280.5162264413282,138.49999999999977,156.80544859715317,-78.40272429857659,-148.0940347862022,-78.40272429857659,-1263.3565922901812,631.6782961450906,1193.1701149407422,631.6782961450906
172.0,-86.0,-162.4444444444447,-86.0,0.0,4.3548477265516174,1.0,2.0,0.00674262090843325,0.728117922110865,-180.61449531228277,277.22563275696916,137.55555555555532,148.31028076178245,-74.15514038089123,-140.0708207194631,-74.15514038089123,-1259.9207267822956,629.9603633911478,1189.9251308499606,629.9603633911478
173.0,-86.5,-163.38888888888917,-86.5,0.0,4.339597976226754,1.0,2.0,0.007178953893338447,0.7352968760042035,-183.24709544455024,273.90756828649626,136.61111111111086,139.2960610776353,-69.64803053881765,-131.55739101776842,-69.64803053881765,-1255.6452956901837,627.8226478450919,1185.887223707414,627.8226478450919
174.0,-87.0,-164.33333333333363,-87.0,0.0,4.32428567625588,1.0,2.0,0.0077128587596293485,0.7430097347638328,-185.82039001291872,270.5630763421742,135.6666666666664,129.65361238483982,-64.82680619241991,-122.45063391901702,-64.82680619241991,-1250.178305256411,625.0891526282055,1180.7239549644028,625.0891526282055
175.0,-87.5,-165.27777777777808,-87.5,0.0,4.3089113321267405,1.0,2.0,0.008387235189628472,0.7513969699534613,-188.33409277701512,267.1932039449962,134.72222222222194,119.22880155269578,-59.61440077634789,-112.60497924421419,-59.61440077634789,-1242.9377019300944,621.4688509650472,1173.8856073784382,621.4688509650472
176.0,-88.0,-166.22222222222254,-88.0,0.0,4.293475454446081,1.0,2.0,0.009277205843563507,0.7606741757970248,-190.78793587633962,263.799001503599,133.7777777777775,107.79107598370219,-53.89553799185109,-101.80268287349787,-53.89553799185109,-1232.8847458881223,616.4423729440612,1164.3911488943531,616.4423729440612
177.0,-88.5,-167.166666666667,-88.5,0.0,4.277978559015148,1.0,2.0,0.010530101711073159,0.771204277508098,-193.18166987394656,260.3815224924781,132.83333333333303,94.96584434207584,-47.48292217103792,-89.6899641008506,-47.48292217103792,-1217.9589517297532,608.9794758648766,1150.2945655225606,608.9794758648766
178.0,-89.0,-168.11111111111146,-89.0,0.0,4.2624211669082985,1.0,2.0,0.012490646040439923,0.7836949235485379,-195.51506379449836,256.941823129598,131.88888888888857,80.05991017297131,-40.02995508648566,-75.61213738558503,-40.02995508648566,-1193.367750622732,596.683875311366,1127.0695422548174,596.683875311366
179.0,-89.5,-169.0555555555559,-89.5,0.0,4.246803804552472,1.0,2.0,0.016278126843079943,0.7999730503916178,-197.78790515668484,253.4809620534995,130.94444444444412,61.432129730891845,-30.716064865445922,-58.01923363473196,-30.716064865445922,-1144.3442247163957,572.1721123581979,1080.7695455654994,572.1721123581979
180.0,-90.0,-170.00000000000037,-90.0,0.0,4.231127003809608,1.0,2.0,0.039298874594592914,0.8392719249862107,-200.00000000000003,250.00000000000003,129.99999999999966,25.44602129999898,-12.72301064999949,-24.032353449999356,-12.72301064999949,-915.7032816365728,457.8516408182864,864.8308771012191,457.8516408182864
179.0,-89.5,-169.0555555555559,-89.5,0.0,4.231127003809608,1.0,3.0,0.0,0.8392719249862107,-197.78790515668484,253.4809620534995,130.94444444444412,0.0,0.0,0.0,0.0,0.0,0.0,0.0,0.0
178.0,-89.0,-168.11111111111146,-89.0,0.0,4.246803804552472,1.0,3.0,0.055577001437672836,0.8948489264238836,-195.51506379449836,256.941823129598,131.88888888888857,-17.993054215446577,8.996527107723288,16.993440092366438,8.996527107723288,-323.74999999999983,161.87499999999991,305.7638888888928,161.87499999999991
177.0,-88.5,-167.166666666667,-88.5,0.0,4.2624211669082985,1.0,3.0,0.012490646040439944,0.9073395724643235,-193.18166987394656,260.3815224924781,132.83333333333303,-80.05991017297131,40.02995508648566,75.61213738558503,40.02995508648566,-4969.0669126781795,2484.5334563390898,4693.007639751677,2484.5334563390898
176.0,-88.0,-166.22222222222254,-88.0,0.0,4.277978559015148,1.0,3.0,0.010530101711073145,0.9178696741753967,-190.78793587633962,263.799001503599,133.7777777777775,-94.96584434207584,47.48292217103792,89.6899641008506,47.48292217103792,-1415.55462407641,707.777312038205,1336.9127005166272,707.777312038205
175.0,-87.5,-165.27777777777808,-87.5,0.0,4.293475454446081,1.0,3.0,0.009277205843563438,0.9271468800189601,-188.33409277701512,267.1932039449962,134.72222222222194,-107.79107598370348,53.89553799185174,101.8026828734991,53.89553799185174,-1382.4455183912828,691.2227591956414,1305.6429895917852,691.2227591956414
174.0,-87.0,-164.33333333333363,-87.0,0.0,4.3089113321267405,1.0,3.0,0.008387235189628528,0.9355341152085885,-185.82039001291872,270.5630763421742,135.6666666666664,-119.22880155269578,59.61440077634789,112.60497924421419,59.61440077634789,-1363.7063120795783,681.8531560397892,1287.9448502973964,681.8531560397892
173.0,-86.5,-163.38888888888917,-86.5,0.0,4.32428567625588,1.0,3.0,0.007712858759629376,0.9432469739682179,-183.24709544455024,273.90756828649626,136.61111111111086,-129.65361238483982,64.82680619241991,122.45063391901702,64.82680619241991,-1351.6143828160818,675.8071914080409,1276.5246948818724,675.8071914080409
172.0,-86.0,-162.4444444444447,-86.0,0.0,4.339597976226754,1.0,3.0,0.007178953893338405,0.9504259278615563,-180.61449531228277,277.22563275696916,137.55555555555532,-139.2960610776353,69.64803053881765,131.55739101776842,69.64803053881765,-1343.1551220496042,671.5775610248021,1268.535393046864,671.5775610248021
171.0,-85.5,-161.50000000000026,-85.5,0.0,4.3548477265516174,1.0,3.0,0.006742620908433222,0.9571685487699896,-177.92289418706633,280.5162264413282,138.49999999999977,-148.31028076178245,74.15514038089123,140.0708207194631,74.15514038089123,-1336.9014522042498,668.4507261021249,1262.6291493040333,668.4507261021249
170.0,-85.0,-160.5555555555558,-85.0,0.0,4.3700344267882105,1.0,3.0,0.006377329416461117,0.9635458781864507,-175.17261491552713,283.7783100563224,139.44444444444423,-156.80544859715317,78.40272429857659,148.0940347862022,78.40272429857659,-1332.088603333413,666.0443016667065,1258.0836809260165,666.0443016667065
169.0,-84.5,-159.61111111111134,-84.5,0.0,4.385157581468069,1.0,3.0,0.006065668513255046,0.9696115466997057,-172.36399855947684,287.0108486671037,140.3888888888887,-164.86228975664235,82.43114487832118,155.7032736590532,82.43114487832118,-1328.2692817589477,664.1346408794739,1254.4765438834675,664.1346408794739
168.0,-84.0,-158.66666666666688,-84.0,0.0,4.400216700026019,1.0,3.0,0.0057956732427305035,0.9754072199424362,-169.49740432984783,290.21281200562015,141.33333333333314,-172.5425085436462,86.2712542718231,162.95681362455693,86.2712542718231,-1325.1642156736818,662.5821078368409,1251.5439814696072,662.5821078368409
167.0,-83.5,-157.72222222222243,-83.5,0.0,4.415211296733565,1.0,3.0,0.005558812462608476,0.9809660324050447,-166.57320951507046,293.3831747879198,142.2777777777776,-179.89453803785088,89.94726901892544,169.90039703575033,89.94726901892544,-1322.5899495006065,661.2949747503033,1249.1127300839219,661.2949747503033
166.0,-83.0,-156.77777777777797,-83.0,0.0,4.430140890631609,1.0,3.0,0.005348816999927508,0.9863148494049722,-163.5918094039125,296.52091703026406,143.22222222222206,-186.9572281148435,93.47861405742175,176.570715441799,93.47861405742175,-1320.4209598287516,660.2104799143758,1247.0642398382795,660.2104799143758
165.0,-82.5,-155.8333333333335,-82.5,0.0,4.445005005466603,1.0,3.0,0.005160962410790754,0.9914758118157629,-160.55361720280078,299.6250243639568,144.16666666666652,-193.7623102832823,96.88115514164114,182.99773748976907,96.88115514164114,-1318.5684426242678,659.2842213121339,1245.3146402562732,659.2842213121339
164.0,-82.0,-154.88888888888906,-82.0,0.0,4.459803169628191,1.0,3.0,0.004991611548819552,0.9964674233645825,-157.45906394764737,302.69448834879245,145.11111111111097,-200.336101922131,100.1680509610655,189.20631848201515,100.1680509610655,-1316.9677917752492,658.4838958876246,1243.8029144544166,658.4838958876246
163.0,-81.5,-153.9444444444446,-81.5,0.0,4.4745349160881105,1.0,3.0,0.004837912543037365,1.0013053359076198,-154.30859841020444,305.7283067850266,146.05555555555543,-206.70071877160893,103.35035938580447,195.21734550652215,103.35035938580447,-1315.5708774929803,657.7854387464902,1242.483606521163,657.7854387464902
162.0,-81.0,-153.00000000000014,-81.0,0.0,4.489199782341067,1.0,3.0,0.0046975933916093005,1.0060029292992292,-151.10268699897304,308.72548402377396,146.9999999999999,-212.87495886428954,106.43747943214477,201.0485722607206,106.43747943214477,-1314.3411057476312,657.1705528738156,1241.3221554283375,657.1705528738156
161.0,-80.5,-152.05555555555569,-80.5,0.0,4.503797310346785,1.0,3.0,0.004568818639690164,1.0105717479389194,-147.84181365469396,311.6850312757392,147.94444444444434,-218.8749606545589,109.43748032727945,206.71524061819727,109.43748032727945,-1313.2501557724872,656.6250778862436,1240.2918137851425,656.6250778862436
160.0,-80.0,-151.11111111111123,-80.0,0.0,4.518327046474055,1.0,3.0,0.0044500871127900465,1.0150218350517095,-144.5264797404491,314.6059669181858,148.8888888888888,-224.71470212928273,112.35735106464136,212.23055201099208,112.35735106464136,-1312.2757660045852,656.1378830022926,1239.371556782126,656.1378830022926
159.0,-79.5,-150.16666666666677,-79.5,0.0,4.532788541446158,1.0,3.0,0.00434015749080055,1.0193619925425101,-141.15720392640355,317.4873168000487,149.83333333333326,-230.40638551010943,115.20319275505472,217.60603075955072,115.20319275505472,-1311.4001952442402,655.7000976221201,1238.5446288418013,655.7000976221201
158.0,-79.0,-149.2222222222223,-79.0,0.0,4.547181350287922,1.0,3.0,0.004237993185504163,1.0235999857280142,-137.73452206922127,320.3281145450984,150.77777777777771,-235.9607380730251,117.98036903651256,222.85180818008223,117.98036903651256,-1310.609130263383,655.3045651316914,1237.797511915425,655.3045651316914
157.0,-78.5,-148.27777777777786,-78.5,0.0,4.561505032273042,1.0,3.0,0.004142720869658861,1.0277427065976732,-134.25898708618874,323.1274018530622,151.72222222222217,-241.38725042373574,120.69362521186787,227.97684762242014,120.69362521186787,-1309.8908957284802,654.9454478642401,1237.1191792991435,654.9454478642401
156.0,-78.0,-147.3333333333334,-78.0,0.0,4.575759150874746,1.0,3.0,0.004053598833293481,1.0317963054309667,-130.73116882408036,325.8842287986115,152.66666666666663,-246.69436743140088,123.34718371570044,232.98912479632617,123.34718371570044,-1309.2358730903811,654.6179365451906,1236.5005468075974,654.6179365451906
155.0,-77.5,-146.38888888888894,-77.5,0.0,4.589943273716499,1.0,3.0,0.003969992528209038,1.0357662979591757,-127.15165392280431,328.5976541281233,153.6111111111111,-251.88964283797227,125.94482141898614,237.89577379142142,125.94482141898614,-1308.6360666061705,654.3180333030853,1235.9340629058388,654.3180333030853
154.0,-77.0,-145.44444444444449,-77.0,0.0,4.604056972523685,1.0,3.0,0.003891355447100453,1.0396576534062762,-123.52104567386723,331.26674555412427,154.55555555555554,-256.9798656519828,128.4899328259914,242.70320644909808,128.4899328259914,-1308.0847748830765,654.0423874415383,1235.4133985007018,654.0423874415383
153.0,-76.5,-144.50000000000003,-76.5,0.0,4.618099823078006,1.0,3.0,0.003817214014273068,1.0434748674205494,-119.83996387369724,333.8905800473285,155.5,-261.97116437822086,130.98558218911043,247.41721080165632,130.98558218911043,-1307.5763390721218,653.7881695360609,1234.9332091236854,653.7881695360609
152.0,-76.0,-143.55555555555557,-76.0,0.0,4.6320714051711445,1.0,3.0,0.003747155529676194,1.0472220229502256,-116.10904467186845,336.4682441261773,156.44444444444446,-266.8690936579336,133.4345468289668,252.04303289916288,133.4345468289668,-1307.105947677595,653.5529738387975,1234.4889505844162,653.5529738387975
151.0,-75.5,-142.61111111111111,-75.5,0.0,4.6459713025618194,1.0,3.0,0.0036808184627797336,1.0509028414130053,-112.32894041426884,338.9988341437944,157.3888888888889,-271.6787068180539,135.83935340902696,256.58544532816546,135.83935340902696,-1306.6694836365787,653.3347418182893,1234.0767345456763,653.3347418182893
150.0,-75.0,-141.66666666666666,-75.0,0.0,4.659799102932362,1.0,3.0,0.0036178845734582965,1.0545207259864635,-108.50031948125762,341.48145657226706,158.33333333333337,-276.40461703401616,138.20230851700808,261.04880497657433,138.20230851700808,-1306.2634033801887,653.1317016900944,1233.6932143035342,653.1317016900944
149.0,-74.5,-140.7222222222222,-74.5,0.0,4.673554397847101,1.0,3.0,0.0035580724668482777,1.0580787984533118,-104.62386612085827,343.91522828416663,159.27777777777783,-281.0510492176127,140.52552460880634,265.43710203885996,140.52552460880634,-1305.884640318284,652.942320159142,1233.3354936339438,652.942320159142
148.0,-74.0,-139.77777777777774,-74.0,0.0,4.687236782711045,1.0,3.0,0.0035011322835905023,1.0615799307369023,-100.70028027703546,346.2992768312207,160.22222222222229,-285.62188429352176,142.81094214676088,269.7540018327741,142.81094214676088,-1305.530527176076,652.765263588038,1233.0010534440783,652.765263588038
147.0,-73.5,-138.8333333333333,-73.5,0.0,4.7008458567316795,1.0,3.0,0.0034468412963897244,1.065026772033292,-96.73027741310426,348.6327407200537,161.16666666666674,-290.1206971865562,145.0603485932781,274.0028806761956,145.0603485932781,-1305.1987330390155,652.5993665195077,1232.6876923146524,652.5993665195077
146.0,-73.0,-137.88888888888883,-73.0,0.0,4.71438122287924,1.0,3.0,0.0034049249698338002,1.0684316970031258,-92.71458833032419,350.91476968490826,162.1111111111112,-293.69222783455683,146.84611391727842,277.37599295486297,146.84611391727842,-1048.9307927907082,524.4653963953541,990.6568598579124,524.4653963953541
145.0,-72.5,-136.94444444444437,-72.5,0.0,4.7278424878492755,1.0,3.0,0.003401360544217691,1.0718330575473436,-88.65395898173007,353.14452495726596,163.05555555555566,-293.99999999999005,146.99999999999503,277.666666666661,146.99999999999503,-90.48501663736387,45.242508318681935,85.45807126861958,45.242508318681935
144.0,-72.0,-135.99999999999991,-72.0,0.0,4.741229262026907,1.0,3.0,0.003401360544217691,1.0752344180915614,-84.54915028125262,355.32117953228305,164.0000000000001,-293.99999999999005,146.99999999999503,277.666666666661,146.99999999999503,0.0,0.0,0.0,0.0
143.0,-71.5,-135.05555555555546,-71.5,0.0,4.754541159450349,1.0,3.0,0.003401360544217691,1.0786357786357792,-80.40093790818563,357.44391843195945,164.94444444444457,-293.99999999999005,146.99999999999503,277.666666666661,146.99999999999503,0.0,0.0,0.0,0.0
142.0,-71.0,-134.111111111111,-71.0,0.0,4.767777797777236,1.0,3.0,0.003401360544217691,1.082037139179997,-76.21011210705527,359.5119389649609,165.88888888888903,-293.99999999999005,146.99999999999503,277.666666666661,146.99999999999503,0.0,0.0,0.0,0.0
141.0,-70.5,-133.16666666666654,-70.5,0.0,4.7809387982492595,1.0,3.0,0.003401360544217691,1.0854384997242148,-71.97747748295144,361.5244509830121,166.83333333333348,-293.99999999999005,146.99999999999503,277.666666666661,146.99999999999503,0.0,0.0,0.0,0.0
140.0,-70.0,-132.2222222222221,-70.0,0.0,4.79402378566113,1.0,3.0,0.003401360544217691,1.0888398602684326,-67.70385279237846,363.480677133785,167.77777777777794,-293.99999999999005,146.99999999999503,277.666666666661,146.99999999999503,0.0,0.0,0.0,0.0
139.0,-69.5,-131.27777777777763,-69.5,0.0,4.807032388327606,1.0,3.0,0.003401360544217663,1.0922412208126502,-63.39007072968761,365.3798531102009,168.7222222222224,-294.00000000000927,147.00000000000463,277.66666666667913,147.00000000000463,-5.648644219036392e-09,2.824322109518196e-09,5.331116881279908e-09,2.824322109518196e-09
138.0,-69.0,-130.33333333333317,-69.0,0.0,4.819964238052455,1.0,3.0,0.003401360544217691,1.0956425813568678,-59.0369777091538,367.22122789607215,169.66666666666686,-294.00000000000927,147.00000000000463,277.66666666667913,147.00000000000463,0.0,0.0,0.0,0.0
137.0,-68.5,-129.38888888888872,-68.5,0.0,4.8328189700977395,1.0,3.0,0.003401360544217691,1.0990439419010856,-54.645433642759855,369.0040640080058,170.6111111111113,-293.99999999999005,146.99999999999503,277.666666666661,146.99999999999503,5.648644219036024e-09,-2.824322109518012e-09,-5.33111688127956e-09,-2.824322109518012e-09
136.0,-68.0,-128.44444444444426,-68.0,0.0,4.845596223155464,1.0,3.0,0.003401360544217691,1.1024453024453034,-50.21631171375233,370.7276377334963,171.55555555555577,-293.99999999999005,146.99999999999503,277.666666666661,146.99999999999503,0.0,0.0,0.0,0.0
135.0,-67.5,-127.49999999999982,-67.5,0.0,4.8582956393173236,1.0,3.0,0.003401360544217691,1.1058466629895212,-45.75049814603709,372.3912393651312,172.50000000000017,-293.99999999999005,146.99999999999503,277.66666666665685,146.99999999999503,0.0,0.0,-1.2199734555906205e-09,0.0
134.0,-67.0,-126.55555555555537,-67.0,0.0,4.870916864047351,1.0,3.0,0.003401360544217691,1.109248023533739,-41.24889196948098,373.9941734308403,173.44444444444463,-293.99999999999005,146.99999999999503,277.66666666665685,146.99999999999503,0.0,0.0,0.0,0.0
133.0,-66.5,-125.61111111111093,-66.5,0.0,4.883459546154703,1.0,3.0,0.003401360544217691,1.1126493840779568,-36.712404781188155,375.5357589201151,174.38888888888908,-293.99999999999005,146.99999999999503,277.66666666665685,146.99999999999503,0.0,0.0,0.0,0.0
132.0,-66.0,-124.66666666666649,-66.0,0.0,4.895923337767121,1.0,3.0,0.003401360544217691,1.1160507446221746,-32.14196050282166,377.0153295061291,175.33333333333348,-293.99999999999005,146.99999999999503,277.66666666665685,146.99999999999503,0.0,0.0,0.0,0.0
131.0,-65.5,-123.72222222222204,-65.5,0.0,4.9083078943045075,1.0,3.0,0.003401360544217691,1.1194521051663924,-27.538495134041835,378.4322337636902,176.27777777777794,-293.99999999999005,146.99999999999503,277.66666666665685,146.99999999999503,0.0,0.0,0.0,0.0
130.0,-65.0,-122.7777777777776,-65.0,0.0,4.920612874454271,1.0,3.0,0.003401360544217691,1.1228534657106102,-22.90295650213309,379.7858353829581,177.2222222222224,-293.99999999999005,146.99999999999503,277.66666666665685,146.99999999999503,0.0,0.0,0.0,0.0
129.0,-64.5,-121.83333333333316,-64.5,0.0,4.932837940146054,1.0,3.0,0.003401360544217691,1.126254826254828,-18.236304007893718,381.07551337885934,178.16666666666686,-293.99999999999005,146.99999999999503,277.66666666665685,146.99999999999503,0.0,0.0,0.0,0.0
128.0,-64.0,-120.88888888888872,-64.0,0.0,4.944982756528508,1.0,3.0,0.003401360544217691,1.1296561867990458,-13.539508367862336,382.3006622961361,179.1111111111113,-293.99999999999005,146.99999999999503,277.66666666665685,146.99999999999503,0.0,0.0,0.0,0.0
127.0,-63.5,-119.94444444444427,-63.5,0.0,4.9570469919458295,1.0,3.0,0.003401360544217691,1.1330575473432636,-8.813551352957543,383.46069240996485,180.0555555555557,-293.99999999999005,146.99999999999503,277.66666666665685,146.99999999999503,0.0,0.0,0.0,0.0
126.0,-63.0,-118.99999999999983,-63.0,0.0,4.969030317914796,1.0,3.0,0.0034013605442176353,1.1364589078874812,-4.059425523607952,384.5550299220814,181.00000000000017,-294.00000000000927,147.00000000000463,277.666666666675,147.00000000000463,-5.648644219036392e-09,2.824322109518196e-09,5.331116881279908e-09,2.824322109518196e-09
125.0,-62.5,-118.05555555555539,-62.5,0.0,4.980932409102488,1.0,3.0,0.003401360544217691,1.1398602684316987,0.721866038549327,385.5831171523538,181.94444444444463,-294.00000000000927,147.00000000000463,277.666666666675,147.00000000000463,0.0,0.0,0.0,0.0
124.0,-62.0,-117.11111111111094,-62.0,0.0,4.9927529433049935,1.0,3.0,0.003401360544217691,1.1432616289759165,5.529310002323291,386.5444127257401,182.88888888888903,-293.99999999999005,146.99999999999503,277.66666666665685,146.99999999999503,5.648644219036024e-09,-2.824322109518012e-09,-5.33111688127956e-09,-2.824322109518012e-09
123.0,-61.5,-116.1666666666665,-61.5,0.0,5.004491601427161,1.0,3.0,0.003401360544217691,1.1466629895201343,10.361883061896654,387.4383917545762,183.83333333333348,-293.99999999999005,146.99999999999503,277.66666666665685,146.99999999999503,0.0,0.0,0.0,0.0
122.0,-61.0,-115.22222222222206,-61.0,0.0,5.016148067460413,1.0,3.0,0.003401360544217691,1.1500643500643521,15.21855221494325,388.2645460161342,184.77777777777794,-293.99999999999005,146.99999999999503,277.66666666665685,146.99999999999503,0.0,0.0,0.0,0.0
121.0,-60.5,-114.27777777777762,-60.5,0.0,5.027722028464275,1.0,3.0,0.003401360544217691,1.15346571060857,20.0982750438559,389.0223841253974,185.7222222222224,-293.99999999999005,146.99999999999503,277.66666666665685,146.99999999999503,0.0,0.0,0.0,0.0
120.0,-60.0,-113.33333333333317,-60.0,0.0,5.039213174546627,1.0,3.0,0.003401360544217691,1.1568670711527878,24.999999999999993,389.71143170299746,186.66666666666686,-293.99999999999005,146.99999999999503,277.66666666665685,146.99999999999503,0.0,0.0,0.0,0.0
119.0,-59.5,-112.38888888888873,-59.5,0.0,5.0506211988442935,1.0,3.0,0.003401360544217691,1.1602684316970056,29.922666690908606,390.3312315382607,187.61111111111126,-293.99999999999005,146.99999999999503,277.66666666665685,146.99999999999503,0.0,0.0,0.0,0.0
118.0,-59.0,-111.44444444444429,-59.0,0.0,5.061945797505533,1.0,3.0,0.003401360544217691,1.1636697922412234,34.86520617033545,390.8813437473135,188.5555555555557,-293.99999999999005,146.99999999999503,277.66666666665685,146.99999999999503,0.0,0.0,0.0,0.0
117.0,-58.5,-110.49999999999984,-58.5,0.0,5.0731866696708545,1.0,3.0,0.003401360544217691,1.1670711527854412,39.82654123107782,391.36134592619663,189.50000000000017,-293.99999999999005,146.99999999999503,277.66666666665685,146.99999999999503,0.0,0.0,0.0,0.0
116.0,-58.0,-109.5555555555554,-58.0,0.0,5.084343517457221,1.0,3.0,0.003401360544217691,1.170472513329659,44.8055867004857,391.77083329894,190.44444444444457,-293.99999999999005,146.99999999999503,277.66666666665685,146.99999999999503,0.0,0.0,0.0,0.0
115.0,-57.5,-108.61111111111096,-57.5,0.0,5.095416045939344,1.0,3.0,0.003401360544217691,1.1738738738738768,49.801249738566064,392.1094188605515,191.38888888888903,-293.99999999999005,146.99999999999503,277.66666666665685,146.99999999999503,0.0,0.0,0.0,0.0
114.0,-57.0,-107.66666666666652,-57.0,0.0,5.106403963133926,1.0,3.0,0.0034013605442176353,1.1772752344180943,54.81243013859669,392.37673351487626,192.33333333333348,-294.00000000000927,147.00000000000463,277.666666666675,147.00000000000463,-5.648644219036392e-09,2.824322109518196e-09,5.331116881279908e-09,2.824322109518196e-09
113.0,-56.5,-106.72222222222207,-56.5,0.0,5.117306979983859,1.0,3.0,0.003401360544217691,1.180676594962312,59.83802063015977,392.57242620728016,193.27777777777794,-294.00000000000927,147.00000000000463,277.666666666675,147.00000000000463,0.0,0.0,0.0,0.0
112.0,-56.0,-105.77777777777763,-56.0,0.0,5.128124810341562,1.0,3.0,0.003401360544217691,1.1840779555065297,64.87690718450425,392.696164052118,194.2222222222224,-293.99999999999005,146.99999999999503,277.66666666665685,146.99999999999503,5.648644219036024e-09,-2.824322109518012e-09,-5.33111688127956e-09,-2.824322109518012e-09
111.0,-55.5,-104.83333333333319,-55.5,0.0,5.138857170954519,1.0,3.0,0.003401360544217691,1.1874793160507475,69.9279693221481,392.7476324549443,195.1666666666668,-293.99999999999005,146.99999999999503,277.66666666665685,146.99999999999503,0.0,0.0,0.0,0.0
110.0,-55.0,-103.88888888888874,-55.0,0.0,5.149503781449797,1.0,3.0,0.003401360544217691,1.1908806765949653,74.99008042262776,392.72653522942966,196.11111111111126,-293.99999999999005,146.99999999999503,277.66666666665685,146.99999999999503,0.0,0.0,0.0,0.0
109.0,-54.5,-102.9444444444443,-54.5,0.0,5.160064364319674,1.0,3.0,0.003401360544217691,1.1942820371391831,80.06210803630363,392.63259470894326,197.0555555555557,-293.99999999999005,146.99999999999503,277.66666666665685,146.99999999999503,0.0,0.0,0.0,0.0
108.0,-54.0,-101.99999999999986,-54.0,0.0,5.170538644907503,1.0,3.0,0.003401360544217691,1.197683397683401,85.1429141981288,392.46555185276765,198.0000000000001,-293.99999999999005,146.99999999999503,277.66666666665685,146.99999999999503,0.0,0.0,0.0,0.0
107.0,-53.5,-101.05555555555542,-53.5,0.0,5.180926351394078,1.0,3.0,0.003401360544217691,1.2010847582276187,90.23135574328798,392.2251663469115,198.94444444444457,-293.99999999999005,146.99999999999503,277.66666666665685,146.99999999999503,0.0,0.0,0.0,0.0
106.0,-53.0,-100.11111111111097,-53.0,0.0,5.191227214783823,1.0,3.0,0.003401360544217691,1.2044861187718365,95.32628462461226,391.91121669948706,199.88888888888903,-293.99999999999005,146.99999999999503,277.66666666665685,146.99999999999503,0.0,0.0,0.0,0.0
105.0,-52.5,-99.16666666666653,-52.5,0.0,5.201440968891766,1.0,3.0,0.003401360544217691,1.2078874793160543,100.42654823167594,391.52350033062254,200.83333333333348,-293.99999999999005,146.99999999999503,277.66666666665685,146.99999999999503,0.0,0.0,0.0,0.0
104.0,-52.0,-98.22222222222209,-52.0,0.0,5.211567350331497,1.0,3.0,0.003401360544217691,1.2112888398602721,105.53098971148101,391.06183365687986,201.77777777777794,-293.99999999999005,146.99999999999503,277.66666666665685,146.99999999999503,0.0,0.0,0.0,0.0
103.0,-51.5,-97.27777777777764,-51.5,0.0,5.221606098501267,1.0,3.0,0.003401360544217691,1.21469020040449,110.63844829063189,390.52605217015054,202.72222222222234,-293.99999999999005,146.99999999999503,277.66666666665685,146.99999999999503,0.0,0.0,0.0,0.0
102.0,-51.0,-96.3333333333332,-51.0,0.0,5.23155695557352,1.0,3.0,0.003401360544217691,1.2180915609487077,115.74775959890752,389.9160105110039,203.6666666666668,-293.99999999999005,146.99999999999503,277.66666666665685,146.99999999999503,0.0,0.0,0.0,0.0
101.0,-50.5,-95.38888888888876,-50.5,0.0,5.241419666481914,1.0,3.0,0.003401360544217691,1.2214929214929255,120.85775599413199,389.2315825364629,204.61111111111126,-293.99999999999005,146.99999999999503,277.66666666665685,146.99999999999503,0.0,0.0,0.0,0.0
100.0,-50.0,-94.44444444444431,-50.0,0.0,5.251193978910695,1.0,3.0,0.003401360544217691,1.2248942820371433,125.9672668882487,388.4726613821862,205.55555555555566,-293.99999999999005,146.99999999999503,277.66666666665685,146.99999999999503,0.0,0.0,0.0,0.0
99.0,-49.5,-93.49999999999987,-49.5,0.0,5.26087964328271,1.0,3.0,0.003401360544217691,1.2282956425813611,131.07511907449964,387.63915951903533,206.5000000000001,-293.99999999999005,146.99999999999503,277.66666666665685,146.99999999999503,0.0,0.0,0.0,0.0
98.0,-49.0,-92.55555555555543,-49.0,0.0,5.2704764127492725,1.0,3.0,0.003401360544217691,1.231697003125579,136.18013705561373,386.7310088040071,207.44444444444457,-293.99999999999005,146.99999999999503,277.66666666665685,146.99999999999503,0.0,0.0,0.0,0.0
97.0,-48.5,-91.61111111111099,-48.5,0.0,5.279984043178615,1.0,3.0,0.003401360544217691,1.2350983636697968,141.28114337290484,385.74816052551495,208.38888888888903,-293.99999999999005,146.99999999999503,277.66666666665685,146.99999999999503,0.0,0.0,0.0,0.0
96.0,-48.0,-90.66666666666654,-48.0,0.0,5.2894022931469244,1.0,3.0,0.003401360544217691,1.2384997242140146,146.37695893618383,384.6905854430033,209.33333333333348,-293.99999999999005,146.99999999999503,277.66666666665685,146.99999999999503,0.0,0.0,0.0,0.0
95.0,-47.5,-89.7222222222221,-47.5,0.0,5.298730923926896,1.0,3.0,0.003401360544217691,1.2419010847582324,151.46640335438335,383.5582738208802,210.27777777777789,-293.99999999999005,146.99999999999503,277.66666666665685,146.99999999999503,0.0,0.0,0.0,0.0
94.0,-47.0,-88.77777777777766,-47.0,0.0,5.307969699478955,1.0,3.0,0.0034013605442176353,1.24530244530245,156.5482952667995,382.3512354567575,211.22222222222234,-294.00000000000927,147.00000000000463,277.666666666675,147.00000000000463,-5.648644219036392e-09,2.824322109518196e-09,5.331116881279908e-09,2.824322109518196e-09
93.0,-46.5,-87.83333333333321,-46.5,0.0,5.317118386440868,1.0,3.0,0.003401360544217691,1.2487038058466675,161.6214526748497,381.0694997039867,212.1666666666668,-294.00000000000927,147.00000000000463,277.666666666675,147.00000000000463,0.0,0.0,0.0,0.0
92.0,-46.0,-86.88888888888877,-46.0,0.0,5.326176754119209,1.0,3.0,0.003401360544217691,1.2521051663908853,166.6846932742492,379.71311548848195,213.1111111111112,-293.99999999999005,146.99999999999503,277.66666666665685,146.99999999999503,5.648644219036024e-09,-2.824322109518012e-09,-5.33111688127956e-09,-2.824322109518012e-09
91.0,-45.5,-85.94444444444433,-45.5,0.0,5.335144574479543,1.0,3.0,0.003401360544217691,1.2555065269351031,171.736834787506,378.2821513198237,214.05555555555566,-293.99999999999005,146.99999999999503,277.66666666665685,146.99999999999503,0.0,0.0,0.0,0.0
90.0,-45.0,-84.99999999999989,-45.0,0.0,5.344021622138884,1.0,3.0,0.003401360544217691,1.258907887479321,176.77669529663686,376.77669529663694,215.0000000000001,-293.99999999999005,146.99999999999503,277.66666666665685,146.99999999999503,0.0,0.0,0.0,0.0
89.0,-44.5,-84.05555555555544,-44.5,0.0,5.352807674355321,1.0,3.0,0.003401360544217691,1.2623092480235387,181.80309357600203,375.19685510624106,215.94444444444457,-293.99999999999005,146.99999999999503,277.66666666665685,146.99999999999503,0.0,0.0,0.0,0.0
88.0,-44.0,-83.111111111111,-44.0,0.0,5.361502511021314,1.0,3.0,0.003401360544217691,1.2657106085677565,186.814849425163,373.5427580185686,216.88888888888903,-293.99999999999005,146.99999999999503,277.66666666665685,146.99999999999503,0.0,0.0,0.0,0.0
87.0,-43.5,-82.16666666666656,-43.5,0.0,5.3701059146541485,1.0,3.0,0.0034013605442176353,1.269111969111974,191.81078400166066,371.8145508743533,217.83333333333343,-294.00000000000927,147.00000000000463,277.666666666675,147.00000000000463,-5.648644219036392e-09,2.824322109518196e-09,5.331116881279908e-09,2.824322109518196e-09
86.0,-43.0,-81.22222222222211,-43.0,0.0,5.378617670389476,1.0,3.0,0.003401360544217691,1.2725133296561917,196.78972015361768,370.0124000675895,218.77777777777789,-294.00000000000927,147.00000000000463,277.666666666675,147.00000000000463,0.0,0.0,0.0,0.0
85.0,-42.5,-80.27777777777767,-42.5,0.0,5.38703756597224,1.0,3.0,0.003401360544217691,1.2759146902004095,201.7504827520626,368.1364915222643,219.72222222222234,-293.99999999999005,146.99999999999503,277.66666666665685,146.99999999999503,5.648644219036024e-09,-2.824322109518012e-09,-5.33111688127956e-09,-2.824322109518012e-09
84.0,-42.0,-79.33333333333323,-42.0,0.0,5.3953653917502775,1.0,3.0,0.003401360544217691,1.2793160507446273,206.6918990228792,366.1870306633693,220.66666666666674,-293.99999999999005,146.99999999999503,277.66666666665685,146.99999999999503,0.0,0.0,0.0,0.0
83.0,-41.5,-78.38888888888879,-41.5,0.0,5.403600940665979,1.0,3.0,0.003401360544217691,1.282717411288845,211.61279887828,364.1642423821988,221.6111111111112,-293.99999999999005,146.99999999999503,277.66666666665685,146.99999999999503,0.0,0.0,0.0,0.0
82.0,-41.0,-77.44444444444434,-41.0,0.0,5.411744008249968,1.0,3.0,0.003401360544217691,1.286118771833063,216.51201524770613,362.06837099594094,222.55555555555566,-293.99999999999005,146.99999999999503,277.66666666665685,146.99999999999503,0.0,0.0,0.0,0.0
81.0,-40.5,-76.4999999999999,-40.5,0.0,5.419794392613712,1.0,3.0,0.003401360544217691,1.2895201323772807,221.38838440805392,359.8996802015735,223.5000000000001,-293.99999999999005,146.99999999999503,277.66666666665685,146.99999999999503,0.0,0.0,0.0,0.0
80.0,-40.0,-75.55555555555546,-40.0,0.0,5.4277518944432614,1.0,3.0,0.003401360544217691,1.2929214929214985,226.24074631313056,357.65845302407644,224.44444444444454,-293.99999999999005,146.99999999999503,277.66666666665685,146.99999999999503,0.0,0.0,0.0,0.0
79.0,-39.5,-74.61111111111101,-39.5,0.0,5.4356163169920135,1.0,3.0,0.003401360544217691,1.2963228534657163,231.06794492223895,355.3449917589739,225.38888888888897,-293.99999999999005,146.99999999999503,277.66666666665685,146.99999999999503,0.0,0.0,0.0,0.0
78.0,-39.0,-73.66666666666657,-39.0,0.0,5.443387466074972,1.0,3.0,0.003401360544217691,1.299724214009934,235.8688285277946,352.9596179092205,226.33333333333343,-293.99999999999005,146.99999999999503,277.66666666665685,146.99999999999503,0.0,0.0,0.0,0.0
77.0,-38.5,-72.72222222222213,-38.5,0.0,5.451065150061748,1.0,3.0,0.003401360544217691,1.303125574554152,240.64225008187643,350.50267211645206,227.27777777777789,-293.99999999999005,146.99999999999503,277.66666666665685,146.99999999999503,0.0,0.0,0.0,0.0
76.0,-38.0,-71.77777777777769,-38.0,0.0,5.458649179871807,1.0,3.0,0.003401360544217691,1.3065269350983697,245.38706752161406,347.97451408661396,228.2222222222223,-293.99999999999005,146.99999999999503,277.66666666665685,146.99999999999503,0.0,0.0,0.0,0.0
75.0,-37.5,-70.83333333333324,-37.5,0.0,5.466139368966674,1.0,3.0,0.003401360544217691,1.3099282956425875,250.10214409331292,345.3755225099939,229.16666666666674,-293.99999999999005,146.99999999999503,277.66666666665685,146.99999999999503,0.0,0.0,0.0,0.0
74.0,-37.0,-69.8888888888888,-37.0,0.0,5.47353553334629,1.0,3.0,0.003401360544217691,1.3133296561868053,254.78634867522302,342.70609497567597,230.1111111111112,-293.99999999999005,146.99999999999503,277.66666666665685,146.99999999999503,0.0,0.0,0.0,0.0
73.0,-36.5,-68.94444444444436,-36.5,0.0,5.480837491541842,1.0,3.0,0.003401360544217691,1.316731016731023,259.4385560988516,339.9666478804424,231.05555555555566,-293.99999999999005,146.99999999999503,277.66666666665685,146.99999999999503,0.0,0.0,0.0,0.0
72.0,-36.0,-67.99999999999991,-36.0,0.0,5.488045064610895,1.0,3.0,0.003401360544217691,1.320132377275241,264.0576474687263,337.1576163321491,232.00000000000009,-293.99999999999005,146.99999999999503,277.66666666665685,146.99999999999503,0.0,0.0,0.0,0.0
71.0,-35.5,-67.05555555555547,-35.5,0.0,5.4951580761325545,1.0,3.0,0.003401360544217691,1.3235337378194587,268.64251048051113,334.27945404759834,232.9444444444445,-293.99999999999005,146.99999999999503,277.66666666665685,146.99999999999503,0.0,0.0,0.0,0.0
70.0,-35.0,-66.11111111111103,-35.0,0.0,5.502176352201356,1.0,3.0,0.003401360544217691,1.3269350983636765,273.19203973738166,331.3326332449432,233.88888888888897,-293.99999999999005,146.99999999999503,277.66666666665685,146.99999999999503,0.0,0.0,0.0,0.0
69.0,-34.5,-65.16666666666659,-34.5,0.0,5.509099721423255,1.0,3.0,0.0034013605442176353,1.330336458907894,277.7051370645639,328.3176445306486,234.83333333333343,-294.00000000000927,147.00000000000463,277.666666666675,147.00000000000463,-5.648644219036392e-09,2.824322109518196e-09,5.331116881279908e-09,2.824322109518196e-09
68.0,-34.0,-64.22222222222214,-34.0,0.0,5.515928014910056,1.0,3.0,0.003401360544217691,1.3337378194521117,282.1807118219428,325.23499678104423,235.77777777777786,-294.00000000000927,147.00000000000463,277.666666666675,147.00000000000463,0.0,0.0,0.0,0.0
67.0,-33.5,-63.27777777777769,-33.5,0.0,5.52266106627507,1.0,3.0,0.003401360544217691,1.3371391799963295,286.6176812146468,322.08521701850265,236.7222222222223,-293.99999999999005,146.99999999999503,277.6666666666589,146.99999999999503,5.648644219036024e-09,-2.824322109518012e-09,-4.729486136056789e-09,-2.824322109518012e-09
66.0,-33.0,-62.33333333333324,-33.0,0.0,5.529298711628214,1.0,3.0,0.0034013605442176353,1.340540540540547,291.014970601516,318.868850282277,237.66666666666674,-294.00000000000927,147.00000000000463,277.66666666667703,147.00000000000463,-5.648644219036392e-09,2.824322109518196e-09,5.331116881279908e-09,2.824322109518196e-09
65.0,-32.5,-61.38888888888879,-32.5,0.0,5.535840789572056,1.0,3.0,0.003401360544217802,1.3439419010847649,295.3715138013613,315.586459494036,238.6111111111112,-293.99999999999005,146.99999999999503,277.6666666666589,146.99999999999503,5.648644219036024e-09,-2.824322109518012e-09,-5.33111688127956e-09,-2.824322109518012e-09
64.0,-32.0,-60.44444444444434,-32.0,0.0,5.542287141196604,1.0,3.0,0.00340136054421758,1.3473432616289824,299.6862533969219,312.2386253181347,239.55555555555566,-294.00000000000927,147.00000000000463,277.66666666667703,147.00000000000463,-5.648644219036392e-09,2.824322109518196e-09,5.331116881279908e-09,2.824322109518196e-09
63.0,-31.5,-59.49999999999989,-31.5,0.0,5.548637610076215,1.0,3.0,0.003401360544217802,1.3507446221732002,303.9581410364323,308.8259460166608,240.5000000000001,-293.99999999999005,146.99999999999503,277.6666666666589,146.99999999999503,5.648644219036024e-09,-2.824322109518012e-09,-5.33111688127956e-09,-2.824322109518012e-09
62.0,-31.0,-58.55555555555544,-31.0,0.0,5.554892042264308,1.0,3.0,0.00340136054421758,1.3541459827174178,308.1861377327062,305.34903729929897,241.44444444444457,-294.00000000000927,147.00000000000463,277.66666666667703,147.00000000000463,-5.648644219036392e-09,2.824322109518196e-09,5.331116881279908e-09,2.824322109518196e-09
61.0,-30.5,-57.61111111111099,-30.5,0.0,5.561050286290201,1.0,3.0,0.003401360544217802,1.3575473432616356,312.36921415964883,301.80853216805525,242.388888888889,-293.99999999999005,146.99999999999503,277.6666666666589,146.99999999999503,5.648644219036024e-09,-2.824322109518012e-09,-5.33111688127956e-09,-2.824322109518012e-09
60.0,-30.0,-56.66666666666654,-30.0,0.0,5.5671121931549346,1.0,3.0,0.00340136054421758,1.3609487038058532,316.50635094610965,298.20508075688775,243.33333333333346,-294.00000000000927,147.00000000000463,277.66666666667703,147.00000000000463,-5.648644219036392e-09,2.824322109518196e-09,5.331116881279908e-09,2.824322109518196e-09
59.0,-29.5,-55.72222222222209,-29.5,0.0,5.573077616327372,1.0,3.0,0.003401360544217802,1.364350064350071,320.5965389669857,294.5393501662893,244.2777777777779,-293.99999999999005,146.99999999999503,277.6666666666589,146.99999999999503,5.648644219036024e-09,-2.824322109518012e-09,-5.33111688127956e-09,-2.824322109518012e-09
58.0,-29.0,-54.777777777777644,-29.0,0.0,5.578946411740973,1.0,3.0,0.00340136054421758,1.3677514248942886,324.63877963148985,290.8120242928695,245.22222222222234,-294.00000000000927,147.00000000000463,277.66666666667703,147.00000000000463,-5.648644219036392e-09,2.824322109518196e-09,5.331116881279908e-09,2.824322109518196e-09
57.0,-28.5,-53.833333333333194,-28.5,0.0,5.584718437789723,1.0,3.0,0.003401360544217802,1.3711527854385064,328.6320851684968,287.02380365398693,246.1666666666668,-293.99999999999005,146.99999999999503,277.6666666666589,146.99999999999503,5.648644219036024e-09,-2.824322109518012e-09,-5.33111688127956e-09,-2.824322109518012e-09
56.0,-28.0,-52.888888888888744,-28.0,0.0,5.5903935553243915,1.0,3.0,0.00340136054421758,1.374554145982724,332.5754789088811,283.1754052074811,247.11111111111126,-294.00000000000927,147.00000000000463,277.66666666667703,147.00000000000463,-5.648644219036392e-09,2.824322109518196e-09,5.331116881279908e-09,2.824322109518196e-09
55.0,-27.5,-51.944444444444294,-27.5,0.0,5.595971627650731,1.0,3.0,0.003401360544217802,1.3779555065269418,336.4679955647646,279.2675621665569,248.0555555555557,-293.99999999999005,146.99999999999503,277.6666666666589,146.99999999999503,5.648644219036024e-09,-2.824322109518012e-09,-5.33111688127956e-09,-2.824322109518012e-09
54.0,-27.0,-50.999999999999844,-27.0,0.0,5.601452520524326,1.0,3.0,0.00340136054421758,1.3813568670711593,340.30868150558655,275.30102380987626,249.00000000000017,-294.00000000000927,147.00000000000463,277.66666666667703,147.00000000000463,-5.648644219036392e-09,2.824322109518196e-09,5.331116881279908e-09,2.824322109518196e-09
53.0,-26.5,-50.055555555555394,-26.5,0.0,5.606836102148445,1.0,3.0,0.003401360544217691,1.384758227615377,344.096595030916,271.2765552869108,249.9444444444446,-294.00000000000927,147.00000000000463,277.66666666667703,147.00000000000463,0.0,0.0,0.0,0.0
52.0,-26.0,-49.111111111110944,-26.0,0.0,5.612122243170502,1.0,3.0,0.003401360544217691,1.3881595881595947,347.8308066399234,267.19493741861385,250.88888888888906,-293.99999999999005,146.99999999999503,277.6666666666589,146.99999999999503,5.648644219036024e-09,-2.824322109518012e-09,-5.33111688127956e-09,-2.824322109518012e-09
51.0,-25.5,-48.166666666666494,-25.5,0.0,5.617310816679994,1.0,3.0,0.003401360544217691,1.3915609487038125,351.5103992974326,263.056966493468,251.8333333333335,-293.99999999999005,146.99999999999503,277.6666666666589,146.99999999999503,0.0,0.0,0.0,0.0
50.0,-25.0,-47.222222222222044,-25.0,0.0,5.622401698204194,1.0,3.0,0.003401360544217691,1.3949623092480303,355.13446869647044,258.8634540589705,252.77777777777794,-293.99999999999005,146.99999999999503,277.6666666666589,146.99999999999503,0.0,0.0,0.0,0.0
49.0,-24.5,-46.277777777777594,-24.5,0.0,5.627394765706242,1.0,3.0,0.003401360544217691,1.3983636697922481,358.7021235172373,254.61522670861422,253.7222222222224,-293.99999999999005,146.99999999999503,277.6666666666589,146.99999999999503,0.0,0.0,0.0,0.0
48.0,-24.0,-45.333333333333144,-24.0,0.0,5.632289899582695,1.0,3.0,0.003401360544217691,1.401765030336466,362.21248568242186,250.3131258644289,254.66666666666686,-293.99999999999005,146.99999999999503,277.6666666666589,146.99999999999503,0.0,0.0,0.0,0.0
47.0,-23.5,-44.388888888888694,-23.5,0.0,5.637086982659744,1.0,3.0,0.003401360544217691,1.4051663908806837,365.6646906087807,245.9580075551457,255.6111111111113,-293.99999999999005,146.99999999999503,277.6666666666589,146.99999999999503,0.0,0.0,0.0,0.0
46.0,-23.0,-43.444444444444244,-23.0,0.0,5.641785900191913,1.0,3.0,0.003401360544217691,1.4085677514249015,369.0578874549095,241.5507421900487,256.55555555555577,-293.99999999999005,146.99999999999503,277.6666666666589,146.99999999999503,0.0,0.0,0.0,0.0
45.0,-22.5,-42.499999999999794,-22.5,0.0,5.646386539858483,1.0,3.0,0.003401360544217691,1.4119691119691193,372.3912393651312,237.09221432858203,257.5000000000002,-293.99999999999005,146.99999999999503,277.6666666666589,146.99999999999503,0.0,0.0,0.0,0.0
44.0,-22.0,-41.555555555555344,-22.0,0.0,5.6508887917620605,1.0,3.0,0.003401360544217691,1.4153704725133371,375.6639237094271,232.5833224457775,258.4444444444447,-293.99999999999005,146.99999999999503,277.6666666666589,146.99999999999503,0.0,0.0,0.0,0.0
43.0,-21.5,-40.611111111110894,-21.5,0.0,5.6552925484252805,1.0,3.0,0.003401360544217691,1.418771833057555,378.87513231934025,228.02497869357407,259.38888888888914,-293.99999999999005,146.99999999999503,277.6666666666589,146.99999999999503,0.0,0.0,0.0,0.0
42.0,-21.0,-39.666666666666444,-21.0,0.0,5.659597704789436,1.0,3.0,0.003401360544217691,1.4221731936017727,382.02407171977933,223.4181086580968,260.33333333333354,-293.99999999999005,146.99999999999503,277.6666666666589,146.99999999999503,0.0,0.0,0.0,0.0
41.0,-20.5,-38.722222222221994,-20.5,0.0,5.663804158211746,1.0,3.0,0.003401360544217691,1.4255745541459905,385.1099633566538,218.76365111296838,261.277777777778,-293.99999999999005,146.99999999999503,277.6666666666589,146.99999999999503,0.0,0.0,0.0,0.0
40.0,-20.0,-37.777777777777544,-20.0,0.0,5.667911808463311,1.0,3.0,0.003401360544217691,1.4289759146902083,388.1320438202727,214.06255776872507,262.22222222222246,-293.99999999999005,146.99999999999503,277.6666666666589,146.99999999999503,0.0,0.0,0.0,0.0
39.0,-19.5,-36.833333333333094,-19.5,0.0,5.671920557727054,1.0,3.0,0.00340136054421758,1.432377275234426,391.0895650644388,209.31579301841026,263.1666666666669,-294.00000000000927,147.00000000000463,277.66666666667703,147.00000000000463,-5.648644219036392e-09,2.824322109518196e-09,5.331116881279908e-09,2.824322109518196e-09
38.0,-19.0,-35.888888888888644,-19.0,0.0,5.675830310596117,1.0,3.0,0.003401360544217802,1.4357786357786437,393.98179462117366,204.52433367942086,264.11111111111137,-293.99999999999005,146.99999999999503,277.6666666666589,146.99999999999503,5.648644219036024e-09,-2.824322109518012e-09,-5.33111688127956e-09,-2.824322109518012e-09
37.0,-18.5,-34.944444444444194,-18.5,0.0,5.67964097407119,1.0,3.0,0.00340136054421758,1.4391799963228613,396.80801581100843,199.68916873168274,265.05555555555577,-294.00000000000927,147.00000000000463,277.66666666667703,147.00000000000463,-5.648644219036392e-09,2.824322109518196e-09,5.331116881279908e-09,2.824322109518196e-09
36.0,-18.0,-33.999999999999744,-18.0,0.0,5.6833524575595336,1.0,3.0,0.003401360544217802,1.4425813568670791,399.56752794877787,194.81129905223156,266.0000000000002,-293.99999999999005,146.99999999999503,277.6666666666589,146.99999999999503,5.648644219036024e-09,-2.824322109518012e-09,-5.33111688127956e-09,-2.824322109518012e-09
35.0,-17.5,-33.055555555555294,-17.5,0.0,5.6869646728726,1.0,3.0,0.00340136054421758,1.4459827174112967,402.2596465448551,189.89173714627753,266.9444444444447,-294.00000000000927,147.00000000000463,277.66666666667703,147.00000000000463,-5.648644219036392e-09,2.824322109518196e-09,5.331116881279908e-09,2.824322109518196e-09
34.0,-17.0,-32.111111111110844,-17.0,0.0,5.690477534224125,1.0,3.0,0.003401360544217802,1.4493840779555145,404.88370350176723,184.93150687483362,267.88888888888914,-293.99999999999005,146.99999999999503,277.6666666666589,146.99999999999503,5.648644219036024e-09,-2.824322109518012e-09,-5.33111688127956e-09,-2.824322109518012e-09
33.0,-16.5,-31.166666666666398,-16.5,0.0,5.693890958229422,1.0,3.0,0.0034049249698338002,1.4527890029253483,407.4390473061331,179.93164317898612,268.8333333333336,-293.69222783455683,146.84611391727842,277.3759929548598,146.84611391727842,90.39029293154842,-45.19514646577421,-85.36860999122217,-45.19514646577421
32.0,-16.0,-30.22222222222195,-16.0,0.0,5.697204863902608,1.0,3.0,0.0034468412963897244,1.456235844221738,409.9250432158649,174.89319180089083,269.77777777777806,-290.1206971865562,145.0603485932781,274.00288067619255,145.0603485932781,1036.1749616211002,-518.0874808105501,-978.6096859754716,-518.0874808105501
31.0,-15.5,-29.277777777777505,-15.5,0.0,5.700419172655928,1.0,3.0,0.0035011322835905023,1.4597369765053285,412.3410734425782,169.81720900157512,270.7222222222225,-285.62188429352176,142.81094214676088,269.7540018327711,142.81094214676088,1284.9594155924826,-642.4797077962413,-1213.5727813929102,-642.4797077962413
30.0,-15.0,-28.33333333333306,-15.0,0.0,5.703533808297816,1.0,3.0,0.00355807246684825,1.4632950489721768,414.6865373291548,164.70476127563023,271.66666666666697,-281.0510492176127,140.52552460880634,265.43710203885695,140.52552460880634,1284.6379938849152,-642.3189969424576,-1213.2692164468706,-642.3189969424576
29.0,-14.5,-27.388888888888612,-14.5,0.0,5.706548697031449,1.0,3.0,0.003617884573458241,1.466912933545635,416.9608515224061,159.5569250628778,272.6111111111114,-276.40461703401616,138.20230851700808,261.0488049765714,138.20230851700808,1284.2953082815227,-642.1476541407613,-1212.945568932542,-642.1476541407613
28.0,-14.0,-26.444444444444166,-14.0,0.0,5.709463767453797,1.0,3.0,0.003680818462779789,1.4705937520084147,419.16345014078456,154.37478645709515,273.5555555555558,-271.6787068180539,135.83935340902696,256.58544532816256,135.83935340902696,1283.9291760108524,-641.9645880054262,-1212.5997773435897,-641.9645880054262
27.0,-13.5,-25.49999999999972,-13.5,0.0,5.712278950553696,1.0,3.0,0.003747155529676194,1.4743409075380909,421.2937849370927,149.15944091188575,274.5000000000003,-266.8690936579336,133.4345468289668,252.04303289916004,133.4345468289668,1283.5371048865763,-641.7685524432882,-1212.2294879484366,-641.7685524432882
26.0,-13.0,-24.555555555555273,-13.0,0.0,5.714994179711037,1.0,3.0,0.0038172140142730404,1.4781581215523638,423.35132545614226,143.9119929437818,275.44444444444474,-261.9711643782361,130.98558218911805,247.41721080166792,130.98558218911805,1283.116236444611,-641.5581182223056,-1211.8320010865846,-641.5581182223056
25.0,-12.5,-23.611111111110826,-12.5,0.0,5.717609390695301,1.0,3.0,0.0038913554471005085,1.4820494769994643,425.3355591873133,138.63355583266565,276.38888888888914,-256.9798656519828,128.4899328259914,242.70320644909535,128.4899328259914,1282.6632761014907,-641.3316380507454,-1211.4042052069617,-641.3316380507454
24.0,-12.0,-22.66666666666638,-12.0,0.0,5.720124521664549,1.0,3.0,0.003969992528208954,1.4860194695276734,427.24599171197156,133.32525131959991,277.3333333333336,-251.88964283797227,125.94482141898614,237.89577379141875,125.94482141898614,1282.1744065868036,-641.0872032934018,-1210.9424951097626,-641.0872032934018
23.0,-11.5,-21.722222222221934,-11.5,0.0,5.722539513164152,1.0,3.0,0.004053598833293481,1.4900730683609669,429.08214684569555,127.9882093021541,278.27777777777806,-246.69436743140088,123.34718371570044,232.98912479632352,123.34718371570044,1281.6451800560449,-640.8225900280224,-1210.4426700529352,-640.8225900280224
22.0,-11.0,-20.777777777777487,-11.0,0.0,5.7248543081257335,1.0,3.0,0.004142720869658945,1.4942157892306258,430.8435667752735,122.62356752731867,279.2222222222225,-241.38725042373574,120.69362521186787,227.97684762241758,120.69362521186787,1281.0703821573325,-640.5351910786662,-1209.8998053708083,-640.5351910786662
21.0,-10.5,-19.83333333333304,-10.5,0.0,5.727068851866401,1.0,3.0,0.0042379931855041075,1.49845378241613,432.52981219042897,117.23247128209698,280.16666666666697,-235.9607380730251,117.98036903651256,222.85180818007973,117.98036903651256,1280.4438594360652,-640.2219297180326,-1209.3080894674042,-640.2219297180326
20.0,-10.0,-18.888888888888594,-10.0,0.0,5.729183092087411,1.0,3.0,0.0043401574908005225,1.5027939399069306,434.1404624102337,111.81607308186638,281.1111111111114,-230.40638551010943,115.20319275505472,217.60603075954825,115.20319275505472,1279.7582978702148,-639.8791489351074,-1208.6606146552042,-639.8791489351074
19.0,-9.5,-17.944444444444148,-9.5,0.0,5.731196978873383,1.0,3.0,0.0044500871127900465,1.5072440270197207,435.67511550417123,106.3755323566008,282.0555555555559,-224.71470212928273,112.35735106464136,212.23055201098967,112.35735106464136,1279.0049355366614,-639.5024677683307,-1207.9491057846303,-639.5024677683307
18.0,-9.0,-16.9999999999997,-9.0,0.0,5.733110464691587,1.0,3.0,0.004568818639690164,1.5118128456594109,437.1333884078151,100.91201513504724,283.0000000000003,-218.8749606545589,109.43748032727945,206.71524061819494,109.43748032727945,1278.1731855129756,-639.0865927564878,-1207.1635640955867,-639.0865927564878
17.0,-8.5,-16.055555555555255,-8.5,0.0,5.73492350439086,1.0,3.0,0.004697593391609356,1.5165104390510202,438.51491703308625,95.42669372695006,283.94444444444474,-212.87495886428954,106.43747943214477,201.04857226071832,106.43747943214477,1277.2501342892517,-638.6250671446259,-1206.2917934954075,-638.6250671446259
16.0,-8.0,-15.111111111110809,-8.0,0.0,5.736636055201075,1.0,3.0,0.004837912543037337,1.5213483515940576,439.8193563730564,89.92074640341625,284.8888888888892,-206.70071877160893,103.35035938580447,195.21734550651996,103.35035938580447,1276.2198650255666,-638.1099325127833,-1205.318761413036,-638.1099325127833
15.0,-7.5,-14.166666666666362,-7.5,0.0,5.738248076731932,1.0,3.0,0.004991611548819552,1.5263399631428771,441.04638060126626,84.3953570755171,285.8333333333336,-200.336101922131,100.1680509610655,189.20631848201302,100.1680509610655,1275.062529852322,-637.531264926161,-1204.225722638307,-637.531264926161
14.0,-7.0,-13.222222222221916,-7.0,0.0,5.739759530972962,1.0,3.0,0.0051609624107907814,1.5315009255536678,442.1956831655298,78.85171497122047,286.77777777777806,-193.76231028328647,96.88115514164323,182.99773748977094,96.88115514164323,1273.7530552634698,-636.8765276317349,-1202.9889966377239,-636.8765276317349
13.0,-6.5,-12.27777777777747,-6.5,0.0,5.741170382292295,1.0,3.0,0.005348816999927508,1.5368497425535952,443.2669768761939,73.29101431074973,287.7222222222225,-186.9572281148474,93.4786140574237,176.57071544180067,93.4786140574237,1272.2592993051437,-636.1296496525719,-1201.5782271215312,-636.1296496525719
12.0,-6.0,-11.333333333333023,-6.0,0.0,5.74248059743621,1.0,3.0,0.005558812462608476,1.5424085550162037,444.2599939888295,67.71445398046528,288.66666666666697,-179.89453803785088,89.94726901892544,169.90039703574843,89.94726901892544,1270.539368705802,-635.269684352901,-1199.9538482221426,-635.269684352901
11.0,-5.5,-10.388888888888577,-5.5,0.0,5.743690145528642,1.0,3.0,0.005795673242730559,1.5482042282589341,445.1744862813275,62.12323720536502,289.6111111111114,-172.5425085436462,86.2712542718231,162.95681362455508,86.2712542718231,1268.5376118169509,-634.2688059084754,-1198.0633000493476,-634.2688059084754
10.0,-5.0,-9.44444444444413,-5.0,0.0,5.744798998070717,1.0,3.0,0.006065668513254963,1.554269896772189,446.010225125378,56.51857122030066,290.5555555555559,-164.86228975664537,82.43114487832268,155.7032736590543,82.43114487832268,1266.1784550569616,-633.0892275284808,-1195.8352075537969,-633.0892275284808
9.0,-4.5,-8.499999999999684,-4.5,0.0,5.745807128939965,1.0,3.0,0.006377329416461075,1.5606472261886501,446.7670015523096,50.901666940007466,291.50000000000034,-156.80544859715317,78.40272429857659,148.09403478620055,78.40272429857659,1263.3565922901812,-631.6782961450906,-1193.1701149407288,-631.6782961450906
8.0,-4.0,-7.555555555555237,-4.0,0.0,5.746714514390245,1.0,3.0,0.00674262090843325,1.5673898470970835,447.4446263132701,45.27373862804446,292.4444444444448,-148.31028076178,74.15514038089,140.0708207194592,74.15514038089,1259.9207267826373,-629.9603633913187,-1189.925130850274,-629.9603633913187
7.0,-3.5,-6.611111111110791,-3.5,0.0,5.7475211330510785,1.0,3.0,0.007178953893338447,1.574568800990422,448.0429299337311,39.63600356474377,293.3888888888892,-139.2960610776353,69.64803053881765,131.55739101776695,69.64803053881765,1255.6452956898434,-627.8226478449217,-1185.8872237070775,-627.8226478449217
6.0,-3.0,-5.6666666666663446,-3.0,0.0,5.748226965927454,1.0,3.0,0.0077128587596293485,1.5822816597500513,448.56176276229814,33.98968171426671,294.33333333333366,-129.65361238483982,64.82680619241991,122.45063391901564,64.82680619241991,1250.178305256411,-625.0891526282055,-1180.7239549643898,-625.0891526282055
5.0,-2.5,-4.722222222221898,-2.5,0.0,5.748831996399354,1.0,3.0,0.008387235189628472,1.5906688949396797,449.00099501381357,28.335995390865694,295.2777777777781,-119.22880155269738,59.61440077634869,112.60497924421442,59.61440077634869,1242.937701929921,-621.4688509649606,-1173.8856073782624,-621.4688509649606
4.0,-2.0,-3.7777777777774517,-2.0,0.0,5.74933621022162,1.0,3.0,0.009277205843563507,1.5999461007832432,449.36051680673876,22.676168924450362,296.2222222222225,-107.79107598370219,53.89553799185109,101.80268287349672,53.89553799185109,1232.884745888294,-616.442372944147,-1164.3911488945018,-616.442372944147
3.0,-1.5,-2.8333333333330053,-1.5,0.0,5.749739595523664,1.0,3.0,0.010530101711073159,1.6104762024943162,449.64023819480406,17.011428325557112,297.16666666666697,-94.96584434207684,47.48292217103842,89.68996410085053,47.48292217103842,1217.9589517296715,-608.9794758648358,-1150.29456552247,-608.9794758648358
2.0,-1.0,-1.8888888888885589,-1.0,0.0,5.750042142809201,1.0,3.0,0.012490646040439923,1.6229668485347561,449.84008919291693,11.34300094982113,298.1111111111114,-80.05991017297131,40.02995508648566,75.61213738558418,40.02995508648566,1193.3677506228116,-596.6838753114058,-1127.0695422548802,-596.6838753114058
1.0,-0.5,-0.9444444444441124,-0.5,0.0,5.750243844956191,1.0,3.0,0.016278126843079943,1.639244975377836,449.9600197973211,5.672115162050245,299.0555555555559,-61.432129730892264,30.716064865446132,58.01923363473171,30.716064865446132,1144.344224716378,-572.172112358189,-1080.7695455654698,-572.172112358189
0.0,0.0,3.341771304121721e-13,0.0,0.0,5.7503446972166685,1.0,3.0,0.039298874594592914,1.6785438499724288,450.0,5.878304635907296e-14,300.00000000000034,-25.44602129999905,12.723010649999525,24.032353449999157,12.723010649999525,915.703281636584,-457.851640818292,-864.8308771012203,-457.851640818292
