J1_Position,J2_Position,J3_Position,J4_Position,Error,MM_Step,Deg_step,Move_ID,Time,Time_Total,X,Y,Z,J1_Velocity,J2_Velocity,J3_Velocity,J4_Velocity,J1_Acceleration,J2_Acceleration,J3_Acceleration,J4_Acceleration
0.0,0.0,0.0,0.0,0.0,0.0,0.0,1.0,0.0,0.0,450.0,5.878304635907296e-14,300.0,0.0,0.0,0.0,0.0,0.0,0.0,0.0,0.0
1.0,-0.5,-0.9444444444444444,-0.5,0.0,5.7503446972166685,1.0,2.0,0.0,0.0,449.9600197973211,5.672115162050245,299.05555555555554,0.0,0.0,0.0,0.0,0.0,0.0,0.0,0.0
2.0,-1.0,-1.8888888888888888,-1.0,0.0,5.750243844956191,1.0,2.0,0.0640479770946029,0.0640479770946029,449.84008919291693,11.34300094982113,298.1111111111111,15.613295616236824,-7.806647808118412,-14.745890304223668,-7.806647808118412,243.77500000000003,-121.88750000000002,-230.23194444444448,-121.88750000000002
3.0,-1.5,-2.833333333333333,-1.5,0.0,5.750042142809201,1.0,2.0,0.014394454375017976,0.07844243146962088,449.64023819480406,17.011428325557112,297.16666666666663,69.47119869548727,-34.73559934774364,-65.61168765684909,-34.73559934774364,3741.5730861409043,-1870.7865430704521,-3533.7079146886317,-1870.7865430704521
4.0,-2.0,-3.7777777777777777,-2.0,0.0,5.749739595523654,1.0,2.0,0.01213508638012789,0.09057751784974877,449.36051680673876,22.676168924450362,296.22222222222223,82.40567629065868,-41.20283814532934,-77.82758316339988,-41.20283814532934,1065.8743736964718,-532.9371868482359,-1006.6591307133367,-532.9371868482359
5.0,-2.5,-4.722222222222222,-2.5,0.0,5.749336210221629,1.0,2.0,0.010691225722870651,0.10126874357261942,449.00099501381357,28.335995390865694,295.27777777777777,93.53464475647556,-46.76732237823778,-88.33827560333805,-46.76732237823778,1040.944111956201,-520.4720559781005,-983.11388351419,-520.4720559781005
6.0,-3.0,-5.666666666666667,-3.0,0.0,5.748831996399345,1.0,2.0,0.009665606877240496,0.11093435044985991,448.56176276229814,33.98968171426671,294.33333333333337,103.45961849065986,-51.72980924532993,-97.71186190784546,-51.72980924532993,1026.8339960685282,-513.4169980342641,-969.7876629536112,-513.4169980342641
7.0,-3.5,-6.611111111111112,-3.5,0.0,5.748226965927454,1.0,2.0,0.008888442852114667,0.11982279330197458,448.0429299337311,39.63600356474377,293.3888888888889,112.50564543620686,-56.25282271810343,-106.25533180086207,-56.25282271810343,1017.729100142084,-508.864550071042,-961.1885945786345,-508.864550071042
8.0,-4.0,-7.555555555555556,-4.0,0.0,5.747521133051088,1.0,2.0,0.00827316088723122,0.1280959541892058,447.4446263132701,45.27373862804446,292.44444444444446,120.87278533932513,-60.43639266966257,-114.15763059825154,-60.43639266966257,1011.3595054137165,-505.67975270685827,-955.1728662240654,-505.67975270685827
9.0,-4.5,-8.5,-4.5,0.0,5.746714514390245,1.0,2.0,0.00777032258541735,0.13586627677462315,446.7670015523096,50.901666940007466,291.5,128.6947857064147,-64.34739285320735,-121.54507538939157,-64.34739285320735,1006.6506610380895,-503.32533051904477,-950.7256243137352,-503.32533051904477
10.0,-5.0,-9.444444444444445,-5.0,0.0,5.745807128939965,1.0,2.0,0.0073493538302584205,0.14321563060488157,446.010225125378,56.51857122030066,290.55555555555554,136.06638394287756,-68.03319197143878,-128.5071403904955,-68.03319197143878,1003.0267159151945,-501.51335795759724,-947.3030094754766,-501.51335795759724
11.0,-5.5,-10.38888888888889,-5.5,0.0,5.744798998070717,1.0,2.0,0.006990189969786176,0.15020582057466775,445.1744862813275,62.12323720536502,289.6111111111111,143.05762852258923,-71.52881426129461,-135.10998249355652,-71.52881426129461,1000.1508699949565,-500.0754349974782,-944.5869327730155,-500.0754349974782
12.0,-6.0,-11.333333333333334,-6.0,0.0,5.743690145528642,1.0,2.0,0.006679042364574006,0.15688486293924175,444.2599939888295,67.71445398046528,288.66666666666663,149.72206274720654,-74.86103137360327,-141.40417037236176,-74.86103137360327,997.8128391527836,-498.9064195763918,-942.3787925331859,-498.9064195763918
13.0,-6.5,-12.277777777777779,-6.5,0.0,5.742480597436201,1.0,2.0,0.006406079566520201,0.16329094250576195,443.2669768761939,73.29101431074973,287.72222222222223,156.10171394471183,-78.05085697235592,-147.42939650333898,-78.05085697235592,995.8744863000102,-497.9372431500051,-940.5481259500083,-497.9372431500051
14.0,-7.0,-13.222222222222223,-7.0,0.0,5.741170382292295,1.0,2.0,0.006164076863318546,0.1694550193690805,442.1956831655298,78.85171497122047,286.77777777777777,162.23029371207926,-81.11514685603963,-153.21749961696378,-81.11514685603963,994.241295697924,-497.120647848962,-939.0056681591518,-497.120647848962
15.0,-7.5,-14.166666666666668,-7.5,0.0,5.739759530972953,1.0,2.0,0.0059475897173605075,0.175402609086441,441.04638060126626,84.3953570755171,285.83333333333337,168.13533675348944,-84.06766837674472,-158.79448471162894,-84.06766837674472,992.8464003113503,-496.42320015567515,-937.6882669607181,-496.42320015567515
16.0,-8.0,-15.111111111111112,-8.0,0.0,5.738248076731941,1.0,2.0,0.005752426613056527,0.18115503569949754,439.8193563730564,89.92074640341625,284.8888888888889,173.83967971538436,-86.91983985769218,-164.1819197311964,-86.91983985769218,991.6411534825205,-495.82057674126025,-936.5499782890507,-495.82057674126025
17.0,-8.5,-16.055555555555557,-8.5,0.0,5.736636055201075,1.0,2.0,0.005575301000894067,0.1867303367003916,438.51491703308625,95.42669372695006,283.94444444444446,179.362513313566,-89.681256656783,-169.39792924059014,-89.681256656783,990.5893147824655,-495.29465739123276,-935.5565750723246,-495.29465739123276
18.0,-9.0,-17.0,-9.0,0.0,5.73492350439086,1.0,2.0,0.005413594583417114,0.19214393128380872,437.1333884078151,100.91201513504724,283.0,184.72014935569672,-92.36007467784836,-174.4579188359355,-92.36007467784836,989.663329895848,-494.831664947924,-934.682033790463,-494.831664947924
19.0,-9.5,-17.944444444444443,-9.5,0.0,5.733110464691596,1.0,2.0,0.005265192148094483,0.1974091234319032,435.67511550417123,106.3755323566008,282.05555555555554,189.92659182664556,-94.96329591332278,-179.37511450294272,-94.96329591332278,988.8418740488129,-494.42093702440644,-933.9062143794332,-494.42093702440644
20.0,-10.0,-18.888888888888886,-10.0,0.0,5.731196978873383,1.0,2.0,0.0051283637133356375,0.20253748714523884,434.1404624102337,111.81607308186638,281.1111111111111,194.9939699868851,-97.49698499344255,-184.16097165428008,-97.49698499344255,988.1081848899464,-494.0540924449732,-933.2132857293954,-494.0540924449732
21.0,-10.5,-19.83333333333333,-10.5,0.0,5.7291830920874025,1.0,2.0,0.0050016787586049105,0.20753916590384375,432.52981219042897,117.23247128209698,280.1666666666667,199.93287219407995,-99.96643609703997,-188.82549040551962,-99.96643609703997,987.4489037701459,-493.72445188507294,-932.5906313384645,-493.72445188507294
22.0,-11.0,-20.77777777777777,-11.0,0.0,5.727068851866401,1.0,2.0,0.00488394270023107,0.21242310860407482,430.8435667752735,122.62356752731867,279.22222222222223,204.75260693633606,-102.37630346816803,-193.3774621065393,-102.37630346816803,986.8532532185696,-493.4266266092848,-932.0280724842079,-493.4266266092848
23.0,-11.5,-21.722222222222214,-11.5,0.0,5.7248543081257335,1.0,2.0,0.004774149099548014,0.21719725770362283,429.08214684569555,127.9882093021541,278.27777777777777,209.46140959331865,-104.73070479665932,-197.82466461591173,-104.73070479665932,986.3124420283362,-493.1562210141681,-931.5173063600934,-493.1562210141681
24.0,-12.0,-22.666666666666657,-12.0,0.0,5.7225395131641426,1.0,2.0,0.004671443196096997,0.22186870089971983,427.24599171197156,133.32525131959991,277.33333333333337,214.06660811705953,-107.03330405852977,-202.17401877722256,-107.03330405852977,985.8192276829004,-492.9096138414502,-931.0514928116271,-492.9096138414502
25.0,-12.5,-23.6111111111111,-12.5,0.0,5.720124521664549,1.0,2.0,0.004575093724652091,0.22644379462437192,425.3355591873133,138.63355583266565,276.3888888888889,218.5747571927708,-109.2873785963854,-206.4317151265054,-109.2873785963854,985.3675896124024,-492.6837948062012,-930.624945745043,-492.6837948062012
26.0,-13.0,-24.555555555555543,-13.0,0.0,5.717609390695311,1.0,2.0,0.004484470879961955,0.23092826550433387,423.35132545614226,143.9119929437818,275.44444444444446,222.9917479157505,-111.49587395787525,-210.60331747598622,-111.49587395787525,984.9524818448988,-492.4762409224494,-930.2328995201798,-492.4762409224494
27.0,-13.5,-25.499999999999986,-13.5,0.0,5.714994179711037,1.0,2.0,0.004399028904528757,0.23532729440886263,421.2937849370927,149.15944091188575,274.5,227.32289823567876,-113.66144911783938,-214.69384833369625,-113.66144911783938,984.5696434204816,-492.2848217102408,-929.8713298971222,-492.2848217102408
28.0,-14.0,-26.44444444444443,-14.0,0.0,5.712278950553696,1.0,2.0,0.004318292195086532,0.23964558660394916,419.16345014078456,154.37478645709515,273.55555555555554,231.5730281377964,-115.7865140688982,-218.70785990791848,-115.7865140688982,984.215451412377,-492.1077257061885,-929.5368152228034,-492.1077257061885
29.0,-14.5,-27.38888888888887,-14.5,0.0,5.709463767453797,1.0,2.0,0.00424184411708306,0.24388743072103222,416.9608515224061,159.5569250628778,272.61111111111114,235.74652259679416,-117.87326129839708,-222.64949356363854,-117.87326129839708,983.886805785712,-491.943402892856,-929.2264276864954,-491.943402892856
30.0,-15.0,-28.333333333333314,-15.0,0.0,5.706548697031449,1.0,2.0,0.004169317924638927,0.24805674864567115,414.6865373291548,164.70476127563023,271.6666666666667,239.84738465023688,-119.92369232511844,-226.52252994744558,-119.92369232511844,983.5810383296341,-491.79051916481706,-928.937647311328,-491.79051916481706
31.0,-15.5,-29.277777777777757,-15.5,0.0,5.703533808297816,1.0,2.0,0.004100389333044546,0.2521571379787157,412.3410734425782,169.81720900157512,270.72222222222223,243.87928042371973,-121.93964021185987,-230.33043151129047,-121.93964021185987,983.2958399804364,-491.6479199902182,-928.6682933148497,-491.6479199902182
32.0,-16.0,-30.2222222222222,-16.0,0.0,5.700419172655918,1.0,2.0,0.004034770399695908,0.2561919083784116,409.9250432158649,174.89319180089083,269.7777777777778,247.84557755141847,-123.92278877570924,-234.0763787985615,-123.92278877570924,983.0292023550259,-491.51460117751293,-928.4164688908594,-491.51460117751293
33.0,-16.5,-31.166666666666643,-16.5,0.0,5.697204863902608,1.0,2.0,0.0039722044494875375,0.26016411282789914,407.4390473061331,179.93164317898612,268.83333333333337,251.74937813913684,-125.87468906956842,-237.76330157585107,-125.87468906956842,982.7793703372954,-491.3896851686477,-928.1805164296678,-491.3896851686477
34.0,-17.0,-32.111111111111086,-17.0,0.0,5.693890958229422,1.0,2.0,0.00391246184028915,0.2640765746681883,404.88370350176723,184.93150687483362,267.8888888888889,255.59354718871717,-127.79677359435858,-241.39390567823247,-127.79677359435858,982.5448033753161,-491.27240168765803,-927.9589809655698,-491.27240168765803
35.0,-17.5,-33.05555555555553,-17.5,0.0,5.690477534224125,1.0,2.0,0.003855336408933374,0.26793191107712166,402.2596465448551,189.89173714627753,266.94444444444446,259.3807372251238,-129.6903686125619,-244.97069626817208,-129.6903686125619,982.324143654802,-491.162071827401,-927.7505801184204,-491.162071827401
36.0,-18.0,-33.99999999999997,-18.0,0.0,5.6869646728726,1.0,2.0,0.003800642472124638,0.2717325535492463,399.56752794877787,194.81129905223156,266.0,263.1134097285871,-131.55670486429355,-248.49599807699852,-131.55670486429355,982.1161897863642,-491.0580948931821,-927.5541792426807,-491.0580948931821
37.0,-18.5,-34.944444444444414,-18.5,0.0,5.683352457559524,1.0,2.0,0.003748212282688679,0.275480765831935,396.80801581100843,199.68916873168274,265.0555555555556,266.7938538642953,-133.39692693214764,-251.97197309405624,-133.39692693214764,981.9198748978284,-490.9599374489142,-927.3687707368388,-490.9599374489142
38.0,-19.0,-35.88888888888886,-19.0,0.0,5.6796409740712,1.0,2.0,0.0036978938616468726,0.27917865969358185,393.98179462117366,204.52433367942086,264.11111111111114,270.4242029149657,-135.21210145748285,-255.4006360863561,-135.21210145748285,981.7342483306502,-490.8671241653251,-927.1934567567278,-490.8671241653251
39.0,-19.5,-36.8333333333333,-19.5,0.0,5.675830310596117,1.0,2.0,0.0036495491422062765,0.28282820883578813,391.0895650644388,209.31579301841026,263.1666666666667,274.00644875149317,-137.00322437574658,-258.7838682652987,-137.00322437574658,981.5584602217159,-490.77923011085795,-927.0274346538359,-490.77923011085795
40.0,-20.0,-37.77777777777774,-20.0,0.0,5.671920557727045,1.0,2.0,0.003603052373975013,0.28643126120976314,388.1320438202727,214.06255776872507,262.2222222222223,277.5424546207096,-138.7712273103548,-262.1234293640031,-138.7712273103548,981.3917484955583,-490.69587424777916,-926.8699846902513,-490.69587424777916
41.0,-20.5,-38.722222222222186,-20.5,0.0,5.667911808463311,1.0,2.0,0.003558288745353244,0.2899895499551164,385.1099633566538,218.76365111296838,261.2777777777778,281.03396648343846,-140.51698324171923,-265.42096834546925,-140.51698324171923,981.2334278066772,-490.6167139033386,-926.720459595197,-490.6167139033386
42.0,-21.0,-39.66666666666663,-21.0,0.0,5.663804158211746,1.0,2.0,0.0035151531896992494,0.29350470314481564,382.02407171977933,223.4181086580968,260.33333333333337,284.48262309886934,-142.24131154943467,-268.6780329267095,-142.24131154943467,981.0828801250448,-490.5414400625224,-926.5782756736409,-490.5414400625224
43.0,-21.5,-40.61111111111107,-21.5,0.0,5.659597704789446,1.0,2.0,0.003473549346981686,0.2969782524917973,378.87513231934025,228.02497869357407,259.3888888888889,287.889965020633,-143.9449825103165,-271.89607807504177,-143.9449825103165,980.9395466698722,-490.4697733349361,-926.4429051882017,-490.4697733349361
44.0,-22.0,-41.555555555555515,-22.0,0.0,5.6552925484252805,1.0,2.0,0.0034333886575381722,0.3004116411493355,375.6639237094271,232.5833224457775,258.44444444444446,291.2574426447327,-145.62872132236635,-275.0764736089138,-145.62872132236635,980.8029209586409,-490.40146047932046,-926.3138697942885,-490.40146047932046
45.0,-22.5,-42.49999999999996,-22.5,0.0,5.650888791762051,1.0,2.0,0.0033945895685227323,0.3038062307178582,372.3912393651312,237.09221432858203,257.50000000000006,294.5864234288515,-147.29321171442575,-278.2205110161371,-147.29321171442575,980.6725428569346,-490.3362714284673,-926.1907349204382,-490.3362714284673
46.0,-23.0,-43.4444444444444,-23.0,0.0,5.646386539858483,1.0,2.0,0.003357076836849382,0.3071633075547076,369.0578874549095,241.5507421900487,256.5555555555556,297.87819838478896,-148.93909919239448,-281.3294095856335,-148.93909919239448,980.5479933628174,-490.2739966814087,-926.0731048426449,-490.2739966814087
47.0,-23.5,-44.38888888888884,-23.5,0.0,5.641785900191913,1.0,2.0,0.0033207809150613277,0.31048408846976894,365.6646906087807,245.9580075551457,255.61111111111114,301.13398793173087,-150.56699396586544,-284.4043219355231,-150.56699396586544,980.4288901370613,-490.21444506853067,-925.9606184627811,-490.21444506853067
48.0,-24.0,-45.333333333333286,-24.0,0.0,5.637086982659739,1.0,2.0,0.00328563740871457,0.3137697258784835,362.21248568242186,250.3131258644289,254.6666666666667,304.35494718549205,-152.17747359274603,-287.44633900851983,-152.17747359274603,980.3148835651058,-490.1574417825529,-925.85294558928,-490.1574417825529
49.0,-24.5,-46.27777777777773,-24.5,0.0,5.632289899582689,1.0,2.0,0.0032515865956371792,0.3170213124741207,358.7021235172373,254.61522670861422,253.72222222222229,307.54217074881274,-153.77108537440637,-290.4564945961004,-153.77108537440637,980.2056533254096,-490.1028266627048,-925.7497836962007,-490.1028266627048
50.0,-25.0,-47.22222222222217,-25.0,0.0,5.627394765706242,1.0,2.0,0.0032185729988938316,0.3202398854730145,355.13446869647044,258.8634540589705,252.77777777777783,310.69669705912617,-155.34834852956308,-293.4357694447298,-155.34834852956308,980.1009054004944,-490.0504527002472,-925.6508551004699,-490.0504527002472
51.0,-25.5,-48.166666666666615,-25.5,0.0,5.622401698204199,1.0,2.0,0.0031865450065071133,0.32342643047952163,351.5103992974326,263.056966493468,251.83333333333337,313.81951234265983,-156.90975617132992,-296.3850949902893,-156.90975617132992,980.0003694147408,-490.0001847073704,-925.5559044472413,-490.0001847073704
52.0,-26.0,-49.11111111111106,-26.0,0.0,5.617310816679988,1.0,2.0,0.0031554545320022775,0.3265818850115239,347.8308066399234,267.19493741861385,250.88888888888894,316.9115542176598,-158.4557771088299,-299.3053567611226,-158.4557771088299,979.903796312321,-489.9518981561605,-925.464696517194,-489.9518981561605
53.0,-26.5,-50.0555555555555,-26.5,0.0,5.612122243170497,1.0,2.0,0.003125256710695412,0.3297071417222193,344.096595030916,271.2765552869108,249.9444444444445,319.9737149840361,-159.98685749201806,-302.1973974849225,-159.98685749201806,979.8109562957997,-489.9054781478998,-925.3770142793684,-489.9054781478998
54.0,-27.0,-50.99999999999994,-27.0,0.0,5.606836102148449,1.0,2.0,0.003095909627360449,0.33280305134957977,340.30868150558655,275.30102380987626,249.00000000000006,323.0068446321519,-161.50342231607596,-305.0620199303652,-161.50342231607596,979.7216369981104,-489.8608184990552,-925.2926571648871,-489.8608184990552
55.0,-27.5,-51.944444444444386,-27.5,0.0,5.601452520524326,1.0,2.0,0.003067374071513862,0.33587042542109363,336.4679955647646,279.2675621665569,248.0555555555556,326.01175359954163,-163.00587679977082,-307.8999895106777,-163.00587679977082,979.6356418657119,-489.81782093285597,-925.211439539839,-489.81782093285597
56.0,-28.0,-52.88888888888883,-28.0,0.0,5.595971627650726,1.0,2.0,0.003039613317067369,0.338910038738161,332.5754789088811,283.1754052074811,247.11111111111117,328.98921530084755,-164.49460765042377,-310.71203667302217,-164.49460765042377,979.5527887009588,-489.7763943504794,-925.1331893286822,-489.7763943504794
57.0,-28.5,-53.83333333333327,-28.5,0.0,5.590393555324387,1.0,2.0,0.003012592923531121,0.3419226316616921,328.6320851684968,287.02380365398693,246.16666666666674,331.93996845344765,-165.96998422672382,-313.4988590949223,-165.96998422672382,979.4729083879886,-489.7364541939943,-925.0577468108885,-489.7364541939943
58.0,-29.0,-54.777777777777715,-29.0,0.0,5.584718437789723,1.0,2.0,0.0029862805563202754,0.3449089122180124,324.63877963148985,290.8120242928695,245.22222222222229,334.86471921854854,-167.43235960927427,-316.2611237064064,-167.43235960927427,979.3958437397465,-489.69792186987326,-924.9849635319607,-489.69792186987326
59.0,-29.5,-55.72222222222216,-29.5,0.0,5.5789464117409775,1.0,2.0,0.002960645824032937,0.34786955804204533,320.5965389669857,294.5393501662893,244.27777777777783,337.7641431752949,-168.88207158764746,-318.9994685544447,-168.88207158764746,979.3214484523628,-489.6607242261814,-924.9147013161428,-489.6607242261814
60.0,-30.0,-56.6666666666666,-30.0,0.0,5.573077616327367,1.0,2.0,0.0029356601308366814,0.350805218172882,316.50635094610965,298.20508075688775,243.3333333333334,340.6388871435856,-170.3194435717928,-321.71450452449693,-170.3194435717928,979.249586181265,-489.6247930906325,-924.8468313933912,-489.6247930906325
61.0,-30.5,-57.61111111111104,-30.5,0.0,5.56711219315493,1.0,2.0,0.002911296542332742,0.35371651471521476,312.36921415964883,301.80853216805525,242.38888888888897,343.48957086959183,-171.74478543479592,-324.40681693239173,-171.74478543479592,979.1801297308168,-489.5900648654084,-924.7812336346635,-489.5900648654084
62.0,-31.0,-58.555555555555486,-31.0,0.0,5.561050286290206,1.0,2.0,0.0028875296634688352,0.3566040443786836,308.1861377327062,305.34903729929897,241.4444444444445,346.3167885862284,-173.1583942931142,-327.0769669981041,-173.1583942931142,979.1129602596757,-489.55648012983784,-924.7177958008223,-489.55648012983784
63.0,-31.5,-59.49999999999993,-31.5,0.0,5.554892042264308,1.0,2.0,0.002864335527240136,0.35946837990592373,303.9581410364323,308.8259460166608,240.50000000000006,349.121110459963,-174.5605552299815,-329.72549321218673,-174.5605552299815,979.0479666453807,-489.52398332269036,-924.6564129428419,-489.52398332269036
64.0,-32.0,-60.44444444444437,-32.0,0.0,5.54863761007621,1.0,2.0,0.002841691493071341,0.36231007139899507,299.6862533969219,312.2386253181347,239.55555555555563,351.9030839337122,-175.9515419668561,-332.3529126040609,-175.9515419668561,978.985044834122,-489.492522417061,-924.5969867877641,-489.492522417061
65.0,-32.5,-61.388888888888815,-32.5,0.0,5.542287141196598,1.0,2.0,0.0028195761538984954,0.36512964755289357,295.3715138013613,315.586459494036,238.6111111111112,354.6632349749969,-177.33161748749845,-334.9597219208298,-177.33161748749845,978.9240973216381,-489.46204866081905,-924.5394252482104,-489.46204866081905
66.0,-33.0,-62.33333333333326,-33.0,0.0,5.535840789572056,1.0,2.0,0.002797969251085497,0.36792761680397906,291.014970601516,318.868850282277,237.66666666666674,357.4020692371945,-178.70103461859725,-337.54639872401646,-178.70103461859725,978.8650326071469,-489.43251630357344,-924.4836419067645,-489.43251630357344
67.0,-33.5,-63.2777777777777,-33.5,0.0,5.529298711628218,1.0,2.0,0.0027768515964046725,0.37070446840038374,286.6176812146468,322.08521701850265,236.72222222222229,360.12007314137696,-180.06003657068848,-340.1134024112999,-180.06003657068848,978.8077647727381,-489.40388238636905,-924.4295556186937,-489.40388238636905
68.0,-34.0,-64.22222222222214,-34.0,0.0,5.522661066275066,1.0,2.0,0.00275620500039947,0.3734606734007832,282.1807118219428,325.23499678104423,235.77777777777786,362.81771488516466,-181.40885744258233,-342.6611751693216,-181.40885744258233,978.7522130598837,-489.37610652994186,-924.3770901121147,-489.37610652994186
69.0,-34.5,-65.16666666666659,-34.5,0.0,5.515928014910056,1.0,2.0,0.002736012206522309,0.3761966856073055,277.7051370645639,328.3176445306486,234.83333333333343,365.49544538439034,-182.74772269219517,-345.19014286303474,-182.74772269219517,978.6983014338539,-489.34915071692694,-924.326173576414,-489.34915071692694
70.0,-35.0,-66.11111111111103,-35.0,0.0,5.509099721423255,1.0,2.0,0.0027162568305020285,0.37891294243780754,273.19203973738166,331.3326332449432,233.88888888888897,368.15369915339573,-184.07684957669787,-347.70071586709537,-184.07684957669787,978.6459583477937,-489.32297917389684,-924.2767384395747,-489.32297917389684
71.0,-35.5,-67.05555555555547,-35.5,0.0,5.502176352201356,1.0,2.0,0.0026969233044615293,0.38160986574226907,268.64251048051113,334.27945404759834,232.9444444444445,370.7928951281991,-185.39644756409956,-350.19328984329854,-185.39644756409956,978.595116308037,-489.2975581540185,-924.2287209575823,-489.2975581540185
72.0,-36.0,-67.99999999999991,-36.0,0.0,5.4951580761325545,1.0,2.0,0.002677996825348361,0.38428786256761743,264.0576474687263,337.1576163321491,232.00000000000009,373.41343743748365,-186.70671871874183,-352.66824646873397,-186.70671871874183,978.545711660298,-489.272855830149,-924.1820610125167,-489.272855830149
73.0,-36.5,-68.94444444444436,-36.5,0.0,5.488045064610895,1.0,2.0,0.0026594633072920537,0.3869473258749095,259.4385560988516,339.9666478804424,231.05555555555566,376.015716125157,-188.0078580625785,-355.1259541182032,-188.0078580625785,978.4976843027222,-489.2488421513611,-924.136701841448,-489.2488421513611
74.0,-37.0,-69.8888888888888,-37.0,0.0,5.480837491541842,1.0,2.0,0.002641309337539699,0.3895886352124492,254.78634867522302,342.70609497567597,230.1111111111112,378.60010782813885,-189.30005391406942,-357.56676850435275,-189.30005391406942,978.45097741908,-489.22548870954,-924.0925897846939,-489.22548870954
75.0,-37.5,-70.83333333333324,-37.5,0.0,5.47353553334629,1.0,2.0,0.0026235221356551985,0.3922121573481044,250.10214409331292,345.3755225099939,229.16666666666674,381.16697641289767,-190.58348820644883,-359.9910332788472,-190.58348820644883,978.405537301774,-489.202768650887,-924.0496741183541,-489.202768650887
76.0,-38.0,-71.77777777777769,-38.0,0.0,5.466139368966674,1.0,2.0,0.0026060895157020147,0.3948182468638064,245.38706752161406,347.97451408661396,228.2222222222223,383.7166735735189,-191.85833678675945,-362.3990805972117,-191.85833678675945,978.3613130934267,-489.18065654671335,-924.0079068104512,-489.18065654671335
77.0,-38.5,-72.72222222222213,-38.5,0.0,5.458649179871807,1.0,2.0,0.0025889998511534618,0.39740724671495986,240.64225008187643,350.50267211645206,227.27777777777789,386.24953939432476,-193.12476969716238,-364.791231650195,-193.12476969716238,978.318256633889,-489.1591283169445,-923.967242376452,-489.1591283169445
78.0,-39.0,-73.66666666666657,-39.0,0.0,5.451065150061748,1.0,2.0,0.00257224204230172,0.3999794887572616,235.8688285277946,352.9596179092205,226.33333333333343,388.7659028794855,-194.38295143974275,-367.1677971639579,-194.38295143974275,978.2763222814889,-489.13816114074444,-923.9276377102815,-489.13816114074444
79.0,-39.5,-74.61111111111101,-39.5,0.0,5.443387466074972,1.0,2.0,0.0025558054859584622,0.40253529424322004,231.06794492223895,355.3449917589739,225.38888888888897,391.26608245188356,-195.63304122594178,-369.52907787122274,-195.63304122594178,978.2354667184118,-489.1177333592059,-923.889051900721,-489.1177333592059
80.0,-40.0,-75.55555555555546,-40.0,0.0,5.4356163169920135,1.0,2.0,0.002539680047257631,0.4050749742904777,226.24074631313056,357.65845302407644,224.44444444444454,393.75038642360045,-196.87519321180022,-371.87536495562205,-196.87519321180022,978.1956488572083,-489.09782442860416,-923.8514461429301,-489.09782442860416
81.0,-40.5,-76.4999999999999,-40.5,0.0,5.4277518944432614,1.0,2.0,0.0025238560333917803,0.40759883032386945,221.38838440805392,359.8996802015735,223.5000000000001,396.2191134397281,-198.10955671986406,-374.2069404708537,-198.10955671986406,978.1568296548119,-489.07841482740594,-923.8147835628554,-489.07841482740594
82.0,-41.0,-77.44444444444434,-41.0,0.0,5.419794392613712,1.0,2.0,0.0025083241691263303,0.4101071544929958,216.51201524770613,362.06837099594094,222.55555555555566,398.67255289746225,-199.33627644873113,-376.5240777364915,-199.33627644873113,978.1189719942329,-489.05948599711644,-923.779029105677,-489.05948599711644
83.0,-41.5,-78.38888888888879,-41.5,0.0,5.411744008249968,1.0,2.0,0.002493075573950898,0.4126002300669467,211.61279887828,364.1642423821988,221.6111111111112,401.11098534219377,-200.55549267109689,-378.82704171207126,-200.55549267109689,978.0820405966336,-489.0410202983168,-923.7441494523724,-489.0410202983168
84.0,-42.0,-79.33333333333323,-42.0,0.0,5.403600940665979,1.0,2.0,0.0024781017407408124,0.4150783318076875,206.6918990228792,366.1870306633693,220.66666666666674,403.5346828419791,-201.76734142098954,-381.11608935075736,-201.76734142098954,978.0460018807609,-489.0230009403804,-923.7101128873763,-489.0230009403804
85.0,-42.5,-80.27777777777767,-42.5,0.0,5.3953653917502775,1.0,2.0,0.002463394515811901,0.4175417263234994,201.7504827520626,368.1364915222643,219.72222222222234,405.94390934186754,-202.97195467093377,-383.3914699339854,-202.97195467093377,978.0108238547466,-489.0054119273733,-923.6768891961585,-489.0054119273733
86.0,-43.0,-81.22222222222211,-43.0,0.0,5.38703756597224,1.0,2.0,0.0024489460802618046,0.4199906724037612,196.78972015361768,370.0124000675895,218.77777777777789,408.3389209994754,-204.1694604997377,-385.6534253883928,-204.1694604997377,977.9764760487673,-488.98823802438363,-923.6444496016071,-488.98823802438363
87.0,-43.5,-82.16666666666656,-43.5,0.0,5.378617670389476,1.0,2.0,0.0024347489325012295,0.42242542133626243,191.81078400166066,371.8145508743533,217.83333333333343,410.71996650295074,-205.35998325147537,-387.9021905861195,-205.35998325147537,977.942929429385,-488.9714647146925,-923.6127666833107,-488.9714647146925
88.0,-44.0,-83.111111111111,-44.0,0.0,5.3701059146541485,1.0,2.0,0.0024207958718872047,0.42484621720814963,186.814849425163,373.5427580185686,216.88888888888903,413.0872873723218,-206.5436436861609,-390.1379936294144,-206.5436436861609,977.9101562683703,-488.95507813418516,-923.5818142534634,-488.95507813418516
89.0,-44.5,-84.05555555555544,-44.5,0.0,5.361502511021314,1.0,2.0,0.0024070799833754153,0.42725329719152505,181.80309357600203,375.19685510624106,215.94444444444457,415.44111824556563,-207.72055912278282,-392.3610561208113,-207.72055912278282,977.8781301413616,-488.9390650706808,-923.55156735572,-488.9390650706808
90.0,-45.0,-84.99999999999989,-45.0,0.0,5.352807674355321,1.0,2.0,0.002393594623119666,0.4296468918146447,176.77669529663686,376.77669529663694,215.0000000000001,417.78168714995724,-208.89084357497862,-394.57159341940337,-208.89084357497862,977.8468257674507,-488.92341288372535,-923.5220021136929,-488.92341288372535
91.0,-45.5,-85.94444444444433,-45.5,0.0,5.344021622138884,1.0,2.0,0.002393594623119666,0.4320404864377644,171.736834787506,378.2821513198237,214.05555555555566,417.78168714995724,-208.89084357497862,-394.57159341940337,-208.89084357497862,0.0,0.0,0.0,0.0
92.0,-46.0,-86.88888888888877,-46.0,0.0,5.335144574479543,1.0,2.0,0.0024070799833754153,0.4344475664211398,166.6846932742492,379.71311548848195,213.1111111111112,415.44111824556563,-207.72055912278282,-392.3610561208113,-207.72055912278282,-972.3685629712458,486.1842814856229,918.3480872506105,486.1842814856229
93.0,-46.5,-87.83333333333321,-46.5,0.0,5.326176754119209,1.0,2.0,0.0024207958718872047,0.436868362293027,161.6214526748497,381.0694997039867,212.1666666666668,413.0872873723218,-206.5436436861609,-390.1379936294144,-206.5436436861609,-972.3376103615258,486.1688051807629,918.3188542303194,486.1688051807629
94.0,-47.0,-88.77777777777766,-47.0,0.0,5.317118386440868,1.0,2.0,0.0024347489325012295,0.43930311122552823,156.5482952667995,382.3512354567575,211.22222222222234,410.71996650295074,-205.35998325147537,-387.9021905861195,-205.35998325147537,-972.3059481698106,486.1529740849053,918.2889510492681,486.1529740849053
95.0,-47.5,-89.7222222222221,-47.5,0.0,5.307969699478955,1.0,2.0,0.0024489460802618046,0.44175205730579004,151.46640335438335,383.5582738208802,210.27777777777789,408.3389209994754,-204.1694604997377,-385.6534253883928,-204.1694604997377,-972.273551739765,486.1367758698825,918.2583544208918,486.1367758698825
96.0,-48.0,-90.66666666666654,-48.0,0.0,5.298730923926896,1.0,2.0,0.0024633945158119563,0.444215451821602,146.37695893618383,384.6905854430033,209.33333333333348,405.9439093418584,-202.9719546709292,-383.39146993397674,-202.9719546709292,-972.2403952123829,486.1201976061914,918.2270399227983,486.1201976061914
97.0,-48.5,-91.61111111111099,-48.5,0.0,5.2894022931469244,1.0,2.0,0.0024781017407408124,0.4466935535623428,141.28114337290484,385.74816052551495,208.38888888888903,403.5346828419791,-201.76734142098954,-381.11608935075736,-201.76734142098954,-972.2064515232887,486.10322576164435,918.1949819942273,486.10322576164435
98.0,-49.0,-92.55555555555543,-49.0,0.0,5.279984043178615,1.0,2.0,0.0024930755739508426,0.44918662913629365,136.18013705561373,386.7310088040071,207.44444444444457,401.1109853422027,-200.55549267110135,-378.8270417120797,-200.55549267110135,-972.1716923067373,486.08584615336866,918.1621538452493,486.08584615336866
99.0,-49.5,-93.49999999999987,-49.5,0.0,5.2704764127492725,1.0,2.0,0.0025083241691262748,0.4516949533054199,131.07511907449964,387.63915951903533,206.5000000000001,398.67255289747106,-199.33627644873553,-376.52407773649986,-199.33627644873553,-972.1360878091812,486.0680439045906,918.1285273753139,486.0680439045906
100.0,-50.0,-94.44444444444431,-50.0,0.0,5.26087964328271,1.0,2.0,0.002523856033391836,0.45421880933881176,125.9672668882487,388.4726613821862,205.55555555555566,396.21911343971937,-198.10955671985968,-374.20694047084544,-198.10955671985968,-972.0996068284041,486.0498034142021,918.0940731157312,486.0498034142021
101.0,-50.5,-95.38888888888876,-50.5,0.0,5.251193978910695,1.0,2.0,0.002539680047257631,0.4567584893860694,120.85775599413199,389.2315825364629,204.61111111111126,393.75038642360045,-196.87519321180022,-371.87536495562205,-196.87519321180022,-972.0622165712065,486.03110828560324,918.0587600950158,486.03110828560324
102.0,-51.0,-96.3333333333332,-51.0,0.0,5.241419666481914,1.0,2.0,0.0025558054859584622,0.45931429487202785,115.74775959890752,389.9160105110039,203.6666666666668,391.26608245188356,-195.63304122594178,-369.52907787122274,-195.63304122594178,-972.02388263332,486.01194131666,918.0225558203689,486.01194131666
103.0,-51.5,-97.27777777777764,-51.5,0.0,5.23155695557352,1.0,2.0,0.00257224204230172,0.46188653691432957,110.63844829063189,390.52605217015054,202.72222222222234,388.7659028794855,-194.38295143974275,-367.1677971639579,-194.38295143974275,-971.9845688241753,485.99228441208766,917.9854261117199,485.99228441208766
104.0,-52.0,-98.22222222222209,-52.0,0.0,5.221606098501267,1.0,2.0,0.0025889998511534618,0.46447553676548303,105.53098971148101,391.06183365687986,201.77777777777794,386.24953939432476,-193.12476969716238,-364.791231650195,-193.12476969716238,-971.9442370920385,485.97211854601926,917.9473350313563,485.97211854601926
105.0,-52.5,-99.16666666666653,-52.5,0.0,5.211567350331497,1.0,2.0,0.0026060895157020147,0.46708162628118505,100.42654823167594,391.52350033062254,200.83333333333348,383.7166735735189,-191.85833678675945,-362.3990805972117,-191.85833678675945,-971.9028473676825,485.95142368384126,917.9082447361458,485.95142368384126
106.0,-53.0,-100.11111111111097,-53.0,0.0,5.201440968891766,1.0,2.0,0.0026235221356551985,0.46970514841684025,95.32628462461226,391.91121669948706,199.88888888888903,381.16697641289767,-190.58348820644883,-359.9910332788472,-190.58348820644883,-971.8603574825466,485.9301787412733,917.8681154001757,485.9301787412733
107.0,-53.5,-101.05555555555542,-53.5,0.0,5.191227214783823,1.0,2.0,0.0026413093375396435,0.4723464577543799,90.23135574328798,392.2251663469115,198.94444444444457,378.6001078281468,-189.3000539140734,-357.56676850436025,-189.3000539140734,-971.8167229673597,485.90836148367987,917.8269050247453,485.90836148367987
108.0,-54.0,-101.99999999999986,-54.0,0.0,5.180926351394078,1.0,2.0,0.0026594633072921092,0.475005921061672,85.1429141981288,392.46555185276765,198.0000000000001,376.01571612514914,-188.00785806257457,-355.1259541181958,-188.00785806257457,-971.7718969505603,485.88594847528014,917.784569342191,485.88594847528014
109.0,-54.5,-102.9444444444443,-54.5,0.0,5.170538644907503,1.0,2.0,0.0026779968253483055,0.4776839178870203,80.06210803630363,392.63259470894326,197.0555555555557,373.4134374374914,-186.7067187187457,-352.66824646874124,-186.7067187187457,-971.7258299286075,485.86291496430374,917.7410615992452,485.86291496430374
110.0,-55.0,-103.88888888888874,-55.0,0.0,5.160064364319674,1.0,2.0,0.002696923304461585,0.4803808411914819,74.99008042262776,392.72653522942966,196.11111111111126,370.79289512819145,-185.39644756409572,-350.1932898432914,-185.39644756409572,-971.6784696712397,485.83923483561983,917.6963324672538,485.83923483561983
111.0,-55.5,-104.83333333333319,-55.5,0.0,5.149503781449797,1.0,2.0,0.0027162568305020285,0.4830970980219839,69.9279693221481,392.7476324549443,195.1666666666668,368.15369915339573,-184.07684957669787,-347.70071586709537,-184.07684957669787,-971.6297609117934,485.8148804558967,917.6503297500503,485.8148804558967
112.0,-56.0,-105.77777777777763,-56.0,0.0,5.138857170954519,1.0,2.0,0.0027360122065222536,0.48583311022850617,64.87690718450425,392.696164052118,194.2222222222224,365.4954453843978,-182.7477226921989,-345.1901428630418,-182.7477226921989,-971.5796452446604,485.7898226223302,917.6029982866098,485.7898226223302
113.0,-56.5,-106.72222222222207,-56.5,0.0,5.128124810341562,1.0,2.0,0.0027562050003995253,0.4885893152289057,59.83802063015977,392.57242620728016,193.27777777777794,362.8177148851574,-181.4088574425787,-342.66117516931473,-181.4088574425787,-971.5280608126924,485.7640304063462,917.5542796564363,485.7640304063462
114.0,-57.0,-107.66666666666652,-57.0,0.0,5.117306979983859,1.0,2.0,0.0027768515964046725,0.49136616682531037,54.81243013859669,392.37673351487626,192.33333333333348,360.12007314137696,-180.06003657068848,-340.1134024112999,-180.06003657068848,-971.4749420794376,485.7374710397188,917.5041119639133,485.7374710397188
115.0,-57.5,-108.61111111111096,-57.5,0.0,5.106403963133926,1.0,2.0,0.002797969251085497,0.49416413607639587,49.801249738566064,392.1094188605515,191.38888888888903,357.4020692371945,-178.70103461859725,-337.54639872401646,-178.70103461859725,-971.420219549587,485.7101097747935,917.4524295746065,485.7101097747935
116.0,-58.0,-109.5555555555554,-58.0,0.0,5.095416045939344,1.0,2.0,0.0028195761538984954,0.49698371223029436,44.8055867004857,391.77083329894,190.44444444444457,354.6632349749969,-177.33161748749845,-334.9597219208298,-177.33161748749845,-971.3638194913594,485.6819097456797,917.3991628529651,485.6819097456797
117.0,-58.5,-110.49999999999984,-58.5,0.0,5.084343517457221,1.0,2.0,0.002841691493071341,0.4998254037233657,39.82654123107782,391.36134592619663,189.50000000000017,351.9030839337122,-175.9515419668561,-332.3529126040609,-175.9515419668561,-971.305663550933,485.6528317754665,917.3442377981,485.6528317754665
118.0,-59.0,-111.44444444444429,-59.0,0.0,5.0731866696708545,1.0,2.0,0.0028643355272400806,0.5026897392506058,34.86520617033545,390.8813437473135,188.5555555555557,349.1211104599698,-174.5605552299849,-329.72549321219316,-174.5605552299849,-971.2456684231154,485.6228342115577,917.2875757329313,485.6228342115577
119.0,-59.5,-112.38888888888873,-59.5,0.0,5.061945797505533,1.0,2.0,0.0028875296634689462,0.5055772689140747,29.922666690908606,390.3312315382607,187.61111111111126,346.3167885862151,-173.15839429310756,-327.0769669980915,-173.15839429310756,-971.1837454808059,485.59187274040295,917.2290929540901,485.59187274040295
120.0,-60.0,-113.33333333333317,-60.0,0.0,5.0506211988442935,1.0,2.0,0.0029112965423326864,0.5084885654564074,24.999999999999993,389.71143170299746,186.66666666666686,343.48957086959837,-171.74478543479918,-324.40681693239793,-171.74478543479918,-971.119800235616,485.559900117808,917.1687002225165,485.559900117808
121.0,-60.5,-114.27777777777762,-60.5,0.0,5.039213174546627,1.0,2.0,0.0029356601308366814,0.5114242255872441,20.0982750438559,389.0223841253974,185.7222222222224,340.6388871435856,-170.3194435717928,-321.71450452449693,-170.3194435717928,-971.0537320273266,485.5268660136633,917.1063024702637,485.5268660136633
122.0,-61.0,-115.22222222222206,-61.0,0.0,5.027722028464275,1.0,2.0,0.0029606458240329925,0.5143848714112771,15.21855221494325,388.2645460161342,184.77777777777794,337.7641431752886,-168.8820715876443,-318.9994685544387,-168.8820715876443,-970.9854333001546,485.4927166500773,917.0417981168094,485.4927166500773
123.0,-61.5,-116.1666666666665,-61.5,0.0,5.016148067460413,1.0,2.0,0.00298628055632022,0.5173711519675973,10.361883061896654,387.4383917545762,183.83333333333348,334.8647192185548,-167.4323596092774,-316.2611237064123,-167.4323596092774,-970.9147891672193,485.45739458360964,916.9750786579273,485.45739458360964
124.0,-62.0,-117.11111111111094,-62.0,0.0,5.004491601427161,1.0,2.0,0.0030125929235310656,0.5203837448911284,5.529310002323291,386.5444127257401,182.88888888888903,331.9399684534538,-165.9699842267269,-313.49885909492804,-165.9699842267269,-970.841676701844,485.420838350922,916.9060279961849,485.420838350922
125.0,-62.5,-118.05555555555539,-62.5,0.0,4.9927529433049935,1.0,2.0,0.00303961331706748,0.5234233582081959,0.721866038549327,385.5831171523538,181.94444444444463,328.98921530083555,-164.49460765041778,-310.7120366730108,-164.49460765041778,-970.7659642263392,485.3829821131696,916.8345217693255,485.3829821131696
126.0,-63.0,-118.99999999999983,-63.0,0.0,4.980932409102488,1.0,2.0,0.0030673740715138065,0.5264907322797097,-4.059425523607952,384.5550299220814,181.00000000000017,326.01175359954755,-163.00587679977377,-307.89998951068327,-163.00587679977377,-970.6875105123954,485.3437552561977,916.7604265950298,485.3437552561977
127.0,-63.5,-119.94444444444427,-63.5,0.0,4.969030317914796,1.0,2.0,0.0030959096273605047,0.5295866419070702,-8.813551352957543,383.46069240996485,180.0555555555557,323.00684463214617,-161.50342231607308,-305.0620199303597,-161.50342231607308,-970.6061639671593,485.30308198357966,916.6835993023243,485.30308198357966
128.0,-64.0,-120.88888888888872,-64.0,0.0,4.9570469919458295,1.0,2.0,0.003125256710695301,0.5327118986177655,-13.539508367862336,382.3006622961361,179.1111111111113,319.9737149840475,-159.98685749202374,-302.1973974849332,-159.98685749202374,-970.521761530391,485.2608807651955,916.6038858898057,485.2608807651955
129.0,-64.5,-121.83333333333316,-64.5,0.0,4.944982756528508,1.0,2.0,0.0031554545320022775,0.5358673531497677,-18.236304007893718,381.07551337885934,178.16666666666686,316.9115542176598,-158.4557771088299,-299.3053567611226,-158.4557771088299,-970.434127740268,485.217063870134,916.5211206435904,485.217063870134
130.0,-65.0,-122.7777777777776,-65.0,0.0,4.932837940146054,1.0,2.0,0.0031865450065071688,0.5390538981562749,-22.90295650213309,379.7858353829581,177.2222222222224,313.8195123426543,-156.90975617132716,-296.38509499028413,-156.90975617132716,-970.3430733572811,485.17153667864056,916.4351248374232,485.17153667864056
131.0,-65.5,-123.72222222222204,-65.5,0.0,4.920612874454271,1.0,2.0,0.0032185729988938316,0.5422724711551687,-27.538495134041835,378.4322337636902,176.27777777777794,310.69669705912617,-155.34834852956308,-293.4357694447298,-155.34834852956308,-970.2483941179563,485.12419705897815,916.3457055558447,485.12419705897815
132.0,-66.0,-124.66666666666649,-66.0,0.0,4.9083078943045075,1.0,2.0,0.0032515865956371792,0.5455240577508059,-32.14196050282166,377.0153295061291,175.33333333333348,307.54217074881274,-153.77108537440637,-290.4564945961004,-153.77108537440637,-970.1498691580347,485.07493457901734,916.2526542048134,485.07493457901734
133.0,-66.5,-125.61111111111093,-66.5,0.0,4.895923337767121,1.0,2.0,0.00328563740871457,0.5488096951595205,-36.712404781188155,375.5357589201151,174.38888888888908,304.35494718549205,-152.17747359274603,-287.44633900851983,-152.17747359274603,-970.0472592828231,485.02362964141156,916.1557448782025,485.02362964141156
134.0,-67.0,-126.55555555555537,-67.0,0.0,4.883459546154703,1.0,2.0,0.003320780915061383,0.5521304760745819,-41.24889196948098,373.9941734308403,173.44444444444463,301.1339879317258,-150.5669939658629,-284.40432193551834,-150.5669939658629,-969.9403050522232,484.9701525261116,916.0547325493343,484.9701525261116
135.0,-67.5,-127.49999999999982,-67.5,0.0,4.870916864047351,1.0,2.0,0.003357076836849271,0.5554875529114311,-45.75049814603709,372.3912393651312,172.50000000000017,297.8781983847988,-148.9390991923994,-281.32940958564285,-148.9390991923994,-969.8287245586808,484.9143622793404,915.9493509720791,484.9143622793404
136.0,-68.0,-128.44444444444426,-68.0,0.0,4.8582956393173236,1.0,2.0,0.003394589568522788,0.5588821424799539,-50.21631171375233,370.7276377334963,171.55555555555577,294.58642342884673,-147.29321171442336,-278.22051101613255,-147.29321171442336,-969.712211006568,484.856105503284,915.8393103950976,484.856105503284
137.0,-68.5,-129.38888888888872,-68.5,0.0,4.845596223155464,1.0,2.0,0.0034333886575381722,0.5623155311374921,-54.645433642759855,369.0040640080058,170.6111111111113,291.2574426447327,-145.62872132236635,-275.0764736089179,-145.62872132236635,-969.5904297945115,484.79521489725573,915.7242948047079,484.79521489725573
138.0,-69.0,-130.33333333333317,-69.0,0.0,4.8328189700977395,1.0,2.0,0.0034735493469817413,0.5657890804844738,-59.0369777091538,367.22122789607215,169.66666666666686,287.8899650206284,-143.9449825103142,-271.89607807504154,-143.9449825103142,-969.4630154111386,484.7315077055693,915.6039589994333,484.7315077055693
139.0,-69.5,-131.27777777777763,-69.5,0.0,4.819964238052455,1.0,2.0,0.003515153189699194,0.569304233674173,-63.39007072968761,365.3798531102009,168.7222222222224,284.48262309887383,-142.24131154943692,-268.6780329267178,-142.24131154943692,-969.3295676954923,484.66478384774615,915.47792504575,484.66478384774615
140.0,-70.0,-132.2222222222221,-70.0,0.0,4.807032388327606,1.0,2.0,0.003558288745353244,0.5728625224195263,-67.70385279237846,363.480677133785,167.77777777777794,281.03396648343846,-140.51698324171923,-265.4209683454732,-140.51698324171923,-969.1896476751517,484.59482383757586,915.3457783598752,484.59482383757586
141.0,-70.5,-133.16666666666654,-70.5,0.0,4.79402378566113,1.0,2.0,0.0036030523739749576,0.5764655747935012,-71.97747748295144,361.5244509830121,166.83333333333348,277.54245462071384,-138.77122731035692,-262.12342936401103,-138.77122731035692,-969.0427727179324,484.5213863589662,915.2070631225066,484.5213863589662
142.0,-71.0,-134.111111111111,-71.0,0.0,4.7809387982492595,1.0,2.0,0.0036495491422063875,0.5801151239357076,-76.21011210705527,359.5119389649609,165.88888888888903,274.00644875148487,-137.00322437574243,-258.7838682652947,-137.00322437574243,-968.8884109918381,484.44420549591905,915.0612770478688,484.44420549591905
143.0,-71.5,-135.05555555555546,-71.5,0.0,4.767777797777236,1.0,2.0,0.0036978938616467616,0.5838130177973544,-80.40093790818563,357.44391843195945,164.94444444444457,270.4242029149738,-135.2121014574869,-255.4006360863676,-135.2121014574869,-968.7259749839841,484.36298749199204,914.9078652626516,484.36298749199204
144.0,-72.0,-135.99999999999991,-72.0,0.0,4.754541159450349,1.0,2.0,0.0037482122826887343,0.5875612300800431,-84.54915028125262,355.32117953228305,164.0000000000001,266.79385386429135,-133.39692693214567,-251.9719730940563,-133.39692693214567,-968.5548141041473,484.27740705207367,914.7462133206055,484.27740705207367
145.0,-72.5,-136.94444444444437,-72.5,0.0,4.741229262026907,1.0,2.0,0.003800642472124638,0.5913618725521678,-88.65395898173007,353.14452495726596,163.05555555555566,263.1134097285871,-131.55670486429355,-248.49599807700224,-131.55670486429355,-968.3742058607277,484.18710293036384,914.5756388684758,484.18710293036384
146.0,-73.0,-137.88888888888883,-73.0,0.0,4.7278424878492755,1.0,2.0,0.0038553364089333186,0.5952172089611011,-92.71458833032419,350.91476968490826,162.1111111111112,259.3807372251276,-129.6903686125638,-244.9706962681793,-129.6903686125638,-968.1833457672942,484.0916728836471,914.3953821135713,484.0916728836471
147.0,-73.5,-138.8333333333333,-73.5,0.0,4.71438122287924,1.0,2.0,0.00391246184028915,0.5991296708013902,-96.73027741310426,348.6327407200537,161.16666666666674,255.59354718871717,-127.79677359435858,-241.3939056782361,-127.79677359435858,-967.981335283903,483.9906676419515,914.2045944348034,483.9906676419515
148.0,-74.0,-139.77777777777774,-74.0,0.0,4.7008458567316795,1.0,2.0,0.0039722044494876485,0.6031018752508779,-100.70028027703546,346.2992768312207,160.22222222222229,251.74937813912982,-125.87468906956491,-237.763301575848,-125.87468906956491,-967.7671676953051,483.8835838476526,914.002325045579,483.8835838476526
149.0,-74.5,-140.7222222222222,-74.5,0.0,4.687236782711045,1.0,2.0,0.004034770399695908,0.6071366456505738,-104.62386612085827,343.91522828416663,159.27777777777783,247.84557755141847,-123.92278877570924,-234.07637879856503,-123.92278877570924,-967.5397113068851,483.76985565344256,913.7875051231783,483.76985565344256
150.0,-75.0,-141.66666666666666,-75.0,0.0,4.673554397847101,1.0,2.0,0.004100389333044463,0.6112370349836183,-108.50031948125762,341.48145657226706,158.33333333333337,243.87928042372468,-121.93964021186234,-230.33043151129863,-121.93964021186234,-967.2976894486482,483.6488447243241,913.558928923734,483.6488447243241
151.0,-75.5,-142.61111111111111,-75.5,0.0,4.659799102932362,1.0,2.0,0.004169317924638927,0.6154063529082572,-112.32894041426884,338.9988341437944,157.3888888888889,239.84738465023688,-119.92369232511844,-226.522529947449,-119.92369232511844,-967.0396564533937,483.51982822669686,913.3152310948832,483.51982822669686
152.0,-76.0,-143.55555555555557,-76.0,0.0,4.6459713025618194,1.0,2.0,0.00424184411708306,0.6196481970253402,-116.10904467186845,336.4682441261773,156.44444444444446,235.74652259679416,-117.87326129839708,-222.6494935636419,-117.87326129839708,-966.7639687482678,483.3819843741339,913.0548593733841,483.3819843741339
153.0,-76.5,-144.50000000000003,-76.5,0.0,4.6320714051711445,1.0,2.0,0.004318292195086615,0.6239664892204269,-119.83996387369724,333.8905800473285,155.5,231.57302813779194,-115.78651406889597,-218.70785990791754,-115.78651406889597,-966.4687497874418,483.2343748937209,912.7760414659249,483.2343748937209
154.0,-77.0,-145.44444444444449,-77.0,0.0,4.618099823078006,1.0,2.0,0.004399028904528701,0.6283655181249556,-123.52104567386723,331.26674555412427,154.55555555555554,227.32289823568163,-113.66144911784082,-214.6938483337022,-113.66144911784082,-966.1518472258477,483.0759236129239,912.4767446022032,483.0759236129239
155.0,-77.5,-146.38888888888894,-77.5,0.0,4.604056972523685,1.0,2.0,0.004484470879961955,0.6328499890049175,-127.15165392280431,328.5976541281233,153.6111111111111,222.9917479157505,-111.49587395787525,-210.6033174759894,-111.49587395787525,-965.8107803273069,482.90539016365346,912.1546258646897,482.90539016365346
156.0,-78.0,-147.3333333333334,-78.0,0.0,4.589943273716499,1.0,2.0,0.004575093724652035,0.6374250827295695,-130.73116882408036,325.8842287986115,152.66666666666663,218.57475719277343,-109.28737859638672,-206.431715126511,-109.28737859638672,-965.4426747974439,482.72133739872197,911.8069706420456,482.72133739872197
157.0,-78.5,-148.27777777777786,-78.5,0.0,4.575759150874746,1.0,2.0,0.004671443196097025,0.6420965259256666,-134.25898708618874,323.1274018530622,151.72222222222217,214.06660811705828,-107.03330405852914,-202.1740187772244,-107.03330405852914,-965.044181524394,482.522090762197,911.4306158841621,482.522090762197
158.0,-79.0,-149.2222222222223,-79.0,0.0,4.561505032273042,1.0,2.0,0.004774149099548097,0.6468706750252147,-137.73452206922127,320.3281145450984,150.77777777777771,209.461409593315,-104.7307047966575,-197.82466461591125,-104.7307047966575,-964.6113742403185,482.30568712015923,911.0218534492045,482.30568712015923
159.0,-79.5,-150.16666666666677,-79.5,0.0,4.547181350287922,1.0,2.0,0.00488394270023107,0.6517546177254457,-141.15720392640355,317.4873168000487,149.83333333333326,204.75260693633606,-102.37630346816803,-193.3774621065422,-102.37630346816803,-964.1396195651851,482.06980978259253,910.5763073671283,482.06980978259253
160.0,-80.0,-151.11111111111123,-80.0,0.0,4.532788541446158,1.0,2.0,0.0050016787586047995,0.6567562964840505,-144.5264797404491,314.6059669181858,148.8888888888888,199.93287219408438,-99.96643609704219,-188.82549040552666,-99.96643609704219,-963.623410231994,481.811705115997,910.0887763302272,481.811705115997
161.0,-80.5,-152.05555555555569,-80.5,0.0,4.518327046474055,1.0,2.0,0.005128363713335693,0.6618846601973862,-147.84181365469396,311.6850312757392,147.94444444444434,194.993969986883,-97.4969849934415,-184.16097165428087,-97.4969849934415,-963.0561487591762,481.5280743795881,909.5530293836753,481.5280743795881
162.0,-81.0,-153.00000000000014,-81.0,0.0,4.503797310346785,1.0,2.0,0.005265192148094511,0.6671498523454807,-151.10268699897304,308.72548402377396,146.9999999999999,189.92659182664457,-94.96329591332228,-179.37511450294448,-94.96329591332228,-962.4298634708581,481.21493173542905,908.9615377224939,481.21493173542905
163.0,-81.5,-153.9444444444446,-81.5,0.0,4.489199782341067,1.0,2.0,0.0054135945834170585,0.6725634469288978,-154.30859841020444,305.7283067850266,146.05555555555543,184.7201493556986,-92.3600746778493,-174.4579188359399,-92.3600746778493,-961.7348308449926,480.8674154224963,908.3051180202822,480.8674154224963
164.0,-82.0,-154.88888888888906,-82.0,0.0,4.4745349160881105,1.0,2.0,0.005575301000894206,0.678138747929792,-157.45906394764737,302.69448834879245,145.11111111111097,179.36251331356155,-89.68125665678077,-169.39792924058816,-89.68125665678077,-960.959065937023,480.4795329685115,907.5724511627589,480.4795329685115
165.0,-82.5,-155.8333333333335,-82.5,0.0,4.459803169628191,1.0,2.0,0.005752426613056416,0.6838911745428484,-160.55361720280078,299.6250243639568,144.16666666666652,173.83967971538772,-86.91983985769386,-164.18191973120173,-86.91983985769386,-960.0876238279214,480.0438119139607,906.7494225041527,480.0438119139607
166.0,-83.0,-156.77777777777797,-83.0,0.0,4.445005005466603,1.0,2.0,0.005947589717360535,0.689838764260209,-163.5918094039125,296.52091703026406,143.22222222222206,168.13533675348864,-84.06766837674432,-158.7944847116303,-84.06766837674432,-959.1016248562935,479.55081242814674,905.8182012531796,479.55081242814674
167.0,-83.5,-157.72222222222243,-83.5,0.0,4.430140890631609,1.0,2.0,0.006164076863318546,0.6960028411235275,-166.57320951507046,293.3831747879198,142.2777777777776,162.23029371207926,-81.11514685603963,-153.2174996169658,-81.11514685603963,-957.9768669903144,478.9884334951572,904.7559299353113,478.9884334951572
168.0,-84.0,-158.66666666666688,-84.0,0.0,4.415211296733565,1.0,2.0,0.006406079566520173,0.7024089206900477,-169.49740432984783,290.21281200562015,141.33333333333314,156.10171394471251,-78.05085697235626,-147.42939650334156,-78.05085697235626,-956.6818057328363,478.34090286641816,903.5328165254696,478.34090286641816
169.0,-84.5,-159.61111111111134,-84.5,0.0,4.400216700026019,1.0,2.0,0.0066790423645740615,0.7090879630546217,-172.36399855947684,287.0108486671037,140.3888888888887,149.72206274720529,-74.86103137360264,-141.40417037236244,-74.86103137360264,-955.1745368984607,477.58726844923035,902.1092848485569,477.58726844923035
170.0,-85.0,-160.5555555555558,-85.0,0.0,4.385157581468069,1.0,2.0,0.006990189969786176,0.7160781530244079,-175.17261491552713,283.7783100563224,139.44444444444423,143.05762852258923,-71.52881426129461,-135.1099824935583,-71.52881426129461,-953.3981556183542,476.6990778091771,900.4315914173462,476.6990778091771
171.0,-85.5,-161.50000000000026,-85.5,0.0,4.3700344267882105,1.0,2.0,0.007349353830258365,0.7234275068546663,-177.92289418706633,280.5162264413282,138.49999999999977,136.0663839428786,-68.0331919714393,-128.50714039049817,-68.0331919714393,-951.2733692214765,475.63668461073826,898.424848709185,475.63668461073826
172.0,-86.0,-162.4444444444447,-86.0,0.0,4.3548477265516174,1.0,2.0,0.007770322585417322,0.7311978294400836,-180.61449531228277,277.22563275696916,137.55555555555532,128.69478570641516,-64.34739285320758,-121.54507538939372,-64.34739285320758,-948.6862553554486,474.3431276777243,895.98146339127,474.3431276777243
173.0,-86.5,-163.38888888888917,-86.5,0.0,4.339597976226754,1.0,2.0,0.00827316088723129,0.7394709903273149,-183.24709544455024,273.90756828649626,136.61111111111086,120.87278533932412,-60.43639266966206,-114.15763059825208,-60.43639266966206,-945.4669712955092,472.7334856477546,892.9410284457706,472.7334856477546
174.0,-87.0,-164.33333333333363,-87.0,0.0,4.32428567625588,1.0,2.0,0.008888442852114764,0.7483594331794297,-185.82039001291872,270.5630763421742,135.6666666666664,112.50564543620564,-56.25282271810282,-106.2553318008623,-56.25282271810282,-941.3504752553762,470.6752376276881,889.0532266300899,470.6752376276881
175.0,-87.5,-165.27777777777808,-87.5,0.0,4.3089113321267405,1.0,2.0,0.009665606877240274,0.7580250400566699,-188.33409277701512,267.1932039449962,134.72222222222194,103.45961849066225,-51.729809245331126,-97.71186190784898,-51.729809245331126,-935.8984966421697,467.94924832108484,883.904135717616,467.94924832108484
176.0,-88.0,-166.22222222222254,-88.0,0.0,4.293475454446081,1.0,2.0,0.010691225722870845,0.7687162657795408,-190.78793587633962,263.799001503599,133.7777777777775,93.53464475647387,-46.76732237823693,-88.3382756033376,-46.76732237823693,-928.3288924446445,464.1644462223222,876.7550650866203,464.1644462223222
177.0,-88.5,-167.166666666667,-88.5,0.0,4.277978559015148,1.0,2.0,0.012135086380127724,0.7808513521596685,-193.18166987394656,260.3815224924781,132.83333333333303,82.40567629065981,-41.202838145329906,-77.82758316340197,-41.202838145329906,-917.0901728428339,458.54508642141695,866.1407187960216,458.54508642141695
178.0,-89.0,-168.11111111111146,-89.0,0.0,4.2624211669082985,1.0,2.0,0.014394454375018073,0.7952458065346866,-195.51506379449836,256.941823129598,131.88888888888857,69.4711986954868,-34.7355993477434,-65.61168765684954,-34.7355993477434,-898.5736630365864,449.2868315182932,848.6529039790082,449.2868315182932
179.0,-89.5,-169.0555555555559,-89.5,0.0,4.246803804552472,1.0,2.0,0.018759218169728697,0.8140050247044153,-197.78790515668484,253.4809620534995,130.94444444444412,53.30712564629565,-26.653562823147826,-50.34561866594657,-26.653562823147826,-861.660272989134,430.830136494567,813.7902578230826,430.830136494567
180.0,-90.0,-170.00000000000037,-90.0,0.0,4.231127003809608,1.0,2.0,0.04528875892487416,0.8592937836292894,-200.00000000000003,250.00000000000003,129.99999999999966,22.080534413822615,-11.040267206911308,-20.853838057499416,-11.040267206911308,-689.4998223349925,344.74991116749624,651.1942766497237,344.74991116749624
179.0,-89.5,-169.0555555555559,-89.5,0.0,4.231127003809608,1.0,3.0,0.0,0.8592937836292894,-197.78790515668484,253.4809620534995,130.94444444444412,0.0,0.0,0.0,0.0,0.0,0.0,0.0,0.0
178.0,-89.0,-168.11111111111146,-89.0,0.0,4.246803804552472,1.0,3.0,0.0640479770946029,0.9233417607238923,-195.51506379449836,256.941823129598,131.88888888888857,-15.613295616236835,7.806647808118417,14.745890304223874,7.806647808118417,-243.77500000000035,121.88750000000017,230.23194444444786,121.88750000000017
177.0,-88.5,-167.166666666667,-88.5,0.0,4.2624211669082985,1.0,3.0,0.014394454375017976,0.9377362150989103,-193.18166987394656,260.3815224924781,132.83333333333303,-69.47119869548735,34.73559934774367,65.61168765685004,34.73559934774367,-3741.5730861409124,1870.7865430704562,3533.7079146886863,1870.7865430704562
176.0,-88.0,-166.22222222222254,-88.0,0.0,4.277978559015148,1.0,3.0,0.01213508638012789,0.9498713014790381,-190.78793587633962,263.799001503599,133.7777777777775,-82.40567629065906,41.20283814532953,77.82758316340126,41.20283814532953,-1065.8743736965025,532.9371868482513,1006.6591307133764,532.9371868482513
175.0,-87.5,-165.27777777777808,-87.5,0.0,4.293475454446081,1.0,3.0,0.010691225722870651,0.9605625272019087,-188.33409277701512,267.1932039449962,134.72222222222194,-93.53464475647581,46.76732237823791,88.33827560333944,46.76732237823791,-1040.9441119561916,520.4720559780958,983.1138835141938,520.4720559780958
174.0,-87.0,-164.33333333333363,-87.0,0.0,4.3089113321267405,1.0,3.0,0.009665606877240496,0.9702281340791492,-185.82039001291872,270.5630763421742,135.6666666666664,-103.45961849065986,51.72980924532993,97.71186190784674,51.72980924532993,-1026.8339960685016,513.4169980342508,969.7876629535995,513.4169980342508
173.0,-86.5,-163.38888888888917,-86.5,0.0,4.32428567625588,1.0,3.0,0.008888442852114667,0.9791165769312639,-183.24709544455024,273.90756828649626,136.61111111111086,-112.50564543620705,56.25282271810352,106.25533180086363,56.25282271810352,-1017.7291001421064,508.8645500710532,961.188594578668,508.8645500710532
172.0,-86.0,-162.4444444444447,-86.0,0.0,4.339597976226754,1.0,3.0,0.00827316088723122,0.987389737818495,-180.61449531228277,277.22563275696916,137.55555555555532,-120.87278533932574,60.43639266966287,114.15763059825362,60.43639266966287,-1011.3595054137731,505.6797527068866,955.1728662241321,505.6797527068866
171.0,-85.5,-161.50000000000026,-85.5,0.0,4.3548477265516174,1.0,3.0,0.00777032258541735,0.9951600604039124,-177.92289418706633,280.5162264413282,138.49999999999977,-128.69478570641516,64.34739285320758,121.54507538939372,64.34739285320758,-1006.650661038073,503.3253305190365,950.7256243137477,503.3253305190365
170.0,-85.0,-160.5555555555558,-85.0,0.0,4.3700344267882105,1.0,3.0,0.0073493538302584205,1.0025094142341708,-175.17261491552713,283.7783100563224,139.44444444444423,-136.0663839428765,68.03319197143826,128.5071403904962,68.03319197143826,-1003.0267159149819,501.51335795749094,947.3030094752742,501.51335795749094
169.0,-84.5,-159.61111111111134,-84.5,0.0,4.385157581468069,1.0,3.0,0.006990189969786176,1.009499604203957,-172.36399855947684,287.0108486671037,140.3888888888887,-143.05762852258923,71.52881426129461,135.1099824935583,71.52881426129461,-1000.1508699951069,500.07543499755343,944.58693277317,500.07543499755343
168.0,-84.0,-158.66666666666688,-84.0,0.0,4.400216700026019,1.0,3.0,0.006679042364574006,1.016178646568531,-169.49740432984783,290.21281200562015,141.33333333333314,-149.7220627472078,74.8610313736039,141.4041703723648,74.8610313736039,-997.8128391529791,498.90641957648955,942.3787925333809,498.90641957648955
167.0,-83.5,-157.72222222222243,-83.5,0.0,4.415211296733565,1.0,3.0,0.006406079566520201,1.0225847261350511,-166.57320951507046,293.3831747879198,142.2777777777776,-156.10171394471251,78.05085697235626,147.42939650334156,78.05085697235626,-995.8744862999257,497.93724314996285,940.5481259499414,497.93724314996285
166.0,-83.0,-156.77777777777797,-83.0,0.0,4.430140890631609,1.0,3.0,0.006164076863318546,1.0287488029983698,-163.5918094039125,296.52091703026406,143.22222222222206,-162.23029371207633,81.11514685603817,153.21749961696304,81.11514685603817,-994.2412956973205,497.12064784866027,939.0056681585954,497.12064784866027
165.0,-82.5,-155.8333333333335,-82.5,0.0,4.445005005466603,1.0,3.0,0.0059475897173605075,1.0346963927157302,-160.55361720280078,299.6250243639568,144.16666666666652,-168.1353367534918,84.0676683767459,158.79448471163326,84.0676683767459,-992.8464003122531,496.42320015612654,937.6882669615818,496.42320015612654
164.0,-82.0,-154.88888888888906,-82.0,0.0,4.459803169628191,1.0,3.0,0.005752426613056527,1.0404488193287866,-157.45906394764737,302.69448834879245,145.11111111111097,-173.83967971538772,86.91983985769386,164.18191973120173,86.91983985769386,-991.6411534827126,495.8205767413563,936.5499782892467,495.8205767413563
163.0,-81.5,-153.9444444444446,-81.5,0.0,4.4745349160881105,1.0,3.0,0.005575301000894067,1.0460241203296807,-154.30859841020444,305.7283067850266,146.05555555555543,-179.3625133135651,89.68125665678255,169.39792924059154,89.68125665678255,-990.589314781696,495.294657390848,935.5565750716114,495.294657390848
162.0,-81.0,-153.00000000000014,-81.0,0.0,4.489199782341067,1.0,3.0,0.005413594583417114,1.0514377149130978,-151.10268699897304,308.72548402377396,146.9999999999999,-184.7201493556986,92.3600746778493,174.4579188359399,92.3600746778493,-989.6633298963727,494.83166494818636,934.6820337910291,494.83166494818636
161.0,-80.5,-152.05555555555569,-80.5,0.0,4.503797310346785,1.0,3.0,0.005265192148094483,1.0567029070611922,-147.84181365469396,311.6850312757392,147.94444444444434,-189.92659182664855,94.96329591332427,179.37511450294826,94.96329591332427,-988.8418740490391,494.42093702451956,933.9062143796639,494.42093702451956
160.0,-80.0,-151.11111111111123,-80.0,0.0,4.518327046474055,1.0,3.0,0.0051283637133356375,1.0618312707745279,-144.5264797404491,314.6059669181858,148.8888888888888,-194.993969986883,97.4969849934415,184.16097165428087,97.4969849934415,-988.1081848889437,494.05409244447185,933.2132857284597,494.05409244447185
159.0,-79.5,-150.16666666666677,-79.5,0.0,4.532788541446158,1.0,3.0,0.0050016787586049105,1.0668329495331328,-141.15720392640355,317.4873168000487,149.83333333333326,-199.93287219407995,99.96643609703997,188.82549040552246,99.96643609703997,-987.4489037705664,493.7244518852832,932.5906313388737,493.7244518852832
158.0,-79.0,-149.2222222222223,-79.0,0.0,4.547181350287922,1.0,3.0,0.00488394270023107,1.071716892233364,-137.73452206922127,320.3281145450984,150.77777777777771,-204.7526069363314,102.3763034681657,193.3774621065378,102.3763034681657,-986.8532532175927,493.42662660879637,932.0280724832963,493.42662660879637
157.0,-78.5,-148.27777777777786,-78.5,0.0,4.561505032273042,1.0,3.0,0.004774149099548014,1.076491041332912,-134.25898708618874,323.1274018530622,151.72222222222217,-209.461409593315,104.7307047966575,197.82466461591125,104.7307047966575,-986.3124420285334,493.1562210142667,931.5173063602914,493.1562210142667
156.0,-78.0,-147.3333333333334,-78.0,0.0,4.575759150874746,1.0,3.0,0.004671443196096997,1.081162484529009,-130.73116882408036,325.8842287986115,152.66666666666663,-214.06660811705828,107.03330405852914,202.1740187772244,107.03330405852914,-985.8192276834056,492.9096138417028,931.0514928121205,492.9096138417028
155.0,-77.5,-146.38888888888894,-77.5,0.0,4.589943273716499,1.0,3.0,0.004575093724652091,1.0857375782536611,-127.15165392280431,328.5976541281233,153.6111111111111,-218.57475719277343,109.28737859638672,206.431715126511,109.28737859638672,-985.3675896132655,492.68379480663276,930.6249457458742,492.68379480663276
154.0,-77.0,-145.44444444444449,-77.0,0.0,4.604056972523685,1.0,3.0,0.004484470879961955,1.0902220491336232,-123.52104567386723,331.26674555412427,154.55555555555554,-222.99174791574498,111.49587395787249,210.60331747598417,111.49587395787249,-984.9524818430555,492.47624092152773,930.2328995184519,492.47624092152773
153.0,-76.5,-144.50000000000003,-76.5,0.0,4.618099823078006,1.0,3.0,0.004399028904528757,1.094621078038152,-119.83996387369724,333.8905800473285,155.5,-227.3228982356759,113.66144911783795,214.69384833369676,113.66144911783795,-984.56964342107,492.284821710535,929.8713298976919,492.284821710535
152.0,-76.0,-143.55555555555557,-76.0,0.0,4.6320714051711445,1.0,3.0,0.004318292195086532,1.0989393702332386,-116.10904467186845,336.4682441261773,156.44444444444446,-231.57302813779194,115.78651406889597,218.70785990791754,115.78651406889597,-984.2154514119894,492.1077257059947,929.5368152224498,492.1077257059947
151.0,-75.5,-142.61111111111111,-75.5,0.0,4.6459713025618194,1.0,3.0,0.00424184411708306,1.1031812143503217,-112.32894041426884,338.9988341437944,157.3888888888889,-235.74652259679416,117.87326129839708,222.6494935636419,117.87326129839708,-983.886805786764,491.943402893382,929.2264276875071,491.943402893382
150.0,-75.0,-141.66666666666666,-75.0,0.0,4.659799102932362,1.0,3.0,0.004169317924638927,1.1073505322749606,-108.50031948125762,341.48145657226706,158.33333333333337,-239.84738465023688,119.92369232511844,226.522529947449,119.92369232511844,-983.5810383296341,491.79051916481706,928.9376473113416,491.79051916481706
149.0,-74.5,-140.7222222222222,-74.5,0.0,4.673554397847101,1.0,3.0,0.004100389333044546,1.111450921608005,-104.62386612085827,343.91522828416663,159.27777777777783,-243.87928042372468,121.93964021186234,230.33043151129863,121.93964021186234,-983.2958399816625,491.64791999083127,928.6682933160262,491.64791999083127
148.0,-74.0,-139.77777777777774,-74.0,0.0,4.687236782711045,1.0,3.0,0.004034770399695908,1.115485692007701,-100.70028027703546,346.2992768312207,160.22222222222229,-247.84557755141847,123.92278877570924,234.07637879856503,123.92278877570924,-983.0292023538002,491.5146011769001,928.4164688897112,491.5146011769001
147.0,-73.5,-138.8333333333333,-73.5,0.0,4.7008458567316795,1.0,3.0,0.0039722044494875375,1.1194578964571886,-96.73027741310426,348.6327407200537,161.16666666666674,-251.74937813912982,125.87468906956491,237.763301575848,125.87468906956491,-982.7793703355005,491.38968516775026,928.180516427982,491.38968516775026
146.0,-73.0,-137.88888888888883,-73.0,0.0,4.71438122287924,1.0,3.0,0.00391246184028915,1.1233703582974779,-92.71458833032419,350.91476968490826,162.1111111111112,-255.59354718870992,127.79677359435496,241.39390567822926,127.79677359435496,-982.5448033752301,491.27240168761506,927.9589809655072,491.27240168761506
145.0,-72.5,-136.94444444444437,-72.5,0.0,4.7278424878492755,1.0,3.0,0.003855336408933374,1.1272256947064112,-88.65395898173007,353.14452495726596,163.05555555555566,-259.3807372251276,129.6903686125638,244.9706962681793,129.6903686125638,-982.3241436576691,491.16207182883454,927.7505801211393,491.16207182883454
144.0,-72.0,-135.99999999999991,-72.0,0.0,4.741229262026907,1.0,3.0,0.003800642472124638,1.1310263371785358,-84.54915028125262,355.32117953228305,164.0000000000001,-263.1134097285871,131.55670486429355,248.49599807700224,131.55670486429355,-982.1161897853771,491.05809489268853,927.5541792417608,491.05809489268853
143.0,-71.5,-135.05555555555546,-71.5,0.0,4.754541159450349,1.0,3.0,0.003748212282688679,1.1347745494612245,-80.40093790818563,357.44391843195945,164.94444444444457,-266.79385386429925,133.39692693214963,251.97197309406374,133.39692693214963,-981.9198748989046,490.9599374494523,927.368770737861,490.9599374494523
142.0,-71.0,-134.111111111111,-71.0,0.0,4.767777797777236,1.0,3.0,0.0036978938616468726,1.1384724433228715,-76.21011210705527,359.5119389649609,165.88888888888903,-270.42420291495756,135.21210145747878,255.40063608635225,135.21210145747878,-981.7342483273466,490.8671241636733,927.1934567536332,490.8671241636733
141.0,-70.5,-133.16666666666654,-70.5,0.0,4.7809387982492595,1.0,3.0,0.0036495491422062765,1.1421219924650776,-71.97747748295144,361.5244509830121,166.83333333333348,-274.0064487515015,137.00322437575076,258.78386826531045,137.00322437575076,-981.5584602262627,490.77923011313135,927.0274346581396,490.77923011313135
140.0,-70.0,-132.2222222222221,-70.0,0.0,4.79402378566113,1.0,3.0,0.003603052373975013,1.1457250448390526,-67.70385279237846,363.480677133785,167.77777777777794,-277.54245462071384,138.77122731035692,262.12342936401103,138.77122731035692,-981.3917484944375,490.69587424721874,926.8699846892085,490.69587424721874
139.0,-69.5,-131.27777777777763,-69.5,0.0,4.807032388327606,1.0,3.0,0.003558288745353244,1.149283333584406,-63.39007072968761,365.3798531102009,168.7222222222224,-281.0339664834297,140.51698324171485,265.4209683454649,140.51698324171485,-981.2334278029884,490.6167139014942,926.7204595917175,490.6167139014942
138.0,-69.0,-130.33333333333317,-69.0,0.0,4.819964238052455,1.0,3.0,0.0035151531896992494,1.1527984867741052,-59.0369777091538,367.22122789607215,169.66666666666686,-284.48262309886485,142.24131154943242,268.6780329267093,142.24131154943242,-981.0828801262421,490.54144006312106,926.5782756748067,490.54144006312106
137.0,-68.5,-129.38888888888872,-68.5,0.0,4.8328189700977395,1.0,3.0,0.003473549346981686,1.156272036121087,-54.645433642759855,369.0040640080058,170.6111111111113,-287.8899650206284,143.9449825103142,271.89607807504154,143.9449825103142,-980.9395466698238,490.4697733349119,926.4429051881706,490.4697733349119
136.0,-68.0,-128.44444444444426,-68.0,0.0,4.845596223155464,1.0,3.0,0.0034333886575381722,1.1597054247786251,-50.21631171375233,370.7276377334963,171.55555555555577,-291.2574426447327,145.62872132236635,275.0764736089179,145.62872132236635,-980.802920959982,490.401460479991,926.3138697955634,490.401460479991
135.0,-67.5,-127.49999999999982,-67.5,0.0,4.8582956393173236,1.0,3.0,0.0033945895685227323,1.163100014347148,-45.75049814603709,372.3912393651312,172.50000000000017,-294.58642342884673,147.29321171442336,278.22051101613255,147.29321171442336,-980.6725428555119,490.33627142775595,926.190734917861,490.33627142775595
134.0,-67.0,-126.55555555555537,-67.0,0.0,4.870916864047351,1.0,3.0,0.003357076836849382,1.1664570911839973,-41.24889196948098,373.9941734308403,173.44444444444463,-297.87819838478896,148.93909919239448,281.3294095856335,148.93909919239448,-980.5479933642397,490.27399668211984,926.0731048439994,490.27399668211984
133.0,-66.5,-125.61111111111093,-66.5,0.0,4.883459546154703,1.0,3.0,0.0033207809150613277,1.1697778720990586,-36.712404781188155,375.5357589201151,174.38888888888908,-301.1339879317359,150.56699396586794,284.4043219355279,150.56699396586794,-980.428890138584,490.214445069292,925.9606184642344,490.214445069292
132.0,-66.0,-124.66666666666649,-66.0,0.0,4.895923337767121,1.0,3.0,0.00328563740871457,1.1730635095077733,-32.14196050282166,377.0153295061291,175.33333333333348,-304.35494718548176,152.17747359274088,287.4463390085101,152.17747359274088,-980.3148835604188,490.1574417802094,925.8529455848371,490.1574417802094
131.0,-65.5,-123.72222222222204,-65.5,0.0,4.9083078943045075,1.0,3.0,0.0032515865956371792,1.1763150961034103,-27.538495134041835,378.4322337636902,176.27777777777794,-307.5421707488232,153.7710853744116,290.4564945961103,153.7710853744116,-980.2056533318239,490.10282666591195,925.7497837022635,490.10282666591195
130.0,-65.0,-122.7777777777776,-65.0,0.0,4.920612874454271,1.0,3.0,0.0032185729988938316,1.1795336691023042,-22.90295650213309,379.7858353829581,177.2222222222224,-310.69669705912617,155.34834852956308,293.4357694447298,155.34834852956308,-980.1009053972448,490.0504526986224,925.6508550973969,490.0504526986224
129.0,-64.5,-121.83333333333316,-64.5,0.0,4.932837940146054,1.0,3.0,0.0031865450065071133,1.1827202141088113,-18.236304007893718,381.07551337885934,178.16666666666686,-313.8195123426543,156.90975617132716,296.38509499028413,156.90975617132716,-980.0003694129935,490.0001847064967,925.5559044456019,490.0001847064967
128.0,-64.0,-120.88888888888872,-64.0,0.0,4.944982756528508,1.0,3.0,0.0031554545320022775,1.1858756686408136,-13.539508367862336,382.3006622961361,179.1111111111113,-316.9115542176598,158.4557771088299,299.3053567611226,158.4557771088299,-979.9037963140684,489.9518981570342,925.4646965188333,489.9518981570342
127.0,-63.5,-119.94444444444427,-63.5,0.0,4.9570469919458295,1.0,3.0,0.003125256710695412,1.189000925351509,-8.813551352957543,383.46069240996485,180.0555555555557,-319.9737149840361,159.98685749201806,302.1973974849225,159.98685749201806,-979.8109562957997,489.9054781478998,925.3770142793684,489.9054781478998
126.0,-63.0,-118.99999999999983,-63.0,0.0,4.969030317914796,1.0,3.0,0.003095909627360449,1.1920968349788694,-4.059425523607952,384.5550299220814,181.00000000000017,-323.0068446321577,161.50342231607885,305.0620199303707,161.50342231607885,-979.7216370000008,489.8608185000004,925.2926571666848,489.8608185000004
125.0,-62.5,-118.05555555555539,-62.5,0.0,4.980932409102488,1.0,3.0,0.003067374071513862,1.1951642090503833,0.721866038549327,385.5831171523538,181.94444444444463,-326.0117535995357,163.00587679976786,307.8999895106721,163.00587679976786,-979.6356418618766,489.8178209309383,925.2114395362086,489.8178209309383
124.0,-62.0,-117.11111111111094,-62.0,0.0,4.9927529433049935,1.0,3.0,0.003039613317067369,1.1982038223674507,5.529310002323291,386.5444127257401,182.88888888888903,-328.98921530084755,164.49460765042377,310.71203667302217,164.49460765042377,-979.5527887029036,489.7763943514518,925.1331893305149,489.7763943514518
123.0,-61.5,-116.1666666666665,-61.5,0.0,5.004491601427161,1.0,3.0,0.003012592923531121,1.2012164152909819,10.361883061896654,387.4383917545762,183.83333333333348,-331.93996845344157,165.96998422672078,313.4988590949165,165.96998422672078,-979.4729083859515,489.73645419297577,925.057746808947,489.73645419297577
122.0,-61.0,-115.22222222222206,-61.0,0.0,5.016148067460413,1.0,3.0,0.0029862805563202754,1.2042026958473022,15.21855221494325,388.2645460161342,184.77777777777794,-334.86471921854235,167.43235960927117,316.26112370640055,167.43235960927117,-979.3958437396902,489.6979218698451,924.9849635319244,489.6979218698451
121.0,-60.5,-114.27777777777762,-60.5,0.0,5.027722028464275,1.0,3.0,0.002960645824032937,1.2071633416713352,20.0982750438559,389.0223841253974,185.7222222222224,-337.7641431752886,168.8820715876443,318.9994685544387,168.8820715876443,-979.3214484523061,489.66072422615304,924.9147013160679,489.66072422615304
120.0,-60.0,-113.33333333333317,-60.0,0.0,5.039213174546627,1.0,3.0,0.0029356601308366814,1.2100990018021718,24.999999999999993,389.71143170299746,186.66666666666686,-340.6388871435985,170.31944357179924,321.7145045245091,170.31944357179924,-979.2495861878468,489.6247930939234,924.8468313996224,489.6247930939234
119.0,-59.5,-112.38888888888873,-59.5,0.0,5.0506211988442935,1.0,3.0,0.002911296542332742,1.2130102983445046,29.922666690908606,390.3312315382607,187.61111111111126,-343.4895708695853,171.74478543479265,324.40681693238554,171.74478543479265,-979.1801297241205,489.5900648620603,924.7812336283392,489.5900648620603
118.0,-59.0,-111.44444444444429,-59.0,0.0,5.061945797505533,1.0,3.0,0.0028875296634688352,1.2158978280079733,34.86520617033545,390.8813437473135,188.5555555555557,-346.3167885862418,173.1583942931209,327.0769669981167,173.1583942931209,-979.1129602666034,489.5564801333017,924.7177958073542,489.5564801333017
117.0,-58.5,-110.49999999999984,-58.5,0.0,5.0731866696708545,1.0,3.0,0.002864335527240136,1.2187621635352135,39.82654123107782,391.36134592619663,189.50000000000017,-349.12111045995624,174.56055522997812,329.72549321218037,174.56055522997812,-979.0479666383364,489.5239833191682,924.6564129362155,489.5239833191682
116.0,-58.0,-109.5555555555554,-58.0,0.0,5.084343517457221,1.0,3.0,0.002841691493071341,1.2216038550282848,44.8055867004857,391.77083329894,190.44444444444457,-351.9030839337122,175.9515419668561,332.3529126040609,175.9515419668561,-978.9850448365024,489.4925224182512,924.5969867900045,489.4925224182512
115.0,-57.5,-108.61111111111096,-57.5,0.0,5.095416045939344,1.0,3.0,0.0028195761538984954,1.2244234311821833,49.801249738566064,392.1094188605515,191.38888888888903,-354.6632349749969,177.33161748749845,334.9597219208298,177.33161748749845,-978.9240973216381,489.46204866081905,924.5394252482104,489.46204866081905
114.0,-57.0,-107.66666666666652,-57.0,0.0,5.106403963133926,1.0,3.0,0.002797969251085497,1.2272214004332689,54.81243013859669,392.37673351487626,192.33333333333348,-357.4020692371874,178.7010346185937,337.54639872400975,178.7010346185937,-978.865032604588,489.432516302294,924.4836419043489,489.432516302294
113.0,-56.5,-106.72222222222207,-56.5,0.0,5.117306979983859,1.0,3.0,0.0027768515964046725,1.2299982520296735,59.83802063015977,392.57242620728016,193.27777777777794,-360.1200731413841,180.06003657069206,340.1134024113067,180.06003657069206,-978.8077647778958,489.4038823889479,924.4295556235842,489.4038823889479
112.0,-56.0,-105.77777777777763,-56.0,0.0,5.128124810341562,1.0,3.0,0.00275620500039947,1.232754457030073,64.87690718450425,392.696164052118,194.2222222222224,-362.8177148851574,181.4088574425787,342.66117516931473,181.4088574425787,-978.7522130546256,489.3761065273128,924.3770901071258,489.3761065273128
111.0,-55.5,-104.83333333333319,-55.5,0.0,5.138857170954519,1.0,3.0,0.002736012206522309,1.2354904692365953,69.9279693221481,392.7476324549443,195.1666666666668,-365.49544538439034,182.74772269219517,345.19014286303474,182.74772269219517,-978.6983014365131,489.34915071825657,924.326173578928,489.34915071825657
110.0,-55.0,-103.88888888888874,-55.0,0.0,5.149503781449797,1.0,3.0,0.0027162568305020285,1.2382067260670975,74.99008042262776,392.72653522942966,196.11111111111126,-368.15369915338067,184.07684957669034,347.70071586708116,184.07684957669034,-978.645958342208,489.322979171104,924.2767384343052,489.322979171104
109.0,-54.5,-102.9444444444443,-54.5,0.0,5.160064364319674,1.0,3.0,0.0026969233044615293,1.240903649371559,80.06210803630363,392.63259470894326,197.0555555555557,-370.79289512819145,185.39644756409572,350.1932898432914,185.39644756409572,-978.5951163107568,489.2975581553784,924.2287209601768,489.2975581553784
108.0,-54.0,-101.99999999999986,-54.0,0.0,5.170538644907503,1.0,3.0,0.002677996825348361,1.2435816461969074,85.1429141981288,392.46555185276765,198.0000000000001,-373.4134374374914,186.7067187187457,352.66824646874124,186.7067187187457,-978.5457116660706,489.2728558330353,924.1820610179273,489.2728558330353
107.0,-53.5,-101.05555555555542,-53.5,0.0,5.180926351394078,1.0,3.0,0.0026594633072920537,1.2462411095041994,90.23135574328798,392.2251663469115,198.94444444444457,-376.015716125157,188.0078580625785,355.1259541182032,188.0078580625785,-978.4976842998153,489.24884214990766,924.1367018387122,489.24884214990766
106.0,-53.0,-100.11111111111097,-53.0,0.0,5.191227214783823,1.0,3.0,0.002641309337539699,1.2488824188417391,95.32628462461226,391.91121669948706,199.88888888888903,-378.60010782813885,189.30005391406942,357.56676850435275,189.30005391406942,-978.45097741908,489.22548870954,924.0925897846939,489.22548870954
105.0,-52.5,-99.16666666666653,-52.5,0.0,5.201440968891766,1.0,3.0,0.0026235221356551985,1.2515059409773943,100.42654823167594,391.52350033062254,200.83333333333348,-381.16697641289767,190.58348820644883,359.9910332788472,190.58348820644883,-978.405537301774,489.202768650887,924.0496741183541,489.202768650887
104.0,-52.0,-98.22222222222209,-52.0,0.0,5.211567350331497,1.0,3.0,0.0026060895157020147,1.2541120304930964,105.53098971148101,391.06183365687986,201.77777777777794,-383.7166735735107,191.85833678675536,362.399080597204,191.85833678675536,-978.361313090265,489.1806565451325,924.0079068074651,489.1806565451325
103.0,-51.5,-97.27777777777764,-51.5,0.0,5.221606098501267,1.0,3.0,0.0025889998511534618,1.2567010303442498,110.63844829063189,390.52605217015054,202.72222222222234,-386.24953939432476,193.12476969716238,364.791231650195,193.12476969716238,-978.3182566370506,489.1591283185253,923.967242379438,489.1591283185253
102.0,-51.0,-96.3333333333332,-51.0,0.0,5.23155695557352,1.0,3.0,0.00257224204230172,1.2592732723865516,115.74775959890752,389.9160105110039,203.6666666666668,-388.76590287947715,194.38295143973858,367.16779716395,194.38295143973858,-978.2763222782193,489.1381611391096,923.9276377071899,489.1381611391096
101.0,-50.5,-95.38888888888876,-50.5,0.0,5.241419666481914,1.0,3.0,0.0025558054859584622,1.26182907787251,120.85775599413199,389.2315825364629,204.61111111111126,-391.26608245188356,195.63304122594178,369.52907787122274,195.63304122594178,-978.2354667216812,489.1177333608406,923.8890519038125,489.1177333608406
100.0,-50.0,-94.44444444444431,-50.0,0.0,5.251193978910695,1.0,3.0,0.002539680047257631,1.2643687579197678,125.9672668882487,388.4726613821862,205.55555555555566,-393.75038642359186,196.87519321179593,371.8753649556139,196.87519321179593,-978.1956488538071,489.09782442690357,923.8514461397093,489.09782442690357
99.0,-49.5,-93.49999999999987,-49.5,0.0,5.26087964328271,1.0,3.0,0.0025238560333917803,1.2668926139531596,131.07511907449964,387.63915951903533,206.5000000000001,-396.2191134397281,198.10955671986406,374.2069404708537,198.10955671986406,-978.1568296582128,489.0784148291064,923.814783566076,489.0784148291064
98.0,-49.0,-92.55555555555543,-49.0,0.0,5.2704764127492725,1.0,3.0,0.0025083241691263303,1.269400938122286,136.18013705561373,386.7310088040071,207.44444444444457,-398.67255289745344,199.33627644872672,376.5240777364832,199.33627644872672,-978.1189719906987,489.05948599534935,923.7790291023479,489.05948599534935
97.0,-48.5,-91.61111111111099,-48.5,0.0,5.279984043178615,1.0,3.0,0.002493075573950898,1.271894013696237,141.28114337290484,385.74816052551495,208.38888888888903,-401.11098534218485,200.55549267109242,378.82704171206285,200.55549267109242,-978.0820405965662,489.0410202982831,923.7441494523063,489.0410202982831
96.0,-48.0,-90.66666666666654,-48.0,0.0,5.2894022931469244,1.0,3.0,0.0024781017407408124,1.2743721154369778,146.37695893618383,384.6905854430033,209.33333333333348,-403.534682841961,201.7673414209805,381.1160893507403,201.7673414209805,-978.046001877024,489.023000938512,923.7101128838483,489.023000938512
95.0,-47.5,-89.7222222222221,-47.5,0.0,5.298730923926896,1.0,3.0,0.002463394515811901,1.2768355099527897,151.46640335438335,383.5582738208802,210.27777777777789,-405.94390934186754,202.97195467093377,383.3914699339854,202.97195467093377,-978.0108238620845,489.00541193104226,923.676889203081,489.00541193104226
94.0,-47.0,-88.77777777777766,-47.0,0.0,5.307969699478955,1.0,3.0,0.0024489460802618046,1.2792844560330514,156.5482952667995,382.3512354567575,211.22222222222234,-408.33892099949395,204.16946049974698,385.65342538841026,204.16946049974698,-977.9764760563785,488.98823802818924,923.6444496087748,488.98823802818924
93.0,-46.5,-87.83333333333321,-46.5,0.0,5.317118386440868,1.0,3.0,0.0024347489325012295,1.2817192049655526,161.6214526748497,381.0694997039867,212.1666666666668,-410.71996650296006,205.35998325148003,387.9021905861283,205.35998325148003,-977.9429294256252,488.9714647128126,923.612766679783,488.9714647128126
92.0,-46.0,-86.88888888888877,-46.0,0.0,5.326176754119209,1.0,3.0,0.0024207958718872047,1.2841400008374397,166.6846932742492,379.71311548848195,213.1111111111112,-413.0872873723313,206.54364368616564,390.1379936294233,206.54364368616564,-977.9101562684632,488.9550781342316,923.5818142535317,488.9550781342316
91.0,-45.5,-85.94444444444433,-45.5,0.0,5.335144574479543,1.0,3.0,0.0024070799833754153,1.286547080820815,171.736834787506,378.2821513198237,214.05555555555566,-415.4411182455848,207.7205591227924,392.3610561208294,207.7205591227924,-977.8781301454213,488.93906507271066,923.5515673595645,488.93906507271066
90.0,-45.0,-84.99999999999989,-45.0,0.0,5.344021622138884,1.0,3.0,0.002393594623119666,1.2889406754439348,176.77669529663686,376.77669529663694,215.0000000000001,-417.7816871499475,208.89084357497376,394.5715934193942,208.89084357497376,-977.846825755364,488.923412877682,923.5220021022961,488.923412877682
89.0,-44.5,-84.05555555555544,-44.5,0.0,5.352807674355321,1.0,3.0,0.002393594623119666,1.2913342700670545,181.80309357600203,375.19685510624106,215.94444444444457,-417.7816871499475,208.89084357497376,394.5715934193942,208.89084357497376,0.0,0.0,0.0,0.0
88.0,-44.0,-83.111111111111,-44.0,0.0,5.361502511021314,1.0,3.0,0.0024070799833754153,1.2937413500504298,186.814849425163,373.5427580185686,216.88888888888903,-415.4411182455848,207.7205591227924,392.3610561208294,207.7205591227924,972.3685629592942,-486.1842814796471,-918.3480872393412,-486.1842814796471
87.0,-43.5,-82.16666666666656,-43.5,0.0,5.3701059146541485,1.0,3.0,0.0024207958718872047,1.296162145922317,191.81078400166066,371.8145508743533,217.83333333333343,-413.0872873723313,206.54364368616564,390.1379936294233,206.54364368616564,972.3376103655398,-486.1688051827699,-918.318854234121,-486.1688051827699
86.0,-43.0,-81.22222222222211,-43.0,0.0,5.378617670389476,1.0,3.0,0.0024347489325012295,1.298596894854818,196.78972015361768,370.0124000675895,218.77777777777789,-410.71996650296006,205.35998325148003,387.9021905861283,205.35998325148003,972.3059481699028,-486.1529740849514,-918.2889510493358,-486.1529740849514
85.0,-42.5,-80.27777777777767,-42.5,0.0,5.38703756597224,1.0,3.0,0.0024489460802618046,1.30104584093508,201.7504827520626,368.1364915222643,219.72222222222234,-408.3389209994569,204.16946049972844,385.6534253883753,204.16946049972844,972.2735517510945,-486.13677587554724,-918.258354431597,-486.13677587554724
84.0,-42.0,-79.33333333333323,-42.0,0.0,5.3953653917502775,1.0,3.0,0.0024633945158119563,1.303509235450892,206.6918990228792,366.1870306633693,220.66666666666674,-405.94390934186754,202.97195467093377,383.3914699339854,202.97195467093377,972.2403952011672,-486.1201976005836,-918.2270399122044,-486.1201976005836
83.0,-41.5,-78.38888888888879,-41.5,0.0,5.403600940665979,1.0,3.0,0.0024781017407408124,1.3059873371916328,211.61279887828,364.1642423821988,221.6111111111112,-403.534682841961,201.7673414209805,381.1160893507403,201.7673414209805,972.2064515342325,-486.10322576711627,-918.1949820045543,-486.10322576711627
82.0,-41.0,-77.44444444444434,-41.0,0.0,5.411744008249968,1.0,3.0,0.0024930755739508426,1.3084804127655838,216.51201524770613,362.06837099594094,222.55555555555566,-401.11098534218485,200.55549267109242,378.82704171206285,200.55549267109242,972.1716923066027,-486.08584615330136,-918.1621538451172,-486.08584615330136
81.0,-40.5,-76.4999999999999,-40.5,0.0,5.419794392613712,1.0,3.0,0.0025083241691262748,1.3109887369347102,221.38838440805392,359.8996802015735,223.5000000000001,-398.67255289745344,199.33627644872672,376.5240777364832,199.33627644872672,972.1360878090475,-486.06804390452373,-918.1285273752053,-486.06804390452373
80.0,-40.0,-75.55555555555546,-40.0,0.0,5.4277518944432614,1.0,3.0,0.002523856033391836,1.313512592968102,226.24074631313056,357.65845302407644,224.44444444444454,-396.2191134397281,198.10955671986406,374.2069404708537,198.10955671986406,972.0996068179751,-486.04980340898754,-918.0940731058867,-486.04980340898754
79.0,-39.5,-74.61111111111101,-39.5,0.0,5.4356163169920135,1.0,3.0,0.002539680047257631,1.3160522730153597,231.06794492223895,355.3449917589739,225.38888888888897,-393.75038642359186,196.87519321179593,371.8753649556139,196.87519321179593,972.0622165780118,-486.0311082890059,-918.0587601014419,-486.0311082890059
78.0,-39.0,-73.66666666666657,-39.0,0.0,5.443387466074972,1.0,3.0,0.0025558054859584622,1.3186080785013181,235.8688285277946,352.9596179092205,226.33333333333343,-391.26608245188356,195.63304122594178,369.52907787122274,195.63304122594178,972.0238826299616,-486.0119413149808,-918.0225558171884,-486.0119413149808
77.0,-38.5,-72.72222222222213,-38.5,0.0,5.451065150061748,1.0,3.0,0.00257224204230172,1.32118032054362,240.64225008187643,350.50267211645206,227.27777777777789,-388.76590287947715,194.38295143973858,367.16779716395,194.38295143973858,971.9845688274029,-485.99228441370144,-917.9854261147718,-485.99228441370144
76.0,-38.0,-71.77777777777769,-38.0,0.0,5.458649179871807,1.0,3.0,0.0025889998511534618,1.3237693203947734,245.38706752161406,347.97451408661396,228.2222222222223,-386.24953939432476,193.12476969716238,364.791231650195,193.12476969716238,971.944237088811,-485.9721185444055,-917.9473350283045,-485.9721185444055
75.0,-37.5,-70.83333333333324,-37.5,0.0,5.466139368966674,1.0,3.0,0.0026060895157020147,1.3263754099104754,250.10214409331292,345.3755225099939,229.16666666666674,-383.7166735735107,191.85833678675536,362.399080597204,191.85833678675536,971.9028473708026,-485.9514236854013,-917.9082447390927,-485.9514236854013
74.0,-37.0,-69.8888888888888,-37.0,0.0,5.47353553334629,1.0,3.0,0.0026235221356551985,1.3289989320461306,254.78634867522302,342.70609497567597,230.1111111111112,-381.16697641289767,190.58348820644883,359.9910332788472,190.58348820644883,971.8603574794266,-485.9301787397133,-917.8681153972291,-485.9301787397133
73.0,-36.5,-68.94444444444436,-36.5,0.0,5.480837491541842,1.0,3.0,0.0026413093375396435,1.3316402413836703,259.4385560988516,339.9666478804424,231.05555555555566,-378.60010782813885,189.30005391406942,357.56676850435275,189.30005391406942,971.8167229703522,-485.9083614851761,-917.8269050275668,-485.9083614851761
72.0,-36.0,-67.99999999999991,-36.0,0.0,5.488045064610895,1.0,3.0,0.0026594633072921092,1.3342997046909624,264.0576474687263,337.1576163321491,232.00000000000009,-376.015716125157,188.0078580625785,355.1259541182032,188.0078580625785,971.7718969446386,-485.8859484723193,-917.7845693366102,-485.8859484723193
71.0,-35.5,-67.05555555555547,-35.5,0.0,5.4951580761325545,1.0,3.0,0.0026779968253483055,1.3369777015163107,268.64251048051113,334.27945404759834,232.9444444444445,-373.4134374374914,186.7067187187457,352.66824646874124,186.7067187187457,971.7258299315367,-485.86291496576837,-917.7410616020045,-485.86291496576837
70.0,-35.0,-66.11111111111103,-35.0,0.0,5.502176352201356,1.0,3.0,0.002696923304461585,1.3396746248207723,273.19203973738166,331.3326332449432,233.88888888888897,-370.79289512819145,185.39644756409572,350.1932898432914,185.39644756409572,971.6784696712397,-485.83923483561983,-917.6963324672538,-485.83923483561983
69.0,-34.5,-65.16666666666659,-34.5,0.0,5.509099721423255,1.0,3.0,0.0027162568305020285,1.3423908816512742,277.7051370645639,328.3176445306486,234.83333333333343,-368.1536991534108,184.0768495767054,347.7007158671096,184.0768495767054,971.6297609062874,-485.8148804531437,-917.6503297448561,-485.8148804531437
68.0,-34.0,-64.22222222222214,-34.0,0.0,5.515928014910056,1.0,3.0,0.0027360122065222536,1.3451268938577965,282.1807118219428,325.23499678104423,235.77777777777786,-365.49544538439034,182.74772269219517,345.19014286303474,182.74772269219517,971.579645252868,-485.789822626434,-917.6029982943614,-485.789822626434
67.0,-33.5,-63.27777777777769,-33.5,0.0,5.52266106627507,1.0,3.0,0.0027562050003995253,1.347883098858196,286.6176812146468,322.08521701850265,236.7222222222223,-362.8177148851574,181.4088574425787,342.6611751693173,181.4088574425787,971.5280608099907,-485.76403040499537,-917.5542796529509,-485.76403040499537
66.0,-33.0,-62.33333333333324,-33.0,0.0,5.529298711628214,1.0,3.0,0.0027768515964046725,1.3506599504546006,291.014970601516,318.868850282277,237.66666666666674,-360.1200731413841,180.06003657069206,340.11340241130927,180.06003657069206,971.4749420768777,-485.73747103843885,-917.5041119614751,-485.73747103843885
65.0,-32.5,-61.38888888888879,-32.5,0.0,5.535840789572056,1.0,3.0,0.002797969251085497,1.3534579197056862,295.3715138013613,315.586459494036,238.6111111111112,-357.4020692371874,178.7010346185937,337.5463987240123,178.7010346185937,971.420219554667,-485.7101097773335,-917.4524295794236,-485.7101097773335
64.0,-32.0,-60.44444444444434,-32.0,0.0,5.542287141196604,1.0,3.0,0.0028195761538984954,1.3562774958595847,299.6862533969219,312.2386253181347,239.55555555555566,-354.6632349749969,177.33161748749845,334.95972192083235,177.33161748749845,971.3638194888393,-485.68190974441967,-917.3991628505862,-485.68190974441967
63.0,-31.5,-59.49999999999989,-31.5,0.0,5.548637610076215,1.0,3.0,0.002841691493071341,1.359119187352656,303.9581410364323,308.8259460166608,240.5000000000001,-351.9030839337122,175.9515419668561,332.3529126040634,175.9515419668561,971.305663550933,-485.6528317754665,-917.34423779812,-485.6528317754665
62.0,-31.0,-58.55555555555544,-31.0,0.0,5.554892042264308,1.0,3.0,0.0028643355272400806,1.3619835228798962,308.1861377327062,305.34903729929897,241.44444444444457,-349.12111045995624,174.56055522997812,329.72549321218287,174.56055522997812,971.2456684278208,-485.6228342139104,-917.287575737361,-485.6228342139104
61.0,-30.5,-57.61111111111099,-30.5,0.0,5.561050286290201,1.0,3.0,0.0028875296634689462,1.3648710525433652,312.36921415964883,301.80853216805525,242.388888888889,-346.3167885862151,173.15839429310756,327.076966998094,173.15839429310756,971.183745476101,-485.5918727380505,-917.2290929496608,-485.5918727380505
60.0,-30.0,-56.66666666666654,-30.0,0.0,5.5671121931549346,1.0,3.0,0.0029112965423326864,1.3677823490856977,316.50635094610965,298.20508075688775,243.33333333333346,-343.4895708696115,171.74478543480575,324.4068169324127,171.74478543480575,971.1198002311428,-485.5599001155714,-917.168700218334,-485.5599001155714
59.0,-29.5,-55.72222222222209,-29.5,0.0,5.573077616327372,1.0,3.0,0.0029356601308366814,1.3707180092165343,320.5965389669857,294.5393501662893,244.2777777777779,-340.6388871435985,170.31944357179924,321.71450452451154,170.31944357179924,971.0537320274408,-485.5268660137204,-917.1063024703565,-485.5268660137204
58.0,-29.0,-54.777777777777644,-29.0,0.0,5.578946411740973,1.0,3.0,0.0029606458240329925,1.3736786550405673,324.63877963148985,290.8120242928695,245.22222222222234,-337.7641431752886,168.8820715876443,318.99946855444114,168.8820715876443,970.9854333045129,-485.49271665225643,-917.0417981209182,-485.49271665225643
57.0,-28.5,-53.833333333333194,-28.5,0.0,5.584718437789723,1.0,3.0,0.00298628055632022,1.3766649355968874,328.6320851684968,287.02380365398693,246.1666666666668,-334.86471921856725,167.43235960928362,316.2611237064265,167.43235960928362,970.9147891630868,-485.4573945815434,-916.9750786540401,-485.4573945815434
56.0,-28.0,-52.888888888888744,-28.0,0.0,5.5903935553243915,1.0,3.0,0.0030125929235310656,1.3796775285204186,332.5754789088811,283.1754052074811,247.11111111111126,-331.93996845344157,165.96998422672078,313.4988590949188,165.96998422672078,970.8416767099972,-485.4208383549986,-916.9060280039062,-485.4208383549986
55.0,-27.5,-51.944444444444294,-27.5,0.0,5.595971627650731,1.0,3.0,0.00303961331706748,1.3827171418374862,336.4679955647646,279.2675621665569,248.0555555555557,-328.9892153008235,164.49460765041175,310.7120366730018,164.49460765041175,970.7659642262475,-485.3829821131238,-916.8345217692172,-485.3829821131238
54.0,-27.0,-50.999999999999844,-27.0,0.0,5.601452520524326,1.0,3.0,0.0030673740715138065,1.385784515909,340.30868150558655,275.30102380987626,249.00000000000017,-326.0117535995357,163.00587679976786,307.89998951067446,163.00587679976786,970.6875105122862,-485.3437552561431,-916.760426594941,-485.3437552561431
53.0,-26.5,-50.055555555555394,-26.5,0.0,5.606836102148445,1.0,3.0,0.0030959096273605047,1.3888804255363607,344.096595030916,271.2765552869108,249.9444444444446,-323.0068446321346,161.5034223160673,305.0620199303511,161.5034223160673,970.6061639670511,-485.30308198352554,-916.6835993022363,-485.30308198352554
52.0,-26.0,-49.111111111110944,-26.0,0.0,5.612122243170502,1.0,3.0,0.003125256710695301,1.392005682247056,347.8308066399234,267.19493741861385,250.88888888888906,-319.97371498405886,159.98685749202943,302.19739748494624,159.98685749202943,970.5217615230774,-485.2608807615387,-916.6038858829085,-485.2608807615387
51.0,-25.5,-48.166666666666494,-25.5,0.0,5.617310816679994,1.0,3.0,0.0031554545320022775,1.3951611367790582,351.5103992974326,263.056966493468,251.8333333333335,-316.9115542176598,158.4557771088299,299.30535676112487,158.4557771088299,970.4341277438708,-485.2170638719354,-916.5211206469951,-485.2170638719354
50.0,-25.0,-47.222222222222044,-25.0,0.0,5.622401698204194,1.0,3.0,0.0031865450065071688,1.3983476817855653,355.13446869647044,258.8634540589705,252.77777777777794,-313.8195123426543,156.90975617132716,296.3850949902864,156.90975617132716,970.3430733572811,-485.17153667864056,-916.4351248374232,-485.17153667864056
49.0,-24.5,-46.277777777777594,-24.5,0.0,5.627394765706242,1.0,3.0,0.0032185729988938316,1.4015662547844592,358.7021235172373,254.61522670861422,253.7222222222224,-310.69669705912617,155.34834852956308,293.435769444732,155.34834852956308,970.2483941179563,-485.12419705897815,-916.3457055558623,-485.12419705897815
48.0,-24.0,-45.333333333333144,-24.0,0.0,5.632289899582695,1.0,3.0,0.0032515865956371792,1.4048178413800962,362.21248568242186,250.3131258644289,254.66666666666686,-307.5421707488232,153.7710853744116,290.4564945961125,153.7710853744116,970.1498691548512,-485.0749345774256,-916.2526542018029,-485.0749345774256
47.0,-23.5,-44.388888888888694,-23.5,0.0,5.637086982659744,1.0,3.0,0.00328563740871457,1.408103478788811,365.6646906087807,245.9580075551457,255.6111111111113,-304.35494718548176,152.17747359274088,287.44633900851227,152.17747359274088,970.047259289105,-485.0236296445525,-916.1557448841576,-485.0236296445525
46.0,-23.0,-43.444444444444244,-23.0,0.0,5.641785900191913,1.0,3.0,0.003320780915061383,1.4114242597038724,369.0578874549095,241.5507421900487,256.55555555555577,-301.13398793171575,150.56699396585788,284.404321935511,150.56699396585788,969.9403050521223,-484.97015252606116,-916.0547325492352,-484.97015252606116
45.0,-22.5,-42.499999999999794,-22.5,0.0,5.646386539858483,1.0,3.0,0.003357076836849271,1.4147813365407216,372.3912393651312,237.09221432858203,257.5000000000002,-297.8781983848087,148.93909919240434,281.3294095856543,148.93909919240434,969.8287245527697,-484.91436227638485,-915.9493509665216,-484.91436227638485
44.0,-22.0,-41.555555555555344,-22.0,0.0,5.6508887917620605,1.0,3.0,0.003394589568522788,1.4181759261092444,375.6639237094271,232.5833224457775,258.4444444444447,-294.58642342884673,147.29321171442336,278.22051101613465,147.29321171442336,969.7122110094817,-484.85610550474087,-915.8393103978439,-484.85610550474087
43.0,-21.5,-40.611111111110894,-21.5,0.0,5.6552925484252805,1.0,3.0,0.0034333886575381722,1.4216093147667825,378.87513231934025,228.02497869357407,259.38888888888914,-291.2574426447327,145.62872132236635,275.0764736089158,145.62872132236635,969.5904297945115,-484.79521489725573,-915.724294805933,-484.79521489725573
42.0,-21.0,-39.666666666666444,-21.0,0.0,5.659597704789436,1.0,3.0,0.0034735493469817413,1.4250828641137643,382.02407171977933,223.4181086580968,260.33333333333354,-287.8899650206284,143.9449825103142,271.8960780750395,143.9449825103142,969.4630154111386,-484.7315077055693,-915.6039589994169,-484.7315077055693
41.0,-20.5,-38.722222222221994,-20.5,0.0,5.663804158211746,1.0,3.0,0.003515153189699194,1.4285980173034636,385.1099633566538,218.76365111296838,261.277777777778,-284.48262309886485,142.24131154943242,268.67803292670726,142.24131154943242,969.3295676980167,-484.66478384900836,-915.4779250481305,-484.66478384900836
40.0,-20.0,-37.777777777777544,-20.0,0.0,5.667911808463311,1.0,3.0,0.003558288745353244,1.432156306048817,388.1320438202727,214.06255776872507,262.22222222222246,-281.0339664834297,140.51698324171485,265.42096834546294,140.51698324171485,969.1896476750576,-484.5948238375288,-915.3457783597828,-484.5948238375288
39.0,-19.5,-36.833333333333094,-19.5,0.0,5.671920557727054,1.0,3.0,0.0036030523739749576,1.435759358422792,391.0895650644388,209.31579301841026,263.1666666666669,-277.54245462071384,138.77122731035692,262.12342936400904,138.77122731035692,969.0427727155028,-484.5213863577514,-915.2070631202032,-484.5213863577514
38.0,-19.0,-35.888888888888644,-19.0,0.0,5.675830310596117,1.0,3.0,0.0036495491422063875,1.4394089075649983,393.98179462117366,204.52433367942086,264.11111111111137,-274.00644875148487,137.00322437574243,258.78386826529277,137.00322437574243,968.8884109918381,-484.44420549591905,-915.0612770478532,-484.44420549591905
37.0,-18.5,-34.944444444444194,-18.5,0.0,5.67964097407119,1.0,3.0,0.0036978938616467616,1.443106801426645,396.80801581100843,199.68916873168274,265.05555555555577,-270.4242029149738,135.2121014574869,255.40063608636567,135.2121014574869,968.7259749839841,-484.36298749199204,-914.9078652626516,-484.36298749199204
36.0,-18.0,-33.999999999999744,-18.0,0.0,5.6833524575595336,1.0,3.0,0.0037482122826887343,1.446855013709334,399.56752794877787,194.81129905223156,266.0000000000002,-266.79385386428345,133.39692693214172,251.97197309404694,133.39692693214172,968.5548141062267,-484.27740705311334,-914.7462133225575,-484.27740705311334
35.0,-17.5,-33.055555555555294,-17.5,0.0,5.6869646728726,1.0,3.0,0.003800642472124638,1.4506556561814585,402.2596465448551,189.89173714627753,266.9444444444447,-263.1134097285871,131.55670486429355,248.49599807700037,131.55670486429355,968.3742058586488,-484.1871029293244,-914.5756388665092,-484.1871029293244
34.0,-17.0,-32.111111111110844,-17.0,0.0,5.690477534224125,1.0,3.0,0.0038553364089333186,1.4545109925903918,404.88370350176723,184.93150687483362,267.88888888888914,-259.3807372251276,129.6903686125638,244.97069626817745,129.6903686125638,968.1833457672942,-484.0916728836471,-914.3953821135639,-484.0916728836471
33.0,-16.5,-31.166666666666398,-16.5,0.0,5.693890958229422,1.0,3.0,0.00391246184028915,1.4584234544306809,407.4390473061331,179.93164317898612,268.8333333333336,-255.59354718872441,127.79677359436221,241.39390567824023,127.79677359436221,967.9813352820781,-483.99066764103907,-914.2045944333038,-483.99066764103907
32.0,-16.0,-30.22222222222195,-16.0,0.0,5.697204863902608,1.0,3.0,0.0039722044494876485,1.4623956588801685,409.9250432158649,174.89319180089083,269.77777777777806,-251.74937813912982,125.87468906956491,237.76330157584533,125.87468906956491,967.7671676971297,-483.88358384856485,-914.0023250472891,-483.88358384856485
31.0,-15.5,-29.277777777777505,-15.5,0.0,5.700419172655928,1.0,3.0,0.004034770399695908,1.4664304292798644,412.3410734425782,169.81720900157512,270.7222222222225,-247.84557755141847,123.92278877570924,234.0763787985624,123.92278877570924,967.5397113068851,-483.76985565344256,-913.7875051231713,-483.76985565344256
30.0,-15.0,-28.33333333333306,-15.0,0.0,5.703533808297816,1.0,3.0,0.004100389333044463,1.470530818612909,414.6865373291548,164.70476127563023,271.66666666666697,-243.87928042372468,121.93964021186234,230.330431511296,121.93964021186234,967.2976894486482,-483.6488447243241,-913.5589289237271,-483.6488447243241
29.0,-14.5,-27.388888888888612,-14.5,0.0,5.706548697031449,1.0,3.0,0.004169317924638927,1.4747001365375478,416.9608515224061,159.5569250628778,272.6111111111114,-239.84738465023688,119.92369232511844,226.52252994744643,119.92369232511844,967.0396564533937,-483.51982822669686,-913.3152310948695,-483.51982822669686
28.0,-14.0,-26.444444444444166,-14.0,0.0,5.709463767453797,1.0,3.0,0.00424184411708306,1.478941980654631,419.16345014078456,154.37478645709515,273.5555555555558,-235.74652259679416,117.87326129839708,222.6494935636394,117.87326129839708,966.7639687482678,-483.3819843741339,-913.0548593733707,-483.3819843741339
27.0,-13.5,-25.49999999999972,-13.5,0.0,5.712278950553696,1.0,3.0,0.004318292195086615,1.4832602728497175,421.2937849370927,149.15944091188575,274.5000000000003,-231.57302813779194,115.78651406889597,218.70785990791506,115.78651406889597,966.4687497874418,-483.2343748937209,-912.7760414659183,-483.2343748937209
26.0,-13.0,-24.555555555555273,-13.0,0.0,5.714994179711037,1.0,3.0,0.004399028904528701,1.4876593017542463,423.35132545614226,143.9119929437818,275.44444444444474,-227.3228982356759,113.66144911783795,214.69384833369435,113.66144911783795,966.1518472271285,-483.07592361356427,-912.4767446034012,-483.07592361356427
25.0,-12.5,-23.611111111110826,-12.5,0.0,5.717609390695301,1.0,3.0,0.004484470879961955,1.4921437726342082,425.3355591873133,138.63355583266565,276.38888888888914,-222.991747915756,111.495873957878,210.6033174759922,111.495873957878,965.810780324821,-482.9053901624105,-912.1546258623356,-482.9053901624105
24.0,-12.0,-22.66666666666638,-12.0,0.0,5.720124521664549,1.0,3.0,0.004575093724652035,1.4967188663588602,427.24599171197156,133.32525131959991,277.3333333333336,-218.57475719277343,109.28737859638672,206.43171512650866,109.28737859638672,965.4426747986491,-482.72133739932457,-911.8069706431701,-482.72133739932457
23.0,-11.5,-21.722222222221934,-11.5,0.0,5.722539513164152,1.0,3.0,0.004671443196097025,1.5013903095549572,429.08214684569555,127.9882093021541,278.27777777777806,-214.06660811705828,107.03330405852914,202.17401877722213,107.03330405852914,965.044181524394,-482.522090762197,-911.4306158841499,-482.522090762197
22.0,-11.0,-20.777777777777487,-11.0,0.0,5.7248543081257335,1.0,3.0,0.004774149099548097,1.5061644586545053,430.8435667752735,122.62356752731867,279.2222222222225,-209.461409593315,104.7307047966575,197.82466461590903,104.7307047966575,964.6113742403185,-482.30568712015923,-911.0218534491926,-482.30568712015923
21.0,-10.5,-19.83333333333304,-10.5,0.0,5.727068851866401,1.0,3.0,0.00488394270023107,1.5110484013547363,432.52981219042897,117.23247128209698,280.16666666666697,-204.75260693634073,102.37630346817036,193.3774621065444,102.37630346817036,964.1396195642526,-482.0698097821263,-910.5763073662412,-482.0698097821263
20.0,-10.0,-18.888888888888594,-10.0,0.0,5.729183092087411,1.0,3.0,0.0050016787586047995,1.5160500801133412,434.1404624102337,111.81607308186638,281.1111111111114,-199.93287219407995,99.96643609703997,188.82549040552033,99.96643609703997,963.6234102337909,-481.81170511689544,-910.0887763319174,-481.81170511689544
19.0,-9.5,-17.944444444444148,-9.5,0.0,5.731196978873383,1.0,3.0,0.005128363713335693,1.5211784438266769,435.67511550417123,106.3755323566008,282.0555555555559,-194.993969986883,97.4969849934415,184.16097165427877,97.4969849934415,963.0561487583116,-481.5280743791558,-909.5530293828496,-481.5280743791558
18.0,-9.0,-16.9999999999997,-9.0,0.0,5.733110464691587,1.0,3.0,0.005265192148094511,1.5264436359747715,437.1333884078151,100.91201513504724,283.0000000000003,-189.92659182664056,94.96329591332028,179.3751145029387,94.96329591332028,962.4298634715989,-481.21493173579944,-908.9615377231764,-481.21493173579944
17.0,-8.5,-16.055555555555255,-8.5,0.0,5.73492350439086,1.0,3.0,0.0054135945834170585,1.5318572305581886,438.51491703308625,95.42669372695006,283.94444444444474,-184.7201493556986,92.3600746778493,174.45791883593793,92.3600746778493,961.7348308442523,-480.86741542212616,-908.3051180195735,-480.86741542212616
16.0,-8.0,-15.111111111110809,-8.0,0.0,5.736636055201075,1.0,3.0,0.005575301000894206,1.5374325315590829,439.8193563730564,89.92074640341625,284.8888888888892,-179.36251331355797,89.68125665677898,169.39792924058287,89.68125665677898,960.9590659376461,-480.47953296882304,-907.5724511633373,-480.47953296882304
15.0,-7.5,-14.166666666666362,-7.5,0.0,5.738248076731932,1.0,3.0,0.005752426613056416,1.5431849581721393,441.04638060126626,84.3953570755171,285.8333333333336,-173.83967971538772,86.91983985769386,164.18191973119986,86.91983985769386,960.0876238272989,-480.04381191364945,-906.7494225035598,-480.04381191364945
14.0,-7.0,-13.222222222221916,-7.0,0.0,5.739759530972962,1.0,3.0,0.005947589717360535,1.5491325478894997,442.1956831655298,78.85171497122047,286.77777777777806,-168.1353367534918,84.0676683767459,158.79448471163147,84.0676683767459,959.101624855781,-479.5508124278905,-905.8182012526852,-479.5508124278905
13.0,-6.5,-12.27777777777747,-6.5,0.0,5.741170382292295,1.0,3.0,0.006164076863318546,1.5552966247528182,443.2669768761939,73.29101431074973,287.7222222222225,-162.2302937120822,81.1151468560411,153.21749961696682,81.1151468560411,957.9768669903685,-478.98843349518427,-904.7559299353507,-478.98843349518427
12.0,-6.0,-11.333333333333023,-6.0,0.0,5.74248059743621,1.0,3.0,0.006406079566520173,1.5617027043193383,444.2599939888295,67.71445398046528,288.66666666666697,-156.10171394471251,78.05085697235626,147.42939650333992,78.05085697235626,956.6818057332933,-478.3409028666467,-903.5328165258867,-478.3409028666467
11.0,-5.5,-10.388888888888577,-5.5,0.0,5.743690145528642,1.0,3.0,0.0066790423645740615,1.5683817466839125,445.1744862813275,62.12323720536502,289.6111111111114,-149.72206274720278,74.86103137360139,141.4041703723585,74.86103137360139,955.1745368988193,-477.58726844940963,-902.1092848488865,-477.58726844940963
10.0,-5.0,-9.44444444444413,-5.0,0.0,5.744798998070717,1.0,3.0,0.006990189969786176,1.5753719366536987,446.010225125378,56.51857122030066,290.5555555555559,-143.05762852258923,71.52881426129461,135.10998249355677,71.52881426129461,953.3981556179964,-476.6990778089982,-900.4315914170006,-476.6990778089982
9.0,-4.5,-8.499999999999684,-4.5,0.0,5.745807128939965,1.0,3.0,0.007349353830258365,1.5827212904839572,446.7670015523096,50.901666940007466,291.50000000000034,-136.0663839428765,68.03319197143826,128.50714039049475,68.03319197143826,951.2733692217445,-475.63668461087224,-898.4248487094267,-475.63668461087224
8.0,-4.0,-7.555555555555237,-4.0,0.0,5.746714514390245,1.0,3.0,0.007770322585417322,1.5904916130693745,447.4446263132701,45.27373862804446,292.4444444444448,-128.69478570641516,64.34739285320758,121.54507538939234,64.34739285320758,948.6862553551816,-474.3431276775908,-895.9814633910086,-474.3431276775908
7.0,-3.5,-6.611111111110791,-3.5,0.0,5.7475211330510785,1.0,3.0,0.00827316088723129,1.5987647739566058,448.0429299337311,39.63600356474377,293.3888888888892,-120.87278533932412,60.43639266966206,114.15763059825079,60.43639266966206,945.4669712955092,-472.7334856477546,-892.9410284457604,-472.7334856477546
6.0,-3.0,-5.6666666666663446,-3.0,0.0,5.748226965927454,1.0,3.0,0.008888442852114764,1.6076532168087205,448.56176276229814,33.98968171426671,294.33333333333366,-112.50564543620564,56.25282271810282,106.2553318008611,56.25282271810282,941.3504752553762,-470.6752376276881,-889.0532266300787,-470.6752376276881
5.0,-2.5,-4.722222222221898,-2.5,0.0,5.748831996399354,1.0,3.0,0.009665606877240274,1.6173188236859608,449.00099501381357,28.335995390865694,295.2777777777781,-103.45961849066225,51.729809245331126,97.71186190784788,51.729809245331126,935.8984966421697,-467.94924832108484,-883.9041357176072,-467.94924832108484
4.0,-2.0,-3.7777777777774517,-2.0,0.0,5.74933621022162,1.0,3.0,0.010691225722870845,1.6280100494088316,449.36051680673876,22.676168924450362,296.2222222222225,-93.53464475647387,46.76732237823693,88.33827560333661,46.76732237823693,928.3288924446445,-464.1644462223222,-876.7550650866096,-464.1644462223222
3.0,-1.5,-2.8333333333330053,-1.5,0.0,5.749739595523664,1.0,3.0,0.012135086380127724,1.6401451357889594,449.64023819480406,17.011428325557112,297.16666666666697,-82.40567629065981,41.202838145329906,77.8275831634011,41.202838145329906,917.0901728428339,-458.54508642141695,-866.140718796011,-458.54508642141695
2.0,-1.0,-1.8888888888885589,-1.0,0.0,5.750042142809201,1.0,3.0,0.014394454375018073,1.6545395901639774,449.84008919291693,11.34300094982113,298.1111111111114,-69.4711986954868,34.7355993477434,65.61168765684879,34.7355993477434,898.5736630365864,-449.2868315182932,-848.6529039790004,-449.2868315182932
1.0,-0.5,-0.9444444444441124,-0.5,0.0,5.750243844956191,1.0,3.0,0.018759218169728697,1.6732988083337061,449.9600197973211,5.672115162050245,299.0555555555559,-53.30712564629565,26.653562823147826,50.345618665946006,26.653562823147826,861.660272989134,-430.830136494567,-813.7902578230724,-430.830136494567
0.0,0.0,3.341771304121721e-13,0.0,0.0,5.7503446972166685,1.0,3.0,0.04528875892487416,1.7185875672585804,450.0,5.878304635907296e-14,300.00000000000034,-22.080534413822562,11.040267206911281,20.853838057499132,11.040267206911281,689.4998223349919,-344.74991116749595,-651.194276649716,-344.74991116749595
