J1_Position,J2_Position,J3_Position,J4_Position,Error,MM_Step,Deg_step,Move_ID,Time,Time_Total,X,Y,Z,J1_Velocity,J2_Velocity,J3_Velocity,J4_Velocity,J1_Acceleration,J2_Acceleration,J3_Acceleration,J4_Acceleration
0.0,0.0,0.0,0.0,0.0,0.0,0.0,1.0,0.0,0.0,450.0,5.878304635907296e-14,300.0,0.0,0.0,0.0,0.0,0.0,0.0,0.0,0.0
1.0,-0.5,-0.9444444444444444,-0.5,0.0,5.7503446972166685,1.0,2.0,0.0,0.0,449.9600197973211,5.672115162050245,299.05555555555554,0.0,0.0,0.0,0.0,0.0,0.0,0.0,0.0
2.0,-1.0,-1.8888888888888888,-1.0,0.0,5.750243844956191,1.0,2.0,0.05311190517281447,0.05311190517281447,449.84008919291693,11.34300094982113,298.1111111111111,18.828170383762732,-9.414085191881366,-17.782160917998134,-9.414085191881366,354.50000000000006,-177.25000000000003,-334.80555555555554,-177.25000000000003
3.0,-1.5,-2.833333333333333,-1.5,0.0,5.750042142809201,1.0,2.0,0.011936628297426463,0.06504853347024094,449.64023819480406,17.011428325557112,297.16666666666663,83.77575099792627,-41.88787549896313,-79.12154260915257,-41.88787549896313,5441.032341449908,-2720.516170724954,-5138.752766924912,-2720.516170724954
4.0,-2.0,-3.7777777777777777,-2.0,0.0,5.749739595523654,1.0,2.0,0.010063043148627035,0.07511157661886797,449.36051680673876,22.676168924450362,296.22222222222223,99.37351805317822,-49.68675902658911,-93.85276705022389,-49.68675902658911,1550.0049860543481,-775.0024930271741,-1463.8935979402208,-775.0024930271741
5.0,-2.5,-4.722222222222222,-2.5,0.0,5.749336210221629,1.0,2.0,0.008865718989618326,0.0839772956084863,449.00099501381357,28.335995390865694,295.27777777777777,112.79401040919417,-56.397005204597086,-106.5276764975723,-56.397005204597086,1513.7511545009745,-756.8755772504873,-1429.6538681398104,-756.8755772504873
6.0,-3.0,-5.666666666666667,-3.0,0.0,5.748831996399345,1.0,2.0,0.008015222637608649,0.09199251824609495,448.56176276229814,33.98968171426671,294.33333333333337,124.76259802289799,-62.381299011448995,-117.83134257718146,-62.381299011448995,1493.2320853503652,-746.6160426751826,-1410.2747472753447,-746.6160426751826
7.0,-3.5,-6.611111111111112,-3.5,0.0,5.748226965927454,1.0,2.0,0.007370757911654244,0.09936327615774919,448.0429299337311,39.63600356474377,293.3888888888889,135.6712582323256,-67.8356291161628,-128.13396610830756,-67.8356291161628,1479.9916562419503,-739.9958281209751,-1397.7698975618437,-739.9958281209751
8.0,-4.0,-7.555555555555556,-4.0,0.0,5.747521133051088,1.0,2.0,0.006860534187879755,0.10622381034562894,447.4446263132701,45.27373862804446,292.44444444444446,145.7612443308951,-72.88062216544755,-137.6633974236232,-72.88062216544755,1470.7289290089216,-735.3644645044608,-1389.0217662862053,-735.3644645044608
9.0,-4.5,-8.5,-4.5,0.0,5.746714514390245,1.0,2.0,0.006443554582673011,0.11266736492830196,446.7670015523096,50.901666940007466,291.5,155.19384326921696,-77.59692163460848,-146.5719630875937,-77.59692163460848,1463.881281255305,-731.9406406276526,-1382.5545434077665,-731.9406406276526
10.0,-5.0,-9.444444444444445,-5.0,0.0,5.745807128939965,1.0,2.0,0.006094465452633924,0.11876183038093588,446.010225125378,56.51857122030066,290.55555555555554,164.08329947424957,-82.04164973712479,-154.96756061456907,-82.04164973712479,1458.6113046535927,-729.3056523267963,-1377.5773432839678,-729.3056523267963
11.0,-5.5,-10.38888888888889,-5.5,0.0,5.744798998070717,1.0,2.0,0.0057966281474723935,0.12455845852840827,445.1744862813275,62.12323720536502,289.6111111111111,172.5140848367249,-86.25704241836245,-162.92996901246244,-86.25704241836245,1454.4292212622856,-727.2146106311428,-1373.6275978588276,-727.2146106311428
12.0,-6.0,-11.333333333333334,-6.0,0.0,5.743690145528642,1.0,2.0,0.005538608412073598,0.13009706694048187,444.2599939888295,67.71445398046528,288.66666666666663,180.55076755744324,-90.27538377872162,-170.52016935980754,-90.27538377872162,1451.0292338413387,-725.5146169206694,-1370.4164986279307,-725.5146169206694
13.0,-6.5,-12.277777777777779,-6.5,0.0,5.742480597436201,1.0,2.0,0.005312253499653419,0.1354093204401353,443.2669768761939,73.29101431074973,287.72222222222223,188.24402865285737,-94.12201432642868,-177.786027061032,-94.12201432642868,1448.2104620790503,-724.1052310395252,-1367.754325296882,-724.1052310395252
14.0,-7.0,-13.222222222222223,-7.0,0.0,5.741170382292295,1.0,2.0,0.005111572303976825,0.1405208927441121,442.1956831655298,78.85171497122047,286.77777777777777,195.6345211476312,-97.8172605738156,-184.7659366394295,-97.8172605738156,1445.835460260242,-722.917730130121,-1365.5112680235586,-722.917730130121
15.0,-7.5,-14.166666666666668,-7.5,0.0,5.739759530972953,1.0,2.0,0.004932049932016902,0.14545294267612902,441.04638060126626,84.3953570755171,285.83333333333337,202.75544931295173,-101.37772465647586,-191.49125768445444,-101.37772465647586,1443.8069896848153,-721.9034948424077,-1363.595490257882,-721.9034948424077
16.0,-8.0,-15.111111111111112,-8.0,0.0,5.738248076731941,1.0,2.0,0.004770210561606925,0.15022315323773594,439.8193563730564,89.92074640341625,284.8888888888889,209.63435200292992,-104.81717600146496,-197.9879991138783,-104.81717600146496,1442.0543079047893,-721.0271539523947,-1361.9401796878574,-721.0271539523947
17.0,-8.5,-16.055555555555557,-8.5,0.0,5.736636055201075,1.0,2.0,0.004623328815397287,0.15484648205313323,438.51491703308625,95.42669372695006,283.94444444444446,216.2943714212265,-108.14718571061324,-204.2780174533806,-108.14718571061324,1440.5247137336194,-720.2623568668097,-1360.4955629706421,-720.2623568668097
18.0,-9.0,-17.0,-9.0,0.0,5.73492350439086,1.0,2.0,0.004489233465310188,0.15933571551844342,437.1333884078151,100.91201513504724,283.0,222.7551780782477,-111.37758903912385,-210.37989040723357,-111.37758903912385,1439.1781374138875,-719.5890687069437,-1359.2237964463595,-719.5890687069437
19.0,-9.5,-17.944444444444443,-9.5,0.0,5.733110464691596,1.0,2.0,0.0043661704673855495,0.16370188598582897,435.67511550417123,106.3755323566008,282.05555555555554,229.0336594665295,-114.51682973326476,-216.3095672739442,-114.51682973326476,1437.9835682506816,-718.9917841253408,-1358.0955922367584,-718.9917841253408
20.0,-10.0,-18.888888888888886,-10.0,0.0,5.731196978873383,1.0,2.0,0.0042527052311436275,0.1679545912169726,434.1404624102337,111.81607308186638,281.1111111111111,235.1444423367858,-117.5722211683929,-222.08086220696399,-117.5722211683929,1436.9166302675978,-718.4583151337989,-1357.0879285860558,-718.4583151337989
21.0,-10.5,-19.83333333333333,-10.5,0.0,5.7291830920874025,1.0,2.0,0.004147651494746246,0.17210224271171884,432.52981219042897,117.23247128209698,280.1666666666667,241.10029525544314,-120.55014762772157,-227.70583440791813,-120.55014762772157,1435.957897186278,-717.978948593139,-1356.1824584537046,-717.978948593139
22.0,-11.0,-20.77777777777777,-11.0,0.0,5.727068851866401,1.0,2.0,0.004050018647442838,0.17615226135916168,430.8435667752735,122.62356752731867,279.22222222222223,246.91244338625333,-123.45622169312666,-233.19508542034998,-123.45622169312666,1435.0916963011882,-717.5458481505941,-1355.364379840013,-717.5458481505941
23.0,-11.5,-21.722222222222214,-11.5,0.0,5.7248543081257335,1.0,2.0,0.003958972098081132,0.1801112334572428,429.08214684569555,127.9882093021541,278.27777777777777,252.590817824831,-126.2954089124155,-238.55799461233997,-126.2954089124155,1434.3052433559474,-717.1526216779737,-1354.6216187250538,-717.1526216779737
24.0,-12.0,-22.666666666666657,-12.0,0.0,5.7225395131641426,1.0,2.0,0.003873803034947082,0.1839850364921899,427.24599171197156,133.32525131959991,277.33333333333337,258.1442553941467,-129.07212769707334,-243.80290787224922,-129.07212769707334,1433.5880062088786,-716.7940031044393,-1353.9442280861608,-716.7940031044393
25.0,-12.5,-23.6111111111111,-12.5,0.0,5.720124521664549,1.0,2.0,0.0037939050549800346,0.18777894154716993,425.3355591873133,138.63355583266565,276.3888888888889,263.58066042990697,-131.79033021495349,-248.9372904060228,-131.79033021495349,1432.9312296901687,-716.4656148450844,-1353.3239391518218,-716.4656148450844
26.0,-13.0,-24.555555555555543,-13.0,0.0,5.717609390695311,1.0,2.0,0.0037187558909937413,0.19149769743816367,423.35132545614226,143.9119929437818,275.44444444444446,268.907137040602,-134.453568520301,-253.96785164945703,-134.453568520301,1432.3275758957245,-716.1637879478623,-1352.7538216793073,-716.1637879478623
27.0,-13.5,-25.499999999999986,-13.5,0.0,5.714994179711037,1.0,2.0,0.0036479029725591527,0.19514560041072282,421.2937849370927,149.15944091188575,274.5,274.13009817485886,-137.06504908742943,-258.90064827625514,-137.06504908742943,1431.77084849731,-715.885424248655,-1352.228023580778,-715.885424248655
28.0,-14.0,-26.44444444444443,-14.0,0.0,5.712278950553696,1.0,2.0,0.003580951904775559,0.19872655231549838,419.16345014078456,154.37478645709515,273.55555555555554,279.25535628289214,-139.62767814144607,-263.741169822731,-139.62767814144607,1431.2557790006151,-715.6278895003076,-1351.741569056139,-715.6278895003076
29.0,-14.5,-27.38888888888887,-14.5,0.0,5.709463767453797,1.0,2.0,0.003517557192658949,0.20224410950815733,416.9608515224061,159.5569250628778,272.61111111111114,284.28819923297175,-142.14409961648587,-268.4944103866951,-142.14409961648587,1430.77785930049,-715.388929650245,-1351.2902004504645,-715.388929650245
30.0,-15.0,-28.333333333333314,-15.0,0.0,5.706548697031449,1.0,2.0,0.0034574147115006837,0.205701524219658,414.6865373291548,164.70476127563023,271.6666666666667,289.23345431302107,-144.61672715651054,-273.16492907340836,-144.61672715651054,1430.3332092616808,-715.1666046308404,-1350.8702531915883,-715.1666046308404
31.0,-15.5,-29.277777777777757,-15.5,0.0,5.703533808297816,1.0,2.0,0.0034002555475968754,0.2091017797672549,412.3410734425782,169.81720900157512,270.72222222222223,294.0955425267222,-147.0477712633611,-277.75690127523717,-147.0477712633611,1429.9184710212232,-714.9592355106116,-1350.478555964471,-714.9592355106116
32.0,-16.0,-30.2222222222222,-16.0,0.0,5.700419172655918,1.0,2.0,0.003345840924003002,0.2124476206912579,409.9250432158649,174.89319180089083,269.7777777777778,298.87852492508483,-149.43926246254242,-282.2741624292463,-149.43926246254242,1429.53072396526,-714.76536198263,-1350.1123504116363,-714.76536198263
33.0,-16.5,-31.166666666666643,-16.5,0.0,5.697204863902608,1.0,2.0,0.0032939579924061435,0.21574157868366403,407.4390473061331,179.93164317898612,268.83333333333337,303.5861423568211,-151.79307117841054,-286.7202455592194,-151.79307117841054,1429.1674157925345,-714.5837078962672,-1349.769226026271,-714.5837078962672
34.0,-17.0,-32.111111111111086,-17.0,0.0,5.693890958229422,1.0,2.0,0.0032444163216390487,0.21898599500530308,404.88370350176723,184.93150687483362,267.8888888888889,308.22184974547577,-154.11092487273788,-291.0984136485044,-154.11092487273788,1428.8263062099145,-714.4131531049572,-1349.4470669760371,-714.4131531049572
35.0,-17.5,-33.05555555555553,-17.5,0.0,5.690477534224125,1.0,2.0,0.00319704495050821,0.2221830399558113,402.2596465448551,189.89173714627753,266.94444444444446,312.7888457874318,-156.3944228937159,-295.4116876881295,-156.3944228937159,1428.5054206791965,-714.2527103395983,-1349.144008419237,-714.2527103395983
36.0,-18.0,-33.99999999999997,-18.0,0.0,5.6869646728726,1.0,2.0,0.0031516899007926202,0.2253347298566039,399.56752794877787,194.81129905223156,266.0,317.2900987970008,-158.6450493985004,-299.66287108605576,-158.6450493985004,1428.20301211644,-714.10150605822,-1348.8584003321862,-714.10150605822
37.0,-18.5,-34.944444444444414,-18.5,0.0,5.683352457559524,1.0,2.0,0.003108212067833044,0.22844294192443695,396.80801581100843,199.68916873168274,265.0555555555556,321.7283692927591,-160.86418464637956,-303.85457099871644,-160.86418464637956,1427.9175290804935,-713.9587645402468,-1348.5887774649218,-713.9587645402468
38.0,-19.0,-35.88888888888886,-19.0,0.0,5.6796409740712,1.0,2.0,0.003066485422776488,0.23150942734721344,393.98179462117366,204.52433367942086,264.11111111111114,326.10622981359876,-163.05311490679938,-307.98921704617607,-163.05311490679938,1427.6475891008151,-713.8237945504076,-1348.3338341507565,-713.8237945504076
39.0,-19.5,-36.8333333333333,-19.5,0.0,5.675830310596117,1.0,2.0,0.003026395473475746,0.2345358228206892,391.0895650644388,209.31579301841026,263.1666666666667,330.4260823690444,-165.2130411845222,-312.06907779298587,-165.2130411845222,1427.391956307816,-713.695978153908,-1348.092403179606,-713.695978153908
40.0,-20.0,-37.77777777777774,-20.0,0.0,5.671920557727045,1.0,2.0,0.0029878379411825695,0.23752366076187176,388.1320438202727,214.06255776872507,262.2222222222223,334.6901738600339,-167.34508693001695,-316.09627531225374,-167.34508693001695,1427.1495224743576,-713.5747612371788,-1347.8634378924614,-713.5747612371788
41.0,-20.5,-38.722222222222186,-20.5,0.0,5.667911808463311,1.0,2.0,0.0029507176181622075,0.24047437838003397,385.1099633566538,218.76365111296838,261.2777777777778,338.9006097516132,-169.4503048758066,-320.0727980987453,-169.4503048758066,1426.9192909763099,-713.4596454881549,-1347.645997033173,-713.4596454881549
42.0,-21.0,-39.66666666666663,-21.0,0.0,5.663804158211746,1.0,2.0,0.0029149473777049795,0.24338932575773894,382.02407171977933,223.4181086580968,260.33333333333337,343.0593662336808,-171.5296831168404,-324.00051255403133,-171.5296831168404,1426.7003630583185,-713.3501815291593,-1347.4392317772945,-713.3501815291593
43.0,-21.5,-40.61111111111107,-21.5,0.0,5.659597704789446,1.0,2.0,0.002880447313074186,0.24626977307081313,378.87513231934025,228.02497869357407,259.3888888888889,347.16830106944053,-173.58415053472027,-327.88117323224884,-173.58415053472027,1426.4919261357447,-713.2459630678724,-1347.2423746837555,-713.2459630678724
44.0,-22.0,-41.555555555555515,-22.0,0.0,5.6552925484252805,1.0,2.0,0.0028471439860034142,0.24911691705681654,375.6639237094271,232.5833224457775,258.44444444444446,351.2291633004896,-175.6145816502448,-331.7164320060174,-175.6145816502448,1426.2932436899148,-713.1466218449574,-1347.0547301515874,-713.1466218449574
45.0,-22.5,-42.49999999999996,-22.5,0.0,5.650888791762051,1.0,2.0,0.002814969768642317,0.25193188682545886,372.3912393651312,237.09221432858203,257.50000000000006,355.24360195253826,-177.62180097626913,-335.50784628850784,-177.62180097626913,1426.1036465712662,-713.0518232856331,-1346.875666206206,-713.0518232856331
46.0,-23.0,-43.4444444444444,-23.0,0.0,5.646386539858483,1.0,2.0,0.002783862265520687,0.25471574909097955,369.0578874549095,241.5507421900487,256.5555555555556,359.2131738647503,-179.60658693237514,-339.2568864278191,-179.60658693237514,1425.9225254700448,-712.9612627350224,-1346.704607388344,-712.9612627350224
47.0,-23.5,-44.38888888888884,-23.5,0.0,5.641785900191913,1.0,2.0,0.0027537638042792745,0.2574695128952588,365.6646906087807,245.9580075551457,255.61111111111114,363.1393507482476,-181.5696753741238,-342.96494237334434,-181.5696753741238,1425.7493243959896,-712.8746621979948,-1346.5410285962168,-712.8746621979948
48.0,-24.0,-45.333333333333286,-24.0,0.0,5.637086982659739,1.0,2.0,0.0027246209857049175,0.26019413388096374,362.21248568242186,250.3131258644289,254.6666666666667,367.0235255643378,-183.5117627821689,-346.63332969965177,-183.5117627821689,1425.5835349096365,-712.7917674548182,-1346.3844496368858,-712.7917674548182
49.0,-24.5,-46.27777777777773,-24.5,0.0,5.632289899582689,1.0,2.0,0.0026963842850741826,0.2628905181660379,358.7021235172373,254.61522670861422,253.72222222222229,370.86701830132057,-185.43350915066029,-350.2632950623577,-185.43350915066029,1425.4246912275912,-712.7123456137956,-1346.2344306038256,-712.7123456137956
50.0,-25.0,-47.22222222222217,-25.0,0.0,5.627394765706242,1.0,2.0,0.0026690076980344646,0.2655595258640724,355.13446869647044,258.8634540589705,252.77777777777783,374.6710812173488,-187.3355406086744,-353.8560211497177,-187.3355406086744,1425.272365767112,-712.636182883556,-1346.0905676689486,-712.636182883556
51.0,-25.5,-48.166666666666615,-25.5,0.0,5.622401698204199,1.0,2.0,0.0026424484252566827,0.26820197428932907,351.5103992974326,263.056966493468,251.83333333333337,378.4369036087665,-189.21845180438325,-357.4126311860566,-189.21845180438325,1425.12616534868,-712.56308267434,-1345.952489495954,-712.56308267434
52.0,-26.0,-49.11111111111106,-26.0,0.0,5.617310816679988,1.0,2.0,0.0026166665909415077,0.2708186408802706,347.8308066399234,267.19493741861385,250.88888888888894,382.16561615524284,-191.08280807762142,-360.9341930355065,-191.08280807762142,1424.9857277899168,-712.4928638949584,-1345.8198540238104,-712.4928638949584
53.0,-26.5,-50.0555555555555,-26.5,0.0,5.612122243170497,1.0,2.0,0.0025916249909654354,0.273410265871236,344.096595030916,271.2765552869108,249.9444444444445,385.85829488682265,-192.92914744341132,-364.4217229486652,-192.92914744341132,1424.8507189322181,-712.4253594661091,-1345.6923456582083,-712.4253594661091
54.0,-27.0,-50.99999999999994,-27.0,0.0,5.606836102148449,1.0,2.0,0.0025672888670488225,0.27597755473828484,340.30868150558655,275.30102380987626,249.00000000000006,389.5159648121447,-194.75798240607236,-367.87618898924717,-194.75798240607236,1424.7208299261906,-712.3604149630953,-1345.5696727080726,-712.3604149630953
55.0,-27.5,-51.944444444444386,-27.5,0.0,5.601452520524326,1.0,2.0,0.0025436257038244925,0.27852118044210933,336.4679955647646,279.2675621665569,248.0555555555556,393.1396032428987,-196.56980162144936,-371.29851417384816,-196.56980162144936,1424.5957749623474,-712.2978874811737,-1345.4515652422144,-712.2978874811737
56.0,-28.0,-52.88888888888883,-28.0,0.0,5.595971627650726,1.0,2.0,0.0025206050461148988,0.2810417854882242,332.5754789088811,283.1754052074811,247.11111111111117,396.7301428446066,-198.3650714223033,-374.68957935323897,-198.3650714223033,1424.4752890747761,-712.2376445373881,-1345.3377730150864,-712.2376445373881
57.0,-28.5,-53.83333333333327,-28.5,0.0,5.590393555324387,1.0,2.0,0.0024981983340791047,0.28353998382230333,328.6320851684968,287.02380365398693,246.16666666666674,400.2884744411711,-200.14423722058555,-378.05022586110545,-200.14423722058555,1424.359126344632,-712.179563172316,-1345.2280637699212,-712.179563172316
58.0,-29.0,-54.777777777777715,-29.0,0.0,5.584718437789723,1.0,2.0,0.002476378754202202,0.28601636257650553,324.63877963148985,290.8120242928695,245.22222222222229,403.81544959674926,-201.90772479837463,-381.38125795248476,-201.90772479837463,1424.247058166358,-712.123529083179,-1345.1222216015374,-712.123529083179
59.0,-29.5,-55.72222222222216,-29.5,0.0,5.5789464117409775,1.0,2.0,0.0024551211043569166,0.28847148368086245,320.5965389669857,294.5393501662893,244.27777777777783,407.31188299647465,-203.65594149823733,-384.6834450522254,-203.65594149823733,1424.1388718139142,-712.0694359069571,-1345.0200456020314,-712.0694359069571
60.0,-30.0,-56.6666666666666,-30.0,0.0,5.573077616327367,1.0,2.0,0.0024344016713955807,0.29090588535225803,316.50635094610965,298.20508075688775,243.3333333333334,410.778554644487,-205.3892773222435,-387.9575238309037,-205.3892773222435,1424.0343689975236,-712.0171844987618,-1344.92134849766,-712.0171844987618
61.0,-30.5,-57.61111111111104,-30.5,0.0,5.56711219315493,1.0,2.0,0.0024141981199176654,0.2933200834721757,312.36921415964883,301.80853216805525,242.38888888888897,414.2162118965217,-207.10810594826086,-391.20420012449205,-207.10810594826086,1423.9333647364363,-711.9666823682181,-1344.8259555844002,-711.9666823682181
62.0,-31.0,-58.555555555555486,-31.0,0.0,5.561050286290206,1.0,2.0,0.0023944893910282095,0.2957145728632039,308.1861377327062,305.34903729929897,241.4444444444445,417.6255713417855,-208.81278567089274,-394.4241507116856,-208.81278567089274,1423.8356862377907,-711.9178431188953,-1344.7337036690365,-711.9178431188953
63.0,-31.5,-59.49999999999993,-31.5,0.0,5.554892042264308,1.0,2.0,0.002381336868813033,0.29809590973201694,303.9581410364323,308.8259460166608,240.50000000000006,419.9321872921094,-209.9660936460547,-396.602621331436,-209.9660936460547,968.6222812623957,-484.3111406311979,-914.8099323033764,-484.3111406311979
64.0,-32.0,-60.44444444444437,-32.0,0.0,5.54863761007621,1.0,2.0,0.0023809523809523725,0.3004768621129693,299.6862533969219,312.2386253181347,239.55555555555563,420.0000000000015,-210.00000000000074,-396.6666666666674,-210.00000000000074,28.48133731467111,-14.240668657335554,-26.89904079719336,-14.240668657335554
65.0,-32.5,-61.388888888888815,-32.5,0.0,5.542287141196598,1.0,2.0,0.0023809523809523725,0.3028578144939217,295.3715138013613,315.586459494036,238.6111111111112,420.0000000000015,-210.00000000000074,-396.6666666666674,-210.00000000000074,0.0,0.0,0.0,0.0
66.0,-33.0,-62.33333333333326,-33.0,0.0,5.535840789572056,1.0,2.0,0.0023809523809523725,0.30523876687487406,291.014970601516,318.868850282277,237.66666666666674,420.0000000000015,-210.00000000000074,-396.6666666666674,-210.00000000000074,0.0,0.0,0.0,0.0
67.0,-33.5,-63.2777777777777,-33.5,0.0,5.529298711628218,1.0,2.0,0.0023809523809523725,0.30761971925582643,286.6176812146468,322.08521701850265,236.72222222222229,420.0000000000015,-210.00000000000074,-396.6666666666674,-210.00000000000074,0.0,0.0,0.0,0.0
68.0,-34.0,-64.22222222222214,-34.0,0.0,5.522661066275066,1.0,2.0,0.0023809523809523725,0.3100006716367788,282.1807118219428,325.23499678104423,235.77777777777786,420.0000000000015,-210.00000000000074,-396.6666666666674,-210.00000000000074,0.0,0.0,0.0,0.0
69.0,-34.5,-65.16666666666659,-34.5,0.0,5.515928014910056,1.0,2.0,0.0023809523809523725,0.3123816240177312,277.7051370645639,328.3176445306486,234.83333333333343,420.0000000000015,-210.00000000000074,-396.6666666666674,-210.00000000000074,0.0,0.0,0.0,0.0
70.0,-35.0,-66.11111111111103,-35.0,0.0,5.509099721423255,1.0,2.0,0.002380952380952428,0.3147625763986836,273.19203973738166,331.3326332449432,233.88888888888897,419.9999999999917,-209.99999999999585,-396.66666666665816,-209.99999999999585,-4.10636857850469e-09,2.053184289252345e-09,3.89150045521084e-09,2.053184289252345e-09
71.0,-35.5,-67.05555555555547,-35.5,0.0,5.502176352201356,1.0,2.0,0.0023809523809523725,0.317143528779636,268.64251048051113,334.27945404759834,232.9444444444445,420.0000000000015,-210.00000000000074,-396.6666666666674,-210.00000000000074,4.106368578504786e-09,-2.053184289252393e-09,-3.891500455210931e-09,-2.053184289252393e-09
72.0,-36.0,-67.99999999999991,-36.0,0.0,5.4951580761325545,1.0,2.0,0.0023809523809523725,0.31952448116058835,264.0576474687263,337.1576163321491,232.00000000000009,420.0000000000015,-210.00000000000074,-396.6666666666674,-210.00000000000074,0.0,0.0,0.0,0.0
73.0,-36.5,-68.94444444444436,-36.5,0.0,5.488045064610895,1.0,2.0,0.0023809523809523725,0.3219054335415407,259.4385560988516,339.9666478804424,231.05555555555566,420.0000000000015,-210.00000000000074,-396.6666666666674,-210.00000000000074,0.0,0.0,0.0,0.0
74.0,-37.0,-69.8888888888888,-37.0,0.0,5.480837491541842,1.0,2.0,0.0023809523809523725,0.3242863859224931,254.78634867522302,342.70609497567597,230.1111111111112,420.0000000000015,-210.00000000000074,-396.6666666666674,-210.00000000000074,0.0,0.0,0.0,0.0
75.0,-37.5,-70.83333333333324,-37.5,0.0,5.47353553334629,1.0,2.0,0.0023809523809523725,0.32666733830344546,250.10214409331292,345.3755225099939,229.16666666666674,420.0000000000015,-210.00000000000074,-396.6666666666674,-210.00000000000074,0.0,0.0,0.0,0.0
76.0,-38.0,-71.77777777777769,-38.0,0.0,5.466139368966674,1.0,2.0,0.002380952380952428,0.3290482906843979,245.38706752161406,347.97451408661396,228.2222222222223,419.9999999999917,-209.99999999999585,-396.66666666665816,-209.99999999999585,-4.10636857850469e-09,2.053184289252345e-09,3.89150045521084e-09,2.053184289252345e-09
77.0,-38.5,-72.72222222222213,-38.5,0.0,5.458649179871807,1.0,2.0,0.0023809523809523725,0.33142924306535027,240.64225008187643,350.50267211645206,227.27777777777789,420.0000000000015,-210.00000000000074,-396.6666666666674,-210.00000000000074,4.106368578504786e-09,-2.053184289252393e-09,-3.891500455210931e-09,-2.053184289252393e-09
78.0,-39.0,-73.66666666666657,-39.0,0.0,5.451065150061748,1.0,2.0,0.0023809523809523725,0.33381019544630264,235.8688285277946,352.9596179092205,226.33333333333343,420.0000000000015,-210.00000000000074,-396.6666666666674,-210.00000000000074,0.0,0.0,0.0,0.0
79.0,-39.5,-74.61111111111101,-39.5,0.0,5.443387466074972,1.0,2.0,0.0023809523809523725,0.336191147827255,231.06794492223895,355.3449917589739,225.38888888888897,420.0000000000015,-210.00000000000074,-396.6666666666674,-210.00000000000074,0.0,0.0,0.0,0.0
80.0,-40.0,-75.55555555555546,-40.0,0.0,5.4356163169920135,1.0,2.0,0.0023809523809523725,0.3385721002082074,226.24074631313056,357.65845302407644,224.44444444444454,420.0000000000015,-210.00000000000074,-396.6666666666674,-210.00000000000074,0.0,0.0,0.0,0.0
81.0,-40.5,-76.4999999999999,-40.5,0.0,5.4277518944432614,1.0,2.0,0.0023809523809523725,0.34095305258915976,221.38838440805392,359.8996802015735,223.5000000000001,420.0000000000015,-210.00000000000074,-396.6666666666674,-210.00000000000074,0.0,0.0,0.0,0.0
82.0,-41.0,-77.44444444444434,-41.0,0.0,5.419794392613712,1.0,2.0,0.0023809523809523725,0.3433340049701121,216.51201524770613,362.06837099594094,222.55555555555566,420.0000000000015,-210.00000000000074,-396.6666666666674,-210.00000000000074,0.0,0.0,0.0,0.0
83.0,-41.5,-78.38888888888879,-41.5,0.0,5.411744008249968,1.0,2.0,0.002380952380952428,0.34571495735106456,211.61279887828,364.1642423821988,221.6111111111112,419.9999999999917,-209.99999999999585,-396.66666666665816,-209.99999999999585,-4.10636857850469e-09,2.053184289252345e-09,3.89150045521084e-09,2.053184289252345e-09
84.0,-42.0,-79.33333333333323,-42.0,0.0,5.403600940665979,1.0,2.0,0.0023809523809523725,0.34809590973201693,206.6918990228792,366.1870306633693,220.66666666666674,420.0000000000015,-210.00000000000074,-396.6666666666674,-210.00000000000074,4.106368578504786e-09,-2.053184289252393e-09,-3.891500455210931e-09,-2.053184289252393e-09
85.0,-42.5,-80.27777777777767,-42.5,0.0,5.3953653917502775,1.0,2.0,0.0023809523809523725,0.3504768621129693,201.7504827520626,368.1364915222643,219.72222222222234,420.0000000000015,-210.00000000000074,-396.6666666666674,-210.00000000000074,0.0,0.0,0.0,0.0
86.0,-43.0,-81.22222222222211,-43.0,0.0,5.38703756597224,1.0,2.0,0.0023809523809523725,0.3528578144939217,196.78972015361768,370.0124000675895,218.77777777777789,420.0000000000015,-210.00000000000074,-396.6666666666674,-210.00000000000074,0.0,0.0,0.0,0.0
87.0,-43.5,-82.16666666666656,-43.5,0.0,5.378617670389476,1.0,2.0,0.0023809523809523725,0.35523876687487405,191.81078400166066,371.8145508743533,217.83333333333343,420.0000000000015,-210.00000000000074,-396.6666666666674,-210.00000000000074,0.0,0.0,0.0,0.0
88.0,-44.0,-83.111111111111,-44.0,0.0,5.3701059146541485,1.0,2.0,0.0023809523809523725,0.3576197192558264,186.814849425163,373.5427580185686,216.88888888888903,420.0000000000015,-210.00000000000074,-396.6666666666674,-210.00000000000074,0.0,0.0,0.0,0.0
89.0,-44.5,-84.05555555555544,-44.5,0.0,5.361502511021314,1.0,2.0,0.002380952380952428,0.36000067163677885,181.80309357600203,375.19685510624106,215.94444444444457,419.9999999999917,-209.99999999999585,-396.66666666665816,-209.99999999999585,-4.10636857850469e-09,2.053184289252345e-09,3.89150045521084e-09,2.053184289252345e-09
90.0,-45.0,-84.99999999999989,-45.0,0.0,5.352807674355321,1.0,2.0,0.0023809523809523725,0.3623816240177312,176.77669529663686,376.77669529663694,215.0000000000001,420.0000000000015,-210.00000000000074,-396.6666666666674,-210.00000000000074,4.106368578504786e-09,-2.053184289252393e-09,-3.891500455210931e-09,-2.053184289252393e-09
91.0,-45.5,-85.94444444444433,-45.5,0.0,5.344021622138884,1.0,2.0,0.0023809523809523725,0.3647625763986836,171.736834787506,378.2821513198237,214.05555555555566,420.0000000000015,-210.00000000000074,-396.6666666666674,-210.00000000000074,0.0,0.0,0.0,0.0
92.0,-46.0,-86.88888888888877,-46.0,0.0,5.335144574479543,1.0,2.0,0.0023809523809523725,0.36714352877963596,166.6846932742492,379.71311548848195,213.1111111111112,420.0000000000015,-210.00000000000074,-396.6666666666674,-210.00000000000074,0.0,0.0,0.0,0.0
93.0,-46.5,-87.83333333333321,-46.5,0.0,5.326176754119209,1.0,2.0,0.0023809523809523725,0.36952448116058834,161.6214526748497,381.0694997039867,212.1666666666668,420.0000000000015,-210.00000000000074,-396.6666666666674,-210.00000000000074,0.0,0.0,0.0,0.0
94.0,-47.0,-88.77777777777766,-47.0,0.0,5.317118386440868,1.0,2.0,0.0023809523809523725,0.3719054335415407,156.5482952667995,382.3512354567575,211.22222222222234,420.0000000000015,-210.00000000000074,-396.6666666666674,-210.00000000000074,0.0,0.0,0.0,0.0
95.0,-47.5,-89.7222222222221,-47.5,0.0,5.307969699478955,1.0,2.0,0.0023809523809523725,0.3742863859224931,151.46640335438335,383.5582738208802,210.27777777777789,420.0000000000015,-210.00000000000074,-396.6666666666674,-210.00000000000074,0.0,0.0,0.0,0.0
96.0,-48.0,-90.66666666666654,-48.0,0.0,5.298730923926896,1.0,2.0,0.0023809523809523725,0.37666733830344545,146.37695893618383,384.6905854430033,209.33333333333348,420.0000000000015,-210.00000000000074,-396.6666666666674,-210.00000000000074,0.0,0.0,0.0,0.0
97.0,-48.5,-91.61111111111099,-48.5,0.0,5.2894022931469244,1.0,2.0,0.002380952380952428,0.3790482906843979,141.28114337290484,385.74816052551495,208.38888888888903,419.9999999999917,-209.99999999999585,-396.66666666665816,-209.99999999999585,-4.10636857850469e-09,2.053184289252345e-09,3.89150045521084e-09,2.053184289252345e-09
98.0,-49.0,-92.55555555555543,-49.0,0.0,5.279984043178615,1.0,2.0,0.0023809523809523725,0.38142924306535025,136.18013705561373,386.7310088040071,207.44444444444457,420.0000000000015,-210.00000000000074,-396.6666666666674,-210.00000000000074,4.106368578504786e-09,-2.053184289252393e-09,-3.891500455210931e-09,-2.053184289252393e-09
99.0,-49.5,-93.49999999999987,-49.5,0.0,5.2704764127492725,1.0,2.0,0.0023809523809523725,0.3838101954463026,131.07511907449964,387.63915951903533,206.5000000000001,420.0000000000015,-210.00000000000074,-396.6666666666674,-210.00000000000074,0.0,0.0,0.0,0.0
100.0,-50.0,-94.44444444444431,-50.0,0.0,5.26087964328271,1.0,2.0,0.0023809523809523725,0.386191147827255,125.9672668882487,388.4726613821862,205.55555555555566,420.0000000000015,-210.00000000000074,-396.6666666666674,-210.00000000000074,0.0,0.0,0.0,0.0
101.0,-50.5,-95.38888888888876,-50.5,0.0,5.251193978910695,1.0,2.0,0.0023809523809523725,0.38857210020820737,120.85775599413199,389.2315825364629,204.61111111111126,420.0000000000015,-210.00000000000074,-396.6666666666674,-210.00000000000074,0.0,0.0,0.0,0.0
102.0,-51.0,-96.3333333333332,-51.0,0.0,5.241419666481914,1.0,2.0,0.002380952380952428,0.3909530525891598,115.74775959890752,389.9160105110039,203.6666666666668,419.9999999999917,-209.99999999999585,-396.66666666665816,-209.99999999999585,-4.10636857850469e-09,2.053184289252345e-09,3.89150045521084e-09,2.053184289252345e-09
103.0,-51.5,-97.27777777777764,-51.5,0.0,5.23155695557352,1.0,2.0,0.0023809523809523725,0.39333400497011217,110.63844829063189,390.52605217015054,202.72222222222234,420.0000000000015,-210.00000000000074,-396.6666666666674,-210.00000000000074,4.106368578504786e-09,-2.053184289252393e-09,-3.891500455210931e-09,-2.053184289252393e-09
104.0,-52.0,-98.22222222222209,-52.0,0.0,5.221606098501267,1.0,2.0,0.0023809523809523725,0.39571495735106454,105.53098971148101,391.06183365687986,201.77777777777794,420.0000000000015,-210.00000000000074,-396.6666666666674,-210.00000000000074,0.0,0.0,0.0,0.0
105.0,-52.5,-99.16666666666653,-52.5,0.0,5.211567350331497,1.0,2.0,0.0023809523809523725,0.3980959097320169,100.42654823167594,391.52350033062254,200.83333333333348,420.0000000000015,-210.00000000000074,-396.6666666666674,-210.00000000000074,0.0,0.0,0.0,0.0
106.0,-53.0,-100.11111111111097,-53.0,0.0,5.201440968891766,1.0,2.0,0.0023809523809523725,0.4004768621129693,95.32628462461226,391.91121669948706,199.88888888888903,420.0000000000015,-210.00000000000074,-396.6666666666674,-210.00000000000074,0.0,0.0,0.0,0.0
107.0,-53.5,-101.05555555555542,-53.5,0.0,5.191227214783823,1.0,2.0,0.0023809523809523725,0.40285781449392166,90.23135574328798,392.2251663469115,198.94444444444457,420.0000000000015,-210.00000000000074,-396.6666666666674,-210.00000000000074,0.0,0.0,0.0,0.0
108.0,-54.0,-101.99999999999986,-54.0,0.0,5.180926351394078,1.0,2.0,0.0023809523809523725,0.40523876687487403,85.1429141981288,392.46555185276765,198.0000000000001,420.0000000000015,-210.00000000000074,-396.6666666666674,-210.00000000000074,0.0,0.0,0.0,0.0
109.0,-54.5,-102.9444444444443,-54.5,0.0,5.170538644907503,1.0,2.0,0.0023809523809523725,0.4076197192558264,80.06210803630363,392.63259470894326,197.0555555555557,420.0000000000015,-210.00000000000074,-396.6666666666674,-210.00000000000074,0.0,0.0,0.0,0.0
110.0,-55.0,-103.88888888888874,-55.0,0.0,5.160064364319674,1.0,2.0,0.002380952380952428,0.41000067163677884,74.99008042262776,392.72653522942966,196.11111111111126,419.9999999999917,-209.99999999999585,-396.66666666665816,-209.99999999999585,-4.10636857850469e-09,2.053184289252345e-09,3.89150045521084e-09,2.053184289252345e-09
111.0,-55.5,-104.83333333333319,-55.5,0.0,5.149503781449797,1.0,2.0,0.0023809523809523725,0.4123816240177312,69.9279693221481,392.7476324549443,195.1666666666668,420.0000000000015,-210.00000000000074,-396.6666666666674,-210.00000000000074,4.106368578504786e-09,-2.053184289252393e-09,-3.891500455210931e-09,-2.053184289252393e-09
112.0,-56.0,-105.77777777777763,-56.0,0.0,5.138857170954519,1.0,2.0,0.0023809523809523725,0.4147625763986836,64.87690718450425,392.696164052118,194.2222222222224,420.0000000000015,-210.00000000000074,-396.6666666666674,-210.00000000000074,0.0,0.0,0.0,0.0
113.0,-56.5,-106.72222222222207,-56.5,0.0,5.128124810341562,1.0,2.0,0.0023809523809523725,0.41714352877963595,59.83802063015977,392.57242620728016,193.27777777777794,420.0000000000015,-210.00000000000074,-396.6666666666674,-210.00000000000074,0.0,0.0,0.0,0.0
114.0,-57.0,-107.66666666666652,-57.0,0.0,5.117306979983859,1.0,2.0,0.0023809523809523725,0.4195244811605883,54.81243013859669,392.37673351487626,192.33333333333348,420.0000000000015,-210.00000000000074,-396.6666666666674,-210.00000000000074,0.0,0.0,0.0,0.0
115.0,-57.5,-108.61111111111096,-57.5,0.0,5.106403963133926,1.0,2.0,0.002380952380952428,0.42190543354154075,49.801249738566064,392.1094188605515,191.38888888888903,419.9999999999917,-209.99999999999585,-396.66666666665816,-209.99999999999585,-4.10636857850469e-09,2.053184289252345e-09,3.89150045521084e-09,2.053184289252345e-09
116.0,-58.0,-109.5555555555554,-58.0,0.0,5.095416045939344,1.0,2.0,0.0023809523809523725,0.4242863859224931,44.8055867004857,391.77083329894,190.44444444444457,420.0000000000015,-210.00000000000074,-396.6666666666674,-210.00000000000074,4.106368578504786e-09,-2.053184289252393e-09,-3.891500455210931e-09,-2.053184289252393e-09
117.0,-58.5,-110.49999999999984,-58.5,0.0,5.084343517457221,1.0,2.0,0.0023809523809523725,0.4266673383034455,39.82654123107782,391.36134592619663,189.50000000000017,420.0000000000015,-210.00000000000074,-396.6666666666674,-210.00000000000074,0.0,0.0,0.0,0.0
118.0,-59.0,-111.44444444444429,-59.0,0.0,5.0731866696708545,1.0,2.0,0.002381336868813033,0.42904867517225853,34.86520617033545,390.8813437473135,188.5555555555557,419.9321872921094,-209.9660936460547,-396.602621331436,-209.9660936460547,-28.476738751319452,14.238369375659726,26.89469770958346,14.238369375659726
119.0,-59.5,-112.38888888888873,-59.5,0.0,5.061945797505533,1.0,2.0,0.002394489391028265,0.4314431645632868,29.922666690908606,390.3312315382607,187.61111111111126,417.6255713417758,-208.8127856708879,-394.4241507116765,-208.8127856708879,-963.3018041241204,481.6509020620602,909.7850372283491,481.6509020620602
120.0,-60.0,-113.33333333333317,-60.0,0.0,5.0506211988442935,1.0,2.0,0.00241419811991761,0.4338573626832044,24.999999999999993,389.71143170299746,186.66666666666686,414.2162118965312,-207.1081059482656,-391.204200124501,-207.1081059482656,-1412.211954402879,706.1059772014395,1333.755734713825,706.1059772014395
121.0,-60.5,-114.27777777777762,-60.5,0.0,5.039213174546627,1.0,2.0,0.0024344016713956362,0.43629176435460004,20.0982750438559,389.0223841253974,185.7222222222224,410.7785546444776,-205.3892773222388,-387.9575238308949,-205.3892773222388,-1412.1158773616892,706.0579386808446,1333.6649952860153,706.0579386808446
122.0,-61.0,-115.22222222222206,-61.0,0.0,5.027722028464275,1.0,2.0,0.0024551211043569166,0.43874688545895696,15.21855221494325,388.2645460161342,184.77777777777794,407.31188299647465,-203.65594149823733,-384.6834450522254,-203.65594149823733,-1412.0165566785709,706.0082783392854,1333.5711924186683,706.0082783392854
123.0,-61.5,-116.1666666666665,-61.5,0.0,5.016148067460413,1.0,2.0,0.0024763787542021465,0.4412232642131591,10.361883061896654,387.4383917545762,183.83333333333348,403.8154495967583,-201.90772479837915,-381.38125795249334,-201.90772479837915,-1411.913825291581,705.9569126457905,1333.4741683309196,705.9569126457905
124.0,-62.0,-117.11111111111094,-62.0,0.0,5.004491601427161,1.0,2.0,0.0024981983340791047,0.4437214625472382,5.529310002323291,386.5444127257401,182.88888888888903,400.2884744411711,-200.14423722058555,-378.05022586110545,-200.14423722058555,-1411.8075044219104,705.9037522109552,1333.373754176245,705.9037522109552
125.0,-62.5,-118.05555555555539,-62.5,0.0,4.9927529433049935,1.0,2.0,0.0025206050461149543,0.44624206759335316,0.721866038549327,385.5831171523538,181.94444444444463,396.7301428445979,-198.36507142229894,-374.68957935323067,-198.36507142229894,-1411.6974025969416,705.8487012984708,1333.269769119359,705.8487012984708
126.0,-63.0,-118.99999999999983,-63.0,0.0,4.980932409102488,1.0,2.0,0.0025436257038244925,0.44878569329717766,-4.059425523607952,384.5550299220814,181.00000000000017,393.1396032428987,-196.56980162144936,-371.29851417384816,-196.56980162144936,-1411.5833144399246,705.7916572199623,1333.1620191932484,705.7916572199623
127.0,-63.5,-119.94444444444427,-63.5,0.0,4.969030317914796,1.0,2.0,0.002567288867048767,0.4513529821642264,-8.813551352957543,383.46069240996485,180.0555555555557,389.51596481215313,-194.75798240607656,-367.8761889892551,-194.75798240607656,-1411.4650194822636,705.7325097411318,1333.050296177686,705.7325097411318
128.0,-64.0,-120.88888888888872,-64.0,0.0,4.9570469919458295,1.0,2.0,0.0025916249909654354,0.45394460715519186,-13.539508367862336,382.3006622961361,179.1111111111113,385.85829488682265,-192.92914744341132,-364.4217229486652,-192.92914744341132,-1411.3422806468311,705.6711403234156,1332.9343761664602,705.6711403234156
129.0,-64.5,-121.83333333333316,-64.5,0.0,4.944982756528508,1.0,2.0,0.0026166665909415077,0.45656127374613337,-18.236304007893718,381.07551337885934,178.16666666666686,382.16561615524284,-191.08280807762142,-360.9341930355065,-191.08280807762142,-1411.2148427175562,705.6074213587781,1332.8140181221388,705.6074213587781
130.0,-65.0,-122.7777777777776,-65.0,0.0,4.932837940146054,1.0,2.0,0.002642448425256738,0.4592037221713901,-22.90295650213309,379.7858353829581,177.2222222222224,378.43690360875854,-189.21845180437927,-357.4126311860491,-189.21845180437927,-1411.0824305386486,705.5412152693243,1332.6889621753858,705.5412152693243
131.0,-65.5,-123.72222222222204,-65.5,0.0,4.920612874454271,1.0,2.0,0.0026690076980344646,0.46187272986942457,-27.538495134041835,378.4322337636902,176.27777777777794,374.6710812173488,-187.3355406086744,-353.8560211497177,-187.3355406086744,-1410.9447470619955,705.4723735309977,1332.558927780757,705.4723735309977
132.0,-66.0,-124.66666666666649,-66.0,0.0,4.9083078943045075,1.0,2.0,0.002696384285074127,0.4645691141544987,-32.14196050282166,377.0153295061291,175.33333333333348,370.8670183013282,-185.4335091506641,-350.26329506236493,-185.4335091506641,-1410.801471095215,705.4007355476075,1332.4236115899253,705.4007355476075
133.0,-66.5,-125.61111111111093,-66.5,0.0,4.895923337767121,1.0,2.0,0.0027246209857049175,0.4672937351402036,-36.712404781188155,375.5357589201151,174.38888888888908,367.0235255643378,-183.5117627821689,-346.63332969965177,-183.5117627821689,-1410.6522548111475,705.3261274055737,1332.2826850994159,705.3261274055737
134.0,-67.0,-126.55555555555537,-67.0,0.0,4.883459546154703,1.0,2.0,0.00275376380427933,0.47004749894448294,-41.24889196948098,373.9941734308403,173.44444444444463,363.13935074824025,-181.56967537412012,-342.9649423733374,-181.56967537412012,-1410.4967209103215,705.2483604551608,1332.1357919708694,705.2483604551608
135.0,-67.5,-127.49999999999982,-67.5,0.0,4.870916864047351,1.0,2.0,0.0027838622655206313,0.4728313612100036,-45.75049814603709,372.3912393651312,172.50000000000017,359.21317386475744,-179.60658693237872,-339.25688642782586,-179.60658693237872,-1410.3344594703021,705.1672297351511,1331.9825450552864,705.1672297351511
136.0,-68.0,-128.44444444444426,-68.0,0.0,4.8582956393173236,1.0,2.0,0.0028149697686423725,0.47564633097864595,-50.21631171375233,370.7276377334963,171.55555555555577,355.24360195253126,-177.62180097626563,-335.5078462885012,-177.62180097626563,-1410.1650243088227,705.0825121544113,1331.822522958318,705.0825121544113
137.0,-68.5,-129.38888888888872,-68.5,0.0,4.845596223155464,1.0,2.0,0.0028471439860033865,0.47849347496464933,-54.645433642759855,369.0040640080058,170.6111111111113,351.229163300493,-175.6145816502465,-331.7164320060256,-175.6145816502465,-1409.987928876564,704.993964438282,1331.655266159429,704.993964438282
138.0,-69.0,-130.33333333333317,-69.0,0.0,4.8328189700977395,1.0,2.0,0.002880447313074186,0.4813739222777235,-59.0369777091538,367.22122789607215,169.66666666666686,347.16830106944053,-173.58415053472027,-327.8811732322538,-173.58415053472027,-1409.8026416315383,704.9013208157692,1331.4802726520359,704.9013208157692
139.0,-69.5,-131.27777777777763,-69.5,0.0,4.819964238052455,1.0,2.0,0.0029149473777049795,0.4842888696554285,-63.39007072968761,365.3798531102009,168.7222222222224,343.0593662336808,-171.5296831168404,-324.00051255403616,-171.5296831168404,-1409.6085806512249,704.8042903256124,1331.2969928373036,704.8042903256124
140.0,-70.0,-132.2222222222221,-70.0,0.0,4.807032388327606,1.0,2.0,0.002950717618162235,0.48723958727359074,-67.70385279237846,363.480677133785,167.77777777777794,338.90060975161003,-169.45030487580502,-320.0727980987471,-169.45030487580502,-1409.4051075822451,704.7025537911226,1331.1048238276717,704.7025537911226
141.0,-70.5,-133.16666666666654,-70.5,0.0,4.79402378566113,1.0,2.0,0.002987837941182514,0.49022742521477325,-71.97747748295144,361.5244509830121,166.83333333333348,334.69017386004015,-167.34508693002007,-316.09627531226437,-167.34508693002007,-1409.1915205760786,704.5957602880393,1330.9031027663218,704.5957602880393
142.0,-71.0,-134.111111111111,-71.0,0.0,4.7809387982492595,1.0,2.0,0.0030263954734757736,0.493253820688249,-76.21011210705527,359.5119389649609,165.88888888888903,330.4260823690414,-165.2130411845207,-312.0690777929877,-165.2130411845207,-1408.9670462338772,704.4835231169386,1330.6910992209164,704.4835231169386
143.0,-71.5,-135.05555555555546,-71.5,0.0,4.767777797777236,1.0,2.0,0.003066485422776488,0.4963203061110255,-80.40093790818563,357.44391843195945,164.94444444444457,326.10622981359876,-163.05311490679938,-307.9892170461807,-163.05311490679938,-1408.730830206043,704.3654151030215,1330.4680063057103,704.3654151030215
144.0,-72.0,-135.99999999999991,-72.0,0.0,4.754541159450349,1.0,2.0,0.003108212067833016,0.4994285181788585,-84.54915028125262,355.32117953228305,164.0000000000001,321.728369292762,-160.864184646381,-303.8545709987237,-160.864184646381,-1408.4819263599686,704.2409631799843,1330.232930451108,704.2409631799843
145.0,-72.5,-136.94444444444437,-72.5,0.0,4.741229262026907,1.0,2.0,0.0031516899007926757,0.5025802080796512,-88.65395898173007,353.14452495726596,163.05555555555566,317.29009879699515,-158.64504939849758,-299.662871086055,-158.64504939849758,-1408.219284089655,704.1096420448275,1329.9848794180066,704.1096420448275
146.0,-73.0,-137.88888888888883,-73.0,0.0,4.7278424878492755,1.0,2.0,0.00319704495050821,0.5057772530301594,-92.71458833032419,350.91476968490826,162.1111111111112,312.7888457874318,-156.3944228937159,-295.411687688134,-156.3944228937159,-1407.941733458526,703.970866729263,1329.7227482664055,703.970866729263
147.0,-73.5,-138.8333333333333,-73.5,0.0,4.71438122287924,1.0,2.0,0.0032444163216389654,0.5090216693517984,-96.73027741310426,348.6327407200537,161.16666666666674,308.22184974548367,-154.11092487274183,-291.0984136485162,-154.11092487274183,-1407.647967829555,703.8239839147775,1329.4453029501715,703.8239839147775
148.0,-74.0,-139.77777777777774,-74.0,0.0,4.7008458567316795,1.0,2.0,0.0032939579924061713,0.5123156273442045,-100.70028027703546,346.2992768312207,160.22222222222229,303.5861423568185,-151.79307117840926,-286.7202455592213,-151.79307117840926,-1407.3365232198503,703.6682616099251,1329.1511608187582,703.6682616099251
149.0,-74.5,-140.7222222222222,-74.5,0.0,4.687236782711045,1.0,2.0,0.0033458409240030296,0.5156614682682076,-104.62386612085827,343.91522828416663,159.27777777777783,298.87852492508233,-149.43926246254117,-282.27416242924824,-149.43926246254117,-1407.0057539089187,703.5028769544593,1328.8387675806503,703.5028769544593
150.0,-75.0,-141.66666666666666,-75.0,0.0,4.673554397847101,1.0,2.0,0.003400255547596931,0.5190617238158045,-108.50031948125762,341.48145657226706,158.33333333333337,294.0955425267174,-147.0477712633587,-277.7569012752368,-147.0477712633587,-1406.653803342876,703.326901671438,1328.5063698238505,703.326901671438
151.0,-75.5,-142.61111111111111,-75.5,0.0,4.659799102932362,1.0,2.0,0.003457414711500628,0.5225191385273051,-112.32894041426884,338.9988341437944,157.3888888888889,289.23345431302573,-144.61672715651287,-273.16492907341683,-144.61672715651287,-1406.2785692206887,703.1392846103444,1328.1519820417889,703.1392846103444
152.0,-76.0,-143.55555555555557,-76.0,0.0,4.6459713025618194,1.0,2.0,0.0035175571926590044,0.5260366957199641,-116.10904467186845,336.4682441261773,156.44444444444446,284.28819923296726,-142.14409961648363,-268.4944103866949,-142.14409961648363,-1405.8776614575065,702.9388307287533,1327.7733469321058,702.9388307287533
153.0,-76.5,-144.50000000000003,-76.5,0.0,4.6320714051711445,1.0,2.0,0.0035809519047754756,0.5296176476247396,-119.83996387369724,333.8905800473285,155.5,279.2553562828987,-139.62767814144934,-263.74116982274114,-139.62767814144934,-1405.448351137277,702.7241755686385,1327.3678871852273,702.7241755686385
154.0,-77.0,-145.44444444444449,-77.0,0.0,4.618099823078006,1.0,2.0,0.003647902972559125,0.5332655505972987,-123.52104567386723,331.26674555412427,154.55555555555554,274.13009817486096,-137.06504908743048,-258.900648276261,-137.06504908743048,-1404.9875083278803,702.4937541639401,1326.9326467541325,702.4937541639401
155.0,-77.5,-146.38888888888894,-77.5,0.0,4.604056972523685,1.0,2.0,0.0037187558909937968,0.5369843064882925,-127.15165392280431,328.5976541281233,153.6111111111111,268.907137040598,-134.453568520299,-253.96785164945706,-134.453568520299,-1404.4915254889668,702.2457627444834,1326.4642185173652,702.2457627444834
156.0,-78.0,-147.3333333333334,-78.0,0.0,4.589943273716499,1.0,2.0,0.003793905054980007,0.5407782115432725,-130.73116882408036,325.8842287986115,152.66666666666663,263.5806604299089,-131.79033021495445,-248.93729040602838,-131.79033021495445,-1403.9562228098953,701.9781114049476,1325.9586548760349,701.9781114049476
157.0,-78.5,-148.27777777777786,-78.5,0.0,4.575759150874746,1.0,2.0,0.0038738030349471098,0.5446520145782197,-134.25898708618874,323.1274018530622,151.72222222222217,258.1442553941448,-129.0721276970724,-243.80290787225115,-129.0721276970724,-1403.376729978302,701.688364989151,1325.4113560906248,701.688364989151
158.0,-79.0,-149.2222222222223,-79.0,0.0,4.561505032273042,1.0,2.0,0.003958972098081159,0.5486109866763008,-137.73452206922127,320.3281145450984,150.77777777777771,252.5908178248292,-126.2954089124146,-238.5579946123419,-126.2954089124146,-1402.7473373725604,701.3736686862802,1324.8169297407694,701.3736686862802
159.0,-79.5,-150.16666666666677,-79.5,0.0,4.547181350287922,1.0,2.0,0.00405001864744281,0.5526610053237436,-141.15720392640355,317.4873168000487,149.83333333333326,246.91244338625503,-123.45622169312752,-233.19508542035507,-123.45622169312752,-1402.0613070904017,701.0306535452008,1324.169012252075,701.0306535452008
160.0,-80.0,-151.11111111111123,-80.0,0.0,4.532788541446158,1.0,2.0,0.004147651494746163,0.5568086568184898,-144.5264797404491,314.6059669181858,148.8888888888888,241.10029525544797,-120.55014762772399,-227.70583440792612,-120.55014762772399,-1401.3106304059822,700.6553152029911,1323.460039827887,700.6553152029911
161.0,-80.5,-152.05555555555569,-80.5,0.0,4.518327046474055,1.0,2.0,0.0042527052311436275,0.5610613620496334,-147.84181365469396,311.6850312757392,147.94444444444434,235.1444423367858,-117.5722211683929,-222.08086220696734,-117.5722211683929,-1400.4857131987349,700.2428565993674,1322.6809513543749,700.2428565993674
162.0,-81.0,-153.00000000000014,-81.0,0.0,4.503797310346785,1.0,2.0,0.004366170467385633,0.565427532517019,-151.10268699897304,308.72548402377396,146.9999999999999,229.03365946652517,-114.51682973326258,-216.30956727394332,-114.51682973326258,-1399.5749629811496,699.7874814905748,1321.8207983711063,699.7874814905748
163.0,-81.5,-153.9444444444446,-81.5,0.0,4.489199782341067,1.0,2.0,0.004489233465310161,0.5699167659823292,-154.30859841020444,305.7283067850266,146.05555555555543,222.75517807824906,-111.37758903912453,-210.37989040723804,-111.37758903912453,-1398.5642397064164,699.2821198532082,1320.8662263894084,699.2821198532082
164.0,-82.0,-154.88888888888906,-82.0,0.0,4.4745349160881105,1.0,2.0,0.004623328815397287,0.5745400947977265,-157.45906394764737,302.69448834879245,145.11111111111097,216.2943714212265,-108.14718571061324,-204.2780174533833,-108.14718571061324,-1397.4361147547731,698.7180573773866,1319.80077504619,698.7180573773866
165.0,-82.5,-155.8333333333335,-82.5,0.0,4.459803169628191,1.0,2.0,0.00477021056160698,0.5793103053593335,-160.55361720280078,299.6250243639568,144.16666666666652,209.63435200292747,-104.81717600146374,-197.9879991138786,-104.81717600146374,-1396.168855082028,698.084427541014,1318.6039186886003,698.084427541014
166.0,-83.0,-156.77777777777797,-83.0,0.0,4.445005005466603,1.0,2.0,0.004932049932016902,0.5842423552913504,-163.5918094039125,296.52091703026406,143.22222222222206,202.75544931295173,-101.37772465647586,-191.49125768445697,-101.37772465647586,-1394.7350056861046,697.3675028430523,1317.2497275924513,697.3675028430523
167.0,-83.5,-157.72222222222243,-83.5,0.0,4.430140890631609,1.0,2.0,0.005111572303976852,0.5893539275953272,-166.57320951507046,293.3831747879198,142.2777777777776,195.63452114763012,-97.81726057381506,-184.76593663943092,-97.81726057381506,-1393.0993717493639,696.5496858746819,1315.7049622077507,696.5496858746819
168.0,-84.0,-158.66666666666688,-84.0,0.0,4.415211296733565,1.0,2.0,0.005312253499653363,0.5946661810949806,-169.49740432984783,290.21281200562015,141.33333333333314,188.24402865285933,-94.12201432642966,-177.7860270610362,-94.12201432642966,-1391.2160809443758,695.6080404721879,1313.9262986697013,695.6080404721879
169.0,-84.5,-159.61111111111134,-84.5,0.0,4.400216700026019,1.0,2.0,0.005538608412073542,0.6002047895070541,-172.36399855947684,287.0108486671037,140.3888888888887,180.55076755744506,-90.27538377872253,-170.5201693598115,-90.27538377872253,-1389.0241957968774,694.5120978984387,1311.856184919296,694.5120978984387
170.0,-85.0,-160.5555555555558,-85.0,0.0,4.385157581468069,1.0,2.0,0.0057966281474723935,0.6060014176545265,-175.17261491552713,283.7783100563224,139.44444444444423,172.5140848367249,-86.25704241836245,-162.9299690124646,-86.25704241836245,-1386.4409646881597,693.2204823440799,1309.416466649941,693.2204823440799
171.0,-85.5,-161.50000000000026,-85.5,0.0,4.3700344267882105,1.0,2.0,0.006094465452634035,0.6120958831071606,-177.92289418706633,280.5162264413282,138.49999999999977,164.08329947424656,-82.04164973712328,-154.96756061456827,-82.04164973712328,-1383.3510794346266,691.6755397173133,1306.4982416882785,691.6755397173133
172.0,-86.0,-162.4444444444447,-86.0,0.0,4.3548477265516174,1.0,2.0,0.006443554582672872,0.6185394376898334,-180.61449531228277,277.22563275696916,137.55555555555532,155.1938432692203,-77.59692163461015,-146.5719630875989,-77.59692163461015,-1379.5888730314416,689.7944365157208,1302.9450467519378,689.7944365157208
173.0,-86.5,-163.38888888888917,-86.5,0.0,4.339597976226754,1.0,2.0,0.0068605341878797965,0.6253999718777132,-183.24709544455024,273.90756828649626,136.61111111111086,145.76124433089421,-72.88062216544711,-137.66339742362416,-72.88062216544711,-1374.9073585246833,687.4536792623417,1298.5236163844372,687.4536792623417
174.0,-87.0,-164.33333333333363,-87.0,0.0,4.32428567625588,1.0,2.0,0.007370757911654202,0.6327707297893674,-185.82039001291872,270.5630763421742,135.6666666666664,135.67125823232638,-67.83562911616319,-128.13396610830998,-67.83562911616319,-1368.92110953938,684.46055476969,1292.8699367872084,684.46055476969
175.0,-87.5,-165.27777777777808,-87.5,0.0,4.3089113321267405,1.0,2.0,0.008015222637608677,0.6407859524269761,-188.33409277701512,267.1932039449962,134.72222222222194,124.76259802289755,-62.381299011448775,-117.8313425771826,-62.381299011448775,-1360.9927886773467,680.4963943386733,1285.382078195291,680.4963943386733
176.0,-88.0,-166.22222222222254,-88.0,0.0,4.293475454446081,1.0,2.0,0.00886571898961841,0.6496516714165945,-190.78793587633962,263.799001503599,133.7777777777775,112.79401040919312,-56.39700520459656,-106.5276764975727,-56.39700520459656,-1349.9849958835173,674.9924979417586,1274.9858294455619,674.9924979417586
177.0,-88.5,-167.166666666667,-88.5,0.0,4.277978559015148,1.0,2.0,0.010063043148627049,0.6597147145652216,-193.18166987394656,260.3815224924781,132.83333333333303,99.37351805317807,-49.68675902658904,-93.852767050225,-49.68675902658904,-1333.6415394229996,666.8207697114998,1259.5503427884041,666.8207697114998
178.0,-89.0,-168.11111111111146,-89.0,0.0,4.2624211669082985,1.0,2.0,0.011936628297426366,0.6716513428626479,-195.51506379449836,256.941823129598,131.88888888888857,83.77575099792695,-41.887875498963474,-79.12154260915429,-41.887875498963474,-1306.7146489443867,653.3573244721933,1234.1193906697154,653.3573244721933
179.0,-89.5,-169.0555555555559,-89.5,0.0,4.246803804552472,1.0,2.0,0.015556116863380542,0.6872074597260285,-197.78790515668484,253.4809620534995,130.94444444444412,64.28339467891392,-32.14169733945696,-60.712094974530636,-32.14169733945696,-1253.0348344771362,626.5174172385681,1183.4217881173108,626.5174172385681
180.0,-90.0,-170.00000000000037,-90.0,0.0,4.231127003809608,1.0,2.0,0.03755578830943396,0.7247632480354624,-200.00000000000003,250.00000000000003,129.99999999999966,26.627053911388714,-13.313526955694357,-25.147773138534124,-13.313526955694357,-1002.6774157225184,501.3387078612592,946.9731148490579,501.3387078612592
179.0,-89.5,-169.0555555555559,-89.5,0.0,4.231127003809608,1.0,3.0,0.0,0.7247632480354624,-197.78790515668484,253.4809620534995,130.94444444444412,0.0,0.0,0.0,0.0,0.0,0.0,0.0,0.0
178.0,-89.0,-168.11111111111146,-89.0,0.0,4.246803804552472,1.0,3.0,0.05311190517281447,0.7778751532082769,-195.51506379449836,256.941823129598,131.88888888888857,-18.82817038376272,9.41408519188136,17.78216091799836,9.41408519188136,-354.49999999999966,177.24999999999983,334.80555555555964,177.24999999999983
177.0,-88.5,-167.166666666667,-88.5,0.0,4.2624211669082985,1.0,3.0,0.011936628297426463,0.7898117815057034,-193.18166987394656,260.3815224924781,132.83333333333303,-83.77575099792618,41.88787549896309,79.12154260915355,41.88787549896309,-5441.032341449895,2720.5161707249476,5138.7527669249685,2720.5161707249476
176.0,-88.0,-166.22222222222254,-88.0,0.0,4.277978559015148,1.0,3.0,0.010063043148627035,0.7998748246543305,-190.78793587633962,263.799001503599,133.7777777777775,-99.37351805317807,49.68675902658904,93.852767050225,49.68675902658904,-1550.0049860543402,775.0024930271701,1463.8935979402315,775.0024930271701
175.0,-87.5,-165.27777777777808,-87.5,0.0,4.293475454446081,1.0,3.0,0.008865718989618326,0.8087405436439488,-188.33409277701512,267.1932039449962,134.72222222222194,-112.79401040919453,56.397005204597264,106.52767649757403,56.397005204597264,-1513.7511545010354,756.8755772505177,1429.6538681398854,756.8755772505177
174.0,-87.0,-164.33333333333363,-87.0,0.0,4.3089113321267405,1.0,3.0,0.008015222637608649,0.8167557662815574,-185.82039001291872,270.5630763421742,135.6666666666664,-124.76259802289755,62.381299011448775,117.8313425771826,62.381299011448775,-1493.2320853502608,746.6160426751304,1410.2747472752653,746.6160426751304
173.0,-86.5,-163.38888888888917,-86.5,0.0,4.32428567625588,1.0,3.0,0.007370757911654244,0.8241265241932116,-183.24709544455024,273.90756828649626,136.61111111111086,-135.67125823232638,67.83562911616319,128.13396610830998,67.83562911616319,-1479.9916562421226,739.9958281210613,1397.769897562025,739.9958281210613
172.0,-86.0,-162.4444444444447,-86.0,0.0,4.339597976226754,1.0,3.0,0.006860534187879755,0.8309870583810914,-180.61449531228277,277.22563275696916,137.55555555555532,-145.76124433089421,72.88062216544711,137.66339742362416,72.88062216544711,-1470.7289290086724,735.3644645043362,1389.0217662859854,735.3644645043362
171.0,-85.5,-161.50000000000026,-85.5,0.0,4.3548477265516174,1.0,3.0,0.006443554582673011,0.8374306129637644,-177.92289418706633,280.5162264413282,138.49999999999977,-155.19384326921764,77.59692163460882,146.5719630875964,77.59692163460882,-1463.8812812555539,731.9406406277769,1382.5545434080416,731.9406406277769
170.0,-85.0,-160.5555555555558,-85.0,0.0,4.3700344267882105,1.0,3.0,0.006094465452633924,0.8435250784163983,-175.17261491552713,283.7783100563224,139.44444444444423,-164.08329947424957,82.04164973712479,154.9675606145711,82.04164973712479,-1458.6113046534808,729.3056523267404,1377.5773432838605,729.3056523267404
169.0,-84.5,-159.61111111111134,-84.5,0.0,4.385157581468069,1.0,3.0,0.0057966281474723935,0.8493217065638707,-172.36399855947684,287.0108486671037,140.3888888888887,-172.5140848367249,86.25704241836245,162.9299690124646,86.25704241836245,-1454.4292212622856,727.2146106311428,1373.6275978588471,727.2146106311428
168.0,-84.0,-158.66666666666688,-84.0,0.0,4.400216700026019,1.0,3.0,0.005538608412073598,0.8548603149759444,-169.49740432984783,290.21281200562015,141.33333333333314,-180.55076755744145,90.27538377872072,170.52016935980808,90.27538377872072,-1451.0292338410009,725.5146169205004,1370.4164986276244,725.5146169205004
167.0,-83.5,-157.72222222222243,-83.5,0.0,4.415211296733565,1.0,3.0,0.005312253499653419,0.8601725684755979,-166.57320951507046,293.3831747879198,142.2777777777776,-188.2440286528554,94.1220143264277,177.78602706103248,94.1220143264277,-1448.210462079003,724.1052310395015,1367.7543252968571,724.1052310395015
166.0,-83.0,-156.77777777777797,-83.0,0.0,4.430140890631609,1.0,3.0,0.005111572303976825,0.8652841407795747,-163.5918094039125,296.52091703026406,143.22222222222206,-195.63452114763012,97.81726057381506,184.76593663943092,97.81726057381506,-1445.8354602604065,722.9177301302033,1365.5112680237346,722.9177301302033
165.0,-82.5,-155.8333333333335,-82.5,0.0,4.445005005466603,1.0,3.0,0.004932049932016902,0.8702161907115916,-160.55361720280078,299.6250243639568,144.16666666666652,-202.75544931295173,101.37772465647586,191.49125768445697,101.37772465647586,-1443.8069896850343,721.9034948425171,1363.5954902581068,721.9034948425171
164.0,-82.0,-154.88888888888906,-82.0,0.0,4.459803169628191,1.0,3.0,0.004770210561606925,0.8749864012731985,-157.45906394764737,302.69448834879245,145.11111111111097,-209.63435200293236,104.81717600146618,197.9879991138832,104.81717600146618,-1442.0543079053186,721.0271539526593,1361.9401796883735,721.0271539526593
163.0,-81.5,-153.9444444444446,-81.5,0.0,4.4745349160881105,1.0,3.0,0.004623328815397287,0.8796097300885958,-154.30859841020444,305.7283067850266,146.05555555555543,-216.2943714212265,108.14718571061324,204.2780174533833,108.14718571061324,-1440.5247137330907,720.2623568665454,1360.4955629701626,720.2623568665454
162.0,-81.0,-153.00000000000014,-81.0,0.0,4.489199782341067,1.0,3.0,0.004489233465310188,0.8840989635539059,-151.10268699897304,308.72548402377396,146.9999999999999,-222.75517807824906,111.37758903912453,210.37989040723804,111.37758903912453,-1439.1781374142004,719.5890687071002,1359.2237964467606,719.5890687071002
161.0,-80.5,-152.05555555555569,-80.5,0.0,4.503797310346785,1.0,3.0,0.0043661704673855495,0.8884651340212915,-147.84181365469396,311.6850312757392,147.94444444444434,-229.033659466531,114.5168297332655,216.30956727394883,114.5168297332655,-1437.9835682507166,718.9917841253583,1358.0955922368062,718.9917841253583
160.0,-80.0,-151.11111111111123,-80.0,0.0,4.518327046474055,1.0,3.0,0.0042527052311436275,0.8927178392524351,-144.5264797404491,314.6059669181858,148.8888888888888,-235.1444423367858,117.5722211683929,222.08086220696734,117.5722211683929,-1436.9166302672502,718.4583151336251,1357.087928585755,718.4583151336251
159.0,-79.5,-150.16666666666677,-79.5,0.0,4.532788541446158,1.0,3.0,0.004147651494746246,0.8968654907471814,-141.15720392640355,317.4873168000487,149.83333333333326,-241.10029525544152,120.55014762772076,227.70583440792004,120.55014762772076,-1435.9578971858778,717.9789485929389,1356.182458453346,717.9789485929389
158.0,-79.0,-149.2222222222223,-79.0,0.0,4.547181350287922,1.0,3.0,0.004050018647442838,0.9009155093946242,-137.73452206922127,320.3281145450984,150.77777777777771,-246.91244338625503,123.45622169312752,233.19508542035507,123.45622169312752,-1435.091696302019,717.5458481510095,1355.3643798408084,717.5458481510095
157.0,-78.5,-148.27777777777786,-78.5,0.0,4.561505032273042,1.0,3.0,0.003958972098081132,0.9048744814927053,-134.25898708618874,323.1274018530622,151.72222222222217,-252.5908178248292,126.2954089124146,238.5579946123419,126.2954089124146,-1434.3052433550542,717.1526216775271,1354.6216187242474,717.1526216775271
156.0,-78.0,-147.3333333333334,-78.0,0.0,4.575759150874746,1.0,3.0,0.003873803034947082,0.9087482845276524,-130.73116882408036,325.8842287986115,152.66666666666663,-258.1442553941448,129.0721276970724,243.80290787225115,129.0721276970724,-1433.5880062088463,716.7940031044232,1353.944228086151,716.7940031044232
155.0,-77.5,-146.38888888888894,-77.5,0.0,4.589943273716499,1.0,3.0,0.0037939050549800346,0.9125421895826324,-127.15165392280431,328.5976541281233,153.6111111111111,-263.5806604299089,131.79033021495445,248.93729040602838,131.79033021495445,-1432.931229691183,716.4656148455915,1353.3239391527904,716.4656148455915
154.0,-77.0,-145.44444444444449,-77.0,0.0,4.604056972523685,1.0,3.0,0.0037187558909937413,0.9162609454736261,-123.52104567386723,331.26674555412427,154.55555555555554,-268.907137040606,134.453568520303,253.96785164946465,134.453568520303,-1432.3275758963114,716.1637879481557,1352.7538216798778,716.1637879481557
153.0,-76.5,-144.50000000000003,-76.5,0.0,4.618099823078006,1.0,3.0,0.0036479029725591527,0.9199088484461853,-119.83996387369724,333.8905800473285,155.5,-274.13009817486096,137.06504908743048,258.900648276261,137.06504908743048,-1431.7708484967911,715.8854242483956,1352.2280235803053,715.8854242483956
152.0,-76.0,-143.55555555555557,-76.0,0.0,4.6320714051711445,1.0,3.0,0.003580951904775559,0.9234898003509608,-116.10904467186845,336.4682441261773,156.44444444444446,-279.25535628289,139.627678141445,263.74116982273296,139.627678141445,-1431.2557789994135,715.6278894997067,1351.7415690550333,715.6278894997067
151.0,-75.5,-142.61111111111111,-75.5,0.0,4.6459713025618194,1.0,3.0,0.003517557192658949,0.9270073575436197,-112.32894041426884,338.9988341437944,157.3888888888889,-284.28819923297624,142.14409961648812,268.49441038670335,142.14409961648812,-1430.7778593024032,715.3889296512016,1351.2902004522796,715.3889296512016
150.0,-75.0,-141.66666666666666,-75.0,0.0,4.659799102932362,1.0,3.0,0.0034574147115006837,0.9304647722551205,-108.50031948125762,341.48145657226706,158.33333333333337,-289.23345431301647,144.61672715650823,273.1649290734081,144.61672715650823,-1430.3332092590274,715.1666046295137,1350.8702531891006,715.1666046295137
149.0,-74.5,-140.7222222222222,-74.5,0.0,4.673554397847101,1.0,3.0,0.0034002555475968754,0.9338650278027174,-104.62386612085827,343.91522828416663,159.27777777777783,-294.0955425267174,147.0477712633587,277.7569012752368,147.0477712633587,-1429.918471021133,714.9592355105665,1350.4785559644322,714.9592355105665
148.0,-74.0,-139.77777777777774,-74.0,0.0,4.687236782711045,1.0,3.0,0.003345840924003002,0.9372108687267204,-100.70028027703546,346.2992768312207,160.22222222222229,-298.87852492508233,149.43926246254117,282.27416242924824,149.43926246254117,-1429.5307239659446,714.7653619829723,1350.1123504123047,714.7653619829723
147.0,-73.5,-138.8333333333333,-73.5,0.0,4.7008458567316795,1.0,3.0,0.0032939579924061435,0.9405048267191266,-96.73027741310426,348.6327407200537,161.16666666666674,-303.5861423568185,151.79307117840926,286.7202455592213,151.79307117840926,-1429.1674157925052,714.5837078962526,1349.7692260262597,714.5837078962526
146.0,-73.0,-137.88888888888883,-73.0,0.0,4.71438122287924,1.0,3.0,0.0032444163216390487,0.9437492430407657,-92.71458833032419,350.91476968490826,162.1111111111112,-308.2218497454731,154.11092487273655,291.09841364850627,154.11092487273655,-1428.8263062098672,714.4131531049336,1349.4470669760083,714.4131531049336
145.0,-72.5,-136.94444444444437,-72.5,0.0,4.7278424878492755,1.0,3.0,0.00319704495050821,0.9469462879912739,-88.65395898173007,353.14452495726596,163.05555555555566,-312.7888457874318,156.3944228937159,295.411687688134,156.3944228937159,-1428.505420680032,714.252710340016,1349.1440084200551,714.252710340016
144.0,-72.0,-135.99999999999991,-72.0,0.0,4.741229262026907,1.0,3.0,0.0031516899007926202,0.9500979778920665,-84.54915028125262,355.32117953228305,164.0000000000001,-317.2900987970008,158.6450493985004,299.6628710860603,158.6450493985004,-1428.20301211644,714.10150605822,1348.8584003322044,714.10150605822
143.0,-71.5,-135.05555555555546,-71.5,0.0,4.754541159450349,1.0,3.0,0.003108212067833044,0.9532061899598996,-80.40093790818563,357.44391843195945,164.94444444444457,-321.72836929275627,160.86418464637813,303.8545709987183,160.86418464637813,-1427.9175290795665,713.9587645397833,1348.5887774640503,713.9587645397833
142.0,-71.0,-134.111111111111,-71.0,0.0,4.767777797777236,1.0,3.0,0.003066485422776488,0.956272675382676,-76.21011210705527,359.5119389649609,165.88888888888903,-326.10622981360467,163.05311490680234,307.9892170461863,163.05311490680234,-1427.6475891036957,713.8237945518479,1348.3338341535057,713.8237945518479
141.0,-70.5,-133.16666666666654,-70.5,0.0,4.7809387982492595,1.0,3.0,0.003026395473475746,0.9592990708561517,-71.97747748295144,361.5244509830121,166.83333333333348,-330.42608236904744,165.21304118452372,312.0690777929934,165.21304118452372,-1427.3919563068712,713.6959781534356,1348.0924031787356,713.6959781534356
140.0,-70.0,-132.2222222222221,-70.0,0.0,4.79402378566113,1.0,3.0,0.0029878379411825695,0.9622869087973343,-67.70385279237846,363.480677133785,167.77777777777794,-334.69017386004015,167.34508693002007,316.09627531226437,167.34508693002007,-1427.1495224754685,713.5747612377343,1347.863437893514,713.5747612377343
139.0,-69.5,-131.27777777777763,-69.5,0.0,4.807032388327606,1.0,3.0,0.0029507176181622075,0.9652376264154965,-63.39007072968761,365.3798531102009,168.7222222222224,-338.90060975161003,169.45030487580502,320.0727980987471,169.45030487580502,-1426.9192909730984,713.4596454865492,1347.6459970301744,713.4596454865492
138.0,-69.0,-130.33333333333317,-69.0,0.0,4.819964238052455,1.0,3.0,0.0029149473777049795,0.9681525737932015,-59.0369777091538,367.22122789607215,169.66666666666686,-343.05936623367427,171.52968311683713,324.00051255403,171.52968311683713,-1426.700363057141,713.3501815285705,1347.4392317761963,713.3501815285705
137.0,-68.5,-129.38888888888872,-68.5,0.0,4.8328189700977395,1.0,3.0,0.002880447313074186,0.9710330211062757,-54.645433642759855,369.0040640080058,170.6111111111113,-347.16830106944724,173.58415053472362,327.8811732322601,173.58415053472362,-1426.4919261403702,713.2459630701851,1347.242374688143,713.2459630701851
136.0,-68.0,-128.44444444444426,-68.0,0.0,4.845596223155464,1.0,3.0,0.0028471439860034142,0.973880165092279,-50.21631171375233,370.7276377334963,171.55555555555577,-351.229163300493,175.6145816502465,331.7164320060256,175.6145816502465,-1426.2932436887709,713.1466218443854,1347.0547301505424,713.1466218443854
135.0,-67.5,-127.49999999999982,-67.5,0.0,4.8582956393173236,1.0,3.0,0.002814969768642317,0.9766951348609214,-45.75049814603709,372.3912393651312,172.50000000000017,-355.24360195253126,177.62180097626563,335.5078462885012,177.62180097626563,-1426.1036465675427,713.0518232837713,1346.8756662008889,713.0518232837713
134.0,-67.0,-126.55555555555537,-67.0,0.0,4.870916864047351,1.0,3.0,0.002783862265520687,0.9794789971264422,-41.24889196948098,373.9941734308403,173.44444444444463,-359.2131738647431,179.60658693237156,339.25688642781233,179.60658693237156,-1425.9225254699552,712.9612627349776,1346.7046073882761,712.9612627349776
133.0,-66.5,-125.61111111111093,-66.5,0.0,4.883459546154703,1.0,3.0,0.0027537638042792745,0.9822327609307214,-36.712404781188155,375.5357589201151,174.38888888888908,-363.1393507482476,181.5696753741238,342.96494237334434,181.5696753741238,-1425.7493243985905,712.8746621992952,1346.5410285986734,712.8746621992952
132.0,-66.0,-124.66666666666649,-66.0,0.0,4.895923337767121,1.0,3.0,0.0027246209857049175,0.9849573819164263,-32.14196050282166,377.0153295061291,175.33333333333348,-367.0235255643378,183.5117627821689,346.63332969965177,183.5117627821689,-1425.5835349096365,712.7917674548182,1346.3844496368858,712.7917674548182
131.0,-65.5,-123.72222222222204,-65.5,0.0,4.9083078943045075,1.0,3.0,0.0026963842850741826,0.9876537662015006,-27.538495134041835,378.4322337636902,176.27777777777794,-370.8670183013129,185.43350915065645,350.2632950623505,185.43350915065645,-1425.4246912247158,712.7123456123579,1346.2344306011205,712.7123456123579
130.0,-65.0,-122.7777777777776,-65.0,0.0,4.920612874454271,1.0,3.0,0.0026690076980344646,0.990322773899535,-22.90295650213309,379.7858353829581,177.2222222222224,-374.6710812173488,187.3355406086744,353.8560211497177,187.3355406086744,-1425.2723657699871,712.6361828849936,1346.0905676716534,712.6361828849936
129.0,-64.5,-121.83333333333316,-64.5,0.0,4.932837940146054,1.0,3.0,0.0026424484252566827,0.9929652223247918,-18.236304007893718,381.07551337885934,178.16666666666686,-378.43690360875854,189.21845180437927,357.4126311860491,189.21845180437927,-1425.1261653456384,712.5630826728192,1345.9524894930862,712.5630826728192
128.0,-64.0,-120.88888888888872,-64.0,0.0,4.944982756528508,1.0,3.0,0.0026166665909415077,0.9955818889157333,-13.539508367862336,382.3006622961361,179.1111111111113,-382.16561615524284,191.08280807762142,360.9341930355065,191.08280807762142,-1424.9857277929582,712.4928638964791,1345.8198540266778,712.4928638964791
127.0,-63.5,-119.94444444444427,-63.5,0.0,4.9570469919458295,1.0,3.0,0.0025916249909654354,0.9981735139066987,-8.813551352957543,383.46069240996485,180.0555555555557,-385.85829488682265,192.92914744341132,364.4217229486652,192.92914744341132,-1424.8507189322181,712.4253594661091,1345.6923456582083,712.4253594661091
126.0,-63.0,-118.99999999999983,-63.0,0.0,4.969030317914796,1.0,3.0,0.0025672888670488225,1.0007408027737474,-4.059425523607952,384.5550299220814,181.00000000000017,-389.51596481216154,194.75798240608077,367.8761889892631,194.75798240608077,-1424.720829932806,712.360414966403,1345.5696727143304,712.360414966403
125.0,-62.5,-118.05555555555539,-62.5,0.0,4.980932409102488,1.0,3.0,0.0025436257038244925,1.003284428477572,0.721866038549327,385.5831171523538,181.94444444444463,-393.1396032428987,196.56980162144936,371.29851417384816,196.56980162144936,-1424.5957749557326,712.2978874778663,1345.4515652359573,712.2978874778663
124.0,-62.0,-117.11111111111094,-62.0,0.0,4.9927529433049935,1.0,3.0,0.0025206050461148988,1.0058050335236868,5.529310002323291,386.5444127257401,182.88888888888903,-396.73014284461533,198.36507142230766,374.6895793532472,198.36507142230766,-1424.4752890782806,712.2376445391403,1345.337773018386,712.2376445391403
123.0,-61.5,-116.1666666666665,-61.5,0.0,5.004491601427161,1.0,3.0,0.0024981983340791047,1.0083032318577658,10.361883061896654,387.4383917545762,183.83333333333348,-400.28847444118,200.14423722059,378.0502258611138,200.14423722059,-1424.3591263447317,712.1795631723659,1345.2280637699967,712.1795631723659
122.0,-61.0,-115.22222222222206,-61.0,0.0,5.016148067460413,1.0,3.0,0.002476378754202202,1.010779610611968,15.21855221494325,388.2645460161342,184.77777777777794,-403.8154495967583,201.90772479837915,381.38125795249334,201.90772479837915,-1424.2470581664359,712.1235290832179,1345.1222216016592,712.1235290832179
121.0,-60.5,-114.27777777777762,-60.5,0.0,5.027722028464275,1.0,3.0,0.0024551211043569166,1.0132347317163248,20.0982750438559,389.0223841253974,185.7222222222224,-407.31188299648386,203.65594149824193,384.6834450522341,203.65594149824193,-1424.1388718140158,712.0694359070079,1345.020045602108,712.0694359070079
120.0,-60.0,-113.33333333333317,-60.0,0.0,5.039213174546627,1.0,3.0,0.0024344016713955807,1.0156691333877204,24.999999999999993,389.71143170299746,186.66666666666686,-410.77855464449635,205.38927732224818,387.9575238309126,205.38927732224818,-1424.0343689976262,712.0171844988131,1344.9213484977606,712.0171844988131
119.0,-59.5,-112.38888888888873,-59.5,0.0,5.0506211988442935,1.0,3.0,0.0024141981199176654,1.018083331507638,29.922666690908606,390.3312315382607,187.61111111111126,-414.21621189651216,207.10810594825608,391.20420012448307,207.10810594825608,-1423.9333647285628,711.9666823642814,1344.825955576976,711.9666823642814
118.0,-59.0,-111.44444444444429,-59.0,0.0,5.061945797505533,1.0,3.0,0.0023944893910282095,1.0204778208986662,34.86520617033545,390.8813437473135,188.5555555555557,-417.6255713417952,208.8127856708976,394.4241507116948,208.8127856708976,-1423.8356862458713,711.9178431229357,1344.7337036766405,711.9178431229357
117.0,-58.5,-110.49999999999984,-58.5,0.0,5.0731866696708545,1.0,3.0,0.002381336868813033,1.0228591577674793,39.82654123107782,391.36134592619663,189.50000000000017,-419.9321872921094,209.9660936460547,396.602621331436,209.9660936460547,-968.6222812583138,484.3111406291569,914.8099322995332,484.3111406291569
116.0,-58.0,-109.5555555555554,-58.0,0.0,5.084343517457221,1.0,3.0,0.0023809523809523725,1.0252401101484316,44.8055867004857,391.77083329894,190.44444444444457,-420.0000000000015,210.00000000000074,396.6666666666674,210.00000000000074,-28.48133731467111,14.240668657335554,26.89904079719336,14.240668657335554
115.0,-57.5,-108.61111111111096,-57.5,0.0,5.095416045939344,1.0,3.0,0.0023809523809523725,1.027621062529384,49.801249738566064,392.1094188605515,191.38888888888903,-420.0000000000015,210.00000000000074,396.6666666666674,210.00000000000074,0.0,0.0,0.0,0.0
114.0,-57.0,-107.66666666666652,-57.0,0.0,5.106403963133926,1.0,3.0,0.0023809523809523725,1.0300020149103364,54.81243013859669,392.37673351487626,192.33333333333348,-420.0000000000015,210.00000000000074,396.6666666666674,210.00000000000074,0.0,0.0,0.0,0.0
113.0,-56.5,-106.72222222222207,-56.5,0.0,5.117306979983859,1.0,3.0,0.0023809523809523725,1.0323829672912888,59.83802063015977,392.57242620728016,193.27777777777794,-420.0000000000015,210.00000000000074,396.6666666666674,210.00000000000074,0.0,0.0,0.0,0.0
112.0,-56.0,-105.77777777777763,-56.0,0.0,5.128124810341562,1.0,3.0,0.0023809523809523725,1.0347639196722411,64.87690718450425,392.696164052118,194.2222222222224,-420.0000000000015,210.00000000000074,396.6666666666674,210.00000000000074,0.0,0.0,0.0,0.0
111.0,-55.5,-104.83333333333319,-55.5,0.0,5.138857170954519,1.0,3.0,0.0023809523809523725,1.0371448720531935,69.9279693221481,392.7476324549443,195.1666666666668,-420.0000000000015,210.00000000000074,396.6666666666674,210.00000000000074,0.0,0.0,0.0,0.0
110.0,-55.0,-103.88888888888874,-55.0,0.0,5.149503781449797,1.0,3.0,0.002380952380952428,1.0395258244341459,74.99008042262776,392.72653522942966,196.11111111111126,-420.0000000000015,210.00000000000074,396.6666666666674,210.00000000000074,0.0,0.0,0.0,0.0
109.0,-54.5,-102.9444444444443,-54.5,0.0,5.160064364319674,1.0,3.0,0.0023809523809523725,1.0419067768150982,80.06210803630363,392.63259470894326,197.0555555555557,-420.0000000000015,210.00000000000074,396.6666666666674,210.00000000000074,0.0,0.0,0.0,0.0
108.0,-54.0,-101.99999999999986,-54.0,0.0,5.170538644907503,1.0,3.0,0.0023809523809523725,1.0442877291960506,85.1429141981288,392.46555185276765,198.0000000000001,-420.0000000000015,210.00000000000074,396.6666666666674,210.00000000000074,0.0,0.0,0.0,0.0
107.0,-53.5,-101.05555555555542,-53.5,0.0,5.180926351394078,1.0,3.0,0.0023809523809523725,1.046668681577003,90.23135574328798,392.2251663469115,198.94444444444457,-420.0000000000015,210.00000000000074,396.6666666666674,210.00000000000074,0.0,0.0,0.0,0.0
106.0,-53.0,-100.11111111111097,-53.0,0.0,5.191227214783823,1.0,3.0,0.0023809523809523725,1.0490496339579554,95.32628462461226,391.91121669948706,199.88888888888903,-420.0000000000015,210.00000000000074,396.6666666666674,210.00000000000074,0.0,0.0,0.0,0.0
105.0,-52.5,-99.16666666666653,-52.5,0.0,5.201440968891766,1.0,3.0,0.0023809523809523725,1.0514305863389077,100.42654823167594,391.52350033062254,200.83333333333348,-420.0000000000015,210.00000000000074,396.6666666666674,210.00000000000074,0.0,0.0,0.0,0.0
104.0,-52.0,-98.22222222222209,-52.0,0.0,5.211567350331497,1.0,3.0,0.002380952380952428,1.05381153871986,105.53098971148101,391.06183365687986,201.77777777777794,-420.0000000000015,210.00000000000074,396.6666666666674,210.00000000000074,0.0,0.0,0.0,0.0
103.0,-51.5,-97.27777777777764,-51.5,0.0,5.221606098501267,1.0,3.0,0.0023809523809523725,1.0561924911008125,110.63844829063189,390.52605217015054,202.72222222222234,-420.0000000000015,210.00000000000074,396.6666666666674,210.00000000000074,0.0,0.0,0.0,0.0
102.0,-51.0,-96.3333333333332,-51.0,0.0,5.23155695557352,1.0,3.0,0.0023809523809523725,1.0585734434817649,115.74775959890752,389.9160105110039,203.6666666666668,-420.0000000000015,210.00000000000074,396.6666666666674,210.00000000000074,0.0,0.0,0.0,0.0
101.0,-50.5,-95.38888888888876,-50.5,0.0,5.241419666481914,1.0,3.0,0.0023809523809523725,1.0609543958627172,120.85775599413199,389.2315825364629,204.61111111111126,-420.0000000000015,210.00000000000074,396.6666666666674,210.00000000000074,0.0,0.0,0.0,0.0
100.0,-50.0,-94.44444444444431,-50.0,0.0,5.251193978910695,1.0,3.0,0.0023809523809523725,1.0633353482436696,125.9672668882487,388.4726613821862,205.55555555555566,-420.0000000000015,210.00000000000074,396.6666666666674,210.00000000000074,0.0,0.0,0.0,0.0
99.0,-49.5,-93.49999999999987,-49.5,0.0,5.26087964328271,1.0,3.0,0.0023809523809523725,1.065716300624622,131.07511907449964,387.63915951903533,206.5000000000001,-420.0000000000015,210.00000000000074,396.6666666666674,210.00000000000074,0.0,0.0,0.0,0.0
98.0,-49.0,-92.55555555555543,-49.0,0.0,5.2704764127492725,1.0,3.0,0.0023809523809523725,1.0680972530055743,136.18013705561373,386.7310088040071,207.44444444444457,-420.0000000000015,210.00000000000074,396.6666666666674,210.00000000000074,0.0,0.0,0.0,0.0
97.0,-48.5,-91.61111111111099,-48.5,0.0,5.279984043178615,1.0,3.0,0.002380952380952428,1.0704782053865267,141.28114337290484,385.74816052551495,208.38888888888903,-420.0000000000015,210.00000000000074,396.6666666666674,210.00000000000074,0.0,0.0,0.0,0.0
96.0,-48.0,-90.66666666666654,-48.0,0.0,5.2894022931469244,1.0,3.0,0.0023809523809523725,1.072859157767479,146.37695893618383,384.6905854430033,209.33333333333348,-420.0000000000015,210.00000000000074,396.6666666666674,210.00000000000074,0.0,0.0,0.0,0.0
95.0,-47.5,-89.7222222222221,-47.5,0.0,5.298730923926896,1.0,3.0,0.0023809523809523725,1.0752401101484315,151.46640335438335,383.5582738208802,210.27777777777789,-420.0000000000015,210.00000000000074,396.6666666666674,210.00000000000074,0.0,0.0,0.0,0.0
94.0,-47.0,-88.77777777777766,-47.0,0.0,5.307969699478955,1.0,3.0,0.0023809523809523725,1.0776210625293838,156.5482952667995,382.3512354567575,211.22222222222234,-420.0000000000015,210.00000000000074,396.6666666666674,210.00000000000074,0.0,0.0,0.0,0.0
93.0,-46.5,-87.83333333333321,-46.5,0.0,5.317118386440868,1.0,3.0,0.0023809523809523725,1.0800020149103362,161.6214526748497,381.0694997039867,212.1666666666668,-420.0000000000015,210.00000000000074,396.6666666666674,210.00000000000074,0.0,0.0,0.0,0.0
92.0,-46.0,-86.88888888888877,-46.0,0.0,5.326176754119209,1.0,3.0,0.0023809523809523725,1.0823829672912886,166.6846932742492,379.71311548848195,213.1111111111112,-420.0000000000015,210.00000000000074,396.6666666666674,210.00000000000074,0.0,0.0,0.0,0.0
91.0,-45.5,-85.94444444444433,-45.5,0.0,5.335144574479543,1.0,3.0,0.002380952380952428,1.084763919672241,171.736834787506,378.2821513198237,214.05555555555566,-420.0000000000015,210.00000000000074,396.6666666666674,210.00000000000074,0.0,0.0,0.0,0.0
90.0,-45.0,-84.99999999999989,-45.0,0.0,5.344021622138884,1.0,3.0,0.0023809523809523725,1.0871448720531933,176.77669529663686,376.77669529663694,215.0000000000001,-420.0000000000015,210.00000000000074,396.6666666666674,210.00000000000074,0.0,0.0,0.0,0.0
89.0,-44.5,-84.05555555555544,-44.5,0.0,5.352807674355321,1.0,3.0,0.0023809523809523725,1.0895258244341457,181.80309357600203,375.19685510624106,215.94444444444457,-420.0000000000015,210.00000000000074,396.6666666666674,210.00000000000074,0.0,0.0,0.0,0.0
88.0,-44.0,-83.111111111111,-44.0,0.0,5.361502511021314,1.0,3.0,0.0023809523809523725,1.091906776815098,186.814849425163,373.5427580185686,216.88888888888903,-420.0000000000015,210.00000000000074,396.6666666666674,210.00000000000074,0.0,0.0,0.0,0.0
87.0,-43.5,-82.16666666666656,-43.5,0.0,5.3701059146541485,1.0,3.0,0.0023809523809523725,1.0942877291960504,191.81078400166066,371.8145508743533,217.83333333333343,-420.0000000000015,210.00000000000074,396.6666666666674,210.00000000000074,0.0,0.0,0.0,0.0
86.0,-43.0,-81.22222222222211,-43.0,0.0,5.378617670389476,1.0,3.0,0.0023809523809523725,1.0966686815770028,196.78972015361768,370.0124000675895,218.77777777777789,-420.0000000000015,210.00000000000074,396.6666666666674,210.00000000000074,0.0,0.0,0.0,0.0
85.0,-42.5,-80.27777777777767,-42.5,0.0,5.38703756597224,1.0,3.0,0.0023809523809523725,1.0990496339579552,201.7504827520626,368.1364915222643,219.72222222222234,-420.0000000000015,210.00000000000074,396.6666666666674,210.00000000000074,0.0,0.0,0.0,0.0
84.0,-42.0,-79.33333333333323,-42.0,0.0,5.3953653917502775,1.0,3.0,0.0023809523809523725,1.1014305863389076,206.6918990228792,366.1870306633693,220.66666666666674,-420.0000000000015,210.00000000000074,396.6666666666674,210.00000000000074,0.0,0.0,0.0,0.0
83.0,-41.5,-78.38888888888879,-41.5,0.0,5.403600940665979,1.0,3.0,0.002380952380952428,1.10381153871986,211.61279887828,364.1642423821988,221.6111111111112,-420.0000000000015,210.00000000000074,396.6666666666674,210.00000000000074,0.0,0.0,0.0,0.0
82.0,-41.0,-77.44444444444434,-41.0,0.0,5.411744008249968,1.0,3.0,0.0023809523809523725,1.1061924911008123,216.51201524770613,362.06837099594094,222.55555555555566,-420.0000000000015,210.00000000000074,396.6666666666674,210.00000000000074,0.0,0.0,0.0,0.0
81.0,-40.5,-76.4999999999999,-40.5,0.0,5.419794392613712,1.0,3.0,0.0023809523809523725,1.1085734434817647,221.38838440805392,359.8996802015735,223.5000000000001,-420.0000000000015,210.00000000000074,396.6666666666674,210.00000000000074,0.0,0.0,0.0,0.0
80.0,-40.0,-75.55555555555546,-40.0,0.0,5.4277518944432614,1.0,3.0,0.0023809523809523725,1.110954395862717,226.24074631313056,357.65845302407644,224.44444444444454,-420.0000000000015,210.00000000000074,396.6666666666674,210.00000000000074,0.0,0.0,0.0,0.0
79.0,-39.5,-74.61111111111101,-39.5,0.0,5.4356163169920135,1.0,3.0,0.0023809523809523725,1.1133353482436694,231.06794492223895,355.3449917589739,225.38888888888897,-420.0000000000015,210.00000000000074,396.6666666666674,210.00000000000074,0.0,0.0,0.0,0.0
78.0,-39.0,-73.66666666666657,-39.0,0.0,5.443387466074972,1.0,3.0,0.002380952380952428,1.1157163006246218,235.8688285277946,352.9596179092205,226.33333333333343,-420.0000000000015,210.00000000000074,396.6666666666674,210.00000000000074,0.0,0.0,0.0,0.0
77.0,-38.5,-72.72222222222213,-38.5,0.0,5.451065150061748,1.0,3.0,0.0023809523809523725,1.1180972530055742,240.64225008187643,350.50267211645206,227.27777777777789,-420.0000000000015,210.00000000000074,396.6666666666674,210.00000000000074,0.0,0.0,0.0,0.0
76.0,-38.0,-71.77777777777769,-38.0,0.0,5.458649179871807,1.0,3.0,0.0023809523809523725,1.1204782053865265,245.38706752161406,347.97451408661396,228.2222222222223,-420.0000000000015,210.00000000000074,396.6666666666674,210.00000000000074,0.0,0.0,0.0,0.0
75.0,-37.5,-70.83333333333324,-37.5,0.0,5.466139368966674,1.0,3.0,0.0023809523809523725,1.122859157767479,250.10214409331292,345.3755225099939,229.16666666666674,-420.0000000000015,210.00000000000074,396.6666666666674,210.00000000000074,0.0,0.0,0.0,0.0
74.0,-37.0,-69.8888888888888,-37.0,0.0,5.47353553334629,1.0,3.0,0.0023809523809523725,1.1252401101484313,254.78634867522302,342.70609497567597,230.1111111111112,-420.0000000000015,210.00000000000074,396.6666666666674,210.00000000000074,0.0,0.0,0.0,0.0
73.0,-36.5,-68.94444444444436,-36.5,0.0,5.480837491541842,1.0,3.0,0.0023809523809523725,1.1276210625293837,259.4385560988516,339.9666478804424,231.05555555555566,-420.0000000000015,210.00000000000074,396.6666666666674,210.00000000000074,0.0,0.0,0.0,0.0
72.0,-36.0,-67.99999999999991,-36.0,0.0,5.488045064610895,1.0,3.0,0.0023809523809523725,1.130002014910336,264.0576474687263,337.1576163321491,232.00000000000009,-420.0000000000015,210.00000000000074,396.6666666666674,210.00000000000074,0.0,0.0,0.0,0.0
71.0,-35.5,-67.05555555555547,-35.5,0.0,5.4951580761325545,1.0,3.0,0.0023809523809523725,1.1323829672912884,268.64251048051113,334.27945404759834,232.9444444444445,-420.0000000000015,210.00000000000074,396.6666666666674,210.00000000000074,0.0,0.0,0.0,0.0
70.0,-35.0,-66.11111111111103,-35.0,0.0,5.502176352201356,1.0,3.0,0.002380952380952428,1.1347639196722408,273.19203973738166,331.3326332449432,233.88888888888897,-420.0000000000015,210.00000000000074,396.6666666666674,210.00000000000074,0.0,0.0,0.0,0.0
69.0,-34.5,-65.16666666666659,-34.5,0.0,5.509099721423255,1.0,3.0,0.0023809523809523725,1.1371448720531931,277.7051370645639,328.3176445306486,234.83333333333343,-420.0000000000015,210.00000000000074,396.6666666666674,210.00000000000074,0.0,0.0,0.0,0.0
68.0,-34.0,-64.22222222222214,-34.0,0.0,5.515928014910056,1.0,3.0,0.0023809523809523725,1.1395258244341455,282.1807118219428,325.23499678104423,235.77777777777786,-420.0000000000015,210.00000000000074,396.6666666666674,210.00000000000074,0.0,0.0,0.0,0.0
67.0,-33.5,-63.27777777777769,-33.5,0.0,5.52266106627507,1.0,3.0,0.0023809523809523725,1.141906776815098,286.6176812146468,322.08521701850265,236.7222222222223,-420.0000000000015,210.00000000000074,396.6666666666704,210.00000000000074,0.0,0.0,1.2414602679200514e-09,0.0
66.0,-33.0,-62.33333333333324,-33.0,0.0,5.529298711628214,1.0,3.0,0.0023809523809523725,1.1442877291960503,291.014970601516,318.868850282277,237.66666666666674,-420.0000000000015,210.00000000000074,396.6666666666704,210.00000000000074,0.0,0.0,0.0,0.0
65.0,-32.5,-61.38888888888879,-32.5,0.0,5.535840789572056,1.0,3.0,0.002380952380952428,1.1466686815770026,295.3715138013613,315.586459494036,238.6111111111112,-420.0000000000015,210.00000000000074,396.6666666666704,210.00000000000074,0.0,0.0,0.0,0.0
64.0,-32.0,-60.44444444444434,-32.0,0.0,5.542287141196604,1.0,3.0,0.0023809523809523725,1.149049633957955,299.6862533969219,312.2386253181347,239.55555555555566,-420.0000000000015,210.00000000000074,396.6666666666704,210.00000000000074,0.0,0.0,0.0,0.0
63.0,-31.5,-59.49999999999989,-31.5,0.0,5.548637610076215,1.0,3.0,0.0023809523809523725,1.1514305863389074,303.9581410364323,308.8259460166608,240.5000000000001,-420.0000000000015,210.00000000000074,396.6666666666704,210.00000000000074,0.0,0.0,0.0,0.0
62.0,-31.0,-58.55555555555544,-31.0,0.0,5.554892042264308,1.0,3.0,0.002381336868813033,1.1538119232077204,308.1861377327062,305.34903729929897,241.44444444444457,-419.9321872921094,209.9660936460547,396.60262133143897,209.9660936460547,28.476738751319452,-14.238369375659726,-26.89469770958346,-14.238369375659726
61.0,-30.5,-57.61111111111099,-30.5,0.0,5.561050286290201,1.0,3.0,0.002394489391028265,1.1562064125987486,312.36921415964883,301.80853216805525,242.388888888889,-417.6255713417952,208.8127856708976,394.42415071169773,208.8127856708976,963.3018041160699,-481.65090205803494,-909.7850372207472,-481.65090205803494
60.0,-30.0,-56.66666666666654,-30.0,0.0,5.5671121931549346,1.0,3.0,0.00241419811991761,1.1586206107186663,316.50635094610965,298.20508075688775,243.33333333333346,-414.21621189651216,207.10810594825608,391.204200124486,207.10810594825608,1412.2119544187308,-706.1059772093654,-1333.7557347287857,-706.1059772093654
59.0,-29.5,-55.72222222222209,-29.5,0.0,5.573077616327372,1.0,3.0,0.0024344016713956362,1.161055012390062,320.5965389669857,294.5393501662893,244.2777777777779,-410.7785546444589,205.38927732222945,387.9575238308801,205.38927732222945,1412.1158773614848,-706.0579386807424,-1333.6649952858609,-706.0579386807424
58.0,-29.0,-54.777777777777644,-29.0,0.0,5.578946411740973,1.0,3.0,0.0024551211043569166,1.163510133494419,324.63877963148985,290.8120242928695,245.22222222222234,-407.31188299648386,203.65594149824193,384.683445052237,203.65594149824193,1412.0165566672347,-706.0082783336173,-1333.5711924079556,-706.0082783336173
57.0,-28.5,-53.833333333333194,-28.5,0.0,5.584718437789723,1.0,3.0,0.0024763787542021465,1.165986512248621,328.6320851684968,287.02380365398693,246.1666666666668,-403.8154495967583,201.90772479837915,381.3812579524962,201.90772479837915,1411.9138252952994,-705.9569126476497,-1333.4741683344546,-705.9569126476497
56.0,-28.0,-52.888888888888744,-28.0,0.0,5.5903935553243915,1.0,3.0,0.0024981983340791047,1.1684847105827,332.5754789088811,283.1754052074811,247.11111111111126,-400.28847444118,200.14423722059,378.0502258611167,200.14423722059,1411.8075044183695,-705.9037522091847,-1333.373754172907,-705.9037522091847
55.0,-27.5,-51.944444444444294,-27.5,0.0,5.595971627650731,1.0,3.0,0.0025206050461149543,1.1710053156288152,336.4679955647646,279.2675621665569,248.0555555555557,-396.73014284458037,198.36507142229019,374.689579353217,198.36507142229019,1411.697402607366,-705.848701303683,-1333.2697691291778,-705.848701303683
54.0,-27.0,-50.999999999999844,-27.0,0.0,5.601452520524326,1.0,3.0,0.0025436257038244925,1.1735489413326397,340.30868150558655,275.30102380987626,249.00000000000017,-393.1396032428987,196.56980162144936,371.29851417385095,196.56980162144936,1411.5833144330416,-705.7916572165208,-1333.16201918679,-705.7916572165208
53.0,-26.5,-50.055555555555394,-26.5,0.0,5.606836102148445,1.0,3.0,0.002567288867048767,1.1761162301996884,344.096595030916,271.2765552869108,249.9444444444446,-389.51596481216154,194.75798240608077,367.8761889892658,194.75798240608077,1411.4650194790172,-705.7325097395086,-1333.0502961746372,-705.7325097395086
52.0,-26.0,-49.111111111110944,-26.0,0.0,5.612122243170502,1.0,3.0,0.0025916249909654354,1.1787078551906538,347.8308066399234,267.19493741861385,250.88888888888906,-385.85829488682265,192.92914744341132,364.42172294866793,192.92914744341132,1411.3422806500773,-705.6711403250387,-1332.9343761695309,-705.6711403250387
51.0,-25.5,-48.166666666666494,-25.5,0.0,5.617310816679994,1.0,3.0,0.0026166665909415077,1.1813245217815953,351.5103992974326,263.056966493468,251.8333333333335,-382.16561615524284,191.08280807762142,360.9341930355092,191.08280807762142,1411.2148427175562,-705.6074213587781,-1332.8140181221388,-705.6074213587781
50.0,-25.0,-47.222222222222044,-25.0,0.0,5.622401698204194,1.0,3.0,0.002642448425256738,1.183966970206852,355.13446869647044,258.8634540589705,252.77777777777794,-378.43690360875854,189.21845180437927,357.41263118605184,189.21845180437927,1411.0824305386486,-705.5412152693243,-1332.6889621753858,-705.5412152693243
49.0,-24.5,-46.277777777777594,-24.5,0.0,5.627394765706242,1.0,3.0,0.0026690076980344646,1.1866359779048865,358.7021235172373,254.61522670861422,253.7222222222224,-374.6710812173488,187.3355406086744,353.8560211497204,187.3355406086744,1410.9447470619955,-705.4723735309977,-1332.558927780778,-705.4723735309977
48.0,-24.0,-45.333333333333144,-24.0,0.0,5.632289899582695,1.0,3.0,0.002696384285074127,1.1893323621899605,362.21248568242186,250.3131258644289,254.66666666666686,-370.8670183013435,185.43350915067174,350.263295062382,185.43350915067174,1410.8014710896023,-705.4007355448011,-1332.4236115846466,-705.4007355448011
47.0,-23.5,-44.388888888888694,-23.5,0.0,5.637086982659744,1.0,3.0,0.0027246209857049175,1.1920569831756653,365.6646906087807,245.9580075551457,255.6111111111113,-367.0235255643527,183.51176278217636,346.6333296996685,183.51176278217636,1410.65225481133,-705.326127405665,-1332.2826850995953,-705.326127405665
46.0,-23.0,-43.444444444444244,-23.0,0.0,5.641785900191913,1.0,3.0,0.00275376380427933,1.1948107469799447,369.0578874549095,241.5507421900487,256.55555555555577,-363.1393507482329,181.56967537411646,342.9649423733331,181.56967537411646,1410.4967209183847,-705.2483604591923,-1332.1357919784803,-705.2483604591923
45.0,-22.5,-42.499999999999794,-22.5,0.0,5.646386539858483,1.0,3.0,0.0027838622655206313,1.1975946092454652,372.3912393651312,237.09221432858203,257.5000000000002,-359.21317386477176,179.60658693238588,339.25688642784195,179.60658693238588,1410.3344594625787,-705.1672297312894,-1331.9825450480093,-705.1672297312894
44.0,-22.0,-41.555555555555344,-22.0,0.0,5.6508887917620605,1.0,3.0,0.0028149697686423725,1.2004095790141076,375.6639237094271,232.5833224457775,258.4444444444447,-355.24360195253126,177.62180097626563,335.50784628850374,177.62180097626563,1410.1650243139113,-705.0825121569557,-1331.822522963124,-705.0825121569557
43.0,-21.5,-40.611111111110894,-21.5,0.0,5.6552925484252805,1.0,3.0,0.0028471439860033865,1.203256723000111,378.87513231934025,228.02497869357407,259.38888888888914,-351.229163300493,175.6145816502465,331.7164320060231,175.6145816502465,1409.987928876564,-704.993964438282,-1331.6552661612059,-704.993964438282
42.0,-21.0,-39.666666666666444,-21.0,0.0,5.659597704789436,1.0,3.0,0.002880447313074186,1.2061371703131851,382.02407171977933,223.4181086580968,260.33333333333354,-347.16830106944724,173.58415053472362,327.88117323225765,173.58415053472362,1409.8026416292369,-704.9013208146184,-1331.4802726498513,-704.9013208146184
41.0,-20.5,-38.722222222221994,-20.5,0.0,5.663804158211746,1.0,3.0,0.0029149473777049795,1.2090521176908902,385.1099633566538,218.76365111296838,261.277777777778,-343.05936623367427,171.52968311683713,324.0005125540276,171.52968311683713,1409.6085806557417,-704.8042903278708,-1331.296992841549,-704.8042903278708
40.0,-20.0,-37.777777777777544,-20.0,0.0,5.667911808463311,1.0,3.0,0.002950717618162235,1.2120028353090524,388.1320438202727,214.06255776872507,262.22222222222246,-338.90060975161003,169.45030487580502,320.0727980987447,169.45030487580502,1409.4051075800298,-704.7025537900149,-1331.1048238255719,-704.7025537900149
39.0,-19.5,-36.833333333333094,-19.5,0.0,5.671920557727054,1.0,3.0,0.002987837941182514,1.214990673250235,391.0895650644388,209.31579301841026,263.1666666666669,-334.69017386004015,167.34508693002007,316.096275312262,167.34508693002007,1409.1915205760786,-704.5957602880393,-1330.9031027663218,-704.5957602880393
38.0,-19.0,-35.888888888888644,-19.0,0.0,5.675830310596117,1.0,3.0,0.0030263954734757736,1.2180170687237106,393.98179462117366,204.52433367942086,264.11111111111137,-330.42608236904744,165.21304118452372,312.0690777929911,165.21304118452372,1408.9670462319123,-704.4835231159561,-1330.691099219025,-704.4835231159561
37.0,-18.5,-34.944444444444194,-18.5,0.0,5.67964097407119,1.0,3.0,0.003066485422776488,1.221083554146487,396.80801581100843,199.68916873168274,265.05555555555577,-326.10622981360467,163.05311490680234,307.98921704618397,163.05311490680234,1408.7308302061056,-704.3654151030528,-1330.4680063057901,-704.3654151030528
36.0,-18.0,-33.999999999999744,-18.0,0.0,5.6833524575595336,1.0,3.0,0.003108212067833016,1.22419176621432,399.56752794877787,194.81129905223156,266.0000000000002,-321.72836929276775,160.86418464638388,303.85457099872684,160.86418464638388,1408.4819263600486,-704.2409631800243,-1330.2329304511682,-704.2409631800243
35.0,-17.5,-33.055555555555294,-17.5,0.0,5.6869646728726,1.0,3.0,0.0031516899007926757,1.2273434561151126,402.2596465448551,189.89173714627753,266.9444444444447,-317.2900987970008,158.6450493985004,299.66287108605803,158.6450493985004,1408.219284089716,-704.109642044858,-1329.9848794180662,-704.109642044858
34.0,-17.0,-32.111111111110844,-17.0,0.0,5.690477534224125,1.0,3.0,0.00319704495050821,1.230540501065621,404.88370350176723,184.93150687483362,267.88888888888914,-312.78884578742094,156.39442289371047,295.4116876881215,156.39442289371047,1407.9417334636332,-703.9708667318166,-1329.7227482712133,-703.9708667318166
33.0,-16.5,-31.166666666666398,-16.5,0.0,5.693890958229422,1.0,3.0,0.0032444163216389654,1.23378491738726,407.4390473061331,179.93164317898612,268.8333333333336,-308.22184974548367,154.11092487274183,291.098413648513,154.11092487274183,1407.6479678262087,-703.8239839131044,-1329.4453029473157,-703.8239839131044
32.0,-16.0,-30.22222222222195,-16.0,0.0,5.697204863902608,1.0,3.0,0.0032939579924061713,1.237078875379666,409.9250432158649,174.89319180089083,269.77777777777806,-303.58614235682876,151.79307117841438,286.72024555922775,151.79307117841438,1407.3365232167914,-703.6682616083957,-1329.1511608158692,-703.6682616083957
31.0,-15.5,-29.277777777777505,-15.5,0.0,5.700419172655928,1.0,3.0,0.0033458409240030296,1.240424716303669,412.3410734425782,169.81720900157512,270.7222222222225,-298.87852492508233,149.43926246254117,282.274162429245,149.43926246254117,1407.0057539119769,-703.5028769559884,-1328.8387675835384,-703.5028769559884
30.0,-15.0,-28.33333333333306,-15.0,0.0,5.703533808297816,1.0,3.0,0.003400255547596931,1.243824971851266,414.6865373291548,164.70476127563023,271.66666666666697,-294.0955425267174,147.0477712633587,277.7569012752337,147.0477712633587,1406.653803342876,-703.326901671438,-1328.506369823817,-703.326901671438
29.0,-14.5,-27.388888888888612,-14.5,0.0,5.706548697031449,1.0,3.0,0.003457414711500628,1.2472823865627665,416.9608515224061,159.5569250628778,272.6111111111114,-289.233454313035,144.6167271565175,273.1649290734225,144.6167271565175,1406.278569218054,-703.139284609027,-1328.1519820392832,-703.139284609027
28.0,-14.0,-26.444444444444166,-14.0,0.0,5.709463767453797,1.0,3.0,0.0035175571926590044,1.2507999437554256,419.16345014078456,154.37478645709515,273.5555555555558,-284.2881992329583,142.14409961647914,268.4944103866834,142.14409961647914,1405.8776614626495,-702.9388307313247,-1327.773346936944,-702.9388307313247
27.0,-13.5,-25.49999999999972,-13.5,0.0,5.712278950553696,1.0,3.0,0.0035809519047754756,1.254380895660201,421.2937849370927,149.15944091188575,274.5000000000003,-279.2553562829073,139.62767814145366,263.7411698227463,139.62767814145366,1405.4483511324,-702.7241755662,-1327.3678871806176,-702.7241755662
26.0,-13.0,-24.555555555555273,-13.0,0.0,5.714994179711037,1.0,3.0,0.003647902972559125,1.25802879863276,423.35132545614226,143.9119929437818,275.44444444444474,-274.13009817486096,137.06504908743048,258.9006482762581,137.06504908743048,1404.9875083302488,-702.4937541651244,-1326.932646756345,-702.4937541651244
25.0,-12.5,-23.611111111110826,-12.5,0.0,5.717609390695301,1.0,3.0,0.0037187558909937968,1.2617475545237538,425.3355591873133,138.63355583266565,276.38888888888914,-268.907137040606,134.453568520303,253.96785164946178,134.453568520303,1404.4915254868536,-702.2457627434268,-1326.4642185153566,-702.2457627434268
24.0,-12.0,-22.66666666666638,-12.0,0.0,5.720124521664549,1.0,3.0,0.003793905054980007,1.2655414595787338,427.24599171197156,133.32525131959991,277.3333333333336,-263.5806604299089,131.79033021495445,248.9372904060256,131.79033021495445,1403.956222812008,-701.978111406004,-1325.9586548780126,-701.978111406004
23.0,-11.5,-21.722222222221934,-11.5,0.0,5.722539513164152,1.0,3.0,0.0038738030349471098,1.269415262613681,429.08214684569555,127.9882093021541,278.27777777777806,-258.1442553941374,129.0721276970687,243.8029078722414,129.0721276970687,1403.3767299801693,-701.6883649900847,-1325.4113560923845,-701.6883649900847
22.0,-11.0,-20.777777777777487,-11.0,0.0,5.7248543081257335,1.0,3.0,0.003958972098081159,1.273374234711762,430.8435667752735,122.62356752731867,279.2222222222225,-252.5908178248363,126.29540891241815,238.55799461234588,126.29540891241815,1402.7473373689384,-701.3736686844692,-1324.816929737339,-701.3736686844692
21.0,-10.5,-19.83333333333304,-10.5,0.0,5.727068851866401,1.0,3.0,0.00405001864744281,1.2774242533592048,432.52981219042897,117.23247128209698,280.16666666666697,-246.91244338625503,123.45622169312752,233.19508542035246,123.45622169312752,1402.061307092156,-701.030653546078,-1324.169012253703,-701.030653546078
20.0,-10.0,-18.888888888888594,-10.0,0.0,5.729183092087411,1.0,3.0,0.004147651494746163,1.281571904853951,434.1404624102337,111.81607308186638,281.1111111111114,-241.10029525545443,120.55014762772721,227.70583440792967,120.55014762772721,1401.3106304044643,-700.6553152022321,-1323.4600398264354,-700.6553152022321
19.0,-9.5,-17.944444444444148,-9.5,0.0,5.731196978873383,1.0,3.0,0.0042527052311436275,1.2858246100850945,435.67511550417123,106.3755323566008,282.0555555555559,-235.1444423367858,117.5722211683929,222.0808622069648,117.5722211683929,1400.485713200252,-700.242856600126,-1322.680951355805,-700.242856600126
18.0,-9.0,-16.9999999999997,-9.0,0.0,5.733110464691587,1.0,3.0,0.004366170467385633,1.2901907805524802,437.1333884078151,100.91201513504724,283.0000000000003,-229.03365946652517,114.51682973326258,216.30956727394087,114.51682973326258,1399.5749629811496,-699.7874814905748,-1321.8207983710868,-699.7874814905748
17.0,-8.5,-16.055555555555255,-8.5,0.0,5.73492350439086,1.0,3.0,0.004489233465310161,1.2946800140177903,438.51491703308625,95.42669372695006,283.94444444444474,-222.75517807824906,111.37758903912453,210.37989040723568,111.37758903912453,1398.5642397064164,-699.2821198532082,-1320.8662263893893,-699.2821198532082
16.0,-8.0,-15.111111111110809,-8.0,0.0,5.736636055201075,1.0,3.0,0.004623328815397287,1.2993033428331877,439.8193563730564,89.92074640341625,284.8888888888892,-216.2943714212213,108.14718571061066,204.2780174533761,108.14718571061066,1397.4361147558584,-698.7180573779292,-1319.8007750472095,-698.7180573779292
15.0,-7.5,-14.166666666666362,-7.5,0.0,5.738248076731932,1.0,3.0,0.00477021056160698,1.3040735533947947,441.04638060126626,84.3953570755171,285.8333333333336,-209.63435200292747,104.81717600146374,197.98799911387636,104.81717600146374,1396.1688550809436,-698.0844275404718,-1318.6039186875576,-698.0844275404718
14.0,-7.0,-13.222222222221916,-7.0,0.0,5.739759530972962,1.0,3.0,0.004932049932016902,1.3090056033268116,442.1956831655298,78.85171497122047,286.77777777777806,-202.75544931295173,101.37772465647586,191.4912576844548,101.37772465647586,1394.7350056861046,-697.3675028430523,-1317.249727592434,-697.3675028430523
13.0,-6.5,-12.27777777777747,-6.5,0.0,5.741170382292295,1.0,3.0,0.005111572303976852,1.3141171756307886,443.2669768761939,73.29101431074973,287.7222222222225,-195.6345211476259,97.81726057381294,184.76593663942484,97.81726057381294,1393.099371750162,-696.549685875081,-1315.7049622084894,-696.549685875081
12.0,-6.0,-11.333333333333023,-6.0,0.0,5.74248059743621,1.0,3.0,0.005312253499653363,1.3194294291304418,444.2599939888295,67.71445398046528,288.66666666666697,-188.24402865286328,94.12201432643164,177.7860270610379,94.12201432643164,1391.216080942864,-695.608040471432,-1313.926298668263,-695.608040471432
11.0,-5.5,-10.388888888888577,-5.5,0.0,5.743690145528642,1.0,3.0,0.005538608412073542,1.3249680375425155,445.1744862813275,62.12323720536502,289.6111111111114,-180.55076755744145,90.27538377872072,170.52016935980615,90.27538377872072,1389.0241957982144,-694.5120978991072,-1311.8561849205423,-694.5120978991072
10.0,-5.0,-9.44444444444413,-5.0,0.0,5.744798998070717,1.0,3.0,0.0057966281474723935,1.3307646656899879,446.010225125378,56.51857122030066,290.5555555555559,-172.5140848367249,86.25704241836245,162.92996901246275,86.25704241836245,1386.440964687537,-693.2204823437685,-1309.4164666493377,-693.2204823437685
9.0,-4.5,-8.499999999999684,-4.5,0.0,5.745807128939965,1.0,3.0,0.006094465452634035,1.336859131142622,446.7670015523096,50.901666940007466,291.50000000000034,-164.08329947424656,82.04164973712328,154.96756061456654,82.04164973712328,1383.3510794346266,-691.6755397173133,-1306.49824168826,-691.6755397173133
8.0,-4.0,-7.555555555555237,-4.0,0.0,5.746714514390245,1.0,3.0,0.006443554582672872,1.3433026857252948,447.4446263132701,45.27373862804446,292.4444444444448,-155.1938432692203,77.59692163461015,146.57196308759725,77.59692163461015,1379.5888730314416,-689.7944365157208,-1302.9450467519246,-689.7944365157208
7.0,-3.5,-6.611111111110791,-3.5,0.0,5.7475211330510785,1.0,3.0,0.0068605341878797965,1.3501632199131746,448.0429299337311,39.63600356474377,293.3888888888892,-145.76124433089421,72.88062216544711,137.6633974236226,72.88062216544711,1374.9073585246833,-687.4536792623417,-1298.5236163844247,-687.4536792623417
6.0,-3.0,-5.6666666666663446,-3.0,0.0,5.748226965927454,1.0,3.0,0.007370757911654202,1.3575339778248288,448.56176276229814,33.98968171426671,294.33333333333366,-135.67125823232638,67.83562911616319,128.13396610830853,67.83562911616319,1368.92110953938,-684.46055476969,-1292.869936787193,-684.46055476969
5.0,-2.5,-4.722222222221898,-2.5,0.0,5.748831996399354,1.0,3.0,0.008015222637608677,1.3655492004624374,449.00099501381357,28.335995390865694,295.2777777777781,-124.76259802289755,62.381299011448775,117.83134257718127,62.381299011448775,1360.9927886773467,-680.4963943386733,-1285.3820781952747,-680.4963943386733
4.0,-2.0,-3.7777777777774517,-2.0,0.0,5.74933621022162,1.0,3.0,0.00886571898961841,1.3744149194520558,449.36051680673876,22.676168924450362,296.2222222222225,-112.79401040919312,56.39700520459656,106.5276764975715,56.39700520459656,1349.9849958835173,-674.9924979417586,-1274.9858294455476,-674.9924979417586
3.0,-1.5,-2.8333333333330053,-1.5,0.0,5.749739595523664,1.0,3.0,0.010063043148627049,1.384477962600683,449.64023819480406,17.011428325557112,297.16666666666697,-99.37351805317807,49.68675902658904,93.85276705022393,49.68675902658904,1333.6415394229996,-666.8207697114998,-1259.5503427883914,-666.8207697114998
2.0,-1.0,-1.8888888888885589,-1.0,0.0,5.750042142809201,1.0,3.0,0.011936628297426366,1.3964145908981092,449.84008919291693,11.34300094982113,298.1111111111114,-83.77575099792773,41.887875498963865,79.12154260915413,41.887875498963865,1306.7146489443332,-653.3573244721666,-1234.1193906696506,-653.3573244721666
1.0,-0.5,-0.9444444444441124,-0.5,0.0,5.750243844956191,1.0,3.0,0.015556116863380542,1.4119707077614896,449.9600197973211,5.672115162050245,299.0555555555559,-64.28339467891439,32.141697339457195,60.71209497453039,32.141697339457195,1253.0348344771653,-626.5174172385827,-1183.4217881173251,-626.5174172385827
0.0,0.0,3.341771304121721e-13,0.0,0.0,5.7503446972166685,1.0,3.0,0.03755578830943396,1.4495264960709235,450.0,5.878304635907296e-14,300.00000000000034,-26.627053911388714,13.313526955694357,25.14777313853384,13.313526955694357,1002.6774157225309,-501.33870786126545,-946.973114849059,-501.33870786126545
