J1_Position,J2_Position,J3_Position,J4_Position,Error,MM_Step,Deg_step,Move_ID,Time,Time_Total,X,Y,Z,J1_Velocity,J2_Velocity,J3_Velocity,J4_Velocity,J1_Acceleration,J2_Acceleration,J3_Acceleration,J4_Acceleration
0.0,0.0,0.0,0.0,0.0,0.0,0.0,1.0,0.0,0.0,450.0,5.878304635907296e-14,300.0,0.0,0.0,0.0,0.0,0.0,0.0,0.0,0.0
1.0,-0.5,-0.9444444444444444,-0.5,0.0,5.7503446972166685,1.0,2.0,0.0,0.0,449.9600197973211,5.672115162050245,299.05555555555554,0.0,0.0,0.0,0.0,0.0,0.0,0.0,0.0
2.0,-1.0,-1.8888888888888888,-1.0,0.0,5.750243844956191,1.0,2.0,0.14433756729740643,0.14433756729740643,449.84008919291693,11.34300094982113,298.1111111111111,6.92820323027551,-3.464101615137755,-6.543303050815759,-3.464101615137755,48.00000000000001,-24.000000000000004,-45.333333333333336,-24.000000000000004
3.0,-1.5,-2.833333333333333,-1.5,0.0,5.750042142809201,1.0,2.0,0.03243912799923046,0.1767766952966369,449.64023819480406,17.011428325557112,297.16666666666663,30.82696920902814,-15.41348460451407,-29.11435980852657,-15.41348460451407,736.7265229607765,-368.36326148038825,-695.7972716851776,-368.36326148038825
4.0,-2.0,-3.7777777777777777,-2.0,0.0,5.749739595523654,1.0,2.0,0.027347449935294615,0.2041241452319315,449.36051680673876,22.676168924450362,296.22222222222223,36.56648069074258,-18.28324034537129,-34.53500954125689,-18.28324034537129,209.87373577040646,-104.93686788520323,-198.21408378316224,-104.93686788520323
5.0,-2.5,-4.722222222222222,-2.5,0.0,5.749336210221629,1.0,2.0,0.024093587061887717,0.22821773229381923,449.00099501381357,28.335995390865694,295.27777777777777,41.50482024247205,-20.752410121236025,-39.19899689566805,-20.752410121236025,204.96489539082165,-102.48244769541083,-193.57795675799807,-102.48244769541083
6.0,-3.0,-5.666666666666667,-3.0,0.0,5.748831996399345,1.0,2.0,0.021782267706180775,0.25,448.56176276229814,33.98968171426671,294.33333333333337,45.90890230020667,-22.954451150103335,-43.358407727972974,-22.954451150103335,202.1865729106318,-101.0932864553159,-190.95398552670792,-101.0932864553159
7.0,-3.5,-6.611111111111112,-3.5,0.0,5.748226965927454,1.0,2.0,0.020030862433660868,0.27003086243366087,448.0429299337311,39.63600356474377,293.3888888888889,49.92296279363138,-24.96148139681569,-47.14946486065187,-24.96148139681569,200.3937926646273,-100.19689633231366,-189.2608041832593,-100.19689633231366
8.0,-4.0,-7.555555555555556,-4.0,0.0,5.747521133051088,1.0,2.0,0.018644272161151998,0.28867513459481287,447.4446263132701,45.27373862804446,292.44444444444446,53.6357757147336,-26.8178878573668,-50.65601039724841,-26.8178878573668,199.13960110700356,-99.56980055350178,-188.0762899343922,-99.56980055350178
9.0,-4.5,-8.5,-4.5,0.0,5.746714514390245,1.0,2.0,0.01751108325308437,0.30618621784789724,446.7670015523096,50.901666940007466,291.5,57.10668983450021,-28.553344917250104,-53.93409595480571,-28.553344917250104,198.21241607969918,-99.10620803984959,-187.20061518637965,-99.10620803984959
10.0,-5.0,-9.444444444444445,-5.0,0.0,5.745807128939965,1.0,2.0,0.016562394336054165,0.3227486121839514,446.010225125378,56.51857122030066,290.55555555555554,60.377743683057396,-30.188871841528698,-57.023424589554224,-30.188871841528698,197.4988508416643,-98.74942542083215,-186.5266924615753,-98.74942542083215
11.0,-5.5,-10.38888888888889,-5.5,0.0,5.744798998070717,1.0,2.0,0.015752988009213598,0.338501600193165,445.1744862813275,62.12323720536502,289.6111111111111,63.480020388203215,-31.740010194101608,-59.95335258885861,-31.740010194101608,196.9325884925045,-98.46629424625225,-185.99188913180967,-98.46629424625225
12.0,-6.0,-11.333333333333334,-6.0,0.0,5.743690145528642,1.0,2.0,0.015051790400108789,0.3535533905932738,444.2599939888295,67.71445398046528,288.66666666666663,66.43727911549794,-33.21863955774897,-62.74631916463696,-33.21863955774897,196.47222348202212,-98.23611174101106,-185.55709995524285,-98.23611174101106
13.0,-6.5,-12.277777777777779,-6.5,0.0,5.742480597436201,1.0,2.0,0.014436645503719814,0.3679900360969936,443.2669768761939,73.29101431074973,287.72222222222223,69.26816896226588,-34.63408448113294,-65.41993735325111,-34.63408448113294,196.09055621948403,-98.04527810974201,-185.19663642951264,-98.04527810974201
14.0,-7.0,-13.222222222222223,-7.0,0.0,5.741170382292295,1.0,2.0,0.01389127181599309,0.3818813079129867,442.1956831655298,78.85171497122047,286.77777777777777,71.98764902495789,-35.993824512478945,-67.98833519023803,-35.993824512478945,195.7689762834432,-97.8844881417216,-184.89292204547527,-97.8844881417216
15.0,-7.5,-14.166666666666668,-7.5,0.0,5.739759530972953,1.0,2.0,0.013403399608060751,0.39528470752104744,441.04638060126626,84.3953570755171,285.83333333333337,74.60793748166726,-37.30396874083363,-70.4630520660191,-37.30396874083363,195.49431736210744,-97.74715868105372,-184.633521953101,-97.74715868105372
16.0,-8.0,-15.111111111111112,-8.0,0.0,5.738248076731941,1.0,2.0,0.012963582942815577,0.408248290463863,439.8193563730564,89.92074640341625,284.8888888888889,77.13916780655154,-38.56958390327577,-72.85365848396536,-38.56958390327577,195.25700078828018,-97.62850039414009,-184.40938963337555,-97.62850039414009
17.0,-8.5,-16.055555555555557,-8.5,0.0,5.736636055201075,1.0,2.0,0.012564415301223597,0.4208127057650866,438.51491703308625,95.42669372695006,283.94444444444446,79.58985563797896,-39.79492781898948,-75.1681969914246,-39.79492781898948,195.04989071705975,-97.52494535852988,-184.2137856772236,-97.52494535852988
18.0,-9.0,-17.0,-9.0,0.0,5.73492350439086,1.0,2.0,0.012199996127132684,0.4330127018922193,437.1333884078151,100.91201513504724,283.0,81.96723913510175,-40.983619567550875,-77.41350362759597,-40.983619567550875,194.86756162450845,-97.43378081225423,-184.04158597869025,-97.43378081225423
19.0,-9.5,-17.944444444444443,-9.5,0.0,5.733110464691596,1.0,2.0,0.011865558609085336,0.44487826050130463,435.67511550417123,106.3755323566008,282.05555555555554,84.27753238977812,-42.13876619488906,-79.59544725701254,-42.13876619488906,194.70581460087342,-97.35290730043671,-183.88882490082463,-97.35290730043671
20.0,-10.0,-18.888888888888886,-10.0,0.0,5.731196978873383,1.0,2.0,0.011557204086333817,0.45643546458763845,434.1404624102337,111.81607308186638,281.1111111111111,86.52611760853837,-43.263058804269185,-81.71911107473055,-43.263058804269185,194.56134909127076,-97.28067454563538,-183.75238525286622,-97.28067454563538
21.0,-10.5,-19.83333333333333,-10.5,0.0,5.7291830920874025,1.0,2.0,0.011271708759104215,0.46770717334674267,432.52981219042897,117.23247128209698,280.1666666666667,88.71769324170083,-44.358846620850414,-83.78893250605064,-44.358846620850414,194.4315347388932,-97.2157673694466,-183.6297828089542,-97.2157673694466
22.0,-11.0,-20.77777777777777,-11.0,0.0,5.727068851866401,1.0,2.0,0.011006380531426385,0.47871355387816905,430.8435667752735,122.62356752731867,279.22222222222223,90.85638981359149,-45.428194906795746,-85.80881260172517,-45.428194906795746,194.31424942868983,-97.15712471434492,-183.51901334931895,-97.15712471434492
23.0,-11.5,-21.722222222222214,-11.5,0.0,5.7248543081257335,1.0,2.0,0.010758951308111386,0.48947250518628044,429.08214684569555,127.9882093021541,278.27777777777777,92.94586167018716,-46.47293083509358,-87.78220268850994,-46.47293083509358,194.20776214688982,-97.10388107344491,-183.41844202761632,-97.10388107344491
24.0,-12.0,-22.666666666666657,-12.0,0.0,5.7225395131641426,1.0,2.0,0.010527494813719562,0.5,427.24599171197156,133.32525131959991,277.33333333333337,94.98936049788288,-47.49468024894144,-89.71217380355591,-47.49468024894144,194.1106468209906,-97.0553234104953,-183.32672199760293,-97.0553234104953
25.0,-12.5,-23.6111111111111,-12.5,0.0,5.720124521664549,1.0,2.0,0.0103103630798288,0.5103103630798288,425.3355591873133,138.63355583266565,276.3888888888889,96.98979485566329,-48.494897427831646,-91.6014729192374,-48.494897427831646,194.02171798334217,-97.01085899167109,-183.24273365093296,-97.01085899167109
26.0,-13.0,-24.555555555555543,-13.0,0.0,5.717609390695311,1.0,2.0,0.010106136786704356,0.5204164998665332,423.35132545614226,143.9119929437818,275.44444444444446,98.9497788428513,-49.47488942142565,-93.45256890713719,-49.47488942142565,193.93998206778357,-96.96999103389179,-183.16553861957422,-96.96999103389179
27.0,-13.5,-25.499999999999986,-13.5,0.0,5.714994179711037,1.0,2.0,0.009913586023377441,0.5303300858899106,421.2937849370927,149.15944091188575,274.5,100.87167223261879,-50.435836116309396,-95.2676904419176,-50.435836116309396,193.86460007866296,-96.93230003933148,-183.09434451873676,-96.93230003933148
28.0,-14.0,-26.44444444444443,-14.0,0.0,5.712278950553696,1.0,2.0,0.009731638977411139,0.5400617248673217,419.16345014078456,154.37478645709515,273.55555555555554,102.75761383269328,-51.37880691634664,-97.0488575086546,-51.37880691634664,193.79485865146597,-96.89742932573299,-183.02847761527295,-96.89742932573299
29.0,-14.5,-27.38888888888887,-14.5,0.0,5.709463767453797,1.0,2.0,0.009559356727383173,0.5496210815947049,416.9608515224061,159.5569250628778,272.61111111111114,104.60954942035573,-52.30477471017787,-98.79790778589135,-52.30477471017787,193.7301473808909,-96.86507369044546,-182.96736141528444,-96.86507369044546
30.0,-15.0,-28.333333333333314,-15.0,0.0,5.706548697031449,1.0,2.0,0.009395912780242544,0.5590169943749475,414.6865373291548,164.70476127563023,271.6666666666667,106.42925529308567,-53.21462764654284,-100.51651888791407,-53.21462764654284,193.66994088710211,-96.83497044355106,-182.91049972670737,-96.83497044355106
31.0,-15.5,-29.277777777777757,-15.5,0.0,5.703533808297816,1.0,2.0,0.009240576332796513,0.568257570707744,412.3410734425782,169.81720900157512,270.72222222222223,108.21835824793907,-54.10917912396953,-102.2062272341645,-54.10917912396953,193.61378451077059,-96.80689225538529,-182.85746314906137,-96.80689225538529
32.0,-16.0,-30.2222222222222,-16.0,0.0,5.700419172655918,1.0,2.0,0.009092698481881767,0.5773502691896257,409.9250432158649,174.89319180089083,269.7777777777778,109.97835263014753,-54.98917631507376,-103.86844415069471,-54.98917631507376,193.56128279360078,-96.78064139680039,-182.8078781939562,-96.78064139680039
33.0,-16.5,-31.166666666666643,-16.5,0.0,5.697204863902608,1.0,2.0,0.008951700788302985,0.5863019699779287,407.4390473061331,179.93164317898612,268.83333333333337,111.71061496008454,-55.85530748004227,-105.50446968452411,-55.85530748004227,193.5120901494528,-96.7560450747264,-182.7614184744825,-96.7560450747264
34.0,-17.0,-32.111111111111086,-17.0,0.0,5.693890958229422,1.0,2.0,0.008817065733975449,0.5951190357119042,404.88370350176723,184.93150687483362,267.8888888888889,113.41641654622426,-56.70820827311213,-107.11550451587829,-56.70820827311213,193.4659032388318,-96.7329516194159,-182.71779750334125,-96.7329516194159
35.0,-17.5,-33.05555555555553,-17.5,0.0,5.690477534224125,1.0,2.0,0.00868832871265579,0.60380736442456,402.2596465448551,189.89173714627753,266.94444444444446,115.09693441310033,-57.548467206550164,-108.70266027903902,-57.548467206550164,193.42245470387869,-96.71122735193934,-182.6767627758856,-96.71122735193934
36.0,-18.0,-33.99999999999997,-18.0,0.0,5.6869646728726,1.0,2.0,0.008565071271234515,0.6123724356957945,399.56752794877787,194.81129905223156,266.0,116.75326081155498,-58.37663040577749,-110.26696854424618,-58.37663040577749,193.38150798783954,-96.69075399391977,-182.63809087740265,-96.69075399391977
37.0,-18.5,-34.944444444444414,-18.5,0.0,5.683352457559524,1.0,2.0,0.00844691537717801,0.6208193510729725,396.80801581100843,199.68916873168274,265.0555555555556,118.38641152980098,-59.19320576490049,-111.80938866703407,-59.19320576490049,193.342853020461,-96.6714265102305,-182.6015834082131,-96.6714265102305
38.0,-19.0,-35.88888888888886,-19.0,0.0,5.6796409740712,1.0,2.0,0.0083335185329233,0.6291528696058958,393.98179462117366,204.52433367942086,264.11111111111114,119.99733318517163,-59.99866659258581,-113.33081467488412,-59.99866659258581,193.30630261471964,-96.65315130735982,-182.56706358056834,-96.65315130735982
39.0,-19.5,-36.8333333333333,-19.5,0.0,5.675830310596117,1.0,2.0,0.00822456959320228,0.6373774391990981,391.0895650644388,209.31579301841026,263.1666666666667,121.58690964527965,-60.79345482263982,-114.8320813316528,-60.79345482263982,193.27168942941734,-96.63584471470867,-182.5343733500043,-96.63584471470867
40.0,-20.0,-37.77777777777774,-20.0,0.0,5.671920557727045,1.0,2.0,0.008119785168804738,0.6454972243679028,388.1320438202727,214.06255776872507,262.2222222222223,123.15596770243167,-61.57798385121583,-116.31396949674082,-61.57798385121583,193.23886340985436,-96.61943170492718,-182.50337099819626,-96.61943170492718
41.0,-20.5,-38.722222222222186,-20.5,0.0,5.667911808463311,1.0,2.0,0.008018906522018976,0.6535161308899218,385.1099633566538,218.76365111296838,261.2777777777778,124.7052821047505,-62.35264105237525,-117.7772108767086,-62.35264105237525,193.20768961012234,-96.60384480506117,-182.47392907622506,-96.60384480506117
42.0,-21.0,-39.66666666666663,-21.0,0.0,5.663804158211746,1.0,2.0,0.007942202443411595,0.6614583333333334,382.02407171977933,223.4181086580968,260.33333333333337,125.90965882889876,-62.95482941444938,-118.91467778284863,-62.95482941444938,151.6426624389743,-75.82133121948715,-143.2180700812547,-75.82133121948715
43.0,-21.5,-40.61111111111107,-21.5,0.0,5.659597704789446,1.0,2.0,0.007936507936507908,0.6693948412698413,378.87513231934025,228.02497869357407,259.3888888888889,126.00000000000045,-63.00000000000023,-119.00000000000023,-63.00000000000023,11.382987558814063,-5.691493779407032,-10.750599361101575,-5.691493779407032
44.0,-22.0,-41.555555555555515,-22.0,0.0,5.6552925484252805,1.0,2.0,0.007936507936507908,0.6773313492063492,375.6639237094271,232.5833224457775,258.44444444444446,126.00000000000045,-63.00000000000023,-119.00000000000023,-63.00000000000023,0.0,0.0,0.0,0.0
45.0,-22.5,-42.49999999999996,-22.5,0.0,5.650888791762051,1.0,2.0,0.007936507936507908,0.6852678571428571,372.3912393651312,237.09221432858203,257.50000000000006,126.00000000000045,-63.00000000000023,-119.00000000000023,-63.00000000000023,0.0,0.0,0.0,0.0
46.0,-23.0,-43.4444444444444,-23.0,0.0,5.646386539858483,1.0,2.0,0.00793650793650802,0.6932043650793651,369.0578874549095,241.5507421900487,256.5555555555556,125.99999999999868,-62.99999999999934,-118.99999999999856,-62.99999999999934,-2.2382096176442923e-10,1.1191048088221462e-10,2.0949642021150574e-10,1.1191048088221462e-10
47.0,-23.5,-44.38888888888884,-23.5,0.0,5.641785900191913,1.0,2.0,0.007936507936507908,0.701140873015873,365.6646906087807,245.9580075551457,255.61111111111114,126.00000000000045,-63.00000000000023,-119.00000000000023,-63.00000000000023,2.2382096176443236e-10,-1.1191048088221618e-10,-2.094964202115087e-10,-1.1191048088221618e-10
48.0,-24.0,-45.333333333333286,-24.0,0.0,5.637086982659739,1.0,2.0,0.007936507936507908,0.7090773809523809,362.21248568242186,250.3131258644289,254.6666666666667,126.00000000000045,-63.00000000000023,-119.00000000000023,-63.00000000000023,0.0,0.0,0.0,0.0
49.0,-24.5,-46.27777777777773,-24.5,0.0,5.632289899582689,1.0,2.0,0.007936507936507908,0.7170138888888888,358.7021235172373,254.61522670861422,253.72222222222229,126.00000000000045,-63.00000000000023,-119.00000000000023,-63.00000000000023,0.0,0.0,0.0,0.0
50.0,-25.0,-47.22222222222217,-25.0,0.0,5.627394765706242,1.0,2.0,0.00793650793650802,0.7249503968253969,355.13446869647044,258.8634540589705,252.77777777777783,125.99999999999868,-62.99999999999934,-118.99999999999856,-62.99999999999934,-2.2382096176442923e-10,1.1191048088221462e-10,2.0949642021150574e-10,1.1191048088221462e-10
51.0,-25.5,-48.166666666666615,-25.5,0.0,5.622401698204199,1.0,2.0,0.007936507936507908,0.7328869047619048,351.5103992974326,263.056966493468,251.83333333333337,126.00000000000045,-63.00000000000023,-119.00000000000023,-63.00000000000023,2.2382096176443236e-10,-1.1191048088221618e-10,-2.094964202115087e-10,-1.1191048088221618e-10
52.0,-26.0,-49.11111111111106,-26.0,0.0,5.617310816679988,1.0,2.0,0.007936507936507908,0.7408234126984127,347.8308066399234,267.19493741861385,250.88888888888894,126.00000000000045,-63.00000000000023,-119.00000000000023,-63.00000000000023,0.0,0.0,0.0,0.0
53.0,-26.5,-50.0555555555555,-26.5,0.0,5.612122243170497,1.0,2.0,0.00793650793650802,0.7487599206349207,344.096595030916,271.2765552869108,249.9444444444445,125.99999999999868,-62.99999999999934,-118.99999999999856,-62.99999999999934,-2.2382096176442923e-10,1.1191048088221462e-10,2.0949642021150574e-10,1.1191048088221462e-10
54.0,-27.0,-50.99999999999994,-27.0,0.0,5.606836102148449,1.0,2.0,0.007936507936507908,0.7566964285714286,340.30868150558655,275.30102380987626,249.00000000000006,126.00000000000045,-63.00000000000023,-119.00000000000023,-63.00000000000023,2.2382096176443236e-10,-1.1191048088221618e-10,-2.094964202115087e-10,-1.1191048088221618e-10
55.0,-27.5,-51.944444444444386,-27.5,0.0,5.601452520524326,1.0,2.0,0.007936507936507908,0.7646329365079365,336.4679955647646,279.2675621665569,248.0555555555556,126.00000000000045,-63.00000000000023,-119.00000000000023,-63.00000000000023,0.0,0.0,0.0,0.0
56.0,-28.0,-52.88888888888883,-28.0,0.0,5.595971627650726,1.0,2.0,0.007936507936507908,0.7725694444444444,332.5754789088811,283.1754052074811,247.11111111111117,126.00000000000045,-63.00000000000023,-119.00000000000023,-63.00000000000023,0.0,0.0,0.0,0.0
57.0,-28.5,-53.83333333333327,-28.5,0.0,5.590393555324387,1.0,2.0,0.007936507936507908,0.7805059523809523,328.6320851684968,287.02380365398693,246.16666666666674,126.00000000000045,-63.00000000000023,-119.00000000000023,-63.00000000000023,0.0,0.0,0.0,0.0
58.0,-29.0,-54.777777777777715,-29.0,0.0,5.584718437789723,1.0,2.0,0.00793650793650802,0.7884424603174603,324.63877963148985,290.8120242928695,245.22222222222229,125.99999999999868,-62.99999999999934,-118.99999999999856,-62.99999999999934,-2.2382096176442923e-10,1.1191048088221462e-10,2.0949642021150574e-10,1.1191048088221462e-10
59.0,-29.5,-55.72222222222216,-29.5,0.0,5.5789464117409775,1.0,2.0,0.007936507936507908,0.7963789682539683,320.5965389669857,294.5393501662893,244.27777777777783,126.00000000000045,-63.00000000000023,-119.00000000000023,-63.00000000000023,2.2382096176443236e-10,-1.1191048088221618e-10,-2.094964202115087e-10,-1.1191048088221618e-10
60.0,-30.0,-56.6666666666666,-30.0,0.0,5.573077616327367,1.0,2.0,0.007936507936507908,0.8043154761904762,316.50635094610965,298.20508075688775,243.3333333333334,126.00000000000045,-63.00000000000023,-119.00000000000023,-63.00000000000023,0.0,0.0,0.0,0.0
61.0,-30.5,-57.61111111111104,-30.5,0.0,5.56711219315493,1.0,2.0,0.00793650793650802,0.8122519841269842,312.36921415964883,301.80853216805525,242.38888888888897,125.99999999999868,-62.99999999999934,-118.99999999999856,-62.99999999999934,-2.2382096176442923e-10,1.1191048088221462e-10,2.0949642021150574e-10,1.1191048088221462e-10
62.0,-31.0,-58.555555555555486,-31.0,0.0,5.561050286290206,1.0,2.0,0.007936507936507908,0.8201884920634921,308.1861377327062,305.34903729929897,241.4444444444445,126.00000000000045,-63.00000000000023,-119.00000000000023,-63.00000000000023,2.2382096176443236e-10,-1.1191048088221618e-10,-2.094964202115087e-10,-1.1191048088221618e-10
63.0,-31.5,-59.49999999999993,-31.5,0.0,5.554892042264308,1.0,2.0,0.007936507936507908,0.828125,303.9581410364323,308.8259460166608,240.50000000000006,126.00000000000045,-63.00000000000023,-119.00000000000023,-63.00000000000023,0.0,0.0,0.0,0.0
64.0,-32.0,-60.44444444444437,-32.0,0.0,5.54863761007621,1.0,2.0,0.007936507936507908,0.8360615079365079,299.6862533969219,312.2386253181347,239.55555555555563,126.00000000000045,-63.00000000000023,-119.00000000000023,-63.00000000000023,0.0,0.0,0.0,0.0
65.0,-32.5,-61.388888888888815,-32.5,0.0,5.542287141196598,1.0,2.0,0.007936507936507908,0.8439980158730158,295.3715138013613,315.586459494036,238.6111111111112,126.00000000000045,-63.00000000000023,-119.00000000000023,-63.00000000000023,0.0,0.0,0.0,0.0
66.0,-33.0,-62.33333333333326,-33.0,0.0,5.535840789572056,1.0,2.0,0.00793650793650802,0.8519345238095238,291.014970601516,318.868850282277,237.66666666666674,125.99999999999868,-62.99999999999934,-118.99999999999856,-62.99999999999934,-2.2382096176442923e-10,1.1191048088221462e-10,2.0949642021150574e-10,1.1191048088221462e-10
67.0,-33.5,-63.2777777777777,-33.5,0.0,5.529298711628218,1.0,2.0,0.007936507936507908,0.8598710317460317,286.6176812146468,322.08521701850265,236.72222222222229,126.00000000000045,-63.00000000000023,-119.00000000000023,-63.00000000000023,2.2382096176443236e-10,-1.1191048088221618e-10,-2.094964202115087e-10,-1.1191048088221618e-10
68.0,-34.0,-64.22222222222214,-34.0,0.0,5.522661066275066,1.0,2.0,0.007936507936507908,0.8678075396825397,282.1807118219428,325.23499678104423,235.77777777777786,126.00000000000045,-63.00000000000023,-119.00000000000023,-63.00000000000023,0.0,0.0,0.0,0.0
69.0,-34.5,-65.16666666666659,-34.5,0.0,5.515928014910056,1.0,2.0,0.00793650793650802,0.8757440476190477,277.7051370645639,328.3176445306486,234.83333333333343,125.99999999999868,-62.99999999999934,-118.99999999999856,-62.99999999999934,-2.2382096176442923e-10,1.1191048088221462e-10,2.0949642021150574e-10,1.1191048088221462e-10
70.0,-35.0,-66.11111111111103,-35.0,0.0,5.509099721423255,1.0,2.0,0.007936507936507908,0.8836805555555556,273.19203973738166,331.3326332449432,233.88888888888897,126.00000000000045,-63.00000000000023,-119.00000000000023,-63.00000000000023,2.2382096176443236e-10,-1.1191048088221618e-10,-2.094964202115087e-10,-1.1191048088221618e-10
71.0,-35.5,-67.05555555555547,-35.5,0.0,5.502176352201356,1.0,2.0,0.007936507936507908,0.8916170634920635,268.64251048051113,334.27945404759834,232.9444444444445,126.00000000000045,-63.00000000000023,-119.00000000000023,-63.00000000000023,0.0,0.0,0.0,0.0
72.0,-36.0,-67.99999999999991,-36.0,0.0,5.4951580761325545,1.0,2.0,0.007936507936507908,0.8995535714285714,264.0576474687263,337.1576163321491,232.00000000000009,126.00000000000045,-63.00000000000023,-119.00000000000023,-63.00000000000023,0.0,0.0,0.0,0.0
73.0,-36.5,-68.94444444444436,-36.5,0.0,5.488045064610895,1.0,2.0,0.007936507936507908,0.9074900793650793,259.4385560988516,339.9666478804424,231.05555555555566,126.00000000000045,-63.00000000000023,-119.00000000000023,-63.00000000000023,0.0,0.0,0.0,0.0
74.0,-37.0,-69.8888888888888,-37.0,0.0,5.480837491541842,1.0,2.0,0.00793650793650802,0.9154265873015873,254.78634867522302,342.70609497567597,230.1111111111112,125.99999999999868,-62.99999999999934,-118.99999999999856,-62.99999999999934,-2.2382096176442923e-10,1.1191048088221462e-10,2.0949642021150574e-10,1.1191048088221462e-10
75.0,-37.5,-70.83333333333324,-37.5,0.0,5.47353553334629,1.0,2.0,0.007936507936507908,0.9233630952380952,250.10214409331292,345.3755225099939,229.16666666666674,126.00000000000045,-63.00000000000023,-119.00000000000023,-63.00000000000023,2.2382096176443236e-10,-1.1191048088221618e-10,-2.094964202115087e-10,-1.1191048088221618e-10
76.0,-38.0,-71.77777777777769,-38.0,0.0,5.466139368966674,1.0,2.0,0.00793650793650802,0.9312996031746033,245.38706752161406,347.97451408661396,228.2222222222223,125.99999999999868,-62.99999999999934,-118.99999999999856,-62.99999999999934,-2.2382096176442923e-10,1.1191048088221462e-10,2.0949642021150574e-10,1.1191048088221462e-10
77.0,-38.5,-72.72222222222213,-38.5,0.0,5.458649179871807,1.0,2.0,0.007936507936507908,0.9392361111111112,240.64225008187643,350.50267211645206,227.27777777777789,126.00000000000045,-63.00000000000023,-119.00000000000023,-63.00000000000023,2.2382096176443236e-10,-1.1191048088221618e-10,-2.094964202115087e-10,-1.1191048088221618e-10
78.0,-39.0,-73.66666666666657,-39.0,0.0,5.451065150061748,1.0,2.0,0.007936507936507908,0.9471726190476191,235.8688285277946,352.9596179092205,226.33333333333343,126.00000000000045,-63.00000000000023,-119.00000000000023,-63.00000000000023,0.0,0.0,0.0,0.0
79.0,-39.5,-74.61111111111101,-39.5,0.0,5.443387466074972,1.0,2.0,0.007936507936507908,0.955109126984127,231.06794492223895,355.3449917589739,225.38888888888897,126.00000000000045,-63.00000000000023,-119.00000000000023,-63.00000000000023,0.0,0.0,0.0,0.0
80.0,-40.0,-75.55555555555546,-40.0,0.0,5.4356163169920135,1.0,2.0,0.007936507936507908,0.9630456349206349,226.24074631313056,357.65845302407644,224.44444444444454,126.00000000000045,-63.00000000000023,-119.00000000000023,-63.00000000000023,0.0,0.0,0.0,0.0
81.0,-40.5,-76.4999999999999,-40.5,0.0,5.4277518944432614,1.0,2.0,0.007936507936507908,0.9709821428571428,221.38838440805392,359.8996802015735,223.5000000000001,126.00000000000045,-63.00000000000023,-119.00000000000023,-63.00000000000023,0.0,0.0,0.0,0.0
82.0,-41.0,-77.44444444444434,-41.0,0.0,5.419794392613712,1.0,2.0,0.00793650793650802,0.9789186507936508,216.51201524770613,362.06837099594094,222.55555555555566,125.99999999999868,-62.99999999999934,-118.99999999999856,-62.99999999999934,-2.2382096176442923e-10,1.1191048088221462e-10,2.0949642021150574e-10,1.1191048088221462e-10
83.0,-41.5,-78.38888888888879,-41.5,0.0,5.411744008249968,1.0,2.0,0.007936507936507908,0.9868551587301587,211.61279887828,364.1642423821988,221.6111111111112,126.00000000000045,-63.00000000000023,-119.00000000000023,-63.00000000000023,2.2382096176443236e-10,-1.1191048088221618e-10,-2.094964202115087e-10,-1.1191048088221618e-10
84.0,-42.0,-79.33333333333323,-42.0,0.0,5.403600940665979,1.0,2.0,0.00793650793650802,0.9947916666666667,206.6918990228792,366.1870306633693,220.66666666666674,125.99999999999868,-62.99999999999934,-118.99999999999856,-62.99999999999934,-2.2382096176442923e-10,1.1191048088221462e-10,2.0949642021150574e-10,1.1191048088221462e-10
85.0,-42.5,-80.27777777777767,-42.5,0.0,5.3953653917502775,1.0,2.0,0.007936507936507908,1.0027281746031746,201.7504827520626,368.1364915222643,219.72222222222234,126.00000000000045,-63.00000000000023,-119.00000000000023,-63.00000000000023,2.2382096176443236e-10,-1.1191048088221618e-10,-2.094964202115087e-10,-1.1191048088221618e-10
86.0,-43.0,-81.22222222222211,-43.0,0.0,5.38703756597224,1.0,2.0,0.007936507936507908,1.0106646825396826,196.78972015361768,370.0124000675895,218.77777777777789,126.00000000000045,-63.00000000000023,-119.00000000000023,-63.00000000000023,0.0,0.0,0.0,0.0
87.0,-43.5,-82.16666666666656,-43.5,0.0,5.378617670389476,1.0,2.0,0.007936507936507908,1.0186011904761905,191.81078400166066,371.8145508743533,217.83333333333343,126.00000000000045,-63.00000000000023,-119.00000000000023,-63.00000000000023,0.0,0.0,0.0,0.0
88.0,-44.0,-83.111111111111,-44.0,0.0,5.3701059146541485,1.0,2.0,0.007936507936507908,1.0265376984126984,186.814849425163,373.5427580185686,216.88888888888903,126.00000000000045,-63.00000000000023,-119.00000000000023,-63.00000000000023,0.0,0.0,0.0,0.0
89.0,-44.5,-84.05555555555544,-44.5,0.0,5.361502511021314,1.0,2.0,0.007936507936507908,1.0344742063492063,181.80309357600203,375.19685510624106,215.94444444444457,126.00000000000045,-63.00000000000023,-119.00000000000023,-63.00000000000023,0.0,0.0,0.0,0.0
90.0,-45.0,-84.99999999999989,-45.0,0.0,5.352807674355321,1.0,2.0,0.00793650793650813,1.0424107142857144,176.77669529663686,376.77669529663694,215.0000000000001,125.99999999999692,-62.99999999999846,-118.99999999999689,-62.99999999999846,-4.4585135583473676e-10,2.2292567791736838e-10,4.2078340811712104e-10,2.2292567791736838e-10
91.0,-45.5,-85.94444444444433,-45.5,0.0,5.344021622138884,1.0,2.0,0.007936507936507908,1.0503472222222223,171.736834787506,378.2821513198237,214.05555555555566,126.00000000000045,-63.00000000000023,-119.00000000000023,-63.00000000000023,4.4585135583474927e-10,-2.2292567791737463e-10,-4.2078340811713283e-10,-2.2292567791737463e-10
92.0,-46.0,-86.88888888888877,-46.0,0.0,5.335144574479543,1.0,2.0,0.007936507936507908,1.0582837301587302,166.6846932742492,379.71311548848195,213.1111111111112,126.00000000000045,-63.00000000000023,-119.00000000000023,-63.00000000000023,0.0,0.0,0.0,0.0
93.0,-46.5,-87.83333333333321,-46.5,0.0,5.326176754119209,1.0,2.0,0.007936507936507908,1.0662202380952381,161.6214526748497,381.0694997039867,212.1666666666668,126.00000000000045,-63.00000000000023,-119.00000000000023,-63.00000000000023,0.0,0.0,0.0,0.0
94.0,-47.0,-88.77777777777766,-47.0,0.0,5.317118386440868,1.0,2.0,0.007936507936507908,1.074156746031746,156.5482952667995,382.3512354567575,211.22222222222234,126.00000000000045,-63.00000000000023,-119.00000000000023,-63.00000000000023,0.0,0.0,0.0,0.0
95.0,-47.5,-89.7222222222221,-47.5,0.0,5.307969699478955,1.0,2.0,0.007936507936507908,1.082093253968254,151.46640335438335,383.5582738208802,210.27777777777789,126.00000000000045,-63.00000000000023,-119.00000000000023,-63.00000000000023,0.0,0.0,0.0,0.0
96.0,-48.0,-90.66666666666654,-48.0,0.0,5.298730923926896,1.0,2.0,0.007936507936507908,1.0900297619047619,146.37695893618383,384.6905854430033,209.33333333333348,126.00000000000045,-63.00000000000023,-119.00000000000023,-63.00000000000023,0.0,0.0,0.0,0.0
97.0,-48.5,-91.61111111111099,-48.5,0.0,5.2894022931469244,1.0,2.0,0.007936507936507908,1.0979662698412698,141.28114337290484,385.74816052551495,208.38888888888903,126.00000000000045,-63.00000000000023,-119.00000000000023,-63.00000000000023,0.0,0.0,0.0,0.0
98.0,-49.0,-92.55555555555543,-49.0,0.0,5.279984043178615,1.0,2.0,0.007936507936507908,1.1059027777777777,136.18013705561373,386.7310088040071,207.44444444444457,126.00000000000045,-63.00000000000023,-119.00000000000023,-63.00000000000023,0.0,0.0,0.0,0.0
99.0,-49.5,-93.49999999999987,-49.5,0.0,5.2704764127492725,1.0,2.0,0.007936507936507908,1.1138392857142856,131.07511907449964,387.63915951903533,206.5000000000001,126.00000000000045,-63.00000000000023,-119.00000000000023,-63.00000000000023,0.0,0.0,0.0,0.0
100.0,-50.0,-94.44444444444431,-50.0,0.0,5.26087964328271,1.0,2.0,0.00793650793650813,1.1217757936507937,125.9672668882487,388.4726613821862,205.55555555555566,125.99999999999692,-62.99999999999846,-118.99999999999689,-62.99999999999846,-4.4585135583473676e-10,2.2292567791736838e-10,4.2078340811712104e-10,2.2292567791736838e-10
101.0,-50.5,-95.38888888888876,-50.5,0.0,5.251193978910695,1.0,2.0,0.007936507936507908,1.1297123015873016,120.85775599413199,389.2315825364629,204.61111111111126,126.00000000000045,-63.00000000000023,-119.00000000000023,-63.00000000000023,4.4585135583474927e-10,-2.2292567791737463e-10,-4.2078340811713283e-10,-2.2292567791737463e-10
102.0,-51.0,-96.3333333333332,-51.0,0.0,5.241419666481914,1.0,2.0,0.007936507936507908,1.1376488095238095,115.74775959890752,389.9160105110039,203.6666666666668,126.00000000000045,-63.00000000000023,-119.00000000000023,-63.00000000000023,0.0,0.0,0.0,0.0
103.0,-51.5,-97.27777777777764,-51.5,0.0,5.23155695557352,1.0,2.0,0.007936507936507908,1.1455853174603174,110.63844829063189,390.52605217015054,202.72222222222234,126.00000000000045,-63.00000000000023,-119.00000000000023,-63.00000000000023,0.0,0.0,0.0,0.0
104.0,-52.0,-98.22222222222209,-52.0,0.0,5.221606098501267,1.0,2.0,0.007936507936507908,1.1535218253968254,105.53098971148101,391.06183365687986,201.77777777777794,126.00000000000045,-63.00000000000023,-119.00000000000023,-63.00000000000023,0.0,0.0,0.0,0.0
105.0,-52.5,-99.16666666666653,-52.5,0.0,5.211567350331497,1.0,2.0,0.00793650793650813,1.1614583333333335,100.42654823167594,391.52350033062254,200.83333333333348,125.99999999999692,-62.99999999999846,-118.99999999999689,-62.99999999999846,-4.4585135583473676e-10,2.2292567791736838e-10,4.2078340811712104e-10,2.2292567791736838e-10
106.0,-53.0,-100.11111111111097,-53.0,0.0,5.201440968891766,1.0,2.0,0.007936507936507908,1.1693948412698414,95.32628462461226,391.91121669948706,199.88888888888903,126.00000000000045,-63.00000000000023,-119.00000000000023,-63.00000000000023,4.4585135583474927e-10,-2.2292567791737463e-10,-4.2078340811713283e-10,-2.2292567791737463e-10
107.0,-53.5,-101.05555555555542,-53.5,0.0,5.191227214783823,1.0,2.0,0.007936507936507908,1.1773313492063493,90.23135574328798,392.2251663469115,198.94444444444457,126.00000000000045,-63.00000000000023,-119.00000000000023,-63.00000000000023,0.0,0.0,0.0,0.0
108.0,-54.0,-101.99999999999986,-54.0,0.0,5.180926351394078,1.0,2.0,0.007936507936507908,1.1852678571428572,85.1429141981288,392.46555185276765,198.0000000000001,126.00000000000045,-63.00000000000023,-119.00000000000023,-63.00000000000023,0.0,0.0,0.0,0.0
109.0,-54.5,-102.9444444444443,-54.5,0.0,5.170538644907503,1.0,2.0,0.007936507936507908,1.1932043650793651,80.06210803630363,392.63259470894326,197.0555555555557,126.00000000000045,-63.00000000000023,-119.00000000000023,-63.00000000000023,0.0,0.0,0.0,0.0
110.0,-55.0,-103.88888888888874,-55.0,0.0,5.160064364319674,1.0,2.0,0.007936507936507908,1.201140873015873,74.99008042262776,392.72653522942966,196.11111111111126,126.00000000000045,-63.00000000000023,-119.00000000000023,-63.00000000000023,0.0,0.0,0.0,0.0
111.0,-55.5,-104.83333333333319,-55.5,0.0,5.149503781449797,1.0,2.0,0.007936507936507908,1.209077380952381,69.9279693221481,392.7476324549443,195.1666666666668,126.00000000000045,-63.00000000000023,-119.00000000000023,-63.00000000000023,0.0,0.0,0.0,0.0
112.0,-56.0,-105.77777777777763,-56.0,0.0,5.138857170954519,1.0,2.0,0.007936507936507908,1.2170138888888888,64.87690718450425,392.696164052118,194.2222222222224,126.00000000000045,-63.00000000000023,-119.00000000000023,-63.00000000000023,0.0,0.0,0.0,0.0
113.0,-56.5,-106.72222222222207,-56.5,0.0,5.128124810341562,1.0,2.0,0.007936507936507908,1.2249503968253967,59.83802063015977,392.57242620728016,193.27777777777794,126.00000000000045,-63.00000000000023,-119.00000000000023,-63.00000000000023,0.0,0.0,0.0,0.0
114.0,-57.0,-107.66666666666652,-57.0,0.0,5.117306979983859,1.0,2.0,0.007936507936507908,1.2328869047619047,54.81243013859669,392.37673351487626,192.33333333333348,126.00000000000045,-63.00000000000023,-119.00000000000023,-63.00000000000023,0.0,0.0,0.0,0.0
115.0,-57.5,-108.61111111111096,-57.5,0.0,5.106403963133926,1.0,2.0,0.007936507936507908,1.2408234126984126,49.801249738566064,392.1094188605515,191.38888888888903,126.00000000000045,-63.00000000000023,-119.00000000000023,-63.00000000000023,0.0,0.0,0.0,0.0
116.0,-58.0,-109.5555555555554,-58.0,0.0,5.095416045939344,1.0,2.0,0.007936507936507908,1.2487599206349205,44.8055867004857,391.77083329894,190.44444444444457,126.00000000000045,-63.00000000000023,-119.00000000000023,-63.00000000000023,0.0,0.0,0.0,0.0
117.0,-58.5,-110.49999999999984,-58.5,0.0,5.084343517457221,1.0,2.0,0.00793650793650813,1.2566964285714286,39.82654123107782,391.36134592619663,189.50000000000017,125.99999999999692,-62.99999999999846,-118.99999999999689,-62.99999999999846,-4.4585135583473676e-10,2.2292567791736838e-10,4.2078340811712104e-10,2.2292567791736838e-10
118.0,-59.0,-111.44444444444429,-59.0,0.0,5.0731866696708545,1.0,2.0,0.007936507936507908,1.2646329365079365,34.86520617033545,390.8813437473135,188.5555555555557,126.00000000000045,-63.00000000000023,-119.00000000000023,-63.00000000000023,4.4585135583474927e-10,-2.2292567791737463e-10,-4.2078340811713283e-10,-2.2292567791737463e-10
119.0,-59.5,-112.38888888888873,-59.5,0.0,5.061945797505533,1.0,2.0,0.007936507936507908,1.2725694444444444,29.922666690908606,390.3312315382607,187.61111111111126,126.00000000000045,-63.00000000000023,-119.00000000000023,-63.00000000000023,0.0,0.0,0.0,0.0
120.0,-60.0,-113.33333333333317,-60.0,0.0,5.0506211988442935,1.0,2.0,0.007936507936507908,1.2805059523809523,24.999999999999993,389.71143170299746,186.66666666666686,126.00000000000045,-63.00000000000023,-119.00000000000023,-63.00000000000023,0.0,0.0,0.0,0.0
121.0,-60.5,-114.27777777777762,-60.5,0.0,5.039213174546627,1.0,2.0,0.00793650793650813,1.2884424603174605,20.0982750438559,389.0223841253974,185.7222222222224,125.99999999999692,-62.99999999999846,-118.99999999999689,-62.99999999999846,-4.4585135583473676e-10,2.2292567791736838e-10,4.2078340811712104e-10,2.2292567791736838e-10
122.0,-61.0,-115.22222222222206,-61.0,0.0,5.027722028464275,1.0,2.0,0.007936507936507908,1.2963789682539684,15.21855221494325,388.2645460161342,184.77777777777794,126.00000000000045,-63.00000000000023,-119.00000000000023,-63.00000000000023,4.4585135583474927e-10,-2.2292567791737463e-10,-4.2078340811713283e-10,-2.2292567791737463e-10
123.0,-61.5,-116.1666666666665,-61.5,0.0,5.016148067460413,1.0,2.0,0.007936507936507908,1.3043154761904763,10.361883061896654,387.4383917545762,183.83333333333348,126.00000000000045,-63.00000000000023,-119.00000000000023,-63.00000000000023,0.0,0.0,0.0,0.0
124.0,-62.0,-117.11111111111094,-62.0,0.0,5.004491601427161,1.0,2.0,0.007936507936507908,1.3122519841269842,5.529310002323291,386.5444127257401,182.88888888888903,126.00000000000045,-63.00000000000023,-119.00000000000023,-63.00000000000023,0.0,0.0,0.0,0.0
125.0,-62.5,-118.05555555555539,-62.5,0.0,4.9927529433049935,1.0,2.0,0.007936507936507908,1.320188492063492,0.721866038549327,385.5831171523538,181.94444444444463,126.00000000000045,-63.00000000000023,-119.00000000000023,-63.00000000000023,0.0,0.0,0.0,0.0
126.0,-63.0,-118.99999999999983,-63.0,0.0,4.980932409102488,1.0,2.0,0.007936507936507908,1.328125,-4.059425523607952,384.5550299220814,181.00000000000017,126.00000000000045,-63.00000000000023,-119.00000000000023,-63.00000000000023,0.0,0.0,0.0,0.0
127.0,-63.5,-119.94444444444427,-63.5,0.0,4.969030317914796,1.0,2.0,0.007936507936507908,1.336061507936508,-8.813551352957543,383.46069240996485,180.0555555555557,126.00000000000045,-63.00000000000023,-119.00000000000023,-63.00000000000023,0.0,0.0,0.0,0.0
128.0,-64.0,-120.88888888888872,-64.0,0.0,4.9570469919458295,1.0,2.0,0.007936507936507908,1.3439980158730158,-13.539508367862336,382.3006622961361,179.1111111111113,126.00000000000045,-63.00000000000023,-119.00000000000023,-63.00000000000023,0.0,0.0,0.0,0.0
129.0,-64.5,-121.83333333333316,-64.5,0.0,4.944982756528508,1.0,2.0,0.007936507936507908,1.3519345238095237,-18.236304007893718,381.07551337885934,178.16666666666686,126.00000000000045,-63.00000000000023,-119.00000000000023,-63.00000000000023,0.0,0.0,0.0,0.0
130.0,-65.0,-122.7777777777776,-65.0,0.0,4.932837940146054,1.0,2.0,0.007936507936507908,1.3598710317460316,-22.90295650213309,379.7858353829581,177.2222222222224,126.00000000000045,-63.00000000000023,-119.00000000000023,-63.00000000000023,0.0,0.0,0.0,0.0
131.0,-65.5,-123.72222222222204,-65.5,0.0,4.920612874454271,1.0,2.0,0.007936507936507908,1.3678075396825395,-27.538495134041835,378.4322337636902,176.27777777777794,126.00000000000045,-63.00000000000023,-119.00000000000023,-63.00000000000023,0.0,0.0,0.0,0.0
132.0,-66.0,-124.66666666666649,-66.0,0.0,4.9083078943045075,1.0,2.0,0.00793650793650813,1.3757440476190477,-32.14196050282166,377.0153295061291,175.33333333333348,125.99999999999692,-62.99999999999846,-118.99999999999689,-62.99999999999846,-4.4585135583473676e-10,2.2292567791736838e-10,4.2078340811712104e-10,2.2292567791736838e-10
133.0,-66.5,-125.61111111111093,-66.5,0.0,4.895923337767121,1.0,2.0,0.007936507936507908,1.3836805555555556,-36.712404781188155,375.5357589201151,174.38888888888908,126.00000000000045,-63.00000000000023,-119.00000000000023,-63.00000000000023,4.4585135583474927e-10,-2.2292567791737463e-10,-4.2078340811713283e-10,-2.2292567791737463e-10
134.0,-67.0,-126.55555555555537,-67.0,0.0,4.883459546154703,1.0,2.0,0.007936507936507908,1.3916170634920635,-41.24889196948098,373.9941734308403,173.44444444444463,126.00000000000045,-63.00000000000023,-119.00000000000023,-63.00000000000023,0.0,0.0,0.0,0.0
135.0,-67.5,-127.49999999999982,-67.5,0.0,4.870916864047351,1.0,2.0,0.007936507936507908,1.3995535714285714,-45.75049814603709,372.3912393651312,172.50000000000017,126.00000000000045,-63.00000000000023,-119.00000000000023,-63.00000000000023,0.0,0.0,0.0,0.0
136.0,-68.0,-128.44444444444426,-68.0,0.0,4.8582956393173236,1.0,2.0,0.00793650793650813,1.4074900793650795,-50.21631171375233,370.7276377334963,171.55555555555577,125.99999999999692,-62.99999999999846,-118.99999999999689,-62.99999999999846,-4.4585135583473676e-10,2.2292567791736838e-10,4.2078340811712104e-10,2.2292567791736838e-10
137.0,-68.5,-129.38888888888872,-68.5,0.0,4.845596223155464,1.0,2.0,0.007936507936507908,1.4154265873015874,-54.645433642759855,369.0040640080058,170.6111111111113,126.00000000000045,-63.00000000000023,-119.00000000000202,-63.00000000000023,4.4585135583474927e-10,-2.2292567791737463e-10,-6.463949375756806e-10,-2.2292567791737463e-10
138.0,-69.0,-130.33333333333317,-69.0,0.0,4.8328189700977395,1.0,2.0,0.007936507936507908,1.4233630952380953,-59.0369777091538,367.22122789607215,169.66666666666686,126.00000000000045,-63.00000000000023,-119.00000000000202,-63.00000000000023,0.0,0.0,0.0,0.0
139.0,-69.5,-131.27777777777763,-69.5,0.0,4.819964238052455,1.0,2.0,0.007942202443411484,1.4313052976815068,-63.39007072968761,365.3798531102009,168.7222222222224,125.90965882890052,-62.95482941445026,-118.91467778285208,-62.95482941445026,-11.374826031396326,5.687413015698163,10.74289125187391,5.687413015698163
140.0,-70.0,-132.2222222222221,-70.0,0.0,4.807032388327606,1.0,2.0,0.008018906522018865,1.4393242042035257,-67.70385279237846,363.480677133785,167.77777777777794,124.70528210475221,-62.35264105237611,-117.777210876712,-62.35264105237611,-150.1921391453116,75.0960695726558,141.84813141501797,75.0960695726558
141.0,-70.5,-133.16666666666654,-70.5,0.0,4.79402378566113,1.0,2.0,0.00811978516880485,1.4474439893723305,-71.97747748295144,361.5244509830121,166.83333333333348,123.15596770242998,-61.57798385121499,-116.31396949674098,-61.57798385121499,-190.80731449330722,95.40365724665361,180.20690813257045,95.40365724665361
142.0,-71.0,-134.111111111111,-71.0,0.0,4.7809387982492595,1.0,2.0,0.008224569593202169,1.4556685589655327,-76.21011210705527,359.5119389649609,165.88888888888903,121.5869096452813,-60.79345482264065,-114.83208133165608,-60.79345482264065,-190.77692022273723,95.38846011136862,180.178202432589,95.38846011136862
143.0,-71.5,-135.05555555555546,-71.5,0.0,4.767777797777236,1.0,2.0,0.008333518532923412,1.4640020774984561,-80.40093790818563,357.44391843195945,164.94444444444457,119.99733318517004,-59.99866659258502,-113.33081467488432,-59.99866659258502,-190.74493610727404,95.37246805363702,180.1479952124274,95.37246805363702
144.0,-72.0,-135.99999999999991,-72.0,0.0,4.754541159450349,1.0,2.0,0.00844691537717801,1.4724489928756341,-84.54915028125262,355.32117953228305,164.0000000000001,118.38641152980098,-59.19320576490049,-111.80938866703575,-59.19320576490049,-190.7112340347891,95.35561701739455,180.1161654773036,95.35561701739455
145.0,-72.5,-136.94444444444437,-72.5,0.0,4.741229262026907,1.0,2.0,0.008565071271234626,1.4810140641468688,-88.65395898173007,353.14452495726596,163.05555555555566,116.75326081155346,-58.37663040577673,-110.26696854424641,-58.37663040577673,-190.67567175212864,95.33783587606432,180.08257887701185,95.33783587606432
146.0,-73.0,-137.88888888888883,-73.0,0.0,4.7278424878492755,1.0,2.0,0.008688328712655569,1.4897023928595243,-92.71458833032419,350.91476968490826,162.1111111111112,115.09693441310327,-57.548467206551635,-108.70266027904344,-57.548467206551635,-190.6380908491131,95.31904542455655,180.04708580194134,95.31904542455655
147.0,-73.5,-138.8333333333333,-73.5,0.0,4.71438122287924,1.0,2.0,0.00881706573397567,1.4985194585935,-96.73027741310426,348.6327407200537,161.16666666666674,113.4164165462214,-56.7082082731107,-107.1155045158772,-56.7082082731107,-190.59831440364175,95.29915720182088,180.00951915899785,95.29915720182088
148.0,-74.0,-139.77777777777774,-74.0,0.0,4.7008458567316795,1.0,2.0,0.008951700788302874,1.5074711593818029,-100.70028027703546,346.2992768312207,160.22222222222229,111.71061496008592,-55.85530748004296,-105.50446968452701,-55.85530748004296,-190.55614418708433,95.27807209354216,179.9696917322487,95.27807209354216
149.0,-74.5,-140.7222222222222,-74.5,0.0,4.687236782711045,1.0,2.0,0.009092698481881767,1.5165638578636846,-104.62386612085827,343.91522828416663,159.27777777777783,109.97835263014753,-54.98917631507376,-103.86844415069628,-54.98917631507376,-190.5113573698856,95.2556786849428,179.92739307156165,95.2556786849428
150.0,-75.0,-141.66666666666666,-75.0,0.0,4.673554397847101,1.0,2.0,0.009240576332796513,1.5258044341964812,-108.50031948125762,341.48145657226706,158.33333333333337,108.21835824793907,-54.10917912396953,-102.20622723416604,-54.10917912396953,-190.46370256819543,95.23185128409771,179.88238575885424,95.23185128409771
151.0,-75.5,-142.61111111111111,-75.5,0.0,4.659799102932362,1.0,2.0,0.009395912780242544,1.5352003469767237,-112.32894041426884,338.9988341437944,157.3888888888889,106.42925529308567,-53.21462764654284,-100.51651888791558,-53.21462764654284,-190.41289512770544,95.20644756385272,179.83440095394732,95.20644756385272
152.0,-76.0,-143.55555555555557,-76.0,0.0,4.6459713025618194,1.0,2.0,0.009559356727383284,1.544759703704107,-116.10904467186845,336.4682441261773,156.44444444444446,104.60954942035451,-52.304774710177256,-98.7979077858917,-52.304774710177256,-190.3586114239799,95.17930571198995,179.7831330115376,95.17930571198995
153.0,-76.5,-144.50000000000003,-76.5,0.0,4.6320714051711445,1.0,2.0,0.009731638977410917,1.554491342681518,-119.83996387369724,333.8905800473285,155.5,102.75761383269563,-51.37880691634781,-97.04885750865829,-51.37880691634781,-190.30048195967808,95.15024097983904,179.7282329619198,95.15024097983904
154.0,-77.0,-145.44444444444449,-77.0,0.0,4.618099823078006,1.0,2.0,0.009913586023377441,1.5644049287048953,-123.52104567386723,331.26674555412427,154.55555555555554,100.87167223261879,-50.435836116309396,-95.26769044191903,-50.435836116309396,-190.23808293281098,95.11904146640549,179.66930054765746,95.11904146640549
155.0,-77.5,-146.38888888888894,-77.5,0.0,4.604056972523685,1.0,2.0,0.010106136786704578,1.5745110654916,-127.15165392280431,328.5976541281233,153.6111111111111,98.94977884284913,-49.474889421424564,-93.45256890713654,-49.474889421424564,-190.17092587724196,95.08546293862098,179.60587443962044,95.08546293862098
156.0,-78.0,-147.3333333333334,-78.0,0.0,4.589943273716499,1.0,2.0,0.010310363079828688,1.5848214285714286,-130.73116882408036,325.8842287986115,152.66666666666663,96.98979485566433,-48.494897427832164,-91.60147291923977,-48.494897427832164,-190.0984448374407,95.04922241872035,179.537420124251,95.04922241872035
157.0,-78.5,-148.27777777777786,-78.5,0.0,4.575759150874746,1.0,2.0,0.010527494813719507,1.595348923385148,-134.25898708618874,323.1274018530622,151.72222222222217,94.9893604978834,-47.4946802489417,-89.71217380355773,-47.4946802489417,-190.01998036360482,95.00999018180241,179.4633147878532,95.00999018180241
158.0,-79.0,-149.2222222222223,-79.0,0.0,4.561505032273042,1.0,2.0,0.010758951308111442,1.6061078746932596,-137.73452206922127,320.3281145450984,150.77777777777771,92.94586167018667,-46.47293083509334,-87.78220268851081,-46.47293083509334,-189.93475936228825,94.96737968114412,179.3828282866074,94.96737968114412
159.0,-79.5,-150.16666666666677,-79.5,0.0,4.547181350287922,1.0,2.0,0.01100638053142644,1.617114255224686,-141.15720392640355,317.4873168000487,149.83333333333326,90.85638981359104,-45.42819490679552,-85.80881260172602,-45.42819490679552,-189.84186950738098,94.92093475369049,179.29509897919507,94.92093475369049
160.0,-80.0,-151.11111111111123,-80.0,0.0,4.532788541446158,1.0,2.0,0.011271708759104104,1.62838596398379,-144.5264797404491,314.6059669181858,148.8888888888888,88.7176932417017,-44.35884662085085,-83.78893250605272,-44.35884662085085,-189.74022640195756,94.87011320097878,179.199102712963,94.87011320097878
161.0,-80.5,-152.05555555555569,-80.5,0.0,4.518327046474055,1.0,2.0,0.011557204086333872,1.639943168070124,-147.84181365469396,311.6850312757392,147.94444444444434,86.52611760853794,-43.26305880426897,-81.71911107473137,-43.26305880426897,-189.62853098313275,94.81426549156637,179.09361259518298,94.81426549156637
162.0,-81.0,-153.00000000000014,-81.0,0.0,4.503797310346785,1.0,2.0,0.011865558609085225,1.6518087266792092,-151.10268699897304,308.72548402377396,146.9999999999999,84.27753238977891,-42.138766194889456,-79.59544725701447,-42.138766194889456,-189.50521360514244,94.75260680257122,178.9771461826378,94.75260680257122
163.0,-81.5,-153.9444444444446,-81.5,0.0,4.489199782341067,1.0,2.0,0.01219999612713285,1.664008722806342,-154.30859841020444,305.7283067850266,146.05555555555543,81.96723913510064,-40.98361956755032,-77.41350362759609,-40.98361956755032,-189.36835967842381,94.68417983921191,178.84789525184613,94.68417983921191
164.0,-82.0,-154.88888888888906,-82.0,0.0,4.4745349160881105,1.0,2.0,0.012564415301223653,1.6765731381075657,-157.45906394764737,302.69448834879245,145.11111111111097,79.5898556379786,-39.7949278189893,-75.16819699142525,-39.7949278189893,-189.21560933205586,94.60780466602793,178.70363103583236,94.60780466602793
165.0,-82.5,-155.8333333333335,-82.5,0.0,4.459803169628191,1.0,2.0,0.01296358294281541,1.689536721050381,-160.55361720280078,299.6250243639568,144.16666666666652,77.13916780655254,-38.56958390327627,-72.85365848396725,-38.56958390327627,-189.04401986985164,94.52200993492582,178.54157432153002,94.52200993492582
166.0,-83.0,-156.77777777777797,-83.0,0.0,4.445005005466603,1.0,2.0,0.013403399608060917,1.702940120658442,-163.5918094039125,296.52091703026406,143.22222222222206,74.60793748166634,-37.30396874083317,-70.46305206601915,-37.30396874083317,-188.8498738308072,94.4249369154036,178.35821417354262,94.4249369154036
167.0,-83.5,-157.72222222222243,-83.5,0.0,4.430140890631609,1.0,2.0,0.013891271815992923,1.716831392474435,-166.57320951507046,293.3831747879198,142.2777777777776,71.98764902495876,-35.99382451247938,-67.98833519023974,-35.99382451247938,-188.6284057656164,94.3142028828082,178.14904988975042,94.3142028828082
168.0,-84.0,-158.66666666666688,-84.0,0.0,4.415211296733565,1.0,2.0,0.014436645503719925,1.7312680379781549,-169.49740432984783,290.21281200562015,141.33333333333314,69.26816896226534,-34.63408448113267,-65.41993735325147,-34.63408448113267,-188.37340447215982,94.18670223607991,177.9082153348202,94.18670223607991
169.0,-84.5,-159.61111111111134,-84.5,0.0,4.400216700026019,1.0,2.0,0.015051790400108622,1.7463198283782635,-172.36399855947684,287.0108486671037,140.3888888888887,66.43727911549867,-33.218639557749334,-62.74631916463848,-33.218639557749334,-188.0766188948683,94.03830944743414,177.62791784515528,94.03830944743414
170.0,-85.0,-160.5555555555558,-85.0,0.0,4.385157581468069,1.0,2.0,0.015752988009213764,1.7620728163874773,-175.17261491552713,283.7783100563224,139.44444444444423,63.48002038820255,-31.740010194101274,-59.95335258885876,-31.740010194101274,-187.72684430194772,93.86342215097386,177.29757517406458,93.86342215097386
171.0,-85.5,-161.50000000000026,-85.5,0.0,4.3700344267882105,1.0,2.0,0.016562394336053998,1.7786352107235313,-177.92289418706633,280.5162264413282,138.49999999999977,60.37774368305801,-30.188871841529004,-57.023424589555546,-30.188871841529004,-187.30846773713876,93.65423386856938,176.90244175174462,93.65423386856938
172.0,-86.0,-162.4444444444447,-86.0,0.0,4.3548477265516174,1.0,2.0,0.01751108325308448,1.7961462939766157,-180.61449531228277,277.22563275696916,137.55555555555532,57.106689834499846,-28.553344917249923,-53.93409595480613,-28.553344917249923,-186.79905756155793,93.39952878077897,176.42133214147364,93.39952878077897
173.0,-86.5,-163.38888888888917,-86.5,0.0,4.339597976226754,1.0,2.0,0.018644272161151942,1.8147905661377677,-183.24709544455024,273.90756828649626,136.61111111111086,53.635775714733754,-26.817887857366877,-50.656010397249226,-26.817887857366877,-186.1651712528767,93.08258562643834,175.8226617388302,93.08258562643834
174.0,-87.0,-164.33333333333363,-87.0,0.0,4.32428567625588,1.0,2.0,0.020030862433660923,1.8348214285714286,-185.82039001291872,270.5630763421742,135.6666666666664,49.92296279363124,-24.96148139681562,-47.14946486065236,-24.96148139681562,-185.354621319914,92.677310659957,175.05714235769912,92.677310659957
175.0,-87.5,-165.27777777777808,-87.5,0.0,4.3089113321267405,1.0,2.0,0.021782267706180747,1.8566036962776093,-188.33409277701512,267.1932039449962,134.72222222222194,45.90890230020673,-22.954451150103363,-43.3584077279736,-22.954451150103363,-184.2811110197457,92.14055550987285,174.043271518651,92.14055550987285
176.0,-88.0,-166.22222222222254,-88.0,0.0,4.293475454446081,1.0,2.0,0.02409358706188769,1.880697283339497,-190.78793587633962,263.799001503599,133.7777777777775,41.5048202424721,-20.75241012123605,-39.198996895668614,-20.75241012123605,-182.79063413937232,91.39531706968616,172.63559890940968,91.39531706968616
177.0,-88.5,-167.166666666667,-88.5,0.0,4.277978559015148,1.0,2.0,0.02734744993529481,1.9080447332747918,-193.18166987394656,260.3815224924781,132.83333333333303,36.566480690742324,-18.283240345371162,-34.5350095412571,-18.283240345371162,-180.57769786265592,90.28884893132796,170.54560353695513,90.28884893132796
178.0,-89.0,-168.11111111111146,-89.0,0.0,4.2624211669082985,1.0,2.0,0.03243912799923043,1.9404838612740223,-195.51506379449836,256.941823129598,131.88888888888857,30.826969209028167,-15.413484604514084,-29.11435980852699,-15.413484604514084,-176.93174372166592,88.46587186083296,167.10220240379772,88.46587186083296
179.0,-89.5,-169.0555555555559,-89.5,0.0,4.246803804552472,1.0,2.0,0.04227549468144054,1.9827593559554628,-197.78790515668484,253.4809620534995,130.94444444444412,23.654365431683814,-11.827182715841907,-22.34023401881279,-11.827182715841907,-169.663390845979,84.8316954229895,160.23764691009342,84.8316954229895
180.0,-90.0,-170.00000000000037,-90.0,0.0,4.231127003809608,1.0,2.0,0.102062072615966,2.084821428571429,-200.00000000000003,250.00000000000003,129.99999999999966,9.797958971132688,-4.898979485566344,-9.253627917180996,-4.898979485566344,-135.76450198781785,67.88225099390893,128.22202965516303,67.88225099390893
179.0,-89.5,-169.0555555555559,-89.5,0.0,4.231127003809608,1.0,3.0,0.0,2.084821428571429,-197.78790515668484,253.4809620534995,130.94444444444412,0.0,0.0,0.0,0.0,0.0,0.0,0.0,0.0
178.0,-89.0,-168.11111111111146,-89.0,0.0,4.246803804552472,1.0,3.0,0.14433756729740643,2.2291589958688354,-195.51506379449836,256.941823129598,131.88888888888857,-6.928203230275504,3.464101615137752,6.543303050815841,3.464101615137752,-47.99999999999993,23.999999999999964,45.333333333333876,23.999999999999964
177.0,-88.5,-167.166666666667,-88.5,0.0,4.2624211669082985,1.0,3.0,0.03243912799923046,2.261598123868066,-193.18166987394656,260.3815224924781,132.83333333333303,-30.826969209028167,15.413484604514084,29.11435980852699,15.413484604514084,-736.7265229607782,368.3632614803891,695.7972716851888,368.3632614803891
176.0,-88.0,-166.22222222222254,-88.0,0.0,4.277978559015148,1.0,3.0,0.027347449935294615,2.2889455738033604,-190.78793587633962,263.799001503599,133.7777777777775,-36.566480690742615,18.283240345371308,34.53500954125738,18.283240345371308,-209.8737357704069,104.93686788520345,198.2140837831649,104.93686788520345
175.0,-87.5,-165.27777777777808,-87.5,0.0,4.293475454446081,1.0,3.0,0.024093587061887717,2.313039160865248,-188.33409277701512,267.1932039449962,134.72222222222194,-41.5048202424721,20.75241012123605,39.198996895668614,20.75241012123605,-204.96489539082248,102.48244769541124,193.57795675800125,102.48244769541124
174.0,-87.0,-164.33333333333363,-87.0,0.0,4.3089113321267405,1.0,3.0,0.021782267706180775,2.334821428571429,-185.82039001291872,270.5630763421742,135.6666666666664,-45.90890230020673,22.954451150103363,43.3584077279736,22.954451150103363,-202.18657291063238,101.09328645531619,190.9539855267111,101.09328645531619
173.0,-86.5,-163.38888888888917,-86.5,0.0,4.32428567625588,1.0,3.0,0.020030862433660868,2.3548522910050895,-183.24709544455024,273.90756828649626,136.61111111111086,-49.9229627936318,24.9614813968159,47.149464860652884,24.9614813968159,-200.39379266464707,100.19689633232353,189.26080418328036,100.19689633232353
172.0,-86.0,-162.4444444444447,-86.0,0.0,4.339597976226754,1.0,3.0,0.018644272161151998,2.3734965631662415,-180.61449531228277,277.22563275696916,137.55555555555532,-53.635775714733754,26.817887857366877,50.656010397249226,26.817887857366877,-199.13960110699003,99.56980055349501,188.07628993438212,99.56980055349501
171.0,-85.5,-161.50000000000026,-85.5,0.0,4.3548477265516174,1.0,3.0,0.01751108325308437,2.3910076464193257,-177.92289418706633,280.5162264413282,138.49999999999977,-57.10668983450057,28.553344917250286,53.934095954806814,28.553344917250286,-198.2124160797122,99.1062080398561,187.20061518639707,99.1062080398561
170.0,-85.0,-160.5555555555558,-85.0,0.0,4.3700344267882105,1.0,3.0,0.016562394336054165,2.4075700407553797,-175.17261491552713,283.7783100563224,139.44444444444423,-60.37774368305801,30.188871841529004,57.023424589555546,30.188871841529004,-197.49885084168133,98.74942542084067,186.52669246159047,98.74942542084067
169.0,-84.5,-159.61111111111134,-84.5,0.0,4.385157581468069,1.0,3.0,0.015752988009213598,2.4233230287645933,-172.36399855947684,287.0108486671037,140.3888888888887,-63.48002038820344,31.74001019410172,59.95335258885961,31.74001019410172,-196.93258849248082,98.46629424624041,185.99188913179003,98.46629424624041
168.0,-84.0,-158.66666666666688,-84.0,0.0,4.400216700026019,1.0,3.0,0.015051790400108789,2.438374819164702,-169.49740432984783,290.21281200562015,141.33333333333314,-66.43727911549867,33.218639557749334,62.74631916463848,33.218639557749334,-196.47222348205733,98.23611174102867,185.55709995527934,98.23611174102867
167.0,-83.5,-157.72222222222243,-83.5,0.0,4.415211296733565,1.0,3.0,0.014436645503719814,2.4528114646684216,-166.57320951507046,293.3831747879198,142.2777777777776,-69.2681689622664,34.6340844811332,65.41993735325248,34.6340844811332,-196.09055621947175,98.04527810973588,185.19663642950323,98.04527810973588
166.0,-83.0,-156.77777777777797,-83.0,0.0,4.430140890631609,1.0,3.0,0.01389127181599309,2.4667027364844145,-163.5918094039125,296.52091703026406,143.22222222222206,-71.98764902495876,35.99382451247938,67.98833519023974,35.99382451247938,-195.7689762834701,97.88448814173505,184.89292204550205,97.88448814173505
165.0,-82.5,-155.8333333333335,-82.5,0.0,4.445005005466603,1.0,3.0,0.013403399608060751,2.480106136092475,-160.55361720280078,299.6250243639568,144.16666666666652,-74.60793748166758,37.30396874083379,70.46305206602031,37.30396874083379,-195.49431736206688,97.74715868103344,184.63352195306464,97.74715868103344
164.0,-82.0,-154.88888888888906,-82.0,0.0,4.459803169628191,1.0,3.0,0.012963582942815577,2.4930697190352906,-157.45906394764737,302.69448834879245,145.11111111111097,-77.13916780655254,38.56958390327627,72.85365848396725,38.56958390327627,-195.25700078833532,97.62850039416766,184.40938963343055,97.62850039416766
163.0,-81.5,-153.9444444444446,-81.5,0.0,4.4745349160881105,1.0,3.0,0.012564415301223597,2.505634134336514,-154.30859841020444,305.7283067850266,146.05555555555543,-79.58985563798001,39.794927818990004,75.16819699142657,39.794927818990004,-195.04989071706686,97.52494535853343,184.21378567723283,97.52494535853343
162.0,-81.0,-153.00000000000014,-81.0,0.0,4.489199782341067,1.0,3.0,0.012199996127132684,2.5178341304636467,-151.10268699897304,308.72548402377396,146.9999999999999,-81.96723913510213,40.98361956755107,77.41350362759749,40.98361956755107,-194.8675616244546,97.4337808122273,184.0415859786538,97.4337808122273
161.0,-80.5,-152.05555555555569,-80.5,0.0,4.503797310346785,1.0,3.0,0.011865558609085336,2.529699689072732,-147.84181365469396,311.6850312757392,147.94444444444434,-84.27753238977733,42.13876619488867,79.59544725701299,42.13876619488867,-194.70581460077338,97.35290730038669,183.88882490073308,97.35290730038669
160.0,-80.0,-151.11111111111123,-80.0,0.0,4.518327046474055,1.0,3.0,0.011557204086333817,2.541256893159066,-144.5264797404491,314.6059669181858,148.8888888888888,-86.52611760853794,43.26305880426897,81.71911107473137,43.26305880426897,-194.56134909130057,97.28067454565029,183.7523852528973,97.28067454565029
159.0,-79.5,-150.16666666666677,-79.5,0.0,4.532788541446158,1.0,3.0,0.011271708759104215,2.55252860191817,-141.15720392640355,317.4873168000487,149.83333333333326,-88.7176932417017,44.35884662085085,83.78893250605272,44.35884662085085,-194.43153473900983,97.21576736950492,183.62978280906694,97.21576736950492
158.0,-79.0,-149.2222222222223,-79.0,0.0,4.547181350287922,1.0,3.0,0.011006380531426385,2.5635349824495965,-137.73452206922127,320.3281145450984,150.77777777777771,-90.85638981359104,45.42819490679552,85.80881260172602,45.42819490679552,-194.31424942856876,97.15712471428438,183.519013349207,97.15712471428438
157.0,-78.5,-148.27777777777786,-78.5,0.0,4.561505032273042,1.0,3.0,0.010758951308111386,2.574293933757708,-134.25898708618874,323.1274018530622,151.72222222222217,-92.94586167018667,46.47293083509334,87.78220268851081,46.47293083509334,-194.20776214688618,97.10388107344309,183.4184420276167,97.10388107344309
156.0,-78.0,-147.3333333333334,-78.0,0.0,4.575759150874746,1.0,3.0,0.010527494813719562,2.5848214285714275,-130.73116882408036,325.8842287986115,152.66666666666663,-94.9893604978834,47.4946802489417,89.71217380355773,47.4946802489417,-194.11064682108614,97.05532341054307,183.32672199769434,97.05532341054307
155.0,-77.5,-146.38888888888894,-77.5,0.0,4.589943273716499,1.0,3.0,0.0103103630798288,2.5951317916512564,-127.15165392280431,328.5976541281233,153.6111111111111,-96.98979485566224,48.49489742783112,91.60147291923779,48.49489742783112,-194.02171798318847,97.01085899159423,183.24273365079316,97.01085899159423
154.0,-77.0,-145.44444444444449,-77.0,0.0,4.604056972523685,1.0,3.0,0.010106136786704356,2.605237928437961,-123.52104567386723,331.26674555412427,154.55555555555554,-98.94977884284913,49.474889421424564,93.45256890713654,49.474889421424564,-193.9399820676682,96.9699910338341,183.16553861946616,96.9699910338341
153.0,-76.5,-144.50000000000003,-76.5,0.0,4.618099823078006,1.0,3.0,0.009913586023377441,2.6151515144613384,-119.83996387369724,333.8905800473285,155.5,-100.87167223261879,50.435836116309396,95.26769044191903,50.435836116309396,-193.86460007888226,96.93230003944113,183.09434451894748,96.93230003944113
152.0,-76.0,-143.55555555555557,-76.0,0.0,4.6320714051711445,1.0,3.0,0.009731638977411139,2.6248831534387493,-116.10904467186845,336.4682441261773,156.44444444444446,-102.75761383269563,51.37880691634781,97.04885750865829,51.37880691634781,-193.79485865171134,96.89742932585567,183.02847761550785,96.89742932585567
151.0,-75.5,-142.61111111111111,-75.5,0.0,4.6459713025618194,1.0,3.0,0.009559356727383173,2.6344425101661324,-112.32894041426884,338.9988341437944,157.3888888888889,-104.60954942035694,52.30477471017847,98.797907785894,52.30477471017847,-193.73014738077424,96.86507369038712,182.96736141517806,96.86507369038712
150.0,-75.0,-141.66666666666666,-75.0,0.0,4.659799102932362,1.0,3.0,0.009395912780242544,2.643838422946375,-108.50031948125762,341.48145657226706,158.33333333333337,-106.42925529308567,53.21462764654284,100.51651888791558,53.21462764654284,-193.66994088697356,96.83497044348678,182.91049972658638,96.83497044348678
149.0,-74.5,-140.7222222222222,-74.5,0.0,4.673554397847101,1.0,3.0,0.009240576332796513,2.6530789992791712,-104.62386612085827,343.91522828416663,159.27777777777783,-108.21835824794167,54.10917912397083,102.2062272341685,54.10917912397083,-193.61378451105668,96.80689225552834,182.85746314933488,96.80689225552834
148.0,-74.0,-139.77777777777774,-74.0,0.0,4.687236782711045,1.0,3.0,0.009092698481881767,2.6621716977610532,-100.70028027703546,346.2992768312207,160.22222222222229,-109.97835263014484,54.98917631507242,103.86844415069373,54.98917631507242,-193.56128279301467,96.78064139650733,182.80787819340472,96.78064139650733
147.0,-73.5,-138.8333333333333,-73.5,0.0,4.7008458567316795,1.0,3.0,0.008951700788302985,2.6711233985493563,-96.73027741310426,348.6327407200537,161.16666666666674,-111.71061496008315,55.855307480041574,105.50446968452438,55.855307480041574,-193.51209014959485,96.75604507479743,182.76141847461994,96.75604507479743
146.0,-73.0,-137.88888888888883,-73.0,0.0,4.71438122287924,1.0,3.0,0.008817065733975449,2.679940464283332,-92.71458833032419,350.91476968490826,162.1111111111112,-113.4164165462214,56.7082082731107,107.1155045158772,56.7082082731107,-193.46590323866093,96.73295161933046,182.71779750318353,96.73295161933046
145.0,-72.5,-136.94444444444437,-72.5,0.0,4.7278424878492755,1.0,3.0,0.00868832871265579,2.6886287929959876,-88.65395898173007,353.14452495726596,163.05555555555566,-115.09693441310327,57.548467206551635,108.70266027904344,57.548467206551635,-193.42245470455094,96.71122735227547,182.67676277652325,96.71122735227547
144.0,-72.0,-135.99999999999991,-72.0,0.0,4.741229262026907,1.0,3.0,0.008565071271234515,2.697193864267222,-84.54915028125262,355.32117953228305,164.0000000000001,-116.75326081155346,58.37663040577673,110.26696854424641,58.37663040577673,-193.38150798731607,96.69075399365803,182.6380908769108,96.69075399365803
143.0,-71.5,-135.05555555555546,-71.5,0.0,4.754541159450349,1.0,3.0,0.00844691537717801,2.7056407796444004,-80.40093790818563,357.44391843195945,164.94444444444457,-118.38641152979787,59.193205764898934,111.80938866703282,59.193205764898934,-193.3428530202675,96.67142651013376,182.60158340803332,96.67142651013376
142.0,-71.0,-134.111111111111,-71.0,0.0,4.767777797777236,1.0,3.0,0.0083335185329233,2.7139742981773236,-76.21011210705527,359.5119389649609,165.88888888888903,-119.99733318517323,59.998666592586616,113.33081467488735,59.998666592586616,-193.30630261528836,96.65315130764418,182.56706358110796,96.65315130764418
141.0,-70.5,-133.16666666666654,-70.5,0.0,4.7809387982492595,1.0,3.0,0.00822456959320228,2.7221988677705258,-71.97747748295144,361.5244509830121,166.83333333333348,-121.5869096452813,60.79345482264065,114.83208133165608,60.79345482264065,-193.27168942942512,96.63584471471256,182.53437335001365,96.63584471471256
140.0,-70.0,-132.2222222222221,-70.0,0.0,4.79402378566113,1.0,3.0,0.008119785168804738,2.7303186529393306,-67.70385279237846,363.480677133785,167.77777777777794,-123.15596770242998,61.57798385121499,116.31396949674098,61.57798385121499,-193.23886340944043,96.61943170472021,182.50337099780873,96.61943170472021
139.0,-69.5,-131.27777777777763,-69.5,0.0,4.807032388327606,1.0,3.0,0.008018906522018976,2.7383375594613497,-63.39007072968761,365.3798531102009,168.7222222222224,-124.70528210474876,62.35264105237438,117.77721087670874,62.35264105237438,-193.20768961011433,96.60384480505716,182.47392907622077,96.60384480505716
138.0,-69.0,-130.33333333333317,-69.0,0.0,4.819964238052455,1.0,3.0,0.007942202443411595,2.7462797619047614,-59.0369777091538,367.22122789607215,169.66666666666686,-125.90965882889701,62.954829414448504,118.91467778284876,62.954829414448504,-151.64266243897038,75.82133121948519,143.2180700812509,75.82133121948519
137.0,-68.5,-129.38888888888872,-68.5,0.0,4.8328189700977395,1.0,3.0,0.007936507936507908,2.7542162698412693,-54.645433642759855,369.0040640080058,170.6111111111113,-126.00000000000045,63.00000000000023,119.00000000000202,63.00000000000023,-11.382987559034303,5.691493779517152,10.750599361311071,5.691493779517152
136.0,-68.0,-128.44444444444426,-68.0,0.0,4.845596223155464,1.0,3.0,0.007936507936507908,2.7621527777777772,-50.21631171375233,370.7276377334963,171.55555555555577,-126.00000000000045,63.00000000000023,119.00000000000202,63.00000000000023,0.0,0.0,0.0,0.0
135.0,-67.5,-127.49999999999982,-67.5,0.0,4.8582956393173236,1.0,3.0,0.007936507936507908,2.770089285714285,-45.75049814603709,372.3912393651312,172.50000000000017,-126.00000000000045,63.00000000000023,119.00000000000023,63.00000000000023,0.0,0.0,-2.256115294585478e-10,0.0
134.0,-67.0,-126.55555555555537,-67.0,0.0,4.870916864047351,1.0,3.0,0.00793650793650802,2.778025793650793,-41.24889196948098,373.9941734308403,173.44444444444463,-126.00000000000045,63.00000000000023,119.00000000000023,63.00000000000023,0.0,0.0,0.0,0.0
133.0,-66.5,-125.61111111111093,-66.5,0.0,4.883459546154703,1.0,3.0,0.007936507936507908,2.785962301587301,-36.712404781188155,375.5357589201151,174.38888888888908,-126.00000000000045,63.00000000000023,119.00000000000023,63.00000000000023,0.0,0.0,0.0,0.0
132.0,-66.0,-124.66666666666649,-66.0,0.0,4.895923337767121,1.0,3.0,0.007936507936507908,2.793898809523809,-32.14196050282166,377.0153295061291,175.33333333333348,-126.00000000000045,63.00000000000023,119.00000000000023,63.00000000000023,0.0,0.0,0.0,0.0
131.0,-65.5,-123.72222222222204,-65.5,0.0,4.9083078943045075,1.0,3.0,0.007936507936507908,2.8018353174603168,-27.538495134041835,378.4322337636902,176.27777777777794,-126.00000000000045,63.00000000000023,119.00000000000023,63.00000000000023,0.0,0.0,0.0,0.0
130.0,-65.0,-122.7777777777776,-65.0,0.0,4.920612874454271,1.0,3.0,0.00793650793650802,2.8097718253968247,-22.90295650213309,379.7858353829581,177.2222222222224,-126.00000000000045,63.00000000000023,119.00000000000023,63.00000000000023,0.0,0.0,0.0,0.0
129.0,-64.5,-121.83333333333316,-64.5,0.0,4.932837940146054,1.0,3.0,0.007936507936507908,2.8177083333333326,-18.236304007893718,381.07551337885934,178.16666666666686,-126.00000000000045,63.00000000000023,119.00000000000023,63.00000000000023,0.0,0.0,0.0,0.0
128.0,-64.0,-120.88888888888872,-64.0,0.0,4.944982756528508,1.0,3.0,0.007936507936507908,2.8256448412698405,-13.539508367862336,382.3006622961361,179.1111111111113,-126.00000000000045,63.00000000000023,119.00000000000023,63.00000000000023,0.0,0.0,0.0,0.0
127.0,-63.5,-119.94444444444427,-63.5,0.0,4.9570469919458295,1.0,3.0,0.00793650793650802,2.8335813492063484,-8.813551352957543,383.46069240996485,180.0555555555557,-126.00000000000045,63.00000000000023,119.00000000000023,63.00000000000023,0.0,0.0,0.0,0.0
126.0,-63.0,-118.99999999999983,-63.0,0.0,4.969030317914796,1.0,3.0,0.007936507936507908,2.8415178571428563,-4.059425523607952,384.5550299220814,181.00000000000017,-126.00000000000045,63.00000000000023,119.00000000000023,63.00000000000023,0.0,0.0,0.0,0.0
125.0,-62.5,-118.05555555555539,-62.5,0.0,4.980932409102488,1.0,3.0,0.007936507936507908,2.8494543650793642,0.721866038549327,385.5831171523538,181.94444444444463,-126.00000000000045,63.00000000000023,119.00000000000023,63.00000000000023,0.0,0.0,0.0,0.0
124.0,-62.0,-117.11111111111094,-62.0,0.0,4.9927529433049935,1.0,3.0,0.007936507936507908,2.857390873015872,5.529310002323291,386.5444127257401,182.88888888888903,-126.00000000000045,63.00000000000023,119.00000000000023,63.00000000000023,0.0,0.0,0.0,0.0
123.0,-61.5,-116.1666666666665,-61.5,0.0,5.004491601427161,1.0,3.0,0.007936507936507908,2.86532738095238,10.361883061896654,387.4383917545762,183.83333333333348,-126.00000000000045,63.00000000000023,119.00000000000023,63.00000000000023,0.0,0.0,0.0,0.0
122.0,-61.0,-115.22222222222206,-61.0,0.0,5.016148067460413,1.0,3.0,0.00793650793650802,2.873263888888888,15.21855221494325,388.2645460161342,184.77777777777794,-126.00000000000045,63.00000000000023,119.00000000000023,63.00000000000023,0.0,0.0,0.0,0.0
121.0,-60.5,-114.27777777777762,-60.5,0.0,5.027722028464275,1.0,3.0,0.007936507936507908,2.881200396825396,20.0982750438559,389.0223841253974,185.7222222222224,-126.00000000000045,63.00000000000023,119.00000000000023,63.00000000000023,0.0,0.0,0.0,0.0
120.0,-60.0,-113.33333333333317,-60.0,0.0,5.039213174546627,1.0,3.0,0.007936507936507908,2.8891369047619038,24.999999999999993,389.71143170299746,186.66666666666686,-126.00000000000045,63.00000000000023,119.00000000000023,63.00000000000023,0.0,0.0,0.0,0.0
119.0,-59.5,-112.38888888888873,-59.5,0.0,5.0506211988442935,1.0,3.0,0.00793650793650802,2.8970734126984117,29.922666690908606,390.3312315382607,187.61111111111126,-126.00000000000045,63.00000000000023,119.00000000000023,63.00000000000023,0.0,0.0,0.0,0.0
118.0,-59.0,-111.44444444444429,-59.0,0.0,5.061945797505533,1.0,3.0,0.007936507936507908,2.9050099206349196,34.86520617033545,390.8813437473135,188.5555555555557,-126.00000000000045,63.00000000000023,119.00000000000023,63.00000000000023,0.0,0.0,0.0,0.0
117.0,-58.5,-110.49999999999984,-58.5,0.0,5.0731866696708545,1.0,3.0,0.007936507936507908,2.9129464285714275,39.82654123107782,391.36134592619663,189.50000000000017,-126.00000000000045,63.00000000000023,119.00000000000023,63.00000000000023,0.0,0.0,0.0,0.0
116.0,-58.0,-109.5555555555554,-58.0,0.0,5.084343517457221,1.0,3.0,0.007936507936507908,2.9208829365079354,44.8055867004857,391.77083329894,190.44444444444457,-126.00000000000045,63.00000000000023,119.00000000000023,63.00000000000023,0.0,0.0,0.0,0.0
115.0,-57.5,-108.61111111111096,-57.5,0.0,5.095416045939344,1.0,3.0,0.007936507936507908,2.9288194444444433,49.801249738566064,392.1094188605515,191.38888888888903,-126.00000000000045,63.00000000000023,119.00000000000023,63.00000000000023,0.0,0.0,0.0,0.0
114.0,-57.0,-107.66666666666652,-57.0,0.0,5.106403963133926,1.0,3.0,0.00793650793650802,2.936755952380951,54.81243013859669,392.37673351487626,192.33333333333348,-126.00000000000045,63.00000000000023,119.00000000000023,63.00000000000023,0.0,0.0,0.0,0.0
113.0,-56.5,-106.72222222222207,-56.5,0.0,5.117306979983859,1.0,3.0,0.007936507936507908,2.944692460317459,59.83802063015977,392.57242620728016,193.27777777777794,-126.00000000000045,63.00000000000023,119.00000000000023,63.00000000000023,0.0,0.0,0.0,0.0
112.0,-56.0,-105.77777777777763,-56.0,0.0,5.128124810341562,1.0,3.0,0.007936507936507908,2.952628968253967,64.87690718450425,392.696164052118,194.2222222222224,-126.00000000000045,63.00000000000023,119.00000000000023,63.00000000000023,0.0,0.0,0.0,0.0
111.0,-55.5,-104.83333333333319,-55.5,0.0,5.138857170954519,1.0,3.0,0.00793650793650802,2.960565476190475,69.9279693221481,392.7476324549443,195.1666666666668,-126.00000000000045,63.00000000000023,119.00000000000023,63.00000000000023,0.0,0.0,0.0,0.0
110.0,-55.0,-103.88888888888874,-55.0,0.0,5.149503781449797,1.0,3.0,0.007936507936507908,2.968501984126983,74.99008042262776,392.72653522942966,196.11111111111126,-126.00000000000045,63.00000000000023,119.00000000000023,63.00000000000023,0.0,0.0,0.0,0.0
109.0,-54.5,-102.9444444444443,-54.5,0.0,5.160064364319674,1.0,3.0,0.007936507936507908,2.9764384920634908,80.06210803630363,392.63259470894326,197.0555555555557,-126.00000000000045,63.00000000000023,119.00000000000023,63.00000000000023,0.0,0.0,0.0,0.0
108.0,-54.0,-101.99999999999986,-54.0,0.0,5.170538644907503,1.0,3.0,0.007936507936507908,2.9843749999999987,85.1429141981288,392.46555185276765,198.0000000000001,-126.00000000000045,63.00000000000023,119.00000000000023,63.00000000000023,0.0,0.0,0.0,0.0
107.0,-53.5,-101.05555555555542,-53.5,0.0,5.180926351394078,1.0,3.0,0.007936507936507908,2.9923115079365066,90.23135574328798,392.2251663469115,198.94444444444457,-126.00000000000045,63.00000000000023,119.00000000000023,63.00000000000023,0.0,0.0,0.0,0.0
106.0,-53.0,-100.11111111111097,-53.0,0.0,5.191227214783823,1.0,3.0,0.00793650793650802,3.0002480158730145,95.32628462461226,391.91121669948706,199.88888888888903,-126.00000000000045,63.00000000000023,119.00000000000023,63.00000000000023,0.0,0.0,0.0,0.0
105.0,-52.5,-99.16666666666653,-52.5,0.0,5.201440968891766,1.0,3.0,0.007936507936507908,3.0081845238095224,100.42654823167594,391.52350033062254,200.83333333333348,-126.00000000000045,63.00000000000023,119.00000000000023,63.00000000000023,0.0,0.0,0.0,0.0
104.0,-52.0,-98.22222222222209,-52.0,0.0,5.211567350331497,1.0,3.0,0.00793650793650802,3.0161210317460303,105.53098971148101,391.06183365687986,201.77777777777794,-126.00000000000045,63.00000000000023,119.00000000000023,63.00000000000023,0.0,0.0,0.0,0.0
103.0,-51.5,-97.27777777777764,-51.5,0.0,5.221606098501267,1.0,3.0,0.007936507936507908,3.024057539682538,110.63844829063189,390.52605217015054,202.72222222222234,-126.00000000000045,63.00000000000023,119.00000000000023,63.00000000000023,0.0,0.0,0.0,0.0
102.0,-51.0,-96.3333333333332,-51.0,0.0,5.23155695557352,1.0,3.0,0.007936507936507908,3.031994047619046,115.74775959890752,389.9160105110039,203.6666666666668,-126.00000000000045,63.00000000000023,119.00000000000023,63.00000000000023,0.0,0.0,0.0,0.0
101.0,-50.5,-95.38888888888876,-50.5,0.0,5.241419666481914,1.0,3.0,0.007936507936507908,3.039930555555554,120.85775599413199,389.2315825364629,204.61111111111126,-126.00000000000045,63.00000000000023,119.00000000000023,63.00000000000023,0.0,0.0,0.0,0.0
100.0,-50.0,-94.44444444444431,-50.0,0.0,5.251193978910695,1.0,3.0,0.007936507936507908,3.047867063492062,125.9672668882487,388.4726613821862,205.55555555555566,-126.00000000000045,63.00000000000023,119.00000000000023,63.00000000000023,0.0,0.0,0.0,0.0
99.0,-49.5,-93.49999999999987,-49.5,0.0,5.26087964328271,1.0,3.0,0.007936507936507908,3.05580357142857,131.07511907449964,387.63915951903533,206.5000000000001,-126.00000000000045,63.00000000000023,119.00000000000023,63.00000000000023,0.0,0.0,0.0,0.0
98.0,-49.0,-92.55555555555543,-49.0,0.0,5.2704764127492725,1.0,3.0,0.00793650793650802,3.0637400793650778,136.18013705561373,386.7310088040071,207.44444444444457,-126.00000000000045,63.00000000000023,119.00000000000023,63.00000000000023,0.0,0.0,0.0,0.0
97.0,-48.5,-91.61111111111099,-48.5,0.0,5.279984043178615,1.0,3.0,0.007936507936507908,3.0716765873015857,141.28114337290484,385.74816052551495,208.38888888888903,-126.00000000000045,63.00000000000023,119.00000000000023,63.00000000000023,0.0,0.0,0.0,0.0
96.0,-48.0,-90.66666666666654,-48.0,0.0,5.2894022931469244,1.0,3.0,0.00793650793650802,3.0796130952380936,146.37695893618383,384.6905854430033,209.33333333333348,-126.00000000000045,63.00000000000023,119.00000000000023,63.00000000000023,0.0,0.0,0.0,0.0
95.0,-47.5,-89.7222222222221,-47.5,0.0,5.298730923926896,1.0,3.0,0.007936507936507908,3.0875496031746015,151.46640335438335,383.5582738208802,210.27777777777789,-126.00000000000045,63.00000000000023,119.00000000000023,63.00000000000023,0.0,0.0,0.0,0.0
94.0,-47.0,-88.77777777777766,-47.0,0.0,5.307969699478955,1.0,3.0,0.007936507936507908,3.0954861111111094,156.5482952667995,382.3512354567575,211.22222222222234,-126.00000000000045,63.00000000000023,119.00000000000023,63.00000000000023,0.0,0.0,0.0,0.0
93.0,-46.5,-87.83333333333321,-46.5,0.0,5.317118386440868,1.0,3.0,0.007936507936507908,3.1034226190476173,161.6214526748497,381.0694997039867,212.1666666666668,-126.00000000000045,63.00000000000023,119.00000000000023,63.00000000000023,0.0,0.0,0.0,0.0
92.0,-46.0,-86.88888888888877,-46.0,0.0,5.326176754119209,1.0,3.0,0.007936507936507908,3.111359126984125,166.6846932742492,379.71311548848195,213.1111111111112,-126.00000000000045,63.00000000000023,119.00000000000023,63.00000000000023,0.0,0.0,0.0,0.0
91.0,-45.5,-85.94444444444433,-45.5,0.0,5.335144574479543,1.0,3.0,0.007936507936507908,3.119295634920633,171.736834787506,378.2821513198237,214.05555555555566,-126.00000000000045,63.00000000000023,119.00000000000023,63.00000000000023,0.0,0.0,0.0,0.0
90.0,-45.0,-84.99999999999989,-45.0,0.0,5.344021622138884,1.0,3.0,0.00793650793650813,3.1272321428571415,176.77669529663686,376.77669529663694,215.0000000000001,-125.99999999999339,62.999999999996696,118.99999999999356,62.999999999996696,8.899121439753332e-10,-4.449560719876666e-10,-8.397762485401032e-10,-4.449560719876666e-10
89.0,-44.5,-84.05555555555544,-44.5,0.0,5.352807674355321,1.0,3.0,0.007936507936507908,3.1351686507936494,181.80309357600203,375.19685510624106,215.94444444444457,-126.00000000000045,63.00000000000023,119.00000000000023,63.00000000000023,-8.899121439753831e-10,4.4495607198769154e-10,8.397762485401502e-10,4.4495607198769154e-10
88.0,-44.0,-83.111111111111,-44.0,0.0,5.361502511021314,1.0,3.0,0.007936507936507908,3.1431051587301573,186.814849425163,373.5427580185686,216.88888888888903,-126.00000000000045,63.00000000000023,119.00000000000023,63.00000000000023,0.0,0.0,0.0,0.0
87.0,-43.5,-82.16666666666656,-43.5,0.0,5.3701059146541485,1.0,3.0,0.007936507936507908,3.151041666666665,191.81078400166066,371.8145508743533,217.83333333333343,-126.00000000000045,63.00000000000023,119.00000000000023,63.00000000000023,0.0,0.0,0.0,0.0
86.0,-43.0,-81.22222222222211,-43.0,0.0,5.378617670389476,1.0,3.0,0.007936507936507908,3.158978174603173,196.78972015361768,370.0124000675895,218.77777777777789,-126.00000000000045,63.00000000000023,119.00000000000023,63.00000000000023,0.0,0.0,0.0,0.0
85.0,-42.5,-80.27777777777767,-42.5,0.0,5.38703756597224,1.0,3.0,0.007936507936507908,3.166914682539681,201.7504827520626,368.1364915222643,219.72222222222234,-126.00000000000045,63.00000000000023,119.00000000000023,63.00000000000023,0.0,0.0,0.0,0.0
84.0,-42.0,-79.33333333333323,-42.0,0.0,5.3953653917502775,1.0,3.0,0.007936507936507908,3.174851190476189,206.6918990228792,366.1870306633693,220.66666666666674,-126.00000000000045,63.00000000000023,119.00000000000023,63.00000000000023,0.0,0.0,0.0,0.0
83.0,-41.5,-78.38888888888879,-41.5,0.0,5.403600940665979,1.0,3.0,0.007936507936507908,3.182787698412697,211.61279887828,364.1642423821988,221.6111111111112,-126.00000000000045,63.00000000000023,119.00000000000023,63.00000000000023,0.0,0.0,0.0,0.0
82.0,-41.0,-77.44444444444434,-41.0,0.0,5.411744008249968,1.0,3.0,0.007936507936507908,3.1907242063492047,216.51201524770613,362.06837099594094,222.55555555555566,-126.00000000000045,63.00000000000023,119.00000000000023,63.00000000000023,0.0,0.0,0.0,0.0
81.0,-40.5,-76.4999999999999,-40.5,0.0,5.419794392613712,1.0,3.0,0.007936507936507908,3.1986607142857126,221.38838440805392,359.8996802015735,223.5000000000001,-126.00000000000045,63.00000000000023,119.00000000000023,63.00000000000023,0.0,0.0,0.0,0.0
80.0,-40.0,-75.55555555555546,-40.0,0.0,5.4277518944432614,1.0,3.0,0.00793650793650813,3.2065972222222205,226.24074631313056,357.65845302407644,224.44444444444454,-126.00000000000045,63.00000000000023,119.00000000000023,63.00000000000023,0.0,0.0,0.0,0.0
79.0,-39.5,-74.61111111111101,-39.5,0.0,5.4356163169920135,1.0,3.0,0.007936507936507908,3.2145337301587285,231.06794492223895,355.3449917589739,225.38888888888897,-126.00000000000045,63.00000000000023,119.00000000000023,63.00000000000023,0.0,0.0,0.0,0.0
78.0,-39.0,-73.66666666666657,-39.0,0.0,5.443387466074972,1.0,3.0,0.007936507936507908,3.2224702380952364,235.8688285277946,352.9596179092205,226.33333333333343,-126.00000000000045,63.00000000000023,119.00000000000023,63.00000000000023,0.0,0.0,0.0,0.0
77.0,-38.5,-72.72222222222213,-38.5,0.0,5.451065150061748,1.0,3.0,0.007936507936507908,3.2304067460317443,240.64225008187643,350.50267211645206,227.27777777777789,-126.00000000000045,63.00000000000023,119.00000000000023,63.00000000000023,0.0,0.0,0.0,0.0
76.0,-38.0,-71.77777777777769,-38.0,0.0,5.458649179871807,1.0,3.0,0.007936507936507908,3.238343253968252,245.38706752161406,347.97451408661396,228.2222222222223,-126.00000000000045,63.00000000000023,119.00000000000023,63.00000000000023,0.0,0.0,0.0,0.0
75.0,-37.5,-70.83333333333324,-37.5,0.0,5.466139368966674,1.0,3.0,0.00793650793650813,3.24627976190476,250.10214409331292,345.3755225099939,229.16666666666674,-126.00000000000045,63.00000000000023,119.00000000000023,63.00000000000023,0.0,0.0,0.0,0.0
74.0,-37.0,-69.8888888888888,-37.0,0.0,5.47353553334629,1.0,3.0,0.007936507936507908,3.254216269841268,254.78634867522302,342.70609497567597,230.1111111111112,-126.00000000000045,63.00000000000023,119.00000000000023,63.00000000000023,0.0,0.0,0.0,0.0
73.0,-36.5,-68.94444444444436,-36.5,0.0,5.480837491541842,1.0,3.0,0.007936507936507908,3.262152777777776,259.4385560988516,339.9666478804424,231.05555555555566,-126.00000000000045,63.00000000000023,119.00000000000023,63.00000000000023,0.0,0.0,0.0,0.0
72.0,-36.0,-67.99999999999991,-36.0,0.0,5.488045064610895,1.0,3.0,0.007936507936507908,3.270089285714284,264.0576474687263,337.1576163321491,232.00000000000009,-126.00000000000045,63.00000000000023,119.00000000000023,63.00000000000023,0.0,0.0,0.0,0.0
71.0,-35.5,-67.05555555555547,-35.5,0.0,5.4951580761325545,1.0,3.0,0.007936507936507908,3.2780257936507917,268.64251048051113,334.27945404759834,232.9444444444445,-126.00000000000045,63.00000000000023,119.00000000000023,63.00000000000023,0.0,0.0,0.0,0.0
70.0,-35.0,-66.11111111111103,-35.0,0.0,5.502176352201356,1.0,3.0,0.007936507936507908,3.2859623015872996,273.19203973738166,331.3326332449432,233.88888888888897,-126.00000000000045,63.00000000000023,119.00000000000023,63.00000000000023,0.0,0.0,0.0,0.0
69.0,-34.5,-65.16666666666659,-34.5,0.0,5.509099721423255,1.0,3.0,0.007936507936507908,3.2938988095238075,277.7051370645639,328.3176445306486,234.83333333333343,-126.00000000000045,63.00000000000023,119.00000000000023,63.00000000000023,0.0,0.0,0.0,0.0
68.0,-34.0,-64.22222222222214,-34.0,0.0,5.515928014910056,1.0,3.0,0.007936507936507908,3.3018353174603154,282.1807118219428,325.23499678104423,235.77777777777786,-126.00000000000045,63.00000000000023,119.00000000000023,63.00000000000023,0.0,0.0,0.0,0.0
67.0,-33.5,-63.27777777777769,-33.5,0.0,5.52266106627507,1.0,3.0,0.007936507936507908,3.3097718253968234,286.6176812146468,322.08521701850265,236.7222222222223,-126.00000000000045,63.00000000000023,119.00000000000112,63.00000000000023,0.0,0.0,1.128057647292739e-10,0.0
66.0,-33.0,-62.33333333333324,-33.0,0.0,5.529298711628214,1.0,3.0,0.007936507936507908,3.3177083333333313,291.014970601516,318.868850282277,237.66666666666674,-126.00000000000045,63.00000000000023,119.00000000000112,63.00000000000023,0.0,0.0,0.0,0.0
65.0,-32.5,-61.38888888888879,-32.5,0.0,5.535840789572056,1.0,3.0,0.007936507936507908,3.325644841269839,295.3715138013613,315.586459494036,238.6111111111112,-126.00000000000045,63.00000000000023,119.00000000000112,63.00000000000023,0.0,0.0,0.0,0.0
64.0,-32.0,-60.44444444444434,-32.0,0.0,5.542287141196604,1.0,3.0,0.007936507936507908,3.333581349206347,299.6862533969219,312.2386253181347,239.55555555555566,-126.00000000000045,63.00000000000023,119.00000000000112,63.00000000000023,0.0,0.0,0.0,0.0
63.0,-31.5,-59.49999999999989,-31.5,0.0,5.548637610076215,1.0,3.0,0.00793650793650813,3.341517857142855,303.9581410364323,308.8259460166608,240.5000000000001,-126.00000000000045,63.00000000000023,119.00000000000112,63.00000000000023,0.0,0.0,0.0,0.0
62.0,-31.0,-58.55555555555544,-31.0,0.0,5.554892042264308,1.0,3.0,0.007936507936507908,3.349454365079363,308.1861377327062,305.34903729929897,241.44444444444457,-126.00000000000045,63.00000000000023,119.00000000000112,63.00000000000023,0.0,0.0,0.0,0.0
61.0,-30.5,-57.61111111111099,-30.5,0.0,5.561050286290201,1.0,3.0,0.007936507936507908,3.357390873015871,312.36921415964883,301.80853216805525,242.388888888889,-126.00000000000045,63.00000000000023,119.00000000000112,63.00000000000023,0.0,0.0,0.0,0.0
60.0,-30.0,-56.66666666666654,-30.0,0.0,5.5671121931549346,1.0,3.0,0.007936507936507908,3.3653273809523787,316.50635094610965,298.20508075688775,243.33333333333346,-126.00000000000045,63.00000000000023,119.00000000000112,63.00000000000023,0.0,0.0,0.0,0.0
59.0,-29.5,-55.72222222222209,-29.5,0.0,5.573077616327372,1.0,3.0,0.00793650793650813,3.3732638888888866,320.5965389669857,294.5393501662893,244.2777777777779,-126.00000000000045,63.00000000000023,119.00000000000112,63.00000000000023,0.0,0.0,0.0,0.0
58.0,-29.0,-54.777777777777644,-29.0,0.0,5.578946411740973,1.0,3.0,0.007936507936507908,3.3812003968253945,324.63877963148985,290.8120242928695,245.22222222222234,-126.00000000000045,63.00000000000023,119.00000000000112,63.00000000000023,0.0,0.0,0.0,0.0
57.0,-28.5,-53.833333333333194,-28.5,0.0,5.584718437789723,1.0,3.0,0.007936507936507908,3.3891369047619024,328.6320851684968,287.02380365398693,246.1666666666668,-126.00000000000045,63.00000000000023,119.00000000000112,63.00000000000023,0.0,0.0,0.0,0.0
56.0,-28.0,-52.888888888888744,-28.0,0.0,5.5903935553243915,1.0,3.0,0.007936507936507908,3.3970734126984103,332.5754789088811,283.1754052074811,247.11111111111126,-126.00000000000045,63.00000000000023,119.00000000000112,63.00000000000023,0.0,0.0,0.0,0.0
55.0,-27.5,-51.944444444444294,-27.5,0.0,5.595971627650731,1.0,3.0,0.007936507936507908,3.4050099206349183,336.4679955647646,279.2675621665569,248.0555555555557,-126.00000000000045,63.00000000000023,119.00000000000112,63.00000000000023,0.0,0.0,0.0,0.0
54.0,-27.0,-50.999999999999844,-27.0,0.0,5.601452520524326,1.0,3.0,0.007936507936507908,3.412946428571426,340.30868150558655,275.30102380987626,249.00000000000017,-126.00000000000045,63.00000000000023,119.00000000000112,63.00000000000023,0.0,0.0,0.0,0.0
53.0,-26.5,-50.055555555555394,-26.5,0.0,5.606836102148445,1.0,3.0,0.007936507936507908,3.420882936507934,344.096595030916,271.2765552869108,249.9444444444446,-126.00000000000045,63.00000000000023,119.00000000000112,63.00000000000023,0.0,0.0,0.0,0.0
52.0,-26.0,-49.111111111110944,-26.0,0.0,5.612122243170502,1.0,3.0,0.007936507936507908,3.428819444444442,347.8308066399234,267.19493741861385,250.88888888888906,-126.00000000000045,63.00000000000023,119.00000000000112,63.00000000000023,0.0,0.0,0.0,0.0
51.0,-25.5,-48.166666666666494,-25.5,0.0,5.617310816679994,1.0,3.0,0.007936507936507908,3.43675595238095,351.5103992974326,263.056966493468,251.8333333333335,-126.00000000000045,63.00000000000023,119.00000000000112,63.00000000000023,0.0,0.0,0.0,0.0
50.0,-25.0,-47.222222222222044,-25.0,0.0,5.622401698204194,1.0,3.0,0.007936507936507908,3.444692460317458,355.13446869647044,258.8634540589705,252.77777777777794,-126.00000000000045,63.00000000000023,119.00000000000112,63.00000000000023,0.0,0.0,0.0,0.0
49.0,-24.5,-46.277777777777594,-24.5,0.0,5.627394765706242,1.0,3.0,0.007936507936507908,3.4526289682539657,358.7021235172373,254.61522670861422,253.7222222222224,-126.00000000000045,63.00000000000023,119.00000000000112,63.00000000000023,0.0,0.0,0.0,0.0
48.0,-24.0,-45.333333333333144,-24.0,0.0,5.632289899582695,1.0,3.0,0.00793650793650813,3.4605654761904736,362.21248568242186,250.3131258644289,254.66666666666686,-126.00000000000045,63.00000000000023,119.00000000000112,63.00000000000023,0.0,0.0,0.0,0.0
47.0,-23.5,-44.388888888888694,-23.5,0.0,5.637086982659744,1.0,3.0,0.007936507936507908,3.4685019841269815,365.6646906087807,245.9580075551457,255.6111111111113,-126.00000000000045,63.00000000000023,119.00000000000112,63.00000000000023,0.0,0.0,0.0,0.0
46.0,-23.0,-43.444444444444244,-23.0,0.0,5.641785900191913,1.0,3.0,0.007936507936507908,3.4764384920634894,369.0578874549095,241.5507421900487,256.55555555555577,-126.00000000000045,63.00000000000023,119.00000000000112,63.00000000000023,0.0,0.0,0.0,0.0
45.0,-22.5,-42.499999999999794,-22.5,0.0,5.646386539858483,1.0,3.0,0.007936507936507908,3.4843749999999973,372.3912393651312,237.09221432858203,257.5000000000002,-126.00000000000045,63.00000000000023,119.00000000000112,63.00000000000023,0.0,0.0,0.0,0.0
44.0,-22.0,-41.555555555555344,-22.0,0.0,5.6508887917620605,1.0,3.0,0.00793650793650813,3.4923115079365052,375.6639237094271,232.5833224457775,258.4444444444447,-126.00000000000045,63.00000000000023,119.00000000000112,63.00000000000023,0.0,0.0,0.0,0.0
43.0,-21.5,-40.611111111110894,-21.5,0.0,5.6552925484252805,1.0,3.0,0.007936507936507908,3.500248015873013,378.87513231934025,228.02497869357407,259.38888888888914,-126.00000000000045,63.00000000000023,119.00000000000112,63.00000000000023,0.0,0.0,0.0,0.0
42.0,-21.0,-39.666666666666444,-21.0,0.0,5.659597704789436,1.0,3.0,0.007936507936507908,3.508184523809521,382.02407171977933,223.4181086580968,260.33333333333354,-126.00000000000045,63.00000000000023,119.00000000000112,63.00000000000023,0.0,0.0,0.0,0.0
41.0,-20.5,-38.722222222221994,-20.5,0.0,5.663804158211746,1.0,3.0,0.007942202443411484,3.5161267262529323,385.1099633566538,218.76365111296838,261.277777777778,-125.90965882890404,62.95482941445202,118.91467778285451,62.95482941445202,11.374826030952901,-5.687413015476451,-10.742891251455518,-5.687413015476451
40.0,-20.0,-37.777777777777544,-20.0,0.0,5.667911808463311,1.0,3.0,0.008018906522018865,3.5241456327749514,388.1320438202727,214.06255776872507,262.22222222222246,-124.70528210474876,62.35264105237438,117.77721087670785,62.35264105237438,150.19213914617757,-75.09606957308878,-141.84813141583456,-75.09606957308878
39.0,-19.5,-36.833333333333094,-19.5,0.0,5.671920557727054,1.0,3.0,0.00811978516880485,3.5322654179437563,391.0895650644388,209.31579301841026,263.1666666666669,-123.15596770242998,61.57798385121499,116.3139694967401,61.57798385121499,190.80731449288191,-95.40365724644096,-180.2069081321679,-95.40365724644096
38.0,-19.0,-35.888888888888644,-19.0,0.0,5.675830310596117,1.0,3.0,0.008224569593202169,3.5404899875369584,393.98179462117366,204.52433367942086,264.11111111111137,-121.5869096452813,60.79345482264065,114.83208133165522,60.79345482264065,190.77692022273723,-95.38846011136862,-180.17820243258726,-95.38846011136862
37.0,-18.5,-34.944444444444194,-18.5,0.0,5.67964097407119,1.0,3.0,0.008333518532923412,3.5488235060698816,396.80801581100843,199.68916873168274,265.05555555555577,-119.99733318517323,59.998666592586616,113.3308146748865,59.998666592586616,190.74493610689544,-95.37246805344772,-180.14799521206726,-95.37246805344772
36.0,-18.0,-33.999999999999744,-18.0,0.0,5.6833524575595336,1.0,3.0,0.00844691537717801,3.5572704214470594,399.56752794877787,194.81129905223156,266.0000000000002,-118.38641152980409,59.193205764902046,111.80938866703785,59.193205764902046,190.71123403480422,-95.35561701740211,-180.11616547731677,-95.35561701740211
35.0,-17.5,-33.055555555555294,-17.5,0.0,5.6869646728726,1.0,3.0,0.008565071271234626,3.565835492718294,402.2596465448551,189.89173714627753,266.9444444444447,-116.75326081155346,58.37663040577673,110.26696854424559,58.37663040577673,190.675671752492,-95.337835876246,-180.08257887735365,-95.337835876246
34.0,-17.0,-32.111111111110844,-17.0,0.0,5.690477534224125,1.0,3.0,0.008688328712655569,3.5745238214309496,404.88370350176723,184.93150687483362,267.88888888888914,-115.09693441310327,57.548467206551635,108.70266027904262,57.548467206551635,190.6380908491131,-95.31904542455655,-180.04708580194134,-95.31904542455655
33.0,-16.5,-31.166666666666398,-16.5,0.0,5.693890958229422,1.0,3.0,0.00881706573397567,3.5833408871649253,407.4390473061331,179.93164317898612,268.8333333333336,-113.4164165462214,56.7082082731107,107.11550451587598,56.7082082731107,190.59831440364175,-95.29915720182088,-180.00951915904298,-95.29915720182088
32.0,-16.0,-30.22222222222195,-16.0,0.0,5.697204863902608,1.0,3.0,0.008951700788302874,3.592292587953228,409.9250432158649,174.89319180089083,269.77777777777806,-111.71061496008869,55.855307480044345,105.50446968452843,55.855307480044345,190.55614418677948,-95.27807209338974,-179.96969173195788,-95.27807209338974
31.0,-15.5,-29.277777777777505,-15.5,0.0,5.700419172655928,1.0,3.0,0.009092698481881767,3.60138528643511,412.3410734425782,169.81720900157512,270.7222222222225,-109.97835263014484,54.98917631507242,103.86844415069257,54.98917631507242,190.51135737048108,-95.25567868524054,-179.92739307212145,-95.25567868524054
30.0,-15.0,-28.33333333333306,-15.0,0.0,5.703533808297816,1.0,3.0,0.009240576332796513,3.6106258627679066,414.6865373291548,164.70476127563023,271.66666666666697,-108.21835824793646,54.10917912396823,102.20622723416243,54.10917912396823,190.46370256818165,-95.23185128409082,-179.88238575883915,-95.23185128409082
29.0,-14.5,-27.388888888888612,-14.5,0.0,5.706548697031449,1.0,3.0,0.009395912780242544,3.620021775548149,416.9608515224061,159.5569250628778,272.6111111111114,-106.42925529308567,53.21462764654284,100.51651888791446,53.21462764654284,190.41289512742867,-95.20644756371433,-179.83440095368263,-95.20644756371433
28.0,-14.0,-26.444444444444166,-14.0,0.0,5.709463767453797,1.0,3.0,0.009559356727383284,3.6295811322755327,419.16345014078456,154.37478645709515,273.5555555555558,-104.60954942035208,52.30477471017604,98.79790778588828,52.30477471017604,190.3586114242297,-95.17930571211485,-179.78313301177275,-95.17930571211485
27.0,-13.5,-25.49999999999972,-13.5,0.0,5.712278950553696,1.0,3.0,0.009731638977410917,3.6393127712529436,421.2937849370927,149.15944091188575,274.5000000000003,-102.75761383269563,51.37880691634781,97.04885750865719,51.37880691634781,190.30048195942837,-95.15024097971418,-179.72823296168178,-95.15024097971418
26.0,-13.0,-24.555555555555273,-13.0,0.0,5.714994179711037,1.0,3.0,0.009913586023377441,3.649226357276321,423.35132545614226,143.9119929437818,275.44444444444474,-100.87167223261879,50.435836116309396,95.26769044191795,50.435836116309396,190.23808293281098,-95.11904146640549,-179.669300547656,-95.11904146640549
25.0,-12.5,-23.611111111110826,-12.5,0.0,5.717609390695301,1.0,3.0,0.010106136786704578,3.6593324940630256,425.3355591873133,138.63355583266565,276.38888888888914,-98.94977884284913,49.474889421424564,93.45256890713549,49.474889421424564,190.17092587724196,-95.08546293862098,-179.60587443961762,-95.08546293862098
24.0,-12.0,-22.66666666666638,-12.0,0.0,5.720124521664549,1.0,3.0,0.010310363079828688,3.669642857142854,427.24599171197156,133.32525131959991,277.3333333333336,-96.98979485566642,48.49489742783321,91.6014729192407,48.49489742783321,190.09844483724217,-95.04922241862108,-179.5374201240619,-95.04922241862108
23.0,-11.5,-21.722222222221934,-11.5,0.0,5.722539513164152,1.0,3.0,0.010527494813719507,3.6801703519565736,429.08214684569555,127.9882093021541,278.27777777777806,-94.9893604978834,47.4946802489417,89.71217380355672,47.4946802489417,190.01998036380326,-95.00999018190163,-179.46331478803813,-95.00999018190163
22.0,-11.0,-20.777777777777487,-11.0,0.0,5.7248543081257335,1.0,3.0,0.010758951308111442,3.690929303264685,430.8435667752735,122.62356752731867,279.2222222222225,-92.94586167018667,46.47293083509334,87.78220268850981,46.47293083509334,189.93475936228825,-94.96737968114412,-179.3828282866061,-94.96737968114412
21.0,-10.5,-19.83333333333304,-10.5,0.0,5.727068851866401,1.0,3.0,0.01100638053142644,3.7019356837961115,432.52981219042897,117.23247128209698,280.16666666666697,-90.85638981359104,45.42819490679552,85.80881260172505,45.42819490679552,189.84186950738098,-94.92093475369049,-179.2950989791925,-94.92093475369049
20.0,-10.0,-18.888888888888594,-10.0,0.0,5.729183092087411,1.0,3.0,0.011271708759104104,3.7132073925552156,434.1404624102337,111.81607308186638,281.1111111111114,-88.7176932417017,44.35884662085085,83.78893250605178,44.35884662085085,189.74022640195756,-94.87011320097878,-179.19910271296047,-94.87011320097878
19.0,-9.5,-17.944444444444148,-9.5,0.0,5.731196978873383,1.0,3.0,0.011557204086333872,3.7247645966415495,435.67511550417123,106.3755323566008,282.0555555555559,-86.52611760853794,43.26305880426897,81.71911107473046,43.26305880426897,189.62853098313275,-94.81426549156637,-179.0936125951805,-94.81426549156637
18.0,-9.0,-16.9999999999997,-9.0,0.0,5.733110464691587,1.0,3.0,0.011865558609085225,3.7366301552506345,437.1333884078151,100.91201513504724,283.0000000000003,-84.27753238978049,42.138766194890245,79.59544725701507,42.138766194890245,189.50521360501307,-94.75260680250653,-178.9771461825142,-94.75260680250653
17.0,-8.5,-16.055555555555255,-8.5,0.0,5.73492350439086,1.0,3.0,0.01219999612713285,3.748830151377767,438.51491703308625,95.42669372695006,283.94444444444474,-81.96723913510213,40.98361956755107,77.41350362759661,40.98361956755107,189.36835967843425,-94.68417983921712,-178.84789525185522,-94.68417983921712
16.0,-8.0,-15.111111111110809,-8.0,0.0,5.736636055201075,1.0,3.0,0.012564415301223653,3.761394566678991,439.8193563730564,89.92074640341625,284.8888888888892,-79.5898556379772,39.7949278189886,75.16819699142307,39.7949278189886,189.21560933228324,-94.60780466614162,-178.7036310360441,-94.60780466614162
15.0,-7.5,-14.166666666666362,-7.5,0.0,5.738248076731932,1.0,3.0,0.01296358294281541,3.7743581496218064,441.04638060126626,84.3953570755171,285.8333333333336,-77.13916780655254,38.56958390327627,72.85365848396643,38.56958390327627,189.0440198697431,-94.52200993487155,-178.54157432142586,-94.52200993487155
14.0,-7.0,-13.222222222221916,-7.0,0.0,5.739759530972962,1.0,3.0,0.013403399608060917,3.7877615492298675,442.1956831655298,78.85171497122047,286.77777777777806,-74.6079374816651,37.30396874083255,70.46305206601718,37.30396874083255,188.84987383089634,-94.42493691544817,-178.35821417362448,-94.42493691544817
13.0,-6.5,-12.27777777777747,-6.5,0.0,5.741170382292295,1.0,3.0,0.013891271815992923,3.8016528210458604,443.2669768761939,73.29101431074973,287.7222222222225,-71.98764902495876,35.99382451247938,67.98833519023897,35.99382451247938,188.62840576552742,-94.31420288276371,-178.1490498896645,-94.31420288276371
12.0,-6.0,-11.333333333333023,-6.0,0.0,5.74248059743621,1.0,3.0,0.014436645503719925,3.81608946654958,444.2599939888295,67.71445398046528,288.66666666666697,-69.2681689622664,34.6340844811332,65.41993735325174,34.6340844811332,188.3734044720889,-94.18670223604445,-177.90821533475108,-94.18670223604445
11.0,-5.5,-10.388888888888577,-5.5,0.0,5.743690145528642,1.0,3.0,0.015051790400108622,3.8311412569496888,445.1744862813275,62.12323720536502,289.6111111111114,-66.43727911549867,33.218639557749334,62.74631916463777,33.218639557749334,188.07661889493912,-94.03830944746956,-177.62791784522042,-94.03830944746956
10.0,-5.0,-9.44444444444413,-5.0,0.0,5.744798998070717,1.0,3.0,0.015752988009213764,3.8468942449589028,446.010225125378,56.51857122030066,290.5555555555559,-63.48002038820165,31.740010194100826,59.95335258885724,31.740010194100826,187.7268443020019,-93.86342215100095,-177.2975751741135,-93.86342215100095
9.0,-4.5,-8.499999999999684,-4.5,0.0,5.745807128939965,1.0,3.0,0.016562394336053998,3.8634566392949568,446.7670015523096,50.901666940007466,291.50000000000034,-60.37774368305801,30.188871841529004,57.02342458955491,30.188871841529004,187.3084677370847,-93.65423386854235,-176.9024417516914,-93.65423386854235
8.0,-4.0,-7.555555555555237,-4.0,0.0,5.746714514390245,1.0,3.0,0.01751108325308448,3.880967722548041,447.4446263132701,45.27373862804446,292.4444444444448,-57.10668983450057,28.553344917250286,53.9340959548062,28.553344917250286,186.7990575615189,-93.39952878075945,-176.4213321414353,-93.39952878075945
7.0,-3.5,-6.611111111110791,-3.5,0.0,5.7475211330510785,1.0,3.0,0.018644272161151942,3.899611994709193,448.0429299337311,39.63600356474377,293.3888888888892,-53.635775714733754,26.817887857366877,50.65601039724865,26.817887857366877,186.16517125291557,-93.08258562645779,-175.82266173886487,-93.08258562645779
6.0,-3.0,-5.6666666666663446,-3.0,0.0,5.748226965927454,1.0,3.0,0.020030862433660923,3.919642857142854,448.56176276229814,33.98968171426671,294.33333333333366,-49.92296279363069,24.961481396815344,47.14946486065131,24.961481396815344,185.3546213199396,-92.6773106599698,-175.05714235772092,-92.6773106599698
5.0,-2.5,-4.722222222221898,-2.5,0.0,5.748831996399354,1.0,3.0,0.021782267706180747,3.941425124849035,449.00099501381357,28.335995390865694,295.2777777777781,-45.90890230020673,22.954451150103363,43.35840772797311,22.954451150103363,184.28111101972027,-92.14055550986014,-174.04327151862523,-92.14055550986014
4.0,-2.0,-3.7777777777774517,-2.0,0.0,5.74933621022162,1.0,3.0,0.02409358706188769,3.9655187119109225,449.36051680673876,22.676168924450362,296.2222222222225,-41.5048202424721,20.75241012123605,39.198996895668174,20.75241012123605,182.79063413937232,-91.39531706968616,-172.6355989094076,-91.39531706968616
3.0,-1.5,-2.8333333333330053,-1.5,0.0,5.749739595523664,1.0,3.0,0.02734744993529481,3.9928661618462176,449.64023819480406,17.011428325557112,297.16666666666697,-36.566480690742026,18.283240345371013,34.53500954125643,18.283240345371013,180.5776978626654,-90.2888489313327,-170.54560353696206,-90.2888489313327
2.0,-1.0,-1.8888888888885589,-1.0,0.0,5.750042142809201,1.0,3.0,0.03243912799923043,4.025305289845448,449.84008919291693,11.34300094982113,298.1111111111114,-30.826969209027745,15.413484604513872,29.114359808526263,15.413484604513872,176.93174372166735,-88.46587186083367,-167.1022024037973,-88.46587186083367
1.0,-0.5,-0.9444444444441124,-0.5,0.0,5.750243844956191,1.0,3.0,0.04227549468144054,4.067580784526889,449.9600197973211,5.672115162050245,299.0555555555559,-23.65436543168369,11.827182715841845,22.34023401881242,11.827182715841845,169.66339084597107,-84.83169542298553,-160.2376469100841,-84.83169542298553
0.0,0.0,3.341771304121721e-13,0.0,0.0,5.7503446972166685,1.0,3.0,0.102062072615966,4.169642857142855,450.0,5.878304635907296e-14,300.00000000000034,-9.79795897113271,4.898979485566355,9.253627917180912,4.898979485566355,135.76450198781671,-67.88225099390836,-128.2220296551605,-67.88225099390836
