J1_Position,J2_Position,J3_Position,J4_Position,Error,MM_Step,Deg_step,Move_ID,Time,Time_Total,X,Y,Z,J1_Velocity,J2_Velocity,J3_Velocity,J4_Velocity,J1_Acceleration,J2_Acceleration,J3_Acceleration,J4_Acceleration
0.0,0.0,0.0,0.0,0.0,0.0,0.0,1.0,0.0,0.0,450.0,5.878304635907296e-14,300.0,0.0,0.0,0.0,0.0,0.0,0.0,0.0,0.0
1.0,-0.5,-0.9444444444444444,-0.5,0.0,5.7503446972166685,1.0,2.0,0.0,0.0,449.9600197973211,5.672115162050245,299.05555555555554,0.0,0.0,0.0,0.0,0.0,0.0,0.0,0.0
2.0,-1.0,-1.8888888888888888,-1.0,0.0,5.750243844956191,1.0,2.0,0.055577001437672836,0.055577001437672836,449.84008919291693,11.34300094982113,298.1111111111111,17.993054215446584,-8.996527107723292,-16.993440092366217,-8.996527107723292,323.75000000000006,-161.87500000000003,-305.7638888888889,-161.87500000000003
3.0,-1.5,-2.833333333333333,-1.5,0.0,5.750042142809201,1.0,2.0,0.012490646040439944,0.06806764747811278,449.64023819480406,17.011428325557112,297.16666666666663,80.05991017297117,-40.029955086485586,-75.61213738558386,-40.029955086485586,4969.0669126781595,-2484.5334563390797,-4693.007639751593,-2484.5334563390797
4.0,-2.0,-3.7777777777777777,-2.0,0.0,5.749739595523654,1.0,2.0,0.010530101711073145,0.07859774918918593,449.36051680673876,22.676168924450362,296.22222222222223,94.96584434207595,-47.48292217103798,-89.68996410084954,-47.48292217103798,1415.554624076436,-707.777312038218,-1336.9127005166383,-707.777312038218
5.0,-2.5,-4.722222222222222,-2.5,0.0,5.749336210221629,1.0,2.0,0.009277205843563438,0.08787495503274936,449.00099501381357,28.335995390865694,295.27777777777777,107.791075983703,-53.8955379918515,-101.80268287349729,-53.8955379918515,1382.4455183912123,-691.2227591956062,-1305.6429895916997,-691.2227591956062
6.0,-3.0,-5.666666666666667,-3.0,0.0,5.748831996399345,1.0,2.0,0.008387235189628528,0.09626219022237789,448.56176276229814,33.98968171426671,294.33333333333337,119.228801552695,-59.6144007763475,-112.60497924421198,-59.6144007763475,1363.7063120795335,-681.8531560397668,-1287.9448502973387,-681.8531560397668
7.0,-3.5,-6.611111111111112,-3.5,0.0,5.748226965927454,1.0,2.0,0.007712858759629376,0.10397504898200727,448.0429299337311,39.63600356474377,293.3888888888889,129.65361238483936,-64.82680619241968,-122.45063391901498,-64.82680619241968,1351.6143828161194,-675.8071914080597,-1276.52469488189,-675.8071914080597
8.0,-4.0,-7.555555555555556,-4.0,0.0,5.747521133051088,1.0,2.0,0.007178953893338405,0.11115400287534567,447.4446263132701,45.27373862804446,292.44444444444446,139.2960610776361,-69.64803053881805,-131.55739101776746,-69.64803053881805,1343.1551220497863,-671.5775610248932,-1268.535393047022,-671.5775610248932
9.0,-4.5,-8.5,-4.5,0.0,5.746714514390245,1.0,2.0,0.006742620908433222,0.1178966237837789,446.7670015523096,50.901666940007466,291.5,148.31028076178308,-74.15514038089154,-140.0708207194617,-74.15514038089154,1336.90145220423,-668.450726102115,-1262.629149303975,-668.450726102115
10.0,-5.0,-9.444444444444445,-5.0,0.0,5.745807128939965,1.0,2.0,0.006377329416461117,0.12427395320024001,446.010225125378,56.51857122030066,290.55555555555554,156.80544859715215,-78.40272429857608,-148.0940347861993,-78.40272429857608,1332.0886033331458,-666.0443016665729,-1258.0836809257721,-666.0443016665729
11.0,-5.5,-10.38888888888889,-5.5,0.0,5.744798998070717,1.0,2.0,0.006065668513255046,0.13033962171349506,445.1744862813275,62.12323720536502,289.6111111111111,164.86228975664312,-82.43114487832156,-155.70327365905186,-82.43114487832156,1328.269281759249,-664.1346408796245,-1254.4765438837308,-664.1346408796245
12.0,-6.0,-11.333333333333334,-6.0,0.0,5.743690145528642,1.0,2.0,0.0057956732427305035,0.13613529495622556,444.2599939888295,67.71445398046528,288.66666666666663,172.54250854364454,-86.27125427182227,-162.9568136245532,-86.27125427182227,1325.1642156732523,-662.5821078366262,-1251.5439814691833,-662.5821078366262
13.0,-6.5,-12.277777777777779,-6.5,0.0,5.742480597436201,1.0,2.0,0.005558812462608476,0.14169410741883404,443.2669768761939,73.29101431074973,287.72222222222223,179.89453803785088,-89.94726901892544,-169.90039703574809,-89.94726901892544,1322.589949500903,-661.2949747504515,-1249.1127300841877,-661.2949747504515
14.0,-7.0,-13.222222222222223,-7.0,0.0,5.741170382292295,1.0,2.0,0.005348816999927508,0.14704292441876154,442.1956831655298,78.85171497122047,286.77777777777777,186.9572281148435,-93.47861405742175,-176.57071544179666,-93.47861405742175,1320.4209598287516,-660.2104799143758,-1247.0642398382636,-660.2104799143758
15.0,-7.5,-14.166666666666668,-7.5,0.0,5.739759530972953,1.0,2.0,0.005160962410790754,0.1522038868295523,441.04638060126626,84.3953570755171,285.83333333333337,193.76231028328334,-96.88115514164167,-182.99773748976764,-96.88115514164167,1318.5684426244786,-659.2842213122393,-1245.314640256456,-659.2842213122393
16.0,-8.0,-15.111111111111112,-8.0,0.0,5.738248076731941,1.0,2.0,0.004991611548819552,0.15719549837837185,439.8193563730564,89.92074640341625,284.8888888888889,200.336101922131,-100.1680509610655,-189.20631848201265,-100.1680509610655,1316.9677917750387,-658.4838958875193,-1243.8029144542004,-658.4838958875193
17.0,-8.5,-16.055555555555557,-8.5,0.0,5.736636055201075,1.0,2.0,0.004837912543037365,0.16203341092140922,438.51491703308625,95.42669372695006,283.94444444444446,206.70071877160774,-103.35035938580387,-195.21734550651846,-103.35035938580387,1315.5708774927261,-657.7854387463631,-1242.483606520909,-657.7854387463631
18.0,-9.0,-17.0,-9.0,0.0,5.73492350439086,1.0,2.0,0.0046975933916093005,0.16673100431301852,437.1333884078151,100.91201513504724,283.0,212.87495886429204,-106.43747943214602,-201.04857226071994,-106.43747943214602,1314.3411057484332,-657.1705528742166,-1241.3221554289994,-657.1705528742166
19.0,-9.5,-17.944444444444443,-9.5,0.0,5.733110464691596,1.0,2.0,0.004568818639690164,0.17129982295270868,435.67511550417123,106.3755323566008,282.05555555555554,218.8749606545589,-109.43748032727945,-206.71524061819417,-109.43748032727945,1313.2501557719397,-656.6250778859699,-1240.2918137846075,-656.6250778859699
20.0,-10.0,-18.888888888888886,-10.0,0.0,5.731196978873383,1.0,2.0,0.0044500871127900465,0.17574991006549873,434.1404624102337,111.81607308186638,281.1111111111111,224.71470212928833,-112.35735106464416,-212.23055201099416,-112.35735106464416,1312.2757660058762,-656.1378830029381,-1239.3715567833194,-656.1378830029381
21.0,-10.5,-19.83333333333333,-10.5,0.0,5.7291830920874025,1.0,2.0,0.00434015749080055,0.18009006755629928,432.52981219042897,117.23247128209698,280.1666666666667,230.40638551011386,-115.20319275505693,-217.6060307595516,-115.20319275505693,1311.400195243997,-655.7000976219985,-1238.54462884155,-655.7000976219985
22.0,-11.0,-20.77777777777777,-11.0,0.0,5.727068851866401,1.0,2.0,0.004237993185504163,0.18432806074180344,430.8435667752735,122.62356752731867,279.22222222222223,235.96073807302201,-117.98036903651101,-222.85180818007598,-117.98036903651101,1310.6091302615885,-655.3045651307942,-1237.7975119137254,-655.3045651307942
23.0,-11.5,-21.722222222222214,-11.5,0.0,5.7248543081257335,1.0,2.0,0.004142720869658861,0.1884707816114623,429.08214684569555,127.9882093021541,278.27777777777777,241.3872504237406,-120.6936252118703,-227.9768476224213,-120.6936252118703,1309.8908957304277,-654.9454478652139,-1237.119179300959,-654.9454478652139
24.0,-12.0,-22.666666666666657,-12.0,0.0,5.7225395131641426,1.0,2.0,0.004053598833293481,0.19252438044475578,427.24599171197156,133.32525131959991,277.33333333333337,246.69436743140088,-123.34718371570044,-232.98912479632267,-123.34718371570044,1309.2358730891822,-654.6179365445911,-1236.5005468064476,-654.6179365445911
25.0,-12.5,-23.6111111111111,-12.5,0.0,5.720124521664549,1.0,2.0,0.003969992528209038,0.19649437297296482,425.3355591873133,138.63355583266565,276.3888888888889,251.88964283797404,-125.94482141898702,-237.89577379141951,-125.94482141898702,1308.6360666066234,-654.3180333033117,-1235.9340629062483,-654.3180333033117
26.0,-13.0,-24.555555555555543,-13.0,0.0,5.717609390695311,1.0,2.0,0.003891355447100453,0.20038572842006527,423.35132545614226,143.9119929437818,275.44444444444446,256.9798656519864,-128.4899328259932,-242.70320644909788,-128.4899328259932,1308.0847748835772,-654.0423874417886,-1235.4133985011574,-654.0423874417886
27.0,-13.5,-25.499999999999986,-13.5,0.0,5.714994179711037,1.0,2.0,0.003817214014273068,0.20420294243433834,421.2937849370927,149.15944091188575,274.5,261.97116437822655,-130.98558218911327,-247.417210801658,-130.98558218911327,1307.5763390726863,-653.7881695363432,-1234.9332091242038,-653.7881695363432
28.0,-14.0,-26.44444444444443,-14.0,0.0,5.712278950553696,1.0,2.0,0.003747155529676194,0.20795009796401454,419.16345014078456,154.37478645709515,273.55555555555554,266.8690936579336,-133.4345468289668,-252.0430328991591,-133.4345468289668,1307.105947676078,-653.552973838039,-1234.48895058296,-653.552973838039
29.0,-14.5,-27.38888888888887,-14.5,0.0,5.709463767453797,1.0,2.0,0.0036808184627797336,0.21163091642679427,416.9608515224061,159.5569250628778,272.61111111111114,271.6787068180498,-135.8393534090249,-256.58544532815773,-135.8393534090249,1306.669483635447,-653.3347418177235,-1234.0767345445845,-653.3347418177235
30.0,-15.0,-28.333333333333314,-15.0,0.0,5.706548697031449,1.0,2.0,0.0036178845734582965,0.21524880100025257,414.6865373291548,164.70476127563023,271.6666666666667,276.4046170340119,-138.20230851700595,-261.0488049765664,-138.20230851700595,1306.2634033801216,-653.1317016900608,-1233.6932143034526,-653.1317016900608
31.0,-15.5,-29.277777777777757,-15.5,0.0,5.703533808297816,1.0,2.0,0.0035580724668482777,0.21880687346710084,412.3410734425782,169.81720900157512,270.72222222222223,281.05104921761045,-140.52552460880523,-265.4371020388539,-140.52552460880523,1305.884640318849,-652.9423201594245,-1233.3354936344615,-652.9423201594245
32.0,-16.0,-30.2222222222222,-16.0,0.0,5.700419172655918,1.0,2.0,0.0035011322835905023,0.22230800575069135,409.9250432158649,174.89319180089083,269.7777777777778,285.62188429352176,-142.81094214676088,-269.7540018327701,-142.81094214676088,1305.5305271767093,-652.7652635883546,-1233.0010534446626,-652.7652635883546
33.0,-16.5,-31.166666666666643,-16.5,0.0,5.697204863902608,1.0,2.0,0.0034468412963897244,0.22575484704708107,407.4390473061331,179.93164317898612,268.83333333333337,290.1206971865562,-145.0603485932781,-274.0028806761915,-145.0603485932781,1305.1987330390155,-652.5993665195077,-1232.6876923146358,-652.5993665195077
34.0,-17.0,-32.111111111111086,-17.0,0.0,5.693890958229422,1.0,2.0,0.0033950002355486175,0.2291498472826297,404.88370350176723,184.93150687483362,267.8888888888889,294.5507895784886,-147.2753947892443,-278.18685682412763,-147.2753947892443,1304.8872119493492,-652.4436059746746,-1232.3934779521435,-652.4436059746746
35.0,-17.5,-33.05555555555553,-17.5,0.0,5.690477534224125,1.0,2.0,0.0033454302050088813,0.23249527748763857,402.2596465448551,189.89173714627753,266.94444444444446,298.9152182887478,-149.4576091443739,-282.30881727270577,-149.4576091443739,1304.5941606327995,-652.2970803163997,-1232.1167072643182,-652.2970803163997
36.0,-18.0,-33.99999999999997,-18.0,0.0,5.6869646728726,1.0,2.0,0.0032979700799192213,0.2357932475675578,399.56752794877787,194.81129905223156,266.0,303.2168199732405,-151.60840998662025,-286.3714410858377,-151.60840998662025,1304.3179835634137,-652.1589917817068,-1231.8558733654302,-652.1589917817068
37.0,-18.5,-34.944444444444414,-18.5,0.0,5.683352457559524,1.0,2.0,0.0032524742993209343,0.23904572186687872,396.80801581100843,199.68916873168274,265.0555555555556,307.4582327087978,-153.7291163543989,-290.3772197805308,-153.7291163543989,1304.0572638630451,-652.0286319315226,-1231.6096380928973,-652.0286319315226
38.0,-19.0,-35.88888888888886,-19.0,0.0,5.6796409740712,1.0,2.0,0.003208810984951904,0.24225453285183063,393.98179462117366,204.52433367942086,264.11111111111114,311.64191493036435,-155.82095746518218,-294.3284752120103,-155.82095746518218,1303.8107389891136,-651.9053694945568,-1231.3768090452643,-651.9053694945568
39.0,-19.5,-36.8333333333333,-19.5,0.0,5.675830310596117,1.0,2.0,0.00316686033071209,0.24542139318254272,391.0895650644388,209.31579301841026,263.1666666666667,315.77016210725753,-157.88508105362877,-298.2273753235205,-157.88508105362877,1303.5772802663887,-651.7886401331943,-1231.1563202515854,-651.7886401331943
40.0,-20.0,-37.77777777777774,-20.0,0.0,5.671920557727045,1.0,2.0,0.0031265132179373045,0.24854790640048002,388.1320438202727,214.06255776872507,262.2222222222223,319.8451214800055,-159.92256074000275,-302.0759480644491,-159.92256074000275,1303.3558756026612,-651.6779378013306,-1230.9472158469466,-651.6779378013306
41.0,-20.5,-38.722222222222186,-20.5,0.0,5.667911808463311,1.0,2.0,0.003087670019992217,0.25163557642047224,385.1099633566538,218.76365111296838,261.2777777777778,323.8688051265662,-161.9344025632831,-305.8760937306453,-161.9344025632831,1303.145614818918,-651.572807409459,-1230.748636217867,-651.572807409459
42.0,-21.0,-39.66666666666663,-21.0,0.0,5.663804158211746,1.0,2.0,0.0030502395663331017,0.25468581598680534,382.02407171977933,223.4181086580968,260.33333333333337,327.84310158371176,-163.92155079185588,-309.6295959401717,-163.92155079185588,1302.9456771237562,-651.4728385618781,-1230.559806172451,-651.4728385618781
43.0,-21.5,-40.61111111111107,-21.5,0.0,5.659597704789446,1.0,2.0,0.003014138241491715,0.25769995422829706,378.87513231934025,228.02497869357407,259.3888888888889,331.7697862142826,-165.8848931071413,-313.3381314245997,-165.8848931071413,1302.7553204153944,-651.3776602076972,-1230.3800248367436,-651.3776602076972
44.0,-22.0,-41.555555555555515,-22.0,0.0,5.6552925484252805,1.0,2.0,0.0029821564538136114,0.26068211068211067,375.6639237094271,232.5833224457775,258.44444444444446,335.3278124362624,-167.6639062181312,-316.6984895231362,-167.6639062181312,1193.1051496073414,-596.5525748036707,-1126.8215301847208,-596.5525748036707
45.0,-22.5,-42.49999999999996,-22.5,0.0,5.650888791762051,1.0,2.0,0.002976190476190521,0.2636583011583012,372.3912393651312,237.09221432858203,257.50000000000006,335.99999999999494,-167.99999999999747,-317.333333333328,-167.99999999999747,225.85502141413804,-112.92751070706902,-213.30752022445947,-112.92751070706902
46.0,-23.0,-43.4444444444444,-23.0,0.0,5.646386539858483,1.0,2.0,0.0029761904761904656,0.26663449163449165,369.0578874549095,241.5507421900487,256.5555555555556,336.0000000000012,-168.0000000000006,-317.33333333333394,-168.0000000000006,2.1009327610954717e-09,-1.0504663805477358e-09,-1.9863364286720823e-09,-1.0504663805477358e-09
47.0,-23.5,-44.38888888888884,-23.5,0.0,5.641785900191913,1.0,2.0,0.0029761904761904656,0.2696106821106821,365.6646906087807,245.9580075551457,255.61111111111114,336.0000000000012,-168.0000000000006,-317.33333333333394,-168.0000000000006,0.0,0.0,0.0,0.0
48.0,-24.0,-45.333333333333286,-24.0,0.0,5.637086982659739,1.0,2.0,0.0029761904761904656,0.2725868725868726,362.21248568242186,250.3131258644289,254.6666666666667,336.0000000000012,-168.0000000000006,-317.33333333333394,-168.0000000000006,0.0,0.0,0.0,0.0
49.0,-24.5,-46.27777777777773,-24.5,0.0,5.632289899582689,1.0,2.0,0.0029761904761904656,0.27556306306306305,358.7021235172373,254.61522670861422,253.72222222222229,336.0000000000012,-168.0000000000006,-317.33333333333394,-168.0000000000006,0.0,0.0,0.0,0.0
50.0,-25.0,-47.22222222222217,-25.0,0.0,5.627394765706242,1.0,2.0,0.002976190476190521,0.2785392535392536,355.13446869647044,258.8634540589705,252.77777777777783,335.99999999999494,-167.99999999999747,-317.333333333328,-167.99999999999747,-2.1009327610954324e-09,1.0504663805477162e-09,1.986336428672045e-09,1.0504663805477162e-09
51.0,-25.5,-48.166666666666615,-25.5,0.0,5.622401698204199,1.0,2.0,0.0029761904761904656,0.28151544401544404,351.5103992974326,263.056966493468,251.83333333333337,336.0000000000012,-168.0000000000006,-317.33333333333394,-168.0000000000006,2.1009327610954717e-09,-1.0504663805477358e-09,-1.9863364286720823e-09,-1.0504663805477358e-09
52.0,-26.0,-49.11111111111106,-26.0,0.0,5.617310816679988,1.0,2.0,0.0029761904761904656,0.2844916344916345,347.8308066399234,267.19493741861385,250.88888888888894,336.0000000000012,-168.0000000000006,-317.33333333333394,-168.0000000000006,0.0,0.0,0.0,0.0
53.0,-26.5,-50.0555555555555,-26.5,0.0,5.612122243170497,1.0,2.0,0.0029761904761904656,0.28746782496782497,344.096595030916,271.2765552869108,249.9444444444445,336.0000000000012,-168.0000000000006,-317.33333333333394,-168.0000000000006,0.0,0.0,0.0,0.0
54.0,-27.0,-50.99999999999994,-27.0,0.0,5.606836102148449,1.0,2.0,0.0029761904761904656,0.29044401544401544,340.30868150558655,275.30102380987626,249.00000000000006,336.0000000000012,-168.0000000000006,-317.33333333333394,-168.0000000000006,0.0,0.0,0.0,0.0
55.0,-27.5,-51.944444444444386,-27.5,0.0,5.601452520524326,1.0,2.0,0.0029761904761904656,0.2934202059202059,336.4679955647646,279.2675621665569,248.0555555555556,336.0000000000012,-168.0000000000006,-317.33333333333394,-168.0000000000006,0.0,0.0,0.0,0.0
56.0,-28.0,-52.88888888888883,-28.0,0.0,5.595971627650726,1.0,2.0,0.002976190476190521,0.2963963963963964,332.5754789088811,283.1754052074811,247.11111111111117,335.99999999999494,-167.99999999999747,-317.333333333328,-167.99999999999747,-2.1009327610954324e-09,1.0504663805477162e-09,1.986336428672045e-09,1.0504663805477162e-09
57.0,-28.5,-53.83333333333327,-28.5,0.0,5.590393555324387,1.0,2.0,0.0029761904761904656,0.2993725868725869,328.6320851684968,287.02380365398693,246.16666666666674,336.0000000000012,-168.0000000000006,-317.33333333333394,-168.0000000000006,2.1009327610954717e-09,-1.0504663805477358e-09,-1.9863364286720823e-09,-1.0504663805477358e-09
58.0,-29.0,-54.777777777777715,-29.0,0.0,5.584718437789723,1.0,2.0,0.0029761904761904656,0.30234877734877735,324.63877963148985,290.8120242928695,245.22222222222229,336.0000000000012,-168.0000000000006,-317.33333333333394,-168.0000000000006,0.0,0.0,0.0,0.0
59.0,-29.5,-55.72222222222216,-29.5,0.0,5.5789464117409775,1.0,2.0,0.0029761904761904656,0.3053249678249678,320.5965389669857,294.5393501662893,244.27777777777783,336.0000000000012,-168.0000000000006,-317.33333333333394,-168.0000000000006,0.0,0.0,0.0,0.0
60.0,-30.0,-56.6666666666666,-30.0,0.0,5.573077616327367,1.0,2.0,0.0029761904761904656,0.3083011583011583,316.50635094610965,298.20508075688775,243.3333333333334,336.0000000000012,-168.0000000000006,-317.33333333333394,-168.0000000000006,0.0,0.0,0.0,0.0
61.0,-30.5,-57.61111111111104,-30.5,0.0,5.56711219315493,1.0,2.0,0.002976190476190521,0.3112773487773488,312.36921415964883,301.80853216805525,242.38888888888897,335.99999999999494,-167.99999999999747,-317.333333333328,-167.99999999999747,-2.1009327610954324e-09,1.0504663805477162e-09,1.986336428672045e-09,1.0504663805477162e-09
62.0,-31.0,-58.555555555555486,-31.0,0.0,5.561050286290206,1.0,2.0,0.0029761904761904656,0.31425353925353927,308.1861377327062,305.34903729929897,241.4444444444445,336.0000000000012,-168.0000000000006,-317.33333333333394,-168.0000000000006,2.1009327610954717e-09,-1.0504663805477358e-09,-1.9863364286720823e-09,-1.0504663805477358e-09
63.0,-31.5,-59.49999999999993,-31.5,0.0,5.554892042264308,1.0,2.0,0.0029761904761904656,0.31722972972972974,303.9581410364323,308.8259460166608,240.50000000000006,336.0000000000012,-168.0000000000006,-317.33333333333394,-168.0000000000006,0.0,0.0,0.0,0.0
64.0,-32.0,-60.44444444444437,-32.0,0.0,5.54863761007621,1.0,2.0,0.0029761904761904656,0.3202059202059202,299.6862533969219,312.2386253181347,239.55555555555563,336.0000000000012,-168.0000000000006,-317.33333333333394,-168.0000000000006,0.0,0.0,0.0,0.0
65.0,-32.5,-61.388888888888815,-32.5,0.0,5.542287141196598,1.0,2.0,0.0029761904761904656,0.32318211068211067,295.3715138013613,315.586459494036,238.6111111111112,336.0000000000012,-168.0000000000006,-317.33333333333394,-168.0000000000006,0.0,0.0,0.0,0.0
66.0,-33.0,-62.33333333333326,-33.0,0.0,5.535840789572056,1.0,2.0,0.0029761904761904656,0.32615830115830113,291.014970601516,318.868850282277,237.66666666666674,336.0000000000012,-168.0000000000006,-317.33333333333394,-168.0000000000006,0.0,0.0,0.0,0.0
67.0,-33.5,-63.2777777777777,-33.5,0.0,5.529298711628218,1.0,2.0,0.002976190476190521,0.32913449163449165,286.6176812146468,322.08521701850265,236.72222222222229,335.99999999999494,-167.99999999999747,-317.333333333328,-167.99999999999747,-2.1009327610954324e-09,1.0504663805477162e-09,1.986336428672045e-09,1.0504663805477162e-09
68.0,-34.0,-64.22222222222214,-34.0,0.0,5.522661066275066,1.0,2.0,0.0029761904761904656,0.3321106821106821,282.1807118219428,325.23499678104423,235.77777777777786,336.0000000000012,-168.0000000000006,-317.33333333333394,-168.0000000000006,2.1009327610954717e-09,-1.0504663805477358e-09,-1.9863364286720823e-09,-1.0504663805477358e-09
69.0,-34.5,-65.16666666666659,-34.5,0.0,5.515928014910056,1.0,2.0,0.0029761904761904656,0.3350868725868726,277.7051370645639,328.3176445306486,234.83333333333343,336.0000000000012,-168.0000000000006,-317.33333333333394,-168.0000000000006,0.0,0.0,0.0,0.0
70.0,-35.0,-66.11111111111103,-35.0,0.0,5.509099721423255,1.0,2.0,0.0029761904761904656,0.33806306306306305,273.19203973738166,331.3326332449432,233.88888888888897,336.0000000000012,-168.0000000000006,-317.33333333333394,-168.0000000000006,0.0,0.0,0.0,0.0
71.0,-35.5,-67.05555555555547,-35.5,0.0,5.502176352201356,1.0,2.0,0.002976190476190521,0.3410392535392536,268.64251048051113,334.27945404759834,232.9444444444445,335.99999999999494,-167.99999999999747,-317.333333333328,-167.99999999999747,-2.1009327610954324e-09,1.0504663805477162e-09,1.986336428672045e-09,1.0504663805477162e-09
72.0,-36.0,-67.99999999999991,-36.0,0.0,5.4951580761325545,1.0,2.0,0.0029761904761904656,0.34401544401544404,264.0576474687263,337.1576163321491,232.00000000000009,336.0000000000012,-168.0000000000006,-317.33333333333394,-168.0000000000006,2.1009327610954717e-09,-1.0504663805477358e-09,-1.9863364286720823e-09,-1.0504663805477358e-09
73.0,-36.5,-68.94444444444436,-36.5,0.0,5.488045064610895,1.0,2.0,0.0029761904761904656,0.3469916344916345,259.4385560988516,339.9666478804424,231.05555555555566,336.0000000000012,-168.0000000000006,-317.33333333333394,-168.0000000000006,0.0,0.0,0.0,0.0
74.0,-37.0,-69.8888888888888,-37.0,0.0,5.480837491541842,1.0,2.0,0.0029761904761904656,0.34996782496782497,254.78634867522302,342.70609497567597,230.1111111111112,336.0000000000012,-168.0000000000006,-317.33333333333394,-168.0000000000006,0.0,0.0,0.0,0.0
75.0,-37.5,-70.83333333333324,-37.5,0.0,5.47353553334629,1.0,2.0,0.0029761904761904656,0.35294401544401544,250.10214409331292,345.3755225099939,229.16666666666674,336.0000000000012,-168.0000000000006,-317.33333333333394,-168.0000000000006,0.0,0.0,0.0,0.0
76.0,-38.0,-71.77777777777769,-38.0,0.0,5.466139368966674,1.0,2.0,0.0029761904761904656,0.3559202059202059,245.38706752161406,347.97451408661396,228.2222222222223,336.0000000000012,-168.0000000000006,-317.33333333333394,-168.0000000000006,0.0,0.0,0.0,0.0
77.0,-38.5,-72.72222222222213,-38.5,0.0,5.458649179871807,1.0,2.0,0.002976190476190521,0.3588963963963964,240.64225008187643,350.50267211645206,227.27777777777789,335.99999999999494,-167.99999999999747,-317.333333333328,-167.99999999999747,-2.1009327610954324e-09,1.0504663805477162e-09,1.986336428672045e-09,1.0504663805477162e-09
78.0,-39.0,-73.66666666666657,-39.0,0.0,5.451065150061748,1.0,2.0,0.0029761904761904656,0.3618725868725869,235.8688285277946,352.9596179092205,226.33333333333343,336.0000000000012,-168.0000000000006,-317.33333333333394,-168.0000000000006,2.1009327610954717e-09,-1.0504663805477358e-09,-1.9863364286720823e-09,-1.0504663805477358e-09
79.0,-39.5,-74.61111111111101,-39.5,0.0,5.443387466074972,1.0,2.0,0.0029761904761904656,0.36484877734877735,231.06794492223895,355.3449917589739,225.38888888888897,336.0000000000012,-168.0000000000006,-317.33333333333394,-168.0000000000006,0.0,0.0,0.0,0.0
80.0,-40.0,-75.55555555555546,-40.0,0.0,5.4356163169920135,1.0,2.0,0.0029761904761904656,0.3678249678249678,226.24074631313056,357.65845302407644,224.44444444444454,336.0000000000012,-168.0000000000006,-317.33333333333394,-168.0000000000006,0.0,0.0,0.0,0.0
81.0,-40.5,-76.4999999999999,-40.5,0.0,5.4277518944432614,1.0,2.0,0.002976190476190521,0.37080115830115834,221.38838440805392,359.8996802015735,223.5000000000001,335.99999999999494,-167.99999999999747,-317.333333333328,-167.99999999999747,-2.1009327610954324e-09,1.0504663805477162e-09,1.986336428672045e-09,1.0504663805477162e-09
82.0,-41.0,-77.44444444444434,-41.0,0.0,5.419794392613712,1.0,2.0,0.0029761904761904656,0.3737773487773488,216.51201524770613,362.06837099594094,222.55555555555566,336.0000000000012,-168.0000000000006,-317.33333333333394,-168.0000000000006,2.1009327610954717e-09,-1.0504663805477358e-09,-1.9863364286720823e-09,-1.0504663805477358e-09
83.0,-41.5,-78.38888888888879,-41.5,0.0,5.411744008249968,1.0,2.0,0.0029761904761904656,0.37675353925353927,211.61279887828,364.1642423821988,221.6111111111112,336.0000000000012,-168.0000000000006,-317.33333333333394,-168.0000000000006,0.0,0.0,0.0,0.0
84.0,-42.0,-79.33333333333323,-42.0,0.0,5.403600940665979,1.0,2.0,0.0029761904761904656,0.37972972972972974,206.6918990228792,366.1870306633693,220.66666666666674,336.0000000000012,-168.0000000000006,-317.33333333333394,-168.0000000000006,0.0,0.0,0.0,0.0
85.0,-42.5,-80.27777777777767,-42.5,0.0,5.3953653917502775,1.0,2.0,0.0029761904761904656,0.3827059202059202,201.7504827520626,368.1364915222643,219.72222222222234,336.0000000000012,-168.0000000000006,-317.33333333333394,-168.0000000000006,0.0,0.0,0.0,0.0
86.0,-43.0,-81.22222222222211,-43.0,0.0,5.38703756597224,1.0,2.0,0.0029761904761904656,0.38568211068211067,196.78972015361768,370.0124000675895,218.77777777777789,336.0000000000012,-168.0000000000006,-317.33333333333394,-168.0000000000006,0.0,0.0,0.0,0.0
87.0,-43.5,-82.16666666666656,-43.5,0.0,5.378617670389476,1.0,2.0,0.0029761904761904656,0.38865830115830113,191.81078400166066,371.8145508743533,217.83333333333343,336.0000000000012,-168.0000000000006,-317.33333333333394,-168.0000000000006,0.0,0.0,0.0,0.0
88.0,-44.0,-83.111111111111,-44.0,0.0,5.3701059146541485,1.0,2.0,0.002976190476190521,0.39163449163449165,186.814849425163,373.5427580185686,216.88888888888903,335.99999999999494,-167.99999999999747,-317.333333333328,-167.99999999999747,-2.1009327610954324e-09,1.0504663805477162e-09,1.986336428672045e-09,1.0504663805477162e-09
89.0,-44.5,-84.05555555555544,-44.5,0.0,5.361502511021314,1.0,2.0,0.0029761904761904656,0.3946106821106821,181.80309357600203,375.19685510624106,215.94444444444457,336.0000000000012,-168.0000000000006,-317.33333333333394,-168.0000000000006,2.1009327610954717e-09,-1.0504663805477358e-09,-1.9863364286720823e-09,-1.0504663805477358e-09
90.0,-45.0,-84.99999999999989,-45.0,0.0,5.352807674355321,1.0,2.0,0.0029761904761904656,0.3975868725868726,176.77669529663686,376.77669529663694,215.0000000000001,336.0000000000012,-168.0000000000006,-317.33333333333394,-168.0000000000006,0.0,0.0,0.0,0.0
91.0,-45.5,-85.94444444444433,-45.5,0.0,5.344021622138884,1.0,2.0,0.002976190476190521,0.4005630630630631,171.736834787506,378.2821513198237,214.05555555555566,335.99999999999494,-167.99999999999747,-317.333333333328,-167.99999999999747,-2.1009327610954324e-09,1.0504663805477162e-09,1.986336428672045e-09,1.0504663805477162e-09
92.0,-46.0,-86.88888888888877,-46.0,0.0,5.335144574479543,1.0,2.0,0.0029761904761904656,0.4035392535392536,166.6846932742492,379.71311548848195,213.1111111111112,336.0000000000012,-168.0000000000006,-317.33333333333394,-168.0000000000006,2.1009327610954717e-09,-1.0504663805477358e-09,-1.9863364286720823e-09,-1.0504663805477358e-09
93.0,-46.5,-87.83333333333321,-46.5,0.0,5.326176754119209,1.0,2.0,0.0029761904761904656,0.40651544401544404,161.6214526748497,381.0694997039867,212.1666666666668,336.0000000000012,-168.0000000000006,-317.33333333333394,-168.0000000000006,0.0,0.0,0.0,0.0
94.0,-47.0,-88.77777777777766,-47.0,0.0,5.317118386440868,1.0,2.0,0.0029761904761904656,0.4094916344916345,156.5482952667995,382.3512354567575,211.22222222222234,336.0000000000012,-168.0000000000006,-317.33333333333394,-168.0000000000006,0.0,0.0,0.0,0.0
95.0,-47.5,-89.7222222222221,-47.5,0.0,5.307969699478955,1.0,2.0,0.0029761904761904656,0.41246782496782497,151.46640335438335,383.5582738208802,210.27777777777789,336.0000000000012,-168.0000000000006,-317.33333333333394,-168.0000000000006,0.0,0.0,0.0,0.0
96.0,-48.0,-90.66666666666654,-48.0,0.0,5.298730923926896,1.0,2.0,0.0029761904761904656,0.41544401544401544,146.37695893618383,384.6905854430033,209.33333333333348,336.0000000000012,-168.0000000000006,-317.33333333333394,-168.0000000000006,0.0,0.0,0.0,0.0
97.0,-48.5,-91.61111111111099,-48.5,0.0,5.2894022931469244,1.0,2.0,0.0029761904761904656,0.4184202059202059,141.28114337290484,385.74816052551495,208.38888888888903,336.0000000000012,-168.0000000000006,-317.33333333333394,-168.0000000000006,0.0,0.0,0.0,0.0
98.0,-49.0,-92.55555555555543,-49.0,0.0,5.279984043178615,1.0,2.0,0.0029761904761904656,0.42139639639639637,136.18013705561373,386.7310088040071,207.44444444444457,336.0000000000012,-168.0000000000006,-317.33333333333394,-168.0000000000006,0.0,0.0,0.0,0.0
99.0,-49.5,-93.49999999999987,-49.5,0.0,5.2704764127492725,1.0,2.0,0.002976190476190521,0.4243725868725869,131.07511907449964,387.63915951903533,206.5000000000001,335.99999999999494,-167.99999999999747,-317.333333333328,-167.99999999999747,-2.1009327610954324e-09,1.0504663805477162e-09,1.986336428672045e-09,1.0504663805477162e-09
100.0,-50.0,-94.44444444444431,-50.0,0.0,5.26087964328271,1.0,2.0,0.0029761904761904656,0.42734877734877735,125.9672668882487,388.4726613821862,205.55555555555566,336.0000000000012,-168.0000000000006,-317.33333333333394,-168.0000000000006,2.1009327610954717e-09,-1.0504663805477358e-09,-1.9863364286720823e-09,-1.0504663805477358e-09
101.0,-50.5,-95.38888888888876,-50.5,0.0,5.251193978910695,1.0,2.0,0.0029761904761904656,0.4303249678249678,120.85775599413199,389.2315825364629,204.61111111111126,336.0000000000012,-168.0000000000006,-317.33333333333394,-168.0000000000006,0.0,0.0,0.0,0.0
102.0,-51.0,-96.3333333333332,-51.0,0.0,5.241419666481914,1.0,2.0,0.002976190476190521,0.43330115830115834,115.74775959890752,389.9160105110039,203.6666666666668,335.99999999999494,-167.99999999999747,-317.333333333328,-167.99999999999747,-2.1009327610954324e-09,1.0504663805477162e-09,1.986336428672045e-09,1.0504663805477162e-09
103.0,-51.5,-97.27777777777764,-51.5,0.0,5.23155695557352,1.0,2.0,0.0029761904761904656,0.4362773487773488,110.63844829063189,390.52605217015054,202.72222222222234,336.0000000000012,-168.0000000000006,-317.33333333333394,-168.0000000000006,2.1009327610954717e-09,-1.0504663805477358e-09,-1.9863364286720823e-09,-1.0504663805477358e-09
104.0,-52.0,-98.22222222222209,-52.0,0.0,5.221606098501267,1.0,2.0,0.0029761904761904656,0.43925353925353927,105.53098971148101,391.06183365687986,201.77777777777794,336.0000000000012,-168.0000000000006,-317.33333333333394,-168.0000000000006,0.0,0.0,0.0,0.0
105.0,-52.5,-99.16666666666653,-52.5,0.0,5.211567350331497,1.0,2.0,0.0029761904761904656,0.44222972972972974,100.42654823167594,391.52350033062254,200.83333333333348,336.0000000000012,-168.0000000000006,-317.33333333333394,-168.0000000000006,0.0,0.0,0.0,0.0
106.0,-53.0,-100.11111111111097,-53.0,0.0,5.201440968891766,1.0,2.0,0.0029761904761904656,0.4452059202059202,95.32628462461226,391.91121669948706,199.88888888888903,336.0000000000012,-168.0000000000006,-317.33333333333394,-168.0000000000006,0.0,0.0,0.0,0.0
107.0,-53.5,-101.05555555555542,-53.5,0.0,5.191227214783823,1.0,2.0,0.0029761904761904656,0.44818211068211067,90.23135574328798,392.2251663469115,198.94444444444457,336.0000000000012,-168.0000000000006,-317.33333333333394,-168.0000000000006,0.0,0.0,0.0,0.0
108.0,-54.0,-101.99999999999986,-54.0,0.0,5.180926351394078,1.0,2.0,0.0029761904761904656,0.45115830115830113,85.1429141981288,392.46555185276765,198.0000000000001,336.0000000000012,-168.0000000000006,-317.33333333333394,-168.0000000000006,0.0,0.0,0.0,0.0
109.0,-54.5,-102.9444444444443,-54.5,0.0,5.170538644907503,1.0,2.0,0.0029761904761904656,0.4541344916344916,80.06210803630363,392.63259470894326,197.0555555555557,336.0000000000012,-168.0000000000006,-317.33333333333394,-168.0000000000006,0.0,0.0,0.0,0.0
110.0,-55.0,-103.88888888888874,-55.0,0.0,5.160064364319674,1.0,2.0,0.0029761904761904656,0.45711068211068207,74.99008042262776,392.72653522942966,196.11111111111126,336.0000000000012,-168.0000000000006,-317.33333333333394,-168.0000000000006,0.0,0.0,0.0,0.0
111.0,-55.5,-104.83333333333319,-55.5,0.0,5.149503781449797,1.0,2.0,0.002976190476190521,0.4600868725868726,69.9279693221481,392.7476324549443,195.1666666666668,335.99999999999494,-167.99999999999747,-317.333333333328,-167.99999999999747,-2.1009327610954324e-09,1.0504663805477162e-09,1.986336428672045e-09,1.0504663805477162e-09
112.0,-56.0,-105.77777777777763,-56.0,0.0,5.138857170954519,1.0,2.0,0.0029761904761904656,0.46306306306306305,64.87690718450425,392.696164052118,194.2222222222224,336.0000000000012,-168.0000000000006,-317.33333333333394,-168.0000000000006,2.1009327610954717e-09,-1.0504663805477358e-09,-1.9863364286720823e-09,-1.0504663805477358e-09
113.0,-56.5,-106.72222222222207,-56.5,0.0,5.128124810341562,1.0,2.0,0.0029761904761904656,0.4660392535392535,59.83802063015977,392.57242620728016,193.27777777777794,336.0000000000012,-168.0000000000006,-317.33333333333394,-168.0000000000006,0.0,0.0,0.0,0.0
114.0,-57.0,-107.66666666666652,-57.0,0.0,5.117306979983859,1.0,2.0,0.002976190476190521,0.46901544401544404,54.81243013859669,392.37673351487626,192.33333333333348,335.99999999999494,-167.99999999999747,-317.333333333328,-167.99999999999747,-2.1009327610954324e-09,1.0504663805477162e-09,1.986336428672045e-09,1.0504663805477162e-09
115.0,-57.5,-108.61111111111096,-57.5,0.0,5.106403963133926,1.0,2.0,0.0029761904761904656,0.4719916344916345,49.801249738566064,392.1094188605515,191.38888888888903,336.0000000000012,-168.0000000000006,-317.33333333333394,-168.0000000000006,2.1009327610954717e-09,-1.0504663805477358e-09,-1.9863364286720823e-09,-1.0504663805477358e-09
116.0,-58.0,-109.5555555555554,-58.0,0.0,5.095416045939344,1.0,2.0,0.0029761904761904656,0.47496782496782497,44.8055867004857,391.77083329894,190.44444444444457,336.0000000000012,-168.0000000000006,-317.33333333333394,-168.0000000000006,0.0,0.0,0.0,0.0
117.0,-58.5,-110.49999999999984,-58.5,0.0,5.084343517457221,1.0,2.0,0.0029761904761904656,0.47794401544401544,39.82654123107782,391.36134592619663,189.50000000000017,336.0000000000012,-168.0000000000006,-317.33333333333394,-168.0000000000006,0.0,0.0,0.0,0.0
118.0,-59.0,-111.44444444444429,-59.0,0.0,5.0731866696708545,1.0,2.0,0.0029761904761904656,0.4809202059202059,34.86520617033545,390.8813437473135,188.5555555555557,336.0000000000012,-168.0000000000006,-317.33333333333394,-168.0000000000006,0.0,0.0,0.0,0.0
119.0,-59.5,-112.38888888888873,-59.5,0.0,5.061945797505533,1.0,2.0,0.0029761904761904656,0.48389639639639637,29.922666690908606,390.3312315382607,187.61111111111126,336.0000000000012,-168.0000000000006,-317.33333333333394,-168.0000000000006,0.0,0.0,0.0,0.0
120.0,-60.0,-113.33333333333317,-60.0,0.0,5.0506211988442935,1.0,2.0,0.0029761904761904656,0.48687258687258683,24.999999999999993,389.71143170299746,186.66666666666686,336.0000000000012,-168.0000000000006,-317.33333333333394,-168.0000000000006,0.0,0.0,0.0,0.0
121.0,-60.5,-114.27777777777762,-60.5,0.0,5.039213174546627,1.0,2.0,0.0029761904761904656,0.4898487773487773,20.0982750438559,389.0223841253974,185.7222222222224,336.0000000000012,-168.0000000000006,-317.33333333333394,-168.0000000000006,0.0,0.0,0.0,0.0
122.0,-61.0,-115.22222222222206,-61.0,0.0,5.027722028464275,1.0,2.0,0.002976190476190521,0.4928249678249678,15.21855221494325,388.2645460161342,184.77777777777794,335.99999999999494,-167.99999999999747,-317.333333333328,-167.99999999999747,-2.1009327610954324e-09,1.0504663805477162e-09,1.986336428672045e-09,1.0504663805477162e-09
123.0,-61.5,-116.1666666666665,-61.5,0.0,5.016148067460413,1.0,2.0,0.0029761904761904656,0.4958011583011583,10.361883061896654,387.4383917545762,183.83333333333348,336.0000000000012,-168.0000000000006,-317.33333333333394,-168.0000000000006,2.1009327610954717e-09,-1.0504663805477358e-09,-1.9863364286720823e-09,-1.0504663805477358e-09
124.0,-62.0,-117.11111111111094,-62.0,0.0,5.004491601427161,1.0,2.0,0.0029761904761904656,0.49877734877734875,5.529310002323291,386.5444127257401,182.88888888888903,336.0000000000012,-168.0000000000006,-317.33333333333394,-168.0000000000006,0.0,0.0,0.0,0.0
125.0,-62.5,-118.05555555555539,-62.5,0.0,4.9927529433049935,1.0,2.0,0.002976190476190521,0.5017535392535393,0.721866038549327,385.5831171523538,181.94444444444463,335.99999999999494,-167.99999999999747,-317.333333333328,-167.99999999999747,-2.1009327610954324e-09,1.0504663805477162e-09,1.986336428672045e-09,1.0504663805477162e-09
126.0,-63.0,-118.99999999999983,-63.0,0.0,4.980932409102488,1.0,2.0,0.0029761904761904656,0.5047297297297297,-4.059425523607952,384.5550299220814,181.00000000000017,336.0000000000012,-168.0000000000006,-317.33333333333394,-168.0000000000006,2.1009327610954717e-09,-1.0504663805477358e-09,-1.9863364286720823e-09,-1.0504663805477358e-09
127.0,-63.5,-119.94444444444427,-63.5,0.0,4.969030317914796,1.0,2.0,0.0029761904761904656,0.5077059202059202,-8.813551352957543,383.46069240996485,180.0555555555557,336.0000000000012,-168.0000000000006,-317.33333333333394,-168.0000000000006,0.0,0.0,0.0,0.0
128.0,-64.0,-120.88888888888872,-64.0,0.0,4.9570469919458295,1.0,2.0,0.0029761904761904656,0.5106821106821107,-13.539508367862336,382.3006622961361,179.1111111111113,336.0000000000012,-168.0000000000006,-317.33333333333394,-168.0000000000006,0.0,0.0,0.0,0.0
129.0,-64.5,-121.83333333333316,-64.5,0.0,4.944982756528508,1.0,2.0,0.0029761904761904656,0.5136583011583011,-18.236304007893718,381.07551337885934,178.16666666666686,336.0000000000012,-168.0000000000006,-317.33333333333394,-168.0000000000006,0.0,0.0,0.0,0.0
130.0,-65.0,-122.7777777777776,-65.0,0.0,4.932837940146054,1.0,2.0,0.0029761904761904656,0.5166344916344916,-22.90295650213309,379.7858353829581,177.2222222222224,336.0000000000012,-168.0000000000006,-317.33333333333394,-168.0000000000006,0.0,0.0,0.0,0.0
131.0,-65.5,-123.72222222222204,-65.5,0.0,4.920612874454271,1.0,2.0,0.0029761904761904656,0.5196106821106821,-27.538495134041835,378.4322337636902,176.27777777777794,336.0000000000012,-168.0000000000006,-317.33333333333394,-168.0000000000006,0.0,0.0,0.0,0.0
132.0,-66.0,-124.66666666666649,-66.0,0.0,4.9083078943045075,1.0,2.0,0.0029761904761904656,0.5225868725868725,-32.14196050282166,377.0153295061291,175.33333333333348,336.0000000000012,-168.0000000000006,-317.33333333333394,-168.0000000000006,0.0,0.0,0.0,0.0
133.0,-66.5,-125.61111111111093,-66.5,0.0,4.895923337767121,1.0,2.0,0.0029761904761904656,0.525563063063063,-36.712404781188155,375.5357589201151,174.38888888888908,336.0000000000012,-168.0000000000006,-317.33333333333394,-168.0000000000006,0.0,0.0,0.0,0.0
134.0,-67.0,-126.55555555555537,-67.0,0.0,4.883459546154703,1.0,2.0,0.0029761904761904656,0.5285392535392535,-41.24889196948098,373.9941734308403,173.44444444444463,336.0000000000012,-168.0000000000006,-317.33333333333394,-168.0000000000006,0.0,0.0,0.0,0.0
135.0,-67.5,-127.49999999999982,-67.5,0.0,4.870916864047351,1.0,2.0,0.0029761904761904656,0.5315154440154439,-45.75049814603709,372.3912393651312,172.50000000000017,336.0000000000012,-168.0000000000006,-317.33333333333394,-168.0000000000006,0.0,0.0,0.0,0.0
136.0,-68.0,-128.44444444444426,-68.0,0.0,4.8582956393173236,1.0,2.0,0.0029761904761905766,0.5344916344916345,-50.21631171375233,370.7276377334963,171.55555555555577,335.9999999999887,-167.99999999999434,-317.3333333333221,-167.99999999999434,-4.201865522190787e-09,2.1009327610953935e-09,3.9726728573440165e-09,2.1009327610953935e-09
137.0,-68.5,-129.38888888888872,-68.5,0.0,4.845596223155464,1.0,2.0,0.0029821564538135004,0.537473790945448,-54.645433642759855,369.0040640080058,170.6111111111113,335.3278124362748,-167.6639062181374,-316.6984895231527,-167.6639062181374,-225.40318528703858,112.70159264351929,212.88078610281465,112.70159264351929
138.0,-69.0,-130.33333333333317,-69.0,0.0,4.8328189700977395,1.0,2.0,0.0030141382414917706,0.5404879291869398,-59.0369777091538,367.22122789607215,169.66666666666686,331.7697862142765,-165.88489310713825,-313.33813142459866,-165.88489310713825,-1180.4455990171718,590.2227995085859,1114.8652879606927,590.2227995085859
139.0,-69.5,-131.27777777777763,-69.5,0.0,4.819964238052455,1.0,2.0,0.0030502395663331017,0.5435381687532729,-63.39007072968761,365.3798531102009,168.7222222222224,327.84310158371176,-163.92155079185588,-309.6295959401764,-163.92155079185588,-1287.3364682254391,643.6682341127196,1215.8177755462502,643.6682341127196
140.0,-70.0,-132.2222222222221,-70.0,0.0,4.807032388327606,1.0,2.0,0.003087670019992217,0.5466258387732651,-67.70385279237846,363.480677133785,167.77777777777794,323.8688051265662,-161.9344025632831,-305.8760937306499,-161.9344025632831,-1287.1506447944764,643.5753223972382,1215.6422756392606,643.5753223972382
141.0,-70.5,-133.16666666666654,-70.5,0.0,4.79402378566113,1.0,2.0,0.0031265132179373323,0.5497523519912024,-71.97747748295144,361.5244509830121,166.83333333333348,319.84512148000266,-159.92256074000133,-302.075948064451,-159.92256074000133,-1286.9555847322156,643.4777923661078,1215.4580522471067,643.4777923661078
142.0,-71.0,-134.111111111111,-71.0,0.0,4.7809387982492595,1.0,2.0,0.003166860330712118,0.5529192123219145,-76.21011210705527,359.5119389649609,165.88888888888903,315.7701621072548,-157.8850810536274,-298.2273753235224,-157.8850810536274,-1286.7505817130677,643.3752908565339,1215.2644382845867,643.3752908565339
143.0,-71.5,-135.05555555555546,-71.5,0.0,4.767777797777236,1.0,2.0,0.0032088109849518487,0.5561280233068664,-80.40093790818563,357.44391843195945,164.94444444444457,311.64191493036975,-155.82095746518488,-294.32847521201984,-155.82095746518488,-1286.5348555103512,643.2674277551756,1215.0606968708842,643.2674277551756
144.0,-72.0,-135.99999999999991,-72.0,0.0,4.754541159450349,1.0,2.0,0.003252474299320962,0.5593804976061874,-84.54915028125262,355.32117953228305,164.0000000000001,307.4582327087952,-153.7291163543976,-290.3772197805327,-153.7291163543976,-1286.307542060515,643.1537710302575,1214.8460119460644,643.1537710302575
145.0,-72.5,-136.94444444444437,-72.5,0.0,4.741229262026907,1.0,2.0,0.003297970079919166,0.5626784676861065,-88.65395898173007,353.14452495726596,163.05555555555566,303.21681997324555,-151.60840998662277,-286.37144108584687,-151.60840998662277,-1286.067681867392,643.033840933696,1214.619477319216,643.033840933696
146.0,-73.0,-137.88888888888883,-73.0,0.0,4.7278424878492755,1.0,2.0,0.0033454302050088813,0.5660238978911154,-92.71458833032419,350.91476968490826,162.1111111111112,298.9152182887478,-149.4576091443739,-282.30881727271003,-149.4576091443739,-1285.8142065128957,642.9071032564478,1214.3800839288629,642.9071032564478
147.0,-73.5,-138.8333333333333,-73.5,0.0,4.71438122287924,1.0,2.0,0.0033950002355487285,0.5694188981266641,-96.73027741310426,348.6327407200537,161.16666666666674,294.55078957847894,-147.27539478923947,-278.18685682412274,-147.27539478923947,-1285.5459226686692,642.7729613343346,1214.126704742647,642.7729613343346
148.0,-74.0,-139.77777777777774,-74.0,0.0,4.7008458567316795,1.0,2.0,0.0034468412963896133,0.5728657394230537,-100.70028027703546,346.2992768312207,160.22222222222229,290.1206971865655,-145.06034859328275,-274.0028806762044,-145.06034859328275,-1285.2614933428251,642.6307466714126,1213.8580770460226,642.6307466714126
149.0,-74.5,-140.7222222222222,-74.5,0.0,4.687236782711045,1.0,2.0,0.0035011322835905023,0.5763668717066442,-104.62386612085827,343.91522828416663,159.27777777777783,285.62188429352176,-142.81094214676088,-269.7540018327741,-142.81094214676088,-1284.9594155951452,642.4797077975726,1213.572781395443,642.4797077975726
150.0,-75.0,-141.66666666666666,-75.0,0.0,4.673554397847101,1.0,2.0,0.003558072466848361,0.5799249441734926,-108.50031948125762,341.48145657226706,158.33333333333337,281.0510492176039,-140.52552460880196,-265.43710203885166,-140.52552460880196,-1284.6379938873356,642.3189969436678,1213.2692164491652,642.3189969436678
151.0,-75.5,-142.61111111111111,-75.5,0.0,4.659799102932362,1.0,2.0,0.003617884573458241,0.5835428287469508,-112.32894041426884,338.9988341437944,157.3888888888889,276.40461703401616,-138.20230851700808,-261.04880497657433,-138.20230851700808,-1284.295308279103,642.1476541395515,1212.945568930264,642.1476541395515
152.0,-76.0,-143.55555555555557,-76.0,0.0,4.6459713025618194,1.0,2.0,0.003680818462779789,0.5872236472097306,-116.10904467186845,336.4682441261773,156.44444444444446,271.6787068180457,-135.83935340902286,-256.58544532815773,-135.83935340902286,-1283.9291760130375,641.9645880065187,1212.5997773456688,641.9645880065187
153.0,-76.5,-144.50000000000003,-76.5,0.0,4.6320714051711445,1.0,2.0,0.003747155529676194,0.5909708027394068,-119.83996387369724,333.8905800473285,155.5,266.8690936579336,-133.4345468289668,-252.04303289916288,-133.4345468289668,-1283.5371048843917,641.7685524421959,1212.2294879463886,641.7685524421959
154.0,-77.0,-145.44444444444449,-77.0,0.0,4.618099823078006,1.0,2.0,0.0038172140142730404,0.5947880167536799,-123.52104567386723,331.26674555412427,154.55555555555554,261.9711643782285,-130.98558218911424,-247.41721080166351,-130.98558218911424,-1283.1162364465692,641.5581182232846,1211.8320010884481,641.5581182232846
155.0,-77.5,-146.38888888888894,-77.5,0.0,4.604056972523685,1.0,2.0,0.0038913554471005085,0.5986793722007804,-127.15165392280431,328.5976541281233,153.6111111111111,256.9798656519828,-128.4899328259914,-242.70320644909808,-128.4899328259914,-1282.6632760995333,641.3316380497666,1211.4042052051286,641.3316380497666
156.0,-78.0,-147.3333333333334,-78.0,0.0,4.589943273716499,1.0,2.0,0.003969992528208954,0.6026493647289893,-130.73116882408036,325.8842287986115,152.66666666666663,251.8896428379793,-125.94482141898965,-237.8957737914281,-125.94482141898965,-1282.1744065850712,641.0872032925356,1210.9424951081282,641.0872032925356
157.0,-78.5,-148.27777777777786,-78.5,0.0,4.575759150874746,1.0,2.0,0.004053598833293481,0.6067029635622828,-134.25898708618874,323.1274018530622,151.72222222222217,246.69436743140088,-123.34718371570044,-232.98912479632617,-123.34718371570044,-1281.6451800577768,640.8225900288884,1210.4426700545898,640.8225900288884
158.0,-79.0,-149.2222222222223,-79.0,0.0,4.561505032273042,1.0,2.0,0.004142720869658834,0.6108456844319416,-137.73452206922127,320.3281145450984,150.77777777777771,241.38725042374222,-120.69362521187111,-227.97684762242625,-120.69362521187111,-1281.0703821558027,640.5351910779013,1209.8998053693863,640.5351910779013
159.0,-79.5,-150.16666666666677,-79.5,0.0,4.547181350287922,1.0,2.0,0.0042379931855042186,0.6150836776174459,-141.15720392640355,317.4873168000487,149.83333333333326,235.96073807301892,-117.98036903650946,-222.8518081800764,-117.98036903650946,-1280.4438594390228,640.2219297195114,1209.3080894702027,640.2219297195114
160.0,-80.0,-151.11111111111123,-80.0,0.0,4.532788541446158,1.0,2.0,0.0043401574908005225,0.6194238351082464,-144.5264797404491,314.6059669181858,148.8888888888888,230.4063855101153,-115.20319275505766,-217.60603075955626,-115.20319275505766,-1279.7582978674645,639.8791489337323,1208.6606146526221,639.8791489337323
161.0,-80.5,-152.05555555555569,-80.5,0.0,4.518327046474055,1.0,2.0,0.0044500871127900465,0.6238739222210364,-147.84181365469396,311.6850312757392,147.94444444444434,224.71470212928833,-112.35735106464416,-212.23055201099737,-112.35735106464416,-1279.004935536757,639.5024677683786,1207.9491057847306,639.5024677683786
162.0,-81.0,-153.00000000000014,-81.0,0.0,4.503797310346785,1.0,2.0,0.004568818639690164,0.6284427408607266,-151.10268699897304,308.72548402377396,146.9999999999999,218.8749606545589,-109.43748032727945,-206.71524061819727,-109.43748032727945,-1278.1731855142011,639.0865927571006,1207.1635640967625,639.0865927571006
163.0,-81.5,-153.9444444444446,-81.5,0.0,4.489199782341067,1.0,2.0,0.004697593391609356,0.633140334252336,-154.30859841020444,305.7283067850266,146.05555555555543,212.87495886428954,-106.43747943214477,-201.0485722607206,-106.43747943214477,-1277.2501342892517,638.6250671446259,1206.2917934954196,638.6250671446259
164.0,-82.0,-154.88888888888906,-82.0,0.0,4.4745349160881105,1.0,2.0,0.004837912543037337,0.6379782467953733,-157.45906394764737,302.69448834879245,145.11111111111097,206.70071877160893,-103.35035938580447,-195.21734550652215,-103.35035938580447,-1276.2198650255666,638.1099325127833,1205.3187614130536,638.1099325127833
165.0,-82.5,-155.8333333333335,-82.5,0.0,4.459803169628191,1.0,2.0,0.004991611548819552,0.6429698583441928,-160.55361720280078,299.6250243639568,144.16666666666652,200.336101922131,-100.1680509610655,-189.20631848201515,-100.1680509610655,-1275.062529852322,637.531264926161,1204.2257226383185,637.531264926161
166.0,-83.0,-156.77777777777797,-83.0,0.0,4.445005005466603,1.0,2.0,0.0051609624107907814,0.6481308207549836,-163.5918094039125,296.52091703026406,143.22222222222206,193.7623102832823,-96.88115514164114,-182.99773748976907,-96.88115514164114,-1273.753055264252,636.876527632126,1202.9889966384744,636.876527632126
167.0,-83.5,-157.72222222222243,-83.5,0.0,4.430140890631609,1.0,2.0,0.005348816999927508,0.6534796377549111,-166.57320951507046,293.3831747879198,142.2777777777776,186.9572281148435,-93.47861405742175,-176.570715441799,-93.47861405742175,-1272.2592993050641,636.1296496525321,1201.578227121469,636.1296496525321
168.0,-84.0,-158.66666666666688,-84.0,0.0,4.415211296733565,1.0,2.0,0.005558812462608476,0.6590384502175196,-169.49740432984783,290.21281200562015,141.33333333333314,179.89453803785088,-89.94726901892544,-169.90039703575033,-89.94726901892544,-1270.5393687051017,635.2696843525508,1199.9538482214984,635.2696843525508
169.0,-84.5,-159.61111111111134,-84.5,0.0,4.400216700026019,1.0,2.0,0.005795673242730448,0.6648341234602501,-172.36399855947684,287.0108486671037,140.3888888888887,172.5425085436462,-86.2712542718231,-162.95681362455693,-86.2712542718231,-1268.5376118169509,634.2688059084754,1198.0633000493574,634.2688059084754
170.0,-85.0,-160.5555555555558,-85.0,0.0,4.385157581468069,1.0,2.0,0.006065668513255074,0.6708997919735051,-175.17261491552713,283.7783100563224,139.44444444444423,164.86228975664235,-82.43114487832118,-155.7032736590532,-82.43114487832118,-1266.178455057435,633.0892275287175,1195.835207554262,633.0892275287175
171.0,-85.5,-161.50000000000026,-85.5,0.0,4.3700344267882105,1.0,2.0,0.006377329416461075,0.6772771213899662,-177.92289418706633,280.5162264413282,138.49999999999977,156.80544859715317,-78.40272429857659,-148.0940347862022,-78.40272429857659,-1263.356592289709,631.6782961448545,1193.1701149402963,631.6782961448545
172.0,-86.0,-162.4444444444447,-86.0,0.0,4.3548477265516174,1.0,2.0,0.00674262090843325,0.6840197422983995,-180.61449531228277,277.22563275696916,137.55555555555532,148.31028076178245,-74.15514038089123,-140.0708207194631,-74.15514038089123,-1259.9207267822956,629.9603633911478,1189.9251308499606,629.9603633911478
173.0,-86.5,-163.38888888888917,-86.5,0.0,4.339597976226754,1.0,2.0,0.007178953893338336,0.6911986961917378,-183.24709544455024,273.90756828649626,136.61111111111086,139.29606107763746,-69.64803053881873,-131.55739101777047,-69.64803053881873,-1255.6452956899022,627.8226478449511,1185.8872237071473,627.8226478449511
174.0,-87.0,-164.33333333333363,-87.0,0.0,4.32428567625588,1.0,2.0,0.0077128587596294595,0.6989115549513673,-185.82039001291872,270.5630763421742,135.6666666666664,129.65361238483794,-64.82680619241897,-122.45063391901526,-64.82680619241897,-1250.1783052569162,625.0891526284581,1180.7239549648796,625.0891526284581
175.0,-87.5,-165.27777777777808,-87.5,0.0,4.3089113321267405,1.0,2.0,0.008387235189628472,0.7072987901409957,-188.33409277701512,267.1932039449962,134.72222222222194,119.22880155269578,-59.61440077634789,-112.60497924421419,-59.61440077634789,-1242.9377019298706,621.4688509649353,1173.885607378228,621.4688509649353
176.0,-88.0,-166.22222222222254,-88.0,0.0,4.293475454446081,1.0,2.0,0.009277205843563507,0.7165759959845592,-190.78793587633962,263.799001503599,133.7777777777775,107.79107598370219,-53.89553799185109,-101.80268287349787,-53.89553799185109,-1232.8847458881223,616.4423729440612,1164.3911488943531,616.4423729440612
177.0,-88.5,-167.166666666667,-88.5,0.0,4.277978559015148,1.0,2.0,0.010530101711073048,0.7271060976956323,-193.18166987394656,260.3815224924781,132.83333333333303,94.96584434207684,-47.48292217103842,-89.68996410085154,-47.48292217103842,-1217.9589517296715,608.9794758648358,1150.2945655224835,608.9794758648358
178.0,-89.0,-168.11111111111146,-89.0,0.0,4.2624211669082985,1.0,2.0,0.012490646040439923,0.7395967437360722,-195.51506379449836,256.941823129598,131.88888888888857,80.05991017297131,-40.02995508648566,-75.61213738558503,-40.02995508648566,-1193.3677506228116,596.6838753114058,1127.0695422548927,596.6838753114058
179.0,-89.5,-169.0555555555559,-89.5,0.0,4.246803804552472,1.0,2.0,0.016278126843079832,0.755874870579152,-197.78790515668484,253.4809620534995,130.94444444444412,61.432129730892264,-30.716064865446132,-58.01923363473236,-30.716064865446132,-1144.344224716378,572.172112358189,1080.7695455654823,572.172112358189
180.0,-90.0,-170.00000000000037,-90.0,0.0,4.231127003809608,1.0,2.0,0.039298871648880906,0.7951737422280329,-200.00000000000003,250.00000000000003,129.99999999999966,25.446023207347647,-12.723011603673823,-24.03235525138421,-12.723011603673823,-915.7033017402009,457.85165087010046,864.830896087979,457.85165087010046
179.0,-89.5,-169.0555555555559,-89.5,0.0,4.231127003809608,1.0,3.0,0.0,0.7951737422280329,-197.78790515668484,253.4809620534995,130.94444444444412,0.0,0.0,0.0,0.0,0.0,0.0,0.0,0.0
178.0,-89.0,-168.11111111111146,-89.0,0.0,4.246803804552472,1.0,3.0,0.055577001437672836,0.8507507436657058,-195.51506379449836,256.941823129598,131.88888888888857,-17.993054215446577,8.996527107723288,16.993440092366438,8.996527107723288,-323.74999999999983,161.87499999999991,305.7638888888928,161.87499999999991
177.0,-88.5,-167.166666666667,-88.5,0.0,4.2624211669082985,1.0,3.0,0.012490646040439944,0.8632413897061457,-193.18166987394656,260.3815224924781,132.83333333333303,-80.05991017297131,40.02995508648566,75.61213738558503,40.02995508648566,-4969.0669126781795,2484.5334563390898,4693.007639751677,2484.5334563390898
176.0,-88.0,-166.22222222222254,-88.0,0.0,4.277978559015148,1.0,3.0,0.010530101711073145,0.8737714914172189,-190.78793587633962,263.799001503599,133.7777777777775,-94.96584434207584,47.48292217103792,89.6899641008506,47.48292217103792,-1415.55462407641,707.777312038205,1336.9127005166272,707.777312038205
175.0,-87.5,-165.27777777777808,-87.5,0.0,4.293475454446081,1.0,3.0,0.009277205843563438,0.8830486972607823,-188.33409277701512,267.1932039449962,134.72222222222194,-107.79107598370348,53.89553799185174,101.8026828734991,53.89553799185174,-1382.4455183912828,691.2227591956414,1305.6429895917852,691.2227591956414
174.0,-87.0,-164.33333333333363,-87.0,0.0,4.3089113321267405,1.0,3.0,0.008387235189628528,0.8914359324504109,-185.82039001291872,270.5630763421742,135.6666666666664,-119.22880155269421,59.614400776347104,112.60497924421271,59.614400776347104,-1363.706312079372,681.853156039686,1287.9448502972032,681.853156039686
173.0,-86.5,-163.38888888888917,-86.5,0.0,4.32428567625588,1.0,3.0,0.007712858759629376,0.8991487912100402,-183.24709544455024,273.90756828649626,136.61111111111086,-129.65361238483982,64.82680619241991,122.45063391901702,64.82680619241991,-1351.6143828162865,675.8071914081432,1276.5246948820638,675.8071914081432
172.0,-86.0,-162.4444444444447,-86.0,0.0,4.339597976226754,1.0,3.0,0.007178953893338405,0.9063277451033787,-180.61449531228277,277.22563275696916,137.55555555555532,-139.2960610776353,69.64803053881765,131.55739101776842,69.64803053881765,-1343.1551220496042,671.5775610248021,1268.535393046864,671.5775610248021
171.0,-85.5,-161.50000000000026,-85.5,0.0,4.3548477265516174,1.0,3.0,0.006742620908433222,0.9130703660118119,-177.92289418706633,280.5162264413282,138.49999999999977,-148.31028076178245,74.15514038089123,140.0708207194631,74.15514038089123,-1336.9014522042498,668.4507261021249,1262.6291493040333,668.4507261021249
170.0,-85.0,-160.5555555555558,-85.0,0.0,4.3700344267882105,1.0,3.0,0.006377329416461117,0.919447695428273,-175.17261491552713,283.7783100563224,139.44444444444423,-156.80544859715317,78.40272429857659,148.0940347862022,78.40272429857659,-1332.088603333413,666.0443016667065,1258.0836809260165,666.0443016667065
169.0,-84.5,-159.61111111111134,-84.5,0.0,4.385157581468069,1.0,3.0,0.006065668513255046,0.9255133639415281,-172.36399855947684,287.0108486671037,140.3888888888887,-164.86228975664235,82.43114487832118,155.7032736590532,82.43114487832118,-1328.2692817589477,664.1346408794739,1254.4765438834675,664.1346408794739
168.0,-84.0,-158.66666666666688,-84.0,0.0,4.400216700026019,1.0,3.0,0.0057956732427305035,0.9313090371842585,-169.49740432984783,290.21281200562015,141.33333333333314,-172.5425085436462,86.2712542718231,162.95681362455693,86.2712542718231,-1325.1642156736818,662.5821078368409,1251.5439814696072,662.5821078368409
167.0,-83.5,-157.72222222222243,-83.5,0.0,4.415211296733565,1.0,3.0,0.005558812462608476,0.936867849646867,-166.57320951507046,293.3831747879198,142.2777777777776,-179.89453803785088,89.94726901892544,169.90039703575033,89.94726901892544,-1322.5899495006065,661.2949747503033,1249.1127300839219,661.2949747503033
166.0,-83.0,-156.77777777777797,-83.0,0.0,4.430140890631609,1.0,3.0,0.005348816999927508,0.9422166666467945,-163.5918094039125,296.52091703026406,143.22222222222206,-186.9572281148435,93.47861405742175,176.570715441799,93.47861405742175,-1320.4209598287516,660.2104799143758,1247.0642398382795,660.2104799143758
165.0,-82.5,-155.8333333333335,-82.5,0.0,4.445005005466603,1.0,3.0,0.005160962410790754,0.9473776290575853,-160.55361720280078,299.6250243639568,144.16666666666652,-193.7623102832823,96.88115514164114,182.99773748976907,96.88115514164114,-1318.5684426242678,659.2842213121339,1245.3146402562732,659.2842213121339
164.0,-82.0,-154.88888888888906,-82.0,0.0,4.459803169628191,1.0,3.0,0.004991611548819552,0.9523692406064048,-157.45906394764737,302.69448834879245,145.11111111111097,-200.336101922131,100.1680509610655,189.20631848201515,100.1680509610655,-1316.9677917752492,658.4838958876246,1243.8029144544166,658.4838958876246
163.0,-81.5,-153.9444444444446,-81.5,0.0,4.4745349160881105,1.0,3.0,0.004837912543037365,0.9572071531494422,-154.30859841020444,305.7283067850266,146.05555555555543,-206.70071877160893,103.35035938580447,195.21734550652215,103.35035938580447,-1315.5708774929803,657.7854387464902,1242.483606521163,657.7854387464902
162.0,-81.0,-153.00000000000014,-81.0,0.0,4.489199782341067,1.0,3.0,0.0046975933916093005,0.9619047465410515,-151.10268699897304,308.72548402377396,146.9999999999999,-212.87495886428954,106.43747943214477,201.0485722607206,106.43747943214477,-1314.3411057476312,657.1705528738156,1241.3221554283375,657.1705528738156
161.0,-80.5,-152.05555555555569,-80.5,0.0,4.503797310346785,1.0,3.0,0.004568818639690164,0.9664735651807417,-147.84181365469396,311.6850312757392,147.94444444444434,-218.8749606545589,109.43748032727945,206.71524061819727,109.43748032727945,-1313.2501557724872,656.6250778862436,1240.2918137851425,656.6250778862436
160.0,-80.0,-151.11111111111123,-80.0,0.0,4.518327046474055,1.0,3.0,0.0044500871127900465,0.9709236522935317,-144.5264797404491,314.6059669181858,148.8888888888888,-224.71470212928833,112.35735106464416,212.23055201099737,112.35735106464416,-1312.2757660058762,656.1378830029381,1239.3715567833449,656.1378830029381
159.0,-79.5,-150.16666666666677,-79.5,0.0,4.532788541446158,1.0,3.0,0.00434015749080055,0.9752638097843322,-141.15720392640355,317.4873168000487,149.83333333333326,-230.4063855101153,115.20319275505766,217.60603075955626,115.20319275505766,-1311.4001952443393,655.7000976221697,1238.544628841892,655.7000976221697
158.0,-79.0,-149.2222222222223,-79.0,0.0,4.547181350287922,1.0,3.0,0.004237993185504163,0.9795018029698364,-137.73452206922127,320.3281145450984,150.77777777777771,-235.9607380730251,117.98036903651256,222.85180818008223,117.98036903651256,-1310.6091302619946,655.3045651309973,1237.7975119141172,655.3045651309973
157.0,-78.5,-148.27777777777786,-78.5,0.0,4.561505032273042,1.0,3.0,0.004142720869658861,0.9836445238394952,-134.25898708618874,323.1274018530622,151.72222222222217,-241.38725042374222,120.69362521187111,227.97684762242625,120.69362521187111,-1309.8908957300796,654.9454478650398,1237.1191793006517,654.9454478650398
156.0,-78.0,-147.3333333333334,-78.0,0.0,4.575759150874746,1.0,3.0,0.004053598833293481,0.9876981226727887,-130.73116882408036,325.8842287986115,152.66666666666663,-246.69436743140088,123.34718371570044,232.98912479632617,123.34718371570044,-1309.2358730887825,654.6179365443912,1236.50054680609,654.6179365443912
155.0,-77.5,-146.38888888888894,-77.5,0.0,4.589943273716499,1.0,3.0,0.003969992528209038,0.9916681152009977,-127.15165392280431,328.5976541281233,153.6111111111111,-251.88964283797227,125.94482141898614,237.89577379142142,125.94482141898614,-1308.6360666061705,654.3180333030853,1235.9340629058388,654.3180333030853
154.0,-77.0,-145.44444444444449,-77.0,0.0,4.604056972523685,1.0,3.0,0.003891355447100453,0.9955594706480981,-123.52104567386723,331.26674555412427,154.55555555555554,-256.9798656519901,128.48993282599506,242.703206449105,128.48993282599506,-1308.0847748849983,654.0423874424991,1235.413398502519,654.0423874424991
153.0,-76.5,-144.50000000000003,-76.5,0.0,4.618099823078006,1.0,3.0,0.003817214014273068,0.9993766846623712,-119.83996387369724,333.8905800473285,155.5,-261.9711643782285,130.98558218911424,247.41721080166351,130.98558218911424,-1307.5763390722343,653.7881695361172,1234.9332091237884,653.7881695361172
152.0,-76.0,-143.55555555555557,-76.0,0.0,4.6320714051711445,1.0,3.0,0.003747155529676194,1.0031238401920475,-116.10904467186845,336.4682441261773,156.44444444444446,-266.8690936579257,133.43454682896285,252.04303289915543,133.43454682896285,-1307.105947673415,653.5529738367075,1234.4889505804736,653.5529738367075
151.0,-75.5,-142.61111111111111,-75.5,0.0,4.6459713025618194,1.0,3.0,0.0036808184627797336,1.0068046586548272,-112.32894041426884,338.9988341437944,157.3888888888889,-271.6787068180539,135.83935340902696,256.58544532816546,135.83935340902696,-1306.6694836387253,653.3347418193626,1234.0767345476995,653.3347418193626
150.0,-75.0,-141.66666666666666,-75.0,0.0,4.659799102932362,1.0,3.0,0.0036178845734582965,1.0104225432282854,-108.50031948125762,341.48145657226706,158.33333333333337,-276.40461703401616,138.20230851700808,261.04880497657433,138.20230851700808,-1306.2634033801887,653.1317016900944,1233.6932143035342,653.1317016900944
149.0,-74.5,-140.7222222222222,-74.5,0.0,4.673554397847101,1.0,3.0,0.0035580724668482777,1.0139806156951336,-104.62386612085827,343.91522828416663,159.27777777777783,-281.0510492176127,140.52552460880634,265.43710203885996,140.52552460880634,-1305.884640318284,652.942320159142,1233.3354936339438,652.942320159142
148.0,-74.0,-139.77777777777774,-74.0,0.0,4.687236782711045,1.0,3.0,0.0035011322835905023,1.0174817479787241,-100.70028027703546,346.2992768312207,160.22222222222229,-285.62188429352176,142.81094214676088,269.7540018327741,142.81094214676088,-1305.530527176076,652.765263588038,1233.0010534440783,652.765263588038
147.0,-73.5,-138.8333333333333,-73.5,0.0,4.7008458567316795,1.0,3.0,0.0034468412963897244,1.0209285892751139,-96.73027741310426,348.6327407200537,161.16666666666674,-290.1206971865562,145.0603485932781,274.0028806761956,145.0603485932781,-1305.1987330390155,652.5993665195077,1232.6876923146524,652.5993665195077
146.0,-73.0,-137.88888888888883,-73.0,0.0,4.71438122287924,1.0,3.0,0.0033950002355486175,1.0243235895106624,-92.71458833032419,350.91476968490826,162.1111111111112,-294.5507895784982,147.2753947892491,278.18685682414093,147.2753947892491,-1304.8872119522214,652.4436059761107,1232.3934779548963,652.4436059761107
145.0,-72.5,-136.94444444444437,-72.5,0.0,4.7278424878492755,1.0,3.0,0.0033454302050088813,1.0276690197156713,-88.65395898173007,353.14452495726596,163.05555555555566,-298.9152182887478,149.4576091443739,282.30881727271003,149.4576091443739,-1304.594160629928,652.297080314964,1232.1167072616167,652.297080314964
144.0,-72.0,-135.99999999999991,-72.0,0.0,4.741229262026907,1.0,3.0,0.0032979700799192213,1.0309669897955904,-84.54915028125262,355.32117953228305,164.0000000000001,-303.21681997324555,151.60840998662277,286.37144108584687,151.60840998662277,-1304.3179835649698,652.1589917824849,1231.855873366933,652.1589917824849
143.0,-71.5,-135.05555555555546,-71.5,0.0,4.754541159450349,1.0,3.0,0.0032524742993209343,1.0342194640949114,-80.40093790818563,357.44391843195945,164.94444444444457,-307.4582327087952,153.7291163543976,290.3772197805327,153.7291163543976,-1304.0572638606748,652.0286319303374,1231.60963809065,652.0286319303374
142.0,-71.0,-134.111111111111,-71.0,0.0,4.767777797777236,1.0,3.0,0.003208810984951904,1.0374282750798633,-76.21011210705527,359.5119389649609,165.88888888888903,-311.64191493035895,155.82095746517948,294.3284752120096,155.82095746517948,-1303.8107389882232,651.9053694941116,1231.3768090444457,651.9053694941116
141.0,-70.5,-133.16666666666654,-70.5,0.0,4.7809387982492595,1.0,3.0,0.00316686033071209,1.0405951354105754,-71.97747748295144,361.5244509830121,166.83333333333348,-315.7701621072659,157.88508105363294,298.22737532353284,157.88508105363294,-1303.5772802707668,651.7886401353834,1231.1563202557281,651.7886401353834
140.0,-70.0,-132.2222222222221,-70.0,0.0,4.79402378566113,1.0,3.0,0.0031265132179373045,1.0437216486285126,-67.70385279237846,363.480677133785,167.77777777777794,-319.845121480014,159.922560740007,302.0759480644617,159.922560740007,-1303.355875602732,651.677937801366,1230.9472158470703,651.677937801366
139.0,-69.5,-131.27777777777763,-69.5,0.0,4.807032388327606,1.0,3.0,0.003087670019992217,1.0468093186485048,-63.39007072968761,365.3798531102009,168.7222222222224,-323.8688051265662,161.9344025632831,305.8760937306499,161.9344025632831,-1303.1456148161749,651.5728074080874,1230.7486362152713,651.5728074080874
138.0,-69.0,-130.33333333333317,-69.0,0.0,4.819964238052455,1.0,3.0,0.0030502395663331017,1.049859558214838,-59.0369777091538,367.22122789607215,169.66666666666686,-327.8431015836998,163.9215507918499,309.6295959401651,163.9215507918499,-1302.9456771197954,651.4728385598977,1230.5598061687162,651.4728385598977
137.0,-68.5,-129.38888888888872,-68.5,0.0,4.8328189700977395,1.0,3.0,0.003014138241491715,1.0528736964563297,-54.645433642759855,369.0040640080058,170.6111111111113,-331.76978621428873,165.88489310714436,313.3381314246102,165.88489310714436,-1302.7553204214155,651.3776602107077,1230.3800248424616,651.3776602107077
136.0,-68.0,-128.44444444444426,-68.0,0.0,4.845596223155464,1.0,3.0,0.0029821564538136114,1.0558558529101432,-50.21631171375233,370.7276377334963,171.55555555555577,-335.3278124362748,167.6639062181374,316.6984895231527,167.6639062181374,-1193.1051496095015,596.5525748047507,1126.8215301867833,596.5525748047507
135.0,-67.5,-127.49999999999982,-67.5,0.0,4.8582956393173236,1.0,3.0,0.002976190476190521,1.0588320433863336,-45.75049814603709,372.3912393651312,172.50000000000017,-336.0000000000012,168.0000000000006,317.33333333333394,168.0000000000006,-225.8550214120604,112.9275107060302,213.30752022089186,112.9275107060302
134.0,-67.0,-126.55555555555537,-67.0,0.0,4.870916864047351,1.0,3.0,0.0029761904761904656,1.061808233862524,-41.24889196948098,373.9941734308403,173.44444444444463,-336.0000000000012,168.0000000000006,317.33333333333394,168.0000000000006,0.0,0.0,0.0,0.0
133.0,-66.5,-125.61111111111093,-66.5,0.0,4.883459546154703,1.0,3.0,0.0029761904761904656,1.0647844243387146,-36.712404781188155,375.5357589201151,174.38888888888908,-336.0000000000012,168.0000000000006,317.33333333333394,168.0000000000006,0.0,0.0,0.0,0.0
132.0,-66.0,-124.66666666666649,-66.0,0.0,4.895923337767121,1.0,3.0,0.0029761904761904656,1.067760614814905,-32.14196050282166,377.0153295061291,175.33333333333348,-336.0000000000012,168.0000000000006,317.33333333333394,168.0000000000006,0.0,0.0,0.0,0.0
131.0,-65.5,-123.72222222222204,-65.5,0.0,4.9083078943045075,1.0,3.0,0.0029761904761904656,1.0707368052910955,-27.538495134041835,378.4322337636902,176.27777777777794,-336.0000000000012,168.0000000000006,317.33333333333394,168.0000000000006,0.0,0.0,0.0,0.0
130.0,-65.0,-122.7777777777776,-65.0,0.0,4.920612874454271,1.0,3.0,0.002976190476190521,1.073712995767286,-22.90295650213309,379.7858353829581,177.2222222222224,-336.0000000000012,168.0000000000006,317.33333333333394,168.0000000000006,0.0,0.0,0.0,0.0
129.0,-64.5,-121.83333333333316,-64.5,0.0,4.932837940146054,1.0,3.0,0.0029761904761904656,1.0766891862434764,-18.236304007893718,381.07551337885934,178.16666666666686,-336.0000000000012,168.0000000000006,317.33333333333394,168.0000000000006,0.0,0.0,0.0,0.0
128.0,-64.0,-120.88888888888872,-64.0,0.0,4.944982756528508,1.0,3.0,0.0029761904761904656,1.079665376719667,-13.539508367862336,382.3006622961361,179.1111111111113,-336.0000000000012,168.0000000000006,317.33333333333394,168.0000000000006,0.0,0.0,0.0,0.0
127.0,-63.5,-119.94444444444427,-63.5,0.0,4.9570469919458295,1.0,3.0,0.0029761904761904656,1.0826415671958574,-8.813551352957543,383.46069240996485,180.0555555555557,-336.0000000000012,168.0000000000006,317.33333333333394,168.0000000000006,0.0,0.0,0.0,0.0
126.0,-63.0,-118.99999999999983,-63.0,0.0,4.969030317914796,1.0,3.0,0.0029761904761904656,1.0856177576720478,-4.059425523607952,384.5550299220814,181.00000000000017,-336.0000000000012,168.0000000000006,317.33333333333394,168.0000000000006,0.0,0.0,0.0,0.0
125.0,-62.5,-118.05555555555539,-62.5,0.0,4.980932409102488,1.0,3.0,0.0029761904761904656,1.0885939481482383,0.721866038549327,385.5831171523538,181.94444444444463,-336.0000000000012,168.0000000000006,317.33333333333394,168.0000000000006,0.0,0.0,0.0,0.0
124.0,-62.0,-117.11111111111094,-62.0,0.0,4.9927529433049935,1.0,3.0,0.002976190476190521,1.0915701386244288,5.529310002323291,386.5444127257401,182.88888888888903,-336.0000000000012,168.0000000000006,317.33333333333394,168.0000000000006,0.0,0.0,0.0,0.0
123.0,-61.5,-116.1666666666665,-61.5,0.0,5.004491601427161,1.0,3.0,0.0029761904761904656,1.0945463291006192,10.361883061896654,387.4383917545762,183.83333333333348,-336.0000000000012,168.0000000000006,317.33333333333394,168.0000000000006,0.0,0.0,0.0,0.0
122.0,-61.0,-115.22222222222206,-61.0,0.0,5.016148067460413,1.0,3.0,0.0029761904761904656,1.0975225195768097,15.21855221494325,388.2645460161342,184.77777777777794,-336.0000000000012,168.0000000000006,317.33333333333394,168.0000000000006,0.0,0.0,0.0,0.0
121.0,-60.5,-114.27777777777762,-60.5,0.0,5.027722028464275,1.0,3.0,0.0029761904761904656,1.1004987100530002,20.0982750438559,389.0223841253974,185.7222222222224,-336.0000000000012,168.0000000000006,317.33333333333394,168.0000000000006,0.0,0.0,0.0,0.0
120.0,-60.0,-113.33333333333317,-60.0,0.0,5.039213174546627,1.0,3.0,0.0029761904761904656,1.1034749005291906,24.999999999999993,389.71143170299746,186.66666666666686,-336.0000000000012,168.0000000000006,317.33333333333394,168.0000000000006,0.0,0.0,0.0,0.0
119.0,-59.5,-112.38888888888873,-59.5,0.0,5.0506211988442935,1.0,3.0,0.002976190476190521,1.106451091005381,29.922666690908606,390.3312315382607,187.61111111111126,-336.0000000000012,168.0000000000006,317.33333333333394,168.0000000000006,0.0,0.0,0.0,0.0
118.0,-59.0,-111.44444444444429,-59.0,0.0,5.061945797505533,1.0,3.0,0.0029761904761904656,1.1094272814815715,34.86520617033545,390.8813437473135,188.5555555555557,-336.0000000000012,168.0000000000006,317.33333333333394,168.0000000000006,0.0,0.0,0.0,0.0
117.0,-58.5,-110.49999999999984,-58.5,0.0,5.0731866696708545,1.0,3.0,0.0029761904761904656,1.112403471957762,39.82654123107782,391.36134592619663,189.50000000000017,-336.0000000000012,168.0000000000006,317.33333333333394,168.0000000000006,0.0,0.0,0.0,0.0
116.0,-58.0,-109.5555555555554,-58.0,0.0,5.084343517457221,1.0,3.0,0.0029761904761904656,1.1153796624339525,44.8055867004857,391.77083329894,190.44444444444457,-336.0000000000012,168.0000000000006,317.33333333333394,168.0000000000006,0.0,0.0,0.0,0.0
115.0,-57.5,-108.61111111111096,-57.5,0.0,5.095416045939344,1.0,3.0,0.0029761904761904656,1.118355852910143,49.801249738566064,392.1094188605515,191.38888888888903,-336.0000000000012,168.0000000000006,317.33333333333394,168.0000000000006,0.0,0.0,0.0,0.0
114.0,-57.0,-107.66666666666652,-57.0,0.0,5.106403963133926,1.0,3.0,0.0029761904761904656,1.1213320433863334,54.81243013859669,392.37673351487626,192.33333333333348,-336.0000000000012,168.0000000000006,317.33333333333394,168.0000000000006,0.0,0.0,0.0,0.0
113.0,-56.5,-106.72222222222207,-56.5,0.0,5.117306979983859,1.0,3.0,0.002976190476190521,1.1243082338625239,59.83802063015977,392.57242620728016,193.27777777777794,-336.0000000000012,168.0000000000006,317.33333333333394,168.0000000000006,0.0,0.0,0.0,0.0
112.0,-56.0,-105.77777777777763,-56.0,0.0,5.128124810341562,1.0,3.0,0.0029761904761904656,1.1272844243387143,64.87690718450425,392.696164052118,194.2222222222224,-336.0000000000012,168.0000000000006,317.33333333333394,168.0000000000006,0.0,0.0,0.0,0.0
111.0,-55.5,-104.83333333333319,-55.5,0.0,5.138857170954519,1.0,3.0,0.0029761904761904656,1.1302606148149048,69.9279693221481,392.7476324549443,195.1666666666668,-336.0000000000012,168.0000000000006,317.33333333333394,168.0000000000006,0.0,0.0,0.0,0.0
110.0,-55.0,-103.88888888888874,-55.0,0.0,5.149503781449797,1.0,3.0,0.0029761904761904656,1.1332368052910953,74.99008042262776,392.72653522942966,196.11111111111126,-336.0000000000012,168.0000000000006,317.33333333333394,168.0000000000006,0.0,0.0,0.0,0.0
109.0,-54.5,-102.9444444444443,-54.5,0.0,5.160064364319674,1.0,3.0,0.002976190476190521,1.1362129957672857,80.06210803630363,392.63259470894326,197.0555555555557,-336.0000000000012,168.0000000000006,317.33333333333394,168.0000000000006,0.0,0.0,0.0,0.0
108.0,-54.0,-101.99999999999986,-54.0,0.0,5.170538644907503,1.0,3.0,0.0029761904761904656,1.1391891862434762,85.1429141981288,392.46555185276765,198.0000000000001,-336.0000000000012,168.0000000000006,317.33333333333394,168.0000000000006,0.0,0.0,0.0,0.0
107.0,-53.5,-101.05555555555542,-53.5,0.0,5.180926351394078,1.0,3.0,0.0029761904761904656,1.1421653767196667,90.23135574328798,392.2251663469115,198.94444444444457,-336.0000000000012,168.0000000000006,317.33333333333394,168.0000000000006,0.0,0.0,0.0,0.0
106.0,-53.0,-100.11111111111097,-53.0,0.0,5.191227214783823,1.0,3.0,0.0029761904761904656,1.1451415671958571,95.32628462461226,391.91121669948706,199.88888888888903,-336.0000000000012,168.0000000000006,317.33333333333394,168.0000000000006,0.0,0.0,0.0,0.0
105.0,-52.5,-99.16666666666653,-52.5,0.0,5.201440968891766,1.0,3.0,0.0029761904761904656,1.1481177576720476,100.42654823167594,391.52350033062254,200.83333333333348,-336.0000000000012,168.0000000000006,317.33333333333394,168.0000000000006,0.0,0.0,0.0,0.0
104.0,-52.0,-98.22222222222209,-52.0,0.0,5.211567350331497,1.0,3.0,0.0029761904761904656,1.151093948148238,105.53098971148101,391.06183365687986,201.77777777777794,-336.0000000000012,168.0000000000006,317.33333333333394,168.0000000000006,0.0,0.0,0.0,0.0
103.0,-51.5,-97.27777777777764,-51.5,0.0,5.221606098501267,1.0,3.0,0.002976190476190521,1.1540701386244285,110.63844829063189,390.52605217015054,202.72222222222234,-336.0000000000012,168.0000000000006,317.33333333333394,168.0000000000006,0.0,0.0,0.0,0.0
102.0,-51.0,-96.3333333333332,-51.0,0.0,5.23155695557352,1.0,3.0,0.0029761904761904656,1.157046329100619,115.74775959890752,389.9160105110039,203.6666666666668,-336.0000000000012,168.0000000000006,317.33333333333394,168.0000000000006,0.0,0.0,0.0,0.0
101.0,-50.5,-95.38888888888876,-50.5,0.0,5.241419666481914,1.0,3.0,0.0029761904761904656,1.1600225195768095,120.85775599413199,389.2315825364629,204.61111111111126,-336.0000000000012,168.0000000000006,317.33333333333394,168.0000000000006,0.0,0.0,0.0,0.0
100.0,-50.0,-94.44444444444431,-50.0,0.0,5.251193978910695,1.0,3.0,0.0029761904761904656,1.162998710053,125.9672668882487,388.4726613821862,205.55555555555566,-336.0000000000012,168.0000000000006,317.33333333333394,168.0000000000006,0.0,0.0,0.0,0.0
99.0,-49.5,-93.49999999999987,-49.5,0.0,5.26087964328271,1.0,3.0,0.002976190476190521,1.1659749005291904,131.07511907449964,387.63915951903533,206.5000000000001,-336.0000000000012,168.0000000000006,317.33333333333394,168.0000000000006,0.0,0.0,0.0,0.0
98.0,-49.0,-92.55555555555543,-49.0,0.0,5.2704764127492725,1.0,3.0,0.0029761904761904656,1.1689510910053809,136.18013705561373,386.7310088040071,207.44444444444457,-336.0000000000012,168.0000000000006,317.33333333333394,168.0000000000006,0.0,0.0,0.0,0.0
97.0,-48.5,-91.61111111111099,-48.5,0.0,5.279984043178615,1.0,3.0,0.0029761904761904656,1.1719272814815713,141.28114337290484,385.74816052551495,208.38888888888903,-336.0000000000012,168.0000000000006,317.33333333333394,168.0000000000006,0.0,0.0,0.0,0.0
96.0,-48.0,-90.66666666666654,-48.0,0.0,5.2894022931469244,1.0,3.0,0.0029761904761904656,1.1749034719577618,146.37695893618383,384.6905854430033,209.33333333333348,-336.0000000000012,168.0000000000006,317.33333333333394,168.0000000000006,0.0,0.0,0.0,0.0
95.0,-47.5,-89.7222222222221,-47.5,0.0,5.298730923926896,1.0,3.0,0.0029761904761904656,1.1778796624339523,151.46640335438335,383.5582738208802,210.27777777777789,-336.0000000000012,168.0000000000006,317.33333333333394,168.0000000000006,0.0,0.0,0.0,0.0
94.0,-47.0,-88.77777777777766,-47.0,0.0,5.307969699478955,1.0,3.0,0.0029761904761904656,1.1808558529101427,156.5482952667995,382.3512354567575,211.22222222222234,-336.0000000000012,168.0000000000006,317.33333333333394,168.0000000000006,0.0,0.0,0.0,0.0
93.0,-46.5,-87.83333333333321,-46.5,0.0,5.317118386440868,1.0,3.0,0.0029761904761904656,1.1838320433863332,161.6214526748497,381.0694997039867,212.1666666666668,-336.0000000000012,168.0000000000006,317.33333333333394,168.0000000000006,0.0,0.0,0.0,0.0
92.0,-46.0,-86.88888888888877,-46.0,0.0,5.326176754119209,1.0,3.0,0.002976190476190521,1.1868082338625237,166.6846932742492,379.71311548848195,213.1111111111112,-336.0000000000012,168.0000000000006,317.33333333333394,168.0000000000006,0.0,0.0,0.0,0.0
91.0,-45.5,-85.94444444444433,-45.5,0.0,5.335144574479543,1.0,3.0,0.0029761904761904656,1.1897844243387141,171.736834787506,378.2821513198237,214.05555555555566,-336.0000000000012,168.0000000000006,317.33333333333394,168.0000000000006,0.0,0.0,0.0,0.0
90.0,-45.0,-84.99999999999989,-45.0,0.0,5.344021622138884,1.0,3.0,0.0029761904761904656,1.1927606148149046,176.77669529663686,376.77669529663694,215.0000000000001,-336.0000000000012,168.0000000000006,317.33333333333394,168.0000000000006,0.0,0.0,0.0,0.0
89.0,-44.5,-84.05555555555544,-44.5,0.0,5.352807674355321,1.0,3.0,0.002976190476190521,1.195736805291095,181.80309357600203,375.19685510624106,215.94444444444457,-336.0000000000012,168.0000000000006,317.33333333333394,168.0000000000006,0.0,0.0,0.0,0.0
88.0,-44.0,-83.111111111111,-44.0,0.0,5.361502511021314,1.0,3.0,0.0029761904761904656,1.1987129957672855,186.814849425163,373.5427580185686,216.88888888888903,-336.0000000000012,168.0000000000006,317.33333333333394,168.0000000000006,0.0,0.0,0.0,0.0
87.0,-43.5,-82.16666666666656,-43.5,0.0,5.3701059146541485,1.0,3.0,0.0029761904761904656,1.201689186243476,191.81078400166066,371.8145508743533,217.83333333333343,-336.0000000000012,168.0000000000006,317.33333333333394,168.0000000000006,0.0,0.0,0.0,0.0
86.0,-43.0,-81.22222222222211,-43.0,0.0,5.378617670389476,1.0,3.0,0.0029761904761904656,1.2046653767196664,196.78972015361768,370.0124000675895,218.77777777777789,-336.0000000000012,168.0000000000006,317.33333333333394,168.0000000000006,0.0,0.0,0.0,0.0
85.0,-42.5,-80.27777777777767,-42.5,0.0,5.38703756597224,1.0,3.0,0.0029761904761904656,1.207641567195857,201.7504827520626,368.1364915222643,219.72222222222234,-336.0000000000012,168.0000000000006,317.33333333333394,168.0000000000006,0.0,0.0,0.0,0.0
84.0,-42.0,-79.33333333333323,-42.0,0.0,5.3953653917502775,1.0,3.0,0.0029761904761904656,1.2106177576720474,206.6918990228792,366.1870306633693,220.66666666666674,-336.0000000000012,168.0000000000006,317.33333333333394,168.0000000000006,0.0,0.0,0.0,0.0
83.0,-41.5,-78.38888888888879,-41.5,0.0,5.403600940665979,1.0,3.0,0.0029761904761904656,1.2135939481482378,211.61279887828,364.1642423821988,221.6111111111112,-336.0000000000012,168.0000000000006,317.33333333333394,168.0000000000006,0.0,0.0,0.0,0.0
82.0,-41.0,-77.44444444444434,-41.0,0.0,5.411744008249968,1.0,3.0,0.0029761904761904656,1.2165701386244283,216.51201524770613,362.06837099594094,222.55555555555566,-336.0000000000012,168.0000000000006,317.33333333333394,168.0000000000006,0.0,0.0,0.0,0.0
81.0,-40.5,-76.4999999999999,-40.5,0.0,5.419794392613712,1.0,3.0,0.002976190476190521,1.2195463291006188,221.38838440805392,359.8996802015735,223.5000000000001,-336.0000000000012,168.0000000000006,317.33333333333394,168.0000000000006,0.0,0.0,0.0,0.0
80.0,-40.0,-75.55555555555546,-40.0,0.0,5.4277518944432614,1.0,3.0,0.0029761904761904656,1.2225225195768092,226.24074631313056,357.65845302407644,224.44444444444454,-336.0000000000012,168.0000000000006,317.33333333333394,168.0000000000006,0.0,0.0,0.0,0.0
79.0,-39.5,-74.61111111111101,-39.5,0.0,5.4356163169920135,1.0,3.0,0.0029761904761904656,1.2254987100529997,231.06794492223895,355.3449917589739,225.38888888888897,-336.0000000000012,168.0000000000006,317.33333333333394,168.0000000000006,0.0,0.0,0.0,0.0
78.0,-39.0,-73.66666666666657,-39.0,0.0,5.443387466074972,1.0,3.0,0.002976190476190521,1.2284749005291902,235.8688285277946,352.9596179092205,226.33333333333343,-336.0000000000012,168.0000000000006,317.33333333333394,168.0000000000006,0.0,0.0,0.0,0.0
77.0,-38.5,-72.72222222222213,-38.5,0.0,5.451065150061748,1.0,3.0,0.0029761904761904656,1.2314510910053806,240.64225008187643,350.50267211645206,227.27777777777789,-336.0000000000012,168.0000000000006,317.33333333333394,168.0000000000006,0.0,0.0,0.0,0.0
76.0,-38.0,-71.77777777777769,-38.0,0.0,5.458649179871807,1.0,3.0,0.0029761904761904656,1.234427281481571,245.38706752161406,347.97451408661396,228.2222222222223,-336.0000000000012,168.0000000000006,317.33333333333394,168.0000000000006,0.0,0.0,0.0,0.0
75.0,-37.5,-70.83333333333324,-37.5,0.0,5.466139368966674,1.0,3.0,0.0029761904761904656,1.2374034719577616,250.10214409331292,345.3755225099939,229.16666666666674,-336.0000000000012,168.0000000000006,317.33333333333394,168.0000000000006,0.0,0.0,0.0,0.0
74.0,-37.0,-69.8888888888888,-37.0,0.0,5.47353553334629,1.0,3.0,0.0029761904761904656,1.240379662433952,254.78634867522302,342.70609497567597,230.1111111111112,-336.0000000000012,168.0000000000006,317.33333333333394,168.0000000000006,0.0,0.0,0.0,0.0
73.0,-36.5,-68.94444444444436,-36.5,0.0,5.480837491541842,1.0,3.0,0.0029761904761904656,1.2433558529101425,259.4385560988516,339.9666478804424,231.05555555555566,-336.0000000000012,168.0000000000006,317.33333333333394,168.0000000000006,0.0,0.0,0.0,0.0
72.0,-36.0,-67.99999999999991,-36.0,0.0,5.488045064610895,1.0,3.0,0.0029761904761904656,1.246332043386333,264.0576474687263,337.1576163321491,232.00000000000009,-336.0000000000012,168.0000000000006,317.33333333333394,168.0000000000006,0.0,0.0,0.0,0.0
71.0,-35.5,-67.05555555555547,-35.5,0.0,5.4951580761325545,1.0,3.0,0.0029761904761904656,1.2493082338625234,268.64251048051113,334.27945404759834,232.9444444444445,-336.0000000000012,168.0000000000006,317.33333333333394,168.0000000000006,0.0,0.0,0.0,0.0
70.0,-35.0,-66.11111111111103,-35.0,0.0,5.502176352201356,1.0,3.0,0.0029761904761904656,1.252284424338714,273.19203973738166,331.3326332449432,233.88888888888897,-336.0000000000012,168.0000000000006,317.33333333333394,168.0000000000006,0.0,0.0,0.0,0.0
69.0,-34.5,-65.16666666666659,-34.5,0.0,5.509099721423255,1.0,3.0,0.002976190476190521,1.2552606148149044,277.7051370645639,328.3176445306486,234.83333333333343,-336.0000000000012,168.0000000000006,317.33333333333394,168.0000000000006,0.0,0.0,0.0,0.0
68.0,-34.0,-64.22222222222214,-34.0,0.0,5.515928014910056,1.0,3.0,0.0029761904761904656,1.2582368052910948,282.1807118219428,325.23499678104423,235.77777777777786,-336.0000000000012,168.0000000000006,317.33333333333394,168.0000000000006,0.0,0.0,0.0,0.0
67.0,-33.5,-63.27777777777769,-33.5,0.0,5.52266106627507,1.0,3.0,0.0029761904761904656,1.2612129957672853,286.6176812146468,322.08521701850265,236.7222222222223,-336.0000000000012,168.0000000000006,317.3333333333363,168.0000000000006,0.0,0.0,8.021743269637256e-10,0.0
66.0,-33.0,-62.33333333333324,-33.0,0.0,5.529298711628214,1.0,3.0,0.002976190476190521,1.2641891862434758,291.014970601516,318.868850282277,237.66666666666674,-336.0000000000012,168.0000000000006,317.3333333333363,168.0000000000006,0.0,0.0,0.0,0.0
65.0,-32.5,-61.38888888888879,-32.5,0.0,5.535840789572056,1.0,3.0,0.0029761904761904656,1.2671653767196662,295.3715138013613,315.586459494036,238.6111111111112,-336.0000000000012,168.0000000000006,317.3333333333363,168.0000000000006,0.0,0.0,0.0,0.0
64.0,-32.0,-60.44444444444434,-32.0,0.0,5.542287141196604,1.0,3.0,0.0029761904761904656,1.2701415671958567,299.6862533969219,312.2386253181347,239.55555555555566,-336.0000000000012,168.0000000000006,317.3333333333363,168.0000000000006,0.0,0.0,0.0,0.0
63.0,-31.5,-59.49999999999989,-31.5,0.0,5.548637610076215,1.0,3.0,0.0029761904761904656,1.2731177576720472,303.9581410364323,308.8259460166608,240.5000000000001,-336.0000000000012,168.0000000000006,317.3333333333363,168.0000000000006,0.0,0.0,0.0,0.0
62.0,-31.0,-58.55555555555544,-31.0,0.0,5.554892042264308,1.0,3.0,0.0029761904761904656,1.2760939481482376,308.1861377327062,305.34903729929897,241.44444444444457,-336.0000000000012,168.0000000000006,317.3333333333363,168.0000000000006,0.0,0.0,0.0,0.0
61.0,-30.5,-57.61111111111099,-30.5,0.0,5.561050286290201,1.0,3.0,0.0029761904761904656,1.279070138624428,312.36921415964883,301.80853216805525,242.388888888889,-336.0000000000012,168.0000000000006,317.3333333333363,168.0000000000006,0.0,0.0,0.0,0.0
60.0,-30.0,-56.66666666666654,-30.0,0.0,5.5671121931549346,1.0,3.0,0.0029761904761904656,1.2820463291006186,316.50635094610965,298.20508075688775,243.33333333333346,-336.0000000000012,168.0000000000006,317.3333333333363,168.0000000000006,0.0,0.0,0.0,0.0
59.0,-29.5,-55.72222222222209,-29.5,0.0,5.573077616327372,1.0,3.0,0.0029761904761904656,1.285022519576809,320.5965389669857,294.5393501662893,244.2777777777779,-336.0000000000012,168.0000000000006,317.3333333333363,168.0000000000006,0.0,0.0,0.0,0.0
58.0,-29.0,-54.777777777777644,-29.0,0.0,5.578946411740973,1.0,3.0,0.002976190476190521,1.2879987100529995,324.63877963148985,290.8120242928695,245.22222222222234,-336.0000000000012,168.0000000000006,317.3333333333363,168.0000000000006,0.0,0.0,0.0,0.0
57.0,-28.5,-53.833333333333194,-28.5,0.0,5.584718437789723,1.0,3.0,0.0029761904761904656,1.29097490052919,328.6320851684968,287.02380365398693,246.1666666666668,-336.0000000000012,168.0000000000006,317.3333333333363,168.0000000000006,0.0,0.0,0.0,0.0
56.0,-28.0,-52.888888888888744,-28.0,0.0,5.5903935553243915,1.0,3.0,0.0029761904761904656,1.2939510910053804,332.5754789088811,283.1754052074811,247.11111111111126,-336.0000000000012,168.0000000000006,317.3333333333363,168.0000000000006,0.0,0.0,0.0,0.0
55.0,-27.5,-51.944444444444294,-27.5,0.0,5.595971627650731,1.0,3.0,0.002976190476190521,1.2969272814815709,336.4679955647646,279.2675621665569,248.0555555555557,-336.0000000000012,168.0000000000006,317.3333333333363,168.0000000000006,0.0,0.0,0.0,0.0
54.0,-27.0,-50.999999999999844,-27.0,0.0,5.601452520524326,1.0,3.0,0.0029761904761904656,1.2999034719577613,340.30868150558655,275.30102380987626,249.00000000000017,-336.0000000000012,168.0000000000006,317.3333333333363,168.0000000000006,0.0,0.0,0.0,0.0
53.0,-26.5,-50.055555555555394,-26.5,0.0,5.606836102148445,1.0,3.0,0.0029761904761904656,1.3028796624339518,344.096595030916,271.2765552869108,249.9444444444446,-336.0000000000012,168.0000000000006,317.3333333333363,168.0000000000006,0.0,0.0,0.0,0.0
52.0,-26.0,-49.111111111110944,-26.0,0.0,5.612122243170502,1.0,3.0,0.0029761904761904656,1.3058558529101423,347.8308066399234,267.19493741861385,250.88888888888906,-336.0000000000012,168.0000000000006,317.3333333333363,168.0000000000006,0.0,0.0,0.0,0.0
51.0,-25.5,-48.166666666666494,-25.5,0.0,5.617310816679994,1.0,3.0,0.0029761904761904656,1.3088320433863327,351.5103992974326,263.056966493468,251.8333333333335,-336.0000000000012,168.0000000000006,317.3333333333363,168.0000000000006,0.0,0.0,0.0,0.0
50.0,-25.0,-47.222222222222044,-25.0,0.0,5.622401698204194,1.0,3.0,0.0029761904761904656,1.3118082338625232,355.13446869647044,258.8634540589705,252.77777777777794,-336.0000000000012,168.0000000000006,317.3333333333363,168.0000000000006,0.0,0.0,0.0,0.0
49.0,-24.5,-46.277777777777594,-24.5,0.0,5.627394765706242,1.0,3.0,0.0029761904761904656,1.3147844243387137,358.7021235172373,254.61522670861422,253.7222222222224,-336.0000000000012,168.0000000000006,317.3333333333363,168.0000000000006,0.0,0.0,0.0,0.0
48.0,-24.0,-45.333333333333144,-24.0,0.0,5.632289899582695,1.0,3.0,0.0029761904761904656,1.3177606148149041,362.21248568242186,250.3131258644289,254.66666666666686,-336.0000000000012,168.0000000000006,317.3333333333363,168.0000000000006,0.0,0.0,0.0,0.0
47.0,-23.5,-44.388888888888694,-23.5,0.0,5.637086982659744,1.0,3.0,0.0029761904761904656,1.3207368052910946,365.6646906087807,245.9580075551457,255.6111111111113,-336.0000000000012,168.0000000000006,317.3333333333363,168.0000000000006,0.0,0.0,0.0,0.0
46.0,-23.0,-43.444444444444244,-23.0,0.0,5.641785900191913,1.0,3.0,0.0029761904761904656,1.323712995767285,369.0578874549095,241.5507421900487,256.55555555555577,-336.0000000000012,168.0000000000006,317.3333333333363,168.0000000000006,0.0,0.0,0.0,0.0
45.0,-22.5,-42.499999999999794,-22.5,0.0,5.646386539858483,1.0,3.0,0.0029761904761904656,1.3266891862434755,372.3912393651312,237.09221432858203,257.5000000000002,-336.0000000000012,168.0000000000006,317.3333333333363,168.0000000000006,0.0,0.0,0.0,0.0
44.0,-22.0,-41.555555555555344,-22.0,0.0,5.6508887917620605,1.0,3.0,0.0029761904761905766,1.329665376719666,375.6639237094271,232.5833224457775,258.4444444444447,-336.0000000000012,168.0000000000006,317.3333333333363,168.0000000000006,0.0,0.0,0.0,0.0
43.0,-21.5,-40.611111111110894,-21.5,0.0,5.6552925484252805,1.0,3.0,0.0029821564538135004,1.3326475331734795,378.87513231934025,228.02497869357407,259.38888888888914,-335.3278124362748,167.6639062181374,316.69848952315033,167.6639062181374,225.40318529123203,-112.70159264561602,-212.88078610838053,-112.70159264561602
42.0,-21.0,-39.666666666666444,-21.0,0.0,5.659597704789436,1.0,3.0,0.0030141382414917706,1.3356616714149712,382.02407171977933,223.4181086580968,260.33333333333354,-331.76978621428873,165.88489310714436,313.3381314246078,165.88489310714436,1180.4455990131607,-590.2227995065804,-1114.8652879569054,-590.2227995065804
41.0,-20.5,-38.722222222221994,-20.5,0.0,5.663804158211746,1.0,3.0,0.0030502395663331017,1.3387119109813042,385.1099633566538,218.76365111296838,261.277777777778,-327.8431015837237,163.92155079186185,309.6295959401853,163.92155079186185,1287.3364682255792,-643.6682341127896,-1215.817775546369,-643.6682341127896
40.0,-20.0,-37.777777777777544,-20.0,0.0,5.667911808463311,1.0,3.0,0.003087670019992217,1.3417995810012964,388.1320438202727,214.06255776872507,262.22222222222246,-323.8688051265662,161.9344025632831,305.87609373064765,161.9344025632831,1287.1506447983425,-643.5753223991712,-1215.6422756428872,-643.5753223991712
39.0,-19.5,-36.833333333333094,-19.5,0.0,5.671920557727054,1.0,3.0,0.0031265132179373323,1.3449260942192338,391.0895650644388,209.31579301841026,263.1666666666669,-319.8451214799913,159.92256073999565,302.07594806443797,159.92256073999565,1286.955584735806,-643.477792367903,-1215.4580522504998,-643.477792367903
38.0,-19.0,-35.888888888888644,-19.0,0.0,5.675830310596117,1.0,3.0,0.003166860330712118,1.348092954549946,393.98179462117366,204.52433367942086,264.11111111111137,-315.7701621072437,157.88508105362186,298.2273753235097,157.88508105362186,1286.7505817129327,-643.3752908564663,-1215.2644382844364,-643.3752908564663
37.0,-18.5,-34.944444444444194,-18.5,0.0,5.67964097407119,1.0,3.0,0.0032088109849518487,1.351301765534898,396.80801581100843,199.68916873168274,265.05555555555577,-311.64191493035895,155.82095746517948,294.3284752120074,155.82095746517948,1286.534855510218,-643.267427755109,-1215.0606968707714,-643.267427755109
36.0,-18.0,-33.999999999999744,-18.0,0.0,5.6833524575595336,1.0,3.0,0.003252474299320962,1.354554239834219,399.56752794877787,194.81129905223156,266.0000000000002,-307.4582327087952,153.7291163543976,290.3772197805305,153.7291163543976,1286.3075420571945,-643.1537710285972,-1214.8460119429185,-643.1537710285972
35.0,-17.5,-33.055555555555294,-17.5,0.0,5.6869646728726,1.0,3.0,0.003297970079919166,1.3578522099141381,402.2596465448551,189.89173714627753,266.9444444444447,-303.21681997324555,151.60840998662277,286.3714410858447,151.60840998662277,1286.067681867392,-643.033840933696,-1214.6194773191987,-643.033840933696
34.0,-17.0,-32.111111111110844,-17.0,0.0,5.690477534224125,1.0,3.0,0.0033454302050088813,1.361197640119147,404.88370350176723,184.93150687483362,267.88888888888914,-298.9152182887478,149.4576091443739,282.30881727270787,149.4576091443739,1285.8142065128957,-642.9071032564478,-1214.3800839288629,-642.9071032564478
33.0,-16.5,-31.166666666666398,-16.5,0.0,5.693890958229422,1.0,3.0,0.0033950002355487285,1.3645926403546957,407.4390473061331,179.93164317898612,268.8333333333336,-294.55078957847894,147.27539478923947,278.18685682411956,147.27539478923947,1285.5459226686692,-642.7729613343346,-1214.1267047429483,-642.7729613343346
32.0,-16.0,-30.22222222222195,-16.0,0.0,5.697204863902608,1.0,3.0,0.0034468412963896133,1.3680394816510852,409.9250432158649,174.89319180089083,269.77777777777806,-290.1206971865749,145.06034859328744,274.00288067621017,145.06034859328744,1285.2614933401453,-642.6307466700727,-1213.8580770434723,-642.6307466700727
31.0,-15.5,-29.277777777777505,-15.5,0.0,5.700419172655928,1.0,3.0,0.0035011322835905023,1.3715406139346757,412.3410734425782,169.81720900157512,270.7222222222225,-285.62188429352176,142.81094214676088,269.7540018327711,142.81094214676088,1284.959415597824,-642.479707798912,-1213.5727813979433,-642.479707798912
30.0,-15.0,-28.33333333333306,-15.0,0.0,5.703533808297816,1.0,3.0,0.003558072466848361,1.375098686401524,414.6865373291548,164.70476127563023,271.66666666666697,-281.0510492176127,140.52552460880634,265.43710203885695,140.52552460880634,1284.6379938849152,-642.3189969424576,-1213.2692164468706,-642.3189969424576
29.0,-14.5,-27.388888888888612,-14.5,0.0,5.706548697031449,1.0,3.0,0.003617884573458241,1.3787165709749822,416.9608515224061,159.5569250628778,272.6111111111114,-276.40461703401616,138.20230851700808,261.0488049765714,138.20230851700808,1284.2953082815227,-642.1476541407613,-1212.945568932542,-642.1476541407613
28.0,-14.0,-26.444444444444166,-14.0,0.0,5.709463767453797,1.0,3.0,0.003680818462779789,1.3823973894377621,419.16345014078456,154.37478645709515,273.5555555555558,-271.67870681803754,135.83935340901877,256.5854453281471,135.83935340901877,1283.9291760152225,-641.9645880076113,-1212.599777347717,-641.9645880076113
27.0,-13.5,-25.49999999999972,-13.5,0.0,5.712278950553696,1.0,3.0,0.003747155529676194,1.3861445449674383,421.2937849370927,149.15944091188575,274.5000000000003,-266.8690936579336,133.4345468289668,252.04303289916004,133.4345468289668,1283.5371048822074,-641.7685524411037,-1212.2294879443102,-641.7685524411037
26.0,-13.0,-24.555555555555273,-13.0,0.0,5.714994179711037,1.0,3.0,0.0038172140142730404,1.3899617589817113,423.35132545614226,143.9119929437818,275.44444444444474,-261.9711643782361,130.98558218911805,247.41721080166792,130.98558218911805,1283.116236444611,-641.5581182223056,-1211.8320010865846,-641.5581182223056
25.0,-12.5,-23.611111111110826,-12.5,0.0,5.717609390695301,1.0,3.0,0.0038913554471005085,1.3938531144288118,425.3355591873133,138.63355583266565,276.38888888888914,-256.9798656519828,128.4899328259914,242.70320644909535,128.4899328259914,1282.6632761014907,-641.3316380507454,-1211.4042052069617,-641.3316380507454
24.0,-12.0,-22.66666666666638,-12.0,0.0,5.720124521664549,1.0,3.0,0.003969992528208954,1.3978231069570208,427.24599171197156,133.32525131959991,277.3333333333336,-251.88964283797227,125.94482141898614,237.89577379141875,125.94482141898614,1282.1744065868036,-641.0872032934018,-1210.9424951097626,-641.0872032934018
23.0,-11.5,-21.722222222221934,-11.5,0.0,5.722539513164152,1.0,3.0,0.004053598833293481,1.4018767057903143,429.08214684569555,127.9882093021541,278.27777777777806,-246.69436743140088,123.34718371570044,232.98912479632352,123.34718371570044,1281.6451800560449,-640.8225900280224,-1210.4426700529352,-640.8225900280224
22.0,-11.0,-20.777777777777487,-11.0,0.0,5.7248543081257335,1.0,3.0,0.004142720869658834,1.4060194266599733,430.8435667752735,122.62356752731867,279.2222222222225,-241.38725042373574,120.69362521186787,227.97684762241758,120.69362521186787,1281.0703821573325,-640.5351910786662,-1209.8998053708083,-640.5351910786662
21.0,-10.5,-19.83333333333304,-10.5,0.0,5.727068851866401,1.0,3.0,0.0042379931855042186,1.4102574198454776,432.52981219042897,117.23247128209698,280.16666666666697,-235.96073807301275,117.98036903650637,222.85180818006805,117.98036903650637,1280.4438594389155,-640.2219297194578,-1209.3080894700972,-640.2219297194578
20.0,-10.0,-18.888888888888594,-10.0,0.0,5.729183092087411,1.0,3.0,0.0043401574908005225,1.414597577336278,434.1404624102337,111.81607308186638,281.1111111111114,-230.40638551012123,115.20319275506061,217.6060307595594,115.20319275506061,1279.7582978647142,-639.8791489323571,-1208.6606146500073,-639.8791489323571
19.0,-9.5,-17.944444444444148,-9.5,0.0,5.731196978873383,1.0,3.0,0.0044500871127900465,1.4190476644490682,435.67511550417123,106.3755323566008,282.0555555555559,-224.71470212928273,112.35735106464136,212.23055201098967,112.35735106464136,1279.0049355393119,-639.5024677696559,-1207.949105787134,-639.5024677696559
18.0,-9.0,-16.9999999999997,-9.0,0.0,5.733110464691587,1.0,3.0,0.004568818639690164,1.4236164830887583,437.1333884078151,100.91201513504724,283.0000000000003,-218.8749606545589,109.43748032727945,206.71524061819494,109.43748032727945,1278.1731855129756,-639.0865927564878,-1207.1635640955867,-639.0865927564878
17.0,-8.5,-16.055555555555255,-8.5,0.0,5.73492350439086,1.0,3.0,0.004697593391609356,1.4283140764803677,438.51491703308625,95.42669372695006,283.94444444444474,-212.87495886428954,106.43747943214477,201.04857226071832,106.43747943214477,1277.2501342892517,-638.6250671446259,-1206.2917934954075,-638.6250671446259
16.0,-8.0,-15.111111111110809,-8.0,0.0,5.736636055201075,1.0,3.0,0.004837912543037337,1.433151989023405,439.8193563730564,89.92074640341625,284.8888888888892,-206.70071877160893,103.35035938580447,195.21734550651996,103.35035938580447,1276.2198650255666,-638.1099325127833,-1205.318761413036,-638.1099325127833
15.0,-7.5,-14.166666666666362,-7.5,0.0,5.738248076731932,1.0,3.0,0.004991611548819552,1.4381436005722246,441.04638060126626,84.3953570755171,285.8333333333336,-200.336101922131,100.1680509610655,189.20631848201302,100.1680509610655,1275.062529852322,-637.531264926161,-1204.225722638307,-637.531264926161
14.0,-7.0,-13.222222222221916,-7.0,0.0,5.739759530972962,1.0,3.0,0.0051609624107907814,1.4433045629830152,442.1956831655298,78.85171497122047,286.77777777777806,-193.76231028328647,96.88115514164323,182.99773748977094,96.88115514164323,1273.7530552634698,-636.8765276317349,-1202.9889966377239,-636.8765276317349
13.0,-6.5,-12.27777777777747,-6.5,0.0,5.741170382292295,1.0,3.0,0.005348816999927508,1.4486533799829426,443.2669768761939,73.29101431074973,287.7222222222225,-186.9572281148474,93.4786140574237,176.57071544180067,93.4786140574237,1272.2592993051437,-636.1296496525719,-1201.5782271215312,-636.1296496525719
12.0,-6.0,-11.333333333333023,-6.0,0.0,5.74248059743621,1.0,3.0,0.005558812462608476,1.454212192445551,444.2599939888295,67.71445398046528,288.66666666666697,-179.89453803785088,89.94726901892544,169.90039703574843,89.94726901892544,1270.539368705802,-635.269684352901,-1199.9538482221426,-635.269684352901
11.0,-5.5,-10.388888888888577,-5.5,0.0,5.743690145528642,1.0,3.0,0.005795673242730448,1.4600078656882816,445.1744862813275,62.12323720536502,289.6111111111114,-172.5425085436462,86.2712542718231,162.95681362455508,86.2712542718231,1268.5376118169509,-634.2688059084754,-1198.0633000493476,-634.2688059084754
10.0,-5.0,-9.44444444444413,-5.0,0.0,5.744798998070717,1.0,3.0,0.006065668513255074,1.4660735342015365,446.010225125378,56.51857122030066,290.5555555555559,-164.86228975664537,82.43114487832268,155.7032736590543,82.43114487832268,1266.1784550569616,-633.0892275284808,-1195.8352075537969,-633.0892275284808
9.0,-4.5,-8.499999999999684,-4.5,0.0,5.745807128939965,1.0,3.0,0.006377329416461075,1.4724508636179976,446.7670015523096,50.901666940007466,291.50000000000034,-156.80544859715317,78.40272429857659,148.09403478620055,78.40272429857659,1263.3565922901812,-631.6782961450906,-1193.1701149407288,-631.6782961450906
8.0,-4.0,-7.555555555555237,-4.0,0.0,5.746714514390245,1.0,3.0,0.00674262090843325,1.479193484526431,447.4446263132701,45.27373862804446,292.4444444444448,-148.31028076178,74.15514038089,140.0708207194592,74.15514038089,1259.9207267826373,-629.9603633913187,-1189.925130850274,-629.9603633913187
7.0,-3.5,-6.611111111110791,-3.5,0.0,5.7475211330510785,1.0,3.0,0.007178953893338336,1.4863724384197692,448.0429299337311,39.63600356474377,293.3888888888892,-139.29606107763962,69.64803053881981,131.557391017771,69.64803053881981,1255.6452956892804,-627.8226478446402,-1185.8872237065482,-627.8226478446402
6.0,-3.0,-5.6666666666663446,-3.0,0.0,5.748226965927454,1.0,3.0,0.0077128587596294595,1.4940852971793985,448.56176276229814,33.98968171426671,294.33333333333366,-129.65361238483982,64.82680619241991,122.45063391901564,64.82680619241991,1250.178305256971,-625.0891526284855,-1180.7239549649169,-625.0891526284855
5.0,-2.5,-4.722222222221898,-2.5,0.0,5.748831996399354,1.0,3.0,0.008387235189628472,1.5024725323690271,449.00099501381357,28.335995390865694,295.2777777777781,-119.22880155269421,59.614400776347104,112.60497924421144,59.614400776347104,1242.937701930266,-621.468850965133,-1173.885607378587,-621.468850965133
4.0,-2.0,-3.7777777777774517,-2.0,0.0,5.74933621022162,1.0,3.0,0.009277205843563507,1.5117497382125906,449.36051680673876,22.676168924450362,296.2222222222225,-107.79107598370219,53.89553799185109,101.80268287349672,53.89553799185109,1232.8847458879525,-616.4423729439762,-1164.39114889418,-616.4423729439762
3.0,-1.5,-2.8333333333330053,-1.5,0.0,5.749739595523664,1.0,3.0,0.010530101711073048,1.5222798399236637,449.64023819480406,17.011428325557112,297.16666666666697,-94.96584434207684,47.48292217103842,89.68996410085053,47.48292217103842,1217.9589517296715,-608.9794758648358,-1150.29456552247,-608.9794758648358
2.0,-1.0,-1.8888888888885589,-1.0,0.0,5.750042142809201,1.0,3.0,0.012490646040439923,1.5347704859641036,449.84008919291693,11.34300094982113,298.1111111111114,-80.05991017297131,40.02995508648566,75.61213738558418,40.02995508648566,1193.3677506228116,-596.6838753114058,-1127.0695422548802,-596.6838753114058
1.0,-0.5,-0.9444444444441124,-0.5,0.0,5.750243844956191,1.0,3.0,0.016278126843079832,1.5510486128071834,449.9600197973211,5.672115162050245,299.0555555555559,-61.432129730892264,30.716064865446132,58.01923363473171,30.716064865446132,1144.344224716378,-572.172112358189,-1080.7695455654698,-572.172112358189
0.0,0.0,3.341771304121721e-13,0.0,0.0,5.7503446972166685,1.0,3.0,0.039298871648880906,1.5903474844560643,450.0,5.878304635907296e-14,300.00000000000034,-25.446023207347647,12.723011603673823,24.03235525138394,12.723011603673823,915.7033017402009,-457.85165087010046,-864.8308960879694,-457.85165087010046
