J1_Position,J2_Position,J3_Position,J4_Position,Error,MM_Step,Deg_step,Move_ID,Time,Time_Total,X,Y,Z,J1_Velocity,J2_Velocity,J3_Velocity,J4_Velocity,J1_Acceleration,J2_Acceleration,J3_Acceleration,J4_Acceleration
0.0,0.0,0.0,0.0,0.0,0.0,0.0,1.0,0.0,0.0,450.0,5.878304635907296e-14,300.0,0.0,0.0,0.0,0.0,0.0,0.0,0.0,0.0
1.0,-0.5,-0.9444444444444444,-0.5,0.0,5.7503446972166685,1.0,2.0,0.0,0.0,449.9600197973211,5.672115162050245,299.05555555555554,0.0,0.0,0.0,0.0,0.0,0.0,0.0,0.0
2.0,-1.0,-1.8888888888888888,-1.0,0.0,5.750243844956191,1.0,2.0,0.07114329975719177,0.07114329975719177,449.84008919291693,11.34300094982113,298.1111111111111,14.056137449527162,-7.028068724763581,-13.275240924553431,-7.028068724763581,197.57499999999996,-98.78749999999998,-186.59861111111107,-98.78749999999998
3.0,-1.5,-2.833333333333333,-1.5,0.0,5.750042142809201,1.0,2.0,0.015989091754303325,0.0871323915114951,449.64023819480406,17.011428325557112,297.16666666666663,62.54263940482165,-31.271319702410825,-59.06804832677599,-31.271319702410825,3032.4738077911625,-1516.2369038955812,-2864.003040691653,-1516.2369038955812
4.0,-2.0,-3.7777777777777777,-2.0,0.0,5.749739595523654,1.0,2.0,0.01347942787710002,0.10061181938859512,449.36051680673876,22.676168924450362,296.22222222222223,74.18712493717064,-37.09356246858532,-70.06561799621673,-37.09356246858532,863.8709030174504,-431.9354515087252,-815.8780750720389,-431.9354515087252
5.0,-2.5,-4.722222222222222,-2.5,0.0,5.749336210221629,1.0,2.0,0.011875614357819891,0.11248743374641501,449.00099501381357,28.335995390865694,295.27777777777777,84.20616987629923,-42.103084938149614,-79.52804932761596,-42.103084938149614,843.6654001425383,-421.83270007126913,-796.7951001346199,-421.83270007126913
6.0,-3.0,-5.666666666666667,-3.0,0.0,5.748831996399345,1.0,2.0,0.010736376051143706,0.12322380979755872,448.56176276229814,33.98968171426671,294.33333333333337,93.14129788640122,-46.57064894320061,-87.96678133715673,-46.57064894320061,832.229419642037,-416.1147098210185,-785.9944518841462,-416.1147098210185
7.0,-3.5,-6.611111111111112,-3.5,0.0,5.748226965927454,1.0,2.0,0.009873116730425943,0.13309692652798466,448.0429299337311,39.63600356474377,293.3888888888889,101.28513895903855,-50.642569479519274,-95.65818679464753,-50.642569479519274,824.8500747023975,-412.42503735119874,-779.0250705522634,-412.42503735119874
8.0,-4.0,-7.555555555555556,-4.0,0.0,5.747521133051088,1.0,2.0,0.009189672986398889,0.14228659951438355,447.4446263132701,45.27373862804446,292.44444444444446,108.81780031564159,-54.408900157820796,-102.77236696477263,-54.408900157820796,819.6876393481798,-409.8438196740899,-774.1494371621698,-409.8438196740899
9.0,-4.5,-8.5,-4.5,0.0,5.746714514390245,1.0,2.0,0.008631129568509116,0.15091772908289267,446.7670015523096,50.901666940007466,291.5,115.85969044521404,-57.92984522260702,-109.4230409760354,-57.92984522260702,815.8712105614724,-407.9356052807362,-770.5450321969339,-407.9356052807362
10.0,-5.0,-9.444444444444445,-5.0,0.0,5.745807128939965,1.0,2.0,0.008163525317832432,0.1590812544007251,446.010225125378,56.51857122030066,290.55555555555554,122.49609832355107,-61.24804916177553,-115.69075952779825,-61.24804916177553,812.934071979961,-406.4670359899805,-767.7710679810876,-406.4670359899805
11.0,-5.5,-10.38888888888889,-5.5,0.0,5.744798998070717,1.0,2.0,0.007764572792762242,0.16684582719348734,445.1744862813275,62.12323720536502,289.6111111111111,128.79008629195303,-64.39504314597652,-121.63508149795568,-64.39504314597652,810.6032535710033,-405.30162678550164,-765.569739483728,-405.30162678550164
12.0,-6.0,-11.333333333333334,-6.0,0.0,5.743690145528642,1.0,2.0,0.00741895582950286,0.1742647830229902,444.2599939888295,67.71445398046528,288.66666666666663,134.7898576270415,-67.39492881352075,-127.30153220331698,-67.39492881352075,808.7083240513792,-404.3541620256896,-763.7800838262983,-404.3541620256896
13.0,-6.5,-12.277777777777779,-6.5,0.0,5.742480597436201,1.0,2.0,0.007115753838660643,0.18138053686165084,443.2669768761939,73.29101431074973,287.72222222222223,140.53324815241558,-70.26662407620779,-132.7258454772814,-70.26662407620779,807.1373259386284,-403.5686629693142,-762.296363386485,-403.5686629693142
14.0,-7.0,-13.222222222222223,-7.0,0.0,5.741170382292295,1.0,2.0,0.006846941744400453,0.1882274786060513,442.1956831655298,78.85171497122047,286.77777777777777,146.05060731206268,-73.02530365603134,-137.93668468361477,-73.02530365603134,805.8136560252307,-402.90682801261534,-761.0462306904941,-402.90682801261534
15.0,-7.5,-14.166666666666668,-7.5,0.0,5.739759530972953,1.0,2.0,0.006606471855777424,0.19483395046182872,441.04638060126626,84.3953570755171,285.83333333333337,151.3667236961723,-75.68336184808615,-142.9574612686072,-75.68336184808615,804.6831198502155,-402.34155992510773,-759.9785020807611,-402.34155992510773
16.0,-8.0,-15.111111111111112,-8.0,0.0,5.738248076731941,1.0,2.0,0.006389688315361519,0.20122363877719024,439.8193563730564,89.92074640341625,284.8888888888889,156.50215638779895,-78.25107819389947,-147.80759214403236,-78.25107819389947,803.7062902239688,-401.8531451119844,-759.0559407670792,-401.8531451119844
17.0,-8.5,-16.055555555555557,-8.5,0.0,5.736636055201075,1.0,2.0,0.006192940485182041,0.20741657926237228,438.51491703308625,95.42669372695006,283.94444444444446,161.47418215833298,-80.73709107916649,-152.50339426064784,-80.73709107916649,802.8537949671381,-401.42689748356906,-758.250806357854,-401.42689748356906
18.0,-9.0,-17.0,-9.0,0.0,5.73492350439086,1.0,2.0,0.006013320009203016,0.2134298992715753,437.1333884078151,100.91201513504724,283.0,166.29748599268981,-83.14874299634491,-157.05873677087345,-83.14874299634491,802.103301832443,-401.0516509162215,-757.5420072861486,-401.0516509162215
19.0,-9.5,-17.944444444444443,-9.5,0.0,5.733110464691596,1.0,2.0,0.00584847734875088,0.21927837662032618,435.67511550417123,106.3755323566008,282.05555555555554,170.98467521868412,-85.49233760934206,-161.4855265954236,-85.49233760934206,801.4375274951512,-400.7187637475756,-756.913220412084,-400.7187637475756
20.0,-10.0,-18.888888888888886,-10.0,0.0,5.731196978873383,1.0,2.0,0.0056964908725038454,0.22497486749283002,434.1404624102337,111.81607308186638,281.1111111111111,175.54666941131396,-87.77333470565698,-165.7940766662407,-87.77333470565698,800.8428863899246,-400.4214431949623,-756.3516149238213,-400.4214431949623
21.0,-10.5,-19.83333333333333,-10.5,0.0,5.7291830920874025,1.0,2.0,0.005555771584901337,0.23053063907773136,432.52981219042897,117.23247128209698,280.1666666666667,179.99300092135783,-89.99650046067892,-169.9933897590599,-89.99650046067892,800.3085515839898,-400.1542757919949,-755.8469653848781,-400.1542757919949
22.0,-11.0,-20.77777777777777,-11.0,0.0,5.727068851866401,1.0,2.0,0.0054249925646561725,0.23595563164238753,430.8435667752735,122.62356752731867,279.22222222222223,184.33204987505425,-92.16602493752713,-174.09138043755092,-92.16602493752713,799.8257881430703,-399.91289407153516,-755.3910221351133,-399.91289407153516
23.0,-11.5,-21.722222222222214,-11.5,0.0,5.7248543081257335,1.0,2.0,0.0053030358784476594,0.2412586675208352,429.08214684569555,127.9882093021541,278.27777777777777,188.5712303143472,-94.2856151571736,-178.0950508524387,-94.2856151571736,799.3874709619839,-399.69373548099196,-754.9770559085413,-399.69373548099196
24.0,-12.0,-22.666666666666657,-12.0,0.0,5.7225395131641426,1.0,2.0,0.005188952074282244,0.24644761959511743,427.24599171197156,133.32525131959991,277.33333333333337,192.71713935386924,-96.35856967693462,-182.01063161198732,-96.35856967693462,798.9877301180376,-399.4938650590188,-754.5995228892601,-399.4938650590188
25.0,-12.5,-23.6111111111111,-12.5,0.0,5.720124521664549,1.0,2.0,0.005081928876370351,0.2515295484714878,425.3355591873133,138.63355583266565,276.3888888888889,196.77567796151973,-98.38783898075987,-185.84369585254612,-98.38783898075987,798.6216860534277,-399.3108430267138,-754.2538146060152,-399.3108430267138
26.0,-13.0,-24.555555555555543,-13.0,0.0,5.717609390695311,1.0,2.0,0.004981266708771914,0.2565108151802597,423.35132545614226,143.9119929437818,275.44444444444446,200.7521496969876,-100.3760748484938,-189.59925249159906,-100.3760748484938,798.2852491044855,-399.14262455224275,-753.9360685986716,-399.14262455224275
27.0,-13.5,-25.499999999999986,-13.5,0.0,5.714994179711037,1.0,2.0,0.0048863593542256,0.2613971745344853,421.2937849370927,149.15944091188575,274.5,204.65134213578156,-102.32567106789078,-193.28182312823782,-102.32567106789078,797.9749658448753,-398.98748292243766,-753.6430232979415,-398.98748292243766
28.0,-14.0,-26.44444444444443,-14.0,0.0,5.712278950553696,1.0,2.0,0.004796678521484021,0.2661938530559693,419.16345014078456,154.37478645709515,273.55555555555554,208.47759455236846,-104.23879727618423,-196.89550596612543,-104.23879727618423,797.687899960223,-398.8439499801115,-753.3719055179852,-398.8439499801115
29.0,-14.5,-27.38888888888887,-14.5,0.0,5.709463767453797,1.0,2.0,0.004711761420648386,0.2709056144766177,416.9608515224061,159.5569250628778,272.61111111111114,212.2348545955007,-106.11742729775035,-200.44402934019476,-106.11742729775035,797.4215389316574,-398.7107694658287,-753.1203423243404,-398.7107694658287
30.0,-15.0,-28.333333333333314,-15.0,0.0,5.706548697031449,1.0,2.0,0.00463120067722822,0.2755368151538459,414.6865373291548,164.70476127563023,271.6666666666667,215.92672606847634,-107.96336303423817,-203.93079684244955,-107.96336303423817,797.1737202252322,-398.5868601126161,-752.8862913238362,-398.5868601126161
31.0,-15.5,-29.277777777777757,-15.5,0.0,5.703533808297816,1.0,2.0,0.004554636081809338,0.28009145123565526,412.3410734425782,169.81720900157512,270.72222222222223,219.55650946381385,-109.77825473190693,-207.35892560471274,-109.77825473190693,796.9425723900148,-398.4712861950074,-752.6679850350096,-398.4712861950074
32.0,-16.0,-30.2222222222222,-16.0,0.0,5.700419172655918,1.0,2.0,0.004481747793111834,0.2845731990287671,409.9250432158649,174.89319180089083,269.7777777777778,223.12723655198477,-111.56361827599238,-210.73127896576304,-111.56361827599238,796.726467664891,-398.3632338324455,-752.4638861279515,-398.3632338324455
33.0,-16.5,-31.166666666666643,-16.5,0.0,5.697204863902608,1.0,2.0,0.004412250701209985,0.2889854497299771,407.4390473061331,179.93164317898612,268.83333333333337,226.6417000570178,-113.3208500285089,-214.05049449829423,-113.3208500285089,796.5239835690326,-398.2619917845163,-752.2726511485283,-398.2619917845163
34.0,-17.0,-32.111111111111086,-17.0,0.0,5.693890958229422,1.0,2.0,0.004345889723903873,0.29333133945388096,404.88370350176723,184.93150687483362,267.8888888888889,230.10247924600102,-115.05123962300051,-217.31900817677837,-115.05123962300051,796.3338715080046,-398.1669357540023,-752.0931008686673,-398.1669357540023
35.0,-17.5,-33.05555555555553,-17.5,0.0,5.690477534224125,1.0,2.0,0.004282435858987854,0.2976137753128688,402.2596465448551,189.89173714627753,266.94444444444446,233.5119621000811,-116.75598105004055,-220.53907531674287,-116.75598105004055,796.155031002821,-398.0775155014105,-751.9241959471066,-398.0775155014105
36.0,-18.0,-33.99999999999997,-18.0,0.0,5.6869646728726,1.0,2.0,0.00422168285291652,0.30183545816578533,399.56752794877787,194.81129905223156,266.0,236.87236460909352,-118.43618230454676,-223.71278879747686,-118.43618230454676,795.9864883481052,-397.9932441740526,-751.765016773218,-397.9932441740526
37.0,-18.5,-34.944444444444414,-18.5,0.0,5.683352457559524,1.0,2.0,0.004163444375253844,0.3059989025410392,396.80801581100843,199.68916873168274,265.0555555555556,240.18574763329948,-120.09287381664974,-226.84209498700469,-120.09287381664974,795.8273788643917,-397.91368943219584,-751.6147467052521,-397.91368943219584
38.0,-19.0,-35.88888888888886,-19.0,0.0,5.6796409740712,1.0,2.0,0.004107551610581517,0.3101064541516207,393.98179462117366,204.52433367942086,264.11111111111114,243.45403169710323,-121.72701584855162,-229.92880771393044,-121.72701584855162,795.6769320644149,-397.83846603220746,-751.4726580608344,-397.83846603220746
39.0,-19.5,-36.8333333333333,-19.5,0.0,5.675830310596117,1.0,2.0,0.004053851196878122,0.3141603053484988,391.0895650644388,209.31579301841026,263.1666666666667,246.67901001647562,-123.33950500823781,-232.97462057111548,-123.33950500823781,795.5344591473768,-397.7672295736884,-751.3381003058589,-397.7672295736884
40.0,-20.0,-37.77777777777774,-20.0,0.0,5.671920557727045,1.0,2.0,0.004002203452951381,0.3181625088014502,388.1320438202727,214.06255776872507,262.2222222222223,249.86236001134853,-124.93118000567426,-235.98111778849542,-124.93118000567426,795.3993424610602,-397.6996712305301,-751.2104901021053,-397.6996712305301
41.0,-20.5,-38.722222222222186,-20.5,0.0,5.667911808463311,1.0,2.0,0.003952480848214646,0.32211498964966484,385.1099633566538,218.76365111296838,261.2777777777778,253.00565351295876,-126.50282675647938,-238.94978387334956,-126.50282675647938,795.2710265579329,-397.63551327896647,-751.0893028602771,-397.63551327896647
42.0,-21.0,-39.66666666666663,-21.0,0.0,5.663804158211746,1.0,2.0,0.0039045666765998854,0.3260195563262647,382.02407171977933,223.4181086580968,260.33333333333337,256.1103658423896,-128.0551829211948,-241.88201218447867,-128.0551829211948,795.1490105259171,-397.57450526295855,-750.9740654966882,-397.57450526295855
43.0,-21.5,-40.61111111111107,-21.5,0.0,5.659597704789446,1.0,2.0,0.0038583539031795677,0.3298779102294443,378.87513231934025,228.02497869357407,259.3888888888889,259.1778839094896,-129.5889419547448,-244.7791125811842,-129.5889419547448,795.0328414850974,-397.5164207425487,-750.8643502914808,-397.5164207425487
44.0,-22.0,-41.555555555555515,-22.0,0.0,5.6552925484252805,1.0,2.0,0.0038137441575303854,0.3336916543869747,375.6639237094271,232.5833224457775,258.44444444444446,262.209513458175,-131.1047567290875,-247.6423182660538,-131.1047567290875,794.9221089462334,-397.4610544731167,-750.7597695603382,-397.4610544731167
45.0,-22.5,-42.49999999999996,-22.5,0.0,5.650888791762051,1.0,2.0,0.003770646852270354,0.33746230123924503,372.3912393651312,237.09221432858203,257.50000000000006,265.20648556570274,-132.60324278285137,-250.47279192316324,-132.60324278285137,794.8164399758614,-397.4082199879307,-750.6599710882994,-397.4082199879307
46.0,-23.0,-43.4444444444444,-23.0,0.0,5.646386539858483,1.0,2.0,0.0037289784087813915,0.3411912796480264,369.0578874549095,241.5507421900487,256.5555555555556,268.1699624876064,-134.0849812438032,-253.2716312382945,-134.0849812438032,794.7154949798002,-397.3577474899001,-750.5646341475882,-397.3577474899001
47.0,-23.5,-44.38888888888884,-23.5,0.0,5.641785900191913,1.0,2.0,0.003688661575044161,0.3448799412230706,365.6646906087807,245.9580075551457,255.61111111111114,271.10104292721076,-135.55052146360538,-256.0398738756986,-135.55052146360538,794.6189640802812,-397.3094820401406,-750.473466075828,-397.3094820401406
48.0,-24.0,-45.333333333333286,-24.0,0.0,5.637086982659739,1.0,2.0,0.003649624822909814,0.3485295660459804,362.21248568242186,250.3131258644289,254.6666666666667,274.0007667973687,-137.00038339868436,-258.7785019752923,-137.00038339868436,794.5265639239175,-397.26328196195874,-750.386199261482,-397.26328196195874
49.0,-24.5,-46.27777777777773,-24.5,0.0,5.632289899582689,1.0,2.0,0.003611801814102533,0.35214136786008293,358.7021235172373,254.61522670861422,253.72222222222229,276.87011953297934,-138.43505976648967,-261.4884462255912,-138.43505976648967,794.4380348907932,-397.2190174453966,-750.3025885079714,-397.2190174453966
50.0,-25.0,-47.22222222222217,-25.0,0.0,5.627394765706242,1.0,2.0,0.0035751309258759134,0.35571649878595885,355.13446869647044,258.8634540589705,252.77777777777783,279.7100360051844,-139.8550180025922,-264.1705895604515,-139.8550180025922,794.353138692194,-397.176569346097,-750.2224087648437,-397.176569346097
51.0,-25.5,-48.166666666666615,-25.5,0.0,5.622401698204199,1.0,2.0,0.0035395548286071277,0.359256053614566,351.5103992974326,263.056966493468,251.83333333333337,282.52140408106527,-141.26070204053264,-266.8257705210056,-141.26070204053264,794.2716561865445,-397.13582809327227,-750.1454530650574,-397.13582809327227
52.0,-26.0,-49.11111111111106,-26.0,0.0,5.617310816679988,1.0,2.0,0.0035050201087357125,0.3627610737233017,347.8308066399234,267.19493741861385,250.88888888888894,285.3050678675586,-142.6525339337793,-269.45478631936044,-142.6525339337793,794.1933855259421,-397.09669276297103,-750.071530774508,-397.09669276297103
53.0,-26.5,-50.0555555555555,-26.5,0.0,5.612122243170497,1.0,2.0,0.003471476931406703,0.3662325506547084,344.096595030916,271.2765552869108,249.9444444444445,288.06183067297025,-144.03091533648512,-272.05839563558254,-144.03091533648512,794.1181404580343,-397.05907022901715,-750.0004659881398,-397.05907022901715
54.0,-27.0,-50.99999999999994,-27.0,0.0,5.606836102148449,1.0,2.0,0.0034388787379677765,0.36967142939267617,340.30868150558655,275.30102380987626,249.00000000000006,290.7924577157249,-145.39622885786244,-274.6373211759619,-145.39622885786244,794.0457488676417,-397.02287443382085,-749.9320961527718,-397.02287443382085
55.0,-27.5,-51.944444444444386,-27.5,0.0,5.601452520524326,1.0,2.0,0.0034087149768519676,0.37308014436952813,336.4679955647646,279.2675621665569,248.0555555555556,293.3656837813775,-146.68284189068876,-277.06759023796724,-146.68284189068876,754.896224274253,-377.4481121371265,-712.9575451479185,-377.4481121371265
56.0,-28.0,-52.88888888888883,-28.0,0.0,5.595971627650726,1.0,2.0,0.003401360544217691,0.3764815049137458,332.5754789088811,283.1754052074811,247.11111111111117,293.99999999999966,-146.99999999999983,-277.6666666666659,-146.99999999999983,186.48896827490663,-93.24448413745331,-176.12847003740345,-93.24448413745331
57.0,-28.5,-53.83333333333327,-28.5,0.0,5.590393555324387,1.0,2.0,0.003401360544217691,0.3798828654579635,328.6320851684968,287.02380365398693,246.16666666666674,293.99999999999966,-146.99999999999983,-277.6666666666659,-146.99999999999983,0.0,0.0,0.0,0.0
58.0,-29.0,-54.777777777777715,-29.0,0.0,5.584718437789723,1.0,2.0,0.003401360544217691,0.3832842260021812,324.63877963148985,290.8120242928695,245.22222222222229,293.99999999999966,-146.99999999999983,-277.6666666666659,-146.99999999999983,0.0,0.0,0.0,0.0
59.0,-29.5,-55.72222222222216,-29.5,0.0,5.5789464117409775,1.0,2.0,0.003401360544217691,0.3866855865463989,320.5965389669857,294.5393501662893,244.27777777777783,293.99999999999966,-146.99999999999983,-277.6666666666659,-146.99999999999983,0.0,0.0,0.0,0.0
60.0,-30.0,-56.6666666666666,-30.0,0.0,5.573077616327367,1.0,2.0,0.003401360544217691,0.3900869470906166,316.50635094610965,298.20508075688775,243.3333333333334,293.99999999999966,-146.99999999999983,-277.6666666666659,-146.99999999999983,0.0,0.0,0.0,0.0
61.0,-30.5,-57.61111111111104,-30.5,0.0,5.56711219315493,1.0,2.0,0.003401360544217691,0.3934883076348343,312.36921415964883,301.80853216805525,242.38888888888897,293.99999999999966,-146.99999999999983,-277.6666666666659,-146.99999999999983,0.0,0.0,0.0,0.0
62.0,-31.0,-58.555555555555486,-31.0,0.0,5.561050286290206,1.0,2.0,0.003401360544217691,0.39688966817905197,308.1861377327062,305.34903729929897,241.4444444444445,293.99999999999966,-146.99999999999983,-277.6666666666659,-146.99999999999983,0.0,0.0,0.0,0.0
63.0,-31.5,-59.49999999999993,-31.5,0.0,5.554892042264308,1.0,2.0,0.003401360544217691,0.40029102872326966,303.9581410364323,308.8259460166608,240.50000000000006,293.99999999999966,-146.99999999999983,-277.6666666666659,-146.99999999999983,0.0,0.0,0.0,0.0
64.0,-32.0,-60.44444444444437,-32.0,0.0,5.54863761007621,1.0,2.0,0.0034013605442176353,0.4036923892674873,299.6862533969219,312.2386253181347,239.55555555555563,294.0000000000045,-147.00000000000225,-277.66666666667044,-147.00000000000225,1.4205170373316138e-09,-7.102585186658069e-10,-1.3369572116062248e-09,-7.102585186658069e-10
65.0,-32.5,-61.388888888888815,-32.5,0.0,5.542287141196598,1.0,2.0,0.003401360544217691,0.407093749811705,295.3715138013613,315.586459494036,238.6111111111112,293.99999999999966,-146.99999999999983,-277.6666666666659,-146.99999999999983,-1.4205170373315906e-09,7.102585186657953e-10,1.336957211606203e-09,7.102585186657953e-10
66.0,-33.0,-62.33333333333326,-33.0,0.0,5.535840789572056,1.0,2.0,0.003401360544217691,0.4104951103559227,291.014970601516,318.868850282277,237.66666666666674,293.99999999999966,-146.99999999999983,-277.6666666666659,-146.99999999999983,0.0,0.0,0.0,0.0
67.0,-33.5,-63.2777777777777,-33.5,0.0,5.529298711628218,1.0,2.0,0.003401360544217691,0.41389647090014037,286.6176812146468,322.08521701850265,236.72222222222229,293.99999999999966,-146.99999999999983,-277.6666666666659,-146.99999999999983,0.0,0.0,0.0,0.0
68.0,-34.0,-64.22222222222214,-34.0,0.0,5.522661066275066,1.0,2.0,0.003401360544217691,0.41729783144435806,282.1807118219428,325.23499678104423,235.77777777777786,293.99999999999966,-146.99999999999983,-277.6666666666659,-146.99999999999983,0.0,0.0,0.0,0.0
69.0,-34.5,-65.16666666666659,-34.5,0.0,5.515928014910056,1.0,2.0,0.003401360544217691,0.42069919198857575,277.7051370645639,328.3176445306486,234.83333333333343,293.99999999999966,-146.99999999999983,-277.6666666666659,-146.99999999999983,0.0,0.0,0.0,0.0
70.0,-35.0,-66.11111111111103,-35.0,0.0,5.509099721423255,1.0,2.0,0.003401360544217691,0.42410055253279344,273.19203973738166,331.3326332449432,233.88888888888897,293.99999999999966,-146.99999999999983,-277.6666666666659,-146.99999999999983,0.0,0.0,0.0,0.0
71.0,-35.5,-67.05555555555547,-35.5,0.0,5.502176352201356,1.0,2.0,0.003401360544217691,0.42750191307701113,268.64251048051113,334.27945404759834,232.9444444444445,293.99999999999966,-146.99999999999983,-277.6666666666659,-146.99999999999983,0.0,0.0,0.0,0.0
72.0,-36.0,-67.99999999999991,-36.0,0.0,5.4951580761325545,1.0,2.0,0.003401360544217691,0.4309032736212288,264.0576474687263,337.1576163321491,232.00000000000009,293.99999999999966,-146.99999999999983,-277.6666666666659,-146.99999999999983,0.0,0.0,0.0,0.0
73.0,-36.5,-68.94444444444436,-36.5,0.0,5.488045064610895,1.0,2.0,0.003401360544217691,0.4343046341654465,259.4385560988516,339.9666478804424,231.05555555555566,293.99999999999966,-146.99999999999983,-277.6666666666659,-146.99999999999983,0.0,0.0,0.0,0.0
74.0,-37.0,-69.8888888888888,-37.0,0.0,5.480837491541842,1.0,2.0,0.003401360544217691,0.4377059947096642,254.78634867522302,342.70609497567597,230.1111111111112,293.99999999999966,-146.99999999999983,-277.6666666666659,-146.99999999999983,0.0,0.0,0.0,0.0
75.0,-37.5,-70.83333333333324,-37.5,0.0,5.47353553334629,1.0,2.0,0.003401360544217691,0.4411073552538819,250.10214409331292,345.3755225099939,229.16666666666674,293.99999999999966,-146.99999999999983,-277.6666666666659,-146.99999999999983,0.0,0.0,0.0,0.0
76.0,-38.0,-71.77777777777769,-38.0,0.0,5.466139368966674,1.0,2.0,0.003401360544217691,0.4445087157980996,245.38706752161406,347.97451408661396,228.2222222222223,293.99999999999966,-146.99999999999983,-277.6666666666659,-146.99999999999983,0.0,0.0,0.0,0.0
77.0,-38.5,-72.72222222222213,-38.5,0.0,5.458649179871807,1.0,2.0,0.003401360544217691,0.4479100763423173,240.64225008187643,350.50267211645206,227.27777777777789,293.99999999999966,-146.99999999999983,-277.6666666666659,-146.99999999999983,0.0,0.0,0.0,0.0
78.0,-39.0,-73.66666666666657,-39.0,0.0,5.451065150061748,1.0,2.0,0.003401360544217691,0.45131143688653497,235.8688285277946,352.9596179092205,226.33333333333343,293.99999999999966,-146.99999999999983,-277.6666666666659,-146.99999999999983,0.0,0.0,0.0,0.0
79.0,-39.5,-74.61111111111101,-39.5,0.0,5.443387466074972,1.0,2.0,0.003401360544217691,0.45471279743075266,231.06794492223895,355.3449917589739,225.38888888888897,293.99999999999966,-146.99999999999983,-277.6666666666659,-146.99999999999983,0.0,0.0,0.0,0.0
80.0,-40.0,-75.55555555555546,-40.0,0.0,5.4356163169920135,1.0,2.0,0.003401360544217691,0.45811415797497035,226.24074631313056,357.65845302407644,224.44444444444454,293.99999999999966,-146.99999999999983,-277.6666666666659,-146.99999999999983,0.0,0.0,0.0,0.0
81.0,-40.5,-76.4999999999999,-40.5,0.0,5.4277518944432614,1.0,2.0,0.0034013605442176353,0.461515518519188,221.38838440805392,359.8996802015735,223.5000000000001,294.0000000000045,-147.00000000000225,-277.66666666667044,-147.00000000000225,1.4205170373316138e-09,-7.102585186658069e-10,-1.3369572116062248e-09,-7.102585186658069e-10
82.0,-41.0,-77.44444444444434,-41.0,0.0,5.419794392613712,1.0,2.0,0.003401360544217691,0.4649168790634057,216.51201524770613,362.06837099594094,222.55555555555566,293.99999999999966,-146.99999999999983,-277.6666666666659,-146.99999999999983,-1.4205170373315906e-09,7.102585186657953e-10,1.336957211606203e-09,7.102585186657953e-10
83.0,-41.5,-78.38888888888879,-41.5,0.0,5.411744008249968,1.0,2.0,0.003401360544217691,0.46831823960762337,211.61279887828,364.1642423821988,221.6111111111112,293.99999999999966,-146.99999999999983,-277.6666666666659,-146.99999999999983,0.0,0.0,0.0,0.0
84.0,-42.0,-79.33333333333323,-42.0,0.0,5.403600940665979,1.0,2.0,0.003401360544217691,0.47171960015184106,206.6918990228792,366.1870306633693,220.66666666666674,293.99999999999966,-146.99999999999983,-277.6666666666659,-146.99999999999983,0.0,0.0,0.0,0.0
85.0,-42.5,-80.27777777777767,-42.5,0.0,5.3953653917502775,1.0,2.0,0.003401360544217691,0.47512096069605875,201.7504827520626,368.1364915222643,219.72222222222234,293.99999999999966,-146.99999999999983,-277.6666666666659,-146.99999999999983,0.0,0.0,0.0,0.0
86.0,-43.0,-81.22222222222211,-43.0,0.0,5.38703756597224,1.0,2.0,0.003401360544217691,0.47852232124027644,196.78972015361768,370.0124000675895,218.77777777777789,293.99999999999966,-146.99999999999983,-277.6666666666659,-146.99999999999983,0.0,0.0,0.0,0.0
87.0,-43.5,-82.16666666666656,-43.5,0.0,5.378617670389476,1.0,2.0,0.003401360544217691,0.48192368178449413,191.81078400166066,371.8145508743533,217.83333333333343,293.99999999999966,-146.99999999999983,-277.6666666666659,-146.99999999999983,0.0,0.0,0.0,0.0
88.0,-44.0,-83.111111111111,-44.0,0.0,5.3701059146541485,1.0,2.0,0.003401360544217691,0.4853250423287118,186.814849425163,373.5427580185686,216.88888888888903,293.99999999999966,-146.99999999999983,-277.6666666666659,-146.99999999999983,0.0,0.0,0.0,0.0
89.0,-44.5,-84.05555555555544,-44.5,0.0,5.361502511021314,1.0,2.0,0.003401360544217691,0.4887264028729295,181.80309357600203,375.19685510624106,215.94444444444457,293.99999999999966,-146.99999999999983,-277.6666666666659,-146.99999999999983,0.0,0.0,0.0,0.0
90.0,-45.0,-84.99999999999989,-45.0,0.0,5.352807674355321,1.0,2.0,0.003401360544217691,0.4921277634171472,176.77669529663686,376.77669529663694,215.0000000000001,293.99999999999966,-146.99999999999983,-277.6666666666659,-146.99999999999983,0.0,0.0,0.0,0.0
91.0,-45.5,-85.94444444444433,-45.5,0.0,5.344021622138884,1.0,2.0,0.003401360544217691,0.4955291239613649,171.736834787506,378.2821513198237,214.05555555555566,293.99999999999966,-146.99999999999983,-277.6666666666659,-146.99999999999983,0.0,0.0,0.0,0.0
92.0,-46.0,-86.88888888888877,-46.0,0.0,5.335144574479543,1.0,2.0,0.0034013605442176353,0.4989304845055825,166.6846932742492,379.71311548848195,213.1111111111112,294.0000000000045,-147.00000000000225,-277.66666666667044,-147.00000000000225,1.4205170373316138e-09,-7.102585186658069e-10,-1.3369572116062248e-09,-7.102585186658069e-10
93.0,-46.5,-87.83333333333321,-46.5,0.0,5.326176754119209,1.0,2.0,0.003401360544217691,0.5023318450498002,161.6214526748497,381.0694997039867,212.1666666666668,293.99999999999966,-146.99999999999983,-277.6666666666659,-146.99999999999983,-1.4205170373315906e-09,7.102585186657953e-10,1.336957211606203e-09,7.102585186657953e-10
94.0,-47.0,-88.77777777777766,-47.0,0.0,5.317118386440868,1.0,2.0,0.003401360544217691,0.5057332055940179,156.5482952667995,382.3512354567575,211.22222222222234,293.99999999999966,-146.99999999999983,-277.6666666666659,-146.99999999999983,0.0,0.0,0.0,0.0
95.0,-47.5,-89.7222222222221,-47.5,0.0,5.307969699478955,1.0,2.0,0.003401360544217691,0.5091345661382356,151.46640335438335,383.5582738208802,210.27777777777789,293.99999999999966,-146.99999999999983,-277.6666666666659,-146.99999999999983,0.0,0.0,0.0,0.0
96.0,-48.0,-90.66666666666654,-48.0,0.0,5.298730923926896,1.0,2.0,0.003401360544217691,0.5125359266824533,146.37695893618383,384.6905854430033,209.33333333333348,293.99999999999966,-146.99999999999983,-277.6666666666659,-146.99999999999983,0.0,0.0,0.0,0.0
97.0,-48.5,-91.61111111111099,-48.5,0.0,5.2894022931469244,1.0,2.0,0.003401360544217691,0.515937287226671,141.28114337290484,385.74816052551495,208.38888888888903,293.99999999999966,-146.99999999999983,-277.6666666666659,-146.99999999999983,0.0,0.0,0.0,0.0
98.0,-49.0,-92.55555555555543,-49.0,0.0,5.279984043178615,1.0,2.0,0.003401360544217691,0.5193386477708887,136.18013705561373,386.7310088040071,207.44444444444457,293.99999999999966,-146.99999999999983,-277.6666666666659,-146.99999999999983,0.0,0.0,0.0,0.0
99.0,-49.5,-93.49999999999987,-49.5,0.0,5.2704764127492725,1.0,2.0,0.003401360544217691,0.5227400083151064,131.07511907449964,387.63915951903533,206.5000000000001,293.99999999999966,-146.99999999999983,-277.6666666666659,-146.99999999999983,0.0,0.0,0.0,0.0
100.0,-50.0,-94.44444444444431,-50.0,0.0,5.26087964328271,1.0,2.0,0.003401360544217691,0.526141368859324,125.9672668882487,388.4726613821862,205.55555555555566,293.99999999999966,-146.99999999999983,-277.6666666666659,-146.99999999999983,0.0,0.0,0.0,0.0
101.0,-50.5,-95.38888888888876,-50.5,0.0,5.251193978910695,1.0,2.0,0.003401360544217691,0.5295427294035417,120.85775599413199,389.2315825364629,204.61111111111126,293.99999999999966,-146.99999999999983,-277.6666666666659,-146.99999999999983,0.0,0.0,0.0,0.0
102.0,-51.0,-96.3333333333332,-51.0,0.0,5.241419666481914,1.0,2.0,0.003401360544217691,0.5329440899477594,115.74775959890752,389.9160105110039,203.6666666666668,293.99999999999966,-146.99999999999983,-277.6666666666659,-146.99999999999983,0.0,0.0,0.0,0.0
103.0,-51.5,-97.27777777777764,-51.5,0.0,5.23155695557352,1.0,2.0,0.003401360544217691,0.5363454504919771,110.63844829063189,390.52605217015054,202.72222222222234,293.99999999999966,-146.99999999999983,-277.6666666666659,-146.99999999999983,0.0,0.0,0.0,0.0
104.0,-52.0,-98.22222222222209,-52.0,0.0,5.221606098501267,1.0,2.0,0.003401360544217691,0.5397468110361948,105.53098971148101,391.06183365687986,201.77777777777794,293.99999999999966,-146.99999999999983,-277.6666666666659,-146.99999999999983,0.0,0.0,0.0,0.0
105.0,-52.5,-99.16666666666653,-52.5,0.0,5.211567350331497,1.0,2.0,0.003401360544217691,0.5431481715804125,100.42654823167594,391.52350033062254,200.83333333333348,293.99999999999966,-146.99999999999983,-277.6666666666659,-146.99999999999983,0.0,0.0,0.0,0.0
106.0,-53.0,-100.11111111111097,-53.0,0.0,5.201440968891766,1.0,2.0,0.003401360544217691,0.5465495321246302,95.32628462461226,391.91121669948706,199.88888888888903,293.99999999999966,-146.99999999999983,-277.6666666666659,-146.99999999999983,0.0,0.0,0.0,0.0
107.0,-53.5,-101.05555555555542,-53.5,0.0,5.191227214783823,1.0,2.0,0.003401360544217691,0.5499508926688479,90.23135574328798,392.2251663469115,198.94444444444457,293.99999999999966,-146.99999999999983,-277.6666666666659,-146.99999999999983,0.0,0.0,0.0,0.0
108.0,-54.0,-101.99999999999986,-54.0,0.0,5.180926351394078,1.0,2.0,0.003401360544217691,0.5533522532130656,85.1429141981288,392.46555185276765,198.0000000000001,293.99999999999966,-146.99999999999983,-277.6666666666659,-146.99999999999983,0.0,0.0,0.0,0.0
109.0,-54.5,-102.9444444444443,-54.5,0.0,5.170538644907503,1.0,2.0,0.003401360544217691,0.5567536137572833,80.06210803630363,392.63259470894326,197.0555555555557,293.99999999999966,-146.99999999999983,-277.6666666666659,-146.99999999999983,0.0,0.0,0.0,0.0
110.0,-55.0,-103.88888888888874,-55.0,0.0,5.160064364319674,1.0,2.0,0.003401360544217691,0.560154974301501,74.99008042262776,392.72653522942966,196.11111111111126,293.99999999999966,-146.99999999999983,-277.6666666666659,-146.99999999999983,0.0,0.0,0.0,0.0
111.0,-55.5,-104.83333333333319,-55.5,0.0,5.149503781449797,1.0,2.0,0.003401360544217691,0.5635563348457187,69.9279693221481,392.7476324549443,195.1666666666668,293.99999999999966,-146.99999999999983,-277.6666666666659,-146.99999999999983,0.0,0.0,0.0,0.0
112.0,-56.0,-105.77777777777763,-56.0,0.0,5.138857170954519,1.0,2.0,0.00340136054421758,0.5669576953899362,64.87690718450425,392.696164052118,194.2222222222224,294.00000000000927,-147.00000000000463,-277.666666666675,-147.00000000000463,2.824322109518196e-09,-1.412161054759098e-09,-2.6739144232124934e-09,-1.412161054759098e-09
113.0,-56.5,-106.72222222222207,-56.5,0.0,5.128124810341562,1.0,2.0,0.003401360544217802,0.570359055934154,59.83802063015977,392.57242620728016,193.27777777777794,293.99999999999005,-146.99999999999503,-277.66666666665685,-146.99999999999503,-5.648644219036024e-09,2.824322109518012e-09,5.33111688127956e-09,2.824322109518012e-09
114.0,-57.0,-107.66666666666652,-57.0,0.0,5.117306979983859,1.0,2.0,0.00340136054421758,0.5737604164783716,54.81243013859669,392.37673351487626,192.33333333333348,294.00000000000927,-147.00000000000463,-277.666666666675,-147.00000000000463,5.648644219036392e-09,-2.824322109518196e-09,-5.331116881279908e-09,-2.824322109518196e-09
115.0,-57.5,-108.61111111111096,-57.5,0.0,5.106403963133926,1.0,2.0,0.003401360544217802,0.5771617770225894,49.801249738566064,392.1094188605515,191.38888888888903,293.99999999999005,-146.99999999999503,-277.66666666665685,-146.99999999999503,-5.648644219036024e-09,2.824322109518012e-09,5.33111688127956e-09,2.824322109518012e-09
116.0,-58.0,-109.5555555555554,-58.0,0.0,5.095416045939344,1.0,2.0,0.00340136054421758,0.580563137566807,44.8055867004857,391.77083329894,190.44444444444457,294.00000000000927,-147.00000000000463,-277.666666666675,-147.00000000000463,5.648644219036392e-09,-2.824322109518196e-09,-5.331116881279908e-09,-2.824322109518196e-09
117.0,-58.5,-110.49999999999984,-58.5,0.0,5.084343517457221,1.0,2.0,0.003401360544217802,0.5839644981110248,39.82654123107782,391.36134592619663,189.50000000000017,293.99999999999005,-146.99999999999503,-277.66666666665685,-146.99999999999503,-5.648644219036024e-09,2.824322109518012e-09,5.33111688127956e-09,2.824322109518012e-09
118.0,-59.0,-111.44444444444429,-59.0,0.0,5.0731866696708545,1.0,2.0,0.00340136054421758,0.5873658586552424,34.86520617033545,390.8813437473135,188.5555555555557,294.00000000000927,-147.00000000000463,-277.666666666675,-147.00000000000463,5.648644219036392e-09,-2.824322109518196e-09,-5.331116881279908e-09,-2.824322109518196e-09
119.0,-59.5,-112.38888888888873,-59.5,0.0,5.061945797505533,1.0,2.0,0.003401360544217802,0.5907672191994602,29.922666690908606,390.3312315382607,187.61111111111126,293.99999999999005,-146.99999999999503,-277.66666666665685,-146.99999999999503,-5.648644219036024e-09,2.824322109518012e-09,5.33111688127956e-09,2.824322109518012e-09
120.0,-60.0,-113.33333333333317,-60.0,0.0,5.0506211988442935,1.0,2.0,0.00340136054421758,0.5941685797436778,24.999999999999993,389.71143170299746,186.66666666666686,294.00000000000927,-147.00000000000463,-277.666666666675,-147.00000000000463,5.648644219036392e-09,-2.824322109518196e-09,-5.331116881279908e-09,-2.824322109518196e-09
121.0,-60.5,-114.27777777777762,-60.5,0.0,5.039213174546627,1.0,2.0,0.003401360544217691,0.5975699402878955,20.0982750438559,389.0223841253974,185.7222222222224,293.99999999999966,-146.99999999999983,-277.6666666666659,-146.99999999999983,-2.8243221095181037e-09,1.4121610547590519e-09,2.673914423212406e-09,1.4121610547590519e-09
122.0,-61.0,-115.22222222222206,-61.0,0.0,5.027722028464275,1.0,2.0,0.003401360544217691,0.6009713008321131,15.21855221494325,388.2645460161342,184.77777777777794,293.99999999999966,-146.99999999999983,-277.6666666666659,-146.99999999999983,0.0,0.0,0.0,0.0
123.0,-61.5,-116.1666666666665,-61.5,0.0,5.016148067460413,1.0,2.0,0.003401360544217691,0.6043726613763308,10.361883061896654,387.4383917545762,183.83333333333348,293.99999999999966,-146.99999999999983,-277.6666666666659,-146.99999999999983,0.0,0.0,0.0,0.0
124.0,-62.0,-117.11111111111094,-62.0,0.0,5.004491601427161,1.0,2.0,0.003401360544217691,0.6077740219205485,5.529310002323291,386.5444127257401,182.88888888888903,293.99999999999966,-146.99999999999983,-277.6666666666659,-146.99999999999983,0.0,0.0,0.0,0.0
125.0,-62.5,-118.05555555555539,-62.5,0.0,4.9927529433049935,1.0,2.0,0.003401360544217691,0.6111753824647662,0.721866038549327,385.5831171523538,181.94444444444463,293.99999999999966,-146.99999999999983,-277.6666666666659,-146.99999999999983,0.0,0.0,0.0,0.0
126.0,-63.0,-118.99999999999983,-63.0,0.0,4.980932409102488,1.0,2.0,0.003408714976852023,0.6145840974416182,-4.059425523607952,384.5550299220814,181.00000000000017,293.36568378137275,-146.68284189068638,-277.0675902379627,-146.68284189068638,-186.08661121109728,93.04330560554864,175.74846614381687,93.04330560554864
127.0,-63.5,-119.94444444444427,-63.5,0.0,4.969030317914796,1.0,2.0,0.0034388787379677765,0.618022976179586,-8.813551352957543,383.46069240996485,180.0555555555557,290.7924577157249,-145.39622885786244,-274.6373211759619,-145.39622885786244,-748.2747318879102,374.1373659439551,706.7039134496948,374.1373659439551
128.0,-64.0,-120.88888888888872,-64.0,0.0,4.9570469919458295,1.0,2.0,0.003471476931406703,0.6214944531109927,-13.539508367862336,382.3006622961361,179.1111111111113,288.06183067297025,-144.03091533648512,-272.05839563558254,-144.03091533648512,-786.5894248210188,393.2947124105094,742.8900123309613,393.2947124105094
129.0,-64.5,-121.83333333333316,-64.5,0.0,4.944982756528508,1.0,2.0,0.003505020108735768,0.6249994732197285,-18.236304007893718,381.07551337885934,178.16666666666686,285.30506786755404,-142.65253393377702,-269.4547863193562,-142.65253393377702,-786.5183992940181,393.25919964700904,742.8229326665601,393.25919964700904
130.0,-65.0,-122.7777777777776,-65.0,0.0,4.932837940146054,1.0,2.0,0.0035395548286070166,0.6285390280483355,-22.90295650213309,379.7858353829581,177.2222222222224,282.52140408107414,-141.26070204053707,-266.825770521014,-141.26070204053707,-786.4446014459423,393.22230072297117,742.7532346989509,393.22230072297117
131.0,-65.5,-123.72222222222204,-65.5,0.0,4.920612874454271,1.0,2.0,0.0035751309258760244,0.6321141589742115,-27.538495134041835,378.4322337636902,176.27777777777794,279.7100360051757,-139.85501800258785,-264.1705895604433,-139.85501800258785,-786.3678657333511,393.18393286667555,742.6807620814885,393.18393286667555
132.0,-66.0,-124.66666666666649,-66.0,0.0,4.9083078943045075,1.0,2.0,0.0036118018141024777,0.635725960788314,-32.14196050282166,377.0153295061291,175.33333333333348,276.8701195329836,-138.4350597664918,-261.48844622559517,-138.4350597664918,-786.2880131195161,393.14400655975805,742.6053457240023,393.14400655975805
133.0,-66.5,-125.61111111111093,-66.5,0.0,4.895923337767121,1.0,2.0,0.0036496248229098693,0.6393755856112239,-36.712404781188155,375.5357589201151,174.38888888888908,274.0007667973646,-137.0003833986823,-258.7785019752883,-137.0003833986823,-786.2048497717303,393.10242488586516,742.5268025621932,393.10242488586516
134.0,-67.0,-126.55555555555537,-67.0,0.0,4.883459546154703,1.0,2.0,0.0036886615750441054,0.643064247186268,-41.24889196948098,373.9941734308403,173.44444444444463,271.10104292721485,-135.55052146360742,-256.0398738757025,-135.55052146360742,-786.118165398531,393.0590826992655,742.4449339874895,393.0590826992655
135.0,-67.5,-127.49999999999982,-67.5,0.0,4.870916864047351,1.0,2.0,0.0037289784087813915,0.6467932255950494,-45.75049814603709,372.3912393651312,172.50000000000017,268.1699624876064,-134.0849812438032,-253.2716312382945,-134.0849812438032,-786.0277315379475,393.01386576897374,742.3595242302905,393.01386576897374
136.0,-68.0,-128.44444444444426,-68.0,0.0,4.8582956393173236,1.0,2.0,0.003770646852270354,0.6505638724473197,-50.21631171375233,370.7276377334963,171.55555555555577,265.20648556570274,-132.60324278285137,-250.47279192316324,-132.60324278285137,-785.9332995131443,392.96664975657217,742.27033842908,392.96664975657217
137.0,-68.5,-129.38888888888872,-68.5,0.0,4.845596223155464,1.0,2.0,0.00381374415753033,0.65437761660485,-54.645433642759855,369.0040640080058,170.6111111111113,262.20951345817883,-131.10475672908942,-247.64231826606112,-131.10475672908942,-785.8345981615753,392.91729908078764,742.1771204849385,392.91729908078764
138.0,-69.0,-130.33333333333317,-69.0,0.0,4.8328189700977395,1.0,2.0,0.0038583539031796787,0.6582359705080297,-59.0369777091538,367.22122789607215,169.66666666666686,259.17788390948215,-129.58894195474107,-244.77911258118084,-129.58894195474107,-785.7313312286651,392.86566561433256,742.0795906048717,392.86566561433256
139.0,-69.5,-131.27777777777763,-69.5,0.0,4.819964238052455,1.0,2.0,0.0039045666765998854,0.6621405371846296,-63.39007072968761,365.3798531102009,168.7222222222224,256.1103658423896,-128.0551829211948,-241.8820121844823,-128.0551829211948,-785.6231743912055,392.8115871956027,741.9774424805935,392.8115871956027
140.0,-70.0,-132.2222222222221,-70.0,0.0,4.807032388327606,1.0,2.0,0.003952480848214646,0.6660930180328443,-67.70385279237846,363.480677133785,167.77777777777794,253.00565351295876,-126.50282675647938,-238.94978387335314,-126.50282675647938,-785.5097718773972,392.7548859386986,741.8703401064339,392.7548859386986
141.0,-70.5,-133.16666666666654,-70.5,0.0,4.79402378566113,1.0,2.0,0.004002203452951325,0.6700952214857956,-71.97747748295144,361.5244509830121,166.83333333333348,249.862360011352,-124.931180005676,-235.98111778850225,-124.931180005676,-785.3907325198122,392.6953662599061,741.7579140465051,392.6953662599061
142.0,-71.0,-134.111111111111,-71.0,0.0,4.7809387982492595,1.0,2.0,0.004053851196878178,0.6741490726826738,-76.21011210705527,359.5119389649609,165.88888888888903,246.67901001647226,-123.33950500823613,-232.9746205711158,-123.33950500823613,-785.2656252728748,392.6328126364374,741.6397572021689,392.6328126364374
143.0,-71.5,-135.05555555555546,-71.5,0.0,4.767777797777236,1.0,2.0,0.004107551610581517,0.6782566242932553,-80.40093790818563,357.44391843195945,164.94444444444457,243.45403169710323,-121.72701584855162,-229.9288077139339,-121.72701584855162,-785.1339739861382,392.5669869930691,741.5154198758034,392.5669869930691
144.0,-72.0,-135.99999999999991,-72.0,0.0,4.754541159450349,1.0,2.0,0.004163444375253733,0.682420068668509,-84.54915028125262,355.32117953228305,164.0000000000001,240.18574763330588,-120.09287381665294,-226.84209498701415,-120.09287381665294,-784.9952513411863,392.49762567059315,741.3844040444621,392.49762567059315
145.0,-72.5,-136.94444444444437,-72.5,0.0,4.741229262026907,1.0,2.0,0.004221682852916575,0.6866417515214256,-88.65395898173007,353.14452495726596,163.05555555555566,236.87236460909043,-118.43618230454521,-223.7127887974773,-118.43618230454521,-784.8488718015338,392.4244359007669,741.2461567014591,392.4244359007669
146.0,-73.0,-137.88888888888883,-73.0,0.0,4.7278424878492755,1.0,2.0,0.00428243585898791,0.6909241873804135,-92.71458833032419,350.91476968490826,162.1111111111112,233.51196210007805,-116.75598105003903,-220.53907531674335,-116.75598105003903,-784.6941833255047,392.34709166275235,741.10006202965,392.34709166275235
147.0,-73.5,-138.8333333333333,-73.5,0.0,4.71438122287924,1.0,2.0,0.0043458897239038174,0.6952700771043173,-96.73027741310426,348.6327407200537,161.16666666666674,230.10247924600395,-115.05123962300198,-217.31900817678442,-115.05123962300198,-784.5304576691917,392.26522883459586,740.9454322431386,392.26522883459586
148.0,-74.0,-139.77777777777774,-74.0,0.0,4.7008458567316795,1.0,2.0,0.004412250701209985,0.6996823278055273,-100.70028027703546,346.2992768312207,160.22222222222229,226.6417000570178,-113.3208500285089,-214.05049449829747,-113.3208500285089,-784.3568789137687,392.17843945688435,740.7814967519002,392.17843945688435
149.0,-74.5,-140.7222222222222,-74.5,0.0,4.687236782711045,1.0,2.0,0.004481747793111834,0.7041640755986391,-104.62386612085827,343.91522828416663,159.27777777777783,223.12723655198477,-111.56361827599238,-210.73127896576622,-111.56361827599238,-784.1725298408236,392.0862649204118,740.6073892941214,392.0862649204118
150.0,-75.0,-141.66666666666666,-75.0,0.0,4.673554397847101,1.0,2.0,0.004554636081809393,0.7087187116804485,-108.50031948125762,341.48145657226706,158.33333333333337,219.55650946381118,-109.77825473190559,-207.35892560471333,-109.77825473190559,-783.9763757272705,391.98818786363523,740.4221326313237,391.98818786363523
151.0,-75.5,-142.61111111111111,-75.5,0.0,4.659799102932362,1.0,2.0,0.00463120067722822,0.7133499123576768,-112.32894041426884,338.9988341437944,157.3888888888889,215.92672606847634,-107.96336303423817,-203.93079684245262,-107.96336303423817,-783.7672448923701,391.88362244618503,740.2246201761337,391.88362244618503
152.0,-76.0,-143.55555555555557,-76.0,0.0,4.6459713025618194,1.0,2.0,0.0047117614206483305,0.7180616737783251,-116.10904467186845,336.4682441261773,156.44444444444446,212.2348545955032,-106.1174272977516,-200.44402934020016,-106.1174272977516,-783.5438052517392,391.7719026258696,740.0135938488772,391.7719026258696
153.0,-76.5,-144.50000000000003,-76.5,0.0,4.6320714051711445,1.0,2.0,0.004796678521484021,0.7228583522998091,-119.83996387369724,333.8905800473285,155.5,208.47759455236846,-104.23879727618423,-196.8955059661284,-104.23879727618423,-783.3045359004608,391.6522679502304,739.7876172393326,391.6522679502304
154.0,-77.0,-145.44444444444449,-77.0,0.0,4.618099823078006,1.0,2.0,0.004886359354225656,0.7277447116540348,-123.52104567386723,331.26674555412427,154.55555555555554,204.65134213577926,-102.32567106788963,-193.28182312823856,-102.32567106788963,-783.0476924052483,391.52384620262416,739.5450428271903,391.52384620262416
155.0,-77.5,-146.38888888888894,-77.5,0.0,4.604056972523685,1.0,2.0,0.004981266708771859,0.7327259783628066,-127.15165392280431,328.5976541281233,153.6111111111111,200.75214969698982,-100.37607484849491,-189.59925249160403,-100.37607484849491,-782.7712641692287,391.3856320846144,739.2839717153929,391.3856320846144
156.0,-78.0,-147.3333333333334,-78.0,0.0,4.589943273716499,1.0,2.0,0.0050819288763703785,0.737807907239177,-130.73116882408036,325.8842287986115,152.66666666666663,196.77567796151865,-98.38783898075933,-185.84369585254788,-98.38783898075933,-782.4729216421551,391.23646082107757,739.0022037731568,391.23646082107757
157.0,-78.5,-148.27777777777786,-78.5,0.0,4.575759150874746,1.0,2.0,0.0051889520742822715,0.7429968593134593,-134.25898708618874,323.1274018530622,151.72222222222217,192.71713935386822,-96.35856967693411,-182.01063161198908,-96.35856967693411,-782.1499504236228,391.0749752118114,738.6971754000989,391.0749752118114
158.0,-79.0,-149.2222222222223,-79.0,0.0,4.561505032273042,1.0,2.0,0.005303035878447604,0.7482998951919069,-137.73452206922127,320.3281145450984,150.77777777777771,188.57123031434915,-94.28561515717458,-178.09505085244325,-94.28561515717458,-781.7991683534924,390.8995841767462,738.3658812227515,390.8995841767462
159.0,-79.5,-150.16666666666677,-79.5,0.0,4.547181350287922,1.0,2.0,0.005424992564656117,0.753724887756563,-141.15720392640355,317.4873168000487,149.83333333333326,184.33204987505613,-92.16602493752806,-174.09138043755533,-92.16602493752806,-781.4168201651238,390.7084100825619,738.0047746004069,390.7084100825619
160.0,-80.0,-151.11111111111123,-80.0,0.0,4.532788541446158,1.0,2.0,0.005555771584901392,0.7592806593414644,-144.5264797404491,314.6059669181858,148.8888888888888,179.99300092135604,-89.99650046067802,-169.99338975906076,-89.99650046067802,-780.9984423211486,390.4992211605743,737.6096399699813,390.4992211605743
161.0,-80.5,-152.05555555555569,-80.5,0.0,4.518327046474055,1.0,2.0,0.00569649087250379,0.7649771502139682,-147.84181365469396,311.6850312757392,147.94444444444434,175.54666941131566,-87.77333470565783,-165.7940766662448,-87.77333470565783,-780.5386876861746,390.2693438430873,737.1754272591746,390.2693438430873
162.0,-81.0,-153.00000000000014,-81.0,0.0,4.503797310346785,1.0,2.0,0.005848477348750936,0.7708256275627191,-151.10268699897304,308.72548402377396,146.9999999999999,170.9846752186825,-85.49233760934125,-161.48552659542452,-85.49233760934125,-780.0310953768974,390.0155476884487,736.6960345226361,390.0155476884487
163.0,-81.5,-153.9444444444446,-81.5,0.0,4.489199782341067,1.0,2.0,0.006013320009203071,0.7768389475719222,-154.30859841020444,305.7283067850266,146.05555555555543,166.29748599268828,-83.14874299634414,-157.0587367708744,-83.14874299634414,-779.4677846548528,389.7338923274264,736.1640188406998,389.7338923274264
164.0,-82.0,-154.88888888888906,-82.0,0.0,4.4745349160881105,1.0,2.0,0.006192940485182041,0.7830318880571042,-157.45906394764737,302.69448834879245,145.11111111111097,161.47418215833298,-80.73709107916649,-152.50339426064986,-80.73709107916649,-778.8390419536737,389.41952097683685,735.5702062895942,389.41952097683685
165.0,-82.5,-155.8333333333335,-82.5,0.0,4.459803169628191,1.0,2.0,0.006389688315361464,0.7894215763724657,-160.55361720280078,299.6250243639568,144.16666666666652,156.50215638780028,-78.25107819390014,-147.8075921440356,-78.25107819390014,-778.1327547040812,389.0663773520406,734.9031572205286,389.0663773520406
166.0,-83.0,-156.77777777777797,-83.0,0.0,4.445005005466603,1.0,2.0,0.0066064718557774516,0.7960280482282431,-163.5918094039125,296.52091703026406,143.22222222222206,151.36672369617168,-75.68336184808584,-142.95746126860848,-75.68336184808584,-777.3336212940347,388.66681064701737,734.1484201110469,388.66681064701737
167.0,-83.5,-157.72222222222243,-83.5,0.0,4.430140890631609,1.0,2.0,0.00684694174440037,0.8028749899726435,-166.57320951507046,293.3831747879198,142.2777777777776,146.05060731206444,-73.02530365603222,-137.93668468361827,-73.02530365603222,-776.4220264404773,388.21101322023867,733.287469416014,388.21101322023867
168.0,-84.0,-158.66666666666688,-84.0,0.0,4.415211296733565,1.0,2.0,0.007115753838660699,0.8099907438113042,-169.49740432984783,290.21281200562015,141.33333333333314,140.5332481524145,-70.26662407620725,-132.72584547728212,-70.26662407620725,-775.3724039290825,387.6862019645412,732.2961592663682,387.6862019645412
169.0,-84.5,-159.61111111111134,-84.5,0.0,4.400216700026019,1.0,2.0,0.007418955829502916,0.8174096996408071,-172.36399855947684,287.0108486671037,140.3888888888887,134.78985762704048,-67.39492881352024,-127.3015322033177,-67.39492881352024,-774.1507912116581,387.07539560582904,731.1424139221293,387.07539560582904
170.0,-85.0,-160.5555555555558,-85.0,0.0,4.385157581468069,1.0,2.0,0.007764572792762214,0.8251742724335693,-175.17261491552713,283.7783100563224,139.44444444444423,128.79008629195351,-64.39504314597676,-121.63508149795771,-64.39504314597676,-772.7110679778389,386.35553398891943,729.7826753124142,386.35553398891943
171.0,-85.5,-161.50000000000026,-85.5,0.0,4.3700344267882105,1.0,2.0,0.008163525317832487,0.8333377977514018,-177.92289418706633,280.5162264413282,138.49999999999977,122.49609832355023,-61.248049161775114,-115.69075952779899,-61.248049161775114,-770.9889690247711,385.49448451238555,728.1562485234031,385.49448451238555
172.0,-86.0,-162.4444444444447,-86.0,0.0,4.3548477265516174,1.0,2.0,0.008631129568509088,0.8419689273199109,-180.61449531228277,277.22563275696916,137.55555555555532,115.85969044521441,-57.929845222607206,-109.4230409760373,-57.929845222607206,-768.8921624521698,384.4460812260849,726.1759312048368,384.4460812260849
173.0,-86.5,-163.38888888888917,-86.5,0.0,4.339597976226754,1.0,2.0,0.009189672986398834,0.8511586003063097,-183.24709544455024,273.90756828649626,136.61111111111086,108.81780031564224,-54.40890015782112,-102.7723669647746,-54.40890015782112,-766.2829939644762,383.1414969822381,723.7117165220153,383.1414969822381
174.0,-87.0,-164.33333333333363,-87.0,0.0,4.32428567625588,1.0,2.0,0.009873116730425902,0.8610317170367356,-185.82039001291872,270.5630763421742,135.6666666666664,101.28513895903897,-50.64256947951949,-95.6581867946492,-50.64256947951949,-762.9466522349453,381.47332611747265,720.5607271107915,381.47332611747265
175.0,-87.5,-165.27777777777808,-87.5,0.0,4.3089113321267405,1.0,2.0,0.010736376051143748,0.8717680930878794,-188.33409277701512,267.1932039449962,134.72222222222194,93.14129788640086,-46.57064894320043,-87.96678133715754,-46.57064894320043,-758.5279272860926,379.2639636430463,716.3874868813195,379.2639636430463
176.0,-88.0,-166.22222222222254,-88.0,0.0,4.293475454446081,1.0,2.0,0.01187561435781992,0.8836437074456993,-190.78793587633962,263.799001503599,133.7777777777775,84.20616987629904,-42.10308493814952,-79.52804932761683,-42.10308493814952,-752.3929070851117,376.19645354255584,710.5933011359477,376.19645354255584
177.0,-88.5,-167.166666666667,-88.5,0.0,4.277978559015148,1.0,2.0,0.013479427877099992,0.8971231353227993,-193.18166987394656,260.3815224924781,132.83333333333303,74.1871249371708,-37.0935624685854,-70.0656179962178,-37.0935624685854,-743.2841386502363,371.64206932511814,701.9905753918994,371.64206932511814
178.0,-89.0,-168.11111111111146,-89.0,0.0,4.2624211669082985,1.0,2.0,0.01598909175430341,0.9131122270771027,-195.51506379449836,256.941823129598,131.88888888888857,62.54263940482132,-31.27131970241066,-59.068048326776484,-31.27131970241066,-728.2768597043918,364.1384298521959,687.817034165268,364.1384298521959
179.0,-89.5,-169.0555555555559,-89.5,0.0,4.246803804552472,1.0,2.0,0.02083739006289409,0.9339496171399968,-197.78790515668484,253.4809620534995,130.94444444444412,47.99065511475628,-23.99532755737814,-45.32450760838154,-23.99532755737814,-698.3592592998631,349.17962964993154,659.5615226721017,349.17962964993154
180.0,-90.0,-170.00000000000037,-90.0,0.0,4.231127003809608,1.0,2.0,0.0503059096942976,0.9842555268342944,-200.00000000000003,250.00000000000003,129.99999999999966,19.878380215701664,-9.939190107850832,-18.774025759274046,-9.939190107850832,-558.8264891717338,279.4132445858669,527.7805731066445,279.4132445858669
179.0,-89.5,-169.0555555555559,-89.5,0.0,4.231127003809608,1.0,3.0,0.0,0.9842555268342944,-197.78790515668484,253.4809620534995,130.94444444444412,0.0,0.0,0.0,0.0,0.0,0.0,0.0,0.0
178.0,-89.0,-168.11111111111146,-89.0,0.0,4.246803804552472,1.0,3.0,0.07114329975719177,1.0553988265914862,-195.51506379449836,256.941823129598,131.88888888888857,-14.056137449527156,7.028068724763578,13.275240924553604,7.028068724763578,-197.57499999999982,98.78749999999991,186.59861111111343,98.78749999999991
177.0,-88.5,-167.166666666667,-88.5,0.0,4.2624211669082985,1.0,3.0,0.015989091754303325,1.0713879183457895,-193.18166987394656,260.3815224924781,132.83333333333303,-62.542639404821756,31.271319702410878,59.06804832677689,31.271319702410878,-3032.473807791175,1516.2369038955876,2864.0030406917035,1516.2369038955876
176.0,-88.0,-166.22222222222254,-88.0,0.0,4.277978559015148,1.0,3.0,0.01347942787710002,1.0848673462228895,-190.78793587633962,263.799001503599,133.7777777777775,-74.1871249371708,37.0935624685854,70.0656179962178,37.0935624685854,-863.8709030174558,431.9354515087279,815.8780750720526,431.9354515087279
175.0,-87.5,-165.27777777777808,-87.5,0.0,4.293475454446081,1.0,3.0,0.011875614357819891,1.0967429605807093,-188.33409277701512,267.1932039449962,134.72222222222194,-84.20616987629982,42.10308493814991,79.52804932761757,42.10308493814991,-843.6654001425812,421.8327000712906,796.795100134671,421.8327000712906
174.0,-87.0,-164.33333333333363,-87.0,0.0,4.3089113321267405,1.0,3.0,0.010736376051143706,1.107479336631853,-185.82039001291872,270.5630763421742,135.6666666666664,-93.14129788640183,46.570648943200915,87.96678133715845,46.570648943200915,-832.2294196420437,416.11470982102185,785.9944518841619,416.11470982102185
173.0,-86.5,-163.38888888888917,-86.5,0.0,4.32428567625588,1.0,3.0,0.009873116730425943,1.117352453362279,-183.24709544455024,273.90756828649626,136.61111111111086,-101.28513895903784,50.64256947951892,95.65818679464813,50.64256947951892,-824.8500747022578,412.4250373511289,779.0250705521441,412.4250373511289
172.0,-86.0,-162.4444444444447,-86.0,0.0,4.339597976226754,1.0,3.0,0.009189672986398889,1.126542126348678,-180.61449531228277,277.22563275696916,137.55555555555532,-108.81780031564092,54.40890015782046,102.77236696477337,54.40890015782046,-819.6876393481795,409.84381967408973,774.1494371621806,409.84381967408973
171.0,-85.5,-161.50000000000026,-85.5,0.0,4.3548477265516174,1.0,3.0,0.008631129568509116,1.135173255917187,-177.92289418706633,280.5162264413282,138.49999999999977,-115.85969044521441,57.929845222607206,109.4230409760373,57.929845222607206,-815.8712105615951,407.9356052807976,770.5450321970715,407.9356052807976
170.0,-85.0,-160.5555555555558,-85.0,0.0,4.3700344267882105,1.0,3.0,0.008163525317832432,1.1433367812350195,-175.17261491552713,283.7783100563224,139.44444444444423,-122.49609832355023,61.248049161775114,115.69075952779899,61.248049161775114,-812.9340719798075,406.46703598990376,767.7710679809397,406.46703598990376
169.0,-84.5,-159.61111111111134,-84.5,0.0,4.385157581468069,1.0,3.0,0.007764572792762242,1.1511013540277817,-172.36399855947684,287.0108486671037,140.3888888888887,-128.79008629195351,64.39504314597676,121.63508149795771,64.39504314597676,-810.6032535711763,405.30162678558816,765.5697394838973,405.30162678558816
168.0,-84.0,-158.66666666666688,-84.0,0.0,4.400216700026019,1.0,3.0,0.00741895582950286,1.1585203098572845,-169.49740432984783,290.21281200562015,141.33333333333314,-134.7898576270425,67.39492881352125,127.30153220331961,67.39492881352125,-808.7083240514543,404.35416202572713,763.7800838263845,404.35416202572713
167.0,-83.5,-157.72222222222243,-83.5,0.0,4.415211296733565,1.0,3.0,0.007115753838660643,1.165636063695945,-166.57320951507046,293.3831747879198,142.2777777777776,-140.5332481524167,70.26662407620834,132.7258454772842,70.26662407620834,-807.1373259386506,403.5686629693253,762.2963633865129,403.5686629693253
166.0,-83.0,-156.77777777777797,-83.0,0.0,4.430140890631609,1.0,3.0,0.006846941744400453,1.1724830054403454,-163.5918094039125,296.52091703026406,143.22222222222206,-146.05060731206444,73.02530365603222,137.93668468361827,73.02530365603222,-805.813656025336,402.906828012668,761.0462306906071,402.906828012668
165.0,-82.5,-155.8333333333335,-82.5,0.0,4.445005005466603,1.0,3.0,0.006606471855777424,1.179089477296123,-160.55361720280078,299.6250243639568,144.16666666666652,-151.36672369617168,75.68336184808584,142.95746126860848,75.68336184808584,-804.6831198498506,402.3415599249253,759.9785020804223,402.3415599249253
164.0,-82.0,-154.88888888888906,-82.0,0.0,4.459803169628191,1.0,3.0,0.006389688315361519,1.1854791656114845,-157.45906394764737,302.69448834879245,145.11111111111097,-156.50215638779758,78.25107819389879,147.807592144033,78.25107819389879,-803.7062902238462,401.8531451119231,759.0559407669747,401.8531451119231
163.0,-81.5,-153.9444444444446,-81.5,0.0,4.4745349160881105,1.0,3.0,0.006192940485182041,1.1916721060966666,-154.30859841020444,305.7283067850266,146.05555555555543,-161.47418215833008,80.73709107916504,152.50339426064713,80.73709107916504,-802.853794966876,401.426897483438,758.25080635762,401.426897483438
162.0,-81.0,-153.00000000000014,-81.0,0.0,4.489199782341067,1.0,3.0,0.006013320009203016,1.1976854261058696,-151.10268699897304,308.72548402377396,146.9999999999999,-166.29748599269135,83.14874299634567,157.0587367708773,83.14874299634567,-802.1033018331876,401.0516509165938,757.5420072869118,401.0516509165938
161.0,-80.5,-152.05555555555569,-80.5,0.0,4.503797310346785,1.0,3.0,0.00584847734875088,1.2035339034546204,-147.84181365469396,311.6850312757392,147.94444444444434,-170.98467521868574,85.49233760934287,161.4855265954276,85.49233760934287,-801.4375274951734,400.7187637475867,756.9132204121155,400.7187637475867
160.0,-80.0,-151.11111111111123,-80.0,0.0,4.518327046474055,1.0,3.0,0.0056964908725038454,1.2092303943271243,-144.5264797404491,314.6059669181858,148.8888888888888,-175.54666941131225,87.77333470565613,165.79407666624158,87.77333470565613,-800.842886389333,400.4214431946665,756.3516149232701,400.4214431946665
159.0,-79.5,-150.16666666666677,-79.5,0.0,4.532788541446158,1.0,3.0,0.005555771584901337,1.2147861659120256,-141.15720392640355,317.4873168000487,149.83333333333326,-179.99300092135962,89.99650046067981,169.99338975906414,89.99650046067981,-800.308551584627,400.1542757923135,755.8469653854893,400.1542757923135
158.0,-79.0,-149.2222222222223,-79.0,0.0,4.547181350287922,1.0,3.0,0.0054249925646561725,1.2202111584766817,-137.73452206922127,320.3281145450984,150.77777777777771,-184.33204987505613,92.16602493752806,174.09138043755533,92.16602493752806,-799.8257881430942,399.9128940715471,755.3910221351524,399.9128940715471
157.0,-78.5,-148.27777777777786,-78.5,0.0,4.561505032273042,1.0,3.0,0.0053030358784476594,1.2255141943551293,-134.25898708618874,323.1274018530622,151.72222222222217,-188.57123031434915,94.28561515717458,178.09505085244325,94.28561515717458,-799.3874709620084,399.6937354810042,754.977055908576,399.6937354810042
156.0,-78.0,-147.3333333333334,-78.0,0.0,4.575759150874746,1.0,3.0,0.005188952074282244,1.2307031464294116,-130.73116882408036,325.8842287986115,152.66666666666663,-192.71713935386822,96.35856967693411,182.01063161198908,96.35856967693411,-798.9877301174582,399.4938650587291,754.5995228887193,399.4938650587291
155.0,-77.5,-146.38888888888894,-77.5,0.0,4.589943273716499,1.0,3.0,0.005081928876370351,1.235785075305782,-127.15165392280431,328.5976541281233,153.6111111111111,-196.77567796151865,98.38783898075933,185.84369585254788,98.38783898075933,-798.6216860534121,399.31084302670604,754.2538146060111,399.31084302670604
154.0,-77.0,-145.44444444444449,-77.0,0.0,4.604056972523685,1.0,3.0,0.004981266708771914,1.2407663420145538,-123.52104567386723,331.26674555412427,154.55555555555554,-200.75214969698982,100.37607484849491,189.59925249160403,100.37607484849491,-798.2852491051563,399.1426245525781,753.9360685993247,399.1426245525781
153.0,-76.5,-144.50000000000003,-76.5,0.0,4.618099823078006,1.0,3.0,0.0048863593542256,1.2456527013687795,-119.83996387369724,333.8905800473285,155.5,-204.65134213577926,102.32567106788963,193.28182312823856,102.32567106788963,-797.9749658439415,398.98748292197075,753.6430232970662,398.98748292197075
152.0,-76.0,-143.55555555555557,-76.0,0.0,4.6320714051711445,1.0,3.0,0.004796678521484021,1.2504493798902634,-116.10904467186845,336.4682441261773,156.44444444444446,-208.4775945523733,104.23879727618665,196.89550596613296,104.23879727618665,-797.6878999617288,398.8439499808644,753.3719055194188,398.8439499808644
151.0,-75.5,-142.61111111111111,-75.5,0.0,4.6459713025618194,1.0,3.0,0.004711761420648386,1.2551611413109118,-112.32894041426884,338.9988341437944,157.3888888888889,-212.2348545954982,106.1174272977491,200.4440293401954,106.1174272977491,-797.4215389300917,398.71076946504587,753.1203423228718,398.71076946504587
150.0,-75.0,-141.66666666666666,-75.0,0.0,4.659799102932362,1.0,3.0,0.00463120067722822,1.25979234198814,-108.50031948125762,341.48145657226706,158.33333333333337,-215.92672606847634,107.96336303423817,203.93079684245262,107.96336303423817,-797.1737202257722,398.5868601128861,752.8862913243578,398.5868601128861
149.0,-74.5,-140.7222222222222,-74.5,0.0,4.673554397847101,1.0,3.0,0.004554636081809338,1.2643469780699494,-104.62386612085827,343.91522828416663,159.27777777777783,-219.55650946381118,109.77825473190559,207.35892560471333,109.77825473190559,-796.9425723894185,398.47128619470925,752.6679850344574,398.47128619470925
148.0,-74.0,-139.77777777777774,-74.0,0.0,4.687236782711045,1.0,3.0,0.004481747793111834,1.2688287258630613,-100.70028027703546,346.2992768312207,160.22222222222229,-223.12723655198477,111.56361827599238,210.73127896576622,111.56361827599238,-796.726467665487,398.3632338327435,752.4638861285285,398.3632338327435
147.0,-73.5,-138.8333333333333,-73.5,0.0,4.7008458567316795,1.0,3.0,0.004412250701209985,1.2732409765642712,-96.73027741310426,348.6327407200537,161.16666666666674,-226.6417000570235,113.32085002851176,214.05049449830284,113.32085002851176,-796.5239835703474,398.2619917851737,752.2726511497775,398.2619917851737
146.0,-73.0,-137.88888888888883,-73.0,0.0,4.71438122287924,1.0,3.0,0.004345889723903873,1.277586866288175,-92.71458833032419,350.91476968490826,162.1111111111112,-230.10247924599807,115.05123962299903,217.31900817677885,115.05123962299903,-796.3338715059997,398.16693575299985,752.0931008667874,398.16693575299985
145.0,-72.5,-136.94444444444437,-72.5,0.0,4.7278424878492755,1.0,3.0,0.004282435858987854,1.281869302147163,-88.65395898173007,353.14452495726596,163.05555555555566,-233.51196210007805,116.75598105003903,220.53907531674335,116.75598105003903,-796.1550310027908,398.0775155013954,751.9241959470968,398.0775155013954
144.0,-72.0,-135.99999999999991,-72.0,0.0,4.741229262026907,1.0,3.0,0.00422168285291652,1.2860909850000795,-84.54915028125262,355.32117953228305,164.0000000000001,-236.87236460909665,118.43618230454832,223.71278879748317,118.43618230454832,-795.9864883495767,397.99324417478834,751.7650167746081,397.99324417478834
143.0,-71.5,-135.05555555555546,-71.5,0.0,4.754541159450349,1.0,3.0,0.004163444375253844,1.2902544293753333,-80.40093790818563,357.44391843195945,164.94444444444457,-240.18574763329948,120.09287381664974,226.8420949870081,120.09287381664974,-795.8273788636408,397.9136894318204,751.6147467045557,397.9136894318204
142.0,-71.0,-134.111111111111,-71.0,0.0,4.767777797777236,1.0,3.0,0.004107551610581517,1.2943619809859148,-76.21011210705527,359.5119389649609,165.88888888888903,-243.45403169710323,121.72701584855162,229.9288077139339,121.72701584855162,-795.6769320644149,397.83846603220746,751.4726580608482,397.83846603220746
141.0,-70.5,-133.16666666666654,-70.5,0.0,4.7809387982492595,1.0,3.0,0.004053851196878122,1.298415832182793,-71.97747748295144,361.5244509830121,166.83333333333348,-246.67901001647226,123.33950500823613,232.9746205711158,123.33950500823613,-795.5344591465386,397.7672295732693,751.3381003050705,397.7672295732693
140.0,-70.0,-132.2222222222221,-70.0,0.0,4.79402378566113,1.0,3.0,0.004002203452951381,1.3024180356357444,-67.70385279237846,363.480677133785,167.77777777777794,-249.86236001134506,124.93118000567253,235.9811177884957,124.93118000567253,-795.3993424610208,397.6996712305104,751.2104901020878,397.6996712305104
139.0,-69.5,-131.27777777777763,-69.5,0.0,4.807032388327606,1.0,3.0,0.003952480848214646,1.306370516483959,-63.39007072968761,365.3798531102009,168.7222222222224,-253.00565351296586,126.50282675648293,238.94978387335985,126.50282675648293,-795.2710265606303,397.63551328031514,751.0893028628294,397.63551328031514
138.0,-69.0,-130.33333333333317,-69.0,0.0,4.819964238052455,1.0,3.0,0.0039045666765998854,1.3102750831605587,-59.0369777091538,367.22122789607215,169.66666666666686,-256.1103658423969,128.05518292119845,241.88201218448918,128.05518292119845,-795.1490105259834,397.5745052629917,750.9740654967678,397.5745052629917
137.0,-68.5,-129.38888888888872,-68.5,0.0,4.8328189700977395,1.0,3.0,0.0038583539031795677,1.3141334370637383,-54.645433642759855,369.0040640080058,170.6111111111113,-259.1778839094896,129.5889419547448,244.7791125811879,129.5889419547448,-795.0328414832117,397.5164207416058,750.8643502897129,397.5164207416058
136.0,-68.0,-128.44444444444426,-68.0,0.0,4.845596223155464,1.0,3.0,0.0038137441575303854,1.3179471812212686,-50.21631171375233,370.7276377334963,171.55555555555577,-262.20951345817883,131.10475672908942,247.64231826606112,131.10475672908942,-794.9221089472436,397.4610544736218,750.759769561303,397.4610544736218
135.0,-67.5,-127.49999999999982,-67.5,0.0,4.8582956393173236,1.0,3.0,0.003770646852270354,1.321717828073539,-45.75049814603709,372.3912393651312,172.50000000000017,-265.2064855656949,132.60324278284745,250.47279192315588,132.60324278284745,-794.8164399727476,397.4082199863738,750.6599710843803,397.4082199863738
134.0,-67.0,-126.55555555555537,-67.0,0.0,4.870916864047351,1.0,3.0,0.0037289784087813915,1.3254468064823204,-41.24889196948098,373.9941734308403,173.44444444444463,-268.1699624876144,134.0849812438072,253.27163123830206,134.0849812438072,-794.7154949840616,397.3577474920308,750.564634151612,397.3577474920308
133.0,-66.5,-125.61111111111093,-66.5,0.0,4.883459546154703,1.0,3.0,0.003688661575044161,1.3291354680573646,-36.712404781188155,375.5357589201151,174.38888888888908,-271.1010429272067,135.55052146360336,256.0398738756948,135.55052146360336,-794.6189640770176,397.3094820385088,750.4734660727346,397.3094820385088
132.0,-66.0,-124.66666666666649,-66.0,0.0,4.895923337767121,1.0,3.0,0.003649624822909814,1.3327850928802745,-32.14196050282166,377.0153295061291,175.33333333333348,-274.0007667973646,137.0003833986823,258.7785019752883,137.0003833986823,-794.5265639238743,397.26328196193714,750.3861992614238,397.26328196193714
131.0,-65.5,-123.72222222222204,-65.5,0.0,4.9083078943045075,1.0,3.0,0.003611801814102533,1.336396894694377,-27.538495134041835,378.4322337636902,176.27777777777794,-276.8701195329836,138.4350597664918,261.48844622559517,138.4350597664918,-794.4380348931347,397.21901744656736,750.3025885101863,397.21901744656736
130.0,-65.0,-122.7777777777776,-65.0,0.0,4.920612874454271,1.0,3.0,0.0035751309258759134,1.339972025620253,-22.90295650213309,379.7858353829581,177.2222222222224,-279.7100360051757,139.85501800258785,264.1705895604433,139.85501800258785,-794.3531386885442,397.1765693442721,750.2224087614179,397.1765693442721
129.0,-64.5,-121.83333333333316,-64.5,0.0,4.932837940146054,1.0,3.0,0.0035395548286071277,1.34351158044886,-18.236304007893718,381.07551337885934,178.16666666666686,-282.52140408107414,141.26070204053707,266.825770521014,141.26070204053707,-794.2716561915319,397.13582809576593,750.1454530697703,397.13582809576593
128.0,-64.0,-120.88888888888872,-64.0,0.0,4.944982756528508,1.0,3.0,0.0035050201087357125,1.3470166005575956,-13.539508367862336,382.3006622961361,179.1111111111113,-285.3050678675631,142.65253393378154,269.4547863193647,142.65253393378154,-794.1933855247058,397.0966927623529,750.071530773336,397.0966927623529
127.0,-63.5,-119.94444444444427,-63.5,0.0,4.9570469919458295,1.0,3.0,0.003471476931406703,1.3504880774890022,-8.813551352957543,383.46069240996485,180.0555555555557,-288.06183067297945,144.03091533648973,272.05839563559124,144.03091533648973,-794.1181404594188,397.0590702297094,750.0004659894411,397.0590702297094
126.0,-63.0,-118.99999999999983,-63.0,0.0,4.969030317914796,1.0,3.0,0.0034388787379677765,1.35392695622697,-4.059425523607952,384.5550299220814,181.00000000000017,-290.7924577157249,145.39622885786244,274.6373211759619,145.39622885786244,-794.0457488649639,397.02287443248196,749.9320961502427,397.02287443248196
125.0,-62.5,-118.05555555555539,-62.5,0.0,4.980932409102488,1.0,3.0,0.0034087149768519676,1.357335671203822,0.721866038549327,385.5831171523538,181.94444444444463,-293.36568378137275,146.68284189068638,277.0675902379627,146.68284189068638,-754.8962242728398,377.4481121364199,712.9575451465728,377.4481121364199
124.0,-62.0,-117.11111111111094,-62.0,0.0,4.9927529433049935,1.0,3.0,0.003401360544217691,1.3607370317480396,5.529310002323291,386.5444127257401,182.88888888888903,-294.00000000000927,147.00000000000463,277.666666666675,147.00000000000463,-186.48896827914083,93.24448413957042,176.12847004142006,93.24448413957042
123.0,-61.5,-116.1666666666665,-61.5,0.0,5.004491601427161,1.0,3.0,0.003401360544217691,1.3641383922922574,10.361883061896654,387.4383917545762,183.83333333333348,-293.99999999999005,146.99999999999503,277.66666666665685,146.99999999999503,5.648644219036024e-09,-2.824322109518012e-09,-5.33111688127956e-09,-2.824322109518012e-09
122.0,-61.0,-115.22222222222206,-61.0,0.0,5.016148067460413,1.0,3.0,0.003401360544217691,1.3675397528364752,15.21855221494325,388.2645460161342,184.77777777777794,-293.99999999999005,146.99999999999503,277.66666666665685,146.99999999999503,0.0,0.0,0.0,0.0
121.0,-60.5,-114.27777777777762,-60.5,0.0,5.027722028464275,1.0,3.0,0.003401360544217691,1.370941113380693,20.0982750438559,389.0223841253974,185.7222222222224,-293.99999999999005,146.99999999999503,277.66666666665685,146.99999999999503,0.0,0.0,0.0,0.0
120.0,-60.0,-113.33333333333317,-60.0,0.0,5.039213174546627,1.0,3.0,0.003401360544217691,1.3743424739249108,24.999999999999993,389.71143170299746,186.66666666666686,-293.99999999999005,146.99999999999503,277.66666666665685,146.99999999999503,0.0,0.0,0.0,0.0
119.0,-59.5,-112.38888888888873,-59.5,0.0,5.0506211988442935,1.0,3.0,0.003401360544217691,1.3777438344691286,29.922666690908606,390.3312315382607,187.61111111111126,-293.99999999999005,146.99999999999503,277.66666666665685,146.99999999999503,0.0,0.0,0.0,0.0
118.0,-59.0,-111.44444444444429,-59.0,0.0,5.061945797505533,1.0,3.0,0.003401360544217691,1.3811451950133464,34.86520617033545,390.8813437473135,188.5555555555557,-293.99999999999005,146.99999999999503,277.66666666665685,146.99999999999503,0.0,0.0,0.0,0.0
117.0,-58.5,-110.49999999999984,-58.5,0.0,5.0731866696708545,1.0,3.0,0.003401360544217691,1.3845465555575642,39.82654123107782,391.36134592619663,189.50000000000017,-293.99999999999005,146.99999999999503,277.66666666665685,146.99999999999503,0.0,0.0,0.0,0.0
116.0,-58.0,-109.5555555555554,-58.0,0.0,5.084343517457221,1.0,3.0,0.0034013605442176353,1.3879479161017818,44.8055867004857,391.77083329894,190.44444444444457,-294.00000000000927,147.00000000000463,277.666666666675,147.00000000000463,-5.648644219036392e-09,2.824322109518196e-09,5.331116881279908e-09,2.824322109518196e-09
115.0,-57.5,-108.61111111111096,-57.5,0.0,5.095416045939344,1.0,3.0,0.003401360544217691,1.3913492766459994,49.801249738566064,392.1094188605515,191.38888888888903,-294.00000000000927,147.00000000000463,277.666666666675,147.00000000000463,0.0,0.0,0.0,0.0
114.0,-57.0,-107.66666666666652,-57.0,0.0,5.106403963133926,1.0,3.0,0.003401360544217691,1.3947506371902172,54.81243013859669,392.37673351487626,192.33333333333348,-293.99999999999005,146.99999999999503,277.66666666665685,146.99999999999503,5.648644219036024e-09,-2.824322109518012e-09,-5.33111688127956e-09,-2.824322109518012e-09
113.0,-56.5,-106.72222222222207,-56.5,0.0,5.117306979983859,1.0,3.0,0.003401360544217691,1.398151997734435,59.83802063015977,392.57242620728016,193.27777777777794,-293.99999999999005,146.99999999999503,277.66666666665685,146.99999999999503,0.0,0.0,0.0,0.0
112.0,-56.0,-105.77777777777763,-56.0,0.0,5.128124810341562,1.0,3.0,0.003401360544217691,1.4015533582786528,64.87690718450425,392.696164052118,194.2222222222224,-293.99999999999005,146.99999999999503,277.66666666665685,146.99999999999503,0.0,0.0,0.0,0.0
111.0,-55.5,-104.83333333333319,-55.5,0.0,5.138857170954519,1.0,3.0,0.003401360544217691,1.4049547188228706,69.9279693221481,392.7476324549443,195.1666666666668,-293.99999999999005,146.99999999999503,277.66666666665685,146.99999999999503,0.0,0.0,0.0,0.0
110.0,-55.0,-103.88888888888874,-55.0,0.0,5.149503781449797,1.0,3.0,0.003401360544217691,1.4083560793670884,74.99008042262776,392.72653522942966,196.11111111111126,-293.99999999999005,146.99999999999503,277.66666666665685,146.99999999999503,0.0,0.0,0.0,0.0
109.0,-54.5,-102.9444444444443,-54.5,0.0,5.160064364319674,1.0,3.0,0.003401360544217691,1.4117574399113062,80.06210803630363,392.63259470894326,197.0555555555557,-293.99999999999005,146.99999999999503,277.66666666665685,146.99999999999503,0.0,0.0,0.0,0.0
108.0,-54.0,-101.99999999999986,-54.0,0.0,5.170538644907503,1.0,3.0,0.003401360544217691,1.415158800455524,85.1429141981288,392.46555185276765,198.0000000000001,-293.99999999999005,146.99999999999503,277.66666666665685,146.99999999999503,0.0,0.0,0.0,0.0
107.0,-53.5,-101.05555555555542,-53.5,0.0,5.180926351394078,1.0,3.0,0.003401360544217691,1.4185601609997418,90.23135574328798,392.2251663469115,198.94444444444457,-293.99999999999005,146.99999999999503,277.66666666665685,146.99999999999503,0.0,0.0,0.0,0.0
106.0,-53.0,-100.11111111111097,-53.0,0.0,5.191227214783823,1.0,3.0,0.003401360544217691,1.4219615215439596,95.32628462461226,391.91121669948706,199.88888888888903,-293.99999999999005,146.99999999999503,277.66666666665685,146.99999999999503,0.0,0.0,0.0,0.0
105.0,-52.5,-99.16666666666653,-52.5,0.0,5.201440968891766,1.0,3.0,0.003401360544217691,1.4253628820881774,100.42654823167594,391.52350033062254,200.83333333333348,-293.99999999999005,146.99999999999503,277.66666666665685,146.99999999999503,0.0,0.0,0.0,0.0
104.0,-52.0,-98.22222222222209,-52.0,0.0,5.211567350331497,1.0,3.0,0.003401360544217691,1.4287642426323952,105.53098971148101,391.06183365687986,201.77777777777794,-293.99999999999005,146.99999999999503,277.66666666665685,146.99999999999503,0.0,0.0,0.0,0.0
103.0,-51.5,-97.27777777777764,-51.5,0.0,5.221606098501267,1.0,3.0,0.003401360544217691,1.432165603176613,110.63844829063189,390.52605217015054,202.72222222222234,-293.99999999999005,146.99999999999503,277.66666666665685,146.99999999999503,0.0,0.0,0.0,0.0
102.0,-51.0,-96.3333333333332,-51.0,0.0,5.23155695557352,1.0,3.0,0.003401360544217691,1.4355669637208308,115.74775959890752,389.9160105110039,203.6666666666668,-293.99999999999005,146.99999999999503,277.66666666665685,146.99999999999503,0.0,0.0,0.0,0.0
101.0,-50.5,-95.38888888888876,-50.5,0.0,5.241419666481914,1.0,3.0,0.003401360544217691,1.4389683242650486,120.85775599413199,389.2315825364629,204.61111111111126,-293.99999999999005,146.99999999999503,277.66666666665685,146.99999999999503,0.0,0.0,0.0,0.0
100.0,-50.0,-94.44444444444431,-50.0,0.0,5.251193978910695,1.0,3.0,0.003401360544217691,1.4423696848092664,125.9672668882487,388.4726613821862,205.55555555555566,-293.99999999999005,146.99999999999503,277.66666666665685,146.99999999999503,0.0,0.0,0.0,0.0
99.0,-49.5,-93.49999999999987,-49.5,0.0,5.26087964328271,1.0,3.0,0.0034013605442176353,1.445771045353484,131.07511907449964,387.63915951903533,206.5000000000001,-294.00000000000927,147.00000000000463,277.666666666675,147.00000000000463,-5.648644219036392e-09,2.824322109518196e-09,5.331116881279908e-09,2.824322109518196e-09
98.0,-49.0,-92.55555555555543,-49.0,0.0,5.2704764127492725,1.0,3.0,0.003401360544217691,1.4491724058977016,136.18013705561373,386.7310088040071,207.44444444444457,-294.00000000000927,147.00000000000463,277.666666666675,147.00000000000463,0.0,0.0,0.0,0.0
97.0,-48.5,-91.61111111111099,-48.5,0.0,5.279984043178615,1.0,3.0,0.003401360544217691,1.4525737664419194,141.28114337290484,385.74816052551495,208.38888888888903,-293.99999999999005,146.99999999999503,277.66666666665685,146.99999999999503,5.648644219036024e-09,-2.824322109518012e-09,-5.33111688127956e-09,-2.824322109518012e-09
96.0,-48.0,-90.66666666666654,-48.0,0.0,5.2894022931469244,1.0,3.0,0.003401360544217691,1.4559751269861372,146.37695893618383,384.6905854430033,209.33333333333348,-293.99999999999005,146.99999999999503,277.66666666665685,146.99999999999503,0.0,0.0,0.0,0.0
95.0,-47.5,-89.7222222222221,-47.5,0.0,5.298730923926896,1.0,3.0,0.003401360544217691,1.459376487530355,151.46640335438335,383.5582738208802,210.27777777777789,-293.99999999999005,146.99999999999503,277.66666666665685,146.99999999999503,0.0,0.0,0.0,0.0
94.0,-47.0,-88.77777777777766,-47.0,0.0,5.307969699478955,1.0,3.0,0.003401360544217691,1.4627778480745728,156.5482952667995,382.3512354567575,211.22222222222234,-293.99999999999005,146.99999999999503,277.66666666665685,146.99999999999503,0.0,0.0,0.0,0.0
93.0,-46.5,-87.83333333333321,-46.5,0.0,5.317118386440868,1.0,3.0,0.003401360544217691,1.4661792086187906,161.6214526748497,381.0694997039867,212.1666666666668,-293.99999999999005,146.99999999999503,277.66666666665685,146.99999999999503,0.0,0.0,0.0,0.0
92.0,-46.0,-86.88888888888877,-46.0,0.0,5.326176754119209,1.0,3.0,0.003401360544217691,1.4695805691630084,166.6846932742492,379.71311548848195,213.1111111111112,-293.99999999999005,146.99999999999503,277.66666666665685,146.99999999999503,0.0,0.0,0.0,0.0
91.0,-45.5,-85.94444444444433,-45.5,0.0,5.335144574479543,1.0,3.0,0.003401360544217691,1.4729819297072262,171.736834787506,378.2821513198237,214.05555555555566,-293.99999999999005,146.99999999999503,277.66666666665685,146.99999999999503,0.0,0.0,0.0,0.0
90.0,-45.0,-84.99999999999989,-45.0,0.0,5.344021622138884,1.0,3.0,0.003401360544217691,1.476383290251444,176.77669529663686,376.77669529663694,215.0000000000001,-293.99999999999005,146.99999999999503,277.66666666665685,146.99999999999503,0.0,0.0,0.0,0.0
89.0,-44.5,-84.05555555555544,-44.5,0.0,5.352807674355321,1.0,3.0,0.003401360544217691,1.4797846507956618,181.80309357600203,375.19685510624106,215.94444444444457,-293.99999999999005,146.99999999999503,277.66666666665685,146.99999999999503,0.0,0.0,0.0,0.0
88.0,-44.0,-83.111111111111,-44.0,0.0,5.361502511021314,1.0,3.0,0.0034013605442176353,1.4831860113398794,186.814849425163,373.5427580185686,216.88888888888903,-294.00000000000927,147.00000000000463,277.666666666675,147.00000000000463,-5.648644219036392e-09,2.824322109518196e-09,5.331116881279908e-09,2.824322109518196e-09
87.0,-43.5,-82.16666666666656,-43.5,0.0,5.3701059146541485,1.0,3.0,0.003401360544217691,1.486587371884097,191.81078400166066,371.8145508743533,217.83333333333343,-294.00000000000927,147.00000000000463,277.666666666675,147.00000000000463,0.0,0.0,0.0,0.0
86.0,-43.0,-81.22222222222211,-43.0,0.0,5.378617670389476,1.0,3.0,0.003401360544217691,1.4899887324283148,196.78972015361768,370.0124000675895,218.77777777777789,-293.99999999999005,146.99999999999503,277.66666666665685,146.99999999999503,5.648644219036024e-09,-2.824322109518012e-09,-5.33111688127956e-09,-2.824322109518012e-09
85.0,-42.5,-80.27777777777767,-42.5,0.0,5.38703756597224,1.0,3.0,0.003401360544217691,1.4933900929725326,201.7504827520626,368.1364915222643,219.72222222222234,-293.99999999999005,146.99999999999503,277.66666666665685,146.99999999999503,0.0,0.0,0.0,0.0
84.0,-42.0,-79.33333333333323,-42.0,0.0,5.3953653917502775,1.0,3.0,0.003401360544217691,1.4967914535167504,206.6918990228792,366.1870306633693,220.66666666666674,-293.99999999999005,146.99999999999503,277.66666666665685,146.99999999999503,0.0,0.0,0.0,0.0
83.0,-41.5,-78.38888888888879,-41.5,0.0,5.403600940665979,1.0,3.0,0.003401360544217691,1.5001928140609682,211.61279887828,364.1642423821988,221.6111111111112,-293.99999999999005,146.99999999999503,277.66666666665685,146.99999999999503,0.0,0.0,0.0,0.0
82.0,-41.0,-77.44444444444434,-41.0,0.0,5.411744008249968,1.0,3.0,0.003401360544217691,1.503594174605186,216.51201524770613,362.06837099594094,222.55555555555566,-293.99999999999005,146.99999999999503,277.66666666665685,146.99999999999503,0.0,0.0,0.0,0.0
81.0,-40.5,-76.4999999999999,-40.5,0.0,5.419794392613712,1.0,3.0,0.003401360544217691,1.5069955351494038,221.38838440805392,359.8996802015735,223.5000000000001,-293.99999999999005,146.99999999999503,277.66666666665685,146.99999999999503,0.0,0.0,0.0,0.0
80.0,-40.0,-75.55555555555546,-40.0,0.0,5.4277518944432614,1.0,3.0,0.003401360544217691,1.5103968956936216,226.24074631313056,357.65845302407644,224.44444444444454,-293.99999999999005,146.99999999999503,277.66666666665685,146.99999999999503,0.0,0.0,0.0,0.0
79.0,-39.5,-74.61111111111101,-39.5,0.0,5.4356163169920135,1.0,3.0,0.003401360544217691,1.5137982562378394,231.06794492223895,355.3449917589739,225.38888888888897,-293.99999999999005,146.99999999999503,277.66666666665685,146.99999999999503,0.0,0.0,0.0,0.0
78.0,-39.0,-73.66666666666657,-39.0,0.0,5.443387466074972,1.0,3.0,0.003401360544217691,1.5171996167820572,235.8688285277946,352.9596179092205,226.33333333333343,-293.99999999999005,146.99999999999503,277.66666666665685,146.99999999999503,0.0,0.0,0.0,0.0
77.0,-38.5,-72.72222222222213,-38.5,0.0,5.451065150061748,1.0,3.0,0.003401360544217691,1.520600977326275,240.64225008187643,350.50267211645206,227.27777777777789,-293.99999999999005,146.99999999999503,277.66666666665685,146.99999999999503,0.0,0.0,0.0,0.0
76.0,-38.0,-71.77777777777769,-38.0,0.0,5.458649179871807,1.0,3.0,0.003401360544217691,1.5240023378704928,245.38706752161406,347.97451408661396,228.2222222222223,-293.99999999999005,146.99999999999503,277.66666666665685,146.99999999999503,0.0,0.0,0.0,0.0
75.0,-37.5,-70.83333333333324,-37.5,0.0,5.466139368966674,1.0,3.0,0.003401360544217691,1.5274036984147106,250.10214409331292,345.3755225099939,229.16666666666674,-293.99999999999005,146.99999999999503,277.66666666665685,146.99999999999503,0.0,0.0,0.0,0.0
74.0,-37.0,-69.8888888888888,-37.0,0.0,5.47353553334629,1.0,3.0,0.003401360544217691,1.5308050589589284,254.78634867522302,342.70609497567597,230.1111111111112,-293.99999999999005,146.99999999999503,277.66666666665685,146.99999999999503,0.0,0.0,0.0,0.0
73.0,-36.5,-68.94444444444436,-36.5,0.0,5.480837491541842,1.0,3.0,0.003401360544217691,1.5342064195031462,259.4385560988516,339.9666478804424,231.05555555555566,-293.99999999999005,146.99999999999503,277.66666666665685,146.99999999999503,0.0,0.0,0.0,0.0
72.0,-36.0,-67.99999999999991,-36.0,0.0,5.488045064610895,1.0,3.0,0.003401360544217691,1.537607780047364,264.0576474687263,337.1576163321491,232.00000000000009,-293.99999999999005,146.99999999999503,277.66666666665685,146.99999999999503,0.0,0.0,0.0,0.0
71.0,-35.5,-67.05555555555547,-35.5,0.0,5.4951580761325545,1.0,3.0,0.003401360544217691,1.5410091405915818,268.64251048051113,334.27945404759834,232.9444444444445,-293.99999999999005,146.99999999999503,277.66666666665685,146.99999999999503,0.0,0.0,0.0,0.0
70.0,-35.0,-66.11111111111103,-35.0,0.0,5.502176352201356,1.0,3.0,0.003401360544217691,1.5444105011357996,273.19203973738166,331.3326332449432,233.88888888888897,-293.99999999999005,146.99999999999503,277.66666666665685,146.99999999999503,0.0,0.0,0.0,0.0
69.0,-34.5,-65.16666666666659,-34.5,0.0,5.509099721423255,1.0,3.0,0.003401360544217691,1.5478118616800174,277.7051370645639,328.3176445306486,234.83333333333343,-293.99999999999005,146.99999999999503,277.66666666665685,146.99999999999503,0.0,0.0,0.0,0.0
68.0,-34.0,-64.22222222222214,-34.0,0.0,5.515928014910056,1.0,3.0,0.00340136054421758,1.551213222224235,282.1807118219428,325.23499678104423,235.77777777777786,-294.00000000000927,147.00000000000463,277.666666666675,147.00000000000463,-5.648644219036392e-09,2.824322109518196e-09,5.331116881279908e-09,2.824322109518196e-09
67.0,-33.5,-63.27777777777769,-33.5,0.0,5.52266106627507,1.0,3.0,0.003401360544217802,1.5546145827684528,286.6176812146468,322.08521701850265,236.7222222222223,-293.99999999999005,146.99999999999503,277.6666666666589,146.99999999999503,5.648644219036024e-09,-2.824322109518012e-09,-4.729486136056789e-09,-2.824322109518012e-09
66.0,-33.0,-62.33333333333324,-33.0,0.0,5.529298711628214,1.0,3.0,0.00340136054421758,1.5580159433126703,291.014970601516,318.868850282277,237.66666666666674,-294.00000000000927,147.00000000000463,277.66666666667703,147.00000000000463,-5.648644219036392e-09,2.824322109518196e-09,5.331116881279908e-09,2.824322109518196e-09
65.0,-32.5,-61.38888888888879,-32.5,0.0,5.535840789572056,1.0,3.0,0.003401360544217802,1.5614173038568882,295.3715138013613,315.586459494036,238.6111111111112,-293.99999999999005,146.99999999999503,277.6666666666589,146.99999999999503,5.648644219036024e-09,-2.824322109518012e-09,-5.33111688127956e-09,-2.824322109518012e-09
64.0,-32.0,-60.44444444444434,-32.0,0.0,5.542287141196604,1.0,3.0,0.00340136054421758,1.5648186644011057,299.6862533969219,312.2386253181347,239.55555555555566,-294.00000000000927,147.00000000000463,277.66666666667703,147.00000000000463,-5.648644219036392e-09,2.824322109518196e-09,5.331116881279908e-09,2.824322109518196e-09
63.0,-31.5,-59.49999999999989,-31.5,0.0,5.548637610076215,1.0,3.0,0.003401360544217802,1.5682200249453235,303.9581410364323,308.8259460166608,240.5000000000001,-293.99999999999005,146.99999999999503,277.6666666666589,146.99999999999503,5.648644219036024e-09,-2.824322109518012e-09,-5.33111688127956e-09,-2.824322109518012e-09
62.0,-31.0,-58.55555555555544,-31.0,0.0,5.554892042264308,1.0,3.0,0.00340136054421758,1.5716213854895411,308.1861377327062,305.34903729929897,241.44444444444457,-294.00000000000927,147.00000000000463,277.66666666667703,147.00000000000463,-5.648644219036392e-09,2.824322109518196e-09,5.331116881279908e-09,2.824322109518196e-09
61.0,-30.5,-57.61111111111099,-30.5,0.0,5.561050286290201,1.0,3.0,0.003401360544217802,1.575022746033759,312.36921415964883,301.80853216805525,242.388888888889,-293.99999999999005,146.99999999999503,277.6666666666589,146.99999999999503,5.648644219036024e-09,-2.824322109518012e-09,-5.33111688127956e-09,-2.824322109518012e-09
60.0,-30.0,-56.66666666666654,-30.0,0.0,5.5671121931549346,1.0,3.0,0.00340136054421758,1.5784241065779765,316.50635094610965,298.20508075688775,243.33333333333346,-294.00000000000927,147.00000000000463,277.66666666667703,147.00000000000463,-5.648644219036392e-09,2.824322109518196e-09,5.331116881279908e-09,2.824322109518196e-09
59.0,-29.5,-55.72222222222209,-29.5,0.0,5.573077616327372,1.0,3.0,0.003401360544217691,1.581825467122194,320.5965389669857,294.5393501662893,244.2777777777779,-294.00000000000927,147.00000000000463,277.66666666667703,147.00000000000463,0.0,0.0,0.0,0.0
58.0,-29.0,-54.777777777777644,-29.0,0.0,5.578946411740973,1.0,3.0,0.003401360544217691,1.5852268276664119,324.63877963148985,290.8120242928695,245.22222222222234,-293.99999999999005,146.99999999999503,277.6666666666589,146.99999999999503,5.648644219036024e-09,-2.824322109518012e-09,-5.33111688127956e-09,-2.824322109518012e-09
57.0,-28.5,-53.833333333333194,-28.5,0.0,5.584718437789723,1.0,3.0,0.003401360544217691,1.5886281882106297,328.6320851684968,287.02380365398693,246.1666666666668,-293.99999999999005,146.99999999999503,277.6666666666589,146.99999999999503,0.0,0.0,0.0,0.0
56.0,-28.0,-52.888888888888744,-28.0,0.0,5.5903935553243915,1.0,3.0,0.003401360544217691,1.5920295487548475,332.5754789088811,283.1754052074811,247.11111111111126,-293.99999999999005,146.99999999999503,277.6666666666589,146.99999999999503,0.0,0.0,0.0,0.0
55.0,-27.5,-51.944444444444294,-27.5,0.0,5.595971627650731,1.0,3.0,0.003401360544217691,1.5954309092990653,336.4679955647646,279.2675621665569,248.0555555555557,-293.99999999999005,146.99999999999503,277.6666666666589,146.99999999999503,0.0,0.0,0.0,0.0
54.0,-27.0,-50.999999999999844,-27.0,0.0,5.601452520524326,1.0,3.0,0.003408714976852023,1.5988396242759173,340.30868150558655,275.30102380987626,249.00000000000017,-293.36568378137275,146.68284189068638,277.0675902379648,146.68284189068638,186.08661120827907,-93.04330560413953,-175.74846614114873,-93.04330560413953
53.0,-26.5,-50.055555555555394,-26.5,0.0,5.606836102148445,1.0,3.0,0.0034388787379677765,1.602278503013885,344.096595030916,271.2765552869108,249.9444444444446,-290.7924577157249,145.39622885786244,274.637321175964,145.39622885786244,748.2747318879102,-374.1373659439551,-706.7039134496948,-374.1373659439551
52.0,-26.0,-49.111111111110944,-26.0,0.0,5.612122243170502,1.0,3.0,0.003471476931406703,1.605749979945292,347.8308066399234,267.19493741861385,250.88888888888906,-288.06183067296104,144.03091533648052,272.0583956355759,144.03091533648052,786.5894248236463,-393.2947124118231,-742.8900123334591,-393.2947124118231
51.0,-25.5,-48.166666666666494,-25.5,0.0,5.617310816679994,1.0,3.0,0.003505020108735768,1.6092550000540276,351.5103992974326,263.056966493468,251.8333333333335,-285.3050678675631,142.65253393378154,269.45478631936675,142.65253393378154,786.5183992888371,-393.2591996444186,-742.8229326616696,-393.2591996444186
50.0,-25.0,-47.222222222222044,-25.0,0.0,5.622401698204194,1.0,3.0,0.0035395548286070166,1.6127945548826346,355.13446869647044,258.8634540589705,252.77777777777794,-282.52140408107414,141.26070204053707,266.825770521016,141.26070204053707,786.4446014484957,-393.2223007242479,-742.7532347013758,-393.2223007242479
49.0,-24.5,-46.277777777777594,-24.5,0.0,5.627394765706242,1.0,3.0,0.0035751309258760244,1.6163696858085106,358.7021235172373,254.61522670861422,253.7222222222224,-279.7100360051757,139.85501800258785,264.1705895604453,139.85501800258785,786.3678657333511,-393.18393286667555,-742.6807620814885,-393.18393286667555
48.0,-24.0,-45.333333333333144,-24.0,0.0,5.632289899582695,1.0,3.0,0.0036118018141024777,1.619981487622613,362.21248568242186,250.3131258644289,254.66666666666686,-276.8701195329836,138.4350597664918,261.48844622559716,138.4350597664918,786.2880131195161,-393.14400655975805,-742.6053457240023,-393.14400655975805
47.0,-23.5,-44.388888888888694,-23.5,0.0,5.637086982659744,1.0,3.0,0.0036496248229098693,1.623631112445523,365.6646906087807,245.9580075551457,255.6111111111113,-274.0007667973646,137.0003833986823,258.7785019752903,137.0003833986823,786.2048497717303,-393.10242488586516,-742.5268025621932,-393.10242488586516
46.0,-23.0,-43.444444444444244,-23.0,0.0,5.641785900191913,1.0,3.0,0.0036886615750441054,1.6273197740205672,369.0578874549095,241.5507421900487,256.55555555555577,-271.1010429272067,135.55052146360336,256.03987387569674,135.55052146360336,786.1181654007111,-393.05908270035553,-742.444933989563,-393.05908270035553
45.0,-22.5,-42.499999999999794,-22.5,0.0,5.646386539858483,1.0,3.0,0.0037289784087813915,1.6310487524293484,372.3912393651312,237.09221432858203,257.5000000000002,-268.1699624876144,134.0849812438072,253.27163123830397,134.0849812438072,786.027731533657,-393.0138657668285,-742.359524226235,-393.0138657668285
44.0,-22.0,-41.555555555555344,-22.0,0.0,5.6508887917620605,1.0,3.0,0.003770646852270354,1.6348193992816187,375.6639237094271,232.5833224457775,258.4444444444447,-265.2064855657105,132.60324278285526,250.4727919231725,132.60324278285526,785.9332995132128,-392.9666497566064,-742.2703384291545,-392.9666497566064
43.0,-21.5,-40.611111111110894,-21.5,0.0,5.6552925484252805,1.0,3.0,0.00381374415753033,1.638633143439149,378.87513231934025,228.02497869357407,259.38888888888914,-262.20951345817883,131.10475672908942,247.64231826605925,131.10475672908942,785.8345981636172,-392.9172990818086,-742.1771204878598,-392.9172990818086
42.0,-21.0,-39.666666666666444,-21.0,0.0,5.659597704789436,1.0,3.0,0.0038583539031796787,1.6424914973423288,382.02407171977933,223.4181086580968,260.33333333333354,-259.17788390947464,129.58894195473732,244.77911258117194,129.58894195473732,785.7313312305872,-392.8656656152936,-742.0795906066699,-392.8656656152936
41.0,-20.5,-38.722222222221994,-20.5,0.0,5.663804158211746,1.0,3.0,0.0039045666765998854,1.6463960640189286,385.1099633566538,218.76365111296838,261.277777777778,-256.1103658423969,128.05518292119845,241.88201218448737,128.05518292119845,785.6231743874428,-392.8115871937214,-741.9774424770405,-392.8115871937214
40.0,-20.0,-37.777777777777544,-20.0,0.0,5.667911808463311,1.0,3.0,0.003952480848214646,1.650348544867143,388.1320438202727,214.06255776872507,262.22222222222246,-253.00565351296586,126.50282675648293,238.94978387335806,126.50282675648293,785.5097718774624,-392.7548859387312,-741.8703401064906,-392.7548859387312
39.0,-19.5,-36.833333333333094,-19.5,0.0,5.671920557727054,1.0,3.0,0.004002203452951325,1.6543507483200943,391.0895650644388,209.31579301841026,263.1666666666669,-249.8623600113589,124.93118000567945,235.98111778850702,124.93118000567945,785.3907325198837,-392.69536625994186,-741.7579140465612,-392.69536625994186
38.0,-19.0,-35.888888888888644,-19.0,0.0,5.675830310596117,1.0,3.0,0.004053851196878178,1.6584045995169725,393.98179462117366,204.52433367942086,264.11111111111137,-246.67901001647226,123.33950500823613,232.97462057111403,123.33950500823613,785.2656252745785,-392.63281263728925,-741.6397572037814,-392.63281263728925
37.0,-18.5,-34.944444444444194,-18.5,0.0,5.67964097407119,1.0,3.0,0.004107551610581517,1.662512151127554,396.80801581100843,199.68916873168274,265.05555555555577,-243.45403169710323,121.72701584855162,229.92880771393217,121.72701584855162,785.1339739861382,-392.5669869930691,-741.5154198757965,-392.5669869930691
36.0,-18.0,-33.999999999999744,-18.0,0.0,5.6833524575595336,1.0,3.0,0.004163444375253733,1.6666755955028076,399.56752794877787,194.81129905223156,266.0000000000002,-240.18574763331227,120.09287381665614,226.84209498701847,120.09287381665614,784.9952513396713,-392.49762566983566,-741.3844040430279,-392.49762566983566
35.0,-17.5,-33.055555555555294,-17.5,0.0,5.6869646728726,1.0,3.0,0.004221682852916575,1.6708972783557243,402.2596465448551,189.89173714627753,266.9444444444447,-236.8723646090842,118.4361823045421,223.7127887974697,118.4361823045421,784.8488718045023,-392.42443590225116,-741.2461567042604,-392.42443590225116
34.0,-17.0,-32.111111111110844,-17.0,0.0,5.690477534224125,1.0,3.0,0.00428243585898791,1.6751797142147122,404.88370350176723,184.93150687483362,267.88888888888914,-233.51196210007805,116.75598105003903,220.53907531674167,116.75598105003903,784.6941833240513,-392.34709166202566,-741.1000620282696,-392.34709166202566
33.0,-16.5,-31.166666666666398,-16.5,0.0,5.693890958229422,1.0,3.0,0.0043458897239038174,1.679525603938616,407.4390473061331,179.93164317898612,268.8333333333336,-230.10247924600984,115.05123962300492,217.31900817678752,115.05123962300492,784.530457667858,-392.265228833929,-740.9454322420588,-392.265228833929
32.0,-16.0,-30.22222222222195,-16.0,0.0,5.697204863902608,1.0,3.0,0.004412250701209985,1.6839378546398258,409.9250432158649,174.89319180089083,269.77777777777806,-226.6417000570235,113.32085002851176,214.05049449830042,113.32085002851176,784.3568789138271,-392.17843945691357,-740.7814967519511,-392.17843945691357
31.0,-15.5,-29.277777777777505,-15.5,0.0,5.700419172655928,1.0,3.0,0.004481747793111834,1.6884196024329376,412.3410734425782,169.81720900157512,270.7222222222225,-223.12723655198477,111.56361827599238,210.73127896576383,111.56361827599238,784.1725298420982,-392.0862649210491,-740.6073892953136,-392.0862649210491
30.0,-15.0,-28.33333333333306,-15.0,0.0,5.703533808297816,1.0,3.0,0.004554636081809393,1.692974238514747,414.6865373291548,164.70476127563023,271.66666666666697,-219.55650946381118,109.77825473190559,207.358925604711,109.77825473190559,783.9763757272705,-391.98818786363523,-740.4221326313113,-391.98818786363523
29.0,-14.5,-27.388888888888612,-14.5,0.0,5.706548697031449,1.0,3.0,0.00463120067722822,1.6976054391919753,416.9608515224061,159.5569250628778,272.6111111111114,-215.92672606847634,107.96336303423817,203.93079684245032,107.96336303423817,783.7672448923701,-391.88362244618503,-740.2246201761276,-391.88362244618503
28.0,-14.0,-26.444444444444166,-14.0,0.0,5.709463767453797,1.0,3.0,0.0047117614206483305,1.7023172006126237,419.16345014078456,154.37478645709515,273.5555555555558,-212.2348545954982,106.1174272977491,200.44402934019317,106.1174272977491,783.5438052527824,-391.7719026263912,-740.013593849855,-391.7719026263912
27.0,-13.5,-25.49999999999972,-13.5,0.0,5.712278950553696,1.0,3.0,0.004796678521484021,1.7071138791341078,421.2937849370927,149.15944091188575,274.5000000000003,-208.47759455236363,104.23879727618181,196.89550596612162,104.23879727618181,783.3045359004071,-391.65226795020357,-739.787617239274,-391.65226795020357
26.0,-13.0,-24.555555555555273,-13.0,0.0,5.714994179711037,1.0,3.0,0.004886359354225656,1.7120002384883335,423.35132545614226,143.9119929437818,275.44444444444474,-204.65134213577926,102.32567106788963,193.28182312823637,102.32567106788963,783.0476924042595,-391.52384620212973,-739.5450428262479,-391.52384620212973
25.0,-12.5,-23.611111111110826,-12.5,0.0,5.717609390695301,1.0,3.0,0.004981266708771859,1.7169815051971054,425.3355591873133,138.63355583266565,276.38888888888914,-200.75214969698982,100.37607484849491,189.5992524916019,100.37607484849491,782.7712641692287,-391.3856320846144,-739.2839717153814,-391.3856320846144
24.0,-12.0,-22.66666666666638,-12.0,0.0,5.720124521664549,1.0,3.0,0.0050819288763703785,1.7220634340734757,427.24599171197156,133.32525131959991,277.3333333333336,-196.77567796151865,98.38783898075933,185.8436958525458,98.38783898075933,782.4729216421551,-391.23646082107757,-739.0022037731457,-391.23646082107757
23.0,-11.5,-21.722222222221934,-11.5,0.0,5.722539513164152,1.0,3.0,0.0051889520742822715,1.727252386147758,429.08214684569555,127.9882093021541,278.27777777777806,-192.71713935386822,96.35856967693411,182.010631611987,96.35856967693411,782.1499504236228,-391.0749752118114,-738.6971754000989,-391.0749752118114
22.0,-11.0,-20.777777777777487,-11.0,0.0,5.7248543081257335,1.0,3.0,0.005303035878447604,1.7325554220262056,430.8435667752735,122.62356752731867,279.2222222222225,-188.57123031434915,94.28561515717458,178.09505085244123,94.28561515717458,781.7991683534924,-390.8995841767462,-738.3658812227407,-390.8995841767462
21.0,-10.5,-19.83333333333304,-10.5,0.0,5.727068851866401,1.0,3.0,0.005424992564656117,1.7379804145908617,432.52981219042897,117.23247128209698,280.16666666666697,-184.33204987505613,92.16602493752806,174.09138043755337,92.16602493752806,781.4168201651238,-390.7084100825619,-738.0047746003964,-390.7084100825619
20.0,-10.0,-18.888888888888594,-10.0,0.0,5.729183092087411,1.0,3.0,0.005555771584901392,1.743536186175763,434.1404624102337,111.81607308186638,281.1111111111114,-179.99300092135962,89.99650046067981,169.99338975906224,89.99650046067981,780.9984423205195,-390.49922116025976,-737.609639969377,-390.49922116025976
19.0,-9.5,-17.944444444444148,-9.5,0.0,5.731196978873383,1.0,3.0,0.00569649087250379,1.749232677048267,435.67511550417123,106.3755323566008,282.0555555555559,-175.54666941131225,87.77333470565613,165.7940766662397,87.77333470565613,780.5386876873869,-390.26934384369343,-737.1754272603129,-390.26934384369343
18.0,-9.0,-16.9999999999997,-9.0,0.0,5.733110464691587,1.0,3.0,0.005848477348750936,1.755081154397018,437.1333884078151,100.91201513504724,283.0000000000003,-170.98467521867926,85.49233760933963,161.48552659541963,85.49233760933963,780.0310953768534,-390.0155476884267,-736.6960345225881,-390.0155476884267
17.0,-8.5,-16.055555555555255,-8.5,0.0,5.73492350439086,1.0,3.0,0.006013320009203071,1.761094474406221,438.51491703308625,95.42669372695006,283.94444444444474,-166.29748599269135,83.14874299634567,157.0587367708755,83.14874299634567,779.467784653818,-389.733892326909,-736.1640188397162,-389.733892326909
16.0,-8.0,-15.111111111110809,-8.0,0.0,5.736636055201075,1.0,3.0,0.006192940485182041,1.767287414891403,439.8193563730564,89.92074640341625,284.8888888888892,-161.47418215833008,80.73709107916504,152.5033942606454,80.73709107916504,778.8390419546236,-389.4195209773118,-735.5702062904807,-389.4195209773118
15.0,-7.5,-14.166666666666362,-7.5,0.0,5.738248076731932,1.0,3.0,0.006389688315361464,1.7736771032067646,441.04638060126626,84.3953570755171,285.8333333333336,-156.50215638779758,78.25107819389879,147.80759214403136,78.25107819389879,778.1327547040365,-389.06637735201826,-734.9031572204802,-389.06637735201826
14.0,-7.0,-13.222222222221916,-7.0,0.0,5.739759530972962,1.0,3.0,0.0066064718557774516,1.780283575062542,442.1956831655298,78.85171497122047,286.77777777777806,-151.36672369617168,75.68336184808584,142.95746126860686,75.68336184808584,777.333621293626,-388.666810646813,-734.1484201106512,-388.666810646813
13.0,-6.5,-12.27777777777747,-6.5,0.0,5.741170382292295,1.0,3.0,0.00684694174440037,1.7871305168069425,443.2669768761939,73.29101431074973,287.7222222222225,-146.05060731206444,73.02530365603222,137.9366846836167,73.02530365603222,776.4220264404773,-388.21101322023867,-733.2874694160057,-388.21101322023867
12.0,-6.0,-11.333333333333023,-6.0,0.0,5.74248059743621,1.0,3.0,0.007115753838660699,1.794246270645603,444.2599939888295,67.71445398046528,288.66666666666697,-140.5332481524167,70.26662407620834,132.7258454772827,70.26662407620834,775.372403928787,-387.6862019643935,-732.2961592660802,-387.6862019643935
11.0,-5.5,-10.388888888888577,-5.5,0.0,5.743690145528642,1.0,3.0,0.007418955829502916,1.801665226475106,445.1744862813275,62.12323720536502,289.6111111111114,-134.78985762703846,67.39492881351923,127.30153220331437,67.39492881351923,774.1507912122134,-387.0753956061067,-731.1424139226451,-387.0753956061067
10.0,-5.0,-9.44444444444413,-5.0,0.0,5.744798998070717,1.0,3.0,0.007764572792762214,1.8094297992678683,446.010225125378,56.51857122030066,290.5555555555559,-128.79008629195351,64.39504314597676,121.63508149795634,64.39504314597676,772.711067977579,-386.3555339887895,-729.7826753121616,-386.3555339887895
9.0,-4.5,-8.499999999999684,-4.5,0.0,5.745807128939965,1.0,3.0,0.008163525317832487,1.8175933245857008,446.7670015523096,50.901666940007466,291.50000000000034,-122.49609832355023,61.248049161775114,115.69075952779768,61.248049161775114,770.9889690247711,-385.49448451238555,-728.1562485233943,-385.49448451238555
8.0,-4.0,-7.555555555555237,-4.0,0.0,5.746714514390245,1.0,3.0,0.008631129568509088,1.8262244541542099,447.4446263132701,45.27373862804446,292.4444444444448,-115.85969044521441,57.929845222607206,109.42304097603606,57.929845222607206,768.8921624521698,-384.4460812260849,-726.1759312048287,-384.4460812260849
7.0,-3.5,-6.611111111110791,-3.5,0.0,5.7475211330510785,1.0,3.0,0.009189672986398834,1.8354141271406088,448.0429299337311,39.63600356474377,293.3888888888892,-108.81780031564092,54.40890015782046,102.7723669647722,54.40890015782046,766.2829939646107,-383.14149698230534,-723.7117165221333,-383.14149698230534
6.0,-3.0,-5.6666666666663446,-3.0,0.0,5.748226965927454,1.0,3.0,0.009873116730425902,1.8452872438710348,448.56176276229814,33.98968171426671,294.33333333333366,-101.28513895903784,50.64256947951892,95.65818679464705,50.64256947951892,762.946652234918,-381.473326117459,-720.5607271107575,-381.473326117459
5.0,-2.5,-4.722222222221898,-2.5,0.0,5.748831996399354,1.0,3.0,0.010736376051143748,1.8560236199221785,449.00099501381357,28.335995390865694,295.2777777777781,-93.14129788640183,46.570648943200915,87.96678133715746,46.570648943200915,758.5279272859045,-379.26396364295226,-716.387486881135,-379.26396364295226
4.0,-2.0,-3.7777777777774517,-2.0,0.0,5.74933621022162,1.0,3.0,0.01187561435781992,1.8678992342799985,449.36051680673876,22.676168924450362,296.2222222222225,-84.20616987629825,42.103084938149124,79.52804932761518,42.103084938149124,752.392907085253,-376.1964535426265,-710.5933011360728,-376.1964535426265
3.0,-1.5,-2.8333333333330053,-1.5,0.0,5.749739595523664,1.0,3.0,0.013479427877099992,1.8813786621570985,449.64023819480406,17.011428325557112,297.16666666666697,-74.1871249371708,37.0935624685854,70.06561799621701,37.0935624685854,743.2841386501772,-371.6420693250886,-701.990575391835,-371.6420693250886
2.0,-1.0,-1.8888888888885589,-1.0,0.0,5.750042142809201,1.0,3.0,0.01598909175430341,1.8973677539114018,449.84008919291693,11.34300094982113,298.1111111111114,-62.542639404821756,31.271319702410878,59.06804832677623,31.271319702410878,728.2768597043697,-364.13842985218486,-687.8170341652399,-364.13842985218486
1.0,-0.5,-0.9444444444441124,-0.5,0.0,5.750243844956191,1.0,3.0,0.02083739006289409,1.918205143974296,449.9600197973211,5.672115162050245,299.0555555555559,-47.990655114756024,23.995327557378012,45.32450760838079,23.995327557378012,698.3592592998924,-349.1796296499462,-659.5615226721217,-349.1796296499462
0.0,0.0,3.341771304121721e-13,0.0,0.0,5.7503446972166685,1.0,3.0,0.0503059096942976,1.9685110536685935,450.0,5.878304635907296e-14,300.00000000000034,-19.878380215701707,9.939190107850854,18.774025759273876,9.939190107850854,558.826489171729,-279.4132445858645,-527.7805731066343,-279.4132445858645
