J1_Position,J2_Position,J3_Position,J4_Position,Error,MM_Step,Deg_step,Move_ID,Time,Time_Total,X,Y,Z,J1_Velocity,J2_Velocity,J3_Velocity,J4_Velocity,J1_Acceleration,J2_Acceleration,J3_Acceleration,J4_Acceleration
0.0,0.0,0.0,0.0,0.0,0.0,0.0,1.0,0.0,0.0,450.0,5.878304635907296e-14,300.0,0.0,0.0,0.0,0.0,0.0,0.0,0.0,0.0
1.0,-0.5,-0.9444444444444444,-0.5,0.0,5.7503446972166685,1.0,2.0,0.0,0.0,449.9600197973211,5.672115162050245,299.05555555555554,0.0,0.0,0.0,0.0,0.0,0.0,0.0,0.0
2.0,-1.0,-1.8888888888888888,-1.0,0.0,5.750243844956191,1.0,2.0,0.07114329975719177,0.07114329975719177,449.84008919291693,11.34300094982113,298.1111111111111,14.056137449527162,-7.028068724763581,-13.275240924553431,-7.028068724763581,197.57499999999996,-98.78749999999998,-186.59861111111107,-98.78749999999998
3.0,-1.5,-2.833333333333333,-1.5,0.0,5.750042142809201,1.0,2.0,0.015989091754303325,0.0871323915114951,449.64023819480406,17.011428325557112,297.16666666666663,62.54263940482165,-31.271319702410825,-59.06804832677599,-31.271319702410825,3032.4738077911625,-1516.2369038955812,-2864.003040691653,-1516.2369038955812
4.0,-2.0,-3.7777777777777777,-2.0,0.0,5.749739595523654,1.0,2.0,0.01347942787710002,0.10061181938859512,449.36051680673876,22.676168924450362,296.22222222222223,74.18712493717064,-37.09356246858532,-70.06561799621673,-37.09356246858532,863.8709030174504,-431.9354515087252,-815.8780750720389,-431.9354515087252
5.0,-2.5,-4.722222222222222,-2.5,0.0,5.749336210221629,1.0,2.0,0.011875614357819891,0.11248743374641501,449.00099501381357,28.335995390865694,295.27777777777777,84.20616987629923,-42.103084938149614,-79.52804932761596,-42.103084938149614,843.6654001425383,-421.83270007126913,-796.7951001346199,-421.83270007126913
6.0,-3.0,-5.666666666666667,-3.0,0.0,5.748831996399345,1.0,2.0,0.010736376051143706,0.12322380979755872,448.56176276229814,33.98968171426671,294.33333333333337,93.14129788640122,-46.57064894320061,-87.96678133715673,-46.57064894320061,832.229419642037,-416.1147098210185,-785.9944518841462,-416.1147098210185
7.0,-3.5,-6.611111111111112,-3.5,0.0,5.748226965927454,1.0,2.0,0.009873116730425943,0.13309692652798466,448.0429299337311,39.63600356474377,293.3888888888889,101.28513895903855,-50.642569479519274,-95.65818679464753,-50.642569479519274,824.8500747023975,-412.42503735119874,-779.0250705522634,-412.42503735119874
8.0,-4.0,-7.555555555555556,-4.0,0.0,5.747521133051088,1.0,2.0,0.009189672986398889,0.14228659951438355,447.4446263132701,45.27373862804446,292.44444444444446,108.81780031564159,-54.408900157820796,-102.77236696477263,-54.408900157820796,819.6876393481798,-409.8438196740899,-774.1494371621698,-409.8438196740899
9.0,-4.5,-8.5,-4.5,0.0,5.746714514390245,1.0,2.0,0.008631129568509116,0.15091772908289267,446.7670015523096,50.901666940007466,291.5,115.85969044521404,-57.92984522260702,-109.4230409760354,-57.92984522260702,815.8712105614724,-407.9356052807362,-770.5450321969339,-407.9356052807362
10.0,-5.0,-9.444444444444445,-5.0,0.0,5.745807128939965,1.0,2.0,0.008163525317832432,0.1590812544007251,446.010225125378,56.51857122030066,290.55555555555554,122.49609832355107,-61.24804916177553,-115.69075952779825,-61.24804916177553,812.934071979961,-406.4670359899805,-767.7710679810876,-406.4670359899805
11.0,-5.5,-10.38888888888889,-5.5,0.0,5.744798998070717,1.0,2.0,0.007764572792762242,0.16684582719348734,445.1744862813275,62.12323720536502,289.6111111111111,128.79008629195303,-64.39504314597652,-121.63508149795568,-64.39504314597652,810.6032535710033,-405.30162678550164,-765.569739483728,-405.30162678550164
12.0,-6.0,-11.333333333333334,-6.0,0.0,5.743690145528642,1.0,2.0,0.00741895582950286,0.1742647830229902,444.2599939888295,67.71445398046528,288.66666666666663,134.7898576270415,-67.39492881352075,-127.30153220331698,-67.39492881352075,808.7083240513792,-404.3541620256896,-763.7800838262983,-404.3541620256896
13.0,-6.5,-12.277777777777779,-6.5,0.0,5.742480597436201,1.0,2.0,0.007115753838660643,0.18138053686165084,443.2669768761939,73.29101431074973,287.72222222222223,140.53324815241558,-70.26662407620779,-132.7258454772814,-70.26662407620779,807.1373259386284,-403.5686629693142,-762.296363386485,-403.5686629693142
14.0,-7.0,-13.222222222222223,-7.0,0.0,5.741170382292295,1.0,2.0,0.006846941744400453,0.1882274786060513,442.1956831655298,78.85171497122047,286.77777777777777,146.05060731206268,-73.02530365603134,-137.93668468361477,-73.02530365603134,805.8136560252307,-402.90682801261534,-761.0462306904941,-402.90682801261534
15.0,-7.5,-14.166666666666668,-7.5,0.0,5.739759530972953,1.0,2.0,0.006606471855777424,0.19483395046182872,441.04638060126626,84.3953570755171,285.83333333333337,151.3667236961723,-75.68336184808615,-142.9574612686072,-75.68336184808615,804.6831198502155,-402.34155992510773,-759.9785020807611,-402.34155992510773
16.0,-8.0,-15.111111111111112,-8.0,0.0,5.738248076731941,1.0,2.0,0.006389688315361519,0.20122363877719024,439.8193563730564,89.92074640341625,284.8888888888889,156.50215638779895,-78.25107819389947,-147.80759214403236,-78.25107819389947,803.7062902239688,-401.8531451119844,-759.0559407670792,-401.8531451119844
17.0,-8.5,-16.055555555555557,-8.5,0.0,5.736636055201075,1.0,2.0,0.006192940485182041,0.20741657926237228,438.51491703308625,95.42669372695006,283.94444444444446,161.47418215833298,-80.73709107916649,-152.50339426064784,-80.73709107916649,802.8537949671381,-401.42689748356906,-758.250806357854,-401.42689748356906
18.0,-9.0,-17.0,-9.0,0.0,5.73492350439086,1.0,2.0,0.006013320009203016,0.2134298992715753,437.1333884078151,100.91201513504724,283.0,166.29748599268981,-83.14874299634491,-157.05873677087345,-83.14874299634491,802.103301832443,-401.0516509162215,-757.5420072861486,-401.0516509162215
19.0,-9.5,-17.944444444444443,-9.5,0.0,5.733110464691596,1.0,2.0,0.00584847734875088,0.21927837662032618,435.67511550417123,106.3755323566008,282.05555555555554,170.98467521868412,-85.49233760934206,-161.4855265954236,-85.49233760934206,801.4375274951512,-400.7187637475756,-756.913220412084,-400.7187637475756
20.0,-10.0,-18.888888888888886,-10.0,0.0,5.731196978873383,1.0,2.0,0.0056964908725038454,0.22497486749283002,434.1404624102337,111.81607308186638,281.1111111111111,175.54666941131396,-87.77333470565698,-165.7940766662407,-87.77333470565698,800.8428863899246,-400.4214431949623,-756.3516149238213,-400.4214431949623
21.0,-10.5,-19.83333333333333,-10.5,0.0,5.7291830920874025,1.0,2.0,0.005555771584901337,0.23053063907773136,432.52981219042897,117.23247128209698,280.1666666666667,179.99300092135783,-89.99650046067892,-169.9933897590599,-89.99650046067892,800.3085515839898,-400.1542757919949,-755.8469653848781,-400.1542757919949
22.0,-11.0,-20.77777777777777,-11.0,0.0,5.727068851866401,1.0,2.0,0.0054249925646561725,0.23595563164238753,430.8435667752735,122.62356752731867,279.22222222222223,184.33204987505425,-92.16602493752713,-174.09138043755092,-92.16602493752713,799.8257881430703,-399.91289407153516,-755.3910221351133,-399.91289407153516
23.0,-11.5,-21.722222222222214,-11.5,0.0,5.7248543081257335,1.0,2.0,0.0053030358784476594,0.2412586675208352,429.08214684569555,127.9882093021541,278.27777777777777,188.5712303143472,-94.2856151571736,-178.0950508524387,-94.2856151571736,799.3874709619839,-399.69373548099196,-754.9770559085413,-399.69373548099196
24.0,-12.0,-22.666666666666657,-12.0,0.0,5.7225395131641426,1.0,2.0,0.005188952074282244,0.24644761959511743,427.24599171197156,133.32525131959991,277.33333333333337,192.71713935386924,-96.35856967693462,-182.01063161198732,-96.35856967693462,798.9877301180376,-399.4938650590188,-754.5995228892601,-399.4938650590188
25.0,-12.5,-23.6111111111111,-12.5,0.0,5.720124521664549,1.0,2.0,0.005081928876370351,0.2515295484714878,425.3355591873133,138.63355583266565,276.3888888888889,196.77567796151973,-98.38783898075987,-185.84369585254612,-98.38783898075987,798.6216860534277,-399.3108430267138,-754.2538146060152,-399.3108430267138
26.0,-13.0,-24.555555555555543,-13.0,0.0,5.717609390695311,1.0,2.0,0.004981266708771914,0.2565108151802597,423.35132545614226,143.9119929437818,275.44444444444446,200.7521496969876,-100.3760748484938,-189.59925249159906,-100.3760748484938,798.2852491044855,-399.14262455224275,-753.9360685986716,-399.14262455224275
27.0,-13.5,-25.499999999999986,-13.5,0.0,5.714994179711037,1.0,2.0,0.0048863593542256,0.2613971745344853,421.2937849370927,149.15944091188575,274.5,204.65134213578156,-102.32567106789078,-193.28182312823782,-102.32567106789078,797.9749658448753,-398.98748292243766,-753.6430232979415,-398.98748292243766
28.0,-14.0,-26.44444444444443,-14.0,0.0,5.712278950553696,1.0,2.0,0.004796678521484021,0.2661938530559693,419.16345014078456,154.37478645709515,273.55555555555554,208.47759455236846,-104.23879727618423,-196.89550596612543,-104.23879727618423,797.687899960223,-398.8439499801115,-753.3719055179852,-398.8439499801115
29.0,-14.5,-27.38888888888887,-14.5,0.0,5.709463767453797,1.0,2.0,0.004711761420648386,0.2709056144766177,416.9608515224061,159.5569250628778,272.61111111111114,212.2348545955007,-106.11742729775035,-200.44402934019476,-106.11742729775035,797.4215389316574,-398.7107694658287,-753.1203423243404,-398.7107694658287
30.0,-15.0,-28.333333333333314,-15.0,0.0,5.706548697031449,1.0,2.0,0.00463120067722822,0.2755368151538459,414.6865373291548,164.70476127563023,271.6666666666667,215.92672606847634,-107.96336303423817,-203.93079684244955,-107.96336303423817,797.1737202252322,-398.5868601126161,-752.8862913238362,-398.5868601126161
31.0,-15.5,-29.277777777777757,-15.5,0.0,5.703533808297816,1.0,2.0,0.004554636081809338,0.28009145123565526,412.3410734425782,169.81720900157512,270.72222222222223,219.55650946381385,-109.77825473190693,-207.35892560471274,-109.77825473190693,796.9425723900148,-398.4712861950074,-752.6679850350096,-398.4712861950074
32.0,-16.0,-30.2222222222222,-16.0,0.0,5.700419172655918,1.0,2.0,0.004481747793111834,0.2845731990287671,409.9250432158649,174.89319180089083,269.7777777777778,223.12723655198477,-111.56361827599238,-210.73127896576304,-111.56361827599238,796.726467664891,-398.3632338324455,-752.4638861279515,-398.3632338324455
33.0,-16.5,-31.166666666666643,-16.5,0.0,5.697204863902608,1.0,2.0,0.004412250701209985,0.2889854497299771,407.4390473061331,179.93164317898612,268.83333333333337,226.6417000570178,-113.3208500285089,-214.05049449829423,-113.3208500285089,796.5239835690326,-398.2619917845163,-752.2726511485283,-398.2619917845163
34.0,-17.0,-32.111111111111086,-17.0,0.0,5.693890958229422,1.0,2.0,0.004345889723903873,0.29333133945388096,404.88370350176723,184.93150687483362,267.8888888888889,230.10247924600102,-115.05123962300051,-217.31900817677837,-115.05123962300051,796.3338715080046,-398.1669357540023,-752.0931008686673,-398.1669357540023
35.0,-17.5,-33.05555555555553,-17.5,0.0,5.690477534224125,1.0,2.0,0.004282435858987854,0.2976137753128688,402.2596465448551,189.89173714627753,266.94444444444446,233.5119621000811,-116.75598105004055,-220.53907531674287,-116.75598105004055,796.155031002821,-398.0775155014105,-751.9241959471066,-398.0775155014105
36.0,-18.0,-33.99999999999997,-18.0,0.0,5.6869646728726,1.0,2.0,0.00422168285291652,0.30183545816578533,399.56752794877787,194.81129905223156,266.0,236.87236460909352,-118.43618230454676,-223.71278879747686,-118.43618230454676,795.9864883481052,-397.9932441740526,-751.765016773218,-397.9932441740526
37.0,-18.5,-34.944444444444414,-18.5,0.0,5.683352457559524,1.0,2.0,0.004163444375253844,0.3059989025410392,396.80801581100843,199.68916873168274,265.0555555555556,240.18574763329948,-120.09287381664974,-226.84209498700469,-120.09287381664974,795.8273788643917,-397.91368943219584,-751.6147467052521,-397.91368943219584
38.0,-19.0,-35.88888888888886,-19.0,0.0,5.6796409740712,1.0,2.0,0.004107551610581517,0.3101064541516207,393.98179462117366,204.52433367942086,264.11111111111114,243.45403169710323,-121.72701584855162,-229.92880771393044,-121.72701584855162,795.6769320644149,-397.83846603220746,-751.4726580608344,-397.83846603220746
39.0,-19.5,-36.8333333333333,-19.5,0.0,5.675830310596117,1.0,2.0,0.004053851196878122,0.3141603053484988,391.0895650644388,209.31579301841026,263.1666666666667,246.67901001647562,-123.33950500823781,-232.97462057111548,-123.33950500823781,795.5344591473768,-397.7672295736884,-751.3381003058589,-397.7672295736884
40.0,-20.0,-37.77777777777774,-20.0,0.0,5.671920557727045,1.0,2.0,0.004002203452951381,0.3181625088014502,388.1320438202727,214.06255776872507,262.2222222222223,249.86236001134853,-124.93118000567426,-235.98111778849542,-124.93118000567426,795.3993424610602,-397.6996712305301,-751.2104901021053,-397.6996712305301
41.0,-20.5,-38.722222222222186,-20.5,0.0,5.667911808463311,1.0,2.0,0.003952480848214646,0.32211498964966484,385.1099633566538,218.76365111296838,261.2777777777778,253.00565351295876,-126.50282675647938,-238.94978387334956,-126.50282675647938,795.2710265579329,-397.63551327896647,-751.0893028602771,-397.63551327896647
42.0,-21.0,-39.66666666666663,-21.0,0.0,5.663804158211746,1.0,2.0,0.0039045666765998854,0.3260195563262647,382.02407171977933,223.4181086580968,260.33333333333337,256.1103658423896,-128.0551829211948,-241.88201218447867,-128.0551829211948,795.1490105259171,-397.57450526295855,-750.9740654966882,-397.57450526295855
43.0,-21.5,-40.61111111111107,-21.5,0.0,5.659597704789446,1.0,2.0,0.0038583539031795677,0.3298779102294443,378.87513231934025,228.02497869357407,259.3888888888889,259.1778839094896,-129.5889419547448,-244.7791125811842,-129.5889419547448,795.0328414850974,-397.5164207425487,-750.8643502914808,-397.5164207425487
44.0,-22.0,-41.555555555555515,-22.0,0.0,5.6552925484252805,1.0,2.0,0.0038137441575303854,0.3336916543869747,375.6639237094271,232.5833224457775,258.44444444444446,262.209513458175,-131.1047567290875,-247.6423182660538,-131.1047567290875,794.9221089462334,-397.4610544731167,-750.7597695603382,-397.4610544731167
45.0,-22.5,-42.49999999999996,-22.5,0.0,5.650888791762051,1.0,2.0,0.003770646852270354,0.33746230123924503,372.3912393651312,237.09221432858203,257.50000000000006,265.20648556570274,-132.60324278285137,-250.47279192316324,-132.60324278285137,794.8164399758614,-397.4082199879307,-750.6599710882994,-397.4082199879307
46.0,-23.0,-43.4444444444444,-23.0,0.0,5.646386539858483,1.0,2.0,0.0037289784087813915,0.3411912796480264,369.0578874549095,241.5507421900487,256.5555555555556,268.1699624876064,-134.0849812438032,-253.2716312382945,-134.0849812438032,794.7154949798002,-397.3577474899001,-750.5646341475882,-397.3577474899001
47.0,-23.5,-44.38888888888884,-23.5,0.0,5.641785900191913,1.0,2.0,0.003688661575044161,0.3448799412230706,365.6646906087807,245.9580075551457,255.61111111111114,271.10104292721076,-135.55052146360538,-256.0398738756986,-135.55052146360538,794.6189640802812,-397.3094820401406,-750.473466075828,-397.3094820401406
48.0,-24.0,-45.333333333333286,-24.0,0.0,5.637086982659739,1.0,2.0,0.003649624822909814,0.3485295660459804,362.21248568242186,250.3131258644289,254.6666666666667,274.0007667973687,-137.00038339868436,-258.7785019752923,-137.00038339868436,794.5265639239175,-397.26328196195874,-750.386199261482,-397.26328196195874
49.0,-24.5,-46.27777777777773,-24.5,0.0,5.632289899582689,1.0,2.0,0.003611801814102533,0.35214136786008293,358.7021235172373,254.61522670861422,253.72222222222229,276.87011953297934,-138.43505976648967,-261.4884462255912,-138.43505976648967,794.4380348907932,-397.2190174453966,-750.3025885079714,-397.2190174453966
50.0,-25.0,-47.22222222222217,-25.0,0.0,5.627394765706242,1.0,2.0,0.0035751309258759134,0.35571649878595885,355.13446869647044,258.8634540589705,252.77777777777783,279.7100360051844,-139.8550180025922,-264.1705895604515,-139.8550180025922,794.353138692194,-397.176569346097,-750.2224087648437,-397.176569346097
51.0,-25.5,-48.166666666666615,-25.5,0.0,5.622401698204199,1.0,2.0,0.0035395548286071277,0.359256053614566,351.5103992974326,263.056966493468,251.83333333333337,282.52140408106527,-141.26070204053264,-266.8257705210056,-141.26070204053264,794.2716561865445,-397.13582809327227,-750.1454530650574,-397.13582809327227
52.0,-26.0,-49.11111111111106,-26.0,0.0,5.617310816679988,1.0,2.0,0.0035050201087357125,0.3627610737233017,347.8308066399234,267.19493741861385,250.88888888888894,285.3050678675586,-142.6525339337793,-269.45478631936044,-142.6525339337793,794.1933855259421,-397.09669276297103,-750.071530774508,-397.09669276297103
53.0,-26.5,-50.0555555555555,-26.5,0.0,5.612122243170497,1.0,2.0,0.003471476931406703,0.3662325506547084,344.096595030916,271.2765552869108,249.9444444444445,288.06183067297025,-144.03091533648512,-272.05839563558254,-144.03091533648512,794.1181404580343,-397.05907022901715,-750.0004659881398,-397.05907022901715
54.0,-27.0,-50.99999999999994,-27.0,0.0,5.606836102148449,1.0,2.0,0.0034388787379677765,0.36967142939267617,340.30868150558655,275.30102380987626,249.00000000000006,290.7924577157249,-145.39622885786244,-274.6373211759619,-145.39622885786244,794.0457488676417,-397.02287443382085,-749.9320961527718,-397.02287443382085
55.0,-27.5,-51.944444444444386,-27.5,0.0,5.601452520524326,1.0,2.0,0.0034071819741444687,0.37307861136682063,336.4679955647646,279.2675621665569,248.0555555555556,293.4976786061145,-146.74883930305725,-277.19225201688545,-146.74883930305725,793.9760514461213,-396.9880257230607,-749.8662708102247,-396.9880257230607
56.0,-28.0,-52.88888888888883,-28.0,0.0,5.595971627650726,1.0,2.0,0.0033763458452819584,0.3764549572121026,332.5754789088811,283.1754052074811,247.11111111111117,296.17818962396314,-148.08909481198157,-279.7238457559647,-148.08909481198157,793.908900533494,-396.954450266747,-749.8028505038536,-396.954450266747
57.0,-28.5,-53.83333333333327,-28.5,0.0,5.590393555324387,1.0,2.0,0.0033463320955257614,0.37980128930762835,328.6320851684968,287.02380365398693,246.16666666666674,298.83465581227205,-149.41732790613602,-282.23273048936755,-149.41732790613602,793.8441590602318,-396.9220795301159,-749.741705779105,-396.9220795301159
58.0,-29.0,-54.777777777777715,-29.0,0.0,5.584718437789723,1.0,2.0,0.0033171048082214494,0.3831183941158498,324.63877963148985,290.8120242928695,245.22222222222229,301.46771290478927,-150.73385645239463,-284.7195066323005,-150.73385645239463,793.7816996289004,-396.8908498144502,-749.6827163161951,-396.8908498144502
59.0,-29.5,-55.72222222222216,-29.5,0.0,5.5789464117409775,1.0,2.0,0.0032886302251661226,0.3864070243410159,320.5965389669857,294.5393501662893,244.27777777777783,304.07796910322617,-152.03898455161308,-287.1847485974909,-152.03898455161308,793.7214036598004,-396.8607018299002,-749.6257701231391,-396.8607018299002
60.0,-30.0,-56.6666666666666,-30.0,0.0,5.573077616327367,1.0,2.0,0.0032608765826415143,0.38966790092365744,316.50635094610965,298.20508075688775,243.3333333333334,306.6660067183338,-153.3330033591669,-289.62900634509253,-153.3330033591669,793.6631606618951,-396.83158033094753,-749.5707628473396,-396.83158033094753
61.0,-30.5,-57.61111111111104,-30.5,0.0,5.56711219315493,1.0,2.0,0.0032338139624195072,0.39290171488607695,312.36921415964883,301.80853216805525,242.38888888888897,309.23238368722053,-154.61619184361027,-292.0528068157078,-154.61619184361027,793.6068675288315,-396.80343376441573,-749.5175971105689,-396.80343376441573
62.0,-31.0,-58.555555555555486,-31.0,0.0,5.561050286290206,1.0,2.0,0.0032074141561491687,0.3961091290422261,308.1861377327062,305.34903729929897,241.4444444444445,311.77763497826646,-155.88881748913323,-294.45665525725116,-155.88881748913323,793.5524279476791,-396.77621397383956,-749.4661819505759,-396.77621397383956
63.0,-31.5,-59.49999999999993,-31.5,0.0,5.554892042264308,1.0,2.0,0.003181650541727865,0.399290779583954,303.9581410364323,308.8259460166608,240.50000000000006,314.3022738936401,-157.15113694682006,-296.8410364551041,-157.15113694682006,793.4997518623138,-396.7498759311569,-749.4164323144134,-396.7498759311569
64.0,-32.0,-60.44444444444437,-32.0,0.0,5.54863761007621,1.0,2.0,0.0031564979704264973,0.4024472775543805,299.6862533969219,312.2386253181347,239.55555555555563,316.80679327821105,-158.40339663910552,-299.20641587386547,-158.40339663910552,793.4487549290338,-396.7243774645169,-749.3682685440755,-396.7243774645169
65.0,-32.5,-61.388888888888815,-32.5,0.0,5.542287141196598,1.0,2.0,0.0031319326636771727,0.40557921021805765,295.3715138013613,315.586459494036,238.6111111111112,319.29166664327624,-159.64583332163812,-301.55324071864925,-159.64583332163812,793.3993581291533,-396.6996790645766,-749.3216160108619,-396.6996790645766
66.0,-33.0,-62.33333333333326,-33.0,0.0,5.535840789572056,1.0,2.0,0.003107932118564194,0.40868714233662184,291.014970601516,318.868850282277,237.66666666666674,321.7573492119838,-160.8786746059919,-303.8819409224286,-160.8786746059919,793.3514873055409,-396.67574365277045,-749.2764046774543,-396.67574365277045
67.0,-33.5,-63.2777777777777,-33.5,0.0,5.529298711628218,1.0,2.0,0.0030844750211618255,0.41177161735778367,286.6176812146468,322.08521701850265,236.72222222222229,324.2042788932462,-162.1021394466231,-306.19293006584314,-162.1021394466231,793.305072816163,-396.6525364080815,-749.2325687708288,-396.6525364080815
68.0,-34.0,-64.22222222222214,-34.0,0.0,5.522661066275066,1.0,2.0,0.0030615411669608905,0.41483315852474456,282.1807118219428,325.23499678104423,235.77777777777786,326.6328771899785,-163.31643859498925,-308.48660623497915,-163.31643859498925,793.2600492003442,-396.6300246001721,-749.1900464669815,-396.6300246001721
69.0,-34.5,-65.16666666666659,-34.5,0.0,5.515928014910056,1.0,2.0,0.003039111387709237,0.4178722699124538,277.7051370645639,328.3176445306486,234.83333333333343,329.04355004696316,-164.52177502348158,-310.76335282213137,-164.52177502348158,793.216354864088,-396.608177432044,-749.1487795938733,-396.608177432044
70.0,-35.0,-66.11111111111103,-35.0,0.0,5.509099721423255,1.0,2.0,0.003017167484064276,0.4208894373965181,273.19203973738166,331.3326332449432,233.88888888888897,331.4366886431342,-165.7183443215671,-313.0235392740707,-165.7183443215671,793.1739317789994,-396.5869658894997,-749.1087133468423,-396.5869658894997
71.0,-35.5,-67.05555555555547,-35.5,0.0,5.502176352201356,1.0,2.0,0.0029956921635176936,0.42388512956003577,268.64251048051113,334.27945404759834,232.9444444444445,333.8126701328849,-166.90633506644244,-315.2675217921685,-166.90633506644244,793.1327252799907,-396.56636263999536,-749.069796097749,-396.56636263999536
72.0,-36.0,-67.99999999999991,-36.0,0.0,5.4951580761325545,1.0,2.0,0.002978086940027491,0.42686321650006326,264.0576474687263,337.1576163321491,232.00000000000009,335.7860331608616,-167.8930165804308,-317.1312535408132,-167.8930165804308,662.6277431506177,-331.31387157530884,-625.8150907533537,-331.31387157530884
73.0,-36.5,-68.94444444444436,-36.5,0.0,5.488045064610895,1.0,2.0,0.0029761904761904656,0.4298394069762537,259.4385560988516,339.9666478804424,231.05555555555566,336.0000000000012,-168.0000000000006,-317.33333333333394,-168.0000000000006,71.8928579508968,-35.9464289754484,-67.89881028697188,-35.9464289754484
74.0,-37.0,-69.8888888888888,-37.0,0.0,5.480837491541842,1.0,2.0,0.0029761904761904656,0.4328155974524442,254.78634867522302,342.70609497567597,230.1111111111112,336.0000000000012,-168.0000000000006,-317.33333333333394,-168.0000000000006,0.0,0.0,0.0,0.0
75.0,-37.5,-70.83333333333324,-37.5,0.0,5.47353553334629,1.0,2.0,0.0029761904761904656,0.43579178792863466,250.10214409331292,345.3755225099939,229.16666666666674,336.0000000000012,-168.0000000000006,-317.33333333333394,-168.0000000000006,0.0,0.0,0.0,0.0
76.0,-38.0,-71.77777777777769,-38.0,0.0,5.466139368966674,1.0,2.0,0.002976190476190521,0.4387679784048252,245.38706752161406,347.97451408661396,228.2222222222223,335.99999999999494,-167.99999999999747,-317.333333333328,-167.99999999999747,-2.1009327610954324e-09,1.0504663805477162e-09,1.986336428672045e-09,1.0504663805477162e-09
77.0,-38.5,-72.72222222222213,-38.5,0.0,5.458649179871807,1.0,2.0,0.0029761904761904656,0.44174416888101564,240.64225008187643,350.50267211645206,227.27777777777789,336.0000000000012,-168.0000000000006,-317.33333333333394,-168.0000000000006,2.1009327610954717e-09,-1.0504663805477358e-09,-1.9863364286720823e-09,-1.0504663805477358e-09
78.0,-39.0,-73.66666666666657,-39.0,0.0,5.451065150061748,1.0,2.0,0.0029761904761904656,0.4447203593572061,235.8688285277946,352.9596179092205,226.33333333333343,336.0000000000012,-168.0000000000006,-317.33333333333394,-168.0000000000006,0.0,0.0,0.0,0.0
79.0,-39.5,-74.61111111111101,-39.5,0.0,5.443387466074972,1.0,2.0,0.0029761904761904656,0.4476965498333966,231.06794492223895,355.3449917589739,225.38888888888897,336.0000000000012,-168.0000000000006,-317.33333333333394,-168.0000000000006,0.0,0.0,0.0,0.0
80.0,-40.0,-75.55555555555546,-40.0,0.0,5.4356163169920135,1.0,2.0,0.0029761904761904656,0.45067274030958704,226.24074631313056,357.65845302407644,224.44444444444454,336.0000000000012,-168.0000000000006,-317.33333333333394,-168.0000000000006,0.0,0.0,0.0,0.0
81.0,-40.5,-76.4999999999999,-40.5,0.0,5.4277518944432614,1.0,2.0,0.002976190476190521,0.45364893078577756,221.38838440805392,359.8996802015735,223.5000000000001,335.99999999999494,-167.99999999999747,-317.333333333328,-167.99999999999747,-2.1009327610954324e-09,1.0504663805477162e-09,1.986336428672045e-09,1.0504663805477162e-09
82.0,-41.0,-77.44444444444434,-41.0,0.0,5.419794392613712,1.0,2.0,0.0029761904761904656,0.456625121261968,216.51201524770613,362.06837099594094,222.55555555555566,336.0000000000012,-168.0000000000006,-317.33333333333394,-168.0000000000006,2.1009327610954717e-09,-1.0504663805477358e-09,-1.9863364286720823e-09,-1.0504663805477358e-09
83.0,-41.5,-78.38888888888879,-41.5,0.0,5.411744008249968,1.0,2.0,0.0029761904761904656,0.4596013117381585,211.61279887828,364.1642423821988,221.6111111111112,336.0000000000012,-168.0000000000006,-317.33333333333394,-168.0000000000006,0.0,0.0,0.0,0.0
84.0,-42.0,-79.33333333333323,-42.0,0.0,5.403600940665979,1.0,2.0,0.0029761904761904656,0.46257750221434896,206.6918990228792,366.1870306633693,220.66666666666674,336.0000000000012,-168.0000000000006,-317.33333333333394,-168.0000000000006,0.0,0.0,0.0,0.0
85.0,-42.5,-80.27777777777767,-42.5,0.0,5.3953653917502775,1.0,2.0,0.0029761904761904656,0.4655536926905394,201.7504827520626,368.1364915222643,219.72222222222234,336.0000000000012,-168.0000000000006,-317.33333333333394,-168.0000000000006,0.0,0.0,0.0,0.0
86.0,-43.0,-81.22222222222211,-43.0,0.0,5.38703756597224,1.0,2.0,0.002976190476190521,0.46852988316672994,196.78972015361768,370.0124000675895,218.77777777777789,335.99999999999494,-167.99999999999747,-317.333333333328,-167.99999999999747,-2.1009327610954324e-09,1.0504663805477162e-09,1.986336428672045e-09,1.0504663805477162e-09
87.0,-43.5,-82.16666666666656,-43.5,0.0,5.378617670389476,1.0,2.0,0.0029761904761904656,0.4715060736429204,191.81078400166066,371.8145508743533,217.83333333333343,336.0000000000012,-168.0000000000006,-317.33333333333394,-168.0000000000006,2.1009327610954717e-09,-1.0504663805477358e-09,-1.9863364286720823e-09,-1.0504663805477358e-09
88.0,-44.0,-83.111111111111,-44.0,0.0,5.3701059146541485,1.0,2.0,0.0029761904761904656,0.4744822641191109,186.814849425163,373.5427580185686,216.88888888888903,336.0000000000012,-168.0000000000006,-317.33333333333394,-168.0000000000006,0.0,0.0,0.0,0.0
89.0,-44.5,-84.05555555555544,-44.5,0.0,5.361502511021314,1.0,2.0,0.0029761904761904656,0.47745845459530134,181.80309357600203,375.19685510624106,215.94444444444457,336.0000000000012,-168.0000000000006,-317.33333333333394,-168.0000000000006,0.0,0.0,0.0,0.0
90.0,-45.0,-84.99999999999989,-45.0,0.0,5.352807674355321,1.0,2.0,0.0029761904761904656,0.4804346450714918,176.77669529663686,376.77669529663694,215.0000000000001,336.0000000000012,-168.0000000000006,-317.33333333333394,-168.0000000000006,0.0,0.0,0.0,0.0
91.0,-45.5,-85.94444444444433,-45.5,0.0,5.344021622138884,1.0,2.0,0.0029761904761904656,0.48341083554768227,171.736834787506,378.2821513198237,214.05555555555566,336.0000000000012,-168.0000000000006,-317.33333333333394,-168.0000000000006,0.0,0.0,0.0,0.0
92.0,-46.0,-86.88888888888877,-46.0,0.0,5.335144574479543,1.0,2.0,0.002976190476190521,0.4863870260238728,166.6846932742492,379.71311548848195,213.1111111111112,335.99999999999494,-167.99999999999747,-317.333333333328,-167.99999999999747,-2.1009327610954324e-09,1.0504663805477162e-09,1.986336428672045e-09,1.0504663805477162e-09
93.0,-46.5,-87.83333333333321,-46.5,0.0,5.326176754119209,1.0,2.0,0.0029761904761904656,0.48936321650006326,161.6214526748497,381.0694997039867,212.1666666666668,336.0000000000012,-168.0000000000006,-317.33333333333394,-168.0000000000006,2.1009327610954717e-09,-1.0504663805477358e-09,-1.9863364286720823e-09,-1.0504663805477358e-09
94.0,-47.0,-88.77777777777766,-47.0,0.0,5.317118386440868,1.0,2.0,0.0029761904761904656,0.4923394069762537,156.5482952667995,382.3512354567575,211.22222222222234,336.0000000000012,-168.0000000000006,-317.33333333333394,-168.0000000000006,0.0,0.0,0.0,0.0
95.0,-47.5,-89.7222222222221,-47.5,0.0,5.307969699478955,1.0,2.0,0.0029761904761904656,0.4953155974524442,151.46640335438335,383.5582738208802,210.27777777777789,336.0000000000012,-168.0000000000006,-317.33333333333394,-168.0000000000006,0.0,0.0,0.0,0.0
96.0,-48.0,-90.66666666666654,-48.0,0.0,5.298730923926896,1.0,2.0,0.002976190476190521,0.4982917879286347,146.37695893618383,384.6905854430033,209.33333333333348,335.99999999999494,-167.99999999999747,-317.333333333328,-167.99999999999747,-2.1009327610954324e-09,1.0504663805477162e-09,1.986336428672045e-09,1.0504663805477162e-09
97.0,-48.5,-91.61111111111099,-48.5,0.0,5.2894022931469244,1.0,2.0,0.0029761904761904656,0.5012679784048252,141.28114337290484,385.74816052551495,208.38888888888903,336.0000000000012,-168.0000000000006,-317.33333333333394,-168.0000000000006,2.1009327610954717e-09,-1.0504663805477358e-09,-1.9863364286720823e-09,-1.0504663805477358e-09
98.0,-49.0,-92.55555555555543,-49.0,0.0,5.279984043178615,1.0,2.0,0.0029761904761904656,0.5042441688810156,136.18013705561373,386.7310088040071,207.44444444444457,336.0000000000012,-168.0000000000006,-317.33333333333394,-168.0000000000006,0.0,0.0,0.0,0.0
99.0,-49.5,-93.49999999999987,-49.5,0.0,5.2704764127492725,1.0,2.0,0.0029761904761904656,0.5072203593572061,131.07511907449964,387.63915951903533,206.5000000000001,336.0000000000012,-168.0000000000006,-317.33333333333394,-168.0000000000006,0.0,0.0,0.0,0.0
100.0,-50.0,-94.44444444444431,-50.0,0.0,5.26087964328271,1.0,2.0,0.0029761904761904656,0.5101965498333966,125.9672668882487,388.4726613821862,205.55555555555566,336.0000000000012,-168.0000000000006,-317.33333333333394,-168.0000000000006,0.0,0.0,0.0,0.0
101.0,-50.5,-95.38888888888876,-50.5,0.0,5.251193978910695,1.0,2.0,0.0029761904761904656,0.513172740309587,120.85775599413199,389.2315825364629,204.61111111111126,336.0000000000012,-168.0000000000006,-317.33333333333394,-168.0000000000006,0.0,0.0,0.0,0.0
102.0,-51.0,-96.3333333333332,-51.0,0.0,5.241419666481914,1.0,2.0,0.0029761904761904656,0.5161489307857775,115.74775959890752,389.9160105110039,203.6666666666668,336.0000000000012,-168.0000000000006,-317.33333333333394,-168.0000000000006,0.0,0.0,0.0,0.0
103.0,-51.5,-97.27777777777764,-51.5,0.0,5.23155695557352,1.0,2.0,0.0029761904761904656,0.519125121261968,110.63844829063189,390.52605217015054,202.72222222222234,336.0000000000012,-168.0000000000006,-317.33333333333394,-168.0000000000006,0.0,0.0,0.0,0.0
104.0,-52.0,-98.22222222222209,-52.0,0.0,5.221606098501267,1.0,2.0,0.0029761904761905766,0.5221013117381585,105.53098971148101,391.06183365687986,201.77777777777794,335.9999999999887,-167.99999999999434,-317.3333333333221,-167.99999999999434,-4.201865522190787e-09,2.1009327610953935e-09,3.9726728573440165e-09,2.1009327610953935e-09
105.0,-52.5,-99.16666666666653,-52.5,0.0,5.211567350331497,1.0,2.0,0.0029761904761904656,0.525077502214349,100.42654823167594,391.52350033062254,200.83333333333348,336.0000000000012,-168.0000000000006,-317.33333333333394,-168.0000000000006,4.201865522190943e-09,-2.1009327610954717e-09,-3.972672857344165e-09,-2.1009327610954717e-09
106.0,-53.0,-100.11111111111097,-53.0,0.0,5.201440968891766,1.0,2.0,0.0029761904761904656,0.5280536926905395,95.32628462461226,391.91121669948706,199.88888888888903,336.0000000000012,-168.0000000000006,-317.33333333333394,-168.0000000000006,0.0,0.0,0.0,0.0
107.0,-53.5,-101.05555555555542,-53.5,0.0,5.191227214783823,1.0,2.0,0.0029761904761904656,0.5310298831667299,90.23135574328798,392.2251663469115,198.94444444444457,336.0000000000012,-168.0000000000006,-317.33333333333394,-168.0000000000006,0.0,0.0,0.0,0.0
108.0,-54.0,-101.99999999999986,-54.0,0.0,5.180926351394078,1.0,2.0,0.0029761904761904656,0.5340060736429204,85.1429141981288,392.46555185276765,198.0000000000001,336.0000000000012,-168.0000000000006,-317.33333333333394,-168.0000000000006,0.0,0.0,0.0,0.0
109.0,-54.5,-102.9444444444443,-54.5,0.0,5.170538644907503,1.0,2.0,0.0029780869400275467,0.536984160582948,80.06210803630363,392.63259470894326,197.0555555555557,335.7860331608553,-167.89301658042766,-317.1312535408073,-167.89301658042766,-71.84707614476275,35.923538072381376,67.85557191449604,35.923538072381376
110.0,-55.0,-103.88888888888874,-55.0,0.0,5.160064364319674,1.0,2.0,0.0029956921635176936,0.5399798527464656,74.99008042262776,392.72653522942966,196.11111111111126,333.8126701328849,-166.90633506644244,-315.2675217921685,-166.90633506644244,-658.7335815083259,329.36679075416293,622.1372714245384,329.36679075416293
111.0,-55.5,-104.83333333333319,-55.5,0.0,5.149503781449797,1.0,2.0,0.0030171674840642204,0.5429970202305299,69.9279693221481,392.7476324549443,195.1666666666668,331.4366886431403,-165.71834432157016,-313.0235392740764,-165.71834432157016,-787.4874372383326,393.7437186191663,743.7381351695353,393.7437186191663
112.0,-56.0,-105.77777777777763,-56.0,0.0,5.138857170954519,1.0,2.0,0.0030391113877091813,0.546036131618239,64.87690718450425,392.696164052118,194.2222222222224,329.0435500469692,-164.5217750234846,-310.76335282213705,-164.5217750234846,-787.4468194385679,393.72340971928395,743.6997739141957,393.72340971928395
113.0,-56.5,-106.72222222222207,-56.5,0.0,5.128124810341562,1.0,2.0,0.0030615411669608905,0.5490976727851999,59.83802063015977,392.57242620728016,193.27777777777794,326.6328771899785,-163.31643859498925,-308.48660623497915,-163.31643859498925,-787.4050112426535,393.70250562132674,743.6602883958496,393.70250562132674
114.0,-57.0,-107.66666666666652,-57.0,0.0,5.117306979983859,1.0,2.0,0.0030844750211619365,0.5521821478063619,54.81243013859669,392.37673351487626,192.33333333333348,324.2042788932346,-162.1021394466173,-306.1929300658321,-162.1021394466173,-787.3619595172029,393.68097975860144,743.6196284329108,393.68097975860144
115.0,-57.5,-108.61111111111096,-57.5,0.0,5.106403963133926,1.0,2.0,0.003107932118564194,0.5552900799249261,49.801249738566064,392.1094188605515,191.38888888888903,321.7573492119838,-160.8786746059919,-303.8819409224286,-160.8786746059919,-787.3176079473707,393.65880397368534,743.5777408391843,393.65880397368534
116.0,-58.0,-109.5555555555554,-58.0,0.0,5.095416045939344,1.0,2.0,0.0031319326636771727,0.5584220125886032,44.8055867004857,391.77083329894,190.44444444444457,319.29166664327624,-159.64583332163812,-301.55324071864925,-159.64583332163812,-787.2718967759125,393.63594838795626,743.5345691772498,393.63594838795626
117.0,-58.5,-110.49999999999984,-58.5,0.0,5.084343517457221,1.0,2.0,0.0031564979704264973,0.5615785105590297,39.82654123107782,391.36134592619663,189.50000000000017,316.80679327821105,-158.40339663910552,-299.20641587386547,-158.40339663910552,-787.2247624887428,393.6123812443714,743.4900534615854,393.6123812443714
118.0,-59.0,-111.44444444444429,-59.0,0.0,5.0731866696708545,1.0,2.0,0.0031816505417279206,0.5647601611007577,34.86520617033545,390.8813437473135,188.5555555555557,314.30227389363466,-157.15113694681733,-296.8410364550989,-157.15113694681733,-787.1761375830438,393.5880687915219,743.4441299395354,393.5880687915219
119.0,-59.5,-112.38888888888873,-59.5,0.0,5.061945797505533,1.0,2.0,0.003207414156149113,0.5679675752569068,29.922666690908606,390.3312315382607,187.61111111111126,311.77763497827186,-155.88881748913593,-294.4566552572562,-155.88881748913593,-787.1259502059232,393.5629751029616,743.3967307500515,393.5629751029616
120.0,-60.0,-113.33333333333317,-60.0,0.0,5.0506211988442935,1.0,2.0,0.0032338139624195072,0.5712013892193263,24.999999999999993,389.71143170299746,186.66666666666686,309.23238368722053,-154.61619184361027,-292.0528068157078,-154.61619184361027,-787.074123814778,393.537061907389,743.3477836028235,393.537061907389
121.0,-60.5,-114.27777777777762,-60.5,0.0,5.039213174546627,1.0,2.0,0.0032608765826415143,0.5744622658019678,20.0982750438559,389.0223841253974,185.7222222222224,306.6660067183338,-153.3330033591669,-289.62900634509253,-153.3330033591669,-787.0205767823992,393.5102883911996,743.297211405605,393.5102883911996
122.0,-61.0,-115.22222222222206,-61.0,0.0,5.027722028464275,1.0,2.0,0.0032886302251661226,0.5777508960271339,15.21855221494325,388.2645460161342,184.77777777777794,304.07796910322617,-152.03898455161308,-287.1847485974909,-152.03898455161308,-786.9652219646831,393.48261098234155,743.2449318555283,393.48261098234155
123.0,-61.5,-116.1666666666665,-61.5,0.0,5.016148067460413,1.0,2.0,0.0033171048082214494,0.5810680008353554,10.361883061896654,387.4383917545762,183.83333333333348,301.46771290478927,-150.73385645239463,-284.7195066323005,-150.73385645239463,-786.9079662383222,393.4539831191611,743.1908570028542,393.4539831191611
124.0,-62.0,-117.11111111111094,-62.0,0.0,5.004491601427161,1.0,2.0,0.003346332095525706,0.5844143329308811,5.529310002323291,386.5444127257401,182.88888888888903,298.834655812277,-149.4173279061385,-282.2327304893723,-149.4173279061385,-786.8487099749804,393.4243549874902,743.1348927541452,393.4243549874902
125.0,-62.5,-118.05555555555539,-62.5,0.0,4.9927529433049935,1.0,2.0,0.003376345845282014,0.5877906787761631,0.721866038549327,385.5831171523538,181.94444444444463,296.1781896239583,-148.08909481197915,-279.72384575596016,-148.08909481197915,-786.7873464534862,393.3936732267431,743.076938317188,393.3936732267431
126.0,-63.0,-118.99999999999983,-63.0,0.0,4.980932409102488,1.0,2.0,0.0034071819741444687,0.5911978607503076,-4.059425523607952,384.5550299220814,181.00000000000017,293.4976786061145,-146.74883930305725,-277.19225201688545,-146.74883930305725,-786.723761215268,393.361880607634,743.0168855922004,393.361880607634
127.0,-63.5,-119.94444444444427,-63.5,0.0,4.969030317914796,1.0,2.0,0.0034388787379677765,0.5946367394882753,-8.813551352957543,383.46069240996485,180.0555555555557,290.7924577157249,-145.39622885786244,-274.6373211759619,-145.39622885786244,-786.6578313803209,393.32891569016044,742.9546185258577,393.32891569016044
128.0,-64.0,-120.88888888888872,-64.0,0.0,4.9570469919458295,1.0,2.0,0.003471476931406703,0.598108216419682,-13.539508367862336,382.3006622961361,179.1111111111113,288.06183067297025,-144.03091533648512,-272.05839563558254,-144.03091533648512,-786.5894248210188,393.2947124105094,742.8900123309613,393.2947124105094
129.0,-64.5,-121.83333333333316,-64.5,0.0,4.944982756528508,1.0,2.0,0.003505020108735657,0.6016132365284177,-18.236304007893718,381.07551337885934,178.16666666666686,285.3050678675631,-142.65253393378154,-269.4547863193647,-142.65253393378154,-786.5183992914643,393.25919964573217,742.8229326641509,393.25919964573217
130.0,-65.0,-122.7777777777776,-65.0,0.0,4.932837940146054,1.0,2.0,0.0035395548286071277,0.6051527913570248,-22.90295650213309,379.7858353829581,177.2222222222224,282.52140408106527,-141.26070204053264,-266.8257705210056,-141.26070204053264,-786.4446014509764,393.2223007254882,742.7532347037132,393.2223007254882
131.0,-65.5,-123.72222222222204,-65.5,0.0,4.920612874454271,1.0,2.0,0.0035751309258759134,0.6087279222829007,-27.538495134041835,378.4322337636902,176.27777777777794,279.7100360051844,-139.8550180025922,-264.1705895604515,-139.8550180025922,-786.3678657284626,393.1839328642313,742.6807620768689,393.1839328642313
132.0,-66.0,-124.66666666666649,-66.0,0.0,4.9083078943045075,1.0,2.0,0.0036118018141025887,0.6123397240970033,-32.14196050282166,377.0153295061291,175.33333333333348,276.8701195329751,-138.43505976648754,-261.48844622558715,-138.43505976648754,-786.2880131242606,393.1440065621303,742.6053457284648,393.1440065621303
133.0,-66.5,-125.61111111111093,-66.5,0.0,4.895923337767121,1.0,2.0,0.0036496248229098693,0.6159893489199132,-36.712404781188155,375.5357589201151,174.38888888888908,274.0007667973646,-137.0003833986823,-258.7785019752883,-137.0003833986823,-786.2048497693941,393.10242488469703,742.5268025599971,393.10242488469703
134.0,-67.0,-126.55555555555537,-67.0,0.0,4.883459546154703,1.0,2.0,0.0036886615750441054,0.6196780104949573,-41.24889196948098,373.9941734308403,173.44444444444463,271.10104292721485,-135.55052146360742,-256.0398738757025,-135.55052146360742,-786.118165398531,393.0590826992655,742.4449339874895,393.0590826992655
135.0,-67.5,-127.49999999999982,-67.5,0.0,4.870916864047351,1.0,2.0,0.0037289784087813915,0.6234069889037387,-45.75049814603709,372.3912393651312,172.50000000000017,268.1699624876064,-134.0849812438032,-253.2716312382945,-134.0849812438032,-786.0277315379475,393.01386576897374,742.3595242302905,393.01386576897374
136.0,-68.0,-128.44444444444426,-68.0,0.0,4.8582956393173236,1.0,2.0,0.003770646852270354,0.627177635756009,-50.21631171375233,370.7276377334963,171.55555555555577,265.20648556570274,-132.60324278285137,-250.47279192316324,-132.60324278285137,-785.9332995131443,392.96664975657217,742.27033842908,392.96664975657217
137.0,-68.5,-129.38888888888872,-68.5,0.0,4.845596223155464,1.0,2.0,0.00381374415753033,0.6309913799135394,-54.645433642759855,369.0040640080058,170.6111111111113,262.20951345817883,-131.10475672908942,-247.64231826606112,-131.10475672908942,-785.8345981615753,392.91729908078764,742.1771204849385,392.91729908078764
138.0,-69.0,-130.33333333333317,-69.0,0.0,4.8328189700977395,1.0,2.0,0.0038583539031796787,0.634849733816719,-59.0369777091538,367.22122789607215,169.66666666666686,259.17788390948215,-129.58894195474107,-244.77911258118084,-129.58894195474107,-785.7313312286651,392.86566561433256,742.0795906048717,392.86566561433256
139.0,-69.5,-131.27777777777763,-69.5,0.0,4.819964238052455,1.0,2.0,0.0039045666765998854,0.6387543004933189,-63.39007072968761,365.3798531102009,168.7222222222224,256.1103658423896,-128.0551829211948,-241.8820121844823,-128.0551829211948,-785.6231743912055,392.8115871956027,741.9774424805935,392.8115871956027
140.0,-70.0,-132.2222222222221,-70.0,0.0,4.807032388327606,1.0,2.0,0.003952480848214535,0.6427067813415335,-67.70385279237846,363.480677133785,167.77777777777794,253.00565351296586,-126.50282675648293,-238.94978387335985,-126.50282675648293,-785.5097718756215,392.75488593781074,741.8703401047577,392.75488593781074
141.0,-70.5,-133.16666666666654,-70.5,0.0,4.79402378566113,1.0,2.0,0.004002203452951325,0.6467089847944848,-71.97747748295144,361.5244509830121,166.83333333333348,249.862360011352,-124.931180005676,-235.98111778850225,-124.931180005676,-785.3907325215877,392.69536626079383,741.7579140481811,392.69536626079383
142.0,-71.0,-134.111111111111,-71.0,0.0,4.7809387982492595,1.0,2.0,0.004053851196878178,0.650762835991363,-76.21011210705527,359.5119389649609,165.88888888888903,246.67901001647226,-123.33950500823613,-232.9746205711158,-123.33950500823613,-785.2656252728748,392.6328126364374,741.6397572021689,392.6328126364374
143.0,-71.5,-135.05555555555546,-71.5,0.0,4.767777797777236,1.0,2.0,0.004107551610581628,0.6548703876019446,-80.40093790818563,357.44391843195945,164.94444444444457,243.45403169709664,-121.72701584854832,-229.92880771392768,-121.72701584854832,-785.1339739877224,392.5669869938612,741.5154198772988,392.5669869938612
144.0,-72.0,-135.99999999999991,-72.0,0.0,4.754541159450349,1.0,2.0,0.004163444375253733,0.6590338319771983,-84.54915028125262,355.32117953228305,164.0000000000001,240.18574763330588,-120.09287381665294,-226.84209498701415,-120.09287381665294,-784.9952513396025,392.49762566980127,741.384404042967,392.49762566980127
145.0,-72.5,-136.94444444444437,-72.5,0.0,4.741229262026907,1.0,2.0,0.004221682852916575,0.6632555148301149,-88.65395898173007,353.14452495726596,163.05555555555566,236.87236460909043,-118.43618230454521,-223.7127887974773,-118.43618230454521,-784.8488718015338,392.4244359007669,741.2461567014591,392.4244359007669
146.0,-73.0,-137.88888888888883,-73.0,0.0,4.7278424878492755,1.0,2.0,0.004282435858987799,0.6675379506891027,-92.71458833032419,350.91476968490826,162.1111111111112,233.5119621000841,-116.75598105004205,-220.53907531674906,-116.75598105004205,-784.6941833241115,392.34709166205573,741.1000620283352,392.34709166205573
147.0,-73.5,-138.8333333333333,-73.5,0.0,4.71438122287924,1.0,2.0,0.0043458897239039285,0.6718838404130066,-96.73027741310426,348.6327407200537,161.16666666666674,230.10247924599807,-115.05123962299903,-217.31900817677885,-115.05123962299903,-784.5304576719184,392.2652288359592,740.945432245716,392.2652288359592
148.0,-74.0,-139.77777777777774,-74.0,0.0,4.7008458567316795,1.0,2.0,0.004412250701209985,0.6762960911142166,-100.70028027703546,346.2992768312207,160.22222222222229,226.6417000570178,-113.3208500285089,-214.05049449829747,-113.3208500285089,-784.3568789124354,392.1784394562177,740.7814967506376,392.1784394562177
149.0,-74.5,-140.7222222222222,-74.5,0.0,4.687236782711045,1.0,2.0,0.004481747793111834,0.6807778389073285,-104.62386612085827,343.91522828416663,159.27777777777783,223.12723655198477,-111.56361827599238,-210.73127896576622,-111.56361827599238,-784.1725298408236,392.0862649204118,740.6073892941214,392.0862649204118
150.0,-75.0,-141.66666666666666,-75.0,0.0,4.673554397847101,1.0,2.0,0.004554636081809393,0.6853324749891379,-108.50031948125762,341.48145657226706,158.33333333333337,219.55650946381118,-109.77825473190559,-207.35892560471333,-109.77825473190559,-783.9763757272705,391.98818786363523,740.4221326313237,391.98818786363523
151.0,-75.5,-142.61111111111111,-75.5,0.0,4.659799102932362,1.0,2.0,0.004631200677228109,0.689963675666366,-112.32894041426884,338.9988341437944,157.3888888888889,215.9267260684815,-107.96336303424076,-203.9307968424575,-107.96336303424076,-783.7672448912718,391.8836224456359,740.2246201750959,391.8836224456359
152.0,-76.0,-143.55555555555557,-76.0,0.0,4.6459713025618194,1.0,2.0,0.0047117614206484415,0.6946754370870144,-116.10904467186845,336.4682441261773,156.44444444444446,212.2348545954982,-106.1174272977491,-200.4440293401954,-106.1174272977491,-783.5438052538802,391.7719026269401,740.0135938509046,391.7719026269401
153.0,-76.5,-144.50000000000003,-76.5,0.0,4.6320714051711445,1.0,2.0,0.004796678521484021,0.6994721156084984,-119.83996387369724,333.8905800473285,155.5,208.47759455236846,-104.23879727618423,-196.8955059661284,-104.23879727618423,-783.3045358994179,391.65226794970897,739.787617238343,391.65226794970897
154.0,-77.0,-145.44444444444449,-77.0,0.0,4.618099823078006,1.0,2.0,0.004886359354225545,0.704358474962724,-123.52104567386723,331.26674555412427,154.55555555555554,204.6513421357839,-102.32567106789195,-193.28182312824293,-102.32567106789195,-783.047692404318,391.523846202159,739.5450428263114,391.523846202159
155.0,-77.5,-146.38888888888894,-77.5,0.0,4.604056972523685,1.0,2.0,0.00498126670877197,0.7093397416714959,-127.15165392280431,328.5976541281233,153.6111111111111,200.75214969698536,-100.37607484849268,-189.5992524915998,-100.37607484849268,-782.7712641710372,391.3856320855186,739.2839717171053,391.3856320855186
156.0,-78.0,-147.3333333333334,-78.0,0.0,4.589943273716499,1.0,2.0,0.0050819288763703785,0.7144216705478663,-130.73116882408036,325.8842287986115,152.66666666666663,196.77567796151865,-98.38783898075933,-185.84369585254788,-98.38783898075933,-782.4729216412771,391.23646082063857,739.0022037723235,391.23646082063857
157.0,-78.5,-148.27777777777786,-78.5,0.0,4.575759150874746,1.0,2.0,0.0051889520742822715,0.7196106226221486,-134.25898708618874,323.1274018530622,151.72222222222217,192.71713935386822,-96.35856967693411,-182.01063161198908,-96.35856967693411,-782.1499504236228,391.0749752118114,738.6971754000989,391.0749752118114
158.0,-79.0,-149.2222222222223,-79.0,0.0,4.561505032273042,1.0,2.0,0.005303035878447604,0.7249136585005962,-137.73452206922127,320.3281145450984,150.77777777777771,188.57123031434915,-94.28561515717458,-178.09505085244325,-94.28561515717458,-781.7991683534924,390.8995841767462,738.3658812227515,390.8995841767462
159.0,-79.5,-150.16666666666677,-79.5,0.0,4.547181350287922,1.0,2.0,0.005424992564656117,0.7303386510652523,-141.15720392640355,317.4873168000487,149.83333333333326,184.33204987505613,-92.16602493752806,-174.09138043755533,-92.16602493752806,-781.4168201651238,390.7084100825619,738.0047746004069,390.7084100825619
160.0,-80.0,-151.11111111111123,-80.0,0.0,4.532788541446158,1.0,2.0,0.005555771584901281,0.7358944226501536,-144.5264797404491,314.6059669181858,148.8888888888888,179.99300092135962,-89.99650046067981,-169.99338975906414,-89.99650046067981,-780.9984423205195,390.49922116025976,737.6096399693872,390.49922116025976
161.0,-80.5,-152.05555555555569,-80.5,0.0,4.518327046474055,1.0,2.0,0.005696490872503901,0.7415909135226575,-147.84181365469396,311.6850312757392,147.94444444444434,175.54666941131225,-87.77333470565613,-165.79407666624158,-87.77333470565613,-780.5386876873869,390.26934384369343,737.1754272603179,390.26934384369343
162.0,-81.0,-153.00000000000014,-81.0,0.0,4.503797310346785,1.0,2.0,0.005848477348750936,0.7474393908714084,-151.10268699897304,308.72548402377396,146.9999999999999,170.9846752186825,-85.49233760934125,-161.48552659542452,-85.49233760934125,-780.0310953763142,390.0155476881571,736.696034522087,390.0155476881571
163.0,-81.5,-153.9444444444446,-81.5,0.0,4.489199782341067,1.0,2.0,0.00601332000920296,0.7534527108806114,-154.30859841020444,305.7283067850266,146.05555555555543,166.29748599269135,-83.14874299634567,-157.0587367708773,-83.14874299634567,-779.4677846543567,389.73389232717835,736.1640188402313,389.73389232717835
164.0,-82.0,-154.88888888888906,-82.0,0.0,4.4745349160881105,1.0,2.0,0.006192940485182041,0.7596456513657934,-157.45906394764737,302.69448834879245,145.11111111111097,161.47418215833298,-80.73709107916649,-152.50339426064986,-80.73709107916649,-778.8390419541694,389.4195209770847,735.5702062900624,389.4195209770847
165.0,-82.5,-155.8333333333335,-82.5,0.0,4.459803169628191,1.0,2.0,0.006389688315361575,0.766035339681155,-160.55361720280078,299.6250243639568,144.16666666666652,156.50215638779758,-78.25107819389879,-147.807592144033,-78.25107819389879,-778.1327547044903,389.0663773522451,734.9031572209205,389.0663773522451
166.0,-83.0,-156.77777777777797,-83.0,0.0,4.445005005466603,1.0,2.0,0.0066064718557774516,0.7726418115369325,-163.5918094039125,296.52091703026406,143.22222222222206,151.36672369617168,-75.68336184808584,-142.95746126860848,-75.68336184808584,-777.333621293626,388.666810646813,734.1484201106554,388.666810646813
167.0,-83.5,-157.72222222222243,-83.5,0.0,4.430140890631609,1.0,2.0,0.006846941744400481,0.7794887532813329,-166.57320951507046,293.3831747879198,142.2777777777776,146.05060731206208,-73.02530365603104,-137.93668468361602,-73.02530365603104,-776.4220264408093,388.21101322040465,733.28746941633,388.21101322040465
168.0,-84.0,-158.66666666666688,-84.0,0.0,4.415211296733565,1.0,2.0,0.007115753838660477,0.7866045071199934,-169.49740432984783,290.21281200562015,141.33333333333314,140.53324815241888,-70.26662407620944,-132.72584547728627,-70.26662407620944,-775.37240392816,387.68620196408,732.2961592654924,387.68620196408
169.0,-84.5,-159.61111111111134,-84.5,0.0,4.400216700026019,1.0,2.0,0.007418955829503027,0.7940234629494964,-172.36399855947684,287.0108486671037,140.3888888888887,134.78985762703846,-67.39492881351923,-127.3015322033158,-67.39492881351923,-774.1507912125085,387.07539560625423,731.1424139229345,387.07539560625423
170.0,-85.0,-160.5555555555558,-85.0,0.0,4.385157581468069,1.0,2.0,0.007764572792762214,0.8017880357422587,-175.17261491552713,283.7783100563224,139.44444444444423,128.79008629195351,-64.39504314597676,-121.63508149795771,-64.39504314597676,-772.711067977579,386.3555339887895,729.7826753121689,386.3555339887895
171.0,-85.5,-161.50000000000026,-85.5,0.0,4.3700344267882105,1.0,2.0,0.008163525317832376,0.809951561060091,-177.92289418706633,280.5162264413282,138.49999999999977,122.49609832355189,-61.248049161775945,-115.69075952780055,-61.248049161775945,-770.9889690245778,385.4944845122889,728.1562485232214,385.4944845122889
172.0,-86.0,-162.4444444444447,-86.0,0.0,4.3548477265516174,1.0,2.0,0.0086311295685092,0.8185826906286002,-180.61449531228277,277.22563275696916,137.55555555555532,115.85969044521292,-57.92984522260646,-109.42304097603589,-57.92984522260646,-768.8921624525254,384.4460812262627,726.1759312051717,384.4460812262627
173.0,-86.5,-163.38888888888917,-86.5,0.0,4.339597976226754,1.0,2.0,0.009189672986398723,0.827772363614999,-183.24709544455024,273.90756828649626,136.61111111111086,108.81780031564355,-54.408900157821776,-102.77236696477584,-54.408900157821776,-766.2829939641807,383.14149698209036,723.7117165217364,383.14149698209036
174.0,-87.0,-164.33333333333363,-87.0,0.0,4.32428567625588,1.0,2.0,0.009873116730426013,0.837645480345425,-185.82039001291872,270.5630763421742,135.6666666666664,101.28513895903784,-50.64256947951892,-95.65818679464813,-50.64256947951892,-762.9466522351843,381.47332611759214,720.5607271110166,381.47332611759214
175.0,-87.5,-165.27777777777808,-87.5,0.0,4.3089113321267405,1.0,2.0,0.010736376051143637,0.8483818563965686,-188.33409277701512,267.1932039449962,134.72222222222194,93.14129788640183,-46.570648943200915,-87.96678133715845,-46.570648943200915,-758.5279272859045,379.26396364295226,716.387486881143,379.26396364295226
176.0,-88.0,-166.22222222222254,-88.0,0.0,4.293475454446081,1.0,2.0,0.01187561435782003,0.8602574707543886,-190.78793587633962,263.799001503599,133.7777777777775,84.20616987629825,-42.103084938149124,-79.52804932761607,-42.103084938149124,-752.392907085253,376.1964535426265,710.5933011360811,376.1964535426265
177.0,-88.5,-167.166666666667,-88.5,0.0,4.277978559015148,1.0,2.0,0.013479427877099992,0.8737368986314886,-193.18166987394656,260.3815224924781,132.83333333333303,74.1871249371708,-37.0935624685854,-70.0656179962178,-37.0935624685854,-743.2841386501772,371.6420693250886,701.9905753918434,371.6420693250886
178.0,-89.0,-168.11111111111146,-89.0,0.0,4.2624211669082985,1.0,2.0,0.015989091754303297,0.8897259903857919,-195.51506379449836,256.941823129598,131.88888888888857,62.542639404821756,-31.271319702410878,-59.06804832677689,-31.271319702410878,-728.2768597043697,364.13842985218486,687.8170341652474,364.13842985218486
179.0,-89.5,-169.0555555555559,-89.5,0.0,4.246803804552472,1.0,2.0,0.020837390062894423,0.9105633804486863,-197.78790515668484,253.4809620534995,130.94444444444412,47.99065511475552,-23.99532755737776,-45.32450760838081,-23.99532755737776,-698.3592592999091,349.17962964995456,659.5615226721453,349.17962964995456
180.0,-90.0,-170.00000000000037,-90.0,0.0,4.231127003809608,1.0,2.0,0.05030590969429727,0.9608692901429836,-200.00000000000003,250.00000000000003,129.99999999999966,19.878380215701796,-9.939190107850898,-18.77402575927417,-9.939190107850898,-558.8264891717197,279.41324458585984,527.7805731066311,279.41324458585984
179.0,-89.5,-169.0555555555559,-89.5,0.0,4.231127003809608,1.0,3.0,0.0,0.9608692901429836,-197.78790515668484,253.4809620534995,130.94444444444412,0.0,0.0,0.0,0.0,0.0,0.0,0.0,0.0
178.0,-89.0,-168.11111111111146,-89.0,0.0,4.246803804552472,1.0,3.0,0.07114329975719177,1.0320125899001753,-195.51506379449836,256.941823129598,131.88888888888857,-14.05613744952718,7.02806872476359,13.275240924553625,7.02806872476359,-197.57500000000044,98.78750000000022,186.59861111111402,98.78750000000022
177.0,-88.5,-167.166666666667,-88.5,0.0,4.2624211669082985,1.0,3.0,0.015989091754303325,1.0480016816544786,-193.18166987394656,260.3815224924781,132.83333333333303,-62.542639404821756,31.271319702410878,59.06804832677689,31.271319702410878,-3032.473807791174,1516.236903895587,2864.0030406917017,1516.236903895587
176.0,-88.0,-166.22222222222254,-88.0,0.0,4.277978559015148,1.0,3.0,0.01347942787710002,1.0614811095315786,-190.78793587633962,263.799001503599,133.7777777777775,-74.1871249371708,37.0935624685854,70.0656179962178,37.0935624685854,-863.8709030174558,431.9354515087279,815.8780750720526,431.9354515087279
175.0,-87.5,-165.27777777777808,-87.5,0.0,4.293475454446081,1.0,3.0,0.011875614357819891,1.0733567238893984,-188.33409277701512,267.1932039449962,134.72222222222194,-84.20616987629982,42.10308493814991,79.52804932761757,42.10308493814991,-843.6654001425812,421.8327000712906,796.795100134671,421.8327000712906
174.0,-87.0,-164.33333333333363,-87.0,0.0,4.3089113321267405,1.0,3.0,0.010736376051143706,1.084093099940542,-185.82039001291872,270.5630763421742,135.6666666666664,-93.14129788640183,46.570648943200915,87.96678133715845,46.570648943200915,-832.2294196420437,416.11470982102185,785.9944518841619,416.11470982102185
173.0,-86.5,-163.38888888888917,-86.5,0.0,4.32428567625588,1.0,3.0,0.009873116730425943,1.093966216670968,-183.24709544455024,273.90756828649626,136.61111111111086,-101.28513895903784,50.64256947951892,95.65818679464813,50.64256947951892,-824.8500747022578,412.4250373511289,779.0250705521441,412.4250373511289
172.0,-86.0,-162.4444444444447,-86.0,0.0,4.339597976226754,1.0,3.0,0.009189672986398889,1.103155889657367,-180.61449531228277,277.22563275696916,137.55555555555532,-108.81780031564092,54.40890015782046,102.77236696477337,54.40890015782046,-819.6876393481795,409.84381967408973,774.1494371621806,409.84381967408973
171.0,-85.5,-161.50000000000026,-85.5,0.0,4.3548477265516174,1.0,3.0,0.008631129568509116,1.111787019225876,-177.92289418706633,280.5162264413282,138.49999999999977,-115.85969044521441,57.929845222607206,109.4230409760373,57.929845222607206,-815.8712105615951,407.9356052807976,770.5450321970715,407.9356052807976
170.0,-85.0,-160.5555555555558,-85.0,0.0,4.3700344267882105,1.0,3.0,0.008163525317832432,1.1199505445437086,-175.17261491552713,283.7783100563224,139.44444444444423,-122.49609832355023,61.248049161775114,115.69075952779899,61.248049161775114,-812.9340719798075,406.46703598990376,767.7710679809397,406.46703598990376
169.0,-84.5,-159.61111111111134,-84.5,0.0,4.385157581468069,1.0,3.0,0.007764572792762242,1.1277151173364708,-172.36399855947684,287.0108486671037,140.3888888888887,-128.79008629195351,64.39504314597676,121.63508149795771,64.39504314597676,-810.6032535711763,405.30162678558816,765.5697394838973,405.30162678558816
168.0,-84.0,-158.66666666666688,-84.0,0.0,4.400216700026019,1.0,3.0,0.00741895582950286,1.1351340731659736,-169.49740432984783,290.21281200562015,141.33333333333314,-134.7898576270425,67.39492881352125,127.30153220331961,67.39492881352125,-808.7083240514543,404.35416202572713,763.7800838263845,404.35416202572713
167.0,-83.5,-157.72222222222243,-83.5,0.0,4.415211296733565,1.0,3.0,0.007115753838660643,1.1422498270046342,-166.57320951507046,293.3831747879198,142.2777777777776,-140.5332481524167,70.26662407620834,132.7258454772842,70.26662407620834,-807.1373259386506,403.5686629693253,762.2963633865129,403.5686629693253
166.0,-83.0,-156.77777777777797,-83.0,0.0,4.430140890631609,1.0,3.0,0.006846941744400453,1.1490967687490345,-163.5918094039125,296.52091703026406,143.22222222222206,-146.05060731206444,73.02530365603222,137.93668468361827,73.02530365603222,-805.813656025336,402.906828012668,761.0462306906071,402.906828012668
165.0,-82.5,-155.8333333333335,-82.5,0.0,4.445005005466603,1.0,3.0,0.006606471855777424,1.155703240604812,-160.55361720280078,299.6250243639568,144.16666666666652,-151.36672369617168,75.68336184808584,142.95746126860848,75.68336184808584,-804.6831198498506,402.3415599249253,759.9785020804223,402.3415599249253
164.0,-82.0,-154.88888888888906,-82.0,0.0,4.459803169628191,1.0,3.0,0.006389688315361519,1.1620929289201736,-157.45906394764737,302.69448834879245,145.11111111111097,-156.50215638779758,78.25107819389879,147.807592144033,78.25107819389879,-803.7062902238462,401.8531451119231,759.0559407669747,401.8531451119231
163.0,-81.5,-153.9444444444446,-81.5,0.0,4.4745349160881105,1.0,3.0,0.006192940485182041,1.1682858694053557,-154.30859841020444,305.7283067850266,146.05555555555543,-161.47418215833008,80.73709107916504,152.50339426064713,80.73709107916504,-802.853794966876,401.426897483438,758.25080635762,401.426897483438
162.0,-81.0,-153.00000000000014,-81.0,0.0,4.489199782341067,1.0,3.0,0.006013320009203016,1.1742991894145587,-151.10268699897304,308.72548402377396,146.9999999999999,-166.29748599269135,83.14874299634567,157.0587367708773,83.14874299634567,-802.1033018331876,401.0516509165938,757.5420072869118,401.0516509165938
161.0,-80.5,-152.05555555555569,-80.5,0.0,4.503797310346785,1.0,3.0,0.00584847734875088,1.1801476667633095,-147.84181365469396,311.6850312757392,147.94444444444434,-170.98467521868574,85.49233760934287,161.4855265954276,85.49233760934287,-801.4375274951734,400.7187637475867,756.9132204121155,400.7187637475867
160.0,-80.0,-151.11111111111123,-80.0,0.0,4.518327046474055,1.0,3.0,0.0056964908725038454,1.1858441576358134,-144.5264797404491,314.6059669181858,148.8888888888888,-175.54666941131225,87.77333470565613,165.79407666624158,87.77333470565613,-800.842886389333,400.4214431946665,756.3516149232701,400.4214431946665
159.0,-79.5,-150.16666666666677,-79.5,0.0,4.532788541446158,1.0,3.0,0.005555771584901337,1.1913999292207147,-141.15720392640355,317.4873168000487,149.83333333333326,-179.99300092135962,89.99650046067981,169.99338975906414,89.99650046067981,-800.308551584627,400.1542757923135,755.8469653854893,400.1542757923135
158.0,-79.0,-149.2222222222223,-79.0,0.0,4.547181350287922,1.0,3.0,0.0054249925646561725,1.1968249217853708,-137.73452206922127,320.3281145450984,150.77777777777771,-184.33204987505613,92.16602493752806,174.09138043755533,92.16602493752806,-799.8257881430942,399.9128940715471,755.3910221351524,399.9128940715471
157.0,-78.5,-148.27777777777786,-78.5,0.0,4.561505032273042,1.0,3.0,0.0053030358784476594,1.2021279576638184,-134.25898708618874,323.1274018530622,151.72222222222217,-188.57123031434915,94.28561515717458,178.09505085244325,94.28561515717458,-799.3874709620084,399.6937354810042,754.977055908576,399.6937354810042
156.0,-78.0,-147.3333333333334,-78.0,0.0,4.575759150874746,1.0,3.0,0.005188952074282244,1.2073169097381007,-130.73116882408036,325.8842287986115,152.66666666666663,-192.71713935386822,96.35856967693411,182.01063161198908,96.35856967693411,-798.9877301174582,399.4938650587291,754.5995228887193,399.4938650587291
155.0,-77.5,-146.38888888888894,-77.5,0.0,4.589943273716499,1.0,3.0,0.005081928876370351,1.212398838614471,-127.15165392280431,328.5976541281233,153.6111111111111,-196.77567796151865,98.38783898075933,185.84369585254788,98.38783898075933,-798.6216860534121,399.31084302670604,754.2538146060111,399.31084302670604
154.0,-77.0,-145.44444444444449,-77.0,0.0,4.604056972523685,1.0,3.0,0.004981266708771914,1.217380105323243,-123.52104567386723,331.26674555412427,154.55555555555554,-200.75214969698982,100.37607484849491,189.59925249160403,100.37607484849491,-798.2852491051563,399.1426245525781,753.9360685993247,399.1426245525781
153.0,-76.5,-144.50000000000003,-76.5,0.0,4.618099823078006,1.0,3.0,0.0048863593542256,1.2222664646774686,-119.83996387369724,333.8905800473285,155.5,-204.65134213577926,102.32567106788963,193.28182312823856,102.32567106788963,-797.9749658439415,398.98748292197075,753.6430232970662,398.98748292197075
152.0,-76.0,-143.55555555555557,-76.0,0.0,4.6320714051711445,1.0,3.0,0.004796678521484021,1.2270631431989525,-116.10904467186845,336.4682441261773,156.44444444444446,-208.4775945523733,104.23879727618665,196.89550596613296,104.23879727618665,-797.6878999617288,398.8439499808644,753.3719055194188,398.8439499808644
151.0,-75.5,-142.61111111111111,-75.5,0.0,4.6459713025618194,1.0,3.0,0.004711761420648386,1.231774904619601,-112.32894041426884,338.9988341437944,157.3888888888889,-212.2348545954982,106.1174272977491,200.4440293401954,106.1174272977491,-797.4215389300917,398.71076946504587,753.1203423228718,398.71076946504587
150.0,-75.0,-141.66666666666666,-75.0,0.0,4.659799102932362,1.0,3.0,0.00463120067722822,1.2364061052968291,-108.50031948125762,341.48145657226706,158.33333333333337,-215.92672606847634,107.96336303423817,203.93079684245262,107.96336303423817,-797.1737202257722,398.5868601128861,752.8862913243578,398.5868601128861
149.0,-74.5,-140.7222222222222,-74.5,0.0,4.673554397847101,1.0,3.0,0.004554636081809338,1.2409607413786385,-104.62386612085827,343.91522828416663,159.27777777777783,-219.55650946381118,109.77825473190559,207.35892560471333,109.77825473190559,-796.9425723894185,398.47128619470925,752.6679850344574,398.47128619470925
148.0,-74.0,-139.77777777777774,-74.0,0.0,4.687236782711045,1.0,3.0,0.004481747793111834,1.2454424891717504,-100.70028027703546,346.2992768312207,160.22222222222229,-223.12723655198477,111.56361827599238,210.73127896576622,111.56361827599238,-796.726467665487,398.3632338327435,752.4638861285285,398.3632338327435
147.0,-73.5,-138.8333333333333,-73.5,0.0,4.7008458567316795,1.0,3.0,0.004412250701209985,1.2498547398729603,-96.73027741310426,348.6327407200537,161.16666666666674,-226.6417000570235,113.32085002851176,214.05049449830284,113.32085002851176,-796.5239835703474,398.2619917851737,752.2726511497775,398.2619917851737
146.0,-73.0,-137.88888888888883,-73.0,0.0,4.71438122287924,1.0,3.0,0.004345889723903873,1.2542006295968642,-92.71458833032419,350.91476968490826,162.1111111111112,-230.10247924599807,115.05123962299903,217.31900817677885,115.05123962299903,-796.3338715059997,398.16693575299985,752.0931008667874,398.16693575299985
145.0,-72.5,-136.94444444444437,-72.5,0.0,4.7278424878492755,1.0,3.0,0.004282435858987854,1.258483065455852,-88.65395898173007,353.14452495726596,163.05555555555566,-233.51196210007805,116.75598105003903,220.53907531674335,116.75598105003903,-796.1550310027908,398.0775155013954,751.9241959470968,398.0775155013954
144.0,-72.0,-135.99999999999991,-72.0,0.0,4.741229262026907,1.0,3.0,0.00422168285291652,1.2627047483087686,-84.54915028125262,355.32117953228305,164.0000000000001,-236.87236460909665,118.43618230454832,223.71278879748317,118.43618230454832,-795.9864883495767,397.99324417478834,751.7650167746081,397.99324417478834
143.0,-71.5,-135.05555555555546,-71.5,0.0,4.754541159450349,1.0,3.0,0.004163444375253844,1.2668681926840224,-80.40093790818563,357.44391843195945,164.94444444444457,-240.18574763329948,120.09287381664974,226.8420949870081,120.09287381664974,-795.8273788636408,397.9136894318204,751.6147467045557,397.9136894318204
142.0,-71.0,-134.111111111111,-71.0,0.0,4.767777797777236,1.0,3.0,0.004107551610581517,1.270975744294604,-76.21011210705527,359.5119389649609,165.88888888888903,-243.45403169710323,121.72701584855162,229.9288077139339,121.72701584855162,-795.6769320644149,397.83846603220746,751.4726580608482,397.83846603220746
141.0,-70.5,-133.16666666666654,-70.5,0.0,4.7809387982492595,1.0,3.0,0.004053851196878122,1.275029595491482,-71.97747748295144,361.5244509830121,166.83333333333348,-246.67901001647226,123.33950500823613,232.9746205711158,123.33950500823613,-795.5344591465386,397.7672295732693,751.3381003050705,397.7672295732693
140.0,-70.0,-132.2222222222221,-70.0,0.0,4.79402378566113,1.0,3.0,0.004002203452951381,1.2790317989444335,-67.70385279237846,363.480677133785,167.77777777777794,-249.86236001134506,124.93118000567253,235.9811177884957,124.93118000567253,-795.3993424610208,397.6996712305104,751.2104901020878,397.6996712305104
139.0,-69.5,-131.27777777777763,-69.5,0.0,4.807032388327606,1.0,3.0,0.003952480848214646,1.282984279792648,-63.39007072968761,365.3798531102009,168.7222222222224,-253.00565351296586,126.50282675648293,238.94978387335985,126.50282675648293,-795.2710265606303,397.63551328031514,751.0893028628294,397.63551328031514
138.0,-69.0,-130.33333333333317,-69.0,0.0,4.819964238052455,1.0,3.0,0.0039045666765998854,1.2868888464692478,-59.0369777091538,367.22122789607215,169.66666666666686,-256.1103658423969,128.05518292119845,241.88201218448918,128.05518292119845,-795.1490105259834,397.5745052629917,750.9740654967678,397.5745052629917
137.0,-68.5,-129.38888888888872,-68.5,0.0,4.8328189700977395,1.0,3.0,0.0038583539031795677,1.2907472003724274,-54.645433642759855,369.0040640080058,170.6111111111113,-259.1778839094896,129.5889419547448,244.7791125811879,129.5889419547448,-795.0328414832117,397.5164207416058,750.8643502897129,397.5164207416058
136.0,-68.0,-128.44444444444426,-68.0,0.0,4.845596223155464,1.0,3.0,0.0038137441575303854,1.2945609445299577,-50.21631171375233,370.7276377334963,171.55555555555577,-262.20951345817883,131.10475672908942,247.64231826606112,131.10475672908942,-794.9221089472436,397.4610544736218,750.759769561303,397.4610544736218
135.0,-67.5,-127.49999999999982,-67.5,0.0,4.8582956393173236,1.0,3.0,0.003770646852270354,1.2983315913822282,-45.75049814603709,372.3912393651312,172.50000000000017,-265.2064855656949,132.60324278284745,250.47279192315588,132.60324278284745,-794.8164399727476,397.4082199863738,750.6599710843803,397.4082199863738
134.0,-67.0,-126.55555555555537,-67.0,0.0,4.870916864047351,1.0,3.0,0.0037289784087813915,1.3020605697910095,-41.24889196948098,373.9941734308403,173.44444444444463,-268.1699624876144,134.0849812438072,253.27163123830206,134.0849812438072,-794.7154949840616,397.3577474920308,750.564634151612,397.3577474920308
133.0,-66.5,-125.61111111111093,-66.5,0.0,4.883459546154703,1.0,3.0,0.003688661575044161,1.3057492313660537,-36.712404781188155,375.5357589201151,174.38888888888908,-271.1010429272067,135.55052146360336,256.0398738756948,135.55052146360336,-794.6189640770176,397.3094820385088,750.4734660727346,397.3094820385088
132.0,-66.0,-124.66666666666649,-66.0,0.0,4.895923337767121,1.0,3.0,0.003649624822909814,1.3093988561889636,-32.14196050282166,377.0153295061291,175.33333333333348,-274.0007667973646,137.0003833986823,258.7785019752883,137.0003833986823,-794.5265639238743,397.26328196193714,750.3861992614238,397.26328196193714
131.0,-65.5,-123.72222222222204,-65.5,0.0,4.9083078943045075,1.0,3.0,0.003611801814102533,1.313010658003066,-27.538495134041835,378.4322337636902,176.27777777777794,-276.8701195329836,138.4350597664918,261.48844622559517,138.4350597664918,-794.4380348931347,397.21901744656736,750.3025885101863,397.21901744656736
130.0,-65.0,-122.7777777777776,-65.0,0.0,4.920612874454271,1.0,3.0,0.0035751309258759134,1.316585788928942,-22.90295650213309,379.7858353829581,177.2222222222224,-279.7100360051757,139.85501800258785,264.1705895604433,139.85501800258785,-794.3531386885442,397.1765693442721,750.2224087614179,397.1765693442721
129.0,-64.5,-121.83333333333316,-64.5,0.0,4.932837940146054,1.0,3.0,0.0035395548286071277,1.320125343757549,-18.236304007893718,381.07551337885934,178.16666666666686,-282.52140408107414,141.26070204053707,266.825770521014,141.26070204053707,-794.2716561915319,397.13582809576593,750.1454530697703,397.13582809576593
128.0,-64.0,-120.88888888888872,-64.0,0.0,4.944982756528508,1.0,3.0,0.0035050201087357125,1.3236303638662847,-13.539508367862336,382.3006622961361,179.1111111111113,-285.3050678675631,142.65253393378154,269.4547863193647,142.65253393378154,-794.1933855247058,397.0966927623529,750.071530773336,397.0966927623529
127.0,-63.5,-119.94444444444427,-63.5,0.0,4.9570469919458295,1.0,3.0,0.003471476931406703,1.3271018407976913,-8.813551352957543,383.46069240996485,180.0555555555557,-288.06183067297945,144.03091533648973,272.05839563559124,144.03091533648973,-794.1181404594188,397.0590702297094,750.0004659894411,397.0590702297094
126.0,-63.0,-118.99999999999983,-63.0,0.0,4.969030317914796,1.0,3.0,0.0034388787379677765,1.330540719535659,-4.059425523607952,384.5550299220814,181.00000000000017,-290.7924577157249,145.39622885786244,274.6373211759619,145.39622885786244,-794.0457488649639,397.02287443248196,749.9320961502427,397.02287443248196
125.0,-62.5,-118.05555555555539,-62.5,0.0,4.980932409102488,1.0,3.0,0.0034071819741444687,1.3339479015098035,0.721866038549327,385.5831171523538,181.94444444444463,-293.49767860612405,146.74883930306203,277.1922520168945,146.74883930306203,-793.97605144895,396.988025724475,749.8662708129018,396.988025724475
124.0,-62.0,-117.11111111111094,-62.0,0.0,4.9927529433049935,1.0,3.0,0.0033763458452819584,1.3373242473550855,5.529310002323291,386.5444127257401,182.88888888888903,-296.1781896239583,148.08909481197915,279.72384575596016,148.08909481197915,-793.9089005292216,396.9544502646108,749.8028504998175,396.9544502646108
123.0,-61.5,-116.1666666666665,-61.5,0.0,5.004491601427161,1.0,3.0,0.0033463320955257614,1.3406705794506113,10.361883061896654,387.4383917545762,183.83333333333348,-298.8346558122671,149.41732790613355,282.2327304893629,149.41732790613355,-793.8441590601848,396.9220795300924,749.7417057790586,396.9220795300924
122.0,-61.0,-115.22222222222206,-61.0,0.0,5.016148067460413,1.0,3.0,0.0033171048082214494,1.3439876842588327,15.21855221494325,388.2645460161342,184.77777777777794,-301.46771290478927,150.73385645239463,284.7195066323005,150.73385645239463,-793.7816996303912,396.8908498151956,749.6827163176002,396.8908498151956
121.0,-60.5,-114.27777777777762,-60.5,0.0,5.027722028464275,1.0,3.0,0.0032886302251661226,1.3472763144839988,20.0982750438559,389.0223841253974,185.7222222222224,-304.07796910323646,152.03898455161823,287.18474859750063,152.03898455161823,-793.7214036629558,396.8607018314779,749.6257701261201,396.8607018314779
120.0,-60.0,-113.33333333333317,-60.0,0.0,5.039213174546627,1.0,3.0,0.0032608765826415143,1.3505371910666404,24.999999999999993,389.71143170299746,186.66666666666686,-306.6660067183234,153.3330033591617,289.6290063450827,153.3330033591617,-793.6631606555228,396.8315803277614,749.5707628413174,396.8315803277614
119.0,-59.5,-112.38888888888873,-59.5,0.0,5.0506211988442935,1.0,3.0,0.0032338139624195072,1.35377100502906,29.922666690908606,390.3312315382607,187.61111111111126,-309.23238368722053,154.61619184361027,292.0528068157078,154.61619184361027,-793.6068675320481,396.80343376602406,749.5175971136098,396.80343376602406
118.0,-59.0,-111.44444444444429,-59.0,0.0,5.061945797505533,1.0,3.0,0.0032074141561491687,1.356978419185209,34.86520617033545,390.8813437473135,188.5555555555557,-311.77763497827186,155.88881748913593,294.4566552572562,155.88881748913593,-793.5524279493765,396.77621397468823,749.4661819521663,396.77621397468823
117.0,-58.5,-110.49999999999984,-58.5,0.0,5.0731866696708545,1.0,3.0,0.003181650541727865,1.360160069726937,39.82654123107782,391.36134592619663,189.50000000000017,-314.30227389363466,157.15113694681733,296.8410364550989,157.15113694681733,-793.4997518588875,396.74987592944376,749.4164323111845,396.74987592944376
116.0,-58.0,-109.5555555555554,-58.0,0.0,5.084343517457221,1.0,3.0,0.0031564979704264973,1.3633165676973635,44.8055867004857,391.77083329894,190.44444444444457,-316.8067932781999,158.40339663909995,299.20641587385495,158.40339663909995,-793.4487549272051,396.72437746360254,749.3682685423563,396.72437746360254
115.0,-57.5,-108.61111111111096,-57.5,0.0,5.095416045939344,1.0,3.0,0.0031319326636771727,1.3664485003610407,49.801249738566064,392.1094188605515,191.38888888888903,-319.29166664327624,159.64583332163812,301.55324071864925,159.64583332163812,-793.3993581327105,396.69967906635526,749.3216160142196,396.69967906635526
114.0,-57.0,-107.66666666666652,-57.0,0.0,5.106403963133926,1.0,3.0,0.003107932118564194,1.3695564324796048,54.81243013859669,392.37673351487626,192.33333333333348,-321.7573492119953,160.87867460599765,303.88194092243947,160.87867460599765,-793.3514873092638,396.6757436546319,749.2764046809743,396.6757436546319
113.0,-56.5,-106.72222222222207,-56.5,0.0,5.117306979983859,1.0,3.0,0.0030844750211618255,1.3726409075007666,59.83802063015977,392.57242620728016,193.27777777777794,-324.2042788932462,162.1021394466231,306.19293006584314,162.1021394466231,-793.3050728124404,396.6525364062202,749.2325687673089,396.6525364062202
112.0,-56.0,-105.77777777777763,-56.0,0.0,5.128124810341562,1.0,3.0,0.0030615411669608905,1.3757024486677274,64.87690718450425,392.696164052118,194.2222222222224,-326.6328771899903,163.31643859499516,308.48660623499035,163.31643859499516,-793.2600492042349,396.63002460211743,749.1900464706663,396.63002460211743
111.0,-55.5,-104.83333333333319,-55.5,0.0,5.138857170954519,1.0,3.0,0.003039111387709237,1.3787415600554367,69.9279693221481,392.7476324549443,195.1666666666668,-329.0435500469572,164.5217750234786,310.7633528221257,164.5217750234786,-793.2163548582191,396.60817742910956,749.1487795883046,396.60817742910956
110.0,-55.0,-103.88888888888874,-55.0,0.0,5.149503781449797,1.0,3.0,0.003017167484064276,1.381758727539501,74.99008042262776,392.72653522942966,196.11111111111126,-331.4366886431403,165.71834432157016,313.0235392740764,165.71834432157016,-793.173931783027,396.5869658915135,749.1087133506429,396.5869658915135
109.0,-54.5,-102.9444444444443,-54.5,0.0,5.160064364319674,1.0,3.0,0.0029956921635176936,1.3847544197030186,80.06210803630363,392.63259470894326,197.0555555555557,-333.8126701328849,166.90633506644244,315.2675217921685,166.90633506644244,-793.1327252779414,396.5663626389707,749.0697960958325,396.5663626389707
108.0,-54.0,-101.99999999999986,-54.0,0.0,5.170538644907503,1.0,3.0,0.002978086940027491,1.3877325066430461,85.1429141981288,392.46555185276765,198.0000000000001,-335.7860331608553,167.89301658042766,317.1312535408073,167.89301658042766,-662.6277431484866,331.3138715742433,625.8150907513569,331.3138715742433
107.0,-53.5,-101.05555555555542,-53.5,0.0,5.180926351394078,1.0,3.0,0.0029761904761904656,1.3907086971192366,90.23135574328798,392.2251663469115,198.94444444444457,-336.0000000000012,168.0000000000006,317.33333333333394,168.0000000000006,-71.89285795301683,35.946428976508415,67.89881028895822,35.946428976508415
106.0,-53.0,-100.11111111111097,-53.0,0.0,5.191227214783823,1.0,3.0,0.0029761904761904656,1.393684887595427,95.32628462461226,391.91121669948706,199.88888888888903,-336.0000000000012,168.0000000000006,317.33333333333394,168.0000000000006,0.0,0.0,0.0,0.0
105.0,-52.5,-99.16666666666653,-52.5,0.0,5.201440968891766,1.0,3.0,0.0029761904761904656,1.3966610780716175,100.42654823167594,391.52350033062254,200.83333333333348,-336.0000000000012,168.0000000000006,317.33333333333394,168.0000000000006,0.0,0.0,0.0,0.0
104.0,-52.0,-98.22222222222209,-52.0,0.0,5.211567350331497,1.0,3.0,0.002976190476190521,1.399637268547808,105.53098971148101,391.06183365687986,201.77777777777794,-336.0000000000012,168.0000000000006,317.33333333333394,168.0000000000006,0.0,0.0,0.0,0.0
103.0,-51.5,-97.27777777777764,-51.5,0.0,5.221606098501267,1.0,3.0,0.0029761904761904656,1.4026134590239985,110.63844829063189,390.52605217015054,202.72222222222234,-336.0000000000012,168.0000000000006,317.33333333333394,168.0000000000006,0.0,0.0,0.0,0.0
102.0,-51.0,-96.3333333333332,-51.0,0.0,5.23155695557352,1.0,3.0,0.0029761904761904656,1.405589649500189,115.74775959890752,389.9160105110039,203.6666666666668,-336.0000000000012,168.0000000000006,317.33333333333394,168.0000000000006,0.0,0.0,0.0,0.0
101.0,-50.5,-95.38888888888876,-50.5,0.0,5.241419666481914,1.0,3.0,0.0029761904761904656,1.4085658399763794,120.85775599413199,389.2315825364629,204.61111111111126,-336.0000000000012,168.0000000000006,317.33333333333394,168.0000000000006,0.0,0.0,0.0,0.0
100.0,-50.0,-94.44444444444431,-50.0,0.0,5.251193978910695,1.0,3.0,0.0029761904761904656,1.4115420304525699,125.9672668882487,388.4726613821862,205.55555555555566,-336.0000000000012,168.0000000000006,317.33333333333394,168.0000000000006,0.0,0.0,0.0,0.0
99.0,-49.5,-93.49999999999987,-49.5,0.0,5.26087964328271,1.0,3.0,0.002976190476190521,1.4145182209287603,131.07511907449964,387.63915951903533,206.5000000000001,-336.0000000000012,168.0000000000006,317.33333333333394,168.0000000000006,0.0,0.0,0.0,0.0
98.0,-49.0,-92.55555555555543,-49.0,0.0,5.2704764127492725,1.0,3.0,0.0029761904761904656,1.4174944114049508,136.18013705561373,386.7310088040071,207.44444444444457,-336.0000000000012,168.0000000000006,317.33333333333394,168.0000000000006,0.0,0.0,0.0,0.0
97.0,-48.5,-91.61111111111099,-48.5,0.0,5.279984043178615,1.0,3.0,0.0029761904761904656,1.4204706018811413,141.28114337290484,385.74816052551495,208.38888888888903,-336.0000000000012,168.0000000000006,317.33333333333394,168.0000000000006,0.0,0.0,0.0,0.0
96.0,-48.0,-90.66666666666654,-48.0,0.0,5.2894022931469244,1.0,3.0,0.0029761904761904656,1.4234467923573317,146.37695893618383,384.6905854430033,209.33333333333348,-336.0000000000012,168.0000000000006,317.33333333333394,168.0000000000006,0.0,0.0,0.0,0.0
95.0,-47.5,-89.7222222222221,-47.5,0.0,5.298730923926896,1.0,3.0,0.0029761904761904656,1.4264229828335222,151.46640335438335,383.5582738208802,210.27777777777789,-336.0000000000012,168.0000000000006,317.33333333333394,168.0000000000006,0.0,0.0,0.0,0.0
94.0,-47.0,-88.77777777777766,-47.0,0.0,5.307969699478955,1.0,3.0,0.002976190476190521,1.4293991733097127,156.5482952667995,382.3512354567575,211.22222222222234,-336.0000000000012,168.0000000000006,317.33333333333394,168.0000000000006,0.0,0.0,0.0,0.0
93.0,-46.5,-87.83333333333321,-46.5,0.0,5.317118386440868,1.0,3.0,0.0029761904761904656,1.4323753637859031,161.6214526748497,381.0694997039867,212.1666666666668,-336.0000000000012,168.0000000000006,317.33333333333394,168.0000000000006,0.0,0.0,0.0,0.0
92.0,-46.0,-86.88888888888877,-46.0,0.0,5.326176754119209,1.0,3.0,0.0029761904761904656,1.4353515542620936,166.6846932742492,379.71311548848195,213.1111111111112,-336.0000000000012,168.0000000000006,317.33333333333394,168.0000000000006,0.0,0.0,0.0,0.0
91.0,-45.5,-85.94444444444433,-45.5,0.0,5.335144574479543,1.0,3.0,0.0029761904761904656,1.438327744738284,171.736834787506,378.2821513198237,214.05555555555566,-336.0000000000012,168.0000000000006,317.33333333333394,168.0000000000006,0.0,0.0,0.0,0.0
90.0,-45.0,-84.99999999999989,-45.0,0.0,5.344021622138884,1.0,3.0,0.0029761904761904656,1.4413039352144745,176.77669529663686,376.77669529663694,215.0000000000001,-336.0000000000012,168.0000000000006,317.33333333333394,168.0000000000006,0.0,0.0,0.0,0.0
89.0,-44.5,-84.05555555555544,-44.5,0.0,5.352807674355321,1.0,3.0,0.0029761904761904656,1.444280125690665,181.80309357600203,375.19685510624106,215.94444444444457,-336.0000000000012,168.0000000000006,317.33333333333394,168.0000000000006,0.0,0.0,0.0,0.0
88.0,-44.0,-83.111111111111,-44.0,0.0,5.361502511021314,1.0,3.0,0.002976190476190521,1.4472563161668555,186.814849425163,373.5427580185686,216.88888888888903,-336.0000000000012,168.0000000000006,317.33333333333394,168.0000000000006,0.0,0.0,0.0,0.0
87.0,-43.5,-82.16666666666656,-43.5,0.0,5.3701059146541485,1.0,3.0,0.0029761904761904656,1.450232506643046,191.81078400166066,371.8145508743533,217.83333333333343,-336.0000000000012,168.0000000000006,317.33333333333394,168.0000000000006,0.0,0.0,0.0,0.0
86.0,-43.0,-81.22222222222211,-43.0,0.0,5.378617670389476,1.0,3.0,0.0029761904761904656,1.4532086971192364,196.78972015361768,370.0124000675895,218.77777777777789,-336.0000000000012,168.0000000000006,317.33333333333394,168.0000000000006,0.0,0.0,0.0,0.0
85.0,-42.5,-80.27777777777767,-42.5,0.0,5.38703756597224,1.0,3.0,0.0029761904761904656,1.4561848875954269,201.7504827520626,368.1364915222643,219.72222222222234,-336.0000000000012,168.0000000000006,317.33333333333394,168.0000000000006,0.0,0.0,0.0,0.0
84.0,-42.0,-79.33333333333323,-42.0,0.0,5.3953653917502775,1.0,3.0,0.002976190476190521,1.4591610780716173,206.6918990228792,366.1870306633693,220.66666666666674,-336.0000000000012,168.0000000000006,317.33333333333394,168.0000000000006,0.0,0.0,0.0,0.0
83.0,-41.5,-78.38888888888879,-41.5,0.0,5.403600940665979,1.0,3.0,0.0029761904761904656,1.4621372685478078,211.61279887828,364.1642423821988,221.6111111111112,-336.0000000000012,168.0000000000006,317.33333333333394,168.0000000000006,0.0,0.0,0.0,0.0
82.0,-41.0,-77.44444444444434,-41.0,0.0,5.411744008249968,1.0,3.0,0.0029761904761904656,1.4651134590239983,216.51201524770613,362.06837099594094,222.55555555555566,-336.0000000000012,168.0000000000006,317.33333333333394,168.0000000000006,0.0,0.0,0.0,0.0
81.0,-40.5,-76.4999999999999,-40.5,0.0,5.419794392613712,1.0,3.0,0.0029761904761904656,1.4680896495001887,221.38838440805392,359.8996802015735,223.5000000000001,-336.0000000000012,168.0000000000006,317.33333333333394,168.0000000000006,0.0,0.0,0.0,0.0
80.0,-40.0,-75.55555555555546,-40.0,0.0,5.4277518944432614,1.0,3.0,0.0029761904761904656,1.4710658399763792,226.24074631313056,357.65845302407644,224.44444444444454,-336.0000000000012,168.0000000000006,317.33333333333394,168.0000000000006,0.0,0.0,0.0,0.0
79.0,-39.5,-74.61111111111101,-39.5,0.0,5.4356163169920135,1.0,3.0,0.0029761904761904656,1.4740420304525697,231.06794492223895,355.3449917589739,225.38888888888897,-336.0000000000012,168.0000000000006,317.33333333333394,168.0000000000006,0.0,0.0,0.0,0.0
78.0,-39.0,-73.66666666666657,-39.0,0.0,5.443387466074972,1.0,3.0,0.0029761904761904656,1.4770182209287601,235.8688285277946,352.9596179092205,226.33333333333343,-336.0000000000012,168.0000000000006,317.33333333333394,168.0000000000006,0.0,0.0,0.0,0.0
77.0,-38.5,-72.72222222222213,-38.5,0.0,5.451065150061748,1.0,3.0,0.0029761904761904656,1.4799944114049506,240.64225008187643,350.50267211645206,227.27777777777789,-336.0000000000012,168.0000000000006,317.33333333333394,168.0000000000006,0.0,0.0,0.0,0.0
76.0,-38.0,-71.77777777777769,-38.0,0.0,5.458649179871807,1.0,3.0,0.0029761904761905766,1.4829706018811413,245.38706752161406,347.97451408661396,228.2222222222223,-335.9999999999761,167.99999999998806,317.33333333331024,167.99999999998806,8.42283043311849e-09,-4.211415216559245e-09,-7.964445103424967e-09,-4.211415216559245e-09
75.0,-37.5,-70.83333333333324,-37.5,0.0,5.466139368966674,1.0,3.0,0.0029761904761904656,1.4859467923573317,250.10214409331292,345.3755225099939,229.16666666666674,-336.0000000000012,168.0000000000006,317.33333333333394,168.0000000000006,-8.422830433119118e-09,4.211415216559559e-09,7.96444510342556e-09,4.211415216559559e-09
74.0,-37.0,-69.8888888888888,-37.0,0.0,5.47353553334629,1.0,3.0,0.0029761904761904656,1.4889229828335222,254.78634867522302,342.70609497567597,230.1111111111112,-336.0000000000012,168.0000000000006,317.33333333333394,168.0000000000006,0.0,0.0,0.0,0.0
73.0,-36.5,-68.94444444444436,-36.5,0.0,5.480837491541842,1.0,3.0,0.0029761904761904656,1.4918991733097127,259.4385560988516,339.9666478804424,231.05555555555566,-336.0000000000012,168.0000000000006,317.33333333333394,168.0000000000006,0.0,0.0,0.0,0.0
72.0,-36.0,-67.99999999999991,-36.0,0.0,5.488045064610895,1.0,3.0,0.0029761904761904656,1.4948753637859031,264.0576474687263,337.1576163321491,232.00000000000009,-336.0000000000012,168.0000000000006,317.33333333333394,168.0000000000006,0.0,0.0,0.0,0.0
71.0,-35.5,-67.05555555555547,-35.5,0.0,5.4951580761325545,1.0,3.0,0.0029780869400275467,1.4978534507259307,268.64251048051113,334.27945404759834,232.9444444444445,-335.7860331608553,167.89301658042766,317.1312535408073,167.89301658042766,71.84707614476275,-35.923538072381376,-67.85557191449604,-35.923538072381376
70.0,-35.0,-66.11111111111103,-35.0,0.0,5.502176352201356,1.0,3.0,0.0029956921635176936,1.5008491428894484,273.19203973738166,331.3326332449432,233.88888888888897,-333.8126701328849,166.90633506644244,315.2675217921685,166.90633506644244,658.7335815083259,-329.36679075416293,-622.1372714245384,-329.36679075416293
69.0,-34.5,-65.16666666666659,-34.5,0.0,5.509099721423255,1.0,3.0,0.0030171674840642204,1.5038663103735126,277.7051370645639,328.3176445306486,234.83333333333343,-331.4366886431403,165.71834432157016,313.0235392740764,165.71834432157016,787.4874372383326,-393.7437186191663,-743.7381351695353,-393.7437186191663
68.0,-34.0,-64.22222222222214,-34.0,0.0,5.515928014910056,1.0,3.0,0.0030391113877091813,1.5069054217612217,282.1807118219428,325.23499678104423,235.77777777777786,-329.04355004698124,164.52177502349062,310.7633528221484,164.52177502349062,787.4468194346314,-393.7234097173157,-743.6997739104821,-393.7234097173157
67.0,-33.5,-63.27777777777769,-33.5,0.0,5.52266106627507,1.0,3.0,0.0030615411669608905,1.5099669629281824,286.6176812146468,322.08521701850265,236.7222222222223,-326.6328771899903,163.31643859499516,308.4866062349927,163.31643859499516,787.4050112427562,-393.7025056213781,-743.660288395171,-393.7025056213781
66.0,-33.0,-62.33333333333324,-33.0,0.0,5.529298711628214,1.0,3.0,0.0030844750211619365,1.5130514379493443,291.014970601516,318.868850282277,237.66666666666674,-324.2042788932462,162.1021394466231,306.1929300658454,162.1021394466231,787.3619595172866,-393.6809797586433,-743.6196284330113,-393.6809797586433
65.0,-32.5,-61.38888888888879,-32.5,0.0,5.535840789572056,1.0,3.0,0.003107932118564194,1.5161593700679084,295.3715138013613,315.586459494036,238.6111111111112,-321.7573492119953,160.87867460599765,303.8819409224418,160.87867460599765,787.3176079474537,-393.65880397372683,-743.5777408392476,-393.65880397372683
64.0,-32.0,-60.44444444444434,-32.0,0.0,5.542287141196604,1.0,3.0,0.0031319326636771727,1.5192913027315855,299.6862533969219,312.2386253181347,239.55555555555566,-319.29166664327624,159.64583332163812,301.5532407186515,159.64583332163812,787.2718967795787,-393.63594838978935,-743.5345691807345,-393.63594838978935
63.0,-31.5,-59.49999999999989,-31.5,0.0,5.548637610076215,1.0,3.0,0.0031564979704264973,1.522447800702012,303.9581410364323,308.8259460166608,240.5000000000001,-316.8067932782222,158.4033966391111,299.20641587387826,158.4033966391111,787.2247624852408,-393.6123812426204,-743.49005345828,-393.6123812426204
62.0,-31.0,-58.55555555555544,-31.0,0.0,5.554892042264308,1.0,3.0,0.0031816505417279206,1.5256294512437398,308.1861377327062,305.34903729929897,241.44444444444457,-314.30227389363466,157.15113694681733,296.8410364551011,157.15113694681733,787.1761375865455,-393.5880687932727,-743.4441299428585,-393.5880687932727
61.0,-30.5,-57.61111111111099,-30.5,0.0,5.561050286290201,1.0,3.0,0.003207414156149113,1.528836865399889,312.36921415964883,301.80853216805525,242.388888888889,-311.77763497827186,155.88881748913593,294.45665525725843,155.88881748913593,787.1259502059232,-393.5629751029616,-743.3967307500515,-393.5629751029616
60.0,-30.0,-56.66666666666654,-30.0,0.0,5.5671121931549346,1.0,3.0,0.0032338139624195072,1.5320706793623085,316.50635094610965,298.20508075688775,243.33333333333346,-309.23238368722053,154.61619184361027,292.05280681570997,154.61619184361027,787.074123814778,-393.537061907389,-743.347783602841,-393.537061907389
59.0,-29.5,-55.72222222222209,-29.5,0.0,5.573077616327372,1.0,3.0,0.0032608765826415143,1.5353315559449499,320.5965389669857,294.5393501662893,244.2777777777779,-306.66600671834425,153.33300335917212,289.6290063451046,153.33300335917212,787.0205767792185,-393.51028838960923,-743.2972114025972,-393.51028838960923
58.0,-29.0,-54.777777777777644,-29.0,0.0,5.578946411740973,1.0,3.0,0.0032886302251661226,1.538620186170116,324.63877963148985,290.8120242928695,245.22222222222234,-304.07796910321593,152.03898455160797,287.1847485974834,152.03898455160797,786.9652219709482,-393.4826109854741,-743.2449318614491,-393.4826109854741
57.0,-28.5,-53.833333333333194,-28.5,0.0,5.584718437789723,1.0,3.0,0.0033171048082214494,1.5419372909783375,328.6320851684968,287.02380365398693,246.1666666666668,-301.46771290478927,150.73385645239463,284.7195066323026,150.73385645239463,786.9079662352376,-393.4539831176188,-743.190856999958,-393.4539831176188
56.0,-28.0,-52.888888888888744,-28.0,0.0,5.5903935553243915,1.0,3.0,0.003346332095525706,1.5452836230738631,332.5754789088811,283.1754052074811,247.11111111111126,-298.83465581228694,149.41732790614347,282.23273048938375,149.41732790614347,786.8487099720337,-393.42435498601685,-743.134892751367,-393.42435498601685
55.0,-27.5,-51.944444444444294,-27.5,0.0,5.595971627650731,1.0,3.0,0.003376345845282014,1.5486599689191451,336.4679955647646,279.2675621665569,248.0555555555557,-296.1781896239583,148.08909481197915,279.72384575596226,148.08909481197915,786.7873464564325,-393.39367322821624,-743.0769383199658,-393.39367322821624
54.0,-27.0,-50.999999999999844,-27.0,0.0,5.601452520524326,1.0,3.0,0.0034071819741444687,1.5520671508932895,340.30868150558655,275.30102380987626,249.00000000000017,-293.49767860612405,146.74883930306203,277.1922520168966,146.74883930306203,786.7237612124909,-393.36188060624545,-743.0168855895719,-393.36188060624545
53.0,-26.5,-50.055555555555394,-26.5,0.0,5.606836102148445,1.0,3.0,0.0034388787379677765,1.5555060296312573,344.096595030916,271.2765552869108,249.9444444444446,-290.7924577157249,145.39622885786244,274.637321175964,145.39622885786244,786.6578313830978,-393.3289156915489,-742.9546185284859,-393.3289156915489
52.0,-26.0,-49.111111111110944,-26.0,0.0,5.612122243170502,1.0,3.0,0.003471476931406703,1.5589775065626639,347.8308066399234,267.19493741861385,250.88888888888906,-288.06183067297945,144.03091533648973,272.0583956355933,144.03091533648973,786.5894248183913,-393.29471240919565,-742.8900123284961,-393.29471240919565
51.0,-25.5,-48.166666666666494,-25.5,0.0,5.617310816679994,1.0,3.0,0.003505020108735657,1.5624825266713995,351.5103992974326,263.056966493468,251.8333333333335,-285.3050678675631,142.65253393378154,269.45478631936675,142.65253393378154,786.5183992940916,-393.2591996470458,-742.8229326666323,-393.2591996470458
50.0,-25.0,-47.222222222222044,-25.0,0.0,5.622401698204194,1.0,3.0,0.0035395548286071277,1.5660220815000065,355.13446869647044,258.8634540589705,252.77777777777794,-282.52140408107414,141.26070204053707,266.825770521016,141.26070204053707,786.4446014484957,-393.2223007242479,-742.7532347013758,-393.2223007242479
49.0,-24.5,-46.277777777777594,-24.5,0.0,5.627394765706242,1.0,3.0,0.0035751309258759134,1.5695972124258826,358.7021235172373,254.61522670861422,253.7222222222224,-279.7100360051757,139.85501800258785,264.1705895604453,139.85501800258785,786.3678657333511,-393.18393286667555,-742.6807620814885,-393.18393286667555
48.0,-24.0,-45.333333333333144,-24.0,0.0,5.632289899582695,1.0,3.0,0.0036118018141025887,1.573209014239985,362.21248568242186,250.3131258644289,254.66666666666686,-276.8701195329836,138.4350597664918,261.48844622559716,138.4350597664918,786.2880131195161,-393.14400655975805,-742.6053457240023,-393.14400655975805
47.0,-23.5,-44.388888888888694,-23.5,0.0,5.637086982659744,1.0,3.0,0.0036496248229098693,1.576858639062895,365.6646906087807,245.9580075551457,255.6111111111113,-274.0007667973646,137.0003833986823,258.7785019752903,137.0003833986823,786.2048497717303,-393.10242488586516,-742.5268025621932,-393.10242488586516
46.0,-23.0,-43.444444444444244,-23.0,0.0,5.641785900191913,1.0,3.0,0.0036886615750441054,1.5805473006379391,369.0578874549095,241.5507421900487,256.55555555555577,-271.1010429272067,135.55052146360336,256.03987387569674,135.55052146360336,786.1181654007111,-393.05908270035553,-742.444933989563,-393.05908270035553
45.0,-22.5,-42.499999999999794,-22.5,0.0,5.646386539858483,1.0,3.0,0.0037289784087813915,1.5842762790467204,372.3912393651312,237.09221432858203,257.5000000000002,-268.1699624876144,134.0849812438072,253.27163123830397,134.0849812438072,786.027731533657,-393.0138657668285,-742.359524226235,-393.0138657668285
44.0,-22.0,-41.555555555555344,-22.0,0.0,5.6508887917620605,1.0,3.0,0.003770646852270354,1.5880469258989907,375.6639237094271,232.5833224457775,258.4444444444447,-265.2064855657105,132.60324278285526,250.4727919231725,132.60324278285526,785.9332995132128,-392.9666497566064,-742.2703384291545,-392.9666497566064
43.0,-21.5,-40.611111111110894,-21.5,0.0,5.6552925484252805,1.0,3.0,0.00381374415753033,1.591860670056521,378.87513231934025,228.02497869357407,259.38888888888914,-262.20951345817883,131.10475672908942,247.64231826605925,131.10475672908942,785.8345981636172,-392.9172990818086,-742.1771204878598,-392.9172990818086
42.0,-21.0,-39.666666666666444,-21.0,0.0,5.659597704789436,1.0,3.0,0.0038583539031796787,1.5957190239597008,382.02407171977933,223.4181086580968,260.33333333333354,-259.17788390947464,129.58894195473732,244.77911258117194,129.58894195473732,785.7313312305872,-392.8656656152936,-742.0795906066699,-392.8656656152936
41.0,-20.5,-38.722222222221994,-20.5,0.0,5.663804158211746,1.0,3.0,0.0039045666765998854,1.5996235906363006,385.1099633566538,218.76365111296838,261.277777777778,-256.1103658423969,128.05518292119845,241.88201218448737,128.05518292119845,785.6231743874428,-392.8115871937214,-741.9774424770405,-392.8115871937214
40.0,-20.0,-37.777777777777544,-20.0,0.0,5.667911808463311,1.0,3.0,0.003952480848214535,1.603576071484515,388.1320438202727,214.06255776872507,262.22222222222246,-253.00565351296586,126.50282675648293,238.94978387335806,126.50282675648293,785.5097718774624,-392.7548859387312,-741.8703401064906,-392.7548859387312
39.0,-19.5,-36.833333333333094,-19.5,0.0,5.671920557727054,1.0,3.0,0.004002203452951325,1.6075782749374663,391.0895650644388,209.31579301841026,263.1666666666669,-249.8623600113589,124.93118000567945,235.98111778850702,124.93118000567945,785.3907325198837,-392.69536625994186,-741.7579140465612,-392.69536625994186
38.0,-19.0,-35.888888888888644,-19.0,0.0,5.675830310596117,1.0,3.0,0.004053851196878178,1.6116321261343445,393.98179462117366,204.52433367942086,264.11111111111137,-246.67901001647226,123.33950500823613,232.97462057111403,123.33950500823613,785.2656252745785,-392.63281263728925,-741.6397572037814,-392.63281263728925
37.0,-18.5,-34.944444444444194,-18.5,0.0,5.67964097407119,1.0,3.0,0.004107551610581628,1.615739677744926,396.80801581100843,199.68916873168274,265.05555555555577,-243.45403169710323,121.72701584855162,229.92880771393217,121.72701584855162,785.1339739861382,-392.5669869930691,-741.5154198757965,-392.5669869930691
36.0,-18.0,-33.999999999999744,-18.0,0.0,5.6833524575595336,1.0,3.0,0.004163444375253733,1.6199031221201796,399.56752794877787,194.81129905223156,266.0000000000002,-240.18574763331227,120.09287381665614,226.84209498701847,120.09287381665614,784.9952513396713,-392.49762566983566,-741.3844040430279,-392.49762566983566
35.0,-17.5,-33.055555555555294,-17.5,0.0,5.6869646728726,1.0,3.0,0.004221682852916575,1.6241248049730963,402.2596465448551,189.89173714627753,266.9444444444447,-236.8723646090842,118.4361823045421,223.7127887974697,118.4361823045421,784.8488718045023,-392.42443590225116,-741.2461567042604,-392.42443590225116
34.0,-17.0,-32.111111111110844,-17.0,0.0,5.690477534224125,1.0,3.0,0.004282435858987799,1.6284072408320842,404.88370350176723,184.93150687483362,267.88888888888914,-233.51196210007805,116.75598105003903,220.53907531674167,116.75598105003903,784.6941833240513,-392.34709166202566,-741.1000620282696,-392.34709166202566
33.0,-16.5,-31.166666666666398,-16.5,0.0,5.693890958229422,1.0,3.0,0.0043458897239039285,1.6327531305559881,407.4390473061331,179.93164317898612,268.8333333333336,-230.10247924599807,115.05123962299903,217.3190081767764,115.05123962299903,784.5304576705254,-392.2652288352627,-740.9454322445781,-392.2652288352627
32.0,-16.0,-30.22222222222195,-16.0,0.0,5.697204863902608,1.0,3.0,0.004412250701209985,1.6371653812571982,409.9250432158649,174.89319180089083,269.77777777777806,-226.6417000570121,113.32085002850604,214.05049449828965,113.32085002850604,784.3568789137104,-392.1784394568552,-740.7814967518365,-392.1784394568552
31.0,-15.5,-29.277777777777505,-15.5,0.0,5.700419172655928,1.0,3.0,0.004481747793111834,1.64164712905031,412.3410734425782,169.81720900157512,270.7222222222225,-223.12723655198477,111.56361827599238,210.73127896576383,111.56361827599238,784.1725298395489,-392.08626491977446,-740.60738929291,-392.08626491977446
30.0,-15.0,-28.33333333333306,-15.0,0.0,5.703533808297816,1.0,3.0,0.004554636081809393,1.6462017651321195,414.6865373291548,164.70476127563023,271.66666666666697,-219.55650946381118,109.77825473190559,207.358925604711,109.77825473190559,783.9763757272705,-391.98818786363523,-740.4221326313113,-391.98818786363523
29.0,-14.5,-27.388888888888612,-14.5,0.0,5.706548697031449,1.0,3.0,0.004631200677228109,1.6508329658093475,416.9608515224061,159.5569250628778,272.6111111111114,-215.92672606848672,107.96336303424336,203.9307968424601,107.96336303424336,783.7672448901676,-391.8836224450838,-740.224620174052,-391.8836224450838
28.0,-14.0,-26.444444444444166,-14.0,0.0,5.709463767453797,1.0,3.0,0.0047117614206484415,1.655544727229996,419.16345014078456,154.37478645709515,273.5555555555558,-212.2348545954982,106.1174272977491,200.44402934019317,106.1174272977491,783.5438052549841,-391.77190262749207,-740.0135938519301,-391.77190262749207
27.0,-13.5,-25.49999999999972,-13.5,0.0,5.712278950553696,1.0,3.0,0.004796678521484021,1.6603414057514798,421.2937849370927,149.15944091188575,274.5000000000003,-208.4775945523733,104.23879727618665,196.89550596613074,104.23879727618665,783.3045358984288,-391.6522679492144,-739.7876172374063,-391.6522679492144
26.0,-13.0,-24.555555555555273,-13.0,0.0,5.714994179711037,1.0,3.0,0.004886359354225545,1.6652277651057052,423.35132545614226,143.9119929437818,275.44444444444474,-204.65134213578855,102.32567106789428,193.28182312824515,102.32567106789428,783.0476924043707,-391.5238462021853,-739.5450428263514,-391.5238462021853
25.0,-12.5,-23.611111111110826,-12.5,0.0,5.717609390695301,1.0,3.0,0.00498126670877197,1.670209031814477,425.3355591873133,138.63355583266565,276.38888888888914,-200.75214969698982,100.37607484849491,189.5992524916019,100.37607484849491,782.7712641710946,-391.3856320855473,-739.2839717171445,-391.3856320855473
24.0,-12.0,-22.66666666666638,-12.0,0.0,5.720124521664549,1.0,3.0,0.0050819288763703785,1.6752909606908475,427.24599171197156,133.32525131959991,277.3333333333336,-196.77567796151865,98.38783898075933,185.8436958525458,98.38783898075933,782.4729216421551,-391.23646082107757,-739.0022037731457,-391.23646082107757
23.0,-11.5,-21.722222222221934,-11.5,0.0,5.722539513164152,1.0,3.0,0.0051889520742822715,1.6804799127651298,429.08214684569555,127.9882093021541,278.27777777777806,-192.71713935386822,96.35856967693411,182.010631611987,96.35856967693411,782.1499504236228,-391.0749752118114,-738.6971754000989,-391.0749752118114
22.0,-11.0,-20.777777777777487,-11.0,0.0,5.7248543081257335,1.0,3.0,0.005303035878447604,1.6857829486435774,430.8435667752735,122.62356752731867,279.2222222222225,-188.57123031434915,94.28561515717458,178.09505085244123,94.28561515717458,781.7991683534924,-390.8995841767462,-738.3658812227407,-390.8995841767462
21.0,-10.5,-19.83333333333304,-10.5,0.0,5.727068851866401,1.0,3.0,0.005424992564656117,1.6912079412082335,432.52981219042897,117.23247128209698,280.16666666666697,-184.33204987505613,92.16602493752806,174.09138043755337,92.16602493752806,781.4168201651238,-390.7084100825619,-738.0047746003964,-390.7084100825619
20.0,-10.0,-18.888888888888594,-10.0,0.0,5.729183092087411,1.0,3.0,0.005555771584901281,1.6967637127931348,434.1404624102337,111.81607308186638,281.1111111111114,-179.99300092135962,89.99650046067981,169.99338975906224,89.99650046067981,780.9984423205195,-390.49922116025976,-737.609639969377,-390.49922116025976
19.0,-9.5,-17.944444444444148,-9.5,0.0,5.731196978873383,1.0,3.0,0.005696490872503901,1.7024602036656387,435.67511550417123,106.3755323566008,282.0555555555559,-175.54666941131225,87.77333470565613,165.7940766662397,87.77333470565613,780.5386876873869,-390.26934384369343,-737.1754272603129,-390.26934384369343
18.0,-9.0,-16.9999999999997,-9.0,0.0,5.733110464691587,1.0,3.0,0.005848477348750936,1.7083086810143895,437.1333884078151,100.91201513504724,283.0000000000003,-170.98467521868574,85.49233760934287,161.48552659542577,85.49233760934287,780.031095375775,-390.0155476878875,-736.6960345215664,-390.0155476878875
17.0,-8.5,-16.055555555555255,-8.5,0.0,5.73492350439086,1.0,3.0,0.00601332000920296,1.7143220010235924,438.51491703308625,95.42669372695006,283.94444444444474,-166.29748599269135,83.14874299634567,157.0587367708755,83.14874299634567,779.4677846548956,-389.7338923274478,-736.1640188407371,-389.7338923274478
16.0,-8.0,-15.111111111110809,-8.0,0.0,5.736636055201075,1.0,3.0,0.006192940485182041,1.7205149415087746,439.8193563730564,89.92074640341625,284.8888888888892,-161.47418215833008,80.73709107916504,152.5033942606454,80.73709107916504,778.8390419546236,-389.4195209773118,-735.5702062904807,-389.4195209773118
15.0,-7.5,-14.166666666666362,-7.5,0.0,5.738248076731932,1.0,3.0,0.006389688315361575,1.7269046298241362,441.04638060126626,84.3953570755171,285.8333333333336,-156.50215638779758,78.25107819389879,147.80759214403136,78.25107819389879,778.1327547040365,-389.06637735201826,-734.9031572204802,-389.06637735201826
14.0,-7.0,-13.222222222221916,-7.0,0.0,5.739759530972962,1.0,3.0,0.0066064718557774516,1.7335111016799136,442.1956831655298,78.85171497122047,286.77777777777806,-151.36672369617168,75.68336184808584,142.95746126860686,75.68336184808584,777.333621293626,-388.666810646813,-734.1484201106512,-388.666810646813
13.0,-6.5,-12.27777777777747,-6.5,0.0,5.741170382292295,1.0,3.0,0.006846941744400481,1.740358043424314,443.2669768761939,73.29101431074973,287.7222222222225,-146.05060731206444,73.02530365603222,137.9366846836167,73.02530365603222,776.4220264404773,-388.21101322023867,-733.2874694160057,-388.21101322023867
12.0,-6.0,-11.333333333333023,-6.0,0.0,5.74248059743621,1.0,3.0,0.007115753838660477,1.7474737972629746,444.2599939888295,67.71445398046528,288.66666666666697,-140.5332481524167,70.26662407620834,132.7258454772827,70.26662407620834,775.372403928787,-387.6862019643935,-732.2961592660802,-387.6862019643935
11.0,-5.5,-10.388888888888577,-5.5,0.0,5.743690145528642,1.0,3.0,0.007418955829503027,1.7548927530924776,445.1744862813275,62.12323720536502,289.6111111111114,-134.78985762703846,67.39492881351923,127.30153220331437,67.39492881351923,774.1507912122134,-387.0753956061067,-731.1424139226451,-387.0753956061067
10.0,-5.0,-9.44444444444413,-5.0,0.0,5.744798998070717,1.0,3.0,0.007764572792762214,1.7626573258852398,446.010225125378,56.51857122030066,290.5555555555559,-128.79008629195351,64.39504314597676,121.63508149795634,64.39504314597676,772.711067977579,-386.3555339887895,-729.7826753121616,-386.3555339887895
9.0,-4.5,-8.499999999999684,-4.5,0.0,5.745807128939965,1.0,3.0,0.008163525317832376,1.770820851203072,446.7670015523096,50.901666940007466,291.50000000000034,-122.49609832355355,61.24804916177678,115.69075952780082,61.24804916177678,770.9889690243847,-385.49448451219234,-728.1562485230294,-385.49448451219234
8.0,-4.0,-7.555555555555237,-4.0,0.0,5.746714514390245,1.0,3.0,0.0086311295685092,1.7794519807715812,447.4446263132701,45.27373862804446,292.4444444444448,-115.85969044521441,57.929845222607206,109.42304097603606,57.929845222607206,768.8921624525551,-384.44608122627756,-726.1759312051926,-384.44608122627756
7.0,-3.5,-6.611111111110791,-3.5,0.0,5.7475211330510785,1.0,3.0,0.009189672986398723,1.78864165375798,448.0429299337311,39.63600356474377,293.3888888888892,-108.81780031564355,54.408900157821776,102.77236696477469,54.408900157821776,766.2829939643432,-383.1414969821716,-723.7117165218802,-383.1414969821716
6.0,-3.0,-5.6666666666663446,-3.0,0.0,5.748226965927454,1.0,3.0,0.009873116730426013,1.798514770488406,448.56176276229814,33.98968171426671,294.33333333333366,-101.28513895903784,50.64256947951892,95.65818679464705,50.64256947951892,762.9466522351843,-381.47332611759214,-720.5607271110094,-381.47332611759214
5.0,-2.5,-4.722222222221898,-2.5,0.0,5.748831996399354,1.0,3.0,0.010736376051143637,1.8092511465395495,449.00099501381357,28.335995390865694,295.2777777777781,-93.14129788640183,46.570648943200915,87.96678133715746,46.570648943200915,758.5279272859045,-379.26396364295226,-716.387486881135,-379.26396364295226
4.0,-2.0,-3.7777777777774517,-2.0,0.0,5.74933621022162,1.0,3.0,0.01187561435782003,1.8211267608973696,449.36051680673876,22.676168924450362,296.2222222222225,-84.20616987629825,42.103084938149124,79.52804932761518,42.103084938149124,752.392907085253,-376.1964535426265,-710.5933011360728,-376.1964535426265
3.0,-1.5,-2.8333333333330053,-1.5,0.0,5.749739595523664,1.0,3.0,0.013479427877099992,1.8346061887744696,449.64023819480406,17.011428325557112,297.16666666666697,-74.1871249371708,37.0935624685854,70.06561799621701,37.0935624685854,743.2841386501772,-371.6420693250886,-701.990575391835,-371.6420693250886
2.0,-1.0,-1.8888888888885589,-1.0,0.0,5.750042142809201,1.0,3.0,0.015989091754303297,1.8505952805287729,449.84008919291693,11.34300094982113,298.1111111111114,-62.542639404821756,31.271319702410878,59.06804832677623,31.271319702410878,728.2768597043697,-364.13842985218486,-687.8170341652399,-364.13842985218486
1.0,-0.5,-0.9444444444441124,-0.5,0.0,5.750243844956191,1.0,3.0,0.020837390062894423,1.8714326705916673,449.9600197973211,5.672115162050245,299.0555555555559,-47.99065511475552,23.99532755737776,45.32450760838031,23.99532755737776,698.3592592999091,-349.17962964995456,-659.5615226721378,-349.17962964995456
0.0,0.0,3.341771304121721e-13,0.0,0.0,5.7503446972166685,1.0,3.0,0.05030590969429727,1.9217385802859646,450.0,5.878304635907296e-14,300.00000000000034,-19.878380215701796,9.939190107850898,18.77402575927396,9.939190107850898,558.8264891717197,-279.41324458585984,-527.7805731066253,-279.41324458585984
