J1_Position,J2_Position,J3_Position,J4_Position,Error,MM_Step,Deg_step,Move_ID,Time,Time_Total,X,Y,Z,J1_Velocity,J2_Velocity,J3_Velocity,J4_Velocity,J1_Acceleration,J2_Acceleration,J3_Acceleration,J4_Acceleration
0.0,0.0,0.0,0.0,0.0,0.0,0.0,1.0,0.0,0.0,450.0,5.878304635907296e-14,300.0,0.0,0.0,0.0,0.0,0.0,0.0,0.0,0.0
1.0,-0.5,-0.9444444444444444,-0.5,0.0,5.7503446972166685,1.0,2.0,0.0,0.0,449.9600197973211,5.672115162050245,299.05555555555554,0.0,0.0,0.0,0.0,0.0,0.0,0.0,0.0
2.0,-1.0,-1.8888888888888888,-1.0,0.0,5.750243844956191,1.0,2.0,0.05311190517281447,0.05311190517281447,449.84008919291693,11.34300094982113,298.1111111111111,18.828170383762732,-9.414085191881366,-17.782160917998134,-9.414085191881366,354.50000000000006,-177.25000000000003,-334.80555555555554,-177.25000000000003
3.0,-1.5,-2.833333333333333,-1.5,0.0,5.750042142809201,1.0,2.0,0.011936628297426463,0.06504853347024094,449.64023819480406,17.011428325557112,297.16666666666663,83.77575099792627,-41.88787549896313,-79.12154260915257,-41.88787549896313,5441.032341449908,-2720.516170724954,-5138.752766924912,-2720.516170724954
4.0,-2.0,-3.7777777777777777,-2.0,0.0,5.749739595523654,1.0,2.0,0.010063043148627035,0.07511157661886797,449.36051680673876,22.676168924450362,296.22222222222223,99.37351805317822,-49.68675902658911,-93.85276705022389,-49.68675902658911,1550.0049860543481,-775.0024930271741,-1463.8935979402208,-775.0024930271741
5.0,-2.5,-4.722222222222222,-2.5,0.0,5.749336210221629,1.0,2.0,0.008865718989618326,0.0839772956084863,449.00099501381357,28.335995390865694,295.27777777777777,112.79401040919417,-56.397005204597086,-106.5276764975723,-56.397005204597086,1513.7511545009745,-756.8755772504873,-1429.6538681398104,-756.8755772504873
6.0,-3.0,-5.666666666666667,-3.0,0.0,5.748831996399345,1.0,2.0,0.008015222637608649,0.09199251824609495,448.56176276229814,33.98968171426671,294.33333333333337,124.76259802289799,-62.381299011448995,-117.83134257718146,-62.381299011448995,1493.2320853503652,-746.6160426751826,-1410.2747472753447,-746.6160426751826
7.0,-3.5,-6.611111111111112,-3.5,0.0,5.748226965927454,1.0,2.0,0.007370757911654244,0.09936327615774919,448.0429299337311,39.63600356474377,293.3888888888889,135.6712582323256,-67.8356291161628,-128.13396610830756,-67.8356291161628,1479.9916562419503,-739.9958281209751,-1397.7698975618437,-739.9958281209751
8.0,-4.0,-7.555555555555556,-4.0,0.0,5.747521133051088,1.0,2.0,0.006860534187879755,0.10622381034562894,447.4446263132701,45.27373862804446,292.44444444444446,145.7612443308951,-72.88062216544755,-137.6633974236232,-72.88062216544755,1470.7289290089216,-735.3644645044608,-1389.0217662862053,-735.3644645044608
9.0,-4.5,-8.5,-4.5,0.0,5.746714514390245,1.0,2.0,0.006443554582673011,0.11266736492830196,446.7670015523096,50.901666940007466,291.5,155.19384326921696,-77.59692163460848,-146.5719630875937,-77.59692163460848,1463.881281255305,-731.9406406276526,-1382.5545434077665,-731.9406406276526
10.0,-5.0,-9.444444444444445,-5.0,0.0,5.745807128939965,1.0,2.0,0.006094465452633924,0.11876183038093588,446.010225125378,56.51857122030066,290.55555555555554,164.08329947424957,-82.04164973712479,-154.96756061456907,-82.04164973712479,1458.6113046535927,-729.3056523267963,-1377.5773432839678,-729.3056523267963
11.0,-5.5,-10.38888888888889,-5.5,0.0,5.744798998070717,1.0,2.0,0.0057966281474723935,0.12455845852840827,445.1744862813275,62.12323720536502,289.6111111111111,172.5140848367249,-86.25704241836245,-162.92996901246244,-86.25704241836245,1454.4292212622856,-727.2146106311428,-1373.6275978588276,-727.2146106311428
12.0,-6.0,-11.333333333333334,-6.0,0.0,5.743690145528642,1.0,2.0,0.005538608412073598,0.13009706694048187,444.2599939888295,67.71445398046528,288.66666666666663,180.55076755744324,-90.27538377872162,-170.52016935980754,-90.27538377872162,1451.0292338413387,-725.5146169206694,-1370.4164986279307,-725.5146169206694
13.0,-6.5,-12.277777777777779,-6.5,0.0,5.742480597436201,1.0,2.0,0.005312253499653419,0.1354093204401353,443.2669768761939,73.29101431074973,287.72222222222223,188.24402865285737,-94.12201432642868,-177.786027061032,-94.12201432642868,1448.2104620790503,-724.1052310395252,-1367.754325296882,-724.1052310395252
14.0,-7.0,-13.222222222222223,-7.0,0.0,5.741170382292295,1.0,2.0,0.005111572303976825,0.1405208927441121,442.1956831655298,78.85171497122047,286.77777777777777,195.6345211476312,-97.8172605738156,-184.7659366394295,-97.8172605738156,1445.835460260242,-722.917730130121,-1365.5112680235586,-722.917730130121
15.0,-7.5,-14.166666666666668,-7.5,0.0,5.739759530972953,1.0,2.0,0.004932049932016902,0.14545294267612902,441.04638060126626,84.3953570755171,285.83333333333337,202.75544931295173,-101.37772465647586,-191.49125768445444,-101.37772465647586,1443.8069896848153,-721.9034948424077,-1363.595490257882,-721.9034948424077
16.0,-8.0,-15.111111111111112,-8.0,0.0,5.738248076731941,1.0,2.0,0.004770210561606925,0.15022315323773594,439.8193563730564,89.92074640341625,284.8888888888889,209.63435200292992,-104.81717600146496,-197.9879991138783,-104.81717600146496,1442.0543079047893,-721.0271539523947,-1361.9401796878574,-721.0271539523947
17.0,-8.5,-16.055555555555557,-8.5,0.0,5.736636055201075,1.0,2.0,0.004623328815397287,0.15484648205313323,438.51491703308625,95.42669372695006,283.94444444444446,216.2943714212265,-108.14718571061324,-204.2780174533806,-108.14718571061324,1440.5247137336194,-720.2623568668097,-1360.4955629706421,-720.2623568668097
18.0,-9.0,-17.0,-9.0,0.0,5.73492350439086,1.0,2.0,0.004489233465310188,0.15933571551844342,437.1333884078151,100.91201513504724,283.0,222.7551780782477,-111.37758903912385,-210.37989040723357,-111.37758903912385,1439.1781374138875,-719.5890687069437,-1359.2237964463595,-719.5890687069437
19.0,-9.5,-17.944444444444443,-9.5,0.0,5.733110464691596,1.0,2.0,0.0043661704673855495,0.16370188598582897,435.67511550417123,106.3755323566008,282.05555555555554,229.0336594665295,-114.51682973326476,-216.3095672739442,-114.51682973326476,1437.9835682506816,-718.9917841253408,-1358.0955922367584,-718.9917841253408
20.0,-10.0,-18.888888888888886,-10.0,0.0,5.731196978873383,1.0,2.0,0.0042527052311436275,0.1679545912169726,434.1404624102337,111.81607308186638,281.1111111111111,235.1444423367858,-117.5722211683929,-222.08086220696399,-117.5722211683929,1436.9166302675978,-718.4583151337989,-1357.0879285860558,-718.4583151337989
21.0,-10.5,-19.83333333333333,-10.5,0.0,5.7291830920874025,1.0,2.0,0.004147651494746246,0.17210224271171884,432.52981219042897,117.23247128209698,280.1666666666667,241.10029525544314,-120.55014762772157,-227.70583440791813,-120.55014762772157,1435.957897186278,-717.978948593139,-1356.1824584537046,-717.978948593139
22.0,-11.0,-20.77777777777777,-11.0,0.0,5.727068851866401,1.0,2.0,0.004050018647442838,0.17615226135916168,430.8435667752735,122.62356752731867,279.22222222222223,246.91244338625333,-123.45622169312666,-233.19508542034998,-123.45622169312666,1435.0916963011882,-717.5458481505941,-1355.364379840013,-717.5458481505941
23.0,-11.5,-21.722222222222214,-11.5,0.0,5.7248543081257335,1.0,2.0,0.003958972098081132,0.1801112334572428,429.08214684569555,127.9882093021541,278.27777777777777,252.590817824831,-126.2954089124155,-238.55799461233997,-126.2954089124155,1434.3052433559474,-717.1526216779737,-1354.6216187250538,-717.1526216779737
24.0,-12.0,-22.666666666666657,-12.0,0.0,5.7225395131641426,1.0,2.0,0.003873803034947082,0.1839850364921899,427.24599171197156,133.32525131959991,277.33333333333337,258.1442553941467,-129.07212769707334,-243.80290787224922,-129.07212769707334,1433.5880062088786,-716.7940031044393,-1353.9442280861608,-716.7940031044393
25.0,-12.5,-23.6111111111111,-12.5,0.0,5.720124521664549,1.0,2.0,0.0037939050549800346,0.18777894154716993,425.3355591873133,138.63355583266565,276.3888888888889,263.58066042990697,-131.79033021495349,-248.9372904060228,-131.79033021495349,1432.9312296901687,-716.4656148450844,-1353.3239391518218,-716.4656148450844
26.0,-13.0,-24.555555555555543,-13.0,0.0,5.717609390695311,1.0,2.0,0.0037187558909937413,0.19149769743816367,423.35132545614226,143.9119929437818,275.44444444444446,268.907137040602,-134.453568520301,-253.96785164945703,-134.453568520301,1432.3275758957245,-716.1637879478623,-1352.7538216793073,-716.1637879478623
27.0,-13.5,-25.499999999999986,-13.5,0.0,5.714994179711037,1.0,2.0,0.0036479029725591527,0.19514560041072282,421.2937849370927,149.15944091188575,274.5,274.13009817485886,-137.06504908742943,-258.90064827625514,-137.06504908742943,1431.77084849731,-715.885424248655,-1352.228023580778,-715.885424248655
28.0,-14.0,-26.44444444444443,-14.0,0.0,5.712278950553696,1.0,2.0,0.003580951904775559,0.19872655231549838,419.16345014078456,154.37478645709515,273.55555555555554,279.25535628289214,-139.62767814144607,-263.741169822731,-139.62767814144607,1431.2557790006151,-715.6278895003076,-1351.741569056139,-715.6278895003076
29.0,-14.5,-27.38888888888887,-14.5,0.0,5.709463767453797,1.0,2.0,0.003517557192658949,0.20224410950815733,416.9608515224061,159.5569250628778,272.61111111111114,284.28819923297175,-142.14409961648587,-268.4944103866951,-142.14409961648587,1430.77785930049,-715.388929650245,-1351.2902004504645,-715.388929650245
30.0,-15.0,-28.333333333333314,-15.0,0.0,5.706548697031449,1.0,2.0,0.0034574147115006837,0.205701524219658,414.6865373291548,164.70476127563023,271.6666666666667,289.23345431302107,-144.61672715651054,-273.16492907340836,-144.61672715651054,1430.3332092616808,-715.1666046308404,-1350.8702531915883,-715.1666046308404
31.0,-15.5,-29.277777777777757,-15.5,0.0,5.703533808297816,1.0,2.0,0.0034002555475968754,0.2091017797672549,412.3410734425782,169.81720900157512,270.72222222222223,294.0955425267222,-147.0477712633611,-277.75690127523717,-147.0477712633611,1429.9184710212232,-714.9592355106116,-1350.478555964471,-714.9592355106116
32.0,-16.0,-30.2222222222222,-16.0,0.0,5.700419172655918,1.0,2.0,0.003345840924003002,0.2124476206912579,409.9250432158649,174.89319180089083,269.7777777777778,298.87852492508483,-149.43926246254242,-282.2741624292463,-149.43926246254242,1429.53072396526,-714.76536198263,-1350.1123504116363,-714.76536198263
33.0,-16.5,-31.166666666666643,-16.5,0.0,5.697204863902608,1.0,2.0,0.0032939579924061435,0.21574157868366403,407.4390473061331,179.93164317898612,268.83333333333337,303.5861423568211,-151.79307117841054,-286.7202455592194,-151.79307117841054,1429.1674157925345,-714.5837078962672,-1349.769226026271,-714.5837078962672
34.0,-17.0,-32.111111111111086,-17.0,0.0,5.693890958229422,1.0,2.0,0.0032444163216390487,0.21898599500530308,404.88370350176723,184.93150687483362,267.8888888888889,308.22184974547577,-154.11092487273788,-291.0984136485044,-154.11092487273788,1428.8263062099145,-714.4131531049572,-1349.4470669760371,-714.4131531049572
35.0,-17.5,-33.05555555555553,-17.5,0.0,5.690477534224125,1.0,2.0,0.00319704495050821,0.2221830399558113,402.2596465448551,189.89173714627753,266.94444444444446,312.7888457874318,-156.3944228937159,-295.4116876881295,-156.3944228937159,1428.5054206791965,-714.2527103395983,-1349.144008419237,-714.2527103395983
36.0,-18.0,-33.99999999999997,-18.0,0.0,5.6869646728726,1.0,2.0,0.0031516899007926202,0.2253347298566039,399.56752794877787,194.81129905223156,266.0,317.2900987970008,-158.6450493985004,-299.66287108605576,-158.6450493985004,1428.20301211644,-714.10150605822,-1348.8584003321862,-714.10150605822
37.0,-18.5,-34.944444444444414,-18.5,0.0,5.683352457559524,1.0,2.0,0.003108212067833044,0.22844294192443695,396.80801581100843,199.68916873168274,265.0555555555556,321.7283692927591,-160.86418464637956,-303.85457099871644,-160.86418464637956,1427.9175290804935,-713.9587645402468,-1348.5887774649218,-713.9587645402468
38.0,-19.0,-35.88888888888886,-19.0,0.0,5.6796409740712,1.0,2.0,0.003066485422776488,0.23150942734721344,393.98179462117366,204.52433367942086,264.11111111111114,326.10622981359876,-163.05311490679938,-307.98921704617607,-163.05311490679938,1427.6475891008151,-713.8237945504076,-1348.3338341507565,-713.8237945504076
39.0,-19.5,-36.8333333333333,-19.5,0.0,5.675830310596117,1.0,2.0,0.003026395473475746,0.2345358228206892,391.0895650644388,209.31579301841026,263.1666666666667,330.4260823690444,-165.2130411845222,-312.06907779298587,-165.2130411845222,1427.391956307816,-713.695978153908,-1348.092403179606,-713.695978153908
40.0,-20.0,-37.77777777777774,-20.0,0.0,5.671920557727045,1.0,2.0,0.0029885240125433754,0.23752434683323256,388.1320438202727,214.06255776872507,262.2222222222223,334.6133394956237,-167.30666974781184,-316.0237095236441,-167.30666974781184,1401.1120904515337,-700.5560452257669,-1323.2725298709004,-700.5560452257669
41.0,-20.5,-38.722222222222186,-20.5,0.0,5.667911808463311,1.0,2.0,0.0029761904761904934,0.24050053730942306,385.1099633566538,218.76365111296838,261.2777777777778,335.99999999999807,-167.99999999999903,-317.333333333331,-167.99999999999903,465.91792946979245,-232.95896473489623,-440.0336000547997,-232.95896473489623
42.0,-21.0,-39.66666666666663,-21.0,0.0,5.663804158211746,1.0,2.0,0.0029761904761904656,0.24347672778561352,382.02407171977933,223.4181086580968,260.33333333333337,336.0000000000012,-168.0000000000006,-317.33333333333394,-168.0000000000006,1.0504663805477358e-09,-5.252331902738679e-10,-9.931682143360412e-10,-5.252331902738679e-10
43.0,-21.5,-40.61111111111107,-21.5,0.0,5.659597704789446,1.0,2.0,0.0029761904761904656,0.246452918261804,378.87513231934025,228.02497869357407,259.3888888888889,336.0000000000012,-168.0000000000006,-317.33333333333394,-168.0000000000006,0.0,0.0,0.0,0.0
44.0,-22.0,-41.555555555555515,-22.0,0.0,5.6552925484252805,1.0,2.0,0.0029761904761904934,0.24942910873799448,375.6639237094271,232.5833224457775,258.44444444444446,335.99999999999807,-167.99999999999903,-317.333333333331,-167.99999999999903,-1.0504663805477261e-09,5.252331902738631e-10,9.931682143360318e-10,5.252331902738631e-10
45.0,-22.5,-42.49999999999996,-22.5,0.0,5.650888791762051,1.0,2.0,0.0029761904761904934,0.252405299214185,372.3912393651312,237.09221432858203,257.50000000000006,335.99999999999807,-167.99999999999903,-317.333333333331,-167.99999999999903,0.0,0.0,0.0,0.0
46.0,-23.0,-43.4444444444444,-23.0,0.0,5.646386539858483,1.0,2.0,0.0029761904761904656,0.25538148969037544,369.0578874549095,241.5507421900487,256.5555555555556,336.0000000000012,-168.0000000000006,-317.33333333333394,-168.0000000000006,1.0504663805477358e-09,-5.252331902738679e-10,-9.931682143360412e-10,-5.252331902738679e-10
47.0,-23.5,-44.38888888888884,-23.5,0.0,5.641785900191913,1.0,2.0,0.0029761904761904656,0.2583576801665659,365.6646906087807,245.9580075551457,255.61111111111114,336.0000000000012,-168.0000000000006,-317.33333333333394,-168.0000000000006,0.0,0.0,0.0,0.0
48.0,-24.0,-45.333333333333286,-24.0,0.0,5.637086982659739,1.0,2.0,0.0029761904761904656,0.26133387064275637,362.21248568242186,250.3131258644289,254.6666666666667,336.0000000000012,-168.0000000000006,-317.33333333333394,-168.0000000000006,0.0,0.0,0.0,0.0
49.0,-24.5,-46.27777777777773,-24.5,0.0,5.632289899582689,1.0,2.0,0.0029761904761904656,0.26431006111894684,358.7021235172373,254.61522670861422,253.72222222222229,336.0000000000012,-168.0000000000006,-317.33333333333394,-168.0000000000006,0.0,0.0,0.0,0.0
50.0,-25.0,-47.22222222222217,-25.0,0.0,5.627394765706242,1.0,2.0,0.002976190476190521,0.26728625159513736,355.13446869647044,258.8634540589705,252.77777777777783,335.99999999999494,-167.99999999999747,-317.333333333328,-167.99999999999747,-2.1009327610954324e-09,1.0504663805477162e-09,1.986336428672045e-09,1.0504663805477162e-09
51.0,-25.5,-48.166666666666615,-25.5,0.0,5.622401698204199,1.0,2.0,0.0029761904761904656,0.2702624420713278,351.5103992974326,263.056966493468,251.83333333333337,336.0000000000012,-168.0000000000006,-317.33333333333394,-168.0000000000006,2.1009327610954717e-09,-1.0504663805477358e-09,-1.9863364286720823e-09,-1.0504663805477358e-09
52.0,-26.0,-49.11111111111106,-26.0,0.0,5.617310816679988,1.0,2.0,0.0029761904761904656,0.2732386325475183,347.8308066399234,267.19493741861385,250.88888888888894,336.0000000000012,-168.0000000000006,-317.33333333333394,-168.0000000000006,0.0,0.0,0.0,0.0
53.0,-26.5,-50.0555555555555,-26.5,0.0,5.612122243170497,1.0,2.0,0.0029761904761904656,0.27621482302370876,344.096595030916,271.2765552869108,249.9444444444445,336.0000000000012,-168.0000000000006,-317.33333333333394,-168.0000000000006,0.0,0.0,0.0,0.0
54.0,-27.0,-50.99999999999994,-27.0,0.0,5.606836102148449,1.0,2.0,0.0029761904761904656,0.2791910134998992,340.30868150558655,275.30102380987626,249.00000000000006,336.0000000000012,-168.0000000000006,-317.33333333333394,-168.0000000000006,0.0,0.0,0.0,0.0
55.0,-27.5,-51.944444444444386,-27.5,0.0,5.601452520524326,1.0,2.0,0.002976190476190521,0.28216720397608974,336.4679955647646,279.2675621665569,248.0555555555556,335.99999999999494,-167.99999999999747,-317.333333333328,-167.99999999999747,-2.1009327610954324e-09,1.0504663805477162e-09,1.986336428672045e-09,1.0504663805477162e-09
56.0,-28.0,-52.88888888888883,-28.0,0.0,5.595971627650726,1.0,2.0,0.0029761904761904656,0.2851433944522802,332.5754789088811,283.1754052074811,247.11111111111117,336.0000000000012,-168.0000000000006,-317.33333333333394,-168.0000000000006,2.1009327610954717e-09,-1.0504663805477358e-09,-1.9863364286720823e-09,-1.0504663805477358e-09
57.0,-28.5,-53.83333333333327,-28.5,0.0,5.590393555324387,1.0,2.0,0.0029761904761904656,0.2881195849284707,328.6320851684968,287.02380365398693,246.16666666666674,336.0000000000012,-168.0000000000006,-317.33333333333394,-168.0000000000006,0.0,0.0,0.0,0.0
58.0,-29.0,-54.777777777777715,-29.0,0.0,5.584718437789723,1.0,2.0,0.0029761904761904656,0.29109577540466114,324.63877963148985,290.8120242928695,245.22222222222229,336.0000000000012,-168.0000000000006,-317.33333333333394,-168.0000000000006,0.0,0.0,0.0,0.0
59.0,-29.5,-55.72222222222216,-29.5,0.0,5.5789464117409775,1.0,2.0,0.0029761904761904656,0.2940719658808516,320.5965389669857,294.5393501662893,244.27777777777783,336.0000000000012,-168.0000000000006,-317.33333333333394,-168.0000000000006,0.0,0.0,0.0,0.0
60.0,-30.0,-56.6666666666666,-30.0,0.0,5.573077616327367,1.0,2.0,0.0029761904761904656,0.29704815635704207,316.50635094610965,298.20508075688775,243.3333333333334,336.0000000000012,-168.0000000000006,-317.33333333333394,-168.0000000000006,0.0,0.0,0.0,0.0
61.0,-30.5,-57.61111111111104,-30.5,0.0,5.56711219315493,1.0,2.0,0.002976190476190521,0.3000243468332326,312.36921415964883,301.80853216805525,242.38888888888897,335.99999999999494,-167.99999999999747,-317.333333333328,-167.99999999999747,-2.1009327610954324e-09,1.0504663805477162e-09,1.986336428672045e-09,1.0504663805477162e-09
62.0,-31.0,-58.555555555555486,-31.0,0.0,5.561050286290206,1.0,2.0,0.0029761904761904656,0.30300053730942306,308.1861377327062,305.34903729929897,241.4444444444445,336.0000000000012,-168.0000000000006,-317.33333333333394,-168.0000000000006,2.1009327610954717e-09,-1.0504663805477358e-09,-1.9863364286720823e-09,-1.0504663805477358e-09
63.0,-31.5,-59.49999999999993,-31.5,0.0,5.554892042264308,1.0,2.0,0.0029761904761904656,0.3059767277856135,303.9581410364323,308.8259460166608,240.50000000000006,336.0000000000012,-168.0000000000006,-317.33333333333394,-168.0000000000006,0.0,0.0,0.0,0.0
64.0,-32.0,-60.44444444444437,-32.0,0.0,5.54863761007621,1.0,2.0,0.0029761904761904656,0.308952918261804,299.6862533969219,312.2386253181347,239.55555555555563,336.0000000000012,-168.0000000000006,-317.33333333333394,-168.0000000000006,0.0,0.0,0.0,0.0
65.0,-32.5,-61.388888888888815,-32.5,0.0,5.542287141196598,1.0,2.0,0.002976190476190521,0.3119291087379945,295.3715138013613,315.586459494036,238.6111111111112,335.99999999999494,-167.99999999999747,-317.333333333328,-167.99999999999747,-2.1009327610954324e-09,1.0504663805477162e-09,1.986336428672045e-09,1.0504663805477162e-09
66.0,-33.0,-62.33333333333326,-33.0,0.0,5.535840789572056,1.0,2.0,0.0029761904761904656,0.314905299214185,291.014970601516,318.868850282277,237.66666666666674,336.0000000000012,-168.0000000000006,-317.33333333333394,-168.0000000000006,2.1009327610954717e-09,-1.0504663805477358e-09,-1.9863364286720823e-09,-1.0504663805477358e-09
67.0,-33.5,-63.2777777777777,-33.5,0.0,5.529298711628218,1.0,2.0,0.0029761904761904656,0.31788148969037544,286.6176812146468,322.08521701850265,236.72222222222229,336.0000000000012,-168.0000000000006,-317.33333333333394,-168.0000000000006,0.0,0.0,0.0,0.0
68.0,-34.0,-64.22222222222214,-34.0,0.0,5.522661066275066,1.0,2.0,0.0029761904761904656,0.3208576801665659,282.1807118219428,325.23499678104423,235.77777777777786,336.0000000000012,-168.0000000000006,-317.33333333333394,-168.0000000000006,0.0,0.0,0.0,0.0
69.0,-34.5,-65.16666666666659,-34.5,0.0,5.515928014910056,1.0,2.0,0.0029761904761904656,0.32383387064275637,277.7051370645639,328.3176445306486,234.83333333333343,336.0000000000012,-168.0000000000006,-317.33333333333394,-168.0000000000006,0.0,0.0,0.0,0.0
70.0,-35.0,-66.11111111111103,-35.0,0.0,5.509099721423255,1.0,2.0,0.0029761904761904656,0.32681006111894684,273.19203973738166,331.3326332449432,233.88888888888897,336.0000000000012,-168.0000000000006,-317.33333333333394,-168.0000000000006,0.0,0.0,0.0,0.0
71.0,-35.5,-67.05555555555547,-35.5,0.0,5.502176352201356,1.0,2.0,0.0029761904761904656,0.3297862515951373,268.64251048051113,334.27945404759834,232.9444444444445,336.0000000000012,-168.0000000000006,-317.33333333333394,-168.0000000000006,0.0,0.0,0.0,0.0
72.0,-36.0,-67.99999999999991,-36.0,0.0,5.4951580761325545,1.0,2.0,0.002976190476190521,0.3327624420713278,264.0576474687263,337.1576163321491,232.00000000000009,335.99999999999494,-167.99999999999747,-317.333333333328,-167.99999999999747,-2.1009327610954324e-09,1.0504663805477162e-09,1.986336428672045e-09,1.0504663805477162e-09
73.0,-36.5,-68.94444444444436,-36.5,0.0,5.488045064610895,1.0,2.0,0.0029761904761904656,0.3357386325475183,259.4385560988516,339.9666478804424,231.05555555555566,336.0000000000012,-168.0000000000006,-317.33333333333394,-168.0000000000006,2.1009327610954717e-09,-1.0504663805477358e-09,-1.9863364286720823e-09,-1.0504663805477358e-09
74.0,-37.0,-69.8888888888888,-37.0,0.0,5.480837491541842,1.0,2.0,0.0029761904761904656,0.33871482302370876,254.78634867522302,342.70609497567597,230.1111111111112,336.0000000000012,-168.0000000000006,-317.33333333333394,-168.0000000000006,0.0,0.0,0.0,0.0
75.0,-37.5,-70.83333333333324,-37.5,0.0,5.47353553334629,1.0,2.0,0.0029761904761904656,0.3416910134998992,250.10214409331292,345.3755225099939,229.16666666666674,336.0000000000012,-168.0000000000006,-317.33333333333394,-168.0000000000006,0.0,0.0,0.0,0.0
76.0,-38.0,-71.77777777777769,-38.0,0.0,5.466139368966674,1.0,2.0,0.002976190476190521,0.34466720397608974,245.38706752161406,347.97451408661396,228.2222222222223,335.99999999999494,-167.99999999999747,-317.333333333328,-167.99999999999747,-2.1009327610954324e-09,1.0504663805477162e-09,1.986336428672045e-09,1.0504663805477162e-09
77.0,-38.5,-72.72222222222213,-38.5,0.0,5.458649179871807,1.0,2.0,0.0029761904761904656,0.3476433944522802,240.64225008187643,350.50267211645206,227.27777777777789,336.0000000000012,-168.0000000000006,-317.33333333333394,-168.0000000000006,2.1009327610954717e-09,-1.0504663805477358e-09,-1.9863364286720823e-09,-1.0504663805477358e-09
78.0,-39.0,-73.66666666666657,-39.0,0.0,5.451065150061748,1.0,2.0,0.0029761904761904656,0.3506195849284707,235.8688285277946,352.9596179092205,226.33333333333343,336.0000000000012,-168.0000000000006,-317.33333333333394,-168.0000000000006,0.0,0.0,0.0,0.0
79.0,-39.5,-74.61111111111101,-39.5,0.0,5.443387466074972,1.0,2.0,0.0029761904761904656,0.35359577540466114,231.06794492223895,355.3449917589739,225.38888888888897,336.0000000000012,-168.0000000000006,-317.33333333333394,-168.0000000000006,0.0,0.0,0.0,0.0
80.0,-40.0,-75.55555555555546,-40.0,0.0,5.4356163169920135,1.0,2.0,0.0029761904761904656,0.3565719658808516,226.24074631313056,357.65845302407644,224.44444444444454,336.0000000000012,-168.0000000000006,-317.33333333333394,-168.0000000000006,0.0,0.0,0.0,0.0
81.0,-40.5,-76.4999999999999,-40.5,0.0,5.4277518944432614,1.0,2.0,0.0029761904761904656,0.35954815635704207,221.38838440805392,359.8996802015735,223.5000000000001,336.0000000000012,-168.0000000000006,-317.33333333333394,-168.0000000000006,0.0,0.0,0.0,0.0
82.0,-41.0,-77.44444444444434,-41.0,0.0,5.419794392613712,1.0,2.0,0.0029761904761904656,0.36252434683323254,216.51201524770613,362.06837099594094,222.55555555555566,336.0000000000012,-168.0000000000006,-317.33333333333394,-168.0000000000006,0.0,0.0,0.0,0.0
83.0,-41.5,-78.38888888888879,-41.5,0.0,5.411744008249968,1.0,2.0,0.002976190476190521,0.36550053730942306,211.61279887828,364.1642423821988,221.6111111111112,335.99999999999494,-167.99999999999747,-317.333333333328,-167.99999999999747,-2.1009327610954324e-09,1.0504663805477162e-09,1.986336428672045e-09,1.0504663805477162e-09
84.0,-42.0,-79.33333333333323,-42.0,0.0,5.403600940665979,1.0,2.0,0.0029761904761904656,0.3684767277856135,206.6918990228792,366.1870306633693,220.66666666666674,336.0000000000012,-168.0000000000006,-317.33333333333394,-168.0000000000006,2.1009327610954717e-09,-1.0504663805477358e-09,-1.9863364286720823e-09,-1.0504663805477358e-09
85.0,-42.5,-80.27777777777767,-42.5,0.0,5.3953653917502775,1.0,2.0,0.002976190476190521,0.37145291826180404,201.7504827520626,368.1364915222643,219.72222222222234,335.99999999999494,-167.99999999999747,-317.333333333328,-167.99999999999747,-2.1009327610954324e-09,1.0504663805477162e-09,1.986336428672045e-09,1.0504663805477162e-09
86.0,-43.0,-81.22222222222211,-43.0,0.0,5.38703756597224,1.0,2.0,0.0029761904761904656,0.3744291087379945,196.78972015361768,370.0124000675895,218.77777777777789,336.0000000000012,-168.0000000000006,-317.33333333333394,-168.0000000000006,2.1009327610954717e-09,-1.0504663805477358e-09,-1.9863364286720823e-09,-1.0504663805477358e-09
87.0,-43.5,-82.16666666666656,-43.5,0.0,5.378617670389476,1.0,2.0,0.0029761904761904656,0.377405299214185,191.81078400166066,371.8145508743533,217.83333333333343,336.0000000000012,-168.0000000000006,-317.33333333333394,-168.0000000000006,0.0,0.0,0.0,0.0
88.0,-44.0,-83.111111111111,-44.0,0.0,5.3701059146541485,1.0,2.0,0.0029761904761904656,0.38038148969037544,186.814849425163,373.5427580185686,216.88888888888903,336.0000000000012,-168.0000000000006,-317.33333333333394,-168.0000000000006,0.0,0.0,0.0,0.0
89.0,-44.5,-84.05555555555544,-44.5,0.0,5.361502511021314,1.0,2.0,0.0029761904761904656,0.3833576801665659,181.80309357600203,375.19685510624106,215.94444444444457,336.0000000000012,-168.0000000000006,-317.33333333333394,-168.0000000000006,0.0,0.0,0.0,0.0
90.0,-45.0,-84.99999999999989,-45.0,0.0,5.352807674355321,1.0,2.0,0.0029761904761904656,0.38633387064275637,176.77669529663686,376.77669529663694,215.0000000000001,336.0000000000012,-168.0000000000006,-317.33333333333394,-168.0000000000006,0.0,0.0,0.0,0.0
91.0,-45.5,-85.94444444444433,-45.5,0.0,5.344021622138884,1.0,2.0,0.0029761904761904656,0.38931006111894684,171.736834787506,378.2821513198237,214.05555555555566,336.0000000000012,-168.0000000000006,-317.33333333333394,-168.0000000000006,0.0,0.0,0.0,0.0
92.0,-46.0,-86.88888888888877,-46.0,0.0,5.335144574479543,1.0,2.0,0.0029761904761904656,0.3922862515951373,166.6846932742492,379.71311548848195,213.1111111111112,336.0000000000012,-168.0000000000006,-317.33333333333394,-168.0000000000006,0.0,0.0,0.0,0.0
93.0,-46.5,-87.83333333333321,-46.5,0.0,5.326176754119209,1.0,2.0,0.002976190476190521,0.3952624420713278,161.6214526748497,381.0694997039867,212.1666666666668,335.99999999999494,-167.99999999999747,-317.333333333328,-167.99999999999747,-2.1009327610954324e-09,1.0504663805477162e-09,1.986336428672045e-09,1.0504663805477162e-09
94.0,-47.0,-88.77777777777766,-47.0,0.0,5.317118386440868,1.0,2.0,0.0029761904761904656,0.3982386325475183,156.5482952667995,382.3512354567575,211.22222222222234,336.0000000000012,-168.0000000000006,-317.33333333333394,-168.0000000000006,2.1009327610954717e-09,-1.0504663805477358e-09,-1.9863364286720823e-09,-1.0504663805477358e-09
95.0,-47.5,-89.7222222222221,-47.5,0.0,5.307969699478955,1.0,2.0,0.0029761904761904656,0.40121482302370876,151.46640335438335,383.5582738208802,210.27777777777789,336.0000000000012,-168.0000000000006,-317.33333333333394,-168.0000000000006,0.0,0.0,0.0,0.0
96.0,-48.0,-90.66666666666654,-48.0,0.0,5.298730923926896,1.0,2.0,0.002976190476190521,0.4041910134998993,146.37695893618383,384.6905854430033,209.33333333333348,335.99999999999494,-167.99999999999747,-317.333333333328,-167.99999999999747,-2.1009327610954324e-09,1.0504663805477162e-09,1.986336428672045e-09,1.0504663805477162e-09
97.0,-48.5,-91.61111111111099,-48.5,0.0,5.2894022931469244,1.0,2.0,0.0029761904761904656,0.40716720397608974,141.28114337290484,385.74816052551495,208.38888888888903,336.0000000000012,-168.0000000000006,-317.33333333333394,-168.0000000000006,2.1009327610954717e-09,-1.0504663805477358e-09,-1.9863364286720823e-09,-1.0504663805477358e-09
98.0,-49.0,-92.55555555555543,-49.0,0.0,5.279984043178615,1.0,2.0,0.0029761904761904656,0.4101433944522802,136.18013705561373,386.7310088040071,207.44444444444457,336.0000000000012,-168.0000000000006,-317.33333333333394,-168.0000000000006,0.0,0.0,0.0,0.0
99.0,-49.5,-93.49999999999987,-49.5,0.0,5.2704764127492725,1.0,2.0,0.0029761904761904656,0.4131195849284707,131.07511907449964,387.63915951903533,206.5000000000001,336.0000000000012,-168.0000000000006,-317.33333333333394,-168.0000000000006,0.0,0.0,0.0,0.0
100.0,-50.0,-94.44444444444431,-50.0,0.0,5.26087964328271,1.0,2.0,0.0029761904761904656,0.41609577540466114,125.9672668882487,388.4726613821862,205.55555555555566,336.0000000000012,-168.0000000000006,-317.33333333333394,-168.0000000000006,0.0,0.0,0.0,0.0
101.0,-50.5,-95.38888888888876,-50.5,0.0,5.251193978910695,1.0,2.0,0.0029761904761904656,0.4190719658808516,120.85775599413199,389.2315825364629,204.61111111111126,336.0000000000012,-168.0000000000006,-317.33333333333394,-168.0000000000006,0.0,0.0,0.0,0.0
102.0,-51.0,-96.3333333333332,-51.0,0.0,5.241419666481914,1.0,2.0,0.0029761904761904656,0.42204815635704207,115.74775959890752,389.9160105110039,203.6666666666668,336.0000000000012,-168.0000000000006,-317.33333333333394,-168.0000000000006,0.0,0.0,0.0,0.0
103.0,-51.5,-97.27777777777764,-51.5,0.0,5.23155695557352,1.0,2.0,0.0029761904761904656,0.42502434683323254,110.63844829063189,390.52605217015054,202.72222222222234,336.0000000000012,-168.0000000000006,-317.33333333333394,-168.0000000000006,0.0,0.0,0.0,0.0
104.0,-52.0,-98.22222222222209,-52.0,0.0,5.221606098501267,1.0,2.0,0.0029761904761904656,0.428000537309423,105.53098971148101,391.06183365687986,201.77777777777794,336.0000000000012,-168.0000000000006,-317.33333333333394,-168.0000000000006,0.0,0.0,0.0,0.0
105.0,-52.5,-99.16666666666653,-52.5,0.0,5.211567350331497,1.0,2.0,0.0029761904761904656,0.43097672778561347,100.42654823167594,391.52350033062254,200.83333333333348,336.0000000000012,-168.0000000000006,-317.33333333333394,-168.0000000000006,0.0,0.0,0.0,0.0
106.0,-53.0,-100.11111111111097,-53.0,0.0,5.201440968891766,1.0,2.0,0.002976190476190521,0.433952918261804,95.32628462461226,391.91121669948706,199.88888888888903,335.99999999999494,-167.99999999999747,-317.333333333328,-167.99999999999747,-2.1009327610954324e-09,1.0504663805477162e-09,1.986336428672045e-09,1.0504663805477162e-09
107.0,-53.5,-101.05555555555542,-53.5,0.0,5.191227214783823,1.0,2.0,0.0029761904761904656,0.43692910873799445,90.23135574328798,392.2251663469115,198.94444444444457,336.0000000000012,-168.0000000000006,-317.33333333333394,-168.0000000000006,2.1009327610954717e-09,-1.0504663805477358e-09,-1.9863364286720823e-09,-1.0504663805477358e-09
108.0,-54.0,-101.99999999999986,-54.0,0.0,5.180926351394078,1.0,2.0,0.002976190476190521,0.439905299214185,85.1429141981288,392.46555185276765,198.0000000000001,335.99999999999494,-167.99999999999747,-317.333333333328,-167.99999999999747,-2.1009327610954324e-09,1.0504663805477162e-09,1.986336428672045e-09,1.0504663805477162e-09
109.0,-54.5,-102.9444444444443,-54.5,0.0,5.170538644907503,1.0,2.0,0.0029761904761904656,0.44288148969037544,80.06210803630363,392.63259470894326,197.0555555555557,336.0000000000012,-168.0000000000006,-317.33333333333394,-168.0000000000006,2.1009327610954717e-09,-1.0504663805477358e-09,-1.9863364286720823e-09,-1.0504663805477358e-09
110.0,-55.0,-103.88888888888874,-55.0,0.0,5.160064364319674,1.0,2.0,0.0029761904761904656,0.4458576801665659,74.99008042262776,392.72653522942966,196.11111111111126,336.0000000000012,-168.0000000000006,-317.33333333333394,-168.0000000000006,0.0,0.0,0.0,0.0
111.0,-55.5,-104.83333333333319,-55.5,0.0,5.149503781449797,1.0,2.0,0.0029761904761904656,0.44883387064275637,69.9279693221481,392.7476324549443,195.1666666666668,336.0000000000012,-168.0000000000006,-317.33333333333394,-168.0000000000006,0.0,0.0,0.0,0.0
112.0,-56.0,-105.77777777777763,-56.0,0.0,5.138857170954519,1.0,2.0,0.0029761904761904656,0.45181006111894684,64.87690718450425,392.696164052118,194.2222222222224,336.0000000000012,-168.0000000000006,-317.33333333333394,-168.0000000000006,0.0,0.0,0.0,0.0
113.0,-56.5,-106.72222222222207,-56.5,0.0,5.128124810341562,1.0,2.0,0.0029761904761904656,0.4547862515951373,59.83802063015977,392.57242620728016,193.27777777777794,336.0000000000012,-168.0000000000006,-317.33333333333394,-168.0000000000006,0.0,0.0,0.0,0.0
114.0,-57.0,-107.66666666666652,-57.0,0.0,5.117306979983859,1.0,2.0,0.0029761904761904656,0.45776244207132777,54.81243013859669,392.37673351487626,192.33333333333348,336.0000000000012,-168.0000000000006,-317.33333333333394,-168.0000000000006,0.0,0.0,0.0,0.0
115.0,-57.5,-108.61111111111096,-57.5,0.0,5.106403963133926,1.0,2.0,0.0029761904761904656,0.46073863254751823,49.801249738566064,392.1094188605515,191.38888888888903,336.0000000000012,-168.0000000000006,-317.33333333333394,-168.0000000000006,0.0,0.0,0.0,0.0
116.0,-58.0,-109.5555555555554,-58.0,0.0,5.095416045939344,1.0,2.0,0.002976190476190521,0.46371482302370876,44.8055867004857,391.77083329894,190.44444444444457,335.99999999999494,-167.99999999999747,-317.333333333328,-167.99999999999747,-2.1009327610954324e-09,1.0504663805477162e-09,1.986336428672045e-09,1.0504663805477162e-09
117.0,-58.5,-110.49999999999984,-58.5,0.0,5.084343517457221,1.0,2.0,0.0029761904761904656,0.4666910134998992,39.82654123107782,391.36134592619663,189.50000000000017,336.0000000000012,-168.0000000000006,-317.33333333333394,-168.0000000000006,2.1009327610954717e-09,-1.0504663805477358e-09,-1.9863364286720823e-09,-1.0504663805477358e-09
118.0,-59.0,-111.44444444444429,-59.0,0.0,5.0731866696708545,1.0,2.0,0.0029761904761904656,0.4696672039760897,34.86520617033545,390.8813437473135,188.5555555555557,336.0000000000012,-168.0000000000006,-317.33333333333394,-168.0000000000006,0.0,0.0,0.0,0.0
119.0,-59.5,-112.38888888888873,-59.5,0.0,5.061945797505533,1.0,2.0,0.002976190476190521,0.4726433944522802,29.922666690908606,390.3312315382607,187.61111111111126,335.99999999999494,-167.99999999999747,-317.333333333328,-167.99999999999747,-2.1009327610954324e-09,1.0504663805477162e-09,1.986336428672045e-09,1.0504663805477162e-09
120.0,-60.0,-113.33333333333317,-60.0,0.0,5.0506211988442935,1.0,2.0,0.0029761904761904656,0.4756195849284707,24.999999999999993,389.71143170299746,186.66666666666686,336.0000000000012,-168.0000000000006,-317.33333333333394,-168.0000000000006,2.1009327610954717e-09,-1.0504663805477358e-09,-1.9863364286720823e-09,-1.0504663805477358e-09
121.0,-60.5,-114.27777777777762,-60.5,0.0,5.039213174546627,1.0,2.0,0.0029761904761904656,0.47859577540466114,20.0982750438559,389.0223841253974,185.7222222222224,336.0000000000012,-168.0000000000006,-317.33333333333394,-168.0000000000006,0.0,0.0,0.0,0.0
122.0,-61.0,-115.22222222222206,-61.0,0.0,5.027722028464275,1.0,2.0,0.0029761904761904656,0.4815719658808516,15.21855221494325,388.2645460161342,184.77777777777794,336.0000000000012,-168.0000000000006,-317.33333333333394,-168.0000000000006,0.0,0.0,0.0,0.0
123.0,-61.5,-116.1666666666665,-61.5,0.0,5.016148067460413,1.0,2.0,0.0029761904761904656,0.48454815635704207,10.361883061896654,387.4383917545762,183.83333333333348,336.0000000000012,-168.0000000000006,-317.33333333333394,-168.0000000000006,0.0,0.0,0.0,0.0
124.0,-62.0,-117.11111111111094,-62.0,0.0,5.004491601427161,1.0,2.0,0.0029761904761904656,0.48752434683323254,5.529310002323291,386.5444127257401,182.88888888888903,336.0000000000012,-168.0000000000006,-317.33333333333394,-168.0000000000006,0.0,0.0,0.0,0.0
125.0,-62.5,-118.05555555555539,-62.5,0.0,4.9927529433049935,1.0,2.0,0.0029761904761904656,0.490500537309423,0.721866038549327,385.5831171523538,181.94444444444463,336.0000000000012,-168.0000000000006,-317.33333333333394,-168.0000000000006,0.0,0.0,0.0,0.0
126.0,-63.0,-118.99999999999983,-63.0,0.0,4.980932409102488,1.0,2.0,0.0029761904761904656,0.49347672778561347,-4.059425523607952,384.5550299220814,181.00000000000017,336.0000000000012,-168.0000000000006,-317.33333333333394,-168.0000000000006,0.0,0.0,0.0,0.0
127.0,-63.5,-119.94444444444427,-63.5,0.0,4.969030317914796,1.0,2.0,0.0029761904761904656,0.49645291826180393,-8.813551352957543,383.46069240996485,180.0555555555557,336.0000000000012,-168.0000000000006,-317.33333333333394,-168.0000000000006,0.0,0.0,0.0,0.0
128.0,-64.0,-120.88888888888872,-64.0,0.0,4.9570469919458295,1.0,2.0,0.0029761904761905766,0.4994291087379945,-13.539508367862336,382.3006622961361,179.1111111111113,335.9999999999887,-167.99999999999434,-317.3333333333221,-167.99999999999434,-4.201865522190787e-09,2.1009327610953935e-09,3.9726728573440165e-09,2.1009327610953935e-09
129.0,-64.5,-121.83333333333316,-64.5,0.0,4.944982756528508,1.0,2.0,0.0029761904761904656,0.502405299214185,-18.236304007893718,381.07551337885934,178.16666666666686,336.0000000000012,-168.0000000000006,-317.33333333333394,-168.0000000000006,4.201865522190943e-09,-2.1009327610954717e-09,-3.972672857344165e-09,-2.1009327610954717e-09
130.0,-65.0,-122.7777777777776,-65.0,0.0,4.932837940146054,1.0,2.0,0.0029761904761904656,0.5053814896903754,-22.90295650213309,379.7858353829581,177.2222222222224,336.0000000000012,-168.0000000000006,-317.33333333333394,-168.0000000000006,0.0,0.0,0.0,0.0
131.0,-65.5,-123.72222222222204,-65.5,0.0,4.920612874454271,1.0,2.0,0.0029761904761904656,0.5083576801665659,-27.538495134041835,378.4322337636902,176.27777777777794,336.0000000000012,-168.0000000000006,-317.33333333333394,-168.0000000000006,0.0,0.0,0.0,0.0
132.0,-66.0,-124.66666666666649,-66.0,0.0,4.9083078943045075,1.0,2.0,0.0029761904761904656,0.5113338706427564,-32.14196050282166,377.0153295061291,175.33333333333348,336.0000000000012,-168.0000000000006,-317.33333333333394,-168.0000000000006,0.0,0.0,0.0,0.0
133.0,-66.5,-125.61111111111093,-66.5,0.0,4.895923337767121,1.0,2.0,0.0029761904761904656,0.5143100611189468,-36.712404781188155,375.5357589201151,174.38888888888908,336.0000000000012,-168.0000000000006,-317.33333333333394,-168.0000000000006,0.0,0.0,0.0,0.0
134.0,-67.0,-126.55555555555537,-67.0,0.0,4.883459546154703,1.0,2.0,0.0029761904761904656,0.5172862515951373,-41.24889196948098,373.9941734308403,173.44444444444463,336.0000000000012,-168.0000000000006,-317.33333333333394,-168.0000000000006,0.0,0.0,0.0,0.0
135.0,-67.5,-127.49999999999982,-67.5,0.0,4.870916864047351,1.0,2.0,0.0029761904761904656,0.5202624420713278,-45.75049814603709,372.3912393651312,172.50000000000017,336.0000000000012,-168.0000000000006,-317.33333333333394,-168.0000000000006,0.0,0.0,0.0,0.0
136.0,-68.0,-128.44444444444426,-68.0,0.0,4.8582956393173236,1.0,2.0,0.0029761904761904656,0.5232386325475182,-50.21631171375233,370.7276377334963,171.55555555555577,336.0000000000012,-168.0000000000006,-317.33333333333394,-168.0000000000006,0.0,0.0,0.0,0.0
137.0,-68.5,-129.38888888888872,-68.5,0.0,4.845596223155464,1.0,2.0,0.0029761904761904656,0.5262148230237087,-54.645433642759855,369.0040640080058,170.6111111111113,336.0000000000012,-168.0000000000006,-317.3333333333387,-168.0000000000006,0.0,0.0,-1.6043486539274512e-09,0.0
138.0,-69.0,-130.33333333333317,-69.0,0.0,4.8328189700977395,1.0,2.0,0.0029761904761904656,0.5291910134998992,-59.0369777091538,367.22122789607215,169.66666666666686,336.0000000000012,-168.0000000000006,-317.3333333333387,-168.0000000000006,0.0,0.0,0.0,0.0
139.0,-69.5,-131.27777777777763,-69.5,0.0,4.819964238052455,1.0,2.0,0.0029761904761905766,0.5321672039760897,-63.39007072968761,365.3798531102009,168.7222222222224,335.9999999999887,-167.99999999999434,-317.3333333333269,-167.99999999999434,-4.201865522190787e-09,2.1009327610953935e-09,3.9726728573440165e-09,2.1009327610953935e-09
140.0,-70.0,-132.2222222222221,-70.0,0.0,4.807032388327606,1.0,2.0,0.0029761904761904656,0.5351433944522802,-67.70385279237846,363.480677133785,167.77777777777794,336.0000000000012,-168.0000000000006,-317.3333333333387,-168.0000000000006,4.201865522190943e-09,-2.1009327610954717e-09,-3.972672857344165e-09,-2.1009327610954717e-09
141.0,-70.5,-133.16666666666654,-70.5,0.0,4.79402378566113,1.0,2.0,0.0029885240125433477,0.5381319184648236,-71.97747748295144,361.5244509830121,166.83333333333348,334.6133394956268,-167.3066697478134,-316.02370952365175,-167.3066697478134,-463.9951021154049,231.99755105770245,438.2175964423417,231.99755105770245
142.0,-71.0,-134.111111111111,-71.0,0.0,4.7809387982492595,1.0,2.0,0.003026395473475718,0.5411583139382993,-76.21011210705527,359.5119389649609,165.88888888888903,330.42608236904744,-165.21304118452372,-312.0690777929934,-165.21304118452372,-1383.5789682074953,691.7894841037477,1306.7134699737549,691.7894841037477
143.0,-71.5,-135.05555555555546,-71.5,0.0,4.767777797777236,1.0,2.0,0.0030664854227765437,0.5442247993610758,-80.40093790818563,357.44391843195945,164.94444444444457,326.10622981359285,-163.05311490679642,-307.98921704617516,-163.05311490679642,-1408.7308302099102,704.3654151049551,1330.4680063093751,704.3654151049551
144.0,-72.0,-135.99999999999991,-72.0,0.0,4.754541159450349,1.0,2.0,0.0031082120678330716,0.5473330114289089,-84.54915028125262,355.32117953228305,164.0000000000001,321.72836929275627,-160.86418464637813,-303.8545709987183,-160.86418464637813,-1408.4819263598886,704.2409631799443,1330.2329304510292,704.2409631799443
145.0,-72.5,-136.94444444444437,-72.5,0.0,4.741229262026907,1.0,2.0,0.003151689900792509,0.5504847013297014,-88.65395898173007,353.14452495726596,163.05555555555566,317.2900987970119,-158.64504939850596,-299.6628710860708,-158.64504939850596,-1408.2192840825874,704.1096420412937,1329.9848794113495,704.1096420412937
146.0,-73.0,-137.88888888888883,-73.0,0.0,4.7278424878492755,1.0,2.0,0.003197044950508321,0.5536817462802097,-92.71458833032419,350.91476968490826,162.1111111111112,312.78884578742094,-156.39442289371047,-295.4116876881237,-156.39442289371047,-1407.9417334671182,703.9708667335591,1329.7227482745202,703.9708667335591
147.0,-73.5,-138.8333333333333,-73.5,0.0,4.71438122287924,1.0,2.0,0.0032444163216389654,0.5569261626018487,-96.73027741310426,348.6327407200537,161.16666666666674,308.22184974548367,-154.11092487274183,-291.0984136485162,-154.11092487274183,-1407.6479678262087,703.8239839131044,1329.4453029470003,703.8239839131044
148.0,-74.0,-139.77777777777774,-74.0,0.0,4.7008458567316795,1.0,2.0,0.0032939579924061713,0.5602201205942549,-100.70028027703546,346.2992768312207,160.22222222222229,303.5861423568185,-151.79307117840926,-286.7202455592213,-151.79307117840926,-1407.3365232198503,703.6682616099251,1329.1511608187582,703.6682616099251
149.0,-74.5,-140.7222222222222,-74.5,0.0,4.687236782711045,1.0,2.0,0.0033458409240030296,0.5635659615182579,-104.62386612085827,343.91522828416663,159.27777777777783,298.87852492508233,-149.43926246254117,-282.27416242924824,-149.43926246254117,-1407.0057539089187,703.5028769544593,1328.8387675806503,703.5028769544593
150.0,-75.0,-141.66666666666666,-75.0,0.0,4.673554397847101,1.0,2.0,0.00340025554759682,0.5669662170658547,-108.50031948125762,341.48145657226706,158.33333333333337,294.095542526727,-147.0477712633635,-277.75690127524587,-147.0477712633635,-1406.6538033400966,703.3269016700483,1328.5063698212357,703.3269016700483
151.0,-75.5,-142.61111111111111,-75.5,0.0,4.659799102932362,1.0,2.0,0.003457414711500739,0.5704236317773554,-112.32894041426884,338.9988341437944,157.3888888888889,289.23345431301647,-144.61672715650823,-273.1649290734081,-144.61672715650823,-1406.2785692261018,703.1392846130509,1328.1519820468923,703.1392846130509
152.0,-76.0,-143.55555555555557,-76.0,0.0,4.6459713025618194,1.0,2.0,0.0035175571926588933,0.5739411889700143,-116.10904467186845,336.4682441261773,156.44444444444446,284.28819923297624,-142.14409961648812,-268.49441038670335,-142.14409961648812,-1405.8776614523638,702.9388307261819,1327.7733469272512,702.9388307261819
153.0,-76.5,-144.50000000000003,-76.5,0.0,4.6320714051711445,1.0,2.0,0.0035809519047755867,0.5775221408747899,-119.83996387369724,333.8905800473285,155.5,279.25535628289,-139.627678141445,-263.74116982273296,-139.627678141445,-1405.4483511421704,702.7241755710852,1327.3678871898373,702.7241755710852
154.0,-77.0,-145.44444444444449,-77.0,0.0,4.618099823078006,1.0,2.0,0.003647902972559236,0.5811700438473492,-123.52104567386723,331.26674555412427,154.55555555555554,274.1300981748526,-137.0650490874263,-258.90064827625315,-137.0650490874263,-1404.987508327744,702.493754163872,1326.9326467539986,702.493754163872
155.0,-77.5,-146.38888888888894,-77.5,0.0,4.604056972523685,1.0,2.0,0.0037187558909936858,0.5848887997383428,-127.15165392280431,328.5976541281233,153.6111111111111,268.907137040606,-134.453568520303,-253.96785164946465,-134.453568520303,-1404.4915254846064,702.2457627423032,1326.4642185132548,702.2457627423032
156.0,-78.0,-147.3333333333334,-78.0,0.0,4.589943273716499,1.0,2.0,0.003793905054980007,0.5886827047933229,-130.73116882408036,325.8842287986115,152.66666666666663,263.5806604299089,-131.79033021495445,-248.93729040602838,-131.79033021495445,-1403.956222812008,701.978111406004,1325.958654878035,701.978111406004
157.0,-78.5,-148.27777777777786,-78.5,0.0,4.575759150874746,1.0,2.0,0.0038738030349471098,0.59255650782827,-134.25898708618874,323.1274018530622,151.72222222222217,258.1442553941448,-129.0721276970724,-243.80290787225115,-129.0721276970724,-1403.376729978302,701.688364989151,1325.4113560906248,701.688364989151
158.0,-79.0,-149.2222222222223,-79.0,0.0,4.561505032273042,1.0,2.0,0.003958972098081159,0.5965154799263511,-137.73452206922127,320.3281145450984,150.77777777777771,252.5908178248292,-126.2954089124146,-238.5579946123419,-126.2954089124146,-1402.7473373725604,701.3736686862802,1324.8169297407694,701.3736686862802
159.0,-79.5,-150.16666666666677,-79.5,0.0,4.547181350287922,1.0,2.0,0.00405001864744281,0.6005654985737939,-141.15720392640355,317.4873168000487,149.83333333333326,246.91244338625503,-123.45622169312752,-233.19508542035507,-123.45622169312752,-1402.0613070904017,701.0306535452008,1324.169012252075,701.0306535452008
160.0,-80.0,-151.11111111111123,-80.0,0.0,4.532788541446158,1.0,2.0,0.004147651494746274,0.6047131500685402,-144.5264797404491,314.6059669181858,148.8888888888888,241.10029525544152,-120.55014762772076,-227.70583440792004,-120.55014762772076,-1401.3106304075002,700.6553152037501,1323.460039829318,700.6553152037501
161.0,-80.5,-152.05555555555569,-80.5,0.0,4.518327046474055,1.0,2.0,0.0042527052311436275,0.6089658552996838,-147.84181365469396,311.6850312757392,147.94444444444434,235.1444423367858,-117.5722211683929,-222.08086220696734,-117.5722211683929,-1400.4857131972178,700.2428565986089,1322.6809513529447,700.2428565986089
162.0,-81.0,-153.00000000000014,-81.0,0.0,4.503797310346785,1.0,2.0,0.004366170467385522,0.6133320257670694,-151.10268699897304,308.72548402377396,146.9999999999999,229.033659466531,-114.5168297332655,-216.30956727394883,-114.5168297332655,-1399.5749629798506,699.7874814899253,1321.8207983698771,699.7874814899253
163.0,-81.5,-153.9444444444446,-81.5,0.0,4.489199782341067,1.0,2.0,0.004489233465310161,0.6178212592323795,-154.30859841020444,305.7283067850266,146.05555555555543,222.75517807824906,-111.37758903912453,-210.37989040723804,-111.37758903912453,-1398.5642397077143,699.2821198538571,1320.8662263906365,699.2821198538571
164.0,-82.0,-154.88888888888906,-82.0,0.0,4.4745349160881105,1.0,2.0,0.004623328815397287,0.6224445880477768,-157.45906394764737,302.69448834879245,145.11111111111097,216.2943714212265,-108.14718571061324,-204.2780174533833,-108.14718571061324,-1397.4361147547731,698.7180573773866,1319.80077504619,698.7180573773866
165.0,-82.5,-155.8333333333335,-82.5,0.0,4.459803169628191,1.0,2.0,0.004770210561606869,0.6272147986093837,-160.55361720280078,299.6250243639568,144.16666666666652,209.63435200293236,-104.81717600146618,-197.9879991138832,-104.81717600146618,-1396.1688550810356,698.0844275405178,1318.6039186876656,698.0844275405178
166.0,-83.0,-156.77777777777797,-83.0,0.0,4.445005005466603,1.0,2.0,0.004932049932017013,0.6321468485414007,-163.5918094039125,296.52091703026406,143.22222222222206,202.75544931294718,-101.37772465647359,-191.49125768445265,-101.37772465647359,-1394.7350056879864,697.3675028439932,1317.2497275942312,697.3675028439932
167.0,-83.5,-157.72222222222243,-83.5,0.0,4.430140890631609,1.0,2.0,0.005111572303976741,0.6372584208453774,-166.57320951507046,293.3831747879198,142.2777777777776,195.6345211476344,-97.8172605738172,-184.76593663943495,-97.8172605738172,-1393.0993717476704,696.5496858738352,1315.7049622061445,696.5496858738352
168.0,-84.0,-158.66666666666688,-84.0,0.0,4.415211296733565,1.0,2.0,0.005312253499653474,0.6425706743450309,-169.49740432984783,290.21281200562015,141.33333333333314,188.2440286528554,-94.1220143264277,-177.78602706103248,-94.1220143264277,-1391.2160809458876,695.6080404729438,1313.9262986711344,695.6080404729438
169.0,-84.5,-159.61111111111134,-84.5,0.0,4.400216700026019,1.0,2.0,0.005538608412073542,0.6481092827571044,-172.36399855947684,287.0108486671037,140.3888888888887,180.55076755744506,-90.27538377872253,-170.5201693598115,-90.27538377872253,-1389.0241957961691,694.5120978980846,1311.8561849186237,694.5120978980846
170.0,-85.0,-160.5555555555558,-85.0,0.0,4.385157581468069,1.0,2.0,0.0057966281474723935,0.6539059109045768,-175.17261491552713,283.7783100563224,139.44444444444423,172.5140848367249,-86.25704241836245,-162.9299690124646,-86.25704241836245,-1386.4409646881597,693.2204823440799,1309.416466649941,693.2204823440799
171.0,-85.5,-161.50000000000026,-85.5,0.0,4.3700344267882105,1.0,2.0,0.006094465452633924,0.6600003763572108,-177.92289418706633,280.5162264413282,138.49999999999977,164.08329947424957,-82.04164973712479,-154.9675606145711,-82.04164973712479,-1383.3510794341576,691.6755397170788,1306.498241687836,691.6755397170788
172.0,-86.0,-162.4444444444447,-86.0,0.0,4.3548477265516174,1.0,2.0,0.006443554582672983,0.6664439309398837,-180.61449531228277,277.22563275696916,137.55555555555532,155.19384326921764,-77.59692163460882,-146.5719630875964,-77.59692163460882,-1379.5888730323,689.79443651615,1302.9450467527445,689.79443651615
173.0,-86.5,-163.38888888888917,-86.5,0.0,4.339597976226754,1.0,2.0,0.0068605341878797965,0.6733044651277635,-183.24709544455024,273.90756828649626,136.61111111111086,145.76124433089421,-72.88062216544711,-137.66339742362416,-72.88062216544711,-1374.9073585242938,687.4536792621469,1298.5236163840727,687.4536792621469
174.0,-87.0,-164.33333333333363,-87.0,0.0,4.32428567625588,1.0,2.0,0.007370757911654202,0.6806752230394177,-185.82039001291872,270.5630763421742,135.6666666666664,135.67125823232638,-67.83562911616319,-128.13396610830998,-67.83562911616319,-1368.92110953938,684.46055476969,1292.8699367872084,684.46055476969
175.0,-87.5,-165.27777777777808,-87.5,0.0,4.3089113321267405,1.0,2.0,0.008015222637608677,0.6886904456770264,-188.33409277701512,267.1932039449962,134.72222222222194,124.76259802289755,-62.381299011448775,-117.8313425771826,-62.381299011448775,-1360.9927886773467,680.4963943386733,1285.382078195291,680.4963943386733
176.0,-88.0,-166.22222222222254,-88.0,0.0,4.293475454446081,1.0,2.0,0.008865718989618299,0.6975561646666447,-190.78793587633962,263.799001503599,133.7777777777775,112.79401040919453,-56.397005204597264,-106.52767649757403,-56.397005204597264,-1349.9849958833754,674.9924979416877,1274.9858294454273,674.9924979416877
177.0,-88.5,-167.166666666667,-88.5,0.0,4.277978559015148,1.0,2.0,0.010063043148627049,0.7076192078152718,-193.18166987394656,260.3815224924781,132.83333333333303,99.37351805317807,-49.68675902658904,-93.852767050225,-49.68675902658904,-1333.6415394231394,666.8207697115697,1259.550342788537,666.8207697115697
178.0,-89.0,-168.11111111111146,-89.0,0.0,4.2624211669082985,1.0,2.0,0.011936628297426477,0.7195558361126982,-195.51506379449836,256.941823129598,131.88888888888857,83.77575099792618,-41.88787549896309,-79.12154260915355,-41.88787549896309,-1306.7146489444387,653.3573244722194,1234.1193906697658,653.3573244722194
179.0,-89.5,-169.0555555555559,-89.5,0.0,4.246803804552472,1.0,2.0,0.015556116863380431,0.7351119529760787,-197.78790515668484,253.4809620534995,130.94444444444412,64.28339467891439,-32.141697339457195,-60.71209497453107,-32.141697339457195,-1253.0348344770657,626.5174172385329,1183.4217881172438,626.5174172385329
180.0,-90.0,-170.00000000000037,-90.0,0.0,4.231127003809608,1.0,2.0,0.03755578561923856,0.7726677385953172,-200.00000000000003,250.00000000000003,129.99999999999966,26.62705581873739,-13.313527909368695,-25.147774939918982,-13.313527909368695,-1002.6774367592229,501.33871837961146,946.9731347170565,501.33871837961146
179.0,-89.5,-169.0555555555559,-89.5,0.0,4.231127003809608,1.0,3.0,0.0,0.7726677385953172,-197.78790515668484,253.4809620534995,130.94444444444412,0.0,0.0,0.0,0.0,0.0,0.0,0.0,0.0
178.0,-89.0,-168.11111111111146,-89.0,0.0,4.246803804552472,1.0,3.0,0.05311190517281447,0.8257796437681317,-195.51506379449836,256.941823129598,131.88888888888857,-18.82817038376272,9.41408519188136,17.78216091799836,9.41408519188136,-354.49999999999966,177.24999999999983,334.80555555555964,177.24999999999983
177.0,-88.5,-167.166666666667,-88.5,0.0,4.2624211669082985,1.0,3.0,0.011936628297426463,0.8377162720655582,-193.18166987394656,260.3815224924781,132.83333333333303,-83.77575099792618,41.88787549896309,79.12154260915355,41.88787549896309,-5441.032341449895,2720.5161707249476,5138.7527669249685,2720.5161707249476
176.0,-88.0,-166.22222222222254,-88.0,0.0,4.277978559015148,1.0,3.0,0.010063043148627035,0.8477793152141853,-190.78793587633962,263.799001503599,133.7777777777775,-99.37351805317807,49.68675902658904,93.852767050225,49.68675902658904,-1550.0049860543402,775.0024930271701,1463.8935979402315,775.0024930271701
175.0,-87.5,-165.27777777777808,-87.5,0.0,4.293475454446081,1.0,3.0,0.008865718989618326,0.8566450342038036,-188.33409277701512,267.1932039449962,134.72222222222194,-112.79401040919453,56.397005204597264,106.52767649757403,56.397005204597264,-1513.7511545010354,756.8755772505177,1429.6538681398854,756.8755772505177
174.0,-87.0,-164.33333333333363,-87.0,0.0,4.3089113321267405,1.0,3.0,0.008015222637608649,0.8646602568414122,-185.82039001291872,270.5630763421742,135.6666666666664,-124.76259802289755,62.381299011448775,117.8313425771826,62.381299011448775,-1493.2320853502608,746.6160426751304,1410.2747472752653,746.6160426751304
173.0,-86.5,-163.38888888888917,-86.5,0.0,4.32428567625588,1.0,3.0,0.007370757911654244,0.8720310147530664,-183.24709544455024,273.90756828649626,136.61111111111086,-135.67125823232638,67.83562911616319,128.13396610830998,67.83562911616319,-1479.9916562421226,739.9958281210613,1397.769897562025,739.9958281210613
172.0,-86.0,-162.4444444444447,-86.0,0.0,4.339597976226754,1.0,3.0,0.006860534187879755,0.8788915489409462,-180.61449531228277,277.22563275696916,137.55555555555532,-145.76124433089421,72.88062216544711,137.66339742362416,72.88062216544711,-1470.7289290086724,735.3644645043362,1389.0217662859854,735.3644645043362
171.0,-85.5,-161.50000000000026,-85.5,0.0,4.3548477265516174,1.0,3.0,0.006443554582673011,0.8853351035236192,-177.92289418706633,280.5162264413282,138.49999999999977,-155.19384326921764,77.59692163460882,146.5719630875964,77.59692163460882,-1463.8812812555539,731.9406406277769,1382.5545434080416,731.9406406277769
170.0,-85.0,-160.5555555555558,-85.0,0.0,4.3700344267882105,1.0,3.0,0.006094465452633924,0.8914295689762531,-175.17261491552713,283.7783100563224,139.44444444444423,-164.08329947424957,82.04164973712479,154.9675606145711,82.04164973712479,-1458.6113046534808,729.3056523267404,1377.5773432838605,729.3056523267404
169.0,-84.5,-159.61111111111134,-84.5,0.0,4.385157581468069,1.0,3.0,0.0057966281474723935,0.8972261971237255,-172.36399855947684,287.0108486671037,140.3888888888887,-172.5140848367249,86.25704241836245,162.9299690124646,86.25704241836245,-1454.4292212622856,727.2146106311428,1373.6275978588471,727.2146106311428
168.0,-84.0,-158.66666666666688,-84.0,0.0,4.400216700026019,1.0,3.0,0.005538608412073598,0.9027648055357991,-169.49740432984783,290.21281200562015,141.33333333333314,-180.55076755744506,90.27538377872253,170.5201693598115,90.27538377872253,-1451.0292338416816,725.5146169208408,1370.4164986282676,725.5146169208408
167.0,-83.5,-157.72222222222243,-83.5,0.0,4.415211296733565,1.0,3.0,0.005312253499653419,0.9080770590354525,-166.57320951507046,293.3831747879198,142.2777777777776,-188.2440286528554,94.1220143264277,177.78602706103248,94.1220143264277,-1448.2104620783236,724.1052310391618,1367.754325296215,724.1052310391618
166.0,-83.0,-156.77777777777797,-83.0,0.0,4.430140890631609,1.0,3.0,0.005111572303976825,0.9131886313394294,-163.5918094039125,296.52091703026406,143.22222222222206,-195.63452114763012,97.81726057381506,184.76593663943092,97.81726057381506,-1445.8354602604065,722.9177301302033,1365.5112680237346,722.9177301302033
165.0,-82.5,-155.8333333333335,-82.5,0.0,4.445005005466603,1.0,3.0,0.004932049932016902,0.9181206812714463,-160.55361720280078,299.6250243639568,144.16666666666652,-202.75544931295173,101.37772465647586,191.49125768445697,101.37772465647586,-1443.8069896850343,721.9034948425171,1363.5954902581068,721.9034948425171
164.0,-82.0,-154.88888888888906,-82.0,0.0,4.459803169628191,1.0,3.0,0.004770210561606925,0.9228908918330532,-157.45906394764737,302.69448834879245,145.11111111111097,-209.63435200293236,104.81717600146618,197.9879991138832,104.81717600146618,-1442.0543079053186,721.0271539526593,1361.9401796883735,721.0271539526593
163.0,-81.5,-153.9444444444446,-81.5,0.0,4.4745349160881105,1.0,3.0,0.004623328815397287,0.9275142206484505,-154.30859841020444,305.7283067850266,146.05555555555543,-216.2943714212265,108.14718571061324,204.2780174533833,108.14718571061324,-1440.5247137330907,720.2623568665454,1360.4955629701626,720.2623568665454
162.0,-81.0,-153.00000000000014,-81.0,0.0,4.489199782341067,1.0,3.0,0.004489233465310188,0.9320034541137606,-151.10268699897304,308.72548402377396,146.9999999999999,-222.75517807824906,111.37758903912453,210.37989040723804,111.37758903912453,-1439.1781374142004,719.5890687071002,1359.2237964467606,719.5890687071002
161.0,-80.5,-152.05555555555569,-80.5,0.0,4.503797310346785,1.0,3.0,0.0043661704673855495,0.9363696245811461,-147.84181365469396,311.6850312757392,147.94444444444434,-229.033659466531,114.5168297332655,216.30956727394883,114.5168297332655,-1437.9835682507166,718.9917841253583,1358.0955922368062,718.9917841253583
160.0,-80.0,-151.11111111111123,-80.0,0.0,4.518327046474055,1.0,3.0,0.0042527052311436275,0.9406223298122898,-144.5264797404491,314.6059669181858,148.8888888888888,-235.1444423367858,117.5722211683929,222.08086220696734,117.5722211683929,-1436.9166302672502,718.4583151336251,1357.087928585755,718.4583151336251
159.0,-79.5,-150.16666666666677,-79.5,0.0,4.532788541446158,1.0,3.0,0.004147651494746246,0.944769981307036,-141.15720392640355,317.4873168000487,149.83333333333326,-241.10029525544152,120.55014762772076,227.70583440792004,120.55014762772076,-1435.9578971858778,717.9789485929389,1356.182458453346,717.9789485929389
158.0,-79.0,-149.2222222222223,-79.0,0.0,4.547181350287922,1.0,3.0,0.004050018647442838,0.9488199999544789,-137.73452206922127,320.3281145450984,150.77777777777771,-246.91244338625503,123.45622169312752,233.19508542035507,123.45622169312752,-1435.091696302019,717.5458481510095,1355.3643798408084,717.5458481510095
157.0,-78.5,-148.27777777777786,-78.5,0.0,4.561505032273042,1.0,3.0,0.003958972098081132,0.95277897205256,-134.25898708618874,323.1274018530622,151.72222222222217,-252.5908178248292,126.2954089124146,238.5579946123419,126.2954089124146,-1434.3052433550542,717.1526216775271,1354.6216187242474,717.1526216775271
156.0,-78.0,-147.3333333333334,-78.0,0.0,4.575759150874746,1.0,3.0,0.003873803034947082,0.9566527750875071,-130.73116882408036,325.8842287986115,152.66666666666663,-258.1442553941448,129.0721276970724,243.80290787225115,129.0721276970724,-1433.5880062088463,716.7940031044232,1353.944228086151,716.7940031044232
155.0,-77.5,-146.38888888888894,-77.5,0.0,4.589943273716499,1.0,3.0,0.0037939050549800346,0.9604466801424871,-127.15165392280431,328.5976541281233,153.6111111111111,-263.5806604299089,131.79033021495445,248.93729040602838,131.79033021495445,-1432.931229691183,716.4656148455915,1353.3239391527904,716.4656148455915
154.0,-77.0,-145.44444444444449,-77.0,0.0,4.604056972523685,1.0,3.0,0.0037187558909937413,0.9641654360334808,-123.52104567386723,331.26674555412427,154.55555555555554,-268.907137040606,134.453568520303,253.96785164946465,134.453568520303,-1432.3275758963114,716.1637879481557,1352.7538216798778,716.1637879481557
153.0,-76.5,-144.50000000000003,-76.5,0.0,4.618099823078006,1.0,3.0,0.0036479029725591527,0.9678133390060399,-119.83996387369724,333.8905800473285,155.5,-274.13009817486096,137.06504908743048,258.900648276261,137.06504908743048,-1431.7708484967911,715.8854242483956,1352.2280235803053,715.8854242483956
152.0,-76.0,-143.55555555555557,-76.0,0.0,4.6320714051711445,1.0,3.0,0.003580951904775559,0.9713942909108155,-116.10904467186845,336.4682441261773,156.44444444444446,-279.25535628289,139.627678141445,263.74116982273296,139.627678141445,-1431.2557789994135,715.6278894997067,1351.7415690550333,715.6278894997067
151.0,-75.5,-142.61111111111111,-75.5,0.0,4.6459713025618194,1.0,3.0,0.003517557192658949,0.9749118481034744,-112.32894041426884,338.9988341437944,157.3888888888889,-284.28819923297624,142.14409961648812,268.49441038670335,142.14409961648812,-1430.7778593024032,715.3889296512016,1351.2902004522796,715.3889296512016
150.0,-75.0,-141.66666666666666,-75.0,0.0,4.659799102932362,1.0,3.0,0.0034574147115006837,0.9783692628149752,-108.50031948125762,341.48145657226706,158.33333333333337,-289.23345431301647,144.61672715650823,273.1649290734081,144.61672715650823,-1430.3332092590274,715.1666046295137,1350.8702531891006,715.1666046295137
149.0,-74.5,-140.7222222222222,-74.5,0.0,4.673554397847101,1.0,3.0,0.0034002555475968754,0.9817695183625721,-104.62386612085827,343.91522828416663,159.27777777777783,-294.0955425267174,147.0477712633587,277.7569012752368,147.0477712633587,-1429.918471021133,714.9592355105665,1350.4785559644322,714.9592355105665
148.0,-74.0,-139.77777777777774,-74.0,0.0,4.687236782711045,1.0,3.0,0.003345840924003002,0.9851153592865751,-100.70028027703546,346.2992768312207,160.22222222222229,-298.87852492508233,149.43926246254117,282.27416242924824,149.43926246254117,-1429.5307239659446,714.7653619829723,1350.1123504123047,714.7653619829723
147.0,-73.5,-138.8333333333333,-73.5,0.0,4.7008458567316795,1.0,3.0,0.0032939579924061435,0.9884093172789813,-96.73027741310426,348.6327407200537,161.16666666666674,-303.5861423568185,151.79307117840926,286.7202455592213,151.79307117840926,-1429.1674157925052,714.5837078962526,1349.7692260262597,714.5837078962526
146.0,-73.0,-137.88888888888883,-73.0,0.0,4.71438122287924,1.0,3.0,0.0032444163216390487,0.9916537336006204,-92.71458833032419,350.91476968490826,162.1111111111112,-308.2218497454731,154.11092487273655,291.09841364850627,154.11092487273655,-1428.8263062098672,714.4131531049336,1349.4470669760083,714.4131531049336
145.0,-72.5,-136.94444444444437,-72.5,0.0,4.7278424878492755,1.0,3.0,0.00319704495050821,0.9948507785511286,-88.65395898173007,353.14452495726596,163.05555555555566,-312.7888457874318,156.3944228937159,295.411687688134,156.3944228937159,-1428.505420680032,714.252710340016,1349.1440084200551,714.252710340016
144.0,-72.0,-135.99999999999991,-72.0,0.0,4.741229262026907,1.0,3.0,0.0031516899007926202,0.9980024684519212,-84.54915028125262,355.32117953228305,164.0000000000001,-317.2900987970008,158.6450493985004,299.6628710860603,158.6450493985004,-1428.20301211644,714.10150605822,1348.8584003322044,714.10150605822
143.0,-71.5,-135.05555555555546,-71.5,0.0,4.754541159450349,1.0,3.0,0.003108212067833044,1.0011106805197543,-80.40093790818563,357.44391843195945,164.94444444444457,-321.72836929275627,160.86418464637813,303.8545709987183,160.86418464637813,-1427.9175290795665,713.9587645397833,1348.5887774640503,713.9587645397833
142.0,-71.0,-134.111111111111,-71.0,0.0,4.767777797777236,1.0,3.0,0.003066485422776488,1.0041771659425307,-76.21011210705527,359.5119389649609,165.88888888888903,-326.10622981360467,163.05311490680234,307.9892170461863,163.05311490680234,-1427.6475891036957,713.8237945518479,1348.3338341535057,713.8237945518479
141.0,-70.5,-133.16666666666654,-70.5,0.0,4.7809387982492595,1.0,3.0,0.003026395473475746,1.0072035614160064,-71.97747748295144,361.5244509830121,166.83333333333348,-330.42608236904744,165.21304118452372,312.0690777929934,165.21304118452372,-1427.3919563068712,713.6959781534356,1348.0924031787356,713.6959781534356
140.0,-70.0,-132.2222222222221,-70.0,0.0,4.79402378566113,1.0,3.0,0.0029885240125433754,1.0101920854285498,-67.70385279237846,363.480677133785,167.77777777777794,-334.6133394956268,167.3066697478134,316.02370952365175,167.3066697478134,-1401.112090451585,700.5560452257924,1323.2725298709506,700.5560452257924
139.0,-69.5,-131.27777777777763,-69.5,0.0,4.807032388327606,1.0,3.0,0.0029761904761904934,1.0131682759047402,-63.39007072968761,365.3798531102009,168.7222222222224,-336.0000000000012,168.0000000000006,317.3333333333387,168.0000000000006,-465.9179294697968,232.9589647348984,440.03360005482295,232.9589647348984
138.0,-69.0,-130.33333333333317,-69.0,0.0,4.819964238052455,1.0,3.0,0.0029761904761904656,1.0161444663809307,-59.0369777091538,367.22122789607215,169.66666666666686,-336.0000000000012,168.0000000000006,317.3333333333387,168.0000000000006,0.0,0.0,0.0,0.0
137.0,-68.5,-129.38888888888872,-68.5,0.0,4.8328189700977395,1.0,3.0,0.0029761904761904656,1.0191206568571212,-54.645433642759855,369.0040640080058,170.6111111111113,-336.0000000000012,168.0000000000006,317.3333333333387,168.0000000000006,0.0,0.0,0.0,0.0
136.0,-68.0,-128.44444444444426,-68.0,0.0,4.845596223155464,1.0,3.0,0.0029761904761904934,1.0220968473333116,-50.21631171375233,370.7276377334963,171.55555555555577,-336.0000000000012,168.0000000000006,317.3333333333387,168.0000000000006,0.0,0.0,0.0,0.0
135.0,-67.5,-127.49999999999982,-67.5,0.0,4.8582956393173236,1.0,3.0,0.0029761904761904934,1.025073037809502,-45.75049814603709,372.3912393651312,172.50000000000017,-336.0000000000012,168.0000000000006,317.33333333333394,168.0000000000006,0.0,0.0,-1.6043486539274512e-09,0.0
134.0,-67.0,-126.55555555555537,-67.0,0.0,4.870916864047351,1.0,3.0,0.0029761904761904656,1.0280492282856926,-41.24889196948098,373.9941734308403,173.44444444444463,-336.0000000000012,168.0000000000006,317.33333333333394,168.0000000000006,0.0,0.0,0.0,0.0
133.0,-66.5,-125.61111111111093,-66.5,0.0,4.883459546154703,1.0,3.0,0.0029761904761904656,1.031025418761883,-36.712404781188155,375.5357589201151,174.38888888888908,-336.0000000000012,168.0000000000006,317.33333333333394,168.0000000000006,0.0,0.0,0.0,0.0
132.0,-66.0,-124.66666666666649,-66.0,0.0,4.895923337767121,1.0,3.0,0.0029761904761904656,1.0340016092380735,-32.14196050282166,377.0153295061291,175.33333333333348,-336.0000000000012,168.0000000000006,317.33333333333394,168.0000000000006,0.0,0.0,0.0,0.0
131.0,-65.5,-123.72222222222204,-65.5,0.0,4.9083078943045075,1.0,3.0,0.0029761904761904656,1.036977799714264,-27.538495134041835,378.4322337636902,176.27777777777794,-336.0000000000012,168.0000000000006,317.33333333333394,168.0000000000006,0.0,0.0,0.0,0.0
130.0,-65.0,-122.7777777777776,-65.0,0.0,4.920612874454271,1.0,3.0,0.002976190476190521,1.0399539901904544,-22.90295650213309,379.7858353829581,177.2222222222224,-336.0000000000012,168.0000000000006,317.33333333333394,168.0000000000006,0.0,0.0,0.0,0.0
129.0,-64.5,-121.83333333333316,-64.5,0.0,4.932837940146054,1.0,3.0,0.0029761904761904656,1.042930180666645,-18.236304007893718,381.07551337885934,178.16666666666686,-336.0000000000012,168.0000000000006,317.33333333333394,168.0000000000006,0.0,0.0,0.0,0.0
128.0,-64.0,-120.88888888888872,-64.0,0.0,4.944982756528508,1.0,3.0,0.0029761904761904656,1.0459063711428354,-13.539508367862336,382.3006622961361,179.1111111111113,-336.0000000000012,168.0000000000006,317.33333333333394,168.0000000000006,0.0,0.0,0.0,0.0
127.0,-63.5,-119.94444444444427,-63.5,0.0,4.9570469919458295,1.0,3.0,0.0029761904761904656,1.0488825616190258,-8.813551352957543,383.46069240996485,180.0555555555557,-336.0000000000012,168.0000000000006,317.33333333333394,168.0000000000006,0.0,0.0,0.0,0.0
126.0,-63.0,-118.99999999999983,-63.0,0.0,4.969030317914796,1.0,3.0,0.0029761904761904656,1.0518587520952163,-4.059425523607952,384.5550299220814,181.00000000000017,-336.0000000000012,168.0000000000006,317.33333333333394,168.0000000000006,0.0,0.0,0.0,0.0
125.0,-62.5,-118.05555555555539,-62.5,0.0,4.980932409102488,1.0,3.0,0.002976190476190521,1.0548349425714068,0.721866038549327,385.5831171523538,181.94444444444463,-336.0000000000012,168.0000000000006,317.33333333333394,168.0000000000006,0.0,0.0,0.0,0.0
124.0,-62.0,-117.11111111111094,-62.0,0.0,4.9927529433049935,1.0,3.0,0.0029761904761904656,1.0578111330475972,5.529310002323291,386.5444127257401,182.88888888888903,-336.0000000000012,168.0000000000006,317.33333333333394,168.0000000000006,0.0,0.0,0.0,0.0
123.0,-61.5,-116.1666666666665,-61.5,0.0,5.004491601427161,1.0,3.0,0.0029761904761904656,1.0607873235237877,10.361883061896654,387.4383917545762,183.83333333333348,-336.0000000000012,168.0000000000006,317.33333333333394,168.0000000000006,0.0,0.0,0.0,0.0
122.0,-61.0,-115.22222222222206,-61.0,0.0,5.016148067460413,1.0,3.0,0.0029761904761904656,1.0637635139999781,15.21855221494325,388.2645460161342,184.77777777777794,-336.0000000000012,168.0000000000006,317.33333333333394,168.0000000000006,0.0,0.0,0.0,0.0
121.0,-60.5,-114.27777777777762,-60.5,0.0,5.027722028464275,1.0,3.0,0.0029761904761904656,1.0667397044761686,20.0982750438559,389.0223841253974,185.7222222222224,-336.0000000000012,168.0000000000006,317.33333333333394,168.0000000000006,0.0,0.0,0.0,0.0
120.0,-60.0,-113.33333333333317,-60.0,0.0,5.039213174546627,1.0,3.0,0.0029761904761904656,1.069715894952359,24.999999999999993,389.71143170299746,186.66666666666686,-336.0000000000012,168.0000000000006,317.33333333333394,168.0000000000006,0.0,0.0,0.0,0.0
119.0,-59.5,-112.38888888888873,-59.5,0.0,5.0506211988442935,1.0,3.0,0.002976190476190521,1.0726920854285495,29.922666690908606,390.3312315382607,187.61111111111126,-336.0000000000012,168.0000000000006,317.33333333333394,168.0000000000006,0.0,0.0,0.0,0.0
118.0,-59.0,-111.44444444444429,-59.0,0.0,5.061945797505533,1.0,3.0,0.0029761904761904656,1.07566827590474,34.86520617033545,390.8813437473135,188.5555555555557,-336.0000000000012,168.0000000000006,317.33333333333394,168.0000000000006,0.0,0.0,0.0,0.0
117.0,-58.5,-110.49999999999984,-58.5,0.0,5.0731866696708545,1.0,3.0,0.0029761904761904656,1.0786444663809305,39.82654123107782,391.36134592619663,189.50000000000017,-336.0000000000012,168.0000000000006,317.33333333333394,168.0000000000006,0.0,0.0,0.0,0.0
116.0,-58.0,-109.5555555555554,-58.0,0.0,5.084343517457221,1.0,3.0,0.0029761904761904656,1.081620656857121,44.8055867004857,391.77083329894,190.44444444444457,-336.0000000000012,168.0000000000006,317.33333333333394,168.0000000000006,0.0,0.0,0.0,0.0
115.0,-57.5,-108.61111111111096,-57.5,0.0,5.095416045939344,1.0,3.0,0.002976190476190521,1.0845968473333114,49.801249738566064,392.1094188605515,191.38888888888903,-336.0000000000012,168.0000000000006,317.33333333333394,168.0000000000006,0.0,0.0,0.0,0.0
114.0,-57.0,-107.66666666666652,-57.0,0.0,5.106403963133926,1.0,3.0,0.0029761904761904656,1.0875730378095019,54.81243013859669,392.37673351487626,192.33333333333348,-336.0000000000012,168.0000000000006,317.33333333333394,168.0000000000006,0.0,0.0,0.0,0.0
113.0,-56.5,-106.72222222222207,-56.5,0.0,5.117306979983859,1.0,3.0,0.0029761904761904656,1.0905492282856923,59.83802063015977,392.57242620728016,193.27777777777794,-336.0000000000012,168.0000000000006,317.33333333333394,168.0000000000006,0.0,0.0,0.0,0.0
112.0,-56.0,-105.77777777777763,-56.0,0.0,5.128124810341562,1.0,3.0,0.0029761904761904656,1.0935254187618828,64.87690718450425,392.696164052118,194.2222222222224,-336.0000000000012,168.0000000000006,317.33333333333394,168.0000000000006,0.0,0.0,0.0,0.0
111.0,-55.5,-104.83333333333319,-55.5,0.0,5.138857170954519,1.0,3.0,0.0029761904761904656,1.0965016092380733,69.9279693221481,392.7476324549443,195.1666666666668,-336.0000000000012,168.0000000000006,317.33333333333394,168.0000000000006,0.0,0.0,0.0,0.0
110.0,-55.0,-103.88888888888874,-55.0,0.0,5.149503781449797,1.0,3.0,0.0029761904761904656,1.0994777997142637,74.99008042262776,392.72653522942966,196.11111111111126,-336.0000000000012,168.0000000000006,317.33333333333394,168.0000000000006,0.0,0.0,0.0,0.0
109.0,-54.5,-102.9444444444443,-54.5,0.0,5.160064364319674,1.0,3.0,0.0029761904761904656,1.1024539901904542,80.06210803630363,392.63259470894326,197.0555555555557,-336.0000000000012,168.0000000000006,317.33333333333394,168.0000000000006,0.0,0.0,0.0,0.0
108.0,-54.0,-101.99999999999986,-54.0,0.0,5.170538644907503,1.0,3.0,0.002976190476190521,1.1054301806666447,85.1429141981288,392.46555185276765,198.0000000000001,-336.0000000000012,168.0000000000006,317.33333333333394,168.0000000000006,0.0,0.0,0.0,0.0
107.0,-53.5,-101.05555555555542,-53.5,0.0,5.180926351394078,1.0,3.0,0.0029761904761904656,1.1084063711428351,90.23135574328798,392.2251663469115,198.94444444444457,-336.0000000000012,168.0000000000006,317.33333333333394,168.0000000000006,0.0,0.0,0.0,0.0
106.0,-53.0,-100.11111111111097,-53.0,0.0,5.191227214783823,1.0,3.0,0.0029761904761904656,1.1113825616190256,95.32628462461226,391.91121669948706,199.88888888888903,-336.0000000000012,168.0000000000006,317.33333333333394,168.0000000000006,0.0,0.0,0.0,0.0
105.0,-52.5,-99.16666666666653,-52.5,0.0,5.201440968891766,1.0,3.0,0.0029761904761904656,1.114358752095216,100.42654823167594,391.52350033062254,200.83333333333348,-336.0000000000012,168.0000000000006,317.33333333333394,168.0000000000006,0.0,0.0,0.0,0.0
104.0,-52.0,-98.22222222222209,-52.0,0.0,5.211567350331497,1.0,3.0,0.002976190476190521,1.1173349425714065,105.53098971148101,391.06183365687986,201.77777777777794,-336.0000000000012,168.0000000000006,317.33333333333394,168.0000000000006,0.0,0.0,0.0,0.0
103.0,-51.5,-97.27777777777764,-51.5,0.0,5.221606098501267,1.0,3.0,0.0029761904761904656,1.120311133047597,110.63844829063189,390.52605217015054,202.72222222222234,-336.0000000000012,168.0000000000006,317.33333333333394,168.0000000000006,0.0,0.0,0.0,0.0
102.0,-51.0,-96.3333333333332,-51.0,0.0,5.23155695557352,1.0,3.0,0.0029761904761904656,1.1232873235237875,115.74775959890752,389.9160105110039,203.6666666666668,-336.0000000000012,168.0000000000006,317.33333333333394,168.0000000000006,0.0,0.0,0.0,0.0
101.0,-50.5,-95.38888888888876,-50.5,0.0,5.241419666481914,1.0,3.0,0.0029761904761904656,1.126263513999978,120.85775599413199,389.2315825364629,204.61111111111126,-336.0000000000012,168.0000000000006,317.33333333333394,168.0000000000006,0.0,0.0,0.0,0.0
100.0,-50.0,-94.44444444444431,-50.0,0.0,5.251193978910695,1.0,3.0,0.0029761904761904656,1.1292397044761684,125.9672668882487,388.4726613821862,205.55555555555566,-336.0000000000012,168.0000000000006,317.33333333333394,168.0000000000006,0.0,0.0,0.0,0.0
99.0,-49.5,-93.49999999999987,-49.5,0.0,5.26087964328271,1.0,3.0,0.0029761904761904656,1.1322158949523589,131.07511907449964,387.63915951903533,206.5000000000001,-336.0000000000012,168.0000000000006,317.33333333333394,168.0000000000006,0.0,0.0,0.0,0.0
98.0,-49.0,-92.55555555555543,-49.0,0.0,5.2704764127492725,1.0,3.0,0.0029761904761904656,1.1351920854285493,136.18013705561373,386.7310088040071,207.44444444444457,-336.0000000000012,168.0000000000006,317.33333333333394,168.0000000000006,0.0,0.0,0.0,0.0
97.0,-48.5,-91.61111111111099,-48.5,0.0,5.279984043178615,1.0,3.0,0.002976190476190521,1.1381682759047398,141.28114337290484,385.74816052551495,208.38888888888903,-336.0000000000012,168.0000000000006,317.33333333333394,168.0000000000006,0.0,0.0,0.0,0.0
96.0,-48.0,-90.66666666666654,-48.0,0.0,5.2894022931469244,1.0,3.0,0.0029761904761904656,1.1411444663809303,146.37695893618383,384.6905854430033,209.33333333333348,-336.0000000000012,168.0000000000006,317.33333333333394,168.0000000000006,0.0,0.0,0.0,0.0
95.0,-47.5,-89.7222222222221,-47.5,0.0,5.298730923926896,1.0,3.0,0.002976190476190521,1.1441206568571207,151.46640335438335,383.5582738208802,210.27777777777789,-336.0000000000012,168.0000000000006,317.33333333333394,168.0000000000006,0.0,0.0,0.0,0.0
94.0,-47.0,-88.77777777777766,-47.0,0.0,5.307969699478955,1.0,3.0,0.0029761904761904656,1.1470968473333112,156.5482952667995,382.3512354567575,211.22222222222234,-336.0000000000012,168.0000000000006,317.33333333333394,168.0000000000006,0.0,0.0,0.0,0.0
93.0,-46.5,-87.83333333333321,-46.5,0.0,5.317118386440868,1.0,3.0,0.0029761904761904656,1.1500730378095017,161.6214526748497,381.0694997039867,212.1666666666668,-336.0000000000012,168.0000000000006,317.33333333333394,168.0000000000006,0.0,0.0,0.0,0.0
92.0,-46.0,-86.88888888888877,-46.0,0.0,5.326176754119209,1.0,3.0,0.0029761904761904656,1.1530492282856921,166.6846932742492,379.71311548848195,213.1111111111112,-336.0000000000012,168.0000000000006,317.33333333333394,168.0000000000006,0.0,0.0,0.0,0.0
91.0,-45.5,-85.94444444444433,-45.5,0.0,5.335144574479543,1.0,3.0,0.0029761904761904656,1.1560254187618826,171.736834787506,378.2821513198237,214.05555555555566,-336.0000000000012,168.0000000000006,317.33333333333394,168.0000000000006,0.0,0.0,0.0,0.0
90.0,-45.0,-84.99999999999989,-45.0,0.0,5.344021622138884,1.0,3.0,0.0029761904761904656,1.159001609238073,176.77669529663686,376.77669529663694,215.0000000000001,-336.0000000000012,168.0000000000006,317.33333333333394,168.0000000000006,0.0,0.0,0.0,0.0
89.0,-44.5,-84.05555555555544,-44.5,0.0,5.352807674355321,1.0,3.0,0.0029761904761904656,1.1619777997142635,181.80309357600203,375.19685510624106,215.94444444444457,-336.0000000000012,168.0000000000006,317.33333333333394,168.0000000000006,0.0,0.0,0.0,0.0
88.0,-44.0,-83.111111111111,-44.0,0.0,5.361502511021314,1.0,3.0,0.0029761904761904656,1.164953990190454,186.814849425163,373.5427580185686,216.88888888888903,-336.0000000000012,168.0000000000006,317.33333333333394,168.0000000000006,0.0,0.0,0.0,0.0
87.0,-43.5,-82.16666666666656,-43.5,0.0,5.3701059146541485,1.0,3.0,0.002976190476190521,1.1679301806666444,191.81078400166066,371.8145508743533,217.83333333333343,-336.0000000000012,168.0000000000006,317.33333333333394,168.0000000000006,0.0,0.0,0.0,0.0
86.0,-43.0,-81.22222222222211,-43.0,0.0,5.378617670389476,1.0,3.0,0.0029761904761904656,1.170906371142835,196.78972015361768,370.0124000675895,218.77777777777789,-336.0000000000012,168.0000000000006,317.33333333333394,168.0000000000006,0.0,0.0,0.0,0.0
85.0,-42.5,-80.27777777777767,-42.5,0.0,5.38703756597224,1.0,3.0,0.0029761904761904656,1.1738825616190254,201.7504827520626,368.1364915222643,219.72222222222234,-336.0000000000012,168.0000000000006,317.33333333333394,168.0000000000006,0.0,0.0,0.0,0.0
84.0,-42.0,-79.33333333333323,-42.0,0.0,5.3953653917502775,1.0,3.0,0.002976190476190521,1.1768587520952158,206.6918990228792,366.1870306633693,220.66666666666674,-336.0000000000012,168.0000000000006,317.33333333333394,168.0000000000006,0.0,0.0,0.0,0.0
83.0,-41.5,-78.38888888888879,-41.5,0.0,5.403600940665979,1.0,3.0,0.0029761904761904656,1.1798349425714063,211.61279887828,364.1642423821988,221.6111111111112,-336.0000000000012,168.0000000000006,317.33333333333394,168.0000000000006,0.0,0.0,0.0,0.0
82.0,-41.0,-77.44444444444434,-41.0,0.0,5.411744008249968,1.0,3.0,0.0029761904761904656,1.1828111330475968,216.51201524770613,362.06837099594094,222.55555555555566,-336.0000000000012,168.0000000000006,317.33333333333394,168.0000000000006,0.0,0.0,0.0,0.0
81.0,-40.5,-76.4999999999999,-40.5,0.0,5.419794392613712,1.0,3.0,0.0029761904761904656,1.1857873235237872,221.38838440805392,359.8996802015735,223.5000000000001,-336.0000000000012,168.0000000000006,317.33333333333394,168.0000000000006,0.0,0.0,0.0,0.0
80.0,-40.0,-75.55555555555546,-40.0,0.0,5.4277518944432614,1.0,3.0,0.0029761904761904656,1.1887635139999777,226.24074631313056,357.65845302407644,224.44444444444454,-336.0000000000012,168.0000000000006,317.33333333333394,168.0000000000006,0.0,0.0,0.0,0.0
79.0,-39.5,-74.61111111111101,-39.5,0.0,5.4356163169920135,1.0,3.0,0.0029761904761904656,1.1917397044761682,231.06794492223895,355.3449917589739,225.38888888888897,-336.0000000000012,168.0000000000006,317.33333333333394,168.0000000000006,0.0,0.0,0.0,0.0
78.0,-39.0,-73.66666666666657,-39.0,0.0,5.443387466074972,1.0,3.0,0.0029761904761904656,1.1947158949523586,235.8688285277946,352.9596179092205,226.33333333333343,-336.0000000000012,168.0000000000006,317.33333333333394,168.0000000000006,0.0,0.0,0.0,0.0
77.0,-38.5,-72.72222222222213,-38.5,0.0,5.451065150061748,1.0,3.0,0.0029761904761904656,1.197692085428549,240.64225008187643,350.50267211645206,227.27777777777789,-336.0000000000012,168.0000000000006,317.33333333333394,168.0000000000006,0.0,0.0,0.0,0.0
76.0,-38.0,-71.77777777777769,-38.0,0.0,5.458649179871807,1.0,3.0,0.0029761904761904656,1.2006682759047396,245.38706752161406,347.97451408661396,228.2222222222223,-336.0000000000012,168.0000000000006,317.33333333333394,168.0000000000006,0.0,0.0,0.0,0.0
75.0,-37.5,-70.83333333333324,-37.5,0.0,5.466139368966674,1.0,3.0,0.0029761904761904656,1.20364446638093,250.10214409331292,345.3755225099939,229.16666666666674,-336.0000000000012,168.0000000000006,317.33333333333394,168.0000000000006,0.0,0.0,0.0,0.0
74.0,-37.0,-69.8888888888888,-37.0,0.0,5.47353553334629,1.0,3.0,0.002976190476190521,1.2066206568571205,254.78634867522302,342.70609497567597,230.1111111111112,-336.0000000000012,168.0000000000006,317.33333333333394,168.0000000000006,0.0,0.0,0.0,0.0
73.0,-36.5,-68.94444444444436,-36.5,0.0,5.480837491541842,1.0,3.0,0.0029761904761904656,1.209596847333311,259.4385560988516,339.9666478804424,231.05555555555566,-336.0000000000012,168.0000000000006,317.33333333333394,168.0000000000006,0.0,0.0,0.0,0.0
72.0,-36.0,-67.99999999999991,-36.0,0.0,5.488045064610895,1.0,3.0,0.002976190476190521,1.2125730378095014,264.0576474687263,337.1576163321491,232.00000000000009,-336.0000000000012,168.0000000000006,317.33333333333394,168.0000000000006,0.0,0.0,0.0,0.0
71.0,-35.5,-67.05555555555547,-35.5,0.0,5.4951580761325545,1.0,3.0,0.0029761904761904656,1.215549228285692,268.64251048051113,334.27945404759834,232.9444444444445,-336.0000000000012,168.0000000000006,317.33333333333394,168.0000000000006,0.0,0.0,0.0,0.0
70.0,-35.0,-66.11111111111103,-35.0,0.0,5.502176352201356,1.0,3.0,0.0029761904761904656,1.2185254187618824,273.19203973738166,331.3326332449432,233.88888888888897,-336.0000000000012,168.0000000000006,317.33333333333394,168.0000000000006,0.0,0.0,0.0,0.0
69.0,-34.5,-65.16666666666659,-34.5,0.0,5.509099721423255,1.0,3.0,0.0029761904761904656,1.2215016092380728,277.7051370645639,328.3176445306486,234.83333333333343,-336.0000000000012,168.0000000000006,317.33333333333394,168.0000000000006,0.0,0.0,0.0,0.0
68.0,-34.0,-64.22222222222214,-34.0,0.0,5.515928014910056,1.0,3.0,0.0029761904761904656,1.2244777997142633,282.1807118219428,325.23499678104423,235.77777777777786,-336.0000000000012,168.0000000000006,317.33333333333394,168.0000000000006,0.0,0.0,0.0,0.0
67.0,-33.5,-63.27777777777769,-33.5,0.0,5.52266106627507,1.0,3.0,0.0029761904761904656,1.2274539901904538,286.6176812146468,322.08521701850265,236.7222222222223,-336.0000000000012,168.0000000000006,317.3333333333363,168.0000000000006,0.0,0.0,8.021743269637256e-10,0.0
66.0,-33.0,-62.33333333333324,-33.0,0.0,5.529298711628214,1.0,3.0,0.0029761904761904656,1.2304301806666442,291.014970601516,318.868850282277,237.66666666666674,-336.0000000000012,168.0000000000006,317.3333333333363,168.0000000000006,0.0,0.0,0.0,0.0
65.0,-32.5,-61.38888888888879,-32.5,0.0,5.535840789572056,1.0,3.0,0.0029761904761904656,1.2334063711428347,295.3715138013613,315.586459494036,238.6111111111112,-336.0000000000012,168.0000000000006,317.3333333333363,168.0000000000006,0.0,0.0,0.0,0.0
64.0,-32.0,-60.44444444444434,-32.0,0.0,5.542287141196604,1.0,3.0,0.002976190476190521,1.2363825616190252,299.6862533969219,312.2386253181347,239.55555555555566,-336.0000000000012,168.0000000000006,317.3333333333363,168.0000000000006,0.0,0.0,0.0,0.0
63.0,-31.5,-59.49999999999989,-31.5,0.0,5.548637610076215,1.0,3.0,0.0029761904761904656,1.2393587520952156,303.9581410364323,308.8259460166608,240.5000000000001,-336.0000000000012,168.0000000000006,317.3333333333363,168.0000000000006,0.0,0.0,0.0,0.0
62.0,-31.0,-58.55555555555544,-31.0,0.0,5.554892042264308,1.0,3.0,0.0029761904761904656,1.242334942571406,308.1861377327062,305.34903729929897,241.44444444444457,-336.0000000000012,168.0000000000006,317.3333333333363,168.0000000000006,0.0,0.0,0.0,0.0
61.0,-30.5,-57.61111111111099,-30.5,0.0,5.561050286290201,1.0,3.0,0.002976190476190521,1.2453111330475966,312.36921415964883,301.80853216805525,242.388888888889,-336.0000000000012,168.0000000000006,317.3333333333363,168.0000000000006,0.0,0.0,0.0,0.0
60.0,-30.0,-56.66666666666654,-30.0,0.0,5.5671121931549346,1.0,3.0,0.0029761904761904656,1.248287323523787,316.50635094610965,298.20508075688775,243.33333333333346,-336.0000000000012,168.0000000000006,317.3333333333363,168.0000000000006,0.0,0.0,0.0,0.0
59.0,-29.5,-55.72222222222209,-29.5,0.0,5.573077616327372,1.0,3.0,0.0029761904761904656,1.2512635139999775,320.5965389669857,294.5393501662893,244.2777777777779,-336.0000000000012,168.0000000000006,317.3333333333363,168.0000000000006,0.0,0.0,0.0,0.0
58.0,-29.0,-54.777777777777644,-29.0,0.0,5.578946411740973,1.0,3.0,0.0029761904761904656,1.254239704476168,324.63877963148985,290.8120242928695,245.22222222222234,-336.0000000000012,168.0000000000006,317.3333333333363,168.0000000000006,0.0,0.0,0.0,0.0
57.0,-28.5,-53.833333333333194,-28.5,0.0,5.584718437789723,1.0,3.0,0.0029761904761904656,1.2572158949523584,328.6320851684968,287.02380365398693,246.1666666666668,-336.0000000000012,168.0000000000006,317.3333333333363,168.0000000000006,0.0,0.0,0.0,0.0
56.0,-28.0,-52.888888888888744,-28.0,0.0,5.5903935553243915,1.0,3.0,0.0029761904761904656,1.2601920854285489,332.5754789088811,283.1754052074811,247.11111111111126,-336.0000000000012,168.0000000000006,317.3333333333363,168.0000000000006,0.0,0.0,0.0,0.0
55.0,-27.5,-51.944444444444294,-27.5,0.0,5.595971627650731,1.0,3.0,0.0029761904761904656,1.2631682759047393,336.4679955647646,279.2675621665569,248.0555555555557,-336.0000000000012,168.0000000000006,317.3333333333363,168.0000000000006,0.0,0.0,0.0,0.0
54.0,-27.0,-50.999999999999844,-27.0,0.0,5.601452520524326,1.0,3.0,0.0029761904761904656,1.2661444663809298,340.30868150558655,275.30102380987626,249.00000000000017,-336.0000000000012,168.0000000000006,317.3333333333363,168.0000000000006,0.0,0.0,0.0,0.0
53.0,-26.5,-50.055555555555394,-26.5,0.0,5.606836102148445,1.0,3.0,0.0029761904761904656,1.2691206568571203,344.096595030916,271.2765552869108,249.9444444444446,-336.0000000000012,168.0000000000006,317.3333333333363,168.0000000000006,0.0,0.0,0.0,0.0
52.0,-26.0,-49.111111111110944,-26.0,0.0,5.612122243170502,1.0,3.0,0.0029761904761905766,1.272096847333311,347.8308066399234,267.19493741861385,250.88888888888906,-335.9999999999761,167.99999999998806,317.3333333333126,167.99999999998806,8.42283043311849e-09,-4.211415216559245e-09,-7.964445103424967e-09,-4.211415216559245e-09
51.0,-25.5,-48.166666666666494,-25.5,0.0,5.617310816679994,1.0,3.0,0.0029761904761904656,1.2750730378095014,351.5103992974326,263.056966493468,251.8333333333335,-336.0000000000012,168.0000000000006,317.3333333333363,168.0000000000006,-8.422830433119118e-09,4.211415216559559e-09,7.96444510342556e-09,4.211415216559559e-09
50.0,-25.0,-47.222222222222044,-25.0,0.0,5.622401698204194,1.0,3.0,0.0029761904761904656,1.278049228285692,355.13446869647044,258.8634540589705,252.77777777777794,-336.0000000000012,168.0000000000006,317.3333333333363,168.0000000000006,0.0,0.0,0.0,0.0
49.0,-24.5,-46.277777777777594,-24.5,0.0,5.627394765706242,1.0,3.0,0.0029761904761904656,1.2810254187618824,358.7021235172373,254.61522670861422,253.7222222222224,-336.0000000000012,168.0000000000006,317.3333333333363,168.0000000000006,0.0,0.0,0.0,0.0
48.0,-24.0,-45.333333333333144,-24.0,0.0,5.632289899582695,1.0,3.0,0.0029761904761904656,1.2840016092380728,362.21248568242186,250.3131258644289,254.66666666666686,-336.0000000000012,168.0000000000006,317.3333333333363,168.0000000000006,0.0,0.0,0.0,0.0
47.0,-23.5,-44.388888888888694,-23.5,0.0,5.637086982659744,1.0,3.0,0.0029761904761904656,1.2869777997142633,365.6646906087807,245.9580075551457,255.6111111111113,-336.0000000000012,168.0000000000006,317.3333333333363,168.0000000000006,0.0,0.0,0.0,0.0
46.0,-23.0,-43.444444444444244,-23.0,0.0,5.641785900191913,1.0,3.0,0.0029761904761904656,1.2899539901904538,369.0578874549095,241.5507421900487,256.55555555555577,-336.0000000000012,168.0000000000006,317.3333333333363,168.0000000000006,0.0,0.0,0.0,0.0
45.0,-22.5,-42.499999999999794,-22.5,0.0,5.646386539858483,1.0,3.0,0.0029761904761904656,1.2929301806666442,372.3912393651312,237.09221432858203,257.5000000000002,-336.0000000000012,168.0000000000006,317.3333333333363,168.0000000000006,0.0,0.0,0.0,0.0
44.0,-22.0,-41.555555555555344,-22.0,0.0,5.6508887917620605,1.0,3.0,0.0029761904761904656,1.2959063711428347,375.6639237094271,232.5833224457775,258.4444444444447,-336.0000000000012,168.0000000000006,317.3333333333363,168.0000000000006,0.0,0.0,0.0,0.0
43.0,-21.5,-40.611111111110894,-21.5,0.0,5.6552925484252805,1.0,3.0,0.0029761904761904656,1.2988825616190252,378.87513231934025,228.02497869357407,259.38888888888914,-336.0000000000012,168.0000000000006,317.3333333333363,168.0000000000006,0.0,0.0,0.0,0.0
42.0,-21.0,-39.666666666666444,-21.0,0.0,5.659597704789436,1.0,3.0,0.0029761904761904656,1.3018587520952156,382.02407171977933,223.4181086580968,260.33333333333354,-336.0000000000012,168.0000000000006,317.3333333333363,168.0000000000006,0.0,0.0,0.0,0.0
41.0,-20.5,-38.722222222221994,-20.5,0.0,5.663804158211746,1.0,3.0,0.0029761904761905766,1.3048349425714063,385.1099633566538,218.76365111296838,261.277777777778,-335.9999999999761,167.99999999998806,317.3333333333126,167.99999999998806,8.42283043311849e-09,-4.211415216559245e-09,-7.964445103424967e-09,-4.211415216559245e-09
40.0,-20.0,-37.777777777777544,-20.0,0.0,5.667911808463311,1.0,3.0,0.0029761904761904656,1.3078111330475968,388.1320438202727,214.06255776872507,262.22222222222246,-336.0000000000012,168.0000000000006,317.3333333333363,168.0000000000006,-8.422830433119118e-09,4.211415216559559e-09,7.96444510342556e-09,4.211415216559559e-09
39.0,-19.5,-36.833333333333094,-19.5,0.0,5.671920557727054,1.0,3.0,0.0029885240125433477,1.3107996570601401,391.0895650644388,209.31579301841026,263.1666666666669,-334.6133394956268,167.3066697478134,316.02370952364936,167.3066697478134,463.9951021154049,-231.99755105770245,-438.2175964423417,-231.99755105770245
38.0,-19.0,-35.888888888888644,-19.0,0.0,5.675830310596117,1.0,3.0,0.003026395473475718,1.3138260525336158,393.98179462117366,204.52433367942086,264.11111111111137,-330.42608236904744,165.21304118452372,312.0690777929911,165.21304118452372,1383.5789682074953,-691.7894841037477,-1306.7134699737362,-691.7894841037477
37.0,-18.5,-34.944444444444194,-18.5,0.0,5.67964097407119,1.0,3.0,0.0030664854227765437,1.3168925379563925,396.80801581100843,199.68916873168274,265.05555555555577,-326.106229813581,163.0531149067905,307.9892170461617,163.0531149067905,1408.730830213715,-704.3654151068575,-1330.4680063129601,-704.3654151068575
36.0,-18.0,-33.999999999999744,-18.0,0.0,5.6833524575595336,1.0,3.0,0.0031082120678330716,1.3200007500242257,399.56752794877787,194.81129905223156,266.0000000000002,-321.7283692927448,160.8641846463724,303.8545709987052,160.8641846463724,1408.4819263597285,-704.2409631798643,-1330.2329304508721,-704.2409631798643
35.0,-17.5,-33.055555555555294,-17.5,0.0,5.6869646728726,1.0,3.0,0.003151689900792509,1.323152439925018,402.2596465448551,189.89173714627753,266.9444444444447,-317.2900987970231,158.64504939851156,299.6628710860791,158.64504939851156,1408.2192840754406,-704.1096420377203,-1329.9848794045968,-704.1096420377203
34.0,-17.0,-32.111111111110844,-17.0,0.0,5.690477534224125,1.0,3.0,0.003197044950508321,1.3263494848755264,404.88370350176723,184.93150687483362,267.88888888888914,-312.78884578742094,156.39442289371047,295.4116876881215,156.39442289371047,1407.9417334706209,-703.9708667353104,-1329.7227482778096,-703.9708667353104
33.0,-16.5,-31.166666666666398,-16.5,0.0,5.693890958229422,1.0,3.0,0.0032444163216389654,1.3295939011971654,407.4390473061331,179.93164317898612,268.8333333333336,-308.22184974548367,154.11092487274183,291.098413648513,154.11092487274183,1407.6479678262087,-703.8239839131044,-1329.4453029473157,-703.8239839131044
32.0,-16.0,-30.22222222222195,-16.0,0.0,5.697204863902608,1.0,3.0,0.0032939579924061713,1.3328878591895714,409.9250432158649,174.89319180089083,269.77777777777806,-303.58614235682876,151.79307117841438,286.72024555922775,151.79307117841438,1407.3365232167914,-703.6682616083957,-1329.1511608158692,-703.6682616083957
31.0,-15.5,-29.277777777777505,-15.5,0.0,5.700419172655928,1.0,3.0,0.0033458409240030296,1.3362337001135745,412.3410734425782,169.81720900157512,270.7222222222225,-298.87852492508233,149.43926246254117,282.274162429245,149.43926246254117,1407.0057539119769,-703.5028769559884,-1328.8387675835384,-703.5028769559884
30.0,-15.0,-28.33333333333306,-15.0,0.0,5.703533808297816,1.0,3.0,0.00340025554759682,1.3396339556611712,414.6865373291548,164.70476127563023,271.66666666666697,-294.0955425267366,147.0477712633683,277.75690127525183,147.0477712633683,1406.6538033373174,-703.3269016686587,-1328.5063698185709,-703.3269016686587
29.0,-14.5,-27.388888888888612,-14.5,0.0,5.706548697031449,1.0,3.0,0.003457414711500739,1.343091370372672,416.9608515224061,159.5569250628778,272.6111111111114,-289.23345431301647,144.61672715650823,273.164929073405,144.61672715650823,1406.2785692288805,-703.1392846144403,-1328.1519820495064,-703.1392846144403
28.0,-14.0,-26.444444444444166,-14.0,0.0,5.709463767453797,1.0,3.0,0.0035175571926588933,1.3466089275653308,419.16345014078456,154.37478645709515,273.5555555555558,-284.28819923297624,142.14409961648812,268.49441038670034,142.14409961648812,1405.8776614523638,-702.9388307261819,-1327.773346927235,-702.9388307261819
27.0,-13.5,-25.49999999999972,-13.5,0.0,5.712278950553696,1.0,3.0,0.0035809519047755867,1.3501898794701064,421.2937849370927,149.15944091188575,274.5000000000003,-279.25535628289,139.627678141445,263.74116982273,139.627678141445,1405.4483511421704,-702.7241755710852,-1327.3678871898214,-702.7241755710852
26.0,-13.0,-24.555555555555273,-13.0,0.0,5.714994179711037,1.0,3.0,0.003647902972559236,1.3538377824426657,423.35132545614226,143.9119929437818,275.44444444444474,-274.13009817484425,137.06504908742212,258.90064827624235,137.06504908742212,1404.987508329992,-702.493754164996,-1326.9326467561086,-702.493754164996
25.0,-12.5,-23.611111111110826,-12.5,0.0,5.717609390695301,1.0,3.0,0.0037187558909936858,1.3575565383336594,425.3355591873133,138.63355583266565,276.38888888888914,-268.907137040606,134.453568520303,253.96785164946178,134.453568520303,1404.4915254823595,-702.2457627411798,-1326.4642185111225,-702.2457627411798
24.0,-12.0,-22.66666666666638,-12.0,0.0,5.720124521664549,1.0,3.0,0.003793905054980007,1.3613504433886394,427.24599171197156,133.32525131959991,277.3333333333336,-263.5806604299089,131.79033021495445,248.9372904060256,131.79033021495445,1403.956222812008,-701.978111406004,-1325.9586548780126,-701.978111406004
23.0,-11.5,-21.722222222221934,-11.5,0.0,5.722539513164152,1.0,3.0,0.0038738030349471098,1.3652242464235864,429.08214684569555,127.9882093021541,278.27777777777806,-258.1442553941522,129.0721276970761,243.8029078722554,129.0721276970761,1403.3767299764345,-701.6883649882172,-1325.4113560888507,-701.6883649882172
22.0,-11.0,-20.777777777777487,-11.0,0.0,5.7248543081257335,1.0,3.0,0.003958972098081159,1.3691832185216675,430.8435667752735,122.62356752731867,279.2222222222225,-252.5908178248363,126.29540891241815,238.55799461234588,126.29540891241815,1402.7473373726714,-701.3736686863357,-1324.816929740871,-701.3736686863357
21.0,-10.5,-19.83333333333304,-10.5,0.0,5.727068851866401,1.0,3.0,0.00405001864744281,1.3732332371691103,432.52981219042897,117.23247128209698,280.16666666666697,-246.91244338625503,123.45622169312752,233.19508542035246,123.45622169312752,1402.061307092156,-701.030653546078,-1324.169012253703,-701.030653546078
20.0,-10.0,-18.888888888888594,-10.0,0.0,5.729183092087411,1.0,3.0,0.004147651494746274,1.3773808886638566,434.1404624102337,111.81607308186638,281.1111111111114,-241.10029525544152,120.55014762772076,227.70583440791748,120.55014762772076,1401.3106304075002,-700.6553152037501,-1323.4600398293042,-700.6553152037501
19.0,-9.5,-17.944444444444148,-9.5,0.0,5.731196978873383,1.0,3.0,0.0042527052311436275,1.3816335938950002,435.67511550417123,106.3755323566008,282.0555555555559,-235.1444423367858,117.5722211683929,222.0808622069648,117.5722211683929,1400.4857131972178,-700.2428565986089,-1322.6809513529379,-700.2428565986089
18.0,-9.0,-16.9999999999997,-9.0,0.0,5.733110464691587,1.0,3.0,0.004366170467385522,1.3859997643623858,437.1333884078151,100.91201513504724,283.0000000000003,-229.03365946652517,114.51682973326258,216.30956727394087,114.51682973326258,1399.5749629811496,-699.7874814905748,-1321.8207983710868,-699.7874814905748
17.0,-8.5,-16.055555555555255,-8.5,0.0,5.73492350439086,1.0,3.0,0.004489233465310161,1.390488997827696,438.51491703308625,95.42669372695006,283.94444444444474,-222.75517807824906,111.37758903912453,210.37989040723568,111.37758903912453,1398.5642397064164,-699.2821198532082,-1320.8662263893893,-699.2821198532082
16.0,-8.0,-15.111111111110809,-8.0,0.0,5.736636055201075,1.0,3.0,0.004623328815397287,1.3951123266430931,439.8193563730564,89.92074640341625,284.8888888888892,-216.2943714212317,108.14718571061584,204.27801745338593,108.14718571061584,1397.4361147536817,-698.7180573768409,-1319.8007750451459,-698.7180573768409
15.0,-7.5,-14.166666666666362,-7.5,0.0,5.738248076731932,1.0,3.0,0.004770210561606869,1.3998825372047001,441.04638060126626,84.3953570755171,285.8333333333336,-209.63435200292747,104.81717600146374,197.98799911387636,104.81717600146374,1396.1688550831184,-698.0844275415592,-1318.6039186896191,-698.0844275415592
14.0,-7.0,-13.222222222221916,-7.0,0.0,5.739759530972962,1.0,3.0,0.004932049932017013,1.404814587136717,442.1956831655298,78.85171497122047,286.77777777777806,-202.75544931295173,101.37772465647586,191.4912576844548,101.37772465647586,1394.7350056861046,-697.3675028430523,-1317.249727592434,-697.3675028430523
13.0,-6.5,-12.27777777777747,-6.5,0.0,5.741170382292295,1.0,3.0,0.005111572303976741,1.4099261594406938,443.2669768761939,73.29101431074973,287.7222222222225,-195.6345211476344,97.8172605738172,184.76593663943285,97.8172605738172,1393.09937174856,-696.54968587428,-1315.7049622069785,-696.54968587428
12.0,-6.0,-11.333333333333023,-6.0,0.0,5.74248059743621,1.0,3.0,0.005312253499653474,1.4152384129403472,444.2599939888295,67.71445398046528,288.66666666666697,-188.2440286528554,94.1220143264277,177.78602706103047,94.1220143264277,1391.2160809458876,-695.6080404729438,-1313.9262986711185,-695.6080404729438
11.0,-5.5,-10.388888888888577,-5.5,0.0,5.743690145528642,1.0,3.0,0.005538608412073542,1.420777021352421,445.1744862813275,62.12323720536502,289.6111111111114,-180.55076755744145,90.27538377872072,170.52016935980615,90.27538377872072,1389.024195796793,-694.5120978983965,-1311.8561849191979,-694.5120978983965
10.0,-5.0,-9.44444444444413,-5.0,0.0,5.744798998070717,1.0,3.0,0.0057966281474723935,1.4265736494998933,446.010225125378,56.51857122030066,290.5555555555559,-172.5140848367249,86.25704241836245,162.92996901246275,86.25704241836245,1386.440964687537,-693.2204823437685,-1309.4164666493377,-693.2204823437685
9.0,-4.5,-8.499999999999684,-4.5,0.0,5.745807128939965,1.0,3.0,0.006094465452633924,1.432668114952527,446.7670015523096,50.901666940007466,291.50000000000034,-164.08329947425256,82.04164973712628,154.96756061457216,82.04164973712628,1383.351079433693,-691.6755397168465,-1306.4982416873843,-691.6755397168465
8.0,-4.0,-7.555555555555237,-4.0,0.0,5.746714514390245,1.0,3.0,0.006443554582672983,1.4391116695352002,447.4446263132701,45.27373862804446,292.4444444444448,-155.19384326921497,77.59692163460748,146.5719630875922,77.59692163460748,1379.588873033154,-689.794436516577,-1302.945046753538,-689.794436516577
7.0,-3.5,-6.611111111110791,-3.5,0.0,5.7475211330510785,1.0,3.0,0.0068605341878797965,1.44597220372308,448.0429299337311,39.63600356474377,293.3888888888892,-145.76124433089421,72.88062216544711,137.6633974236226,72.88062216544711,1374.9073585239046,-687.4536792619523,-1298.5236163836873,-687.4536792619523
6.0,-3.0,-5.6666666666663446,-3.0,0.0,5.748226965927454,1.0,3.0,0.007370757911654202,1.4533429616347342,448.56176276229814,33.98968171426671,294.33333333333366,-135.67125823232638,67.83562911616319,128.13396610830853,67.83562911616319,1368.92110953938,-684.46055476969,-1292.869936787193,-684.46055476969
5.0,-2.5,-4.722222222221898,-2.5,0.0,5.748831996399354,1.0,3.0,0.008015222637608677,1.4613581842723429,449.00099501381357,28.335995390865694,295.2777777777781,-124.76259802289755,62.381299011448775,117.83134257718127,62.381299011448775,1360.9927886773467,-680.4963943386733,-1285.3820781952747,-680.4963943386733
4.0,-2.0,-3.7777777777774517,-2.0,0.0,5.74933621022162,1.0,3.0,0.008865718989618299,1.470223903261961,449.36051680673876,22.676168924450362,296.2222222222225,-112.79401040919595,56.397005204597974,106.52767649757416,56.397005204597974,1349.984995883232,-674.992497941616,-1274.9858294452797,-674.992497941616
3.0,-1.5,-2.8333333333330053,-1.5,0.0,5.749739595523664,1.0,3.0,0.010063043148627049,1.4802869464105881,449.64023819480406,17.011428325557112,297.16666666666697,-99.37351805317807,49.68675902658904,93.85276705022393,49.68675902658904,1333.6415394232806,-666.8207697116403,-1259.5503427886556,-666.8207697116403
2.0,-1.0,-1.8888888888885589,-1.0,0.0,5.750042142809201,1.0,3.0,0.011936628297426477,1.4922235747080146,449.84008919291693,11.34300094982113,298.1111111111114,-83.77575099792618,41.88787549896309,79.12154260915267,41.88787549896309,1306.7146489444387,-653.3573244722194,-1234.1193906697501,-653.3573244722194
1.0,-0.5,-0.9444444444441124,-0.5,0.0,5.750243844956191,1.0,3.0,0.015556116863380431,1.507779691571395,449.9600197973211,5.672115162050245,299.0555555555559,-64.28339467891439,32.141697339457195,60.71209497453039,32.141697339457195,1253.0348344770657,-626.5174172385329,-1183.421788117231,-626.5174172385329
0.0,0.0,3.341771304121721e-13,0.0,0.0,5.7503446972166685,1.0,3.0,0.03755578561923856,1.5453354771906336,450.0,5.878304635907296e-14,300.00000000000034,-26.62705581873739,13.313527909368695,25.1477749399187,13.313527909368695,1002.6774367592229,-501.33871837961146,-946.9731347170457,-501.33871837961146
