J1_Position,J2_Position,J3_Position,J4_Position,Error,MM_Step,Deg_step,Move_ID,Time,Time_Total,X,Y,Z,J1_Velocity,J2_Velocity,J3_Velocity,J4_Velocity,J1_Acceleration,J2_Acceleration,J3_Acceleration,J4_Acceleration
0.0,0.0,0.0,0.0,0.0,0.0,0.0,1.0,0.0,0.0,450.0,5.878304635907296e-14,300.0,0.0,0.0,0.0,0.0,0.0,0.0,0.0,0.0
1.0,-0.5,-0.9444444444444444,-0.5,0.0,5.7503446972166685,1.0,2.0,0.0,0.0,449.9600197973211,5.672115162050245,299.05555555555554,0.0,0.0,0.0,0.0,0.0,0.0,0.0,0.0
2.0,-1.0,-1.8888888888888888,-1.0,0.0,5.750243844956191,1.0,2.0,0.04929938103783181,0.04929938103783181,449.84008919291693,11.34300094982113,298.1111111111111,20.2842303280159,-10.14211516400795,-19.157328643126128,-10.14211516400795,411.45000000000005,-205.72500000000002,-388.5916666666667,-205.72500000000002
3.0,-1.5,-2.833333333333333,-1.5,0.0,5.750042142809201,1.0,2.0,0.011079783051032459,0.06037916408886427,449.64023819480406,17.011428325557112,297.16666666666663,90.25447478475817,-45.12723739237909,-85.24033729671602,-45.12723739237909,6315.127664004411,-3157.5638320022053,-5964.287238226386,-3157.5638320022053
4.0,-2.0,-3.7777777777777777,-2.0,0.0,5.749739595523654,1.0,2.0,0.00934068919143647,0.06971985328030074,449.36051680673876,22.676168924450362,296.22222222222223,107.05848139308591,-53.529240696542956,-101.11078798235893,-53.529240696542956,1799.011428806948,-899.505714403474,-1699.0663494287887,-899.505714403474
5.0,-2.5,-4.722222222222222,-2.5,0.0,5.749336210221629,1.0,2.0,0.008229312377731335,0.07794916565803207,449.00099501381357,28.335995390865694,295.27777777777777,121.5168356843541,-60.75841784217705,-114.76590036855669,-60.75841784217705,1756.9334626782131,-878.4667313391066,-1659.3260480849813,-878.4667313391066
6.0,-3.0,-5.666666666666667,-3.0,0.0,5.748831996399345,1.0,2.0,0.007439867081190321,0.0853890327392224,448.56176276229814,33.98968171426671,294.33333333333337,134.4110034611005,-67.20550173055025,-126.9437254910394,-67.20550173055025,1733.118029668271,-866.5590148341355,-1636.8336946867012,-866.5590148341355
7.0,-3.5,-6.611111111111112,-3.5,0.0,5.748226965927454,1.0,2.0,0.006841663872570902,0.0922306966117933,448.0429299337311,39.63600356474377,293.3888888888889,146.1632752829508,-73.0816376414754,-138.0430933227869,-73.0816376414754,1717.750541497169,-858.8752707485845,-1622.3199558584365,-858.8752707485845
8.0,-4.0,-7.555555555555556,-4.0,0.0,5.747521133051088,1.0,2.0,0.006368065463870323,0.09859876207566362,447.4446263132701,45.27373862804446,292.44444444444446,157.0335615539086,-78.5167807769543,-148.30947480091373,-78.5167807769543,1706.9997682390624,-853.4998841195312,-1612.1664477813392,-853.4998841195312
9.0,-4.5,-8.5,-4.5,0.0,5.746714514390245,1.0,2.0,0.005981017844787495,0.10457977992045112,446.7670015523096,50.901666940007466,291.5,167.19562220860252,-83.59781110430126,-157.9069765303467,-83.59781110430126,1699.0520540831055,-849.5260270415528,-1604.6602733006828,-849.5260270415528
10.0,-5.0,-9.444444444444445,-5.0,0.0,5.745807128939965,1.0,2.0,0.005656987328804958,0.11023676724925607,446.010225125378,56.51857122030066,290.55555555555554,176.77253666595195,-88.38626833297597,-166.95184018451022,-88.38626833297597,1692.9354620584877,-846.4677310292439,-1598.8834919441572,-846.4677310292439
11.0,-5.5,-10.38888888888889,-5.5,0.0,5.744798998070717,1.0,2.0,0.005380529635437267,0.11561729688469334,445.1744862813275,62.12323720536502,289.6111111111111,185.8553093758272,-92.9276546879136,-175.5300144105035,-92.9276546879136,1688.0815319841863,-844.0407659920932,-1594.299224651728,-844.0407659920932
12.0,-6.0,-11.333333333333334,-6.0,0.0,5.743690145528642,1.0,2.0,0.005141031293035198,0.12075832817772854,444.2599939888295,67.71445398046528,288.66666666666663,194.5135018638669,-97.25675093193345,-183.70719620476322,-97.25675093193345,1684.1353406600292,-842.0676703300146,-1590.5722661789173,-842.0676703300146
13.0,-6.5,-12.277777777777779,-6.5,0.0,5.742480597436201,1.0,2.0,0.004930924782246729,0.12568925295997527,443.2669768761939,73.29101431074973,287.72222222222223,202.8017145182165,-101.40085725910825,-191.53495260053785,-101.40085725910825,1680.8637365936756,-840.4318682968378,-1587.4824178940296,-840.4318682968378
14.0,-7.0,-13.222222222222223,-7.0,0.0,5.741170382292295,1.0,2.0,0.004776174187916343,0.1304654271478916,442.1956831655298,78.85171497122047,286.77777777777777,209.37259837172326,-104.68629918586163,-197.740787351072,-104.68629918586163,1375.7630260075114,-687.8815130037557,-1299.3317467848674,-687.8815130037557
15.0,-7.5,-14.166666666666668,-7.5,0.0,5.739759530972953,1.0,2.0,0.004761904761904745,0.13522733190979636,441.04638060126626,84.3953570755171,285.83333333333337,210.00000000000074,-105.00000000000037,-198.33333333333408,-105.00000000000037,131.75434193827175,-65.87717096913588,-124.43465627504041,-65.87717096913588
16.0,-8.0,-15.111111111111112,-8.0,0.0,5.738248076731941,1.0,2.0,0.004761904761904773,0.13998923667170113,439.8193563730564,89.92074640341625,284.8888888888889,209.99999999999952,-104.99999999999976,-198.33333333333292,-104.99999999999976,-2.566480361565476e-10,1.283240180782738e-10,2.4471091819577794e-10,1.283240180782738e-10
17.0,-8.5,-16.055555555555557,-8.5,0.0,5.736636055201075,1.0,2.0,0.004761904761904773,0.1447511414336059,438.51491703308625,95.42669372695006,283.94444444444446,209.99999999999952,-104.99999999999976,-198.33333333333292,-104.99999999999976,0.0,0.0,0.0,0.0
18.0,-9.0,-17.0,-9.0,0.0,5.73492350439086,1.0,2.0,0.004761904761904745,0.14951304619551065,437.1333884078151,100.91201513504724,283.0,210.00000000000074,-105.00000000000037,-198.3333333333337,-105.00000000000037,2.566480361565491e-10,-1.2832401807827456e-10,-1.6711965145077616e-10,-1.2832401807827456e-10
19.0,-9.5,-17.944444444444443,-9.5,0.0,5.733110464691596,1.0,2.0,0.004761904761904773,0.15427495095741542,435.67511550417123,106.3755323566008,282.05555555555554,209.99999999999952,-104.99999999999976,-198.33333333333255,-104.99999999999976,-2.566480361565476e-10,1.283240180782738e-10,2.4471091819577794e-10,1.283240180782738e-10
20.0,-10.0,-18.888888888888886,-10.0,0.0,5.731196978873383,1.0,2.0,0.004761904761904745,0.15903685571932016,434.1404624102337,111.81607308186638,281.1111111111111,210.00000000000074,-105.00000000000037,-198.3333333333337,-105.00000000000037,2.566480361565491e-10,-1.2832401807827456e-10,-2.447109181957794e-10,-1.2832401807827456e-10
21.0,-10.5,-19.83333333333333,-10.5,0.0,5.7291830920874025,1.0,2.0,0.004761904761904773,0.16379876048122494,432.52981219042897,117.23247128209698,280.1666666666667,209.99999999999952,-104.99999999999976,-198.33333333333255,-104.99999999999976,-2.566480361565476e-10,1.283240180782738e-10,2.4471091819577794e-10,1.283240180782738e-10
22.0,-11.0,-20.77777777777777,-11.0,0.0,5.727068851866401,1.0,2.0,0.004761904761904745,0.16856066524312968,430.8435667752735,122.62356752731867,279.22222222222223,210.00000000000074,-105.00000000000037,-198.3333333333337,-105.00000000000037,2.566480361565491e-10,-1.2832401807827456e-10,-2.447109181957794e-10,-1.2832401807827456e-10
23.0,-11.5,-21.722222222222214,-11.5,0.0,5.7248543081257335,1.0,2.0,0.004761904761904773,0.17332257000503445,429.08214684569555,127.9882093021541,278.27777777777777,209.99999999999952,-104.99999999999976,-198.33333333333255,-104.99999999999976,-2.566480361565476e-10,1.283240180782738e-10,2.4471091819577794e-10,1.283240180782738e-10
24.0,-12.0,-22.666666666666657,-12.0,0.0,5.7225395131641426,1.0,2.0,0.004761904761904773,0.17808447476693923,427.24599171197156,133.32525131959991,277.33333333333337,209.99999999999952,-104.99999999999976,-198.33333333333255,-104.99999999999976,0.0,0.0,0.0,0.0
25.0,-12.5,-23.6111111111111,-12.5,0.0,5.720124521664549,1.0,2.0,0.004761904761904745,0.18284637952884397,425.3355591873133,138.63355583266565,276.3888888888889,210.00000000000074,-105.00000000000037,-198.3333333333337,-105.00000000000037,2.566480361565491e-10,-1.2832401807827456e-10,-2.447109181957794e-10,-1.2832401807827456e-10
26.0,-13.0,-24.555555555555543,-13.0,0.0,5.717609390695311,1.0,2.0,0.004761904761904773,0.18760828429074874,423.35132545614226,143.9119929437818,275.44444444444446,209.99999999999952,-104.99999999999976,-198.33333333333255,-104.99999999999976,-2.566480361565476e-10,1.283240180782738e-10,2.4471091819577794e-10,1.283240180782738e-10
27.0,-13.5,-25.499999999999986,-13.5,0.0,5.714994179711037,1.0,2.0,0.004761904761904773,0.19237018905265352,421.2937849370927,149.15944091188575,274.5,209.99999999999952,-104.99999999999976,-198.33333333333255,-104.99999999999976,0.0,0.0,0.0,0.0
28.0,-14.0,-26.44444444444443,-14.0,0.0,5.712278950553696,1.0,2.0,0.004761904761904745,0.19713209381455826,419.16345014078456,154.37478645709515,273.55555555555554,210.00000000000074,-105.00000000000037,-198.3333333333337,-105.00000000000037,2.566480361565491e-10,-1.2832401807827456e-10,-2.447109181957794e-10,-1.2832401807827456e-10
29.0,-14.5,-27.38888888888887,-14.5,0.0,5.709463767453797,1.0,2.0,0.004761904761904773,0.20189399857646304,416.9608515224061,159.5569250628778,272.61111111111114,209.99999999999952,-104.99999999999976,-198.33333333333255,-104.99999999999976,-2.566480361565476e-10,1.283240180782738e-10,2.4471091819577794e-10,1.283240180782738e-10
30.0,-15.0,-28.333333333333314,-15.0,0.0,5.706548697031449,1.0,2.0,0.004761904761904773,0.2066559033383678,414.6865373291548,164.70476127563023,271.6666666666667,209.99999999999952,-104.99999999999976,-198.33333333333255,-104.99999999999976,0.0,0.0,0.0,0.0
31.0,-15.5,-29.277777777777757,-15.5,0.0,5.703533808297816,1.0,2.0,0.004761904761904745,0.21141780810027255,412.3410734425782,169.81720900157512,270.72222222222223,210.00000000000074,-105.00000000000037,-198.3333333333337,-105.00000000000037,2.566480361565491e-10,-1.2832401807827456e-10,-2.447109181957794e-10,-1.2832401807827456e-10
32.0,-16.0,-30.2222222222222,-16.0,0.0,5.700419172655918,1.0,2.0,0.004761904761904745,0.2161797128621773,409.9250432158649,174.89319180089083,269.7777777777778,210.00000000000074,-105.00000000000037,-198.3333333333337,-105.00000000000037,0.0,0.0,0.0,0.0
33.0,-16.5,-31.166666666666643,-16.5,0.0,5.697204863902608,1.0,2.0,0.0047619047619048005,0.2209416176240821,407.4390473061331,179.93164317898612,268.83333333333337,209.9999999999983,-104.99999999999915,-198.33333333333138,-104.99999999999915,-5.132960723130922e-10,2.566480361565461e-10,4.894218363915531e-10,2.566480361565461e-10
34.0,-17.0,-32.111111111111086,-17.0,0.0,5.693890958229422,1.0,2.0,0.004761904761904745,0.22570352238598684,404.88370350176723,184.93150687483362,267.8888888888889,210.00000000000074,-105.00000000000037,-198.3333333333337,-105.00000000000037,5.132960723130982e-10,-2.566480361565491e-10,-4.894218363915588e-10,-2.566480361565491e-10
35.0,-17.5,-33.05555555555553,-17.5,0.0,5.690477534224125,1.0,2.0,0.004761904761904745,0.2304654271478916,402.2596465448551,189.89173714627753,266.94444444444446,210.00000000000074,-105.00000000000037,-198.3333333333337,-105.00000000000037,0.0,0.0,0.0,0.0
36.0,-18.0,-33.99999999999997,-18.0,0.0,5.6869646728726,1.0,2.0,0.004761904761904773,0.23522733190979636,399.56752794877787,194.81129905223156,266.0,209.99999999999952,-104.99999999999976,-198.33333333333255,-104.99999999999976,-2.566480361565476e-10,1.283240180782738e-10,2.4471091819577794e-10,1.283240180782738e-10
37.0,-18.5,-34.944444444444414,-18.5,0.0,5.683352457559524,1.0,2.0,0.004761904761904773,0.23998923667170113,396.80801581100843,199.68916873168274,265.0555555555556,209.99999999999952,-104.99999999999976,-198.33333333333255,-104.99999999999976,0.0,0.0,0.0,0.0
38.0,-19.0,-35.88888888888886,-19.0,0.0,5.6796409740712,1.0,2.0,0.004761904761904745,0.24475114143360588,393.98179462117366,204.52433367942086,264.11111111111114,210.00000000000074,-105.00000000000037,-198.3333333333337,-105.00000000000037,2.566480361565491e-10,-1.2832401807827456e-10,-2.447109181957794e-10,-1.2832401807827456e-10
39.0,-19.5,-36.8333333333333,-19.5,0.0,5.675830310596117,1.0,2.0,0.004761904761904773,0.24951304619551065,391.0895650644388,209.31579301841026,263.1666666666667,209.99999999999952,-104.99999999999976,-198.33333333333255,-104.99999999999976,-2.566480361565476e-10,1.283240180782738e-10,2.4471091819577794e-10,1.283240180782738e-10
40.0,-20.0,-37.77777777777774,-20.0,0.0,5.671920557727045,1.0,2.0,0.004761904761904773,0.2542749509574154,388.1320438202727,214.06255776872507,262.2222222222223,209.99999999999952,-104.99999999999976,-198.33333333333255,-104.99999999999976,0.0,0.0,0.0,0.0
41.0,-20.5,-38.722222222222186,-20.5,0.0,5.667911808463311,1.0,2.0,0.004761904761904745,0.25903685571932017,385.1099633566538,218.76365111296838,261.2777777777778,210.00000000000074,-105.00000000000037,-198.3333333333337,-105.00000000000037,2.566480361565491e-10,-1.2832401807827456e-10,-2.447109181957794e-10,-1.2832401807827456e-10
42.0,-21.0,-39.66666666666663,-21.0,0.0,5.663804158211746,1.0,2.0,0.0047619047619048005,0.26379876048122497,382.02407171977933,223.4181086580968,260.33333333333337,209.9999999999983,-104.99999999999915,-198.33333333333138,-104.99999999999915,-5.132960723130922e-10,2.566480361565461e-10,4.894218363915531e-10,2.566480361565461e-10
43.0,-21.5,-40.61111111111107,-21.5,0.0,5.659597704789446,1.0,2.0,0.004761904761904745,0.2685606652431297,378.87513231934025,228.02497869357407,259.3888888888889,210.00000000000074,-105.00000000000037,-198.3333333333337,-105.00000000000037,5.132960723130982e-10,-2.566480361565491e-10,-4.894218363915588e-10,-2.566480361565491e-10
44.0,-22.0,-41.555555555555515,-22.0,0.0,5.6552925484252805,1.0,2.0,0.004761904761904745,0.27332257000503446,375.6639237094271,232.5833224457775,258.44444444444446,210.00000000000074,-105.00000000000037,-198.3333333333337,-105.00000000000037,0.0,0.0,0.0,0.0
45.0,-22.5,-42.49999999999996,-22.5,0.0,5.650888791762051,1.0,2.0,0.004761904761904745,0.2780844747669392,372.3912393651312,237.09221432858203,257.50000000000006,210.00000000000074,-105.00000000000037,-198.3333333333337,-105.00000000000037,0.0,0.0,0.0,0.0
46.0,-23.0,-43.4444444444444,-23.0,0.0,5.646386539858483,1.0,2.0,0.004761904761904745,0.28284637952884395,369.0578874549095,241.5507421900487,256.5555555555556,210.00000000000074,-105.00000000000037,-198.3333333333337,-105.00000000000037,0.0,0.0,0.0,0.0
47.0,-23.5,-44.38888888888884,-23.5,0.0,5.641785900191913,1.0,2.0,0.0047619047619048005,0.28760828429074875,365.6646906087807,245.9580075551457,255.61111111111114,209.9999999999983,-104.99999999999915,-198.33333333333138,-104.99999999999915,-5.132960723130922e-10,2.566480361565461e-10,4.894218363915531e-10,2.566480361565461e-10
48.0,-24.0,-45.333333333333286,-24.0,0.0,5.637086982659739,1.0,2.0,0.004761904761904745,0.2923701890526535,362.21248568242186,250.3131258644289,254.6666666666667,210.00000000000074,-105.00000000000037,-198.3333333333337,-105.00000000000037,5.132960723130982e-10,-2.566480361565491e-10,-4.894218363915588e-10,-2.566480361565491e-10
49.0,-24.5,-46.27777777777773,-24.5,0.0,5.632289899582689,1.0,2.0,0.0047619047619048005,0.2971320938145583,358.7021235172373,254.61522670861422,253.72222222222229,209.9999999999983,-104.99999999999915,-198.33333333333138,-104.99999999999915,-5.132960723130922e-10,2.566480361565461e-10,4.894218363915531e-10,2.566480361565461e-10
50.0,-25.0,-47.22222222222217,-25.0,0.0,5.627394765706242,1.0,2.0,0.004761904761904745,0.30189399857646304,355.13446869647044,258.8634540589705,252.77777777777783,210.00000000000074,-105.00000000000037,-198.3333333333337,-105.00000000000037,5.132960723130982e-10,-2.566480361565491e-10,-4.894218363915588e-10,-2.566480361565491e-10
51.0,-25.5,-48.166666666666615,-25.5,0.0,5.622401698204199,1.0,2.0,0.004761904761904745,0.3066559033383678,351.5103992974326,263.056966493468,251.83333333333337,210.00000000000074,-105.00000000000037,-198.3333333333337,-105.00000000000037,0.0,0.0,0.0,0.0
52.0,-26.0,-49.11111111111106,-26.0,0.0,5.617310816679988,1.0,2.0,0.004761904761904745,0.31141780810027253,347.8308066399234,267.19493741861385,250.88888888888894,210.00000000000074,-105.00000000000037,-198.3333333333337,-105.00000000000037,0.0,0.0,0.0,0.0
53.0,-26.5,-50.0555555555555,-26.5,0.0,5.612122243170497,1.0,2.0,0.004761904761904745,0.3161797128621773,344.096595030916,271.2765552869108,249.9444444444445,210.00000000000074,-105.00000000000037,-198.3333333333337,-105.00000000000037,0.0,0.0,0.0,0.0
54.0,-27.0,-50.99999999999994,-27.0,0.0,5.606836102148449,1.0,2.0,0.0047619047619048005,0.3209416176240821,340.30868150558655,275.30102380987626,249.00000000000006,209.9999999999983,-104.99999999999915,-198.33333333333138,-104.99999999999915,-5.132960723130922e-10,2.566480361565461e-10,4.894218363915531e-10,2.566480361565461e-10
55.0,-27.5,-51.944444444444386,-27.5,0.0,5.601452520524326,1.0,2.0,0.0047619047619048005,0.3257035223859869,336.4679955647646,279.2675621665569,248.0555555555556,209.9999999999983,-104.99999999999915,-198.33333333333138,-104.99999999999915,0.0,0.0,0.0,0.0
56.0,-28.0,-52.88888888888883,-28.0,0.0,5.595971627650726,1.0,2.0,0.004761904761904745,0.3304654271478916,332.5754789088811,283.1754052074811,247.11111111111117,210.00000000000074,-105.00000000000037,-198.3333333333337,-105.00000000000037,5.132960723130982e-10,-2.566480361565491e-10,-4.894218363915588e-10,-2.566480361565491e-10
57.0,-28.5,-53.83333333333327,-28.5,0.0,5.590393555324387,1.0,2.0,0.004761904761904745,0.33522733190979637,328.6320851684968,287.02380365398693,246.16666666666674,210.00000000000074,-105.00000000000037,-198.3333333333337,-105.00000000000037,0.0,0.0,0.0,0.0
58.0,-29.0,-54.777777777777715,-29.0,0.0,5.584718437789723,1.0,2.0,0.004761904761904745,0.3399892366717011,324.63877963148985,290.8120242928695,245.22222222222229,210.00000000000074,-105.00000000000037,-198.3333333333337,-105.00000000000037,0.0,0.0,0.0,0.0
59.0,-29.5,-55.72222222222216,-29.5,0.0,5.5789464117409775,1.0,2.0,0.004761904761904745,0.34475114143360586,320.5965389669857,294.5393501662893,244.27777777777783,210.00000000000074,-105.00000000000037,-198.3333333333337,-105.00000000000037,0.0,0.0,0.0,0.0
60.0,-30.0,-56.6666666666666,-30.0,0.0,5.573077616327367,1.0,2.0,0.0047619047619048005,0.34951304619551066,316.50635094610965,298.20508075688775,243.3333333333334,209.9999999999983,-104.99999999999915,-198.33333333333138,-104.99999999999915,-5.132960723130922e-10,2.566480361565461e-10,4.894218363915531e-10,2.566480361565461e-10
61.0,-30.5,-57.61111111111104,-30.5,0.0,5.56711219315493,1.0,2.0,0.004761904761904745,0.3542749509574154,312.36921415964883,301.80853216805525,242.38888888888897,210.00000000000074,-105.00000000000037,-198.3333333333337,-105.00000000000037,5.132960723130982e-10,-2.566480361565491e-10,-4.894218363915588e-10,-2.566480361565491e-10
62.0,-31.0,-58.555555555555486,-31.0,0.0,5.561050286290206,1.0,2.0,0.0047619047619048005,0.3590368557193202,308.1861377327062,305.34903729929897,241.4444444444445,209.9999999999983,-104.99999999999915,-198.33333333333138,-104.99999999999915,-5.132960723130922e-10,2.566480361565461e-10,4.894218363915531e-10,2.566480361565461e-10
63.0,-31.5,-59.49999999999993,-31.5,0.0,5.554892042264308,1.0,2.0,0.004761904761904745,0.36379876048122495,303.9581410364323,308.8259460166608,240.50000000000006,210.00000000000074,-105.00000000000037,-198.3333333333337,-105.00000000000037,5.132960723130982e-10,-2.566480361565491e-10,-4.894218363915588e-10,-2.566480361565491e-10
64.0,-32.0,-60.44444444444437,-32.0,0.0,5.54863761007621,1.0,2.0,0.004761904761904745,0.3685606652431297,299.6862533969219,312.2386253181347,239.55555555555563,210.00000000000074,-105.00000000000037,-198.3333333333337,-105.00000000000037,0.0,0.0,0.0,0.0
65.0,-32.5,-61.388888888888815,-32.5,0.0,5.542287141196598,1.0,2.0,0.004761904761904745,0.37332257000503444,295.3715138013613,315.586459494036,238.6111111111112,210.00000000000074,-105.00000000000037,-198.3333333333337,-105.00000000000037,0.0,0.0,0.0,0.0
66.0,-33.0,-62.33333333333326,-33.0,0.0,5.535840789572056,1.0,2.0,0.004761904761904745,0.3780844747669392,291.014970601516,318.868850282277,237.66666666666674,210.00000000000074,-105.00000000000037,-198.3333333333337,-105.00000000000037,0.0,0.0,0.0,0.0
67.0,-33.5,-63.2777777777777,-33.5,0.0,5.529298711628218,1.0,2.0,0.004761904761904856,0.38284637952884404,286.6176812146468,322.08521701850265,236.72222222222229,209.99999999999585,-104.99999999999793,-198.33333333332908,-104.99999999999793,-1.0265921446261725e-09,5.132960723130862e-10,9.7287511380271e-10,5.132960723130862e-10
68.0,-34.0,-64.22222222222214,-34.0,0.0,5.522661066275066,1.0,2.0,0.004761904761904745,0.3876082842907488,282.1807118219428,325.23499678104423,235.77777777777786,210.00000000000074,-105.00000000000037,-198.3333333333337,-105.00000000000037,1.0265921446261965e-09,-5.132960723130982e-10,-9.728751138027327e-10,-5.132960723130982e-10
69.0,-34.5,-65.16666666666659,-34.5,0.0,5.515928014910056,1.0,2.0,0.004761904761904745,0.39237018905265353,277.7051370645639,328.3176445306486,234.83333333333343,210.00000000000074,-105.00000000000037,-198.3333333333337,-105.00000000000037,0.0,0.0,0.0,0.0
70.0,-35.0,-66.11111111111103,-35.0,0.0,5.509099721423255,1.0,2.0,0.004761904761904745,0.3971320938145583,273.19203973738166,331.3326332449432,233.88888888888897,210.00000000000074,-105.00000000000037,-198.3333333333337,-105.00000000000037,0.0,0.0,0.0,0.0
71.0,-35.5,-67.05555555555547,-35.5,0.0,5.502176352201356,1.0,2.0,0.004761904761904745,0.401893998576463,268.64251048051113,334.27945404759834,232.9444444444445,210.00000000000074,-105.00000000000037,-198.3333333333337,-105.00000000000037,0.0,0.0,0.0,0.0
72.0,-36.0,-67.99999999999991,-36.0,0.0,5.4951580761325545,1.0,2.0,0.004761904761904745,0.40665590333836776,264.0576474687263,337.1576163321491,232.00000000000009,210.00000000000074,-105.00000000000037,-198.3333333333337,-105.00000000000037,0.0,0.0,0.0,0.0
73.0,-36.5,-68.94444444444436,-36.5,0.0,5.488045064610895,1.0,2.0,0.004761904761904745,0.4114178081002725,259.4385560988516,339.9666478804424,231.05555555555566,210.00000000000074,-105.00000000000037,-198.3333333333337,-105.00000000000037,0.0,0.0,0.0,0.0
74.0,-37.0,-69.8888888888888,-37.0,0.0,5.480837491541842,1.0,2.0,0.004761904761904856,0.41617971286217736,254.78634867522302,342.70609497567597,230.1111111111112,209.99999999999585,-104.99999999999793,-198.33333333332908,-104.99999999999793,-1.0265921446261725e-09,5.132960723130862e-10,9.7287511380271e-10,5.132960723130862e-10
75.0,-37.5,-70.83333333333324,-37.5,0.0,5.47353553334629,1.0,2.0,0.004761904761904745,0.4209416176240821,250.10214409331292,345.3755225099939,229.16666666666674,210.00000000000074,-105.00000000000037,-198.3333333333337,-105.00000000000037,1.0265921446261965e-09,-5.132960723130982e-10,-9.728751138027327e-10,-5.132960723130982e-10
76.0,-38.0,-71.77777777777769,-38.0,0.0,5.466139368966674,1.0,2.0,0.004761904761904745,0.42570352238598685,245.38706752161406,347.97451408661396,228.2222222222223,210.00000000000074,-105.00000000000037,-198.3333333333337,-105.00000000000037,0.0,0.0,0.0,0.0
77.0,-38.5,-72.72222222222213,-38.5,0.0,5.458649179871807,1.0,2.0,0.004761904761904745,0.4304654271478916,240.64225008187643,350.50267211645206,227.27777777777789,210.00000000000074,-105.00000000000037,-198.3333333333337,-105.00000000000037,0.0,0.0,0.0,0.0
78.0,-39.0,-73.66666666666657,-39.0,0.0,5.451065150061748,1.0,2.0,0.004761904761904745,0.43522733190979634,235.8688285277946,352.9596179092205,226.33333333333343,210.00000000000074,-105.00000000000037,-198.3333333333337,-105.00000000000037,0.0,0.0,0.0,0.0
79.0,-39.5,-74.61111111111101,-39.5,0.0,5.443387466074972,1.0,2.0,0.004761904761904745,0.4399892366717011,231.06794492223895,355.3449917589739,225.38888888888897,210.00000000000074,-105.00000000000037,-198.3333333333337,-105.00000000000037,0.0,0.0,0.0,0.0
80.0,-40.0,-75.55555555555546,-40.0,0.0,5.4356163169920135,1.0,2.0,0.004761904761904745,0.44475114143360583,226.24074631313056,357.65845302407644,224.44444444444454,210.00000000000074,-105.00000000000037,-198.3333333333337,-105.00000000000037,0.0,0.0,0.0,0.0
81.0,-40.5,-76.4999999999999,-40.5,0.0,5.4277518944432614,1.0,2.0,0.004761904761904745,0.4495130461955106,221.38838440805392,359.8996802015735,223.5000000000001,210.00000000000074,-105.00000000000037,-198.3333333333337,-105.00000000000037,0.0,0.0,0.0,0.0
82.0,-41.0,-77.44444444444434,-41.0,0.0,5.419794392613712,1.0,2.0,0.004761904761904745,0.4542749509574153,216.51201524770613,362.06837099594094,222.55555555555566,210.00000000000074,-105.00000000000037,-198.3333333333337,-105.00000000000037,0.0,0.0,0.0,0.0
83.0,-41.5,-78.38888888888879,-41.5,0.0,5.411744008249968,1.0,2.0,0.004761904761904856,0.4590368557193202,211.61279887828,364.1642423821988,221.6111111111112,209.99999999999585,-104.99999999999793,-198.33333333332908,-104.99999999999793,-1.0265921446261725e-09,5.132960723130862e-10,9.7287511380271e-10,5.132960723130862e-10
84.0,-42.0,-79.33333333333323,-42.0,0.0,5.403600940665979,1.0,2.0,0.004761904761904745,0.4637987604812249,206.6918990228792,366.1870306633693,220.66666666666674,210.00000000000074,-105.00000000000037,-198.3333333333337,-105.00000000000037,1.0265921446261965e-09,-5.132960723130982e-10,-9.728751138027327e-10,-5.132960723130982e-10
85.0,-42.5,-80.27777777777767,-42.5,0.0,5.3953653917502775,1.0,2.0,0.004761904761904745,0.46856066524312967,201.7504827520626,368.1364915222643,219.72222222222234,210.00000000000074,-105.00000000000037,-198.3333333333337,-105.00000000000037,0.0,0.0,0.0,0.0
86.0,-43.0,-81.22222222222211,-43.0,0.0,5.38703756597224,1.0,2.0,0.004761904761904745,0.4733225700050344,196.78972015361768,370.0124000675895,218.77777777777789,210.00000000000074,-105.00000000000037,-198.3333333333337,-105.00000000000037,0.0,0.0,0.0,0.0
87.0,-43.5,-82.16666666666656,-43.5,0.0,5.378617670389476,1.0,2.0,0.004761904761904745,0.47808447476693916,191.81078400166066,371.8145508743533,217.83333333333343,210.00000000000074,-105.00000000000037,-198.3333333333337,-105.00000000000037,0.0,0.0,0.0,0.0
88.0,-44.0,-83.111111111111,-44.0,0.0,5.3701059146541485,1.0,2.0,0.004761904761904745,0.4828463795288439,186.814849425163,373.5427580185686,216.88888888888903,210.00000000000074,-105.00000000000037,-198.3333333333337,-105.00000000000037,0.0,0.0,0.0,0.0
89.0,-44.5,-84.05555555555544,-44.5,0.0,5.361502511021314,1.0,2.0,0.004761904761904856,0.48760828429074876,181.80309357600203,375.19685510624106,215.94444444444457,209.99999999999585,-104.99999999999793,-198.33333333332908,-104.99999999999793,-1.0265921446261725e-09,5.132960723130862e-10,9.7287511380271e-10,5.132960723130862e-10
90.0,-45.0,-84.99999999999989,-45.0,0.0,5.352807674355321,1.0,2.0,0.004761904761904745,0.4923701890526535,176.77669529663686,376.77669529663694,215.0000000000001,210.00000000000074,-105.00000000000037,-198.3333333333337,-105.00000000000037,1.0265921446261965e-09,-5.132960723130982e-10,-9.728751138027327e-10,-5.132960723130982e-10
91.0,-45.5,-85.94444444444433,-45.5,0.0,5.344021622138884,1.0,2.0,0.004761904761904745,0.49713209381455825,171.736834787506,378.2821513198237,214.05555555555566,210.00000000000074,-105.00000000000037,-198.3333333333337,-105.00000000000037,0.0,0.0,0.0,0.0
92.0,-46.0,-86.88888888888877,-46.0,0.0,5.335144574479543,1.0,2.0,0.004761904761904745,0.501893998576463,166.6846932742492,379.71311548848195,213.1111111111112,210.00000000000074,-105.00000000000037,-198.3333333333337,-105.00000000000037,0.0,0.0,0.0,0.0
93.0,-46.5,-87.83333333333321,-46.5,0.0,5.326176754119209,1.0,2.0,0.004761904761904745,0.5066559033383677,161.6214526748497,381.0694997039867,212.1666666666668,210.00000000000074,-105.00000000000037,-198.3333333333337,-105.00000000000037,0.0,0.0,0.0,0.0
94.0,-47.0,-88.77777777777766,-47.0,0.0,5.317118386440868,1.0,2.0,0.004761904761904745,0.5114178081002725,156.5482952667995,382.3512354567575,211.22222222222234,210.00000000000074,-105.00000000000037,-198.3333333333337,-105.00000000000037,0.0,0.0,0.0,0.0
95.0,-47.5,-89.7222222222221,-47.5,0.0,5.307969699478955,1.0,2.0,0.004761904761904745,0.5161797128621772,151.46640335438335,383.5582738208802,210.27777777777789,210.00000000000074,-105.00000000000037,-198.3333333333337,-105.00000000000037,0.0,0.0,0.0,0.0
96.0,-48.0,-90.66666666666654,-48.0,0.0,5.298730923926896,1.0,2.0,0.004761904761904856,0.5209416176240821,146.37695893618383,384.6905854430033,209.33333333333348,209.99999999999585,-104.99999999999793,-198.33333333332908,-104.99999999999793,-1.0265921446261725e-09,5.132960723130862e-10,9.7287511380271e-10,5.132960723130862e-10
97.0,-48.5,-91.61111111111099,-48.5,0.0,5.2894022931469244,1.0,2.0,0.004761904761904745,0.5257035223859868,141.28114337290484,385.74816052551495,208.38888888888903,210.00000000000074,-105.00000000000037,-198.3333333333337,-105.00000000000037,1.0265921446261965e-09,-5.132960723130982e-10,-9.728751138027327e-10,-5.132960723130982e-10
98.0,-49.0,-92.55555555555543,-49.0,0.0,5.279984043178615,1.0,2.0,0.004761904761904745,0.5304654271478916,136.18013705561373,386.7310088040071,207.44444444444457,210.00000000000074,-105.00000000000037,-198.3333333333337,-105.00000000000037,0.0,0.0,0.0,0.0
99.0,-49.5,-93.49999999999987,-49.5,0.0,5.2704764127492725,1.0,2.0,0.004761904761904745,0.5352273319097963,131.07511907449964,387.63915951903533,206.5000000000001,210.00000000000074,-105.00000000000037,-198.3333333333337,-105.00000000000037,0.0,0.0,0.0,0.0
100.0,-50.0,-94.44444444444431,-50.0,0.0,5.26087964328271,1.0,2.0,0.004761904761904745,0.5399892366717011,125.9672668882487,388.4726613821862,205.55555555555566,210.00000000000074,-105.00000000000037,-198.3333333333337,-105.00000000000037,0.0,0.0,0.0,0.0
101.0,-50.5,-95.38888888888876,-50.5,0.0,5.251193978910695,1.0,2.0,0.004761904761904745,0.5447511414336058,120.85775599413199,389.2315825364629,204.61111111111126,210.00000000000074,-105.00000000000037,-198.3333333333337,-105.00000000000037,0.0,0.0,0.0,0.0
102.0,-51.0,-96.3333333333332,-51.0,0.0,5.241419666481914,1.0,2.0,0.004761904761904856,0.5495130461955107,115.74775959890752,389.9160105110039,203.6666666666668,209.99999999999585,-104.99999999999793,-198.33333333332908,-104.99999999999793,-1.0265921446261725e-09,5.132960723130862e-10,9.7287511380271e-10,5.132960723130862e-10
103.0,-51.5,-97.27777777777764,-51.5,0.0,5.23155695557352,1.0,2.0,0.004761904761904745,0.5542749509574154,110.63844829063189,390.52605217015054,202.72222222222234,210.00000000000074,-105.00000000000037,-198.3333333333337,-105.00000000000037,1.0265921446261965e-09,-5.132960723130982e-10,-9.728751138027327e-10,-5.132960723130982e-10
104.0,-52.0,-98.22222222222209,-52.0,0.0,5.221606098501267,1.0,2.0,0.004761904761904745,0.5590368557193202,105.53098971148101,391.06183365687986,201.77777777777794,210.00000000000074,-105.00000000000037,-198.3333333333337,-105.00000000000037,0.0,0.0,0.0,0.0
105.0,-52.5,-99.16666666666653,-52.5,0.0,5.211567350331497,1.0,2.0,0.004761904761904745,0.5637987604812249,100.42654823167594,391.52350033062254,200.83333333333348,210.00000000000074,-105.00000000000037,-198.3333333333337,-105.00000000000037,0.0,0.0,0.0,0.0
106.0,-53.0,-100.11111111111097,-53.0,0.0,5.201440968891766,1.0,2.0,0.004761904761904745,0.5685606652431296,95.32628462461226,391.91121669948706,199.88888888888903,210.00000000000074,-105.00000000000037,-198.3333333333337,-105.00000000000037,0.0,0.0,0.0,0.0
107.0,-53.5,-101.05555555555542,-53.5,0.0,5.191227214783823,1.0,2.0,0.004761904761904745,0.5733225700050344,90.23135574328798,392.2251663469115,198.94444444444457,210.00000000000074,-105.00000000000037,-198.3333333333337,-105.00000000000037,0.0,0.0,0.0,0.0
108.0,-54.0,-101.99999999999986,-54.0,0.0,5.180926351394078,1.0,2.0,0.004761904761904745,0.5780844747669391,85.1429141981288,392.46555185276765,198.0000000000001,210.00000000000074,-105.00000000000037,-198.3333333333337,-105.00000000000037,0.0,0.0,0.0,0.0
109.0,-54.5,-102.9444444444443,-54.5,0.0,5.170538644907503,1.0,2.0,0.004761904761904856,0.582846379528844,80.06210803630363,392.63259470894326,197.0555555555557,209.99999999999585,-104.99999999999793,-198.33333333332908,-104.99999999999793,-1.0265921446261725e-09,5.132960723130862e-10,9.7287511380271e-10,5.132960723130862e-10
110.0,-55.0,-103.88888888888874,-55.0,0.0,5.160064364319674,1.0,2.0,0.004761904761904745,0.5876082842907487,74.99008042262776,392.72653522942966,196.11111111111126,210.00000000000074,-105.00000000000037,-198.3333333333337,-105.00000000000037,1.0265921446261965e-09,-5.132960723130982e-10,-9.728751138027327e-10,-5.132960723130982e-10
111.0,-55.5,-104.83333333333319,-55.5,0.0,5.149503781449797,1.0,2.0,0.004761904761904745,0.5923701890526535,69.9279693221481,392.7476324549443,195.1666666666668,210.00000000000074,-105.00000000000037,-198.3333333333337,-105.00000000000037,0.0,0.0,0.0,0.0
112.0,-56.0,-105.77777777777763,-56.0,0.0,5.138857170954519,1.0,2.0,0.004761904761904745,0.5971320938145582,64.87690718450425,392.696164052118,194.2222222222224,210.00000000000074,-105.00000000000037,-198.3333333333337,-105.00000000000037,0.0,0.0,0.0,0.0
113.0,-56.5,-106.72222222222207,-56.5,0.0,5.128124810341562,1.0,2.0,0.004761904761904745,0.601893998576463,59.83802063015977,392.57242620728016,193.27777777777794,210.00000000000074,-105.00000000000037,-198.3333333333337,-105.00000000000037,0.0,0.0,0.0,0.0
114.0,-57.0,-107.66666666666652,-57.0,0.0,5.117306979983859,1.0,2.0,0.004761904761904745,0.6066559033383677,54.81243013859669,392.37673351487626,192.33333333333348,210.00000000000074,-105.00000000000037,-198.3333333333337,-105.00000000000037,0.0,0.0,0.0,0.0
115.0,-57.5,-108.61111111111096,-57.5,0.0,5.106403963133926,1.0,2.0,0.004761904761904856,0.6114178081002726,49.801249738566064,392.1094188605515,191.38888888888903,209.99999999999585,-104.99999999999793,-198.33333333332908,-104.99999999999793,-1.0265921446261725e-09,5.132960723130862e-10,9.7287511380271e-10,5.132960723130862e-10
116.0,-58.0,-109.5555555555554,-58.0,0.0,5.095416045939344,1.0,2.0,0.004761904761904745,0.6161797128621773,44.8055867004857,391.77083329894,190.44444444444457,210.00000000000074,-105.00000000000037,-198.3333333333337,-105.00000000000037,1.0265921446261965e-09,-5.132960723130982e-10,-9.728751138027327e-10,-5.132960723130982e-10
117.0,-58.5,-110.49999999999984,-58.5,0.0,5.084343517457221,1.0,2.0,0.004761904761904745,0.6209416176240821,39.82654123107782,391.36134592619663,189.50000000000017,210.00000000000074,-105.00000000000037,-198.3333333333337,-105.00000000000037,0.0,0.0,0.0,0.0
118.0,-59.0,-111.44444444444429,-59.0,0.0,5.0731866696708545,1.0,2.0,0.004761904761904745,0.6257035223859868,34.86520617033545,390.8813437473135,188.5555555555557,210.00000000000074,-105.00000000000037,-198.3333333333337,-105.00000000000037,0.0,0.0,0.0,0.0
119.0,-59.5,-112.38888888888873,-59.5,0.0,5.061945797505533,1.0,2.0,0.004761904761904745,0.6304654271478916,29.922666690908606,390.3312315382607,187.61111111111126,210.00000000000074,-105.00000000000037,-198.3333333333337,-105.00000000000037,0.0,0.0,0.0,0.0
120.0,-60.0,-113.33333333333317,-60.0,0.0,5.0506211988442935,1.0,2.0,0.004761904761904856,0.6352273319097964,24.999999999999993,389.71143170299746,186.66666666666686,209.99999999999585,-104.99999999999793,-198.33333333332908,-104.99999999999793,-1.0265921446261725e-09,5.132960723130862e-10,9.7287511380271e-10,5.132960723130862e-10
121.0,-60.5,-114.27777777777762,-60.5,0.0,5.039213174546627,1.0,2.0,0.004761904761904745,0.6399892366717012,20.0982750438559,389.0223841253974,185.7222222222224,210.00000000000074,-105.00000000000037,-198.3333333333337,-105.00000000000037,1.0265921446261965e-09,-5.132960723130982e-10,-9.728751138027327e-10,-5.132960723130982e-10
122.0,-61.0,-115.22222222222206,-61.0,0.0,5.027722028464275,1.0,2.0,0.004761904761904745,0.6447511414336059,15.21855221494325,388.2645460161342,184.77777777777794,210.00000000000074,-105.00000000000037,-198.3333333333337,-105.00000000000037,0.0,0.0,0.0,0.0
123.0,-61.5,-116.1666666666665,-61.5,0.0,5.016148067460413,1.0,2.0,0.004761904761904745,0.6495130461955106,10.361883061896654,387.4383917545762,183.83333333333348,210.00000000000074,-105.00000000000037,-198.3333333333337,-105.00000000000037,0.0,0.0,0.0,0.0
124.0,-62.0,-117.11111111111094,-62.0,0.0,5.004491601427161,1.0,2.0,0.004761904761904745,0.6542749509574154,5.529310002323291,386.5444127257401,182.88888888888903,210.00000000000074,-105.00000000000037,-198.3333333333337,-105.00000000000037,0.0,0.0,0.0,0.0
125.0,-62.5,-118.05555555555539,-62.5,0.0,4.9927529433049935,1.0,2.0,0.004761904761904745,0.6590368557193201,0.721866038549327,385.5831171523538,181.94444444444463,210.00000000000074,-105.00000000000037,-198.3333333333337,-105.00000000000037,0.0,0.0,0.0,0.0
126.0,-63.0,-118.99999999999983,-63.0,0.0,4.980932409102488,1.0,2.0,0.004761904761904745,0.6637987604812249,-4.059425523607952,384.5550299220814,181.00000000000017,210.00000000000074,-105.00000000000037,-198.3333333333337,-105.00000000000037,0.0,0.0,0.0,0.0
127.0,-63.5,-119.94444444444427,-63.5,0.0,4.969030317914796,1.0,2.0,0.004761904761904856,0.6685606652431297,-8.813551352957543,383.46069240996485,180.0555555555557,209.99999999999585,-104.99999999999793,-198.33333333332908,-104.99999999999793,-1.0265921446261725e-09,5.132960723130862e-10,9.7287511380271e-10,5.132960723130862e-10
128.0,-64.0,-120.88888888888872,-64.0,0.0,4.9570469919458295,1.0,2.0,0.004761904761904745,0.6733225700050345,-13.539508367862336,382.3006622961361,179.1111111111113,210.00000000000074,-105.00000000000037,-198.3333333333337,-105.00000000000037,1.0265921446261965e-09,-5.132960723130982e-10,-9.728751138027327e-10,-5.132960723130982e-10
129.0,-64.5,-121.83333333333316,-64.5,0.0,4.944982756528508,1.0,2.0,0.004761904761904745,0.6780844747669392,-18.236304007893718,381.07551337885934,178.16666666666686,210.00000000000074,-105.00000000000037,-198.3333333333337,-105.00000000000037,0.0,0.0,0.0,0.0
130.0,-65.0,-122.7777777777776,-65.0,0.0,4.932837940146054,1.0,2.0,0.004761904761904745,0.682846379528844,-22.90295650213309,379.7858353829581,177.2222222222224,210.00000000000074,-105.00000000000037,-198.3333333333337,-105.00000000000037,0.0,0.0,0.0,0.0
131.0,-65.5,-123.72222222222204,-65.5,0.0,4.920612874454271,1.0,2.0,0.004761904761904745,0.6876082842907487,-27.538495134041835,378.4322337636902,176.27777777777794,210.00000000000074,-105.00000000000037,-198.3333333333337,-105.00000000000037,0.0,0.0,0.0,0.0
132.0,-66.0,-124.66666666666649,-66.0,0.0,4.9083078943045075,1.0,2.0,0.004761904761904745,0.6923701890526535,-32.14196050282166,377.0153295061291,175.33333333333348,210.00000000000074,-105.00000000000037,-198.3333333333337,-105.00000000000037,0.0,0.0,0.0,0.0
133.0,-66.5,-125.61111111111093,-66.5,0.0,4.895923337767121,1.0,2.0,0.004761904761904856,0.6971320938145583,-36.712404781188155,375.5357589201151,174.38888888888908,209.99999999999585,-104.99999999999793,-198.33333333332908,-104.99999999999793,-1.0265921446261725e-09,5.132960723130862e-10,9.7287511380271e-10,5.132960723130862e-10
134.0,-67.0,-126.55555555555537,-67.0,0.0,4.883459546154703,1.0,2.0,0.004761904761904745,0.7018939985764631,-41.24889196948098,373.9941734308403,173.44444444444463,210.00000000000074,-105.00000000000037,-198.3333333333337,-105.00000000000037,1.0265921446261965e-09,-5.132960723130982e-10,-9.728751138027327e-10,-5.132960723130982e-10
135.0,-67.5,-127.49999999999982,-67.5,0.0,4.870916864047351,1.0,2.0,0.004761904761904745,0.7066559033383678,-45.75049814603709,372.3912393651312,172.50000000000017,210.00000000000074,-105.00000000000037,-198.3333333333337,-105.00000000000037,0.0,0.0,0.0,0.0
136.0,-68.0,-128.44444444444426,-68.0,0.0,4.8582956393173236,1.0,2.0,0.004761904761904745,0.7114178081002726,-50.21631171375233,370.7276377334963,171.55555555555577,210.00000000000074,-105.00000000000037,-198.3333333333337,-105.00000000000037,0.0,0.0,0.0,0.0
137.0,-68.5,-129.38888888888872,-68.5,0.0,4.845596223155464,1.0,2.0,0.004761904761904745,0.7161797128621773,-54.645433642759855,369.0040640080058,170.6111111111113,210.00000000000074,-105.00000000000037,-198.3333333333367,-105.00000000000037,0.0,0.0,-6.266986929404106e-10,0.0
138.0,-69.0,-130.33333333333317,-69.0,0.0,4.8328189700977395,1.0,2.0,0.004761904761904745,0.720941617624082,-59.0369777091538,367.22122789607215,169.66666666666686,210.00000000000074,-105.00000000000037,-198.3333333333367,-105.00000000000037,0.0,0.0,0.0,0.0
139.0,-69.5,-131.27777777777763,-69.5,0.0,4.819964238052455,1.0,2.0,0.004761904761904745,0.7257035223859868,-63.39007072968761,365.3798531102009,168.7222222222224,210.00000000000074,-105.00000000000037,-198.3333333333367,-105.00000000000037,0.0,0.0,0.0,0.0
140.0,-70.0,-132.2222222222221,-70.0,0.0,4.807032388327606,1.0,2.0,0.004761904761904856,0.7304654271478916,-67.70385279237846,363.480677133785,167.77777777777794,209.99999999999585,-104.99999999999793,-198.33333333333206,-104.99999999999793,-1.0265921446261725e-09,5.132960723130862e-10,9.7287511380271e-10,5.132960723130862e-10
141.0,-70.5,-133.16666666666654,-70.5,0.0,4.79402378566113,1.0,2.0,0.004761904761904745,0.7352273319097964,-71.97747748295144,361.5244509830121,166.83333333333348,210.00000000000074,-105.00000000000037,-198.3333333333367,-105.00000000000037,1.0265921446261965e-09,-5.132960723130982e-10,-9.728751138027327e-10,-5.132960723130982e-10
142.0,-71.0,-134.111111111111,-71.0,0.0,4.7809387982492595,1.0,2.0,0.004761904761904745,0.7399892366717011,-76.21011210705527,359.5119389649609,165.88888888888903,210.00000000000074,-105.00000000000037,-198.3333333333367,-105.00000000000037,0.0,0.0,0.0,0.0
143.0,-71.5,-135.05555555555546,-71.5,0.0,4.767777797777236,1.0,2.0,0.004761904761904745,0.7447511414336059,-80.40093790818563,357.44391843195945,164.94444444444457,210.00000000000074,-105.00000000000037,-198.3333333333367,-105.00000000000037,0.0,0.0,0.0,0.0
144.0,-72.0,-135.99999999999991,-72.0,0.0,4.754541159450349,1.0,2.0,0.004761904761904745,0.7495130461955106,-84.54915028125262,355.32117953228305,164.0000000000001,210.00000000000074,-105.00000000000037,-198.3333333333367,-105.00000000000037,0.0,0.0,0.0,0.0
145.0,-72.5,-136.94444444444437,-72.5,0.0,4.741229262026907,1.0,2.0,0.004761904761904745,0.7542749509574154,-88.65395898173007,353.14452495726596,163.05555555555566,210.00000000000074,-105.00000000000037,-198.3333333333367,-105.00000000000037,0.0,0.0,0.0,0.0
146.0,-73.0,-137.88888888888883,-73.0,0.0,4.7278424878492755,1.0,2.0,0.004761904761904745,0.7590368557193201,-92.71458833032419,350.91476968490826,162.1111111111112,210.00000000000074,-105.00000000000037,-198.3333333333367,-105.00000000000037,0.0,0.0,0.0,0.0
147.0,-73.5,-138.8333333333333,-73.5,0.0,4.71438122287924,1.0,2.0,0.004761904761904856,0.763798760481225,-96.73027741310426,348.6327407200537,161.16666666666674,209.99999999999585,-104.99999999999793,-198.33333333333206,-104.99999999999793,-1.0265921446261725e-09,5.132960723130862e-10,9.7287511380271e-10,5.132960723130862e-10
148.0,-74.0,-139.77777777777774,-74.0,0.0,4.7008458567316795,1.0,2.0,0.004761904761904745,0.7685606652431297,-100.70028027703546,346.2992768312207,160.22222222222229,210.00000000000074,-105.00000000000037,-198.3333333333367,-105.00000000000037,1.0265921446261965e-09,-5.132960723130982e-10,-9.728751138027327e-10,-5.132960723130982e-10
149.0,-74.5,-140.7222222222222,-74.5,0.0,4.687236782711045,1.0,2.0,0.004761904761904745,0.7733225700050345,-104.62386612085827,343.91522828416663,159.27777777777783,210.00000000000074,-105.00000000000037,-198.3333333333367,-105.00000000000037,0.0,0.0,0.0,0.0
150.0,-75.0,-141.66666666666666,-75.0,0.0,4.673554397847101,1.0,2.0,0.004761904761904745,0.7780844747669392,-108.50031948125762,341.48145657226706,158.33333333333337,210.00000000000074,-105.00000000000037,-198.3333333333367,-105.00000000000037,0.0,0.0,0.0,0.0
151.0,-75.5,-142.61111111111111,-75.5,0.0,4.659799102932362,1.0,2.0,0.004761904761904745,0.782846379528844,-112.32894041426884,338.9988341437944,157.3888888888889,210.00000000000074,-105.00000000000037,-198.3333333333367,-105.00000000000037,0.0,0.0,0.0,0.0
152.0,-76.0,-143.55555555555557,-76.0,0.0,4.6459713025618194,1.0,2.0,0.004761904761904745,0.7876082842907487,-116.10904467186845,336.4682441261773,156.44444444444446,210.00000000000074,-105.00000000000037,-198.3333333333367,-105.00000000000037,0.0,0.0,0.0,0.0
153.0,-76.5,-144.50000000000003,-76.5,0.0,4.6320714051711445,1.0,2.0,0.004761904761904856,0.7923701890526536,-119.83996387369724,333.8905800473285,155.5,209.99999999999585,-104.99999999999793,-198.33333333333206,-104.99999999999793,-1.0265921446261725e-09,5.132960723130862e-10,9.7287511380271e-10,5.132960723130862e-10
154.0,-77.0,-145.44444444444449,-77.0,0.0,4.618099823078006,1.0,2.0,0.004761904761904745,0.7971320938145583,-123.52104567386723,331.26674555412427,154.55555555555554,210.00000000000074,-105.00000000000037,-198.3333333333367,-105.00000000000037,1.0265921446261965e-09,-5.132960723130982e-10,-9.728751138027327e-10,-5.132960723130982e-10
155.0,-77.5,-146.38888888888894,-77.5,0.0,4.604056972523685,1.0,2.0,0.004761904761904745,0.801893998576463,-127.15165392280431,328.5976541281233,153.6111111111111,210.00000000000074,-105.00000000000037,-198.3333333333367,-105.00000000000037,0.0,0.0,0.0,0.0
156.0,-78.0,-147.3333333333334,-78.0,0.0,4.589943273716499,1.0,2.0,0.004761904761904745,0.8066559033383678,-130.73116882408036,325.8842287986115,152.66666666666663,210.00000000000074,-105.00000000000037,-198.3333333333367,-105.00000000000037,0.0,0.0,0.0,0.0
157.0,-78.5,-148.27777777777786,-78.5,0.0,4.575759150874746,1.0,2.0,0.004761904761904745,0.8114178081002725,-134.25898708618874,323.1274018530622,151.72222222222217,210.00000000000074,-105.00000000000037,-198.3333333333367,-105.00000000000037,0.0,0.0,0.0,0.0
158.0,-79.0,-149.2222222222223,-79.0,0.0,4.561505032273042,1.0,2.0,0.004761904761904745,0.8161797128621773,-137.73452206922127,320.3281145450984,150.77777777777771,210.00000000000074,-105.00000000000037,-198.3333333333367,-105.00000000000037,0.0,0.0,0.0,0.0
159.0,-79.5,-150.16666666666677,-79.5,0.0,4.547181350287922,1.0,2.0,0.004761904761904745,0.820941617624082,-141.15720392640355,317.4873168000487,149.83333333333326,210.00000000000074,-105.00000000000037,-198.3333333333367,-105.00000000000037,0.0,0.0,0.0,0.0
160.0,-80.0,-151.11111111111123,-80.0,0.0,4.532788541446158,1.0,2.0,0.004761904761904856,0.8257035223859869,-144.5264797404491,314.6059669181858,148.8888888888888,209.99999999999585,-104.99999999999793,-198.33333333333206,-104.99999999999793,-1.0265921446261725e-09,5.132960723130862e-10,9.7287511380271e-10,5.132960723130862e-10
161.0,-80.5,-152.05555555555569,-80.5,0.0,4.518327046474055,1.0,2.0,0.004761904761904745,0.8304654271478916,-147.84181365469396,311.6850312757392,147.94444444444434,210.00000000000074,-105.00000000000037,-198.3333333333367,-105.00000000000037,1.0265921446261965e-09,-5.132960723130982e-10,-9.728751138027327e-10,-5.132960723130982e-10
162.0,-81.0,-153.00000000000014,-81.0,0.0,4.503797310346785,1.0,2.0,0.004761904761904745,0.8352273319097964,-151.10268699897304,308.72548402377396,146.9999999999999,210.00000000000074,-105.00000000000037,-198.3333333333367,-105.00000000000037,0.0,0.0,0.0,0.0
163.0,-81.5,-153.9444444444446,-81.5,0.0,4.489199782341067,1.0,2.0,0.004761904761904745,0.8399892366717011,-154.30859841020444,305.7283067850266,146.05555555555543,210.00000000000074,-105.00000000000037,-198.3333333333367,-105.00000000000037,0.0,0.0,0.0,0.0
164.0,-82.0,-154.88888888888906,-82.0,0.0,4.4745349160881105,1.0,2.0,0.004761904761904745,0.8447511414336059,-157.45906394764737,302.69448834879245,145.11111111111097,210.00000000000074,-105.00000000000037,-198.3333333333367,-105.00000000000037,0.0,0.0,0.0,0.0
165.0,-82.5,-155.8333333333335,-82.5,0.0,4.459803169628191,1.0,2.0,0.004761904761904745,0.8495130461955106,-160.55361720280078,299.6250243639568,144.16666666666652,210.00000000000074,-105.00000000000037,-198.3333333333367,-105.00000000000037,0.0,0.0,0.0,0.0
166.0,-83.0,-156.77777777777797,-83.0,0.0,4.445005005466603,1.0,2.0,0.004761904761904856,0.8542749509574155,-163.5918094039125,296.52091703026406,143.22222222222206,209.99999999999585,-104.99999999999793,-198.33333333333206,-104.99999999999793,-1.0265921446261725e-09,5.132960723130862e-10,9.7287511380271e-10,5.132960723130862e-10
167.0,-83.5,-157.72222222222243,-83.5,0.0,4.430140890631609,1.0,2.0,0.0047761741879163155,0.8590511251453318,-166.57320951507046,293.3831747879198,142.2777777777776,209.37259837172448,-104.68629918586224,-197.74078735107577,-104.68629918586224,-131.36070913382787,65.68035456691393,124.06289195972666,65.68035456691393
168.0,-84.0,-158.66666666666688,-84.0,0.0,4.415211296733565,1.0,2.0,0.0049309247822466595,0.8639820499275784,-169.49740432984783,290.21281200562015,141.33333333333314,202.80171451821937,-101.40085725910969,-191.53495260054308,-101.40085725910969,-1332.5865113909201,666.2932556954601,1258.553927424775,666.2932556954601
169.0,-84.5,-159.61111111111134,-84.5,0.0,4.400216700026019,1.0,2.0,0.005141031293035225,0.8691230812206137,-172.36399855947684,287.0108486671037,140.3888888888887,194.51350186386586,-97.25675093193293,-183.70719620476464,-97.25675093193293,-1612.169267590709,806.0846337953545,1522.6043082801368,806.0846337953545
170.0,-85.0,-160.5555555555558,-85.0,0.0,4.385157581468069,1.0,2.0,0.005380529635437337,0.874503610856051,-175.17261491552713,283.7783100563224,139.44444444444423,185.8553093758248,-92.9276546879124,-175.53001441050355,-92.9276546879124,-1609.1710435003147,804.5855217501573,1519.7726521947566,804.5855217501573
171.0,-85.5,-161.50000000000026,-85.5,0.0,4.3700344267882105,1.0,2.0,0.00565698732880493,0.8801605981848559,-177.92289418706633,280.5162264413282,138.49999999999977,176.77253666595283,-88.38626833297641,-166.95184018451323,-88.38626833297641,-1605.5847718843568,802.7923859421784,1516.385617890806,802.7923859421784
172.0,-86.0,-162.4444444444447,-86.0,0.0,4.3548477265516174,1.0,2.0,0.00598101784478744,0.8861416160296434,-180.61449531228277,277.22563275696916,137.55555555555532,167.19562220860405,-83.59781110430202,-157.9069765303504,-83.59781110430202,-1601.2181715350046,800.6090857675023,1512.261606449744,800.6090857675023
173.0,-86.5,-163.38888888888917,-86.5,0.0,4.339597976226754,1.0,2.0,0.006368065463870365,0.8925096814935137,-183.24709544455024,273.90756828649626,136.61111111111086,157.0335615539076,-78.5167807769538,-148.3094748009147,-78.5167807769538,-1595.784577333819,797.8922886669095,1507.1298785930742,797.8922886669095
174.0,-87.0,-164.33333333333363,-87.0,0.0,4.32428567625588,1.0,2.0,0.006841663872570902,0.8993513453660846,-185.82039001291872,270.5630763421742,135.6666666666664,146.1632752829508,-73.0816376414754,-138.0430933227887,-73.0816376414754,-1588.836644626339,794.4183223131695,1500.5679421471168,794.4183223131695
175.0,-87.5,-165.27777777777808,-87.5,0.0,4.3089113321267405,1.0,2.0,0.007439867081190377,0.906791212447275,-188.33409277701512,267.1932039449962,134.72222222222194,134.4110034610995,-67.20550173054976,-126.94372549104013,-67.20550173054976,-1579.6346485226347,789.8173242613174,1491.877168049175,789.8173242613174
176.0,-88.0,-166.22222222222254,-88.0,0.0,4.293475454446081,1.0,2.0,0.00822931237773128,0.9150205248250063,-190.78793587633962,263.799001503599,133.7777777777775,121.51683568435493,-60.758417842177465,-114.76590036855896,-60.758417842177465,-1566.8584670131754,783.4292335065877,1479.8107744013535,783.4292335065877
177.0,-88.5,-167.166666666667,-88.5,0.0,4.277978559015148,1.0,2.0,0.009340689191436491,0.9243612140164428,-193.18166987394656,260.3815224924781,132.83333333333303,107.05848139308567,-53.529240696542836,-101.11078798236004,-53.529240696542836,-1547.8894538664904,773.9447269332452,1461.895595318371,773.9447269332452
178.0,-89.0,-168.11111111111146,-89.0,0.0,4.2624211669082985,1.0,2.0,0.011079783051032521,0.9354409970674753,-195.51506379449836,256.941823129598,131.88888888888857,90.25447478475766,-45.12723739237883,-85.2403372967167,-45.12723739237883,-1516.6367907142414,758.3183953571207,1432.3791912301363,758.3183953571207
179.0,-89.5,-169.0555555555559,-89.5,0.0,4.246803804552472,1.0,2.0,0.014439454397681462,0.9498804514651568,-197.78790515668484,253.4809620534995,130.94444444444412,69.25469428821145,-34.62734714410573,-65.40721127220057,-34.62734714410573,-1454.333378407853,727.1666892039265,1373.5370796074353,727.1666892039265
180.0,-90.0,-170.00000000000037,-90.0,0.0,4.231127003809608,1.0,2.0,0.03485992664015025,0.984740378105307,-200.00000000000003,250.00000000000003,129.99999999999966,28.686233632179835,-14.343116816089918,-27.092553985947987,-14.343116816089918,-1163.7563404768187,581.8781702384093,1099.103210450343,581.8781702384093
179.0,-89.5,-169.0555555555559,-89.5,0.0,4.231127003809608,1.0,3.0,0.0,0.984740378105307,-197.78790515668484,253.4809620534995,130.94444444444412,0.0,0.0,0.0,0.0,0.0,0.0,0.0,0.0
178.0,-89.0,-168.11111111111146,-89.0,0.0,4.246803804552472,1.0,3.0,0.04929938103783181,1.0340397591431387,-195.51506379449836,256.941823129598,131.88888888888857,-20.28423032801594,10.14211516400797,19.157328643126423,10.14211516400797,-411.4500000000017,205.72500000000085,388.59166666667346,205.72500000000085
177.0,-88.5,-167.166666666667,-88.5,0.0,4.2624211669082985,1.0,3.0,0.011079783051032459,1.0451195421941712,-193.18166987394656,260.3815224924781,132.83333333333303,-90.25447478475766,45.12723739237883,85.2403372967167,45.12723739237883,-6315.127664004325,3157.5638320021626,5964.287238226387,3157.5638320021626
176.0,-88.0,-166.22222222222254,-88.0,0.0,4.277978559015148,1.0,3.0,0.00934068919143647,1.0544602313856077,-190.78793587633962,263.799001503599,133.7777777777775,-107.05848139308567,53.529240696542836,101.11078798236004,53.529240696542836,-1799.0114288069728,899.5057144034864,1699.0663494288306,899.5057144034864
175.0,-87.5,-165.27777777777808,-87.5,0.0,4.293475454446081,1.0,3.0,0.008229312377731335,1.062689543763339,-188.33409277701512,267.1932039449962,134.72222222222194,-121.51683568435493,60.758417842177465,114.76590036855896,60.758417842177465,-1756.9334626783545,878.4667313391773,1659.326048085134,878.4667313391773
174.0,-87.0,-164.33333333333363,-87.0,0.0,4.3089113321267405,1.0,3.0,0.007439867081190321,1.0701294108445294,-185.82039001291872,270.5630763421742,135.6666666666664,-134.4110034610995,67.20550173054976,126.94372549104013,67.20550173054976,-1733.1180296680136,866.5590148340068,1636.8336946864806,866.5590148340068
173.0,-86.5,-163.38888888888917,-86.5,0.0,4.32428567625588,1.0,3.0,0.006841663872570902,1.0769710747171004,-183.24709544455024,273.90756828649626,136.61111111111086,-146.16327528294843,73.08163764147422,138.04309332278646,73.08163764147422,-1717.7505414969419,858.8752707484709,1622.3199558582419,858.8752707484709
172.0,-86.0,-162.4444444444447,-86.0,0.0,4.339597976226754,1.0,3.0,0.006368065463870323,1.0833391401809707,-180.61449531228277,277.22563275696916,137.55555555555532,-157.03356155391032,78.51678077695516,148.3094748009173,78.51678077695516,-1706.9997682397193,853.4998841198596,1612.1664477819818,853.4998841198596
171.0,-85.5,-161.50000000000026,-85.5,0.0,4.3548477265516174,1.0,3.0,0.005981017844787495,1.089320158025758,-177.92289418706633,280.5162264413282,138.49999999999977,-167.19562220860405,83.59781110430202,157.9069765303504,83.59781110430202,-1699.0520540830928,849.5260270415464,1604.6602733007214,849.5260270415464
170.0,-85.0,-160.5555555555558,-85.0,0.0,4.3700344267882105,1.0,3.0,0.005656987328804958,1.0949771453545631,-175.17261491552713,283.7783100563224,139.44444444444423,-176.77253666594936,88.38626833297468,166.95184018450996,88.38626833297468,-1692.9354620577344,846.4677310288672,1598.8834919434353,846.4677310288672
169.0,-84.5,-159.61111111111134,-84.5,0.0,4.385157581468069,1.0,3.0,0.005380529635437267,1.1003576749900004,-172.36399855947684,287.0108486671037,140.3888888888887,-185.85530937582863,92.92765468791431,175.53001441050716,92.92765468791431,-1688.0815319849441,844.0407659924721,1594.2992246524693,844.0407659924721
168.0,-84.0,-158.66666666666688,-84.0,0.0,4.400216700026019,1.0,3.0,0.005141031293035198,1.1054987062830355,-169.49740432984783,290.21281200562015,141.33333333333314,-194.51350186387006,97.25675093193503,183.70719620476862,97.25675093193503,-1684.1353406603937,842.0676703301968,1590.5722661792804,842.0676703301968
167.0,-83.5,-157.72222222222243,-83.5,0.0,4.415211296733565,1.0,3.0,0.004930924782246729,1.1104296310652821,-166.57320951507046,293.3831747879198,142.2777777777776,-202.80171451821937,101.40085725910969,191.53495260054308,101.40085725910969,-1680.8637365936415,840.4318682968208,1587.4824178940173,840.4318682968208
166.0,-83.0,-156.77777777777797,-83.0,0.0,4.430140890631609,1.0,3.0,0.004776174187916343,1.1152058052531986,-163.5918094039125,296.52091703026406,143.22222222222206,-209.3725983717196,104.6862991858598,197.74078735107116,104.6862991858598,-1375.7630260061187,687.8815130030594,1299.331746783577,687.8815130030594
165.0,-82.5,-155.8333333333335,-82.5,0.0,4.445005005466603,1.0,3.0,0.004761904761904745,1.1199677100151033,-160.55361720280078,299.6250243639568,144.16666666666652,-210.00000000000074,105.00000000000037,198.3333333333367,105.00000000000037,-131.7543419390417,65.87717096952085,124.4346562757626,65.87717096952085
164.0,-82.0,-154.88888888888906,-82.0,0.0,4.459803169628191,1.0,3.0,0.004761904761904773,1.124729614777008,-157.45906394764737,302.69448834879245,145.11111111111097,-210.00000000000074,105.00000000000037,198.3333333333367,105.00000000000037,0.0,0.0,0.0,0.0
163.0,-81.5,-153.9444444444446,-81.5,0.0,4.4745349160881105,1.0,3.0,0.004761904761904773,1.1294915195389128,-154.30859841020444,305.7283067850266,146.05555555555543,-210.00000000000074,105.00000000000037,198.3333333333367,105.00000000000037,0.0,0.0,0.0,0.0
162.0,-81.0,-153.00000000000014,-81.0,0.0,4.489199782341067,1.0,3.0,0.004761904761904745,1.1342534243008175,-151.10268699897304,308.72548402377396,146.9999999999999,-210.00000000000074,105.00000000000037,198.3333333333367,105.00000000000037,0.0,0.0,0.0,0.0
161.0,-80.5,-152.05555555555569,-80.5,0.0,4.503797310346785,1.0,3.0,0.004761904761904773,1.1390153290627223,-147.84181365469396,311.6850312757392,147.94444444444434,-210.00000000000074,105.00000000000037,198.3333333333367,105.00000000000037,0.0,0.0,0.0,0.0
160.0,-80.0,-151.11111111111123,-80.0,0.0,4.518327046474055,1.0,3.0,0.004761904761904745,1.143777233824627,-144.5264797404491,314.6059669181858,148.8888888888888,-210.00000000000074,105.00000000000037,198.3333333333367,105.00000000000037,0.0,0.0,0.0,0.0
159.0,-79.5,-150.16666666666677,-79.5,0.0,4.532788541446158,1.0,3.0,0.004761904761904773,1.1485391385865318,-141.15720392640355,317.4873168000487,149.83333333333326,-210.00000000000074,105.00000000000037,198.3333333333367,105.00000000000037,0.0,0.0,0.0,0.0
158.0,-79.0,-149.2222222222223,-79.0,0.0,4.547181350287922,1.0,3.0,0.004761904761904745,1.1533010433484365,-137.73452206922127,320.3281145450984,150.77777777777771,-210.00000000000074,105.00000000000037,198.3333333333367,105.00000000000037,0.0,0.0,0.0,0.0
157.0,-78.5,-148.27777777777786,-78.5,0.0,4.561505032273042,1.0,3.0,0.004761904761904773,1.1580629481103413,-134.25898708618874,323.1274018530622,151.72222222222217,-210.00000000000074,105.00000000000037,198.3333333333367,105.00000000000037,0.0,0.0,0.0,0.0
156.0,-78.0,-147.3333333333334,-78.0,0.0,4.575759150874746,1.0,3.0,0.004761904761904773,1.162824852872246,-130.73116882408036,325.8842287986115,152.66666666666663,-210.00000000000074,105.00000000000037,198.3333333333367,105.00000000000037,0.0,0.0,0.0,0.0
155.0,-77.5,-146.38888888888894,-77.5,0.0,4.589943273716499,1.0,3.0,0.004761904761904745,1.1675867576341508,-127.15165392280431,328.5976541281233,153.6111111111111,-210.00000000000074,105.00000000000037,198.3333333333367,105.00000000000037,0.0,0.0,0.0,0.0
154.0,-77.0,-145.44444444444449,-77.0,0.0,4.604056972523685,1.0,3.0,0.004761904761904773,1.1723486623960555,-123.52104567386723,331.26674555412427,154.55555555555554,-210.00000000000074,105.00000000000037,198.3333333333367,105.00000000000037,0.0,0.0,0.0,0.0
153.0,-76.5,-144.50000000000003,-76.5,0.0,4.618099823078006,1.0,3.0,0.004761904761904773,1.1771105671579603,-119.83996387369724,333.8905800473285,155.5,-210.00000000000074,105.00000000000037,198.3333333333367,105.00000000000037,0.0,0.0,0.0,0.0
152.0,-76.0,-143.55555555555557,-76.0,0.0,4.6320714051711445,1.0,3.0,0.004761904761904745,1.181872471919865,-116.10904467186845,336.4682441261773,156.44444444444446,-210.00000000000074,105.00000000000037,198.3333333333367,105.00000000000037,0.0,0.0,0.0,0.0
151.0,-75.5,-142.61111111111111,-75.5,0.0,4.6459713025618194,1.0,3.0,0.004761904761904773,1.1866343766817697,-112.32894041426884,338.9988341437944,157.3888888888889,-210.00000000000074,105.00000000000037,198.3333333333367,105.00000000000037,0.0,0.0,0.0,0.0
150.0,-75.0,-141.66666666666666,-75.0,0.0,4.659799102932362,1.0,3.0,0.004761904761904773,1.1913962814436745,-108.50031948125762,341.48145657226706,158.33333333333337,-210.00000000000074,105.00000000000037,198.3333333333367,105.00000000000037,0.0,0.0,0.0,0.0
149.0,-74.5,-140.7222222222222,-74.5,0.0,4.673554397847101,1.0,3.0,0.004761904761904745,1.1961581862055792,-104.62386612085827,343.91522828416663,159.27777777777783,-210.00000000000074,105.00000000000037,198.3333333333367,105.00000000000037,0.0,0.0,0.0,0.0
148.0,-74.0,-139.77777777777774,-74.0,0.0,4.687236782711045,1.0,3.0,0.004761904761904745,1.200920090967484,-100.70028027703546,346.2992768312207,160.22222222222229,-210.00000000000074,105.00000000000037,198.3333333333367,105.00000000000037,0.0,0.0,0.0,0.0
147.0,-73.5,-138.8333333333333,-73.5,0.0,4.7008458567316795,1.0,3.0,0.0047619047619048005,1.2056819957293887,-96.73027741310426,348.6327407200537,161.16666666666674,-210.00000000000074,105.00000000000037,198.3333333333367,105.00000000000037,0.0,0.0,0.0,0.0
146.0,-73.0,-137.88888888888883,-73.0,0.0,4.71438122287924,1.0,3.0,0.004761904761904745,1.2104439004912935,-92.71458833032419,350.91476968490826,162.1111111111112,-210.00000000000074,105.00000000000037,198.3333333333367,105.00000000000037,0.0,0.0,0.0,0.0
145.0,-72.5,-136.94444444444437,-72.5,0.0,4.7278424878492755,1.0,3.0,0.004761904761904745,1.2152058052531982,-88.65395898173007,353.14452495726596,163.05555555555566,-210.00000000000074,105.00000000000037,198.3333333333367,105.00000000000037,0.0,0.0,0.0,0.0
144.0,-72.0,-135.99999999999991,-72.0,0.0,4.741229262026907,1.0,3.0,0.004761904761904773,1.219967710015103,-84.54915028125262,355.32117953228305,164.0000000000001,-210.00000000000074,105.00000000000037,198.3333333333367,105.00000000000037,0.0,0.0,0.0,0.0
143.0,-71.5,-135.05555555555546,-71.5,0.0,4.754541159450349,1.0,3.0,0.004761904761904773,1.2247296147770077,-80.40093790818563,357.44391843195945,164.94444444444457,-210.00000000000074,105.00000000000037,198.3333333333367,105.00000000000037,0.0,0.0,0.0,0.0
142.0,-71.0,-134.111111111111,-71.0,0.0,4.767777797777236,1.0,3.0,0.004761904761904745,1.2294915195389124,-76.21011210705527,359.5119389649609,165.88888888888903,-210.00000000000074,105.00000000000037,198.3333333333367,105.00000000000037,0.0,0.0,0.0,0.0
141.0,-70.5,-133.16666666666654,-70.5,0.0,4.7809387982492595,1.0,3.0,0.004761904761904773,1.2342534243008172,-71.97747748295144,361.5244509830121,166.83333333333348,-210.00000000000074,105.00000000000037,198.3333333333367,105.00000000000037,0.0,0.0,0.0,0.0
140.0,-70.0,-132.2222222222221,-70.0,0.0,4.79402378566113,1.0,3.0,0.004761904761904773,1.239015329062722,-67.70385279237846,363.480677133785,167.77777777777794,-210.00000000000074,105.00000000000037,198.3333333333367,105.00000000000037,0.0,0.0,0.0,0.0
139.0,-69.5,-131.27777777777763,-69.5,0.0,4.807032388327606,1.0,3.0,0.004761904761904745,1.2437772338246267,-63.39007072968761,365.3798531102009,168.7222222222224,-210.00000000000074,105.00000000000037,198.3333333333367,105.00000000000037,0.0,0.0,0.0,0.0
138.0,-69.0,-130.33333333333317,-69.0,0.0,4.819964238052455,1.0,3.0,0.0047619047619048005,1.2485391385865314,-59.0369777091538,367.22122789607215,169.66666666666686,-210.00000000000074,105.00000000000037,198.3333333333367,105.00000000000037,0.0,0.0,0.0,0.0
137.0,-68.5,-129.38888888888872,-68.5,0.0,4.8328189700977395,1.0,3.0,0.004761904761904745,1.2533010433484362,-54.645433642759855,369.0040640080058,170.6111111111113,-210.00000000000074,105.00000000000037,198.3333333333367,105.00000000000037,0.0,0.0,0.0,0.0
136.0,-68.0,-128.44444444444426,-68.0,0.0,4.845596223155464,1.0,3.0,0.004761904761904745,1.258062948110341,-50.21631171375233,370.7276377334963,171.55555555555577,-210.00000000000074,105.00000000000037,198.3333333333367,105.00000000000037,0.0,0.0,0.0,0.0
135.0,-67.5,-127.49999999999982,-67.5,0.0,4.8582956393173236,1.0,3.0,0.004761904761904745,1.2628248528722457,-45.75049814603709,372.3912393651312,172.50000000000017,-210.00000000000074,105.00000000000037,198.3333333333337,105.00000000000037,0.0,0.0,-6.266986929404106e-10,0.0
134.0,-67.0,-126.55555555555537,-67.0,0.0,4.870916864047351,1.0,3.0,0.004761904761904745,1.2675867576341504,-41.24889196948098,373.9941734308403,173.44444444444463,-210.00000000000074,105.00000000000037,198.3333333333337,105.00000000000037,0.0,0.0,0.0,0.0
133.0,-66.5,-125.61111111111093,-66.5,0.0,4.883459546154703,1.0,3.0,0.0047619047619048005,1.2723486623960552,-36.712404781188155,375.5357589201151,174.38888888888908,-210.00000000000074,105.00000000000037,198.3333333333337,105.00000000000037,0.0,0.0,0.0,0.0
132.0,-66.0,-124.66666666666649,-66.0,0.0,4.895923337767121,1.0,3.0,0.004761904761904745,1.27711056715796,-32.14196050282166,377.0153295061291,175.33333333333348,-210.00000000000074,105.00000000000037,198.3333333333337,105.00000000000037,0.0,0.0,0.0,0.0
131.0,-65.5,-123.72222222222204,-65.5,0.0,4.9083078943045075,1.0,3.0,0.0047619047619048005,1.2818724719198646,-27.538495134041835,378.4322337636902,176.27777777777794,-210.00000000000074,105.00000000000037,198.3333333333337,105.00000000000037,0.0,0.0,0.0,0.0
130.0,-65.0,-122.7777777777776,-65.0,0.0,4.920612874454271,1.0,3.0,0.004761904761904745,1.2866343766817694,-22.90295650213309,379.7858353829581,177.2222222222224,-210.00000000000074,105.00000000000037,198.3333333333337,105.00000000000037,0.0,0.0,0.0,0.0
129.0,-64.5,-121.83333333333316,-64.5,0.0,4.932837940146054,1.0,3.0,0.004761904761904745,1.2913962814436741,-18.236304007893718,381.07551337885934,178.16666666666686,-210.00000000000074,105.00000000000037,198.3333333333337,105.00000000000037,0.0,0.0,0.0,0.0
128.0,-64.0,-120.88888888888872,-64.0,0.0,4.944982756528508,1.0,3.0,0.004761904761904745,1.2961581862055789,-13.539508367862336,382.3006622961361,179.1111111111113,-210.00000000000074,105.00000000000037,198.3333333333337,105.00000000000037,0.0,0.0,0.0,0.0
127.0,-63.5,-119.94444444444427,-63.5,0.0,4.9570469919458295,1.0,3.0,0.004761904761904745,1.3009200909674836,-8.813551352957543,383.46069240996485,180.0555555555557,-210.00000000000074,105.00000000000037,198.3333333333337,105.00000000000037,0.0,0.0,0.0,0.0
126.0,-63.0,-118.99999999999983,-63.0,0.0,4.969030317914796,1.0,3.0,0.0047619047619048005,1.3056819957293884,-4.059425523607952,384.5550299220814,181.00000000000017,-210.00000000000074,105.00000000000037,198.3333333333337,105.00000000000037,0.0,0.0,0.0,0.0
125.0,-62.5,-118.05555555555539,-62.5,0.0,4.980932409102488,1.0,3.0,0.0047619047619048005,1.3104439004912931,0.721866038549327,385.5831171523538,181.94444444444463,-210.00000000000074,105.00000000000037,198.3333333333337,105.00000000000037,0.0,0.0,0.0,0.0
124.0,-62.0,-117.11111111111094,-62.0,0.0,4.9927529433049935,1.0,3.0,0.004761904761904745,1.3152058052531979,5.529310002323291,386.5444127257401,182.88888888888903,-210.00000000000074,105.00000000000037,198.3333333333337,105.00000000000037,0.0,0.0,0.0,0.0
123.0,-61.5,-116.1666666666665,-61.5,0.0,5.004491601427161,1.0,3.0,0.004761904761904745,1.3199677100151026,10.361883061896654,387.4383917545762,183.83333333333348,-210.00000000000074,105.00000000000037,198.3333333333337,105.00000000000037,0.0,0.0,0.0,0.0
122.0,-61.0,-115.22222222222206,-61.0,0.0,5.016148067460413,1.0,3.0,0.004761904761904745,1.3247296147770073,15.21855221494325,388.2645460161342,184.77777777777794,-210.00000000000074,105.00000000000037,198.3333333333337,105.00000000000037,0.0,0.0,0.0,0.0
121.0,-60.5,-114.27777777777762,-60.5,0.0,5.027722028464275,1.0,3.0,0.004761904761904745,1.329491519538912,20.0982750438559,389.0223841253974,185.7222222222224,-210.00000000000074,105.00000000000037,198.3333333333337,105.00000000000037,0.0,0.0,0.0,0.0
120.0,-60.0,-113.33333333333317,-60.0,0.0,5.039213174546627,1.0,3.0,0.0047619047619048005,1.3342534243008168,24.999999999999993,389.71143170299746,186.66666666666686,-210.00000000000074,105.00000000000037,198.3333333333337,105.00000000000037,0.0,0.0,0.0,0.0
119.0,-59.5,-112.38888888888873,-59.5,0.0,5.0506211988442935,1.0,3.0,0.004761904761904745,1.3390153290627216,29.922666690908606,390.3312315382607,187.61111111111126,-210.00000000000074,105.00000000000037,198.3333333333337,105.00000000000037,0.0,0.0,0.0,0.0
118.0,-59.0,-111.44444444444429,-59.0,0.0,5.061945797505533,1.0,3.0,0.0047619047619048005,1.3437772338246263,34.86520617033545,390.8813437473135,188.5555555555557,-210.00000000000074,105.00000000000037,198.3333333333337,105.00000000000037,0.0,0.0,0.0,0.0
117.0,-58.5,-110.49999999999984,-58.5,0.0,5.0731866696708545,1.0,3.0,0.004761904761904745,1.348539138586531,39.82654123107782,391.36134592619663,189.50000000000017,-210.00000000000074,105.00000000000037,198.3333333333337,105.00000000000037,0.0,0.0,0.0,0.0
116.0,-58.0,-109.5555555555554,-58.0,0.0,5.084343517457221,1.0,3.0,0.004761904761904745,1.3533010433484358,44.8055867004857,391.77083329894,190.44444444444457,-210.00000000000074,105.00000000000037,198.3333333333337,105.00000000000037,0.0,0.0,0.0,0.0
115.0,-57.5,-108.61111111111096,-57.5,0.0,5.095416045939344,1.0,3.0,0.004761904761904745,1.3580629481103406,49.801249738566064,392.1094188605515,191.38888888888903,-210.00000000000074,105.00000000000037,198.3333333333337,105.00000000000037,0.0,0.0,0.0,0.0
114.0,-57.0,-107.66666666666652,-57.0,0.0,5.106403963133926,1.0,3.0,0.004761904761904745,1.3628248528722453,54.81243013859669,392.37673351487626,192.33333333333348,-210.00000000000074,105.00000000000037,198.3333333333337,105.00000000000037,0.0,0.0,0.0,0.0
113.0,-56.5,-106.72222222222207,-56.5,0.0,5.117306979983859,1.0,3.0,0.004761904761904856,1.3675867576341503,59.83802063015977,392.57242620728016,193.27777777777794,-209.99999999999096,104.99999999999548,198.33333333332445,104.99999999999548,2.053184289252297e-09,-1.0265921446261485e-09,-1.9457502276053744e-09,-1.0265921446261485e-09
112.0,-56.0,-105.77777777777763,-56.0,0.0,5.128124810341562,1.0,3.0,0.004761904761904745,1.372348662396055,64.87690718450425,392.696164052118,194.2222222222224,-210.00000000000074,105.00000000000037,198.3333333333337,105.00000000000037,-2.053184289252393e-09,1.0265921446261965e-09,1.9457502276054654e-09,1.0265921446261965e-09
111.0,-55.5,-104.83333333333319,-55.5,0.0,5.138857170954519,1.0,3.0,0.004761904761904745,1.3771105671579598,69.9279693221481,392.7476324549443,195.1666666666668,-210.00000000000074,105.00000000000037,198.3333333333337,105.00000000000037,0.0,0.0,0.0,0.0
110.0,-55.0,-103.88888888888874,-55.0,0.0,5.149503781449797,1.0,3.0,0.004761904761904745,1.3818724719198645,74.99008042262776,392.72653522942966,196.11111111111126,-210.00000000000074,105.00000000000037,198.3333333333337,105.00000000000037,0.0,0.0,0.0,0.0
109.0,-54.5,-102.9444444444443,-54.5,0.0,5.160064364319674,1.0,3.0,0.004761904761904745,1.3866343766817693,80.06210803630363,392.63259470894326,197.0555555555557,-210.00000000000074,105.00000000000037,198.3333333333337,105.00000000000037,0.0,0.0,0.0,0.0
108.0,-54.0,-101.99999999999986,-54.0,0.0,5.170538644907503,1.0,3.0,0.004761904761904745,1.391396281443674,85.1429141981288,392.46555185276765,198.0000000000001,-210.00000000000074,105.00000000000037,198.3333333333337,105.00000000000037,0.0,0.0,0.0,0.0
107.0,-53.5,-101.05555555555542,-53.5,0.0,5.180926351394078,1.0,3.0,0.004761904761904745,1.3961581862055787,90.23135574328798,392.2251663469115,198.94444444444457,-210.00000000000074,105.00000000000037,198.3333333333337,105.00000000000037,0.0,0.0,0.0,0.0
106.0,-53.0,-100.11111111111097,-53.0,0.0,5.191227214783823,1.0,3.0,0.004761904761904856,1.4009200909674835,95.32628462461226,391.91121669948706,199.88888888888903,-210.00000000000074,105.00000000000037,198.3333333333337,105.00000000000037,0.0,0.0,0.0,0.0
105.0,-52.5,-99.16666666666653,-52.5,0.0,5.201440968891766,1.0,3.0,0.004761904761904745,1.4056819957293882,100.42654823167594,391.52350033062254,200.83333333333348,-210.00000000000074,105.00000000000037,198.3333333333337,105.00000000000037,0.0,0.0,0.0,0.0
104.0,-52.0,-98.22222222222209,-52.0,0.0,5.211567350331497,1.0,3.0,0.004761904761904745,1.410443900491293,105.53098971148101,391.06183365687986,201.77777777777794,-210.00000000000074,105.00000000000037,198.3333333333337,105.00000000000037,0.0,0.0,0.0,0.0
103.0,-51.5,-97.27777777777764,-51.5,0.0,5.221606098501267,1.0,3.0,0.004761904761904745,1.4152058052531977,110.63844829063189,390.52605217015054,202.72222222222234,-210.00000000000074,105.00000000000037,198.3333333333337,105.00000000000037,0.0,0.0,0.0,0.0
102.0,-51.0,-96.3333333333332,-51.0,0.0,5.23155695557352,1.0,3.0,0.004761904761904745,1.4199677100151025,115.74775959890752,389.9160105110039,203.6666666666668,-210.00000000000074,105.00000000000037,198.3333333333337,105.00000000000037,0.0,0.0,0.0,0.0
101.0,-50.5,-95.38888888888876,-50.5,0.0,5.241419666481914,1.0,3.0,0.004761904761904745,1.4247296147770072,120.85775599413199,389.2315825364629,204.61111111111126,-210.00000000000074,105.00000000000037,198.3333333333337,105.00000000000037,0.0,0.0,0.0,0.0
100.0,-50.0,-94.44444444444431,-50.0,0.0,5.251193978910695,1.0,3.0,0.004761904761904745,1.429491519538912,125.9672668882487,388.4726613821862,205.55555555555566,-210.00000000000074,105.00000000000037,198.3333333333337,105.00000000000037,0.0,0.0,0.0,0.0
99.0,-49.5,-93.49999999999987,-49.5,0.0,5.26087964328271,1.0,3.0,0.004761904761904745,1.4342534243008167,131.07511907449964,387.63915951903533,206.5000000000001,-210.00000000000074,105.00000000000037,198.3333333333337,105.00000000000037,0.0,0.0,0.0,0.0
98.0,-49.0,-92.55555555555543,-49.0,0.0,5.2704764127492725,1.0,3.0,0.004761904761904745,1.4390153290627214,136.18013705561373,386.7310088040071,207.44444444444457,-210.00000000000074,105.00000000000037,198.3333333333337,105.00000000000037,0.0,0.0,0.0,0.0
97.0,-48.5,-91.61111111111099,-48.5,0.0,5.279984043178615,1.0,3.0,0.004761904761904856,1.4437772338246262,141.28114337290484,385.74816052551495,208.38888888888903,-210.00000000000074,105.00000000000037,198.3333333333337,105.00000000000037,0.0,0.0,0.0,0.0
96.0,-48.0,-90.66666666666654,-48.0,0.0,5.2894022931469244,1.0,3.0,0.004761904761904745,1.448539138586531,146.37695893618383,384.6905854430033,209.33333333333348,-210.00000000000074,105.00000000000037,198.3333333333337,105.00000000000037,0.0,0.0,0.0,0.0
95.0,-47.5,-89.7222222222221,-47.5,0.0,5.298730923926896,1.0,3.0,0.004761904761904745,1.4533010433484357,151.46640335438335,383.5582738208802,210.27777777777789,-210.00000000000074,105.00000000000037,198.3333333333337,105.00000000000037,0.0,0.0,0.0,0.0
94.0,-47.0,-88.77777777777766,-47.0,0.0,5.307969699478955,1.0,3.0,0.004761904761904745,1.4580629481103404,156.5482952667995,382.3512354567575,211.22222222222234,-210.00000000000074,105.00000000000037,198.3333333333337,105.00000000000037,0.0,0.0,0.0,0.0
93.0,-46.5,-87.83333333333321,-46.5,0.0,5.317118386440868,1.0,3.0,0.004761904761904745,1.4628248528722452,161.6214526748497,381.0694997039867,212.1666666666668,-210.00000000000074,105.00000000000037,198.3333333333337,105.00000000000037,0.0,0.0,0.0,0.0
92.0,-46.0,-86.88888888888877,-46.0,0.0,5.326176754119209,1.0,3.0,0.004761904761904745,1.46758675763415,166.6846932742492,379.71311548848195,213.1111111111112,-210.00000000000074,105.00000000000037,198.3333333333337,105.00000000000037,0.0,0.0,0.0,0.0
91.0,-45.5,-85.94444444444433,-45.5,0.0,5.335144574479543,1.0,3.0,0.004761904761904856,1.4723486623960547,171.736834787506,378.2821513198237,214.05555555555566,-210.00000000000074,105.00000000000037,198.3333333333337,105.00000000000037,0.0,0.0,0.0,0.0
90.0,-45.0,-84.99999999999989,-45.0,0.0,5.344021622138884,1.0,3.0,0.004761904761904745,1.4771105671579594,176.77669529663686,376.77669529663694,215.0000000000001,-210.00000000000074,105.00000000000037,198.3333333333337,105.00000000000037,0.0,0.0,0.0,0.0
89.0,-44.5,-84.05555555555544,-44.5,0.0,5.352807674355321,1.0,3.0,0.004761904761904745,1.4818724719198642,181.80309357600203,375.19685510624106,215.94444444444457,-210.00000000000074,105.00000000000037,198.3333333333337,105.00000000000037,0.0,0.0,0.0,0.0
88.0,-44.0,-83.111111111111,-44.0,0.0,5.361502511021314,1.0,3.0,0.004761904761904745,1.486634376681769,186.814849425163,373.5427580185686,216.88888888888903,-210.00000000000074,105.00000000000037,198.3333333333337,105.00000000000037,0.0,0.0,0.0,0.0
87.0,-43.5,-82.16666666666656,-43.5,0.0,5.3701059146541485,1.0,3.0,0.004761904761904745,1.4913962814436736,191.81078400166066,371.8145508743533,217.83333333333343,-210.00000000000074,105.00000000000037,198.3333333333337,105.00000000000037,0.0,0.0,0.0,0.0
86.0,-43.0,-81.22222222222211,-43.0,0.0,5.378617670389476,1.0,3.0,0.004761904761904745,1.4961581862055784,196.78972015361768,370.0124000675895,218.77777777777789,-210.00000000000074,105.00000000000037,198.3333333333337,105.00000000000037,0.0,0.0,0.0,0.0
85.0,-42.5,-80.27777777777767,-42.5,0.0,5.38703756597224,1.0,3.0,0.004761904761904745,1.5009200909674831,201.7504827520626,368.1364915222643,219.72222222222234,-210.00000000000074,105.00000000000037,198.3333333333337,105.00000000000037,0.0,0.0,0.0,0.0
84.0,-42.0,-79.33333333333323,-42.0,0.0,5.3953653917502775,1.0,3.0,0.004761904761904856,1.5056819957293879,206.6918990228792,366.1870306633693,220.66666666666674,-210.00000000000074,105.00000000000037,198.3333333333337,105.00000000000037,0.0,0.0,0.0,0.0
83.0,-41.5,-78.38888888888879,-41.5,0.0,5.403600940665979,1.0,3.0,0.004761904761904745,1.5104439004912926,211.61279887828,364.1642423821988,221.6111111111112,-210.00000000000074,105.00000000000037,198.3333333333337,105.00000000000037,0.0,0.0,0.0,0.0
82.0,-41.0,-77.44444444444434,-41.0,0.0,5.411744008249968,1.0,3.0,0.004761904761904745,1.5152058052531974,216.51201524770613,362.06837099594094,222.55555555555566,-210.00000000000074,105.00000000000037,198.3333333333337,105.00000000000037,0.0,0.0,0.0,0.0
81.0,-40.5,-76.4999999999999,-40.5,0.0,5.419794392613712,1.0,3.0,0.004761904761904745,1.5199677100151021,221.38838440805392,359.8996802015735,223.5000000000001,-210.00000000000074,105.00000000000037,198.3333333333337,105.00000000000037,0.0,0.0,0.0,0.0
80.0,-40.0,-75.55555555555546,-40.0,0.0,5.4277518944432614,1.0,3.0,0.004761904761904745,1.5247296147770069,226.24074631313056,357.65845302407644,224.44444444444454,-210.00000000000074,105.00000000000037,198.3333333333337,105.00000000000037,0.0,0.0,0.0,0.0
79.0,-39.5,-74.61111111111101,-39.5,0.0,5.4356163169920135,1.0,3.0,0.004761904761904745,1.5294915195389116,231.06794492223895,355.3449917589739,225.38888888888897,-210.00000000000074,105.00000000000037,198.3333333333337,105.00000000000037,0.0,0.0,0.0,0.0
78.0,-39.0,-73.66666666666657,-39.0,0.0,5.443387466074972,1.0,3.0,0.004761904761904856,1.5342534243008163,235.8688285277946,352.9596179092205,226.33333333333343,-210.00000000000074,105.00000000000037,198.3333333333337,105.00000000000037,0.0,0.0,0.0,0.0
77.0,-38.5,-72.72222222222213,-38.5,0.0,5.451065150061748,1.0,3.0,0.004761904761904745,1.539015329062721,240.64225008187643,350.50267211645206,227.27777777777789,-210.00000000000074,105.00000000000037,198.3333333333337,105.00000000000037,0.0,0.0,0.0,0.0
76.0,-38.0,-71.77777777777769,-38.0,0.0,5.458649179871807,1.0,3.0,0.004761904761904745,1.5437772338246258,245.38706752161406,347.97451408661396,228.2222222222223,-210.00000000000074,105.00000000000037,198.3333333333337,105.00000000000037,0.0,0.0,0.0,0.0
75.0,-37.5,-70.83333333333324,-37.5,0.0,5.466139368966674,1.0,3.0,0.004761904761904745,1.5485391385865306,250.10214409331292,345.3755225099939,229.16666666666674,-210.00000000000074,105.00000000000037,198.3333333333337,105.00000000000037,0.0,0.0,0.0,0.0
74.0,-37.0,-69.8888888888888,-37.0,0.0,5.47353553334629,1.0,3.0,0.004761904761904745,1.5533010433484353,254.78634867522302,342.70609497567597,230.1111111111112,-210.00000000000074,105.00000000000037,198.3333333333337,105.00000000000037,0.0,0.0,0.0,0.0
73.0,-36.5,-68.94444444444436,-36.5,0.0,5.480837491541842,1.0,3.0,0.004761904761904745,1.55806294811034,259.4385560988516,339.9666478804424,231.05555555555566,-210.00000000000074,105.00000000000037,198.3333333333337,105.00000000000037,0.0,0.0,0.0,0.0
72.0,-36.0,-67.99999999999991,-36.0,0.0,5.488045064610895,1.0,3.0,0.004761904761904745,1.5628248528722448,264.0576474687263,337.1576163321491,232.00000000000009,-210.00000000000074,105.00000000000037,198.3333333333337,105.00000000000037,0.0,0.0,0.0,0.0
71.0,-35.5,-67.05555555555547,-35.5,0.0,5.4951580761325545,1.0,3.0,0.004761904761904856,1.5675867576341496,268.64251048051113,334.27945404759834,232.9444444444445,-210.00000000000074,105.00000000000037,198.3333333333337,105.00000000000037,0.0,0.0,0.0,0.0
70.0,-35.0,-66.11111111111103,-35.0,0.0,5.502176352201356,1.0,3.0,0.004761904761904745,1.5723486623960543,273.19203973738166,331.3326332449432,233.88888888888897,-210.00000000000074,105.00000000000037,198.3333333333337,105.00000000000037,0.0,0.0,0.0,0.0
69.0,-34.5,-65.16666666666659,-34.5,0.0,5.509099721423255,1.0,3.0,0.004761904761904745,1.577110567157959,277.7051370645639,328.3176445306486,234.83333333333343,-210.00000000000074,105.00000000000037,198.3333333333337,105.00000000000037,0.0,0.0,0.0,0.0
68.0,-34.0,-64.22222222222214,-34.0,0.0,5.515928014910056,1.0,3.0,0.004761904761904745,1.5818724719198638,282.1807118219428,325.23499678104423,235.77777777777786,-210.00000000000074,105.00000000000037,198.3333333333337,105.00000000000037,0.0,0.0,0.0,0.0
67.0,-33.5,-63.27777777777769,-33.5,0.0,5.52266106627507,1.0,3.0,0.004761904761904745,1.5866343766817685,286.6176812146468,322.08521701850265,236.7222222222223,-210.00000000000074,105.00000000000037,198.3333333333352,105.00000000000037,0.0,0.0,3.1036506698001285e-10,0.0
66.0,-33.0,-62.33333333333324,-33.0,0.0,5.529298711628214,1.0,3.0,0.004761904761904745,1.5913962814436733,291.014970601516,318.868850282277,237.66666666666674,-210.00000000000074,105.00000000000037,198.3333333333352,105.00000000000037,0.0,0.0,0.0,0.0
65.0,-32.5,-61.38888888888879,-32.5,0.0,5.535840789572056,1.0,3.0,0.004761904761904856,1.596158186205578,295.3715138013613,315.586459494036,238.6111111111112,-210.00000000000074,105.00000000000037,198.3333333333352,105.00000000000037,0.0,0.0,0.0,0.0
64.0,-32.0,-60.44444444444434,-32.0,0.0,5.542287141196604,1.0,3.0,0.004761904761904745,1.6009200909674828,299.6862533969219,312.2386253181347,239.55555555555566,-210.00000000000074,105.00000000000037,198.3333333333352,105.00000000000037,0.0,0.0,0.0,0.0
63.0,-31.5,-59.49999999999989,-31.5,0.0,5.548637610076215,1.0,3.0,0.004761904761904745,1.6056819957293875,303.9581410364323,308.8259460166608,240.5000000000001,-210.00000000000074,105.00000000000037,198.3333333333352,105.00000000000037,0.0,0.0,0.0,0.0
62.0,-31.0,-58.55555555555544,-31.0,0.0,5.554892042264308,1.0,3.0,0.004761904761904745,1.6104439004912923,308.1861377327062,305.34903729929897,241.44444444444457,-210.00000000000074,105.00000000000037,198.3333333333352,105.00000000000037,0.0,0.0,0.0,0.0
61.0,-30.5,-57.61111111111099,-30.5,0.0,5.561050286290201,1.0,3.0,0.004761904761904745,1.615205805253197,312.36921415964883,301.80853216805525,242.388888888889,-210.00000000000074,105.00000000000037,198.3333333333352,105.00000000000037,0.0,0.0,0.0,0.0
60.0,-30.0,-56.66666666666654,-30.0,0.0,5.5671121931549346,1.0,3.0,0.004761904761904856,1.6199677100151018,316.50635094610965,298.20508075688775,243.33333333333346,-210.00000000000074,105.00000000000037,198.3333333333352,105.00000000000037,0.0,0.0,0.0,0.0
59.0,-29.5,-55.72222222222209,-29.5,0.0,5.573077616327372,1.0,3.0,0.004761904761904745,1.6247296147770065,320.5965389669857,294.5393501662893,244.2777777777779,-210.00000000000074,105.00000000000037,198.3333333333352,105.00000000000037,0.0,0.0,0.0,0.0
58.0,-29.0,-54.777777777777644,-29.0,0.0,5.578946411740973,1.0,3.0,0.004761904761904745,1.6294915195389112,324.63877963148985,290.8120242928695,245.22222222222234,-210.00000000000074,105.00000000000037,198.3333333333352,105.00000000000037,0.0,0.0,0.0,0.0
57.0,-28.5,-53.833333333333194,-28.5,0.0,5.584718437789723,1.0,3.0,0.004761904761904745,1.634253424300816,328.6320851684968,287.02380365398693,246.1666666666668,-210.00000000000074,105.00000000000037,198.3333333333352,105.00000000000037,0.0,0.0,0.0,0.0
56.0,-28.0,-52.888888888888744,-28.0,0.0,5.5903935553243915,1.0,3.0,0.004761904761904745,1.6390153290627207,332.5754789088811,283.1754052074811,247.11111111111126,-210.00000000000074,105.00000000000037,198.3333333333352,105.00000000000037,0.0,0.0,0.0,0.0
55.0,-27.5,-51.944444444444294,-27.5,0.0,5.595971627650731,1.0,3.0,0.004761904761904745,1.6437772338246255,336.4679955647646,279.2675621665569,248.0555555555557,-210.00000000000074,105.00000000000037,198.3333333333352,105.00000000000037,0.0,0.0,0.0,0.0
54.0,-27.0,-50.999999999999844,-27.0,0.0,5.601452520524326,1.0,3.0,0.004761904761904745,1.6485391385865302,340.30868150558655,275.30102380987626,249.00000000000017,-210.00000000000074,105.00000000000037,198.3333333333352,105.00000000000037,0.0,0.0,0.0,0.0
53.0,-26.5,-50.055555555555394,-26.5,0.0,5.606836102148445,1.0,3.0,0.004761904761904856,1.653301043348435,344.096595030916,271.2765552869108,249.9444444444446,-210.00000000000074,105.00000000000037,198.3333333333352,105.00000000000037,0.0,0.0,0.0,0.0
52.0,-26.0,-49.111111111110944,-26.0,0.0,5.612122243170502,1.0,3.0,0.004761904761904745,1.6580629481103397,347.8308066399234,267.19493741861385,250.88888888888906,-210.00000000000074,105.00000000000037,198.3333333333352,105.00000000000037,0.0,0.0,0.0,0.0
51.0,-25.5,-48.166666666666494,-25.5,0.0,5.617310816679994,1.0,3.0,0.004761904761904745,1.6628248528722445,351.5103992974326,263.056966493468,251.8333333333335,-210.00000000000074,105.00000000000037,198.3333333333352,105.00000000000037,0.0,0.0,0.0,0.0
50.0,-25.0,-47.222222222222044,-25.0,0.0,5.622401698204194,1.0,3.0,0.004761904761904745,1.6675867576341492,355.13446869647044,258.8634540589705,252.77777777777794,-210.00000000000074,105.00000000000037,198.3333333333352,105.00000000000037,0.0,0.0,0.0,0.0
49.0,-24.5,-46.277777777777594,-24.5,0.0,5.627394765706242,1.0,3.0,0.004761904761904745,1.672348662396054,358.7021235172373,254.61522670861422,253.7222222222224,-210.00000000000074,105.00000000000037,198.3333333333352,105.00000000000037,0.0,0.0,0.0,0.0
48.0,-24.0,-45.333333333333144,-24.0,0.0,5.632289899582695,1.0,3.0,0.004761904761904745,1.6771105671579587,362.21248568242186,250.3131258644289,254.66666666666686,-210.00000000000074,105.00000000000037,198.3333333333352,105.00000000000037,0.0,0.0,0.0,0.0
47.0,-23.5,-44.388888888888694,-23.5,0.0,5.637086982659744,1.0,3.0,0.004761904761904856,1.6818724719198634,365.6646906087807,245.9580075551457,255.6111111111113,-210.00000000000074,105.00000000000037,198.3333333333352,105.00000000000037,0.0,0.0,0.0,0.0
46.0,-23.0,-43.444444444444244,-23.0,0.0,5.641785900191913,1.0,3.0,0.004761904761904745,1.6866343766817682,369.0578874549095,241.5507421900487,256.55555555555577,-210.00000000000074,105.00000000000037,198.3333333333352,105.00000000000037,0.0,0.0,0.0,0.0
45.0,-22.5,-42.499999999999794,-22.5,0.0,5.646386539858483,1.0,3.0,0.004761904761904745,1.691396281443673,372.3912393651312,237.09221432858203,257.5000000000002,-210.00000000000074,105.00000000000037,198.3333333333352,105.00000000000037,0.0,0.0,0.0,0.0
44.0,-22.0,-41.555555555555344,-22.0,0.0,5.6508887917620605,1.0,3.0,0.004761904761904745,1.6961581862055777,375.6639237094271,232.5833224457775,258.4444444444447,-210.00000000000074,105.00000000000037,198.3333333333352,105.00000000000037,0.0,0.0,0.0,0.0
43.0,-21.5,-40.611111111110894,-21.5,0.0,5.6552925484252805,1.0,3.0,0.004761904761904745,1.7009200909674824,378.87513231934025,228.02497869357407,259.38888888888914,-210.00000000000074,105.00000000000037,198.3333333333352,105.00000000000037,0.0,0.0,0.0,0.0
42.0,-21.0,-39.666666666666444,-21.0,0.0,5.659597704789436,1.0,3.0,0.004761904761904745,1.7056819957293872,382.02407171977933,223.4181086580968,260.33333333333354,-210.00000000000074,105.00000000000037,198.3333333333352,105.00000000000037,0.0,0.0,0.0,0.0
41.0,-20.5,-38.722222222221994,-20.5,0.0,5.663804158211746,1.0,3.0,0.004761904761904745,1.710443900491292,385.1099633566538,218.76365111296838,261.277777777778,-210.00000000000074,105.00000000000037,198.3333333333352,105.00000000000037,0.0,0.0,0.0,0.0
40.0,-20.0,-37.777777777777544,-20.0,0.0,5.667911808463311,1.0,3.0,0.004761904761904856,1.7152058052531967,388.1320438202727,214.06255776872507,262.22222222222246,-210.00000000000074,105.00000000000037,198.3333333333352,105.00000000000037,0.0,0.0,0.0,0.0
39.0,-19.5,-36.833333333333094,-19.5,0.0,5.671920557727054,1.0,3.0,0.004761904761904745,1.7199677100151014,391.0895650644388,209.31579301841026,263.1666666666669,-210.00000000000074,105.00000000000037,198.3333333333352,105.00000000000037,0.0,0.0,0.0,0.0
38.0,-19.0,-35.888888888888644,-19.0,0.0,5.675830310596117,1.0,3.0,0.004761904761904745,1.7247296147770061,393.98179462117366,204.52433367942086,264.11111111111137,-210.00000000000074,105.00000000000037,198.3333333333352,105.00000000000037,0.0,0.0,0.0,0.0
37.0,-18.5,-34.944444444444194,-18.5,0.0,5.67964097407119,1.0,3.0,0.004761904761904745,1.729491519538911,396.80801581100843,199.68916873168274,265.05555555555577,-210.00000000000074,105.00000000000037,198.3333333333352,105.00000000000037,0.0,0.0,0.0,0.0
36.0,-18.0,-33.999999999999744,-18.0,0.0,5.6833524575595336,1.0,3.0,0.004761904761904745,1.7342534243008156,399.56752794877787,194.81129905223156,266.0000000000002,-210.00000000000074,105.00000000000037,198.3333333333352,105.00000000000037,0.0,0.0,0.0,0.0
35.0,-17.5,-33.055555555555294,-17.5,0.0,5.6869646728726,1.0,3.0,0.004761904761904745,1.7390153290627204,402.2596465448551,189.89173714627753,266.9444444444447,-210.00000000000074,105.00000000000037,198.3333333333352,105.00000000000037,0.0,0.0,0.0,0.0
34.0,-17.0,-32.111111111110844,-17.0,0.0,5.690477534224125,1.0,3.0,0.004761904761904745,1.7437772338246251,404.88370350176723,184.93150687483362,267.88888888888914,-210.00000000000074,105.00000000000037,198.3333333333352,105.00000000000037,0.0,0.0,0.0,0.0
33.0,-16.5,-31.166666666666398,-16.5,0.0,5.693890958229422,1.0,3.0,0.004761904761904856,1.7485391385865299,407.4390473061331,179.93164317898612,268.8333333333336,-210.00000000000074,105.00000000000037,198.33333333333445,105.00000000000037,0.0,0.0,-1.5518253349000642e-10,0.0
32.0,-16.0,-30.22222222222195,-16.0,0.0,5.697204863902608,1.0,3.0,0.004761904761904745,1.7533010433484346,409.9250432158649,174.89319180089083,269.77777777777806,-210.00000000000074,105.00000000000037,198.33333333333445,105.00000000000037,0.0,0.0,0.0,0.0
31.0,-15.5,-29.277777777777505,-15.5,0.0,5.700419172655928,1.0,3.0,0.004761904761904745,1.7580629481103394,412.3410734425782,169.81720900157512,270.7222222222225,-210.00000000000074,105.00000000000037,198.33333333333445,105.00000000000037,0.0,0.0,0.0,0.0
30.0,-15.0,-28.33333333333306,-15.0,0.0,5.703533808297816,1.0,3.0,0.004761904761904745,1.762824852872244,414.6865373291548,164.70476127563023,271.66666666666697,-210.00000000000074,105.00000000000037,198.33333333333445,105.00000000000037,0.0,0.0,0.0,0.0
29.0,-14.5,-27.388888888888612,-14.5,0.0,5.706548697031449,1.0,3.0,0.004761904761904745,1.7675867576341489,416.9608515224061,159.5569250628778,272.6111111111114,-210.00000000000074,105.00000000000037,198.33333333333445,105.00000000000037,0.0,0.0,0.0,0.0
28.0,-14.0,-26.444444444444166,-14.0,0.0,5.709463767453797,1.0,3.0,0.004761904761904745,1.7723486623960536,419.16345014078456,154.37478645709515,273.5555555555558,-210.00000000000074,105.00000000000037,198.33333333333445,105.00000000000037,0.0,0.0,0.0,0.0
27.0,-13.5,-25.49999999999972,-13.5,0.0,5.712278950553696,1.0,3.0,0.004761904761904856,1.7771105671579583,421.2937849370927,149.15944091188575,274.5000000000003,-210.00000000000074,105.00000000000037,198.33333333333445,105.00000000000037,0.0,0.0,0.0,0.0
26.0,-13.0,-24.555555555555273,-13.0,0.0,5.714994179711037,1.0,3.0,0.004761904761904745,1.781872471919863,423.35132545614226,143.9119929437818,275.44444444444474,-210.00000000000074,105.00000000000037,198.33333333333445,105.00000000000037,0.0,0.0,0.0,0.0
25.0,-12.5,-23.611111111110826,-12.5,0.0,5.717609390695301,1.0,3.0,0.004761904761904745,1.7866343766817678,425.3355591873133,138.63355583266565,276.38888888888914,-210.00000000000074,105.00000000000037,198.33333333333445,105.00000000000037,0.0,0.0,0.0,0.0
24.0,-12.0,-22.66666666666638,-12.0,0.0,5.720124521664549,1.0,3.0,0.004761904761904745,1.7913962814436726,427.24599171197156,133.32525131959991,277.3333333333336,-210.00000000000074,105.00000000000037,198.33333333333445,105.00000000000037,0.0,0.0,0.0,0.0
23.0,-11.5,-21.722222222221934,-11.5,0.0,5.722539513164152,1.0,3.0,0.004761904761904745,1.7961581862055773,429.08214684569555,127.9882093021541,278.27777777777806,-210.00000000000074,105.00000000000037,198.33333333333445,105.00000000000037,0.0,0.0,0.0,0.0
22.0,-11.0,-20.777777777777487,-11.0,0.0,5.7248543081257335,1.0,3.0,0.004761904761904745,1.800920090967482,430.8435667752735,122.62356752731867,279.2222222222225,-210.00000000000074,105.00000000000037,198.33333333333445,105.00000000000037,0.0,0.0,0.0,0.0
21.0,-10.5,-19.83333333333304,-10.5,0.0,5.727068851866401,1.0,3.0,0.004761904761904745,1.8056819957293868,432.52981219042897,117.23247128209698,280.16666666666697,-210.00000000000074,105.00000000000037,198.33333333333445,105.00000000000037,0.0,0.0,0.0,0.0
20.0,-10.0,-18.888888888888594,-10.0,0.0,5.729183092087411,1.0,3.0,0.004761904761904856,1.8104439004912916,434.1404624102337,111.81607308186638,281.1111111111114,-210.00000000000074,105.00000000000037,198.33333333333445,105.00000000000037,0.0,0.0,0.0,0.0
19.0,-9.5,-17.944444444444148,-9.5,0.0,5.731196978873383,1.0,3.0,0.004761904761904745,1.8152058052531963,435.67511550417123,106.3755323566008,282.0555555555559,-210.00000000000074,105.00000000000037,198.33333333333445,105.00000000000037,0.0,0.0,0.0,0.0
18.0,-9.0,-16.9999999999997,-9.0,0.0,5.733110464691587,1.0,3.0,0.004761904761904745,1.819967710015101,437.1333884078151,100.91201513504724,283.0000000000003,-210.00000000000074,105.00000000000037,198.33333333333445,105.00000000000037,0.0,0.0,0.0,0.0
17.0,-8.5,-16.055555555555255,-8.5,0.0,5.73492350439086,1.0,3.0,0.004761904761904745,1.8247296147770058,438.51491703308625,95.42669372695006,283.94444444444474,-210.00000000000074,105.00000000000037,198.33333333333445,105.00000000000037,0.0,0.0,0.0,0.0
16.0,-8.0,-15.111111111110809,-8.0,0.0,5.736636055201075,1.0,3.0,0.004761904761904745,1.8294915195389105,439.8193563730564,89.92074640341625,284.8888888888892,-210.00000000000074,105.00000000000037,198.33333333333445,105.00000000000037,0.0,0.0,0.0,0.0
15.0,-7.5,-14.166666666666362,-7.5,0.0,5.738248076731932,1.0,3.0,0.004761904761904745,1.8342534243008153,441.04638060126626,84.3953570755171,285.8333333333336,-210.00000000000074,105.00000000000037,198.33333333333445,105.00000000000037,0.0,0.0,0.0,0.0
14.0,-7.0,-13.222222222221916,-7.0,0.0,5.739759530972962,1.0,3.0,0.004761904761904856,1.83901532906272,442.1956831655298,78.85171497122047,286.77777777777806,-210.00000000000074,105.00000000000037,198.33333333333445,105.00000000000037,0.0,0.0,0.0,0.0
13.0,-6.5,-12.27777777777747,-6.5,0.0,5.741170382292295,1.0,3.0,0.0047761741879163155,1.8437915032506362,443.2669768761939,73.29101431074973,287.7222222222225,-209.37259837172934,104.68629918586467,197.74078735107813,104.68629918586467,131.36070913383688,-65.68035456691844,-124.0628919597355,-65.68035456691844
12.0,-6.0,-11.333333333333023,-6.0,0.0,5.74248059743621,1.0,3.0,0.0049309247822466595,1.848722428032883,444.2599939888295,67.71445398046528,288.66666666666697,-202.80171451821937,101.40085725910969,191.53495260054092,101.40085725910969,1332.5865113919058,-666.2932556959529,-1258.5539274256917,-666.2932556959529
11.0,-5.5,-10.388888888888577,-5.5,0.0,5.743690145528642,1.0,3.0,0.005141031293035225,1.8538634593259182,445.1744862813275,62.12323720536502,289.6111111111114,-194.51350186386165,97.25675093193082,183.70719620475862,97.25675093193082,1612.1692675914924,-806.0846337957462,-1522.6043082808558,-806.0846337957462
10.0,-5.0,-9.44444444444413,-5.0,0.0,5.744798998070717,1.0,3.0,0.005380529635437337,1.8592439889613557,446.010225125378,56.51857122030066,290.5555555555559,-185.85530937582095,92.92765468791048,175.53001441049793,92.92765468791048,1609.1710435002128,-804.5855217501064,-1519.7726521946513,-804.5855217501064
9.0,-4.5,-8.499999999999684,-4.5,0.0,5.745807128939965,1.0,3.0,0.00565698732880493,1.8649009762901607,446.7670015523096,50.901666940007466,291.50000000000034,-176.77253666594936,88.38626833297468,166.9518401845081,88.38626833297468,1605.5847718842601,-802.7923859421301,-1516.3856178906908,-802.7923859421301
8.0,-4.0,-7.555555555555237,-4.0,0.0,5.746714514390245,1.0,3.0,0.00598101784478744,1.8708819941349482,447.4446263132701,45.27373862804446,292.4444444444448,-167.19562220860405,83.59781110430202,157.9069765303486,83.59781110430202,1601.2181715344248,-800.6090857672124,-1512.2616064491833,-800.6090857672124
7.0,-3.5,-6.611111111110791,-3.5,0.0,5.7475211330510785,1.0,3.0,0.006368065463870365,1.8772500595988184,448.0429299337311,39.63600356474377,293.3888888888892,-157.03356155391032,78.51678077695516,148.3094748009156,78.51678077695516,1595.7845773334184,-797.8922886667092,-1507.1298785926765,-797.8922886667092
6.0,-3.0,-5.6666666666663446,-3.0,0.0,5.748226965927454,1.0,3.0,0.006841663872570902,1.8840917234713892,448.56176276229814,33.98968171426671,294.33333333333366,-146.16327528295318,73.08163764147659,138.0430933227894,73.08163764147659,1588.8366446264147,-794.4183223132073,-1500.5679421471743,-794.4183223132073
5.0,-2.5,-4.722222222221898,-2.5,0.0,5.748831996399354,1.0,3.0,0.007439867081190377,1.8915315905525796,449.00099501381357,28.335995390865694,295.2777777777781,-134.4110034610995,67.20550173054976,126.94372549103869,67.20550173054976,1579.6346485229556,-789.8173242614778,-1491.8771680494594,-789.8173242614778
4.0,-2.0,-3.7777777777774517,-2.0,0.0,5.74933621022162,1.0,3.0,0.00822931237773128,1.8997609029303109,449.36051680673876,22.676168924450362,296.2222222222225,-121.51683568435493,60.758417842177465,114.76590036855767,60.758417842177465,1566.8584670131754,-783.4292335065877,-1479.8107744013362,-783.4292335065877
3.0,-1.5,-2.8333333333330053,-1.5,0.0,5.749739595523664,1.0,3.0,0.009340689191436491,1.9091015921217473,449.64023819480406,17.011428325557112,297.16666666666697,-107.05848139308567,53.529240696542836,101.1107879823589,53.529240696542836,1547.8894538664904,-773.9447269332452,-1461.8955953183543,-773.9447269332452
2.0,-1.0,-1.8888888888885589,-1.0,0.0,5.750042142809201,1.0,3.0,0.011079783051032521,1.9201813751727799,449.84008919291693,11.34300094982113,298.1111111111114,-90.25447478475766,45.12723739237883,85.24033729671575,45.12723739237883,1516.6367907142414,-758.3183953571207,-1432.3791912301197,-758.3183953571207
1.0,-0.5,-0.9444444444441124,-0.5,0.0,5.750243844956191,1.0,3.0,0.014439454397681462,1.9346208295704614,449.9600197973211,5.672115162050245,299.0555555555559,-69.25469428821091,34.62734714410546,65.40721127219935,34.62734714410546,1454.333378407879,-727.1666892039395,-1373.5370796074435,-727.1666892039395
0.0,0.0,3.341771304121721e-13,0.0,0.0,5.7503446972166685,1.0,3.0,0.03485992664015025,1.9694807562106118,450.0,5.878304635907296e-14,300.00000000000034,-28.686233632179746,14.343116816089873,27.092553985947596,14.343116816089873,1163.7563404768018,-581.8781702384009,-1099.1032104503158,-581.8781702384009
