J1_Position,J2_Position,J3_Position,J4_Position,Error,MM_Step,Deg_step,Move_ID,Time,Time_Total,X,Y,Z,J1_Velocity,J2_Velocity,J3_Velocity,J4_Velocity,J1_Acceleration,J2_Acceleration,J3_Acceleration,J4_Acceleration
0.0,0.0,0.0,0.0,0.0,0.0,0.0,1.0,0.0,0.0,450.0,5.878304635907296e-14,300.0,0.0,0.0,0.0,0.0,0.0,0.0,0.0,0.0
1.0,-0.5,-0.9444444444444444,-0.5,0.0,5.7503446972166685,1.0,2.0,0.0,0.0,449.9600197973211,5.672115162050245,299.05555555555554,0.0,0.0,0.0,0.0,0.0,0.0,0.0,0.0
2.0,-1.0,-1.8888888888888888,-1.0,0.0,5.750243844956191,1.0,2.0,0.05311190517281447,0.05311190517281447,449.84008919291693,11.34300094982113,298.1111111111111,18.828170383762732,-9.414085191881366,-17.782160917998134,-9.414085191881366,354.50000000000006,-177.25000000000003,-334.80555555555554,-177.25000000000003
3.0,-1.5,-2.833333333333333,-1.5,0.0,5.750042142809201,1.0,2.0,0.011936628297426463,0.06504853347024094,449.64023819480406,17.011428325557112,297.16666666666663,83.77575099792627,-41.88787549896313,-79.12154260915257,-41.88787549896313,5441.032341449908,-2720.516170724954,-5138.752766924912,-2720.516170724954
4.0,-2.0,-3.7777777777777777,-2.0,0.0,5.749739595523654,1.0,2.0,0.010063043148627035,0.07511157661886797,449.36051680673876,22.676168924450362,296.22222222222223,99.37351805317822,-49.68675902658911,-93.85276705022389,-49.68675902658911,1550.0049860543481,-775.0024930271741,-1463.8935979402208,-775.0024930271741
5.0,-2.5,-4.722222222222222,-2.5,0.0,5.749336210221629,1.0,2.0,0.008865718989618326,0.0839772956084863,449.00099501381357,28.335995390865694,295.27777777777777,112.79401040919417,-56.397005204597086,-106.5276764975723,-56.397005204597086,1513.7511545009745,-756.8755772504873,-1429.6538681398104,-756.8755772504873
6.0,-3.0,-5.666666666666667,-3.0,0.0,5.748831996399345,1.0,2.0,0.008015222637608649,0.09199251824609495,448.56176276229814,33.98968171426671,294.33333333333337,124.76259802289799,-62.381299011448995,-117.83134257718146,-62.381299011448995,1493.2320853503652,-746.6160426751826,-1410.2747472753447,-746.6160426751826
7.0,-3.5,-6.611111111111112,-3.5,0.0,5.748226965927454,1.0,2.0,0.007370757911654244,0.09936327615774919,448.0429299337311,39.63600356474377,293.3888888888889,135.6712582323256,-67.8356291161628,-128.13396610830756,-67.8356291161628,1479.9916562419503,-739.9958281209751,-1397.7698975618437,-739.9958281209751
8.0,-4.0,-7.555555555555556,-4.0,0.0,5.747521133051088,1.0,2.0,0.006860534187879755,0.10622381034562894,447.4446263132701,45.27373862804446,292.44444444444446,145.7612443308951,-72.88062216544755,-137.6633974236232,-72.88062216544755,1470.7289290089216,-735.3644645044608,-1389.0217662862053,-735.3644645044608
9.0,-4.5,-8.5,-4.5,0.0,5.746714514390245,1.0,2.0,0.006443554582673011,0.11266736492830196,446.7670015523096,50.901666940007466,291.5,155.19384326921696,-77.59692163460848,-146.5719630875937,-77.59692163460848,1463.881281255305,-731.9406406276526,-1382.5545434077665,-731.9406406276526
10.0,-5.0,-9.444444444444445,-5.0,0.0,5.745807128939965,1.0,2.0,0.006094465452633924,0.11876183038093588,446.010225125378,56.51857122030066,290.55555555555554,164.08329947424957,-82.04164973712479,-154.96756061456907,-82.04164973712479,1458.6113046535927,-729.3056523267963,-1377.5773432839678,-729.3056523267963
11.0,-5.5,-10.38888888888889,-5.5,0.0,5.744798998070717,1.0,2.0,0.0057966281474723935,0.12455845852840827,445.1744862813275,62.12323720536502,289.6111111111111,172.5140848367249,-86.25704241836245,-162.92996901246244,-86.25704241836245,1454.4292212622856,-727.2146106311428,-1373.6275978588276,-727.2146106311428
12.0,-6.0,-11.333333333333334,-6.0,0.0,5.743690145528642,1.0,2.0,0.005538608412073598,0.13009706694048187,444.2599939888295,67.71445398046528,288.66666666666663,180.55076755744324,-90.27538377872162,-170.52016935980754,-90.27538377872162,1451.0292338413387,-725.5146169206694,-1370.4164986279307,-725.5146169206694
13.0,-6.5,-12.277777777777779,-6.5,0.0,5.742480597436201,1.0,2.0,0.005312253499653419,0.1354093204401353,443.2669768761939,73.29101431074973,287.72222222222223,188.24402865285737,-94.12201432642868,-177.786027061032,-94.12201432642868,1448.2104620790503,-724.1052310395252,-1367.754325296882,-724.1052310395252
14.0,-7.0,-13.222222222222223,-7.0,0.0,5.741170382292295,1.0,2.0,0.005111572303976825,0.1405208927441121,442.1956831655298,78.85171497122047,286.77777777777777,195.6345211476312,-97.8172605738156,-184.7659366394295,-97.8172605738156,1445.835460260242,-722.917730130121,-1365.5112680235586,-722.917730130121
15.0,-7.5,-14.166666666666668,-7.5,0.0,5.739759530972953,1.0,2.0,0.004932049932016902,0.14545294267612902,441.04638060126626,84.3953570755171,285.83333333333337,202.75544931295173,-101.37772465647586,-191.49125768445444,-101.37772465647586,1443.8069896848153,-721.9034948424077,-1363.595490257882,-721.9034948424077
16.0,-8.0,-15.111111111111112,-8.0,0.0,5.738248076731941,1.0,2.0,0.004770210561606925,0.15022315323773594,439.8193563730564,89.92074640341625,284.8888888888889,209.63435200292992,-104.81717600146496,-197.9879991138783,-104.81717600146496,1442.0543079047893,-721.0271539523947,-1361.9401796878574,-721.0271539523947
17.0,-8.5,-16.055555555555557,-8.5,0.0,5.736636055201075,1.0,2.0,0.004623328815397287,0.15484648205313323,438.51491703308625,95.42669372695006,283.94444444444446,216.2943714212265,-108.14718571061324,-204.2780174533806,-108.14718571061324,1440.5247137336194,-720.2623568668097,-1360.4955629706421,-720.2623568668097
18.0,-9.0,-17.0,-9.0,0.0,5.73492350439086,1.0,2.0,0.004489233465310188,0.15933571551844342,437.1333884078151,100.91201513504724,283.0,222.7551780782477,-111.37758903912385,-210.37989040723357,-111.37758903912385,1439.1781374138875,-719.5890687069437,-1359.2237964463595,-719.5890687069437
19.0,-9.5,-17.944444444444443,-9.5,0.0,5.733110464691596,1.0,2.0,0.0043661704673855495,0.16370188598582897,435.67511550417123,106.3755323566008,282.05555555555554,229.0336594665295,-114.51682973326476,-216.3095672739442,-114.51682973326476,1437.9835682506816,-718.9917841253408,-1358.0955922367584,-718.9917841253408
20.0,-10.0,-18.888888888888886,-10.0,0.0,5.731196978873383,1.0,2.0,0.0042527052311436275,0.1679545912169726,434.1404624102337,111.81607308186638,281.1111111111111,235.1444423367858,-117.5722211683929,-222.08086220696399,-117.5722211683929,1436.9166302675978,-718.4583151337989,-1357.0879285860558,-718.4583151337989
21.0,-10.5,-19.83333333333333,-10.5,0.0,5.7291830920874025,1.0,2.0,0.004147651494746246,0.17210224271171884,432.52981219042897,117.23247128209698,280.1666666666667,241.10029525544314,-120.55014762772157,-227.70583440791813,-120.55014762772157,1435.957897186278,-717.978948593139,-1356.1824584537046,-717.978948593139
22.0,-11.0,-20.77777777777777,-11.0,0.0,5.727068851866401,1.0,2.0,0.004050018647442838,0.17615226135916168,430.8435667752735,122.62356752731867,279.22222222222223,246.91244338625333,-123.45622169312666,-233.19508542034998,-123.45622169312666,1435.0916963011882,-717.5458481505941,-1355.364379840013,-717.5458481505941
23.0,-11.5,-21.722222222222214,-11.5,0.0,5.7248543081257335,1.0,2.0,0.003958972098081132,0.1801112334572428,429.08214684569555,127.9882093021541,278.27777777777777,252.590817824831,-126.2954089124155,-238.55799461233997,-126.2954089124155,1434.3052433559474,-717.1526216779737,-1354.6216187250538,-717.1526216779737
24.0,-12.0,-22.666666666666657,-12.0,0.0,5.7225395131641426,1.0,2.0,0.003873803034947082,0.1839850364921899,427.24599171197156,133.32525131959991,277.33333333333337,258.1442553941467,-129.07212769707334,-243.80290787224922,-129.07212769707334,1433.5880062088786,-716.7940031044393,-1353.9442280861608,-716.7940031044393
25.0,-12.5,-23.6111111111111,-12.5,0.0,5.720124521664549,1.0,2.0,0.0037939050549800346,0.18777894154716993,425.3355591873133,138.63355583266565,276.3888888888889,263.58066042990697,-131.79033021495349,-248.9372904060228,-131.79033021495349,1432.9312296901687,-716.4656148450844,-1353.3239391518218,-716.4656148450844
26.0,-13.0,-24.555555555555543,-13.0,0.0,5.717609390695311,1.0,2.0,0.0037187558909937413,0.19149769743816367,423.35132545614226,143.9119929437818,275.44444444444446,268.907137040602,-134.453568520301,-253.96785164945703,-134.453568520301,1432.3275758957245,-716.1637879478623,-1352.7538216793073,-716.1637879478623
27.0,-13.5,-25.499999999999986,-13.5,0.0,5.714994179711037,1.0,2.0,0.0036479029725591527,0.19514560041072282,421.2937849370927,149.15944091188575,274.5,274.13009817485886,-137.06504908742943,-258.90064827625514,-137.06504908742943,1431.77084849731,-715.885424248655,-1352.228023580778,-715.885424248655
28.0,-14.0,-26.44444444444443,-14.0,0.0,5.712278950553696,1.0,2.0,0.003580951904775559,0.19872655231549838,419.16345014078456,154.37478645709515,273.55555555555554,279.25535628289214,-139.62767814144607,-263.741169822731,-139.62767814144607,1431.2557790006151,-715.6278895003076,-1351.741569056139,-715.6278895003076
29.0,-14.5,-27.38888888888887,-14.5,0.0,5.709463767453797,1.0,2.0,0.003517557192658949,0.20224410950815733,416.9608515224061,159.5569250628778,272.61111111111114,284.28819923297175,-142.14409961648587,-268.4944103866951,-142.14409961648587,1430.77785930049,-715.388929650245,-1351.2902004504645,-715.388929650245
30.0,-15.0,-28.333333333333314,-15.0,0.0,5.706548697031449,1.0,2.0,0.0034574147115006837,0.205701524219658,414.6865373291548,164.70476127563023,271.6666666666667,289.23345431302107,-144.61672715651054,-273.16492907340836,-144.61672715651054,1430.3332092616808,-715.1666046308404,-1350.8702531915883,-715.1666046308404
31.0,-15.5,-29.277777777777757,-15.5,0.0,5.703533808297816,1.0,2.0,0.0034077894635021477,0.20910931368316016,412.3410734425782,169.81720900157512,270.72222222222223,293.44535826233556,-146.72267913116778,-277.142838358872,-146.72267913116778,1235.9636633731363,-617.9818316865682,-1167.2990154079446,-617.9818316865682
32.0,-16.0,-30.2222222222222,-16.0,0.0,5.700419172655918,1.0,2.0,0.003401360544217663,0.21251067422737782,409.9250432158649,174.89319180089083,269.7777777777778,294.00000000000205,-147.00000000000102,-277.66666666666816,-147.00000000000102,163.0646708739481,-81.53233543697405,-154.0055224920779,-81.53233543697405
33.0,-16.5,-31.166666666666643,-16.5,0.0,5.697204863902608,1.0,2.0,0.003401360544217691,0.2159120347715955,407.4390473061331,179.93164317898612,268.83333333333337,293.99999999999966,-146.99999999999983,-277.6666666666659,-146.99999999999983,-7.019025360932565e-10,3.5095126804662827e-10,6.684786058031015e-10,3.5095126804662827e-10
34.0,-17.0,-32.111111111111086,-17.0,0.0,5.693890958229422,1.0,2.0,0.003401360544217691,0.2193133953158132,404.88370350176723,184.93150687483362,267.8888888888889,293.99999999999966,-146.99999999999983,-277.6666666666659,-146.99999999999983,0.0,0.0,0.0,0.0
35.0,-17.5,-33.05555555555553,-17.5,0.0,5.690477534224125,1.0,2.0,0.003401360544217691,0.2227147558600309,402.2596465448551,189.89173714627753,266.94444444444446,293.99999999999966,-146.99999999999983,-277.6666666666659,-146.99999999999983,0.0,0.0,0.0,0.0
36.0,-18.0,-33.99999999999997,-18.0,0.0,5.6869646728726,1.0,2.0,0.003401360544217691,0.22611611640424858,399.56752794877787,194.81129905223156,266.0,293.99999999999966,-146.99999999999983,-277.6666666666659,-146.99999999999983,0.0,0.0,0.0,0.0
37.0,-18.5,-34.944444444444414,-18.5,0.0,5.683352457559524,1.0,2.0,0.003401360544217691,0.22951747694846628,396.80801581100843,199.68916873168274,265.0555555555556,293.99999999999966,-146.99999999999983,-277.6666666666659,-146.99999999999983,0.0,0.0,0.0,0.0
38.0,-19.0,-35.88888888888886,-19.0,0.0,5.6796409740712,1.0,2.0,0.003401360544217691,0.23291883749268397,393.98179462117366,204.52433367942086,264.11111111111114,293.99999999999966,-146.99999999999983,-277.6666666666659,-146.99999999999983,0.0,0.0,0.0,0.0
39.0,-19.5,-36.8333333333333,-19.5,0.0,5.675830310596117,1.0,2.0,0.003401360544217663,0.23632019803690163,391.0895650644388,209.31579301841026,263.1666666666667,294.00000000000205,-147.00000000000102,-277.66666666666816,-147.00000000000102,7.019025360932623e-10,-3.5095126804663117e-10,-6.68478605803107e-10,-3.5095126804663117e-10
40.0,-20.0,-37.77777777777774,-20.0,0.0,5.671920557727045,1.0,2.0,0.003401360544217691,0.23972155858111932,388.1320438202727,214.06255776872507,262.2222222222223,293.99999999999966,-146.99999999999983,-277.6666666666659,-146.99999999999983,-7.019025360932565e-10,3.5095126804662827e-10,6.684786058031015e-10,3.5095126804662827e-10
41.0,-20.5,-38.722222222222186,-20.5,0.0,5.667911808463311,1.0,2.0,0.003401360544217691,0.243122919125337,385.1099633566538,218.76365111296838,261.2777777777778,293.99999999999966,-146.99999999999983,-277.6666666666659,-146.99999999999983,0.0,0.0,0.0,0.0
42.0,-21.0,-39.66666666666663,-21.0,0.0,5.663804158211746,1.0,2.0,0.003401360544217691,0.2465242796695547,382.02407171977933,223.4181086580968,260.33333333333337,293.99999999999966,-146.99999999999983,-277.6666666666659,-146.99999999999983,0.0,0.0,0.0,0.0
43.0,-21.5,-40.61111111111107,-21.5,0.0,5.659597704789446,1.0,2.0,0.003401360544217691,0.2499256402137724,378.87513231934025,228.02497869357407,259.3888888888889,293.99999999999966,-146.99999999999983,-277.6666666666659,-146.99999999999983,0.0,0.0,0.0,0.0
44.0,-22.0,-41.555555555555515,-22.0,0.0,5.6552925484252805,1.0,2.0,0.003401360544217691,0.2533270007579901,375.6639237094271,232.5833224457775,258.44444444444446,293.99999999999966,-146.99999999999983,-277.6666666666659,-146.99999999999983,0.0,0.0,0.0,0.0
45.0,-22.5,-42.49999999999996,-22.5,0.0,5.650888791762051,1.0,2.0,0.003401360544217691,0.2567283613022078,372.3912393651312,237.09221432858203,257.50000000000006,293.99999999999966,-146.99999999999983,-277.6666666666659,-146.99999999999983,0.0,0.0,0.0,0.0
46.0,-23.0,-43.4444444444444,-23.0,0.0,5.646386539858483,1.0,2.0,0.003401360544217691,0.26012972184642547,369.0578874549095,241.5507421900487,256.5555555555556,293.99999999999966,-146.99999999999983,-277.6666666666659,-146.99999999999983,0.0,0.0,0.0,0.0
47.0,-23.5,-44.38888888888884,-23.5,0.0,5.641785900191913,1.0,2.0,0.003401360544217691,0.26353108239064316,365.6646906087807,245.9580075551457,255.61111111111114,293.99999999999966,-146.99999999999983,-277.6666666666659,-146.99999999999983,0.0,0.0,0.0,0.0
48.0,-24.0,-45.333333333333286,-24.0,0.0,5.637086982659739,1.0,2.0,0.003401360544217691,0.26693244293486085,362.21248568242186,250.3131258644289,254.6666666666667,293.99999999999966,-146.99999999999983,-277.6666666666659,-146.99999999999983,0.0,0.0,0.0,0.0
49.0,-24.5,-46.27777777777773,-24.5,0.0,5.632289899582689,1.0,2.0,0.003401360544217691,0.27033380347907854,358.7021235172373,254.61522670861422,253.72222222222229,293.99999999999966,-146.99999999999983,-277.6666666666659,-146.99999999999983,0.0,0.0,0.0,0.0
50.0,-25.0,-47.22222222222217,-25.0,0.0,5.627394765706242,1.0,2.0,0.003401360544217691,0.27373516402329623,355.13446869647044,258.8634540589705,252.77777777777783,293.99999999999966,-146.99999999999983,-277.6666666666659,-146.99999999999983,0.0,0.0,0.0,0.0
51.0,-25.5,-48.166666666666615,-25.5,0.0,5.622401698204199,1.0,2.0,0.003401360544217691,0.2771365245675139,351.5103992974326,263.056966493468,251.83333333333337,293.99999999999966,-146.99999999999983,-277.6666666666659,-146.99999999999983,0.0,0.0,0.0,0.0
52.0,-26.0,-49.11111111111106,-26.0,0.0,5.617310816679988,1.0,2.0,0.0034013605442176353,0.28053788511173156,347.8308066399234,267.19493741861385,250.88888888888894,294.0000000000045,-147.00000000000225,-277.66666666667044,-147.00000000000225,1.4205170373316138e-09,-7.102585186658069e-10,-1.3369572116062248e-09,-7.102585186658069e-10
53.0,-26.5,-50.0555555555555,-26.5,0.0,5.612122243170497,1.0,2.0,0.003401360544217691,0.28393924565594925,344.096595030916,271.2765552869108,249.9444444444445,293.99999999999966,-146.99999999999983,-277.6666666666659,-146.99999999999983,-1.4205170373315906e-09,7.102585186657953e-10,1.336957211606203e-09,7.102585186657953e-10
54.0,-27.0,-50.99999999999994,-27.0,0.0,5.606836102148449,1.0,2.0,0.003401360544217691,0.28734060620016694,340.30868150558655,275.30102380987626,249.00000000000006,293.99999999999966,-146.99999999999983,-277.6666666666659,-146.99999999999983,0.0,0.0,0.0,0.0
55.0,-27.5,-51.944444444444386,-27.5,0.0,5.601452520524326,1.0,2.0,0.003401360544217691,0.29074196674438463,336.4679955647646,279.2675621665569,248.0555555555556,293.99999999999966,-146.99999999999983,-277.6666666666659,-146.99999999999983,0.0,0.0,0.0,0.0
56.0,-28.0,-52.88888888888883,-28.0,0.0,5.595971627650726,1.0,2.0,0.003401360544217691,0.2941433272886023,332.5754789088811,283.1754052074811,247.11111111111117,293.99999999999966,-146.99999999999983,-277.6666666666659,-146.99999999999983,0.0,0.0,0.0,0.0
57.0,-28.5,-53.83333333333327,-28.5,0.0,5.590393555324387,1.0,2.0,0.003401360544217691,0.29754468783282,328.6320851684968,287.02380365398693,246.16666666666674,293.99999999999966,-146.99999999999983,-277.6666666666659,-146.99999999999983,0.0,0.0,0.0,0.0
58.0,-29.0,-54.777777777777715,-29.0,0.0,5.584718437789723,1.0,2.0,0.003401360544217691,0.3009460483770377,324.63877963148985,290.8120242928695,245.22222222222229,293.99999999999966,-146.99999999999983,-277.6666666666659,-146.99999999999983,0.0,0.0,0.0,0.0
59.0,-29.5,-55.72222222222216,-29.5,0.0,5.5789464117409775,1.0,2.0,0.003401360544217691,0.3043474089212554,320.5965389669857,294.5393501662893,244.27777777777783,293.99999999999966,-146.99999999999983,-277.6666666666659,-146.99999999999983,0.0,0.0,0.0,0.0
60.0,-30.0,-56.6666666666666,-30.0,0.0,5.573077616327367,1.0,2.0,0.003401360544217691,0.3077487694654731,316.50635094610965,298.20508075688775,243.3333333333334,293.99999999999966,-146.99999999999983,-277.6666666666659,-146.99999999999983,0.0,0.0,0.0,0.0
61.0,-30.5,-57.61111111111104,-30.5,0.0,5.56711219315493,1.0,2.0,0.003401360544217691,0.3111501300096908,312.36921415964883,301.80853216805525,242.38888888888897,293.99999999999966,-146.99999999999983,-277.6666666666659,-146.99999999999983,0.0,0.0,0.0,0.0
62.0,-31.0,-58.555555555555486,-31.0,0.0,5.561050286290206,1.0,2.0,0.003401360544217691,0.31455149055390846,308.1861377327062,305.34903729929897,241.4444444444445,293.99999999999966,-146.99999999999983,-277.6666666666659,-146.99999999999983,0.0,0.0,0.0,0.0
63.0,-31.5,-59.49999999999993,-31.5,0.0,5.554892042264308,1.0,2.0,0.003401360544217691,0.31795285109812615,303.9581410364323,308.8259460166608,240.50000000000006,293.99999999999966,-146.99999999999983,-277.6666666666659,-146.99999999999983,0.0,0.0,0.0,0.0
64.0,-32.0,-60.44444444444437,-32.0,0.0,5.54863761007621,1.0,2.0,0.003401360544217691,0.32135421164234385,299.6862533969219,312.2386253181347,239.55555555555563,293.99999999999966,-146.99999999999983,-277.6666666666659,-146.99999999999983,0.0,0.0,0.0,0.0
65.0,-32.5,-61.388888888888815,-32.5,0.0,5.542287141196598,1.0,2.0,0.003401360544217691,0.32475557218656154,295.3715138013613,315.586459494036,238.6111111111112,293.99999999999966,-146.99999999999983,-277.6666666666659,-146.99999999999983,0.0,0.0,0.0,0.0
66.0,-33.0,-62.33333333333326,-33.0,0.0,5.535840789572056,1.0,2.0,0.003401360544217691,0.3281569327307792,291.014970601516,318.868850282277,237.66666666666674,293.99999999999966,-146.99999999999983,-277.6666666666659,-146.99999999999983,0.0,0.0,0.0,0.0
67.0,-33.5,-63.2777777777777,-33.5,0.0,5.529298711628218,1.0,2.0,0.0034013605442176353,0.33155829327499686,286.6176812146468,322.08521701850265,236.72222222222229,294.0000000000045,-147.00000000000225,-277.66666666667044,-147.00000000000225,1.4205170373316138e-09,-7.102585186658069e-10,-1.3369572116062248e-09,-7.102585186658069e-10
68.0,-34.0,-64.22222222222214,-34.0,0.0,5.522661066275066,1.0,2.0,0.003401360544217691,0.33495965381921455,282.1807118219428,325.23499678104423,235.77777777777786,293.99999999999966,-146.99999999999983,-277.6666666666659,-146.99999999999983,-1.4205170373315906e-09,7.102585186657953e-10,1.336957211606203e-09,7.102585186657953e-10
69.0,-34.5,-65.16666666666659,-34.5,0.0,5.515928014910056,1.0,2.0,0.003401360544217691,0.33836101436343224,277.7051370645639,328.3176445306486,234.83333333333343,293.99999999999966,-146.99999999999983,-277.6666666666659,-146.99999999999983,0.0,0.0,0.0,0.0
70.0,-35.0,-66.11111111111103,-35.0,0.0,5.509099721423255,1.0,2.0,0.003401360544217691,0.34176237490764994,273.19203973738166,331.3326332449432,233.88888888888897,293.99999999999966,-146.99999999999983,-277.6666666666659,-146.99999999999983,0.0,0.0,0.0,0.0
71.0,-35.5,-67.05555555555547,-35.5,0.0,5.502176352201356,1.0,2.0,0.003401360544217691,0.3451637354518676,268.64251048051113,334.27945404759834,232.9444444444445,293.99999999999966,-146.99999999999983,-277.6666666666659,-146.99999999999983,0.0,0.0,0.0,0.0
72.0,-36.0,-67.99999999999991,-36.0,0.0,5.4951580761325545,1.0,2.0,0.003401360544217691,0.3485650959960853,264.0576474687263,337.1576163321491,232.00000000000009,293.99999999999966,-146.99999999999983,-277.6666666666659,-146.99999999999983,0.0,0.0,0.0,0.0
73.0,-36.5,-68.94444444444436,-36.5,0.0,5.488045064610895,1.0,2.0,0.003401360544217691,0.351966456540303,259.4385560988516,339.9666478804424,231.05555555555566,293.99999999999966,-146.99999999999983,-277.6666666666659,-146.99999999999983,0.0,0.0,0.0,0.0
74.0,-37.0,-69.8888888888888,-37.0,0.0,5.480837491541842,1.0,2.0,0.003401360544217691,0.3553678170845207,254.78634867522302,342.70609497567597,230.1111111111112,293.99999999999966,-146.99999999999983,-277.6666666666659,-146.99999999999983,0.0,0.0,0.0,0.0
75.0,-37.5,-70.83333333333324,-37.5,0.0,5.47353553334629,1.0,2.0,0.003401360544217691,0.3587691776287384,250.10214409331292,345.3755225099939,229.16666666666674,293.99999999999966,-146.99999999999983,-277.6666666666659,-146.99999999999983,0.0,0.0,0.0,0.0
76.0,-38.0,-71.77777777777769,-38.0,0.0,5.466139368966674,1.0,2.0,0.003401360544217691,0.3621705381729561,245.38706752161406,347.97451408661396,228.2222222222223,293.99999999999966,-146.99999999999983,-277.6666666666659,-146.99999999999983,0.0,0.0,0.0,0.0
77.0,-38.5,-72.72222222222213,-38.5,0.0,5.458649179871807,1.0,2.0,0.003401360544217691,0.36557189871717377,240.64225008187643,350.50267211645206,227.27777777777789,293.99999999999966,-146.99999999999983,-277.6666666666659,-146.99999999999983,0.0,0.0,0.0,0.0
78.0,-39.0,-73.66666666666657,-39.0,0.0,5.451065150061748,1.0,2.0,0.003401360544217691,0.36897325926139146,235.8688285277946,352.9596179092205,226.33333333333343,293.99999999999966,-146.99999999999983,-277.6666666666659,-146.99999999999983,0.0,0.0,0.0,0.0
79.0,-39.5,-74.61111111111101,-39.5,0.0,5.443387466074972,1.0,2.0,0.003401360544217691,0.37237461980560915,231.06794492223895,355.3449917589739,225.38888888888897,293.99999999999966,-146.99999999999983,-277.6666666666659,-146.99999999999983,0.0,0.0,0.0,0.0
80.0,-40.0,-75.55555555555546,-40.0,0.0,5.4356163169920135,1.0,2.0,0.003401360544217691,0.37577598034982684,226.24074631313056,357.65845302407644,224.44444444444454,293.99999999999966,-146.99999999999983,-277.6666666666659,-146.99999999999983,0.0,0.0,0.0,0.0
81.0,-40.5,-76.4999999999999,-40.5,0.0,5.4277518944432614,1.0,2.0,0.003401360544217691,0.37917734089404453,221.38838440805392,359.8996802015735,223.5000000000001,293.99999999999966,-146.99999999999983,-277.6666666666659,-146.99999999999983,0.0,0.0,0.0,0.0
82.0,-41.0,-77.44444444444434,-41.0,0.0,5.419794392613712,1.0,2.0,0.003401360544217691,0.3825787014382622,216.51201524770613,362.06837099594094,222.55555555555566,293.99999999999966,-146.99999999999983,-277.6666666666659,-146.99999999999983,0.0,0.0,0.0,0.0
83.0,-41.5,-78.38888888888879,-41.5,0.0,5.411744008249968,1.0,2.0,0.003401360544217691,0.3859800619824799,211.61279887828,364.1642423821988,221.6111111111112,293.99999999999966,-146.99999999999983,-277.6666666666659,-146.99999999999983,0.0,0.0,0.0,0.0
84.0,-42.0,-79.33333333333323,-42.0,0.0,5.403600940665979,1.0,2.0,0.003401360544217691,0.3893814225266976,206.6918990228792,366.1870306633693,220.66666666666674,293.99999999999966,-146.99999999999983,-277.6666666666659,-146.99999999999983,0.0,0.0,0.0,0.0
85.0,-42.5,-80.27777777777767,-42.5,0.0,5.3953653917502775,1.0,2.0,0.003401360544217691,0.3927827830709153,201.7504827520626,368.1364915222643,219.72222222222234,293.99999999999966,-146.99999999999983,-277.6666666666659,-146.99999999999983,0.0,0.0,0.0,0.0
86.0,-43.0,-81.22222222222211,-43.0,0.0,5.38703756597224,1.0,2.0,0.003401360544217691,0.396184143615133,196.78972015361768,370.0124000675895,218.77777777777789,293.99999999999966,-146.99999999999983,-277.6666666666659,-146.99999999999983,0.0,0.0,0.0,0.0
87.0,-43.5,-82.16666666666656,-43.5,0.0,5.378617670389476,1.0,2.0,0.0034013605442176353,0.3995855041593506,191.81078400166066,371.8145508743533,217.83333333333343,294.0000000000045,-147.00000000000225,-277.66666666667044,-147.00000000000225,1.4205170373316138e-09,-7.102585186658069e-10,-1.3369572116062248e-09,-7.102585186658069e-10
88.0,-44.0,-83.111111111111,-44.0,0.0,5.3701059146541485,1.0,2.0,0.003401360544217691,0.4029868647035683,186.814849425163,373.5427580185686,216.88888888888903,293.99999999999966,-146.99999999999983,-277.6666666666659,-146.99999999999983,-1.4205170373315906e-09,7.102585186657953e-10,1.336957211606203e-09,7.102585186657953e-10
89.0,-44.5,-84.05555555555544,-44.5,0.0,5.361502511021314,1.0,2.0,0.003401360544217691,0.406388225247786,181.80309357600203,375.19685510624106,215.94444444444457,293.99999999999966,-146.99999999999983,-277.6666666666659,-146.99999999999983,0.0,0.0,0.0,0.0
90.0,-45.0,-84.99999999999989,-45.0,0.0,5.352807674355321,1.0,2.0,0.003401360544217691,0.4097895857920037,176.77669529663686,376.77669529663694,215.0000000000001,293.99999999999966,-146.99999999999983,-277.6666666666659,-146.99999999999983,0.0,0.0,0.0,0.0
91.0,-45.5,-85.94444444444433,-45.5,0.0,5.344021622138884,1.0,2.0,0.003401360544217691,0.4131909463362214,171.736834787506,378.2821513198237,214.05555555555566,293.99999999999966,-146.99999999999983,-277.6666666666659,-146.99999999999983,0.0,0.0,0.0,0.0
92.0,-46.0,-86.88888888888877,-46.0,0.0,5.335144574479543,1.0,2.0,0.003401360544217691,0.4165923068804391,166.6846932742492,379.71311548848195,213.1111111111112,293.99999999999966,-146.99999999999983,-277.6666666666659,-146.99999999999983,0.0,0.0,0.0,0.0
93.0,-46.5,-87.83333333333321,-46.5,0.0,5.326176754119209,1.0,2.0,0.003401360544217691,0.41999366742465677,161.6214526748497,381.0694997039867,212.1666666666668,293.99999999999966,-146.99999999999983,-277.6666666666659,-146.99999999999983,0.0,0.0,0.0,0.0
94.0,-47.0,-88.77777777777766,-47.0,0.0,5.317118386440868,1.0,2.0,0.0034013605442176353,0.4233950279688744,156.5482952667995,382.3512354567575,211.22222222222234,294.0000000000045,-147.00000000000225,-277.66666666667044,-147.00000000000225,1.4205170373316138e-09,-7.102585186658069e-10,-1.3369572116062248e-09,-7.102585186658069e-10
95.0,-47.5,-89.7222222222221,-47.5,0.0,5.307969699478955,1.0,2.0,0.003401360544217691,0.4267963885130921,151.46640335438335,383.5582738208802,210.27777777777789,293.99999999999966,-146.99999999999983,-277.6666666666659,-146.99999999999983,-1.4205170373315906e-09,7.102585186657953e-10,1.336957211606203e-09,7.102585186657953e-10
96.0,-48.0,-90.66666666666654,-48.0,0.0,5.298730923926896,1.0,2.0,0.003401360544217691,0.4301977490573098,146.37695893618383,384.6905854430033,209.33333333333348,293.99999999999966,-146.99999999999983,-277.6666666666659,-146.99999999999983,0.0,0.0,0.0,0.0
97.0,-48.5,-91.61111111111099,-48.5,0.0,5.2894022931469244,1.0,2.0,0.003401360544217691,0.4335991096015275,141.28114337290484,385.74816052551495,208.38888888888903,293.99999999999966,-146.99999999999983,-277.6666666666659,-146.99999999999983,0.0,0.0,0.0,0.0
98.0,-49.0,-92.55555555555543,-49.0,0.0,5.279984043178615,1.0,2.0,0.003401360544217691,0.43700047014574517,136.18013705561373,386.7310088040071,207.44444444444457,293.99999999999966,-146.99999999999983,-277.6666666666659,-146.99999999999983,0.0,0.0,0.0,0.0
99.0,-49.5,-93.49999999999987,-49.5,0.0,5.2704764127492725,1.0,2.0,0.003401360544217691,0.44040183068996286,131.07511907449964,387.63915951903533,206.5000000000001,293.99999999999966,-146.99999999999983,-277.6666666666659,-146.99999999999983,0.0,0.0,0.0,0.0
100.0,-50.0,-94.44444444444431,-50.0,0.0,5.26087964328271,1.0,2.0,0.003401360544217691,0.44380319123418055,125.9672668882487,388.4726613821862,205.55555555555566,293.99999999999966,-146.99999999999983,-277.6666666666659,-146.99999999999983,0.0,0.0,0.0,0.0
101.0,-50.5,-95.38888888888876,-50.5,0.0,5.251193978910695,1.0,2.0,0.003401360544217691,0.44720455177839824,120.85775599413199,389.2315825364629,204.61111111111126,293.99999999999966,-146.99999999999983,-277.6666666666659,-146.99999999999983,0.0,0.0,0.0,0.0
102.0,-51.0,-96.3333333333332,-51.0,0.0,5.241419666481914,1.0,2.0,0.003401360544217691,0.45060591232261593,115.74775959890752,389.9160105110039,203.6666666666668,293.99999999999966,-146.99999999999983,-277.6666666666659,-146.99999999999983,0.0,0.0,0.0,0.0
103.0,-51.5,-97.27777777777764,-51.5,0.0,5.23155695557352,1.0,2.0,0.003401360544217691,0.4540072728668336,110.63844829063189,390.52605217015054,202.72222222222234,293.99999999999966,-146.99999999999983,-277.6666666666659,-146.99999999999983,0.0,0.0,0.0,0.0
104.0,-52.0,-98.22222222222209,-52.0,0.0,5.221606098501267,1.0,2.0,0.003401360544217691,0.4574086334110513,105.53098971148101,391.06183365687986,201.77777777777794,293.99999999999966,-146.99999999999983,-277.6666666666659,-146.99999999999983,0.0,0.0,0.0,0.0
105.0,-52.5,-99.16666666666653,-52.5,0.0,5.211567350331497,1.0,2.0,0.003401360544217691,0.460809993955269,100.42654823167594,391.52350033062254,200.83333333333348,293.99999999999966,-146.99999999999983,-277.6666666666659,-146.99999999999983,0.0,0.0,0.0,0.0
106.0,-53.0,-100.11111111111097,-53.0,0.0,5.201440968891766,1.0,2.0,0.003401360544217691,0.4642113544994867,95.32628462461226,391.91121669948706,199.88888888888903,293.99999999999966,-146.99999999999983,-277.6666666666659,-146.99999999999983,0.0,0.0,0.0,0.0
107.0,-53.5,-101.05555555555542,-53.5,0.0,5.191227214783823,1.0,2.0,0.003401360544217691,0.4676127150437044,90.23135574328798,392.2251663469115,198.94444444444457,293.99999999999966,-146.99999999999983,-277.6666666666659,-146.99999999999983,0.0,0.0,0.0,0.0
108.0,-54.0,-101.99999999999986,-54.0,0.0,5.180926351394078,1.0,2.0,0.003401360544217691,0.4710140755879221,85.1429141981288,392.46555185276765,198.0000000000001,293.99999999999966,-146.99999999999983,-277.6666666666659,-146.99999999999983,0.0,0.0,0.0,0.0
109.0,-54.5,-102.9444444444443,-54.5,0.0,5.170538644907503,1.0,2.0,0.003401360544217691,0.47441543613213977,80.06210803630363,392.63259470894326,197.0555555555557,293.99999999999966,-146.99999999999983,-277.6666666666659,-146.99999999999983,0.0,0.0,0.0,0.0
110.0,-55.0,-103.88888888888874,-55.0,0.0,5.160064364319674,1.0,2.0,0.003401360544217691,0.47781679667635746,74.99008042262776,392.72653522942966,196.11111111111126,293.99999999999966,-146.99999999999983,-277.6666666666659,-146.99999999999983,0.0,0.0,0.0,0.0
111.0,-55.5,-104.83333333333319,-55.5,0.0,5.149503781449797,1.0,2.0,0.003401360544217691,0.48121815722057515,69.9279693221481,392.7476324549443,195.1666666666668,293.99999999999966,-146.99999999999983,-277.6666666666659,-146.99999999999983,0.0,0.0,0.0,0.0
112.0,-56.0,-105.77777777777763,-56.0,0.0,5.138857170954519,1.0,2.0,0.003401360544217691,0.48461951776479284,64.87690718450425,392.696164052118,194.2222222222224,293.99999999999966,-146.99999999999983,-277.6666666666659,-146.99999999999983,0.0,0.0,0.0,0.0
113.0,-56.5,-106.72222222222207,-56.5,0.0,5.128124810341562,1.0,2.0,0.0034013605442176353,0.4880208783090105,59.83802063015977,392.57242620728016,193.27777777777794,294.0000000000045,-147.00000000000225,-277.66666666667044,-147.00000000000225,1.4205170373316138e-09,-7.102585186658069e-10,-1.3369572116062248e-09,-7.102585186658069e-10
114.0,-57.0,-107.66666666666652,-57.0,0.0,5.117306979983859,1.0,2.0,0.003401360544217691,0.49142223885322817,54.81243013859669,392.37673351487626,192.33333333333348,293.99999999999966,-146.99999999999983,-277.6666666666659,-146.99999999999983,-1.4205170373315906e-09,7.102585186657953e-10,1.336957211606203e-09,7.102585186657953e-10
115.0,-57.5,-108.61111111111096,-57.5,0.0,5.106403963133926,1.0,2.0,0.003401360544217691,0.49482359939744586,49.801249738566064,392.1094188605515,191.38888888888903,293.99999999999966,-146.99999999999983,-277.6666666666659,-146.99999999999983,0.0,0.0,0.0,0.0
116.0,-58.0,-109.5555555555554,-58.0,0.0,5.095416045939344,1.0,2.0,0.003401360544217691,0.49822495994166355,44.8055867004857,391.77083329894,190.44444444444457,293.99999999999966,-146.99999999999983,-277.6666666666659,-146.99999999999983,0.0,0.0,0.0,0.0
117.0,-58.5,-110.49999999999984,-58.5,0.0,5.084343517457221,1.0,2.0,0.0034013605442177464,0.5016263204858813,39.82654123107782,391.36134592619663,189.50000000000017,293.9999999999949,-146.99999999999744,-277.66666666666134,-146.99999999999744,-1.4038050721864903e-09,7.019025360932452e-10,1.3369572116061811e-09,7.019025360932452e-10
118.0,-59.0,-111.44444444444429,-59.0,0.0,5.0731866696708545,1.0,2.0,0.00340136054421758,0.5050276810300989,34.86520617033545,390.8813437473135,188.5555555555557,294.00000000000927,-147.00000000000463,-277.666666666675,-147.00000000000463,4.228127181704755e-09,-2.1140635908523775e-09,-4.01087163481874e-09,-2.1140635908523775e-09
119.0,-59.5,-112.38888888888873,-59.5,0.0,5.061945797505533,1.0,2.0,0.003401360544217802,0.5084290415743167,29.922666690908606,390.3312315382607,187.61111111111126,293.99999999999005,-146.99999999999503,-277.66666666665685,-146.99999999999503,-5.648644219036024e-09,2.824322109518012e-09,5.33111688127956e-09,2.824322109518012e-09
120.0,-60.0,-113.33333333333317,-60.0,0.0,5.0506211988442935,1.0,2.0,0.00340136054421758,0.5118304021185343,24.999999999999993,389.71143170299746,186.66666666666686,294.00000000000927,-147.00000000000463,-277.666666666675,-147.00000000000463,5.648644219036392e-09,-2.824322109518196e-09,-5.331116881279908e-09,-2.824322109518196e-09
121.0,-60.5,-114.27777777777762,-60.5,0.0,5.039213174546627,1.0,2.0,0.003401360544217802,0.5152317626627521,20.0982750438559,389.0223841253974,185.7222222222224,293.99999999999005,-146.99999999999503,-277.66666666665685,-146.99999999999503,-5.648644219036024e-09,2.824322109518012e-09,5.33111688127956e-09,2.824322109518012e-09
122.0,-61.0,-115.22222222222206,-61.0,0.0,5.027722028464275,1.0,2.0,0.00340136054421758,0.5186331232069696,15.21855221494325,388.2645460161342,184.77777777777794,294.00000000000927,-147.00000000000463,-277.666666666675,-147.00000000000463,5.648644219036392e-09,-2.824322109518196e-09,-5.331116881279908e-09,-2.824322109518196e-09
123.0,-61.5,-116.1666666666665,-61.5,0.0,5.016148067460413,1.0,2.0,0.003401360544217802,0.5220344837511874,10.361883061896654,387.4383917545762,183.83333333333348,293.99999999999005,-146.99999999999503,-277.66666666665685,-146.99999999999503,-5.648644219036024e-09,2.824322109518012e-09,5.33111688127956e-09,2.824322109518012e-09
124.0,-62.0,-117.11111111111094,-62.0,0.0,5.004491601427161,1.0,2.0,0.00340136054421758,0.525435844295405,5.529310002323291,386.5444127257401,182.88888888888903,294.00000000000927,-147.00000000000463,-277.666666666675,-147.00000000000463,5.648644219036392e-09,-2.824322109518196e-09,-5.331116881279908e-09,-2.824322109518196e-09
125.0,-62.5,-118.05555555555539,-62.5,0.0,4.9927529433049935,1.0,2.0,0.003401360544217802,0.5288372048396228,0.721866038549327,385.5831171523538,181.94444444444463,293.99999999999005,-146.99999999999503,-277.66666666665685,-146.99999999999503,-5.648644219036024e-09,2.824322109518012e-09,5.33111688127956e-09,2.824322109518012e-09
126.0,-63.0,-118.99999999999983,-63.0,0.0,4.980932409102488,1.0,2.0,0.00340136054421758,0.5322385653838404,-4.059425523607952,384.5550299220814,181.00000000000017,294.00000000000927,-147.00000000000463,-277.666666666675,-147.00000000000463,5.648644219036392e-09,-2.824322109518196e-09,-5.331116881279908e-09,-2.824322109518196e-09
127.0,-63.5,-119.94444444444427,-63.5,0.0,4.969030317914796,1.0,2.0,0.003401360544217691,0.5356399259280581,-8.813551352957543,383.46069240996485,180.0555555555557,293.99999999999966,-146.99999999999983,-277.6666666666659,-146.99999999999983,-2.8243221095181037e-09,1.4121610547590519e-09,2.673914423212406e-09,1.4121610547590519e-09
128.0,-64.0,-120.88888888888872,-64.0,0.0,4.9570469919458295,1.0,2.0,0.003401360544217691,0.5390412864722758,-13.539508367862336,382.3006622961361,179.1111111111113,293.99999999999966,-146.99999999999983,-277.6666666666659,-146.99999999999983,0.0,0.0,0.0,0.0
129.0,-64.5,-121.83333333333316,-64.5,0.0,4.944982756528508,1.0,2.0,0.003401360544217691,0.5424426470164935,-18.236304007893718,381.07551337885934,178.16666666666686,293.99999999999966,-146.99999999999983,-277.6666666666659,-146.99999999999983,0.0,0.0,0.0,0.0
130.0,-65.0,-122.7777777777776,-65.0,0.0,4.932837940146054,1.0,2.0,0.003401360544217691,0.5458440075607112,-22.90295650213309,379.7858353829581,177.2222222222224,293.99999999999966,-146.99999999999983,-277.6666666666659,-146.99999999999983,0.0,0.0,0.0,0.0
131.0,-65.5,-123.72222222222204,-65.5,0.0,4.920612874454271,1.0,2.0,0.003401360544217691,0.5492453681049289,-27.538495134041835,378.4322337636902,176.27777777777794,293.99999999999966,-146.99999999999983,-277.6666666666659,-146.99999999999983,0.0,0.0,0.0,0.0
132.0,-66.0,-124.66666666666649,-66.0,0.0,4.9083078943045075,1.0,2.0,0.003401360544217691,0.5526467286491465,-32.14196050282166,377.0153295061291,175.33333333333348,293.99999999999966,-146.99999999999983,-277.6666666666659,-146.99999999999983,0.0,0.0,0.0,0.0
133.0,-66.5,-125.61111111111093,-66.5,0.0,4.895923337767121,1.0,2.0,0.003401360544217691,0.5560480891933642,-36.712404781188155,375.5357589201151,174.38888888888908,293.99999999999966,-146.99999999999983,-277.6666666666659,-146.99999999999983,0.0,0.0,0.0,0.0
134.0,-67.0,-126.55555555555537,-67.0,0.0,4.883459546154703,1.0,2.0,0.003401360544217691,0.5594494497375819,-41.24889196948098,373.9941734308403,173.44444444444463,293.99999999999966,-146.99999999999983,-277.6666666666659,-146.99999999999983,0.0,0.0,0.0,0.0
135.0,-67.5,-127.49999999999982,-67.5,0.0,4.870916864047351,1.0,2.0,0.003401360544217691,0.5628508102817996,-45.75049814603709,372.3912393651312,172.50000000000017,293.99999999999966,-146.99999999999983,-277.6666666666659,-146.99999999999983,0.0,0.0,0.0,0.0
136.0,-68.0,-128.44444444444426,-68.0,0.0,4.8582956393173236,1.0,2.0,0.003401360544217691,0.5662521708260173,-50.21631171375233,370.7276377334963,171.55555555555577,293.99999999999966,-146.99999999999983,-277.6666666666659,-146.99999999999983,0.0,0.0,0.0,0.0
137.0,-68.5,-129.38888888888872,-68.5,0.0,4.845596223155464,1.0,2.0,0.003401360544217691,0.569653531370235,-54.645433642759855,369.0040640080058,170.6111111111113,293.99999999999966,-146.99999999999983,-277.6666666666701,-146.99999999999983,0.0,0.0,-1.2366854207357377e-09,0.0
138.0,-69.0,-130.33333333333317,-69.0,0.0,4.8328189700977395,1.0,2.0,0.003401360544217691,0.5730548919144527,-59.0369777091538,367.22122789607215,169.66666666666686,293.99999999999966,-146.99999999999983,-277.6666666666701,-146.99999999999983,0.0,0.0,0.0,0.0
139.0,-69.5,-131.27777777777763,-69.5,0.0,4.819964238052455,1.0,2.0,0.003401360544217691,0.5764562524586704,-63.39007072968761,365.3798531102009,168.7222222222224,293.99999999999966,-146.99999999999983,-277.6666666666701,-146.99999999999983,0.0,0.0,0.0,0.0
140.0,-70.0,-132.2222222222221,-70.0,0.0,4.807032388327606,1.0,2.0,0.003401360544217691,0.5798576130028881,-67.70385279237846,363.480677133785,167.77777777777794,293.99999999999966,-146.99999999999983,-277.6666666666701,-146.99999999999983,0.0,0.0,0.0,0.0
141.0,-70.5,-133.16666666666654,-70.5,0.0,4.79402378566113,1.0,2.0,0.003401360544217691,0.5832589735471058,-71.97747748295144,361.5244509830121,166.83333333333348,293.99999999999966,-146.99999999999983,-277.6666666666701,-146.99999999999983,0.0,0.0,0.0,0.0
142.0,-71.0,-134.111111111111,-71.0,0.0,4.7809387982492595,1.0,2.0,0.003401360544217691,0.5866603340913235,-76.21011210705527,359.5119389649609,165.88888888888903,293.99999999999966,-146.99999999999983,-277.6666666666701,-146.99999999999983,0.0,0.0,0.0,0.0
143.0,-71.5,-135.05555555555546,-71.5,0.0,4.767777797777236,1.0,2.0,0.00340136054421758,0.590061694635541,-80.40093790818563,357.44391843195945,164.94444444444457,294.00000000000927,-147.00000000000463,-277.66666666667913,-147.00000000000463,2.824322109518196e-09,-1.412161054759098e-09,-2.6572024580674154e-09,-1.412161054759098e-09
144.0,-72.0,-135.99999999999991,-72.0,0.0,4.754541159450349,1.0,2.0,0.003401360544217802,0.5934630551797588,-84.54915028125262,355.32117953228305,164.0000000000001,293.99999999999005,-146.99999999999503,-277.666666666661,-146.99999999999503,-5.648644219036024e-09,2.824322109518012e-09,5.33111688127956e-09,2.824322109518012e-09
145.0,-72.5,-136.94444444444437,-72.5,0.0,4.741229262026907,1.0,2.0,0.00340136054421758,0.5968644157239764,-88.65395898173007,353.14452495726596,163.05555555555566,294.00000000000927,-147.00000000000463,-277.66666666667913,-147.00000000000463,5.648644219036392e-09,-2.824322109518196e-09,-5.331116881279908e-09,-2.824322109518196e-09
146.0,-73.0,-137.88888888888883,-73.0,0.0,4.7278424878492755,1.0,2.0,0.003401360544217802,0.6002657762681942,-92.71458833032419,350.91476968490826,162.1111111111112,293.99999999999005,-146.99999999999503,-277.666666666661,-146.99999999999503,-5.648644219036024e-09,2.824322109518012e-09,5.33111688127956e-09,2.824322109518012e-09
147.0,-73.5,-138.8333333333333,-73.5,0.0,4.71438122287924,1.0,2.0,0.00340136054421758,0.6036671368124118,-96.73027741310426,348.6327407200537,161.16666666666674,294.00000000000927,-147.00000000000463,-277.66666666667913,-147.00000000000463,5.648644219036392e-09,-2.824322109518196e-09,-5.331116881279908e-09,-2.824322109518196e-09
148.0,-74.0,-139.77777777777774,-74.0,0.0,4.7008458567316795,1.0,2.0,0.003401360544217802,0.6070684973566296,-100.70028027703546,346.2992768312207,160.22222222222229,293.99999999999005,-146.99999999999503,-277.666666666661,-146.99999999999503,-5.648644219036024e-09,2.824322109518012e-09,5.33111688127956e-09,2.824322109518012e-09
149.0,-74.5,-140.7222222222222,-74.5,0.0,4.687236782711045,1.0,2.0,0.00340136054421758,0.6104698579008472,-104.62386612085827,343.91522828416663,159.27777777777783,294.00000000000927,-147.00000000000463,-277.66666666667913,-147.00000000000463,5.648644219036392e-09,-2.824322109518196e-09,-5.331116881279908e-09,-2.824322109518196e-09
150.0,-75.0,-141.66666666666666,-75.0,0.0,4.673554397847101,1.0,2.0,0.0034077894635021755,0.6138776473643494,-108.50031948125762,341.48145657226706,158.33333333333337,293.4453582623332,-146.7226791311666,-277.1428383588739,-146.7226791311666,-162.75704341960406,81.37852170980203,153.71498545185383,81.37852170980203
151.0,-75.5,-142.61111111111111,-75.5,0.0,4.659799102932362,1.0,2.0,0.003457414711500739,0.6173350620758501,-112.32894041426884,338.9988341437944,157.3888888888889,289.23345431301647,-144.61672715650823,-273.1649290734081,-144.61672715650823,-1218.2235284955073,609.1117642477536,1150.5444435791085,609.1117642477536
152.0,-76.0,-143.55555555555557,-76.0,0.0,4.6459713025618194,1.0,2.0,0.0035175571926588933,0.620852619268509,-116.10904467186845,336.4682441261773,156.44444444444446,284.28819923297624,-142.14409961648812,-268.49441038670335,-142.14409961648812,-1405.8776614523638,702.9388307261819,1327.7733469272512,702.9388307261819
153.0,-76.5,-144.50000000000003,-76.5,0.0,4.6320714051711445,1.0,2.0,0.0035809519047755867,0.6244335711732846,-119.83996387369724,333.8905800473285,155.5,279.25535628289,-139.627678141445,-263.74116982273296,-139.627678141445,-1405.4483511421704,702.7241755710852,1327.3678871898373,702.7241755710852
154.0,-77.0,-145.44444444444449,-77.0,0.0,4.618099823078006,1.0,2.0,0.003647902972559125,0.6280814741458437,-123.52104567386723,331.26674555412427,154.55555555555554,274.13009817486096,-137.06504908743048,-258.900648276261,-137.06504908743048,-1404.987508325496,702.493754162748,1326.9326467518886,702.493754162748
155.0,-77.5,-146.38888888888894,-77.5,0.0,4.604056972523685,1.0,2.0,0.0037187558909937968,0.6318002300368375,-127.15165392280431,328.5976541281233,153.6111111111111,268.907137040598,-134.453568520299,-253.96785164945706,-134.453568520299,-1404.4915254889668,702.2457627444834,1326.4642185173652,702.2457627444834
156.0,-78.0,-147.3333333333334,-78.0,0.0,4.589943273716499,1.0,2.0,0.003793905054980007,0.6355941350918175,-130.73116882408036,325.8842287986115,152.66666666666663,263.5806604299089,-131.79033021495445,-248.93729040602838,-131.79033021495445,-1403.9562228098953,701.9781114049476,1325.9586548760349,701.9781114049476
157.0,-78.5,-148.27777777777786,-78.5,0.0,4.575759150874746,1.0,2.0,0.0038738030349471098,0.6394679381267646,-134.25898708618874,323.1274018530622,151.72222222222217,258.1442553941448,-129.0721276970724,-243.80290787225115,-129.0721276970724,-1403.376729978302,701.688364989151,1325.4113560906248,701.688364989151
158.0,-79.0,-149.2222222222223,-79.0,0.0,4.561505032273042,1.0,2.0,0.003958972098081159,0.6434269102248458,-137.73452206922127,320.3281145450984,150.77777777777771,252.5908178248292,-126.2954089124146,-238.5579946123419,-126.2954089124146,-1402.7473373725604,701.3736686862802,1324.8169297407694,701.3736686862802
159.0,-79.5,-150.16666666666677,-79.5,0.0,4.547181350287922,1.0,2.0,0.00405001864744281,0.6474769288722886,-141.15720392640355,317.4873168000487,149.83333333333326,246.91244338625503,-123.45622169312752,-233.19508542035507,-123.45622169312752,-1402.0613070904017,701.0306535452008,1324.169012252075,701.0306535452008
160.0,-80.0,-151.11111111111123,-80.0,0.0,4.532788541446158,1.0,2.0,0.004147651494746163,0.6516245803670347,-144.5264797404491,314.6059669181858,148.8888888888888,241.10029525544797,-120.55014762772399,-227.70583440792612,-120.55014762772399,-1401.3106304059822,700.6553152029911,1323.460039827887,700.6553152029911
161.0,-80.5,-152.05555555555569,-80.5,0.0,4.518327046474055,1.0,2.0,0.0042527052311436275,0.6558772855981784,-147.84181365469396,311.6850312757392,147.94444444444434,235.1444423367858,-117.5722211683929,-222.08086220696734,-117.5722211683929,-1400.4857131987349,700.2428565993674,1322.6809513543749,700.2428565993674
162.0,-81.0,-153.00000000000014,-81.0,0.0,4.503797310346785,1.0,2.0,0.004366170467385633,0.660243456065564,-151.10268699897304,308.72548402377396,146.9999999999999,229.03365946652517,-114.51682973326258,-216.30956727394332,-114.51682973326258,-1399.5749629811496,699.7874814905748,1321.8207983711063,699.7874814905748
163.0,-81.5,-153.9444444444446,-81.5,0.0,4.489199782341067,1.0,2.0,0.004489233465310161,0.6647326895308742,-154.30859841020444,305.7283067850266,146.05555555555543,222.75517807824906,-111.37758903912453,-210.37989040723804,-111.37758903912453,-1398.5642397064164,699.2821198532082,1320.8662263894084,699.2821198532082
164.0,-82.0,-154.88888888888906,-82.0,0.0,4.4745349160881105,1.0,2.0,0.004623328815397287,0.6693560183462715,-157.45906394764737,302.69448834879245,145.11111111111097,216.2943714212265,-108.14718571061324,-204.2780174533833,-108.14718571061324,-1397.4361147547731,698.7180573773866,1319.80077504619,698.7180573773866
165.0,-82.5,-155.8333333333335,-82.5,0.0,4.459803169628191,1.0,2.0,0.004770210561606869,0.6741262289078783,-160.55361720280078,299.6250243639568,144.16666666666652,209.63435200293236,-104.81717600146618,-197.9879991138832,-104.81717600146618,-1396.1688550810356,698.0844275405178,1318.6039186876656,698.0844275405178
166.0,-83.0,-156.77777777777797,-83.0,0.0,4.445005005466603,1.0,2.0,0.004932049932016902,0.6790582788398952,-163.5918094039125,296.52091703026406,143.22222222222206,202.75544931295173,-101.37772465647586,-191.49125768445697,-101.37772465647586,-1394.7350056870957,697.3675028435479,1317.249727593385,697.3675028435479
167.0,-83.5,-157.72222222222243,-83.5,0.0,4.430140890631609,1.0,2.0,0.005111572303976852,0.6841698511438721,-166.57320951507046,293.3831747879198,142.2777777777776,195.63452114763012,-97.81726057381506,-184.76593663943092,-97.81726057381506,-1393.0993717493639,696.5496858746819,1315.7049622077507,696.5496858746819
168.0,-84.0,-158.66666666666688,-84.0,0.0,4.415211296733565,1.0,2.0,0.005312253499653474,0.6894821046435256,-169.49740432984783,290.21281200562015,141.33333333333314,188.2440286528554,-94.1220143264277,-177.78602706103248,-94.1220143264277,-1391.216080945085,695.6080404725425,1313.9262986703748,695.6080404725425
169.0,-84.5,-159.61111111111134,-84.5,0.0,4.400216700026019,1.0,2.0,0.005538608412073542,0.6950207130555991,-172.36399855947684,287.0108486671037,140.3888888888887,180.55076755744506,-90.27538377872253,-170.5201693598115,-90.27538377872253,-1389.0241957961691,694.5120978980846,1311.8561849186237,694.5120978980846
170.0,-85.0,-160.5555555555558,-85.0,0.0,4.385157581468069,1.0,2.0,0.0057966281474723935,0.7008173412030715,-175.17261491552713,283.7783100563224,139.44444444444423,172.5140848367249,-86.25704241836245,-162.9299690124646,-86.25704241836245,-1386.4409646881597,693.2204823440799,1309.416466649941,693.2204823440799
171.0,-85.5,-161.50000000000026,-85.5,0.0,4.3700344267882105,1.0,2.0,0.006094465452633924,0.7069118066557054,-177.92289418706633,280.5162264413282,138.49999999999977,164.08329947424957,-82.04164973712479,-154.9675606145711,-82.04164973712479,-1383.3510794341576,691.6755397170788,1306.498241687836,691.6755397170788
172.0,-86.0,-162.4444444444447,-86.0,0.0,4.3548477265516174,1.0,2.0,0.006443554582672983,0.7133553612383784,-180.61449531228277,277.22563275696916,137.55555555555532,155.19384326921764,-77.59692163460882,-146.5719630875964,-77.59692163460882,-1379.5888730323,689.79443651615,1302.9450467527445,689.79443651615
173.0,-86.5,-163.38888888888917,-86.5,0.0,4.339597976226754,1.0,2.0,0.0068605341878797965,0.7202158954262582,-183.24709544455024,273.90756828649626,136.61111111111086,145.76124433089421,-72.88062216544711,-137.66339742362416,-72.88062216544711,-1374.9073585242938,687.4536792621469,1298.5236163840727,687.4536792621469
174.0,-87.0,-164.33333333333363,-87.0,0.0,4.32428567625588,1.0,2.0,0.007370757911654202,0.7275866533379124,-185.82039001291872,270.5630763421742,135.6666666666664,135.67125823232638,-67.83562911616319,-128.13396610830998,-67.83562911616319,-1368.92110953938,684.46055476969,1292.8699367872084,684.46055476969
175.0,-87.5,-165.27777777777808,-87.5,0.0,4.3089113321267405,1.0,2.0,0.008015222637608677,0.7356018759755211,-188.33409277701512,267.1932039449962,134.72222222222194,124.76259802289755,-62.381299011448775,-117.8313425771826,-62.381299011448775,-1360.9927886773467,680.4963943386733,1285.382078195291,680.4963943386733
176.0,-88.0,-166.22222222222254,-88.0,0.0,4.293475454446081,1.0,2.0,0.008865718989618299,0.7444675949651394,-190.78793587633962,263.799001503599,133.7777777777775,112.79401040919453,-56.397005204597264,-106.52767649757403,-56.397005204597264,-1349.9849958833754,674.9924979416877,1274.9858294454273,674.9924979416877
177.0,-88.5,-167.166666666667,-88.5,0.0,4.277978559015148,1.0,2.0,0.010063043148627049,0.7545306381137664,-193.18166987394656,260.3815224924781,132.83333333333303,99.37351805317807,-49.68675902658904,-93.852767050225,-49.68675902658904,-1333.6415394231394,666.8207697115697,1259.550342788537,666.8207697115697
178.0,-89.0,-168.11111111111146,-89.0,0.0,4.2624211669082985,1.0,2.0,0.011936628297426477,0.7664672664111929,-195.51506379449836,256.941823129598,131.88888888888857,83.77575099792618,-41.88787549896309,-79.12154260915355,-41.88787549896309,-1306.7146489444387,653.3573244722194,1234.1193906697658,653.3573244722194
179.0,-89.5,-169.0555555555559,-89.5,0.0,4.246803804552472,1.0,2.0,0.015556116863380431,0.7820233832745733,-197.78790515668484,253.4809620534995,130.94444444444412,64.28339467891439,-32.141697339457195,-60.71209497453107,-32.141697339457195,-1253.0348344770657,626.5174172385329,1183.4217881172438,626.5174172385329
180.0,-90.0,-170.00000000000037,-90.0,0.0,4.231127003809608,1.0,2.0,0.03755578830943407,0.8195791715840074,-200.00000000000003,250.00000000000003,129.99999999999966,26.627053911388636,-13.313526955694318,-25.14777313853405,-13.313526955694318,-1002.67741572253,501.338707861265,946.9731148490687,501.338707861265
179.0,-89.5,-169.0555555555559,-89.5,0.0,4.231127003809608,1.0,3.0,0.0,0.8195791715840074,-197.78790515668484,253.4809620534995,130.94444444444412,0.0,0.0,0.0,0.0,0.0,0.0,0.0,0.0
178.0,-89.0,-168.11111111111146,-89.0,0.0,4.246803804552472,1.0,3.0,0.05311190517281447,0.8726910767568219,-195.51506379449836,256.941823129598,131.88888888888857,-18.82817038376272,9.41408519188136,17.78216091799836,9.41408519188136,-354.49999999999966,177.24999999999983,334.80555555555964,177.24999999999983
177.0,-88.5,-167.166666666667,-88.5,0.0,4.2624211669082985,1.0,3.0,0.011936628297426463,0.8846277050542484,-193.18166987394656,260.3815224924781,132.83333333333303,-83.77575099792618,41.88787549896309,79.12154260915355,41.88787549896309,-5441.032341449895,2720.5161707249476,5138.7527669249685,2720.5161707249476
176.0,-88.0,-166.22222222222254,-88.0,0.0,4.277978559015148,1.0,3.0,0.010063043148627035,0.8946907482028754,-190.78793587633962,263.799001503599,133.7777777777775,-99.37351805317807,49.68675902658904,93.852767050225,49.68675902658904,-1550.0049860543402,775.0024930271701,1463.8935979402315,775.0024930271701
175.0,-87.5,-165.27777777777808,-87.5,0.0,4.293475454446081,1.0,3.0,0.008865718989618326,0.9035564671924937,-188.33409277701512,267.1932039449962,134.72222222222194,-112.79401040919453,56.397005204597264,106.52767649757403,56.397005204597264,-1513.7511545010354,756.8755772505177,1429.6538681398854,756.8755772505177
174.0,-87.0,-164.33333333333363,-87.0,0.0,4.3089113321267405,1.0,3.0,0.008015222637608649,0.9115716898301024,-185.82039001291872,270.5630763421742,135.6666666666664,-124.76259802289755,62.381299011448775,117.8313425771826,62.381299011448775,-1493.2320853502608,746.6160426751304,1410.2747472752653,746.6160426751304
173.0,-86.5,-163.38888888888917,-86.5,0.0,4.32428567625588,1.0,3.0,0.007370757911654244,0.9189424477417566,-183.24709544455024,273.90756828649626,136.61111111111086,-135.67125823232638,67.83562911616319,128.13396610830998,67.83562911616319,-1479.9916562421226,739.9958281210613,1397.769897562025,739.9958281210613
172.0,-86.0,-162.4444444444447,-86.0,0.0,4.339597976226754,1.0,3.0,0.006860534187879755,0.9258029819296364,-180.61449531228277,277.22563275696916,137.55555555555532,-145.76124433089421,72.88062216544711,137.66339742362416,72.88062216544711,-1470.7289290086724,735.3644645043362,1389.0217662859854,735.3644645043362
171.0,-85.5,-161.50000000000026,-85.5,0.0,4.3548477265516174,1.0,3.0,0.006443554582673011,0.9322465365123094,-177.92289418706633,280.5162264413282,138.49999999999977,-155.19384326921764,77.59692163460882,146.5719630875964,77.59692163460882,-1463.8812812555539,731.9406406277769,1382.5545434080416,731.9406406277769
170.0,-85.0,-160.5555555555558,-85.0,0.0,4.3700344267882105,1.0,3.0,0.006094465452633924,0.9383410019649433,-175.17261491552713,283.7783100563224,139.44444444444423,-164.08329947424957,82.04164973712479,154.9675606145711,82.04164973712479,-1458.6113046534808,729.3056523267404,1377.5773432838605,729.3056523267404
169.0,-84.5,-159.61111111111134,-84.5,0.0,4.385157581468069,1.0,3.0,0.0057966281474723935,0.9441376301124157,-172.36399855947684,287.0108486671037,140.3888888888887,-172.5140848367249,86.25704241836245,162.9299690124646,86.25704241836245,-1454.4292212622856,727.2146106311428,1373.6275978588471,727.2146106311428
168.0,-84.0,-158.66666666666688,-84.0,0.0,4.400216700026019,1.0,3.0,0.005538608412073598,0.9496762385244892,-169.49740432984783,290.21281200562015,141.33333333333314,-180.55076755744506,90.27538377872253,170.5201693598115,90.27538377872253,-1451.0292338416816,725.5146169208408,1370.4164986282676,725.5146169208408
167.0,-83.5,-157.72222222222243,-83.5,0.0,4.415211296733565,1.0,3.0,0.005312253499653419,0.9549884920241427,-166.57320951507046,293.3831747879198,142.2777777777776,-188.2440286528554,94.1220143264277,177.78602706103248,94.1220143264277,-1448.2104620783236,724.1052310391618,1367.754325296215,724.1052310391618
166.0,-83.0,-156.77777777777797,-83.0,0.0,4.430140890631609,1.0,3.0,0.005111572303976825,0.9601000643281196,-163.5918094039125,296.52091703026406,143.22222222222206,-195.63452114763012,97.81726057381506,184.76593663943092,97.81726057381506,-1445.8354602604065,722.9177301302033,1365.5112680237346,722.9177301302033
165.0,-82.5,-155.8333333333335,-82.5,0.0,4.445005005466603,1.0,3.0,0.004932049932016902,0.9650321142601365,-160.55361720280078,299.6250243639568,144.16666666666652,-202.75544931295173,101.37772465647586,191.49125768445697,101.37772465647586,-1443.8069896850343,721.9034948425171,1363.5954902581068,721.9034948425171
164.0,-82.0,-154.88888888888906,-82.0,0.0,4.459803169628191,1.0,3.0,0.004770210561606925,0.9698023248217433,-157.45906394764737,302.69448834879245,145.11111111111097,-209.63435200293236,104.81717600146618,197.9879991138832,104.81717600146618,-1442.0543079053186,721.0271539526593,1361.9401796883735,721.0271539526593
163.0,-81.5,-153.9444444444446,-81.5,0.0,4.4745349160881105,1.0,3.0,0.004623328815397287,0.9744256536371406,-154.30859841020444,305.7283067850266,146.05555555555543,-216.2943714212265,108.14718571061324,204.2780174533833,108.14718571061324,-1440.5247137330907,720.2623568665454,1360.4955629701626,720.2623568665454
162.0,-81.0,-153.00000000000014,-81.0,0.0,4.489199782341067,1.0,3.0,0.004489233465310188,0.9789148871024508,-151.10268699897304,308.72548402377396,146.9999999999999,-222.75517807824906,111.37758903912453,210.37989040723804,111.37758903912453,-1439.1781374142004,719.5890687071002,1359.2237964467606,719.5890687071002
161.0,-80.5,-152.05555555555569,-80.5,0.0,4.503797310346785,1.0,3.0,0.0043661704673855495,0.9832810575698363,-147.84181365469396,311.6850312757392,147.94444444444434,-229.033659466531,114.5168297332655,216.30956727394883,114.5168297332655,-1437.9835682507166,718.9917841253583,1358.0955922368062,718.9917841253583
160.0,-80.0,-151.11111111111123,-80.0,0.0,4.518327046474055,1.0,3.0,0.0042527052311436275,0.9875337628009799,-144.5264797404491,314.6059669181858,148.8888888888888,-235.1444423367858,117.5722211683929,222.08086220696734,117.5722211683929,-1436.9166302672502,718.4583151336251,1357.087928585755,718.4583151336251
159.0,-79.5,-150.16666666666677,-79.5,0.0,4.532788541446158,1.0,3.0,0.004147651494746246,0.9916814142957262,-141.15720392640355,317.4873168000487,149.83333333333326,-241.10029525544152,120.55014762772076,227.70583440792004,120.55014762772076,-1435.9578971858778,717.9789485929389,1356.182458453346,717.9789485929389
158.0,-79.0,-149.2222222222223,-79.0,0.0,4.547181350287922,1.0,3.0,0.004050018647442838,0.995731432943169,-137.73452206922127,320.3281145450984,150.77777777777771,-246.91244338625503,123.45622169312752,233.19508542035507,123.45622169312752,-1435.091696302019,717.5458481510095,1355.3643798408084,717.5458481510095
157.0,-78.5,-148.27777777777786,-78.5,0.0,4.561505032273042,1.0,3.0,0.003958972098081132,0.9996904050412502,-134.25898708618874,323.1274018530622,151.72222222222217,-252.5908178248292,126.2954089124146,238.5579946123419,126.2954089124146,-1434.3052433550542,717.1526216775271,1354.6216187242474,717.1526216775271
156.0,-78.0,-147.3333333333334,-78.0,0.0,4.575759150874746,1.0,3.0,0.003873803034947082,1.0035642080761973,-130.73116882408036,325.8842287986115,152.66666666666663,-258.1442553941448,129.0721276970724,243.80290787225115,129.0721276970724,-1433.5880062088463,716.7940031044232,1353.944228086151,716.7940031044232
155.0,-77.5,-146.38888888888894,-77.5,0.0,4.589943273716499,1.0,3.0,0.0037939050549800346,1.0073581131311773,-127.15165392280431,328.5976541281233,153.6111111111111,-263.5806604299089,131.79033021495445,248.93729040602838,131.79033021495445,-1432.931229691183,716.4656148455915,1353.3239391527904,716.4656148455915
154.0,-77.0,-145.44444444444449,-77.0,0.0,4.604056972523685,1.0,3.0,0.0037187558909937413,1.011076869022171,-123.52104567386723,331.26674555412427,154.55555555555554,-268.907137040606,134.453568520303,253.96785164946465,134.453568520303,-1432.3275758963114,716.1637879481557,1352.7538216798778,716.1637879481557
153.0,-76.5,-144.50000000000003,-76.5,0.0,4.618099823078006,1.0,3.0,0.0036479029725591527,1.01472477199473,-119.83996387369724,333.8905800473285,155.5,-274.13009817486096,137.06504908743048,258.900648276261,137.06504908743048,-1431.7708484967911,715.8854242483956,1352.2280235803053,715.8854242483956
152.0,-76.0,-143.55555555555557,-76.0,0.0,4.6320714051711445,1.0,3.0,0.003580951904775559,1.0183057238995057,-116.10904467186845,336.4682441261773,156.44444444444446,-279.25535628289,139.627678141445,263.74116982273296,139.627678141445,-1431.2557789994135,715.6278894997067,1351.7415690550333,715.6278894997067
151.0,-75.5,-142.61111111111111,-75.5,0.0,4.6459713025618194,1.0,3.0,0.003517557192658949,1.0218232810921646,-112.32894041426884,338.9988341437944,157.3888888888889,-284.28819923297624,142.14409961648812,268.49441038670335,142.14409961648812,-1430.7778593024032,715.3889296512016,1351.2902004522796,715.3889296512016
150.0,-75.0,-141.66666666666666,-75.0,0.0,4.659799102932362,1.0,3.0,0.0034574147115006837,1.0252806958036653,-108.50031948125762,341.48145657226706,158.33333333333337,-289.23345431301647,144.61672715650823,273.1649290734081,144.61672715650823,-1430.3332092590274,715.1666046295137,1350.8702531891006,715.1666046295137
149.0,-74.5,-140.7222222222222,-74.5,0.0,4.673554397847101,1.0,3.0,0.0034077894635021477,1.0286884852671674,-104.62386612085827,343.91522828416663,159.27777777777783,-293.4453582623427,146.72267913117136,277.14283835888295,146.72267913117136,-1235.9636633766195,617.9818316883097,1167.2990154112758,617.9818316883097
148.0,-74.0,-139.77777777777774,-74.0,0.0,4.687236782711045,1.0,3.0,0.003401360544217663,1.032089845811385,-100.70028027703546,346.2992768312207,160.22222222222229,-294.00000000000927,147.00000000000463,277.66666666667913,147.00000000000463,-163.06467087396882,81.53233543698441,154.00552249208167,81.53233543698441
147.0,-73.5,-138.8333333333333,-73.5,0.0,4.7008458567316795,1.0,3.0,0.003401360544217691,1.0354912063556028,-96.73027741310426,348.6327407200537,161.16666666666674,-293.99999999999005,146.99999999999503,277.666666666661,146.99999999999503,5.648644219036024e-09,-2.824322109518012e-09,-5.33111688127956e-09,-2.824322109518012e-09
146.0,-73.0,-137.88888888888883,-73.0,0.0,4.71438122287924,1.0,3.0,0.003401360544217691,1.0388925668998206,-92.71458833032419,350.91476968490826,162.1111111111112,-293.99999999999005,146.99999999999503,277.666666666661,146.99999999999503,0.0,0.0,0.0,0.0
145.0,-72.5,-136.94444444444437,-72.5,0.0,4.7278424878492755,1.0,3.0,0.003401360544217691,1.0422939274440384,-88.65395898173007,353.14452495726596,163.05555555555566,-293.99999999999005,146.99999999999503,277.666666666661,146.99999999999503,0.0,0.0,0.0,0.0
144.0,-72.0,-135.99999999999991,-72.0,0.0,4.741229262026907,1.0,3.0,0.003401360544217691,1.0456952879882562,-84.54915028125262,355.32117953228305,164.0000000000001,-293.99999999999005,146.99999999999503,277.666666666661,146.99999999999503,0.0,0.0,0.0,0.0
143.0,-71.5,-135.05555555555546,-71.5,0.0,4.754541159450349,1.0,3.0,0.003401360544217691,1.049096648532474,-80.40093790818563,357.44391843195945,164.94444444444457,-293.99999999999005,146.99999999999503,277.666666666661,146.99999999999503,0.0,0.0,0.0,0.0
142.0,-71.0,-134.111111111111,-71.0,0.0,4.767777797777236,1.0,3.0,0.003401360544217691,1.0524980090766918,-76.21011210705527,359.5119389649609,165.88888888888903,-293.99999999999005,146.99999999999503,277.666666666661,146.99999999999503,0.0,0.0,0.0,0.0
141.0,-70.5,-133.16666666666654,-70.5,0.0,4.7809387982492595,1.0,3.0,0.003401360544217663,1.0558993696209094,-71.97747748295144,361.5244509830121,166.83333333333348,-294.00000000000927,147.00000000000463,277.66666666667913,147.00000000000463,-5.648644219036392e-09,2.824322109518196e-09,5.331116881279908e-09,2.824322109518196e-09
140.0,-70.0,-132.2222222222221,-70.0,0.0,4.79402378566113,1.0,3.0,0.003401360544217691,1.059300730165127,-67.70385279237846,363.480677133785,167.77777777777794,-294.00000000000927,147.00000000000463,277.66666666667913,147.00000000000463,0.0,0.0,0.0,0.0
139.0,-69.5,-131.27777777777763,-69.5,0.0,4.807032388327606,1.0,3.0,0.003401360544217691,1.0627020907093447,-63.39007072968761,365.3798531102009,168.7222222222224,-293.99999999999005,146.99999999999503,277.666666666661,146.99999999999503,5.648644219036024e-09,-2.824322109518012e-09,-5.33111688127956e-09,-2.824322109518012e-09
138.0,-69.0,-130.33333333333317,-69.0,0.0,4.819964238052455,1.0,3.0,0.003401360544217691,1.0661034512535625,-59.0369777091538,367.22122789607215,169.66666666666686,-293.99999999999005,146.99999999999503,277.666666666661,146.99999999999503,0.0,0.0,0.0,0.0
137.0,-68.5,-129.38888888888872,-68.5,0.0,4.8328189700977395,1.0,3.0,0.003401360544217691,1.0695048117977803,-54.645433642759855,369.0040640080058,170.6111111111113,-293.99999999999005,146.99999999999503,277.666666666661,146.99999999999503,0.0,0.0,0.0,0.0
136.0,-68.0,-128.44444444444426,-68.0,0.0,4.845596223155464,1.0,3.0,0.003401360544217691,1.0729061723419981,-50.21631171375233,370.7276377334963,171.55555555555577,-293.99999999999005,146.99999999999503,277.666666666661,146.99999999999503,0.0,0.0,0.0,0.0
135.0,-67.5,-127.49999999999982,-67.5,0.0,4.8582956393173236,1.0,3.0,0.003401360544217691,1.076307532886216,-45.75049814603709,372.3912393651312,172.50000000000017,-293.99999999999005,146.99999999999503,277.66666666665685,146.99999999999503,0.0,0.0,-1.2199734555906205e-09,0.0
134.0,-67.0,-126.55555555555537,-67.0,0.0,4.870916864047351,1.0,3.0,0.003401360544217691,1.0797088934304337,-41.24889196948098,373.9941734308403,173.44444444444463,-293.99999999999005,146.99999999999503,277.66666666665685,146.99999999999503,0.0,0.0,0.0,0.0
133.0,-66.5,-125.61111111111093,-66.5,0.0,4.883459546154703,1.0,3.0,0.003401360544217691,1.0831102539746515,-36.712404781188155,375.5357589201151,174.38888888888908,-293.99999999999005,146.99999999999503,277.66666666665685,146.99999999999503,0.0,0.0,0.0,0.0
132.0,-66.0,-124.66666666666649,-66.0,0.0,4.895923337767121,1.0,3.0,0.003401360544217691,1.0865116145188694,-32.14196050282166,377.0153295061291,175.33333333333348,-293.99999999999005,146.99999999999503,277.66666666665685,146.99999999999503,0.0,0.0,0.0,0.0
131.0,-65.5,-123.72222222222204,-65.5,0.0,4.9083078943045075,1.0,3.0,0.003401360544217691,1.0899129750630872,-27.538495134041835,378.4322337636902,176.27777777777794,-293.99999999999005,146.99999999999503,277.66666666665685,146.99999999999503,0.0,0.0,0.0,0.0
130.0,-65.0,-122.7777777777776,-65.0,0.0,4.920612874454271,1.0,3.0,0.003401360544217691,1.093314335607305,-22.90295650213309,379.7858353829581,177.2222222222224,-293.99999999999005,146.99999999999503,277.66666666665685,146.99999999999503,0.0,0.0,0.0,0.0
129.0,-64.5,-121.83333333333316,-64.5,0.0,4.932837940146054,1.0,3.0,0.003401360544217691,1.0967156961515228,-18.236304007893718,381.07551337885934,178.16666666666686,-293.99999999999005,146.99999999999503,277.66666666665685,146.99999999999503,0.0,0.0,0.0,0.0
128.0,-64.0,-120.88888888888872,-64.0,0.0,4.944982756528508,1.0,3.0,0.0034013605442176353,1.1001170566957403,-13.539508367862336,382.3006622961361,179.1111111111113,-294.00000000000927,147.00000000000463,277.666666666675,147.00000000000463,-5.648644219036392e-09,2.824322109518196e-09,5.331116881279908e-09,2.824322109518196e-09
127.0,-63.5,-119.94444444444427,-63.5,0.0,4.9570469919458295,1.0,3.0,0.003401360544217691,1.103518417239958,-8.813551352957543,383.46069240996485,180.0555555555557,-294.00000000000927,147.00000000000463,277.666666666675,147.00000000000463,0.0,0.0,0.0,0.0
126.0,-63.0,-118.99999999999983,-63.0,0.0,4.969030317914796,1.0,3.0,0.003401360544217691,1.1069197777841757,-4.059425523607952,384.5550299220814,181.00000000000017,-293.99999999999005,146.99999999999503,277.66666666665685,146.99999999999503,5.648644219036024e-09,-2.824322109518012e-09,-5.33111688127956e-09,-2.824322109518012e-09
125.0,-62.5,-118.05555555555539,-62.5,0.0,4.980932409102488,1.0,3.0,0.003401360544217691,1.1103211383283935,0.721866038549327,385.5831171523538,181.94444444444463,-293.99999999999005,146.99999999999503,277.66666666665685,146.99999999999503,0.0,0.0,0.0,0.0
124.0,-62.0,-117.11111111111094,-62.0,0.0,4.9927529433049935,1.0,3.0,0.003401360544217691,1.1137224988726113,5.529310002323291,386.5444127257401,182.88888888888903,-293.99999999999005,146.99999999999503,277.66666666665685,146.99999999999503,0.0,0.0,0.0,0.0
123.0,-61.5,-116.1666666666665,-61.5,0.0,5.004491601427161,1.0,3.0,0.003401360544217691,1.1171238594168291,10.361883061896654,387.4383917545762,183.83333333333348,-293.99999999999005,146.99999999999503,277.66666666665685,146.99999999999503,0.0,0.0,0.0,0.0
122.0,-61.0,-115.22222222222206,-61.0,0.0,5.016148067460413,1.0,3.0,0.003401360544217691,1.120525219961047,15.21855221494325,388.2645460161342,184.77777777777794,-293.99999999999005,146.99999999999503,277.66666666665685,146.99999999999503,0.0,0.0,0.0,0.0
121.0,-60.5,-114.27777777777762,-60.5,0.0,5.027722028464275,1.0,3.0,0.003401360544217691,1.1239265805052647,20.0982750438559,389.0223841253974,185.7222222222224,-293.99999999999005,146.99999999999503,277.66666666665685,146.99999999999503,0.0,0.0,0.0,0.0
120.0,-60.0,-113.33333333333317,-60.0,0.0,5.039213174546627,1.0,3.0,0.003401360544217691,1.1273279410494825,24.999999999999993,389.71143170299746,186.66666666666686,-293.99999999999005,146.99999999999503,277.66666666665685,146.99999999999503,0.0,0.0,0.0,0.0
119.0,-59.5,-112.38888888888873,-59.5,0.0,5.0506211988442935,1.0,3.0,0.003401360544217691,1.1307293015937003,29.922666690908606,390.3312315382607,187.61111111111126,-293.99999999999005,146.99999999999503,277.66666666665685,146.99999999999503,0.0,0.0,0.0,0.0
118.0,-59.0,-111.44444444444429,-59.0,0.0,5.061945797505533,1.0,3.0,0.003401360544217691,1.1341306621379181,34.86520617033545,390.8813437473135,188.5555555555557,-293.99999999999005,146.99999999999503,277.66666666665685,146.99999999999503,0.0,0.0,0.0,0.0
117.0,-58.5,-110.49999999999984,-58.5,0.0,5.0731866696708545,1.0,3.0,0.003401360544217691,1.137532022682136,39.82654123107782,391.36134592619663,189.50000000000017,-293.99999999999005,146.99999999999503,277.66666666665685,146.99999999999503,0.0,0.0,0.0,0.0
116.0,-58.0,-109.5555555555554,-58.0,0.0,5.084343517457221,1.0,3.0,0.003401360544217691,1.1409333832263537,44.8055867004857,391.77083329894,190.44444444444457,-293.99999999999005,146.99999999999503,277.66666666665685,146.99999999999503,0.0,0.0,0.0,0.0
115.0,-57.5,-108.61111111111096,-57.5,0.0,5.095416045939344,1.0,3.0,0.003401360544217691,1.1443347437705715,49.801249738566064,392.1094188605515,191.38888888888903,-293.99999999999005,146.99999999999503,277.66666666665685,146.99999999999503,0.0,0.0,0.0,0.0
114.0,-57.0,-107.66666666666652,-57.0,0.0,5.106403963133926,1.0,3.0,0.003401360544217691,1.1477361043147893,54.81243013859669,392.37673351487626,192.33333333333348,-293.99999999999005,146.99999999999503,277.66666666665685,146.99999999999503,0.0,0.0,0.0,0.0
113.0,-56.5,-106.72222222222207,-56.5,0.0,5.117306979983859,1.0,3.0,0.0034013605442176353,1.151137464859007,59.83802063015977,392.57242620728016,193.27777777777794,-294.00000000000927,147.00000000000463,277.666666666675,147.00000000000463,-5.648644219036392e-09,2.824322109518196e-09,5.331116881279908e-09,2.824322109518196e-09
112.0,-56.0,-105.77777777777763,-56.0,0.0,5.128124810341562,1.0,3.0,0.003401360544217691,1.1545388254032245,64.87690718450425,392.696164052118,194.2222222222224,-294.00000000000927,147.00000000000463,277.666666666675,147.00000000000463,0.0,0.0,0.0,0.0
111.0,-55.5,-104.83333333333319,-55.5,0.0,5.138857170954519,1.0,3.0,0.003401360544217691,1.1579401859474423,69.9279693221481,392.7476324549443,195.1666666666668,-293.99999999999005,146.99999999999503,277.66666666665685,146.99999999999503,5.648644219036024e-09,-2.824322109518012e-09,-5.33111688127956e-09,-2.824322109518012e-09
110.0,-55.0,-103.88888888888874,-55.0,0.0,5.149503781449797,1.0,3.0,0.003401360544217691,1.16134154649166,74.99008042262776,392.72653522942966,196.11111111111126,-293.99999999999005,146.99999999999503,277.66666666665685,146.99999999999503,0.0,0.0,0.0,0.0
109.0,-54.5,-102.9444444444443,-54.5,0.0,5.160064364319674,1.0,3.0,0.003401360544217691,1.164742907035878,80.06210803630363,392.63259470894326,197.0555555555557,-293.99999999999005,146.99999999999503,277.66666666665685,146.99999999999503,0.0,0.0,0.0,0.0
108.0,-54.0,-101.99999999999986,-54.0,0.0,5.170538644907503,1.0,3.0,0.003401360544217691,1.1681442675800957,85.1429141981288,392.46555185276765,198.0000000000001,-293.99999999999005,146.99999999999503,277.66666666665685,146.99999999999503,0.0,0.0,0.0,0.0
107.0,-53.5,-101.05555555555542,-53.5,0.0,5.180926351394078,1.0,3.0,0.003401360544217691,1.1715456281243135,90.23135574328798,392.2251663469115,198.94444444444457,-293.99999999999005,146.99999999999503,277.66666666665685,146.99999999999503,0.0,0.0,0.0,0.0
106.0,-53.0,-100.11111111111097,-53.0,0.0,5.191227214783823,1.0,3.0,0.003401360544217691,1.1749469886685313,95.32628462461226,391.91121669948706,199.88888888888903,-293.99999999999005,146.99999999999503,277.66666666665685,146.99999999999503,0.0,0.0,0.0,0.0
105.0,-52.5,-99.16666666666653,-52.5,0.0,5.201440968891766,1.0,3.0,0.003401360544217691,1.1783483492127491,100.42654823167594,391.52350033062254,200.83333333333348,-293.99999999999005,146.99999999999503,277.66666666665685,146.99999999999503,0.0,0.0,0.0,0.0
104.0,-52.0,-98.22222222222209,-52.0,0.0,5.211567350331497,1.0,3.0,0.003401360544217691,1.181749709756967,105.53098971148101,391.06183365687986,201.77777777777794,-293.99999999999005,146.99999999999503,277.66666666665685,146.99999999999503,0.0,0.0,0.0,0.0
103.0,-51.5,-97.27777777777764,-51.5,0.0,5.221606098501267,1.0,3.0,0.003401360544217691,1.1851510703011847,110.63844829063189,390.52605217015054,202.72222222222234,-293.99999999999005,146.99999999999503,277.66666666665685,146.99999999999503,0.0,0.0,0.0,0.0
102.0,-51.0,-96.3333333333332,-51.0,0.0,5.23155695557352,1.0,3.0,0.003401360544217691,1.1885524308454025,115.74775959890752,389.9160105110039,203.6666666666668,-293.99999999999005,146.99999999999503,277.66666666665685,146.99999999999503,0.0,0.0,0.0,0.0
101.0,-50.5,-95.38888888888876,-50.5,0.0,5.241419666481914,1.0,3.0,0.003401360544217691,1.1919537913896203,120.85775599413199,389.2315825364629,204.61111111111126,-293.99999999999005,146.99999999999503,277.66666666665685,146.99999999999503,0.0,0.0,0.0,0.0
100.0,-50.0,-94.44444444444431,-50.0,0.0,5.251193978910695,1.0,3.0,0.003401360544217691,1.1953551519338381,125.9672668882487,388.4726613821862,205.55555555555566,-293.99999999999005,146.99999999999503,277.66666666665685,146.99999999999503,0.0,0.0,0.0,0.0
99.0,-49.5,-93.49999999999987,-49.5,0.0,5.26087964328271,1.0,3.0,0.003401360544217691,1.198756512478056,131.07511907449964,387.63915951903533,206.5000000000001,-293.99999999999005,146.99999999999503,277.66666666665685,146.99999999999503,0.0,0.0,0.0,0.0
98.0,-49.0,-92.55555555555543,-49.0,0.0,5.2704764127492725,1.0,3.0,0.003401360544217691,1.2021578730222737,136.18013705561373,386.7310088040071,207.44444444444457,-293.99999999999005,146.99999999999503,277.66666666665685,146.99999999999503,0.0,0.0,0.0,0.0
97.0,-48.5,-91.61111111111099,-48.5,0.0,5.279984043178615,1.0,3.0,0.003401360544217691,1.2055592335664915,141.28114337290484,385.74816052551495,208.38888888888903,-293.99999999999005,146.99999999999503,277.66666666665685,146.99999999999503,0.0,0.0,0.0,0.0
96.0,-48.0,-90.66666666666654,-48.0,0.0,5.2894022931469244,1.0,3.0,0.003401360544217691,1.2089605941107093,146.37695893618383,384.6905854430033,209.33333333333348,-293.99999999999005,146.99999999999503,277.66666666665685,146.99999999999503,0.0,0.0,0.0,0.0
95.0,-47.5,-89.7222222222221,-47.5,0.0,5.298730923926896,1.0,3.0,0.003401360544217691,1.2123619546549271,151.46640335438335,383.5582738208802,210.27777777777789,-293.99999999999005,146.99999999999503,277.66666666665685,146.99999999999503,0.0,0.0,0.0,0.0
94.0,-47.0,-88.77777777777766,-47.0,0.0,5.307969699478955,1.0,3.0,0.003401360544217691,1.215763315199145,156.5482952667995,382.3512354567575,211.22222222222234,-293.99999999999005,146.99999999999503,277.66666666665685,146.99999999999503,0.0,0.0,0.0,0.0
93.0,-46.5,-87.83333333333321,-46.5,0.0,5.317118386440868,1.0,3.0,0.0034013605442176353,1.2191646757433625,161.6214526748497,381.0694997039867,212.1666666666668,-294.00000000000927,147.00000000000463,277.666666666675,147.00000000000463,-5.648644219036392e-09,2.824322109518196e-09,5.331116881279908e-09,2.824322109518196e-09
92.0,-46.0,-86.88888888888877,-46.0,0.0,5.326176754119209,1.0,3.0,0.003401360544217691,1.22256603628758,166.6846932742492,379.71311548848195,213.1111111111112,-294.00000000000927,147.00000000000463,277.666666666675,147.00000000000463,0.0,0.0,0.0,0.0
91.0,-45.5,-85.94444444444433,-45.5,0.0,5.335144574479543,1.0,3.0,0.003401360544217691,1.225967396831798,171.736834787506,378.2821513198237,214.05555555555566,-293.99999999999005,146.99999999999503,277.66666666665685,146.99999999999503,5.648644219036024e-09,-2.824322109518012e-09,-5.33111688127956e-09,-2.824322109518012e-09
90.0,-45.0,-84.99999999999989,-45.0,0.0,5.344021622138884,1.0,3.0,0.003401360544217691,1.2293687573760157,176.77669529663686,376.77669529663694,215.0000000000001,-293.99999999999005,146.99999999999503,277.66666666665685,146.99999999999503,0.0,0.0,0.0,0.0
89.0,-44.5,-84.05555555555544,-44.5,0.0,5.352807674355321,1.0,3.0,0.003401360544217691,1.2327701179202335,181.80309357600203,375.19685510624106,215.94444444444457,-293.99999999999005,146.99999999999503,277.66666666665685,146.99999999999503,0.0,0.0,0.0,0.0
88.0,-44.0,-83.111111111111,-44.0,0.0,5.361502511021314,1.0,3.0,0.003401360544217691,1.2361714784644513,186.814849425163,373.5427580185686,216.88888888888903,-293.99999999999005,146.99999999999503,277.66666666665685,146.99999999999503,0.0,0.0,0.0,0.0
87.0,-43.5,-82.16666666666656,-43.5,0.0,5.3701059146541485,1.0,3.0,0.003401360544217691,1.239572839008669,191.81078400166066,371.8145508743533,217.83333333333343,-293.99999999999005,146.99999999999503,277.66666666665685,146.99999999999503,0.0,0.0,0.0,0.0
86.0,-43.0,-81.22222222222211,-43.0,0.0,5.378617670389476,1.0,3.0,0.0034013605442176353,1.2429741995528867,196.78972015361768,370.0124000675895,218.77777777777789,-294.00000000000927,147.00000000000463,277.666666666675,147.00000000000463,-5.648644219036392e-09,2.824322109518196e-09,5.331116881279908e-09,2.824322109518196e-09
85.0,-42.5,-80.27777777777767,-42.5,0.0,5.38703756597224,1.0,3.0,0.003401360544217691,1.2463755600971043,201.7504827520626,368.1364915222643,219.72222222222234,-294.00000000000927,147.00000000000463,277.666666666675,147.00000000000463,0.0,0.0,0.0,0.0
84.0,-42.0,-79.33333333333323,-42.0,0.0,5.3953653917502775,1.0,3.0,0.003401360544217691,1.249776920641322,206.6918990228792,366.1870306633693,220.66666666666674,-293.99999999999005,146.99999999999503,277.66666666665685,146.99999999999503,5.648644219036024e-09,-2.824322109518012e-09,-5.33111688127956e-09,-2.824322109518012e-09
83.0,-41.5,-78.38888888888879,-41.5,0.0,5.403600940665979,1.0,3.0,0.003401360544217691,1.2531782811855399,211.61279887828,364.1642423821988,221.6111111111112,-293.99999999999005,146.99999999999503,277.66666666665685,146.99999999999503,0.0,0.0,0.0,0.0
82.0,-41.0,-77.44444444444434,-41.0,0.0,5.411744008249968,1.0,3.0,0.003401360544217691,1.2565796417297577,216.51201524770613,362.06837099594094,222.55555555555566,-293.99999999999005,146.99999999999503,277.66666666665685,146.99999999999503,0.0,0.0,0.0,0.0
81.0,-40.5,-76.4999999999999,-40.5,0.0,5.419794392613712,1.0,3.0,0.003401360544217691,1.2599810022739755,221.38838440805392,359.8996802015735,223.5000000000001,-293.99999999999005,146.99999999999503,277.66666666665685,146.99999999999503,0.0,0.0,0.0,0.0
80.0,-40.0,-75.55555555555546,-40.0,0.0,5.4277518944432614,1.0,3.0,0.003401360544217691,1.2633823628181933,226.24074631313056,357.65845302407644,224.44444444444454,-293.99999999999005,146.99999999999503,277.66666666665685,146.99999999999503,0.0,0.0,0.0,0.0
79.0,-39.5,-74.61111111111101,-39.5,0.0,5.4356163169920135,1.0,3.0,0.003401360544217691,1.266783723362411,231.06794492223895,355.3449917589739,225.38888888888897,-293.99999999999005,146.99999999999503,277.66666666665685,146.99999999999503,0.0,0.0,0.0,0.0
78.0,-39.0,-73.66666666666657,-39.0,0.0,5.443387466074972,1.0,3.0,0.003401360544217691,1.2701850839066289,235.8688285277946,352.9596179092205,226.33333333333343,-293.99999999999005,146.99999999999503,277.66666666665685,146.99999999999503,0.0,0.0,0.0,0.0
77.0,-38.5,-72.72222222222213,-38.5,0.0,5.451065150061748,1.0,3.0,0.003401360544217691,1.2735864444508467,240.64225008187643,350.50267211645206,227.27777777777789,-293.99999999999005,146.99999999999503,277.66666666665685,146.99999999999503,0.0,0.0,0.0,0.0
76.0,-38.0,-71.77777777777769,-38.0,0.0,5.458649179871807,1.0,3.0,0.003401360544217691,1.2769878049950645,245.38706752161406,347.97451408661396,228.2222222222223,-293.99999999999005,146.99999999999503,277.66666666665685,146.99999999999503,0.0,0.0,0.0,0.0
75.0,-37.5,-70.83333333333324,-37.5,0.0,5.466139368966674,1.0,3.0,0.003401360544217691,1.2803891655392823,250.10214409331292,345.3755225099939,229.16666666666674,-293.99999999999005,146.99999999999503,277.66666666665685,146.99999999999503,0.0,0.0,0.0,0.0
74.0,-37.0,-69.8888888888888,-37.0,0.0,5.47353553334629,1.0,3.0,0.003401360544217691,1.2837905260835,254.78634867522302,342.70609497567597,230.1111111111112,-293.99999999999005,146.99999999999503,277.66666666665685,146.99999999999503,0.0,0.0,0.0,0.0
73.0,-36.5,-68.94444444444436,-36.5,0.0,5.480837491541842,1.0,3.0,0.003401360544217691,1.2871918866277179,259.4385560988516,339.9666478804424,231.05555555555566,-293.99999999999005,146.99999999999503,277.66666666665685,146.99999999999503,0.0,0.0,0.0,0.0
72.0,-36.0,-67.99999999999991,-36.0,0.0,5.488045064610895,1.0,3.0,0.003401360544217691,1.2905932471719357,264.0576474687263,337.1576163321491,232.00000000000009,-293.99999999999005,146.99999999999503,277.66666666665685,146.99999999999503,0.0,0.0,0.0,0.0
71.0,-35.5,-67.05555555555547,-35.5,0.0,5.4951580761325545,1.0,3.0,0.003401360544217691,1.2939946077161535,268.64251048051113,334.27945404759834,232.9444444444445,-293.99999999999005,146.99999999999503,277.66666666665685,146.99999999999503,0.0,0.0,0.0,0.0
70.0,-35.0,-66.11111111111103,-35.0,0.0,5.502176352201356,1.0,3.0,0.003401360544217691,1.2973959682603713,273.19203973738166,331.3326332449432,233.88888888888897,-293.99999999999005,146.99999999999503,277.66666666665685,146.99999999999503,0.0,0.0,0.0,0.0
69.0,-34.5,-65.16666666666659,-34.5,0.0,5.509099721423255,1.0,3.0,0.003401360544217691,1.300797328804589,277.7051370645639,328.3176445306486,234.83333333333343,-293.99999999999005,146.99999999999503,277.66666666665685,146.99999999999503,0.0,0.0,0.0,0.0
68.0,-34.0,-64.22222222222214,-34.0,0.0,5.515928014910056,1.0,3.0,0.003401360544217691,1.304198689348807,282.1807118219428,325.23499678104423,235.77777777777786,-293.99999999999005,146.99999999999503,277.66666666665685,146.99999999999503,0.0,0.0,0.0,0.0
67.0,-33.5,-63.27777777777769,-33.5,0.0,5.52266106627507,1.0,3.0,0.0034013605442176353,1.3076000498930245,286.6176812146468,322.08521701850265,236.7222222222223,-294.00000000000927,147.00000000000463,277.66666666667703,147.00000000000463,-5.648644219036392e-09,2.824322109518196e-09,5.9327476265027195e-09,2.824322109518196e-09
66.0,-33.0,-62.33333333333324,-33.0,0.0,5.529298711628214,1.0,3.0,0.003401360544217691,1.311001410437242,291.014970601516,318.868850282277,237.66666666666674,-294.00000000000927,147.00000000000463,277.66666666667703,147.00000000000463,0.0,0.0,0.0,0.0
65.0,-32.5,-61.38888888888879,-32.5,0.0,5.535840789572056,1.0,3.0,0.003401360544217691,1.3144027709814599,295.3715138013613,315.586459494036,238.6111111111112,-293.99999999999005,146.99999999999503,277.6666666666589,146.99999999999503,5.648644219036024e-09,-2.824322109518012e-09,-5.33111688127956e-09,-2.824322109518012e-09
64.0,-32.0,-60.44444444444434,-32.0,0.0,5.542287141196604,1.0,3.0,0.003401360544217691,1.3178041315256777,299.6862533969219,312.2386253181347,239.55555555555566,-293.99999999999005,146.99999999999503,277.6666666666589,146.99999999999503,0.0,0.0,0.0,0.0
63.0,-31.5,-59.49999999999989,-31.5,0.0,5.548637610076215,1.0,3.0,0.0034013605442177464,1.3212054920698955,303.9581410364323,308.8259460166608,240.5000000000001,-293.99999999999005,146.99999999999503,277.6666666666589,146.99999999999503,0.0,0.0,0.0,0.0
62.0,-31.0,-58.55555555555544,-31.0,0.0,5.554892042264308,1.0,3.0,0.00340136054421758,1.324606852614113,308.1861377327062,305.34903729929897,241.44444444444457,-294.00000000000927,147.00000000000463,277.66666666667703,147.00000000000463,-5.648644219036392e-09,2.824322109518196e-09,5.331116881279908e-09,2.824322109518196e-09
61.0,-30.5,-57.61111111111099,-30.5,0.0,5.561050286290201,1.0,3.0,0.003401360544217802,1.3280082131583308,312.36921415964883,301.80853216805525,242.388888888889,-293.99999999999005,146.99999999999503,277.6666666666589,146.99999999999503,5.648644219036024e-09,-2.824322109518012e-09,-5.33111688127956e-09,-2.824322109518012e-09
60.0,-30.0,-56.66666666666654,-30.0,0.0,5.5671121931549346,1.0,3.0,0.00340136054421758,1.3314095737025484,316.50635094610965,298.20508075688775,243.33333333333346,-294.00000000000927,147.00000000000463,277.66666666667703,147.00000000000463,-5.648644219036392e-09,2.824322109518196e-09,5.331116881279908e-09,2.824322109518196e-09
59.0,-29.5,-55.72222222222209,-29.5,0.0,5.573077616327372,1.0,3.0,0.003401360544217802,1.3348109342467662,320.5965389669857,294.5393501662893,244.2777777777779,-293.99999999999005,146.99999999999503,277.6666666666589,146.99999999999503,5.648644219036024e-09,-2.824322109518012e-09,-5.33111688127956e-09,-2.824322109518012e-09
58.0,-29.0,-54.777777777777644,-29.0,0.0,5.578946411740973,1.0,3.0,0.00340136054421758,1.3382122947909838,324.63877963148985,290.8120242928695,245.22222222222234,-294.00000000000927,147.00000000000463,277.66666666667703,147.00000000000463,-5.648644219036392e-09,2.824322109518196e-09,5.331116881279908e-09,2.824322109518196e-09
57.0,-28.5,-53.833333333333194,-28.5,0.0,5.584718437789723,1.0,3.0,0.003401360544217802,1.3416136553352016,328.6320851684968,287.02380365398693,246.1666666666668,-293.99999999999005,146.99999999999503,277.6666666666589,146.99999999999503,5.648644219036024e-09,-2.824322109518012e-09,-5.33111688127956e-09,-2.824322109518012e-09
56.0,-28.0,-52.888888888888744,-28.0,0.0,5.5903935553243915,1.0,3.0,0.00340136054421758,1.3450150158794192,332.5754789088811,283.1754052074811,247.11111111111126,-294.00000000000927,147.00000000000463,277.66666666667703,147.00000000000463,-5.648644219036392e-09,2.824322109518196e-09,5.331116881279908e-09,2.824322109518196e-09
55.0,-27.5,-51.944444444444294,-27.5,0.0,5.595971627650731,1.0,3.0,0.003401360544217802,1.348416376423637,336.4679955647646,279.2675621665569,248.0555555555557,-293.99999999999005,146.99999999999503,277.6666666666589,146.99999999999503,5.648644219036024e-09,-2.824322109518012e-09,-5.33111688127956e-09,-2.824322109518012e-09
54.0,-27.0,-50.999999999999844,-27.0,0.0,5.601452520524326,1.0,3.0,0.00340136054421758,1.3518177369678546,340.30868150558655,275.30102380987626,249.00000000000017,-294.00000000000927,147.00000000000463,277.66666666667703,147.00000000000463,-5.648644219036392e-09,2.824322109518196e-09,5.331116881279908e-09,2.824322109518196e-09
53.0,-26.5,-50.055555555555394,-26.5,0.0,5.606836102148445,1.0,3.0,0.003401360544217691,1.3552190975120721,344.096595030916,271.2765552869108,249.9444444444446,-294.00000000000927,147.00000000000463,277.66666666667703,147.00000000000463,0.0,0.0,0.0,0.0
52.0,-26.0,-49.111111111110944,-26.0,0.0,5.612122243170502,1.0,3.0,0.003401360544217691,1.35862045805629,347.8308066399234,267.19493741861385,250.88888888888906,-293.99999999999005,146.99999999999503,277.6666666666589,146.99999999999503,5.648644219036024e-09,-2.824322109518012e-09,-5.33111688127956e-09,-2.824322109518012e-09
51.0,-25.5,-48.166666666666494,-25.5,0.0,5.617310816679994,1.0,3.0,0.003401360544217691,1.3620218186005077,351.5103992974326,263.056966493468,251.8333333333335,-293.99999999999005,146.99999999999503,277.6666666666589,146.99999999999503,0.0,0.0,0.0,0.0
50.0,-25.0,-47.222222222222044,-25.0,0.0,5.622401698204194,1.0,3.0,0.003401360544217691,1.3654231791447256,355.13446869647044,258.8634540589705,252.77777777777794,-293.99999999999005,146.99999999999503,277.6666666666589,146.99999999999503,0.0,0.0,0.0,0.0
49.0,-24.5,-46.277777777777594,-24.5,0.0,5.627394765706242,1.0,3.0,0.003401360544217691,1.3688245396889434,358.7021235172373,254.61522670861422,253.7222222222224,-293.99999999999005,146.99999999999503,277.6666666666589,146.99999999999503,0.0,0.0,0.0,0.0
48.0,-24.0,-45.333333333333144,-24.0,0.0,5.632289899582695,1.0,3.0,0.003401360544217691,1.3722259002331612,362.21248568242186,250.3131258644289,254.66666666666686,-293.99999999999005,146.99999999999503,277.6666666666589,146.99999999999503,0.0,0.0,0.0,0.0
47.0,-23.5,-44.388888888888694,-23.5,0.0,5.637086982659744,1.0,3.0,0.003401360544217691,1.375627260777379,365.6646906087807,245.9580075551457,255.6111111111113,-293.99999999999005,146.99999999999503,277.6666666666589,146.99999999999503,0.0,0.0,0.0,0.0
46.0,-23.0,-43.444444444444244,-23.0,0.0,5.641785900191913,1.0,3.0,0.003401360544217691,1.3790286213215968,369.0578874549095,241.5507421900487,256.55555555555577,-293.99999999999005,146.99999999999503,277.6666666666589,146.99999999999503,0.0,0.0,0.0,0.0
45.0,-22.5,-42.499999999999794,-22.5,0.0,5.646386539858483,1.0,3.0,0.003401360544217691,1.3824299818658146,372.3912393651312,237.09221432858203,257.5000000000002,-293.99999999999005,146.99999999999503,277.6666666666589,146.99999999999503,0.0,0.0,0.0,0.0
44.0,-22.0,-41.555555555555344,-22.0,0.0,5.6508887917620605,1.0,3.0,0.003401360544217691,1.3858313424100324,375.6639237094271,232.5833224457775,258.4444444444447,-293.99999999999005,146.99999999999503,277.6666666666589,146.99999999999503,0.0,0.0,0.0,0.0
43.0,-21.5,-40.611111111110894,-21.5,0.0,5.6552925484252805,1.0,3.0,0.003401360544217691,1.3892327029542502,378.87513231934025,228.02497869357407,259.38888888888914,-293.99999999999005,146.99999999999503,277.6666666666589,146.99999999999503,0.0,0.0,0.0,0.0
42.0,-21.0,-39.666666666666444,-21.0,0.0,5.659597704789436,1.0,3.0,0.003401360544217691,1.392634063498468,382.02407171977933,223.4181086580968,260.33333333333354,-293.99999999999005,146.99999999999503,277.6666666666589,146.99999999999503,0.0,0.0,0.0,0.0
41.0,-20.5,-38.722222222221994,-20.5,0.0,5.663804158211746,1.0,3.0,0.003401360544217691,1.3960354240426858,385.1099633566538,218.76365111296838,261.277777777778,-293.99999999999005,146.99999999999503,277.6666666666589,146.99999999999503,0.0,0.0,0.0,0.0
40.0,-20.0,-37.777777777777544,-20.0,0.0,5.667911808463311,1.0,3.0,0.003401360544217691,1.3994367845869036,388.1320438202727,214.06255776872507,262.22222222222246,-293.99999999999005,146.99999999999503,277.6666666666589,146.99999999999503,0.0,0.0,0.0,0.0
39.0,-19.5,-36.833333333333094,-19.5,0.0,5.671920557727054,1.0,3.0,0.003401360544217691,1.4028381451311214,391.0895650644388,209.31579301841026,263.1666666666669,-293.99999999999005,146.99999999999503,277.6666666666589,146.99999999999503,0.0,0.0,0.0,0.0
38.0,-19.0,-35.888888888888644,-19.0,0.0,5.675830310596117,1.0,3.0,0.003401360544217691,1.4062395056753392,393.98179462117366,204.52433367942086,264.11111111111137,-293.99999999999005,146.99999999999503,277.6666666666589,146.99999999999503,0.0,0.0,0.0,0.0
37.0,-18.5,-34.944444444444194,-18.5,0.0,5.67964097407119,1.0,3.0,0.00340136054421758,1.4096408662195568,396.80801581100843,199.68916873168274,265.05555555555577,-294.00000000000927,147.00000000000463,277.66666666667703,147.00000000000463,-5.648644219036392e-09,2.824322109518196e-09,5.331116881279908e-09,2.824322109518196e-09
36.0,-18.0,-33.999999999999744,-18.0,0.0,5.6833524575595336,1.0,3.0,0.003401360544217802,1.4130422267637746,399.56752794877787,194.81129905223156,266.0000000000002,-293.99999999999005,146.99999999999503,277.6666666666589,146.99999999999503,5.648644219036024e-09,-2.824322109518012e-09,-5.33111688127956e-09,-2.824322109518012e-09
35.0,-17.5,-33.055555555555294,-17.5,0.0,5.6869646728726,1.0,3.0,0.00340136054421758,1.4164435873079921,402.2596465448551,189.89173714627753,266.9444444444447,-294.00000000000927,147.00000000000463,277.66666666667703,147.00000000000463,-5.648644219036392e-09,2.824322109518196e-09,5.331116881279908e-09,2.824322109518196e-09
34.0,-17.0,-32.111111111110844,-17.0,0.0,5.690477534224125,1.0,3.0,0.003401360544217802,1.41984494785221,404.88370350176723,184.93150687483362,267.88888888888914,-293.99999999999005,146.99999999999503,277.6666666666589,146.99999999999503,5.648644219036024e-09,-2.824322109518012e-09,-5.33111688127956e-09,-2.824322109518012e-09
33.0,-16.5,-31.166666666666398,-16.5,0.0,5.693890958229422,1.0,3.0,0.00340136054421758,1.4232463083964275,407.4390473061331,179.93164317898612,268.8333333333336,-294.00000000000927,147.00000000000463,277.666666666676,147.00000000000463,-5.648644219036392e-09,2.824322109518196e-09,5.030301508668503e-09,2.824322109518196e-09
32.0,-16.0,-30.22222222222195,-16.0,0.0,5.697204863902608,1.0,3.0,0.003401360544217802,1.4266476689406453,409.9250432158649,174.89319180089083,269.77777777777806,-293.99999999999005,146.99999999999503,277.6666666666579,146.99999999999503,5.648644219036024e-09,-2.824322109518012e-09,-5.33111688127956e-09,-2.824322109518012e-09
31.0,-15.5,-29.277777777777505,-15.5,0.0,5.700419172655928,1.0,3.0,0.00340136054421758,1.430049029484863,412.3410734425782,169.81720900157512,270.7222222222225,-294.00000000000927,147.00000000000463,277.666666666676,147.00000000000463,-5.648644219036392e-09,2.824322109518196e-09,5.331116881279908e-09,2.824322109518196e-09
30.0,-15.0,-28.33333333333306,-15.0,0.0,5.703533808297816,1.0,3.0,0.0034077894635021755,1.4334568189483652,414.6865373291548,164.70476127563023,271.66666666666697,-293.4453582623236,146.7226791311618,277.14283835886175,146.7226791311618,162.75704342240107,-81.37852171120053,-153.71498545450103,-81.37852171120053
29.0,-14.5,-27.388888888888612,-14.5,0.0,5.706548697031449,1.0,3.0,0.003457414711500739,1.436914233659866,416.9608515224061,159.5569250628778,272.6111111111114,-289.23345431301647,144.61672715650823,273.164929073405,144.61672715650823,1218.2235284927451,-609.1117642463726,-1150.5444435764778,-609.1117642463726
28.0,-14.0,-26.444444444444166,-14.0,0.0,5.709463767453797,1.0,3.0,0.0035175571926588933,1.4404317908525248,419.16345014078456,154.37478645709515,273.5555555555558,-284.28819923297624,142.14409961648812,268.49441038670034,142.14409961648812,1405.8776614523638,-702.9388307261819,-1327.773346927235,-702.9388307261819
27.0,-13.5,-25.49999999999972,-13.5,0.0,5.712278950553696,1.0,3.0,0.0035809519047755867,1.4440127427573004,421.2937849370927,149.15944091188575,274.5000000000003,-279.25535628289,139.627678141445,263.74116982273,139.627678141445,1405.4483511421704,-702.7241755710852,-1327.3678871898214,-702.7241755710852
26.0,-13.0,-24.555555555555273,-13.0,0.0,5.714994179711037,1.0,3.0,0.003647902972559125,1.4476606457298595,423.35132545614226,143.9119929437818,275.44444444444474,-274.13009817486096,137.06504908743048,258.9006482762581,137.06504908743048,1404.987508325496,-702.493754162748,-1326.932646751873,-702.493754162748
25.0,-12.5,-23.611111111110826,-12.5,0.0,5.717609390695301,1.0,3.0,0.0037187558909937968,1.4513794016208532,425.3355591873133,138.63355583266565,276.38888888888914,-268.907137040606,134.453568520303,253.96785164946178,134.453568520303,1404.4915254868536,-702.2457627434268,-1326.4642185153566,-702.2457627434268
24.0,-12.0,-22.66666666666638,-12.0,0.0,5.720124521664549,1.0,3.0,0.003793905054980007,1.4551733066758332,427.24599171197156,133.32525131959991,277.3333333333336,-263.5806604299089,131.79033021495445,248.9372904060256,131.79033021495445,1403.956222812008,-701.978111406004,-1325.9586548780126,-701.978111406004
23.0,-11.5,-21.722222222221934,-11.5,0.0,5.722539513164152,1.0,3.0,0.0038738030349471098,1.4590471097107804,429.08214684569555,127.9882093021541,278.27777777777806,-258.1442553941374,129.0721276970687,243.8029078722414,129.0721276970687,1403.3767299801693,-701.6883649900847,-1325.4113560923845,-701.6883649900847
22.0,-11.0,-20.777777777777487,-11.0,0.0,5.7248543081257335,1.0,3.0,0.003958972098081159,1.4630060818088615,430.8435667752735,122.62356752731867,279.2222222222225,-252.5908178248363,126.29540891241815,238.55799461234588,126.29540891241815,1402.7473373689384,-701.3736686844692,-1324.816929737339,-701.3736686844692
21.0,-10.5,-19.83333333333304,-10.5,0.0,5.727068851866401,1.0,3.0,0.00405001864744281,1.4670561004563043,432.52981219042897,117.23247128209698,280.16666666666697,-246.91244338625503,123.45622169312752,233.19508542035246,123.45622169312752,1402.061307092156,-701.030653546078,-1324.169012253703,-701.030653546078
20.0,-10.0,-18.888888888888594,-10.0,0.0,5.729183092087411,1.0,3.0,0.004147651494746163,1.4712037519510504,434.1404624102337,111.81607308186638,281.1111111111114,-241.10029525545443,120.55014762772721,227.70583440792967,120.55014762772721,1401.3106304044643,-700.6553152022321,-1323.4600398264354,-700.6553152022321
19.0,-9.5,-17.944444444444148,-9.5,0.0,5.731196978873383,1.0,3.0,0.0042527052311436275,1.475456457182194,435.67511550417123,106.3755323566008,282.0555555555559,-235.1444423367858,117.5722211683929,222.0808622069648,117.5722211683929,1400.485713200252,-700.242856600126,-1322.680951355805,-700.242856600126
18.0,-9.0,-16.9999999999997,-9.0,0.0,5.733110464691587,1.0,3.0,0.004366170467385633,1.4798226276495796,437.1333884078151,100.91201513504724,283.0000000000003,-229.03365946652517,114.51682973326258,216.30956727394087,114.51682973326258,1399.5749629811496,-699.7874814905748,-1321.8207983710868,-699.7874814905748
17.0,-8.5,-16.055555555555255,-8.5,0.0,5.73492350439086,1.0,3.0,0.004489233465310161,1.4843118611148898,438.51491703308625,95.42669372695006,283.94444444444474,-222.75517807824906,111.37758903912453,210.37989040723568,111.37758903912453,1398.5642397064164,-699.2821198532082,-1320.8662263893893,-699.2821198532082
16.0,-8.0,-15.111111111110809,-8.0,0.0,5.736636055201075,1.0,3.0,0.004623328815397287,1.4889351899302872,439.8193563730564,89.92074640341625,284.8888888888892,-216.2943714212213,108.14718571061066,204.2780174533761,108.14718571061066,1397.4361147558584,-698.7180573779292,-1319.8007750472095,-698.7180573779292
15.0,-7.5,-14.166666666666362,-7.5,0.0,5.738248076731932,1.0,3.0,0.004770210561606869,1.4937054004918942,441.04638060126626,84.3953570755171,285.8333333333336,-209.63435200292747,104.81717600146374,197.98799911387636,104.81717600146374,1396.1688550809436,-698.0844275404718,-1318.6039186875576,-698.0844275404718
14.0,-7.0,-13.222222222221916,-7.0,0.0,5.739759530972962,1.0,3.0,0.004932049932016902,1.498637450423911,442.1956831655298,78.85171497122047,286.77777777777806,-202.75544931295173,101.37772465647586,191.4912576844548,101.37772465647586,1394.7350056861046,-697.3675028430523,-1317.249727592434,-697.3675028430523
13.0,-6.5,-12.27777777777747,-6.5,0.0,5.741170382292295,1.0,3.0,0.005111572303976852,1.503749022727888,443.2669768761939,73.29101431074973,287.7222222222225,-195.6345211476259,97.81726057381294,184.76593663942484,97.81726057381294,1393.099371750162,-696.549685875081,-1315.7049622084894,-696.549685875081
12.0,-6.0,-11.333333333333023,-6.0,0.0,5.74248059743621,1.0,3.0,0.005312253499653474,1.5090612762275415,444.2599939888295,67.71445398046528,288.66666666666697,-188.2440286528554,94.1220143264277,177.78602706103047,94.1220143264277,1391.2160809442878,-695.6080404721439,-1313.9262986696097,-695.6080404721439
11.0,-5.5,-10.388888888888577,-5.5,0.0,5.743690145528642,1.0,3.0,0.005538608412073542,1.514599884639615,445.1744862813275,62.12323720536502,289.6111111111114,-180.55076755744867,90.27538377872433,170.520169359813,90.27538377872433,1389.0241957955452,-694.5120978977726,-1311.856184918014,-694.5120978977726
10.0,-5.0,-9.44444444444413,-5.0,0.0,5.744798998070717,1.0,3.0,0.0057966281474723935,1.5203965127870873,446.010225125378,56.51857122030066,290.5555555555559,-172.5140848367249,86.25704241836245,162.92996901246275,86.25704241836245,1386.4409646887823,-693.2204823443911,-1309.4164666505194,-693.2204823443911
9.0,-4.5,-8.499999999999684,-4.5,0.0,5.745807128939965,1.0,3.0,0.006094465452633924,1.5264909782397211,446.7670015523096,50.901666940007466,291.50000000000034,-164.08329947425256,82.04164973712628,154.96756061457216,82.04164973712628,1383.351079433693,-691.6755397168465,-1306.4982416873843,-691.6755397168465
8.0,-4.0,-7.555555555555237,-4.0,0.0,5.746714514390245,1.0,3.0,0.006443554582672983,1.5329345328223942,447.4446263132701,45.27373862804446,292.4444444444448,-155.19384326921497,77.59692163460748,146.5719630875922,77.59692163460748,1379.588873033154,-689.794436516577,-1302.945046753538,-689.794436516577
7.0,-3.5,-6.611111111110791,-3.5,0.0,5.7475211330510785,1.0,3.0,0.0068605341878797965,1.539795067010274,448.0429299337311,39.63600356474377,293.3888888888892,-145.76124433089421,72.88062216544711,137.6633974236226,72.88062216544711,1374.9073585239046,-687.4536792619523,-1298.5236163836873,-687.4536792619523
6.0,-3.0,-5.6666666666663446,-3.0,0.0,5.748226965927454,1.0,3.0,0.007370757911654202,1.5471658249219282,448.56176276229814,33.98968171426671,294.33333333333366,-135.67125823232638,67.83562911616319,128.13396610830853,67.83562911616319,1368.92110953938,-684.46055476969,-1292.869936787193,-684.46055476969
5.0,-2.5,-4.722222222221898,-2.5,0.0,5.748831996399354,1.0,3.0,0.008015222637608677,1.555181047559537,449.00099501381357,28.335995390865694,295.2777777777781,-124.76259802289755,62.381299011448775,117.83134257718127,62.381299011448775,1360.9927886773467,-680.4963943386733,-1285.3820781952747,-680.4963943386733
4.0,-2.0,-3.7777777777774517,-2.0,0.0,5.74933621022162,1.0,3.0,0.008865718989618299,1.564046766549155,449.36051680673876,22.676168924450362,296.2222222222225,-112.79401040919595,56.397005204597974,106.52767649757416,56.397005204597974,1349.984995883232,-674.992497941616,-1274.9858294452797,-674.992497941616
3.0,-1.5,-2.8333333333330053,-1.5,0.0,5.749739595523664,1.0,3.0,0.010063043148627049,1.5741098096977821,449.64023819480406,17.011428325557112,297.16666666666697,-99.37351805317807,49.68675902658904,93.85276705022393,49.68675902658904,1333.6415394232806,-666.8207697116403,-1259.5503427886556,-666.8207697116403
2.0,-1.0,-1.8888888888885589,-1.0,0.0,5.750042142809201,1.0,3.0,0.011936628297426477,1.5860464379952086,449.84008919291693,11.34300094982113,298.1111111111114,-83.77575099792618,41.88787549896309,79.12154260915267,41.88787549896309,1306.7146489444387,-653.3573244722194,-1234.1193906697501,-653.3573244722194
1.0,-0.5,-0.9444444444441124,-0.5,0.0,5.750243844956191,1.0,3.0,0.015556116863380431,1.601602554858589,449.9600197973211,5.672115162050245,299.0555555555559,-64.28339467891439,32.141697339457195,60.71209497453039,32.141697339457195,1253.0348344770657,-626.5174172385329,-1183.421788117231,-626.5174172385329
0.0,0.0,3.341771304121721e-13,0.0,0.0,5.7503446972166685,1.0,3.0,0.03755578830943407,1.639158343168023,450.0,5.878304635907296e-14,300.00000000000034,-26.627053911388714,13.313526955694357,25.14777313853384,13.313526955694357,1002.6774157225309,-501.33870786126545,-946.973114849059,-501.33870786126545
