J1_Position,J2_Position,J3_Position,J4_Position,Error,MM_Step,Deg_step,Move_ID,Time,Time_Total,X,Y,Z,J1_Velocity,J2_Velocity,J3_Velocity,J4_Velocity,J1_Acceleration,J2_Acceleration,J3_Acceleration,J4_Acceleration
0.0,0.0,0.0,0.0,0.0,0.0,0.0,1.0,0.0,0.0,450.0,5.878304635907296e-14,300.0,0.0,0.0,0.0,0.0,0.0,0.0,0.0,0.0
1.0,-0.5,-0.9444444444444444,-0.5,0.0,5.7503446972166685,1.0,2.0,0.0,0.0,449.9600197973211,5.672115162050245,299.05555555555554,0.0,0.0,0.0,0.0,0.0,0.0,0.0,0.0
2.0,-1.0,-1.8888888888888888,-1.0,0.0,5.750243844956191,1.0,2.0,0.059262706189052744,0.059262706189052744,449.84008919291693,11.34300094982113,298.1111111111111,16.87401848997446,-8.43700924498723,-15.936573018309215,-8.43700924498723,284.7325,-142.36625,-268.9140277777778,-142.36625
3.0,-1.5,-2.833333333333333,-1.5,0.0,5.750042142809201,1.0,2.0,0.013318989280776197,0.07258169546982894,449.64023819480406,17.011428325557112,297.16666666666663,75.080772190675,-37.5403860953375,-70.90961818008194,-37.5403860953375,4370.208014561027,-2185.1040072805135,-4127.418680418747,-2185.1040072805135
4.0,-2.0,-3.7777777777777777,-2.0,0.0,5.749739595523654,1.0,2.0,0.011228427365661417,0.08381012283549036,449.36051680673876,22.676168924450362,296.22222222222223,89.05966681123866,-44.52983340561933,-84.11190754394764,-44.52983340561933,1244.955697296815,-622.4778486484075,-1175.7914918914394,-622.4778486484075
5.0,-2.5,-4.722222222222222,-2.5,0.0,5.749336210221629,1.0,2.0,0.00989244309589156,0.09370256593138192,449.00099501381357,28.335995390865694,295.27777777777777,101.08726330862707,-50.543631654313536,-95.47130423592559,-50.543631654313536,1215.8368141014234,-607.9184070507117,-1148.2903244291222,-607.9184070507117
6.0,-3.0,-5.666666666666667,-3.0,0.0,5.748831996399345,1.0,2.0,0.008943452182083991,0.10264601811346591,448.56176276229814,33.98968171426671,294.33333333333337,111.8136464130992,-55.9068232065496,-105.60177716792705,-55.9068232065496,1199.3560077348886,-599.6780038674443,-1132.7251184162844,-599.6780038674443
7.0,-3.5,-6.611111111111112,-3.5,0.0,5.748226965927454,1.0,2.0,0.008224353072775581,0.11087037118624149,448.0429299337311,39.63600356474377,293.3888888888889,121.59011063255785,-60.795055316278926,-114.83510448630466,-60.795055316278926,1188.7213660392201,-594.3606830196101,-1122.6812901481517,-594.3606830196101
8.0,-4.0,-7.555555555555556,-4.0,0.0,5.747521133051088,1.0,2.0,0.007655041191863998,0.11852541237810549,447.4446263132701,45.27373862804446,292.44444444444446,130.63286988747092,-65.31643494373546,-123.3754882270559,-65.31643494373546,1181.281593170782,-590.640796585391,-1115.6548379946287,-590.640796585391
9.0,-4.5,-8.5,-4.5,0.0,5.746714514390245,1.0,2.0,0.0071897718751300355,0.12571518425323552,446.7670015523096,50.901666940007466,291.5,139.08647136066662,-69.54323568033331,-131.35944517396283,-69.54323568033331,1175.7815991961234,-587.8907995980617,-1110.4603992407658,-587.8907995980617
10.0,-5.0,-9.444444444444445,-5.0,0.0,5.745807128939965,1.0,2.0,0.006800255316083914,0.13251543956931944,446.010225125378,56.51857122030066,290.55555555555554,147.0533021951113,-73.52665109755566,-138.88367429538295,-73.52665109755566,1171.5487822349262,-585.7743911174631,-1106.4627387774499,-585.7743911174631
11.0,-5.5,-10.38888888888889,-5.5,0.0,5.744798998070717,1.0,2.0,0.006467925970139815,0.13898336553945925,445.1744862813275,62.12323720536502,289.6111111111111,154.60906705127042,-77.30453352563521,-146.01967443731098,-77.30453352563521,1168.189755269535,-584.0948776347675,-1103.290324421227,-584.0948776347675
12.0,-6.0,-11.333333333333334,-6.0,0.0,5.743690145528642,1.0,2.0,0.00618002540019863,0.14516339093965788,444.2599939888295,67.71445398046528,288.66666666666663,161.81163267838016,-80.90581633919008,-152.8220975295813,-80.90581633919008,1165.4589035958095,-582.7294517979047,-1100.7111867293754,-582.7294517979047
13.0,-6.5,-12.277777777777779,-6.5,0.0,5.742480597436201,1.0,2.0,0.005927456703490042,0.15109084764314792,443.2669768761939,73.29101431074973,287.72222222222223,168.70641997455797,-84.35320998727899,-159.3338410870826,-84.35320998727899,1163.1948812242208,-581.5974406121104,-1098.572943378435,-581.5974406121104
14.0,-7.0,-13.222222222222223,-7.0,0.0,5.741170382292295,1.0,2.0,0.005703534953774014,0.15679438259692194,442.1956831655298,78.85171497122047,286.77777777777777,175.32986263866107,-87.66493131933053,-165.58931471429105,-87.66493131933053,1161.2872924922428,-580.6436462461214,-1096.7713317982261,-580.6436462461214
15.0,-7.5,-14.166666666666668,-7.5,0.0,5.739759530972953,1.0,2.0,0.005503222395804086,0.16229760499272602,441.04638060126626,84.3953570755171,285.83333333333337,181.7117187127394,-90.8558593563697,-171.6166232286984,-90.8558593563697,1159.6580357981113,-579.8290178990557,-1095.2325893648854,-579.8290178990557
16.0,-8.0,-15.111111111111112,-8.0,0.0,5.738248076731941,1.0,2.0,0.005322640678254692,0.16762024567098072,439.8193563730564,89.92074640341625,284.8888888888889,187.87666882820702,-93.93833441410351,-177.4390761155289,-93.93833441410351,1158.2502911861238,-579.1251455930619,-1093.9030527868954,-579.1251455930619
17.0,-8.5,-16.055555555555557,-8.5,0.0,5.736636055201075,1.0,2.0,0.005158748802377988,0.1727789944733587,438.51491703308625,95.42669372695006,283.94444444444446,193.84545328879705,-96.92272664439852,-183.07626143941948,-96.92272664439852,1157.0217293462022,-578.5108646731011,-1092.7427443825231,-578.5108646731011
18.0,-9.0,-17.0,-9.0,0.0,5.73492350439086,1.0,2.0,0.005009124093799527,0.17778811856715823,437.1333884078151,100.91201513504724,283.0,199.63570102761793,-99.81785051380896,-188.5448287483055,-99.81785051380896,1155.9401664630861,-577.9700832315431,-1091.7212683261723,-577.9700832315431
19.0,-9.5,-17.944444444444443,-9.5,0.0,5.733110464691596,1.0,2.0,0.004871809375658259,0.1826599279428165,435.67511550417123,106.3755323566008,282.05555555555554,205.26254680580232,-102.63127340290116,-193.85907198325742,-102.63127340290116,1154.9806949136043,-577.4903474568022,-1090.815100751739,-577.4903474568022
20.0,-10.0,-18.888888888888886,-10.0,0.0,5.731196978873383,1.0,2.0,0.004745203919947344,0.18740513186276384,434.1404624102337,111.81607308186638,281.1111111111111,210.7390992821857,-105.36954964109285,-199.03137154428615,-105.36954964109285,1154.123736044656,-577.061868022328,-1090.0057507088375,-577.061868022328
21.0,-10.5,-19.83333333333333,-10.5,0.0,5.7291830920874025,1.0,2.0,0.004627984085826903,0.19203311594859074,432.52981219042897,117.23247128209698,280.1666666666667,216.07680178989327,-108.03840089494663,-204.07253502378774,-108.03840089494663,1153.353686771346,-576.676843385673,-1089.278481950714,-576.676843385673
22.0,-11.0,-20.77777777777777,-11.0,0.0,5.727068851866401,1.0,2.0,0.004519044541569983,0.19655216049016072,430.8435667752735,122.62356752731867,279.22222222222223,221.28571444719267,-110.64285722359634,-208.9920636445705,-110.64285722359634,1152.6579588635243,-576.3289794317621,-1088.6214055933247,-576.3289794317621
23.0,-11.5,-21.722222222222214,-11.5,0.0,5.7248543081257335,1.0,2.0,0.004417454043417202,0.20096961453357792,429.08214684569555,127.9882093021541,278.27777777777777,226.37473761389307,-113.18736880694654,-213.79836330200976,-113.18736880694654,1152.0262840728262,-576.0131420364131,-1088.0248238465585,-576.0131420364131
24.0,-12.0,-22.666666666666657,-12.0,0.0,5.7225395131641426,1.0,2.0,0.004322421693353895,0.20529203622693182,427.24599171197156,133.32525131959991,277.33333333333337,231.35179095033422,-115.67589547516711,-218.4989136753153,-115.67589547516711,1151.4502030409953,-575.7251015204977,-1087.480747316497,-575.7251015204977
25.0,-12.5,-23.6111111111111,-12.5,0.0,5.720124521664549,1.0,2.0,0.004233270861794064,0.20952530708872588,425.3355591873133,138.63355583266565,276.3888888888889,236.2239584112506,-118.1119792056253,-223.10040516618076,-118.1119792056253,1150.922683660161,-575.4613418300805,-1086.9825345679285,-575.4613418300805
26.0,-13.0,-24.555555555555543,-13.0,0.0,5.717609390695311,1.0,2.0,0.004149418798660903,0.21367472588738678,423.35132545614226,143.9119929437818,275.44444444444446,240.9976067787419,-120.49880338937095,-227.6088508465892,-120.49880338937095,1150.4378321686493,-575.2189160843246,-1086.5246192703914,-575.2189160843246
27.0,-13.5,-25.499999999999986,-13.5,0.0,5.714994179711037,1.0,2.0,0.004070360522100025,0.2177450864094868,421.2937849370927,149.15944091188575,274.5,245.67848340963886,-122.83924170481943,-232.02967877576967,-122.83924170481943,1149.9906717063852,-574.9953358531926,-1086.1023010560302,-574.9953358531926
28.0,-14.0,-26.44444444444443,-14.0,0.0,5.712278950553696,1.0,2.0,0.003996177564399017,0.22174126397388583,419.16345014078456,154.37478645709515,273.55555555555554,250.23913074052538,-125.11956537026269,-236.33695681049582,-125.11956537026269,1141.2524236951413,-570.6262118475706,-1077.849511267631,-570.6262118475706
29.0,-14.5,-27.38888888888887,-14.5,0.0,5.709463767453797,1.0,2.0,0.003968253968253954,0.22570951794213978,416.9608515224061,159.5569250628778,272.61111111111114,252.0000000000009,-126.00000000000045,-238.00000000000045,-126.00000000000045,443.73905338783436,-221.86952669391718,-419.0868837551693,-221.86952669391718
30.0,-15.0,-28.333333333333314,-15.0,0.0,5.706548697031449,1.0,2.0,0.003968253968253982,0.22967777191039376,414.6865373291548,164.70476127563023,271.6666666666667,251.99999999999912,-125.99999999999956,-237.99999999999878,-125.99999999999956,-4.5122305891709247e-10,2.2561152945854624e-10,4.2257397581124533e-10,2.2561152945854624e-10
31.0,-15.5,-29.277777777777757,-15.5,0.0,5.703533808297816,1.0,2.0,0.003968253968253954,0.23364602587864772,412.3410734425782,169.81720900157512,270.72222222222223,252.0000000000009,-126.00000000000045,-238.00000000000045,-126.00000000000045,4.512230589170956e-10,-2.256115294585478e-10,-4.225739758112483e-10,-2.256115294585478e-10
32.0,-16.0,-30.2222222222222,-16.0,0.0,5.700419172655918,1.0,2.0,0.003968253968253982,0.2376142798469017,409.9250432158649,174.89319180089083,269.7777777777778,251.99999999999912,-125.99999999999956,-237.99999999999878,-125.99999999999956,-4.5122305891709247e-10,2.2561152945854624e-10,4.2257397581124533e-10,2.2561152945854624e-10
33.0,-16.5,-31.166666666666643,-16.5,0.0,5.697204863902608,1.0,2.0,0.003968253968253954,0.24158253381515565,407.4390473061331,179.93164317898612,268.83333333333337,252.0000000000009,-126.00000000000045,-238.00000000000045,-126.00000000000045,4.512230589170956e-10,-2.256115294585478e-10,-4.225739758112483e-10,-2.256115294585478e-10
34.0,-17.0,-32.111111111111086,-17.0,0.0,5.693890958229422,1.0,2.0,0.003968253968253982,0.24555078778340964,404.88370350176723,184.93150687483362,267.8888888888889,251.99999999999912,-125.99999999999956,-237.99999999999878,-125.99999999999956,-4.5122305891709247e-10,2.2561152945854624e-10,4.2257397581124533e-10,2.2561152945854624e-10
35.0,-17.5,-33.05555555555553,-17.5,0.0,5.690477534224125,1.0,2.0,0.003968253968253954,0.2495190417516636,402.2596465448551,189.89173714627753,266.94444444444446,252.0000000000009,-126.00000000000045,-238.00000000000045,-126.00000000000045,4.512230589170956e-10,-2.256115294585478e-10,-4.225739758112483e-10,-2.256115294585478e-10
36.0,-18.0,-33.99999999999997,-18.0,0.0,5.6869646728726,1.0,2.0,0.003968253968253982,0.25348729571991757,399.56752794877787,194.81129905223156,266.0,251.99999999999912,-125.99999999999956,-237.99999999999878,-125.99999999999956,-4.5122305891709247e-10,2.2561152945854624e-10,4.2257397581124533e-10,2.2561152945854624e-10
37.0,-18.5,-34.944444444444414,-18.5,0.0,5.683352457559524,1.0,2.0,0.003968253968253954,0.2574555496881715,396.80801581100843,199.68916873168274,265.0555555555556,252.0000000000009,-126.00000000000045,-238.00000000000045,-126.00000000000045,4.512230589170956e-10,-2.256115294585478e-10,-4.225739758112483e-10,-2.256115294585478e-10
38.0,-19.0,-35.88888888888886,-19.0,0.0,5.6796409740712,1.0,2.0,0.003968253968253954,0.2614238036564255,393.98179462117366,204.52433367942086,264.11111111111114,252.0000000000009,-126.00000000000045,-238.00000000000045,-126.00000000000045,0.0,0.0,0.0,0.0
39.0,-19.5,-36.8333333333333,-19.5,0.0,5.675830310596117,1.0,2.0,0.00396825396825401,0.2653920576246795,391.0895650644388,209.31579301841026,263.1666666666667,251.99999999999736,-125.99999999999868,-237.99999999999713,-125.99999999999868,-8.952838470577169e-10,4.4764192352885846e-10,8.37985680846023e-10,4.4764192352885846e-10
40.0,-20.0,-37.77777777777774,-20.0,0.0,5.671920557727045,1.0,2.0,0.003968253968253954,0.26936031159293344,388.1320438202727,214.06255776872507,262.2222222222223,252.0000000000009,-126.00000000000045,-238.00000000000045,-126.00000000000045,8.952838470577294e-10,-4.476419235288647e-10,-8.379856808460348e-10,-4.476419235288647e-10
41.0,-20.5,-38.722222222222186,-20.5,0.0,5.667911808463311,1.0,2.0,0.003968253968253954,0.2733285655611874,385.1099633566538,218.76365111296838,261.2777777777778,252.0000000000009,-126.00000000000045,-238.00000000000045,-126.00000000000045,0.0,0.0,0.0,0.0
42.0,-21.0,-39.66666666666663,-21.0,0.0,5.663804158211746,1.0,2.0,0.003968253968253954,0.27729681952944135,382.02407171977933,223.4181086580968,260.33333333333337,252.0000000000009,-126.00000000000045,-238.00000000000045,-126.00000000000045,0.0,0.0,0.0,0.0
43.0,-21.5,-40.61111111111107,-21.5,0.0,5.659597704789446,1.0,2.0,0.00396825396825401,0.28126507349769536,378.87513231934025,228.02497869357407,259.3888888888889,251.99999999999736,-125.99999999999868,-237.99999999999713,-125.99999999999868,-8.952838470577169e-10,4.4764192352885846e-10,8.37985680846023e-10,4.4764192352885846e-10
44.0,-22.0,-41.555555555555515,-22.0,0.0,5.6552925484252805,1.0,2.0,0.003968253968253954,0.2852333274659493,375.6639237094271,232.5833224457775,258.44444444444446,252.0000000000009,-126.00000000000045,-238.00000000000045,-126.00000000000045,8.952838470577294e-10,-4.476419235288647e-10,-8.379856808460348e-10,-4.476419235288647e-10
45.0,-22.5,-42.49999999999996,-22.5,0.0,5.650888791762051,1.0,2.0,0.003968253968253954,0.28920158143420327,372.3912393651312,237.09221432858203,257.50000000000006,252.0000000000009,-126.00000000000045,-238.00000000000045,-126.00000000000045,0.0,0.0,0.0,0.0
46.0,-23.0,-43.4444444444444,-23.0,0.0,5.646386539858483,1.0,2.0,0.003968253968253954,0.2931698354024572,369.0578874549095,241.5507421900487,256.5555555555556,252.0000000000009,-126.00000000000045,-238.00000000000045,-126.00000000000045,0.0,0.0,0.0,0.0
47.0,-23.5,-44.38888888888884,-23.5,0.0,5.641785900191913,1.0,2.0,0.003968253968253954,0.2971380893707112,365.6646906087807,245.9580075551457,255.61111111111114,252.0000000000009,-126.00000000000045,-238.00000000000045,-126.00000000000045,0.0,0.0,0.0,0.0
48.0,-24.0,-45.333333333333286,-24.0,0.0,5.637086982659739,1.0,2.0,0.00396825396825401,0.3011063433389652,362.21248568242186,250.3131258644289,254.6666666666667,251.99999999999736,-125.99999999999868,-237.99999999999713,-125.99999999999868,-8.952838470577169e-10,4.4764192352885846e-10,8.37985680846023e-10,4.4764192352885846e-10
49.0,-24.5,-46.27777777777773,-24.5,0.0,5.632289899582689,1.0,2.0,0.003968253968253954,0.30507459730721914,358.7021235172373,254.61522670861422,253.72222222222229,252.0000000000009,-126.00000000000045,-238.00000000000045,-126.00000000000045,8.952838470577294e-10,-4.476419235288647e-10,-8.379856808460348e-10,-4.476419235288647e-10
50.0,-25.0,-47.22222222222217,-25.0,0.0,5.627394765706242,1.0,2.0,0.003968253968253954,0.3090428512754731,355.13446869647044,258.8634540589705,252.77777777777783,252.0000000000009,-126.00000000000045,-238.00000000000045,-126.00000000000045,0.0,0.0,0.0,0.0
51.0,-25.5,-48.166666666666615,-25.5,0.0,5.622401698204199,1.0,2.0,0.00396825396825401,0.3130111052437271,351.5103992974326,263.056966493468,251.83333333333337,251.99999999999736,-125.99999999999868,-237.99999999999713,-125.99999999999868,-8.952838470577169e-10,4.4764192352885846e-10,8.37985680846023e-10,4.4764192352885846e-10
52.0,-26.0,-49.11111111111106,-26.0,0.0,5.617310816679988,1.0,2.0,0.003968253968253954,0.31697935921198106,347.8308066399234,267.19493741861385,250.88888888888894,252.0000000000009,-126.00000000000045,-238.00000000000045,-126.00000000000045,8.952838470577294e-10,-4.476419235288647e-10,-8.379856808460348e-10,-4.476419235288647e-10
53.0,-26.5,-50.0555555555555,-26.5,0.0,5.612122243170497,1.0,2.0,0.003968253968253954,0.320947613180235,344.096595030916,271.2765552869108,249.9444444444445,252.0000000000009,-126.00000000000045,-238.00000000000045,-126.00000000000045,0.0,0.0,0.0,0.0
54.0,-27.0,-50.99999999999994,-27.0,0.0,5.606836102148449,1.0,2.0,0.003968253968253954,0.32491586714848897,340.30868150558655,275.30102380987626,249.00000000000006,252.0000000000009,-126.00000000000045,-238.00000000000045,-126.00000000000045,0.0,0.0,0.0,0.0
55.0,-27.5,-51.944444444444386,-27.5,0.0,5.601452520524326,1.0,2.0,0.00396825396825401,0.328884121116743,336.4679955647646,279.2675621665569,248.0555555555556,251.99999999999736,-125.99999999999868,-237.99999999999713,-125.99999999999868,-8.952838470577169e-10,4.4764192352885846e-10,8.37985680846023e-10,4.4764192352885846e-10
56.0,-28.0,-52.88888888888883,-28.0,0.0,5.595971627650726,1.0,2.0,0.003968253968253954,0.33285237508499693,332.5754789088811,283.1754052074811,247.11111111111117,252.0000000000009,-126.00000000000045,-238.00000000000045,-126.00000000000045,8.952838470577294e-10,-4.476419235288647e-10,-8.379856808460348e-10,-4.476419235288647e-10
57.0,-28.5,-53.83333333333327,-28.5,0.0,5.590393555324387,1.0,2.0,0.003968253968253954,0.3368206290532509,328.6320851684968,287.02380365398693,246.16666666666674,252.0000000000009,-126.00000000000045,-238.00000000000045,-126.00000000000045,0.0,0.0,0.0,0.0
58.0,-29.0,-54.777777777777715,-29.0,0.0,5.584718437789723,1.0,2.0,0.00396825396825401,0.3407888830215049,324.63877963148985,290.8120242928695,245.22222222222229,251.99999999999736,-125.99999999999868,-237.99999999999713,-125.99999999999868,-8.952838470577169e-10,4.4764192352885846e-10,8.37985680846023e-10,4.4764192352885846e-10
59.0,-29.5,-55.72222222222216,-29.5,0.0,5.5789464117409775,1.0,2.0,0.003968253968253954,0.34475713698975885,320.5965389669857,294.5393501662893,244.27777777777783,252.0000000000009,-126.00000000000045,-238.00000000000045,-126.00000000000045,8.952838470577294e-10,-4.476419235288647e-10,-8.379856808460348e-10,-4.476419235288647e-10
60.0,-30.0,-56.6666666666666,-30.0,0.0,5.573077616327367,1.0,2.0,0.003968253968253954,0.3487253909580128,316.50635094610965,298.20508075688775,243.3333333333334,252.0000000000009,-126.00000000000045,-238.00000000000045,-126.00000000000045,0.0,0.0,0.0,0.0
61.0,-30.5,-57.61111111111104,-30.5,0.0,5.56711219315493,1.0,2.0,0.003968253968253954,0.35269364492626676,312.36921415964883,301.80853216805525,242.38888888888897,252.0000000000009,-126.00000000000045,-238.00000000000045,-126.00000000000045,0.0,0.0,0.0,0.0
62.0,-31.0,-58.555555555555486,-31.0,0.0,5.561050286290206,1.0,2.0,0.003968253968253954,0.3566618988945207,308.1861377327062,305.34903729929897,241.4444444444445,252.0000000000009,-126.00000000000045,-238.00000000000045,-126.00000000000045,0.0,0.0,0.0,0.0
63.0,-31.5,-59.49999999999993,-31.5,0.0,5.554892042264308,1.0,2.0,0.003968253968253954,0.36063015286277467,303.9581410364323,308.8259460166608,240.50000000000006,252.0000000000009,-126.00000000000045,-238.00000000000045,-126.00000000000045,0.0,0.0,0.0,0.0
64.0,-32.0,-60.44444444444437,-32.0,0.0,5.54863761007621,1.0,2.0,0.00396825396825401,0.3645984068310287,299.6862533969219,312.2386253181347,239.55555555555563,251.99999999999736,-125.99999999999868,-237.99999999999713,-125.99999999999868,-8.952838470577169e-10,4.4764192352885846e-10,8.37985680846023e-10,4.4764192352885846e-10
65.0,-32.5,-61.388888888888815,-32.5,0.0,5.542287141196598,1.0,2.0,0.003968253968253954,0.36856666079928263,295.3715138013613,315.586459494036,238.6111111111112,252.0000000000009,-126.00000000000045,-238.00000000000045,-126.00000000000045,8.952838470577294e-10,-4.476419235288647e-10,-8.379856808460348e-10,-4.476419235288647e-10
66.0,-33.0,-62.33333333333326,-33.0,0.0,5.535840789572056,1.0,2.0,0.00396825396825401,0.37253491476753664,291.014970601516,318.868850282277,237.66666666666674,251.99999999999736,-125.99999999999868,-237.99999999999713,-125.99999999999868,-8.952838470577169e-10,4.4764192352885846e-10,8.37985680846023e-10,4.4764192352885846e-10
67.0,-33.5,-63.2777777777777,-33.5,0.0,5.529298711628218,1.0,2.0,0.003968253968253954,0.3765031687357906,286.6176812146468,322.08521701850265,236.72222222222229,252.0000000000009,-126.00000000000045,-238.00000000000045,-126.00000000000045,8.952838470577294e-10,-4.476419235288647e-10,-8.379856808460348e-10,-4.476419235288647e-10
68.0,-34.0,-64.22222222222214,-34.0,0.0,5.522661066275066,1.0,2.0,0.003968253968253954,0.38047142270404455,282.1807118219428,325.23499678104423,235.77777777777786,252.0000000000009,-126.00000000000045,-238.00000000000045,-126.00000000000045,0.0,0.0,0.0,0.0
69.0,-34.5,-65.16666666666659,-34.5,0.0,5.515928014910056,1.0,2.0,0.003968253968253954,0.3844396766722985,277.7051370645639,328.3176445306486,234.83333333333343,252.0000000000009,-126.00000000000045,-238.00000000000045,-126.00000000000045,0.0,0.0,0.0,0.0
70.0,-35.0,-66.11111111111103,-35.0,0.0,5.509099721423255,1.0,2.0,0.003968253968253954,0.38840793064055246,273.19203973738166,331.3326332449432,233.88888888888897,252.0000000000009,-126.00000000000045,-238.00000000000045,-126.00000000000045,0.0,0.0,0.0,0.0
71.0,-35.5,-67.05555555555547,-35.5,0.0,5.502176352201356,1.0,2.0,0.003968253968253954,0.3923761846088064,268.64251048051113,334.27945404759834,232.9444444444445,252.0000000000009,-126.00000000000045,-238.00000000000045,-126.00000000000045,0.0,0.0,0.0,0.0
72.0,-36.0,-67.99999999999991,-36.0,0.0,5.4951580761325545,1.0,2.0,0.00396825396825401,0.3963444385770604,264.0576474687263,337.1576163321491,232.00000000000009,251.99999999999736,-125.99999999999868,-237.99999999999713,-125.99999999999868,-8.952838470577169e-10,4.4764192352885846e-10,8.37985680846023e-10,4.4764192352885846e-10
73.0,-36.5,-68.94444444444436,-36.5,0.0,5.488045064610895,1.0,2.0,0.003968253968253954,0.4003126925453144,259.4385560988516,339.9666478804424,231.05555555555566,252.0000000000009,-126.00000000000045,-238.00000000000045,-126.00000000000045,8.952838470577294e-10,-4.476419235288647e-10,-8.379856808460348e-10,-4.476419235288647e-10
74.0,-37.0,-69.8888888888888,-37.0,0.0,5.480837491541842,1.0,2.0,0.00396825396825401,0.4042809465135684,254.78634867522302,342.70609497567597,230.1111111111112,251.99999999999736,-125.99999999999868,-237.99999999999713,-125.99999999999868,-8.952838470577169e-10,4.4764192352885846e-10,8.37985680846023e-10,4.4764192352885846e-10
75.0,-37.5,-70.83333333333324,-37.5,0.0,5.47353553334629,1.0,2.0,0.003968253968253954,0.40824920048182234,250.10214409331292,345.3755225099939,229.16666666666674,252.0000000000009,-126.00000000000045,-238.00000000000045,-126.00000000000045,8.952838470577294e-10,-4.476419235288647e-10,-8.379856808460348e-10,-4.476419235288647e-10
76.0,-38.0,-71.77777777777769,-38.0,0.0,5.466139368966674,1.0,2.0,0.003968253968253954,0.4122174544500763,245.38706752161406,347.97451408661396,228.2222222222223,252.0000000000009,-126.00000000000045,-238.00000000000045,-126.00000000000045,0.0,0.0,0.0,0.0
77.0,-38.5,-72.72222222222213,-38.5,0.0,5.458649179871807,1.0,2.0,0.003968253968253954,0.41618570841833025,240.64225008187643,350.50267211645206,227.27777777777789,252.0000000000009,-126.00000000000045,-238.00000000000045,-126.00000000000045,0.0,0.0,0.0,0.0
78.0,-39.0,-73.66666666666657,-39.0,0.0,5.451065150061748,1.0,2.0,0.003968253968253954,0.4201539623865842,235.8688285277946,352.9596179092205,226.33333333333343,252.0000000000009,-126.00000000000045,-238.00000000000045,-126.00000000000045,0.0,0.0,0.0,0.0
79.0,-39.5,-74.61111111111101,-39.5,0.0,5.443387466074972,1.0,2.0,0.003968253968253954,0.42412221635483816,231.06794492223895,355.3449917589739,225.38888888888897,252.0000000000009,-126.00000000000045,-238.00000000000045,-126.00000000000045,0.0,0.0,0.0,0.0
80.0,-40.0,-75.55555555555546,-40.0,0.0,5.4356163169920135,1.0,2.0,0.00396825396825401,0.42809047032309216,226.24074631313056,357.65845302407644,224.44444444444454,251.99999999999736,-125.99999999999868,-237.99999999999713,-125.99999999999868,-8.952838470577169e-10,4.4764192352885846e-10,8.37985680846023e-10,4.4764192352885846e-10
81.0,-40.5,-76.4999999999999,-40.5,0.0,5.4277518944432614,1.0,2.0,0.003968253968253954,0.4320587242913461,221.38838440805392,359.8996802015735,223.5000000000001,252.0000000000009,-126.00000000000045,-238.00000000000045,-126.00000000000045,8.952838470577294e-10,-4.476419235288647e-10,-8.379856808460348e-10,-4.476419235288647e-10
82.0,-41.0,-77.44444444444434,-41.0,0.0,5.419794392613712,1.0,2.0,0.00396825396825401,0.43602697825960013,216.51201524770613,362.06837099594094,222.55555555555566,251.99999999999736,-125.99999999999868,-237.99999999999713,-125.99999999999868,-8.952838470577169e-10,4.4764192352885846e-10,8.37985680846023e-10,4.4764192352885846e-10
83.0,-41.5,-78.38888888888879,-41.5,0.0,5.411744008249968,1.0,2.0,0.003968253968253954,0.4399952322278541,211.61279887828,364.1642423821988,221.6111111111112,252.0000000000009,-126.00000000000045,-238.00000000000045,-126.00000000000045,8.952838470577294e-10,-4.476419235288647e-10,-8.379856808460348e-10,-4.476419235288647e-10
84.0,-42.0,-79.33333333333323,-42.0,0.0,5.403600940665979,1.0,2.0,0.003968253968253954,0.44396348619610804,206.6918990228792,366.1870306633693,220.66666666666674,252.0000000000009,-126.00000000000045,-238.00000000000045,-126.00000000000045,0.0,0.0,0.0,0.0
85.0,-42.5,-80.27777777777767,-42.5,0.0,5.3953653917502775,1.0,2.0,0.003968253968253954,0.447931740164362,201.7504827520626,368.1364915222643,219.72222222222234,252.0000000000009,-126.00000000000045,-238.00000000000045,-126.00000000000045,0.0,0.0,0.0,0.0
86.0,-43.0,-81.22222222222211,-43.0,0.0,5.38703756597224,1.0,2.0,0.003968253968253954,0.45189999413261595,196.78972015361768,370.0124000675895,218.77777777777789,252.0000000000009,-126.00000000000045,-238.00000000000045,-126.00000000000045,0.0,0.0,0.0,0.0
87.0,-43.5,-82.16666666666656,-43.5,0.0,5.378617670389476,1.0,2.0,0.00396825396825401,0.45586824810086995,191.81078400166066,371.8145508743533,217.83333333333343,251.99999999999736,-125.99999999999868,-237.99999999999713,-125.99999999999868,-8.952838470577169e-10,4.4764192352885846e-10,8.37985680846023e-10,4.4764192352885846e-10
88.0,-44.0,-83.111111111111,-44.0,0.0,5.3701059146541485,1.0,2.0,0.003968253968253954,0.4598365020691239,186.814849425163,373.5427580185686,216.88888888888903,252.0000000000009,-126.00000000000045,-238.00000000000045,-126.00000000000045,8.952838470577294e-10,-4.476419235288647e-10,-8.379856808460348e-10,-4.476419235288647e-10
89.0,-44.5,-84.05555555555544,-44.5,0.0,5.361502511021314,1.0,2.0,0.00396825396825401,0.4638047560373779,181.80309357600203,375.19685510624106,215.94444444444457,251.99999999999736,-125.99999999999868,-237.99999999999713,-125.99999999999868,-8.952838470577169e-10,4.4764192352885846e-10,8.37985680846023e-10,4.4764192352885846e-10
90.0,-45.0,-84.99999999999989,-45.0,0.0,5.352807674355321,1.0,2.0,0.003968253968253954,0.4677730100056319,176.77669529663686,376.77669529663694,215.0000000000001,252.0000000000009,-126.00000000000045,-238.00000000000045,-126.00000000000045,8.952838470577294e-10,-4.476419235288647e-10,-8.379856808460348e-10,-4.476419235288647e-10
91.0,-45.5,-85.94444444444433,-45.5,0.0,5.344021622138884,1.0,2.0,0.003968253968253954,0.4717412639738858,171.736834787506,378.2821513198237,214.05555555555566,252.0000000000009,-126.00000000000045,-238.00000000000045,-126.00000000000045,0.0,0.0,0.0,0.0
92.0,-46.0,-86.88888888888877,-46.0,0.0,5.335144574479543,1.0,2.0,0.003968253968253954,0.4757095179421398,166.6846932742492,379.71311548848195,213.1111111111112,252.0000000000009,-126.00000000000045,-238.00000000000045,-126.00000000000045,0.0,0.0,0.0,0.0
93.0,-46.5,-87.83333333333321,-46.5,0.0,5.326176754119209,1.0,2.0,0.003968253968253954,0.47967777191039374,161.6214526748497,381.0694997039867,212.1666666666668,252.0000000000009,-126.00000000000045,-238.00000000000045,-126.00000000000045,0.0,0.0,0.0,0.0
94.0,-47.0,-88.77777777777766,-47.0,0.0,5.317118386440868,1.0,2.0,0.003968253968253954,0.4836460258786477,156.5482952667995,382.3512354567575,211.22222222222234,252.0000000000009,-126.00000000000045,-238.00000000000045,-126.00000000000045,0.0,0.0,0.0,0.0
95.0,-47.5,-89.7222222222221,-47.5,0.0,5.307969699478955,1.0,2.0,0.003968253968253954,0.48761427984690164,151.46640335438335,383.5582738208802,210.27777777777789,252.0000000000009,-126.00000000000045,-238.00000000000045,-126.00000000000045,0.0,0.0,0.0,0.0
96.0,-48.0,-90.66666666666654,-48.0,0.0,5.298730923926896,1.0,2.0,0.003968253968254065,0.4915825338151557,146.37695893618383,384.6905854430033,209.33333333333348,251.99999999999383,-125.99999999999692,-237.99999999999378,-125.99999999999692,-1.783405423338947e-09,8.917027116694735e-10,1.6831336324684842e-09,8.917027116694735e-10
97.0,-48.5,-91.61111111111099,-48.5,0.0,5.2894022931469244,1.0,2.0,0.003968253968253954,0.49555078778340966,141.28114337290484,385.74816052551495,208.38888888888903,252.0000000000009,-126.00000000000045,-238.00000000000045,-126.00000000000045,1.783405423338997e-09,-8.917027116694985e-10,-1.6831336324685313e-09,-8.917027116694985e-10
98.0,-49.0,-92.55555555555543,-49.0,0.0,5.279984043178615,1.0,2.0,0.003968253968253954,0.4995190417516636,136.18013705561373,386.7310088040071,207.44444444444457,252.0000000000009,-126.00000000000045,-238.00000000000045,-126.00000000000045,0.0,0.0,0.0,0.0
99.0,-49.5,-93.49999999999987,-49.5,0.0,5.2704764127492725,1.0,2.0,0.003968253968253954,0.5034872957199176,131.07511907449964,387.63915951903533,206.5000000000001,252.0000000000009,-126.00000000000045,-238.00000000000045,-126.00000000000045,0.0,0.0,0.0,0.0
100.0,-50.0,-94.44444444444431,-50.0,0.0,5.26087964328271,1.0,2.0,0.003968253968253954,0.5074555496881715,125.9672668882487,388.4726613821862,205.55555555555566,252.0000000000009,-126.00000000000045,-238.00000000000045,-126.00000000000045,0.0,0.0,0.0,0.0
101.0,-50.5,-95.38888888888876,-50.5,0.0,5.251193978910695,1.0,2.0,0.003968253968253954,0.5114238036564255,120.85775599413199,389.2315825364629,204.61111111111126,252.0000000000009,-126.00000000000045,-238.00000000000045,-126.00000000000045,0.0,0.0,0.0,0.0
102.0,-51.0,-96.3333333333332,-51.0,0.0,5.241419666481914,1.0,2.0,0.003968253968253954,0.5153920576246794,115.74775959890752,389.9160105110039,203.6666666666668,252.0000000000009,-126.00000000000045,-238.00000000000045,-126.00000000000045,0.0,0.0,0.0,0.0
103.0,-51.5,-97.27777777777764,-51.5,0.0,5.23155695557352,1.0,2.0,0.003968253968253954,0.5193603115929334,110.63844829063189,390.52605217015054,202.72222222222234,252.0000000000009,-126.00000000000045,-238.00000000000045,-126.00000000000045,0.0,0.0,0.0,0.0
104.0,-52.0,-98.22222222222209,-52.0,0.0,5.221606098501267,1.0,2.0,0.003968253968254065,0.5233285655611875,105.53098971148101,391.06183365687986,201.77777777777794,251.99999999999383,-125.99999999999692,-237.99999999999378,-125.99999999999692,-1.783405423338947e-09,8.917027116694735e-10,1.6831336324684842e-09,8.917027116694735e-10
105.0,-52.5,-99.16666666666653,-52.5,0.0,5.211567350331497,1.0,2.0,0.003968253968253954,0.5272968195294414,100.42654823167594,391.52350033062254,200.83333333333348,252.0000000000009,-126.00000000000045,-238.00000000000045,-126.00000000000045,1.783405423338997e-09,-8.917027116694985e-10,-1.6831336324685313e-09,-8.917027116694985e-10
106.0,-53.0,-100.11111111111097,-53.0,0.0,5.201440968891766,1.0,2.0,0.003968253968253954,0.5312650734976954,95.32628462461226,391.91121669948706,199.88888888888903,252.0000000000009,-126.00000000000045,-238.00000000000045,-126.00000000000045,0.0,0.0,0.0,0.0
107.0,-53.5,-101.05555555555542,-53.5,0.0,5.191227214783823,1.0,2.0,0.003968253968253954,0.5352333274659493,90.23135574328798,392.2251663469115,198.94444444444457,252.0000000000009,-126.00000000000045,-238.00000000000045,-126.00000000000045,0.0,0.0,0.0,0.0
108.0,-54.0,-101.99999999999986,-54.0,0.0,5.180926351394078,1.0,2.0,0.003968253968253954,0.5392015814342033,85.1429141981288,392.46555185276765,198.0000000000001,252.0000000000009,-126.00000000000045,-238.00000000000045,-126.00000000000045,0.0,0.0,0.0,0.0
109.0,-54.5,-102.9444444444443,-54.5,0.0,5.170538644907503,1.0,2.0,0.003968253968253954,0.5431698354024572,80.06210803630363,392.63259470894326,197.0555555555557,252.0000000000009,-126.00000000000045,-238.00000000000045,-126.00000000000045,0.0,0.0,0.0,0.0
110.0,-55.0,-103.88888888888874,-55.0,0.0,5.160064364319674,1.0,2.0,0.003968253968253954,0.5471380893707112,74.99008042262776,392.72653522942966,196.11111111111126,252.0000000000009,-126.00000000000045,-238.00000000000045,-126.00000000000045,0.0,0.0,0.0,0.0
111.0,-55.5,-104.83333333333319,-55.5,0.0,5.149503781449797,1.0,2.0,0.003968253968253954,0.5511063433389651,69.9279693221481,392.7476324549443,195.1666666666668,252.0000000000009,-126.00000000000045,-238.00000000000045,-126.00000000000045,0.0,0.0,0.0,0.0
112.0,-56.0,-105.77777777777763,-56.0,0.0,5.138857170954519,1.0,2.0,0.003968253968254065,0.5550745973072192,64.87690718450425,392.696164052118,194.2222222222224,251.99999999999383,-125.99999999999692,-237.99999999999378,-125.99999999999692,-1.783405423338947e-09,8.917027116694735e-10,1.6831336324684842e-09,8.917027116694735e-10
113.0,-56.5,-106.72222222222207,-56.5,0.0,5.128124810341562,1.0,2.0,0.003968253968253954,0.5590428512754732,59.83802063015977,392.57242620728016,193.27777777777794,252.0000000000009,-126.00000000000045,-238.00000000000045,-126.00000000000045,1.783405423338997e-09,-8.917027116694985e-10,-1.6831336324685313e-09,-8.917027116694985e-10
114.0,-57.0,-107.66666666666652,-57.0,0.0,5.117306979983859,1.0,2.0,0.003968253968253954,0.5630111052437271,54.81243013859669,392.37673351487626,192.33333333333348,252.0000000000009,-126.00000000000045,-238.00000000000045,-126.00000000000045,0.0,0.0,0.0,0.0
115.0,-57.5,-108.61111111111096,-57.5,0.0,5.106403963133926,1.0,2.0,0.003968253968253954,0.5669793592119811,49.801249738566064,392.1094188605515,191.38888888888903,252.0000000000009,-126.00000000000045,-238.00000000000045,-126.00000000000045,0.0,0.0,0.0,0.0
116.0,-58.0,-109.5555555555554,-58.0,0.0,5.095416045939344,1.0,2.0,0.003968253968253954,0.570947613180235,44.8055867004857,391.77083329894,190.44444444444457,252.0000000000009,-126.00000000000045,-238.00000000000045,-126.00000000000045,0.0,0.0,0.0,0.0
117.0,-58.5,-110.49999999999984,-58.5,0.0,5.084343517457221,1.0,2.0,0.003968253968253954,0.574915867148489,39.82654123107782,391.36134592619663,189.50000000000017,252.0000000000009,-126.00000000000045,-238.00000000000045,-126.00000000000045,0.0,0.0,0.0,0.0
118.0,-59.0,-111.44444444444429,-59.0,0.0,5.0731866696708545,1.0,2.0,0.003968253968253954,0.5788841211167429,34.86520617033545,390.8813437473135,188.5555555555557,252.0000000000009,-126.00000000000045,-238.00000000000045,-126.00000000000045,0.0,0.0,0.0,0.0
119.0,-59.5,-112.38888888888873,-59.5,0.0,5.061945797505533,1.0,2.0,0.003968253968253954,0.5828523750849969,29.922666690908606,390.3312315382607,187.61111111111126,252.0000000000009,-126.00000000000045,-238.00000000000045,-126.00000000000045,0.0,0.0,0.0,0.0
120.0,-60.0,-113.33333333333317,-60.0,0.0,5.0506211988442935,1.0,2.0,0.003968253968254065,0.5868206290532509,24.999999999999993,389.71143170299746,186.66666666666686,251.99999999999383,-125.99999999999692,-237.99999999999378,-125.99999999999692,-1.783405423338947e-09,8.917027116694735e-10,1.6831336324684842e-09,8.917027116694735e-10
121.0,-60.5,-114.27777777777762,-60.5,0.0,5.039213174546627,1.0,2.0,0.003968253968253954,0.5907888830215049,20.0982750438559,389.0223841253974,185.7222222222224,252.0000000000009,-126.00000000000045,-238.00000000000045,-126.00000000000045,1.783405423338997e-09,-8.917027116694985e-10,-1.6831336324685313e-09,-8.917027116694985e-10
122.0,-61.0,-115.22222222222206,-61.0,0.0,5.027722028464275,1.0,2.0,0.003968253968253954,0.5947571369897589,15.21855221494325,388.2645460161342,184.77777777777794,252.0000000000009,-126.00000000000045,-238.00000000000045,-126.00000000000045,0.0,0.0,0.0,0.0
123.0,-61.5,-116.1666666666665,-61.5,0.0,5.016148067460413,1.0,2.0,0.003968253968253954,0.5987253909580128,10.361883061896654,387.4383917545762,183.83333333333348,252.0000000000009,-126.00000000000045,-238.00000000000045,-126.00000000000045,0.0,0.0,0.0,0.0
124.0,-62.0,-117.11111111111094,-62.0,0.0,5.004491601427161,1.0,2.0,0.003968253968253954,0.6026936449262668,5.529310002323291,386.5444127257401,182.88888888888903,252.0000000000009,-126.00000000000045,-238.00000000000045,-126.00000000000045,0.0,0.0,0.0,0.0
125.0,-62.5,-118.05555555555539,-62.5,0.0,4.9927529433049935,1.0,2.0,0.003968253968253954,0.6066618988945207,0.721866038549327,385.5831171523538,181.94444444444463,252.0000000000009,-126.00000000000045,-238.00000000000045,-126.00000000000045,0.0,0.0,0.0,0.0
126.0,-63.0,-118.99999999999983,-63.0,0.0,4.980932409102488,1.0,2.0,0.003968253968253954,0.6106301528627747,-4.059425523607952,384.5550299220814,181.00000000000017,252.0000000000009,-126.00000000000045,-238.00000000000045,-126.00000000000045,0.0,0.0,0.0,0.0
127.0,-63.5,-119.94444444444427,-63.5,0.0,4.969030317914796,1.0,2.0,0.003968253968253954,0.6145984068310286,-8.813551352957543,383.46069240996485,180.0555555555557,252.0000000000009,-126.00000000000045,-238.00000000000045,-126.00000000000045,0.0,0.0,0.0,0.0
128.0,-64.0,-120.88888888888872,-64.0,0.0,4.9570469919458295,1.0,2.0,0.003968253968254065,0.6185666607992827,-13.539508367862336,382.3006622961361,179.1111111111113,251.99999999999383,-125.99999999999692,-237.99999999999378,-125.99999999999692,-1.783405423338947e-09,8.917027116694735e-10,1.6831336324684842e-09,8.917027116694735e-10
129.0,-64.5,-121.83333333333316,-64.5,0.0,4.944982756528508,1.0,2.0,0.003968253968253954,0.6225349147675366,-18.236304007893718,381.07551337885934,178.16666666666686,252.0000000000009,-126.00000000000045,-238.00000000000045,-126.00000000000045,1.783405423338997e-09,-8.917027116694985e-10,-1.6831336324685313e-09,-8.917027116694985e-10
130.0,-65.0,-122.7777777777776,-65.0,0.0,4.932837940146054,1.0,2.0,0.003968253968253954,0.6265031687357906,-22.90295650213309,379.7858353829581,177.2222222222224,252.0000000000009,-126.00000000000045,-238.00000000000045,-126.00000000000045,0.0,0.0,0.0,0.0
131.0,-65.5,-123.72222222222204,-65.5,0.0,4.920612874454271,1.0,2.0,0.003968253968253954,0.6304714227040445,-27.538495134041835,378.4322337636902,176.27777777777794,252.0000000000009,-126.00000000000045,-238.00000000000045,-126.00000000000045,0.0,0.0,0.0,0.0
132.0,-66.0,-124.66666666666649,-66.0,0.0,4.9083078943045075,1.0,2.0,0.003968253968253954,0.6344396766722985,-32.14196050282166,377.0153295061291,175.33333333333348,252.0000000000009,-126.00000000000045,-238.00000000000045,-126.00000000000045,0.0,0.0,0.0,0.0
133.0,-66.5,-125.61111111111093,-66.5,0.0,4.895923337767121,1.0,2.0,0.003968253968253954,0.6384079306405525,-36.712404781188155,375.5357589201151,174.38888888888908,252.0000000000009,-126.00000000000045,-238.00000000000045,-126.00000000000045,0.0,0.0,0.0,0.0
134.0,-67.0,-126.55555555555537,-67.0,0.0,4.883459546154703,1.0,2.0,0.003968253968253954,0.6423761846088064,-41.24889196948098,373.9941734308403,173.44444444444463,252.0000000000009,-126.00000000000045,-238.00000000000045,-126.00000000000045,0.0,0.0,0.0,0.0
135.0,-67.5,-127.49999999999982,-67.5,0.0,4.870916864047351,1.0,2.0,0.003968253968253954,0.6463444385770604,-45.75049814603709,372.3912393651312,172.50000000000017,252.0000000000009,-126.00000000000045,-238.00000000000045,-126.00000000000045,0.0,0.0,0.0,0.0
136.0,-68.0,-128.44444444444426,-68.0,0.0,4.8582956393173236,1.0,2.0,0.003968253968254065,0.6503126925453144,-50.21631171375233,370.7276377334963,171.55555555555577,251.99999999999383,-125.99999999999692,-237.99999999999378,-125.99999999999692,-1.783405423338947e-09,8.917027116694735e-10,1.6831336324684842e-09,8.917027116694735e-10
137.0,-68.5,-129.38888888888872,-68.5,0.0,4.845596223155464,1.0,2.0,0.003968253968253954,0.6542809465135684,-54.645433642759855,369.0040640080058,170.6111111111113,252.0000000000009,-126.00000000000045,-238.00000000000404,-126.00000000000045,1.783405423338997e-09,-8.917027116694985e-10,-2.5855797503027225e-09,-8.917027116694985e-10
138.0,-69.0,-130.33333333333317,-69.0,0.0,4.8328189700977395,1.0,2.0,0.003968253968253954,0.6582492004818223,-59.0369777091538,367.22122789607215,169.66666666666686,252.0000000000009,-126.00000000000045,-238.00000000000404,-126.00000000000045,0.0,0.0,0.0,0.0
139.0,-69.5,-131.27777777777763,-69.5,0.0,4.819964238052455,1.0,2.0,0.003968253968253954,0.6622174544500763,-63.39007072968761,365.3798531102009,168.7222222222224,252.0000000000009,-126.00000000000045,-238.00000000000404,-126.00000000000045,0.0,0.0,0.0,0.0
140.0,-70.0,-132.2222222222221,-70.0,0.0,4.807032388327606,1.0,2.0,0.003968253968253954,0.6661857084183302,-67.70385279237846,363.480677133785,167.77777777777794,252.0000000000009,-126.00000000000045,-238.00000000000404,-126.00000000000045,0.0,0.0,0.0,0.0
141.0,-70.5,-133.16666666666654,-70.5,0.0,4.79402378566113,1.0,2.0,0.003968253968253954,0.6701539623865842,-71.97747748295144,361.5244509830121,166.83333333333348,252.0000000000009,-126.00000000000045,-238.00000000000404,-126.00000000000045,0.0,0.0,0.0,0.0
142.0,-71.0,-134.111111111111,-71.0,0.0,4.7809387982492595,1.0,2.0,0.003968253968253954,0.6741222163548382,-76.21011210705527,359.5119389649609,165.88888888888903,252.0000000000009,-126.00000000000045,-238.00000000000404,-126.00000000000045,0.0,0.0,0.0,0.0
143.0,-71.5,-135.05555555555546,-71.5,0.0,4.767777797777236,1.0,2.0,0.003968253968253954,0.6780904703230921,-80.40093790818563,357.44391843195945,164.94444444444457,252.0000000000009,-126.00000000000045,-238.00000000000404,-126.00000000000045,0.0,0.0,0.0,0.0
144.0,-72.0,-135.99999999999991,-72.0,0.0,4.754541159450349,1.0,2.0,0.003968253968254065,0.6820587242913462,-84.54915028125262,355.32117953228305,164.0000000000001,251.99999999999383,-125.99999999999692,-237.99999999999736,-125.99999999999692,-1.783405423338947e-09,8.917027116694735e-10,1.6831336324684842e-09,8.917027116694735e-10
145.0,-72.5,-136.94444444444437,-72.5,0.0,4.741229262026907,1.0,2.0,0.003968253968253954,0.6860269782596001,-88.65395898173007,353.14452495726596,163.05555555555566,252.0000000000009,-126.00000000000045,-238.00000000000404,-126.00000000000045,1.783405423338997e-09,-8.917027116694985e-10,-1.6831336324685313e-09,-8.917027116694985e-10
146.0,-73.0,-137.88888888888883,-73.0,0.0,4.7278424878492755,1.0,2.0,0.003968253968253954,0.6899952322278541,-92.71458833032419,350.91476968490826,162.1111111111112,252.0000000000009,-126.00000000000045,-238.00000000000404,-126.00000000000045,0.0,0.0,0.0,0.0
147.0,-73.5,-138.8333333333333,-73.5,0.0,4.71438122287924,1.0,2.0,0.003968253968253954,0.693963486196108,-96.73027741310426,348.6327407200537,161.16666666666674,252.0000000000009,-126.00000000000045,-238.00000000000404,-126.00000000000045,0.0,0.0,0.0,0.0
148.0,-74.0,-139.77777777777774,-74.0,0.0,4.7008458567316795,1.0,2.0,0.003968253968253954,0.697931740164362,-100.70028027703546,346.2992768312207,160.22222222222229,252.0000000000009,-126.00000000000045,-238.00000000000404,-126.00000000000045,0.0,0.0,0.0,0.0
149.0,-74.5,-140.7222222222222,-74.5,0.0,4.687236782711045,1.0,2.0,0.003968253968253954,0.701899994132616,-104.62386612085827,343.91522828416663,159.27777777777783,252.0000000000009,-126.00000000000045,-238.00000000000404,-126.00000000000045,0.0,0.0,0.0,0.0
150.0,-75.0,-141.66666666666666,-75.0,0.0,4.673554397847101,1.0,2.0,0.003968253968253954,0.7058682481008699,-108.50031948125762,341.48145657226706,158.33333333333337,252.0000000000009,-126.00000000000045,-238.00000000000404,-126.00000000000045,0.0,0.0,0.0,0.0
151.0,-75.5,-142.61111111111111,-75.5,0.0,4.659799102932362,1.0,2.0,0.003968253968254065,0.709836502069124,-112.32894041426884,338.9988341437944,157.3888888888889,251.99999999999383,-125.99999999999692,-237.99999999999736,-125.99999999999692,-1.783405423338947e-09,8.917027116694735e-10,1.6831336324684842e-09,8.917027116694735e-10
152.0,-76.0,-143.55555555555557,-76.0,0.0,4.6459713025618194,1.0,2.0,0.003968253968253954,0.7138047560373779,-116.10904467186845,336.4682441261773,156.44444444444446,252.0000000000009,-126.00000000000045,-238.00000000000404,-126.00000000000045,1.783405423338997e-09,-8.917027116694985e-10,-1.6831336324685313e-09,-8.917027116694985e-10
153.0,-76.5,-144.50000000000003,-76.5,0.0,4.6320714051711445,1.0,2.0,0.003996177564398962,0.7178009336017769,-119.83996387369724,333.8905800473285,155.5,250.23913074052888,-125.11956537026444,-236.33695681050264,-125.11956537026444,-440.63839283799985,220.31919641899992,416.1584821247855,220.31919641899992
154.0,-77.0,-145.44444444444449,-77.0,0.0,4.618099823078006,1.0,2.0,0.0040703605221000805,0.721871294123877,-123.52104567386723,331.26674555412427,154.55555555555554,245.67848340963553,-122.83924170481777,-232.02967877576998,-122.83924170481777,-1120.4529196200795,560.2264598100397,1058.2055351967556,560.2264598100397
155.0,-77.5,-146.38888888888894,-77.5,0.0,4.604056972523685,1.0,2.0,0.004149418798660931,0.7260207129225379,-127.15165392280431,328.5976541281233,153.6111111111111,240.9976067787403,-120.49880338937015,-227.6088508465911,-120.49880338937015,-1128.0800656722827,564.0400328361413,1065.408950912722,564.0400328361413
156.0,-78.0,-147.3333333333334,-78.0,0.0,4.589943273716499,1.0,2.0,0.004233270861793925,0.7302539837843318,-130.73116882408036,325.8842287986115,152.66666666666663,236.22395841125837,-118.11197920562918,-223.10040516619142,-118.11197920562918,-1127.6501134300252,563.8250567150126,1065.0028849061534,563.8250567150126
157.0,-78.5,-148.27777777777786,-78.5,0.0,4.575759150874746,1.0,2.0,0.0043224216933539505,0.7345764054776858,-134.25898708618874,323.1274018530622,151.72222222222217,231.35179095033126,-115.67589547516563,-218.49891367531578,-115.67589547516563,-1127.1846678954132,563.5923339477066,1064.5632974567905,563.5923339477066
158.0,-79.0,-149.2222222222223,-79.0,0.0,4.561505032273042,1.0,2.0,0.004417454043417202,0.738993859521103,-137.73452206922127,320.3281145450984,150.77777777777771,226.37473761389307,-113.18736880694654,-213.79836330201297,-113.18736880694654,-1126.679143126546,563.339571563273,1064.0858573973092,563.339571563273
159.0,-79.5,-150.16666666666677,-79.5,0.0,4.547181350287922,1.0,2.0,0.004519044541569928,0.7435129040626729,-141.15720392640355,317.4873168000487,149.83333333333326,221.2857144471954,-110.6428572235977,-208.9920636445762,-110.6428572235977,-1126.128127281023,563.0640636405114,1063.5654535432054,563.0640636405114
160.0,-80.0,-151.11111111111123,-80.0,0.0,4.532788541446158,1.0,2.0,0.004627984085826875,0.7481408881484998,-144.5264797404491,314.6059669181858,148.8888888888888,216.07680178989455,-108.03840089494727,-204.07253502379203,-108.03840089494727,-1125.5251877924702,562.7625938962351,1062.996010692896,562.7625938962351
161.0,-80.5,-152.05555555555569,-80.5,0.0,4.518327046474055,1.0,2.0,0.004745203919947372,0.7528860920684471,-147.84181365469396,311.6850312757392,147.94444444444434,210.73909928218444,-105.36954964109222,-199.03137154428796,-105.36954964109222,-1124.8626187110847,562.4313093555423,1062.3702510049293,562.4313093555423
162.0,-81.0,-153.00000000000014,-81.0,0.0,4.503797310346785,1.0,2.0,0.0048718093756582315,0.7577579014441054,-151.10268699897304,308.72548402377396,146.9999999999999,205.26254680580348,-102.63127340290174,-193.85907198326143,-102.63127340290174,-1124.1311090175857,562.0655545087928,1061.6793807388458,562.0655545087928
163.0,-81.5,-153.9444444444446,-81.5,0.0,4.489199782341067,1.0,2.0,0.005009124093799611,0.762767025537905,-154.30859841020444,305.7283067850266,146.05555555555543,199.6357010276146,-99.8178505138073,-188.5448287483052,-99.8178505138073,-1123.3193015030106,561.6596507515053,1060.912673641744,561.6596507515053
164.0,-82.0,-154.88888888888906,-82.0,0.0,4.4745349160881105,1.0,2.0,0.005158748802377988,0.767925774340283,-157.45906394764737,302.69448834879245,145.11111111111097,193.84545328879705,-96.92272664439852,-183.07626143942187,-96.92272664439852,-1122.4131975855212,561.2065987927606,1060.0569088307875,561.2065987927606
165.0,-82.5,-155.8333333333335,-82.5,0.0,4.459803169628191,1.0,2.0,0.005322640678254609,0.7732484150185376,-160.55361720280078,299.6250243639568,144.16666666666652,187.87666882820997,-93.93833441410499,-177.43907611553402,-93.93833441410499,-1121.3953414086834,560.6976707043417,1059.095600219323,560.6976707043417
166.0,-83.0,-156.77777777777797,-83.0,0.0,4.445005005466603,1.0,2.0,0.0055032223958041415,0.7787516374143417,-163.5918094039125,296.52091703026406,143.22222222222206,181.7117187127376,-90.8558593563688,-171.6166232286989,-90.8558593563688,-1120.2436812607762,560.1218406303881,1058.0079211907507,560.1218406303881
167.0,-83.5,-157.72222222222243,-83.5,0.0,4.430140890631609,1.0,2.0,0.005703534953773959,0.7844551723681157,-166.57320951507046,293.3831747879198,142.2777777777776,175.32986263866277,-87.66493131933139,-165.58931471429483,-87.66493131933139,-1118.9299488472536,559.4649744236268,1056.767173911308,559.4649744236268
168.0,-84.0,-158.66666666666688,-84.0,0.0,4.415211296733565,1.0,2.0,0.005927456703490042,0.7903826290716057,-169.49740432984783,290.21281200562015,141.33333333333314,168.70641997455797,-84.35320998727899,-159.33384108708466,-84.35320998727899,-1117.4172997678697,558.7086498839349,1055.3385608918898,558.7086498839349
169.0,-84.5,-159.61111111111134,-84.5,0.0,4.400216700026019,1.0,2.0,0.006180025400198685,0.7965626544718044,-172.36399855947684,287.0108486671037,140.3888888888887,161.8116326783787,-80.90581633918934,-152.82209752958192,-80.90581633918934,-1115.6567893649149,557.8283946824574,1053.6758566224323,557.8283946824574
170.0,-85.0,-160.5555555555558,-85.0,0.0,4.385157581468069,1.0,2.0,0.006467925970139787,0.8030305804419442,-175.17261491552713,283.7783100563224,139.44444444444423,154.6090670512711,-77.30453352563555,-146.01967443731354,-77.30453352563555,-1113.5819519826575,556.7909759913288,1051.7162879836374,556.7909759913288
171.0,-85.5,-161.50000000000026,-85.5,0.0,4.3700344267882105,1.0,2.0,0.006800255316083859,0.8098308357580281,-177.92289418706633,280.5162264413282,138.49999999999977,147.0533021951125,-73.52665109755625,-138.8836742953859,-73.52665109755625,-1111.1001727079,555.55008635395,1049.3723853352508,555.55008635395
172.0,-86.0,-162.4444444444447,-86.0,0.0,4.3548477265516174,1.0,2.0,0.0071897718751300355,0.8170206076331581,-180.61449531228277,277.22563275696916,137.55555555555532,139.08647136066662,-69.54323568033331,-131.35944517396467,-69.54323568033331,-1108.0783886904335,554.0391943452167,1046.5184782076474,554.0391943452167
173.0,-86.5,-163.38888888888917,-86.5,0.0,4.339597976226754,1.0,2.0,0.007655041191863998,0.8246756488250221,-183.24709544455024,273.90756828649626,136.61111111111086,130.63286988747092,-65.31643494373546,-123.37548822705752,-65.31643494373546,-1104.318221328507,552.1591106642535,1042.967209032492,552.1591106642535
174.0,-87.0,-164.33333333333363,-87.0,0.0,4.32428567625588,1.0,2.0,0.008224353072775581,0.8329000018977977,-185.82039001291872,270.5630763421742,135.6666666666664,121.59011063255785,-60.795055316278926,-114.83510448630618,-60.795055316278926,-1099.510098228466,549.755049114233,1038.4262038824534,549.755049114233
175.0,-87.5,-165.27777777777808,-87.5,0.0,4.3089113321267405,1.0,2.0,0.008943452182084033,0.8418434540798817,-188.33409277701512,267.1932039449962,134.72222222222194,111.8136464130987,-55.90682320654935,-105.60177716792795,-55.90682320654935,-1093.1421134049172,546.5710567024586,1032.411995993548,546.5710567024586
176.0,-88.0,-166.22222222222254,-88.0,0.0,4.293475454446081,1.0,2.0,0.009892443095891545,0.8517358971757732,-190.78793587633962,263.799001503599,133.7777777777775,101.08726330862721,-50.54363165431361,-95.47130423592698,-50.54363165431361,-1084.3007132309187,542.1503566154594,1024.0617847181027,542.1503566154594
177.0,-88.5,-167.166666666667,-88.5,0.0,4.277978559015148,1.0,2.0,0.01122842736566143,0.8629643245414347,-193.18166987394656,260.3815224924781,132.83333333333303,89.05966681123854,-44.52983340561927,-84.11190754394865,-44.52983340561927,-1071.1737365974548,535.5868682987274,1011.6640845642756,535.5868682987274
178.0,-89.0,-168.11111111111146,-89.0,0.0,4.2624211669082985,1.0,2.0,0.013318989280776128,0.8762833138222108,-195.51506379449836,256.941823129598,131.88888888888857,75.08077219067539,-37.540386095337695,-70.90961818008327,-37.540386095337695,-1049.5462024839599,524.7731012419799,991.2380801237531,524.7731012419799
179.0,-89.5,-169.0555555555559,-89.5,0.0,4.246803804552472,1.0,2.0,0.017357644771307412,0.8936409585935182,-197.78790515668484,253.4809620534995,130.94444444444412,57.611502780205704,-28.805751390102852,-54.41086373686167,-28.805751390102852,-1006.4308632094368,503.2154316047184,950.5180374755925,503.2154316047184
180.0,-90.0,-170.00000000000037,-90.0,0.0,4.231127003809608,1.0,2.0,0.041905056681021846,0.9355460152745401,-200.00000000000003,250.00000000000003,129.99999999999966,23.863468497654715,-11.931734248827357,-22.53772024778531,-11.931734248827357,-805.3451529594269,402.6725764797134,760.6037555728022,402.6725764797134
179.0,-89.5,-169.0555555555559,-89.5,0.0,4.231127003809608,1.0,3.0,0.0,0.9355460152745401,-197.78790515668484,253.4809620534995,130.94444444444412,0.0,0.0,0.0,0.0,0.0,0.0,0.0,0.0
178.0,-89.0,-168.11111111111146,-89.0,0.0,4.246803804552472,1.0,3.0,0.059262706189052744,0.9948087214635928,-195.51506379449836,256.941823129598,131.88888888888857,-16.87401848997447,8.437009244987236,15.936573018309435,8.437009244987236,-284.7325000000003,142.36625000000015,268.91402777778166,142.36625000000015
177.0,-88.5,-167.166666666667,-88.5,0.0,4.2624211669082985,1.0,3.0,0.013318989280776197,1.008127710744369,-193.18166987394656,260.3815224924781,132.83333333333303,-75.08077219067539,37.540386095337695,70.90961818008327,37.540386095337695,-4370.208014561077,2185.1040072805386,4127.418680418852,2185.1040072805386
176.0,-88.0,-166.22222222222254,-88.0,0.0,4.277978559015148,1.0,3.0,0.011228427365661417,1.0193561381100302,-190.78793587633962,263.799001503599,133.7777777777775,-89.05966681123942,44.52983340561971,84.11190754394947,44.52983340561971,-1244.95569729686,622.47784864843,1175.791491891494,622.47784864843
175.0,-87.5,-165.27777777777808,-87.5,0.0,4.293475454446081,1.0,3.0,0.00989244309589156,1.0292485812059218,-188.33409277701512,267.1932039449962,134.72222222222194,-101.08726330862721,50.54363165431361,95.47130423592698,50.54363165431361,-1215.836814101362,607.918407050681,1148.2903244290794,607.918407050681
174.0,-87.0,-164.33333333333363,-87.0,0.0,4.3089113321267405,1.0,3.0,0.008943452182083991,1.0381920333880057,-185.82039001291872,270.5630763421742,135.6666666666664,-111.81364641310007,55.90682320655004,105.60177716792927,55.90682320655004,-1199.356007734979,599.6780038674895,1132.7251184163854,599.6780038674895
173.0,-86.5,-163.38888888888917,-86.5,0.0,4.32428567625588,1.0,3.0,0.008224353072775581,1.0464163864607814,-183.24709544455024,273.90756828649626,136.61111111111086,-121.5901106325562,60.7950553162781,114.83510448630463,60.7950553162781,-1188.7213660388982,594.3606830194491,1122.6812901478634,594.3606830194491
172.0,-86.0,-162.4444444444447,-86.0,0.0,4.339597976226754,1.0,3.0,0.007655041191863998,1.0540714276526453,-180.61449531228277,277.22563275696916,137.55555555555532,-130.63286988747282,65.31643494373641,123.37548822705931,65.31643494373641,-1181.2815931712632,590.6407965856316,1115.654837995094,590.6407965856316
171.0,-85.5,-161.50000000000026,-85.5,0.0,4.3548477265516174,1.0,3.0,0.0071897718751300355,1.0612611995277752,-177.92289418706633,280.5162264413282,138.49999999999977,-139.08647136066875,69.54323568033438,131.3594451739667,69.54323568033438,-1175.7815991961731,587.8907995980866,1110.4603992408463,587.8907995980866
170.0,-85.0,-160.5555555555558,-85.0,0.0,4.3700344267882105,1.0,3.0,0.006800255316083914,1.0680614548438592,-175.17261491552713,283.7783100563224,139.44444444444423,-147.05330219511012,73.52665109755506,138.88367429538363,73.52665109755506,-1171.5487822344276,585.7743911172138,1106.4627387769726,585.7743911172138
169.0,-84.5,-159.61111111111134,-84.5,0.0,4.385157581468069,1.0,3.0,0.006467925970139815,1.074529380813999,-172.36399855947684,287.0108486671037,140.3888888888887,-154.60906705126843,77.30453352563421,146.01967443731104,77.30453352563421,-1168.189755269397,584.0948776346985,1103.290324421116,584.0948776346985
168.0,-84.0,-158.66666666666688,-84.0,0.0,4.400216700026019,1.0,3.0,0.00618002540019863,1.0807094062141978,-169.49740432984783,290.21281200562015,141.33333333333314,-161.8116326783787,80.90581633918934,152.82209752958192,80.90581633918934,-1165.4589035958818,582.7294517979409,1100.7111867294575,582.7294517979409
167.0,-83.5,-157.72222222222243,-83.5,0.0,4.415211296733565,1.0,3.0,0.005927456703490042,1.086636862917688,-166.57320951507046,293.3831747879198,142.2777777777776,-168.70641997455482,84.35320998727741,159.33384108708168,84.35320998727741,-1163.1948812239161,581.5974406119581,1098.5729433781555,581.5974406119581
166.0,-83.0,-156.77777777777797,-83.0,0.0,4.430140890631609,1.0,3.0,0.005703534953774014,1.0923403978714619,-163.5918094039125,296.52091703026406,143.22222222222206,-175.32986263866277,87.66493131933139,165.58931471429483,87.66493131933139,-1161.2872924931064,580.6436462465532,1096.771331799059,580.6436462465532
165.0,-82.5,-155.8333333333335,-82.5,0.0,4.445005005466603,1.0,3.0,0.005503222395804086,1.097843620267266,-160.55361720280078,299.6250243639568,144.16666666666652,-181.71171871274126,90.85585935637063,171.61662322870237,90.85585935637063,-1159.6580357981488,579.8290178990744,1095.2325893649327,579.8290178990744
164.0,-82.0,-154.88888888888906,-82.0,0.0,4.459803169628191,1.0,3.0,0.005322640678254692,1.1031662609455206,-157.45906394764737,302.69448834879245,145.11111111111097,-187.87666882820605,93.93833441410302,177.4390761155303,93.93833441410302,-1158.250291185589,579.1251455927945,1093.9030527864036,579.1251455927945
163.0,-81.5,-153.9444444444446,-81.5,0.0,4.4745349160881105,1.0,3.0,0.005158748802377988,1.1083250097478987,-154.30859841020444,305.7283067850266,146.05555555555543,-193.84545328879287,96.92272664439643,183.07626143941795,96.92272664439643,-1157.0217293455548,578.5108646727774,1092.7427443819322,578.5108646727774
162.0,-81.0,-153.00000000000014,-81.0,0.0,4.489199782341067,1.0,3.0,0.005009124093799527,1.1133341338416982,-151.10268699897304,308.72548402377396,146.9999999999999,-199.63570102761904,99.81785051380952,188.54482874830938,99.81785051380952,-1155.9401664641478,577.9700832320739,1091.7212683272621,577.9700832320739
161.0,-80.5,-152.05555555555569,-80.5,0.0,4.503797310346785,1.0,3.0,0.004871809375658259,1.1182059432173566,-147.84181365469396,311.6850312757392,147.94444444444434,-205.26254680579882,102.63127340289941,193.85907198325702,102.63127340289941,-1154.9806949126396,577.4903474563198,1090.8151007508395,577.4903474563198
160.0,-80.0,-151.11111111111123,-80.0,0.0,4.518327046474055,1.0,3.0,0.004745203919947344,1.122951147137304,-144.5264797404491,314.6059669181858,148.8888888888888,-210.73909928218444,105.36954964109222,199.03137154428796,105.36954964109222,-1154.1237360451223,577.0618680225612,1090.0057507092984,577.0618680225612
159.0,-79.5,-150.16666666666677,-79.5,0.0,4.532788541446158,1.0,3.0,0.004627984085826903,1.127579131223131,-141.15720392640355,317.4873168000487,149.83333333333326,-216.07680178988937,108.03840089494469,204.07253502378714,108.03840089494469,-1153.3536867707542,576.6768433853771,1089.2784819501724,576.6768433853771
158.0,-79.0,-149.2222222222223,-79.0,0.0,4.547181350287922,1.0,3.0,0.004519044541569983,1.1320981757647008,-137.73452206922127,320.3281145450984,150.77777777777771,-221.2857144471954,110.6428572235977,208.9920636445762,110.6428572235977,-1152.6579588650038,576.3289794325019,1088.6214055947341,576.3289794325019
157.0,-78.5,-148.27777777777786,-78.5,0.0,4.561505032273042,1.0,3.0,0.004417454043417202,1.136515629808118,-134.25898708618874,323.1274018530622,151.72222222222217,-226.37473761389307,113.18736880694654,213.79836330201297,113.18736880694654,-1152.0262840722087,576.0131420361043,1088.0248238459924,576.0131420361043
156.0,-78.0,-147.3333333333334,-78.0,0.0,4.575759150874746,1.0,3.0,0.004322421693353895,1.140838051501472,-130.73116882408036,325.8842287986115,152.66666666666663,-231.35179095033126,115.67589547516563,218.49891367531578,115.67589547516563,-1151.4502030402966,575.7251015201483,1087.4807473158517,575.7251015201483
155.0,-77.5,-146.38888888888894,-77.5,0.0,4.589943273716499,1.0,3.0,0.004233270861794064,1.145071322363266,-127.15165392280431,328.5976541281233,153.6111111111111,-236.22395841125217,118.11197920562608,223.10040516618557,118.11197920562608,-1150.922683661236,575.461341830618,1086.982534568956,575.461341830618
154.0,-77.0,-145.44444444444449,-77.0,0.0,4.604056972523685,1.0,3.0,0.004149418798660903,1.1492207411619269,-123.52104567386723,331.26674555412427,154.55555555555554,-240.99760677874676,120.49880338937338,227.6088508465972,120.49880338937338,-1150.437832169467,575.2189160847335,1086.5246192711802,575.2189160847335
153.0,-76.5,-144.50000000000003,-76.5,0.0,4.618099823078006,1.0,3.0,0.004070360522100025,1.1532911016840268,-119.83996387369724,333.8905800473285,155.5,-245.6784834096422,122.8392417048211,232.02967877577632,122.8392417048211,-1149.990671706031,574.9953358530155,1086.102301055717,574.9953358530155
152.0,-76.0,-143.55555555555557,-76.0,0.0,4.6320714051711445,1.0,3.0,0.003996177564399017,1.157287279248426,-116.10904467186845,336.4682441261773,156.44444444444446,-250.23913074052192,125.11956537026096,236.33695681049608,125.11956537026096,-1141.2524236934185,570.6262118467092,1077.8495112660157,570.6262118467092
151.0,-75.5,-142.61111111111111,-75.5,0.0,4.6459713025618194,1.0,3.0,0.003968253968253954,1.1612555332166798,-112.32894041426884,338.9988341437944,157.3888888888889,-252.0000000000009,126.00000000000045,238.00000000000404,126.00000000000045,-443.73905338870816,221.86952669435408,419.0868837560073,221.86952669435408
150.0,-75.0,-141.66666666666666,-75.0,0.0,4.659799102932362,1.0,3.0,0.003968253968253982,1.1652237871849338,-108.50031948125762,341.48145657226706,158.33333333333337,-252.0000000000009,126.00000000000045,238.00000000000404,126.00000000000045,0.0,0.0,0.0,0.0
149.0,-74.5,-140.7222222222222,-74.5,0.0,4.673554397847101,1.0,3.0,0.003968253968253954,1.1691920411531878,-104.62386612085827,343.91522828416663,159.27777777777783,-252.0000000000009,126.00000000000045,238.00000000000404,126.00000000000045,0.0,0.0,0.0,0.0
148.0,-74.0,-139.77777777777774,-74.0,0.0,4.687236782711045,1.0,3.0,0.003968253968253982,1.1731602951214417,-100.70028027703546,346.2992768312207,160.22222222222229,-252.0000000000009,126.00000000000045,238.00000000000404,126.00000000000045,0.0,0.0,0.0,0.0
147.0,-73.5,-138.8333333333333,-73.5,0.0,4.7008458567316795,1.0,3.0,0.003968253968253954,1.1771285490896957,-96.73027741310426,348.6327407200537,161.16666666666674,-252.0000000000009,126.00000000000045,238.00000000000404,126.00000000000045,0.0,0.0,0.0,0.0
146.0,-73.0,-137.88888888888883,-73.0,0.0,4.71438122287924,1.0,3.0,0.003968253968253982,1.1810968030579496,-92.71458833032419,350.91476968490826,162.1111111111112,-252.0000000000009,126.00000000000045,238.00000000000404,126.00000000000045,0.0,0.0,0.0,0.0
145.0,-72.5,-136.94444444444437,-72.5,0.0,4.7278424878492755,1.0,3.0,0.003968253968253954,1.1850650570262036,-88.65395898173007,353.14452495726596,163.05555555555566,-252.0000000000009,126.00000000000045,238.00000000000404,126.00000000000045,0.0,0.0,0.0,0.0
144.0,-72.0,-135.99999999999991,-72.0,0.0,4.741229262026907,1.0,3.0,0.003968253968253982,1.1890333109944575,-84.54915028125262,355.32117953228305,164.0000000000001,-252.0000000000009,126.00000000000045,238.00000000000404,126.00000000000045,0.0,0.0,0.0,0.0
143.0,-71.5,-135.05555555555546,-71.5,0.0,4.754541159450349,1.0,3.0,0.003968253968253954,1.1930015649627115,-80.40093790818563,357.44391843195945,164.94444444444457,-252.0000000000009,126.00000000000045,238.00000000000404,126.00000000000045,0.0,0.0,0.0,0.0
142.0,-71.0,-134.111111111111,-71.0,0.0,4.767777797777236,1.0,3.0,0.003968253968253954,1.1969698189309654,-76.21011210705527,359.5119389649609,165.88888888888903,-252.0000000000009,126.00000000000045,238.00000000000404,126.00000000000045,0.0,0.0,0.0,0.0
141.0,-70.5,-133.16666666666654,-70.5,0.0,4.7809387982492595,1.0,3.0,0.00396825396825401,1.2009380728992194,-71.97747748295144,361.5244509830121,166.83333333333348,-252.0000000000009,126.00000000000045,238.00000000000404,126.00000000000045,0.0,0.0,0.0,0.0
140.0,-70.0,-132.2222222222221,-70.0,0.0,4.79402378566113,1.0,3.0,0.003968253968253954,1.2049063268674733,-67.70385279237846,363.480677133785,167.77777777777794,-252.0000000000009,126.00000000000045,238.00000000000404,126.00000000000045,0.0,0.0,0.0,0.0
139.0,-69.5,-131.27777777777763,-69.5,0.0,4.807032388327606,1.0,3.0,0.003968253968253954,1.2088745808357273,-63.39007072968761,365.3798531102009,168.7222222222224,-252.0000000000009,126.00000000000045,238.00000000000404,126.00000000000045,0.0,0.0,0.0,0.0
138.0,-69.0,-130.33333333333317,-69.0,0.0,4.819964238052455,1.0,3.0,0.003968253968253954,1.2128428348039813,-59.0369777091538,367.22122789607215,169.66666666666686,-252.0000000000009,126.00000000000045,238.00000000000404,126.00000000000045,0.0,0.0,0.0,0.0
137.0,-68.5,-129.38888888888872,-68.5,0.0,4.8328189700977395,1.0,3.0,0.00396825396825401,1.2168110887722352,-54.645433642759855,369.0040640080058,170.6111111111113,-252.0000000000009,126.00000000000045,238.00000000000404,126.00000000000045,0.0,0.0,0.0,0.0
136.0,-68.0,-128.44444444444426,-68.0,0.0,4.845596223155464,1.0,3.0,0.003968253968253954,1.2207793427404892,-50.21631171375233,370.7276377334963,171.55555555555577,-252.0000000000009,126.00000000000045,238.00000000000404,126.00000000000045,0.0,0.0,0.0,0.0
135.0,-67.5,-127.49999999999982,-67.5,0.0,4.8582956393173236,1.0,3.0,0.003968253968253954,1.2247475967087431,-45.75049814603709,372.3912393651312,172.50000000000017,-252.0000000000009,126.00000000000045,238.00000000000045,126.00000000000045,0.0,0.0,-9.024461178341912e-10,0.0
134.0,-67.0,-126.55555555555537,-67.0,0.0,4.870916864047351,1.0,3.0,0.003968253968253954,1.228715850676997,-41.24889196948098,373.9941734308403,173.44444444444463,-252.0000000000009,126.00000000000045,238.00000000000045,126.00000000000045,0.0,0.0,0.0,0.0
133.0,-66.5,-125.61111111111093,-66.5,0.0,4.883459546154703,1.0,3.0,0.003968253968253954,1.232684104645251,-36.712404781188155,375.5357589201151,174.38888888888908,-252.0000000000009,126.00000000000045,238.00000000000045,126.00000000000045,0.0,0.0,0.0,0.0
132.0,-66.0,-124.66666666666649,-66.0,0.0,4.895923337767121,1.0,3.0,0.00396825396825401,1.236652358613505,-32.14196050282166,377.0153295061291,175.33333333333348,-252.0000000000009,126.00000000000045,238.00000000000045,126.00000000000045,0.0,0.0,0.0,0.0
131.0,-65.5,-123.72222222222204,-65.5,0.0,4.9083078943045075,1.0,3.0,0.003968253968253954,1.240620612581759,-27.538495134041835,378.4322337636902,176.27777777777794,-252.0000000000009,126.00000000000045,238.00000000000045,126.00000000000045,0.0,0.0,0.0,0.0
130.0,-65.0,-122.7777777777776,-65.0,0.0,4.920612874454271,1.0,3.0,0.003968253968253954,1.2445888665500129,-22.90295650213309,379.7858353829581,177.2222222222224,-252.0000000000009,126.00000000000045,238.00000000000045,126.00000000000045,0.0,0.0,0.0,0.0
129.0,-64.5,-121.83333333333316,-64.5,0.0,4.932837940146054,1.0,3.0,0.00396825396825401,1.2485571205182668,-18.236304007893718,381.07551337885934,178.16666666666686,-252.0000000000009,126.00000000000045,238.00000000000045,126.00000000000045,0.0,0.0,0.0,0.0
128.0,-64.0,-120.88888888888872,-64.0,0.0,4.944982756528508,1.0,3.0,0.003968253968253954,1.2525253744865208,-13.539508367862336,382.3006622961361,179.1111111111113,-252.0000000000009,126.00000000000045,238.00000000000045,126.00000000000045,0.0,0.0,0.0,0.0
127.0,-63.5,-119.94444444444427,-63.5,0.0,4.9570469919458295,1.0,3.0,0.003968253968253954,1.2564936284547747,-8.813551352957543,383.46069240996485,180.0555555555557,-252.0000000000009,126.00000000000045,238.00000000000045,126.00000000000045,0.0,0.0,0.0,0.0
126.0,-63.0,-118.99999999999983,-63.0,0.0,4.969030317914796,1.0,3.0,0.003968253968253954,1.2604618824230287,-4.059425523607952,384.5550299220814,181.00000000000017,-252.0000000000009,126.00000000000045,238.00000000000045,126.00000000000045,0.0,0.0,0.0,0.0
125.0,-62.5,-118.05555555555539,-62.5,0.0,4.980932409102488,1.0,3.0,0.00396825396825401,1.2644301363912827,0.721866038549327,385.5831171523538,181.94444444444463,-252.0000000000009,126.00000000000045,238.00000000000045,126.00000000000045,0.0,0.0,0.0,0.0
124.0,-62.0,-117.11111111111094,-62.0,0.0,4.9927529433049935,1.0,3.0,0.003968253968253954,1.2683983903595366,5.529310002323291,386.5444127257401,182.88888888888903,-252.0000000000009,126.00000000000045,238.00000000000045,126.00000000000045,0.0,0.0,0.0,0.0
123.0,-61.5,-116.1666666666665,-61.5,0.0,5.004491601427161,1.0,3.0,0.003968253968253954,1.2723666443277906,10.361883061896654,387.4383917545762,183.83333333333348,-252.0000000000009,126.00000000000045,238.00000000000045,126.00000000000045,0.0,0.0,0.0,0.0
122.0,-61.0,-115.22222222222206,-61.0,0.0,5.016148067460413,1.0,3.0,0.00396825396825401,1.2763348982960445,15.21855221494325,388.2645460161342,184.77777777777794,-252.0000000000009,126.00000000000045,238.00000000000045,126.00000000000045,0.0,0.0,0.0,0.0
121.0,-60.5,-114.27777777777762,-60.5,0.0,5.027722028464275,1.0,3.0,0.003968253968253954,1.2803031522642985,20.0982750438559,389.0223841253974,185.7222222222224,-252.0000000000009,126.00000000000045,238.00000000000045,126.00000000000045,0.0,0.0,0.0,0.0
120.0,-60.0,-113.33333333333317,-60.0,0.0,5.039213174546627,1.0,3.0,0.003968253968253954,1.2842714062325524,24.999999999999993,389.71143170299746,186.66666666666686,-252.0000000000009,126.00000000000045,238.00000000000045,126.00000000000045,0.0,0.0,0.0,0.0
119.0,-59.5,-112.38888888888873,-59.5,0.0,5.0506211988442935,1.0,3.0,0.003968253968253954,1.2882396602008064,29.922666690908606,390.3312315382607,187.61111111111126,-252.0000000000009,126.00000000000045,238.00000000000045,126.00000000000045,0.0,0.0,0.0,0.0
118.0,-59.0,-111.44444444444429,-59.0,0.0,5.061945797505533,1.0,3.0,0.003968253968253954,1.2922079141690603,34.86520617033545,390.8813437473135,188.5555555555557,-252.0000000000009,126.00000000000045,238.00000000000045,126.00000000000045,0.0,0.0,0.0,0.0
117.0,-58.5,-110.49999999999984,-58.5,0.0,5.0731866696708545,1.0,3.0,0.003968253968253954,1.2961761681373143,39.82654123107782,391.36134592619663,189.50000000000017,-252.0000000000009,126.00000000000045,238.00000000000045,126.00000000000045,0.0,0.0,0.0,0.0
116.0,-58.0,-109.5555555555554,-58.0,0.0,5.084343517457221,1.0,3.0,0.00396825396825401,1.3001444221055682,44.8055867004857,391.77083329894,190.44444444444457,-252.0000000000009,126.00000000000045,238.00000000000045,126.00000000000045,0.0,0.0,0.0,0.0
115.0,-57.5,-108.61111111111096,-57.5,0.0,5.095416045939344,1.0,3.0,0.003968253968253954,1.3041126760738222,49.801249738566064,392.1094188605515,191.38888888888903,-252.0000000000009,126.00000000000045,238.00000000000045,126.00000000000045,0.0,0.0,0.0,0.0
114.0,-57.0,-107.66666666666652,-57.0,0.0,5.106403963133926,1.0,3.0,0.00396825396825401,1.3080809300420762,54.81243013859669,392.37673351487626,192.33333333333348,-252.0000000000009,126.00000000000045,238.00000000000045,126.00000000000045,0.0,0.0,0.0,0.0
113.0,-56.5,-106.72222222222207,-56.5,0.0,5.117306979983859,1.0,3.0,0.003968253968253954,1.31204918401033,59.83802063015977,392.57242620728016,193.27777777777794,-252.0000000000009,126.00000000000045,238.00000000000045,126.00000000000045,0.0,0.0,0.0,0.0
112.0,-56.0,-105.77777777777763,-56.0,0.0,5.128124810341562,1.0,3.0,0.003968253968253954,1.316017437978584,64.87690718450425,392.696164052118,194.2222222222224,-252.0000000000009,126.00000000000045,238.00000000000045,126.00000000000045,0.0,0.0,0.0,0.0
111.0,-55.5,-104.83333333333319,-55.5,0.0,5.138857170954519,1.0,3.0,0.003968253968253954,1.319985691946838,69.9279693221481,392.7476324549443,195.1666666666668,-252.0000000000009,126.00000000000045,238.00000000000045,126.00000000000045,0.0,0.0,0.0,0.0
110.0,-55.0,-103.88888888888874,-55.0,0.0,5.149503781449797,1.0,3.0,0.003968253968253954,1.323953945915092,74.99008042262776,392.72653522942966,196.11111111111126,-252.0000000000009,126.00000000000045,238.00000000000045,126.00000000000045,0.0,0.0,0.0,0.0
109.0,-54.5,-102.9444444444443,-54.5,0.0,5.160064364319674,1.0,3.0,0.003968253968253954,1.327922199883346,80.06210803630363,392.63259470894326,197.0555555555557,-252.0000000000009,126.00000000000045,238.00000000000045,126.00000000000045,0.0,0.0,0.0,0.0
108.0,-54.0,-101.99999999999986,-54.0,0.0,5.170538644907503,1.0,3.0,0.00396825396825401,1.3318904538515999,85.1429141981288,392.46555185276765,198.0000000000001,-252.0000000000009,126.00000000000045,238.00000000000045,126.00000000000045,0.0,0.0,0.0,0.0
107.0,-53.5,-101.05555555555542,-53.5,0.0,5.180926351394078,1.0,3.0,0.003968253968253954,1.3358587078198538,90.23135574328798,392.2251663469115,198.94444444444457,-252.0000000000009,126.00000000000045,238.00000000000045,126.00000000000045,0.0,0.0,0.0,0.0
106.0,-53.0,-100.11111111111097,-53.0,0.0,5.191227214783823,1.0,3.0,0.00396825396825401,1.3398269617881078,95.32628462461226,391.91121669948706,199.88888888888903,-252.0000000000009,126.00000000000045,238.00000000000045,126.00000000000045,0.0,0.0,0.0,0.0
105.0,-52.5,-99.16666666666653,-52.5,0.0,5.201440968891766,1.0,3.0,0.003968253968253954,1.3437952157563617,100.42654823167594,391.52350033062254,200.83333333333348,-252.0000000000009,126.00000000000045,238.00000000000045,126.00000000000045,0.0,0.0,0.0,0.0
104.0,-52.0,-98.22222222222209,-52.0,0.0,5.211567350331497,1.0,3.0,0.003968253968253954,1.3477634697246157,105.53098971148101,391.06183365687986,201.77777777777794,-252.0000000000009,126.00000000000045,238.00000000000045,126.00000000000045,0.0,0.0,0.0,0.0
103.0,-51.5,-97.27777777777764,-51.5,0.0,5.221606098501267,1.0,3.0,0.003968253968253954,1.3517317236928696,110.63844829063189,390.52605217015054,202.72222222222234,-252.0000000000009,126.00000000000045,238.00000000000045,126.00000000000045,0.0,0.0,0.0,0.0
102.0,-51.0,-96.3333333333332,-51.0,0.0,5.23155695557352,1.0,3.0,0.003968253968253954,1.3556999776611236,115.74775959890752,389.9160105110039,203.6666666666668,-252.0000000000009,126.00000000000045,238.00000000000045,126.00000000000045,0.0,0.0,0.0,0.0
101.0,-50.5,-95.38888888888876,-50.5,0.0,5.241419666481914,1.0,3.0,0.003968253968253954,1.3596682316293776,120.85775599413199,389.2315825364629,204.61111111111126,-252.0000000000009,126.00000000000045,238.00000000000045,126.00000000000045,0.0,0.0,0.0,0.0
100.0,-50.0,-94.44444444444431,-50.0,0.0,5.251193978910695,1.0,3.0,0.00396825396825401,1.3636364855976315,125.9672668882487,388.4726613821862,205.55555555555566,-252.0000000000009,126.00000000000045,238.00000000000045,126.00000000000045,0.0,0.0,0.0,0.0
99.0,-49.5,-93.49999999999987,-49.5,0.0,5.26087964328271,1.0,3.0,0.003968253968253954,1.3676047395658855,131.07511907449964,387.63915951903533,206.5000000000001,-252.0000000000009,126.00000000000045,238.00000000000045,126.00000000000045,0.0,0.0,0.0,0.0
98.0,-49.0,-92.55555555555543,-49.0,0.0,5.2704764127492725,1.0,3.0,0.00396825396825401,1.3715729935341394,136.18013705561373,386.7310088040071,207.44444444444457,-252.0000000000009,126.00000000000045,238.00000000000045,126.00000000000045,0.0,0.0,0.0,0.0
97.0,-48.5,-91.61111111111099,-48.5,0.0,5.279984043178615,1.0,3.0,0.003968253968253954,1.3755412475023934,141.28114337290484,385.74816052551495,208.38888888888903,-252.0000000000009,126.00000000000045,238.00000000000045,126.00000000000045,0.0,0.0,0.0,0.0
96.0,-48.0,-90.66666666666654,-48.0,0.0,5.2894022931469244,1.0,3.0,0.003968253968253954,1.3795095014706473,146.37695893618383,384.6905854430033,209.33333333333348,-252.0000000000009,126.00000000000045,238.00000000000045,126.00000000000045,0.0,0.0,0.0,0.0
95.0,-47.5,-89.7222222222221,-47.5,0.0,5.298730923926896,1.0,3.0,0.003968253968253954,1.3834777554389013,151.46640335438335,383.5582738208802,210.27777777777789,-252.0000000000009,126.00000000000045,238.00000000000045,126.00000000000045,0.0,0.0,0.0,0.0
94.0,-47.0,-88.77777777777766,-47.0,0.0,5.307969699478955,1.0,3.0,0.003968253968253954,1.3874460094071552,156.5482952667995,382.3512354567575,211.22222222222234,-252.0000000000009,126.00000000000045,238.00000000000045,126.00000000000045,0.0,0.0,0.0,0.0
93.0,-46.5,-87.83333333333321,-46.5,0.0,5.317118386440868,1.0,3.0,0.00396825396825401,1.3914142633754092,161.6214526748497,381.0694997039867,212.1666666666668,-252.0000000000009,126.00000000000045,238.00000000000045,126.00000000000045,0.0,0.0,0.0,0.0
92.0,-46.0,-86.88888888888877,-46.0,0.0,5.326176754119209,1.0,3.0,0.003968253968253954,1.3953825173436631,166.6846932742492,379.71311548848195,213.1111111111112,-252.0000000000009,126.00000000000045,238.00000000000045,126.00000000000045,0.0,0.0,0.0,0.0
91.0,-45.5,-85.94444444444433,-45.5,0.0,5.335144574479543,1.0,3.0,0.00396825396825401,1.399350771311917,171.736834787506,378.2821513198237,214.05555555555566,-252.0000000000009,126.00000000000045,238.00000000000045,126.00000000000045,0.0,0.0,0.0,0.0
90.0,-45.0,-84.99999999999989,-45.0,0.0,5.344021622138884,1.0,3.0,0.003968253968253954,1.403319025280171,176.77669529663686,376.77669529663694,215.0000000000001,-252.0000000000009,126.00000000000045,238.00000000000045,126.00000000000045,0.0,0.0,0.0,0.0
89.0,-44.5,-84.05555555555544,-44.5,0.0,5.352807674355321,1.0,3.0,0.003968253968253954,1.407287279248425,181.80309357600203,375.19685510624106,215.94444444444457,-252.0000000000009,126.00000000000045,238.00000000000045,126.00000000000045,0.0,0.0,0.0,0.0
88.0,-44.0,-83.111111111111,-44.0,0.0,5.361502511021314,1.0,3.0,0.003968253968253954,1.411255533216679,186.814849425163,373.5427580185686,216.88888888888903,-252.0000000000009,126.00000000000045,238.00000000000045,126.00000000000045,0.0,0.0,0.0,0.0
87.0,-43.5,-82.16666666666656,-43.5,0.0,5.3701059146541485,1.0,3.0,0.003968253968253954,1.415223787184933,191.81078400166066,371.8145508743533,217.83333333333343,-252.0000000000009,126.00000000000045,238.00000000000045,126.00000000000045,0.0,0.0,0.0,0.0
86.0,-43.0,-81.22222222222211,-43.0,0.0,5.378617670389476,1.0,3.0,0.003968253968253954,1.4191920411531869,196.78972015361768,370.0124000675895,218.77777777777789,-252.0000000000009,126.00000000000045,238.00000000000045,126.00000000000045,0.0,0.0,0.0,0.0
85.0,-42.5,-80.27777777777767,-42.5,0.0,5.38703756597224,1.0,3.0,0.003968253968253954,1.4231602951214408,201.7504827520626,368.1364915222643,219.72222222222234,-252.0000000000009,126.00000000000045,238.00000000000045,126.00000000000045,0.0,0.0,0.0,0.0
84.0,-42.0,-79.33333333333323,-42.0,0.0,5.3953653917502775,1.0,3.0,0.003968253968254065,1.4271285490896948,206.6918990228792,366.1870306633693,220.66666666666674,-252.0000000000009,126.00000000000045,238.00000000000045,126.00000000000045,0.0,0.0,0.0,0.0
83.0,-41.5,-78.38888888888879,-41.5,0.0,5.403600940665979,1.0,3.0,0.003968253968253954,1.4310968030579487,211.61279887828,364.1642423821988,221.6111111111112,-252.0000000000009,126.00000000000045,238.00000000000045,126.00000000000045,0.0,0.0,0.0,0.0
82.0,-41.0,-77.44444444444434,-41.0,0.0,5.411744008249968,1.0,3.0,0.003968253968253954,1.4350650570262027,216.51201524770613,362.06837099594094,222.55555555555566,-252.0000000000009,126.00000000000045,238.00000000000045,126.00000000000045,0.0,0.0,0.0,0.0
81.0,-40.5,-76.4999999999999,-40.5,0.0,5.419794392613712,1.0,3.0,0.003968253968253954,1.4390333109944566,221.38838440805392,359.8996802015735,223.5000000000001,-252.0000000000009,126.00000000000045,238.00000000000045,126.00000000000045,0.0,0.0,0.0,0.0
80.0,-40.0,-75.55555555555546,-40.0,0.0,5.4277518944432614,1.0,3.0,0.003968253968253954,1.4430015649627106,226.24074631313056,357.65845302407644,224.44444444444454,-252.0000000000009,126.00000000000045,238.00000000000045,126.00000000000045,0.0,0.0,0.0,0.0
79.0,-39.5,-74.61111111111101,-39.5,0.0,5.4356163169920135,1.0,3.0,0.003968253968253954,1.4469698189309645,231.06794492223895,355.3449917589739,225.38888888888897,-252.0000000000009,126.00000000000045,238.00000000000045,126.00000000000045,0.0,0.0,0.0,0.0
78.0,-39.0,-73.66666666666657,-39.0,0.0,5.443387466074972,1.0,3.0,0.003968253968253954,1.4509380728992185,235.8688285277946,352.9596179092205,226.33333333333343,-252.0000000000009,126.00000000000045,238.00000000000045,126.00000000000045,0.0,0.0,0.0,0.0
77.0,-38.5,-72.72222222222213,-38.5,0.0,5.451065150061748,1.0,3.0,0.003968253968253954,1.4549063268674725,240.64225008187643,350.50267211645206,227.27777777777789,-252.0000000000009,126.00000000000045,238.00000000000045,126.00000000000045,0.0,0.0,0.0,0.0
76.0,-38.0,-71.77777777777769,-38.0,0.0,5.458649179871807,1.0,3.0,0.003968253968254065,1.4588745808357264,245.38706752161406,347.97451408661396,228.2222222222223,-252.0000000000009,126.00000000000045,238.00000000000045,126.00000000000045,0.0,0.0,0.0,0.0
75.0,-37.5,-70.83333333333324,-37.5,0.0,5.466139368966674,1.0,3.0,0.003968253968253954,1.4628428348039804,250.10214409331292,345.3755225099939,229.16666666666674,-252.0000000000009,126.00000000000045,238.00000000000045,126.00000000000045,0.0,0.0,0.0,0.0
74.0,-37.0,-69.8888888888888,-37.0,0.0,5.47353553334629,1.0,3.0,0.003968253968253954,1.4668110887722343,254.78634867522302,342.70609497567597,230.1111111111112,-252.0000000000009,126.00000000000045,238.00000000000045,126.00000000000045,0.0,0.0,0.0,0.0
73.0,-36.5,-68.94444444444436,-36.5,0.0,5.480837491541842,1.0,3.0,0.003968253968253954,1.4707793427404883,259.4385560988516,339.9666478804424,231.05555555555566,-252.0000000000009,126.00000000000045,238.00000000000045,126.00000000000045,0.0,0.0,0.0,0.0
72.0,-36.0,-67.99999999999991,-36.0,0.0,5.488045064610895,1.0,3.0,0.003968253968253954,1.4747475967087422,264.0576474687263,337.1576163321491,232.00000000000009,-252.0000000000009,126.00000000000045,238.00000000000045,126.00000000000045,0.0,0.0,0.0,0.0
71.0,-35.5,-67.05555555555547,-35.5,0.0,5.4951580761325545,1.0,3.0,0.003968253968253954,1.4787158506769962,268.64251048051113,334.27945404759834,232.9444444444445,-252.0000000000009,126.00000000000045,238.00000000000045,126.00000000000045,0.0,0.0,0.0,0.0
70.0,-35.0,-66.11111111111103,-35.0,0.0,5.502176352201356,1.0,3.0,0.003968253968253954,1.4826841046452501,273.19203973738166,331.3326332449432,233.88888888888897,-252.0000000000009,126.00000000000045,238.00000000000045,126.00000000000045,0.0,0.0,0.0,0.0
69.0,-34.5,-65.16666666666659,-34.5,0.0,5.509099721423255,1.0,3.0,0.003968253968253954,1.486652358613504,277.7051370645639,328.3176445306486,234.83333333333343,-252.0000000000009,126.00000000000045,238.00000000000045,126.00000000000045,0.0,0.0,0.0,0.0
68.0,-34.0,-64.22222222222214,-34.0,0.0,5.515928014910056,1.0,3.0,0.003968253968254065,1.490620612581758,282.1807118219428,325.23499678104423,235.77777777777786,-252.0000000000009,126.00000000000045,238.00000000000045,126.00000000000045,0.0,0.0,0.0,0.0
67.0,-33.5,-63.27777777777769,-33.5,0.0,5.52266106627507,1.0,3.0,0.003968253968253954,1.494588866550012,286.6176812146468,322.08521701850265,236.7222222222223,-252.0000000000009,126.00000000000045,238.00000000000225,126.00000000000045,0.0,0.0,4.512230589170956e-10,0.0
66.0,-33.0,-62.33333333333324,-33.0,0.0,5.529298711628214,1.0,3.0,0.003968253968253954,1.498557120518266,291.014970601516,318.868850282277,237.66666666666674,-252.0000000000009,126.00000000000045,238.00000000000225,126.00000000000045,0.0,0.0,0.0,0.0
65.0,-32.5,-61.38888888888879,-32.5,0.0,5.535840789572056,1.0,3.0,0.003968253968253954,1.50252537448652,295.3715138013613,315.586459494036,238.6111111111112,-252.0000000000009,126.00000000000045,238.00000000000225,126.00000000000045,0.0,0.0,0.0,0.0
64.0,-32.0,-60.44444444444434,-32.0,0.0,5.542287141196604,1.0,3.0,0.003968253968253954,1.5064936284547739,299.6862533969219,312.2386253181347,239.55555555555566,-252.0000000000009,126.00000000000045,238.00000000000225,126.00000000000045,0.0,0.0,0.0,0.0
63.0,-31.5,-59.49999999999989,-31.5,0.0,5.548637610076215,1.0,3.0,0.003968253968253954,1.5104618824230278,303.9581410364323,308.8259460166608,240.5000000000001,-252.0000000000009,126.00000000000045,238.00000000000225,126.00000000000045,0.0,0.0,0.0,0.0
62.0,-31.0,-58.55555555555544,-31.0,0.0,5.554892042264308,1.0,3.0,0.003968253968253954,1.5144301363912818,308.1861377327062,305.34903729929897,241.44444444444457,-252.0000000000009,126.00000000000045,238.00000000000225,126.00000000000045,0.0,0.0,0.0,0.0
61.0,-30.5,-57.61111111111099,-30.5,0.0,5.561050286290201,1.0,3.0,0.003968253968253954,1.5183983903595357,312.36921415964883,301.80853216805525,242.388888888889,-252.0000000000009,126.00000000000045,238.00000000000225,126.00000000000045,0.0,0.0,0.0,0.0
60.0,-30.0,-56.66666666666654,-30.0,0.0,5.5671121931549346,1.0,3.0,0.003968253968254065,1.5223666443277897,316.50635094610965,298.20508075688775,243.33333333333346,-252.0000000000009,126.00000000000045,238.00000000000225,126.00000000000045,0.0,0.0,0.0,0.0
59.0,-29.5,-55.72222222222209,-29.5,0.0,5.573077616327372,1.0,3.0,0.003968253968253954,1.5263348982960436,320.5965389669857,294.5393501662893,244.2777777777779,-252.0000000000009,126.00000000000045,238.00000000000225,126.00000000000045,0.0,0.0,0.0,0.0
58.0,-29.0,-54.777777777777644,-29.0,0.0,5.578946411740973,1.0,3.0,0.003968253968253954,1.5303031522642976,324.63877963148985,290.8120242928695,245.22222222222234,-252.0000000000009,126.00000000000045,238.00000000000225,126.00000000000045,0.0,0.0,0.0,0.0
57.0,-28.5,-53.833333333333194,-28.5,0.0,5.584718437789723,1.0,3.0,0.003968253968253954,1.5342714062325515,328.6320851684968,287.02380365398693,246.1666666666668,-252.0000000000009,126.00000000000045,238.00000000000225,126.00000000000045,0.0,0.0,0.0,0.0
56.0,-28.0,-52.888888888888744,-28.0,0.0,5.5903935553243915,1.0,3.0,0.003968253968253954,1.5382396602008055,332.5754789088811,283.1754052074811,247.11111111111126,-252.0000000000009,126.00000000000045,238.00000000000225,126.00000000000045,0.0,0.0,0.0,0.0
55.0,-27.5,-51.944444444444294,-27.5,0.0,5.595971627650731,1.0,3.0,0.003968253968253954,1.5422079141690594,336.4679955647646,279.2675621665569,248.0555555555557,-252.0000000000009,126.00000000000045,238.00000000000225,126.00000000000045,0.0,0.0,0.0,0.0
54.0,-27.0,-50.999999999999844,-27.0,0.0,5.601452520524326,1.0,3.0,0.003968253968253954,1.5461761681373134,340.30868150558655,275.30102380987626,249.00000000000017,-252.0000000000009,126.00000000000045,238.00000000000225,126.00000000000045,0.0,0.0,0.0,0.0
53.0,-26.5,-50.055555555555394,-26.5,0.0,5.606836102148445,1.0,3.0,0.003968253968253954,1.5501444221055674,344.096595030916,271.2765552869108,249.9444444444446,-252.0000000000009,126.00000000000045,238.00000000000225,126.00000000000045,0.0,0.0,0.0,0.0
52.0,-26.0,-49.111111111110944,-26.0,0.0,5.612122243170502,1.0,3.0,0.003968253968254065,1.5541126760738213,347.8308066399234,267.19493741861385,250.88888888888906,-252.0000000000009,126.00000000000045,238.00000000000225,126.00000000000045,0.0,0.0,0.0,0.0
51.0,-25.5,-48.166666666666494,-25.5,0.0,5.617310816679994,1.0,3.0,0.003968253968253954,1.5580809300420753,351.5103992974326,263.056966493468,251.8333333333335,-252.0000000000009,126.00000000000045,238.00000000000225,126.00000000000045,0.0,0.0,0.0,0.0
50.0,-25.0,-47.222222222222044,-25.0,0.0,5.622401698204194,1.0,3.0,0.003968253968253954,1.5620491840103292,355.13446869647044,258.8634540589705,252.77777777777794,-252.0000000000009,126.00000000000045,238.00000000000225,126.00000000000045,0.0,0.0,0.0,0.0
49.0,-24.5,-46.277777777777594,-24.5,0.0,5.627394765706242,1.0,3.0,0.003968253968253954,1.5660174379785832,358.7021235172373,254.61522670861422,253.7222222222224,-252.0000000000009,126.00000000000045,238.00000000000225,126.00000000000045,0.0,0.0,0.0,0.0
48.0,-24.0,-45.333333333333144,-24.0,0.0,5.632289899582695,1.0,3.0,0.003968253968253954,1.5699856919468371,362.21248568242186,250.3131258644289,254.66666666666686,-252.0000000000009,126.00000000000045,238.00000000000225,126.00000000000045,0.0,0.0,0.0,0.0
47.0,-23.5,-44.388888888888694,-23.5,0.0,5.637086982659744,1.0,3.0,0.003968253968253954,1.573953945915091,365.6646906087807,245.9580075551457,255.6111111111113,-252.0000000000009,126.00000000000045,238.00000000000225,126.00000000000045,0.0,0.0,0.0,0.0
46.0,-23.0,-43.444444444444244,-23.0,0.0,5.641785900191913,1.0,3.0,0.003968253968253954,1.577922199883345,369.0578874549095,241.5507421900487,256.55555555555577,-252.0000000000009,126.00000000000045,238.00000000000225,126.00000000000045,0.0,0.0,0.0,0.0
45.0,-22.5,-42.499999999999794,-22.5,0.0,5.646386539858483,1.0,3.0,0.003968253968253954,1.581890453851599,372.3912393651312,237.09221432858203,257.5000000000002,-252.0000000000009,126.00000000000045,238.00000000000225,126.00000000000045,0.0,0.0,0.0,0.0
44.0,-22.0,-41.555555555555344,-22.0,0.0,5.6508887917620605,1.0,3.0,0.003968253968254065,1.585858707819853,375.6639237094271,232.5833224457775,258.4444444444447,-252.0000000000009,126.00000000000045,238.00000000000225,126.00000000000045,0.0,0.0,0.0,0.0
43.0,-21.5,-40.611111111110894,-21.5,0.0,5.6552925484252805,1.0,3.0,0.003968253968253954,1.589826961788107,378.87513231934025,228.02497869357407,259.38888888888914,-252.0000000000009,126.00000000000045,238.00000000000225,126.00000000000045,0.0,0.0,0.0,0.0
42.0,-21.0,-39.666666666666444,-21.0,0.0,5.659597704789436,1.0,3.0,0.003968253968253954,1.5937952157563609,382.02407171977933,223.4181086580968,260.33333333333354,-252.0000000000009,126.00000000000045,238.00000000000225,126.00000000000045,0.0,0.0,0.0,0.0
41.0,-20.5,-38.722222222221994,-20.5,0.0,5.663804158211746,1.0,3.0,0.003968253968253954,1.5977634697246148,385.1099633566538,218.76365111296838,261.277777777778,-252.0000000000009,126.00000000000045,238.00000000000225,126.00000000000045,0.0,0.0,0.0,0.0
40.0,-20.0,-37.777777777777544,-20.0,0.0,5.667911808463311,1.0,3.0,0.003968253968253954,1.6017317236928688,388.1320438202727,214.06255776872507,262.22222222222246,-252.0000000000009,126.00000000000045,238.00000000000225,126.00000000000045,0.0,0.0,0.0,0.0
39.0,-19.5,-36.833333333333094,-19.5,0.0,5.671920557727054,1.0,3.0,0.003968253968253954,1.6056999776611227,391.0895650644388,209.31579301841026,263.1666666666669,-252.0000000000009,126.00000000000045,238.00000000000225,126.00000000000045,0.0,0.0,0.0,0.0
38.0,-19.0,-35.888888888888644,-19.0,0.0,5.675830310596117,1.0,3.0,0.003968253968253954,1.6096682316293767,393.98179462117366,204.52433367942086,264.11111111111137,-252.0000000000009,126.00000000000045,238.00000000000225,126.00000000000045,0.0,0.0,0.0,0.0
37.0,-18.5,-34.944444444444194,-18.5,0.0,5.67964097407119,1.0,3.0,0.003968253968253954,1.6136364855976306,396.80801581100843,199.68916873168274,265.05555555555577,-252.0000000000009,126.00000000000045,238.00000000000225,126.00000000000045,0.0,0.0,0.0,0.0
36.0,-18.0,-33.999999999999744,-18.0,0.0,5.6833524575595336,1.0,3.0,0.003968253968254065,1.6176047395658846,399.56752794877787,194.81129905223156,266.0000000000002,-252.0000000000009,126.00000000000045,238.00000000000225,126.00000000000045,0.0,0.0,0.0,0.0
35.0,-17.5,-33.055555555555294,-17.5,0.0,5.6869646728726,1.0,3.0,0.003968253968253954,1.6215729935341385,402.2596465448551,189.89173714627753,266.9444444444447,-252.0000000000009,126.00000000000045,238.00000000000225,126.00000000000045,0.0,0.0,0.0,0.0
34.0,-17.0,-32.111111111110844,-17.0,0.0,5.690477534224125,1.0,3.0,0.003968253968253954,1.6255412475023925,404.88370350176723,184.93150687483362,267.88888888888914,-252.0000000000009,126.00000000000045,238.00000000000225,126.00000000000045,0.0,0.0,0.0,0.0
33.0,-16.5,-31.166666666666398,-16.5,0.0,5.693890958229422,1.0,3.0,0.003968253968253954,1.6295095014706464,407.4390473061331,179.93164317898612,268.8333333333336,-252.0000000000009,126.00000000000045,238.00000000000134,126.00000000000045,0.0,0.0,-2.2919266484677874e-10,0.0
32.0,-16.0,-30.22222222222195,-16.0,0.0,5.697204863902608,1.0,3.0,0.003968253968253954,1.6334777554389004,409.9250432158649,174.89319180089083,269.77777777777806,-252.0000000000009,126.00000000000045,238.00000000000134,126.00000000000045,0.0,0.0,0.0,0.0
31.0,-15.5,-29.277777777777505,-15.5,0.0,5.700419172655928,1.0,3.0,0.003968253968253954,1.6374460094071543,412.3410734425782,169.81720900157512,270.7222222222225,-252.0000000000009,126.00000000000045,238.00000000000134,126.00000000000045,0.0,0.0,0.0,0.0
30.0,-15.0,-28.33333333333306,-15.0,0.0,5.703533808297816,1.0,3.0,0.003968253968253954,1.6414142633754083,414.6865373291548,164.70476127563023,271.66666666666697,-252.0000000000009,126.00000000000045,238.00000000000134,126.00000000000045,0.0,0.0,0.0,0.0
29.0,-14.5,-27.388888888888612,-14.5,0.0,5.706548697031449,1.0,3.0,0.003968253968254065,1.6453825173436623,416.9608515224061,159.5569250628778,272.6111111111114,-252.0000000000009,126.00000000000045,238.00000000000134,126.00000000000045,0.0,0.0,0.0,0.0
28.0,-14.0,-26.444444444444166,-14.0,0.0,5.709463767453797,1.0,3.0,0.003968253968253954,1.6493507713119162,419.16345014078456,154.37478645709515,273.5555555555558,-252.0000000000009,126.00000000000045,238.00000000000134,126.00000000000045,0.0,0.0,0.0,0.0
27.0,-13.5,-25.49999999999972,-13.5,0.0,5.712278950553696,1.0,3.0,0.003996177564398962,1.6533469488763153,421.2937849370927,149.15944091188575,274.5000000000003,-250.23913074052192,125.11956537026096,236.3369568104934,125.11956537026096,440.63839283973005,-220.31919641986502,-416.15848212640975,-220.31919641986502
26.0,-13.0,-24.555555555555273,-13.0,0.0,5.714994179711037,1.0,3.0,0.0040703605221000805,1.6574173093984155,423.35132545614226,143.9119929437818,275.44444444444474,-245.67848340962883,122.83924170481441,232.02967877576103,122.83924170481441,1120.452919619986,-560.226459809993,-1058.205535196657,-560.226459809993
25.0,-12.5,-23.611111111110826,-12.5,0.0,5.717609390695301,1.0,3.0,0.004149418798660931,1.6615667281970765,425.3355591873133,138.63355583266565,276.38888888888914,-240.99760677873385,120.49880338936693,227.60885084658244,120.49880338936693,1128.0800656721908,-564.0400328360954,-1065.408950912625,-564.0400328360954
24.0,-12.0,-22.66666666666638,-12.0,0.0,5.720124521664549,1.0,3.0,0.004233270861793925,1.6657999990588706,427.24599171197156,133.32525131959991,277.3333333333336,-236.22395841125217,118.11197920562608,223.10040516618307,118.11197920562608,1127.6501134299351,-563.8250567149676,-1065.0028849060516,-563.8250567149676
23.0,-11.5,-21.722222222221934,-11.5,0.0,5.722539513164152,1.0,3.0,0.0043224216933539505,1.6701224207522245,429.08214684569555,127.9882093021541,278.27777777777806,-231.35179095033126,115.67589547516563,218.4989136753133,115.67589547516563,1127.1846678939796,-563.5923339469898,-1064.5632974554292,-563.5923339469898
22.0,-11.0,-20.777777777777487,-11.0,0.0,5.7248543081257335,1.0,3.0,0.004417454043417202,1.6745398747956417,430.8435667752735,122.62356752731867,279.2222222222225,-226.37473761389307,113.18736880694654,213.79836330201056,113.18736880694654,1126.679143126546,-563.339571563273,-1064.0858573972964,-563.339571563273
21.0,-10.5,-19.83333333333304,-10.5,0.0,5.727068851866401,1.0,3.0,0.004519044541569928,1.6790589193372116,432.52981219042897,117.23247128209698,280.16666666666697,-221.2857144471954,110.6428572235977,208.99206364457385,110.6428572235977,1126.128127281023,-563.0640636405114,-1063.565453543193,-563.0640636405114
20.0,-10.0,-18.888888888888594,-10.0,0.0,5.729183092087411,1.0,3.0,0.004627984085826875,1.6836869034230384,434.1404624102337,111.81607308186638,281.1111111111114,-216.07680178989972,108.03840089494986,204.07253502379461,108.03840089494986,1125.5251877913795,-562.7625938956897,-1062.996010691853,-562.7625938956897
19.0,-9.5,-17.944444444444148,-9.5,0.0,5.731196978873383,1.0,3.0,0.004745203919947372,1.6884321073429858,435.67511550417123,106.3755323566008,282.0555555555559,-210.73909928218444,105.36954964109222,199.03137154428572,105.36954964109222,1124.862618712175,-562.4313093560875,-1062.3702510059477,-562.4313093560875
18.0,-9.0,-16.9999999999997,-9.0,0.0,5.733110464691587,1.0,3.0,0.0048718093756582315,1.6933039167186439,437.1333884078151,100.91201513504724,283.0000000000003,-205.26254680580817,102.63127340290409,193.85907198326368,102.63127340290409,1124.1311090166487,-562.0655545083243,-1061.6793807379483,-562.0655545083243
17.0,-8.5,-16.055555555555255,-8.5,0.0,5.73492350439086,1.0,3.0,0.005009124093799611,1.6983130408124434,438.51491703308625,95.42669372695006,283.94444444444474,-199.63570102761904,99.81785051380952,188.54482874830725,99.81785051380952,1123.3193015030865,-561.6596507515433,-1060.9126736418073,-561.6596507515433
16.0,-8.0,-15.111111111110809,-8.0,0.0,5.736636055201075,1.0,3.0,0.005158748802377988,1.7034717896148215,439.8193563730564,89.92074640341625,284.8888888888892,-193.84545328879287,96.92272664439643,183.07626143941587,96.92272664439643,1122.4131975871665,-561.2065987935832,-1060.0569088323239,-561.2065987935832
15.0,-7.5,-14.166666666666362,-7.5,0.0,5.738248076731932,1.0,3.0,0.005322640678254609,1.708794430293076,441.04638060126626,84.3953570755171,285.8333333333336,-187.8766688282139,93.93833441410695,177.4390761155357,93.93833441410695,1121.395341407185,-560.6976707035925,-1059.0956002179032,-560.6976707035925
14.0,-7.0,-13.222222222221916,-7.0,0.0,5.739759530972962,1.0,3.0,0.0055032223958041415,1.71429765268888,442.1956831655298,78.85171497122047,286.77777777777806,-181.71171871274126,90.85585935637063,171.61662322870043,90.85585935637063,1120.2436812608453,-560.1218406304226,-1058.007921190798,-560.1218406304226
13.0,-6.5,-12.27777777777747,-6.5,0.0,5.741170382292295,1.0,3.0,0.005703534953773959,1.720001187642654,443.2669768761939,73.29101431074973,287.7222222222225,-175.32986263866277,87.66493131933139,165.58931471429295,87.66493131933139,1118.9299488478964,-559.4649744239482,-1056.767173911906,-559.4649744239482
12.0,-6.0,-11.333333333333023,-6.0,0.0,5.74248059743621,1.0,3.0,0.005927456703490042,1.7259286443461441,444.2599939888295,67.71445398046528,288.66666666666697,-168.70641997455482,84.35320998727741,159.3338410870799,84.35320998727741,1117.4172997683809,-558.7086498841904,-1055.338560892359,-558.7086498841904
11.0,-5.5,-10.388888888888577,-5.5,0.0,5.743690145528642,1.0,3.0,0.006180025400198685,1.7321086697463428,445.1744862813275,62.12323720536502,289.6111111111114,-161.8116326783787,80.90581633918934,152.8220975295802,80.90581633918934,1115.6567893644044,-557.8283946822022,-1053.6758566219403,-557.8283946822022
10.0,-5.0,-9.44444444444413,-5.0,0.0,5.744798998070717,1.0,3.0,0.006467925970139787,1.7385765957164825,446.010225125378,56.51857122030066,290.5555555555559,-154.60906705127374,77.30453352563687,146.0196744373144,77.30453352563687,1113.581951982268,-556.790975991134,-1051.7162879832556,-556.790975991134
9.0,-4.5,-8.499999999999684,-4.5,0.0,5.745807128939965,1.0,3.0,0.006800255316083859,1.7453768510325665,446.7670015523096,50.901666940007466,291.50000000000034,-147.05330219511012,73.52665109755506,138.88367429538206,73.52665109755506,1111.1001727086216,-555.5500863543108,-1049.3723853359234,-555.5500863543108
8.0,-4.0,-7.555555555555237,-4.0,0.0,5.746714514390245,1.0,3.0,0.0071897718751300355,1.7525666229076964,447.4446263132701,45.27373862804446,292.4444444444448,-139.08647136066875,69.54323568033438,131.3594451739652,69.54323568033438,1108.078388689822,-554.039194344911,-1046.5184782070548,-554.039194344911
7.0,-3.5,-6.611111111110791,-3.5,0.0,5.7475211330510785,1.0,3.0,0.007655041191863998,1.7602216640995603,448.0429299337311,39.63600356474377,293.3888888888892,-130.63286988747282,65.31643494373641,123.37548822705791,65.31643494373641,1104.3182213285527,-552.1591106642763,-1042.9672090325257,-552.1591106642763
6.0,-3.0,-5.6666666666663446,-3.0,0.0,5.748226965927454,1.0,3.0,0.008224353072775581,1.768446017172336,448.56176276229814,33.98968171426671,294.33333333333366,-121.5901106325562,60.7950553162781,114.83510448630332,60.7950553162781,1099.5100982288832,-549.7550491144416,-1038.4262038828351,-549.7550491144416
5.0,-2.5,-4.722222222221898,-2.5,0.0,5.748831996399354,1.0,3.0,0.008943452182084033,1.77738946935442,449.00099501381357,28.335995390865694,295.2777777777781,-111.8136464130973,55.90682320654865,105.60177716792545,55.90682320654865,1093.1421134048749,-546.5710567024374,-1032.4119959934956,-546.5710567024374
4.0,-2.0,-3.7777777777774517,-2.0,0.0,5.74933621022162,1.0,3.0,0.009892443095891545,1.7872819124503116,449.36051680673876,22.676168924450362,296.2222222222225,-101.08726330862721,50.54363165431361,95.4713042359259,50.54363165431361,1084.300713230778,-542.150356615389,-1024.0617847179592,-542.150356615389
3.0,-1.5,-2.8333333333330053,-1.5,0.0,5.749739595523664,1.0,3.0,0.01122842736566143,1.798510339815973,449.64023819480406,17.011428325557112,297.16666666666697,-89.05966681123942,44.52983340561971,84.11190754394852,44.52983340561971,1071.173736597387,-535.5868682986935,-1011.6640845642008,-535.5868682986935
2.0,-1.0,-1.8888888888885589,-1.0,0.0,5.750042142809201,1.0,3.0,0.013318989280776128,1.811829329096749,449.84008919291693,11.34300094982113,298.1111111111114,-75.08077219067539,37.540386095337695,70.90961818008246,37.540386095337695,1049.546202484026,-524.773101242013,-991.2380801238043,-524.773101242013
1.0,-0.5,-0.9444444444441124,-0.5,0.0,5.750243844956191,1.0,3.0,0.017357644771307412,1.8291869738680564,449.9600197973211,5.672115162050245,299.0555555555559,-57.611502780206074,28.805751390103037,54.41086373686141,28.805751390103037,1006.4308632094219,-503.21543160471094,-950.518037475567,-503.21543160471094
0.0,0.0,3.341771304121721e-13,0.0,0.0,5.7503446972166685,1.0,3.0,0.041905056681021846,1.8710920305490784,450.0,5.878304635907296e-14,300.00000000000034,-23.86346849765465,11.931734248827325,22.537720247784996,11.931734248827325,805.345152959435,-402.6725764797175,-760.6037555728013,-402.6725764797175
