J1_Position,J2_Position,J3_Position,J4_Position,Error,MM_Step,Deg_step,Move_ID,Time,Time_Total,X,Y,Z,J1_Velocity,J2_Velocity,J3_Velocity,J4_Velocity,J1_Acceleration,J2_Acceleration,J3_Acceleration,J4_Acceleration
0.0,0.0,0.0,0.0,0.0,0.0,0.0,1.0,0.0,0.0,450.0,5.878304635907296e-14,300.0,0.0,0.0,0.0,0.0,0.0,0.0,0.0,0.0
1.0,-0.5,-0.9444444444444444,-0.5,0.0,5.7503446972166685,1.0,2.0,0.0,0.0,449.9600197973211,5.672115162050245,299.05555555555554,0.0,0.0,0.0,0.0,0.0,0.0,0.0,0.0
2.0,-1.0,-1.8888888888888888,-1.0,0.0,5.750243844956191,1.0,2.0,0.059262706189052744,0.059262706189052744,449.84008919291693,11.34300094982113,298.1111111111111,16.87401848997446,-8.43700924498723,-15.936573018309215,-8.43700924498723,284.7325,-142.36625,-268.9140277777778,-142.36625
3.0,-1.5,-2.833333333333333,-1.5,0.0,5.750042142809201,1.0,2.0,0.013318989280776197,0.07258169546982894,449.64023819480406,17.011428325557112,297.16666666666663,75.080772190675,-37.5403860953375,-70.90961818008194,-37.5403860953375,4370.208014561027,-2185.1040072805135,-4127.418680418747,-2185.1040072805135
4.0,-2.0,-3.7777777777777777,-2.0,0.0,5.749739595523654,1.0,2.0,0.011228427365661417,0.08381012283549036,449.36051680673876,22.676168924450362,296.22222222222223,89.05966681123866,-44.52983340561933,-84.11190754394764,-44.52983340561933,1244.955697296815,-622.4778486484075,-1175.7914918914394,-622.4778486484075
5.0,-2.5,-4.722222222222222,-2.5,0.0,5.749336210221629,1.0,2.0,0.00989244309589156,0.09370256593138192,449.00099501381357,28.335995390865694,295.27777777777777,101.08726330862707,-50.543631654313536,-95.47130423592559,-50.543631654313536,1215.8368141014234,-607.9184070507117,-1148.2903244291222,-607.9184070507117
6.0,-3.0,-5.666666666666667,-3.0,0.0,5.748831996399345,1.0,2.0,0.008943452182083991,0.10264601811346591,448.56176276229814,33.98968171426671,294.33333333333337,111.8136464130992,-55.9068232065496,-105.60177716792705,-55.9068232065496,1199.3560077348886,-599.6780038674443,-1132.7251184162844,-599.6780038674443
7.0,-3.5,-6.611111111111112,-3.5,0.0,5.748226965927454,1.0,2.0,0.008224353072775581,0.11087037118624149,448.0429299337311,39.63600356474377,293.3888888888889,121.59011063255785,-60.795055316278926,-114.83510448630466,-60.795055316278926,1188.7213660392201,-594.3606830196101,-1122.6812901481517,-594.3606830196101
8.0,-4.0,-7.555555555555556,-4.0,0.0,5.747521133051088,1.0,2.0,0.007655041191863998,0.11852541237810549,447.4446263132701,45.27373862804446,292.44444444444446,130.63286988747092,-65.31643494373546,-123.3754882270559,-65.31643494373546,1181.281593170782,-590.640796585391,-1115.6548379946287,-590.640796585391
9.0,-4.5,-8.5,-4.5,0.0,5.746714514390245,1.0,2.0,0.0071897718751300355,0.12571518425323552,446.7670015523096,50.901666940007466,291.5,139.08647136066662,-69.54323568033331,-131.35944517396283,-69.54323568033331,1175.7815991961234,-587.8907995980617,-1110.4603992407658,-587.8907995980617
10.0,-5.0,-9.444444444444445,-5.0,0.0,5.745807128939965,1.0,2.0,0.006800255316083914,0.13251543956931944,446.010225125378,56.51857122030066,290.55555555555554,147.0533021951113,-73.52665109755566,-138.88367429538295,-73.52665109755566,1171.5487822349262,-585.7743911174631,-1106.4627387774499,-585.7743911174631
11.0,-5.5,-10.38888888888889,-5.5,0.0,5.744798998070717,1.0,2.0,0.006467925970139815,0.13898336553945925,445.1744862813275,62.12323720536502,289.6111111111111,154.60906705127042,-77.30453352563521,-146.01967443731098,-77.30453352563521,1168.189755269535,-584.0948776347675,-1103.290324421227,-584.0948776347675
12.0,-6.0,-11.333333333333334,-6.0,0.0,5.743690145528642,1.0,2.0,0.00618002540019863,0.14516339093965788,444.2599939888295,67.71445398046528,288.66666666666663,161.81163267838016,-80.90581633919008,-152.8220975295813,-80.90581633919008,1165.4589035958095,-582.7294517979047,-1100.7111867293754,-582.7294517979047
13.0,-6.5,-12.277777777777779,-6.5,0.0,5.742480597436201,1.0,2.0,0.005927456703490042,0.15109084764314792,443.2669768761939,73.29101431074973,287.72222222222223,168.70641997455797,-84.35320998727899,-159.3338410870826,-84.35320998727899,1163.1948812242208,-581.5974406121104,-1098.572943378435,-581.5974406121104
14.0,-7.0,-13.222222222222223,-7.0,0.0,5.741170382292295,1.0,2.0,0.005703534953774014,0.15679438259692194,442.1956831655298,78.85171497122047,286.77777777777777,175.32986263866107,-87.66493131933053,-165.58931471429105,-87.66493131933053,1161.2872924922428,-580.6436462461214,-1096.7713317982261,-580.6436462461214
15.0,-7.5,-14.166666666666668,-7.5,0.0,5.739759530972953,1.0,2.0,0.005503222395804086,0.16229760499272602,441.04638060126626,84.3953570755171,285.83333333333337,181.7117187127394,-90.8558593563697,-171.6166232286984,-90.8558593563697,1159.6580357981113,-579.8290178990557,-1095.2325893648854,-579.8290178990557
16.0,-8.0,-15.111111111111112,-8.0,0.0,5.738248076731941,1.0,2.0,0.005322640678254692,0.16762024567098072,439.8193563730564,89.92074640341625,284.8888888888889,187.87666882820702,-93.93833441410351,-177.4390761155289,-93.93833441410351,1158.2502911861238,-579.1251455930619,-1093.9030527868954,-579.1251455930619
17.0,-8.5,-16.055555555555557,-8.5,0.0,5.736636055201075,1.0,2.0,0.005158748802377988,0.1727789944733587,438.51491703308625,95.42669372695006,283.94444444444446,193.84545328879705,-96.92272664439852,-183.07626143941948,-96.92272664439852,1157.0217293462022,-578.5108646731011,-1092.7427443825231,-578.5108646731011
18.0,-9.0,-17.0,-9.0,0.0,5.73492350439086,1.0,2.0,0.005009124093799527,0.17778811856715823,437.1333884078151,100.91201513504724,283.0,199.63570102761793,-99.81785051380896,-188.5448287483055,-99.81785051380896,1155.9401664630861,-577.9700832315431,-1091.7212683261723,-577.9700832315431
19.0,-9.5,-17.944444444444443,-9.5,0.0,5.733110464691596,1.0,2.0,0.004871809375658259,0.1826599279428165,435.67511550417123,106.3755323566008,282.05555555555554,205.26254680580232,-102.63127340290116,-193.85907198325742,-102.63127340290116,1154.9806949136043,-577.4903474568022,-1090.815100751739,-577.4903474568022
20.0,-10.0,-18.888888888888886,-10.0,0.0,5.731196978873383,1.0,2.0,0.004745203919947344,0.18740513186276384,434.1404624102337,111.81607308186638,281.1111111111111,210.7390992821857,-105.36954964109285,-199.03137154428615,-105.36954964109285,1154.123736044656,-577.061868022328,-1090.0057507088375,-577.061868022328
21.0,-10.5,-19.83333333333333,-10.5,0.0,5.7291830920874025,1.0,2.0,0.004627984085826903,0.19203311594859074,432.52981219042897,117.23247128209698,280.1666666666667,216.07680178989327,-108.03840089494663,-204.07253502378774,-108.03840089494663,1153.353686771346,-576.676843385673,-1089.278481950714,-576.676843385673
22.0,-11.0,-20.77777777777777,-11.0,0.0,5.727068851866401,1.0,2.0,0.004519044541569983,0.19655216049016072,430.8435667752735,122.62356752731867,279.22222222222223,221.28571444719267,-110.64285722359634,-208.9920636445705,-110.64285722359634,1152.6579588635243,-576.3289794317621,-1088.6214055933247,-576.3289794317621
23.0,-11.5,-21.722222222222214,-11.5,0.0,5.7248543081257335,1.0,2.0,0.004417454043417202,0.20096961453357792,429.08214684569555,127.9882093021541,278.27777777777777,226.37473761389307,-113.18736880694654,-213.79836330200976,-113.18736880694654,1152.0262840728262,-576.0131420364131,-1088.0248238465585,-576.0131420364131
24.0,-12.0,-22.666666666666657,-12.0,0.0,5.7225395131641426,1.0,2.0,0.004322421693353895,0.20529203622693182,427.24599171197156,133.32525131959991,277.33333333333337,231.35179095033422,-115.67589547516711,-218.4989136753153,-115.67589547516711,1151.4502030409953,-575.7251015204977,-1087.480747316497,-575.7251015204977
25.0,-12.5,-23.6111111111111,-12.5,0.0,5.720124521664549,1.0,2.0,0.004233270861794064,0.20952530708872588,425.3355591873133,138.63355583266565,276.3888888888889,236.2239584112506,-118.1119792056253,-223.10040516618076,-118.1119792056253,1150.922683660161,-575.4613418300805,-1086.9825345679285,-575.4613418300805
26.0,-13.0,-24.555555555555543,-13.0,0.0,5.717609390695311,1.0,2.0,0.004149418798660903,0.21367472588738678,423.35132545614226,143.9119929437818,275.44444444444446,240.9976067787419,-120.49880338937095,-227.6088508465892,-120.49880338937095,1150.4378321686493,-575.2189160843246,-1086.5246192703914,-575.2189160843246
27.0,-13.5,-25.499999999999986,-13.5,0.0,5.714994179711037,1.0,2.0,0.004070360522100025,0.2177450864094868,421.2937849370927,149.15944091188575,274.5,245.67848340963886,-122.83924170481943,-232.02967877576967,-122.83924170481943,1149.9906717063852,-574.9953358531926,-1086.1023010560302,-574.9953358531926
28.0,-14.0,-26.44444444444443,-14.0,0.0,5.712278950553696,1.0,2.0,0.00399565596299617,0.22174074237248298,419.16345014078456,154.37478645709515,273.55555555555554,250.27179748732502,-125.13589874366251,-236.3678087380288,-125.13589874366251,1149.5769706463495,-574.7884853231748,-1085.7115833882142,-574.7884853231748
29.0,-14.5,-27.38888888888887,-14.5,0.0,5.709463767453797,1.0,2.0,0.003924919615168249,0.22566566198765123,416.9608515224061,159.5569250628778,272.61111111111114,254.78228805894494,-127.39114402947247,-240.62771650011425,-127.39114402947247,1149.193108105623,-574.5965540528115,-1085.3490465441898,-574.5965540528115
30.0,-15.0,-28.333333333333314,-15.0,0.0,5.706548697031449,1.0,2.0,0.0038578121337332627,0.2295234741213845,414.6865373291548,164.70476127563023,271.6666666666667,259.2142813943314,-129.6071406971657,-244.8134879835348,-129.6071406971657,1148.8359675766687,-574.4179837883344,-1085.011747155743,-574.4179837883344
31.0,-15.5,-29.277777777777757,-15.5,0.0,5.703533808297816,1.0,2.0,0.003794033462540425,0.23331750758392492,412.3410734425782,169.81720900157512,270.72222222222223,263.57173964681266,-131.78586982340633,-248.92886522198933,-131.78586982340633,1148.5028520448436,-574.2514260224218,-1084.6971380423556,-574.2514260224218
32.0,-16.0,-30.2222222222222,-16.0,0.0,5.700419172655918,1.0,2.0,0.0037333171722860603,0.23705082475621098,409.9250432158649,174.89319180089083,269.7777777777778,267.85830237607695,-133.92915118803847,-252.97728557740555,-133.92915118803847,1148.1914156892958,-574.0957078446479,-1084.4030037065443,-574.0957078446479
33.0,-16.5,-31.166666666666643,-16.5,0.0,5.697204863902608,1.0,2.0,0.0036754257650498945,0.24072625052126087,407.4390473061331,179.93164317898612,268.83333333333337,272.07732217288435,-136.03866108644218,-256.9619153855014,-136.03866108644218,1147.8996085097444,-573.9498042548722,-1084.1274080369756,-573.9498042548722
34.0,-17.0,-32.111111111111086,-17.0,0.0,5.693890958229422,1.0,2.0,0.003620146756149051,0.24434639727740992,404.88370350176723,184.93150687483362,267.8888888888889,276.2318953786711,-138.11594768933554,-260.88567896874446,-138.11594768933554,1147.6256311239108,-573.8128155619554,-1083.8686516170321,-573.8128155619554
35.0,-17.5,-33.05555555555553,-17.5,0.0,5.690477534224125,1.0,2.0,0.003567289385660033,0.24791368666306995,402.2596465448551,189.89173714627753,266.94444444444446,280.3248887011661,-140.16244435058306,-264.7512837733231,-140.16244435058306,1147.3678975830362,-573.6839487915181,-1083.6252366062035,-573.6839487915181
36.0,-18.0,-33.99999999999997,-18.0,0.0,5.6869646728726,1.0,2.0,0.0035166818434010927,0.25143036850647105,399.56752794877787,194.81129905223156,266.0,284.35896237712217,-142.17948118856108,-268.5612422450594,-142.17948118856108,1147.1250046477257,-573.5625023238629,-1083.395837722863,-573.5625023238629
37.0,-18.5,-34.944444444444414,-18.5,0.0,5.683352457559524,1.0,2.0,0.0034681689152348816,0.25489853742170593,396.80801581100843,199.68916873168274,265.0555555555556,288.3365904143902,-144.1682952071951,-272.3178909469236,-144.1682952071951,1146.8957062025395,-573.4478531012697,-1083.1792780801707,-573.4478531012697
38.0,-19.0,-35.88888888888886,-19.0,0.0,5.6796409740712,1.0,2.0,0.0034216099771174346,0.25832014739882336,393.98179462117366,204.52433367942086,264.11111111111114,292.2600783513201,-146.13003917566004,-276.0234073318018,-146.13003917566004,1146.6788918575967,-573.3394459287983,-1082.9745089766016,-573.3394459287983
39.0,-19.5,-36.8333333333333,-19.5,0.0,5.675830310596117,1.0,2.0,0.0033768772777572065,0.26169702467658057,391.0895650644388,209.31579301841026,263.1666666666667,296.13157889592065,-148.06578944796033,-279.67982451281347,-148.06578944796033,1146.473568968982,-573.236784484491,-1082.7805929151507,-573.236784484491
40.0,-20.0,-37.77777777777774,-20.0,0.0,5.671920557727045,1.0,2.0,0.0033338544620583055,0.2650308791386389,388.1320438202727,214.06255776872507,262.2222222222223,299.95310574613535,-149.97655287306767,-283.289044315794,-149.97655287306767,1146.278847414144,-573.139423707072,-1082.5966892244655,-573.139423707072
41.0,-20.5,-38.722222222222186,-20.5,0.0,5.667911808463311,1.0,2.0,0.003292435296437357,0.26832331443507623,385.1099633566538,218.76365111296838,261.2777777777778,303.7265458434579,-151.86327292172896,-286.85284885215424,-151.86327292172896,1146.0939267069882,-573.0469633534941,-1082.422041889941,-573.0469633534941
42.0,-21.0,-39.66666666666663,-21.0,0.0,5.663804158211746,1.0,2.0,0.0032525225641859,0.27157583699926213,382.02407171977933,223.4181086580968,260.33333333333337,307.4536702715537,-153.72683513577684,-290.37291081202244,-153.72683513577684,1145.9180849768034,-572.9590424884017,-1082.2559691447568,-572.9590424884017
43.0,-21.5,-40.61111111111107,-21.5,0.0,5.659597704789446,1.0,2.0,0.003214027104701478,0.2747898641039636,378.87513231934025,228.02497869357407,259.3888888888889,311.13614397874875,-155.56807198937437,-293.8508026465955,-155.56807198937437,1145.7506695598026,-572.8753347799013,-1082.0978545842463,-572.8753347799013
44.0,-22.0,-41.555555555555515,-22.0,0.0,5.6552925484252805,1.0,2.0,0.003176866974954895,0.2779667310789185,375.6639237094271,232.5833224457775,258.44444444444446,314.7755344758173,-157.38776723790866,-297.28800478271586,-157.38776723790866,1145.5910888809713,-572.7955444404856,-1081.947139498699,-572.7955444404856
45.0,-22.5,-42.49999999999996,-22.5,0.0,5.650888791762051,1.0,2.0,0.003140966715227289,0.2811076977941458,372.3912393651312,237.09221432858203,257.50000000000006,318.37331963819844,-159.18665981909922,-300.68591299163137,-159.18665981909922,1145.4388054923304,-572.7194027461652,-1081.803316298316,-572.7194027461652
46.0,-23.0,-43.4444444444444,-23.0,0.0,5.646386539858483,1.0,2.0,0.00310625670413317,0.28421395449827896,369.0578874549095,241.5507421900487,256.5555555555556,321.93089472270754,-160.96544736135377,-304.04584501588994,-160.96544736135377,1145.2933299992253,-572.6466649996127,-1081.665922777039,-572.6466649996127
47.0,-23.5,-44.38888888888884,-23.5,0.0,5.641785900191913,1.0,2.0,0.0030726725903740815,0.28728662708865305,365.6646906087807,245.9580075551457,255.61111111111114,325.4495786933991,-162.72478934669954,-307.36904654376525,-162.72478934669954,1145.1542158167786,-572.5771079083893,-1081.5345371602805,-572.5771079083893
48.0,-24.0,-45.333333333333286,-24.0,0.0,5.637086982659739,1.0,2.0,0.003040154790662719,0.29032678187931577,362.21248568242186,250.3131258644289,254.6666666666667,328.93061993794447,-164.46530996897224,-310.65669660805816,-164.46530996897224,1145.0210545978705,-572.5105272989352,-1081.408773786888,-572.5105272989352
49.0,-24.5,-46.27777777777773,-24.5,0.0,5.632289899582689,1.0,2.0,0.003008648044900475,0.29333542992421624,358.7021235172373,254.61522670861422,253.72222222222229,332.3752014447006,-166.1876007223503,-313.9099124755501,-166.1876007223503,1144.8934722007662,-572.4467361003831,-1081.2882793007225,-572.4467361003831
50.0,-25.0,-47.22222222222217,-25.0,0.0,5.627394765706242,1.0,2.0,0.002978101021047508,0.29631353094526375,355.13446869647044,258.8634540589705,252.77777777777783,335.78444550153745,-167.89222275076872,-317.12975408478485,-167.89222275076872,1144.7711252043657,-572.3855626021829,-1081.1727293596778,-572.3855626021829
51.0,-25.5,-48.166666666666615,-25.5,0.0,5.622401698204199,1.0,2.0,0.0029484659632558197,0.29926199690851957,351.5103992974326,263.056966493468,251.83333333333337,339.1594179692541,-169.57970898462705,-320.3172280820728,-169.57970898462705,1144.6536978130348,-572.3268489065174,-1081.0618257123137,-572.3268489065174
52.0,-26.0,-49.11111111111106,-26.0,0.0,5.617310816679988,1.0,2.0,0.002919698377776281,0.30218169528629585,347.8308066399234,267.19493741861385,250.88888888888894,342.5011321757237,-171.25056608786184,-323.4732914992941,-171.25056608786184,1144.5408991235345,-572.2704495617672,-1080.9552936166704,-572.2704495617672
53.0,-26.5,-50.0555555555555,-26.5,0.0,5.612122243170497,1.0,2.0,0.0028917567519383125,0.30507345203823416,344.096595030916,271.2765552869108,249.9444444444445,345.8105524711617,-172.90527623558086,-326.5988551116522,-172.90527623558086,1144.4324607247006,-572.2162303623503,-1080.8528795733218,-572.2162303623503
54.0,-27.0,-50.99999999999994,-27.0,0.0,5.606836102148449,1.0,2.0,0.002864602302163566,0.3079380543403977,340.30868150558655,275.30102380987626,249.00000000000006,349.0885974799098,-174.5442987399549,-329.69478650880313,-174.5442987399549,1144.328134579896,-572.164067289948,-1080.7543493254375,-572.164067289948
55.0,-27.5,-51.944444444444386,-27.5,0.0,5.601452520524326,1.0,2.0,0.0028381987475348813,0.3107762530879326,336.4679955647646,279.2675621665569,248.0555555555556,352.3361430796735,-176.16807153983675,-332.76191290858,-176.16807153983675,1144.227691096096,-572.113845548048,-1080.659486035216,-572.113845548048
56.0,-28.0,-52.88888888888883,-28.0,0.0,5.595971627650726,1.0,2.0,0.002812512105911269,0.3135887651938439,332.5754789088811,283.1754052074811,247.11111111111117,355.5540251358295,-177.77701256791474,-335.80102373939394,-177.77701256791474,1144.13091747862,-572.06545873931,-1080.568088729801,-572.06545873931
57.0,-28.5,-53.83333333333327,-28.5,0.0,5.590393555324387,1.0,2.0,0.0027875105099843256,0.3163762757038282,328.6320851684968,287.02380365398693,246.16666666666674,358.74304201479873,-179.37152100739937,-338.812873013976,-179.37152100739937,1144.03761619797,-572.018808098985,-1080.4799708536336,-572.018808098985
58.0,-29.0,-54.777777777777715,-29.0,0.0,5.584718437789723,1.0,2.0,0.0027631640410107905,0.319139439744839,324.63877963148985,290.8120242928695,245.22222222222229,361.9039568979737,-180.95197844898686,-341.7981815147524,-180.95197844898686,1143.9476036387275,-571.9738018193638,-1080.394958992136,-571.9738018193638
59.0,-29.5,-55.72222222222216,-29.5,0.0,5.5789464117409775,1.0,2.0,0.0027394445782472077,0.3218788843230862,320.5965389669857,294.5393501662893,244.27777777777783,365.0374999153423,-182.51874995767116,-344.75763880893385,-182.51874995767116,1143.86070893741,-571.930354468705,-1080.3128917742195,-571.930354468705
60.0,-30.0,-56.6666666666666,-30.0,0.0,5.573077616327367,1.0,2.0,0.0027163256623658483,0.32459520998545205,316.50635094610965,298.20508075688775,243.3333333333334,368.14437011541037,-184.07218505770518,-347.69190510899807,-184.07218505770518,1143.7767728343892,-571.8883864171946,-1080.2336187880192,-571.8883864171946
61.0,-30.5,-57.61111111111104,-30.5,0.0,5.56711219315493,1.0,2.0,0.0026937823713406583,0.3272889923567927,312.36921415964883,301.80853216805525,242.38888888888897,371.22523728682427,-185.61261864341213,-350.6016129931112,-185.61261864341213,1143.6956467573118,-571.8478233786559,-1080.1569997152355,-571.8478233786559
62.0,-31.0,-58.555555555555486,-31.0,0.0,5.561050286290206,1.0,2.0,0.0026717912074813444,0.32996078356427405,308.1861377327062,305.34903729929897,241.4444444444445,374.28074364489146,-187.14037182244573,-353.48736899795244,-187.14037182244573,1143.6171919090823,-571.8085959545411,-1080.082903469696,-571.8085959545411
63.0,-31.5,-59.49999999999993,-31.5,0.0,5.554892042264308,1.0,2.0,0.0026503299944504177,0.33261111355872447,303.9581410364323,308.8259460166608,240.50000000000006,377.3115053951475,-188.65575269757375,-356.34975509541647,-188.65575269757375,1143.541278483136,-571.770639241568,-1080.0112074562926,-571.770639241568
64.0,-32.0,-60.44444444444437,-32.0,0.0,5.54863761007621,1.0,2.0,0.0026293777832369636,0.33524049134196143,299.6862533969219,312.2386253181347,239.55555555555563,380.3181141847651,-190.15905709238254,-359.18933006338864,-190.15905709238254,1143.4677849587,-571.73389247935,-1079.94179690544,-571.73389247935
65.0,-32.5,-61.388888888888815,-32.5,0.0,5.542287141196598,1.0,2.0,0.0026089147661811918,0.3378494061081426,295.3715138013613,315.586459494036,238.6111111111112,383.3011384514311,-191.65056922571554,-362.00663075968436,-191.65056922571554,1143.3965974413259,-571.6982987206629,-1079.874564250158,-571.6982987206629
66.0,-33.0,-62.33333333333326,-33.0,0.0,5.535840789572056,1.0,2.0,0.002588922198247856,0.3404383283063905,291.014970601516,318.868850282277,237.66666666666674,386.26112467836424,-193.13056233918212,-364.8021733073434,-193.13056233918212,1143.327609047668,-571.663804523834,-1079.8094085450111,-571.663804523834
67.0,-33.5,-63.2777777777777,-33.5,0.0,5.529298711628218,1.0,2.0,0.0025693823248352787,0.34300771063122576,286.6176812146468,322.08521701850265,236.72222222222229,389.1985985636098,-194.5992992818049,-367.57645419896414,-194.5992992818049,1143.2607194547652,-571.6303597273826,-1079.7462350405858,-571.6303597273826
68.0,-34.0,-64.22222222222214,-34.0,0.0,5.522661066275066,1.0,2.0,0.0025502783154916497,0.3455579889467174,282.1807118219428,325.23499678104423,235.77777777777786,392.1140661101599,-196.05703305507996,-370.3299513262615,-196.05703305507996,1143.1958342899845,-571.5979171449923,-1079.6849546072087,-571.5979171449923
69.0,-34.5,-65.16666666666659,-34.5,0.0,5.515928014910056,1.0,2.0,0.0025315942029722205,0.34808958314968963,277.7051370645639,328.3176445306486,234.83333333333343,395.008014643875,-197.5040073219375,-373.0631249414369,-197.5040073219375,1143.1328647843566,-571.5664323921783,-1079.6254834074641,-571.5664323921783
70.0,-35.0,-66.11111111111103,-35.0,0.0,5.509099721423255,1.0,2.0,0.0025133148271377914,0.3506028979768274,273.19203973738166,331.3326332449432,233.88888888888897,397.8809137647185,-198.94045688235926,-375.77641855556686,-198.94045688235926,1143.0717273550679,-571.5358636775339,-1079.567742502001,-571.5358636775339
71.0,-35.5,-67.05555555555547,-35.5,0.0,5.502176352201356,1.0,2.0,0.0024954257832474624,0.3530983237600749,268.64251048051113,334.27945404759834,232.9444444444445,400.7332162364027,-200.36660811820136,-378.4702597788242,-200.36660811820136,1143.0123431570494,-571.5061715785247,-1079.5116574261124,-571.5061715785247
72.0,-36.0,-67.99999999999991,-36.0,0.0,5.4951580761325545,1.0,2.0,0.0024779133742415804,0.35557623713431646,264.0576474687263,337.1576163321491,232.00000000000009,403.5653588197254,-201.7826794098627,-381.14506110751785,-201.7826794098627,1142.9546378672524,-571.4773189336262,-1079.4571579857356,-571.4773189336262
73.0,-36.5,-68.94444444444436,-36.5,0.0,5.488045064610895,1.0,2.0,0.0024607645666595013,0.35803700170097597,259.4385560988516,339.9666478804424,231.05555555555566,406.3777630533361,-203.18888152666804,-383.8012206614834,-203.18888152666804,1142.8985412564336,-571.4492706282168,-1079.4041778532676,-571.4492706282168
74.0,-37.0,-69.8888888888888,-37.0,0.0,5.480837491541842,1.0,2.0,0.002443966949866483,0.36048096865084245,254.78634867522302,342.70609497567597,230.1111111111112,409.1708359863996,-204.5854179931998,-386.4391228760434,-204.5854179931998,1142.8439869925828,-571.4219934962914,-1079.3526543819019,-571.4219934962914
75.0,-37.5,-70.83333333333324,-37.5,0.0,5.47353553334629,1.0,2.0,0.0024275086983022165,0.36290847734914466,250.10214409331292,345.3755225099939,229.16666666666674,411.94497086638387,-205.97248543319193,-389.05913915158413,-205.97248543319193,1142.790912314541,-571.3954561572705,-1079.302528297068,-571.3954561572705
76.0,-38.0,-71.77777777777769,-38.0,0.0,5.466139368966674,1.0,2.0,0.002411378536488318,0.365319855885633,245.38706752161406,347.97451408661396,228.2222222222223,414.7005477855404,-207.3502738927702,-391.6616284641208,-207.3502738927702,1142.7392578393965,-571.3696289196982,-1079.253743514962,-571.3696289196982
77.0,-38.5,-72.72222222222213,-38.5,0.0,5.458649179871807,1.0,2.0,0.002395565706560576,0.36771542159219356,240.64225008187643,350.50267211645206,227.27777777777789,417.43793428890996,-208.71896714445498,-394.2469379395254,-208.71896714445498,1142.688967316939,-571.3444836584695,-1079.2062469104594,-571.3444836584695
78.0,-39.0,-73.66666666666657,-39.0,0.0,5.451065150061748,1.0,2.0,0.0023824522267166803,0.37009787381891024,235.8688285277946,352.9596179092205,226.33333333333343,419.73559376597706,-209.86779688298853,-396.41694966786656,-209.86779688298853,964.4094648787835,-482.20473243939176,-910.8311612744013,-482.20473243939176
79.0,-39.5,-74.61111111111101,-39.5,0.0,5.443387466074972,1.0,2.0,0.0023809523809523725,0.3724788261998626,231.06794492223895,355.3449917589739,225.38888888888897,420.0000000000015,-210.00000000000074,-396.6666666666674,-210.00000000000074,111.05061829025698,-55.52530914512849,-104.88113949636309,-55.52530914512849
80.0,-40.0,-75.55555555555546,-40.0,0.0,5.4356163169920135,1.0,2.0,0.0023809523809523725,0.374859778580815,226.24074631313056,357.65845302407644,224.44444444444454,420.0000000000015,-210.00000000000074,-396.6666666666674,-210.00000000000074,0.0,0.0,0.0,0.0
81.0,-40.5,-76.4999999999999,-40.5,0.0,5.4277518944432614,1.0,2.0,0.0023809523809523725,0.37724073096176736,221.38838440805392,359.8996802015735,223.5000000000001,420.0000000000015,-210.00000000000074,-396.6666666666674,-210.00000000000074,0.0,0.0,0.0,0.0
82.0,-41.0,-77.44444444444434,-41.0,0.0,5.419794392613712,1.0,2.0,0.0023809523809523725,0.37962168334271973,216.51201524770613,362.06837099594094,222.55555555555566,420.0000000000015,-210.00000000000074,-396.6666666666674,-210.00000000000074,0.0,0.0,0.0,0.0
83.0,-41.5,-78.38888888888879,-41.5,0.0,5.411744008249968,1.0,2.0,0.0023809523809523725,0.3820026357236721,211.61279887828,364.1642423821988,221.6111111111112,420.0000000000015,-210.00000000000074,-396.6666666666674,-210.00000000000074,0.0,0.0,0.0,0.0
84.0,-42.0,-79.33333333333323,-42.0,0.0,5.403600940665979,1.0,2.0,0.0023809523809523725,0.3843835881046245,206.6918990228792,366.1870306633693,220.66666666666674,420.0000000000015,-210.00000000000074,-396.6666666666674,-210.00000000000074,0.0,0.0,0.0,0.0
85.0,-42.5,-80.27777777777767,-42.5,0.0,5.3953653917502775,1.0,2.0,0.002380952380952428,0.3867645404855769,201.7504827520626,368.1364915222643,219.72222222222234,419.9999999999917,-209.99999999999585,-396.66666666665816,-209.99999999999585,-4.10636857850469e-09,2.053184289252345e-09,3.89150045521084e-09,2.053184289252345e-09
86.0,-43.0,-81.22222222222211,-43.0,0.0,5.38703756597224,1.0,2.0,0.0023809523809523725,0.3891454928665293,196.78972015361768,370.0124000675895,218.77777777777789,420.0000000000015,-210.00000000000074,-396.6666666666674,-210.00000000000074,4.106368578504786e-09,-2.053184289252393e-09,-3.891500455210931e-09,-2.053184289252393e-09
87.0,-43.5,-82.16666666666656,-43.5,0.0,5.378617670389476,1.0,2.0,0.0023809523809523725,0.39152644524748165,191.81078400166066,371.8145508743533,217.83333333333343,420.0000000000015,-210.00000000000074,-396.6666666666674,-210.00000000000074,0.0,0.0,0.0,0.0
88.0,-44.0,-83.111111111111,-44.0,0.0,5.3701059146541485,1.0,2.0,0.0023809523809523725,0.393907397628434,186.814849425163,373.5427580185686,216.88888888888903,420.0000000000015,-210.00000000000074,-396.6666666666674,-210.00000000000074,0.0,0.0,0.0,0.0
89.0,-44.5,-84.05555555555544,-44.5,0.0,5.361502511021314,1.0,2.0,0.0023809523809523725,0.3962883500093864,181.80309357600203,375.19685510624106,215.94444444444457,420.0000000000015,-210.00000000000074,-396.6666666666674,-210.00000000000074,0.0,0.0,0.0,0.0
90.0,-45.0,-84.99999999999989,-45.0,0.0,5.352807674355321,1.0,2.0,0.0023809523809523725,0.39866930239033876,176.77669529663686,376.77669529663694,215.0000000000001,420.0000000000015,-210.00000000000074,-396.6666666666674,-210.00000000000074,0.0,0.0,0.0,0.0
91.0,-45.5,-85.94444444444433,-45.5,0.0,5.344021622138884,1.0,2.0,0.002380952380952428,0.4010502547712912,171.736834787506,378.2821513198237,214.05555555555566,419.9999999999917,-209.99999999999585,-396.66666666665816,-209.99999999999585,-4.10636857850469e-09,2.053184289252345e-09,3.89150045521084e-09,2.053184289252345e-09
92.0,-46.0,-86.88888888888877,-46.0,0.0,5.335144574479543,1.0,2.0,0.0023809523809523725,0.40343120715224356,166.6846932742492,379.71311548848195,213.1111111111112,420.0000000000015,-210.00000000000074,-396.6666666666674,-210.00000000000074,4.106368578504786e-09,-2.053184289252393e-09,-3.891500455210931e-09,-2.053184289252393e-09
93.0,-46.5,-87.83333333333321,-46.5,0.0,5.326176754119209,1.0,2.0,0.0023809523809523725,0.40581215953319594,161.6214526748497,381.0694997039867,212.1666666666668,420.0000000000015,-210.00000000000074,-396.6666666666674,-210.00000000000074,0.0,0.0,0.0,0.0
94.0,-47.0,-88.77777777777766,-47.0,0.0,5.317118386440868,1.0,2.0,0.0023809523809523725,0.4081931119141483,156.5482952667995,382.3512354567575,211.22222222222234,420.0000000000015,-210.00000000000074,-396.6666666666674,-210.00000000000074,0.0,0.0,0.0,0.0
95.0,-47.5,-89.7222222222221,-47.5,0.0,5.307969699478955,1.0,2.0,0.0023809523809523725,0.4105740642951007,151.46640335438335,383.5582738208802,210.27777777777789,420.0000000000015,-210.00000000000074,-396.6666666666674,-210.00000000000074,0.0,0.0,0.0,0.0
96.0,-48.0,-90.66666666666654,-48.0,0.0,5.298730923926896,1.0,2.0,0.0023809523809523725,0.41295501667605305,146.37695893618383,384.6905854430033,209.33333333333348,420.0000000000015,-210.00000000000074,-396.6666666666674,-210.00000000000074,0.0,0.0,0.0,0.0
97.0,-48.5,-91.61111111111099,-48.5,0.0,5.2894022931469244,1.0,2.0,0.0023809523809523725,0.4153359690570054,141.28114337290484,385.74816052551495,208.38888888888903,420.0000000000015,-210.00000000000074,-396.6666666666674,-210.00000000000074,0.0,0.0,0.0,0.0
98.0,-49.0,-92.55555555555543,-49.0,0.0,5.279984043178615,1.0,2.0,0.0023809523809523725,0.4177169214379578,136.18013705561373,386.7310088040071,207.44444444444457,420.0000000000015,-210.00000000000074,-396.6666666666674,-210.00000000000074,0.0,0.0,0.0,0.0
99.0,-49.5,-93.49999999999987,-49.5,0.0,5.2704764127492725,1.0,2.0,0.002380952380952428,0.42009787381891023,131.07511907449964,387.63915951903533,206.5000000000001,419.9999999999917,-209.99999999999585,-396.66666666665816,-209.99999999999585,-4.10636857850469e-09,2.053184289252345e-09,3.89150045521084e-09,2.053184289252345e-09
100.0,-50.0,-94.44444444444431,-50.0,0.0,5.26087964328271,1.0,2.0,0.0023809523809523725,0.4224788261998626,125.9672668882487,388.4726613821862,205.55555555555566,420.0000000000015,-210.00000000000074,-396.6666666666674,-210.00000000000074,4.106368578504786e-09,-2.053184289252393e-09,-3.891500455210931e-09,-2.053184289252393e-09
101.0,-50.5,-95.38888888888876,-50.5,0.0,5.251193978910695,1.0,2.0,0.0023809523809523725,0.424859778580815,120.85775599413199,389.2315825364629,204.61111111111126,420.0000000000015,-210.00000000000074,-396.6666666666674,-210.00000000000074,0.0,0.0,0.0,0.0
102.0,-51.0,-96.3333333333332,-51.0,0.0,5.241419666481914,1.0,2.0,0.0023809523809523725,0.42724073096176735,115.74775959890752,389.9160105110039,203.6666666666668,420.0000000000015,-210.00000000000074,-396.6666666666674,-210.00000000000074,0.0,0.0,0.0,0.0
103.0,-51.5,-97.27777777777764,-51.5,0.0,5.23155695557352,1.0,2.0,0.002382452226716736,0.4296231831884841,110.63844829063189,390.52605217015054,202.72222222222234,419.7355937659673,-209.86779688298364,-396.4169496678573,-209.86779688298364,-110.9807076377672,55.4903538188836,104.81511276902488,55.4903538188836
104.0,-52.0,-98.22222222222209,-52.0,0.0,5.221606098501267,1.0,2.0,0.0023955657065605207,0.4320187488950446,105.53098971148101,391.06183365687986,201.77777777777794,417.4379342889196,-208.7189671444598,-394.2469379395346,-208.7189671444598,-959.1302257981343,479.5651128990672,905.8452132537645,479.5651128990672
105.0,-52.5,-99.16666666666653,-52.5,0.0,5.211567350331497,1.0,2.0,0.002411378536488318,0.4344301274315329,100.42654823167594,391.52350033062254,200.83333333333348,414.7005477855404,-207.3502738927702,-391.6616284641208,-207.3502738927702,-1135.1956824521162,567.5978412260581,1072.1292556492485,567.5978412260581
106.0,-53.0,-100.11111111111097,-53.0,0.0,5.201440968891766,1.0,2.0,0.0024275086983022165,0.43685763612983514,95.32628462461226,391.91121669948706,199.88888888888903,411.94497086638387,-205.97248543319193,-389.05913915158413,-205.97248543319193,-1135.1460536820084,567.5730268410042,1072.0823840329847,567.5730268410042
107.0,-53.5,-101.05555555555542,-53.5,0.0,5.191227214783823,1.0,2.0,0.0024439669498665384,0.4393016030797017,90.23135574328798,392.2251663469115,198.94444444444457,409.17083598639033,-204.58541799319516,-386.4391228760347,-204.58541799319516,-1135.095087985961,567.5475439929805,1072.0342497645215,567.5475439929805
108.0,-54.0,-101.99999999999986,-54.0,0.0,5.180926351394078,1.0,2.0,0.0024607645666594458,0.4417623676463611,85.1429141981288,392.46555185276765,198.0000000000001,406.37776305334523,-203.18888152667262,-383.8012206614921,-203.18888152667262,-1135.0427305757119,567.5213652878559,1071.9848010992785,567.5213652878559
109.0,-54.5,-102.9444444444443,-54.5,0.0,5.170538644907503,1.0,2.0,0.0024779133742415804,0.4442402810206027,80.06210803630363,392.63259470894326,197.0555555555557,403.5653588197254,-201.7826794098627,-381.14506110751785,-201.7826794098627,-1134.988923686896,567.494461843448,1071.9339834820594,567.494461843448
110.0,-55.0,-103.88888888888874,-55.0,0.0,5.160064364319674,1.0,2.0,0.0024954257832474624,0.44673570680385016,74.99008042262776,392.72653522942966,196.11111111111126,400.7332162364027,-200.36660811820136,-378.4702597788242,-200.36660811820136,-1134.9336062549824,567.4668031274912,1071.8817392408143,567.4668031274912
111.0,-55.5,-104.83333333333319,-55.5,0.0,5.149503781449797,1.0,2.0,0.002513314827137847,0.449249021630988,69.9279693221481,392.7476324549443,195.1666666666668,397.8809137647097,-198.94045688235485,-375.77641855555856,-198.94045688235485,-1134.8767137705543,567.4383568852771,1071.8280074499692,567.4383568852771
112.0,-56.0,-105.77777777777763,-56.0,0.0,5.138857170954519,1.0,2.0,0.0025315942029721095,0.4517806158339601,64.87690718450425,392.696164052118,194.2222222222224,395.00801464389235,-197.50400732194618,-373.0631249414533,-197.50400732194618,-1134.8181779862457,567.4090889931229,1071.772723653679,567.4090889931229
113.0,-56.5,-106.72222222222207,-56.5,0.0,5.128124810341562,1.0,2.0,0.0025502783154917608,0.4543308941494519,59.83802063015977,392.57242620728016,193.27777777777794,392.11406611014286,-196.05703305507143,-370.3299513262454,-196.05703305507143,-1134.757926682,567.378963341,1071.7158196441187,567.378963341
114.0,-57.0,-107.66666666666652,-57.0,0.0,5.117306979983859,1.0,2.0,0.0025693823248352787,0.45690027647428716,54.81243013859669,392.37673351487626,192.33333333333348,389.1985985636098,-194.5992992818049,-367.57645419896414,-194.5992992818049,-1134.6958832683604,567.3479416341802,1071.6572230867935,567.3479416341802
115.0,-57.5,-108.61111111111096,-57.5,0.0,5.106403963133926,1.0,2.0,0.0025889221982478006,0.45948919867253496,49.801249738566064,392.1094188605515,191.38888888888903,386.26112467837254,-193.13056233918627,-364.8021733073512,-193.13056233918627,-1134.6319666250845,567.3159833125422,1071.5968573681293,567.3159833125422
116.0,-58.0,-109.5555555555554,-58.0,0.0,5.095416045939344,1.0,2.0,0.0026089147661812473,0.4620981134387162,44.8055867004857,391.77083329894,190.44444444444457,383.30113845142296,-191.65056922571148,-362.0066307596766,-191.65056922571148,-1134.5660905903067,567.2830452951533,1071.5346411130602,567.2830452951533
117.0,-58.5,-110.49999999999984,-58.5,0.0,5.084343517457221,1.0,2.0,0.002629377783236908,0.4647274912219531,39.82654123107782,391.36134592619663,189.50000000000017,380.3181141847731,-190.15905709238655,-359.1893300633962,-190.15905709238655,-1134.4981636596917,567.2490818298459,1071.47048790082,567.2490818298459
118.0,-59.0,-111.44444444444429,-59.0,0.0,5.0731866696708545,1.0,2.0,0.0026503299944504177,0.46737782121640353,34.86520617033545,390.8813437473135,188.5555555555557,377.3115053951475,-188.65575269757375,-356.34975509541647,-188.65575269757375,-1134.4280885479182,567.2140442739591,1071.4043058508094,567.2140442739591
119.0,-59.5,-112.38888888888873,-59.5,0.0,5.061945797505533,1.0,2.0,0.0026717912074813444,0.4700496124238849,29.922666690908606,390.3312315382607,187.61111111111126,374.28074364489146,-187.14037182244573,-353.48736899795244,-187.14037182244573,-1134.355761696321,567.1778808481605,1071.335997157634,567.1778808481605
120.0,-60.0,-113.33333333333317,-60.0,0.0,5.0506211988442935,1.0,2.0,0.0026937823713406583,0.47274339479522554,24.999999999999993,389.71143170299746,186.66666666666686,371.22523728682427,-185.61261864341213,-350.6016129931112,-185.61261864341213,-1134.2810728048933,567.1405364024466,1071.265457649073,567.1405364024466
121.0,-60.5,-114.27777777777762,-60.5,0.0,5.039213174546627,1.0,2.0,0.0027163256623657928,0.47545972045759133,20.0982750438559,389.0223841253974,185.7222222222224,368.14437011541787,-184.07218505770894,-347.6919051090052,-184.07218505770894,-1134.203904226677,567.1019521133385,1071.1925762140731,567.1019521133385
122.0,-61.0,-115.22222222222206,-61.0,0.0,5.027722028464275,1.0,2.0,0.002739444578247263,0.4781991650358386,15.21855221494325,388.2645460161342,184.77777777777794,365.03749991533493,-182.51874995766747,-344.75763880892686,-182.51874995766747,-1134.124130399732,567.062065199866,1071.11723426641,567.062065199866
123.0,-61.5,-116.1666666666665,-61.5,0.0,5.016148067460413,1.0,2.0,0.0027631640410107905,0.4809623290768494,10.361883061896654,387.4383917545762,183.83333333333348,361.9039568979737,-180.95197844898686,-341.7981815147524,-180.95197844898686,-1134.0416170930362,567.0208085465181,1071.0393050323062,567.0208085465181
124.0,-62.0,-117.11111111111094,-62.0,0.0,5.004491601427161,1.0,2.0,0.0027875105099843256,0.4837498395868337,5.529310002323291,386.5444127257401,182.88888888888903,358.74304201479873,-179.37152100739937,-338.812873013976,-179.37152100739937,-1133.9562207400504,566.9781103700252,1070.958652921163,566.9781103700252
125.0,-62.5,-118.05555555555539,-62.5,0.0,4.9927529433049935,1.0,2.0,0.0028125121059113245,0.48656235169274503,0.721866038549327,385.5831171523538,181.94444444444463,355.5540251358224,-177.7770125679112,-335.8010237393873,-177.7770125679112,-1133.8677875461028,566.9338937730514,1070.8751326824236,566.9338937730514
126.0,-63.0,-118.99999999999983,-63.0,0.0,4.980932409102488,1.0,2.0,0.002838198747534826,0.48940055044027986,-4.059425523607952,384.5550299220814,181.00000000000017,352.33614307968037,-176.16807153984018,-332.76191290858645,-176.16807153984018,-1133.7761525464048,566.8880762732024,1070.78858851605,566.8880762732024
127.0,-63.5,-119.94444444444427,-63.5,0.0,4.969030317914796,1.0,2.0,0.002864602302163566,0.4922651527424434,-8.813551352957543,383.46069240996485,180.0555555555557,349.0885974799098,-174.5442987399549,-329.69478650880313,-174.5442987399549,-1133.6811386759528,566.8405693379764,1070.6988531939642,566.8405693379764
128.0,-64.0,-120.88888888888872,-64.0,0.0,4.9570469919458295,1.0,2.0,0.0028917567519383125,0.49515690949438174,-13.539508367862336,382.3006622961361,179.1111111111113,345.8105524711617,-172.90527623558086,-326.5988551116522,-172.90527623558086,-1133.5825555005176,566.7912777502588,1070.6057468615802,566.7912777502588
129.0,-64.5,-121.83333333333316,-64.5,0.0,4.944982756528508,1.0,2.0,0.0029196983777763363,0.4980766078721581,-18.236304007893718,381.07551337885934,178.16666666666686,342.5011321757172,-171.2505660878586,-323.4732914992879,-171.2505660878586,-1133.4801980350414,566.7400990175207,1070.509075922003,566.7400990175207
130.0,-65.0,-122.7777777777776,-65.0,0.0,4.932837940146054,1.0,2.0,0.002948465963255764,0.5010250738354138,-22.90295650213309,379.7858353829581,177.2222222222224,339.1594179692605,-169.57970898463026,-320.3172280820788,-169.57970898463026,-1133.373845281459,566.6869226407294,1070.4086316546984,566.6869226407294
131.0,-65.5,-123.72222222222204,-65.5,0.0,4.920612874454271,1.0,2.0,0.0029781010210475634,0.5040031748564614,-27.538495134041835,378.4322337636902,176.27777777777794,335.7844455015312,-167.8922227507656,-317.12975408477894,-167.8922227507656,-1133.2632586594248,566.6316293297124,1070.3041887338927,566.6316293297124
132.0,-66.0,-124.66666666666649,-66.0,0.0,4.9083078943045075,1.0,2.0,0.0030086480449005304,0.5070118229013619,-32.14196050282166,377.0153295061291,175.33333333333348,332.3752014446945,-166.18760072234724,-313.9099124755443,-166.18760072234724,-1133.1481801652296,566.5740900826148,1070.1955034893804,566.5740900826148
133.0,-66.5,-125.61111111111093,-66.5,0.0,4.895923337767121,1.0,2.0,0.0030401547906626636,0.5100519776920246,-36.712404781188155,375.5357589201151,174.38888888888908,328.9306199379505,-164.46530996897525,-310.65669660806384,-164.46530996897525,-1133.0283304400991,566.5141652200496,1070.0823120823168,566.5141652200496
134.0,-67.0,-126.55555555555537,-67.0,0.0,4.883459546154703,1.0,2.0,0.003072672590374026,0.5131246502823986,-41.24889196948098,373.9941734308403,173.44444444444463,325.44957869340493,-162.72478934670247,-307.3690465437708,-162.72478934670247,-1132.9034064517202,566.4517032258601,1069.9643283155085,566.4517032258601
135.0,-67.5,-127.49999999999982,-67.5,0.0,4.870916864047351,1.0,2.0,0.0031062567041332256,0.5162309069865318,-45.75049814603709,372.3912393651312,172.50000000000017,321.93089472270174,-160.96544736135087,-304.0458450158845,-160.96544736135087,-1132.773078934908,566.386539467454,1069.841241216299,566.386539467454
136.0,-68.0,-128.44444444444426,-68.0,0.0,4.8582956393173236,1.0,2.0,0.0031409667152272336,0.5193718737017591,-50.21631171375233,370.7276377334963,171.55555555555577,318.37331963820407,-159.18665981910203,-300.6859129916367,-159.18665981910203,-1132.636989513688,566.318494756844,1069.712712318473,566.318494756844
137.0,-68.5,-129.38888888888872,-68.5,0.0,4.845596223155464,1.0,2.0,0.003176866974954895,0.522548740676714,-54.645433642759855,369.0040640080058,170.6111111111113,314.7755344758173,-157.38776723790866,-297.28800478272035,-157.38776723790866,-1132.4947474194519,566.2473737097259,1069.578372561415,566.2473737097259
138.0,-69.0,-130.33333333333317,-69.0,0.0,4.8328189700977395,1.0,2.0,0.0032140271047015334,0.5257627677814155,-59.0369777091538,367.22122789607215,169.66666666666686,311.13614397874335,-155.56807198937167,-293.8508026465949,-155.56807198937167,-1132.3459256924789,566.1729628462394,1069.4378187095722,566.1729628462394
139.0,-69.5,-131.27777777777763,-69.5,0.0,4.819964238052455,1.0,2.0,0.0032525225641858446,0.5290152903456014,-63.39007072968761,365.3798531102009,168.7222222222224,307.4536702715589,-153.72683513577945,-290.37291081203176,-153.72683513577945,-1132.1900569523707,566.0950284761853,1069.2906093439221,566.0950284761853
140.0,-70.0,-132.2222222222221,-70.0,0.0,4.807032388327606,1.0,2.0,0.0032924352964374126,0.5323077256420388,-67.70385279237846,363.480677133785,167.77777777777794,303.7265458434528,-151.8632729217264,-286.8528488521537,-151.8632729217264,-1132.0266284774186,566.0133142387093,1069.1362602286904,566.0133142387093
141.0,-70.5,-133.16666666666654,-70.5,0.0,4.79402378566113,1.0,2.0,0.00333385446205825,0.535641580104097,-71.97747748295144,361.5244509830121,166.83333333333348,299.9531057461403,-149.97655287307015,-283.289044315803,-149.97655287307015,-1131.855076535907,565.9275382679535,1068.9742389505893,565.9275382679535
142.0,-71.0,-134.111111111111,-71.0,0.0,4.7809387982492595,1.0,2.0,0.003376877277757262,0.5390184573818543,-76.21011210705527,359.5119389649609,165.88888888888903,296.1315788959158,-148.0657894479579,-279.6798245128131,-148.0657894479579,-1131.674779950109,565.8373899750545,1068.803958841792,565.8373899750545
143.0,-71.5,-135.05555555555546,-71.5,0.0,4.767777797777236,1.0,2.0,0.003421609977117379,0.5424400673589717,-80.40093790818563,357.44391843195945,164.94444444444457,292.2600783513248,-146.1300391756624,-276.02340733181046,-146.1300391756624,-1131.485052499367,565.7425262496835,1068.6247718049697,565.7425262496835
144.0,-72.0,-135.99999999999991,-72.0,0.0,4.754541159450349,1.0,2.0,0.003468168915234826,0.5459082362742065,-84.54915028125262,355.32117953228305,164.0000000000001,288.33659041439483,-144.16829520719742,-272.3178909469321,-144.16829520719742,-1131.2851342663967,565.6425671331983,1068.4359601405022,565.6425671331983
145.0,-72.5,-136.94444444444437,-72.5,0.0,4.741229262026907,1.0,2.0,0.003516681843401148,0.5494249181176076,-88.65395898173007,353.14452495726596,163.05555555555566,284.3589623771177,-142.17948118855884,-268.5612422450592,-142.17948118855884,-1131.0741814022635,565.5370907011318,1068.2367268799253,565.5370907011318
146.0,-73.0,-137.88888888888883,-73.0,0.0,4.7278424878492755,1.0,2.0,0.0035672893856600885,0.5529922075032677,-92.71458833032419,350.91476968490826,162.1111111111112,280.32488870116174,-140.16244435058087,-264.751283773323,-140.16244435058087,-1130.8512542246347,565.4256271123173,1068.0261845454972,565.4256271123173
147.0,-73.5,-138.8333333333333,-73.5,0.0,4.71438122287924,1.0,2.0,0.0036201467561490785,0.5566123542594168,-96.73027741310426,348.6327407200537,161.16666666666674,276.2318953786689,-138.11594768933446,-260.8856789687464,-138.11594768933446,-1130.6153032444263,565.3076516222131,1067.803341953085,565.3076516222131
148.0,-74.0,-139.77777777777774,-74.0,0.0,4.7008458567316795,1.0,2.0,0.0036754257650498667,0.5602877800244667,-100.70028027703546,346.2992768312207,160.22222222222229,272.0773221728864,-136.0386610864432,-256.96191538550727,-136.0386610864432,-1130.3651526005337,565.1825763002669,1067.5670885671898,565.1825763002669
149.0,-74.5,-140.7222222222222,-74.5,0.0,4.687236782711045,1.0,2.0,0.003733317172286088,0.5640210971967528,-104.62386612085827,343.91522828416663,159.27777777777783,267.8583023760749,-133.92915118803745,-252.97728557740749,-133.92915118803745,-1130.0994804649795,565.0497402324897,1067.316175994713,565.0497402324897
150.0,-75.0,-141.66666666666666,-75.0,0.0,4.673554397847101,1.0,2.0,0.0037940334625403693,0.5678151306592931,-108.50031948125762,341.48145657226706,158.33333333333337,263.5717396468165,-131.78586982340826,-248.92886522199672,-131.78586982340826,-1129.8167956558364,564.9083978279182,1067.0491958971998,564.9083978279182
151.0,-75.5,-142.61111111111111,-75.5,0.0,4.659799102932362,1.0,2.0,0.0038578121337332627,0.5716729427930264,-112.32894041426884,338.9988341437944,157.3888888888889,259.2142813943314,-129.6071406971657,-244.8134879835385,-129.6071406971657,-1129.5154096237286,564.7577048118643,1066.7645535335362,564.7577048118643
152.0,-76.0,-143.55555555555557,-76.0,0.0,4.6459713025618194,1.0,2.0,0.003924919615168276,0.5755978624081947,-116.10904467186845,336.4682441261773,156.44444444444446,254.78228805894312,-127.39114402947156,-240.62771650011618,-127.39114402947156,-1129.193402652214,564.596701326107,1066.460435838214,564.596701326107
153.0,-76.5,-144.50000000000003,-76.5,0.0,4.6320714051711445,1.0,2.0,0.003995655962996225,0.5795935183711909,-119.83996387369724,333.8905800473285,155.5,250.27179748732155,-125.13589874366077,-236.36780873802905,-125.13589874366077,-1128.8485829093477,564.4242914546738,1066.1347727477378,564.4242914546738
154.0,-77.0,-145.44444444444449,-77.0,0.0,4.618099823078006,1.0,2.0,0.0040703605220999695,0.5836638788932909,-123.52104567386723,331.26674555412427,154.55555555555554,245.6784834096422,-122.8392417048211,-232.02967877577632,-122.8392417048211,-1128.4784364284194,564.2392182142097,1065.7851899601808,564.2392182142097
155.0,-77.5,-146.38888888888894,-77.5,0.0,4.604056972523685,1.0,2.0,0.004149418798660931,0.5878132976919518,-127.15165392280431,328.5976541281233,153.6111111111111,240.9976067787403,-120.49880338937015,-227.6088508465911,-120.49880338937015,-1128.0800656738922,564.0400328369461,1065.4089509142495,564.0400328369461
156.0,-78.0,-147.3333333333334,-78.0,0.0,4.589943273716499,1.0,2.0,0.004233270861794036,0.5920465685537458,-130.73116882408036,325.8842287986115,152.66666666666663,236.22395841125217,-118.11197920562608,-223.10040516618557,-118.11197920562608,-1127.6501134314592,563.8250567157296,1065.0028849075086,563.8250567157296
157.0,-78.5,-148.27777777777786,-78.5,0.0,4.575759150874746,1.0,2.0,0.0043224216933538395,0.5963689902470997,-134.25898708618874,323.1274018530622,151.72222222222217,231.3517909503372,-115.6758954751686,-218.49891367532138,-115.6758954751686,-1127.1846678926345,563.5923339463172,1064.563297454168,563.5923339463172
158.0,-79.0,-149.2222222222223,-79.0,0.0,4.561505032273042,1.0,2.0,0.004417454043417202,0.6007864442905169,-137.73452206922127,320.3281145450984,150.77777777777771,226.37473761389307,-113.18736880694654,-213.79836330201297,-113.18736880694654,-1126.6791431278907,563.3395715639454,1064.0858573985768,563.3395715639454
159.0,-79.5,-150.16666666666677,-79.5,0.0,4.547181350287922,1.0,2.0,0.004519044541569928,0.6053054888320868,-141.15720392640355,317.4873168000487,149.83333333333326,221.2857144471954,-110.6428572235977,-208.9920636445762,-110.6428572235977,-1126.128127281023,563.0640636405114,1063.5654535432054,563.0640636405114
160.0,-80.0,-151.11111111111123,-80.0,0.0,4.532788541446158,1.0,2.0,0.004627984085826986,0.6099334729179138,-144.5264797404491,314.6059669181858,148.8888888888888,216.07680178988937,-108.03840089494469,-204.07253502378714,-108.03840089494469,-1125.525187793561,562.7625938967805,1062.9960106939268,562.7625938967805
161.0,-80.5,-152.05555555555569,-80.5,0.0,4.518327046474055,1.0,2.0,0.004745203919947372,0.6146786768378611,-147.84181365469396,311.6850312757392,147.94444444444434,210.73909928218444,-105.36954964109222,-199.03137154428796,-105.36954964109222,-1124.8626187099946,562.4313093549973,1062.3702510038993,562.4313093549973
162.0,-81.0,-153.00000000000014,-81.0,0.0,4.503797310346785,1.0,2.0,0.0048718093756582315,0.6195504862135194,-151.10268699897304,308.72548402377396,146.9999999999999,205.26254680580348,-102.63127340290174,-193.85907198326143,-102.63127340290174,-1124.1311090175857,562.0655545087928,1061.6793807388458,562.0655545087928
163.0,-81.5,-153.9444444444446,-81.5,0.0,4.489199782341067,1.0,2.0,0.005009124093799611,0.624559610307319,-154.30859841020444,305.7283067850266,146.05555555555543,199.6357010276146,-99.8178505138073,-188.5448287483052,-99.8178505138073,-1123.3193015030106,561.6596507515053,1060.912673641744,561.6596507515053
164.0,-82.0,-154.88888888888906,-82.0,0.0,4.4745349160881105,1.0,2.0,0.005158748802377877,0.6297183591096969,-157.45906394764737,302.69448834879245,145.11111111111097,193.84545328880122,-96.92272664440061,-183.07626143942582,-96.92272664440061,-1122.4131975847354,561.2065987923677,1060.0569088300444,561.2065987923677
165.0,-82.5,-155.8333333333335,-82.5,0.0,4.459803169628191,1.0,2.0,0.00532264067825472,0.6350409997879516,-160.55361720280078,299.6250243639568,144.16666666666652,187.87666882820605,-93.93833441410302,-177.4390761155303,-93.93833441410302,-1121.395341410182,560.697670705091,1059.0956002207424,560.697670705091
166.0,-83.0,-156.77777777777797,-83.0,0.0,4.445005005466603,1.0,2.0,0.0055032223958041415,0.6405442221837557,-163.5918094039125,296.52091703026406,143.22222222222206,181.7117187127376,-90.8558593563688,-171.6166232286989,-90.8558593563688,-1120.2436812600633,560.1218406300317,1058.0079211900743,560.1218406300317
167.0,-83.5,-157.72222222222243,-83.5,0.0,4.430140890631609,1.0,2.0,0.00570353495377407,0.6462477571375298,-166.57320951507046,293.3831747879198,142.2777777777776,175.32986263865936,-87.66493131932968,-165.58931471429162,-87.66493131932968,-1118.9299488478298,559.4649744239149,1056.7671739118505,559.4649744239149
168.0,-84.0,-158.66666666666688,-84.0,0.0,4.415211296733565,1.0,2.0,0.005927456703489931,0.6521752138410197,-169.49740432984783,290.21281200562015,141.33333333333314,168.70641997456116,-84.35320998728058,-159.33384108708765,-84.35320998728058,-1117.4172997667781,558.7086498833891,1055.338560890864,558.7086498833891
169.0,-84.5,-159.61111111111134,-84.5,0.0,4.400216700026019,1.0,2.0,0.006180025400198685,0.6583552392412184,-172.36399855947684,287.0108486671037,140.3888888888887,161.8116326783787,-80.90581633918934,-152.82209752958192,-80.90581633918934,-1115.6567893654299,557.8283946827149,1053.6758566229153,557.8283946827149
170.0,-85.0,-160.5555555555558,-85.0,0.0,4.385157581468069,1.0,2.0,0.006467925970139676,0.6648231652113581,-175.17261491552713,283.7783100563224,139.44444444444423,154.60906705127374,-77.30453352563687,-146.01967443731604,-77.30453352563687,-1113.581951982268,556.790975991134,1051.7162879832688,556.790975991134
171.0,-85.5,-161.50000000000026,-85.5,0.0,4.3700344267882105,1.0,2.0,0.00680025531608397,0.6716234205274421,-177.92289418706633,280.5162264413282,138.49999999999977,147.05330219511012,-73.52665109755506,-138.88367429538363,-73.52665109755506,-1111.1001727086216,555.5500863543108,1049.3723853359359,555.5500863543108
172.0,-86.0,-162.4444444444447,-86.0,0.0,4.3548477265516174,1.0,2.0,0.0071897718751301465,0.6788131924025722,-180.61449531228277,277.22563275696916,137.55555555555532,139.08647136066446,-69.54323568033223,-131.35944517396265,-69.54323568033223,-1108.0783886903848,554.0391943451924,1046.5184782075958,554.0391943451924
173.0,-86.5,-163.38888888888917,-86.5,0.0,4.339597976226754,1.0,2.0,0.007655041191863998,0.6864682335944362,-183.24709544455024,273.90756828649626,136.61111111111086,130.63286988747092,-65.31643494373546,-123.37548822705752,-65.31643494373546,-1104.3182213282248,552.1591106641124,1042.9672090322285,552.1591106641124
174.0,-87.0,-164.33333333333363,-87.0,0.0,4.32428567625588,1.0,2.0,0.008224353072775581,0.6946925866672118,-185.82039001291872,270.5630763421742,135.6666666666664,121.59011063255785,-60.795055316278926,-114.83510448630618,-60.795055316278926,-1099.510098228466,549.755049114233,1038.4262038824534,549.755049114233
175.0,-87.5,-165.27777777777808,-87.5,0.0,4.3089113321267405,1.0,2.0,0.008943452182084033,0.7036360388492958,-188.33409277701512,267.1932039449962,134.72222222222194,111.8136464130987,-55.90682320654935,-105.60177716792795,-55.90682320654935,-1093.1421134049172,546.5710567024586,1032.411995993548,546.5710567024586
176.0,-88.0,-166.22222222222254,-88.0,0.0,4.293475454446081,1.0,2.0,0.009892443095891434,0.7135284819451873,-190.78793587633962,263.799001503599,133.7777777777775,101.08726330862835,-50.543631654314176,-95.47130423592805,-50.543631654314176,-1084.300713230816,542.150356615408,1024.0617847180065,542.150356615408
177.0,-88.5,-167.166666666667,-88.5,0.0,4.277978559015148,1.0,2.0,0.011228427365661542,0.7247569093108488,-193.18166987394656,260.3815224924781,132.83333333333303,89.05966681123766,-44.52983340561883,-84.11190754394781,-44.52983340561883,-1071.173736597624,535.586868298812,1011.6640845644353,535.586868298812
178.0,-89.0,-168.11111111111146,-89.0,0.0,4.2624211669082985,1.0,2.0,0.013318989280776128,0.7380758985916249,-195.51506379449836,256.941823129598,131.88888888888857,75.08077219067539,-37.540386095337695,-70.90961818008327,-37.540386095337695,-1049.5462024838937,524.7731012419468,991.2380801236901,524.7731012419468
179.0,-89.5,-169.0555555555559,-89.5,0.0,4.246803804552472,1.0,2.0,0.017357644771307856,0.7554335433629328,-197.78790515668484,253.4809620534995,130.94444444444412,57.61150278020423,-28.805751390102117,-54.41086373686028,-28.805751390102117,-1006.4308632094958,503.2154316047479,950.5180374756484,503.2154316047479
180.0,-90.0,-170.00000000000037,-90.0,0.0,4.231127003809608,1.0,2.0,0.04190506141774486,0.7973386047806776,-200.00000000000003,250.00000000000003,129.99999999999966,23.86346580025644,-11.93173290012822,-22.537717700242492,-11.93173290012822,-805.3451262967739,402.6725631483869,760.6037303914076,402.6725631483869
179.0,-89.5,-169.0555555555559,-89.5,0.0,4.231127003809608,1.0,3.0,0.0,0.7973386047806776,-197.78790515668484,253.4809620534995,130.94444444444412,0.0,0.0,0.0,0.0,0.0,0.0,0.0,0.0
178.0,-89.0,-168.11111111111146,-89.0,0.0,4.246803804552472,1.0,3.0,0.059262706189052744,0.8566013109697304,-195.51506379449836,256.941823129598,131.88888888888857,-16.87401848997447,8.437009244987236,15.936573018309435,8.437009244987236,-284.7325000000003,142.36625000000015,268.91402777778166,142.36625000000015
177.0,-88.5,-167.166666666667,-88.5,0.0,4.2624211669082985,1.0,3.0,0.013318989280776197,0.8699203002505066,-193.18166987394656,260.3815224924781,132.83333333333303,-75.08077219067476,37.54038609533738,70.90961818008267,37.54038609533738,-4370.208014560994,2185.104007280497,4127.418680418773,2185.104007280497
176.0,-88.0,-166.22222222222254,-88.0,0.0,4.277978559015148,1.0,3.0,0.011228427365661417,0.881148727616168,-190.78793587633962,263.799001503599,133.7777777777775,-89.05966681123854,44.52983340561927,84.11190754394865,44.52983340561927,-1244.955697296825,622.4778486484125,1175.791491891462,622.4778486484125
175.0,-87.5,-165.27777777777808,-87.5,0.0,4.293475454446081,1.0,3.0,0.00989244309589156,0.8910411707120596,-188.33409277701512,267.1932039449962,134.72222222222194,-101.08726330862721,50.54363165431361,95.47130423592698,50.54363165431361,-1215.836814101451,607.9184070507255,1148.2903244291626,607.9184070507255
174.0,-87.0,-164.33333333333363,-87.0,0.0,4.3089113321267405,1.0,3.0,0.008943452182083991,0.8999846228941436,-185.82039001291872,270.5630763421742,135.6666666666664,-111.8136464130987,55.90682320654935,105.60177716792795,55.90682320654935,-1199.35600773481,599.678003867405,1132.7251184162237,599.678003867405
173.0,-86.5,-163.38888888888917,-86.5,0.0,4.32428567625588,1.0,3.0,0.008224353072775581,0.9082089759669192,-183.24709544455024,273.90756828649626,136.61111111111086,-121.59011063255785,60.795055316278926,114.83510448630618,60.795055316278926,-1188.7213660392822,594.3606830196411,1122.6812901482276,594.3606830196411
172.0,-86.0,-162.4444444444447,-86.0,0.0,4.339597976226754,1.0,3.0,0.007655041191863998,0.9158640171587832,-180.61449531228277,277.22563275696916,137.55555555555532,-130.63286988747092,65.31643494373546,123.37548822705752,65.31643494373546,-1181.281593170782,590.640796585391,1115.6548379946416,590.640796585391
171.0,-85.5,-161.50000000000026,-85.5,0.0,4.3548477265516174,1.0,3.0,0.0071897718751300355,0.9230537890339132,-177.92289418706633,280.5162264413282,138.49999999999977,-139.08647136066662,69.54323568033331,131.35944517396467,69.54323568033331,-1175.7815991961234,587.8907995980617,1110.4603992407974,587.8907995980617
170.0,-85.0,-160.5555555555558,-85.0,0.0,4.3700344267882105,1.0,3.0,0.006800255316083914,0.9298540443499972,-175.17261491552713,283.7783100563224,139.44444444444423,-147.05330219511012,73.52665109755506,138.88367429538363,73.52665109755506,-1171.548782234741,585.7743911173706,1106.4627387772694,585.7743911173706
169.0,-84.5,-159.61111111111134,-84.5,0.0,4.385157581468069,1.0,3.0,0.006467925970139815,0.936321970320137,-172.36399855947684,287.0108486671037,140.3888888888887,-154.6090670512711,77.30453352563555,146.01967443731354,77.30453352563555,-1168.1897552698301,584.0948776349151,1103.2903244215217,584.0948776349151
168.0,-84.0,-158.66666666666688,-84.0,0.0,4.400216700026019,1.0,3.0,0.00618002540019863,0.9425019957203356,-169.49740432984783,290.21281200562015,141.33333333333314,-161.8116326783816,80.9058163391908,152.82209752958468,80.9058163391908,-1165.458903595944,582.729451797972,1100.7111867295187,582.729451797972
167.0,-83.5,-157.72222222222243,-83.5,0.0,4.415211296733565,1.0,3.0,0.005927456703490042,0.9484294524238256,-166.57320951507046,293.3831747879198,142.2777777777776,-168.70641997455797,84.35320998727899,159.33384108708466,84.35320998727899,-1163.1948812239762,581.5974406119881,1098.5729433782144,581.5974406119881
166.0,-83.0,-156.77777777777797,-83.0,0.0,4.430140890631609,1.0,3.0,0.005703534953774014,0.9541329873775997,-163.5918094039125,296.52091703026406,143.22222222222206,-175.32986263865936,87.66493131932968,165.58931471429162,87.66493131932968,-1161.2872924919327,580.6436462459664,1096.7713317979512,580.6436462459664
165.0,-82.5,-155.8333333333335,-82.5,0.0,4.445005005466603,1.0,3.0,0.005503222395804086,0.9596362097734037,-160.55361720280078,299.6250243639568,144.16666666666652,-181.71171871274126,90.85585935637063,171.61662322870237,90.85585935637063,-1159.6580357987687,579.8290178993843,1095.2325893655163,579.8290178993843
164.0,-82.0,-154.88888888888906,-82.0,0.0,4.459803169628191,1.0,3.0,0.005322640678254692,0.9649588504516584,-157.45906394764737,302.69448834879245,145.11111111111097,-187.87666882820605,93.93833441410302,177.4390761155303,93.93833441410302,-1158.250291185589,579.1251455927945,1093.9030527864036,579.1251455927945
163.0,-81.5,-153.9444444444446,-81.5,0.0,4.4745349160881105,1.0,3.0,0.005158748802377988,0.9701175992540364,-154.30859841020444,305.7283067850266,146.05555555555543,-193.84545328879705,96.92272664439852,183.07626143942187,96.92272664439852,-1157.0217293463895,578.5108646731948,1092.742744382716,578.5108646731948
162.0,-81.0,-153.00000000000014,-81.0,0.0,4.489199782341067,1.0,3.0,0.005009124093799527,0.9751267233478359,-151.10268699897304,308.72548402377396,146.9999999999999,-199.63570102761904,99.81785051380952,188.54482874830938,99.81785051380952,-1155.9401664633137,577.9700832316569,1091.721268326479,577.9700832316569
161.0,-80.5,-152.05555555555569,-80.5,0.0,4.503797310346785,1.0,3.0,0.004871809375658259,0.9799985327234941,-147.84181365469396,311.6850312757392,147.94444444444434,-205.26254680580348,102.63127340290174,193.85907198326143,102.63127340290174,-1154.9806949136225,577.4903474568113,1090.8151007517686,577.4903474568113
160.0,-80.0,-151.11111111111123,-80.0,0.0,4.518327046474055,1.0,3.0,0.004745203919947344,0.9847437366434415,-144.5264797404491,314.6059669181858,148.8888888888888,-210.73909928218444,105.36954964109222,199.03137154428796,105.36954964109222,-1154.12373604414,577.06186802207,1090.0057507083698,577.06186802207
159.0,-79.5,-150.16666666666677,-79.5,0.0,4.532788541446158,1.0,3.0,0.004627984085826903,0.9893717207292684,-141.15720392640355,317.4873168000487,149.83333333333326,-216.07680178989455,108.03840089494727,204.07253502379203,108.03840089494727,-1153.3536867718994,576.6768433859497,1089.278481951255,576.6768433859497
158.0,-79.0,-149.2222222222223,-79.0,0.0,4.547181350287922,1.0,3.0,0.004519044541569983,0.9938907652708384,-137.73452206922127,320.3281145450984,150.77777777777771,-221.28571444718995,110.64285722359497,208.9920636445711,110.64285722359497,-1152.6579588626232,576.3289794313116,1088.6214055924936,576.3289794313116
157.0,-78.5,-148.27777777777786,-78.5,0.0,4.561505032273042,1.0,3.0,0.004417454043417202,0.9983082193142556,-134.25898708618874,323.1274018530622,151.72222222222217,-226.37473761389307,113.18736880694654,213.79836330201297,113.18736880694654,-1152.026284073444,576.013142036722,1088.0248238471504,576.013142036722
156.0,-78.0,-147.3333333333334,-78.0,0.0,4.575759150874746,1.0,3.0,0.004322421693353895,1.0026306410076096,-130.73116882408036,325.8842287986115,152.66666666666663,-231.35179095033126,115.67589547516563,218.49891367531578,115.67589547516563,-1151.4502030402966,575.7251015201483,1087.4807473158517,575.7251015201483
155.0,-77.5,-146.38888888888894,-77.5,0.0,4.589943273716499,1.0,3.0,0.004233270861794064,1.0068639118694036,-127.15165392280431,328.5976541281233,153.6111111111111,-236.22395841125217,118.11197920562608,223.10040516618557,118.11197920562608,-1150.922683661236,575.461341830618,1086.982534568956,575.461341830618
154.0,-77.0,-145.44444444444449,-77.0,0.0,4.604056972523685,1.0,3.0,0.004149418798660903,1.0110133306680644,-123.52104567386723,331.26674555412427,154.55555555555554,-240.99760677874676,120.49880338937338,227.6088508465972,120.49880338937338,-1150.437832169467,575.2189160847335,1086.5246192711802,575.2189160847335
153.0,-76.5,-144.50000000000003,-76.5,0.0,4.618099823078006,1.0,3.0,0.004070360522100025,1.0150836911901644,-119.83996387369724,333.8905800473285,155.5,-245.6784834096422,122.8392417048211,232.02967877577632,122.8392417048211,-1149.990671706031,574.9953358530155,1086.102301055717,574.9953358530155
152.0,-76.0,-143.55555555555557,-76.0,0.0,4.6320714051711445,1.0,3.0,0.00399565596299617,1.0190793471531605,-116.10904467186845,336.4682441261773,156.44444444444446,-250.27179748732848,125.13589874366424,236.36780873803562,125.13589874366424,-1149.5769706463939,574.7884853231969,1085.711583388272,574.7884853231969
151.0,-75.5,-142.61111111111111,-75.5,0.0,4.6459713025618194,1.0,3.0,0.003924919615168249,1.0230042667683288,-112.32894041426884,338.9988341437944,157.3888888888889,-254.78228805894312,127.39114402947156,240.62771650011618,127.39114402947156,-1149.193108104268,574.596554052134,1085.3490465429368,574.596554052134
150.0,-75.0,-141.66666666666666,-75.0,0.0,4.659799102932362,1.0,3.0,0.0038578121337332627,1.0268620789020622,-108.50031948125762,341.48145657226706,158.33333333333337,-259.21428139432396,129.60714069716198,244.81348798353145,129.60714069716198,-1148.835967575177,574.4179837875885,1085.0117471543415,574.4179837875885
149.0,-74.5,-140.7222222222222,-74.5,0.0,4.673554397847101,1.0,3.0,0.003794033462540425,1.0306561123646025,-104.62386612085827,343.91522828416663,159.27777777777783,-263.5717396468165,131.78586982340826,248.92886522199672,131.78586982340826,-1148.502852047842,574.251426023921,1084.6971380452032,574.251426023921
148.0,-74.0,-139.77777777777774,-74.0,0.0,4.687236782711045,1.0,3.0,0.0037333171722860603,1.0343894295368885,-100.70028027703546,346.2992768312207,160.22222222222229,-267.8583023760829,133.92915118804146,252.97728557741502,133.92915118804146,-1148.1914156898847,574.0957078449424,1084.4030037071243,574.0957078449424
147.0,-73.5,-138.8333333333333,-73.5,0.0,4.7008458567316795,1.0,3.0,0.0036754257650498945,1.0380648553019385,-96.73027741310426,348.6327407200537,161.16666666666674,-272.07732217287816,136.03866108643908,256.9619153854995,136.03866108643908,-1147.8996085064086,573.9498042532043,1084.1274080338503,573.9498042532043
146.0,-73.0,-137.88888888888883,-73.0,0.0,4.71438122287924,1.0,3.0,0.003620146756149051,1.0416850020580875,-92.71458833032419,350.91476968490826,162.1111111111112,-276.2318953786774,138.1159476893387,260.88567896875435,138.1159476893387,-1147.6256311273917,573.8128155636958,1083.868651620323,573.8128155636958
145.0,-72.5,-136.94444444444437,-72.5,0.0,4.7278424878492755,1.0,3.0,0.003567289385660033,1.0452522914437474,-88.65395898173007,353.14452495726596,163.05555555555566,-280.3248887011705,140.16244435058525,264.75128377333124,140.16244435058525,-1147.3678975825123,573.6839487912562,1083.6252366057265,573.6839487912562
144.0,-72.0,-135.99999999999991,-72.0,0.0,4.741229262026907,1.0,3.0,0.0035166818434010927,1.0487689732871486,-84.54915028125262,355.32117953228305,164.0000000000001,-284.3589623771177,142.17948118855884,268.5612422450592,142.17948118855884,-1147.1250046451862,573.5625023225931,1083.3958377204697,573.5625023225931
143.0,-71.5,-135.05555555555546,-71.5,0.0,4.754541159450349,1.0,3.0,0.0034681689152348816,1.0522371422023835,-80.40093790818563,357.44391843195945,164.94444444444457,-288.33659041438557,144.16829520719278,272.31789094692334,144.16829520719278,-1146.8957062024883,573.4478531012442,1083.179278080137,573.4478531012442
142.0,-71.0,-134.111111111111,-71.0,0.0,4.767777797777236,1.0,3.0,0.0034216099771174346,1.055658752179501,-76.21011210705527,359.5119389649609,165.88888888888903,-292.2600783513248,146.1300391756624,276.02340733181046,146.1300391756624,-1146.6788918603397,573.3394459301699,1082.9745089792273,573.3394459301699
141.0,-70.5,-133.16666666666654,-70.5,0.0,4.7809387982492595,1.0,3.0,0.0033768772777572065,1.059035629457258,-71.97747748295144,361.5244509830121,166.83333333333348,-296.13157889592554,148.06578944796277,279.6798245128223,148.06578944796277,-1146.4735689690513,573.2367844845256,1082.780592915219,573.2367844845256
140.0,-70.0,-132.2222222222221,-70.0,0.0,4.79402378566113,1.0,3.0,0.0033338544620583055,1.0623694839193163,-67.70385279237846,363.480677133785,167.77777777777794,-299.9531057461403,149.97655287307015,283.289044315803,149.97655287307015,-1146.27884741418,573.13942370709,1082.5966892245347,573.13942370709
139.0,-69.5,-131.27777777777763,-69.5,0.0,4.807032388327606,1.0,3.0,0.003292435296437357,1.0656619192157537,-63.39007072968761,365.3798531102009,168.7222222222224,-303.7265458434528,151.8632729217264,286.8528488521537,151.8632729217264,-1146.093926703913,573.0469633519565,1082.4220418870395,573.0469633519565
138.0,-69.0,-130.33333333333317,-69.0,0.0,4.819964238052455,1.0,3.0,0.0032525225641859,1.0689144417799397,-59.0369777091538,367.22122789607215,169.66666666666686,-307.45367027154845,153.72683513577422,290.3729108120218,153.72683513577422,-1145.918084976749,572.9590424883745,1082.2559691447034,572.9590424883745
137.0,-68.5,-129.38888888888872,-68.5,0.0,4.8328189700977395,1.0,3.0,0.003214027104701478,1.072128468884641,-54.645433642759855,369.0040640080058,170.6111111111113,-311.13614397875415,155.56807198937707,293.850802646605,155.56807198937707,-1145.7506695631298,572.8753347815649,1082.097854587413,572.8753347815649
136.0,-68.0,-128.44444444444426,-68.0,0.0,4.845596223155464,1.0,3.0,0.003176866974954895,1.0753053358595959,-50.21631171375233,370.7276377334963,171.55555555555577,-314.7755344758283,157.38776723791415,297.2880047827307,157.38776723791415,-1145.5910888827648,572.7955444413824,1081.9471395004189,572.7955444413824
135.0,-67.5,-127.49999999999982,-67.5,0.0,4.8582956393173236,1.0,3.0,0.003140966715227289,1.0784463025748232,-45.75049814603709,372.3912393651312,172.50000000000017,-318.3733196381928,159.1866598190964,300.6859129916261,159.1866598190964,-1145.4388054870258,572.7194027435129,1081.8033162918905,572.7194027435129
134.0,-67.0,-126.55555555555537,-67.0,0.0,4.870916864047351,1.0,3.0,0.00310625670413317,1.0815525592789563,-41.24889196948098,373.9941734308403,173.44444444444463,-321.9308947227133,160.96544736135664,304.04584501589534,160.96544736135664,-1145.2933300029056,572.6466650014528,1081.6659227804987,572.6466650014528
133.0,-66.5,-125.61111111111093,-66.5,0.0,4.883459546154703,1.0,3.0,0.0030726725903740815,1.0846252318693304,-36.712404781188155,375.5357589201151,174.38888888888908,-325.44957869340493,162.72478934670247,307.3690465437708,162.72478934670247,-1145.154215816836,572.577107908418,1081.5345371603555,572.577107908418
132.0,-66.0,-124.66666666666649,-66.0,0.0,4.895923337767121,1.0,3.0,0.003040154790662719,1.087665386659993,-32.14196050282166,377.0153295061291,175.33333333333348,-328.9306199379505,164.46530996897525,310.65669660806384,164.46530996897525,-1145.0210545979476,572.5105272989738,1081.4087737869452,572.5105272989738
131.0,-65.5,-123.72222222222204,-65.5,0.0,4.9083078943045075,1.0,3.0,0.003008648044900475,1.0906740347048935,-27.538495134041835,378.4322337636902,176.27777777777794,-332.3752014446945,166.18760072234724,313.9099124755443,166.18760072234724,-1144.8934721967019,572.4467360983509,1081.288279296886,572.4467360983509
130.0,-65.0,-122.7777777777776,-65.0,0.0,4.920612874454271,1.0,3.0,0.002978101021047508,1.093652135725941,-22.90295650213309,379.7858353829581,177.2222222222224,-335.78444550154376,167.89222275077188,317.12975408479076,167.89222275077188,-1144.7711252085671,572.3855626042836,1081.1727293636297,572.3855626042836
129.0,-64.5,-121.83333333333316,-64.5,0.0,4.932837940146054,1.0,3.0,0.0029484659632558197,1.0966006016891967,-18.236304007893718,381.07551337885934,178.16666666666686,-339.1594179692669,169.57970898463344,320.31722808208485,169.57970898463344,-1144.6536978152758,572.3268489076379,1081.0618257144367,572.3268489076379
128.0,-64.0,-120.88888888888872,-64.0,0.0,4.944982756528508,1.0,3.0,0.002919698377776281,1.099520300066973,-13.539508367862336,382.3006622961361,179.1111111111113,-342.50113217571067,171.25056608785533,323.47329149928174,171.25056608785533,-1144.5408991146521,572.2704495573261,1080.955293608277,572.2704495573261
127.0,-63.5,-119.94444444444427,-63.5,0.0,4.9570469919458295,1.0,3.0,0.0028917567519383125,1.1024120568189115,-8.813551352957543,383.46069240996485,180.0555555555557,-345.81055247114847,172.90527623557423,326.59885511163964,172.90527623557423,-1144.432460724578,572.216230362289,1080.8528795732018,572.216230362289
126.0,-63.0,-118.99999999999983,-63.0,0.0,4.969030317914796,1.0,3.0,0.002864602302163566,1.105276659121075,-4.059425523607952,384.5550299220814,181.00000000000017,-349.08859747992335,174.54429873996168,329.6947865088159,174.54429873996168,-1144.3281345892865,572.1640672946432,1080.7543493343294,572.1640672946432
125.0,-62.5,-118.05555555555539,-62.5,0.0,4.980932409102488,1.0,3.0,0.0028381987475348813,1.10811485786861,0.721866038549327,385.5831171523538,181.94444444444463,-352.3361430796597,176.16807153982984,332.76191290856696,176.16807153982984,-1144.2276910864177,572.1138455432089,1080.6594860260811,572.1138455432089
124.0,-62.0,-117.11111111111094,-62.0,0.0,4.9927529433049935,1.0,3.0,0.002812512105911269,1.1109273699745212,5.529310002323291,386.5444127257401,182.88888888888903,-355.5540251358295,177.77701256791474,335.80102373939394,177.77701256791474,-1144.1309174835312,572.0654587417656,1080.5680887344295,572.0654587417656
123.0,-61.5,-116.1666666666665,-61.5,0.0,5.004491601427161,1.0,3.0,0.0027875105099843256,1.1137148804845056,10.361883061896654,387.4383917545762,183.83333333333348,-358.7430420147916,179.3715210073958,338.8128730139693,179.3715210073958,-1144.0376161953982,572.0188080976991,1080.479970851206,572.0188080976991
122.0,-61.0,-115.22222222222206,-61.0,0.0,5.016148067460413,1.0,3.0,0.0027631640410107905,1.1164780445255165,15.21855221494325,388.2645460161342,184.77777777777794,-361.90395689796645,180.95197844898323,341.7981815147455,180.95197844898323,-1143.9476036386427,571.9738018193214,1080.3949589920526,571.9738018193214
121.0,-60.5,-114.27777777777762,-60.5,0.0,5.027722028464275,1.0,3.0,0.0027394445782472077,1.1192174891037636,20.0982750438559,389.0223841253974,185.7222222222224,-365.0374999153497,182.51874995767486,344.7576388089408,182.51874995767486,-1143.8607089427867,571.9303544713933,1080.3128917792835,571.9303544713933
120.0,-60.0,-113.33333333333317,-60.0,0.0,5.039213174546627,1.0,3.0,0.0027163256623658483,1.1219338147661295,24.999999999999993,389.71143170299746,186.66666666666686,-368.1443701154028,184.0721850577014,347.69190510899097,184.0721850577014,-1143.776772828862,571.888386414431,1080.2336187828282,571.888386414431
119.0,-59.5,-112.38888888888873,-59.5,0.0,5.0506211988442935,1.0,3.0,0.0026937823713406583,1.1246275971374702,29.922666690908606,390.3312315382607,187.61111111111126,-371.22523728682427,185.61261864341213,350.6016129931112,185.61261864341213,-1143.6956467601185,571.8478233800593,1080.1569997178733,571.8478233800593
118.0,-59.0,-111.44444444444429,-59.0,0.0,5.061945797505533,1.0,3.0,0.0026717912074813444,1.1272993883449516,34.86520617033545,390.8813437473135,188.5555555555557,-374.28074364488367,187.14037182244184,353.4873689979451,187.14037182244184,-1143.6171919061437,571.8085959530719,1080.0829034669289,571.8085959530719
117.0,-58.5,-110.49999999999984,-58.5,0.0,5.0731866696708545,1.0,3.0,0.0026503299944504177,1.129949718339402,39.82654123107782,391.36134592619663,189.50000000000017,-377.3115053951396,188.6557526975698,356.349755095409,188.6557526975698,-1143.5412784830692,571.7706392415346,1080.011207456227,571.7706392415346
116.0,-58.0,-109.5555555555554,-58.0,0.0,5.084343517457221,1.0,3.0,0.0026293777832369636,1.132579096122639,44.8055867004857,391.77083329894,190.44444444444457,-380.3181141847731,190.15905709238655,359.1893300633962,190.15905709238655,-1143.4677849647771,571.7338924823886,1079.94179691117,571.7338924823886
115.0,-57.5,-108.61111111111096,-57.5,0.0,5.095416045939344,1.0,3.0,0.0026089147661811918,1.1351880108888202,49.801249738566064,392.1094188605515,191.38888888888903,-383.3011384514311,191.65056922571554,362.00663075968436,191.65056922571554,-1143.3965974382538,571.6982987191269,1079.8745642472602,571.6982987191269
114.0,-57.0,-107.66666666666652,-57.0,0.0,5.106403963133926,1.0,3.0,0.002588922198247856,1.137776933087068,54.81243013859669,392.37673351487626,192.33333333333348,-386.26112467837254,193.13056233918627,364.8021733073512,193.13056233918627,-1143.327609050898,571.663804525449,1079.8094085480423,571.663804525449
113.0,-56.5,-106.72222222222207,-56.5,0.0,5.117306979983859,1.0,3.0,0.0025693823248352787,1.1403463154119033,59.83802063015977,392.57242620728016,193.27777777777794,-389.19859856359295,194.59929928179648,367.5764541989483,194.59929928179648,-1143.2607194449372,571.6303597224686,1079.7462350313358,571.6303597224686
112.0,-56.0,-105.77777777777763,-56.0,0.0,5.128124810341562,1.0,3.0,0.0025502783154916497,1.142896593727395,64.87690718450425,392.696164052118,194.2222222222224,-392.11406611016844,196.05703305508422,370.32995132626957,196.05703305508422,-1143.1958342999503,571.5979171499752,1079.684954616616,571.5979171499752
111.0,-55.5,-104.83333333333319,-55.5,0.0,5.138857170954519,1.0,3.0,0.0025315942029722205,1.1454281879303672,69.9279693221481,392.7476324549443,195.1666666666668,-395.008014643875,197.5040073219375,373.0631249414369,197.5040073219375,-1143.1328647809885,571.5664323904942,1079.6254834042757,571.5664323904942
110.0,-55.0,-103.88888888888874,-55.0,0.0,5.149503781449797,1.0,3.0,0.0025133148271377914,1.1479415027575048,74.99008042262776,392.72653522942966,196.11111111111126,-397.8809137647361,198.94045688236804,375.77641855558346,198.94045688236804,-1143.071727362107,571.5358636810535,1079.5677425086528,571.5358636810535
109.0,-54.5,-102.9444444444443,-54.5,0.0,5.160064364319674,1.0,3.0,0.0024954257832474624,1.1504369285407523,80.06210803630363,392.63259470894326,197.0555555555557,-400.7332162364027,200.36660811820136,378.4702597788242,200.36660811820136,-1143.0123431500108,571.5061715750054,1079.5116574194608,571.5061715750054
108.0,-54.0,-101.99999999999986,-54.0,0.0,5.170538644907503,1.0,3.0,0.0024779133742415804,1.152914841914994,85.1429141981288,392.46555185276765,198.0000000000001,-403.5653588197164,201.7826794098582,381.14506110750926,201.7826794098582,-1142.9546378635791,571.4773189317896,1079.4571579822475,571.4773189317896
107.0,-53.5,-101.05555555555542,-53.5,0.0,5.180926351394078,1.0,3.0,0.0024607645666595013,1.1553756064816534,90.23135574328798,392.2251663469115,198.94444444444457,-406.37776305334523,203.18888152667262,383.8012206614921,203.18888152667262,-1142.8985412638515,571.4492706319257,1079.4041778603143,571.4492706319257
106.0,-53.0,-100.11111111111097,-53.0,0.0,5.191227214783823,1.0,3.0,0.002443966949866483,1.15781957343152,95.32628462461226,391.91121669948706,199.88888888888903,-409.170835986381,204.5854179931905,386.43912287602586,204.5854179931905,-1142.8439869811807,571.4219934905904,1079.3526543711073,571.4219934905904
105.0,-52.5,-99.16666666666653,-52.5,0.0,5.201440968891766,1.0,3.0,0.0024275086983022165,1.160247082129822,100.42654823167594,391.52350033062254,200.83333333333348,-411.9449708664027,205.97248543320134,389.0591391516019,205.97248543320134,-1142.7909123300012,571.3954561650006,1079.3025283116822,571.3954561650006
104.0,-52.0,-98.22222222222209,-52.0,0.0,5.211567350331497,1.0,3.0,0.002411378536488318,1.1626584606663104,105.53098971148101,391.06183365687986,201.77777777777794,-414.7005477855404,207.3502738927702,391.6616284641208,207.3502738927702,-1142.739257831594,571.369628915797,1079.2537435075837,571.369628915797
103.0,-51.5,-97.27777777777764,-51.5,0.0,5.221606098501267,1.0,3.0,0.002395565706560576,1.165054026372871,110.63844829063189,390.52605217015054,202.72222222222234,-417.4379342889003,208.71896714445015,394.2469379395163,208.71896714445015,-1142.6889673128785,571.3444836564393,1079.206246906614,571.3444836564393
102.0,-51.0,-96.3333333333332,-51.0,0.0,5.23155695557352,1.0,3.0,0.0023824522267166803,1.1674364785995877,115.74775959890752,389.9160105110039,203.6666666666668,-419.73559376598683,209.86779688299342,396.41694966787577,209.86779688299342,-964.4094648869659,482.20473244348295,910.8311612821291,482.20473244348295
101.0,-50.5,-95.38888888888876,-50.5,0.0,5.241419666481914,1.0,3.0,0.0023809523809523725,1.16981743098054,120.85775599413199,389.2315825364629,204.61111111111126,-420.0000000000015,210.00000000000074,396.6666666666674,210.00000000000074,-111.05061828615061,55.525309143075305,104.88113949249546,55.525309143075305
100.0,-50.0,-94.44444444444431,-50.0,0.0,5.251193978910695,1.0,3.0,0.0023809523809523725,1.1721983833614924,125.9672668882487,388.4726613821862,205.55555555555566,-420.0000000000015,210.00000000000074,396.6666666666674,210.00000000000074,0.0,0.0,0.0,0.0
99.0,-49.5,-93.49999999999987,-49.5,0.0,5.26087964328271,1.0,3.0,0.0023809523809523725,1.1745793357424448,131.07511907449964,387.63915951903533,206.5000000000001,-420.0000000000015,210.00000000000074,396.6666666666674,210.00000000000074,0.0,0.0,0.0,0.0
98.0,-49.0,-92.55555555555543,-49.0,0.0,5.2704764127492725,1.0,3.0,0.0023809523809523725,1.1769602881233971,136.18013705561373,386.7310088040071,207.44444444444457,-420.0000000000015,210.00000000000074,396.6666666666674,210.00000000000074,0.0,0.0,0.0,0.0
97.0,-48.5,-91.61111111111099,-48.5,0.0,5.279984043178615,1.0,3.0,0.0023809523809523725,1.1793412405043495,141.28114337290484,385.74816052551495,208.38888888888903,-420.0000000000015,210.00000000000074,396.6666666666674,210.00000000000074,0.0,0.0,0.0,0.0
96.0,-48.0,-90.66666666666654,-48.0,0.0,5.2894022931469244,1.0,3.0,0.0023809523809523725,1.181722192885302,146.37695893618383,384.6905854430033,209.33333333333348,-420.0000000000015,210.00000000000074,396.6666666666674,210.00000000000074,0.0,0.0,0.0,0.0
95.0,-47.5,-89.7222222222221,-47.5,0.0,5.298730923926896,1.0,3.0,0.002380952380952428,1.1841031452662543,151.46640335438335,383.5582738208802,210.27777777777789,-420.0000000000015,210.00000000000074,396.6666666666674,210.00000000000074,0.0,0.0,0.0,0.0
94.0,-47.0,-88.77777777777766,-47.0,0.0,5.307969699478955,1.0,3.0,0.0023809523809523725,1.1864840976472066,156.5482952667995,382.3512354567575,211.22222222222234,-420.0000000000015,210.00000000000074,396.6666666666674,210.00000000000074,0.0,0.0,0.0,0.0
93.0,-46.5,-87.83333333333321,-46.5,0.0,5.317118386440868,1.0,3.0,0.0023809523809523725,1.188865050028159,161.6214526748497,381.0694997039867,212.1666666666668,-420.0000000000015,210.00000000000074,396.6666666666674,210.00000000000074,0.0,0.0,0.0,0.0
92.0,-46.0,-86.88888888888877,-46.0,0.0,5.326176754119209,1.0,3.0,0.0023809523809523725,1.1912460024091114,166.6846932742492,379.71311548848195,213.1111111111112,-420.0000000000015,210.00000000000074,396.6666666666674,210.00000000000074,0.0,0.0,0.0,0.0
91.0,-45.5,-85.94444444444433,-45.5,0.0,5.335144574479543,1.0,3.0,0.0023809523809523725,1.1936269547900638,171.736834787506,378.2821513198237,214.05555555555566,-420.0000000000015,210.00000000000074,396.6666666666674,210.00000000000074,0.0,0.0,0.0,0.0
90.0,-45.0,-84.99999999999989,-45.0,0.0,5.344021622138884,1.0,3.0,0.0023809523809523725,1.1960079071710161,176.77669529663686,376.77669529663694,215.0000000000001,-420.0000000000015,210.00000000000074,396.6666666666674,210.00000000000074,0.0,0.0,0.0,0.0
89.0,-44.5,-84.05555555555544,-44.5,0.0,5.352807674355321,1.0,3.0,0.002380952380952428,1.1983888595519685,181.80309357600203,375.19685510624106,215.94444444444457,-420.0000000000015,210.00000000000074,396.6666666666674,210.00000000000074,0.0,0.0,0.0,0.0
88.0,-44.0,-83.111111111111,-44.0,0.0,5.361502511021314,1.0,3.0,0.0023809523809523725,1.2007698119329209,186.814849425163,373.5427580185686,216.88888888888903,-420.0000000000015,210.00000000000074,396.6666666666674,210.00000000000074,0.0,0.0,0.0,0.0
87.0,-43.5,-82.16666666666656,-43.5,0.0,5.3701059146541485,1.0,3.0,0.0023809523809523725,1.2031507643138732,191.81078400166066,371.8145508743533,217.83333333333343,-420.0000000000015,210.00000000000074,396.6666666666674,210.00000000000074,0.0,0.0,0.0,0.0
86.0,-43.0,-81.22222222222211,-43.0,0.0,5.378617670389476,1.0,3.0,0.0023809523809523725,1.2055317166948256,196.78972015361768,370.0124000675895,218.77777777777789,-420.0000000000015,210.00000000000074,396.6666666666674,210.00000000000074,0.0,0.0,0.0,0.0
85.0,-42.5,-80.27777777777767,-42.5,0.0,5.38703756597224,1.0,3.0,0.0023809523809523725,1.207912669075778,201.7504827520626,368.1364915222643,219.72222222222234,-420.0000000000015,210.00000000000074,396.6666666666674,210.00000000000074,0.0,0.0,0.0,0.0
84.0,-42.0,-79.33333333333323,-42.0,0.0,5.3953653917502775,1.0,3.0,0.0023809523809523725,1.2102936214567304,206.6918990228792,366.1870306633693,220.66666666666674,-420.0000000000015,210.00000000000074,396.6666666666674,210.00000000000074,0.0,0.0,0.0,0.0
83.0,-41.5,-78.38888888888879,-41.5,0.0,5.403600940665979,1.0,3.0,0.0023809523809523725,1.2126745738376827,211.61279887828,364.1642423821988,221.6111111111112,-420.0000000000015,210.00000000000074,396.6666666666674,210.00000000000074,0.0,0.0,0.0,0.0
82.0,-41.0,-77.44444444444434,-41.0,0.0,5.411744008249968,1.0,3.0,0.0023809523809523725,1.215055526218635,216.51201524770613,362.06837099594094,222.55555555555566,-420.0000000000015,210.00000000000074,396.6666666666674,210.00000000000074,0.0,0.0,0.0,0.0
81.0,-40.5,-76.4999999999999,-40.5,0.0,5.419794392613712,1.0,3.0,0.002380952380952428,1.2174364785995875,221.38838440805392,359.8996802015735,223.5000000000001,-420.0000000000015,210.00000000000074,396.6666666666674,210.00000000000074,0.0,0.0,0.0,0.0
80.0,-40.0,-75.55555555555546,-40.0,0.0,5.4277518944432614,1.0,3.0,0.0023809523809523725,1.2198174309805399,226.24074631313056,357.65845302407644,224.44444444444454,-420.0000000000015,210.00000000000074,396.6666666666674,210.00000000000074,0.0,0.0,0.0,0.0
79.0,-39.5,-74.61111111111101,-39.5,0.0,5.4356163169920135,1.0,3.0,0.0023809523809523725,1.2221983833614922,231.06794492223895,355.3449917589739,225.38888888888897,-420.0000000000015,210.00000000000074,396.6666666666674,210.00000000000074,0.0,0.0,0.0,0.0
78.0,-39.0,-73.66666666666657,-39.0,0.0,5.443387466074972,1.0,3.0,0.0023809523809523725,1.2245793357424446,235.8688285277946,352.9596179092205,226.33333333333343,-420.0000000000015,210.00000000000074,396.6666666666674,210.00000000000074,0.0,0.0,0.0,0.0
77.0,-38.5,-72.72222222222213,-38.5,0.0,5.451065150061748,1.0,3.0,0.002382452226716736,1.2269617879691612,240.64225008187643,350.50267211645206,227.27777777777789,-419.73559376598683,209.86779688299342,396.41694966787577,209.86779688299342,110.98070762956479,-55.490353814782395,-104.81511276127553,-55.490353814782395
76.0,-38.0,-71.77777777777769,-38.0,0.0,5.458649179871807,1.0,3.0,0.0023955657065605207,1.2293573536757219,245.38706752161406,347.97451408661396,228.2222222222223,-417.4379342889003,208.71896714445015,394.2469379395163,208.71896714445015,959.1302258143203,-479.56511290716014,-905.845213269075,-479.56511290716014
75.0,-37.5,-70.83333333333324,-37.5,0.0,5.466139368966674,1.0,3.0,0.002411378536488318,1.2317687322122102,250.10214409331292,345.3755225099939,229.16666666666674,-414.7005477855404,207.3502738927702,391.6616284641208,207.3502738927702,1135.1956824441015,-567.5978412220508,-1072.129255641658,-567.5978412220508
74.0,-37.0,-69.8888888888888,-37.0,0.0,5.47353553334629,1.0,3.0,0.0024275086983022165,1.2341962409105123,254.78634867522302,342.70609497567597,230.1111111111112,-411.9449708664027,205.97248543320134,389.0591391516019,205.97248543320134,1135.1460536743095,-567.5730268371548,-1072.0823840257044,-567.5730268371548
73.0,-36.5,-68.94444444444436,-36.5,0.0,5.480837491541842,1.0,3.0,0.0024439669498665384,1.2366402078603789,259.4385560988516,339.9666478804424,231.05555555555566,-409.170835986381,204.5854179931905,386.43912287602586,204.5854179931905,1135.0950879974484,-567.5475439987242,-1072.0342497753822,-567.5475439987242
72.0,-36.0,-67.99999999999991,-36.0,0.0,5.488045064610895,1.0,3.0,0.0024607645666594458,1.2391009724270383,264.0576474687263,337.1576163321491,232.00000000000009,-406.37776305334523,203.18888152667262,383.8012206614921,203.18888152667262,1135.0427305719236,-567.5213652859618,-1071.9848010956978,-567.5213652859618
71.0,-35.5,-67.05555555555547,-35.5,0.0,5.4951580761325545,1.0,3.0,0.0024779133742415804,1.24157888580128,268.64251048051113,334.27945404759834,232.9444444444445,-403.5653588197164,201.7826794098582,381.14506110750926,201.7826794098582,1134.988923690518,-567.494461845259,-1071.9339834854993,-567.494461845259
70.0,-35.0,-66.11111111111103,-35.0,0.0,5.502176352201356,1.0,3.0,0.0024954257832474624,1.2440743115845274,273.19203973738166,331.3326332449432,233.88888888888897,-400.7332162364027,200.36660811820136,378.4702597788242,200.36660811820136,1134.9336062513605,-567.4668031256803,-1071.8817392373746,-567.4668031256803
69.0,-34.5,-65.16666666666659,-34.5,0.0,5.509099721423255,1.0,3.0,0.002513314827137847,1.2465876264116653,277.7051370645639,328.3176445306486,234.83333333333343,-397.88091376470095,198.94045688235047,375.77641855555026,198.94045688235047,1134.8767137740122,-567.4383568870061,-1071.8280074532474,-567.4383568870061
68.0,-34.0,-64.22222222222214,-34.0,0.0,5.515928014910056,1.0,3.0,0.0025315942029721095,1.2491192206146375,282.1807118219428,325.23499678104423,235.77777777777786,-395.008014643875,197.5040073219375,373.0631249414369,197.5040073219375,1134.8181779895865,-567.4090889947933,-1071.7727236568203,-567.4090889947933
67.0,-33.5,-63.27777777777769,-33.5,0.0,5.52266106627507,1.0,3.0,0.0025502783154917608,1.2516694989301294,286.6176812146468,322.08521701850265,236.7222222222223,-392.11406611013433,196.05703305506717,370.3299513262401,196.05703305506717,1134.7579266785206,-567.3789633392603,-1071.715819639749,-567.3789633392603
66.0,-33.0,-62.33333333333324,-33.0,0.0,5.529298711628214,1.0,3.0,0.0025693823248352787,1.2542388812549645,291.014970601516,318.868850282277,237.66666666666674,-389.19859856362655,194.59929928181327,367.5764541989828,194.59929928181327,1134.6958832585644,-567.3479416292822,-1071.6572230775257,-567.3479416292822
65.0,-32.5,-61.38888888888879,-32.5,0.0,5.535840789572056,1.0,3.0,0.0025889221982478006,1.2568278034532123,295.3715138013613,315.586459494036,238.6111111111112,-386.26112467837254,193.13056233918627,364.802173307354,193.13056233918627,1134.6319666315617,-567.3159833157808,-1071.596857374255,-567.3159833157808
64.0,-32.0,-60.44444444444434,-32.0,0.0,5.542287141196604,1.0,3.0,0.0026089147661812473,1.2594367182193935,299.6862533969219,312.2386253181347,239.55555555555566,-383.3011384514311,191.65056922571554,362.006630759687,191.65056922571554,1134.566090587215,-567.2830452936075,-1071.5346411101632,-567.2830452936075
63.0,-31.5,-59.49999999999989,-31.5,0.0,5.548637610076215,1.0,3.0,0.002629377783236908,1.2620660960026304,303.9581410364323,308.8259460166608,240.5000000000001,-380.3181141847731,190.15905709238655,359.1893300633989,190.15905709238655,1134.4981636627833,-567.2490818313917,-1071.4704879037386,-567.2490818313917
62.0,-31.0,-58.55555555555544,-31.0,0.0,5.554892042264308,1.0,3.0,0.0026503299944504177,1.264716425997081,308.1861377327062,305.34903729929897,241.44444444444457,-377.3115053951396,188.6557526975698,356.3497550954117,188.6557526975698,1134.4280885508758,-567.2140442754379,-1071.4043058536179,-567.2140442754379
61.0,-30.5,-57.61111111111099,-30.5,0.0,5.561050286290201,1.0,3.0,0.0026717912074813444,1.2673882172045623,312.36921415964883,301.80853216805525,242.388888888889,-374.28074364488367,187.14037182244184,353.4873689979477,187.14037182244184,1134.3557616962548,-567.1778808481274,-1071.3359971575906,-567.1778808481274
60.0,-30.0,-56.66666666666654,-30.0,0.0,5.5671121931549346,1.0,3.0,0.0026937823713406583,1.270081999575903,316.50635094610965,298.20508075688775,243.33333333333346,-371.22523728682427,185.61261864341213,350.60161299311386,185.61261864341213,1134.2810728020024,-567.1405364010012,-1071.2654576463297,-567.1405364010012
59.0,-29.5,-55.72222222222209,-29.5,0.0,5.573077616327372,1.0,3.0,0.0027163256623657928,1.2727983252382686,320.5965389669857,294.5393501662893,244.2777777777779,-368.14437011543293,184.07218505771647,347.691905109022,184.07218505771647,1134.2039042211777,-567.1019521105889,-1071.1925762089063,-567.1019521105889
58.0,-29.0,-54.777777777777644,-29.0,0.0,5.578946411740973,1.0,3.0,0.002739444578247263,1.2755377698165158,324.63877963148985,290.8120242928695,245.22222222222234,-365.0374999153497,182.51874995767486,344.7576388089434,182.51874995767486,1134.1241303998816,-567.0620651999408,-1071.117234266557,-567.0620651999408
57.0,-28.5,-53.833333333333194,-28.5,0.0,5.584718437789723,1.0,3.0,0.0027631640410107905,1.2783009338575266,328.6320851684968,287.02380365398693,246.1666666666668,-361.90395689796645,180.95197844898323,341.7981815147481,180.95197844898323,1134.0416171009952,-567.0208085504976,-1071.0393050398345,-567.0208085504976
56.0,-28.0,-52.888888888888744,-28.0,0.0,5.5903935553243915,1.0,3.0,0.0027875105099843256,1.281088444367511,332.5754789088811,283.1754052074811,247.11111111111126,-358.7430420147916,179.3715210073958,338.81287301397185,179.3715210073958,1133.9562207399665,-566.9781103699833,-1070.9586529210808,-566.9781103699833
55.0,-27.5,-51.944444444444294,-27.5,0.0,5.595971627650731,1.0,3.0,0.0028125121059113245,1.2839009564734223,336.4679955647646,279.2675621665569,248.0555555555557,-355.5540251358295,177.77701256791474,335.80102373939644,177.77701256791474,1133.8677875410926,-566.9338937705463,-1070.8751326777156,-566.9338937705463
54.0,-27.0,-50.999999999999844,-27.0,0.0,5.601452520524326,1.0,3.0,0.002838198747534826,1.286739155220957,340.30868150558655,275.30102380987626,249.00000000000017,-352.33614307968725,176.16807153984362,332.7619129085955,176.16807153984362,1133.7761525464869,-566.8880762732434,-1070.788588516111,-566.8880762732434
53.0,-26.5,-50.055555555555394,-26.5,0.0,5.606836102148445,1.0,3.0,0.002864602302163566,1.2896037575231207,344.096595030916,271.2765552869108,249.9444444444446,-349.0885974798963,174.54429873994815,329.69478650879284,174.54429873994815,1133.6811386830325,-566.8405693415162,-1070.6988532006694,-566.8405693415162
52.0,-26.0,-49.111111111110944,-26.0,0.0,5.612122243170502,1.0,3.0,0.0028917567519383125,1.2924955142750592,347.8308066399234,267.19493741861385,250.88888888888906,-345.81055247114847,172.90527623557423,326.5988551116421,172.90527623557423,1133.5825555003757,-566.7912777501879,-1070.6057468614802,-566.7912777501879
51.0,-25.5,-48.166666666666494,-25.5,0.0,5.617310816679994,1.0,3.0,0.0029196983777763363,1.2954152126528355,351.5103992974326,263.056966493468,251.8333333333335,-342.50113217571067,171.25056608785533,323.4732914992842,171.25056608785533,1133.4801980327225,-566.7400990163612,-1070.5090759197826,-566.7400990163612
50.0,-25.0,-47.222222222222044,-25.0,0.0,5.622401698204194,1.0,3.0,0.002948465963255764,1.2983636786160913,355.13446869647044,258.8634540589705,252.77777777777794,-339.1594179692669,169.57970898463344,320.3172280820873,169.57970898463344,1133.3738452771038,-566.6869226385519,-1070.4086316505927,-566.6869226385519
49.0,-24.5,-46.277777777777594,-24.5,0.0,5.627394765706242,1.0,3.0,0.0029781010210475634,1.3013417796371387,358.7021235172373,254.61522670861422,253.7222222222224,-335.78444550154376,167.89222275077188,317.12975408479315,167.89222275077188,1133.2632586573864,-566.6316293286932,-1070.3041887320046,-566.6316293286932
48.0,-24.0,-45.333333333333144,-24.0,0.0,5.632289899582695,1.0,3.0,0.0030086480449005304,1.3043504276820392,362.21248568242186,250.3131258644289,254.66666666666686,-332.3752014446945,166.18760072234724,313.9099124755466,166.18760072234724,1133.1481801694051,-566.5740900847026,-1070.1955034933292,-566.5740900847026
47.0,-23.5,-44.388888888888694,-23.5,0.0,5.637086982659744,1.0,3.0,0.0030401547906626636,1.307390582472702,365.6646906087807,245.9580075551457,255.6111111111113,-328.9306199379505,164.46530996897525,310.65669660806617,164.46530996897525,1133.0283304400991,-566.5141652200496,-1070.0823120823168,-566.5141652200496
46.0,-23.0,-43.444444444444244,-23.0,0.0,5.641785900191913,1.0,3.0,0.003072672590374026,1.310463255063076,369.0578874549095,241.5507421900487,256.55555555555577,-325.44957869340493,162.72478934670247,307.36904654377315,162.72478934670247,1132.9034064517202,-566.4517032258601,-1069.9643283155085,-566.4517032258601
45.0,-22.5,-42.499999999999794,-22.5,0.0,5.646386539858483,1.0,3.0,0.0031062567041332256,1.3135695117672093,372.3912393651312,237.09221432858203,257.5000000000002,-321.93089472269025,160.96544736134513,304.0458450158759,160.96544736134513,1132.7730789385641,-566.3865394692821,-1069.8412412197742,-566.3865394692821
44.0,-22.0,-41.555555555555344,-22.0,0.0,5.6508887917620605,1.0,3.0,0.0031409667152272336,1.3167104784824364,375.6639237094271,232.5833224457775,258.4444444444447,-318.3733196382153,159.18665981910766,300.68591299164956,159.18665981910766,1132.636989506489,-566.3184947532445,-1069.7127123116882,-566.3184947532445
43.0,-21.5,-40.611111111110894,-21.5,0.0,5.6552925484252805,1.0,3.0,0.003176866974954895,1.3198873454573912,378.87513231934025,228.02497869357407,259.38888888888914,-314.7755344758283,157.38776723791415,297.2880047827285,157.38776723791415,1132.494747419581,-566.2473737097905,-1069.5783725629376,-566.2473737097905
42.0,-21.0,-39.666666666666444,-21.0,0.0,5.659597704789436,1.0,3.0,0.0032140271047015334,1.3231013725620926,382.02407171977933,223.4181086580968,260.33333333333354,-311.13614397875415,155.56807198937707,293.85080264660286,155.56807198937707,1132.345925692571,-566.1729628462855,-1069.4378187096622,-566.1729628462855
41.0,-20.5,-38.722222222221994,-20.5,0.0,5.663804158211746,1.0,3.0,0.0032525225641858446,1.3263538951262785,385.1099633566538,218.76365111296838,261.277777777778,-307.45367027154845,153.72683513577422,290.37291081201965,153.72683513577422,1132.1900569588684,-566.0950284794342,-1069.290609350055,-566.0950284794342
40.0,-20.0,-37.777777777777544,-20.0,0.0,5.667911808463311,1.0,3.0,0.0032924352964374126,1.329646330422716,388.1320438202727,214.06255776872507,262.22222222222246,-303.7265458434528,151.8632729217264,286.85284885215157,151.8632729217264,1132.0266284742418,-566.0133142371209,-1069.136260225669,-566.0133142371209
39.0,-19.5,-36.833333333333094,-19.5,0.0,5.671920557727054,1.0,3.0,0.00333385446205825,1.3329801848847742,391.0895650644388,209.31579301841026,263.1666666666669,-299.9531057461403,149.97655287307015,283.2890443158008,149.97655287307015,1131.855076535907,-565.9275382679535,-1068.9742389505893,-565.9275382679535
38.0,-19.0,-35.888888888888644,-19.0,0.0,5.675830310596117,1.0,3.0,0.003376877277757262,1.3363570621625316,393.98179462117366,204.52433367942086,264.11111111111137,-296.13157889590605,148.06578944795302,279.6798245128018,148.06578944795302,1131.6747799529671,-565.8373899764836,-1068.8039588444672,-565.8373899764836
37.0,-18.5,-34.944444444444194,-18.5,0.0,5.67964097407119,1.0,3.0,0.003421609977117379,1.339778672139649,396.80801581100843,199.68916873168274,265.05555555555577,-292.2600783513248,146.1300391756624,276.0234073318084,146.1300391756624,1131.4850524965093,-565.7425262482546,-1068.6247718022616,-565.7425262482546
36.0,-18.0,-33.999999999999744,-18.0,0.0,5.6833524575595336,1.0,3.0,0.003468168915234826,1.3432468410548837,399.56752794877787,194.81129905223156,266.0000000000002,-288.33659041440404,144.16829520720202,272.31789094693875,144.16829520720202,1131.2851342637778,-565.6425671318889,-1068.4359601380286,-565.6425671318889
35.0,-17.5,-33.055555555555294,-17.5,0.0,5.6869646728726,1.0,3.0,0.003516681843401148,1.3467635228982848,402.2596465448551,189.89173714627753,266.9444444444447,-284.3589623771177,142.17948118855884,268.56124224505714,142.17948118855884,1131.074181404882,-565.537090702441,-1068.2367268823984,-565.537090702441
34.0,-17.0,-32.111111111110844,-17.0,0.0,5.690477534224125,1.0,3.0,0.0035672893856600885,1.350330812283945,404.88370350176723,184.93150687483362,267.88888888888914,-280.32488870115304,140.16244435057652,264.75128377331276,140.16244435057652,1130.8512542270375,-565.4256271135188,-1068.0261845477585,-565.4256271135188
33.0,-16.5,-31.166666666666398,-16.5,0.0,5.693890958229422,1.0,3.0,0.0036201467561490785,1.3539509590400942,407.4390473061331,179.93164317898612,268.8333333333336,-276.23189537866045,138.11594768933023,260.8856789687354,138.11594768933023,1130.6153032443287,-565.3076516221644,-1067.8033419532562,-565.3076516221644
32.0,-16.0,-30.22222222222195,-16.0,0.0,5.697204863902608,1.0,3.0,0.0036754257650498667,1.357626384805144,409.9250432158649,174.89319180089083,269.77777777777806,-272.0773221728946,136.0386610864473,256.9619153855121,136.0386610864473,1130.3651525960365,-565.1825762980183,-1067.5670885629224,-565.1825762980183
31.0,-15.5,-29.277777777777505,-15.5,0.0,5.700419172655928,1.0,3.0,0.003733317172286088,1.3613597019774302,412.3410734425782,169.81720900157512,270.7222222222225,-267.85830237606694,133.92915118803347,252.9772855773971,133.92915118803347,1130.09948046927,-565.049740234635,-1067.3161759987543,-565.049740234635
30.0,-15.0,-28.33333333333306,-15.0,0.0,5.703533808297816,1.0,3.0,0.0037940334625403693,1.3651537354399705,414.6865373291548,164.70476127563023,271.66666666666697,-263.5717396468165,131.78586982340826,248.9288652219939,131.78586982340826,1129.8167956537388,-564.9083978268694,-1067.049195895207,-564.9083978268694
29.0,-14.5,-27.388888888888612,-14.5,0.0,5.706548697031449,1.0,3.0,0.0038578121337332627,1.3690115475737037,416.9608515224061,159.5569250628778,272.6111111111114,-259.21428139433885,129.60714069716943,244.81348798354276,129.60714069716943,1129.515409621831,-564.7577048109155,-1066.7645535317324,-564.7577048109155
28.0,-14.0,-26.444444444444166,-14.0,0.0,5.709463767453797,1.0,3.0,0.003924919615168276,1.372936467188872,419.16345014078456,154.37478645709515,273.5555555555558,-254.78228805894312,127.39114402947156,240.62771650011345,127.39114402947156,1129.1934026541112,-564.5967013270556,-1066.4604358399952,-564.5967013270556
27.0,-13.5,-25.49999999999972,-13.5,0.0,5.712278950553696,1.0,3.0,0.003995655962996225,1.3769321231518683,421.2937849370927,149.15944091188575,274.5000000000003,-250.2717974873146,125.1358987436573,236.36780873801982,125.1358987436573,1128.848582911059,-564.4242914555296,-1066.1347727493371,-564.4242914555296
26.0,-13.0,-24.555555555555273,-13.0,0.0,5.714994179711037,1.0,3.0,0.0040703605220999695,1.3810024836739683,423.35132545614226,143.9119929437818,275.44444444444474,-245.6784834096422,122.8392417048211,232.0296787757737,122.8392417048211,1128.4784364267086,-564.2392182133543,-1065.785189958554,-564.2392182133543
25.0,-12.5,-23.611111111110826,-12.5,0.0,5.717609390695301,1.0,3.0,0.004149418798660931,1.385151902472629,425.3355591873133,138.63355583266565,276.38888888888914,-240.99760677874676,120.49880338937338,227.60885084659463,120.49880338937338,1128.0800656723677,-564.0400328361839,-1065.4089509127984,-564.0400328361839
24.0,-12.0,-22.66666666666638,-12.0,0.0,5.720124521664549,1.0,3.0,0.004233270861794036,1.3893851733344231,427.24599171197156,133.32525131959991,277.3333333333336,-236.22395841125217,118.11197920562608,223.10040516618307,118.11197920562608,1127.650113432983,-563.8250567164915,-1065.002884908932,-563.8250567164915
23.0,-11.5,-21.722222222221934,-11.5,0.0,5.722539513164152,1.0,3.0,0.0043224216933538395,1.3937075950277769,429.08214684569555,127.9882093021541,278.27777777777806,-231.35179095034314,115.67589547517157,218.49891367532453,115.67589547517157,1127.184667891289,-563.5923339456446,-1064.5632974528867,-563.5923339456446
22.0,-11.0,-20.777777777777487,-11.0,0.0,5.7248543081257335,1.0,3.0,0.004417454043417202,1.398125049071194,430.8435667752735,122.62356752731867,279.2222222222225,-226.37473761389307,113.18736880694654,213.79836330201056,113.18736880694654,1126.6791431292354,-563.3395715646177,-1064.0858573998378,-563.3395715646177
21.0,-10.5,-19.83333333333304,-10.5,0.0,5.727068851866401,1.0,3.0,0.004519044541569928,1.402644093612764,432.52981219042897,117.23247128209698,280.16666666666697,-221.2857144471954,110.6428572235977,208.99206364457385,110.6428572235977,1126.128127281023,-563.0640636405114,-1063.565453543193,-563.0640636405114
20.0,-10.0,-18.888888888888594,-10.0,0.0,5.729183092087411,1.0,3.0,0.004627984085826986,1.407272077698591,434.1404624102337,111.81607308186638,281.1111111111114,-216.07680178988937,108.03840089494469,204.07253502378484,108.03840089494469,1125.525187793561,-562.7625938967805,-1062.9960106939145,-562.7625938967805
19.0,-9.5,-17.944444444444148,-9.5,0.0,5.731196978873383,1.0,3.0,0.004745203919947372,1.4120172816185383,435.67511550417123,106.3755323566008,282.0555555555559,-210.73909928218444,105.36954964109222,199.03137154428572,105.36954964109222,1124.8626187099946,-562.4313093549973,-1062.3702510038872,-562.4313093549973
18.0,-9.0,-16.9999999999997,-9.0,0.0,5.733110464691587,1.0,3.0,0.0048718093756582315,1.4168890909941965,437.1333884078151,100.91201513504724,283.0000000000003,-205.26254680580817,102.63127340290409,193.85907198326368,102.63127340290409,1124.1311090166487,-562.0655545083243,-1061.6793807379483,-562.0655545083243
17.0,-8.5,-16.055555555555255,-8.5,0.0,5.73492350439086,1.0,3.0,0.005009124093799611,1.421898215087996,438.51491703308625,95.42669372695006,283.94444444444474,-199.63570102761904,99.81785051380952,188.54482874830725,99.81785051380952,1123.3193015030865,-561.6596507515433,-1060.9126736418073,-561.6596507515433
16.0,-8.0,-15.111111111110809,-8.0,0.0,5.736636055201075,1.0,3.0,0.005158748802377877,1.4270569638903738,439.8193563730564,89.92074640341625,284.8888888888892,-193.84545328880122,96.92272664440061,183.07626143942375,96.92272664440061,1122.4131975855948,-561.2065987927974,-1060.0569088308432,-561.2065987927974
15.0,-7.5,-14.166666666666362,-7.5,0.0,5.738248076731932,1.0,3.0,0.00532264067825472,1.4323796045686286,441.04638060126626,84.3953570755171,285.8333333333336,-187.87666882820605,93.93833441410302,177.4390761155283,93.93833441410302,1121.395341410182,-560.697670705091,-1059.0956002207265,-560.697670705091
14.0,-7.0,-13.222222222221916,-7.0,0.0,5.739759530972962,1.0,3.0,0.0055032223958041415,1.4378828269644326,442.1956831655298,78.85171497122047,286.77777777777806,-181.71171871274126,90.85585935637063,171.61662322870043,90.85585935637063,1120.2436812594199,-560.1218406297099,-1058.0079211894551,-560.1218406297099
13.0,-6.5,-12.27777777777747,-6.5,0.0,5.741170382292295,1.0,3.0,0.00570353495377407,1.4435863619182068,443.2669768761939,73.29101431074973,287.7222222222225,-175.32986263865595,87.66493131932798,165.5893147142865,87.66493131932798,1118.9299488490487,-559.4649744245244,-1056.767173912996,-559.4649744245244
12.0,-6.0,-11.333333333333023,-6.0,0.0,5.74248059743621,1.0,3.0,0.005927456703489931,1.4495138186216967,444.2599939888295,67.71445398046528,288.66666666666697,-168.70641997456116,84.35320998728058,159.33384108708586,84.35320998728058,1117.4172997662029,-558.7086498831014,-1055.3385608903031,-558.7086498831014
11.0,-5.5,-10.388888888888577,-5.5,0.0,5.743690145528642,1.0,3.0,0.006180025400198685,1.4556938440218954,445.1744862813275,62.12323720536502,289.6111111111114,-161.8116326783787,80.90581633918934,152.8220975295802,80.90581633918934,1115.6567893654299,-557.8283946827149,-1053.675856622906,-557.8283946827149
10.0,-5.0,-9.44444444444413,-5.0,0.0,5.744798998070717,1.0,3.0,0.006467925970139676,1.462161769992035,446.010225125378,56.51857122030066,290.5555555555559,-154.60906705127374,77.30453352563687,146.0196744373144,77.30453352563687,1113.581951982268,-556.790975991134,-1051.7162879832556,-556.790975991134
9.0,-4.5,-8.499999999999684,-4.5,0.0,5.745807128939965,1.0,3.0,0.00680025531608397,1.468962025308119,446.7670015523096,50.901666940007466,291.50000000000034,-147.05330219511012,73.52665109755506,138.88367429538206,73.52665109755506,1111.1001727086216,-555.5500863543108,-1049.3723853359234,-555.5500863543108
8.0,-4.0,-7.555555555555237,-4.0,0.0,5.746714514390245,1.0,3.0,0.0071897718751301465,1.4761517971832492,447.4446263132701,45.27373862804446,292.4444444444448,-139.08647136066446,69.54323568033223,131.35944517396115,69.54323568033223,1108.0783886903848,-554.0391943451924,-1046.5184782075878,-554.0391943451924
7.0,-3.5,-6.611111111110791,-3.5,0.0,5.7475211330510785,1.0,3.0,0.007655041191863998,1.4838068383751133,448.0429299337311,39.63600356474377,293.3888888888892,-130.632869887469,65.3164349437345,123.37548822705433,65.3164349437345,1104.3182213284574,-552.1591106642287,-1042.9672090324325,-552.1591106642287
6.0,-3.0,-5.6666666666663446,-3.0,0.0,5.748226965927454,1.0,3.0,0.008224353072775581,1.492031191447889,448.56176276229814,33.98968171426671,294.33333333333366,-121.5901106325562,60.7950553162781,114.83510448630332,60.7950553162781,1099.51009822842,-549.75504911421,-1038.4262038823997,-549.75504911421
5.0,-2.5,-4.722222222221898,-2.5,0.0,5.748831996399354,1.0,3.0,0.008943452182084033,1.5009746436299731,449.00099501381357,28.335995390865694,295.2777777777781,-111.8136464130973,55.90682320654865,105.60177716792545,55.90682320654865,1093.1421134048749,-546.5710567024374,-1032.4119959934956,-546.5710567024374
4.0,-2.0,-3.7777777777774517,-2.0,0.0,5.74933621022162,1.0,3.0,0.009892443095891434,1.5108670867258644,449.36051680673876,22.676168924450362,296.2222222222225,-101.08726330862947,50.54363165431474,95.47130423592805,50.54363165431474,1084.3007132305738,-542.1503566152869,-1024.0617847177652,-542.1503566152869
3.0,-1.5,-2.8333333333330053,-1.5,0.0,5.749739595523664,1.0,3.0,0.011228427365661542,1.522095514091526,449.64023819480406,17.011428325557112,297.16666666666697,-89.05966681123766,44.52983340561883,84.11190754394686,44.52983340561883,1071.173736597724,-535.586868298862,-1011.6640845645201,-535.586868298862
2.0,-1.0,-1.8888888888885589,-1.0,0.0,5.750042142809201,1.0,3.0,0.013318989280776128,1.5354145033723021,449.84008919291693,11.34300094982113,298.1111111111114,-75.08077219067539,37.540386095337695,70.90961818008246,37.540386095337695,1049.5462024838937,-524.7731012419468,-991.2380801236794,-524.7731012419468
1.0,-0.5,-0.9444444444441124,-0.5,0.0,5.750243844956191,1.0,3.0,0.017357644771307856,1.5527721481436099,449.9600197973211,5.672115162050245,299.0555555555559,-57.6115027802046,28.8057513901023,54.41086373686002,28.8057513901023,1006.4308632094809,-503.21543160474044,-950.5180374756225,-503.21543160474044
0.0,0.0,3.341771304121721e-13,0.0,0.0,5.7503446972166685,1.0,3.0,0.04190506141774486,1.5946772095613548,450.0,5.878304635907296e-14,300.00000000000034,-23.863465800256375,11.931732900128187,22.53771770024218,11.931732900128187,805.3451262967818,-402.6725631483909,-760.6037303914069,-402.6725631483909
