J1_Position,J2_Position,J3_Position,J4_Position,Error,MM_Step,Deg_step,Move_ID,Time,Time_Total,X,Y,Z,J1_Velocity,J2_Velocity,J3_Velocity,J4_Velocity,J1_Acceleration,J2_Acceleration,J3_Acceleration,J4_Acceleration
0.0,0.0,0.0,0.0,0.0,0.0,0.0,1.0,0.0,0.0,450.0,5.878304635907296e-14,300.0,0.0,0.0,0.0,0.0,0.0,0.0,0.0,0.0
1.0,-0.5,-0.9444444444444444,-0.5,0.0,5.7503446972166685,1.0,2.0,0.0,0.0,449.9600197973211,5.672115162050245,299.05555555555554,0.0,0.0,0.0,0.0,0.0,0.0,0.0,0.0
2.0,-1.0,-1.8888888888888888,-1.0,0.0,5.750243844956191,1.0,2.0,0.051292169078594844,0.051292169078594844,449.84008919291693,11.34300094982113,298.1111111111111,19.4961534667739,-9.74807673338695,-18.413033829730907,-9.74807673338695,380.1,-190.05,-358.98333333333335,-190.05
3.0,-1.5,-2.833333333333333,-1.5,0.0,5.750042142809201,1.0,2.0,0.011527651942964436,0.06281982102155928,449.64023819480406,17.011428325557112,297.16666666666663,86.7479348741372,-43.3739674370686,-81.92860515890733,-43.3739674370686,5833.953153695662,-2916.976576847831,-5509.844645157013,-2916.976576847831
4.0,-2.0,-3.7777777777777777,-2.0,0.0,5.749739595523654,1.0,2.0,0.009718260132923442,0.07253808115448272,449.36051680673876,22.676168924450362,296.22222222222223,102.89907723422716,-51.44953861711358,-97.18246183232567,-51.44953861711358,1661.9376451318951,-830.9688225659476,-1569.6077759579052,-830.9688225659476
5.0,-2.5,-4.722222222222222,-2.5,0.0,5.749336210221629,1.0,2.0,0.008561959054927182,0.0811000402094099,449.00099501381357,28.335995390865694,295.27777777777777,116.79569986083108,-58.39784993041554,-110.3070498685627,-58.39784993041554,1623.0657653760647,-811.5328826880324,-1532.8954450773942,-811.5328826880324
6.0,-3.0,-5.666666666666667,-3.0,0.0,5.748831996399345,1.0,2.0,0.007955471498035507,0.08905551170744541,448.56176276229814,33.98968171426671,294.33333333333337,125.69965215096755,-62.849826075483776,-118.71633814258048,-62.849826075483776,1119.2237056389656,-559.6118528194828,-1057.0446108812455,-559.6118528194828
7.0,-3.5,-6.611111111111112,-3.5,0.0,5.748226965927454,1.0,2.0,0.007936507936507936,0.09699201964395335,448.0429299337311,39.63600356474377,293.3888888888889,126.0,-63.0,-119.00000000000003,-63.0,37.84382897808848,-18.92191448904424,-35.741394034862736,-18.92191448904424
8.0,-4.0,-7.555555555555556,-4.0,0.0,5.747521133051088,1.0,2.0,0.007936507936507936,0.10492852758046128,447.4446263132701,45.27373862804446,292.44444444444446,126.0,-63.0,-119.00000000000003,-63.0,0.0,0.0,0.0,0.0
9.0,-4.5,-8.5,-4.5,0.0,5.746714514390245,1.0,2.0,0.007936507936507936,0.11286503551696922,446.7670015523096,50.901666940007466,291.5,126.0,-63.0,-118.99999999999991,-63.0,0.0,0.0,1.432454155292362e-11,0.0
10.0,-5.0,-9.444444444444445,-5.0,0.0,5.745807128939965,1.0,2.0,0.007936507936507936,0.12080154345347716,446.010225125378,56.51857122030066,290.55555555555554,126.0,-63.0,-119.00000000000003,-63.0,0.0,0.0,-1.432454155292362e-11,0.0
11.0,-5.5,-10.38888888888889,-5.5,0.0,5.744798998070717,1.0,2.0,0.007936507936507936,0.1287380513899851,445.1744862813275,62.12323720536502,289.6111111111111,126.0,-63.0,-119.00000000000003,-63.0,0.0,0.0,0.0,0.0
12.0,-6.0,-11.333333333333334,-6.0,0.0,5.743690145528642,1.0,2.0,0.007936507936507936,0.13667455932649303,444.2599939888295,67.71445398046528,288.66666666666663,126.0,-63.0,-119.00000000000003,-63.0,0.0,0.0,0.0,0.0
13.0,-6.5,-12.277777777777779,-6.5,0.0,5.742480597436201,1.0,2.0,0.007936507936507936,0.14461106726300096,443.2669768761939,73.29101431074973,287.72222222222223,126.0,-63.0,-119.00000000000003,-63.0,0.0,0.0,0.0,0.0
14.0,-7.0,-13.222222222222223,-7.0,0.0,5.741170382292295,1.0,2.0,0.007936507936507936,0.1525475751995089,442.1956831655298,78.85171497122047,286.77777777777777,126.0,-63.0,-119.00000000000003,-63.0,0.0,0.0,0.0,0.0
15.0,-7.5,-14.166666666666668,-7.5,0.0,5.739759530972953,1.0,2.0,0.007936507936507964,0.16048408313601686,441.04638060126626,84.3953570755171,285.83333333333337,125.99999999999956,-62.99999999999978,-118.99999999999962,-62.99999999999978,-5.550759851757883e-11,2.7753799258789416e-11,5.192646312934794e-11,2.7753799258789416e-11
16.0,-8.0,-15.111111111111112,-8.0,0.0,5.738248076731941,1.0,2.0,0.007936507936507908,0.16842059107252477,439.8193563730564,89.92074640341625,284.8888888888889,126.00000000000045,-63.00000000000023,-119.00000000000045,-63.00000000000023,1.128057647292739e-10,-5.640288236463695e-11,-1.0564349395281207e-10,-5.640288236463695e-11
17.0,-8.5,-16.055555555555557,-8.5,0.0,5.736636055201075,1.0,2.0,0.007936507936507964,0.17635709900903274,438.51491703308625,95.42669372695006,283.94444444444446,125.99999999999956,-62.99999999999978,-118.99999999999962,-62.99999999999978,-1.1280576472927312e-10,5.640288236463656e-11,1.0564349395281133e-10,5.640288236463656e-11
18.0,-9.0,-17.0,-9.0,0.0,5.73492350439086,1.0,2.0,0.007936507936507908,0.18429360694554064,437.1333884078151,100.91201513504724,283.0,126.00000000000045,-63.00000000000023,-119.00000000000023,-63.00000000000023,1.128057647292739e-10,-5.640288236463695e-11,-7.699441084696473e-11,-5.640288236463695e-11
19.0,-9.5,-17.944444444444443,-9.5,0.0,5.733110464691596,1.0,2.0,0.007936507936507964,0.1922301148820486,435.67511550417123,106.3755323566008,282.05555555555554,125.99999999999956,-62.99999999999978,-118.99999999999939,-62.99999999999978,-1.1280576472927312e-10,5.640288236463656e-11,1.0564349395281133e-10,5.640288236463656e-11
20.0,-10.0,-18.888888888888886,-10.0,0.0,5.731196978873383,1.0,2.0,0.007936507936507908,0.20016662281855652,434.1404624102337,111.81607308186638,281.1111111111111,126.00000000000045,-63.00000000000023,-119.00000000000023,-63.00000000000023,1.128057647292739e-10,-5.640288236463695e-11,-1.0564349395281207e-10,-5.640288236463695e-11
21.0,-10.5,-19.83333333333333,-10.5,0.0,5.7291830920874025,1.0,2.0,0.007936507936507964,0.20810313075506448,432.52981219042897,117.23247128209698,280.1666666666667,125.99999999999956,-62.99999999999978,-118.99999999999939,-62.99999999999978,-1.1280576472927312e-10,5.640288236463656e-11,1.0564349395281133e-10,5.640288236463656e-11
22.0,-11.0,-20.77777777777777,-11.0,0.0,5.727068851866401,1.0,2.0,0.007936507936507908,0.2160396386915724,430.8435667752735,122.62356752731867,279.22222222222223,126.00000000000045,-63.00000000000023,-119.00000000000023,-63.00000000000023,1.128057647292739e-10,-5.640288236463695e-11,-1.0564349395281207e-10,-5.640288236463695e-11
23.0,-11.5,-21.722222222222214,-11.5,0.0,5.7248543081257335,1.0,2.0,0.007936507936507964,0.22397614662808035,429.08214684569555,127.9882093021541,278.27777777777777,125.99999999999956,-62.99999999999978,-118.99999999999939,-62.99999999999978,-1.1280576472927312e-10,5.640288236463656e-11,1.0564349395281133e-10,5.640288236463656e-11
24.0,-12.0,-22.666666666666657,-12.0,0.0,5.7225395131641426,1.0,2.0,0.007936507936507908,0.23191265456458826,427.24599171197156,133.32525131959991,277.33333333333337,126.00000000000045,-63.00000000000023,-119.00000000000023,-63.00000000000023,1.128057647292739e-10,-5.640288236463695e-11,-1.0564349395281207e-10,-5.640288236463695e-11
25.0,-12.5,-23.6111111111111,-12.5,0.0,5.720124521664549,1.0,2.0,0.007936507936507964,0.23984916250109622,425.3355591873133,138.63355583266565,276.3888888888889,125.99999999999956,-62.99999999999978,-118.99999999999939,-62.99999999999978,-1.1280576472927312e-10,5.640288236463656e-11,1.0564349395281133e-10,5.640288236463656e-11
26.0,-13.0,-24.555555555555543,-13.0,0.0,5.717609390695311,1.0,2.0,0.007936507936507908,0.24778567043760413,423.35132545614226,143.9119929437818,275.44444444444446,126.00000000000045,-63.00000000000023,-119.00000000000023,-63.00000000000023,1.128057647292739e-10,-5.640288236463695e-11,-1.0564349395281207e-10,-5.640288236463695e-11
27.0,-13.5,-25.499999999999986,-13.5,0.0,5.714994179711037,1.0,2.0,0.007936507936507964,0.2557221783741121,421.2937849370927,149.15944091188575,274.5,125.99999999999956,-62.99999999999978,-118.99999999999939,-62.99999999999978,-1.1280576472927312e-10,5.640288236463656e-11,1.0564349395281133e-10,5.640288236463656e-11
28.0,-14.0,-26.44444444444443,-14.0,0.0,5.712278950553696,1.0,2.0,0.007936507936507908,0.26365868631062,419.16345014078456,154.37478645709515,273.55555555555554,126.00000000000045,-63.00000000000023,-119.00000000000023,-63.00000000000023,1.128057647292739e-10,-5.640288236463695e-11,-1.0564349395281207e-10,-5.640288236463695e-11
29.0,-14.5,-27.38888888888887,-14.5,0.0,5.709463767453797,1.0,2.0,0.007936507936507964,0.27159519424712797,416.9608515224061,159.5569250628778,272.61111111111114,125.99999999999956,-62.99999999999978,-118.99999999999939,-62.99999999999978,-1.1280576472927312e-10,5.640288236463656e-11,1.0564349395281133e-10,5.640288236463656e-11
30.0,-15.0,-28.333333333333314,-15.0,0.0,5.706548697031449,1.0,2.0,0.007936507936507908,0.2795317021836359,414.6865373291548,164.70476127563023,271.6666666666667,126.00000000000045,-63.00000000000023,-119.00000000000023,-63.00000000000023,1.128057647292739e-10,-5.640288236463695e-11,-1.0564349395281207e-10,-5.640288236463695e-11
31.0,-15.5,-29.277777777777757,-15.5,0.0,5.703533808297816,1.0,2.0,0.007936507936507964,0.28746821012014384,412.3410734425782,169.81720900157512,270.72222222222223,125.99999999999956,-62.99999999999978,-118.99999999999939,-62.99999999999978,-1.1280576472927312e-10,5.640288236463656e-11,1.0564349395281133e-10,5.640288236463656e-11
32.0,-16.0,-30.2222222222222,-16.0,0.0,5.700419172655918,1.0,2.0,0.007936507936507908,0.29540471805665175,409.9250432158649,174.89319180089083,269.7777777777778,126.00000000000045,-63.00000000000023,-119.00000000000023,-63.00000000000023,1.128057647292739e-10,-5.640288236463695e-11,-1.0564349395281207e-10,-5.640288236463695e-11
33.0,-16.5,-31.166666666666643,-16.5,0.0,5.697204863902608,1.0,2.0,0.007936507936507964,0.3033412259931597,407.4390473061331,179.93164317898612,268.83333333333337,125.99999999999956,-62.99999999999978,-118.99999999999939,-62.99999999999978,-1.1280576472927312e-10,5.640288236463656e-11,1.0564349395281133e-10,5.640288236463656e-11
34.0,-17.0,-32.111111111111086,-17.0,0.0,5.693890958229422,1.0,2.0,0.007936507936507908,0.3112777339296676,404.88370350176723,184.93150687483362,267.8888888888889,126.00000000000045,-63.00000000000023,-119.00000000000023,-63.00000000000023,1.128057647292739e-10,-5.640288236463695e-11,-1.0564349395281207e-10,-5.640288236463695e-11
35.0,-17.5,-33.05555555555553,-17.5,0.0,5.690477534224125,1.0,2.0,0.007936507936507964,0.3192142418661756,402.2596465448551,189.89173714627753,266.94444444444446,125.99999999999956,-62.99999999999978,-118.99999999999939,-62.99999999999978,-1.1280576472927312e-10,5.640288236463656e-11,1.0564349395281133e-10,5.640288236463656e-11
36.0,-18.0,-33.99999999999997,-18.0,0.0,5.6869646728726,1.0,2.0,0.007936507936507908,0.3271507498026835,399.56752794877787,194.81129905223156,266.0,126.00000000000045,-63.00000000000023,-119.00000000000023,-63.00000000000023,1.128057647292739e-10,-5.640288236463695e-11,-1.0564349395281207e-10,-5.640288236463695e-11
37.0,-18.5,-34.944444444444414,-18.5,0.0,5.683352457559524,1.0,2.0,0.007936507936507964,0.33508725773919146,396.80801581100843,199.68916873168274,265.0555555555556,125.99999999999956,-62.99999999999978,-118.99999999999939,-62.99999999999978,-1.1280576472927312e-10,5.640288236463656e-11,1.0564349395281133e-10,5.640288236463656e-11
38.0,-19.0,-35.88888888888886,-19.0,0.0,5.6796409740712,1.0,2.0,0.007936507936507964,0.3430237656756994,393.98179462117366,204.52433367942086,264.11111111111114,125.99999999999956,-62.99999999999978,-118.99999999999939,-62.99999999999978,0.0,0.0,0.0,0.0
39.0,-19.5,-36.8333333333333,-19.5,0.0,5.675830310596117,1.0,2.0,0.007936507936507908,0.35096027361220733,391.0895650644388,209.31579301841026,263.1666666666667,126.00000000000045,-63.00000000000023,-119.00000000000023,-63.00000000000023,1.128057647292739e-10,-5.640288236463695e-11,-1.0564349395281207e-10,-5.640288236463695e-11
40.0,-20.0,-37.77777777777774,-20.0,0.0,5.671920557727045,1.0,2.0,0.007936507936507964,0.3588967815487153,388.1320438202727,214.06255776872507,262.2222222222223,125.99999999999956,-62.99999999999978,-118.99999999999939,-62.99999999999978,-1.1280576472927312e-10,5.640288236463656e-11,1.0564349395281133e-10,5.640288236463656e-11
41.0,-20.5,-38.722222222222186,-20.5,0.0,5.667911808463311,1.0,2.0,0.007936507936507908,0.3668332894852232,385.1099633566538,218.76365111296838,261.2777777777778,126.00000000000045,-63.00000000000023,-119.00000000000023,-63.00000000000023,1.128057647292739e-10,-5.640288236463695e-11,-1.0564349395281207e-10,-5.640288236463695e-11
42.0,-21.0,-39.66666666666663,-21.0,0.0,5.663804158211746,1.0,2.0,0.007936507936507964,0.37476979742173117,382.02407171977933,223.4181086580968,260.33333333333337,125.99999999999956,-62.99999999999978,-118.99999999999939,-62.99999999999978,-1.1280576472927312e-10,5.640288236463656e-11,1.0564349395281133e-10,5.640288236463656e-11
43.0,-21.5,-40.61111111111107,-21.5,0.0,5.659597704789446,1.0,2.0,0.007936507936507908,0.3827063053582391,378.87513231934025,228.02497869357407,259.3888888888889,126.00000000000045,-63.00000000000023,-119.00000000000023,-63.00000000000023,1.128057647292739e-10,-5.640288236463695e-11,-1.0564349395281207e-10,-5.640288236463695e-11
44.0,-22.0,-41.555555555555515,-22.0,0.0,5.6552925484252805,1.0,2.0,0.007936507936507964,0.39064281329474704,375.6639237094271,232.5833224457775,258.44444444444446,125.99999999999956,-62.99999999999978,-118.99999999999939,-62.99999999999978,-1.1280576472927312e-10,5.640288236463656e-11,1.0564349395281133e-10,5.640288236463656e-11
45.0,-22.5,-42.49999999999996,-22.5,0.0,5.650888791762051,1.0,2.0,0.007936507936507908,0.39857932123125495,372.3912393651312,237.09221432858203,257.50000000000006,126.00000000000045,-63.00000000000023,-119.00000000000023,-63.00000000000023,1.128057647292739e-10,-5.640288236463695e-11,-1.0564349395281207e-10,-5.640288236463695e-11
46.0,-23.0,-43.4444444444444,-23.0,0.0,5.646386539858483,1.0,2.0,0.007936507936507964,0.4065158291677629,369.0578874549095,241.5507421900487,256.5555555555556,125.99999999999956,-62.99999999999978,-118.99999999999939,-62.99999999999978,-1.1280576472927312e-10,5.640288236463656e-11,1.0564349395281133e-10,5.640288236463656e-11
47.0,-23.5,-44.38888888888884,-23.5,0.0,5.641785900191913,1.0,2.0,0.007936507936507908,0.4144523371042708,365.6646906087807,245.9580075551457,255.61111111111114,126.00000000000045,-63.00000000000023,-119.00000000000023,-63.00000000000023,1.128057647292739e-10,-5.640288236463695e-11,-1.0564349395281207e-10,-5.640288236463695e-11
48.0,-24.0,-45.333333333333286,-24.0,0.0,5.637086982659739,1.0,2.0,0.007936507936507964,0.4223888450407788,362.21248568242186,250.3131258644289,254.6666666666667,125.99999999999956,-62.99999999999978,-118.99999999999939,-62.99999999999978,-1.1280576472927312e-10,5.640288236463656e-11,1.0564349395281133e-10,5.640288236463656e-11
49.0,-24.5,-46.27777777777773,-24.5,0.0,5.632289899582689,1.0,2.0,0.007936507936507908,0.4303253529772867,358.7021235172373,254.61522670861422,253.72222222222229,126.00000000000045,-63.00000000000023,-119.00000000000023,-63.00000000000023,1.128057647292739e-10,-5.640288236463695e-11,-1.0564349395281207e-10,-5.640288236463695e-11
50.0,-25.0,-47.22222222222217,-25.0,0.0,5.627394765706242,1.0,2.0,0.007936507936507964,0.43826186091379465,355.13446869647044,258.8634540589705,252.77777777777783,125.99999999999956,-62.99999999999978,-118.99999999999939,-62.99999999999978,-1.1280576472927312e-10,5.640288236463656e-11,1.0564349395281133e-10,5.640288236463656e-11
51.0,-25.5,-48.166666666666615,-25.5,0.0,5.622401698204199,1.0,2.0,0.007936507936507908,0.44619836885030256,351.5103992974326,263.056966493468,251.83333333333337,126.00000000000045,-63.00000000000023,-119.00000000000023,-63.00000000000023,1.128057647292739e-10,-5.640288236463695e-11,-1.0564349395281207e-10,-5.640288236463695e-11
52.0,-26.0,-49.11111111111106,-26.0,0.0,5.617310816679988,1.0,2.0,0.007936507936507964,0.4541348767868105,347.8308066399234,267.19493741861385,250.88888888888894,125.99999999999956,-62.99999999999978,-118.99999999999939,-62.99999999999978,-1.1280576472927312e-10,5.640288236463656e-11,1.0564349395281133e-10,5.640288236463656e-11
53.0,-26.5,-50.0555555555555,-26.5,0.0,5.612122243170497,1.0,2.0,0.007936507936507908,0.46207138472331843,344.096595030916,271.2765552869108,249.9444444444445,126.00000000000045,-63.00000000000023,-119.00000000000023,-63.00000000000023,1.128057647292739e-10,-5.640288236463695e-11,-1.0564349395281207e-10,-5.640288236463695e-11
54.0,-27.0,-50.99999999999994,-27.0,0.0,5.606836102148449,1.0,2.0,0.007936507936507964,0.4700078926598264,340.30868150558655,275.30102380987626,249.00000000000006,125.99999999999956,-62.99999999999978,-118.99999999999939,-62.99999999999978,-1.1280576472927312e-10,5.640288236463656e-11,1.0564349395281133e-10,5.640288236463656e-11
55.0,-27.5,-51.944444444444386,-27.5,0.0,5.601452520524326,1.0,2.0,0.007936507936507908,0.4779444005963343,336.4679955647646,279.2675621665569,248.0555555555556,126.00000000000045,-63.00000000000023,-119.00000000000023,-63.00000000000023,1.128057647292739e-10,-5.640288236463695e-11,-1.0564349395281207e-10,-5.640288236463695e-11
56.0,-28.0,-52.88888888888883,-28.0,0.0,5.595971627650726,1.0,2.0,0.007936507936507964,0.48588090853284227,332.5754789088811,283.1754052074811,247.11111111111117,125.99999999999956,-62.99999999999978,-118.99999999999939,-62.99999999999978,-1.1280576472927312e-10,5.640288236463656e-11,1.0564349395281133e-10,5.640288236463656e-11
57.0,-28.5,-53.83333333333327,-28.5,0.0,5.590393555324387,1.0,2.0,0.007936507936507908,0.4938174164693502,328.6320851684968,287.02380365398693,246.16666666666674,126.00000000000045,-63.00000000000023,-119.00000000000023,-63.00000000000023,1.128057647292739e-10,-5.640288236463695e-11,-1.0564349395281207e-10,-5.640288236463695e-11
58.0,-29.0,-54.777777777777715,-29.0,0.0,5.584718437789723,1.0,2.0,0.007936507936507908,0.5017539244058581,324.63877963148985,290.8120242928695,245.22222222222229,126.00000000000045,-63.00000000000023,-119.00000000000023,-63.00000000000023,0.0,0.0,0.0,0.0
59.0,-29.5,-55.72222222222216,-29.5,0.0,5.5789464117409775,1.0,2.0,0.007936507936507908,0.509690432342366,320.5965389669857,294.5393501662893,244.27777777777783,126.00000000000045,-63.00000000000023,-119.00000000000023,-63.00000000000023,0.0,0.0,0.0,0.0
60.0,-30.0,-56.6666666666666,-30.0,0.0,5.573077616327367,1.0,2.0,0.00793650793650802,0.517626940278874,316.50635094610965,298.20508075688775,243.3333333333334,125.99999999999868,-62.99999999999934,-118.99999999999856,-62.99999999999934,-2.2382096176442923e-10,1.1191048088221462e-10,2.0949642021150574e-10,1.1191048088221462e-10
61.0,-30.5,-57.61111111111104,-30.5,0.0,5.56711219315493,1.0,2.0,0.007936507936507908,0.5255634482153819,312.36921415964883,301.80853216805525,242.38888888888897,126.00000000000045,-63.00000000000023,-119.00000000000023,-63.00000000000023,2.2382096176443236e-10,-1.1191048088221618e-10,-2.094964202115087e-10,-1.1191048088221618e-10
62.0,-31.0,-58.555555555555486,-31.0,0.0,5.561050286290206,1.0,2.0,0.007936507936507908,0.5334999561518898,308.1861377327062,305.34903729929897,241.4444444444445,126.00000000000045,-63.00000000000023,-119.00000000000023,-63.00000000000023,0.0,0.0,0.0,0.0
63.0,-31.5,-59.49999999999993,-31.5,0.0,5.554892042264308,1.0,2.0,0.007936507936507908,0.5414364640883977,303.9581410364323,308.8259460166608,240.50000000000006,126.00000000000045,-63.00000000000023,-119.00000000000023,-63.00000000000023,0.0,0.0,0.0,0.0
64.0,-32.0,-60.44444444444437,-32.0,0.0,5.54863761007621,1.0,2.0,0.00793650793650802,0.5493729720249058,299.6862533969219,312.2386253181347,239.55555555555563,125.99999999999868,-62.99999999999934,-118.99999999999856,-62.99999999999934,-2.2382096176442923e-10,1.1191048088221462e-10,2.0949642021150574e-10,1.1191048088221462e-10
65.0,-32.5,-61.388888888888815,-32.5,0.0,5.542287141196598,1.0,2.0,0.007936507936507908,0.5573094799614137,295.3715138013613,315.586459494036,238.6111111111112,126.00000000000045,-63.00000000000023,-119.00000000000023,-63.00000000000023,2.2382096176443236e-10,-1.1191048088221618e-10,-2.094964202115087e-10,-1.1191048088221618e-10
66.0,-33.0,-62.33333333333326,-33.0,0.0,5.535840789572056,1.0,2.0,0.007936507936507908,0.5652459878979216,291.014970601516,318.868850282277,237.66666666666674,126.00000000000045,-63.00000000000023,-119.00000000000023,-63.00000000000023,0.0,0.0,0.0,0.0
67.0,-33.5,-63.2777777777777,-33.5,0.0,5.529298711628218,1.0,2.0,0.007936507936507908,0.5731824958344295,286.6176812146468,322.08521701850265,236.72222222222229,126.00000000000045,-63.00000000000023,-119.00000000000023,-63.00000000000023,0.0,0.0,0.0,0.0
68.0,-34.0,-64.22222222222214,-34.0,0.0,5.522661066275066,1.0,2.0,0.00793650793650802,0.5811190037709375,282.1807118219428,325.23499678104423,235.77777777777786,125.99999999999868,-62.99999999999934,-118.99999999999856,-62.99999999999934,-2.2382096176442923e-10,1.1191048088221462e-10,2.0949642021150574e-10,1.1191048088221462e-10
69.0,-34.5,-65.16666666666659,-34.5,0.0,5.515928014910056,1.0,2.0,0.007936507936507908,0.5890555117074454,277.7051370645639,328.3176445306486,234.83333333333343,126.00000000000045,-63.00000000000023,-119.00000000000023,-63.00000000000023,2.2382096176443236e-10,-1.1191048088221618e-10,-2.094964202115087e-10,-1.1191048088221618e-10
70.0,-35.0,-66.11111111111103,-35.0,0.0,5.509099721423255,1.0,2.0,0.007936507936507908,0.5969920196439533,273.19203973738166,331.3326332449432,233.88888888888897,126.00000000000045,-63.00000000000023,-119.00000000000023,-63.00000000000023,0.0,0.0,0.0,0.0
71.0,-35.5,-67.05555555555547,-35.5,0.0,5.502176352201356,1.0,2.0,0.007936507936507908,0.6049285275804612,268.64251048051113,334.27945404759834,232.9444444444445,126.00000000000045,-63.00000000000023,-119.00000000000023,-63.00000000000023,0.0,0.0,0.0,0.0
72.0,-36.0,-67.99999999999991,-36.0,0.0,5.4951580761325545,1.0,2.0,0.007936507936507908,0.6128650355169691,264.0576474687263,337.1576163321491,232.00000000000009,126.00000000000045,-63.00000000000023,-119.00000000000023,-63.00000000000023,0.0,0.0,0.0,0.0
73.0,-36.5,-68.94444444444436,-36.5,0.0,5.488045064610895,1.0,2.0,0.00793650793650802,0.6208015434534772,259.4385560988516,339.9666478804424,231.05555555555566,125.99999999999868,-62.99999999999934,-118.99999999999856,-62.99999999999934,-2.2382096176442923e-10,1.1191048088221462e-10,2.0949642021150574e-10,1.1191048088221462e-10
74.0,-37.0,-69.8888888888888,-37.0,0.0,5.480837491541842,1.0,2.0,0.007936507936507908,0.6287380513899851,254.78634867522302,342.70609497567597,230.1111111111112,126.00000000000045,-63.00000000000023,-119.00000000000023,-63.00000000000023,2.2382096176443236e-10,-1.1191048088221618e-10,-2.094964202115087e-10,-1.1191048088221618e-10
75.0,-37.5,-70.83333333333324,-37.5,0.0,5.47353553334629,1.0,2.0,0.007936507936507908,0.636674559326493,250.10214409331292,345.3755225099939,229.16666666666674,126.00000000000045,-63.00000000000023,-119.00000000000023,-63.00000000000023,0.0,0.0,0.0,0.0
76.0,-38.0,-71.77777777777769,-38.0,0.0,5.466139368966674,1.0,2.0,0.007936507936507908,0.6446110672630009,245.38706752161406,347.97451408661396,228.2222222222223,126.00000000000045,-63.00000000000023,-119.00000000000023,-63.00000000000023,0.0,0.0,0.0,0.0
77.0,-38.5,-72.72222222222213,-38.5,0.0,5.458649179871807,1.0,2.0,0.00793650793650802,0.6525475751995089,240.64225008187643,350.50267211645206,227.27777777777789,125.99999999999868,-62.99999999999934,-118.99999999999856,-62.99999999999934,-2.2382096176442923e-10,1.1191048088221462e-10,2.0949642021150574e-10,1.1191048088221462e-10
78.0,-39.0,-73.66666666666657,-39.0,0.0,5.451065150061748,1.0,2.0,0.007936507936507908,0.6604840831360168,235.8688285277946,352.9596179092205,226.33333333333343,126.00000000000045,-63.00000000000023,-119.00000000000023,-63.00000000000023,2.2382096176443236e-10,-1.1191048088221618e-10,-2.094964202115087e-10,-1.1191048088221618e-10
79.0,-39.5,-74.61111111111101,-39.5,0.0,5.443387466074972,1.0,2.0,0.007936507936507908,0.6684205910725247,231.06794492223895,355.3449917589739,225.38888888888897,126.00000000000045,-63.00000000000023,-119.00000000000023,-63.00000000000023,0.0,0.0,0.0,0.0
80.0,-40.0,-75.55555555555546,-40.0,0.0,5.4356163169920135,1.0,2.0,0.007936507936507908,0.6763570990090326,226.24074631313056,357.65845302407644,224.44444444444454,126.00000000000045,-63.00000000000023,-119.00000000000023,-63.00000000000023,0.0,0.0,0.0,0.0
81.0,-40.5,-76.4999999999999,-40.5,0.0,5.4277518944432614,1.0,2.0,0.00793650793650802,0.6842936069455406,221.38838440805392,359.8996802015735,223.5000000000001,125.99999999999868,-62.99999999999934,-118.99999999999856,-62.99999999999934,-2.2382096176442923e-10,1.1191048088221462e-10,2.0949642021150574e-10,1.1191048088221462e-10
82.0,-41.0,-77.44444444444434,-41.0,0.0,5.419794392613712,1.0,2.0,0.007936507936507908,0.6922301148820486,216.51201524770613,362.06837099594094,222.55555555555566,126.00000000000045,-63.00000000000023,-119.00000000000023,-63.00000000000023,2.2382096176443236e-10,-1.1191048088221618e-10,-2.094964202115087e-10,-1.1191048088221618e-10
83.0,-41.5,-78.38888888888879,-41.5,0.0,5.411744008249968,1.0,2.0,0.007936507936507908,0.7001666228185565,211.61279887828,364.1642423821988,221.6111111111112,126.00000000000045,-63.00000000000023,-119.00000000000023,-63.00000000000023,0.0,0.0,0.0,0.0
84.0,-42.0,-79.33333333333323,-42.0,0.0,5.403600940665979,1.0,2.0,0.007936507936507908,0.7081031307550644,206.6918990228792,366.1870306633693,220.66666666666674,126.00000000000045,-63.00000000000023,-119.00000000000023,-63.00000000000023,0.0,0.0,0.0,0.0
85.0,-42.5,-80.27777777777767,-42.5,0.0,5.3953653917502775,1.0,2.0,0.00793650793650802,0.7160396386915724,201.7504827520626,368.1364915222643,219.72222222222234,125.99999999999868,-62.99999999999934,-118.99999999999856,-62.99999999999934,-2.2382096176442923e-10,1.1191048088221462e-10,2.0949642021150574e-10,1.1191048088221462e-10
86.0,-43.0,-81.22222222222211,-43.0,0.0,5.38703756597224,1.0,2.0,0.007936507936507908,0.7239761466280803,196.78972015361768,370.0124000675895,218.77777777777789,126.00000000000045,-63.00000000000023,-119.00000000000023,-63.00000000000023,2.2382096176443236e-10,-1.1191048088221618e-10,-2.094964202115087e-10,-1.1191048088221618e-10
87.0,-43.5,-82.16666666666656,-43.5,0.0,5.378617670389476,1.0,2.0,0.007936507936507908,0.7319126545645882,191.81078400166066,371.8145508743533,217.83333333333343,126.00000000000045,-63.00000000000023,-119.00000000000023,-63.00000000000023,0.0,0.0,0.0,0.0
88.0,-44.0,-83.111111111111,-44.0,0.0,5.3701059146541485,1.0,2.0,0.007936507936507908,0.7398491625010961,186.814849425163,373.5427580185686,216.88888888888903,126.00000000000045,-63.00000000000023,-119.00000000000023,-63.00000000000023,0.0,0.0,0.0,0.0
89.0,-44.5,-84.05555555555544,-44.5,0.0,5.361502511021314,1.0,2.0,0.00793650793650802,0.7477856704376041,181.80309357600203,375.19685510624106,215.94444444444457,125.99999999999868,-62.99999999999934,-118.99999999999856,-62.99999999999934,-2.2382096176442923e-10,1.1191048088221462e-10,2.0949642021150574e-10,1.1191048088221462e-10
90.0,-45.0,-84.99999999999989,-45.0,0.0,5.352807674355321,1.0,2.0,0.007936507936507908,0.755722178374112,176.77669529663686,376.77669529663694,215.0000000000001,126.00000000000045,-63.00000000000023,-119.00000000000023,-63.00000000000023,2.2382096176443236e-10,-1.1191048088221618e-10,-2.094964202115087e-10,-1.1191048088221618e-10
91.0,-45.5,-85.94444444444433,-45.5,0.0,5.344021622138884,1.0,2.0,0.007936507936507908,0.76365868631062,171.736834787506,378.2821513198237,214.05555555555566,126.00000000000045,-63.00000000000023,-119.00000000000023,-63.00000000000023,0.0,0.0,0.0,0.0
92.0,-46.0,-86.88888888888877,-46.0,0.0,5.335144574479543,1.0,2.0,0.00793650793650802,0.771595194247128,166.6846932742492,379.71311548848195,213.1111111111112,125.99999999999868,-62.99999999999934,-118.99999999999856,-62.99999999999934,-2.2382096176442923e-10,1.1191048088221462e-10,2.0949642021150574e-10,1.1191048088221462e-10
93.0,-46.5,-87.83333333333321,-46.5,0.0,5.326176754119209,1.0,2.0,0.007936507936507908,0.7795317021836359,161.6214526748497,381.0694997039867,212.1666666666668,126.00000000000045,-63.00000000000023,-119.00000000000023,-63.00000000000023,2.2382096176443236e-10,-1.1191048088221618e-10,-2.094964202115087e-10,-1.1191048088221618e-10
94.0,-47.0,-88.77777777777766,-47.0,0.0,5.317118386440868,1.0,2.0,0.007936507936507908,0.7874682101201438,156.5482952667995,382.3512354567575,211.22222222222234,126.00000000000045,-63.00000000000023,-119.00000000000023,-63.00000000000023,0.0,0.0,0.0,0.0
95.0,-47.5,-89.7222222222221,-47.5,0.0,5.307969699478955,1.0,2.0,0.007936507936507908,0.7954047180566517,151.46640335438335,383.5582738208802,210.27777777777789,126.00000000000045,-63.00000000000023,-119.00000000000023,-63.00000000000023,0.0,0.0,0.0,0.0
96.0,-48.0,-90.66666666666654,-48.0,0.0,5.298730923926896,1.0,2.0,0.00793650793650802,0.8033412259931597,146.37695893618383,384.6905854430033,209.33333333333348,125.99999999999868,-62.99999999999934,-118.99999999999856,-62.99999999999934,-2.2382096176442923e-10,1.1191048088221462e-10,2.0949642021150574e-10,1.1191048088221462e-10
97.0,-48.5,-91.61111111111099,-48.5,0.0,5.2894022931469244,1.0,2.0,0.007936507936507908,0.8112777339296676,141.28114337290484,385.74816052551495,208.38888888888903,126.00000000000045,-63.00000000000023,-119.00000000000023,-63.00000000000023,2.2382096176443236e-10,-1.1191048088221618e-10,-2.094964202115087e-10,-1.1191048088221618e-10
98.0,-49.0,-92.55555555555543,-49.0,0.0,5.279984043178615,1.0,2.0,0.007936507936507908,0.8192142418661755,136.18013705561373,386.7310088040071,207.44444444444457,126.00000000000045,-63.00000000000023,-119.00000000000023,-63.00000000000023,0.0,0.0,0.0,0.0
99.0,-49.5,-93.49999999999987,-49.5,0.0,5.2704764127492725,1.0,2.0,0.007936507936507908,0.8271507498026834,131.07511907449964,387.63915951903533,206.5000000000001,126.00000000000045,-63.00000000000023,-119.00000000000023,-63.00000000000023,0.0,0.0,0.0,0.0
100.0,-50.0,-94.44444444444431,-50.0,0.0,5.26087964328271,1.0,2.0,0.00793650793650802,0.8350872577391915,125.9672668882487,388.4726613821862,205.55555555555566,125.99999999999868,-62.99999999999934,-118.99999999999856,-62.99999999999934,-2.2382096176442923e-10,1.1191048088221462e-10,2.0949642021150574e-10,1.1191048088221462e-10
101.0,-50.5,-95.38888888888876,-50.5,0.0,5.251193978910695,1.0,2.0,0.007936507936507908,0.8430237656756994,120.85775599413199,389.2315825364629,204.61111111111126,126.00000000000045,-63.00000000000023,-119.00000000000023,-63.00000000000023,2.2382096176443236e-10,-1.1191048088221618e-10,-2.094964202115087e-10,-1.1191048088221618e-10
102.0,-51.0,-96.3333333333332,-51.0,0.0,5.241419666481914,1.0,2.0,0.007936507936507908,0.8509602736122073,115.74775959890752,389.9160105110039,203.6666666666668,126.00000000000045,-63.00000000000023,-119.00000000000023,-63.00000000000023,0.0,0.0,0.0,0.0
103.0,-51.5,-97.27777777777764,-51.5,0.0,5.23155695557352,1.0,2.0,0.007936507936507908,0.8588967815487152,110.63844829063189,390.52605217015054,202.72222222222234,126.00000000000045,-63.00000000000023,-119.00000000000023,-63.00000000000023,0.0,0.0,0.0,0.0
104.0,-52.0,-98.22222222222209,-52.0,0.0,5.221606098501267,1.0,2.0,0.00793650793650802,0.8668332894852232,105.53098971148101,391.06183365687986,201.77777777777794,125.99999999999868,-62.99999999999934,-118.99999999999856,-62.99999999999934,-2.2382096176442923e-10,1.1191048088221462e-10,2.0949642021150574e-10,1.1191048088221462e-10
105.0,-52.5,-99.16666666666653,-52.5,0.0,5.211567350331497,1.0,2.0,0.007936507936507908,0.8747697974217311,100.42654823167594,391.52350033062254,200.83333333333348,126.00000000000045,-63.00000000000023,-119.00000000000023,-63.00000000000023,2.2382096176443236e-10,-1.1191048088221618e-10,-2.094964202115087e-10,-1.1191048088221618e-10
106.0,-53.0,-100.11111111111097,-53.0,0.0,5.201440968891766,1.0,2.0,0.007936507936507908,0.882706305358239,95.32628462461226,391.91121669948706,199.88888888888903,126.00000000000045,-63.00000000000023,-119.00000000000023,-63.00000000000023,0.0,0.0,0.0,0.0
107.0,-53.5,-101.05555555555542,-53.5,0.0,5.191227214783823,1.0,2.0,0.007936507936507908,0.8906428132947469,90.23135574328798,392.2251663469115,198.94444444444457,126.00000000000045,-63.00000000000023,-119.00000000000023,-63.00000000000023,0.0,0.0,0.0,0.0
108.0,-54.0,-101.99999999999986,-54.0,0.0,5.180926351394078,1.0,2.0,0.00793650793650802,0.898579321231255,85.1429141981288,392.46555185276765,198.0000000000001,125.99999999999868,-62.99999999999934,-118.99999999999856,-62.99999999999934,-2.2382096176442923e-10,1.1191048088221462e-10,2.0949642021150574e-10,1.1191048088221462e-10
109.0,-54.5,-102.9444444444443,-54.5,0.0,5.170538644907503,1.0,2.0,0.007936507936507908,0.9065158291677629,80.06210803630363,392.63259470894326,197.0555555555557,126.00000000000045,-63.00000000000023,-119.00000000000023,-63.00000000000023,2.2382096176443236e-10,-1.1191048088221618e-10,-2.094964202115087e-10,-1.1191048088221618e-10
110.0,-55.0,-103.88888888888874,-55.0,0.0,5.160064364319674,1.0,2.0,0.007936507936507908,0.9144523371042708,74.99008042262776,392.72653522942966,196.11111111111126,126.00000000000045,-63.00000000000023,-119.00000000000023,-63.00000000000023,0.0,0.0,0.0,0.0
111.0,-55.5,-104.83333333333319,-55.5,0.0,5.149503781449797,1.0,2.0,0.007936507936507908,0.9223888450407787,69.9279693221481,392.7476324549443,195.1666666666668,126.00000000000045,-63.00000000000023,-119.00000000000023,-63.00000000000023,0.0,0.0,0.0,0.0
112.0,-56.0,-105.77777777777763,-56.0,0.0,5.138857170954519,1.0,2.0,0.00793650793650802,0.9303253529772867,64.87690718450425,392.696164052118,194.2222222222224,125.99999999999868,-62.99999999999934,-118.99999999999856,-62.99999999999934,-2.2382096176442923e-10,1.1191048088221462e-10,2.0949642021150574e-10,1.1191048088221462e-10
113.0,-56.5,-106.72222222222207,-56.5,0.0,5.128124810341562,1.0,2.0,0.007936507936507908,0.9382618609137946,59.83802063015977,392.57242620728016,193.27777777777794,126.00000000000045,-63.00000000000023,-119.00000000000023,-63.00000000000023,2.2382096176443236e-10,-1.1191048088221618e-10,-2.094964202115087e-10,-1.1191048088221618e-10
114.0,-57.0,-107.66666666666652,-57.0,0.0,5.117306979983859,1.0,2.0,0.007936507936507908,0.9461983688503025,54.81243013859669,392.37673351487626,192.33333333333348,126.00000000000045,-63.00000000000023,-119.00000000000023,-63.00000000000023,0.0,0.0,0.0,0.0
115.0,-57.5,-108.61111111111096,-57.5,0.0,5.106403963133926,1.0,2.0,0.007936507936507908,0.9541348767868104,49.801249738566064,392.1094188605515,191.38888888888903,126.00000000000045,-63.00000000000023,-119.00000000000023,-63.00000000000023,0.0,0.0,0.0,0.0
116.0,-58.0,-109.5555555555554,-58.0,0.0,5.095416045939344,1.0,2.0,0.00793650793650802,0.9620713847233184,44.8055867004857,391.77083329894,190.44444444444457,125.99999999999868,-62.99999999999934,-118.99999999999856,-62.99999999999934,-2.2382096176442923e-10,1.1191048088221462e-10,2.0949642021150574e-10,1.1191048088221462e-10
117.0,-58.5,-110.49999999999984,-58.5,0.0,5.084343517457221,1.0,2.0,0.007936507936507908,0.9700078926598263,39.82654123107782,391.36134592619663,189.50000000000017,126.00000000000045,-63.00000000000023,-119.00000000000023,-63.00000000000023,2.2382096176443236e-10,-1.1191048088221618e-10,-2.094964202115087e-10,-1.1191048088221618e-10
118.0,-59.0,-111.44444444444429,-59.0,0.0,5.0731866696708545,1.0,2.0,0.007936507936507908,0.9779444005963343,34.86520617033545,390.8813437473135,188.5555555555557,126.00000000000045,-63.00000000000023,-119.00000000000023,-63.00000000000023,0.0,0.0,0.0,0.0
119.0,-59.5,-112.38888888888873,-59.5,0.0,5.061945797505533,1.0,2.0,0.007936507936507908,0.9858809085328422,29.922666690908606,390.3312315382607,187.61111111111126,126.00000000000045,-63.00000000000023,-119.00000000000023,-63.00000000000023,0.0,0.0,0.0,0.0
120.0,-60.0,-113.33333333333317,-60.0,0.0,5.0506211988442935,1.0,2.0,0.00793650793650802,0.9938174164693502,24.999999999999993,389.71143170299746,186.66666666666686,125.99999999999868,-62.99999999999934,-118.99999999999856,-62.99999999999934,-2.2382096176442923e-10,1.1191048088221462e-10,2.0949642021150574e-10,1.1191048088221462e-10
121.0,-60.5,-114.27777777777762,-60.5,0.0,5.039213174546627,1.0,2.0,0.007936507936507797,1.001753924405858,20.0982750438559,389.0223841253974,185.7222222222224,126.00000000000222,-63.00000000000111,-119.00000000000189,-63.00000000000111,4.4585135583475547e-10,-2.2292567791737774e-10,-4.189928404230232e-10,-2.2292567791737774e-10
122.0,-61.0,-115.22222222222206,-61.0,0.0,5.027722028464275,1.0,2.0,0.007936507936507908,1.0096904323423659,15.21855221494325,388.2645460161342,184.77777777777794,126.00000000000045,-63.00000000000023,-119.00000000000023,-63.00000000000023,-2.220303940703169e-10,1.1101519703515845e-10,2.094964202115087e-10,1.1101519703515845e-10
123.0,-61.5,-116.1666666666665,-61.5,0.0,5.016148067460413,1.0,2.0,0.007936507936507908,1.0176269402788738,10.361883061896654,387.4383917545762,183.83333333333348,126.00000000000045,-63.00000000000023,-119.00000000000023,-63.00000000000023,0.0,0.0,0.0,0.0
124.0,-62.0,-117.11111111111094,-62.0,0.0,5.004491601427161,1.0,2.0,0.00793650793650813,1.025563448215382,5.529310002323291,386.5444127257401,182.88888888888903,125.99999999999692,-62.99999999999846,-118.99999999999689,-62.99999999999846,-4.4585135583473676e-10,2.2292567791736838e-10,4.2078340811712104e-10,2.2292567791736838e-10
125.0,-62.5,-118.05555555555539,-62.5,0.0,4.9927529433049935,1.0,2.0,0.007936507936507908,1.0334999561518898,0.721866038549327,385.5831171523538,181.94444444444463,126.00000000000045,-63.00000000000023,-119.00000000000023,-63.00000000000023,4.4585135583474927e-10,-2.2292567791737463e-10,-4.2078340811713283e-10,-2.2292567791737463e-10
126.0,-63.0,-118.99999999999983,-63.0,0.0,4.980932409102488,1.0,2.0,0.007936507936507908,1.0414364640883977,-4.059425523607952,384.5550299220814,181.00000000000017,126.00000000000045,-63.00000000000023,-119.00000000000023,-63.00000000000023,0.0,0.0,0.0,0.0
127.0,-63.5,-119.94444444444427,-63.5,0.0,4.969030317914796,1.0,2.0,0.007936507936507908,1.0493729720249056,-8.813551352957543,383.46069240996485,180.0555555555557,126.00000000000045,-63.00000000000023,-119.00000000000023,-63.00000000000023,0.0,0.0,0.0,0.0
128.0,-64.0,-120.88888888888872,-64.0,0.0,4.9570469919458295,1.0,2.0,0.007936507936507908,1.0573094799614136,-13.539508367862336,382.3006622961361,179.1111111111113,126.00000000000045,-63.00000000000023,-119.00000000000023,-63.00000000000023,0.0,0.0,0.0,0.0
129.0,-64.5,-121.83333333333316,-64.5,0.0,4.944982756528508,1.0,2.0,0.007936507936507908,1.0652459878979215,-18.236304007893718,381.07551337885934,178.16666666666686,126.00000000000045,-63.00000000000023,-119.00000000000023,-63.00000000000023,0.0,0.0,0.0,0.0
130.0,-65.0,-122.7777777777776,-65.0,0.0,4.932837940146054,1.0,2.0,0.007936507936507908,1.0731824958344294,-22.90295650213309,379.7858353829581,177.2222222222224,126.00000000000045,-63.00000000000023,-119.00000000000023,-63.00000000000023,0.0,0.0,0.0,0.0
131.0,-65.5,-123.72222222222204,-65.5,0.0,4.920612874454271,1.0,2.0,0.007936507936507908,1.0811190037709373,-27.538495134041835,378.4322337636902,176.27777777777794,126.00000000000045,-63.00000000000023,-119.00000000000023,-63.00000000000023,0.0,0.0,0.0,0.0
132.0,-66.0,-124.66666666666649,-66.0,0.0,4.9083078943045075,1.0,2.0,0.007936507936507908,1.0890555117074452,-32.14196050282166,377.0153295061291,175.33333333333348,126.00000000000045,-63.00000000000023,-119.00000000000023,-63.00000000000023,0.0,0.0,0.0,0.0
133.0,-66.5,-125.61111111111093,-66.5,0.0,4.895923337767121,1.0,2.0,0.007936507936507908,1.096992019643953,-36.712404781188155,375.5357589201151,174.38888888888908,126.00000000000045,-63.00000000000023,-119.00000000000023,-63.00000000000023,0.0,0.0,0.0,0.0
134.0,-67.0,-126.55555555555537,-67.0,0.0,4.883459546154703,1.0,2.0,0.00793650793650813,1.1049285275804612,-41.24889196948098,373.9941734308403,173.44444444444463,125.99999999999692,-62.99999999999846,-118.99999999999689,-62.99999999999846,-4.4585135583473676e-10,2.2292567791736838e-10,4.2078340811712104e-10,2.2292567791736838e-10
135.0,-67.5,-127.49999999999982,-67.5,0.0,4.870916864047351,1.0,2.0,0.007936507936507908,1.1128650355169691,-45.75049814603709,372.3912393651312,172.50000000000017,126.00000000000045,-63.00000000000023,-119.00000000000023,-63.00000000000023,4.4585135583474927e-10,-2.2292567791737463e-10,-4.2078340811713283e-10,-2.2292567791737463e-10
136.0,-68.0,-128.44444444444426,-68.0,0.0,4.8582956393173236,1.0,2.0,0.007936507936507908,1.120801543453477,-50.21631171375233,370.7276377334963,171.55555555555577,126.00000000000045,-63.00000000000023,-119.00000000000023,-63.00000000000023,0.0,0.0,0.0,0.0
137.0,-68.5,-129.38888888888872,-68.5,0.0,4.845596223155464,1.0,2.0,0.007936507936507908,1.128738051389985,-54.645433642759855,369.0040640080058,170.6111111111113,126.00000000000045,-63.00000000000023,-119.00000000000202,-63.00000000000023,0.0,0.0,-2.256115294585478e-10,0.0
138.0,-69.0,-130.33333333333317,-69.0,0.0,4.8328189700977395,1.0,2.0,0.007936507936507908,1.1366745593264929,-59.0369777091538,367.22122789607215,169.66666666666686,126.00000000000045,-63.00000000000023,-119.00000000000202,-63.00000000000023,0.0,0.0,0.0,0.0
139.0,-69.5,-131.27777777777763,-69.5,0.0,4.819964238052455,1.0,2.0,0.007936507936507908,1.1446110672630008,-63.39007072968761,365.3798531102009,168.7222222222224,126.00000000000045,-63.00000000000023,-119.00000000000202,-63.00000000000023,0.0,0.0,0.0,0.0
140.0,-70.0,-132.2222222222221,-70.0,0.0,4.807032388327606,1.0,2.0,0.007936507936507908,1.1525475751995087,-67.70385279237846,363.480677133785,167.77777777777794,126.00000000000045,-63.00000000000023,-119.00000000000202,-63.00000000000023,0.0,0.0,0.0,0.0
141.0,-70.5,-133.16666666666654,-70.5,0.0,4.79402378566113,1.0,2.0,0.007936507936507908,1.1604840831360166,-71.97747748295144,361.5244509830121,166.83333333333348,126.00000000000045,-63.00000000000023,-119.00000000000202,-63.00000000000023,0.0,0.0,0.0,0.0
142.0,-71.0,-134.111111111111,-71.0,0.0,4.7809387982492595,1.0,2.0,0.00793650793650813,1.1684205910725247,-76.21011210705527,359.5119389649609,165.88888888888903,125.99999999999692,-62.99999999999846,-118.99999999999868,-62.99999999999846,-4.4585135583473676e-10,2.2292567791736838e-10,4.2078340811712104e-10,2.2292567791736838e-10
143.0,-71.5,-135.05555555555546,-71.5,0.0,4.767777797777236,1.0,2.0,0.007936507936507908,1.1763570990090326,-80.40093790818563,357.44391843195945,164.94444444444457,126.00000000000045,-63.00000000000023,-119.00000000000202,-63.00000000000023,4.4585135583474927e-10,-2.2292567791737463e-10,-4.2078340811713283e-10,-2.2292567791737463e-10
144.0,-72.0,-135.99999999999991,-72.0,0.0,4.754541159450349,1.0,2.0,0.007936507936507908,1.1842936069455405,-84.54915028125262,355.32117953228305,164.0000000000001,126.00000000000045,-63.00000000000023,-119.00000000000202,-63.00000000000023,0.0,0.0,0.0,0.0
145.0,-72.5,-136.94444444444437,-72.5,0.0,4.741229262026907,1.0,2.0,0.007936507936507908,1.1922301148820484,-88.65395898173007,353.14452495726596,163.05555555555566,126.00000000000045,-63.00000000000023,-119.00000000000202,-63.00000000000023,0.0,0.0,0.0,0.0
146.0,-73.0,-137.88888888888883,-73.0,0.0,4.7278424878492755,1.0,2.0,0.007936507936507908,1.2001666228185564,-92.71458833032419,350.91476968490826,162.1111111111112,126.00000000000045,-63.00000000000023,-119.00000000000202,-63.00000000000023,0.0,0.0,0.0,0.0
147.0,-73.5,-138.8333333333333,-73.5,0.0,4.71438122287924,1.0,2.0,0.007936507936507908,1.2081031307550643,-96.73027741310426,348.6327407200537,161.16666666666674,126.00000000000045,-63.00000000000023,-119.00000000000202,-63.00000000000023,0.0,0.0,0.0,0.0
148.0,-74.0,-139.77777777777774,-74.0,0.0,4.7008458567316795,1.0,2.0,0.007936507936507908,1.2160396386915722,-100.70028027703546,346.2992768312207,160.22222222222229,126.00000000000045,-63.00000000000023,-119.00000000000202,-63.00000000000023,0.0,0.0,0.0,0.0
149.0,-74.5,-140.7222222222222,-74.5,0.0,4.687236782711045,1.0,2.0,0.007936507936507908,1.22397614662808,-104.62386612085827,343.91522828416663,159.27777777777783,126.00000000000045,-63.00000000000023,-119.00000000000202,-63.00000000000023,0.0,0.0,0.0,0.0
150.0,-75.0,-141.66666666666666,-75.0,0.0,4.673554397847101,1.0,2.0,0.00793650793650813,1.2319126545645882,-108.50031948125762,341.48145657226706,158.33333333333337,125.99999999999692,-62.99999999999846,-118.99999999999868,-62.99999999999846,-4.4585135583473676e-10,2.2292567791736838e-10,4.2078340811712104e-10,2.2292567791736838e-10
151.0,-75.5,-142.61111111111111,-75.5,0.0,4.659799102932362,1.0,2.0,0.007936507936507908,1.2398491625010961,-112.32894041426884,338.9988341437944,157.3888888888889,126.00000000000045,-63.00000000000023,-119.00000000000202,-63.00000000000023,4.4585135583474927e-10,-2.2292567791737463e-10,-4.2078340811713283e-10,-2.2292567791737463e-10
152.0,-76.0,-143.55555555555557,-76.0,0.0,4.6459713025618194,1.0,2.0,0.007936507936507908,1.247785670437604,-116.10904467186845,336.4682441261773,156.44444444444446,126.00000000000045,-63.00000000000023,-119.00000000000202,-63.00000000000023,0.0,0.0,0.0,0.0
153.0,-76.5,-144.50000000000003,-76.5,0.0,4.6320714051711445,1.0,2.0,0.007936507936507908,1.255722178374112,-119.83996387369724,333.8905800473285,155.5,126.00000000000045,-63.00000000000023,-119.00000000000202,-63.00000000000023,0.0,0.0,0.0,0.0
154.0,-77.0,-145.44444444444449,-77.0,0.0,4.618099823078006,1.0,2.0,0.007936507936507908,1.2636586863106198,-123.52104567386723,331.26674555412427,154.55555555555554,126.00000000000045,-63.00000000000023,-119.00000000000202,-63.00000000000023,0.0,0.0,0.0,0.0
155.0,-77.5,-146.38888888888894,-77.5,0.0,4.604056972523685,1.0,2.0,0.007936507936507908,1.2715951942471277,-127.15165392280431,328.5976541281233,153.6111111111111,126.00000000000045,-63.00000000000023,-119.00000000000202,-63.00000000000023,0.0,0.0,0.0,0.0
156.0,-78.0,-147.3333333333334,-78.0,0.0,4.589943273716499,1.0,2.0,0.007936507936507908,1.2795317021836357,-130.73116882408036,325.8842287986115,152.66666666666663,126.00000000000045,-63.00000000000023,-119.00000000000202,-63.00000000000023,0.0,0.0,0.0,0.0
157.0,-78.5,-148.27777777777786,-78.5,0.0,4.575759150874746,1.0,2.0,0.00793650793650813,1.2874682101201438,-134.25898708618874,323.1274018530622,151.72222222222217,125.99999999999692,-62.99999999999846,-118.99999999999868,-62.99999999999846,-4.4585135583473676e-10,2.2292567791736838e-10,4.2078340811712104e-10,2.2292567791736838e-10
158.0,-79.0,-149.2222222222223,-79.0,0.0,4.561505032273042,1.0,2.0,0.007936507936507908,1.2954047180566517,-137.73452206922127,320.3281145450984,150.77777777777771,126.00000000000045,-63.00000000000023,-119.00000000000202,-63.00000000000023,4.4585135583474927e-10,-2.2292567791737463e-10,-4.2078340811713283e-10,-2.2292567791737463e-10
159.0,-79.5,-150.16666666666677,-79.5,0.0,4.547181350287922,1.0,2.0,0.007936507936507908,1.3033412259931596,-141.15720392640355,317.4873168000487,149.83333333333326,126.00000000000045,-63.00000000000023,-119.00000000000202,-63.00000000000023,0.0,0.0,0.0,0.0
160.0,-80.0,-151.11111111111123,-80.0,0.0,4.532788541446158,1.0,2.0,0.007936507936507908,1.3112777339296675,-144.5264797404491,314.6059669181858,148.8888888888888,126.00000000000045,-63.00000000000023,-119.00000000000202,-63.00000000000023,0.0,0.0,0.0,0.0
161.0,-80.5,-152.05555555555569,-80.5,0.0,4.518327046474055,1.0,2.0,0.007936507936507908,1.3192142418661754,-147.84181365469396,311.6850312757392,147.94444444444434,126.00000000000045,-63.00000000000023,-119.00000000000202,-63.00000000000023,0.0,0.0,0.0,0.0
162.0,-81.0,-153.00000000000014,-81.0,0.0,4.503797310346785,1.0,2.0,0.007936507936507908,1.3271507498026833,-151.10268699897304,308.72548402377396,146.9999999999999,126.00000000000045,-63.00000000000023,-119.00000000000202,-63.00000000000023,0.0,0.0,0.0,0.0
163.0,-81.5,-153.9444444444446,-81.5,0.0,4.489199782341067,1.0,2.0,0.007936507936507908,1.3350872577391912,-154.30859841020444,305.7283067850266,146.05555555555543,126.00000000000045,-63.00000000000023,-119.00000000000202,-63.00000000000023,0.0,0.0,0.0,0.0
164.0,-82.0,-154.88888888888906,-82.0,0.0,4.4745349160881105,1.0,2.0,0.007936507936507908,1.3430237656756991,-157.45906394764737,302.69448834879245,145.11111111111097,126.00000000000045,-63.00000000000023,-119.00000000000202,-63.00000000000023,0.0,0.0,0.0,0.0
165.0,-82.5,-155.8333333333335,-82.5,0.0,4.459803169628191,1.0,2.0,0.00793650793650813,1.3509602736122073,-160.55361720280078,299.6250243639568,144.16666666666652,125.99999999999692,-62.99999999999846,-118.99999999999868,-62.99999999999846,-4.4585135583473676e-10,2.2292567791736838e-10,4.2078340811712104e-10,2.2292567791736838e-10
166.0,-83.0,-156.77777777777797,-83.0,0.0,4.445005005466603,1.0,2.0,0.007936507936507908,1.3588967815487152,-163.5918094039125,296.52091703026406,143.22222222222206,126.00000000000045,-63.00000000000023,-119.00000000000202,-63.00000000000023,4.4585135583474927e-10,-2.2292567791737463e-10,-4.2078340811713283e-10,-2.2292567791737463e-10
167.0,-83.5,-157.72222222222243,-83.5,0.0,4.430140890631609,1.0,2.0,0.007936507936507908,1.366833289485223,-166.57320951507046,293.3831747879198,142.2777777777776,126.00000000000045,-63.00000000000023,-119.00000000000202,-63.00000000000023,0.0,0.0,0.0,0.0
168.0,-84.0,-158.66666666666688,-84.0,0.0,4.415211296733565,1.0,2.0,0.007936507936507908,1.374769797421731,-169.49740432984783,290.21281200562015,141.33333333333314,126.00000000000045,-63.00000000000023,-119.00000000000202,-63.00000000000023,0.0,0.0,0.0,0.0
169.0,-84.5,-159.61111111111134,-84.5,0.0,4.400216700026019,1.0,2.0,0.007936507936507908,1.382706305358239,-172.36399855947684,287.0108486671037,140.3888888888887,126.00000000000045,-63.00000000000023,-119.00000000000202,-63.00000000000023,0.0,0.0,0.0,0.0
170.0,-85.0,-160.5555555555558,-85.0,0.0,4.385157581468069,1.0,2.0,0.007936507936507908,1.3906428132947468,-175.17261491552713,283.7783100563224,139.44444444444423,126.00000000000045,-63.00000000000023,-119.00000000000202,-63.00000000000023,0.0,0.0,0.0,0.0
171.0,-85.5,-161.50000000000026,-85.5,0.0,4.3700344267882105,1.0,2.0,0.007936507936507908,1.3985793212312547,-177.92289418706633,280.5162264413282,138.49999999999977,126.00000000000045,-63.00000000000023,-119.00000000000202,-63.00000000000023,0.0,0.0,0.0,0.0
172.0,-86.0,-162.4444444444447,-86.0,0.0,4.3548477265516174,1.0,2.0,0.007936507936507908,1.4065158291677626,-180.61449531228277,277.22563275696916,137.55555555555532,126.00000000000045,-63.00000000000023,-119.00000000000202,-63.00000000000023,0.0,0.0,0.0,0.0
173.0,-86.5,-163.38888888888917,-86.5,0.0,4.339597976226754,1.0,2.0,0.00793650793650813,1.4144523371042708,-183.24709544455024,273.90756828649626,136.61111111111086,125.99999999999692,-62.99999999999846,-118.99999999999868,-62.99999999999846,-4.4585135583473676e-10,2.2292567791736838e-10,4.2078340811712104e-10,2.2292567791736838e-10
174.0,-87.0,-164.33333333333363,-87.0,0.0,4.32428567625588,1.0,2.0,0.007936507936507908,1.4223888450407787,-185.82039001291872,270.5630763421742,135.6666666666664,126.00000000000045,-63.00000000000023,-119.00000000000202,-63.00000000000023,4.4585135583474927e-10,-2.2292567791737463e-10,-4.2078340811713283e-10,-2.2292567791737463e-10
175.0,-87.5,-165.27777777777808,-87.5,0.0,4.3089113321267405,1.0,2.0,0.007955471498035438,1.430344316538814,-188.33409277701512,267.1932039449962,134.72222222222194,125.69965215096865,-62.84982607548432,-118.71633814258308,-62.84982607548432,-37.753620147590006,18.876810073795003,35.65619680605773,18.876810073795003
176.0,-88.0,-166.22222222222254,-88.0,0.0,4.293475454446081,1.0,2.0,0.00856195905492707,1.4389062755937412,-190.78793587633962,263.799001503599,133.7777777777775,116.79569986083258,-58.39784993041629,-110.30704986856558,-58.39784993041629,-1039.9433392539045,519.9716696269522,982.1687092953666,519.9716696269522
177.0,-88.5,-167.166666666667,-88.5,0.0,4.277978559015148,1.0,2.0,0.00971826013292354,1.4486245357266647,-193.18166987394656,260.3815224924781,132.83333333333303,102.89907723422613,-51.44953861711306,-97.18246183232598,-51.44953861711306,-1429.9496449500723,714.9748224750361,1350.507998008419,714.9748224750361
178.0,-89.0,-168.11111111111146,-89.0,0.0,4.2624211669082985,1.0,2.0,0.011527651942964567,1.4601521876696293,-195.51506379449836,256.941823129598,131.88888888888857,86.7479348741362,-43.3739674370681,-81.92860515890752,-43.3739674370681,-1401.078245595983,700.5391227979915,1323.2405652851132,700.5391227979915
179.0,-89.5,-169.0555555555559,-89.5,0.0,4.246803804552472,1.0,2.0,0.015023128501353344,1.4751753161709826,-197.78790515668484,253.4809620534995,130.94444444444412,66.5640315803673,-33.28201579018365,-62.86602982590328,-33.28201579018365,-1343.521976261513,671.7609881307565,1268.8818664692244,671.7609881307565
180.0,-90.0,-170.00000000000037,-90.0,0.0,4.231127003809608,1.0,2.0,0.03626904057724123,1.5114443567482239,-200.00000000000003,250.00000000000003,129.99999999999966,27.57172464681899,-13.785862323409495,-26.039962166440503,-13.785862323409495,-1075.0851501160448,537.5425750580224,1015.3581973318336,537.5425750580224
179.0,-89.5,-169.0555555555559,-89.5,0.0,4.231127003809608,1.0,3.0,0.0,1.5114443567482239,-197.78790515668484,253.4809620534995,130.94444444444412,0.0,0.0,0.0,0.0,0.0,0.0,0.0,0.0
178.0,-89.0,-168.11111111111146,-89.0,0.0,4.246803804552472,1.0,3.0,0.051292169078594844,1.5627365258268187,-195.51506379449836,256.941823129598,131.88888888888857,-19.49615346677392,9.74807673338696,18.41303382973117,9.74807673338696,-380.1000000000007,190.05000000000035,358.9833333333388,190.05000000000035
177.0,-88.5,-167.166666666667,-88.5,0.0,4.2624211669082985,1.0,3.0,0.011527651942964436,1.574264177769783,-193.18166987394656,260.3815224924781,132.83333333333303,-86.74793487413788,43.37396743706894,81.9286051589091,43.37396743706894,-5833.953153695766,2916.976576847883,5509.844645157185,2916.976576847883
176.0,-88.0,-166.22222222222254,-88.0,0.0,4.277978559015148,1.0,3.0,0.009718260132923442,1.5839824379027065,-190.78793587633962,263.799001503599,133.7777777777775,-102.89907723422613,51.44953861711306,97.18246183232598,51.44953861711306,-1661.9376451317014,830.9688225658507,1569.6077759577404,830.9688225658507
175.0,-87.5,-165.27777777777808,-87.5,0.0,4.293475454446081,1.0,3.0,0.008561959054927182,1.5925443969576336,-188.33409277701512,267.1932039449962,134.72222222222194,-116.79569986083258,58.39784993041629,110.30704986856558,58.39784993041629,-1623.0657653763828,811.5328826881914,1532.8954450777146,811.5328826881914
174.0,-87.0,-164.33333333333363,-87.0,0.0,4.3089113321267405,1.0,3.0,0.007955471498035507,1.600499868455669,-185.82039001291872,270.5630763421742,135.6666666666664,-125.69965215096865,62.84982607548432,118.71633814258308,62.84982607548432,-1119.2237056389235,559.6118528194618,1057.0446108812191,559.6118528194618
173.0,-86.5,-163.38888888888917,-86.5,0.0,4.32428567625588,1.0,3.0,0.007936507936507936,1.608436376392177,-183.24709544455024,273.90756828649626,136.61111111111086,-126.00000000000045,63.00000000000023,119.00000000000202,63.00000000000023,-37.84382897800804,18.92191448900402,35.74139403478587,18.92191448900402
172.0,-86.0,-162.4444444444447,-86.0,0.0,4.339597976226754,1.0,3.0,0.007936507936507936,1.6163728843286849,-180.61449531228277,277.22563275696916,137.55555555555532,-126.00000000000045,63.00000000000023,119.00000000000202,63.00000000000023,0.0,0.0,0.0,0.0
171.0,-85.5,-161.50000000000026,-85.5,0.0,4.3548477265516174,1.0,3.0,0.007936507936507936,1.6243093922651928,-177.92289418706633,280.5162264413282,138.49999999999977,-126.00000000000045,63.00000000000023,119.00000000000202,63.00000000000023,0.0,0.0,0.0,0.0
170.0,-85.0,-160.5555555555558,-85.0,0.0,4.3700344267882105,1.0,3.0,0.007936507936507936,1.6322459002017007,-175.17261491552713,283.7783100563224,139.44444444444423,-126.00000000000045,63.00000000000023,119.00000000000202,63.00000000000023,0.0,0.0,0.0,0.0
169.0,-84.5,-159.61111111111134,-84.5,0.0,4.385157581468069,1.0,3.0,0.007936507936507936,1.6401824081382086,-172.36399855947684,287.0108486671037,140.3888888888887,-126.00000000000045,63.00000000000023,119.00000000000202,63.00000000000023,0.0,0.0,0.0,0.0
168.0,-84.0,-158.66666666666688,-84.0,0.0,4.400216700026019,1.0,3.0,0.007936507936507936,1.6481189160747165,-169.49740432984783,290.21281200562015,141.33333333333314,-126.00000000000045,63.00000000000023,119.00000000000202,63.00000000000023,0.0,0.0,0.0,0.0
167.0,-83.5,-157.72222222222243,-83.5,0.0,4.415211296733565,1.0,3.0,0.007936507936507936,1.6560554240112244,-166.57320951507046,293.3831747879198,142.2777777777776,-126.00000000000045,63.00000000000023,119.00000000000202,63.00000000000023,0.0,0.0,0.0,0.0
166.0,-83.0,-156.77777777777797,-83.0,0.0,4.430140890631609,1.0,3.0,0.007936507936507936,1.6639919319477323,-163.5918094039125,296.52091703026406,143.22222222222206,-126.00000000000045,63.00000000000023,119.00000000000202,63.00000000000023,0.0,0.0,0.0,0.0
165.0,-82.5,-155.8333333333335,-82.5,0.0,4.445005005466603,1.0,3.0,0.007936507936507964,1.6719284398842402,-160.55361720280078,299.6250243639568,144.16666666666652,-126.00000000000045,63.00000000000023,119.00000000000202,63.00000000000023,0.0,0.0,0.0,0.0
164.0,-82.0,-154.88888888888906,-82.0,0.0,4.459803169628191,1.0,3.0,0.007936507936507908,1.6798649478207481,-157.45906394764737,302.69448834879245,145.11111111111097,-126.00000000000045,63.00000000000023,119.00000000000202,63.00000000000023,0.0,0.0,0.0,0.0
163.0,-81.5,-153.9444444444446,-81.5,0.0,4.4745349160881105,1.0,3.0,0.007936507936507964,1.687801455757256,-154.30859841020444,305.7283067850266,146.05555555555543,-126.00000000000045,63.00000000000023,119.00000000000202,63.00000000000023,0.0,0.0,0.0,0.0
162.0,-81.0,-153.00000000000014,-81.0,0.0,4.489199782341067,1.0,3.0,0.007936507936507908,1.695737963693764,-151.10268699897304,308.72548402377396,146.9999999999999,-126.00000000000045,63.00000000000023,119.00000000000202,63.00000000000023,0.0,0.0,0.0,0.0
161.0,-80.5,-152.05555555555569,-80.5,0.0,4.503797310346785,1.0,3.0,0.007936507936507964,1.7036744716302719,-147.84181365469396,311.6850312757392,147.94444444444434,-126.00000000000045,63.00000000000023,119.00000000000202,63.00000000000023,0.0,0.0,0.0,0.0
160.0,-80.0,-151.11111111111123,-80.0,0.0,4.518327046474055,1.0,3.0,0.007936507936507908,1.7116109795667798,-144.5264797404491,314.6059669181858,148.8888888888888,-126.00000000000045,63.00000000000023,119.00000000000202,63.00000000000023,0.0,0.0,0.0,0.0
159.0,-79.5,-150.16666666666677,-79.5,0.0,4.532788541446158,1.0,3.0,0.007936507936507964,1.7195474875032877,-141.15720392640355,317.4873168000487,149.83333333333326,-126.00000000000045,63.00000000000023,119.00000000000202,63.00000000000023,0.0,0.0,0.0,0.0
158.0,-79.0,-149.2222222222223,-79.0,0.0,4.547181350287922,1.0,3.0,0.007936507936507908,1.7274839954397956,-137.73452206922127,320.3281145450984,150.77777777777771,-126.00000000000045,63.00000000000023,119.00000000000202,63.00000000000023,0.0,0.0,0.0,0.0
157.0,-78.5,-148.27777777777786,-78.5,0.0,4.561505032273042,1.0,3.0,0.007936507936507964,1.7354205033763035,-134.25898708618874,323.1274018530622,151.72222222222217,-126.00000000000045,63.00000000000023,119.00000000000202,63.00000000000023,0.0,0.0,0.0,0.0
156.0,-78.0,-147.3333333333334,-78.0,0.0,4.575759150874746,1.0,3.0,0.007936507936507908,1.7433570113128114,-130.73116882408036,325.8842287986115,152.66666666666663,-126.00000000000045,63.00000000000023,119.00000000000202,63.00000000000023,0.0,0.0,0.0,0.0
155.0,-77.5,-146.38888888888894,-77.5,0.0,4.589943273716499,1.0,3.0,0.007936507936507964,1.7512935192493193,-127.15165392280431,328.5976541281233,153.6111111111111,-126.00000000000045,63.00000000000023,119.00000000000202,63.00000000000023,0.0,0.0,0.0,0.0
154.0,-77.0,-145.44444444444449,-77.0,0.0,4.604056972523685,1.0,3.0,0.007936507936507908,1.7592300271858272,-123.52104567386723,331.26674555412427,154.55555555555554,-126.00000000000045,63.00000000000023,119.00000000000202,63.00000000000023,0.0,0.0,0.0,0.0
153.0,-76.5,-144.50000000000003,-76.5,0.0,4.618099823078006,1.0,3.0,0.007936507936507964,1.7671665351223351,-119.83996387369724,333.8905800473285,155.5,-126.00000000000045,63.00000000000023,119.00000000000202,63.00000000000023,0.0,0.0,0.0,0.0
152.0,-76.0,-143.55555555555557,-76.0,0.0,4.6320714051711445,1.0,3.0,0.007936507936507908,1.775103043058843,-116.10904467186845,336.4682441261773,156.44444444444446,-126.00000000000045,63.00000000000023,119.00000000000202,63.00000000000023,0.0,0.0,0.0,0.0
151.0,-75.5,-142.61111111111111,-75.5,0.0,4.6459713025618194,1.0,3.0,0.007936507936507964,1.783039550995351,-112.32894041426884,338.9988341437944,157.3888888888889,-126.00000000000045,63.00000000000023,119.00000000000202,63.00000000000023,0.0,0.0,0.0,0.0
150.0,-75.0,-141.66666666666666,-75.0,0.0,4.659799102932362,1.0,3.0,0.007936507936507908,1.7909760589318588,-108.50031948125762,341.48145657226706,158.33333333333337,-126.00000000000045,63.00000000000023,119.00000000000202,63.00000000000023,0.0,0.0,0.0,0.0
149.0,-74.5,-140.7222222222222,-74.5,0.0,4.673554397847101,1.0,3.0,0.007936507936507964,1.7989125668683668,-104.62386612085827,343.91522828416663,159.27777777777783,-126.00000000000045,63.00000000000023,119.00000000000202,63.00000000000023,0.0,0.0,0.0,0.0
148.0,-74.0,-139.77777777777774,-74.0,0.0,4.687236782711045,1.0,3.0,0.007936507936507908,1.8068490748048747,-100.70028027703546,346.2992768312207,160.22222222222229,-126.00000000000045,63.00000000000023,119.00000000000202,63.00000000000023,0.0,0.0,0.0,0.0
147.0,-73.5,-138.8333333333333,-73.5,0.0,4.7008458567316795,1.0,3.0,0.007936507936507964,1.8147855827413826,-96.73027741310426,348.6327407200537,161.16666666666674,-126.00000000000045,63.00000000000023,119.00000000000202,63.00000000000023,0.0,0.0,0.0,0.0
146.0,-73.0,-137.88888888888883,-73.0,0.0,4.71438122287924,1.0,3.0,0.007936507936507908,1.8227220906778905,-92.71458833032419,350.91476968490826,162.1111111111112,-126.00000000000045,63.00000000000023,119.00000000000202,63.00000000000023,0.0,0.0,0.0,0.0
145.0,-72.5,-136.94444444444437,-72.5,0.0,4.7278424878492755,1.0,3.0,0.007936507936507964,1.8306585986143984,-88.65395898173007,353.14452495726596,163.05555555555566,-126.00000000000045,63.00000000000023,119.00000000000202,63.00000000000023,0.0,0.0,0.0,0.0
144.0,-72.0,-135.99999999999991,-72.0,0.0,4.741229262026907,1.0,3.0,0.007936507936507908,1.8385951065509063,-84.54915028125262,355.32117953228305,164.0000000000001,-126.00000000000045,63.00000000000023,119.00000000000202,63.00000000000023,0.0,0.0,0.0,0.0
143.0,-71.5,-135.05555555555546,-71.5,0.0,4.754541159450349,1.0,3.0,0.007936507936507964,1.8465316144874142,-80.40093790818563,357.44391843195945,164.94444444444457,-126.00000000000045,63.00000000000023,119.00000000000202,63.00000000000023,0.0,0.0,0.0,0.0
142.0,-71.0,-134.111111111111,-71.0,0.0,4.767777797777236,1.0,3.0,0.007936507936507964,1.8544681224239221,-76.21011210705527,359.5119389649609,165.88888888888903,-126.00000000000045,63.00000000000023,119.00000000000202,63.00000000000023,0.0,0.0,0.0,0.0
141.0,-70.5,-133.16666666666654,-70.5,0.0,4.7809387982492595,1.0,3.0,0.007936507936507908,1.86240463036043,-71.97747748295144,361.5244509830121,166.83333333333348,-126.00000000000045,63.00000000000023,119.00000000000202,63.00000000000023,0.0,0.0,0.0,0.0
140.0,-70.0,-132.2222222222221,-70.0,0.0,4.79402378566113,1.0,3.0,0.007936507936507964,1.870341138296938,-67.70385279237846,363.480677133785,167.77777777777794,-126.00000000000045,63.00000000000023,119.00000000000202,63.00000000000023,0.0,0.0,0.0,0.0
139.0,-69.5,-131.27777777777763,-69.5,0.0,4.807032388327606,1.0,3.0,0.007936507936507908,1.8782776462334458,-63.39007072968761,365.3798531102009,168.7222222222224,-126.00000000000045,63.00000000000023,119.00000000000202,63.00000000000023,0.0,0.0,0.0,0.0
138.0,-69.0,-130.33333333333317,-69.0,0.0,4.819964238052455,1.0,3.0,0.007936507936507964,1.8862141541699537,-59.0369777091538,367.22122789607215,169.66666666666686,-126.00000000000045,63.00000000000023,119.00000000000202,63.00000000000023,0.0,0.0,0.0,0.0
137.0,-68.5,-129.38888888888872,-68.5,0.0,4.8328189700977395,1.0,3.0,0.007936507936507908,1.8941506621064617,-54.645433642759855,369.0040640080058,170.6111111111113,-126.00000000000045,63.00000000000023,119.00000000000202,63.00000000000023,0.0,0.0,0.0,0.0
136.0,-68.0,-128.44444444444426,-68.0,0.0,4.845596223155464,1.0,3.0,0.007936507936507964,1.9020871700429696,-50.21631171375233,370.7276377334963,171.55555555555577,-126.00000000000045,63.00000000000023,119.00000000000202,63.00000000000023,0.0,0.0,0.0,0.0
135.0,-67.5,-127.49999999999982,-67.5,0.0,4.8582956393173236,1.0,3.0,0.007936507936507908,1.9100236779794775,-45.75049814603709,372.3912393651312,172.50000000000017,-126.00000000000045,63.00000000000023,119.00000000000023,63.00000000000023,0.0,0.0,-2.256115294585478e-10,0.0
134.0,-67.0,-126.55555555555537,-67.0,0.0,4.870916864047351,1.0,3.0,0.007936507936507964,1.9179601859159854,-41.24889196948098,373.9941734308403,173.44444444444463,-126.00000000000045,63.00000000000023,119.00000000000023,63.00000000000023,0.0,0.0,0.0,0.0
133.0,-66.5,-125.61111111111093,-66.5,0.0,4.883459546154703,1.0,3.0,0.007936507936507908,1.9258966938524933,-36.712404781188155,375.5357589201151,174.38888888888908,-126.00000000000045,63.00000000000023,119.00000000000023,63.00000000000023,0.0,0.0,0.0,0.0
132.0,-66.0,-124.66666666666649,-66.0,0.0,4.895923337767121,1.0,3.0,0.007936507936507964,1.9338332017890012,-32.14196050282166,377.0153295061291,175.33333333333348,-126.00000000000045,63.00000000000023,119.00000000000023,63.00000000000023,0.0,0.0,0.0,0.0
131.0,-65.5,-123.72222222222204,-65.5,0.0,4.9083078943045075,1.0,3.0,0.007936507936507908,1.941769709725509,-27.538495134041835,378.4322337636902,176.27777777777794,-126.00000000000045,63.00000000000023,119.00000000000023,63.00000000000023,0.0,0.0,0.0,0.0
130.0,-65.0,-122.7777777777776,-65.0,0.0,4.920612874454271,1.0,3.0,0.007936507936507964,1.949706217662017,-22.90295650213309,379.7858353829581,177.2222222222224,-126.00000000000045,63.00000000000023,119.00000000000023,63.00000000000023,0.0,0.0,0.0,0.0
129.0,-64.5,-121.83333333333316,-64.5,0.0,4.932837940146054,1.0,3.0,0.007936507936507908,1.957642725598525,-18.236304007893718,381.07551337885934,178.16666666666686,-126.00000000000045,63.00000000000023,119.00000000000023,63.00000000000023,0.0,0.0,0.0,0.0
128.0,-64.0,-120.88888888888872,-64.0,0.0,4.944982756528508,1.0,3.0,0.007936507936507964,1.9655792335350328,-13.539508367862336,382.3006622961361,179.1111111111113,-126.00000000000045,63.00000000000023,119.00000000000023,63.00000000000023,0.0,0.0,0.0,0.0
127.0,-63.5,-119.94444444444427,-63.5,0.0,4.9570469919458295,1.0,3.0,0.007936507936507908,1.9735157414715407,-8.813551352957543,383.46069240996485,180.0555555555557,-126.00000000000045,63.00000000000023,119.00000000000023,63.00000000000023,0.0,0.0,0.0,0.0
126.0,-63.0,-118.99999999999983,-63.0,0.0,4.969030317914796,1.0,3.0,0.007936507936507964,1.9814522494080486,-4.059425523607952,384.5550299220814,181.00000000000017,-126.00000000000045,63.00000000000023,119.00000000000023,63.00000000000023,0.0,0.0,0.0,0.0
125.0,-62.5,-118.05555555555539,-62.5,0.0,4.980932409102488,1.0,3.0,0.007936507936507908,1.9893887573445566,0.721866038549327,385.5831171523538,181.94444444444463,-126.00000000000045,63.00000000000023,119.00000000000023,63.00000000000023,0.0,0.0,0.0,0.0
124.0,-62.0,-117.11111111111094,-62.0,0.0,4.9927529433049935,1.0,3.0,0.007936507936507964,1.9973252652810645,5.529310002323291,386.5444127257401,182.88888888888903,-126.00000000000045,63.00000000000023,119.00000000000023,63.00000000000023,0.0,0.0,0.0,0.0
123.0,-61.5,-116.1666666666665,-61.5,0.0,5.004491601427161,1.0,3.0,0.007936507936507908,2.0052617732175726,10.361883061896654,387.4383917545762,183.83333333333348,-125.99999999999692,62.99999999999846,118.99999999999689,62.99999999999846,4.4585135583473676e-10,-2.2292567791736838e-10,-4.2078340811712104e-10,-2.2292567791736838e-10
122.0,-61.0,-115.22222222222206,-61.0,0.0,5.016148067460413,1.0,3.0,0.007936507936507908,2.0131982811540805,15.21855221494325,388.2645460161342,184.77777777777794,-126.00000000000045,63.00000000000023,119.00000000000023,63.00000000000023,-4.4585135583474927e-10,2.2292567791737463e-10,4.2078340811713283e-10,2.2292567791737463e-10
121.0,-60.5,-114.27777777777762,-60.5,0.0,5.027722028464275,1.0,3.0,0.007936507936507908,2.0211347890905884,20.0982750438559,389.0223841253974,185.7222222222224,-126.00000000000045,63.00000000000023,119.00000000000023,63.00000000000023,0.0,0.0,0.0,0.0
120.0,-60.0,-113.33333333333317,-60.0,0.0,5.039213174546627,1.0,3.0,0.00793650793650802,2.0290712970270963,24.999999999999993,389.71143170299746,186.66666666666686,-126.00000000000045,63.00000000000023,119.00000000000023,63.00000000000023,0.0,0.0,0.0,0.0
119.0,-59.5,-112.38888888888873,-59.5,0.0,5.0506211988442935,1.0,3.0,0.007936507936507908,2.0370078049636042,29.922666690908606,390.3312315382607,187.61111111111126,-126.00000000000045,63.00000000000023,119.00000000000023,63.00000000000023,0.0,0.0,0.0,0.0
118.0,-59.0,-111.44444444444429,-59.0,0.0,5.061945797505533,1.0,3.0,0.007936507936507908,2.044944312900112,34.86520617033545,390.8813437473135,188.5555555555557,-126.00000000000045,63.00000000000023,119.00000000000023,63.00000000000023,0.0,0.0,0.0,0.0
117.0,-58.5,-110.49999999999984,-58.5,0.0,5.0731866696708545,1.0,3.0,0.007936507936507908,2.05288082083662,39.82654123107782,391.36134592619663,189.50000000000017,-126.00000000000045,63.00000000000023,119.00000000000023,63.00000000000023,0.0,0.0,0.0,0.0
116.0,-58.0,-109.5555555555554,-58.0,0.0,5.084343517457221,1.0,3.0,0.00793650793650802,2.060817328773128,44.8055867004857,391.77083329894,190.44444444444457,-126.00000000000045,63.00000000000023,119.00000000000023,63.00000000000023,0.0,0.0,0.0,0.0
115.0,-57.5,-108.61111111111096,-57.5,0.0,5.095416045939344,1.0,3.0,0.007936507936507908,2.068753836709636,49.801249738566064,392.1094188605515,191.38888888888903,-126.00000000000045,63.00000000000023,119.00000000000023,63.00000000000023,0.0,0.0,0.0,0.0
114.0,-57.0,-107.66666666666652,-57.0,0.0,5.106403963133926,1.0,3.0,0.007936507936507908,2.0766903446461438,54.81243013859669,392.37673351487626,192.33333333333348,-126.00000000000045,63.00000000000023,119.00000000000023,63.00000000000023,0.0,0.0,0.0,0.0
113.0,-56.5,-106.72222222222207,-56.5,0.0,5.117306979983859,1.0,3.0,0.007936507936507908,2.0846268525826517,59.83802063015977,392.57242620728016,193.27777777777794,-126.00000000000045,63.00000000000023,119.00000000000023,63.00000000000023,0.0,0.0,0.0,0.0
112.0,-56.0,-105.77777777777763,-56.0,0.0,5.128124810341562,1.0,3.0,0.00793650793650802,2.0925633605191596,64.87690718450425,392.696164052118,194.2222222222224,-126.00000000000045,63.00000000000023,119.00000000000023,63.00000000000023,0.0,0.0,0.0,0.0
111.0,-55.5,-104.83333333333319,-55.5,0.0,5.138857170954519,1.0,3.0,0.007936507936507908,2.1004998684556675,69.9279693221481,392.7476324549443,195.1666666666668,-126.00000000000045,63.00000000000023,119.00000000000023,63.00000000000023,0.0,0.0,0.0,0.0
110.0,-55.0,-103.88888888888874,-55.0,0.0,5.149503781449797,1.0,3.0,0.007936507936507908,2.1084363763921754,74.99008042262776,392.72653522942966,196.11111111111126,-126.00000000000045,63.00000000000023,119.00000000000023,63.00000000000023,0.0,0.0,0.0,0.0
109.0,-54.5,-102.9444444444443,-54.5,0.0,5.160064364319674,1.0,3.0,0.007936507936507908,2.1163728843286833,80.06210803630363,392.63259470894326,197.0555555555557,-126.00000000000045,63.00000000000023,119.00000000000023,63.00000000000023,0.0,0.0,0.0,0.0
108.0,-54.0,-101.99999999999986,-54.0,0.0,5.170538644907503,1.0,3.0,0.007936507936507908,2.124309392265191,85.1429141981288,392.46555185276765,198.0000000000001,-126.00000000000045,63.00000000000023,119.00000000000023,63.00000000000023,0.0,0.0,0.0,0.0
107.0,-53.5,-101.05555555555542,-53.5,0.0,5.180926351394078,1.0,3.0,0.00793650793650802,2.132245900201699,90.23135574328798,392.2251663469115,198.94444444444457,-126.00000000000045,63.00000000000023,119.00000000000023,63.00000000000023,0.0,0.0,0.0,0.0
106.0,-53.0,-100.11111111111097,-53.0,0.0,5.191227214783823,1.0,3.0,0.007936507936507908,2.140182408138207,95.32628462461226,391.91121669948706,199.88888888888903,-126.00000000000045,63.00000000000023,119.00000000000023,63.00000000000023,0.0,0.0,0.0,0.0
105.0,-52.5,-99.16666666666653,-52.5,0.0,5.201440968891766,1.0,3.0,0.007936507936507908,2.148118916074715,100.42654823167594,391.52350033062254,200.83333333333348,-126.00000000000045,63.00000000000023,119.00000000000023,63.00000000000023,0.0,0.0,0.0,0.0
104.0,-52.0,-98.22222222222209,-52.0,0.0,5.211567350331497,1.0,3.0,0.007936507936507908,2.156055424011223,105.53098971148101,391.06183365687986,201.77777777777794,-126.00000000000045,63.00000000000023,119.00000000000023,63.00000000000023,0.0,0.0,0.0,0.0
103.0,-51.5,-97.27777777777764,-51.5,0.0,5.221606098501267,1.0,3.0,0.00793650793650802,2.1639919319477308,110.63844829063189,390.52605217015054,202.72222222222234,-126.00000000000045,63.00000000000023,119.00000000000023,63.00000000000023,0.0,0.0,0.0,0.0
102.0,-51.0,-96.3333333333332,-51.0,0.0,5.23155695557352,1.0,3.0,0.007936507936507908,2.1719284398842387,115.74775959890752,389.9160105110039,203.6666666666668,-126.00000000000045,63.00000000000023,119.00000000000023,63.00000000000023,0.0,0.0,0.0,0.0
101.0,-50.5,-95.38888888888876,-50.5,0.0,5.241419666481914,1.0,3.0,0.007936507936507908,2.1798649478207466,120.85775599413199,389.2315825364629,204.61111111111126,-126.00000000000045,63.00000000000023,119.00000000000023,63.00000000000023,0.0,0.0,0.0,0.0
100.0,-50.0,-94.44444444444431,-50.0,0.0,5.251193978910695,1.0,3.0,0.007936507936507908,2.1878014557572545,125.9672668882487,388.4726613821862,205.55555555555566,-126.00000000000045,63.00000000000023,119.00000000000023,63.00000000000023,0.0,0.0,0.0,0.0
99.0,-49.5,-93.49999999999987,-49.5,0.0,5.26087964328271,1.0,3.0,0.00793650793650802,2.1957379636937624,131.07511907449964,387.63915951903533,206.5000000000001,-126.00000000000045,63.00000000000023,119.00000000000023,63.00000000000023,0.0,0.0,0.0,0.0
98.0,-49.0,-92.55555555555543,-49.0,0.0,5.2704764127492725,1.0,3.0,0.007936507936507908,2.2036744716302703,136.18013705561373,386.7310088040071,207.44444444444457,-126.00000000000045,63.00000000000023,119.00000000000023,63.00000000000023,0.0,0.0,0.0,0.0
97.0,-48.5,-91.61111111111099,-48.5,0.0,5.279984043178615,1.0,3.0,0.007936507936507908,2.211610979566778,141.28114337290484,385.74816052551495,208.38888888888903,-126.00000000000045,63.00000000000023,119.00000000000023,63.00000000000023,0.0,0.0,0.0,0.0
96.0,-48.0,-90.66666666666654,-48.0,0.0,5.2894022931469244,1.0,3.0,0.007936507936507908,2.219547487503286,146.37695893618383,384.6905854430033,209.33333333333348,-126.00000000000045,63.00000000000023,119.00000000000023,63.00000000000023,0.0,0.0,0.0,0.0
95.0,-47.5,-89.7222222222221,-47.5,0.0,5.298730923926896,1.0,3.0,0.00793650793650802,2.227483995439794,151.46640335438335,383.5582738208802,210.27777777777789,-126.00000000000045,63.00000000000023,119.00000000000023,63.00000000000023,0.0,0.0,0.0,0.0
94.0,-47.0,-88.77777777777766,-47.0,0.0,5.307969699478955,1.0,3.0,0.007936507936507908,2.235420503376302,156.5482952667995,382.3512354567575,211.22222222222234,-126.00000000000045,63.00000000000023,119.00000000000023,63.00000000000023,0.0,0.0,0.0,0.0
93.0,-46.5,-87.83333333333321,-46.5,0.0,5.317118386440868,1.0,3.0,0.007936507936507908,2.24335701131281,161.6214526748497,381.0694997039867,212.1666666666668,-126.00000000000045,63.00000000000023,119.00000000000023,63.00000000000023,0.0,0.0,0.0,0.0
92.0,-46.0,-86.88888888888877,-46.0,0.0,5.326176754119209,1.0,3.0,0.007936507936507908,2.2512935192493178,166.6846932742492,379.71311548848195,213.1111111111112,-126.00000000000045,63.00000000000023,119.00000000000023,63.00000000000023,0.0,0.0,0.0,0.0
91.0,-45.5,-85.94444444444433,-45.5,0.0,5.335144574479543,1.0,3.0,0.00793650793650802,2.2592300271858257,171.736834787506,378.2821513198237,214.05555555555566,-126.00000000000045,63.00000000000023,119.00000000000023,63.00000000000023,0.0,0.0,0.0,0.0
90.0,-45.0,-84.99999999999989,-45.0,0.0,5.344021622138884,1.0,3.0,0.007936507936507908,2.2671665351223336,176.77669529663686,376.77669529663694,215.0000000000001,-126.00000000000045,63.00000000000023,119.00000000000023,63.00000000000023,0.0,0.0,0.0,0.0
89.0,-44.5,-84.05555555555544,-44.5,0.0,5.352807674355321,1.0,3.0,0.007936507936507908,2.2751030430588415,181.80309357600203,375.19685510624106,215.94444444444457,-126.00000000000045,63.00000000000023,119.00000000000023,63.00000000000023,0.0,0.0,0.0,0.0
88.0,-44.0,-83.111111111111,-44.0,0.0,5.361502511021314,1.0,3.0,0.00793650793650802,2.2830395509953494,186.814849425163,373.5427580185686,216.88888888888903,-126.00000000000045,63.00000000000023,119.00000000000023,63.00000000000023,0.0,0.0,0.0,0.0
87.0,-43.5,-82.16666666666656,-43.5,0.0,5.3701059146541485,1.0,3.0,0.007936507936507908,2.2909760589318573,191.81078400166066,371.8145508743533,217.83333333333343,-126.00000000000045,63.00000000000023,119.00000000000023,63.00000000000023,0.0,0.0,0.0,0.0
86.0,-43.0,-81.22222222222211,-43.0,0.0,5.378617670389476,1.0,3.0,0.007936507936507908,2.298912566868365,196.78972015361768,370.0124000675895,218.77777777777789,-126.00000000000045,63.00000000000023,119.00000000000023,63.00000000000023,0.0,0.0,0.0,0.0
85.0,-42.5,-80.27777777777767,-42.5,0.0,5.38703756597224,1.0,3.0,0.007936507936507908,2.306849074804873,201.7504827520626,368.1364915222643,219.72222222222234,-126.00000000000045,63.00000000000023,119.00000000000023,63.00000000000023,0.0,0.0,0.0,0.0
84.0,-42.0,-79.33333333333323,-42.0,0.0,5.3953653917502775,1.0,3.0,0.00793650793650802,2.314785582741381,206.6918990228792,366.1870306633693,220.66666666666674,-126.00000000000045,63.00000000000023,119.00000000000023,63.00000000000023,0.0,0.0,0.0,0.0
83.0,-41.5,-78.38888888888879,-41.5,0.0,5.403600940665979,1.0,3.0,0.007936507936507908,2.322722090677889,211.61279887828,364.1642423821988,221.6111111111112,-126.00000000000045,63.00000000000023,119.00000000000023,63.00000000000023,0.0,0.0,0.0,0.0
82.0,-41.0,-77.44444444444434,-41.0,0.0,5.411744008249968,1.0,3.0,0.007936507936507908,2.330658598614397,216.51201524770613,362.06837099594094,222.55555555555566,-126.00000000000045,63.00000000000023,119.00000000000023,63.00000000000023,0.0,0.0,0.0,0.0
81.0,-40.5,-76.4999999999999,-40.5,0.0,5.419794392613712,1.0,3.0,0.007936507936507908,2.3385951065509047,221.38838440805392,359.8996802015735,223.5000000000001,-126.00000000000045,63.00000000000023,119.00000000000023,63.00000000000023,0.0,0.0,0.0,0.0
80.0,-40.0,-75.55555555555546,-40.0,0.0,5.4277518944432614,1.0,3.0,0.00793650793650802,2.3465316144874127,226.24074631313056,357.65845302407644,224.44444444444454,-126.00000000000045,63.00000000000023,119.00000000000023,63.00000000000023,0.0,0.0,0.0,0.0
79.0,-39.5,-74.61111111111101,-39.5,0.0,5.4356163169920135,1.0,3.0,0.007936507936507908,2.3544681224239206,231.06794492223895,355.3449917589739,225.38888888888897,-126.00000000000045,63.00000000000023,119.00000000000023,63.00000000000023,0.0,0.0,0.0,0.0
78.0,-39.0,-73.66666666666657,-39.0,0.0,5.443387466074972,1.0,3.0,0.007936507936507908,2.3624046303604285,235.8688285277946,352.9596179092205,226.33333333333343,-126.00000000000045,63.00000000000023,119.00000000000023,63.00000000000023,0.0,0.0,0.0,0.0
77.0,-38.5,-72.72222222222213,-38.5,0.0,5.451065150061748,1.0,3.0,0.007936507936507908,2.3703411382969364,240.64225008187643,350.50267211645206,227.27777777777789,-126.00000000000045,63.00000000000023,119.00000000000023,63.00000000000023,0.0,0.0,0.0,0.0
76.0,-38.0,-71.77777777777769,-38.0,0.0,5.458649179871807,1.0,3.0,0.00793650793650802,2.3782776462334443,245.38706752161406,347.97451408661396,228.2222222222223,-126.00000000000045,63.00000000000023,119.00000000000023,63.00000000000023,0.0,0.0,0.0,0.0
75.0,-37.5,-70.83333333333324,-37.5,0.0,5.466139368966674,1.0,3.0,0.007936507936507908,2.386214154169952,250.10214409331292,345.3755225099939,229.16666666666674,-126.00000000000045,63.00000000000023,119.00000000000023,63.00000000000023,0.0,0.0,0.0,0.0
74.0,-37.0,-69.8888888888888,-37.0,0.0,5.47353553334629,1.0,3.0,0.007936507936507908,2.39415066210646,254.78634867522302,342.70609497567597,230.1111111111112,-126.00000000000045,63.00000000000023,119.00000000000023,63.00000000000023,0.0,0.0,0.0,0.0
73.0,-36.5,-68.94444444444436,-36.5,0.0,5.480837491541842,1.0,3.0,0.007936507936507908,2.402087170042968,259.4385560988516,339.9666478804424,231.05555555555566,-126.00000000000045,63.00000000000023,119.00000000000023,63.00000000000023,0.0,0.0,0.0,0.0
72.0,-36.0,-67.99999999999991,-36.0,0.0,5.488045064610895,1.0,3.0,0.00793650793650802,2.410023677979476,264.0576474687263,337.1576163321491,232.00000000000009,-126.00000000000045,63.00000000000023,119.00000000000023,63.00000000000023,0.0,0.0,0.0,0.0
71.0,-35.5,-67.05555555555547,-35.5,0.0,5.4951580761325545,1.0,3.0,0.007936507936507908,2.417960185915984,268.64251048051113,334.27945404759834,232.9444444444445,-126.00000000000045,63.00000000000023,119.00000000000023,63.00000000000023,0.0,0.0,0.0,0.0
70.0,-35.0,-66.11111111111103,-35.0,0.0,5.502176352201356,1.0,3.0,0.007936507936507908,2.4258966938524917,273.19203973738166,331.3326332449432,233.88888888888897,-126.00000000000045,63.00000000000023,119.00000000000023,63.00000000000023,0.0,0.0,0.0,0.0
69.0,-34.5,-65.16666666666659,-34.5,0.0,5.509099721423255,1.0,3.0,0.007936507936507908,2.4338332017889996,277.7051370645639,328.3176445306486,234.83333333333343,-126.00000000000045,63.00000000000023,119.00000000000023,63.00000000000023,0.0,0.0,0.0,0.0
68.0,-34.0,-64.22222222222214,-34.0,0.0,5.515928014910056,1.0,3.0,0.00793650793650802,2.4417697097255076,282.1807118219428,325.23499678104423,235.77777777777786,-126.00000000000045,63.00000000000023,119.00000000000023,63.00000000000023,0.0,0.0,0.0,0.0
67.0,-33.5,-63.27777777777769,-33.5,0.0,5.52266106627507,1.0,3.0,0.007936507936507908,2.4497062176620155,286.6176812146468,322.08521701850265,236.7222222222223,-126.00000000000045,63.00000000000023,119.00000000000112,63.00000000000023,0.0,0.0,1.128057647292739e-10,0.0
66.0,-33.0,-62.33333333333324,-33.0,0.0,5.529298711628214,1.0,3.0,0.007936507936507908,2.4576427255985234,291.014970601516,318.868850282277,237.66666666666674,-126.00000000000045,63.00000000000023,119.00000000000112,63.00000000000023,0.0,0.0,0.0,0.0
65.0,-32.5,-61.38888888888879,-32.5,0.0,5.535840789572056,1.0,3.0,0.007936507936507908,2.4655792335350313,295.3715138013613,315.586459494036,238.6111111111112,-126.00000000000045,63.00000000000023,119.00000000000112,63.00000000000023,0.0,0.0,0.0,0.0
64.0,-32.0,-60.44444444444434,-32.0,0.0,5.542287141196604,1.0,3.0,0.00793650793650802,2.473515741471539,299.6862533969219,312.2386253181347,239.55555555555566,-126.00000000000045,63.00000000000023,119.00000000000112,63.00000000000023,0.0,0.0,0.0,0.0
63.0,-31.5,-59.49999999999989,-31.5,0.0,5.548637610076215,1.0,3.0,0.007936507936507908,2.481452249408047,303.9581410364323,308.8259460166608,240.5000000000001,-126.00000000000045,63.00000000000023,119.00000000000112,63.00000000000023,0.0,0.0,0.0,0.0
62.0,-31.0,-58.55555555555544,-31.0,0.0,5.554892042264308,1.0,3.0,0.007936507936507908,2.489388757344555,308.1861377327062,305.34903729929897,241.44444444444457,-126.00000000000045,63.00000000000023,119.00000000000112,63.00000000000023,0.0,0.0,0.0,0.0
61.0,-30.5,-57.61111111111099,-30.5,0.0,5.561050286290201,1.0,3.0,0.007936507936507908,2.497325265281063,312.36921415964883,301.80853216805525,242.388888888889,-126.00000000000045,63.00000000000023,119.00000000000112,63.00000000000023,0.0,0.0,0.0,0.0
60.0,-30.0,-56.66666666666654,-30.0,0.0,5.5671121931549346,1.0,3.0,0.00793650793650802,2.505261773217571,316.50635094610965,298.20508075688775,243.33333333333346,-126.00000000000045,63.00000000000023,119.00000000000112,63.00000000000023,0.0,0.0,0.0,0.0
59.0,-29.5,-55.72222222222209,-29.5,0.0,5.573077616327372,1.0,3.0,0.007936507936507797,2.5131982811540787,320.5965389669857,294.5393501662893,244.2777777777779,-126.00000000000045,63.00000000000023,119.00000000000112,63.00000000000023,0.0,0.0,0.0,0.0
58.0,-29.0,-54.777777777777644,-29.0,0.0,5.578946411740973,1.0,3.0,0.007936507936507908,2.5211347890905866,324.63877963148985,290.8120242928695,245.22222222222234,-126.00000000000045,63.00000000000023,119.00000000000112,63.00000000000023,0.0,0.0,0.0,0.0
57.0,-28.5,-53.833333333333194,-28.5,0.0,5.584718437789723,1.0,3.0,0.007936507936507908,2.5290712970270945,328.6320851684968,287.02380365398693,246.1666666666668,-126.00000000000045,63.00000000000023,119.00000000000112,63.00000000000023,0.0,0.0,0.0,0.0
56.0,-28.0,-52.888888888888744,-28.0,0.0,5.5903935553243915,1.0,3.0,0.00793650793650813,2.5370078049636025,332.5754789088811,283.1754052074811,247.11111111111126,-126.00000000000045,63.00000000000023,119.00000000000112,63.00000000000023,0.0,0.0,0.0,0.0
55.0,-27.5,-51.944444444444294,-27.5,0.0,5.595971627650731,1.0,3.0,0.007936507936507908,2.5449443129001104,336.4679955647646,279.2675621665569,248.0555555555557,-126.00000000000045,63.00000000000023,119.00000000000112,63.00000000000023,0.0,0.0,0.0,0.0
54.0,-27.0,-50.999999999999844,-27.0,0.0,5.601452520524326,1.0,3.0,0.007936507936507908,2.5528808208366183,340.30868150558655,275.30102380987626,249.00000000000017,-126.00000000000045,63.00000000000023,119.00000000000112,63.00000000000023,0.0,0.0,0.0,0.0
53.0,-26.5,-50.055555555555394,-26.5,0.0,5.606836102148445,1.0,3.0,0.007936507936507908,2.560817328773126,344.096595030916,271.2765552869108,249.9444444444446,-126.00000000000045,63.00000000000023,119.00000000000112,63.00000000000023,0.0,0.0,0.0,0.0
52.0,-26.0,-49.111111111110944,-26.0,0.0,5.612122243170502,1.0,3.0,0.007936507936507908,2.568753836709634,347.8308066399234,267.19493741861385,250.88888888888906,-126.00000000000045,63.00000000000023,119.00000000000112,63.00000000000023,0.0,0.0,0.0,0.0
51.0,-25.5,-48.166666666666494,-25.5,0.0,5.617310816679994,1.0,3.0,0.007936507936507908,2.576690344646142,351.5103992974326,263.056966493468,251.8333333333335,-126.00000000000045,63.00000000000023,119.00000000000112,63.00000000000023,0.0,0.0,0.0,0.0
50.0,-25.0,-47.222222222222044,-25.0,0.0,5.622401698204194,1.0,3.0,0.007936507936507908,2.58462685258265,355.13446869647044,258.8634540589705,252.77777777777794,-126.00000000000045,63.00000000000023,119.00000000000112,63.00000000000023,0.0,0.0,0.0,0.0
49.0,-24.5,-46.277777777777594,-24.5,0.0,5.627394765706242,1.0,3.0,0.007936507936507908,2.592563360519158,358.7021235172373,254.61522670861422,253.7222222222224,-126.00000000000045,63.00000000000023,119.00000000000112,63.00000000000023,0.0,0.0,0.0,0.0
48.0,-24.0,-45.333333333333144,-24.0,0.0,5.632289899582695,1.0,3.0,0.007936507936507908,2.6004998684556657,362.21248568242186,250.3131258644289,254.66666666666686,-126.00000000000045,63.00000000000023,119.00000000000112,63.00000000000023,0.0,0.0,0.0,0.0
47.0,-23.5,-44.388888888888694,-23.5,0.0,5.637086982659744,1.0,3.0,0.007936507936507908,2.6084363763921736,365.6646906087807,245.9580075551457,255.6111111111113,-126.00000000000045,63.00000000000023,119.00000000000112,63.00000000000023,0.0,0.0,0.0,0.0
46.0,-23.0,-43.444444444444244,-23.0,0.0,5.641785900191913,1.0,3.0,0.00793650793650813,2.6163728843286815,369.0578874549095,241.5507421900487,256.55555555555577,-126.00000000000045,63.00000000000023,119.00000000000112,63.00000000000023,0.0,0.0,0.0,0.0
45.0,-22.5,-42.499999999999794,-22.5,0.0,5.646386539858483,1.0,3.0,0.007936507936507908,2.6243093922651894,372.3912393651312,237.09221432858203,257.5000000000002,-126.00000000000045,63.00000000000023,119.00000000000112,63.00000000000023,0.0,0.0,0.0,0.0
44.0,-22.0,-41.555555555555344,-22.0,0.0,5.6508887917620605,1.0,3.0,0.007936507936507908,2.6322459002016974,375.6639237094271,232.5833224457775,258.4444444444447,-126.00000000000045,63.00000000000023,119.00000000000112,63.00000000000023,0.0,0.0,0.0,0.0
43.0,-21.5,-40.611111111110894,-21.5,0.0,5.6552925484252805,1.0,3.0,0.007936507936507908,2.6401824081382053,378.87513231934025,228.02497869357407,259.38888888888914,-126.00000000000045,63.00000000000023,119.00000000000112,63.00000000000023,0.0,0.0,0.0,0.0
42.0,-21.0,-39.666666666666444,-21.0,0.0,5.659597704789436,1.0,3.0,0.007936507936507908,2.648118916074713,382.02407171977933,223.4181086580968,260.33333333333354,-126.00000000000045,63.00000000000023,119.00000000000112,63.00000000000023,0.0,0.0,0.0,0.0
41.0,-20.5,-38.722222222221994,-20.5,0.0,5.663804158211746,1.0,3.0,0.007936507936507908,2.656055424011221,385.1099633566538,218.76365111296838,261.277777777778,-126.00000000000045,63.00000000000023,119.00000000000112,63.00000000000023,0.0,0.0,0.0,0.0
40.0,-20.0,-37.777777777777544,-20.0,0.0,5.667911808463311,1.0,3.0,0.007936507936507908,2.663991931947729,388.1320438202727,214.06255776872507,262.22222222222246,-126.00000000000045,63.00000000000023,119.00000000000112,63.00000000000023,0.0,0.0,0.0,0.0
39.0,-19.5,-36.833333333333094,-19.5,0.0,5.671920557727054,1.0,3.0,0.007936507936507908,2.671928439884237,391.0895650644388,209.31579301841026,263.1666666666669,-126.00000000000045,63.00000000000023,119.00000000000112,63.00000000000023,0.0,0.0,0.0,0.0
38.0,-19.0,-35.888888888888644,-19.0,0.0,5.675830310596117,1.0,3.0,0.00793650793650813,2.679864947820745,393.98179462117366,204.52433367942086,264.11111111111137,-126.00000000000045,63.00000000000023,119.00000000000112,63.00000000000023,0.0,0.0,0.0,0.0
37.0,-18.5,-34.944444444444194,-18.5,0.0,5.67964097407119,1.0,3.0,0.007936507936507908,2.6878014557572527,396.80801581100843,199.68916873168274,265.05555555555577,-126.00000000000045,63.00000000000023,119.00000000000112,63.00000000000023,0.0,0.0,0.0,0.0
36.0,-18.0,-33.999999999999744,-18.0,0.0,5.6833524575595336,1.0,3.0,0.007936507936507908,2.6957379636937606,399.56752794877787,194.81129905223156,266.0000000000002,-126.00000000000045,63.00000000000023,119.00000000000112,63.00000000000023,0.0,0.0,0.0,0.0
35.0,-17.5,-33.055555555555294,-17.5,0.0,5.6869646728726,1.0,3.0,0.007936507936507908,2.7036744716302685,402.2596465448551,189.89173714627753,266.9444444444447,-126.00000000000045,63.00000000000023,119.00000000000112,63.00000000000023,0.0,0.0,0.0,0.0
34.0,-17.0,-32.111111111110844,-17.0,0.0,5.690477534224125,1.0,3.0,0.007936507936507908,2.7116109795667764,404.88370350176723,184.93150687483362,267.88888888888914,-126.00000000000045,63.00000000000023,119.00000000000112,63.00000000000023,0.0,0.0,0.0,0.0
33.0,-16.5,-31.166666666666398,-16.5,0.0,5.693890958229422,1.0,3.0,0.007936507936507908,2.7195474875032843,407.4390473061331,179.93164317898612,268.8333333333336,-126.00000000000045,63.00000000000023,119.00000000000067,63.00000000000023,0.0,0.0,-5.7298166211694686e-11,0.0
32.0,-16.0,-30.22222222222195,-16.0,0.0,5.697204863902608,1.0,3.0,0.007936507936507908,2.7274839954397923,409.9250432158649,174.89319180089083,269.77777777777806,-126.00000000000045,63.00000000000023,119.00000000000067,63.00000000000023,0.0,0.0,0.0,0.0
31.0,-15.5,-29.277777777777505,-15.5,0.0,5.700419172655928,1.0,3.0,0.007936507936507908,2.7354205033763,412.3410734425782,169.81720900157512,270.7222222222225,-126.00000000000045,63.00000000000023,119.00000000000067,63.00000000000023,0.0,0.0,0.0,0.0
30.0,-15.0,-28.33333333333306,-15.0,0.0,5.703533808297816,1.0,3.0,0.00793650793650813,2.743357011312808,414.6865373291548,164.70476127563023,271.66666666666697,-126.00000000000045,63.00000000000023,119.00000000000067,63.00000000000023,0.0,0.0,0.0,0.0
29.0,-14.5,-27.388888888888612,-14.5,0.0,5.706548697031449,1.0,3.0,0.007936507936507908,2.751293519249316,416.9608515224061,159.5569250628778,272.6111111111114,-126.00000000000045,63.00000000000023,119.00000000000067,63.00000000000023,0.0,0.0,0.0,0.0
28.0,-14.0,-26.444444444444166,-14.0,0.0,5.709463767453797,1.0,3.0,0.007936507936507908,2.759230027185824,419.16345014078456,154.37478645709515,273.5555555555558,-126.00000000000045,63.00000000000023,119.00000000000067,63.00000000000023,0.0,0.0,0.0,0.0
27.0,-13.5,-25.49999999999972,-13.5,0.0,5.712278950553696,1.0,3.0,0.007936507936507908,2.767166535122332,421.2937849370927,149.15944091188575,274.5000000000003,-126.00000000000045,63.00000000000023,119.00000000000067,63.00000000000023,0.0,0.0,0.0,0.0
26.0,-13.0,-24.555555555555273,-13.0,0.0,5.714994179711037,1.0,3.0,0.007936507936507908,2.7751030430588397,423.35132545614226,143.9119929437818,275.44444444444474,-126.00000000000045,63.00000000000023,119.00000000000067,63.00000000000023,0.0,0.0,0.0,0.0
25.0,-12.5,-23.611111111110826,-12.5,0.0,5.717609390695301,1.0,3.0,0.007936507936507908,2.7830395509953476,425.3355591873133,138.63355583266565,276.38888888888914,-126.00000000000045,63.00000000000023,119.00000000000067,63.00000000000023,0.0,0.0,0.0,0.0
24.0,-12.0,-22.66666666666638,-12.0,0.0,5.720124521664549,1.0,3.0,0.007936507936507908,2.7909760589318555,427.24599171197156,133.32525131959991,277.3333333333336,-126.00000000000045,63.00000000000023,119.00000000000067,63.00000000000023,0.0,0.0,0.0,0.0
23.0,-11.5,-21.722222222221934,-11.5,0.0,5.722539513164152,1.0,3.0,0.00793650793650813,2.7989125668683634,429.08214684569555,127.9882093021541,278.27777777777806,-126.00000000000045,63.00000000000023,119.00000000000067,63.00000000000023,0.0,0.0,0.0,0.0
22.0,-11.0,-20.777777777777487,-11.0,0.0,5.7248543081257335,1.0,3.0,0.007936507936507908,2.8068490748048713,430.8435667752735,122.62356752731867,279.2222222222225,-126.00000000000045,63.00000000000023,119.00000000000067,63.00000000000023,0.0,0.0,0.0,0.0
21.0,-10.5,-19.83333333333304,-10.5,0.0,5.727068851866401,1.0,3.0,0.007936507936507908,2.8147855827413792,432.52981219042897,117.23247128209698,280.16666666666697,-126.00000000000045,63.00000000000023,119.00000000000067,63.00000000000023,0.0,0.0,0.0,0.0
20.0,-10.0,-18.888888888888594,-10.0,0.0,5.729183092087411,1.0,3.0,0.007936507936507908,2.822722090677887,434.1404624102337,111.81607308186638,281.1111111111114,-126.00000000000045,63.00000000000023,119.00000000000067,63.00000000000023,0.0,0.0,0.0,0.0
19.0,-9.5,-17.944444444444148,-9.5,0.0,5.731196978873383,1.0,3.0,0.007936507936507908,2.830658598614395,435.67511550417123,106.3755323566008,282.0555555555559,-126.00000000000045,63.00000000000023,119.00000000000067,63.00000000000023,0.0,0.0,0.0,0.0
18.0,-9.0,-16.9999999999997,-9.0,0.0,5.733110464691587,1.0,3.0,0.007936507936507908,2.838595106550903,437.1333884078151,100.91201513504724,283.0000000000003,-126.00000000000045,63.00000000000023,119.00000000000067,63.00000000000023,0.0,0.0,0.0,0.0
17.0,-8.5,-16.055555555555255,-8.5,0.0,5.73492350439086,1.0,3.0,0.007936507936507908,2.846531614487411,438.51491703308625,95.42669372695006,283.94444444444474,-126.00000000000045,63.00000000000023,119.00000000000067,63.00000000000023,0.0,0.0,0.0,0.0
16.0,-8.0,-15.111111111110809,-8.0,0.0,5.736636055201075,1.0,3.0,0.007936507936507908,2.854468122423919,439.8193563730564,89.92074640341625,284.8888888888892,-126.00000000000045,63.00000000000023,119.00000000000067,63.00000000000023,0.0,0.0,0.0,0.0
15.0,-7.5,-14.166666666666362,-7.5,0.0,5.738248076731932,1.0,3.0,0.00793650793650813,2.8624046303604267,441.04638060126626,84.3953570755171,285.8333333333336,-126.00000000000045,63.00000000000023,119.00000000000067,63.00000000000023,0.0,0.0,0.0,0.0
14.0,-7.0,-13.222222222221916,-7.0,0.0,5.739759530972962,1.0,3.0,0.007936507936507908,2.8703411382969346,442.1956831655298,78.85171497122047,286.77777777777806,-126.00000000000045,63.00000000000023,119.00000000000067,63.00000000000023,0.0,0.0,0.0,0.0
13.0,-6.5,-12.27777777777747,-6.5,0.0,5.741170382292295,1.0,3.0,0.007936507936507908,2.8782776462334425,443.2669768761939,73.29101431074973,287.7222222222225,-126.00000000000045,63.00000000000023,119.00000000000067,63.00000000000023,0.0,0.0,0.0,0.0
12.0,-6.0,-11.333333333333023,-6.0,0.0,5.74248059743621,1.0,3.0,0.007936507936507908,2.8862141541699504,444.2599939888295,67.71445398046528,288.66666666666697,-126.00000000000045,63.00000000000023,119.00000000000067,63.00000000000023,0.0,0.0,0.0,0.0
11.0,-5.5,-10.388888888888577,-5.5,0.0,5.743690145528642,1.0,3.0,0.007936507936507908,2.8941506621064583,445.1744862813275,62.12323720536502,289.6111111111114,-126.00000000000045,63.00000000000023,119.00000000000067,63.00000000000023,0.0,0.0,0.0,0.0
10.0,-5.0,-9.44444444444413,-5.0,0.0,5.744798998070717,1.0,3.0,0.007936507936507908,2.9020871700429662,446.010225125378,56.51857122030066,290.5555555555559,-126.00000000000045,63.00000000000023,119.00000000000067,63.00000000000023,0.0,0.0,0.0,0.0
9.0,-4.5,-8.499999999999684,-4.5,0.0,5.745807128939965,1.0,3.0,0.007936507936507908,2.910023677979474,446.7670015523096,50.901666940007466,291.50000000000034,-126.00000000000045,63.00000000000023,119.00000000000067,63.00000000000023,0.0,0.0,0.0,0.0
8.0,-4.0,-7.555555555555237,-4.0,0.0,5.746714514390245,1.0,3.0,0.007936507936507908,2.917960185915982,447.4446263132701,45.27373862804446,292.4444444444448,-126.00000000000045,63.00000000000023,119.00000000000067,63.00000000000023,0.0,0.0,0.0,0.0
7.0,-3.5,-6.611111111110791,-3.5,0.0,5.7475211330510785,1.0,3.0,0.00793650793650813,2.92589669385249,448.0429299337311,39.63600356474377,293.3888888888892,-126.00000000000045,63.00000000000023,119.00000000000067,63.00000000000023,0.0,0.0,0.0,0.0
6.0,-3.0,-5.6666666666663446,-3.0,0.0,5.748226965927454,1.0,3.0,0.007936507936507908,2.933833201788998,448.56176276229814,33.98968171426671,294.33333333333366,-126.00000000000045,63.00000000000023,119.00000000000067,63.00000000000023,0.0,0.0,0.0,0.0
5.0,-2.5,-4.722222222221898,-2.5,0.0,5.748831996399354,1.0,3.0,0.007955471498035438,2.941788673287033,449.00099501381357,28.335995390865694,295.2777777777781,-125.69965215097216,62.84982607548608,118.71633814258506,62.84982607548608,37.753620147149846,-18.876810073574923,-35.656196805640725,-18.876810073574923
4.0,-2.0,-3.7777777777774517,-2.0,0.0,5.74933621022162,1.0,3.0,0.00856195905492707,2.9503506323419604,449.36051680673876,22.676168924450362,296.2222222222225,-116.79569986082956,58.39784993041478,110.30704986856148,58.39784993041478,1039.943339254641,-519.9716696273205,-982.1687092960516,-519.9716696273205
3.0,-1.5,-2.8333333333330053,-1.5,0.0,5.749739595523664,1.0,3.0,0.00971826013292354,2.960068892474884,449.64023819480406,17.011428325557112,297.16666666666697,-102.89907723422613,51.44953861711306,97.18246183232488,51.44953861711306,1429.9496449497608,-714.9748224748804,-1350.5079980081105,-714.9748224748804
2.0,-1.0,-1.8888888888885589,-1.0,0.0,5.750042142809201,1.0,3.0,0.011527651942964567,2.9715965444178485,449.84008919291693,11.34300094982113,298.1111111111114,-86.7479348741362,43.3739674370681,81.92860515890659,43.3739674370681,1401.078245595983,-700.5391227979915,-1323.2405652850973,-700.5391227979915
1.0,-0.5,-0.9444444444441124,-0.5,0.0,5.750243844956191,1.0,3.0,0.015023128501353344,2.986619672919202,449.9600197973211,5.672115162050245,299.0555555555559,-66.5640315803673,33.28201579018365,62.86602982590259,33.28201579018365,1343.521976261513,-671.7609881307565,-1268.8818664692092,-671.7609881307565
0.0,0.0,3.341771304121721e-13,0.0,0.0,5.7503446972166685,1.0,3.0,0.03626904057724123,3.0228887134964433,450.0,5.878304635907296e-14,300.00000000000034,-27.57172464681882,13.78586232340941,26.039962166440056,13.78586232340941,1075.085150116043,-537.5425750580215,-1015.3581973318205,-537.5425750580215
