J1_Position,J2_Position,J3_Position,J4_Position,Error,MM_Step,Deg_step,Move_ID,Time,Time_Total,X,Y,Z,J1_Velocity,J2_Velocity,J3_Velocity,J4_Velocity,J1_Acceleration,J2_Acceleration,J3_Acceleration,J4_Acceleration
0.0,0.0,0.0,0.0,0.0,0.0,0.0,1.0,0.0,0.0,450.0,5.878304635907296e-14,300.0,0.0,0.0,0.0,0.0,0.0,0.0,0.0,0.0
1.0,-0.5,-0.9444444444444444,-0.5,0.0,5.7503446972166685,1.0,2.0,0.0,0.0,449.9600197973211,5.672115162050245,299.05555555555554,0.0,0.0,0.0,0.0,0.0,0.0,0.0,0.0
2.0,-1.0,-1.8888888888888888,-1.0,0.0,5.750243844956191,1.0,2.0,0.08195069690144581,0.08195069690144581,449.84008919291693,11.34300094982113,298.1111111111111,12.20245876862528,-6.10122938431264,-11.524544392590542,-6.10122938431264,148.9,-74.45,-140.62777777777777,-74.45
3.0,-1.5,-2.833333333333333,-1.5,0.0,5.750042142809201,1.0,2.0,0.018417998835566524,0.10036869573701233,449.64023819480406,17.011428325557112,297.16666666666663,54.294715127732864,-27.147357563866432,-51.27834206508103,-27.147357563866432,2285.387068101248,-1142.693534050624,-2158.4211198734006,-1142.693534050624
4.0,-2.0,-3.7777777777777777,-2.0,0.0,5.749739595523654,1.0,2.0,0.015527091266939103,0.11589578700395144,449.36051680673876,22.676168924450362,296.22222222222223,64.403562960259,-32.2017814801295,-60.825587240244616,-32.2017814801295,651.0458178377743,-325.52290891888714,-614.876605735677,-325.52290891888714
5.0,-2.5,-4.722222222222222,-2.5,0.0,5.749336210221629,1.0,2.0,0.01367964201938461,0.12957542902333605,449.00099501381357,28.335995390865694,295.27777777777777,73.10132813292623,-36.55066406646311,-69.04014323665257,-36.55066406646311,635.818185910285,-317.9090929551425,-600.4949533597145,-317.9090929551425
6.0,-3.0,-5.666666666666667,-3.0,0.0,5.748831996399345,1.0,2.0,0.012367341725645437,0.14194277074898148,448.56176276229814,33.98968171426671,294.33333333333337,80.85811989219626,-40.42905994609813,-76.36600212040759,-40.42905994609813,627.1995980498559,-313.59979902492796,-592.3551759359742,-313.59979902492796
7.0,-3.5,-6.611111111111112,-3.5,0.0,5.748226965927454,1.0,2.0,0.011372944457302053,0.15331571520628354,448.0429299337311,39.63600356474377,293.3888888888889,87.92797711747772,-43.96398855873886,-83.04308949984008,-43.96398855873886,621.6382443283834,-310.8191221641917,-587.1027863101395,-310.8191221641917
8.0,-4.0,-7.555555555555556,-4.0,0.0,5.747521133051088,1.0,2.0,0.010585678596608084,0.16390139380289162,447.4446263132701,45.27373862804446,292.44444444444446,94.4672550629324,-47.2336275314662,-89.21907422610283,-47.2336275314662,617.7476376006749,-308.87381880033746,-583.4283244006383,-308.87381880033746
9.0,-4.5,-8.5,-4.5,0.0,5.746714514390245,1.0,2.0,0.009942286703035541,0.17384368050592716,446.7670015523096,50.901666940007466,291.5,100.58048312916623,-50.29024156458311,-94.99267851087914,-50.29024156458311,614.8714323805773,-307.43571619028864,-580.7119083594257,-307.43571619028864
10.0,-5.0,-9.444444444444445,-5.0,0.0,5.745807128939965,1.0,2.0,0.009403648569187045,0.1832473290751142,446.010225125378,56.51857122030066,290.55555555555554,106.3417026532342,-53.1708513266171,-100.43383028361009,-53.1708513266171,612.6578935484433,-306.32894677422166,-578.6213439068725,-306.32894677422166
11.0,-5.5,-10.38888888888889,-5.5,0.0,5.744798998070717,1.0,2.0,0.008944091062413034,0.19219142013752724,445.1744862813275,62.12323720536502,289.6111111111111,111.80565951552478,-55.90282975776239,-105.59423398688453,-55.90282975776239,610.9013005527764,-305.4506502763882,-576.9623394109552,-305.4506502763882
12.0,-6.0,-11.333333333333334,-6.0,0.0,5.743690145528642,1.0,2.0,0.008545971336497427,0.20073739147402467,444.2599939888295,67.71445398046528,288.66666666666663,117.01420009792015,-58.507100048960076,-110.51341120359128,-58.507100048960076,609.4732099265497,-304.73660496327483,-575.6135871528527,-304.73660496327483
13.0,-6.5,-12.277777777777779,-6.5,0.0,5.742480597436201,1.0,2.0,0.008196709852475281,0.20893410132649995,443.2669768761939,73.29101431074973,287.72222222222223,122.00017055599635,-61.000085277998174,-115.22238330288546,-61.000085277998174,608.2892462724551,-304.14462313622755,-574.4953992573189,-304.14462313622755
14.0,-7.0,-13.222222222222223,-7.0,0.0,5.741170382292295,1.0,2.0,0.007887062443157178,0.21682116376965713,442.1956831655298,78.85171497122047,286.77777777777777,126.78991794563524,-63.39495897281762,-119.7460336153222,-63.39495897281762,607.2916785126355,-303.64583925631774,-573.5532519286019,-303.64583925631774
15.0,-7.5,-14.166666666666668,-7.5,0.0,5.739759530972953,1.0,2.0,0.0076100627112958286,0.22443122648095296,441.04638060126626,84.3953570755171,285.83333333333337,131.40496181663156,-65.70248090831578,-124.10468616015206,-65.70248090831578,606.4396636503506,-303.2198318251753,-572.7485712253307,-303.2198318251753
16.0,-8.0,-15.111111111111112,-8.0,0.0,5.738248076731941,1.0,2.0,0.0073603475269499175,0.23179157400790287,439.8193563730564,89.92074640341625,284.8888888888889,135.86314998558143,-67.93157499279071,-128.3151972086047,-67.93157499279071,605.7034878619814,-302.8517439309907,-572.0532940918695,-302.8517439309907
17.0,-8.5,-16.055555555555557,-8.5,0.0,5.736636055201075,1.0,2.0,0.007133711682786287,0.23892528569068916,438.51491703308625,95.42669372695006,283.94444444444446,140.1794808182407,-70.08974040912035,-132.39173188389404,-70.08974040912035,605.0610151619419,-302.53050758097095,-571.446514319615,-302.53050758097095
18.0,-9.0,-17.0,-9.0,0.0,5.73492350439086,1.0,2.0,0.006926805013648257,0.24585209070433742,437.1333884078151,100.91201513504724,283.0,144.36670269043896,-72.18335134521948,-136.34633031874768,-72.18335134521948,604.495415122548,-302.247707561274,-570.9123365045903,-302.247707561274
19.0,-9.5,-17.944444444444443,-9.5,0.0,5.733110464691596,1.0,2.0,0.0067369210618320186,0.25258901176616944,435.67511550417123,106.3755323566008,282.05555555555554,148.43576031571652,-74.21788015785826,-140.18932918706537,-74.21788015785826,603.9936623765394,-301.9968311882697,-570.438458911175,-301.9968311882697
20.0,-10.0,-18.888888888888886,-10.0,0.0,5.731196978873383,1.0,2.0,0.006561846280502659,0.2591508580466721,434.1404624102337,111.81607308186638,281.1111111111111,152.3961332302647,-76.19806661513235,-143.92968138413863,-76.19806661513235,603.5455183270151,-301.77275916350754,-570.0152117532904,-301.77275916350754
21.0,-10.5,-19.83333333333333,-10.5,0.0,5.7291830920874025,1.0,2.0,0.0063997502893712865,0.2655506083360434,432.52981219042897,117.23247128209698,280.1666666666667,156.25609668877257,-78.12804834438629,-147.57520242828497,-78.12804834438629,603.1428233877359,-301.57141169386796,-569.6348887550848,-301.57141169386796
22.0,-11.0,-20.77777777777777,-11.0,0.0,5.727068851866401,1.0,2.0,0.0062491045941932555,0.27179971293023664,430.8435667752735,122.62356752731867,279.22222222222223,160.0229256730976,-80.0114628365488,-151.13276313570302,-80.0114628365488,602.778994581914,-301.389497290957,-569.2912726606908,-301.389497290957
23.0,-11.5,-21.722222222222214,-11.5,0.0,5.7248543081257335,1.0,2.0,0.006108621436106798,0.27790833436634343,429.08214684569555,127.9882093021541,278.27777777777777,163.70305648492257,-81.85152824246128,-154.60844223575995,-81.85152824246128,602.4486621600864,-301.2243310800432,-568.9792920400855,-301.2243310800432
24.0,-12.0,-22.666666666666657,-12.0,0.0,5.7225395131641426,1.0,2.0,0.005983059666084867,0.2838913940324283,427.24599171197156,133.32525131959991,277.33333333333337,167.13856384694384,-83.56928192347192,-157.85308807766893,-83.56928192347192,574.2057665738375,-287.10288328691877,-542.3054462086243,-287.10288328691877
25.0,-12.5,-23.6111111111111,-12.5,0.0,5.720124521664549,1.0,2.0,0.005952380952380931,0.28984377498480923,425.3355591873133,138.63355583266565,276.3888888888889,168.0000000000006,-84.0000000000003,-158.66666666666697,-84.0000000000003,144.72127371353582,-72.36063685676791,-136.6812029516714,-72.36063685676791
26.0,-13.0,-24.555555555555543,-13.0,0.0,5.717609390695311,1.0,2.0,0.005952380952380931,0.29579615593719016,423.35132545614226,143.9119929437818,275.44444444444446,168.0000000000006,-84.0000000000003,-158.66666666666697,-84.0000000000003,0.0,0.0,0.0,0.0
27.0,-13.5,-25.499999999999986,-13.5,0.0,5.714994179711037,1.0,2.0,0.005952380952380987,0.30174853688957115,421.2937849370927,149.15944091188575,274.5,167.99999999999903,-83.99999999999952,-158.6666666666655,-83.99999999999952,-2.6261659513693153e-10,1.3130829756846576e-10,2.4829205358400796e-10,1.3130829756846576e-10
28.0,-14.0,-26.44444444444443,-14.0,0.0,5.712278950553696,1.0,2.0,0.005952380952380931,0.3077009178419521,419.16345014078456,154.37478645709515,273.55555555555554,168.0000000000006,-84.0000000000003,-158.66666666666697,-84.0000000000003,2.6261659513693396e-10,-1.3130829756846698e-10,-2.482920535840103e-10,-1.3130829756846698e-10
29.0,-14.5,-27.38888888888887,-14.5,0.0,5.709463767453797,1.0,2.0,0.005952380952380931,0.313653298794333,416.9608515224061,159.5569250628778,272.61111111111114,168.0000000000006,-84.0000000000003,-158.66666666666697,-84.0000000000003,0.0,0.0,0.0,0.0
30.0,-15.0,-28.333333333333314,-15.0,0.0,5.706548697031449,1.0,2.0,0.005952380952380987,0.319605679746714,414.6865373291548,164.70476127563023,271.6666666666667,167.99999999999903,-83.99999999999952,-158.6666666666655,-83.99999999999952,-2.6261659513693153e-10,1.3130829756846576e-10,2.4829205358400796e-10,1.3130829756846576e-10
31.0,-15.5,-29.277777777777757,-15.5,0.0,5.703533808297816,1.0,2.0,0.005952380952380931,0.32555806069909493,412.3410734425782,169.81720900157512,270.72222222222223,168.0000000000006,-84.0000000000003,-158.66666666666697,-84.0000000000003,2.6261659513693396e-10,-1.3130829756846698e-10,-2.482920535840103e-10,-1.3130829756846698e-10
32.0,-16.0,-30.2222222222222,-16.0,0.0,5.700419172655918,1.0,2.0,0.005952380952380987,0.3315104416514759,409.9250432158649,174.89319180089083,269.7777777777778,167.99999999999903,-83.99999999999952,-158.6666666666655,-83.99999999999952,-2.6261659513693153e-10,1.3130829756846576e-10,2.4829205358400796e-10,1.3130829756846576e-10
33.0,-16.5,-31.166666666666643,-16.5,0.0,5.697204863902608,1.0,2.0,0.005952380952380931,0.33746282260385685,407.4390473061331,179.93164317898612,268.83333333333337,168.0000000000006,-84.0000000000003,-158.66666666666697,-84.0000000000003,2.6261659513693396e-10,-1.3130829756846698e-10,-2.482920535840103e-10,-1.3130829756846698e-10
34.0,-17.0,-32.111111111111086,-17.0,0.0,5.693890958229422,1.0,2.0,0.005952380952380931,0.3434152035562378,404.88370350176723,184.93150687483362,267.8888888888889,168.0000000000006,-84.0000000000003,-158.66666666666697,-84.0000000000003,0.0,0.0,0.0,0.0
35.0,-17.5,-33.05555555555553,-17.5,0.0,5.690477534224125,1.0,2.0,0.005952380952380987,0.34936758450861877,402.2596465448551,189.89173714627753,266.94444444444446,167.99999999999903,-83.99999999999952,-158.6666666666655,-83.99999999999952,-2.6261659513693153e-10,1.3130829756846576e-10,2.4829205358400796e-10,1.3130829756846576e-10
36.0,-18.0,-33.99999999999997,-18.0,0.0,5.6869646728726,1.0,2.0,0.005952380952380931,0.3553199654609997,399.56752794877787,194.81129905223156,266.0,168.0000000000006,-84.0000000000003,-158.66666666666697,-84.0000000000003,2.6261659513693396e-10,-1.3130829756846698e-10,-2.482920535840103e-10,-1.3130829756846698e-10
37.0,-18.5,-34.944444444444414,-18.5,0.0,5.683352457559524,1.0,2.0,0.005952380952380987,0.3612723464133807,396.80801581100843,199.68916873168274,265.0555555555556,167.99999999999903,-83.99999999999952,-158.6666666666655,-83.99999999999952,-2.6261659513693153e-10,1.3130829756846576e-10,2.4829205358400796e-10,1.3130829756846576e-10
38.0,-19.0,-35.88888888888886,-19.0,0.0,5.6796409740712,1.0,2.0,0.005952380952380931,0.3672247273657616,393.98179462117366,204.52433367942086,264.11111111111114,168.0000000000006,-84.0000000000003,-158.66666666666697,-84.0000000000003,2.6261659513693396e-10,-1.3130829756846698e-10,-2.482920535840103e-10,-1.3130829756846698e-10
39.0,-19.5,-36.8333333333333,-19.5,0.0,5.675830310596117,1.0,2.0,0.005952380952380931,0.37317710831814255,391.0895650644388,209.31579301841026,263.1666666666667,168.0000000000006,-84.0000000000003,-158.66666666666697,-84.0000000000003,0.0,0.0,0.0,0.0
40.0,-20.0,-37.77777777777774,-20.0,0.0,5.671920557727045,1.0,2.0,0.005952380952380987,0.37912948927052353,388.1320438202727,214.06255776872507,262.2222222222223,167.99999999999903,-83.99999999999952,-158.6666666666655,-83.99999999999952,-2.6261659513693153e-10,1.3130829756846576e-10,2.4829205358400796e-10,1.3130829756846576e-10
41.0,-20.5,-38.722222222222186,-20.5,0.0,5.667911808463311,1.0,2.0,0.005952380952380931,0.38508187022290447,385.1099633566538,218.76365111296838,261.2777777777778,168.0000000000006,-84.0000000000003,-158.66666666666697,-84.0000000000003,2.6261659513693396e-10,-1.3130829756846698e-10,-2.482920535840103e-10,-1.3130829756846698e-10
42.0,-21.0,-39.66666666666663,-21.0,0.0,5.663804158211746,1.0,2.0,0.005952380952380987,0.39103425117528545,382.02407171977933,223.4181086580968,260.33333333333337,167.99999999999903,-83.99999999999952,-158.6666666666655,-83.99999999999952,-2.6261659513693153e-10,1.3130829756846576e-10,2.4829205358400796e-10,1.3130829756846576e-10
43.0,-21.5,-40.61111111111107,-21.5,0.0,5.659597704789446,1.0,2.0,0.005952380952380931,0.3969866321276664,378.87513231934025,228.02497869357407,259.3888888888889,168.0000000000006,-84.0000000000003,-158.66666666666697,-84.0000000000003,2.6261659513693396e-10,-1.3130829756846698e-10,-2.482920535840103e-10,-1.3130829756846698e-10
44.0,-22.0,-41.555555555555515,-22.0,0.0,5.6552925484252805,1.0,2.0,0.005952380952380931,0.4029390130800473,375.6639237094271,232.5833224457775,258.44444444444446,168.0000000000006,-84.0000000000003,-158.66666666666697,-84.0000000000003,0.0,0.0,0.0,0.0
45.0,-22.5,-42.49999999999996,-22.5,0.0,5.650888791762051,1.0,2.0,0.005952380952380931,0.40889139403242825,372.3912393651312,237.09221432858203,257.50000000000006,168.0000000000006,-84.0000000000003,-158.66666666666697,-84.0000000000003,0.0,0.0,0.0,0.0
46.0,-23.0,-43.4444444444444,-23.0,0.0,5.646386539858483,1.0,2.0,0.005952380952380987,0.41484377498480923,369.0578874549095,241.5507421900487,256.5555555555556,167.99999999999903,-83.99999999999952,-158.6666666666655,-83.99999999999952,-2.6261659513693153e-10,1.3130829756846576e-10,2.4829205358400796e-10,1.3130829756846576e-10
47.0,-23.5,-44.38888888888884,-23.5,0.0,5.641785900191913,1.0,2.0,0.005952380952380987,0.4207961559371902,365.6646906087807,245.9580075551457,255.61111111111114,167.99999999999903,-83.99999999999952,-158.6666666666655,-83.99999999999952,0.0,0.0,0.0,0.0
48.0,-24.0,-45.333333333333286,-24.0,0.0,5.637086982659739,1.0,2.0,0.005952380952380931,0.42674853688957115,362.21248568242186,250.3131258644289,254.6666666666667,168.0000000000006,-84.0000000000003,-158.66666666666697,-84.0000000000003,2.6261659513693396e-10,-1.3130829756846698e-10,-2.482920535840103e-10,-1.3130829756846698e-10
49.0,-24.5,-46.27777777777773,-24.5,0.0,5.632289899582689,1.0,2.0,0.005952380952380931,0.4327009178419521,358.7021235172373,254.61522670861422,253.72222222222229,168.0000000000006,-84.0000000000003,-158.66666666666697,-84.0000000000003,0.0,0.0,0.0,0.0
50.0,-25.0,-47.22222222222217,-25.0,0.0,5.627394765706242,1.0,2.0,0.005952380952380931,0.438653298794333,355.13446869647044,258.8634540589705,252.77777777777783,168.0000000000006,-84.0000000000003,-158.66666666666697,-84.0000000000003,0.0,0.0,0.0,0.0
51.0,-25.5,-48.166666666666615,-25.5,0.0,5.622401698204199,1.0,2.0,0.005952380952380987,0.444605679746714,351.5103992974326,263.056966493468,251.83333333333337,167.99999999999903,-83.99999999999952,-158.6666666666655,-83.99999999999952,-2.6261659513693153e-10,1.3130829756846576e-10,2.4829205358400796e-10,1.3130829756846576e-10
52.0,-26.0,-49.11111111111106,-26.0,0.0,5.617310816679988,1.0,2.0,0.005952380952380987,0.450558060699095,347.8308066399234,267.19493741861385,250.88888888888894,167.99999999999903,-83.99999999999952,-158.6666666666655,-83.99999999999952,0.0,0.0,0.0,0.0
53.0,-26.5,-50.0555555555555,-26.5,0.0,5.612122243170497,1.0,2.0,0.005952380952380931,0.4565104416514759,344.096595030916,271.2765552869108,249.9444444444445,168.0000000000006,-84.0000000000003,-158.66666666666697,-84.0000000000003,2.6261659513693396e-10,-1.3130829756846698e-10,-2.482920535840103e-10,-1.3130829756846698e-10
54.0,-27.0,-50.99999999999994,-27.0,0.0,5.606836102148449,1.0,2.0,0.005952380952380931,0.46246282260385685,340.30868150558655,275.30102380987626,249.00000000000006,168.0000000000006,-84.0000000000003,-158.66666666666697,-84.0000000000003,0.0,0.0,0.0,0.0
55.0,-27.5,-51.944444444444386,-27.5,0.0,5.601452520524326,1.0,2.0,0.005952380952380931,0.4684152035562378,336.4679955647646,279.2675621665569,248.0555555555556,168.0000000000006,-84.0000000000003,-158.66666666666697,-84.0000000000003,0.0,0.0,0.0,0.0
56.0,-28.0,-52.88888888888883,-28.0,0.0,5.595971627650726,1.0,2.0,0.005952380952380987,0.47436758450861877,332.5754789088811,283.1754052074811,247.11111111111117,167.99999999999903,-83.99999999999952,-158.6666666666655,-83.99999999999952,-2.6261659513693153e-10,1.3130829756846576e-10,2.4829205358400796e-10,1.3130829756846576e-10
57.0,-28.5,-53.83333333333327,-28.5,0.0,5.590393555324387,1.0,2.0,0.005952380952380931,0.4803199654609997,328.6320851684968,287.02380365398693,246.16666666666674,168.0000000000006,-84.0000000000003,-158.66666666666697,-84.0000000000003,2.6261659513693396e-10,-1.3130829756846698e-10,-2.482920535840103e-10,-1.3130829756846698e-10
58.0,-29.0,-54.777777777777715,-29.0,0.0,5.584718437789723,1.0,2.0,0.005952380952380987,0.4862723464133807,324.63877963148985,290.8120242928695,245.22222222222229,167.99999999999903,-83.99999999999952,-158.6666666666655,-83.99999999999952,-2.6261659513693153e-10,1.3130829756846576e-10,2.4829205358400796e-10,1.3130829756846576e-10
59.0,-29.5,-55.72222222222216,-29.5,0.0,5.5789464117409775,1.0,2.0,0.005952380952380931,0.4922247273657616,320.5965389669857,294.5393501662893,244.27777777777783,168.0000000000006,-84.0000000000003,-158.66666666666697,-84.0000000000003,2.6261659513693396e-10,-1.3130829756846698e-10,-2.482920535840103e-10,-1.3130829756846698e-10
60.0,-30.0,-56.6666666666666,-30.0,0.0,5.573077616327367,1.0,2.0,0.005952380952380931,0.49817710831814255,316.50635094610965,298.20508075688775,243.3333333333334,168.0000000000006,-84.0000000000003,-158.66666666666697,-84.0000000000003,0.0,0.0,0.0,0.0
61.0,-30.5,-57.61111111111104,-30.5,0.0,5.56711219315493,1.0,2.0,0.005952380952380931,0.5041294892705235,312.36921415964883,301.80853216805525,242.38888888888897,168.0000000000006,-84.0000000000003,-158.66666666666697,-84.0000000000003,0.0,0.0,0.0,0.0
62.0,-31.0,-58.555555555555486,-31.0,0.0,5.561050286290206,1.0,2.0,0.005952380952380931,0.5100818702229044,308.1861377327062,305.34903729929897,241.4444444444445,168.0000000000006,-84.0000000000003,-158.66666666666697,-84.0000000000003,0.0,0.0,0.0,0.0
63.0,-31.5,-59.49999999999993,-31.5,0.0,5.554892042264308,1.0,2.0,0.005952380952381042,0.5160342511752855,303.9581410364323,308.8259460166608,240.50000000000006,167.99999999999747,-83.99999999999874,-158.666666666664,-83.99999999999874,-5.252331902738581e-10,2.6261659513692905e-10,4.965841071680113e-10,2.6261659513692905e-10
64.0,-32.0,-60.44444444444437,-32.0,0.0,5.54863761007621,1.0,2.0,0.005952380952380931,0.5219866321276664,299.6862533969219,312.2386253181347,239.55555555555563,168.0000000000006,-84.0000000000003,-158.66666666666697,-84.0000000000003,5.252331902738679e-10,-2.6261659513693396e-10,-4.965841071680206e-10,-2.6261659513693396e-10
65.0,-32.5,-61.388888888888815,-32.5,0.0,5.542287141196598,1.0,2.0,0.005952380952380931,0.5279390130800473,295.3715138013613,315.586459494036,238.6111111111112,168.0000000000006,-84.0000000000003,-158.66666666666697,-84.0000000000003,0.0,0.0,0.0,0.0
66.0,-33.0,-62.33333333333326,-33.0,0.0,5.535840789572056,1.0,2.0,0.005952380952381042,0.5338913940324284,291.014970601516,318.868850282277,237.66666666666674,167.99999999999747,-83.99999999999874,-158.666666666664,-83.99999999999874,-5.252331902738581e-10,2.6261659513692905e-10,4.965841071680113e-10,2.6261659513692905e-10
67.0,-33.5,-63.2777777777777,-33.5,0.0,5.529298711628218,1.0,2.0,0.005952380952380931,0.5398437749848093,286.6176812146468,322.08521701850265,236.72222222222229,168.0000000000006,-84.0000000000003,-158.66666666666697,-84.0000000000003,5.252331902738679e-10,-2.6261659513693396e-10,-4.965841071680206e-10,-2.6261659513693396e-10
68.0,-34.0,-64.22222222222214,-34.0,0.0,5.522661066275066,1.0,2.0,0.005952380952380931,0.5457961559371902,282.1807118219428,325.23499678104423,235.77777777777786,168.0000000000006,-84.0000000000003,-158.66666666666697,-84.0000000000003,0.0,0.0,0.0,0.0
69.0,-34.5,-65.16666666666659,-34.5,0.0,5.515928014910056,1.0,2.0,0.005952380952380931,0.5517485368895712,277.7051370645639,328.3176445306486,234.83333333333343,168.0000000000006,-84.0000000000003,-158.66666666666697,-84.0000000000003,0.0,0.0,0.0,0.0
70.0,-35.0,-66.11111111111103,-35.0,0.0,5.509099721423255,1.0,2.0,0.005952380952380931,0.5577009178419521,273.19203973738166,331.3326332449432,233.88888888888897,168.0000000000006,-84.0000000000003,-158.66666666666697,-84.0000000000003,0.0,0.0,0.0,0.0
71.0,-35.5,-67.05555555555547,-35.5,0.0,5.502176352201356,1.0,2.0,0.005952380952380931,0.563653298794333,268.64251048051113,334.27945404759834,232.9444444444445,168.0000000000006,-84.0000000000003,-158.66666666666697,-84.0000000000003,0.0,0.0,0.0,0.0
72.0,-36.0,-67.99999999999991,-36.0,0.0,5.4951580761325545,1.0,2.0,0.005952380952380931,0.5696056797467139,264.0576474687263,337.1576163321491,232.00000000000009,168.0000000000006,-84.0000000000003,-158.66666666666697,-84.0000000000003,0.0,0.0,0.0,0.0
73.0,-36.5,-68.94444444444436,-36.5,0.0,5.488045064610895,1.0,2.0,0.005952380952380931,0.5755580606990949,259.4385560988516,339.9666478804424,231.05555555555566,168.0000000000006,-84.0000000000003,-158.66666666666697,-84.0000000000003,0.0,0.0,0.0,0.0
74.0,-37.0,-69.8888888888888,-37.0,0.0,5.480837491541842,1.0,2.0,0.005952380952381042,0.5815104416514759,254.78634867522302,342.70609497567597,230.1111111111112,167.99999999999747,-83.99999999999874,-158.666666666664,-83.99999999999874,-5.252331902738581e-10,2.6261659513692905e-10,4.965841071680113e-10,2.6261659513692905e-10
75.0,-37.5,-70.83333333333324,-37.5,0.0,5.47353553334629,1.0,2.0,0.005952380952380931,0.5874628226038568,250.10214409331292,345.3755225099939,229.16666666666674,168.0000000000006,-84.0000000000003,-158.66666666666697,-84.0000000000003,5.252331902738679e-10,-2.6261659513693396e-10,-4.965841071680206e-10,-2.6261659513693396e-10
76.0,-38.0,-71.77777777777769,-38.0,0.0,5.466139368966674,1.0,2.0,0.005952380952380931,0.5934152035562378,245.38706752161406,347.97451408661396,228.2222222222223,168.0000000000006,-84.0000000000003,-158.66666666666697,-84.0000000000003,0.0,0.0,0.0,0.0
77.0,-38.5,-72.72222222222213,-38.5,0.0,5.458649179871807,1.0,2.0,0.005952380952381042,0.5993675845086188,240.64225008187643,350.50267211645206,227.27777777777789,167.99999999999747,-83.99999999999874,-158.666666666664,-83.99999999999874,-5.252331902738581e-10,2.6261659513692905e-10,4.965841071680113e-10,2.6261659513692905e-10
78.0,-39.0,-73.66666666666657,-39.0,0.0,5.451065150061748,1.0,2.0,0.005952380952380931,0.6053199654609998,235.8688285277946,352.9596179092205,226.33333333333343,168.0000000000006,-84.0000000000003,-158.66666666666697,-84.0000000000003,5.252331902738679e-10,-2.6261659513693396e-10,-4.965841071680206e-10,-2.6261659513693396e-10
79.0,-39.5,-74.61111111111101,-39.5,0.0,5.443387466074972,1.0,2.0,0.005952380952380931,0.6112723464133807,231.06794492223895,355.3449917589739,225.38888888888897,168.0000000000006,-84.0000000000003,-158.66666666666697,-84.0000000000003,0.0,0.0,0.0,0.0
80.0,-40.0,-75.55555555555546,-40.0,0.0,5.4356163169920135,1.0,2.0,0.005952380952380931,0.6172247273657616,226.24074631313056,357.65845302407644,224.44444444444454,168.0000000000006,-84.0000000000003,-158.66666666666697,-84.0000000000003,0.0,0.0,0.0,0.0
81.0,-40.5,-76.4999999999999,-40.5,0.0,5.4277518944432614,1.0,2.0,0.005952380952380931,0.6231771083181425,221.38838440805392,359.8996802015735,223.5000000000001,168.0000000000006,-84.0000000000003,-158.66666666666697,-84.0000000000003,0.0,0.0,0.0,0.0
82.0,-41.0,-77.44444444444434,-41.0,0.0,5.419794392613712,1.0,2.0,0.005952380952380931,0.6291294892705235,216.51201524770613,362.06837099594094,222.55555555555566,168.0000000000006,-84.0000000000003,-158.66666666666697,-84.0000000000003,0.0,0.0,0.0,0.0
83.0,-41.5,-78.38888888888879,-41.5,0.0,5.411744008249968,1.0,2.0,0.005952380952380931,0.6350818702229044,211.61279887828,364.1642423821988,221.6111111111112,168.0000000000006,-84.0000000000003,-158.66666666666697,-84.0000000000003,0.0,0.0,0.0,0.0
84.0,-42.0,-79.33333333333323,-42.0,0.0,5.403600940665979,1.0,2.0,0.005952380952380931,0.6410342511752853,206.6918990228792,366.1870306633693,220.66666666666674,168.0000000000006,-84.0000000000003,-158.66666666666697,-84.0000000000003,0.0,0.0,0.0,0.0
85.0,-42.5,-80.27777777777767,-42.5,0.0,5.3953653917502775,1.0,2.0,0.005952380952381042,0.6469866321276664,201.7504827520626,368.1364915222643,219.72222222222234,167.99999999999747,-83.99999999999874,-158.666666666664,-83.99999999999874,-5.252331902738581e-10,2.6261659513692905e-10,4.965841071680113e-10,2.6261659513692905e-10
86.0,-43.0,-81.22222222222211,-43.0,0.0,5.38703756597224,1.0,2.0,0.005952380952380931,0.6529390130800473,196.78972015361768,370.0124000675895,218.77777777777789,168.0000000000006,-84.0000000000003,-158.66666666666697,-84.0000000000003,5.252331902738679e-10,-2.6261659513693396e-10,-4.965841071680206e-10,-2.6261659513693396e-10
87.0,-43.5,-82.16666666666656,-43.5,0.0,5.378617670389476,1.0,2.0,0.005952380952381042,0.6588913940324284,191.81078400166066,371.8145508743533,217.83333333333343,167.99999999999747,-83.99999999999874,-158.666666666664,-83.99999999999874,-5.252331902738581e-10,2.6261659513692905e-10,4.965841071680113e-10,2.6261659513692905e-10
88.0,-44.0,-83.111111111111,-44.0,0.0,5.3701059146541485,1.0,2.0,0.00595238095238082,0.6648437749848092,186.814849425163,373.5427580185686,216.88888888888903,168.00000000000372,-84.00000000000186,-158.66666666666993,-84.00000000000186,1.0504663805477555e-09,-5.252331902738777e-10,-9.931682143360598e-10,-5.252331902738777e-10
89.0,-44.5,-84.05555555555544,-44.5,0.0,5.361502511021314,1.0,2.0,0.005952380952381042,0.6707961559371902,181.80309357600203,375.19685510624106,215.94444444444457,167.99999999999747,-83.99999999999874,-158.666666666664,-83.99999999999874,-1.0504663805477162e-09,5.252331902738581e-10,9.931682143360225e-10,5.252331902738581e-10
90.0,-45.0,-84.99999999999989,-45.0,0.0,5.352807674355321,1.0,2.0,0.005952380952380931,0.6767485368895712,176.77669529663686,376.77669529663694,215.0000000000001,168.0000000000006,-84.0000000000003,-158.66666666666697,-84.0000000000003,5.252331902738679e-10,-2.6261659513693396e-10,-4.965841071680206e-10,-2.6261659513693396e-10
91.0,-45.5,-85.94444444444433,-45.5,0.0,5.344021622138884,1.0,2.0,0.005952380952380931,0.6827009178419521,171.736834787506,378.2821513198237,214.05555555555566,168.0000000000006,-84.0000000000003,-158.66666666666697,-84.0000000000003,0.0,0.0,0.0,0.0
92.0,-46.0,-86.88888888888877,-46.0,0.0,5.335144574479543,1.0,2.0,0.005952380952380931,0.688653298794333,166.6846932742492,379.71311548848195,213.1111111111112,168.0000000000006,-84.0000000000003,-158.66666666666697,-84.0000000000003,0.0,0.0,0.0,0.0
93.0,-46.5,-87.83333333333321,-46.5,0.0,5.326176754119209,1.0,2.0,0.005952380952380931,0.6946056797467139,161.6214526748497,381.0694997039867,212.1666666666668,168.0000000000006,-84.0000000000003,-158.66666666666697,-84.0000000000003,0.0,0.0,0.0,0.0
94.0,-47.0,-88.77777777777766,-47.0,0.0,5.317118386440868,1.0,2.0,0.005952380952380931,0.7005580606990949,156.5482952667995,382.3512354567575,211.22222222222234,168.0000000000006,-84.0000000000003,-158.66666666666697,-84.0000000000003,0.0,0.0,0.0,0.0
95.0,-47.5,-89.7222222222221,-47.5,0.0,5.307969699478955,1.0,2.0,0.005952380952380931,0.7065104416514758,151.46640335438335,383.5582738208802,210.27777777777789,168.0000000000006,-84.0000000000003,-158.66666666666697,-84.0000000000003,0.0,0.0,0.0,0.0
96.0,-48.0,-90.66666666666654,-48.0,0.0,5.298730923926896,1.0,2.0,0.005952380952380931,0.7124628226038567,146.37695893618383,384.6905854430033,209.33333333333348,168.0000000000006,-84.0000000000003,-158.66666666666697,-84.0000000000003,0.0,0.0,0.0,0.0
97.0,-48.5,-91.61111111111099,-48.5,0.0,5.2894022931469244,1.0,2.0,0.005952380952381042,0.7184152035562378,141.28114337290484,385.74816052551495,208.38888888888903,167.99999999999747,-83.99999999999874,-158.666666666664,-83.99999999999874,-5.252331902738581e-10,2.6261659513692905e-10,4.965841071680113e-10,2.6261659513692905e-10
98.0,-49.0,-92.55555555555543,-49.0,0.0,5.279984043178615,1.0,2.0,0.005952380952380931,0.7243675845086187,136.18013705561373,386.7310088040071,207.44444444444457,168.0000000000006,-84.0000000000003,-158.66666666666697,-84.0000000000003,5.252331902738679e-10,-2.6261659513693396e-10,-4.965841071680206e-10,-2.6261659513693396e-10
99.0,-49.5,-93.49999999999987,-49.5,0.0,5.2704764127492725,1.0,2.0,0.005952380952380931,0.7303199654609996,131.07511907449964,387.63915951903533,206.5000000000001,168.0000000000006,-84.0000000000003,-158.66666666666697,-84.0000000000003,0.0,0.0,0.0,0.0
100.0,-50.0,-94.44444444444431,-50.0,0.0,5.26087964328271,1.0,2.0,0.005952380952381042,0.7362723464133807,125.9672668882487,388.4726613821862,205.55555555555566,167.99999999999747,-83.99999999999874,-158.666666666664,-83.99999999999874,-5.252331902738581e-10,2.6261659513692905e-10,4.965841071680113e-10,2.6261659513692905e-10
101.0,-50.5,-95.38888888888876,-50.5,0.0,5.251193978910695,1.0,2.0,0.005952380952380931,0.7422247273657616,120.85775599413199,389.2315825364629,204.61111111111126,168.0000000000006,-84.0000000000003,-158.66666666666697,-84.0000000000003,5.252331902738679e-10,-2.6261659513693396e-10,-4.965841071680206e-10,-2.6261659513693396e-10
102.0,-51.0,-96.3333333333332,-51.0,0.0,5.241419666481914,1.0,2.0,0.005952380952380931,0.7481771083181425,115.74775959890752,389.9160105110039,203.6666666666668,168.0000000000006,-84.0000000000003,-158.66666666666697,-84.0000000000003,0.0,0.0,0.0,0.0
103.0,-51.5,-97.27777777777764,-51.5,0.0,5.23155695557352,1.0,2.0,0.005952380952380931,0.7541294892705235,110.63844829063189,390.52605217015054,202.72222222222234,168.0000000000006,-84.0000000000003,-158.66666666666697,-84.0000000000003,0.0,0.0,0.0,0.0
104.0,-52.0,-98.22222222222209,-52.0,0.0,5.221606098501267,1.0,2.0,0.005952380952380931,0.7600818702229044,105.53098971148101,391.06183365687986,201.77777777777794,168.0000000000006,-84.0000000000003,-158.66666666666697,-84.0000000000003,0.0,0.0,0.0,0.0
105.0,-52.5,-99.16666666666653,-52.5,0.0,5.211567350331497,1.0,2.0,0.005952380952380931,0.7660342511752853,100.42654823167594,391.52350033062254,200.83333333333348,168.0000000000006,-84.0000000000003,-158.66666666666697,-84.0000000000003,0.0,0.0,0.0,0.0
106.0,-53.0,-100.11111111111097,-53.0,0.0,5.201440968891766,1.0,2.0,0.005952380952380931,0.7719866321276663,95.32628462461226,391.91121669948706,199.88888888888903,168.0000000000006,-84.0000000000003,-158.66666666666697,-84.0000000000003,0.0,0.0,0.0,0.0
107.0,-53.5,-101.05555555555542,-53.5,0.0,5.191227214783823,1.0,2.0,0.005952380952380931,0.7779390130800472,90.23135574328798,392.2251663469115,198.94444444444457,168.0000000000006,-84.0000000000003,-158.66666666666697,-84.0000000000003,0.0,0.0,0.0,0.0
108.0,-54.0,-101.99999999999986,-54.0,0.0,5.180926351394078,1.0,2.0,0.005952380952380931,0.7838913940324281,85.1429141981288,392.46555185276765,198.0000000000001,168.0000000000006,-84.0000000000003,-158.66666666666697,-84.0000000000003,0.0,0.0,0.0,0.0
109.0,-54.5,-102.9444444444443,-54.5,0.0,5.170538644907503,1.0,2.0,0.005952380952381153,0.7898437749848093,80.06210803630363,392.63259470894326,197.0555555555557,167.99999999999434,-83.99999999999717,-158.66666666666106,-83.99999999999717,-1.0504663805476968e-09,5.252331902738484e-10,9.931682143360041e-10,5.252331902738484e-10
110.0,-55.0,-103.88888888888874,-55.0,0.0,5.160064364319674,1.0,2.0,0.005952380952380931,0.7957961559371902,74.99008042262776,392.72653522942966,196.11111111111126,168.0000000000006,-84.0000000000003,-158.66666666666697,-84.0000000000003,1.0504663805477358e-09,-5.252331902738679e-10,-9.931682143360412e-10,-5.252331902738679e-10
111.0,-55.5,-104.83333333333319,-55.5,0.0,5.149503781449797,1.0,2.0,0.005952380952380931,0.8017485368895712,69.9279693221481,392.7476324549443,195.1666666666668,168.0000000000006,-84.0000000000003,-158.66666666666697,-84.0000000000003,0.0,0.0,0.0,0.0
112.0,-56.0,-105.77777777777763,-56.0,0.0,5.138857170954519,1.0,2.0,0.005952380952380931,0.8077009178419521,64.87690718450425,392.696164052118,194.2222222222224,168.0000000000006,-84.0000000000003,-158.66666666666697,-84.0000000000003,0.0,0.0,0.0,0.0
113.0,-56.5,-106.72222222222207,-56.5,0.0,5.128124810341562,1.0,2.0,0.005952380952380931,0.813653298794333,59.83802063015977,392.57242620728016,193.27777777777794,168.0000000000006,-84.0000000000003,-158.66666666666697,-84.0000000000003,0.0,0.0,0.0,0.0
114.0,-57.0,-107.66666666666652,-57.0,0.0,5.117306979983859,1.0,2.0,0.005952380952380931,0.8196056797467139,54.81243013859669,392.37673351487626,192.33333333333348,168.0000000000006,-84.0000000000003,-158.66666666666697,-84.0000000000003,0.0,0.0,0.0,0.0
115.0,-57.5,-108.61111111111096,-57.5,0.0,5.106403963133926,1.0,2.0,0.005952380952380931,0.8255580606990949,49.801249738566064,392.1094188605515,191.38888888888903,168.0000000000006,-84.0000000000003,-158.66666666666697,-84.0000000000003,0.0,0.0,0.0,0.0
116.0,-58.0,-109.5555555555554,-58.0,0.0,5.095416045939344,1.0,2.0,0.005952380952380931,0.8315104416514758,44.8055867004857,391.77083329894,190.44444444444457,168.0000000000006,-84.0000000000003,-158.66666666666697,-84.0000000000003,0.0,0.0,0.0,0.0
117.0,-58.5,-110.49999999999984,-58.5,0.0,5.084343517457221,1.0,2.0,0.005952380952380931,0.8374628226038567,39.82654123107782,391.36134592619663,189.50000000000017,168.0000000000006,-84.0000000000003,-158.66666666666697,-84.0000000000003,0.0,0.0,0.0,0.0
118.0,-59.0,-111.44444444444429,-59.0,0.0,5.0731866696708545,1.0,2.0,0.005952380952380931,0.8434152035562377,34.86520617033545,390.8813437473135,188.5555555555557,168.0000000000006,-84.0000000000003,-158.66666666666697,-84.0000000000003,0.0,0.0,0.0,0.0
119.0,-59.5,-112.38888888888873,-59.5,0.0,5.061945797505533,1.0,2.0,0.005952380952381153,0.8493675845086188,29.922666690908606,390.3312315382607,187.61111111111126,167.99999999999434,-83.99999999999717,-158.66666666666106,-83.99999999999717,-1.0504663805476968e-09,5.252331902738484e-10,9.931682143360041e-10,5.252331902738484e-10
120.0,-60.0,-113.33333333333317,-60.0,0.0,5.0506211988442935,1.0,2.0,0.005952380952380931,0.8553199654609998,24.999999999999993,389.71143170299746,186.66666666666686,168.0000000000006,-84.0000000000003,-158.66666666666697,-84.0000000000003,1.0504663805477358e-09,-5.252331902738679e-10,-9.931682143360412e-10,-5.252331902738679e-10
121.0,-60.5,-114.27777777777762,-60.5,0.0,5.039213174546627,1.0,2.0,0.005952380952380931,0.8612723464133807,20.0982750438559,389.0223841253974,185.7222222222224,168.0000000000006,-84.0000000000003,-158.66666666666697,-84.0000000000003,0.0,0.0,0.0,0.0
122.0,-61.0,-115.22222222222206,-61.0,0.0,5.027722028464275,1.0,2.0,0.005952380952380931,0.8672247273657616,15.21855221494325,388.2645460161342,184.77777777777794,168.0000000000006,-84.0000000000003,-158.66666666666697,-84.0000000000003,0.0,0.0,0.0,0.0
123.0,-61.5,-116.1666666666665,-61.5,0.0,5.016148067460413,1.0,2.0,0.005952380952380931,0.8731771083181425,10.361883061896654,387.4383917545762,183.83333333333348,168.0000000000006,-84.0000000000003,-158.66666666666697,-84.0000000000003,0.0,0.0,0.0,0.0
124.0,-62.0,-117.11111111111094,-62.0,0.0,5.004491601427161,1.0,2.0,0.005952380952380931,0.8791294892705235,5.529310002323291,386.5444127257401,182.88888888888903,168.0000000000006,-84.0000000000003,-158.66666666666697,-84.0000000000003,0.0,0.0,0.0,0.0
125.0,-62.5,-118.05555555555539,-62.5,0.0,4.9927529433049935,1.0,2.0,0.005952380952380931,0.8850818702229044,0.721866038549327,385.5831171523538,181.94444444444463,168.0000000000006,-84.0000000000003,-158.66666666666697,-84.0000000000003,0.0,0.0,0.0,0.0
126.0,-63.0,-118.99999999999983,-63.0,0.0,4.980932409102488,1.0,2.0,0.005952380952380931,0.8910342511752853,-4.059425523607952,384.5550299220814,181.00000000000017,168.0000000000006,-84.0000000000003,-158.66666666666697,-84.0000000000003,0.0,0.0,0.0,0.0
127.0,-63.5,-119.94444444444427,-63.5,0.0,4.969030317914796,1.0,2.0,0.005952380952380931,0.8969866321276663,-8.813551352957543,383.46069240996485,180.0555555555557,168.0000000000006,-84.0000000000003,-158.66666666666697,-84.0000000000003,0.0,0.0,0.0,0.0
128.0,-64.0,-120.88888888888872,-64.0,0.0,4.9570469919458295,1.0,2.0,0.005952380952380931,0.9029390130800472,-13.539508367862336,382.3006622961361,179.1111111111113,168.0000000000006,-84.0000000000003,-158.66666666666697,-84.0000000000003,0.0,0.0,0.0,0.0
129.0,-64.5,-121.83333333333316,-64.5,0.0,4.944982756528508,1.0,2.0,0.005952380952380931,0.9088913940324281,-18.236304007893718,381.07551337885934,178.16666666666686,168.0000000000006,-84.0000000000003,-158.66666666666697,-84.0000000000003,0.0,0.0,0.0,0.0
130.0,-65.0,-122.7777777777776,-65.0,0.0,4.932837940146054,1.0,2.0,0.005952380952381153,0.9148437749848093,-22.90295650213309,379.7858353829581,177.2222222222224,167.99999999999434,-83.99999999999717,-158.66666666666106,-83.99999999999717,-1.0504663805476968e-09,5.252331902738484e-10,9.931682143360041e-10,5.252331902738484e-10
131.0,-65.5,-123.72222222222204,-65.5,0.0,4.920612874454271,1.0,2.0,0.005952380952380931,0.9207961559371902,-27.538495134041835,378.4322337636902,176.27777777777794,168.0000000000006,-84.0000000000003,-158.66666666666697,-84.0000000000003,1.0504663805477358e-09,-5.252331902738679e-10,-9.931682143360412e-10,-5.252331902738679e-10
132.0,-66.0,-124.66666666666649,-66.0,0.0,4.9083078943045075,1.0,2.0,0.005952380952380931,0.9267485368895712,-32.14196050282166,377.0153295061291,175.33333333333348,168.0000000000006,-84.0000000000003,-158.66666666666697,-84.0000000000003,0.0,0.0,0.0,0.0
133.0,-66.5,-125.61111111111093,-66.5,0.0,4.895923337767121,1.0,2.0,0.005952380952380931,0.9327009178419521,-36.712404781188155,375.5357589201151,174.38888888888908,168.0000000000006,-84.0000000000003,-158.66666666666697,-84.0000000000003,0.0,0.0,0.0,0.0
134.0,-67.0,-126.55555555555537,-67.0,0.0,4.883459546154703,1.0,2.0,0.005952380952380931,0.938653298794333,-41.24889196948098,373.9941734308403,173.44444444444463,168.0000000000006,-84.0000000000003,-158.66666666666697,-84.0000000000003,0.0,0.0,0.0,0.0
135.0,-67.5,-127.49999999999982,-67.5,0.0,4.870916864047351,1.0,2.0,0.005952380952380931,0.9446056797467139,-45.75049814603709,372.3912393651312,172.50000000000017,168.0000000000006,-84.0000000000003,-158.66666666666697,-84.0000000000003,0.0,0.0,0.0,0.0
136.0,-68.0,-128.44444444444426,-68.0,0.0,4.8582956393173236,1.0,2.0,0.005952380952380931,0.9505580606990949,-50.21631171375233,370.7276377334963,171.55555555555577,168.0000000000006,-84.0000000000003,-158.66666666666697,-84.0000000000003,0.0,0.0,0.0,0.0
137.0,-68.5,-129.38888888888872,-68.5,0.0,4.845596223155464,1.0,2.0,0.005952380952380931,0.9565104416514758,-54.645433642759855,369.0040640080058,170.6111111111113,168.0000000000006,-84.0000000000003,-158.66666666666936,-84.0000000000003,0.0,0.0,-4.010871634818628e-10,0.0
138.0,-69.0,-130.33333333333317,-69.0,0.0,4.8328189700977395,1.0,2.0,0.005952380952380931,0.9624628226038567,-59.0369777091538,367.22122789607215,169.66666666666686,168.0000000000006,-84.0000000000003,-158.66666666666936,-84.0000000000003,0.0,0.0,0.0,0.0
139.0,-69.5,-131.27777777777763,-69.5,0.0,4.819964238052455,1.0,2.0,0.005952380952380931,0.9684152035562377,-63.39007072968761,365.3798531102009,168.7222222222224,168.0000000000006,-84.0000000000003,-158.66666666666936,-84.0000000000003,0.0,0.0,0.0,0.0
140.0,-70.0,-132.2222222222221,-70.0,0.0,4.807032388327606,1.0,2.0,0.005952380952381153,0.9743675845086188,-67.70385279237846,363.480677133785,167.77777777777794,167.99999999999434,-83.99999999999717,-158.66666666666345,-83.99999999999717,-1.0504663805476968e-09,5.252331902738484e-10,9.931682143360041e-10,5.252331902738484e-10
141.0,-70.5,-133.16666666666654,-70.5,0.0,4.79402378566113,1.0,2.0,0.005952380952380931,0.9803199654609998,-71.97747748295144,361.5244509830121,166.83333333333348,168.0000000000006,-84.0000000000003,-158.66666666666936,-84.0000000000003,1.0504663805477358e-09,-5.252331902738679e-10,-9.931682143360412e-10,-5.252331902738679e-10
142.0,-71.0,-134.111111111111,-71.0,0.0,4.7809387982492595,1.0,2.0,0.005952380952380931,0.9862723464133807,-76.21011210705527,359.5119389649609,165.88888888888903,168.0000000000006,-84.0000000000003,-158.66666666666936,-84.0000000000003,0.0,0.0,0.0,0.0
143.0,-71.5,-135.05555555555546,-71.5,0.0,4.767777797777236,1.0,2.0,0.005952380952380931,0.9922247273657616,-80.40093790818563,357.44391843195945,164.94444444444457,168.0000000000006,-84.0000000000003,-158.66666666666936,-84.0000000000003,0.0,0.0,0.0,0.0
144.0,-72.0,-135.99999999999991,-72.0,0.0,4.754541159450349,1.0,2.0,0.005952380952380931,0.9981771083181425,-84.54915028125262,355.32117953228305,164.0000000000001,168.0000000000006,-84.0000000000003,-158.66666666666936,-84.0000000000003,0.0,0.0,0.0,0.0
145.0,-72.5,-136.94444444444437,-72.5,0.0,4.741229262026907,1.0,2.0,0.005952380952380931,1.0041294892705235,-88.65395898173007,353.14452495726596,163.05555555555566,168.0000000000006,-84.0000000000003,-158.66666666666936,-84.0000000000003,0.0,0.0,0.0,0.0
146.0,-73.0,-137.88888888888883,-73.0,0.0,4.7278424878492755,1.0,2.0,0.005952380952380931,1.0100818702229044,-92.71458833032419,350.91476968490826,162.1111111111112,168.0000000000006,-84.0000000000003,-158.66666666666936,-84.0000000000003,0.0,0.0,0.0,0.0
147.0,-73.5,-138.8333333333333,-73.5,0.0,4.71438122287924,1.0,2.0,0.005952380952380931,1.0160342511752853,-96.73027741310426,348.6327407200537,161.16666666666674,168.0000000000006,-84.0000000000003,-158.66666666666936,-84.0000000000003,0.0,0.0,0.0,0.0
148.0,-74.0,-139.77777777777774,-74.0,0.0,4.7008458567316795,1.0,2.0,0.005952380952380931,1.0219866321276663,-100.70028027703546,346.2992768312207,160.22222222222229,168.0000000000006,-84.0000000000003,-158.66666666666936,-84.0000000000003,0.0,0.0,0.0,0.0
149.0,-74.5,-140.7222222222222,-74.5,0.0,4.687236782711045,1.0,2.0,0.005952380952380931,1.0279390130800472,-104.62386612085827,343.91522828416663,159.27777777777783,168.0000000000006,-84.0000000000003,-158.66666666666936,-84.0000000000003,0.0,0.0,0.0,0.0
150.0,-75.0,-141.66666666666666,-75.0,0.0,4.673554397847101,1.0,2.0,0.005952380952380931,1.0338913940324281,-108.50031948125762,341.48145657226706,158.33333333333337,168.0000000000006,-84.0000000000003,-158.66666666666936,-84.0000000000003,0.0,0.0,0.0,0.0
151.0,-75.5,-142.61111111111111,-75.5,0.0,4.659799102932362,1.0,2.0,0.005952380952381153,1.0398437749848093,-112.32894041426884,338.9988341437944,157.3888888888889,167.99999999999434,-83.99999999999717,-158.66666666666345,-83.99999999999717,-1.0504663805476968e-09,5.252331902738484e-10,9.931682143360041e-10,5.252331902738484e-10
152.0,-76.0,-143.55555555555557,-76.0,0.0,4.6459713025618194,1.0,2.0,0.005952380952380931,1.0457961559371902,-116.10904467186845,336.4682441261773,156.44444444444446,168.0000000000006,-84.0000000000003,-158.66666666666936,-84.0000000000003,1.0504663805477358e-09,-5.252331902738679e-10,-9.931682143360412e-10,-5.252331902738679e-10
153.0,-76.5,-144.50000000000003,-76.5,0.0,4.6320714051711445,1.0,2.0,0.005952380952380931,1.0517485368895712,-119.83996387369724,333.8905800473285,155.5,168.0000000000006,-84.0000000000003,-158.66666666666936,-84.0000000000003,0.0,0.0,0.0,0.0
154.0,-77.0,-145.44444444444449,-77.0,0.0,4.618099823078006,1.0,2.0,0.005952380952380931,1.057700917841952,-123.52104567386723,331.26674555412427,154.55555555555554,168.0000000000006,-84.0000000000003,-158.66666666666936,-84.0000000000003,0.0,0.0,0.0,0.0
155.0,-77.5,-146.38888888888894,-77.5,0.0,4.604056972523685,1.0,2.0,0.005952380952380931,1.063653298794333,-127.15165392280431,328.5976541281233,153.6111111111111,168.0000000000006,-84.0000000000003,-158.66666666666936,-84.0000000000003,0.0,0.0,0.0,0.0
156.0,-78.0,-147.3333333333334,-78.0,0.0,4.589943273716499,1.0,2.0,0.005952380952380931,1.069605679746714,-130.73116882408036,325.8842287986115,152.66666666666663,168.0000000000006,-84.0000000000003,-158.66666666666936,-84.0000000000003,0.0,0.0,0.0,0.0
157.0,-78.5,-148.27777777777786,-78.5,0.0,4.575759150874746,1.0,2.0,0.005983059666084811,1.0755887394127988,-134.25898708618874,323.1274018530622,151.72222222222217,167.1385638469454,-83.5692819234727,-157.85308807767277,-83.5692819234727,-143.97920146748268,71.98960073374134,135.98035694151457,71.98960073374134
158.0,-79.0,-149.2222222222223,-79.0,0.0,4.561505032273042,1.0,2.0,0.006108621436106798,1.0816973608489056,-137.73452206922127,320.3281145450984,150.77777777777771,163.70305648492257,-81.85152824246128,-154.60844223576228,-81.85152824246128,-562.4030557395911,281.20152786979554,531.1584415318409,281.20152786979554
159.0,-79.5,-150.16666666666677,-79.5,0.0,4.547181350287922,1.0,2.0,0.0062491045941934775,1.087946465443099,-141.15720392640355,317.4873168000487,149.83333333333326,160.0229256730919,-80.01146283654595,-151.13276313569992,-80.01146283654595,-588.9052993688362,294.4526496844181,556.1883382927988,294.4526496844181
160.0,-80.0,-151.11111111111123,-80.0,0.0,4.532788541446158,1.0,2.0,0.00639975028937112,1.0943462157324702,-144.5264797404491,314.6059669181858,148.8888888888888,156.25609668877664,-78.12804834438832,-147.57520242829102,-78.12804834438832,-588.5899939832506,294.2949969916253,555.8905498730771,294.2949969916253
161.0,-80.5,-152.05555555555569,-80.5,0.0,4.518327046474055,1.0,2.0,0.0065618462805028255,1.100908062012973,-147.84181365469396,311.6850312757392,147.94444444444434,152.39613323026083,-76.19806661513041,-143.92968138413715,-76.19806661513041,-588.2435054879132,294.1217527439566,555.5633107385922,294.1217527439566
162.0,-81.0,-153.00000000000014,-81.0,0.0,4.503797310346785,1.0,2.0,0.006736921061831991,1.107644983074805,-151.10268699897304,308.72548402377396,146.9999999999999,148.43576031571715,-74.21788015785857,-140.18932918706807,-74.21788015785857,-587.8609647040643,293.93048235203213,555.2020222205128,293.93048235203213
163.0,-81.5,-153.9444444444446,-81.5,0.0,4.489199782341067,1.0,2.0,0.006926805013648174,1.1145717880884531,-154.30859841020444,305.7283067850266,146.05555555555543,144.3667026904407,-72.18335134522034,-136.34633031875137,-72.18335134522034,-587.4364324185569,293.71821620927847,554.8010750619768,293.71821620927847
164.0,-82.0,-154.88888888888906,-82.0,0.0,4.4745349160881105,1.0,2.0,0.0071337116827863145,1.1217054997712395,-157.45906394764737,302.69448834879245,145.11111111111097,140.17948081824017,-70.08974040912008,-132.39173188389526,-70.08974040912008,-586.9625881158491,293.4812940579246,554.3535554427546,293.4812940579246
165.0,-82.5,-155.8333333333335,-82.5,0.0,4.459803169628191,1.0,2.0,0.0073603475269499175,1.1290658472981894,-160.55361720280078,299.6250243639568,144.16666666666652,135.86314998558143,-67.93157499279071,-128.3151972086064,-67.93157499279071,-586.4303033049034,293.2151516524517,553.8508420101932,293.2151516524517
166.0,-83.0,-156.77777777777797,-83.0,0.0,4.445005005466603,1.0,2.0,0.0076100627112958286,1.1366759100094852,-163.5918094039125,296.52091703026406,143.22222222222206,131.40496181663156,-65.70248090831578,-124.10468616015369,-65.70248090831578,-585.8280461122168,292.9140230561084,553.2820435504344,292.9140230561084
167.0,-83.5,-157.72222222222243,-83.5,0.0,4.430140890631609,1.0,2.0,0.007887062443157067,1.1445629724526423,-166.57320951507046,293.3831747879198,142.2777777777776,126.78991794563703,-63.394958972818515,-119.74603361532546,-63.394958972818515,-585.1410337189111,292.57051685945555,552.6331985123135,292.57051685945555
168.0,-84.0,-158.66666666666688,-84.0,0.0,4.415211296733565,1.0,2.0,0.008196709852475337,1.1527596823051176,-169.49740432984783,290.21281200562015,141.33333333333314,122.00017055599552,-61.00008527799776,-115.2223833028862,-61.00008527799776,-584.349998456398,292.174999228199,551.886109653272,292.174999228199
169.0,-84.5,-159.61111111111134,-84.5,0.0,4.400216700026019,1.0,2.0,0.008545971336497482,1.161305653641615,-172.36399855947684,287.0108486671037,140.3888888888887,117.0142000979194,-58.5071000489597,-110.51341120359201,-58.5071000489597,-583.4293448636345,291.71467243181723,551.0166034823295,291.71467243181723
170.0,-85.0,-160.5555555555558,-85.0,0.0,4.385157581468069,1.0,2.0,0.008944091062413007,1.170249744704028,-175.17261491552713,283.7783100563224,139.44444444444423,111.80565951552512,-55.90282975776256,-105.59423398688625,-55.90282975776256,-582.3443149279695,291.1721574639848,549.991852987533,291.1721574639848
171.0,-85.5,-161.50000000000026,-85.5,0.0,4.3700344267882105,1.0,2.0,0.009403648569187073,1.1796533932732152,-177.92289418706633,280.5162264413282,138.49999999999977,106.34170265323388,-53.17085132661694,-100.43383028361113,-53.17085132661694,-581.0464759598719,290.52323797993597,548.76611618433,290.52323797993597
172.0,-86.0,-162.4444444444447,-86.0,0.0,4.3548477265516174,1.0,2.0,0.00994228670303543,1.1895956799762506,-180.61449531228277,277.22563275696916,137.55555555555532,100.58048312916736,-50.29024156458368,-94.99267851088155,-50.29024156458368,-579.4662431438021,289.73312157190105,547.2736740802669,289.73312157190105
173.0,-86.5,-163.38888888888917,-86.5,0.0,4.339597976226754,1.0,2.0,0.010585678596608306,1.200181358572859,-183.24709544455024,273.90756828649626,136.61111111111086,94.4672550629304,-47.2336275314652,-89.21907422610214,-47.2336275314652,-577.4998749910715,288.74993749553573,545.4165486026843,288.74993749553573
174.0,-87.0,-164.33333333333363,-87.0,0.0,4.32428567625588,1.0,2.0,0.011372944457301859,1.2115543030301608,-185.82039001291872,270.5630763421742,135.6666666666664,87.92797711747922,-43.96398855873961,-83.0430894998426,-43.96398855873961,-574.9854815524687,287.49274077623437,543.0418436884503,287.49274077623437
175.0,-87.5,-165.27777777777808,-87.5,0.0,4.3089113321267405,1.0,2.0,0.012367341725645575,1.2239216447558063,-188.33409277701512,267.1932039449962,134.72222222222194,80.85811989219535,-40.429059946097674,-76.36600212040774,-40.429059946097674,-571.6553631427066,285.8276815713533,539.8967318570077,285.8276815713533
176.0,-88.0,-166.22222222222254,-88.0,0.0,4.293475454446081,1.0,2.0,0.013679642019384541,1.2376012867751909,-190.78793587633962,263.799001503599,133.7777777777775,73.1013281329266,-36.5506640664633,-69.04014323665382,-36.5506640664633,-567.0317796530859,283.51588982654295,535.5300141168109,283.51588982654295
177.0,-88.5,-167.166666666667,-88.5,0.0,4.277978559015148,1.0,2.0,0.015527091266939186,1.25312837804213,-193.18166987394656,260.3815224924781,132.83333333333303,64.40356296025864,-32.20178148012932,-60.825587240245085,-32.20178148012932,-560.1670669114657,280.08353345573283,529.04667430528,280.08353345573283
178.0,-89.0,-168.11111111111146,-89.0,0.0,4.2624211669082985,1.0,2.0,0.018417998835566607,1.2715463768776967,-195.51506379449836,256.941823129598,131.88888888888857,54.294715127732616,-27.147357563866308,-51.27834206508149,-27.147357563866308,-548.8570133365978,274.4285066682989,518.3649570401271,274.4285066682989
179.0,-89.5,-169.0555555555559,-89.5,0.0,4.246803804552472,1.0,2.0,0.02400280339947014,1.2955491802771668,-197.78790515668484,253.4809620534995,130.94444444444412,41.66180022213884,-20.83090011106942,-39.34725576535387,-20.83090011106942,-526.3099770201279,263.15498851006396,497.07053385234974,263.15498851006396
180.0,-90.0,-170.00000000000037,-90.0,0.0,4.231127003809608,1.0,2.0,0.05794789350197549,1.3534970737791423,-200.00000000000003,250.00000000000003,129.99999999999966,17.25688268488844,-8.62844134244422,-16.29816698017263,-8.62844134244422,-421.15279887470655,210.57639943735327,397.7554211594504,210.57639943735327
179.0,-89.5,-169.0555555555559,-89.5,0.0,4.231127003809608,1.0,3.0,0.0,1.3534970737791423,-197.78790515668484,253.4809620534995,130.94444444444412,0.0,0.0,0.0,0.0,0.0,0.0,0.0,0.0
178.0,-89.0,-168.11111111111146,-89.0,0.0,4.246803804552472,1.0,3.0,0.08195069690144581,1.4354477706805882,-195.51506379449836,256.941823129598,131.88888888888857,-12.202458768625274,6.101229384312637,11.524544392590691,6.101229384312637,-148.89999999999984,74.44999999999992,140.6277777777795,74.44999999999992
177.0,-88.5,-167.166666666667,-88.5,0.0,4.2624211669082985,1.0,3.0,0.018417998835566524,1.4538657695161548,-193.18166987394656,260.3815224924781,132.83333333333303,-54.294715127732616,27.147357563866308,51.27834206508149,27.147357563866308,-2285.3870681012245,1142.6935340506122,2158.421119873408,1142.6935340506122
176.0,-88.0,-166.22222222222254,-88.0,0.0,4.277978559015148,1.0,3.0,0.015527091266939103,1.469392860783094,-190.78793587633962,263.799001503599,133.7777777777775,-64.40356296025864,32.20178148012932,60.825587240245085,32.20178148012932,-651.0458178377639,325.52290891888197,614.8766057356742,325.52290891888197
175.0,-87.5,-165.27777777777808,-87.5,0.0,4.293475454446081,1.0,3.0,0.01367964201938461,1.4830725028024785,-188.33409277701512,267.1932039449962,134.72222222222194,-73.1013281329266,36.5506640664633,69.04014323665382,36.5506640664633,-635.8181859103413,317.90909295517065,600.4949533597746,317.90909295517065
174.0,-87.0,-164.33333333333363,-87.0,0.0,4.3089113321267405,1.0,3.0,0.012367341725645437,1.4954398445281238,-185.82039001291872,270.5630763421742,135.6666666666664,-80.8581198921968,40.4290599460984,76.3660021204091,40.4290599460984,-627.199598049874,313.599799024937,592.355175936,313.599799024937
173.0,-86.5,-163.38888888888917,-86.5,0.0,4.32428567625588,1.0,3.0,0.011372944457302053,1.506812788985426,-183.24709544455024,273.90756828649626,136.61111111111086,-87.92797711747751,43.963988558738755,83.04308949984097,43.963988558738755,-621.6382443283156,310.8191221641578,587.102786310083,310.8191221641578
172.0,-86.0,-162.4444444444447,-86.0,0.0,4.339597976226754,1.0,3.0,0.010585678596608084,1.517398467582034,-180.61449531228277,277.22563275696916,137.55555555555532,-94.4672550629324,47.2336275314662,89.219074226104,47.2336275314662,-617.747637600695,308.8738188003475,583.4283244006638,308.8738188003475
171.0,-85.5,-161.50000000000026,-85.5,0.0,4.3548477265516174,1.0,3.0,0.009942286703035541,1.5273407542850697,-177.92289418706633,280.5162264413282,138.49999999999977,-100.5804831291651,50.29024156458255,94.99267851087943,50.29024156458255,-614.8714323804575,307.43571619022873,580.7119083593306,307.43571619022873
170.0,-85.0,-160.5555555555558,-85.0,0.0,4.3700344267882105,1.0,3.0,0.009403648569187045,1.5367444028542567,-175.17261491552713,283.7783100563224,139.44444444444423,-106.34170265323388,53.17085132661694,100.43383028361113,53.17085132661694,-612.6578935485277,306.32894677426384,578.621343906951,306.32894677426384
169.0,-84.5,-159.61111111111134,-84.5,0.0,4.385157581468069,1.0,3.0,0.008944091062413034,1.5456884939166697,-172.36399855947684,287.0108486671037,140.3888888888887,-111.80565951552512,55.90282975776256,105.59423398688625,55.90282975776256,-610.9013005528515,305.45065027642573,576.9623394110332,305.45065027642573
168.0,-84.0,-158.66666666666688,-84.0,0.0,4.400216700026019,1.0,3.0,0.008545971336497427,1.5542344652531672,-169.49740432984783,290.21281200562015,141.33333333333314,-117.0142000979194,58.5071000489597,110.51341120359201,58.5071000489597,-609.4732099264177,304.73660496320883,575.6135871527342,304.73660496320883
167.0,-83.5,-157.72222222222243,-83.5,0.0,4.415211296733565,1.0,3.0,0.008196709852475281,1.5624311751056426,-166.57320951507046,293.3831747879198,142.2777777777776,-122.00017055599552,61.00008527799776,115.2223833028862,61.00008527799776,-608.2892462724424,304.1446231362212,574.4953992573151,304.1446231362212
166.0,-83.0,-156.77777777777797,-83.0,0.0,4.430140890631609,1.0,3.0,0.007887062443157178,1.5703182375487996,-163.5918094039125,296.52091703026406,143.22222222222206,-126.78991794563703,63.394958972818515,119.74603361532546,63.394958972818515,-607.2916785129755,303.64583925648776,573.5532519289288,303.64583925648776
165.0,-82.5,-155.8333333333335,-82.5,0.0,4.445005005466603,1.0,3.0,0.0076100627112958286,1.5779283002600955,-160.55361720280078,299.6250243639568,144.16666666666652,-131.40496181663156,65.70248090831578,124.10468616015369,65.70248090831578,-606.4396636501152,303.2198318250576,572.7485712251178,303.2198318250576
164.0,-82.0,-154.88888888888906,-82.0,0.0,4.459803169628191,1.0,3.0,0.0073603475269499175,1.5852886477870454,-157.45906394764737,302.69448834879245,145.11111111111097,-135.86314998558143,67.93157499279071,128.3151972086064,67.93157499279071,-605.7034878619814,302.8517439309907,572.053294091879,302.8517439309907
163.0,-81.5,-153.9444444444446,-81.5,0.0,4.4745349160881105,1.0,3.0,0.007133711682786287,1.5924223594698317,-154.30859841020444,305.7283067850266,146.05555555555543,-140.17948081824017,70.08974040912008,132.39173188389526,70.08974040912008,-605.0610151618638,302.5305075809319,571.4465143195449,302.5305075809319
162.0,-81.0,-153.00000000000014,-81.0,0.0,4.489199782341067,1.0,3.0,0.006926805013648257,1.5993491644834799,-151.10268699897304,308.72548402377396,146.9999999999999,-144.3667026904407,72.18335134522034,136.34633031875137,72.18335134522034,-604.4954151228836,302.2477075614418,570.912336504954,302.2477075614418
161.0,-80.5,-152.05555555555569,-80.5,0.0,4.503797310346785,1.0,3.0,0.0067369210618320186,1.6060860855453118,-147.84181365469396,311.6850312757392,147.94444444444434,-148.43576031571715,74.21788015785857,140.18932918706807,74.21788015785857,-603.9936623763774,301.9968311881887,570.4384589110297,301.9968311881887
160.0,-80.0,-151.11111111111123,-80.0,0.0,4.518327046474055,1.0,3.0,0.006561846280502659,1.6126479318258145,-144.5264797404491,314.6059669181858,148.8888888888888,-152.39613323026597,76.19806661513299,143.92968138414201,76.19806661513299,-603.5455183271199,301.77275916355995,570.0152117533992,301.77275916355995
159.0,-79.5,-150.16666666666677,-79.5,0.0,4.532788541446158,1.0,3.0,0.0063997502893712865,1.6190476821151858,-141.15720392640355,317.4873168000487,149.83333333333326,-156.2560966887712,78.1280483443856,147.5752024282859,78.1280483443856,-603.1428233873177,301.57141169365883,569.634888754698,301.57141169365883
158.0,-79.0,-149.2222222222223,-79.0,0.0,4.547181350287922,1.0,3.0,0.0062491045941932555,1.625296786709379,-137.73452206922127,320.3281145450984,150.77777777777771,-160.0229256730976,80.0114628365488,151.1327631357053,80.0114628365488,-602.7789945821323,301.38949729106616,569.2912726609046,301.38949729106616
157.0,-78.5,-148.27777777777786,-78.5,0.0,4.561505032273042,1.0,3.0,0.006108621436106798,1.6314054081454858,-134.25898708618874,323.1274018530622,151.72222222222217,-163.70305648492257,81.85152824246128,154.60844223576228,81.85152824246128,-602.4486621600864,301.2243310800432,568.9792920400948,301.2243310800432
156.0,-78.0,-147.3333333333334,-78.0,0.0,4.575759150874746,1.0,3.0,0.005983059666084867,1.6373884678115707,-130.73116882408036,325.8842287986115,152.66666666666663,-167.1385638469454,83.5692819234727,157.85308807767277,83.5692819234727,-574.2057665741041,287.10288328705207,542.3054462088811,287.10288328705207
155.0,-77.5,-146.38888888888894,-77.5,0.0,4.589943273716499,1.0,3.0,0.005952380952380931,1.6433408487639516,-127.15165392280431,328.5976541281233,153.6111111111111,-168.0000000000006,84.0000000000003,158.66666666666936,84.0000000000003,-144.7212737132732,72.3606368566366,136.68120295142788,72.3606368566366
154.0,-77.0,-145.44444444444449,-77.0,0.0,4.604056972523685,1.0,3.0,0.005952380952380931,1.6492932297163325,-123.52104567386723,331.26674555412427,154.55555555555554,-168.0000000000006,84.0000000000003,158.66666666666936,84.0000000000003,0.0,0.0,0.0,0.0
153.0,-76.5,-144.50000000000003,-76.5,0.0,4.618099823078006,1.0,3.0,0.005952380952380987,1.6552456106687135,-119.83996387369724,333.8905800473285,155.5,-168.0000000000006,84.0000000000003,158.66666666666936,84.0000000000003,0.0,0.0,0.0,0.0
152.0,-76.0,-143.55555555555557,-76.0,0.0,4.6320714051711445,1.0,3.0,0.005952380952380931,1.6611979916210944,-116.10904467186845,336.4682441261773,156.44444444444446,-168.0000000000006,84.0000000000003,158.66666666666936,84.0000000000003,0.0,0.0,0.0,0.0
151.0,-75.5,-142.61111111111111,-75.5,0.0,4.6459713025618194,1.0,3.0,0.005952380952380931,1.6671503725734753,-112.32894041426884,338.9988341437944,157.3888888888889,-168.0000000000006,84.0000000000003,158.66666666666936,84.0000000000003,0.0,0.0,0.0,0.0
150.0,-75.0,-141.66666666666666,-75.0,0.0,4.659799102932362,1.0,3.0,0.005952380952380987,1.6731027535258562,-108.50031948125762,341.48145657226706,158.33333333333337,-168.0000000000006,84.0000000000003,158.66666666666936,84.0000000000003,0.0,0.0,0.0,0.0
149.0,-74.5,-140.7222222222222,-74.5,0.0,4.673554397847101,1.0,3.0,0.005952380952380931,1.6790551344782372,-104.62386612085827,343.91522828416663,159.27777777777783,-168.0000000000006,84.0000000000003,158.66666666666936,84.0000000000003,0.0,0.0,0.0,0.0
148.0,-74.0,-139.77777777777774,-74.0,0.0,4.687236782711045,1.0,3.0,0.005952380952380987,1.685007515430618,-100.70028027703546,346.2992768312207,160.22222222222229,-168.0000000000006,84.0000000000003,158.66666666666936,84.0000000000003,0.0,0.0,0.0,0.0
147.0,-73.5,-138.8333333333333,-73.5,0.0,4.7008458567316795,1.0,3.0,0.005952380952380931,1.690959896382999,-96.73027741310426,348.6327407200537,161.16666666666674,-168.0000000000006,84.0000000000003,158.66666666666936,84.0000000000003,0.0,0.0,0.0,0.0
146.0,-73.0,-137.88888888888883,-73.0,0.0,4.71438122287924,1.0,3.0,0.005952380952380931,1.69691227733538,-92.71458833032419,350.91476968490826,162.1111111111112,-168.0000000000006,84.0000000000003,158.66666666666936,84.0000000000003,0.0,0.0,0.0,0.0
145.0,-72.5,-136.94444444444437,-72.5,0.0,4.7278424878492755,1.0,3.0,0.005952380952380987,1.702864658287761,-88.65395898173007,353.14452495726596,163.05555555555566,-168.0000000000006,84.0000000000003,158.66666666666936,84.0000000000003,0.0,0.0,0.0,0.0
144.0,-72.0,-135.99999999999991,-72.0,0.0,4.741229262026907,1.0,3.0,0.005952380952380931,1.7088170392401418,-84.54915028125262,355.32117953228305,164.0000000000001,-168.0000000000006,84.0000000000003,158.66666666666936,84.0000000000003,0.0,0.0,0.0,0.0
143.0,-71.5,-135.05555555555546,-71.5,0.0,4.754541159450349,1.0,3.0,0.005952380952380987,1.7147694201925228,-80.40093790818563,357.44391843195945,164.94444444444457,-168.0000000000006,84.0000000000003,158.66666666666936,84.0000000000003,0.0,0.0,0.0,0.0
142.0,-71.0,-134.111111111111,-71.0,0.0,4.767777797777236,1.0,3.0,0.005952380952380931,1.7207218011449037,-76.21011210705527,359.5119389649609,165.88888888888903,-168.0000000000006,84.0000000000003,158.66666666666936,84.0000000000003,0.0,0.0,0.0,0.0
141.0,-70.5,-133.16666666666654,-70.5,0.0,4.7809387982492595,1.0,3.0,0.005952380952380931,1.7266741820972846,-71.97747748295144,361.5244509830121,166.83333333333348,-168.0000000000006,84.0000000000003,158.66666666666936,84.0000000000003,0.0,0.0,0.0,0.0
140.0,-70.0,-132.2222222222221,-70.0,0.0,4.79402378566113,1.0,3.0,0.005952380952380987,1.7326265630496656,-67.70385279237846,363.480677133785,167.77777777777794,-168.0000000000006,84.0000000000003,158.66666666666936,84.0000000000003,0.0,0.0,0.0,0.0
139.0,-69.5,-131.27777777777763,-69.5,0.0,4.807032388327606,1.0,3.0,0.005952380952380931,1.7385789440020465,-63.39007072968761,365.3798531102009,168.7222222222224,-168.0000000000006,84.0000000000003,158.66666666666936,84.0000000000003,0.0,0.0,0.0,0.0
138.0,-69.0,-130.33333333333317,-69.0,0.0,4.819964238052455,1.0,3.0,0.005952380952380987,1.7445313249544274,-59.0369777091538,367.22122789607215,169.66666666666686,-168.0000000000006,84.0000000000003,158.66666666666936,84.0000000000003,0.0,0.0,0.0,0.0
137.0,-68.5,-129.38888888888872,-68.5,0.0,4.8328189700977395,1.0,3.0,0.005952380952380931,1.7504837059068084,-54.645433642759855,369.0040640080058,170.6111111111113,-168.0000000000006,84.0000000000003,158.66666666666936,84.0000000000003,0.0,0.0,0.0,0.0
136.0,-68.0,-128.44444444444426,-68.0,0.0,4.845596223155464,1.0,3.0,0.005952380952380931,1.7564360868591893,-50.21631171375233,370.7276377334963,171.55555555555577,-168.0000000000006,84.0000000000003,158.66666666666936,84.0000000000003,0.0,0.0,0.0,0.0
135.0,-67.5,-127.49999999999982,-67.5,0.0,4.8582956393173236,1.0,3.0,0.005952380952380931,1.7623884678115702,-45.75049814603709,372.3912393651312,172.50000000000017,-168.0000000000006,84.0000000000003,158.66666666666697,84.0000000000003,0.0,0.0,-4.010871634818628e-10,0.0
134.0,-67.0,-126.55555555555537,-67.0,0.0,4.870916864047351,1.0,3.0,0.005952380952380987,1.7683408487639511,-41.24889196948098,373.9941734308403,173.44444444444463,-168.0000000000006,84.0000000000003,158.66666666666697,84.0000000000003,0.0,0.0,0.0,0.0
133.0,-66.5,-125.61111111111093,-66.5,0.0,4.883459546154703,1.0,3.0,0.005952380952380987,1.774293229716332,-36.712404781188155,375.5357589201151,174.38888888888908,-168.0000000000006,84.0000000000003,158.66666666666697,84.0000000000003,0.0,0.0,0.0,0.0
132.0,-66.0,-124.66666666666649,-66.0,0.0,4.895923337767121,1.0,3.0,0.005952380952380931,1.780245610668713,-32.14196050282166,377.0153295061291,175.33333333333348,-168.0000000000006,84.0000000000003,158.66666666666697,84.0000000000003,0.0,0.0,0.0,0.0
131.0,-65.5,-123.72222222222204,-65.5,0.0,4.9083078943045075,1.0,3.0,0.005952380952380931,1.786197991621094,-27.538495134041835,378.4322337636902,176.27777777777794,-168.0000000000006,84.0000000000003,158.66666666666697,84.0000000000003,0.0,0.0,0.0,0.0
130.0,-65.0,-122.7777777777776,-65.0,0.0,4.920612874454271,1.0,3.0,0.005952380952380931,1.7921503725734749,-22.90295650213309,379.7858353829581,177.2222222222224,-168.0000000000006,84.0000000000003,158.66666666666697,84.0000000000003,0.0,0.0,0.0,0.0
129.0,-64.5,-121.83333333333316,-64.5,0.0,4.932837940146054,1.0,3.0,0.005952380952380987,1.7981027535258558,-18.236304007893718,381.07551337885934,178.16666666666686,-168.0000000000006,84.0000000000003,158.66666666666697,84.0000000000003,0.0,0.0,0.0,0.0
128.0,-64.0,-120.88888888888872,-64.0,0.0,4.944982756528508,1.0,3.0,0.005952380952380987,1.8040551344782367,-13.539508367862336,382.3006622961361,179.1111111111113,-168.0000000000006,84.0000000000003,158.66666666666697,84.0000000000003,0.0,0.0,0.0,0.0
127.0,-63.5,-119.94444444444427,-63.5,0.0,4.9570469919458295,1.0,3.0,0.005952380952380931,1.8100075154306177,-8.813551352957543,383.46069240996485,180.0555555555557,-168.0000000000006,84.0000000000003,158.66666666666697,84.0000000000003,0.0,0.0,0.0,0.0
126.0,-63.0,-118.99999999999983,-63.0,0.0,4.969030317914796,1.0,3.0,0.005952380952380931,1.8159598963829986,-4.059425523607952,384.5550299220814,181.00000000000017,-168.0000000000006,84.0000000000003,158.66666666666697,84.0000000000003,0.0,0.0,0.0,0.0
125.0,-62.5,-118.05555555555539,-62.5,0.0,4.980932409102488,1.0,3.0,0.005952380952380931,1.8219122773353795,0.721866038549327,385.5831171523538,181.94444444444463,-168.0000000000006,84.0000000000003,158.66666666666697,84.0000000000003,0.0,0.0,0.0,0.0
124.0,-62.0,-117.11111111111094,-62.0,0.0,4.9927529433049935,1.0,3.0,0.005952380952380987,1.8278646582877605,5.529310002323291,386.5444127257401,182.88888888888903,-168.0000000000006,84.0000000000003,158.66666666666697,84.0000000000003,0.0,0.0,0.0,0.0
123.0,-61.5,-116.1666666666665,-61.5,0.0,5.004491601427161,1.0,3.0,0.005952380952380931,1.8338170392401414,10.361883061896654,387.4383917545762,183.83333333333348,-168.0000000000006,84.0000000000003,158.66666666666697,84.0000000000003,0.0,0.0,0.0,0.0
122.0,-61.0,-115.22222222222206,-61.0,0.0,5.016148067460413,1.0,3.0,0.005952380952380987,1.8397694201925223,15.21855221494325,388.2645460161342,184.77777777777794,-168.0000000000006,84.0000000000003,158.66666666666697,84.0000000000003,0.0,0.0,0.0,0.0
121.0,-60.5,-114.27777777777762,-60.5,0.0,5.027722028464275,1.0,3.0,0.005952380952380931,1.8457218011449033,20.0982750438559,389.0223841253974,185.7222222222224,-168.0000000000006,84.0000000000003,158.66666666666697,84.0000000000003,0.0,0.0,0.0,0.0
120.0,-60.0,-113.33333333333317,-60.0,0.0,5.039213174546627,1.0,3.0,0.005952380952380931,1.8516741820972842,24.999999999999993,389.71143170299746,186.66666666666686,-168.0000000000006,84.0000000000003,158.66666666666697,84.0000000000003,0.0,0.0,0.0,0.0
119.0,-59.5,-112.38888888888873,-59.5,0.0,5.0506211988442935,1.0,3.0,0.005952380952380931,1.8576265630496651,29.922666690908606,390.3312315382607,187.61111111111126,-168.0000000000006,84.0000000000003,158.66666666666697,84.0000000000003,0.0,0.0,0.0,0.0
118.0,-59.0,-111.44444444444429,-59.0,0.0,5.061945797505533,1.0,3.0,0.005952380952380931,1.863578944002046,34.86520617033545,390.8813437473135,188.5555555555557,-168.0000000000006,84.0000000000003,158.66666666666697,84.0000000000003,0.0,0.0,0.0,0.0
117.0,-58.5,-110.49999999999984,-58.5,0.0,5.0731866696708545,1.0,3.0,0.005952380952381042,1.8695313249544272,39.82654123107782,391.36134592619663,189.50000000000017,-167.99999999999434,83.99999999999717,158.66666666666106,83.99999999999717,1.0504663805476968e-09,-5.252331902738484e-10,-9.931682143360041e-10,-5.252331902738484e-10
116.0,-58.0,-109.5555555555554,-58.0,0.0,5.084343517457221,1.0,3.0,0.005952380952380931,1.8754837059068081,44.8055867004857,391.77083329894,190.44444444444457,-168.0000000000006,84.0000000000003,158.66666666666697,84.0000000000003,-1.0504663805477358e-09,5.252331902738679e-10,9.931682143360412e-10,5.252331902738679e-10
115.0,-57.5,-108.61111111111096,-57.5,0.0,5.095416045939344,1.0,3.0,0.005952380952380931,1.881436086859189,49.801249738566064,392.1094188605515,191.38888888888903,-168.0000000000006,84.0000000000003,158.66666666666697,84.0000000000003,0.0,0.0,0.0,0.0
114.0,-57.0,-107.66666666666652,-57.0,0.0,5.106403963133926,1.0,3.0,0.005952380952381042,1.88738846781157,54.81243013859669,392.37673351487626,192.33333333333348,-168.0000000000006,84.0000000000003,158.66666666666697,84.0000000000003,0.0,0.0,0.0,0.0
113.0,-56.5,-106.72222222222207,-56.5,0.0,5.117306979983859,1.0,3.0,0.005952380952380931,1.893340848763951,59.83802063015977,392.57242620728016,193.27777777777794,-168.0000000000006,84.0000000000003,158.66666666666697,84.0000000000003,0.0,0.0,0.0,0.0
112.0,-56.0,-105.77777777777763,-56.0,0.0,5.128124810341562,1.0,3.0,0.005952380952380931,1.8992932297163319,64.87690718450425,392.696164052118,194.2222222222224,-168.0000000000006,84.0000000000003,158.66666666666697,84.0000000000003,0.0,0.0,0.0,0.0
111.0,-55.5,-104.83333333333319,-55.5,0.0,5.138857170954519,1.0,3.0,0.005952380952380931,1.9052456106687128,69.9279693221481,392.7476324549443,195.1666666666668,-168.0000000000006,84.0000000000003,158.66666666666697,84.0000000000003,0.0,0.0,0.0,0.0
110.0,-55.0,-103.88888888888874,-55.0,0.0,5.149503781449797,1.0,3.0,0.005952380952380931,1.9111979916210937,74.99008042262776,392.72653522942966,196.11111111111126,-168.0000000000006,84.0000000000003,158.66666666666697,84.0000000000003,0.0,0.0,0.0,0.0
109.0,-54.5,-102.9444444444443,-54.5,0.0,5.160064364319674,1.0,3.0,0.005952380952380931,1.9171503725734746,80.06210803630363,392.63259470894326,197.0555555555557,-168.0000000000006,84.0000000000003,158.66666666666697,84.0000000000003,0.0,0.0,0.0,0.0
108.0,-54.0,-101.99999999999986,-54.0,0.0,5.170538644907503,1.0,3.0,0.005952380952380931,1.9231027535258556,85.1429141981288,392.46555185276765,198.0000000000001,-168.0000000000006,84.0000000000003,158.66666666666697,84.0000000000003,0.0,0.0,0.0,0.0
107.0,-53.5,-101.05555555555542,-53.5,0.0,5.180926351394078,1.0,3.0,0.005952380952380931,1.9290551344782365,90.23135574328798,392.2251663469115,198.94444444444457,-168.0000000000006,84.0000000000003,158.66666666666697,84.0000000000003,0.0,0.0,0.0,0.0
106.0,-53.0,-100.11111111111097,-53.0,0.0,5.191227214783823,1.0,3.0,0.005952380952381042,1.9350075154306174,95.32628462461226,391.91121669948706,199.88888888888903,-168.0000000000006,84.0000000000003,158.66666666666697,84.0000000000003,0.0,0.0,0.0,0.0
105.0,-52.5,-99.16666666666653,-52.5,0.0,5.201440968891766,1.0,3.0,0.005952380952380931,1.9409598963829984,100.42654823167594,391.52350033062254,200.83333333333348,-168.0000000000006,84.0000000000003,158.66666666666697,84.0000000000003,0.0,0.0,0.0,0.0
104.0,-52.0,-98.22222222222209,-52.0,0.0,5.211567350331497,1.0,3.0,0.005952380952380931,1.9469122773353793,105.53098971148101,391.06183365687986,201.77777777777794,-168.0000000000006,84.0000000000003,158.66666666666697,84.0000000000003,0.0,0.0,0.0,0.0
103.0,-51.5,-97.27777777777764,-51.5,0.0,5.221606098501267,1.0,3.0,0.005952380952381042,1.9528646582877602,110.63844829063189,390.52605217015054,202.72222222222234,-168.0000000000006,84.0000000000003,158.66666666666697,84.0000000000003,0.0,0.0,0.0,0.0
102.0,-51.0,-96.3333333333332,-51.0,0.0,5.23155695557352,1.0,3.0,0.005952380952380931,1.9588170392401412,115.74775959890752,389.9160105110039,203.6666666666668,-168.0000000000006,84.0000000000003,158.66666666666697,84.0000000000003,0.0,0.0,0.0,0.0
101.0,-50.5,-95.38888888888876,-50.5,0.0,5.241419666481914,1.0,3.0,0.005952380952380931,1.964769420192522,120.85775599413199,389.2315825364629,204.61111111111126,-168.0000000000006,84.0000000000003,158.66666666666697,84.0000000000003,0.0,0.0,0.0,0.0
100.0,-50.0,-94.44444444444431,-50.0,0.0,5.251193978910695,1.0,3.0,0.005952380952380931,1.970721801144903,125.9672668882487,388.4726613821862,205.55555555555566,-168.0000000000006,84.0000000000003,158.66666666666697,84.0000000000003,0.0,0.0,0.0,0.0
99.0,-49.5,-93.49999999999987,-49.5,0.0,5.26087964328271,1.0,3.0,0.005952380952380931,1.976674182097284,131.07511907449964,387.63915951903533,206.5000000000001,-168.0000000000006,84.0000000000003,158.66666666666697,84.0000000000003,0.0,0.0,0.0,0.0
98.0,-49.0,-92.55555555555543,-49.0,0.0,5.2704764127492725,1.0,3.0,0.005952380952380931,1.982626563049665,136.18013705561373,386.7310088040071,207.44444444444457,-168.0000000000006,84.0000000000003,158.66666666666697,84.0000000000003,0.0,0.0,0.0,0.0
97.0,-48.5,-91.61111111111099,-48.5,0.0,5.279984043178615,1.0,3.0,0.005952380952380931,1.9885789440020458,141.28114337290484,385.74816052551495,208.38888888888903,-168.0000000000006,84.0000000000003,158.66666666666697,84.0000000000003,0.0,0.0,0.0,0.0
96.0,-48.0,-90.66666666666654,-48.0,0.0,5.2894022931469244,1.0,3.0,0.005952380952380931,1.9945313249544268,146.37695893618383,384.6905854430033,209.33333333333348,-168.0000000000006,84.0000000000003,158.66666666666697,84.0000000000003,0.0,0.0,0.0,0.0
95.0,-47.5,-89.7222222222221,-47.5,0.0,5.298730923926896,1.0,3.0,0.005952380952381042,2.0004837059068077,151.46640335438335,383.5582738208802,210.27777777777789,-168.0000000000006,84.0000000000003,158.66666666666697,84.0000000000003,0.0,0.0,0.0,0.0
94.0,-47.0,-88.77777777777766,-47.0,0.0,5.307969699478955,1.0,3.0,0.005952380952380931,2.0064360868591886,156.5482952667995,382.3512354567575,211.22222222222234,-168.0000000000006,84.0000000000003,158.66666666666697,84.0000000000003,0.0,0.0,0.0,0.0
93.0,-46.5,-87.83333333333321,-46.5,0.0,5.317118386440868,1.0,3.0,0.005952380952381042,2.0123884678115695,161.6214526748497,381.0694997039867,212.1666666666668,-168.0000000000006,84.0000000000003,158.66666666666697,84.0000000000003,0.0,0.0,0.0,0.0
92.0,-46.0,-86.88888888888877,-46.0,0.0,5.326176754119209,1.0,3.0,0.00595238095238082,2.0183408487639505,166.6846932742492,379.71311548848195,213.1111111111112,-168.0000000000006,84.0000000000003,158.66666666666697,84.0000000000003,0.0,0.0,0.0,0.0
91.0,-45.5,-85.94444444444433,-45.5,0.0,5.335144574479543,1.0,3.0,0.005952380952381042,2.0242932297163314,171.736834787506,378.2821513198237,214.05555555555566,-168.0000000000006,84.0000000000003,158.66666666666697,84.0000000000003,0.0,0.0,0.0,0.0
90.0,-45.0,-84.99999999999989,-45.0,0.0,5.344021622138884,1.0,3.0,0.005952380952380931,2.0302456106687123,176.77669529663686,376.77669529663694,215.0000000000001,-168.0000000000006,84.0000000000003,158.66666666666697,84.0000000000003,0.0,0.0,0.0,0.0
89.0,-44.5,-84.05555555555544,-44.5,0.0,5.352807674355321,1.0,3.0,0.005952380952380931,2.0361979916210933,181.80309357600203,375.19685510624106,215.94444444444457,-168.0000000000006,84.0000000000003,158.66666666666697,84.0000000000003,0.0,0.0,0.0,0.0
88.0,-44.0,-83.111111111111,-44.0,0.0,5.361502511021314,1.0,3.0,0.005952380952380931,2.042150372573474,186.814849425163,373.5427580185686,216.88888888888903,-168.0000000000006,84.0000000000003,158.66666666666697,84.0000000000003,0.0,0.0,0.0,0.0
87.0,-43.5,-82.16666666666656,-43.5,0.0,5.3701059146541485,1.0,3.0,0.005952380952380931,2.048102753525855,191.81078400166066,371.8145508743533,217.83333333333343,-168.0000000000006,84.0000000000003,158.66666666666697,84.0000000000003,0.0,0.0,0.0,0.0
86.0,-43.0,-81.22222222222211,-43.0,0.0,5.378617670389476,1.0,3.0,0.005952380952380931,2.054055134478236,196.78972015361768,370.0124000675895,218.77777777777789,-168.0000000000006,84.0000000000003,158.66666666666697,84.0000000000003,0.0,0.0,0.0,0.0
85.0,-42.5,-80.27777777777767,-42.5,0.0,5.38703756597224,1.0,3.0,0.005952380952380931,2.060007515430617,201.7504827520626,368.1364915222643,219.72222222222234,-168.0000000000006,84.0000000000003,158.66666666666697,84.0000000000003,0.0,0.0,0.0,0.0
84.0,-42.0,-79.33333333333323,-42.0,0.0,5.3953653917502775,1.0,3.0,0.005952380952380931,2.065959896382998,206.6918990228792,366.1870306633693,220.66666666666674,-168.0000000000006,84.0000000000003,158.66666666666697,84.0000000000003,0.0,0.0,0.0,0.0
83.0,-41.5,-78.38888888888879,-41.5,0.0,5.403600940665979,1.0,3.0,0.005952380952381042,2.071912277335379,211.61279887828,364.1642423821988,221.6111111111112,-168.0000000000006,84.0000000000003,158.66666666666697,84.0000000000003,0.0,0.0,0.0,0.0
82.0,-41.0,-77.44444444444434,-41.0,0.0,5.411744008249968,1.0,3.0,0.005952380952380931,2.07786465828776,216.51201524770613,362.06837099594094,222.55555555555566,-168.0000000000006,84.0000000000003,158.66666666666697,84.0000000000003,0.0,0.0,0.0,0.0
81.0,-40.5,-76.4999999999999,-40.5,0.0,5.419794392613712,1.0,3.0,0.005952380952380931,2.0838170392401407,221.38838440805392,359.8996802015735,223.5000000000001,-168.0000000000006,84.0000000000003,158.66666666666697,84.0000000000003,0.0,0.0,0.0,0.0
80.0,-40.0,-75.55555555555546,-40.0,0.0,5.4277518944432614,1.0,3.0,0.005952380952381042,2.0897694201925217,226.24074631313056,357.65845302407644,224.44444444444454,-168.0000000000006,84.0000000000003,158.66666666666697,84.0000000000003,0.0,0.0,0.0,0.0
79.0,-39.5,-74.61111111111101,-39.5,0.0,5.4356163169920135,1.0,3.0,0.005952380952380931,2.0957218011449026,231.06794492223895,355.3449917589739,225.38888888888897,-168.0000000000006,84.0000000000003,158.66666666666697,84.0000000000003,0.0,0.0,0.0,0.0
78.0,-39.0,-73.66666666666657,-39.0,0.0,5.443387466074972,1.0,3.0,0.005952380952380931,2.1016741820972835,235.8688285277946,352.9596179092205,226.33333333333343,-168.0000000000006,84.0000000000003,158.66666666666697,84.0000000000003,0.0,0.0,0.0,0.0
77.0,-38.5,-72.72222222222213,-38.5,0.0,5.451065150061748,1.0,3.0,0.005952380952380931,2.1076265630496644,240.64225008187643,350.50267211645206,227.27777777777789,-168.0000000000006,84.0000000000003,158.66666666666697,84.0000000000003,0.0,0.0,0.0,0.0
76.0,-38.0,-71.77777777777769,-38.0,0.0,5.458649179871807,1.0,3.0,0.005952380952380931,2.1135789440020454,245.38706752161406,347.97451408661396,228.2222222222223,-168.0000000000006,84.0000000000003,158.66666666666697,84.0000000000003,0.0,0.0,0.0,0.0
75.0,-37.5,-70.83333333333324,-37.5,0.0,5.466139368966674,1.0,3.0,0.005952380952380931,2.1195313249544263,250.10214409331292,345.3755225099939,229.16666666666674,-168.0000000000006,84.0000000000003,158.66666666666697,84.0000000000003,0.0,0.0,0.0,0.0
74.0,-37.0,-69.8888888888888,-37.0,0.0,5.47353553334629,1.0,3.0,0.005952380952380931,2.1254837059068072,254.78634867522302,342.70609497567597,230.1111111111112,-168.0000000000006,84.0000000000003,158.66666666666697,84.0000000000003,0.0,0.0,0.0,0.0
73.0,-36.5,-68.94444444444436,-36.5,0.0,5.480837491541842,1.0,3.0,0.005952380952380931,2.131436086859188,259.4385560988516,339.9666478804424,231.05555555555566,-168.0000000000006,84.0000000000003,158.66666666666697,84.0000000000003,0.0,0.0,0.0,0.0
72.0,-36.0,-67.99999999999991,-36.0,0.0,5.488045064610895,1.0,3.0,0.005952380952380931,2.137388467811569,264.0576474687263,337.1576163321491,232.00000000000009,-168.0000000000006,84.0000000000003,158.66666666666697,84.0000000000003,0.0,0.0,0.0,0.0
71.0,-35.5,-67.05555555555547,-35.5,0.0,5.4951580761325545,1.0,3.0,0.005952380952381153,2.14334084876395,268.64251048051113,334.27945404759834,232.9444444444445,-168.0000000000006,84.0000000000003,158.66666666666697,84.0000000000003,0.0,0.0,0.0,0.0
70.0,-35.0,-66.11111111111103,-35.0,0.0,5.502176352201356,1.0,3.0,0.005952380952380931,2.149293229716331,273.19203973738166,331.3326332449432,233.88888888888897,-168.0000000000006,84.0000000000003,158.66666666666697,84.0000000000003,0.0,0.0,0.0,0.0
69.0,-34.5,-65.16666666666659,-34.5,0.0,5.509099721423255,1.0,3.0,0.005952380952380931,2.155245610668712,277.7051370645639,328.3176445306486,234.83333333333343,-168.0000000000006,84.0000000000003,158.66666666666697,84.0000000000003,0.0,0.0,0.0,0.0
68.0,-34.0,-64.22222222222214,-34.0,0.0,5.515928014910056,1.0,3.0,0.005952380952380931,2.161197991621093,282.1807118219428,325.23499678104423,235.77777777777786,-168.0000000000006,84.0000000000003,158.66666666666697,84.0000000000003,0.0,0.0,0.0,0.0
67.0,-33.5,-63.27777777777769,-33.5,0.0,5.52266106627507,1.0,3.0,0.005952380952380931,2.1671503725734738,286.6176812146468,322.08521701850265,236.7222222222223,-168.0000000000006,84.0000000000003,158.66666666666816,84.0000000000003,0.0,0.0,2.005435817409314e-10,0.0
66.0,-33.0,-62.33333333333324,-33.0,0.0,5.529298711628214,1.0,3.0,0.005952380952380931,2.1731027535258547,291.014970601516,318.868850282277,237.66666666666674,-168.0000000000006,84.0000000000003,158.66666666666816,84.0000000000003,0.0,0.0,0.0,0.0
65.0,-32.5,-61.38888888888879,-32.5,0.0,5.535840789572056,1.0,3.0,0.005952380952380931,2.1790551344782356,295.3715138013613,315.586459494036,238.6111111111112,-168.0000000000006,84.0000000000003,158.66666666666816,84.0000000000003,0.0,0.0,0.0,0.0
64.0,-32.0,-60.44444444444434,-32.0,0.0,5.542287141196604,1.0,3.0,0.005952380952380931,2.1850075154306166,299.6862533969219,312.2386253181347,239.55555555555566,-168.0000000000006,84.0000000000003,158.66666666666816,84.0000000000003,0.0,0.0,0.0,0.0
63.0,-31.5,-59.49999999999989,-31.5,0.0,5.548637610076215,1.0,3.0,0.005952380952380931,2.1909598963829975,303.9581410364323,308.8259460166608,240.5000000000001,-168.0000000000006,84.0000000000003,158.66666666666816,84.0000000000003,0.0,0.0,0.0,0.0
62.0,-31.0,-58.55555555555544,-31.0,0.0,5.554892042264308,1.0,3.0,0.005952380952380931,2.1969122773353784,308.1861377327062,305.34903729929897,241.44444444444457,-168.0000000000006,84.0000000000003,158.66666666666816,84.0000000000003,0.0,0.0,0.0,0.0
61.0,-30.5,-57.61111111111099,-30.5,0.0,5.561050286290201,1.0,3.0,0.005952380952381153,2.2028646582877593,312.36921415964883,301.80853216805525,242.388888888889,-168.0000000000006,84.0000000000003,158.66666666666816,84.0000000000003,0.0,0.0,0.0,0.0
60.0,-30.0,-56.66666666666654,-30.0,0.0,5.5671121931549346,1.0,3.0,0.005952380952380931,2.2088170392401403,316.50635094610965,298.20508075688775,243.33333333333346,-168.0000000000006,84.0000000000003,158.66666666666816,84.0000000000003,0.0,0.0,0.0,0.0
59.0,-29.5,-55.72222222222209,-29.5,0.0,5.573077616327372,1.0,3.0,0.005952380952380931,2.214769420192521,320.5965389669857,294.5393501662893,244.2777777777779,-168.0000000000006,84.0000000000003,158.66666666666816,84.0000000000003,0.0,0.0,0.0,0.0
58.0,-29.0,-54.777777777777644,-29.0,0.0,5.578946411740973,1.0,3.0,0.005952380952380931,2.220721801144902,324.63877963148985,290.8120242928695,245.22222222222234,-168.0000000000006,84.0000000000003,158.66666666666816,84.0000000000003,0.0,0.0,0.0,0.0
57.0,-28.5,-53.833333333333194,-28.5,0.0,5.584718437789723,1.0,3.0,0.005952380952380931,2.226674182097283,328.6320851684968,287.02380365398693,246.1666666666668,-168.0000000000006,84.0000000000003,158.66666666666816,84.0000000000003,0.0,0.0,0.0,0.0
56.0,-28.0,-52.888888888888744,-28.0,0.0,5.5903935553243915,1.0,3.0,0.005952380952380931,2.232626563049664,332.5754789088811,283.1754052074811,247.11111111111126,-168.0000000000006,84.0000000000003,158.66666666666816,84.0000000000003,0.0,0.0,0.0,0.0
55.0,-27.5,-51.944444444444294,-27.5,0.0,5.595971627650731,1.0,3.0,0.005952380952380931,2.238578944002045,336.4679955647646,279.2675621665569,248.0555555555557,-168.0000000000006,84.0000000000003,158.66666666666816,84.0000000000003,0.0,0.0,0.0,0.0
54.0,-27.0,-50.999999999999844,-27.0,0.0,5.601452520524326,1.0,3.0,0.005952380952380931,2.244531324954426,340.30868150558655,275.30102380987626,249.00000000000017,-168.0000000000006,84.0000000000003,158.66666666666816,84.0000000000003,0.0,0.0,0.0,0.0
53.0,-26.5,-50.055555555555394,-26.5,0.0,5.606836102148445,1.0,3.0,0.005952380952380931,2.250483705906807,344.096595030916,271.2765552869108,249.9444444444446,-168.0000000000006,84.0000000000003,158.66666666666816,84.0000000000003,0.0,0.0,0.0,0.0
52.0,-26.0,-49.111111111110944,-26.0,0.0,5.612122243170502,1.0,3.0,0.005952380952380931,2.2564360868591877,347.8308066399234,267.19493741861385,250.88888888888906,-168.0000000000006,84.0000000000003,158.66666666666816,84.0000000000003,0.0,0.0,0.0,0.0
51.0,-25.5,-48.166666666666494,-25.5,0.0,5.617310816679994,1.0,3.0,0.005952380952380931,2.2623884678115687,351.5103992974326,263.056966493468,251.8333333333335,-168.0000000000006,84.0000000000003,158.66666666666816,84.0000000000003,0.0,0.0,0.0,0.0
50.0,-25.0,-47.222222222222044,-25.0,0.0,5.622401698204194,1.0,3.0,0.005952380952381153,2.26834084876395,355.13446869647044,258.8634540589705,252.77777777777794,-167.99999999998806,83.99999999999403,158.6666666666563,83.99999999999403,2.1057076082796224e-09,-1.0528538041398112e-09,-1.9911112758562417e-09,-1.0528538041398112e-09
49.0,-24.5,-46.277777777777594,-24.5,0.0,5.627394765706242,1.0,3.0,0.005952380952380931,2.274293229716331,358.7021235172373,254.61522670861422,253.7222222222224,-168.0000000000006,84.0000000000003,158.66666666666816,84.0000000000003,-2.1057076082797795e-09,1.0528538041398898e-09,1.99111127585639e-09,1.0528538041398898e-09
48.0,-24.0,-45.333333333333144,-24.0,0.0,5.632289899582695,1.0,3.0,0.005952380952380931,2.280245610668712,362.21248568242186,250.3131258644289,254.66666666666686,-168.0000000000006,84.0000000000003,158.66666666666816,84.0000000000003,0.0,0.0,0.0,0.0
47.0,-23.5,-44.388888888888694,-23.5,0.0,5.637086982659744,1.0,3.0,0.005952380952380931,2.286197991621093,365.6646906087807,245.9580075551457,255.6111111111113,-168.0000000000006,84.0000000000003,158.66666666666816,84.0000000000003,0.0,0.0,0.0,0.0
46.0,-23.0,-43.444444444444244,-23.0,0.0,5.641785900191913,1.0,3.0,0.005952380952380931,2.2921503725734738,369.0578874549095,241.5507421900487,256.55555555555577,-168.0000000000006,84.0000000000003,158.66666666666816,84.0000000000003,0.0,0.0,0.0,0.0
45.0,-22.5,-42.499999999999794,-22.5,0.0,5.646386539858483,1.0,3.0,0.005952380952380931,2.2981027535258547,372.3912393651312,237.09221432858203,257.5000000000002,-168.0000000000006,84.0000000000003,158.66666666666816,84.0000000000003,0.0,0.0,0.0,0.0
44.0,-22.0,-41.555555555555344,-22.0,0.0,5.6508887917620605,1.0,3.0,0.005952380952380931,2.3040551344782356,375.6639237094271,232.5833224457775,258.4444444444447,-168.0000000000006,84.0000000000003,158.66666666666816,84.0000000000003,0.0,0.0,0.0,0.0
43.0,-21.5,-40.611111111110894,-21.5,0.0,5.6552925484252805,1.0,3.0,0.005952380952380931,2.3100075154306166,378.87513231934025,228.02497869357407,259.38888888888914,-168.0000000000006,84.0000000000003,158.66666666666816,84.0000000000003,0.0,0.0,0.0,0.0
42.0,-21.0,-39.666666666666444,-21.0,0.0,5.659597704789436,1.0,3.0,0.005952380952380931,2.3159598963829975,382.02407171977933,223.4181086580968,260.33333333333354,-168.0000000000006,84.0000000000003,158.66666666666816,84.0000000000003,0.0,0.0,0.0,0.0
41.0,-20.5,-38.722222222221994,-20.5,0.0,5.663804158211746,1.0,3.0,0.005952380952380931,2.3219122773353784,385.1099633566538,218.76365111296838,261.277777777778,-168.0000000000006,84.0000000000003,158.66666666666816,84.0000000000003,0.0,0.0,0.0,0.0
40.0,-20.0,-37.777777777777544,-20.0,0.0,5.667911808463311,1.0,3.0,0.005952380952381153,2.3278646582877593,388.1320438202727,214.06255776872507,262.22222222222246,-168.0000000000006,84.0000000000003,158.66666666666816,84.0000000000003,0.0,0.0,0.0,0.0
39.0,-19.5,-36.833333333333094,-19.5,0.0,5.671920557727054,1.0,3.0,0.005952380952380931,2.3338170392401403,391.0895650644388,209.31579301841026,263.1666666666669,-168.0000000000006,84.0000000000003,158.66666666666816,84.0000000000003,0.0,0.0,0.0,0.0
38.0,-19.0,-35.888888888888644,-19.0,0.0,5.675830310596117,1.0,3.0,0.005952380952380931,2.339769420192521,393.98179462117366,204.52433367942086,264.11111111111137,-168.0000000000006,84.0000000000003,158.66666666666816,84.0000000000003,0.0,0.0,0.0,0.0
37.0,-18.5,-34.944444444444194,-18.5,0.0,5.67964097407119,1.0,3.0,0.005952380952380931,2.345721801144902,396.80801581100843,199.68916873168274,265.05555555555577,-168.0000000000006,84.0000000000003,158.66666666666816,84.0000000000003,0.0,0.0,0.0,0.0
36.0,-18.0,-33.999999999999744,-18.0,0.0,5.6833524575595336,1.0,3.0,0.005952380952380931,2.351674182097283,399.56752794877787,194.81129905223156,266.0000000000002,-168.0000000000006,84.0000000000003,158.66666666666816,84.0000000000003,0.0,0.0,0.0,0.0
35.0,-17.5,-33.055555555555294,-17.5,0.0,5.6869646728726,1.0,3.0,0.005952380952380931,2.357626563049664,402.2596465448551,189.89173714627753,266.9444444444447,-168.0000000000006,84.0000000000003,158.66666666666816,84.0000000000003,0.0,0.0,0.0,0.0
34.0,-17.0,-32.111111111110844,-17.0,0.0,5.690477534224125,1.0,3.0,0.005952380952380931,2.363578944002045,404.88370350176723,184.93150687483362,267.88888888888914,-168.0000000000006,84.0000000000003,158.66666666666816,84.0000000000003,0.0,0.0,0.0,0.0
33.0,-16.5,-31.166666666666398,-16.5,0.0,5.693890958229422,1.0,3.0,0.005952380952380931,2.369531324954426,407.4390473061331,179.93164317898612,268.8333333333336,-168.0000000000006,84.0000000000003,158.66666666666757,84.0000000000003,0.0,0.0,-1.002717908704657e-10,0.0
32.0,-16.0,-30.22222222222195,-16.0,0.0,5.697204863902608,1.0,3.0,0.005952380952380931,2.375483705906807,409.9250432158649,174.89319180089083,269.77777777777806,-168.0000000000006,84.0000000000003,158.66666666666757,84.0000000000003,0.0,0.0,0.0,0.0
31.0,-15.5,-29.277777777777505,-15.5,0.0,5.700419172655928,1.0,3.0,0.005952380952380931,2.3814360868591877,412.3410734425782,169.81720900157512,270.7222222222225,-168.0000000000006,84.0000000000003,158.66666666666757,84.0000000000003,0.0,0.0,0.0,0.0
30.0,-15.0,-28.33333333333306,-15.0,0.0,5.703533808297816,1.0,3.0,0.005952380952380931,2.3873884678115687,414.6865373291548,164.70476127563023,271.66666666666697,-168.0000000000006,84.0000000000003,158.66666666666757,84.0000000000003,0.0,0.0,0.0,0.0
29.0,-14.5,-27.388888888888612,-14.5,0.0,5.706548697031449,1.0,3.0,0.005952380952381153,2.39334084876395,416.9608515224061,159.5569250628778,272.6111111111114,-167.99999999998806,83.99999999999403,158.66666666665571,83.99999999999403,2.1057076082796224e-09,-1.0528538041398112e-09,-1.9911112758562417e-09,-1.0528538041398112e-09
28.0,-14.0,-26.444444444444166,-14.0,0.0,5.709463767453797,1.0,3.0,0.005952380952380931,2.399293229716331,419.16345014078456,154.37478645709515,273.5555555555558,-168.0000000000006,84.0000000000003,158.66666666666757,84.0000000000003,-2.1057076082797795e-09,1.0528538041398898e-09,1.99111127585639e-09,1.0528538041398898e-09
27.0,-13.5,-25.49999999999972,-13.5,0.0,5.712278950553696,1.0,3.0,0.005952380952380931,2.405245610668712,421.2937849370927,149.15944091188575,274.5000000000003,-168.0000000000006,84.0000000000003,158.66666666666757,84.0000000000003,0.0,0.0,0.0,0.0
26.0,-13.0,-24.555555555555273,-13.0,0.0,5.714994179711037,1.0,3.0,0.005952380952380931,2.411197991621093,423.35132545614226,143.9119929437818,275.44444444444474,-168.0000000000006,84.0000000000003,158.66666666666757,84.0000000000003,0.0,0.0,0.0,0.0
25.0,-12.5,-23.611111111110826,-12.5,0.0,5.717609390695301,1.0,3.0,0.005952380952380931,2.4171503725734738,425.3355591873133,138.63355583266565,276.38888888888914,-168.0000000000006,84.0000000000003,158.66666666666757,84.0000000000003,0.0,0.0,0.0,0.0
24.0,-12.0,-22.66666666666638,-12.0,0.0,5.720124521664549,1.0,3.0,0.005952380952380931,2.4231027535258547,427.24599171197156,133.32525131959991,277.3333333333336,-168.0000000000006,84.0000000000003,158.66666666666757,84.0000000000003,0.0,0.0,0.0,0.0
23.0,-11.5,-21.722222222221934,-11.5,0.0,5.722539513164152,1.0,3.0,0.005983059666084811,2.4290858131919393,429.08214684569555,127.9882093021541,278.27777777777806,-167.1385638469516,83.5692819234758,157.85308807767683,83.5692819234758,143.97920146645242,-71.98960073322621,-135.98035694054104,-71.98960073322621
22.0,-11.0,-20.777777777777487,-11.0,0.0,5.7248543081257335,1.0,3.0,0.006108621436106798,2.435194434628046,430.8435667752735,122.62356752731867,279.2222222222225,-163.70305648492257,81.85152824246128,154.60844223576052,81.85152824246128,562.4030557406054,-281.2015278703027,-531.1584415327948,-281.2015278703027
21.0,-10.5,-19.83333333333304,-10.5,0.0,5.727068851866401,1.0,3.0,0.0062491045941934775,2.44144353922224,432.52981219042897,117.23247128209698,280.16666666666697,-160.0229256730862,80.0114628365431,151.13276313569287,80.0114628365431,588.9052993697248,-294.4526496848624,-556.188338293625,-294.4526496848624
20.0,-10.0,-18.888888888888594,-10.0,0.0,5.729183092087411,1.0,3.0,0.00639975028937112,2.447843289511611,434.1404624102337,111.81607308186638,281.1111111111114,-156.25609668877664,78.12804834438832,147.57520242828934,78.12804834438832,588.5899939823623,-294.29499699118116,-555.8905498722378,-294.29499699118116
19.0,-9.5,-17.944444444444148,-9.5,0.0,5.731196978873383,1.0,3.0,0.0065618462805028255,2.454405135792114,435.67511550417123,106.3755323566008,282.0555555555559,-152.39613323025566,76.19806661512783,143.92968138413065,76.19806661512783,588.2435054886816,-294.1217527443408,-555.5633107393097,-294.1217527443408
18.0,-9.0,-16.9999999999997,-9.0,0.0,5.733110464691587,1.0,3.0,0.006736921061831991,2.461142056853946,437.1333884078151,100.91201513504724,283.0000000000003,-148.43576031571226,74.21788015785613,140.18932918706187,74.21788015785613,587.8609647040026,-293.9304823520013,-555.2020222204482,-293.9304823520013
17.0,-8.5,-16.055555555555255,-8.5,0.0,5.73492350439086,1.0,3.0,0.006926805013648174,2.4680688618675943,438.51491703308625,95.42669372695006,283.94444444444474,-144.3667026904407,72.18335134522034,136.34633031874984,72.18335134522034,587.4364324178513,-293.71821620892564,-554.8010750613039,-293.71821620892564
16.0,-8.0,-15.111111111110809,-8.0,0.0,5.736636055201075,1.0,3.0,0.0071337116827863145,2.475202573550381,439.8193563730564,89.92074640341625,284.8888888888892,-140.17948081823582,70.08974040911791,132.39173188388966,70.08974040911791,586.9625881164404,-293.4812940582202,-554.3535554433071,-293.4812940582202
15.0,-7.5,-14.166666666666362,-7.5,0.0,5.738248076731932,1.0,3.0,0.0073603475269499175,2.4825629210773306,441.04638060126626,84.3953570755171,285.8333333333336,-135.86314998558552,67.93157499279276,128.31519720860882,67.93157499279276,586.4303033037742,-293.2151516518871,-553.8508420091209,-293.2151516518871
14.0,-7.0,-13.222222222221916,-7.0,0.0,5.739759530972962,1.0,3.0,0.0076100627112958286,2.4901729837886264,442.1956831655298,78.85171497122047,286.77777777777806,-131.40496181663156,65.70248090831578,124.10468616015228,65.70248090831578,585.8280461127546,-292.9140230563773,-553.2820435509368,-292.9140230563773
13.0,-6.5,-12.27777777777747,-6.5,0.0,5.741170382292295,1.0,3.0,0.007887062443157067,2.4980600462317835,443.2669768761939,73.29101431074973,287.7222222222225,-126.78991794563703,63.394958972818515,119.74603361532411,63.394958972818515,585.1410337189111,-292.57051685945555,-552.6331985123063,-292.57051685945555
12.0,-6.0,-11.333333333333023,-6.0,0.0,5.74248059743621,1.0,3.0,0.008196709852475337,2.506256756084259,444.2599939888295,67.71445398046528,288.66666666666697,-122.00017055599552,61.00008527799776,115.22238330288491,61.00008527799776,584.349998456398,-292.174999228199,-551.8861096532651,-292.174999228199
11.0,-5.5,-10.388888888888577,-5.5,0.0,5.743690145528642,1.0,3.0,0.008545971336497482,2.514802727420756,445.1744862813275,62.12323720536502,289.6111111111114,-117.01420009792244,58.50710004896122,110.51341120359363,58.50710004896122,583.4293448632937,-291.7146724316469,-551.0166034820029,-291.7146724316469
10.0,-5.0,-9.44444444444413,-5.0,0.0,5.744798998070717,1.0,3.0,0.008944091062413007,2.5237468184831693,446.010225125378,56.51857122030066,290.5555555555559,-111.80565951552235,55.902829757761175,105.59423398688244,55.902829757761175,582.344314928605,-291.1721574643025,-549.9918529881263,-291.1721574643025
9.0,-4.5,-8.499999999999684,-4.5,0.0,5.745807128939965,1.0,3.0,0.009403648569187073,2.5331504670523564,446.7670015523096,50.901666940007466,291.50000000000034,-106.34170265323388,53.17085132661694,100.43383028360999,53.17085132661694,581.0464759595773,-290.52323797978863,-548.7661161840459,-290.52323797978863
8.0,-4.0,-7.555555555555237,-4.0,0.0,5.746714514390245,1.0,3.0,0.00994228670303543,2.543092753755392,447.4446263132701,45.27373862804446,292.4444444444448,-100.5804831291651,50.29024156458255,94.99267851087836,50.29024156458255,579.4662431440164,-289.7331215720082,-547.2736740804605,-289.7331215720082
7.0,-3.5,-6.611111111110791,-3.5,0.0,5.7475211330510785,1.0,3.0,0.010585678596608306,2.553678432352,448.0429299337311,39.63600356474377,293.3888888888892,-94.4672550629324,47.2336275314662,89.219074226103,47.2336275314662,577.4998749906821,-288.74993749534104,-545.4165486023132,-288.74993749534104
6.0,-3.0,-5.6666666666663446,-3.0,0.0,5.748226965927454,1.0,3.0,0.011372944457301859,2.565051376809302,448.56176276229814,33.98968171426671,294.33333333333366,-87.92797711747922,43.96398855873961,83.04308949984166,43.96398855873961,574.9854815526437,-287.49274077632185,-543.041843688609,-287.49274077632185
5.0,-2.5,-4.722222222221898,-2.5,0.0,5.748831996399354,1.0,3.0,0.012367341725645575,2.5774187185349478,449.00099501381357,28.335995390865694,295.2777777777781,-80.8581198921939,40.42905994609695,76.3660021204055,40.42905994609695,571.6553631428135,-285.82768157140674,-539.8967318571036,-285.82768157140674
4.0,-2.0,-3.7777777777774517,-2.0,0.0,5.74933621022162,1.0,3.0,0.013679642019384541,2.5910983605543323,449.36051680673876,22.676168924450362,296.2222222222225,-73.1013281329266,36.5506640664633,69.04014323665304,36.5506640664633,567.0317796529799,-283.51588982648997,-535.5300141167039,-283.51588982648997
3.0,-1.5,-2.8333333333330053,-1.5,0.0,5.749739595523664,1.0,3.0,0.015527091266939186,2.6066254518212713,449.64023819480406,17.011428325557112,297.16666666666697,-64.40356296025956,32.20178148012978,60.82558724024527,32.20178148012978,560.1670669114142,-280.0835334557071,-529.0466743052255,-280.0835334557071
2.0,-1.0,-1.8888888888885589,-1.0,0.0,5.750042142809201,1.0,3.0,0.018417998835566607,2.625043450656838,449.84008919291693,11.34300094982113,298.1111111111114,-54.294715127732616,27.147357563866308,51.27834206508091,27.147357563866308,548.8570133366479,-274.42850666832396,-518.3649570401684,-274.42850666832396
1.0,-0.5,-0.9444444444441124,-0.5,0.0,5.750243844956191,1.0,3.0,0.02400280339947014,2.649046254056308,449.9600197973211,5.672115162050245,299.0555555555559,-41.66180022213923,20.830900111069614,39.3472557653538,20.830900111069614,526.3099770201165,-263.1549885100583,-497.0705338523333,-263.1549885100583
0.0,0.0,3.341771304121721e-13,0.0,0.0,5.7503446972166685,1.0,3.0,0.05794789350197549,2.7069941475582833,450.0,5.878304635907296e-14,300.00000000000034,-17.25688268488844,8.62844134244422,16.29816698017245,8.62844134244422,421.1527988747133,-210.57639943735666,-397.7554211594523,-210.57639943735666
