J1_Position,J2_Position,J3_Position,J4_Position,Error,MM_Step,Deg_step,Move_ID,Time,Time_Total,X,Y,Z,J1_Velocity,J2_Velocity,J3_Velocity,J4_Velocity,J1_Acceleration,J2_Acceleration,J3_Acceleration,J4_Acceleration
0.0,0.0,0.0,0.0,0.0,0.0,0.0,1.0,0.0,0.0,450.0,5.878304635907296e-14,300.0,0.0,0.0,0.0,0.0,0.0,0.0,0.0,0.0
1.0,-0.5,-0.9444444444444444,-0.5,0.0,5.7503446972166685,1.0,2.0,0.0,0.0,449.9600197973211,5.672115162050245,299.05555555555554,0.0,0.0,0.0,0.0,0.0,0.0,0.0,0.0
2.0,-1.0,-1.8888888888888888,-1.0,0.0,5.750243844956191,1.0,2.0,0.14433756729740643,0.14433756729740643,449.84008919291693,11.34300094982113,298.1111111111111,6.92820323027551,-3.464101615137755,-6.543303050815759,-3.464101615137755,48.00000000000001,-24.000000000000004,-45.333333333333336,-24.000000000000004
3.0,-1.5,-2.833333333333333,-1.5,0.0,5.750042142809201,1.0,2.0,0.03243912799923046,0.1767766952966369,449.64023819480406,17.011428325557112,297.16666666666663,30.82696920902814,-15.41348460451407,-29.11435980852657,-15.41348460451407,736.7265229607765,-368.36326148038825,-695.7972716851776,-368.36326148038825
4.0,-2.0,-3.7777777777777777,-2.0,0.0,5.749739595523654,1.0,2.0,0.027347449935294615,0.2041241452319315,449.36051680673876,22.676168924450362,296.22222222222223,36.56648069074258,-18.28324034537129,-34.53500954125689,-18.28324034537129,209.87373577040646,-104.93686788520323,-198.21408378316224,-104.93686788520323
5.0,-2.5,-4.722222222222222,-2.5,0.0,5.749336210221629,1.0,2.0,0.024093587061887717,0.22821773229381923,449.00099501381357,28.335995390865694,295.27777777777777,41.50482024247205,-20.752410121236025,-39.19899689566805,-20.752410121236025,204.96489539082165,-102.48244769541083,-193.57795675799807,-102.48244769541083
6.0,-3.0,-5.666666666666667,-3.0,0.0,5.748831996399345,1.0,2.0,0.021782267706180775,0.25,448.56176276229814,33.98968171426671,294.33333333333337,45.90890230020667,-22.954451150103335,-43.358407727972974,-22.954451150103335,202.1865729106318,-101.0932864553159,-190.95398552670792,-101.0932864553159
7.0,-3.5,-6.611111111111112,-3.5,0.0,5.748226965927454,1.0,2.0,0.020030862433660868,0.27003086243366087,448.0429299337311,39.63600356474377,293.3888888888889,49.92296279363138,-24.96148139681569,-47.14946486065187,-24.96148139681569,200.3937926646273,-100.19689633231366,-189.2608041832593,-100.19689633231366
8.0,-4.0,-7.555555555555556,-4.0,0.0,5.747521133051088,1.0,2.0,0.018644272161151998,0.28867513459481287,447.4446263132701,45.27373862804446,292.44444444444446,53.6357757147336,-26.8178878573668,-50.65601039724841,-26.8178878573668,199.13960110700356,-99.56980055350178,-188.0762899343922,-99.56980055350178
9.0,-4.5,-8.5,-4.5,0.0,5.746714514390245,1.0,2.0,0.01751108325308437,0.30618621784789724,446.7670015523096,50.901666940007466,291.5,57.10668983450021,-28.553344917250104,-53.93409595480571,-28.553344917250104,198.21241607969918,-99.10620803984959,-187.20061518637965,-99.10620803984959
10.0,-5.0,-9.444444444444445,-5.0,0.0,5.745807128939965,1.0,2.0,0.016562394336054165,0.3227486121839514,446.010225125378,56.51857122030066,290.55555555555554,60.377743683057396,-30.188871841528698,-57.023424589554224,-30.188871841528698,197.4988508416643,-98.74942542083215,-186.5266924615753,-98.74942542083215
11.0,-5.5,-10.38888888888889,-5.5,0.0,5.744798998070717,1.0,2.0,0.015752988009213598,0.338501600193165,445.1744862813275,62.12323720536502,289.6111111111111,63.480020388203215,-31.740010194101608,-59.95335258885861,-31.740010194101608,196.9325884925045,-98.46629424625225,-185.99188913180967,-98.46629424625225
12.0,-6.0,-11.333333333333334,-6.0,0.0,5.743690145528642,1.0,2.0,0.015051790400108789,0.3535533905932738,444.2599939888295,67.71445398046528,288.66666666666663,66.43727911549794,-33.21863955774897,-62.74631916463696,-33.21863955774897,196.47222348202212,-98.23611174101106,-185.55709995524285,-98.23611174101106
13.0,-6.5,-12.277777777777779,-6.5,0.0,5.742480597436201,1.0,2.0,0.014436645503719814,0.3679900360969936,443.2669768761939,73.29101431074973,287.72222222222223,69.26816896226588,-34.63408448113294,-65.41993735325111,-34.63408448113294,196.09055621948403,-98.04527810974201,-185.19663642951264,-98.04527810974201
14.0,-7.0,-13.222222222222223,-7.0,0.0,5.741170382292295,1.0,2.0,0.01389127181599309,0.3818813079129867,442.1956831655298,78.85171497122047,286.77777777777777,71.98764902495789,-35.993824512478945,-67.98833519023803,-35.993824512478945,195.7689762834432,-97.8844881417216,-184.89292204547527,-97.8844881417216
15.0,-7.5,-14.166666666666668,-7.5,0.0,5.739759530972953,1.0,2.0,0.013403399608060751,0.39528470752104744,441.04638060126626,84.3953570755171,285.83333333333337,74.60793748166726,-37.30396874083363,-70.4630520660191,-37.30396874083363,195.49431736210744,-97.74715868105372,-184.633521953101,-97.74715868105372
16.0,-8.0,-15.111111111111112,-8.0,0.0,5.738248076731941,1.0,2.0,0.012963582942815577,0.408248290463863,439.8193563730564,89.92074640341625,284.8888888888889,77.13916780655154,-38.56958390327577,-72.85365848396536,-38.56958390327577,195.25700078828018,-97.62850039414009,-184.40938963337555,-97.62850039414009
17.0,-8.5,-16.055555555555557,-8.5,0.0,5.736636055201075,1.0,2.0,0.012564415301223597,0.4208127057650866,438.51491703308625,95.42669372695006,283.94444444444446,79.58985563797896,-39.79492781898948,-75.1681969914246,-39.79492781898948,195.04989071705975,-97.52494535852988,-184.2137856772236,-97.52494535852988
18.0,-9.0,-17.0,-9.0,0.0,5.73492350439086,1.0,2.0,0.012199996127132684,0.4330127018922193,437.1333884078151,100.91201513504724,283.0,81.96723913510175,-40.983619567550875,-77.41350362759597,-40.983619567550875,194.86756162450845,-97.43378081225423,-184.04158597869025,-97.43378081225423
19.0,-9.5,-17.944444444444443,-9.5,0.0,5.733110464691596,1.0,2.0,0.011865558609085336,0.44487826050130463,435.67511550417123,106.3755323566008,282.05555555555554,84.27753238977812,-42.13876619488906,-79.59544725701254,-42.13876619488906,194.70581460087342,-97.35290730043671,-183.88882490082463,-97.35290730043671
20.0,-10.0,-18.888888888888886,-10.0,0.0,5.731196978873383,1.0,2.0,0.011557204086333817,0.45643546458763845,434.1404624102337,111.81607308186638,281.1111111111111,86.52611760853837,-43.263058804269185,-81.71911107473055,-43.263058804269185,194.56134909127076,-97.28067454563538,-183.75238525286622,-97.28067454563538
21.0,-10.5,-19.83333333333333,-10.5,0.0,5.7291830920874025,1.0,2.0,0.011271708759104215,0.46770717334674267,432.52981219042897,117.23247128209698,280.1666666666667,88.71769324170083,-44.358846620850414,-83.78893250605064,-44.358846620850414,194.4315347388932,-97.2157673694466,-183.6297828089542,-97.2157673694466
22.0,-11.0,-20.77777777777777,-11.0,0.0,5.727068851866401,1.0,2.0,0.011006380531426385,0.47871355387816905,430.8435667752735,122.62356752731867,279.22222222222223,90.85638981359149,-45.428194906795746,-85.80881260172517,-45.428194906795746,194.31424942868983,-97.15712471434492,-183.51901334931895,-97.15712471434492
23.0,-11.5,-21.722222222222214,-11.5,0.0,5.7248543081257335,1.0,2.0,0.010758951308111386,0.48947250518628044,429.08214684569555,127.9882093021541,278.27777777777777,92.94586167018716,-46.47293083509358,-87.78220268850994,-46.47293083509358,194.20776214688982,-97.10388107344491,-183.41844202761632,-97.10388107344491
24.0,-12.0,-22.666666666666657,-12.0,0.0,5.7225395131641426,1.0,2.0,0.010527494813719562,0.5,427.24599171197156,133.32525131959991,277.33333333333337,94.98936049788288,-47.49468024894144,-89.71217380355591,-47.49468024894144,194.1106468209906,-97.0553234104953,-183.32672199760293,-97.0553234104953
25.0,-12.5,-23.6111111111111,-12.5,0.0,5.720124521664549,1.0,2.0,0.0103103630798288,0.5103103630798288,425.3355591873133,138.63355583266565,276.3888888888889,96.98979485566329,-48.494897427831646,-91.6014729192374,-48.494897427831646,194.02171798334217,-97.01085899167109,-183.24273365093296,-97.01085899167109
26.0,-13.0,-24.555555555555543,-13.0,0.0,5.717609390695311,1.0,2.0,0.010106136786704356,0.5204164998665332,423.35132545614226,143.9119929437818,275.44444444444446,98.9497788428513,-49.47488942142565,-93.45256890713719,-49.47488942142565,193.93998206778357,-96.96999103389179,-183.16553861957422,-96.96999103389179
27.0,-13.5,-25.499999999999986,-13.5,0.0,5.714994179711037,1.0,2.0,0.009913586023377441,0.5303300858899106,421.2937849370927,149.15944091188575,274.5,100.87167223261879,-50.435836116309396,-95.2676904419176,-50.435836116309396,193.86460007866296,-96.93230003933148,-183.09434451873676,-96.93230003933148
28.0,-14.0,-26.44444444444443,-14.0,0.0,5.712278950553696,1.0,2.0,0.009731638977411139,0.5400617248673217,419.16345014078456,154.37478645709515,273.55555555555554,102.75761383269328,-51.37880691634664,-97.0488575086546,-51.37880691634664,193.79485865146597,-96.89742932573299,-183.02847761527295,-96.89742932573299
29.0,-14.5,-27.38888888888887,-14.5,0.0,5.709463767453797,1.0,2.0,0.009559356727383173,0.5496210815947049,416.9608515224061,159.5569250628778,272.61111111111114,104.60954942035573,-52.30477471017787,-98.79790778589135,-52.30477471017787,193.7301473808909,-96.86507369044546,-182.96736141528444,-96.86507369044546
30.0,-15.0,-28.333333333333314,-15.0,0.0,5.706548697031449,1.0,2.0,0.009395912780242544,0.5590169943749475,414.6865373291548,164.70476127563023,271.6666666666667,106.42925529308567,-53.21462764654284,-100.51651888791407,-53.21462764654284,193.66994088710211,-96.83497044355106,-182.91049972670737,-96.83497044355106
31.0,-15.5,-29.277777777777757,-15.5,0.0,5.703533808297816,1.0,2.0,0.009240576332796513,0.568257570707744,412.3410734425782,169.81720900157512,270.72222222222223,108.21835824793907,-54.10917912396953,-102.2062272341645,-54.10917912396953,193.61378451077059,-96.80689225538529,-182.85746314906137,-96.80689225538529
32.0,-16.0,-30.2222222222222,-16.0,0.0,5.700419172655918,1.0,2.0,0.009092698481881767,0.5773502691896257,409.9250432158649,174.89319180089083,269.7777777777778,109.97835263014753,-54.98917631507376,-103.86844415069471,-54.98917631507376,193.56128279360078,-96.78064139680039,-182.8078781939562,-96.78064139680039
33.0,-16.5,-31.166666666666643,-16.5,0.0,5.697204863902608,1.0,2.0,0.008951700788302985,0.5863019699779287,407.4390473061331,179.93164317898612,268.83333333333337,111.71061496008454,-55.85530748004227,-105.50446968452411,-55.85530748004227,193.5120901494528,-96.7560450747264,-182.7614184744825,-96.7560450747264
34.0,-17.0,-32.111111111111086,-17.0,0.0,5.693890958229422,1.0,2.0,0.008817065733975449,0.5951190357119042,404.88370350176723,184.93150687483362,267.8888888888889,113.41641654622426,-56.70820827311213,-107.11550451587829,-56.70820827311213,193.4659032388318,-96.7329516194159,-182.71779750334125,-96.7329516194159
35.0,-17.5,-33.05555555555553,-17.5,0.0,5.690477534224125,1.0,2.0,0.00868832871265579,0.60380736442456,402.2596465448551,189.89173714627753,266.94444444444446,115.09693441310033,-57.548467206550164,-108.70266027903902,-57.548467206550164,193.42245470387869,-96.71122735193934,-182.6767627758856,-96.71122735193934
36.0,-18.0,-33.99999999999997,-18.0,0.0,5.6869646728726,1.0,2.0,0.008565071271234515,0.6123724356957945,399.56752794877787,194.81129905223156,266.0,116.75326081155498,-58.37663040577749,-110.26696854424618,-58.37663040577749,193.38150798783954,-96.69075399391977,-182.63809087740265,-96.69075399391977
37.0,-18.5,-34.944444444444414,-18.5,0.0,5.683352457559524,1.0,2.0,0.00844691537717801,0.6208193510729725,396.80801581100843,199.68916873168274,265.0555555555556,118.38641152980098,-59.19320576490049,-111.80938866703407,-59.19320576490049,193.342853020461,-96.6714265102305,-182.6015834082131,-96.6714265102305
38.0,-19.0,-35.88888888888886,-19.0,0.0,5.6796409740712,1.0,2.0,0.0083335185329233,0.6291528696058958,393.98179462117366,204.52433367942086,264.11111111111114,119.99733318517163,-59.99866659258581,-113.33081467488412,-59.99866659258581,193.30630261471964,-96.65315130735982,-182.56706358056834,-96.65315130735982
39.0,-19.5,-36.8333333333333,-19.5,0.0,5.675830310596117,1.0,2.0,0.00822456959320228,0.6373774391990981,391.0895650644388,209.31579301841026,263.1666666666667,121.58690964527965,-60.79345482263982,-114.8320813316528,-60.79345482263982,193.27168942941734,-96.63584471470867,-182.5343733500043,-96.63584471470867
40.0,-20.0,-37.77777777777774,-20.0,0.0,5.671920557727045,1.0,2.0,0.008119785168804738,0.6454972243679028,388.1320438202727,214.06255776872507,262.2222222222223,123.15596770243167,-61.57798385121583,-116.31396949674082,-61.57798385121583,193.23886340985436,-96.61943170492718,-182.50337099819626,-96.61943170492718
41.0,-20.5,-38.722222222222186,-20.5,0.0,5.667911808463311,1.0,2.0,0.008018906522018976,0.6535161308899218,385.1099633566538,218.76365111296838,261.2777777777778,124.7052821047505,-62.35264105237525,-117.7772108767086,-62.35264105237525,193.20768961012234,-96.60384480506117,-182.47392907622506,-96.60384480506117
42.0,-21.0,-39.66666666666663,-21.0,0.0,5.663804158211746,1.0,2.0,0.007921696876225903,0.6614378277661477,382.02407171977933,223.4181086580968,260.33333333333337,126.23558003098262,-63.11779001549131,-119.22249225148339,-63.11779001549131,193.1780463381219,-96.58902316906095,-182.44593265267207,-96.58902316906095
43.0,-21.5,-40.61111111111107,-21.5,0.0,5.659597704789446,1.0,2.0,0.007827939075894408,0.6692657668420421,378.87513231934025,228.02497869357407,259.3888888888889,127.74754508238703,-63.87377254119352,-120.65045924447645,-63.87377254119352,193.14982356727936,-96.57491178363968,-182.419277813542,-96.57491178363968
44.0,-22.0,-41.555555555555515,-22.0,0.0,5.6552925484252805,1.0,2.0,0.007737433544287908,0.67700320038633,375.6639237094271,232.5833224457775,258.44444444444446,129.241820853924,-64.620910426962,-122.06171969537246,-64.620910426962,193.12292157133913,-96.56146078566957,-182.39387037292997,-96.56146078566957
45.0,-22.5,-42.49999999999996,-22.5,0.0,5.650888791762051,1.0,2.0,0.007649996495127653,0.6846531968814576,372.3912393651312,237.09221432858203,257.50000000000006,130.7190141377069,-65.35950706885345,-123.45684668561188,-65.35950706885345,193.09724974694203,-96.54862487347101,-182.36962476100308,-96.54862487347101
46.0,-23.0,-43.4444444444444,-23.0,0.0,5.646386539858483,1.0,2.0,0.007565458361715294,0.6922186552431729,369.0578874549095,241.5507421900487,256.5555555555556,132.179697803964,-66.089848901982,-124.83638125929912,-66.089848901982,193.07272559304928,-96.53636279652464,-182.34646306009938,-96.53636279652464
47.0,-23.5,-44.38888888888884,-23.5,0.0,5.641785900191913,1.0,2.0,0.007483662412938075,0.699702317656111,365.6646906087807,245.9580075551457,255.61111111111114,133.62441339833254,-66.81220669916627,-126.20083487620273,-66.81220669916627,193.04927382492028,-96.52463691246014,-182.324314167979,-96.52463691246014
48.0,-24.0,-45.333333333333286,-24.0,0.0,5.637086982659739,1.0,2.0,0.007404463530436556,0.7071067811865476,362.21248568242186,250.3131258644289,254.6666666666667,135.05367348889374,-67.52683674444687,-127.55069162839942,-67.52683674444687,193.02682560135906,-96.51341280067953,-182.3031130679498,-96.51341280067953
49.0,-24.5,-46.27777777777773,-24.5,0.0,5.632289899582689,1.0,2.0,0.00732772712521268,0.7144345083117603,358.7021235172373,254.61522670861422,253.72222222222229,136.46796379183894,-68.23398189591947,-128.88641024784766,-68.23398189591947,193.00531785347508,-96.50265892673754,-182.28280019494804,-96.50265892673754
50.0,-25.0,-47.22222222222217,-25.0,0.0,5.627394765706242,1.0,2.0,0.0072533281752720224,0.7216878364870323,355.13446869647044,258.8634540589705,252.77777777777783,137.86774510068227,-68.93387255034114,-130.20842592842192,-68.93387255034114,192.98469268431168,-96.49234634215584,-182.26332086851613,-96.49234634215584
51.0,-25.5,-48.166666666666615,-25.5,0.0,5.622401698204199,1.0,2.0,0.007181150368630318,0.7288689868556626,351.5103992974326,263.056966493468,251.83333333333337,139.25345504089938,-69.62672752044969,-131.51715198307141,-69.62672752044969,192.96489685975092,-96.48244842987546,-182.24462481198742,-96.48244842987546
52.0,-26.0,-49.11111111111106,-26.0,0.0,5.617310816679988,1.0,2.0,0.0071110853383246075,0.7359800721939872,347.8308066399234,267.19493741861385,250.88888888888894,140.6255096687678,-70.3127548343839,-132.81298135383602,-70.3127548343839,192.94588133738645,-96.47294066869323,-182.22666570753165,-96.47294066869323
53.0,-26.5,-50.0555555555555,-26.5,0.0,5.612122243170497,1.0,2.0,0.0070430319779715145,0.7430231041719587,344.096595030916,271.2765552869108,249.9444444444445,141.98430493112897,-70.99215246556449,-134.0962879905105,-70.99215246556449,192.92760087006377,-96.46380043503189,-182.20940082172913,-96.46380043503189
54.0,-27.0,-50.99999999999994,-27.0,0.0,5.606836102148449,1.0,2.0,0.006976895828041285,0.75,340.30868150558655,275.30102380987626,249.00000000000006,143.33021800050912,-71.66510900025456,-135.36742811159172,-71.66510900025456,192.91001364399062,-96.45500682199531,-182.19279066376643,-96.45500682199531
55.0,-27.5,-51.944444444444386,-27.5,0.0,5.601452520524326,1.0,2.0,0.006912588524372931,0.7569125885243729,336.4679955647646,279.2675621665569,248.0555555555556,144.6636084983395,-72.33180424916975,-136.62674135954262,-72.33180424916975,192.89308095353996,-96.44654047676998,-182.17679867834124,-96.44654047676998
56.0,-28.0,-52.88888888888883,-28.0,0.0,5.595971627650726,1.0,2.0,0.006850027301600448,0.7637626158259734,332.5754789088811,283.1754052074811,247.11111111111117,145.9848196176326,-72.9924098088163,-137.87455186109725,-72.9924098088163,192.8767669268152,-96.4383834634076,-182.16139098643959,-96.4383834634076
57.0,-28.5,-53.83333333333327,-28.5,0.0,5.590393555324387,1.0,2.0,0.006789134545148623,0.770551750371122,328.6320851684968,287.02380365398693,246.16666666666674,147.2941791549233,-73.64708957746166,-139.11116920187177,-73.64708957746166,192.8610382639043,-96.43051913195215,-182.14653613812837,-96.43051913195215
58.0,-29.0,-54.777777777777715,-29.0,0.0,5.584718437789723,1.0,2.0,0.006729837386279192,0.7772815877574012,324.63877963148985,290.8120242928695,245.22222222222229,148.59200046033837,-74.29600023016918,-140.33688932365266,-74.29600023016918,192.84586401167093,-96.42293200583546,-182.1322048999107,-96.42293200583546
59.0,-29.5,-55.72222222222216,-29.5,0.0,5.5789464117409775,1.0,2.0,0.006672067335381282,0.7839536550927825,320.5965389669857,294.5393501662893,244.27777777777783,149.8785833136161,-74.93929165680805,-141.5519953517483,-74.93929165680805,192.83121536485703,-96.41560768242852,-182.1183700668106,-96.41560768242852
60.0,-30.0,-56.6666666666666,-30.0,0.0,5.573077616327367,1.0,2.0,0.006615759949312405,0.7905694150420949,316.50635094610965,298.20508075688775,243.3333333333334,151.1542147329473,-75.57710736647365,-142.75675835889444,-75.57710736647365,192.81706547768334,-96.40853273884167,-182.10500628447917,-96.40853273884167
61.0,-30.5,-57.61111111111104,-30.5,0.0,5.56711219315493,1.0,2.0,0.006560854529113036,0.7971302695712079,312.36921415964883,301.80853216805525,242.38888888888897,152.41916972287913,-76.20958486143957,-143.9514380716078,-76.20958486143957,192.8033893022214,-96.4016946511107,-182.09208989653905,-96.4016946511107
62.0,-31.0,-58.555555555555486,-31.0,0.0,5.561050286290206,1.0,2.0,0.006507293844871698,0.8036375634160796,308.1861377327062,305.34903729929897,241.4444444444445,153.67371196677792,-76.83685598338896,-145.13628352417888,-76.83685598338896,192.79016343905678,-96.39508171952839,-182.0795988035529,-96.39508171952839
63.0,-31.5,-59.49999999999993,-31.5,0.0,5.554892042264308,1.0,2.0,0.006455023884902933,0.8100925873009825,303.9581410364323,308.8259460166608,240.50000000000006,154.91809446883826,-77.45904723441913,-146.31153366501368,-77.45904723441913,192.77736600955416,-96.38868300477708,-182.06751234236185,-96.38868300477708
64.0,-32.0,-60.44444444444437,-32.0,0.0,5.54863761007621,1.0,2.0,0.006403993626743487,0.816496580927726,299.6862533969219,312.2386253181347,239.55555555555563,156.15256014995643,-78.07628007497821,-147.47741791940305,-78.07628007497821,192.7649765238614,-96.3824882619307,-182.05581116142295,-96.3824882619307
65.0,-32.5,-61.388888888888815,-32.5,0.0,5.542287141196598,1.0,2.0,0.0063541548277531446,0.8228507357554792,295.3715138013613,315.586459494036,238.6111111111112,157.37734240158642,-78.68867120079321,-148.63415671260915,-78.68867120079321,192.75297578215876,-96.37648789107938,-182.04447712759463,-96.37648789107938
66.0,-33.0,-62.33333333333326,-33.0,0.0,5.535840789572056,1.0,2.0,0.0063054618333707735,0.82915619758885,291.014970601516,318.868850282277,237.66666666666674,158.59266560105718,-79.29633280052859,-149.78196195655374,-79.29633280052859,192.7413457708731,-96.37067288543655,-182.03349322804405,-96.37067288543655
67.0,-33.5,-63.2777777777777,-33.5,0.0,5.529298711628218,1.0,2.0,0.006257871401292636,0.8354140689901426,286.6176812146468,322.08521701850265,236.72222222222229,159.79874559158222,-79.89937279579111,-150.9210375031607,-79.89937279579111,192.73006956900883,-96.36503478450442,-182.02284348183815,-96.36503478450442
68.0,-34.0,-64.22222222222214,-34.0,0.0,5.522661066275066,1.0,2.0,0.00621134254003064,0.8416254115301732,282.1807118219428,325.23499678104423,235.77777777777786,160.99579012994946,-80.49789506497473,-152.05157956717423,-80.49789506497473,192.7191312751739,-96.35956563758695,-182.01251287100138,-96.35956563758695
69.0,-34.5,-65.16666666666659,-34.5,0.0,5.515928014910056,1.0,2.0,0.006165836360485288,0.8477912478906585,277.7051370645639,328.3176445306486,234.83333333333343,162.1839993044016,-81.0919996522008,-153.17377712082347,-81.0919996522008,192.70851592282952,-96.35425796141476,-182.0024872604501,-96.35425796141476
70.0,-35.0,-66.11111111111103,-35.0,0.0,5.509099721423255,1.0,2.0,0.006121315939307981,0.8539125638299665,273.19203973738166,331.3326332449432,233.88888888888897,163.3635659251809,-81.68178296259045,-154.2878122626706,-81.68178296259045,192.69820941682164,-96.34910470841082,-181.99275333811116,-96.34910470841082
71.0,-35.5,-67.05555555555547,-35.5,0.0,5.502176352201356,1.0,2.0,0.006077746192962419,0.8599903100229289,268.64251048051113,334.27945404759834,232.9444444444445,164.5346758898761,-82.26733794493805,-155.3938605626605,-82.26733794493805,192.68819847252982,-96.34409923626491,-181.98329855738797,-96.34409923626491
72.0,-36.0,-67.99999999999991,-36.0,0.0,5.4951580761325545,1.0,2.0,0.00603509376150968,0.8660254037844386,264.0576474687263,337.1576163321491,232.00000000000009,165.6975085255096,-82.8487542627548,-156.49209138520325,-82.8487542627548,192.6784705566214,-96.3392352783107,-181.97411108125408,-96.3392352783107
73.0,-36.5,-68.94444444444436,-36.5,0.0,5.488045064610895,1.0,2.0,0.005993326901242657,0.8720187306856813,259.4385560988516,339.9666478804424,231.05555555555566,166.8522369091297,-83.42611845456484,-157.58266819195558,-83.42611845456484,192.66901382947668,-96.33450691473834,-181.96517972784093,-96.33450691473834
74.0,-37.0,-69.8888888888888,-37.0,0.0,5.480837491541842,1.0,2.0,0.005957459790509212,0.8779761904761905,254.78634867522302,342.70609497567597,230.1111111111112,167.8567770768832,-83.9283885384416,-158.53140057261163,-83.9283885384416,168.61887500337477,-84.30943750168738,-159.25115972540394,-84.30943750168738
75.0,-37.5,-70.83333333333324,-37.5,0.0,5.47353553334629,1.0,2.0,0.005952380952380931,0.8839285714285714,250.10214409331292,345.3755225099939,229.16666666666674,168.0000000000006,-84.0000000000003,-158.66666666666697,-84.0000000000003,24.061451083724336,-12.030725541862168,-22.724703801297064,-12.030725541862168
76.0,-38.0,-71.77777777777769,-38.0,0.0,5.466139368966674,1.0,2.0,0.005952380952380931,0.8898809523809523,245.38706752161406,347.97451408661396,228.2222222222223,168.0000000000006,-84.0000000000003,-158.66666666666697,-84.0000000000003,0.0,0.0,0.0,0.0
77.0,-38.5,-72.72222222222213,-38.5,0.0,5.458649179871807,1.0,2.0,0.005952380952381042,0.8958333333333334,240.64225008187643,350.50267211645206,227.27777777777789,167.99999999999747,-83.99999999999874,-158.666666666664,-83.99999999999874,-5.252331902738581e-10,2.6261659513692905e-10,4.965841071680113e-10,2.6261659513692905e-10
78.0,-39.0,-73.66666666666657,-39.0,0.0,5.451065150061748,1.0,2.0,0.005952380952380931,0.9017857142857143,235.8688285277946,352.9596179092205,226.33333333333343,168.0000000000006,-84.0000000000003,-158.66666666666697,-84.0000000000003,5.252331902738679e-10,-2.6261659513693396e-10,-4.965841071680206e-10,-2.6261659513693396e-10
79.0,-39.5,-74.61111111111101,-39.5,0.0,5.443387466074972,1.0,2.0,0.005952380952380931,0.9077380952380952,231.06794492223895,355.3449917589739,225.38888888888897,168.0000000000006,-84.0000000000003,-158.66666666666697,-84.0000000000003,0.0,0.0,0.0,0.0
80.0,-40.0,-75.55555555555546,-40.0,0.0,5.4356163169920135,1.0,2.0,0.005952380952380931,0.9136904761904762,226.24074631313056,357.65845302407644,224.44444444444454,168.0000000000006,-84.0000000000003,-158.66666666666697,-84.0000000000003,0.0,0.0,0.0,0.0
81.0,-40.5,-76.4999999999999,-40.5,0.0,5.4277518944432614,1.0,2.0,0.005952380952380931,0.9196428571428571,221.38838440805392,359.8996802015735,223.5000000000001,168.0000000000006,-84.0000000000003,-158.66666666666697,-84.0000000000003,0.0,0.0,0.0,0.0
82.0,-41.0,-77.44444444444434,-41.0,0.0,5.419794392613712,1.0,2.0,0.005952380952381042,0.9255952380952381,216.51201524770613,362.06837099594094,222.55555555555566,167.99999999999747,-83.99999999999874,-158.666666666664,-83.99999999999874,-5.252331902738581e-10,2.6261659513692905e-10,4.965841071680113e-10,2.6261659513692905e-10
83.0,-41.5,-78.38888888888879,-41.5,0.0,5.411744008249968,1.0,2.0,0.005952380952380931,0.9315476190476191,211.61279887828,364.1642423821988,221.6111111111112,168.0000000000006,-84.0000000000003,-158.66666666666697,-84.0000000000003,5.252331902738679e-10,-2.6261659513693396e-10,-4.965841071680206e-10,-2.6261659513693396e-10
84.0,-42.0,-79.33333333333323,-42.0,0.0,5.403600940665979,1.0,2.0,0.005952380952380931,0.9375,206.6918990228792,366.1870306633693,220.66666666666674,168.0000000000006,-84.0000000000003,-158.66666666666697,-84.0000000000003,0.0,0.0,0.0,0.0
85.0,-42.5,-80.27777777777767,-42.5,0.0,5.3953653917502775,1.0,2.0,0.005952380952380931,0.9434523809523809,201.7504827520626,368.1364915222643,219.72222222222234,168.0000000000006,-84.0000000000003,-158.66666666666697,-84.0000000000003,0.0,0.0,0.0,0.0
86.0,-43.0,-81.22222222222211,-43.0,0.0,5.38703756597224,1.0,2.0,0.005952380952380931,0.9494047619047619,196.78972015361768,370.0124000675895,218.77777777777789,168.0000000000006,-84.0000000000003,-158.66666666666697,-84.0000000000003,0.0,0.0,0.0,0.0
87.0,-43.5,-82.16666666666656,-43.5,0.0,5.378617670389476,1.0,2.0,0.005952380952381042,0.9553571428571429,191.81078400166066,371.8145508743533,217.83333333333343,167.99999999999747,-83.99999999999874,-158.666666666664,-83.99999999999874,-5.252331902738581e-10,2.6261659513692905e-10,4.965841071680113e-10,2.6261659513692905e-10
88.0,-44.0,-83.111111111111,-44.0,0.0,5.3701059146541485,1.0,2.0,0.005952380952380931,0.9613095238095238,186.814849425163,373.5427580185686,216.88888888888903,168.0000000000006,-84.0000000000003,-158.66666666666697,-84.0000000000003,5.252331902738679e-10,-2.6261659513693396e-10,-4.965841071680206e-10,-2.6261659513693396e-10
89.0,-44.5,-84.05555555555544,-44.5,0.0,5.361502511021314,1.0,2.0,0.005952380952380931,0.9672619047619048,181.80309357600203,375.19685510624106,215.94444444444457,168.0000000000006,-84.0000000000003,-158.66666666666697,-84.0000000000003,0.0,0.0,0.0,0.0
90.0,-45.0,-84.99999999999989,-45.0,0.0,5.352807674355321,1.0,2.0,0.005952380952380931,0.9732142857142857,176.77669529663686,376.77669529663694,215.0000000000001,168.0000000000006,-84.0000000000003,-158.66666666666697,-84.0000000000003,0.0,0.0,0.0,0.0
91.0,-45.5,-85.94444444444433,-45.5,0.0,5.344021622138884,1.0,2.0,0.005952380952380931,0.9791666666666666,171.736834787506,378.2821513198237,214.05555555555566,168.0000000000006,-84.0000000000003,-158.66666666666697,-84.0000000000003,0.0,0.0,0.0,0.0
92.0,-46.0,-86.88888888888877,-46.0,0.0,5.335144574479543,1.0,2.0,0.005952380952381042,0.9851190476190477,166.6846932742492,379.71311548848195,213.1111111111112,167.99999999999747,-83.99999999999874,-158.666666666664,-83.99999999999874,-5.252331902738581e-10,2.6261659513692905e-10,4.965841071680113e-10,2.6261659513692905e-10
93.0,-46.5,-87.83333333333321,-46.5,0.0,5.326176754119209,1.0,2.0,0.005952380952380931,0.9910714285714286,161.6214526748497,381.0694997039867,212.1666666666668,168.0000000000006,-84.0000000000003,-158.66666666666697,-84.0000000000003,5.252331902738679e-10,-2.6261659513693396e-10,-4.965841071680206e-10,-2.6261659513693396e-10
94.0,-47.0,-88.77777777777766,-47.0,0.0,5.317118386440868,1.0,2.0,0.005952380952380931,0.9970238095238095,156.5482952667995,382.3512354567575,211.22222222222234,168.0000000000006,-84.0000000000003,-158.66666666666697,-84.0000000000003,0.0,0.0,0.0,0.0
95.0,-47.5,-89.7222222222221,-47.5,0.0,5.307969699478955,1.0,2.0,0.005952380952380931,1.0029761904761905,151.46640335438335,383.5582738208802,210.27777777777789,168.0000000000006,-84.0000000000003,-158.66666666666697,-84.0000000000003,0.0,0.0,0.0,0.0
96.0,-48.0,-90.66666666666654,-48.0,0.0,5.298730923926896,1.0,2.0,0.005952380952380931,1.0089285714285714,146.37695893618383,384.6905854430033,209.33333333333348,168.0000000000006,-84.0000000000003,-158.66666666666697,-84.0000000000003,0.0,0.0,0.0,0.0
97.0,-48.5,-91.61111111111099,-48.5,0.0,5.2894022931469244,1.0,2.0,0.005952380952380931,1.0148809523809523,141.28114337290484,385.74816052551495,208.38888888888903,168.0000000000006,-84.0000000000003,-158.66666666666697,-84.0000000000003,0.0,0.0,0.0,0.0
98.0,-49.0,-92.55555555555543,-49.0,0.0,5.279984043178615,1.0,2.0,0.005952380952380931,1.0208333333333333,136.18013705561373,386.7310088040071,207.44444444444457,168.0000000000006,-84.0000000000003,-158.66666666666697,-84.0000000000003,0.0,0.0,0.0,0.0
99.0,-49.5,-93.49999999999987,-49.5,0.0,5.2704764127492725,1.0,2.0,0.005952380952380931,1.0267857142857142,131.07511907449964,387.63915951903533,206.5000000000001,168.0000000000006,-84.0000000000003,-158.66666666666697,-84.0000000000003,0.0,0.0,0.0,0.0
100.0,-50.0,-94.44444444444431,-50.0,0.0,5.26087964328271,1.0,2.0,0.005952380952381153,1.0327380952380953,125.9672668882487,388.4726613821862,205.55555555555566,167.99999999999434,-83.99999999999717,-158.66666666666106,-83.99999999999717,-1.0504663805476968e-09,5.252331902738484e-10,9.931682143360041e-10,5.252331902738484e-10
101.0,-50.5,-95.38888888888876,-50.5,0.0,5.251193978910695,1.0,2.0,0.005952380952380931,1.0386904761904763,120.85775599413199,389.2315825364629,204.61111111111126,168.0000000000006,-84.0000000000003,-158.66666666666697,-84.0000000000003,1.0504663805477358e-09,-5.252331902738679e-10,-9.931682143360412e-10,-5.252331902738679e-10
102.0,-51.0,-96.3333333333332,-51.0,0.0,5.241419666481914,1.0,2.0,0.005952380952380931,1.0446428571428572,115.74775959890752,389.9160105110039,203.6666666666668,168.0000000000006,-84.0000000000003,-158.66666666666697,-84.0000000000003,0.0,0.0,0.0,0.0
103.0,-51.5,-97.27777777777764,-51.5,0.0,5.23155695557352,1.0,2.0,0.005952380952380931,1.0505952380952381,110.63844829063189,390.52605217015054,202.72222222222234,168.0000000000006,-84.0000000000003,-158.66666666666697,-84.0000000000003,0.0,0.0,0.0,0.0
104.0,-52.0,-98.22222222222209,-52.0,0.0,5.221606098501267,1.0,2.0,0.005952380952380931,1.056547619047619,105.53098971148101,391.06183365687986,201.77777777777794,168.0000000000006,-84.0000000000003,-158.66666666666697,-84.0000000000003,0.0,0.0,0.0,0.0
105.0,-52.5,-99.16666666666653,-52.5,0.0,5.211567350331497,1.0,2.0,0.005952380952380931,1.0625,100.42654823167594,391.52350033062254,200.83333333333348,168.0000000000006,-84.0000000000003,-158.66666666666697,-84.0000000000003,0.0,0.0,0.0,0.0
106.0,-53.0,-100.11111111111097,-53.0,0.0,5.201440968891766,1.0,2.0,0.005952380952380931,1.068452380952381,95.32628462461226,391.91121669948706,199.88888888888903,168.0000000000006,-84.0000000000003,-158.66666666666697,-84.0000000000003,0.0,0.0,0.0,0.0
107.0,-53.5,-101.05555555555542,-53.5,0.0,5.191227214783823,1.0,2.0,0.005957459790509212,1.0744098407428901,90.23135574328798,392.2251663469115,198.94444444444457,167.8567770768832,-83.9283885384416,-158.53140057261163,-83.9283885384416,-24.04093827801804,12.02046913900902,22.705330595907782,12.02046913900902
108.0,-54.0,-101.99999999999986,-54.0,0.0,5.180926351394078,1.0,2.0,0.005993326901242657,1.0804031676441328,85.1429141981288,392.46555185276765,198.0000000000001,166.8522369091297,-83.42611845456484,-157.58266819195558,-83.42611845456484,-167.60977405474455,83.80488702737227,158.29811994058653,83.80488702737227
109.0,-54.5,-102.9444444444443,-54.5,0.0,5.170538644907503,1.0,2.0,0.00603509376150968,1.0864382614056425,80.06210803630363,392.63259470894326,197.0555555555557,165.6975085255096,-82.8487542627548,-156.49209138520325,-82.8487542627548,-191.3356161895388,95.6678080947694,180.70585973456625,95.6678080947694
110.0,-55.0,-103.88888888888874,-55.0,0.0,5.160064364319674,1.0,2.0,0.006077746192962419,1.092516007598605,74.99008042262776,392.72653522942966,196.11111111111126,164.5346758898761,-82.26733794493805,-155.3938605626605,-82.26733794493805,-191.32629081812706,95.66314540906353,180.69705243934274,95.66314540906353
111.0,-55.5,-104.83333333333319,-55.5,0.0,5.149503781449797,1.0,2.0,0.006121315939308092,1.098637323537913,69.9279693221481,392.7476324549443,195.1666666666668,163.36356592517794,-81.68178296258897,-154.28781226266779,-81.68178296258897,-191.31669992360082,95.65834996180041,180.68799437229197,95.65834996180041
112.0,-56.0,-105.77777777777763,-56.0,0.0,5.138857170954519,1.0,2.0,0.006165836360485288,1.1048031598983983,64.87690718450425,392.696164052118,194.2222222222224,162.1839993044016,-81.0919996522008,-153.17377712082347,-81.0919996522008,-191.30683200348554,95.65341600174277,180.67867466995676,95.65341600174277
113.0,-56.5,-106.72222222222207,-56.5,0.0,5.128124810341562,1.0,2.0,0.006211342540030529,1.1110145024384288,59.83802063015977,392.57242620728016,193.27777777777794,160.99579012995233,-80.49789506497616,-152.05157956717693,-80.49789506497616,-191.29667488011853,95.64833744005927,180.66908183122484,95.64833744005927
114.0,-57.0,-107.66666666666652,-57.0,0.0,5.117306979983859,1.0,2.0,0.006257871401292636,1.1172723738397214,54.81243013859669,392.37673351487626,192.33333333333348,159.79874559158222,-79.89937279579111,-150.9210375031607,-79.89937279579111,-191.2862156487978,95.6431078243989,180.65920366831105,95.6431078243989
115.0,-57.5,-108.61111111111096,-57.5,0.0,5.106403963133926,1.0,2.0,0.0063054618333708845,1.1235778356730923,49.801249738566064,392.1094188605515,191.38888888888903,158.5926656010544,-79.2963328005272,-149.7819619565511,-79.2963328005272,-191.27544062590232,95.63772031295116,180.64902725779515,95.63772031295116
116.0,-58.0,-109.5555555555554,-58.0,0.0,5.095416045939344,1.0,2.0,0.0063541548277530335,1.1299319905008454,44.8055867004857,391.77083329894,190.44444444444457,157.37734240158917,-78.68867120079459,-148.63415671261174,-78.68867120079459,-191.26433529083238,95.63216764541619,180.63853888578413,95.63216764541619
117.0,-58.5,-110.49999999999984,-58.5,0.0,5.084343517457221,1.0,2.0,0.006403993626743487,1.1363359841275888,39.82654123107782,391.36134592619663,189.50000000000017,156.15256014995643,-78.07628007497821,-147.47741791940305,-78.07628007497821,-191.25288421868143,95.62644210934072,180.62772398430778,95.62644210934072
118.0,-59.0,-111.44444444444429,-59.0,0.0,5.0731866696708545,1.0,2.0,0.006455023884903044,1.142791008012492,34.86520617033545,390.8813437473135,188.5555555555557,154.91809446883562,-77.45904723441781,-146.31153366501115,-77.45904723441781,-191.2410710064091,95.62053550320455,180.61656706161202,95.62053550320455
119.0,-59.5,-112.38888888888873,-59.5,0.0,5.061945797505533,1.0,2.0,0.006507293844871587,1.1492983018573635,29.922666690908606,390.3312315382607,187.61111111111126,153.67371196678053,-76.83685598339027,-145.13628352418135,-76.83685598339027,-191.22887819731542,95.61443909865771,180.6050516307974,95.61443909865771
120.0,-60.0,-113.33333333333317,-60.0,0.0,5.0506211988442935,1.0,2.0,0.006560854529113147,1.1558591563864766,24.999999999999993,389.71143170299746,186.66666666666686,152.41916972287655,-76.20958486143827,-143.95143807160537,-76.20958486143827,-191.21628719811972,95.60814359905986,180.5931601315575,95.60814359905986
121.0,-60.5,-114.27777777777762,-60.5,0.0,5.039213174546627,1.0,2.0,0.006615759949312405,1.162474916335789,20.0982750438559,389.0223841253974,185.7222222222224,151.1542147329473,-75.57710736647365,-142.75675835889444,-75.57710736647365,-191.20327817527706,95.60163908763853,180.58087383220254,95.60163908763853
122.0,-61.0,-115.22222222222206,-61.0,0.0,5.027722028464275,1.0,2.0,0.00667206733538106,1.16914698367117,15.21855221494325,388.2645460161342,184.77777777777794,149.87858331362108,-74.93929165681054,-141.551995351753,-74.93929165681054,-191.18982995895925,95.59491497947963,180.56817273901873,95.59491497947963
123.0,-61.5,-116.1666666666665,-61.5,0.0,5.016148067460413,1.0,2.0,0.006729837386279192,1.1758768210574493,10.361883061896654,387.4383917545762,183.83333333333348,148.59200046033837,-74.29600023016918,-140.33688932365266,-74.29600023016918,-191.17591992724783,95.58795996362392,180.55503548684516,95.58795996362392
124.0,-62.0,-117.11111111111094,-62.0,0.0,5.004491601427161,1.0,2.0,0.006789134545148734,1.182665955602598,5.529310002323291,386.5444127257401,182.88888888888903,147.2941791549209,-73.64708957746045,-139.1111692018695,-73.64708957746045,-191.16152387123438,95.58076193561719,180.5414392117195,95.58076193561719
125.0,-62.5,-118.05555555555539,-62.5,0.0,4.9927529433049935,1.0,2.0,0.006850027301600559,1.1895159829041986,0.721866038549327,385.5831171523538,181.94444444444463,145.98481961763025,-72.99240980881513,-137.874551861095,-72.99240980881513,-191.1466158659988,95.5733079329994,180.52735942899912,95.5733079329994
126.0,-63.0,-118.99999999999983,-63.0,0.0,4.980932409102488,1.0,2.0,0.00691258852437282,1.1964285714285714,-4.059425523607952,384.5550299220814,181.00000000000017,144.6636084983418,-72.3318042491709,-136.6267413595448,-72.3318042491709,-191.13116810440022,95.56558405220011,180.51276987637638,95.56558405220011
127.0,-63.5,-119.94444444444427,-63.5,0.0,4.969030317914796,1.0,2.0,0.006976895828041396,1.2034054672566128,-8.813551352957543,383.46069240996485,180.0555555555557,143.33021800050685,-71.66510900025342,-135.36742811158956,-71.66510900025342,-191.11515073448845,95.55757536724423,180.49764236035202,95.55757536724423
128.0,-64.0,-120.88888888888872,-64.0,0.0,4.9570469919458295,1.0,2.0,0.0070430319779712924,1.210448499234584,-13.539508367862336,382.3006622961361,179.1111111111113,141.98430493113347,-70.99215246556673,-134.0962879905147,-70.99215246556673,-191.09853165270792,95.54926582635396,180.4819465608915,95.54926582635396
129.0,-64.5,-121.83333333333316,-64.5,0.0,4.944982756528508,1.0,2.0,0.0071110853383247186,1.2175595845729088,-18.236304007893718,381.07551337885934,178.16666666666686,140.6255096687656,-70.3127548343828,-132.81298135383395,-70.3127548343828,-191.08127630598483,95.54063815299241,180.46564984453968,95.54063815299241
130.0,-65.0,-122.7777777777776,-65.0,0.0,4.932837940146054,1.0,2.0,0.007181150368630318,1.2247407349415391,-22.90295650213309,379.7858353829581,177.2222222222224,139.25345504089938,-69.62672752044969,-131.51715198307141,-69.62672752044969,-191.06334743522658,95.53167371761329,180.44871702215733,95.53167371761329
131.0,-65.5,-123.72222222222204,-65.5,0.0,4.920612874454271,1.0,2.0,0.0072533281752720224,1.2319940631168111,-27.538495134041835,378.4322337636902,176.27777777777794,137.86774510068227,-68.93387255034114,-130.20842592842192,-68.93387255034114,-191.0447048213344,95.5223524106672,180.43111010903849,95.5223524106672
132.0,-66.0,-124.66666666666649,-66.0,0.0,4.9083078943045075,1.0,2.0,0.007327727125212791,1.239321790242024,-32.14196050282166,377.0153295061291,175.33333333333348,136.46796379183687,-68.23398189591843,-128.88641024784573,-68.23398189591843,-191.0253049720048,95.5126524860024,180.41278802911154,95.5126524860024
133.0,-66.5,-125.61111111111093,-66.5,0.0,4.895923337767121,1.0,2.0,0.007404463530436445,1.2467262537724604,-36.712404781188155,375.5357589201151,174.38888888888908,135.05367348889575,-67.52683674444788,-127.55069162840134,-67.52683674444788,-191.00510079192037,95.50255039596018,180.39370630348162,95.50255039596018
134.0,-67.0,-126.55555555555537,-67.0,0.0,4.883459546154703,1.0,2.0,0.007483662412938186,1.2542099161853986,-41.24889196948098,373.9941734308403,173.44444444444463,133.62441339833055,-66.81220669916527,-126.20083487620086,-66.81220669916527,-190.9840411954207,95.49202059771035,180.37381668456484,95.49202059771035
135.0,-67.5,-127.49999999999982,-67.5,0.0,4.870916864047351,1.0,2.0,0.007565458361715294,1.2617753745471139,-45.75049814603709,372.3912393651312,172.50000000000017,132.179697803964,-66.089848901982,-124.83638125929912,-66.089848901982,-190.96207067604564,95.48103533802282,180.35306674959782,95.48103533802282
136.0,-68.0,-128.44444444444426,-68.0,0.0,4.8582956393173236,1.0,2.0,0.007649996495127542,1.2694253710422414,-50.21631171375233,370.7276377334963,171.55555555555577,130.7190141377088,-65.3595070688544,-123.45684668561367,-65.3595070688544,-190.93912881993288,95.46956440996644,180.33139944104605,95.46956440996644
137.0,-68.5,-129.38888888888872,-68.5,0.0,4.845596223155464,1.0,2.0,0.007737433544287908,1.2771628045865293,-54.645433642759855,369.0040640080058,170.6111111111113,129.241820853924,-64.620910426962,-122.0617196953743,-64.620910426962,-190.9151497495348,95.4575748747674,180.3087525409916,95.4575748747674
138.0,-69.0,-130.33333333333317,-69.0,0.0,4.8328189700977395,1.0,2.0,0.007827939075894408,1.2849907436624237,-59.0369777091538,367.22122789607215,169.66666666666686,127.74754508238703,-63.87377254119352,-120.65045924447826,-63.87377254119352,-190.89006148993678,95.44503074496839,180.28505807383138,95.44503074496839
139.0,-69.5,-131.27777777777763,-69.5,0.0,4.819964238052455,1.0,2.0,0.007921696876225903,1.2929124405386496,-63.39007072968761,365.3798531102009,168.7222222222224,126.23558003098262,-63.11779001549131,-119.22249225148518,-63.11779001549131,-190.863785250611,95.4318926253055,180.26024162557925,95.4318926253055
140.0,-70.0,-132.2222222222221,-70.0,0.0,4.807032388327606,1.0,2.0,0.008018906522018865,1.3009313470606685,-67.70385279237846,363.480677133785,167.77777777777794,124.70528210475221,-62.35264105237611,-117.777210876712,-62.35264105237611,-190.83623459487976,95.41811729743988,180.23422156183275,95.41811729743988
141.0,-70.5,-133.16666666666654,-70.5,0.0,4.79402378566113,1.0,2.0,0.00811978516880485,1.3090511322294733,-71.97747748295144,361.5244509830121,166.83333333333348,123.15596770242998,-61.57798385121499,-116.31396949674098,-61.57798385121499,-190.80731449330722,95.40365724665361,180.20690813257045,95.40365724665361
142.0,-71.0,-134.111111111111,-71.0,0.0,4.7809387982492595,1.0,2.0,0.008224569593202169,1.3172757018226755,-76.21011210705527,359.5119389649609,165.88888888888903,121.5869096452813,-60.79345482264065,-114.83208133165608,-60.79345482264065,-190.77692022273723,95.38846011136862,180.178202432589,95.38846011136862
143.0,-71.5,-135.05555555555546,-71.5,0.0,4.767777797777236,1.0,2.0,0.008333518532923412,1.325609220355599,-80.40093790818563,357.44391843195945,164.94444444444457,119.99733318517004,-59.99866659258502,-113.33081467488432,-59.99866659258502,-190.74493610727404,95.37246805363702,180.1479952124274,95.37246805363702
144.0,-72.0,-135.99999999999991,-72.0,0.0,4.754541159450349,1.0,2.0,0.00844691537717801,1.334056135732777,-84.54915028125262,355.32117953228305,164.0000000000001,118.38641152980098,-59.19320576490049,-111.80938866703575,-59.19320576490049,-190.7112340347891,95.35561701739455,180.1161654773036,95.35561701739455
145.0,-72.5,-136.94444444444437,-72.5,0.0,4.741229262026907,1.0,2.0,0.008565071271234626,1.3426212070040116,-88.65395898173007,353.14452495726596,163.05555555555566,116.75326081155346,-58.37663040577673,-110.26696854424641,-58.37663040577673,-190.67567175212864,95.33783587606432,180.08257887701185,95.33783587606432
146.0,-73.0,-137.88888888888883,-73.0,0.0,4.7278424878492755,1.0,2.0,0.008688328712655569,1.3513095357166671,-92.71458833032419,350.91476968490826,162.1111111111112,115.09693441310327,-57.548467206551635,-108.70266027904344,-57.548467206551635,-190.6380908491131,95.31904542455655,180.04708580194134,95.31904542455655
147.0,-73.5,-138.8333333333333,-73.5,0.0,4.71438122287924,1.0,2.0,0.00881706573397567,1.3601266014506428,-96.73027741310426,348.6327407200537,161.16666666666674,113.4164165462214,-56.7082082731107,-107.1155045158772,-56.7082082731107,-190.59831440364175,95.29915720182088,180.00951915899785,95.29915720182088
148.0,-74.0,-139.77777777777774,-74.0,0.0,4.7008458567316795,1.0,2.0,0.008951700788302874,1.3690783022389457,-100.70028027703546,346.2992768312207,160.22222222222229,111.71061496008592,-55.85530748004296,-105.50446968452701,-55.85530748004296,-190.55614418708433,95.27807209354216,179.9696917322487,95.27807209354216
149.0,-74.5,-140.7222222222222,-74.5,0.0,4.687236782711045,1.0,2.0,0.009092698481881767,1.3781710007208274,-104.62386612085827,343.91522828416663,159.27777777777783,109.97835263014753,-54.98917631507376,-103.86844415069628,-54.98917631507376,-190.5113573698856,95.2556786849428,179.92739307156165,95.2556786849428
150.0,-75.0,-141.66666666666666,-75.0,0.0,4.673554397847101,1.0,2.0,0.009240576332796513,1.387411577053624,-108.50031948125762,341.48145657226706,158.33333333333337,108.21835824793907,-54.10917912396953,-102.20622723416604,-54.10917912396953,-190.46370256819543,95.23185128409771,179.88238575885424,95.23185128409771
151.0,-75.5,-142.61111111111111,-75.5,0.0,4.659799102932362,1.0,2.0,0.009395912780242544,1.3968074898338665,-112.32894041426884,338.9988341437944,157.3888888888889,106.42925529308567,-53.21462764654284,-100.51651888791558,-53.21462764654284,-190.41289512770544,95.20644756385272,179.83440095394732,95.20644756385272
152.0,-76.0,-143.55555555555557,-76.0,0.0,4.6459713025618194,1.0,2.0,0.009559356727383284,1.4063668465612498,-116.10904467186845,336.4682441261773,156.44444444444446,104.60954942035451,-52.304774710177256,-98.7979077858917,-52.304774710177256,-190.3586114239799,95.17930571198995,179.7831330115376,95.17930571198995
153.0,-76.5,-144.50000000000003,-76.5,0.0,4.6320714051711445,1.0,2.0,0.009731638977410917,1.4160984855386607,-119.83996387369724,333.8905800473285,155.5,102.75761383269563,-51.37880691634781,-97.04885750865829,-51.37880691634781,-190.30048195967808,95.15024097983904,179.7282329619198,95.15024097983904
154.0,-77.0,-145.44444444444449,-77.0,0.0,4.618099823078006,1.0,2.0,0.009913586023377441,1.4260120715620381,-123.52104567386723,331.26674555412427,154.55555555555554,100.87167223261879,-50.435836116309396,-95.26769044191903,-50.435836116309396,-190.23808293281098,95.11904146640549,179.66930054765746,95.11904146640549
155.0,-77.5,-146.38888888888894,-77.5,0.0,4.604056972523685,1.0,2.0,0.010106136786704578,1.4361182083487427,-127.15165392280431,328.5976541281233,153.6111111111111,98.94977884284913,-49.474889421424564,-93.45256890713654,-49.474889421424564,-190.17092587724196,95.08546293862098,179.60587443962044,95.08546293862098
156.0,-78.0,-147.3333333333334,-78.0,0.0,4.589943273716499,1.0,2.0,0.010310363079828688,1.4464285714285714,-130.73116882408036,325.8842287986115,152.66666666666663,96.98979485566433,-48.494897427832164,-91.60147291923977,-48.494897427832164,-190.0984448374407,95.04922241872035,179.537420124251,95.04922241872035
157.0,-78.5,-148.27777777777786,-78.5,0.0,4.575759150874746,1.0,2.0,0.010527494813719507,1.456956066242291,-134.25898708618874,323.1274018530622,151.72222222222217,94.9893604978834,-47.4946802489417,-89.71217380355773,-47.4946802489417,-190.01998036360482,95.00999018180241,179.4633147878532,95.00999018180241
158.0,-79.0,-149.2222222222223,-79.0,0.0,4.561505032273042,1.0,2.0,0.010758951308111442,1.4677150175504023,-137.73452206922127,320.3281145450984,150.77777777777771,92.94586167018667,-46.47293083509334,-87.78220268851081,-46.47293083509334,-189.93475936228825,94.96737968114412,179.3828282866074,94.96737968114412
159.0,-79.5,-150.16666666666677,-79.5,0.0,4.547181350287922,1.0,2.0,0.01100638053142644,1.4787213980818288,-141.15720392640355,317.4873168000487,149.83333333333326,90.85638981359104,-45.42819490679552,-85.80881260172602,-45.42819490679552,-189.84186950738098,94.92093475369049,179.29509897919507,94.92093475369049
160.0,-80.0,-151.11111111111123,-80.0,0.0,4.532788541446158,1.0,2.0,0.011271708759104104,1.489993106840933,-144.5264797404491,314.6059669181858,148.8888888888888,88.7176932417017,-44.35884662085085,-83.78893250605272,-44.35884662085085,-189.74022640195756,94.87011320097878,179.199102712963,94.87011320097878
161.0,-80.5,-152.05555555555569,-80.5,0.0,4.518327046474055,1.0,2.0,0.011557204086333872,1.5015503109272668,-147.84181365469396,311.6850312757392,147.94444444444434,86.52611760853794,-43.26305880426897,-81.71911107473137,-43.26305880426897,-189.62853098313275,94.81426549156637,179.09361259518298,94.81426549156637
162.0,-81.0,-153.00000000000014,-81.0,0.0,4.503797310346785,1.0,2.0,0.011865558609085225,1.513415869536352,-151.10268699897304,308.72548402377396,146.9999999999999,84.27753238977891,-42.138766194889456,-79.59544725701447,-42.138766194889456,-189.50521360514244,94.75260680257122,178.9771461826378,94.75260680257122
163.0,-81.5,-153.9444444444446,-81.5,0.0,4.489199782341067,1.0,2.0,0.01219999612713285,1.5256158656634848,-154.30859841020444,305.7283067850266,146.05555555555543,81.96723913510064,-40.98361956755032,-77.41350362759609,-40.98361956755032,-189.36835967842381,94.68417983921191,178.84789525184613,94.68417983921191
164.0,-82.0,-154.88888888888906,-82.0,0.0,4.4745349160881105,1.0,2.0,0.012564415301223653,1.5381802809647085,-157.45906394764737,302.69448834879245,145.11111111111097,79.5898556379786,-39.7949278189893,-75.16819699142525,-39.7949278189893,-189.21560933205586,94.60780466602793,178.70363103583236,94.60780466602793
165.0,-82.5,-155.8333333333335,-82.5,0.0,4.459803169628191,1.0,2.0,0.01296358294281541,1.551143863907524,-160.55361720280078,299.6250243639568,144.16666666666652,77.13916780655254,-38.56958390327627,-72.85365848396725,-38.56958390327627,-189.04401986985164,94.52200993492582,178.54157432153002,94.52200993492582
166.0,-83.0,-156.77777777777797,-83.0,0.0,4.445005005466603,1.0,2.0,0.013403399608060917,1.5645472635155848,-163.5918094039125,296.52091703026406,143.22222222222206,74.60793748166634,-37.30396874083317,-70.46305206601915,-37.30396874083317,-188.8498738308072,94.4249369154036,178.35821417354262,94.4249369154036
167.0,-83.5,-157.72222222222243,-83.5,0.0,4.430140890631609,1.0,2.0,0.013891271815992923,1.5784385353315777,-166.57320951507046,293.3831747879198,142.2777777777776,71.98764902495876,-35.99382451247938,-67.98833519023974,-35.99382451247938,-188.6284057656164,94.3142028828082,178.14904988975042,94.3142028828082
168.0,-84.0,-158.66666666666688,-84.0,0.0,4.415211296733565,1.0,2.0,0.014436645503719925,1.5928751808352977,-169.49740432984783,290.21281200562015,141.33333333333314,69.26816896226534,-34.63408448113267,-65.41993735325147,-34.63408448113267,-188.37340447215982,94.18670223607991,177.9082153348202,94.18670223607991
169.0,-84.5,-159.61111111111134,-84.5,0.0,4.400216700026019,1.0,2.0,0.015051790400108622,1.6079269712354063,-172.36399855947684,287.0108486671037,140.3888888888887,66.43727911549867,-33.218639557749334,-62.74631916463848,-33.218639557749334,-188.0766188948683,94.03830944743414,177.62791784515528,94.03830944743414
170.0,-85.0,-160.5555555555558,-85.0,0.0,4.385157581468069,1.0,2.0,0.015752988009213542,1.6236799592446198,-175.17261491552713,283.7783100563224,139.44444444444423,63.48002038820344,-31.74001019410172,-59.95335258885961,-31.74001019410172,-187.72684430189352,93.86342215094676,177.29757517401342,93.86342215094676
171.0,-85.5,-161.50000000000026,-85.5,0.0,4.3700344267882105,1.0,2.0,0.016562394336054442,1.6402423535806743,-177.92289418706633,280.5162264413282,138.49999999999977,60.37774368305639,-30.188871841528194,-57.02342458955402,-30.188871841528194,-187.3084677372856,93.6542338686428,176.90244175188315,93.6542338686428
172.0,-86.0,-162.4444444444447,-86.0,0.0,4.3548477265516174,1.0,2.0,0.01751108325308426,1.6577534368337585,-180.61449531228277,277.22563275696916,137.55555555555532,57.10668983450057,-28.553344917250286,-53.934095954806814,-28.553344917250286,-186.7990575614264,93.3995287807132,176.4213321413497,93.3995287807132
173.0,-86.5,-163.38888888888917,-86.5,0.0,4.339597976226754,1.0,2.0,0.018644272161151942,1.6763977089949105,-183.24709544455024,273.90756828649626,136.61111111111086,53.635775714733754,-26.817887857366877,-50.656010397249226,-26.817887857366877,-186.16517125291557,93.08258562645779,175.82266173886677,93.08258562645779
174.0,-87.0,-164.33333333333363,-87.0,0.0,4.32428567625588,1.0,2.0,0.020030862433660923,1.6964285714285714,-185.82039001291872,270.5630763421742,135.6666666666664,49.92296279363124,-24.96148139681562,-47.14946486065236,-24.96148139681562,-185.354621319914,92.677310659957,175.05714235769912,92.677310659957
175.0,-87.5,-165.27777777777808,-87.5,0.0,4.3089113321267405,1.0,2.0,0.021782267706180747,1.7182108391347521,-188.33409277701512,267.1932039449962,134.72222222222194,45.90890230020673,-22.954451150103363,-43.3584077279736,-22.954451150103363,-184.2811110197457,92.14055550987285,174.043271518651,92.14055550987285
176.0,-88.0,-166.22222222222254,-88.0,0.0,4.293475454446081,1.0,2.0,0.02409358706188769,1.7423044261966398,-190.78793587633962,263.799001503599,133.7777777777775,41.5048202424721,-20.75241012123605,-39.198996895668614,-20.75241012123605,-182.79063413937232,91.39531706968616,172.63559890940968,91.39531706968616
177.0,-88.5,-167.166666666667,-88.5,0.0,4.277978559015148,1.0,2.0,0.02734744993529481,1.7696518761319346,-193.18166987394656,260.3815224924781,132.83333333333303,36.566480690742324,-18.283240345371162,-34.5350095412571,-18.283240345371162,-180.57769786265592,90.28884893132796,170.54560353695513,90.28884893132796
178.0,-89.0,-168.11111111111146,-89.0,0.0,4.2624211669082985,1.0,2.0,0.03243912799923043,1.802091004131165,-195.51506379449836,256.941823129598,131.88888888888857,30.826969209028167,-15.413484604514084,-29.11435980852699,-15.413484604514084,-176.93174372166592,88.46587186083296,167.10220240379772,88.46587186083296
179.0,-89.5,-169.0555555555559,-89.5,0.0,4.246803804552472,1.0,2.0,0.04227549468144054,1.8443664988126056,-197.78790515668484,253.4809620534995,130.94444444444412,23.654365431683814,-11.827182715841907,-22.34023401881279,-11.827182715841907,-169.663390845979,84.8316954229895,160.23764691009342,84.8316954229895
180.0,-90.0,-170.00000000000037,-90.0,0.0,4.231127003809608,1.0,2.0,0.10206207261596578,1.9464285714285714,-200.00000000000003,250.00000000000003,129.99999999999966,9.79795897113271,-4.898979485566355,-9.253627917181015,-4.898979485566355,-135.76450198781794,67.88225099390897,128.2220296551631,67.88225099390897
179.0,-89.5,-169.0555555555559,-89.5,0.0,4.231127003809608,1.0,3.0,0.0,1.9464285714285714,-197.78790515668484,253.4809620534995,130.94444444444412,0.0,0.0,0.0,0.0,0.0,0.0,0.0,0.0
178.0,-89.0,-168.11111111111146,-89.0,0.0,4.246803804552472,1.0,3.0,0.14433756729740643,2.0907661387259777,-195.51506379449836,256.941823129598,131.88888888888857,-6.928203230275515,3.4641016151377575,6.543303050815852,3.4641016151377575,-48.00000000000008,24.00000000000004,45.33333333333402,24.00000000000004
177.0,-88.5,-167.166666666667,-88.5,0.0,4.2624211669082985,1.0,3.0,0.03243912799923046,2.123205266725208,-193.18166987394656,260.3815224924781,132.83333333333303,-30.826969209028167,15.413484604514084,29.11435980852699,15.413484604514084,-736.726522960778,368.363261480389,695.7972716851884,368.363261480389
176.0,-88.0,-166.22222222222254,-88.0,0.0,4.277978559015148,1.0,3.0,0.027347449935294615,2.1505527166605027,-190.78793587633962,263.799001503599,133.7777777777775,-36.566480690742615,18.283240345371308,34.53500954125738,18.283240345371308,-209.8737357704069,104.93686788520345,198.2140837831649,104.93686788520345
175.0,-87.5,-165.27777777777808,-87.5,0.0,4.293475454446081,1.0,3.0,0.024093587061887717,2.1746463037223904,-188.33409277701512,267.1932039449962,134.72222222222194,-41.5048202424721,20.75241012123605,39.198996895668614,20.75241012123605,-204.96489539082248,102.48244769541124,193.57795675800125,102.48244769541124
174.0,-87.0,-164.33333333333363,-87.0,0.0,4.3089113321267405,1.0,3.0,0.021782267706180775,2.196428571428571,-185.82039001291872,270.5630763421742,135.6666666666664,-45.90890230020673,22.954451150103363,43.3584077279736,22.954451150103363,-202.18657291063238,101.09328645531619,190.9539855267111,101.09328645531619
173.0,-86.5,-163.38888888888917,-86.5,0.0,4.32428567625588,1.0,3.0,0.020030862433660868,2.216459433862232,-183.24709544455024,273.90756828649626,136.61111111111086,-49.9229627936318,24.9614813968159,47.149464860652884,24.9614813968159,-200.39379266464707,100.19689633232353,189.26080418328036,100.19689633232353
172.0,-86.0,-162.4444444444447,-86.0,0.0,4.339597976226754,1.0,3.0,0.018644272161151998,2.235103706023384,-180.61449531228277,277.22563275696916,137.55555555555532,-53.635775714733754,26.817887857366877,50.656010397249226,26.817887857366877,-199.13960110699003,99.56980055349501,188.07628993438212,99.56980055349501
171.0,-85.5,-161.50000000000026,-85.5,0.0,4.3548477265516174,1.0,3.0,0.01751108325308437,2.252614789276468,-177.92289418706633,280.5162264413282,138.49999999999977,-57.10668983450057,28.553344917250286,53.934095954806814,28.553344917250286,-198.2124160797122,99.1062080398561,187.20061518639707,99.1062080398561
170.0,-85.0,-160.5555555555558,-85.0,0.0,4.3700344267882105,1.0,3.0,0.016562394336054165,2.269177183612522,-175.17261491552713,283.7783100563224,139.44444444444423,-60.37774368305801,30.188871841529004,57.023424589555546,30.188871841529004,-197.49885084168133,98.74942542084067,186.52669246159047,98.74942542084067
169.0,-84.5,-159.61111111111134,-84.5,0.0,4.385157581468069,1.0,3.0,0.015752988009213598,2.2849301716217356,-172.36399855947684,287.0108486671037,140.3888888888887,-63.48002038820344,31.74001019410172,59.95335258885961,31.74001019410172,-196.93258849248082,98.46629424624041,185.99188913179003,98.46629424624041
168.0,-84.0,-158.66666666666688,-84.0,0.0,4.400216700026019,1.0,3.0,0.015051790400108789,2.2999819620218442,-169.49740432984783,290.21281200562015,141.33333333333314,-66.43727911549867,33.218639557749334,62.74631916463848,33.218639557749334,-196.47222348205733,98.23611174102867,185.55709995527934,98.23611174102867
167.0,-83.5,-157.72222222222243,-83.5,0.0,4.415211296733565,1.0,3.0,0.014436645503719814,2.314418607525564,-166.57320951507046,293.3831747879198,142.2777777777776,-69.2681689622664,34.6340844811332,65.41993735325248,34.6340844811332,-196.09055621947175,98.04527810973588,185.19663642950323,98.04527810973588
166.0,-83.0,-156.77777777777797,-83.0,0.0,4.430140890631609,1.0,3.0,0.01389127181599309,2.328309879341557,-163.5918094039125,296.52091703026406,143.22222222222206,-71.98764902495876,35.99382451247938,67.98833519023974,35.99382451247938,-195.7689762834701,97.88448814173505,184.89292204550205,97.88448814173505
165.0,-82.5,-155.8333333333335,-82.5,0.0,4.445005005466603,1.0,3.0,0.013403399608060751,2.3417132789496176,-160.55361720280078,299.6250243639568,144.16666666666652,-74.60793748166758,37.30396874083379,70.46305206602031,37.30396874083379,-195.49431736206688,97.74715868103344,184.63352195306464,97.74715868103344
164.0,-82.0,-154.88888888888906,-82.0,0.0,4.459803169628191,1.0,3.0,0.012963582942815577,2.354676861892433,-157.45906394764737,302.69448834879245,145.11111111111097,-77.13916780655254,38.56958390327627,72.85365848396725,38.56958390327627,-195.25700078833532,97.62850039416766,184.40938963343055,97.62850039416766
163.0,-81.5,-153.9444444444446,-81.5,0.0,4.4745349160881105,1.0,3.0,0.012564415301223597,2.3672412771936564,-154.30859841020444,305.7283067850266,146.05555555555543,-79.58985563798001,39.794927818990004,75.16819699142657,39.794927818990004,-195.04989071706686,97.52494535853343,184.21378567723283,97.52494535853343
162.0,-81.0,-153.00000000000014,-81.0,0.0,4.489199782341067,1.0,3.0,0.012199996127132684,2.379441273320789,-151.10268699897304,308.72548402377396,146.9999999999999,-81.96723913510213,40.98361956755107,77.41350362759749,40.98361956755107,-194.8675616244546,97.4337808122273,184.0415859786538,97.4337808122273
161.0,-80.5,-152.05555555555569,-80.5,0.0,4.503797310346785,1.0,3.0,0.011865558609085336,2.3913068319298745,-147.84181365469396,311.6850312757392,147.94444444444434,-84.27753238977733,42.13876619488867,79.59544725701299,42.13876619488867,-194.70581460077338,97.35290730038669,183.88882490073308,97.35290730038669
160.0,-80.0,-151.11111111111123,-80.0,0.0,4.518327046474055,1.0,3.0,0.011557204086333817,2.4028640360162083,-144.5264797404491,314.6059669181858,148.8888888888888,-86.52611760853794,43.26305880426897,81.71911107473137,43.26305880426897,-194.56134909130057,97.28067454565029,183.7523852528973,97.28067454565029
159.0,-79.5,-150.16666666666677,-79.5,0.0,4.532788541446158,1.0,3.0,0.011271708759104215,2.4141357447753125,-141.15720392640355,317.4873168000487,149.83333333333326,-88.7176932417017,44.35884662085085,83.78893250605272,44.35884662085085,-194.43153473900983,97.21576736950492,183.62978280906694,97.21576736950492
158.0,-79.0,-149.2222222222223,-79.0,0.0,4.547181350287922,1.0,3.0,0.011006380531426385,2.425142125306739,-137.73452206922127,320.3281145450984,150.77777777777771,-90.85638981359104,45.42819490679552,85.80881260172602,45.42819490679552,-194.31424942856876,97.15712471428438,183.519013349207,97.15712471428438
157.0,-78.5,-148.27777777777786,-78.5,0.0,4.561505032273042,1.0,3.0,0.010758951308111386,2.4359010766148503,-134.25898708618874,323.1274018530622,151.72222222222217,-92.94586167018667,46.47293083509334,87.78220268851081,46.47293083509334,-194.20776214688618,97.10388107344309,183.4184420276167,97.10388107344309
156.0,-78.0,-147.3333333333334,-78.0,0.0,4.575759150874746,1.0,3.0,0.010527494813719562,2.44642857142857,-130.73116882408036,325.8842287986115,152.66666666666663,-94.9893604978834,47.4946802489417,89.71217380355773,47.4946802489417,-194.11064682108614,97.05532341054307,183.32672199769434,97.05532341054307
155.0,-77.5,-146.38888888888894,-77.5,0.0,4.589943273716499,1.0,3.0,0.0103103630798288,2.4567389345083988,-127.15165392280431,328.5976541281233,153.6111111111111,-96.98979485566224,48.49489742783112,91.60147291923779,48.49489742783112,-194.02171798318847,97.01085899159423,183.24273365079316,97.01085899159423
154.0,-77.0,-145.44444444444449,-77.0,0.0,4.604056972523685,1.0,3.0,0.010106136786704356,2.4668450712951033,-123.52104567386723,331.26674555412427,154.55555555555554,-98.94977884284913,49.474889421424564,93.45256890713654,49.474889421424564,-193.9399820676682,96.9699910338341,183.16553861946616,96.9699910338341
153.0,-76.5,-144.50000000000003,-76.5,0.0,4.618099823078006,1.0,3.0,0.009913586023377441,2.4767586573184808,-119.83996387369724,333.8905800473285,155.5,-100.87167223261879,50.435836116309396,95.26769044191903,50.435836116309396,-193.86460007888226,96.93230003944113,183.09434451894748,96.93230003944113
152.0,-76.0,-143.55555555555557,-76.0,0.0,4.6320714051711445,1.0,3.0,0.009731638977411139,2.4864902962958917,-116.10904467186845,336.4682441261773,156.44444444444446,-102.75761383269563,51.37880691634781,97.04885750865829,51.37880691634781,-193.79485865171134,96.89742932585567,183.02847761550785,96.89742932585567
151.0,-75.5,-142.61111111111111,-75.5,0.0,4.6459713025618194,1.0,3.0,0.009559356727383173,2.4960496530232748,-112.32894041426884,338.9988341437944,157.3888888888889,-104.60954942035694,52.30477471017847,98.797907785894,52.30477471017847,-193.73014738077424,96.86507369038712,182.96736141517806,96.86507369038712
150.0,-75.0,-141.66666666666666,-75.0,0.0,4.659799102932362,1.0,3.0,0.009395912780242544,2.5054455658035173,-108.50031948125762,341.48145657226706,158.33333333333337,-106.42925529308567,53.21462764654284,100.51651888791558,53.21462764654284,-193.66994088697356,96.83497044348678,182.91049972658638,96.83497044348678
149.0,-74.5,-140.7222222222222,-74.5,0.0,4.673554397847101,1.0,3.0,0.009240576332796513,2.5146861421363136,-104.62386612085827,343.91522828416663,159.27777777777783,-108.21835824794167,54.10917912397083,102.2062272341685,54.10917912397083,-193.61378451105668,96.80689225552834,182.85746314933488,96.80689225552834
148.0,-74.0,-139.77777777777774,-74.0,0.0,4.687236782711045,1.0,3.0,0.009092698481881767,2.5237788406181956,-100.70028027703546,346.2992768312207,160.22222222222229,-109.97835263014484,54.98917631507242,103.86844415069373,54.98917631507242,-193.56128279301467,96.78064139650733,182.80787819340472,96.78064139650733
147.0,-73.5,-138.8333333333333,-73.5,0.0,4.7008458567316795,1.0,3.0,0.008951700788302985,2.5327305414064987,-96.73027741310426,348.6327407200537,161.16666666666674,-111.71061496008315,55.855307480041574,105.50446968452438,55.855307480041574,-193.51209014959485,96.75604507479743,182.76141847461994,96.75604507479743
146.0,-73.0,-137.88888888888883,-73.0,0.0,4.71438122287924,1.0,3.0,0.008817065733975449,2.5415476071404743,-92.71458833032419,350.91476968490826,162.1111111111112,-113.4164165462214,56.7082082731107,107.1155045158772,56.7082082731107,-193.46590323866093,96.73295161933046,182.71779750318353,96.73295161933046
145.0,-72.5,-136.94444444444437,-72.5,0.0,4.7278424878492755,1.0,3.0,0.00868832871265579,2.55023593585313,-88.65395898173007,353.14452495726596,163.05555555555566,-115.09693441310327,57.548467206551635,108.70266027904344,57.548467206551635,-193.42245470455094,96.71122735227547,182.67676277652325,96.71122735227547
144.0,-72.0,-135.99999999999991,-72.0,0.0,4.741229262026907,1.0,3.0,0.008565071271234515,2.5588010071243645,-84.54915028125262,355.32117953228305,164.0000000000001,-116.75326081155346,58.37663040577673,110.26696854424641,58.37663040577673,-193.38150798731607,96.69075399365803,182.6380908769108,96.69075399365803
143.0,-71.5,-135.05555555555546,-71.5,0.0,4.754541159450349,1.0,3.0,0.00844691537717801,2.5672479225015428,-80.40093790818563,357.44391843195945,164.94444444444457,-118.38641152979787,59.193205764898934,111.80938866703282,59.193205764898934,-193.3428530202675,96.67142651013376,182.60158340803332,96.67142651013376
142.0,-71.0,-134.111111111111,-71.0,0.0,4.767777797777236,1.0,3.0,0.0083335185329233,2.575581441034466,-76.21011210705527,359.5119389649609,165.88888888888903,-119.99733318517323,59.998666592586616,113.33081467488735,59.998666592586616,-193.30630261528836,96.65315130764418,182.56706358110796,96.65315130764418
141.0,-70.5,-133.16666666666654,-70.5,0.0,4.7809387982492595,1.0,3.0,0.00822456959320228,2.583806010627668,-71.97747748295144,361.5244509830121,166.83333333333348,-121.5869096452813,60.79345482264065,114.83208133165608,60.79345482264065,-193.27168942942512,96.63584471471256,182.53437335001365,96.63584471471256
140.0,-70.0,-132.2222222222221,-70.0,0.0,4.79402378566113,1.0,3.0,0.008119785168804738,2.591925795796473,-67.70385279237846,363.480677133785,167.77777777777794,-123.15596770242998,61.57798385121499,116.31396949674098,61.57798385121499,-193.23886340944043,96.61943170472021,182.50337099780873,96.61943170472021
139.0,-69.5,-131.27777777777763,-69.5,0.0,4.807032388327606,1.0,3.0,0.008018906522018976,2.599944702318492,-63.39007072968761,365.3798531102009,168.7222222222224,-124.70528210474876,62.35264105237438,117.77721087670874,62.35264105237438,-193.20768961011433,96.60384480505716,182.47392907622077,96.60384480505716
138.0,-69.0,-130.33333333333317,-69.0,0.0,4.819964238052455,1.0,3.0,0.007921696876225903,2.6078663991947177,-59.0369777091538,367.22122789607215,169.66666666666686,-126.23558003098616,63.11779001549308,119.22249225148852,63.11779001549308,-193.17804633879285,96.58902316939643,182.44593265330684,96.58902316939643
137.0,-68.5,-129.38888888888872,-68.5,0.0,4.8328189700977395,1.0,3.0,0.007827939075894408,2.615694338270612,-54.645433642759855,369.0040640080058,170.6111111111113,-127.74754508239066,63.87377254119533,120.65045924448168,63.87377254119533,-193.14982356729573,96.57491178364786,182.41927781355992,96.57491178364786
136.0,-68.0,-128.44444444444426,-68.0,0.0,4.845596223155464,1.0,3.0,0.007737433544287908,2.6234317718149,-50.21631171375233,370.7276377334963,171.55555555555577,-129.24182085392027,64.62091042696014,122.06171969537078,64.62091042696014,-193.12292157038405,96.56146078519203,182.39387037203215,96.56146078519203
135.0,-67.5,-127.49999999999982,-67.5,0.0,4.8582956393173236,1.0,3.0,0.007649996495127653,2.6310817683100276,-45.75049814603709,372.3912393651312,172.50000000000017,-130.7190141377088,65.3595070688544,123.45684668561367,65.3595070688544,-193.09724974768045,96.54862487384023,182.36962476145897,96.54862487384023
134.0,-67.0,-126.55555555555537,-67.0,0.0,4.870916864047351,1.0,3.0,0.007565458361715294,2.638647226671743,-41.24889196948098,373.9941734308403,173.44444444444463,-132.179697803964,66.089848901982,124.83638125929912,66.089848901982,-193.07272559279755,96.53636279639878,182.34646305986269,96.53636279639878
133.0,-66.5,-125.61111111111093,-66.5,0.0,4.883459546154703,1.0,3.0,0.007483662412938075,2.646130889084681,-36.712404781188155,375.5357589201151,174.38888888888908,-133.6244133983345,66.81220669916725,126.20083487620461,66.81220669916725,-193.0492738251852,96.5246369125926,182.32431416823235,96.5246369125926
132.0,-66.0,-124.66666666666649,-66.0,0.0,4.895923337767121,1.0,3.0,0.007404463530436556,2.6535353526151173,-32.14196050282166,377.0153295061291,175.33333333333348,-135.05367348889575,67.52683674444788,127.55069162840134,67.52683674444788,-193.02682560136964,96.51341280068482,182.3031130679583,96.51341280068482
131.0,-65.5,-123.72222222222204,-65.5,0.0,4.9083078943045075,1.0,3.0,0.00732772712521268,2.66086307974033,-27.538495134041835,378.4322337636902,176.27777777777794,-136.46796379184102,68.23398189592051,128.88641024784962,68.23398189592051,-193.00531785348574,96.50265892674287,182.2828001949566,96.50265892674287
130.0,-65.0,-122.7777777777776,-65.0,0.0,4.920612874454271,1.0,3.0,0.0072533281752720224,2.668116407915602,-22.90295650213309,379.7858353829581,177.2222222222224,-137.86774510067804,68.93387255033902,130.20842592841794,68.93387255033902,-192.98469268343587,96.49234634171793,182.26332086769162,96.49234634171793
129.0,-64.5,-121.83333333333316,-64.5,0.0,4.932837940146054,1.0,3.0,0.007181150368630318,2.6752975582842327,-18.236304007893718,381.07551337885934,178.16666666666686,-139.25345504089506,69.62672752044753,131.51715198306735,69.62672752044753,-192.96489685973307,96.48244842986654,182.2446248119699,96.48244842986654
128.0,-64.0,-120.88888888888872,-64.0,0.0,4.944982756528508,1.0,3.0,0.0071110853383246075,2.682408643622557,-13.539508367862336,382.3006622961361,179.1111111111113,-140.62550966876998,70.31275483438499,132.8129813538381,70.31275483438499,-192.94588133830473,96.47294066915236,182.2266657083978,96.47294066915236
127.0,-63.5,-119.94444444444427,-63.5,0.0,4.9570469919458295,1.0,3.0,0.0070430319779715145,2.6894516756005284,-8.813551352957543,383.46069240996485,180.0555555555557,-141.98430493113347,70.99215246556673,134.0962879905147,70.99215246556673,-192.92760087039673,96.46380043519837,182.20940082203754,96.46380043519837
126.0,-63.0,-118.99999999999983,-63.0,0.0,4.969030317914796,1.0,3.0,0.006976895828041285,2.69642857142857,-4.059425523607952,384.5550299220814,181.00000000000017,-143.33021800050685,71.66510900025342,135.36742811158956,71.66510900025342,-192.910013643018,96.455006821509,182.19279066285102,96.455006821509
125.0,-62.5,-118.05555555555539,-62.5,0.0,4.980932409102488,1.0,3.0,0.006912588524372931,2.703341159952943,0.721866038549327,385.5831171523538,181.94444444444463,-144.66360849833717,72.33180424916858,136.62674135954043,72.33180424916858,-192.89308095352865,96.44654047676433,182.17679867833422,96.44654047676433
124.0,-62.0,-117.11111111111094,-62.0,0.0,4.9927529433049935,1.0,3.0,0.006850027301600448,2.7101911872545434,5.529310002323291,386.5444127257401,182.88888888888903,-145.98481961763025,72.99240980881513,137.874551861095,72.99240980881513,-192.87676692680793,96.43838346340397,182.16139098642833,96.43838346340397
123.0,-61.5,-116.1666666666665,-61.5,0.0,5.004491601427161,1.0,3.0,0.006789134545148623,2.716980321799692,10.361883061896654,387.4383917545762,183.83333333333348,-147.2941791549209,73.64708957746045,139.1111692018695,73.64708957746045,-192.8610382638928,96.4305191319464,182.1465361381212,96.4305191319464
122.0,-61.0,-115.22222222222206,-61.0,0.0,5.016148067460413,1.0,3.0,0.006729837386279192,2.7237101591859716,15.21855221494325,388.2645460161342,184.77777777777794,-148.59200046033345,74.29600023016673,140.33688932364805,74.29600023016673,-192.84586401129292,96.42293200564646,182.1322048995584,96.42293200564646
121.0,-60.5,-114.27777777777762,-60.5,0.0,5.027722028464275,1.0,3.0,0.006672067335381282,2.730382226521353,20.0982750438559,389.0223841253974,185.7222222222224,-149.8785833136161,74.93929165680805,141.5519953517483,74.93929165680805,-192.83121536559398,96.41560768279699,182.11837006750068,96.41560768279699
120.0,-60.0,-113.33333333333317,-60.0,0.0,5.039213174546627,1.0,3.0,0.006615759949312405,2.7369979864706653,24.999999999999993,389.71143170299746,186.66666666666686,-151.1542147329473,75.57710736647365,142.75675835889444,75.57710736647365,-192.81706547768334,96.40853273884167,182.10500628447917,96.40853273884167
119.0,-59.5,-112.38888888888873,-59.5,0.0,5.0506211988442935,1.0,3.0,0.006560854529113036,2.7435588409997784,29.922666690908606,390.3312315382607,187.61111111111126,-152.41916972287655,76.20958486143827,143.95143807160537,76.20958486143827,-192.80338930182393,96.40169465091196,182.09208989616343,96.40169465091196
118.0,-59.0,-111.44444444444429,-59.0,0.0,5.061945797505533,1.0,3.0,0.006507293844871698,2.75006613484465,34.86520617033545,390.8813437473135,188.5555555555557,-153.67371196678053,76.83685598339027,145.13628352418135,76.83685598339027,-192.79016343985936,96.39508171992968,182.07959880431162,96.39508171992968
117.0,-58.5,-110.49999999999984,-58.5,0.0,5.0731866696708545,1.0,3.0,0.006455023884902933,2.756521158729553,39.82654123107782,391.36134592619663,189.50000000000017,-154.91809446884093,77.45904723442047,146.31153366501619,77.45904723442047,-192.7773660095663,96.38868300478315,182.06751234236938,96.38868300478315
116.0,-58.0,-109.5555555555554,-58.0,0.0,5.084343517457221,1.0,3.0,0.006403993626743487,2.7629251523562965,44.8055867004857,391.77083329894,190.44444444444457,-156.15256014995103,78.07628007497551,147.47741791939794,78.07628007497551,-192.7649765225943,96.38248826129715,182.05581116022722,96.38248826129715
115.0,-57.5,-108.61111111111096,-57.5,0.0,5.095416045939344,1.0,3.0,0.0063541548277531446,2.76927930718405,49.801249738566064,392.1094188605515,191.38888888888903,-157.37734240158366,78.68867120079183,148.63415671260654,78.68867120079183,-192.75297578257138,96.37648789128569,182.0444771279851,96.37648789128569
114.0,-57.0,-107.66666666666652,-57.0,0.0,5.106403963133926,1.0,3.0,0.0063054618333707735,2.7755847690174207,54.81243013859669,392.37673351487626,192.33333333333348,-158.5926656010544,79.2963328005272,149.7819619565511,79.2963328005272,-192.7413457708652,96.3706728854326,182.03349322803635,96.3706728854326
113.0,-56.5,-106.72222222222207,-56.5,0.0,5.117306979983859,1.0,3.0,0.006257871401292636,2.7818426404187133,59.83802063015977,392.57242620728016,193.27777777777794,-159.79874559158222,79.89937279579111,150.9210375031607,79.89937279579111,-192.73006956945392,96.36503478472696,182.02284348226053,96.36503478472696
112.0,-56.0,-105.77777777777763,-56.0,0.0,5.128124810341562,1.0,3.0,0.00621134254003064,2.788053982958744,64.87690718450425,392.696164052118,194.2222222222224,-160.99579012995233,80.49789506497616,152.05157956717693,80.49789506497616,-192.7191312756395,96.35956563781976,182.01251287143933,96.35956563781976
111.0,-55.5,-104.83333333333319,-55.5,0.0,5.138857170954519,1.0,3.0,0.006165836360485288,2.7942198193192294,69.9279693221481,392.7476324549443,195.1666666666668,-162.18399930439574,81.09199965219787,153.17377712081793,81.09199965219787,-192.70851592140744,96.35425796070372,182.00248725910677,96.35425796070372
110.0,-55.0,-103.88888888888874,-55.0,0.0,5.149503781449797,1.0,3.0,0.006121315939307981,2.8003411352585372,74.99008042262776,392.72653522942966,196.11111111111126,-163.36356592518388,81.68178296259194,154.28781226267338,81.68178296259194,-192.69820941826916,96.34910470913458,181.99275333947486,96.34910470913458
109.0,-54.5,-102.9444444444443,-54.5,0.0,5.160064364319674,1.0,3.0,0.006077746192962419,2.8064188814514996,80.06210803630363,392.63259470894326,197.0555555555557,-164.5346758898761,82.26733794493805,155.3938605626605,82.26733794493805,-192.68819847203878,96.34409923601939,181.98329855692967,96.34409923601939
108.0,-54.0,-101.99999999999986,-54.0,0.0,5.170538644907503,1.0,3.0,0.00603509376150968,2.8124539752130095,85.1429141981288,392.46555185276765,198.0000000000001,-165.6975085255035,82.84875426275175,156.49209138519748,82.84875426275175,-192.6784705556065,96.33923527780325,181.97411108029135,96.33923527780325
107.0,-53.5,-101.05555555555542,-53.5,0.0,5.180926351394078,1.0,3.0,0.005993326901242657,2.818447302114252,90.23135574328798,392.2251663469115,198.94444444444457,-166.8522369091297,83.42611845456484,157.58266819195558,83.42611845456484,-192.6690138304915,96.33450691524575,181.9651797288036,96.33450691524575
106.0,-53.0,-100.11111111111097,-53.0,0.0,5.191227214783823,1.0,3.0,0.005957459790509212,2.8244047619047614,95.32628462461226,391.91121669948706,199.88888888888903,-167.8567770768832,83.9283885384416,158.53140057261163,83.9283885384416,-168.61887500337477,84.30943750168738,159.25115972540394,84.30943750168738
105.0,-52.5,-99.16666666666653,-52.5,0.0,5.201440968891766,1.0,3.0,0.005952380952380931,2.8303571428571423,100.42654823167594,391.52350033062254,200.83333333333348,-168.0000000000006,84.0000000000003,158.66666666666697,84.0000000000003,-24.061451083724336,12.030725541862168,22.724703801297064,12.030725541862168
104.0,-52.0,-98.22222222222209,-52.0,0.0,5.211567350331497,1.0,3.0,0.005952380952380931,2.8363095238095233,105.53098971148101,391.06183365687986,201.77777777777794,-168.0000000000006,84.0000000000003,158.66666666666697,84.0000000000003,0.0,0.0,0.0,0.0
103.0,-51.5,-97.27777777777764,-51.5,0.0,5.221606098501267,1.0,3.0,0.005952380952381042,2.842261904761904,110.63844829063189,390.52605217015054,202.72222222222234,-168.0000000000006,84.0000000000003,158.66666666666697,84.0000000000003,0.0,0.0,0.0,0.0
102.0,-51.0,-96.3333333333332,-51.0,0.0,5.23155695557352,1.0,3.0,0.005952380952380931,2.848214285714285,115.74775959890752,389.9160105110039,203.6666666666668,-168.0000000000006,84.0000000000003,158.66666666666697,84.0000000000003,0.0,0.0,0.0,0.0
101.0,-50.5,-95.38888888888876,-50.5,0.0,5.241419666481914,1.0,3.0,0.005952380952380931,2.854166666666666,120.85775599413199,389.2315825364629,204.61111111111126,-168.0000000000006,84.0000000000003,158.66666666666697,84.0000000000003,0.0,0.0,0.0,0.0
100.0,-50.0,-94.44444444444431,-50.0,0.0,5.251193978910695,1.0,3.0,0.005952380952380931,2.860119047619047,125.9672668882487,388.4726613821862,205.55555555555566,-168.0000000000006,84.0000000000003,158.66666666666697,84.0000000000003,0.0,0.0,0.0,0.0
99.0,-49.5,-93.49999999999987,-49.5,0.0,5.26087964328271,1.0,3.0,0.005952380952380931,2.866071428571428,131.07511907449964,387.63915951903533,206.5000000000001,-168.0000000000006,84.0000000000003,158.66666666666697,84.0000000000003,0.0,0.0,0.0,0.0
98.0,-49.0,-92.55555555555543,-49.0,0.0,5.2704764127492725,1.0,3.0,0.005952380952381042,2.872023809523809,136.18013705561373,386.7310088040071,207.44444444444457,-168.0000000000006,84.0000000000003,158.66666666666697,84.0000000000003,0.0,0.0,0.0,0.0
97.0,-48.5,-91.61111111111099,-48.5,0.0,5.279984043178615,1.0,3.0,0.005952380952380931,2.87797619047619,141.28114337290484,385.74816052551495,208.38888888888903,-168.0000000000006,84.0000000000003,158.66666666666697,84.0000000000003,0.0,0.0,0.0,0.0
96.0,-48.0,-90.66666666666654,-48.0,0.0,5.2894022931469244,1.0,3.0,0.005952380952380931,2.8839285714285707,146.37695893618383,384.6905854430033,209.33333333333348,-168.0000000000006,84.0000000000003,158.66666666666697,84.0000000000003,0.0,0.0,0.0,0.0
95.0,-47.5,-89.7222222222221,-47.5,0.0,5.298730923926896,1.0,3.0,0.005952380952380931,2.8898809523809517,151.46640335438335,383.5582738208802,210.27777777777789,-168.0000000000006,84.0000000000003,158.66666666666697,84.0000000000003,0.0,0.0,0.0,0.0
94.0,-47.0,-88.77777777777766,-47.0,0.0,5.307969699478955,1.0,3.0,0.005952380952380931,2.8958333333333326,156.5482952667995,382.3512354567575,211.22222222222234,-168.0000000000006,84.0000000000003,158.66666666666697,84.0000000000003,0.0,0.0,0.0,0.0
93.0,-46.5,-87.83333333333321,-46.5,0.0,5.317118386440868,1.0,3.0,0.005952380952381042,2.9017857142857135,161.6214526748497,381.0694997039867,212.1666666666668,-168.0000000000006,84.0000000000003,158.66666666666697,84.0000000000003,0.0,0.0,0.0,0.0
92.0,-46.0,-86.88888888888877,-46.0,0.0,5.326176754119209,1.0,3.0,0.005952380952380931,2.9077380952380945,166.6846932742492,379.71311548848195,213.1111111111112,-168.0000000000006,84.0000000000003,158.66666666666697,84.0000000000003,0.0,0.0,0.0,0.0
91.0,-45.5,-85.94444444444433,-45.5,0.0,5.335144574479543,1.0,3.0,0.005952380952380931,2.9136904761904754,171.736834787506,378.2821513198237,214.05555555555566,-168.0000000000006,84.0000000000003,158.66666666666697,84.0000000000003,0.0,0.0,0.0,0.0
90.0,-45.0,-84.99999999999989,-45.0,0.0,5.344021622138884,1.0,3.0,0.005952380952380931,2.9196428571428563,176.77669529663686,376.77669529663694,215.0000000000001,-168.0000000000006,84.0000000000003,158.66666666666697,84.0000000000003,0.0,0.0,0.0,0.0
89.0,-44.5,-84.05555555555544,-44.5,0.0,5.352807674355321,1.0,3.0,0.005952380952380931,2.9255952380952372,181.80309357600203,375.19685510624106,215.94444444444457,-168.0000000000006,84.0000000000003,158.66666666666697,84.0000000000003,0.0,0.0,0.0,0.0
88.0,-44.0,-83.111111111111,-44.0,0.0,5.361502511021314,1.0,3.0,0.005952380952381042,2.931547619047618,186.814849425163,373.5427580185686,216.88888888888903,-168.0000000000006,84.0000000000003,158.66666666666697,84.0000000000003,0.0,0.0,0.0,0.0
87.0,-43.5,-82.16666666666656,-43.5,0.0,5.3701059146541485,1.0,3.0,0.005952380952380931,2.937499999999999,191.81078400166066,371.8145508743533,217.83333333333343,-168.0000000000006,84.0000000000003,158.66666666666697,84.0000000000003,0.0,0.0,0.0,0.0
86.0,-43.0,-81.22222222222211,-43.0,0.0,5.378617670389476,1.0,3.0,0.005952380952380931,2.94345238095238,196.78972015361768,370.0124000675895,218.77777777777789,-168.0000000000006,84.0000000000003,158.66666666666697,84.0000000000003,0.0,0.0,0.0,0.0
85.0,-42.5,-80.27777777777767,-42.5,0.0,5.38703756597224,1.0,3.0,0.005952380952380931,2.949404761904761,201.7504827520626,368.1364915222643,219.72222222222234,-168.0000000000006,84.0000000000003,158.66666666666697,84.0000000000003,0.0,0.0,0.0,0.0
84.0,-42.0,-79.33333333333323,-42.0,0.0,5.3953653917502775,1.0,3.0,0.005952380952380931,2.955357142857142,206.6918990228792,366.1870306633693,220.66666666666674,-168.0000000000006,84.0000000000003,158.66666666666697,84.0000000000003,0.0,0.0,0.0,0.0
83.0,-41.5,-78.38888888888879,-41.5,0.0,5.403600940665979,1.0,3.0,0.005952380952380931,2.961309523809523,211.61279887828,364.1642423821988,221.6111111111112,-168.0000000000006,84.0000000000003,158.66666666666697,84.0000000000003,0.0,0.0,0.0,0.0
82.0,-41.0,-77.44444444444434,-41.0,0.0,5.411744008249968,1.0,3.0,0.005952380952380931,2.9672619047619038,216.51201524770613,362.06837099594094,222.55555555555566,-168.0000000000006,84.0000000000003,158.66666666666697,84.0000000000003,0.0,0.0,0.0,0.0
81.0,-40.5,-76.4999999999999,-40.5,0.0,5.419794392613712,1.0,3.0,0.005952380952380931,2.9732142857142847,221.38838440805392,359.8996802015735,223.5000000000001,-168.0000000000006,84.0000000000003,158.66666666666697,84.0000000000003,0.0,0.0,0.0,0.0
80.0,-40.0,-75.55555555555546,-40.0,0.0,5.4277518944432614,1.0,3.0,0.005952380952381153,2.979166666666666,226.24074631313056,357.65845302407644,224.44444444444454,-167.99999999998806,83.99999999999403,158.66666666665512,83.99999999999403,2.1057076082796224e-09,-1.0528538041398112e-09,-1.9911112758562417e-09,-1.0528538041398112e-09
79.0,-39.5,-74.61111111111101,-39.5,0.0,5.4356163169920135,1.0,3.0,0.005952380952380931,2.985119047619047,231.06794492223895,355.3449917589739,225.38888888888897,-168.0000000000006,84.0000000000003,158.66666666666697,84.0000000000003,-2.1057076082797795e-09,1.0528538041398898e-09,1.99111127585639e-09,1.0528538041398898e-09
78.0,-39.0,-73.66666666666657,-39.0,0.0,5.443387466074972,1.0,3.0,0.005952380952380931,2.991071428571428,235.8688285277946,352.9596179092205,226.33333333333343,-168.0000000000006,84.0000000000003,158.66666666666697,84.0000000000003,0.0,0.0,0.0,0.0
77.0,-38.5,-72.72222222222213,-38.5,0.0,5.451065150061748,1.0,3.0,0.005952380952380931,2.997023809523809,240.64225008187643,350.50267211645206,227.27777777777789,-168.0000000000006,84.0000000000003,158.66666666666697,84.0000000000003,0.0,0.0,0.0,0.0
76.0,-38.0,-71.77777777777769,-38.0,0.0,5.458649179871807,1.0,3.0,0.005952380952380931,3.00297619047619,245.38706752161406,347.97451408661396,228.2222222222223,-168.0000000000006,84.0000000000003,158.66666666666697,84.0000000000003,0.0,0.0,0.0,0.0
75.0,-37.5,-70.83333333333324,-37.5,0.0,5.466139368966674,1.0,3.0,0.005952380952380931,3.0089285714285707,250.10214409331292,345.3755225099939,229.16666666666674,-168.0000000000006,84.0000000000003,158.66666666666697,84.0000000000003,0.0,0.0,0.0,0.0
74.0,-37.0,-69.8888888888888,-37.0,0.0,5.47353553334629,1.0,3.0,0.005952380952380931,3.0148809523809517,254.78634867522302,342.70609497567597,230.1111111111112,-168.0000000000006,84.0000000000003,158.66666666666697,84.0000000000003,0.0,0.0,0.0,0.0
73.0,-36.5,-68.94444444444436,-36.5,0.0,5.480837491541842,1.0,3.0,0.005957459790509212,3.020838412171461,259.4385560988516,339.9666478804424,231.05555555555566,-167.8567770768832,83.9283885384416,158.53140057261163,83.9283885384416,24.04093827801804,-12.02046913900902,-22.705330595907782,-12.02046913900902
72.0,-36.0,-67.99999999999991,-36.0,0.0,5.488045064610895,1.0,3.0,0.005993326901242657,3.0268317390727035,264.0576474687263,337.1576163321491,232.00000000000009,-166.8522369091297,83.42611845456484,157.58266819195558,83.42611845456484,167.60977405474455,-83.80488702737227,-158.29811994058653,-83.80488702737227
71.0,-35.5,-67.05555555555547,-35.5,0.0,5.4951580761325545,1.0,3.0,0.00603509376150968,3.0328668328342134,268.64251048051113,334.27945404759834,232.9444444444445,-165.6975085255035,82.84875426275175,156.49209138519748,82.84875426275175,191.33561619053955,-95.66780809526978,-180.70585973551562,-95.66780809526978
70.0,-35.0,-66.11111111111103,-35.0,0.0,5.502176352201356,1.0,3.0,0.006077746192962419,3.038944579027176,273.19203973738166,331.3326332449432,233.88888888888897,-164.5346758898761,82.26733794493805,155.3938605626605,82.26733794493805,191.32629081712633,-95.66314540856317,-180.69705243839346,-95.66314540856317
69.0,-34.5,-65.16666666666659,-34.5,0.0,5.509099721423255,1.0,3.0,0.006121315939308092,3.045065894966484,277.7051370645639,328.3176445306486,234.83333333333343,-163.36356592517203,81.68178296258601,154.28781226266221,81.68178296258601,191.31669992455963,-95.65834996227981,-180.68799437319547,-95.65834996227981
68.0,-34.0,-64.22222222222214,-34.0,0.0,5.515928014910056,1.0,3.0,0.006165836360485288,3.0512317313269692,282.1807118219428,325.23499678104423,235.77777777777786,-162.18399930440742,81.09199965220371,153.173777120829,81.09199965220371,191.30683200158867,-95.65341600079434,-180.67867466816557,-95.65341600079434
67.0,-33.5,-63.27777777777769,-33.5,0.0,5.52266106627507,1.0,3.0,0.006211342540030529,3.0574430738669998,286.6176812146468,322.08521701850265,236.7222222222223,-160.99579012995233,80.49789506497616,152.0515795671781,80.49789506497616,191.2966748810566,-95.6483374405283,-180.66908183192493,-95.6483374405283
66.0,-33.0,-62.33333333333324,-33.0,0.0,5.529298711628214,1.0,3.0,0.006257871401292636,3.0637009452682924,291.014970601516,318.868850282277,237.66666666666674,-159.79874559158222,79.89937279579111,150.92103750316184,79.89937279579111,191.2862156487978,-95.6431078243989,-180.65920366831557,-95.6431078243989
65.0,-32.5,-61.38888888888879,-32.5,0.0,5.535840789572056,1.0,3.0,0.0063054618333708845,3.0700064071016633,295.3715138013613,315.586459494036,238.6111111111112,-158.5926656010544,79.2963328005272,149.78196195655224,79.2963328005272,191.27544062590232,-95.63772031295116,-180.64902725779515,-95.63772031295116
64.0,-32.0,-60.44444444444434,-32.0,0.0,5.542287141196604,1.0,3.0,0.0063541548277530335,3.076360561929416,299.6862533969219,312.2386253181347,239.55555555555566,-157.37734240159466,78.68867120079733,148.63415671261805,78.68867120079733,191.26433528997578,-95.63216764498789,-180.63853888497638,-95.63216764498789
63.0,-31.5,-59.49999999999989,-31.5,0.0,5.548637610076215,1.0,3.0,0.006403993626743487,3.0827645555561594,303.9581410364323,308.8259460166608,240.5000000000001,-156.15256014996186,78.07628007498093,147.47741791940928,78.07628007498093,191.25288421869695,-95.62644210934847,-180.62772398432736,-95.62644210934847
62.0,-31.0,-58.55555555555544,-31.0,0.0,5.554892042264308,1.0,3.0,0.006455023884903044,3.089219579441062,308.1861377327062,305.34903729929897,241.44444444444457,-154.91809446884093,77.45904723442047,146.3115336650173,77.45904723442047,191.2410710064333,-95.62053550321664,-180.61656706163143,-95.62053550321664
61.0,-30.5,-57.61111111111099,-30.5,0.0,5.561050286290201,1.0,3.0,0.006507293844871587,3.0957268732859338,312.36921415964883,301.80853216805525,242.388888888889,-153.67371196678053,76.83685598339027,145.13628352418246,76.83685598339027,191.22887819813218,-95.61443909906609,-180.6050516315705,-95.61443909906609
60.0,-30.0,-56.66666666666654,-30.0,0.0,5.5671121931549346,1.0,3.0,0.006560854529113147,3.102287727815047,316.50635094610965,298.20508075688775,243.33333333333346,-152.41916972287655,76.20958486143827,143.95143807160647,76.20958486143827,191.21628719811972,-95.60814359905986,-180.5931601315575,-95.60814359905986
59.0,-29.5,-55.72222222222209,-29.5,0.0,5.573077616327372,1.0,3.0,0.006615759949312405,3.1089034877643593,320.5965389669857,294.5393501662893,244.2777777777779,-151.1542147329473,75.57710736647365,142.75675835889552,75.57710736647365,191.20327817527706,-95.60163908763853,-180.58087383220683,-95.60163908763853
58.0,-29.0,-54.777777777777644,-29.0,0.0,5.578946411740973,1.0,3.0,0.00667206733538106,3.11557555509974,324.63877963148985,290.8120242928695,245.22222222222234,-149.87858331362608,74.93929165681304,141.5519953517588,74.93929165681304,191.18982995821588,-95.59491497910794,-180.56817273831763,-95.59491497910794
57.0,-28.5,-53.833333333333194,-28.5,0.0,5.584718437789723,1.0,3.0,0.006729837386279192,3.1223053924860196,328.6320851684968,287.02380365398693,246.1666666666668,-148.59200046033345,74.29600023016673,140.3368893236491,74.29600023016673,191.17591992871542,-95.58795996435771,-180.55503548822864,-95.58795996435771
56.0,-28.0,-52.888888888888744,-28.0,0.0,5.5903935553243915,1.0,3.0,0.006789134545148734,3.1290945270311683,332.5754789088811,283.1754052074811,247.11111111111126,-147.2941791549209,73.64708957746045,139.11116920187055,73.64708957746045,191.16152387051014,-95.58076193525507,-180.5414392110413,-95.58076193525507
55.0,-27.5,-51.944444444444294,-27.5,0.0,5.595971627650731,1.0,3.0,0.006850027301600559,3.135944554332769,336.4679955647646,279.2675621665569,248.0555555555557,-145.98481961763025,72.99240980881513,137.87455186109605,72.99240980881513,191.1466158659988,-95.5733079329994,-180.52735942899912,-95.5733079329994
54.0,-27.0,-50.999999999999844,-27.0,0.0,5.601452520524326,1.0,3.0,0.00691258852437282,3.1428571428571415,340.30868150558655,275.30102380987626,249.00000000000017,-144.66360849834646,72.33180424917323,136.62674135955024,72.33180424917323,191.13116810373205,-95.56558405186603,-180.51276987574897,-95.56558405186603
53.0,-26.5,-50.055555555555394,-26.5,0.0,5.606836102148445,1.0,3.0,0.006976895828041396,3.149834038685183,344.096595030916,271.2765552869108,249.9444444444446,-143.33021800050685,71.66510900025342,135.36742811159058,71.66510900025342,191.11515073515653,-95.55757536757827,-180.49764236098343,-95.55757536757827
52.0,-26.0,-49.111111111110944,-26.0,0.0,5.612122243170502,1.0,3.0,0.0070430319779712924,3.156877070663154,347.8308066399234,267.19493741861385,250.88888888888906,-141.98430493113347,70.99215246556673,134.09628799051572,70.99215246556673,191.09853165270792,-95.54926582635396,-180.4819465608915,-95.54926582635396
51.0,-25.5,-48.166666666666494,-25.5,0.0,5.617310816679994,1.0,3.0,0.0071110853383247186,3.163988156001479,351.5103992974326,263.056966493468,251.8333333333335,-140.6255096687612,70.3127548343806,132.8129813538308,70.3127548343806,191.08127630659837,-95.54063815329918,-180.46564984512156,-95.54063815329918
50.0,-25.0,-47.222222222222044,-25.0,0.0,5.622401698204194,1.0,3.0,0.007181150368630318,3.1711693063701096,355.13446869647044,258.8634540589705,252.77777777777794,-139.25345504089506,69.62672752044753,131.51715198306835,69.62672752044753,191.06334743520878,-95.53167371760439,-180.44871702213987,-95.53167371760439
49.0,-24.5,-46.277777777777594,-24.5,0.0,5.627394765706242,1.0,3.0,0.0072533281752720224,3.178422634545382,358.7021235172373,254.61522670861422,253.7222222222224,-137.86774510067804,68.93387255033902,130.2084259284189,68.93387255033902,191.0447048213168,-95.5223524106584,-180.43111010902513,-95.5223524106584
48.0,-24.0,-45.333333333333144,-24.0,0.0,5.632289899582695,1.0,3.0,0.007327727125212791,3.1857503616705944,362.21248568242186,250.3131258644289,254.66666666666686,-136.46796379184102,68.23398189592051,128.8864102478506,68.23398189592051,191.02530497086636,-95.51265248543318,-180.4127880280426,-95.51265248543318
47.0,-23.5,-44.388888888888694,-23.5,0.0,5.637086982659744,1.0,3.0,0.007404463530436445,3.193154825201031,365.6646906087807,245.9580075551457,255.6111111111113,-135.05367348889575,67.52683674444788,127.5506916284023,67.52683674444788,191.00510079248076,-95.50255039624038,-180.39370630400748,-95.50255039624038
46.0,-23.0,-43.444444444444244,-23.0,0.0,5.641785900191913,1.0,3.0,0.007483662412938186,3.2006384876139693,369.0578874549095,241.5507421900487,256.55555555555577,-133.62441339832657,66.81220669916328,126.20083487619806,66.81220669916328,190.98404119594673,-95.49202059797337,-180.3738166850627,-95.49202059797337
45.0,-22.5,-42.499999999999794,-22.5,0.0,5.646386539858483,1.0,3.0,0.007565458361715294,3.2082039459756846,372.3912393651312,237.09221432858203,257.5000000000002,-132.179697803964,66.089848901982,124.83638125930005,66.089848901982,190.9620706755197,-95.48103533775985,-180.35306674910382,-95.48103533775985
44.0,-22.0,-41.555555555555344,-22.0,0.0,5.6508887917620605,1.0,3.0,0.007649996495127542,3.215853942470812,375.6639237094271,232.5833224457775,258.4444444444447,-130.7190141377088,65.3595070688544,123.4568466856146,65.3595070688544,190.93912881993288,-95.46956440996644,-180.33139944104792,-95.46956440996644
43.0,-21.5,-40.611111111110894,-21.5,0.0,5.6552925484252805,1.0,3.0,0.007737433544287908,3.2235913760151,378.87513231934025,228.02497869357407,259.38888888888914,-129.2418208539277,64.62091042696385,122.06171969537688,64.62091042696385,190.91514974906275,-95.45757487453137,-180.3087525407819,-95.45757487453137
42.0,-21.0,-39.666666666666444,-21.0,0.0,5.659597704789436,1.0,3.0,0.007827939075894408,3.231419315090994,382.02407171977933,223.4181086580968,260.33333333333354,-127.74754508239066,63.87377254119533,120.65045924448077,63.87377254119533,190.89006148995125,-95.44503074497563,-180.2850580738456,-95.44503074497563
41.0,-20.5,-38.722222222221994,-20.5,0.0,5.663804158211746,1.0,3.0,0.007921696876225903,3.2393410119672197,385.1099633566538,218.76365111296838,261.277777777778,-126.23558003098616,63.11779001549308,119.22249225148762,63.11779001549308,190.8637852506271,-95.43189262531355,-180.26024162559327,-95.43189262531355
40.0,-20.0,-37.777777777777544,-20.0,0.0,5.667911808463311,1.0,3.0,0.008018906522018865,3.2473599184892388,388.1320438202727,214.06255776872507,262.22222222222246,-124.70528210474876,62.35264105237438,117.77721087670785,62.35264105237438,190.8362345957464,-95.4181172978732,-180.23422156265005,-95.4181172978732
39.0,-19.5,-36.833333333333094,-19.5,0.0,5.671920557727054,1.0,3.0,0.00811978516880485,3.2554797036580436,391.0895650644388,209.31579301841026,263.1666666666669,-123.15596770242998,61.57798385121499,116.3139694967401,61.57798385121499,190.80731449288191,-95.40365724644096,-180.2069081321679,-95.40365724644096
38.0,-19.0,-35.888888888888644,-19.0,0.0,5.675830310596117,1.0,3.0,0.008224569593202169,3.263704273251246,393.98179462117366,204.52433367942086,264.11111111111137,-121.5869096452813,60.79345482264065,114.83208133165522,60.79345482264065,190.77692022273723,-95.38846011136862,-180.17820243258726,-95.38846011136862
37.0,-18.5,-34.944444444444194,-18.5,0.0,5.67964097407119,1.0,3.0,0.008333518532923412,3.272037791784169,396.80801581100843,199.68916873168274,265.05555555555577,-119.99733318517323,59.998666592586616,113.3308146748865,59.998666592586616,190.74493610689544,-95.37246805344772,-180.14799521206726,-95.37246805344772
36.0,-18.0,-33.999999999999744,-18.0,0.0,5.6833524575595336,1.0,3.0,0.00844691537717801,3.2804847071613468,399.56752794877787,194.81129905223156,266.0000000000002,-118.38641152980409,59.193205764902046,111.80938866703785,59.193205764902046,190.71123403480422,-95.35561701740211,-180.11616547731677,-95.35561701740211
35.0,-17.5,-33.055555555555294,-17.5,0.0,5.6869646728726,1.0,3.0,0.008565071271234626,3.2890497784325814,402.2596465448551,189.89173714627753,266.9444444444447,-116.75326081155346,58.37663040577673,110.26696854424559,58.37663040577673,190.675671752492,-95.337835876246,-180.08257887735365,-95.337835876246
34.0,-17.0,-32.111111111110844,-17.0,0.0,5.690477534224125,1.0,3.0,0.008688328712655569,3.297738107145237,404.88370350176723,184.93150687483362,267.88888888888914,-115.09693441310327,57.548467206551635,108.70266027904262,57.548467206551635,190.6380908491131,-95.31904542455655,-180.04708580194134,-95.31904542455655
33.0,-16.5,-31.166666666666398,-16.5,0.0,5.693890958229422,1.0,3.0,0.00881706573397567,3.3065551728792126,407.4390473061331,179.93164317898612,268.8333333333336,-113.4164165462214,56.7082082731107,107.11550451587598,56.7082082731107,190.59831440364175,-95.29915720182088,-180.00951915904298,-95.29915720182088
32.0,-16.0,-30.22222222222195,-16.0,0.0,5.697204863902608,1.0,3.0,0.008951700788302874,3.3155068736675153,409.9250432158649,174.89319180089083,269.77777777777806,-111.71061496008869,55.855307480044345,105.50446968452843,55.855307480044345,190.55614418677948,-95.27807209338974,-179.96969173195788,-95.27807209338974
31.0,-15.5,-29.277777777777505,-15.5,0.0,5.700419172655928,1.0,3.0,0.009092698481881767,3.3245995721493973,412.3410734425782,169.81720900157512,270.7222222222225,-109.97835263014484,54.98917631507242,103.86844415069257,54.98917631507242,190.51135737048108,-95.25567868524054,-179.92739307212145,-95.25567868524054
30.0,-15.0,-28.33333333333306,-15.0,0.0,5.703533808297816,1.0,3.0,0.009240576332796513,3.333840148482194,414.6865373291548,164.70476127563023,271.66666666666697,-108.21835824793646,54.10917912396823,102.20622723416243,54.10917912396823,190.46370256818165,-95.23185128409082,-179.88238575883915,-95.23185128409082
29.0,-14.5,-27.388888888888612,-14.5,0.0,5.706548697031449,1.0,3.0,0.009395912780242544,3.3432360612624366,416.9608515224061,159.5569250628778,272.6111111111114,-106.42925529308567,53.21462764654284,100.51651888791446,53.21462764654284,190.41289512742867,-95.20644756371433,-179.83440095368263,-95.20644756371433
28.0,-14.0,-26.444444444444166,-14.0,0.0,5.709463767453797,1.0,3.0,0.009559356727383284,3.35279541798982,419.16345014078456,154.37478645709515,273.5555555555558,-104.60954942035208,52.30477471017604,98.79790778588828,52.30477471017604,190.3586114242297,-95.17930571211485,-179.78313301177275,-95.17930571211485
27.0,-13.5,-25.49999999999972,-13.5,0.0,5.712278950553696,1.0,3.0,0.009731638977410917,3.362527056967231,421.2937849370927,149.15944091188575,274.5000000000003,-102.75761383269563,51.37880691634781,97.04885750865719,51.37880691634781,190.30048195942837,-95.15024097971418,-179.72823296168178,-95.15024097971418
26.0,-13.0,-24.555555555555273,-13.0,0.0,5.714994179711037,1.0,3.0,0.009913586023377441,3.3724406429906084,423.35132545614226,143.9119929437818,275.44444444444474,-100.87167223261879,50.435836116309396,95.26769044191795,50.435836116309396,190.23808293281098,-95.11904146640549,-179.669300547656,-95.11904146640549
25.0,-12.5,-23.611111111110826,-12.5,0.0,5.717609390695301,1.0,3.0,0.010106136786704578,3.382546779777313,425.3355591873133,138.63355583266565,276.38888888888914,-98.94977884284913,49.474889421424564,93.45256890713549,49.474889421424564,190.17092587724196,-95.08546293862098,-179.60587443961762,-95.08546293862098
24.0,-12.0,-22.66666666666638,-12.0,0.0,5.720124521664549,1.0,3.0,0.010310363079828688,3.3928571428571415,427.24599171197156,133.32525131959991,277.3333333333336,-96.98979485566642,48.49489742783321,91.6014729192407,48.49489742783321,190.09844483724217,-95.04922241862108,-179.5374201240619,-95.04922241862108
23.0,-11.5,-21.722222222221934,-11.5,0.0,5.722539513164152,1.0,3.0,0.010527494813719507,3.403384637670861,429.08214684569555,127.9882093021541,278.27777777777806,-94.9893604978834,47.4946802489417,89.71217380355672,47.4946802489417,190.01998036380326,-95.00999018190163,-179.46331478803813,-95.00999018190163
22.0,-11.0,-20.777777777777487,-11.0,0.0,5.7248543081257335,1.0,3.0,0.010758951308111442,3.4141435889789724,430.8435667752735,122.62356752731867,279.2222222222225,-92.94586167018667,46.47293083509334,87.78220268850981,46.47293083509334,189.93475936228825,-94.96737968114412,-179.3828282866061,-94.96737968114412
21.0,-10.5,-19.83333333333304,-10.5,0.0,5.727068851866401,1.0,3.0,0.01100638053142644,3.425149969510399,432.52981219042897,117.23247128209698,280.16666666666697,-90.85638981359104,45.42819490679552,85.80881260172505,45.42819490679552,189.84186950738098,-94.92093475369049,-179.2950989791925,-94.92093475369049
20.0,-10.0,-18.888888888888594,-10.0,0.0,5.729183092087411,1.0,3.0,0.011271708759104104,3.436421678269503,434.1404624102337,111.81607308186638,281.1111111111114,-88.7176932417017,44.35884662085085,83.78893250605178,44.35884662085085,189.74022640195756,-94.87011320097878,-179.19910271296047,-94.87011320097878
19.0,-9.5,-17.944444444444148,-9.5,0.0,5.731196978873383,1.0,3.0,0.011557204086333872,3.447978882355837,435.67511550417123,106.3755323566008,282.0555555555559,-86.52611760853794,43.26305880426897,81.71911107473046,43.26305880426897,189.62853098313275,-94.81426549156637,-179.0936125951805,-94.81426549156637
18.0,-9.0,-16.9999999999997,-9.0,0.0,5.733110464691587,1.0,3.0,0.011865558609085225,3.459844440964922,437.1333884078151,100.91201513504724,283.0000000000003,-84.27753238978049,42.138766194890245,79.59544725701507,42.138766194890245,189.50521360501307,-94.75260680250653,-178.9771461825142,-94.75260680250653
17.0,-8.5,-16.055555555555255,-8.5,0.0,5.73492350439086,1.0,3.0,0.01219999612713285,3.4720444370920545,438.51491703308625,95.42669372695006,283.94444444444474,-81.96723913510213,40.98361956755107,77.41350362759661,40.98361956755107,189.36835967843425,-94.68417983921712,-178.84789525185522,-94.68417983921712
16.0,-8.0,-15.111111111110809,-8.0,0.0,5.736636055201075,1.0,3.0,0.012564415301223653,3.4846088523932783,439.8193563730564,89.92074640341625,284.8888888888892,-79.5898556379772,39.7949278189886,75.16819699142307,39.7949278189886,189.21560933228324,-94.60780466614162,-178.7036310360441,-94.60780466614162
15.0,-7.5,-14.166666666666362,-7.5,0.0,5.738248076731932,1.0,3.0,0.01296358294281541,3.4975724353360937,441.04638060126626,84.3953570755171,285.8333333333336,-77.13916780655254,38.56958390327627,72.85365848396643,38.56958390327627,189.0440198697431,-94.52200993487155,-178.54157432142586,-94.52200993487155
14.0,-7.0,-13.222222222221916,-7.0,0.0,5.739759530972962,1.0,3.0,0.013403399608060917,3.510975834944155,442.1956831655298,78.85171497122047,286.77777777777806,-74.6079374816651,37.30396874083255,70.46305206601718,37.30396874083255,188.84987383089634,-94.42493691544817,-178.35821417362448,-94.42493691544817
13.0,-6.5,-12.27777777777747,-6.5,0.0,5.741170382292295,1.0,3.0,0.013891271815992923,3.524867106760148,443.2669768761939,73.29101431074973,287.7222222222225,-71.98764902495876,35.99382451247938,67.98833519023897,35.99382451247938,188.62840576552742,-94.31420288276371,-178.1490498896645,-94.31420288276371
12.0,-6.0,-11.333333333333023,-6.0,0.0,5.74248059743621,1.0,3.0,0.014436645503719925,3.5393037522638675,444.2599939888295,67.71445398046528,288.66666666666697,-69.2681689622664,34.6340844811332,65.41993735325174,34.6340844811332,188.3734044720889,-94.18670223604445,-177.90821533475108,-94.18670223604445
11.0,-5.5,-10.388888888888577,-5.5,0.0,5.743690145528642,1.0,3.0,0.015051790400108622,3.554355542663976,445.1744862813275,62.12323720536502,289.6111111111114,-66.43727911549867,33.218639557749334,62.74631916463777,33.218639557749334,188.07661889493912,-94.03830944746956,-177.62791784522042,-94.03830944746956
10.0,-5.0,-9.44444444444413,-5.0,0.0,5.744798998070717,1.0,3.0,0.015752988009213542,3.5701085306731897,446.010225125378,56.51857122030066,290.5555555555559,-63.48002038820344,31.74001019410172,59.953352588858934,31.74001019410172,187.72684430189352,-93.86342215094676,-177.29757517401114,-93.86342215094676
9.0,-4.5,-8.499999999999684,-4.5,0.0,5.745807128939965,1.0,3.0,0.016562394336054442,3.586670925009244,446.7670015523096,50.901666940007466,291.50000000000034,-60.37774368305639,30.188871841528194,57.02342458955337,30.188871841528194,187.3084677372856,-93.6542338686428,-176.90244175188144,-93.6542338686428
8.0,-4.0,-7.555555555555237,-4.0,0.0,5.746714514390245,1.0,3.0,0.01751108325308426,3.6041820082623284,447.4446263132701,45.27373862804446,292.4444444444448,-57.10668983450057,28.553344917250286,53.9340959548062,28.553344917250286,186.7990575614264,-93.3995287807132,-176.42133214134765,-93.3995287807132
7.0,-3.5,-6.611111111110791,-3.5,0.0,5.7475211330510785,1.0,3.0,0.018644272161151942,3.6228262804234803,448.0429299337311,39.63600356474377,293.3888888888892,-53.635775714733754,26.817887857366877,50.65601039724865,26.817887857366877,186.16517125291557,-93.08258562645779,-175.82266173886487,-93.08258562645779
6.0,-3.0,-5.6666666666663446,-3.0,0.0,5.748226965927454,1.0,3.0,0.020030862433660923,3.6428571428571415,448.56176276229814,33.98968171426671,294.33333333333366,-49.92296279363069,24.961481396815344,47.14946486065131,24.961481396815344,185.3546213199396,-92.6773106599698,-175.05714235772092,-92.6773106599698
5.0,-2.5,-4.722222222221898,-2.5,0.0,5.748831996399354,1.0,3.0,0.021782267706180747,3.664639410563322,449.00099501381357,28.335995390865694,295.2777777777781,-45.90890230020673,22.954451150103363,43.35840772797311,22.954451150103363,184.28111101972027,-92.14055550986014,-174.04327151862523,-92.14055550986014
4.0,-2.0,-3.7777777777774517,-2.0,0.0,5.74933621022162,1.0,3.0,0.02409358706188769,3.68873299762521,449.36051680673876,22.676168924450362,296.2222222222225,-41.5048202424721,20.75241012123605,39.198996895668174,20.75241012123605,182.79063413937232,-91.39531706968616,-172.6355989094076,-91.39531706968616
3.0,-1.5,-2.8333333333330053,-1.5,0.0,5.749739595523664,1.0,3.0,0.02734744993529481,3.716080447560505,449.64023819480406,17.011428325557112,297.16666666666697,-36.566480690742026,18.283240345371013,34.53500954125643,18.283240345371013,180.5776978626654,-90.2888489313327,-170.54560353696206,-90.2888489313327
2.0,-1.0,-1.8888888888885589,-1.0,0.0,5.750042142809201,1.0,3.0,0.03243912799923043,3.7485195755597354,449.84008919291693,11.34300094982113,298.1111111111114,-30.826969209028167,15.413484604514084,29.11435980852666,15.413484604514084,176.93174372165674,-88.46587186082837,-167.1022024037873,-88.46587186082837
1.0,-0.5,-0.9444444444441124,-0.5,0.0,5.750243844956191,1.0,3.0,0.04227549468144054,3.7907950702411757,449.9600197973211,5.672115162050245,299.0555555555559,-23.65436543168394,11.82718271584197,22.340234018812655,11.82718271584197,169.66339084597695,-84.83169542298847,-160.23764691008964,-84.83169542298847
0.0,0.0,3.341771304121721e-13,0.0,0.0,5.7503446972166685,1.0,3.0,0.10206207261596578,3.8928571428571415,450.0,5.878304635907296e-14,300.00000000000034,-9.79795897113271,4.898979485566355,9.253627917180912,4.898979485566355,135.76450198781916,-67.88225099390958,-128.2220296551628,-67.88225099390958
