J1_Position,J2_Position,J3_Position,J4_Position,Error,MM_Step,Deg_step,Move_ID,Time,Time_Total,X,Y,Z,J1_Velocity,J2_Velocity,J3_Velocity,J4_Velocity,J1_Acceleration,J2_Acceleration,J3_Acceleration,J4_Acceleration
0.0,0.0,0.0,0.0,0.0,0.0,0.0,1.0,0.0,0.0,450.0,5.878304635907296e-14,300.0,0.0,0.0,0.0,0.0,0.0,0.0,0.0,0.0
1.0,-0.5,-0.9444444444444444,-0.5,0.0,5.7503446972166685,1.0,2.0,0.0,0.0,449.9600197973211,5.672115162050245,299.05555555555554,0.0,0.0,0.0,0.0,0.0,0.0,0.0,0.0
2.0,-1.0,-1.8888888888888888,-1.0,0.0,5.750243844956191,1.0,2.0,0.08195069690144581,0.08195069690144581,449.84008919291693,11.34300094982113,298.1111111111111,12.20245876862528,-6.10122938431264,-11.524544392590542,-6.10122938431264,148.9,-74.45,-140.62777777777777,-74.45
3.0,-1.5,-2.833333333333333,-1.5,0.0,5.750042142809201,1.0,2.0,0.018417998835566524,0.10036869573701233,449.64023819480406,17.011428325557112,297.16666666666663,54.294715127732864,-27.147357563866432,-51.27834206508103,-27.147357563866432,2285.387068101248,-1142.693534050624,-2158.4211198734006,-1142.693534050624
4.0,-2.0,-3.7777777777777777,-2.0,0.0,5.749739595523654,1.0,2.0,0.015527091266939103,0.11589578700395144,449.36051680673876,22.676168924450362,296.22222222222223,64.403562960259,-32.2017814801295,-60.825587240244616,-32.2017814801295,651.0458178377743,-325.52290891888714,-614.876605735677,-325.52290891888714
5.0,-2.5,-4.722222222222222,-2.5,0.0,5.749336210221629,1.0,2.0,0.01367964201938461,0.12957542902333605,449.00099501381357,28.335995390865694,295.27777777777777,73.10132813292623,-36.55066406646311,-69.04014323665257,-36.55066406646311,635.818185910285,-317.9090929551425,-600.4949533597145,-317.9090929551425
6.0,-3.0,-5.666666666666667,-3.0,0.0,5.748831996399345,1.0,2.0,0.012367341725645437,0.14194277074898148,448.56176276229814,33.98968171426671,294.33333333333337,80.85811989219626,-40.42905994609813,-76.36600212040759,-40.42905994609813,627.1995980498559,-313.59979902492796,-592.3551759359742,-313.59979902492796
7.0,-3.5,-6.611111111111112,-3.5,0.0,5.748226965927454,1.0,2.0,0.011372944457302053,0.15331571520628354,448.0429299337311,39.63600356474377,293.3888888888889,87.92797711747772,-43.96398855873886,-83.04308949984008,-43.96398855873886,621.6382443283834,-310.8191221641917,-587.1027863101395,-310.8191221641917
8.0,-4.0,-7.555555555555556,-4.0,0.0,5.747521133051088,1.0,2.0,0.010585678596608084,0.16390139380289162,447.4446263132701,45.27373862804446,292.44444444444446,94.4672550629324,-47.2336275314662,-89.21907422610283,-47.2336275314662,617.7476376006749,-308.87381880033746,-583.4283244006383,-308.87381880033746
9.0,-4.5,-8.5,-4.5,0.0,5.746714514390245,1.0,2.0,0.009942286703035541,0.17384368050592716,446.7670015523096,50.901666940007466,291.5,100.58048312916623,-50.29024156458311,-94.99267851087914,-50.29024156458311,614.8714323805773,-307.43571619028864,-580.7119083594257,-307.43571619028864
10.0,-5.0,-9.444444444444445,-5.0,0.0,5.745807128939965,1.0,2.0,0.009403648569187045,0.1832473290751142,446.010225125378,56.51857122030066,290.55555555555554,106.3417026532342,-53.1708513266171,-100.43383028361009,-53.1708513266171,612.6578935484433,-306.32894677422166,-578.6213439068725,-306.32894677422166
11.0,-5.5,-10.38888888888889,-5.5,0.0,5.744798998070717,1.0,2.0,0.008944091062413034,0.19219142013752724,445.1744862813275,62.12323720536502,289.6111111111111,111.80565951552478,-55.90282975776239,-105.59423398688453,-55.90282975776239,610.9013005527764,-305.4506502763882,-576.9623394109552,-305.4506502763882
12.0,-6.0,-11.333333333333334,-6.0,0.0,5.743690145528642,1.0,2.0,0.008545971336497427,0.20073739147402467,444.2599939888295,67.71445398046528,288.66666666666663,117.01420009792015,-58.507100048960076,-110.51341120359128,-58.507100048960076,609.4732099265497,-304.73660496327483,-575.6135871528527,-304.73660496327483
13.0,-6.5,-12.277777777777779,-6.5,0.0,5.742480597436201,1.0,2.0,0.008196709852475281,0.20893410132649995,443.2669768761939,73.29101431074973,287.72222222222223,122.00017055599635,-61.000085277998174,-115.22238330288546,-61.000085277998174,608.2892462724551,-304.14462313622755,-574.4953992573189,-304.14462313622755
14.0,-7.0,-13.222222222222223,-7.0,0.0,5.741170382292295,1.0,2.0,0.007952698166075217,0.21688679949257517,442.1956831655298,78.85171497122047,286.77777777777777,125.74348719354401,-62.871743596772006,-118.75773790501381,-62.871743596772006,470.697687674855,-235.3488438374275,-444.54781613736316,-235.3488438374275
15.0,-7.5,-14.166666666666668,-7.5,0.0,5.739759530972953,1.0,2.0,0.007936507936507936,0.2248233074290831,441.04638060126626,84.3953570755171,285.83333333333337,126.0,-63.0,-119.00000000000003,-63.0,32.320613613454384,-16.160306806727192,-30.52502396826327,-16.160306806727192
16.0,-8.0,-15.111111111111112,-8.0,0.0,5.738248076731941,1.0,2.0,0.007936507936507936,0.23275981536559104,439.8193563730564,89.92074640341625,284.8888888888889,126.0,-63.0,-119.00000000000003,-63.0,0.0,0.0,0.0,0.0
17.0,-8.5,-16.055555555555557,-8.5,0.0,5.736636055201075,1.0,2.0,0.007936507936507936,0.24069632330209897,438.51491703308625,95.42669372695006,283.94444444444446,126.0,-63.0,-119.00000000000003,-63.0,0.0,0.0,0.0,0.0
18.0,-9.0,-17.0,-9.0,0.0,5.73492350439086,1.0,2.0,0.007936507936507936,0.2486328312386069,437.1333884078151,100.91201513504724,283.0,126.0,-63.0,-118.9999999999998,-63.0,0.0,0.0,2.864908310584724e-11,0.0
19.0,-9.5,-17.944444444444443,-9.5,0.0,5.733110464691596,1.0,2.0,0.007936507936507964,0.2565693391751149,435.67511550417123,106.3755323566008,282.05555555555554,125.99999999999956,-62.99999999999978,-118.99999999999939,-62.99999999999978,-5.550759851757883e-11,2.7753799258789416e-11,5.192646312934794e-11,2.7753799258789416e-11
20.0,-10.0,-18.888888888888886,-10.0,0.0,5.731196978873383,1.0,2.0,0.007936507936507908,0.2645058471116228,434.1404624102337,111.81607308186638,281.1111111111111,126.00000000000045,-63.00000000000023,-119.00000000000023,-63.00000000000023,1.128057647292739e-10,-5.640288236463695e-11,-1.0564349395281207e-10,-5.640288236463695e-11
21.0,-10.5,-19.83333333333333,-10.5,0.0,5.7291830920874025,1.0,2.0,0.007936507936507964,0.27244235504813075,432.52981219042897,117.23247128209698,280.1666666666667,125.99999999999956,-62.99999999999978,-118.99999999999939,-62.99999999999978,-1.1280576472927312e-10,5.640288236463656e-11,1.0564349395281133e-10,5.640288236463656e-11
22.0,-11.0,-20.77777777777777,-11.0,0.0,5.727068851866401,1.0,2.0,0.007936507936507908,0.28037886298463865,430.8435667752735,122.62356752731867,279.22222222222223,126.00000000000045,-63.00000000000023,-119.00000000000023,-63.00000000000023,1.128057647292739e-10,-5.640288236463695e-11,-1.0564349395281207e-10,-5.640288236463695e-11
23.0,-11.5,-21.722222222222214,-11.5,0.0,5.7248543081257335,1.0,2.0,0.007936507936507964,0.2883153709211466,429.08214684569555,127.9882093021541,278.27777777777777,125.99999999999956,-62.99999999999978,-118.99999999999939,-62.99999999999978,-1.1280576472927312e-10,5.640288236463656e-11,1.0564349395281133e-10,5.640288236463656e-11
24.0,-12.0,-22.666666666666657,-12.0,0.0,5.7225395131641426,1.0,2.0,0.007936507936507908,0.2962518788576545,427.24599171197156,133.32525131959991,277.33333333333337,126.00000000000045,-63.00000000000023,-119.00000000000023,-63.00000000000023,1.128057647292739e-10,-5.640288236463695e-11,-1.0564349395281207e-10,-5.640288236463695e-11
25.0,-12.5,-23.6111111111111,-12.5,0.0,5.720124521664549,1.0,2.0,0.007936507936507964,0.3041883867941625,425.3355591873133,138.63355583266565,276.3888888888889,125.99999999999956,-62.99999999999978,-118.99999999999939,-62.99999999999978,-1.1280576472927312e-10,5.640288236463656e-11,1.0564349395281133e-10,5.640288236463656e-11
26.0,-13.0,-24.555555555555543,-13.0,0.0,5.717609390695311,1.0,2.0,0.007936507936507908,0.3121248947306704,423.35132545614226,143.9119929437818,275.44444444444446,126.00000000000045,-63.00000000000023,-119.00000000000023,-63.00000000000023,1.128057647292739e-10,-5.640288236463695e-11,-1.0564349395281207e-10,-5.640288236463695e-11
27.0,-13.5,-25.499999999999986,-13.5,0.0,5.714994179711037,1.0,2.0,0.007936507936507964,0.32006140266717836,421.2937849370927,149.15944091188575,274.5,125.99999999999956,-62.99999999999978,-118.99999999999939,-62.99999999999978,-1.1280576472927312e-10,5.640288236463656e-11,1.0564349395281133e-10,5.640288236463656e-11
28.0,-14.0,-26.44444444444443,-14.0,0.0,5.712278950553696,1.0,2.0,0.007936507936507908,0.32799791060368627,419.16345014078456,154.37478645709515,273.55555555555554,126.00000000000045,-63.00000000000023,-119.00000000000023,-63.00000000000023,1.128057647292739e-10,-5.640288236463695e-11,-1.0564349395281207e-10,-5.640288236463695e-11
29.0,-14.5,-27.38888888888887,-14.5,0.0,5.709463767453797,1.0,2.0,0.007936507936507964,0.33593441854019424,416.9608515224061,159.5569250628778,272.61111111111114,125.99999999999956,-62.99999999999978,-118.99999999999939,-62.99999999999978,-1.1280576472927312e-10,5.640288236463656e-11,1.0564349395281133e-10,5.640288236463656e-11
30.0,-15.0,-28.333333333333314,-15.0,0.0,5.706548697031449,1.0,2.0,0.007936507936507908,0.34387092647670214,414.6865373291548,164.70476127563023,271.6666666666667,126.00000000000045,-63.00000000000023,-119.00000000000023,-63.00000000000023,1.128057647292739e-10,-5.640288236463695e-11,-1.0564349395281207e-10,-5.640288236463695e-11
31.0,-15.5,-29.277777777777757,-15.5,0.0,5.703533808297816,1.0,2.0,0.007936507936507908,0.35180743441321005,412.3410734425782,169.81720900157512,270.72222222222223,126.00000000000045,-63.00000000000023,-119.00000000000023,-63.00000000000023,0.0,0.0,0.0,0.0
32.0,-16.0,-30.2222222222222,-16.0,0.0,5.700419172655918,1.0,2.0,0.007936507936507964,0.359743942349718,409.9250432158649,174.89319180089083,269.7777777777778,125.99999999999956,-62.99999999999978,-118.99999999999939,-62.99999999999978,-1.1280576472927312e-10,5.640288236463656e-11,1.0564349395281133e-10,5.640288236463656e-11
33.0,-16.5,-31.166666666666643,-16.5,0.0,5.697204863902608,1.0,2.0,0.007936507936507964,0.367680450286226,407.4390473061331,179.93164317898612,268.83333333333337,125.99999999999956,-62.99999999999978,-118.99999999999939,-62.99999999999978,0.0,0.0,0.0,0.0
34.0,-17.0,-32.111111111111086,-17.0,0.0,5.693890958229422,1.0,2.0,0.007936507936507908,0.3756169582227339,404.88370350176723,184.93150687483362,267.8888888888889,126.00000000000045,-63.00000000000023,-119.00000000000023,-63.00000000000023,1.128057647292739e-10,-5.640288236463695e-11,-1.0564349395281207e-10,-5.640288236463695e-11
35.0,-17.5,-33.05555555555553,-17.5,0.0,5.690477534224125,1.0,2.0,0.007936507936507908,0.3835534661592418,402.2596465448551,189.89173714627753,266.94444444444446,126.00000000000045,-63.00000000000023,-119.00000000000023,-63.00000000000023,0.0,0.0,0.0,0.0
36.0,-18.0,-33.99999999999997,-18.0,0.0,5.6869646728726,1.0,2.0,0.007936507936507964,0.39148997409574976,399.56752794877787,194.81129905223156,266.0,125.99999999999956,-62.99999999999978,-118.99999999999939,-62.99999999999978,-1.1280576472927312e-10,5.640288236463656e-11,1.0564349395281133e-10,5.640288236463656e-11
37.0,-18.5,-34.944444444444414,-18.5,0.0,5.683352457559524,1.0,2.0,0.007936507936507964,0.3994264820322577,396.80801581100843,199.68916873168274,265.0555555555556,125.99999999999956,-62.99999999999978,-118.99999999999939,-62.99999999999978,0.0,0.0,0.0,0.0
38.0,-19.0,-35.88888888888886,-19.0,0.0,5.6796409740712,1.0,2.0,0.007936507936507908,0.40736298996876563,393.98179462117366,204.52433367942086,264.11111111111114,126.00000000000045,-63.00000000000023,-119.00000000000023,-63.00000000000023,1.128057647292739e-10,-5.640288236463695e-11,-1.0564349395281207e-10,-5.640288236463695e-11
39.0,-19.5,-36.8333333333333,-19.5,0.0,5.675830310596117,1.0,2.0,0.007936507936507908,0.41529949790527354,391.0895650644388,209.31579301841026,263.1666666666667,126.00000000000045,-63.00000000000023,-119.00000000000023,-63.00000000000023,0.0,0.0,0.0,0.0
40.0,-20.0,-37.77777777777774,-20.0,0.0,5.671920557727045,1.0,2.0,0.007936507936507964,0.4232360058417815,388.1320438202727,214.06255776872507,262.2222222222223,125.99999999999956,-62.99999999999978,-118.99999999999939,-62.99999999999978,-1.1280576472927312e-10,5.640288236463656e-11,1.0564349395281133e-10,5.640288236463656e-11
41.0,-20.5,-38.722222222222186,-20.5,0.0,5.667911808463311,1.0,2.0,0.007936507936507964,0.43117251377828947,385.1099633566538,218.76365111296838,261.2777777777778,125.99999999999956,-62.99999999999978,-118.99999999999939,-62.99999999999978,0.0,0.0,0.0,0.0
42.0,-21.0,-39.66666666666663,-21.0,0.0,5.663804158211746,1.0,2.0,0.007936507936507908,0.4391090217147974,382.02407171977933,223.4181086580968,260.33333333333337,126.00000000000045,-63.00000000000023,-119.00000000000023,-63.00000000000023,1.128057647292739e-10,-5.640288236463695e-11,-1.0564349395281207e-10,-5.640288236463695e-11
43.0,-21.5,-40.61111111111107,-21.5,0.0,5.659597704789446,1.0,2.0,0.007936507936507908,0.4470455296513053,378.87513231934025,228.02497869357407,259.3888888888889,126.00000000000045,-63.00000000000023,-119.00000000000023,-63.00000000000023,0.0,0.0,0.0,0.0
44.0,-22.0,-41.555555555555515,-22.0,0.0,5.6552925484252805,1.0,2.0,0.007936507936507964,0.45498203758781325,375.6639237094271,232.5833224457775,258.44444444444446,125.99999999999956,-62.99999999999978,-118.99999999999939,-62.99999999999978,-1.1280576472927312e-10,5.640288236463656e-11,1.0564349395281133e-10,5.640288236463656e-11
45.0,-22.5,-42.49999999999996,-22.5,0.0,5.650888791762051,1.0,2.0,0.007936507936507964,0.4629185455243212,372.3912393651312,237.09221432858203,257.50000000000006,125.99999999999956,-62.99999999999978,-118.99999999999939,-62.99999999999978,0.0,0.0,0.0,0.0
46.0,-23.0,-43.4444444444444,-23.0,0.0,5.646386539858483,1.0,2.0,0.007936507936507908,0.4708550534608291,369.0578874549095,241.5507421900487,256.5555555555556,126.00000000000045,-63.00000000000023,-119.00000000000023,-63.00000000000023,1.128057647292739e-10,-5.640288236463695e-11,-1.0564349395281207e-10,-5.640288236463695e-11
47.0,-23.5,-44.38888888888884,-23.5,0.0,5.641785900191913,1.0,2.0,0.007936507936507964,0.4787915613973371,365.6646906087807,245.9580075551457,255.61111111111114,125.99999999999956,-62.99999999999978,-118.99999999999939,-62.99999999999978,-1.1280576472927312e-10,5.640288236463656e-11,1.0564349395281133e-10,5.640288236463656e-11
48.0,-24.0,-45.333333333333286,-24.0,0.0,5.637086982659739,1.0,2.0,0.007936507936507908,0.486728069333845,362.21248568242186,250.3131258644289,254.6666666666667,126.00000000000045,-63.00000000000023,-119.00000000000023,-63.00000000000023,1.128057647292739e-10,-5.640288236463695e-11,-1.0564349395281207e-10,-5.640288236463695e-11
49.0,-24.5,-46.27777777777773,-24.5,0.0,5.632289899582689,1.0,2.0,0.007936507936507964,0.49466457727035296,358.7021235172373,254.61522670861422,253.72222222222229,125.99999999999956,-62.99999999999978,-118.99999999999939,-62.99999999999978,-1.1280576472927312e-10,5.640288236463656e-11,1.0564349395281133e-10,5.640288236463656e-11
50.0,-25.0,-47.22222222222217,-25.0,0.0,5.627394765706242,1.0,2.0,0.007936507936507908,0.5026010852068609,355.13446869647044,258.8634540589705,252.77777777777783,126.00000000000045,-63.00000000000023,-119.00000000000023,-63.00000000000023,1.128057647292739e-10,-5.640288236463695e-11,-1.0564349395281207e-10,-5.640288236463695e-11
51.0,-25.5,-48.166666666666615,-25.5,0.0,5.622401698204199,1.0,2.0,0.00793650793650802,0.5105375931433689,351.5103992974326,263.056966493468,251.83333333333337,125.99999999999868,-62.99999999999934,-118.99999999999856,-62.99999999999934,-2.2382096176442923e-10,1.1191048088221462e-10,2.0949642021150574e-10,1.1191048088221462e-10
52.0,-26.0,-49.11111111111106,-26.0,0.0,5.617310816679988,1.0,2.0,0.007936507936507908,0.5184741010798768,347.8308066399234,267.19493741861385,250.88888888888894,126.00000000000045,-63.00000000000023,-119.00000000000023,-63.00000000000023,2.2382096176443236e-10,-1.1191048088221618e-10,-2.094964202115087e-10,-1.1191048088221618e-10
53.0,-26.5,-50.0555555555555,-26.5,0.0,5.612122243170497,1.0,2.0,0.007936507936507908,0.5264106090163847,344.096595030916,271.2765552869108,249.9444444444445,126.00000000000045,-63.00000000000023,-119.00000000000023,-63.00000000000023,0.0,0.0,0.0,0.0
54.0,-27.0,-50.99999999999994,-27.0,0.0,5.606836102148449,1.0,2.0,0.007936507936507908,0.5343471169528926,340.30868150558655,275.30102380987626,249.00000000000006,126.00000000000045,-63.00000000000023,-119.00000000000023,-63.00000000000023,0.0,0.0,0.0,0.0
55.0,-27.5,-51.944444444444386,-27.5,0.0,5.601452520524326,1.0,2.0,0.007936507936507908,0.5422836248894005,336.4679955647646,279.2675621665569,248.0555555555556,126.00000000000045,-63.00000000000023,-119.00000000000023,-63.00000000000023,0.0,0.0,0.0,0.0
56.0,-28.0,-52.88888888888883,-28.0,0.0,5.595971627650726,1.0,2.0,0.007936507936507908,0.5502201328259084,332.5754789088811,283.1754052074811,247.11111111111117,126.00000000000045,-63.00000000000023,-119.00000000000023,-63.00000000000023,0.0,0.0,0.0,0.0
57.0,-28.5,-53.83333333333327,-28.5,0.0,5.590393555324387,1.0,2.0,0.00793650793650802,0.5581566407624164,328.6320851684968,287.02380365398693,246.16666666666674,125.99999999999868,-62.99999999999934,-118.99999999999856,-62.99999999999934,-2.2382096176442923e-10,1.1191048088221462e-10,2.0949642021150574e-10,1.1191048088221462e-10
58.0,-29.0,-54.777777777777715,-29.0,0.0,5.584718437789723,1.0,2.0,0.007936507936507908,0.5660931486989244,324.63877963148985,290.8120242928695,245.22222222222229,126.00000000000045,-63.00000000000023,-119.00000000000023,-63.00000000000023,2.2382096176443236e-10,-1.1191048088221618e-10,-2.094964202115087e-10,-1.1191048088221618e-10
59.0,-29.5,-55.72222222222216,-29.5,0.0,5.5789464117409775,1.0,2.0,0.00793650793650802,0.5740296566354324,320.5965389669857,294.5393501662893,244.27777777777783,125.99999999999868,-62.99999999999934,-118.99999999999856,-62.99999999999934,-2.2382096176442923e-10,1.1191048088221462e-10,2.0949642021150574e-10,1.1191048088221462e-10
60.0,-30.0,-56.6666666666666,-30.0,0.0,5.573077616327367,1.0,2.0,0.007936507936507908,0.5819661645719403,316.50635094610965,298.20508075688775,243.3333333333334,126.00000000000045,-63.00000000000023,-119.00000000000023,-63.00000000000023,2.2382096176443236e-10,-1.1191048088221618e-10,-2.094964202115087e-10,-1.1191048088221618e-10
61.0,-30.5,-57.61111111111104,-30.5,0.0,5.56711219315493,1.0,2.0,0.007936507936507908,0.5899026725084482,312.36921415964883,301.80853216805525,242.38888888888897,126.00000000000045,-63.00000000000023,-119.00000000000023,-63.00000000000023,0.0,0.0,0.0,0.0
62.0,-31.0,-58.555555555555486,-31.0,0.0,5.561050286290206,1.0,2.0,0.007936507936507908,0.5978391804449561,308.1861377327062,305.34903729929897,241.4444444444445,126.00000000000045,-63.00000000000023,-119.00000000000023,-63.00000000000023,0.0,0.0,0.0,0.0
63.0,-31.5,-59.49999999999993,-31.5,0.0,5.554892042264308,1.0,2.0,0.007936507936507908,0.605775688381464,303.9581410364323,308.8259460166608,240.50000000000006,126.00000000000045,-63.00000000000023,-119.00000000000023,-63.00000000000023,0.0,0.0,0.0,0.0
64.0,-32.0,-60.44444444444437,-32.0,0.0,5.54863761007621,1.0,2.0,0.007936507936507908,0.6137121963179719,299.6862533969219,312.2386253181347,239.55555555555563,126.00000000000045,-63.00000000000023,-119.00000000000023,-63.00000000000023,0.0,0.0,0.0,0.0
65.0,-32.5,-61.388888888888815,-32.5,0.0,5.542287141196598,1.0,2.0,0.00793650793650802,0.6216487042544799,295.3715138013613,315.586459494036,238.6111111111112,125.99999999999868,-62.99999999999934,-118.99999999999856,-62.99999999999934,-2.2382096176442923e-10,1.1191048088221462e-10,2.0949642021150574e-10,1.1191048088221462e-10
66.0,-33.0,-62.33333333333326,-33.0,0.0,5.535840789572056,1.0,2.0,0.007936507936507908,0.6295852121909878,291.014970601516,318.868850282277,237.66666666666674,126.00000000000045,-63.00000000000023,-119.00000000000023,-63.00000000000023,2.2382096176443236e-10,-1.1191048088221618e-10,-2.094964202115087e-10,-1.1191048088221618e-10
67.0,-33.5,-63.2777777777777,-33.5,0.0,5.529298711628218,1.0,2.0,0.00793650793650802,0.6375217201274959,286.6176812146468,322.08521701850265,236.72222222222229,125.99999999999868,-62.99999999999934,-118.99999999999856,-62.99999999999934,-2.2382096176442923e-10,1.1191048088221462e-10,2.0949642021150574e-10,1.1191048088221462e-10
68.0,-34.0,-64.22222222222214,-34.0,0.0,5.522661066275066,1.0,2.0,0.007936507936507908,0.6454582280640038,282.1807118219428,325.23499678104423,235.77777777777786,126.00000000000045,-63.00000000000023,-119.00000000000023,-63.00000000000023,2.2382096176443236e-10,-1.1191048088221618e-10,-2.094964202115087e-10,-1.1191048088221618e-10
69.0,-34.5,-65.16666666666659,-34.5,0.0,5.515928014910056,1.0,2.0,0.007936507936507908,0.6533947360005117,277.7051370645639,328.3176445306486,234.83333333333343,126.00000000000045,-63.00000000000023,-119.00000000000023,-63.00000000000023,0.0,0.0,0.0,0.0
70.0,-35.0,-66.11111111111103,-35.0,0.0,5.509099721423255,1.0,2.0,0.007936507936507908,0.6613312439370196,273.19203973738166,331.3326332449432,233.88888888888897,126.00000000000045,-63.00000000000023,-119.00000000000023,-63.00000000000023,0.0,0.0,0.0,0.0
71.0,-35.5,-67.05555555555547,-35.5,0.0,5.502176352201356,1.0,2.0,0.007936507936507908,0.6692677518735275,268.64251048051113,334.27945404759834,232.9444444444445,126.00000000000045,-63.00000000000023,-119.00000000000023,-63.00000000000023,0.0,0.0,0.0,0.0
72.0,-36.0,-67.99999999999991,-36.0,0.0,5.4951580761325545,1.0,2.0,0.007936507936507908,0.6772042598100354,264.0576474687263,337.1576163321491,232.00000000000009,126.00000000000045,-63.00000000000023,-119.00000000000023,-63.00000000000023,0.0,0.0,0.0,0.0
73.0,-36.5,-68.94444444444436,-36.5,0.0,5.488045064610895,1.0,2.0,0.00793650793650802,0.6851407677465434,259.4385560988516,339.9666478804424,231.05555555555566,125.99999999999868,-62.99999999999934,-118.99999999999856,-62.99999999999934,-2.2382096176442923e-10,1.1191048088221462e-10,2.0949642021150574e-10,1.1191048088221462e-10
74.0,-37.0,-69.8888888888888,-37.0,0.0,5.480837491541842,1.0,2.0,0.007936507936507908,0.6930772756830513,254.78634867522302,342.70609497567597,230.1111111111112,126.00000000000045,-63.00000000000023,-119.00000000000023,-63.00000000000023,2.2382096176443236e-10,-1.1191048088221618e-10,-2.094964202115087e-10,-1.1191048088221618e-10
75.0,-37.5,-70.83333333333324,-37.5,0.0,5.47353553334629,1.0,2.0,0.00793650793650802,0.7010137836195593,250.10214409331292,345.3755225099939,229.16666666666674,125.99999999999868,-62.99999999999934,-118.99999999999856,-62.99999999999934,-2.2382096176442923e-10,1.1191048088221462e-10,2.0949642021150574e-10,1.1191048088221462e-10
76.0,-38.0,-71.77777777777769,-38.0,0.0,5.466139368966674,1.0,2.0,0.007936507936507908,0.7089502915560673,245.38706752161406,347.97451408661396,228.2222222222223,126.00000000000045,-63.00000000000023,-119.00000000000023,-63.00000000000023,2.2382096176443236e-10,-1.1191048088221618e-10,-2.094964202115087e-10,-1.1191048088221618e-10
77.0,-38.5,-72.72222222222213,-38.5,0.0,5.458649179871807,1.0,2.0,0.007936507936507908,0.7168867994925752,240.64225008187643,350.50267211645206,227.27777777777789,126.00000000000045,-63.00000000000023,-119.00000000000023,-63.00000000000023,0.0,0.0,0.0,0.0
78.0,-39.0,-73.66666666666657,-39.0,0.0,5.451065150061748,1.0,2.0,0.00793650793650802,0.7248233074290832,235.8688285277946,352.9596179092205,226.33333333333343,125.99999999999868,-62.99999999999934,-118.99999999999856,-62.99999999999934,-2.2382096176442923e-10,1.1191048088221462e-10,2.0949642021150574e-10,1.1191048088221462e-10
79.0,-39.5,-74.61111111111101,-39.5,0.0,5.443387466074972,1.0,2.0,0.007936507936507908,0.7327598153655911,231.06794492223895,355.3449917589739,225.38888888888897,126.00000000000045,-63.00000000000023,-119.00000000000023,-63.00000000000023,2.2382096176443236e-10,-1.1191048088221618e-10,-2.094964202115087e-10,-1.1191048088221618e-10
80.0,-40.0,-75.55555555555546,-40.0,0.0,5.4356163169920135,1.0,2.0,0.007936507936507908,0.740696323302099,226.24074631313056,357.65845302407644,224.44444444444454,126.00000000000045,-63.00000000000023,-119.00000000000023,-63.00000000000023,0.0,0.0,0.0,0.0
81.0,-40.5,-76.4999999999999,-40.5,0.0,5.4277518944432614,1.0,2.0,0.007936507936507908,0.7486328312386069,221.38838440805392,359.8996802015735,223.5000000000001,126.00000000000045,-63.00000000000023,-119.00000000000023,-63.00000000000023,0.0,0.0,0.0,0.0
82.0,-41.0,-77.44444444444434,-41.0,0.0,5.419794392613712,1.0,2.0,0.00793650793650802,0.7565693391751149,216.51201524770613,362.06837099594094,222.55555555555566,125.99999999999868,-62.99999999999934,-118.99999999999856,-62.99999999999934,-2.2382096176442923e-10,1.1191048088221462e-10,2.0949642021150574e-10,1.1191048088221462e-10
83.0,-41.5,-78.38888888888879,-41.5,0.0,5.411744008249968,1.0,2.0,0.007936507936507908,0.7645058471116228,211.61279887828,364.1642423821988,221.6111111111112,126.00000000000045,-63.00000000000023,-119.00000000000023,-63.00000000000023,2.2382096176443236e-10,-1.1191048088221618e-10,-2.094964202115087e-10,-1.1191048088221618e-10
84.0,-42.0,-79.33333333333323,-42.0,0.0,5.403600940665979,1.0,2.0,0.007936507936507908,0.7724423550481307,206.6918990228792,366.1870306633693,220.66666666666674,126.00000000000045,-63.00000000000023,-119.00000000000023,-63.00000000000023,0.0,0.0,0.0,0.0
85.0,-42.5,-80.27777777777767,-42.5,0.0,5.3953653917502775,1.0,2.0,0.007936507936507908,0.7803788629846387,201.7504827520626,368.1364915222643,219.72222222222234,126.00000000000045,-63.00000000000023,-119.00000000000023,-63.00000000000023,0.0,0.0,0.0,0.0
86.0,-43.0,-81.22222222222211,-43.0,0.0,5.38703756597224,1.0,2.0,0.00793650793650802,0.7883153709211467,196.78972015361768,370.0124000675895,218.77777777777789,125.99999999999868,-62.99999999999934,-118.99999999999856,-62.99999999999934,-2.2382096176442923e-10,1.1191048088221462e-10,2.0949642021150574e-10,1.1191048088221462e-10
87.0,-43.5,-82.16666666666656,-43.5,0.0,5.378617670389476,1.0,2.0,0.007936507936507908,0.7962518788576546,191.81078400166066,371.8145508743533,217.83333333333343,126.00000000000045,-63.00000000000023,-119.00000000000023,-63.00000000000023,2.2382096176443236e-10,-1.1191048088221618e-10,-2.094964202115087e-10,-1.1191048088221618e-10
88.0,-44.0,-83.111111111111,-44.0,0.0,5.3701059146541485,1.0,2.0,0.007936507936507908,0.8041883867941625,186.814849425163,373.5427580185686,216.88888888888903,126.00000000000045,-63.00000000000023,-119.00000000000023,-63.00000000000023,0.0,0.0,0.0,0.0
89.0,-44.5,-84.05555555555544,-44.5,0.0,5.361502511021314,1.0,2.0,0.00793650793650802,0.8121248947306705,181.80309357600203,375.19685510624106,215.94444444444457,125.99999999999868,-62.99999999999934,-118.99999999999856,-62.99999999999934,-2.2382096176442923e-10,1.1191048088221462e-10,2.0949642021150574e-10,1.1191048088221462e-10
90.0,-45.0,-84.99999999999989,-45.0,0.0,5.352807674355321,1.0,2.0,0.007936507936507908,0.8200614026671784,176.77669529663686,376.77669529663694,215.0000000000001,126.00000000000045,-63.00000000000023,-119.00000000000023,-63.00000000000023,2.2382096176443236e-10,-1.1191048088221618e-10,-2.094964202115087e-10,-1.1191048088221618e-10
91.0,-45.5,-85.94444444444433,-45.5,0.0,5.344021622138884,1.0,2.0,0.007936507936507908,0.8279979106036863,171.736834787506,378.2821513198237,214.05555555555566,126.00000000000045,-63.00000000000023,-119.00000000000023,-63.00000000000023,0.0,0.0,0.0,0.0
92.0,-46.0,-86.88888888888877,-46.0,0.0,5.335144574479543,1.0,2.0,0.007936507936507908,0.8359344185401942,166.6846932742492,379.71311548848195,213.1111111111112,126.00000000000045,-63.00000000000023,-119.00000000000023,-63.00000000000023,0.0,0.0,0.0,0.0
93.0,-46.5,-87.83333333333321,-46.5,0.0,5.326176754119209,1.0,2.0,0.00793650793650802,0.8438709264767023,161.6214526748497,381.0694997039867,212.1666666666668,125.99999999999868,-62.99999999999934,-118.99999999999856,-62.99999999999934,-2.2382096176442923e-10,1.1191048088221462e-10,2.0949642021150574e-10,1.1191048088221462e-10
94.0,-47.0,-88.77777777777766,-47.0,0.0,5.317118386440868,1.0,2.0,0.007936507936507908,0.8518074344132102,156.5482952667995,382.3512354567575,211.22222222222234,126.00000000000045,-63.00000000000023,-119.00000000000023,-63.00000000000023,2.2382096176443236e-10,-1.1191048088221618e-10,-2.094964202115087e-10,-1.1191048088221618e-10
95.0,-47.5,-89.7222222222221,-47.5,0.0,5.307969699478955,1.0,2.0,0.007936507936507908,0.8597439423497181,151.46640335438335,383.5582738208802,210.27777777777789,126.00000000000045,-63.00000000000023,-119.00000000000023,-63.00000000000023,0.0,0.0,0.0,0.0
96.0,-48.0,-90.66666666666654,-48.0,0.0,5.298730923926896,1.0,2.0,0.007936507936507908,0.867680450286226,146.37695893618383,384.6905854430033,209.33333333333348,126.00000000000045,-63.00000000000023,-119.00000000000023,-63.00000000000023,0.0,0.0,0.0,0.0
97.0,-48.5,-91.61111111111099,-48.5,0.0,5.2894022931469244,1.0,2.0,0.00793650793650802,0.875616958222734,141.28114337290484,385.74816052551495,208.38888888888903,125.99999999999868,-62.99999999999934,-118.99999999999856,-62.99999999999934,-2.2382096176442923e-10,1.1191048088221462e-10,2.0949642021150574e-10,1.1191048088221462e-10
98.0,-49.0,-92.55555555555543,-49.0,0.0,5.279984043178615,1.0,2.0,0.007936507936507908,0.8835534661592419,136.18013705561373,386.7310088040071,207.44444444444457,126.00000000000045,-63.00000000000023,-119.00000000000023,-63.00000000000023,2.2382096176443236e-10,-1.1191048088221618e-10,-2.094964202115087e-10,-1.1191048088221618e-10
99.0,-49.5,-93.49999999999987,-49.5,0.0,5.2704764127492725,1.0,2.0,0.007936507936507908,0.8914899740957498,131.07511907449964,387.63915951903533,206.5000000000001,126.00000000000045,-63.00000000000023,-119.00000000000023,-63.00000000000023,0.0,0.0,0.0,0.0
100.0,-50.0,-94.44444444444431,-50.0,0.0,5.26087964328271,1.0,2.0,0.007936507936507908,0.8994264820322577,125.9672668882487,388.4726613821862,205.55555555555566,126.00000000000045,-63.00000000000023,-119.00000000000023,-63.00000000000023,0.0,0.0,0.0,0.0
101.0,-50.5,-95.38888888888876,-50.5,0.0,5.251193978910695,1.0,2.0,0.00793650793650802,0.9073629899687657,120.85775599413199,389.2315825364629,204.61111111111126,125.99999999999868,-62.99999999999934,-118.99999999999856,-62.99999999999934,-2.2382096176442923e-10,1.1191048088221462e-10,2.0949642021150574e-10,1.1191048088221462e-10
102.0,-51.0,-96.3333333333332,-51.0,0.0,5.241419666481914,1.0,2.0,0.007936507936507908,0.9152994979052737,115.74775959890752,389.9160105110039,203.6666666666668,126.00000000000045,-63.00000000000023,-119.00000000000023,-63.00000000000023,2.2382096176443236e-10,-1.1191048088221618e-10,-2.094964202115087e-10,-1.1191048088221618e-10
103.0,-51.5,-97.27777777777764,-51.5,0.0,5.23155695557352,1.0,2.0,0.007936507936507908,0.9232360058417816,110.63844829063189,390.52605217015054,202.72222222222234,126.00000000000045,-63.00000000000023,-119.00000000000023,-63.00000000000023,0.0,0.0,0.0,0.0
104.0,-52.0,-98.22222222222209,-52.0,0.0,5.221606098501267,1.0,2.0,0.007936507936507908,0.9311725137782895,105.53098971148101,391.06183365687986,201.77777777777794,126.00000000000045,-63.00000000000023,-119.00000000000023,-63.00000000000023,0.0,0.0,0.0,0.0
105.0,-52.5,-99.16666666666653,-52.5,0.0,5.211567350331497,1.0,2.0,0.00793650793650802,0.9391090217147975,100.42654823167594,391.52350033062254,200.83333333333348,125.99999999999868,-62.99999999999934,-118.99999999999856,-62.99999999999934,-2.2382096176442923e-10,1.1191048088221462e-10,2.0949642021150574e-10,1.1191048088221462e-10
106.0,-53.0,-100.11111111111097,-53.0,0.0,5.201440968891766,1.0,2.0,0.007936507936507908,0.9470455296513054,95.32628462461226,391.91121669948706,199.88888888888903,126.00000000000045,-63.00000000000023,-119.00000000000023,-63.00000000000023,2.2382096176443236e-10,-1.1191048088221618e-10,-2.094964202115087e-10,-1.1191048088221618e-10
107.0,-53.5,-101.05555555555542,-53.5,0.0,5.191227214783823,1.0,2.0,0.007936507936507908,0.9549820375878133,90.23135574328798,392.2251663469115,198.94444444444457,126.00000000000045,-63.00000000000023,-119.00000000000023,-63.00000000000023,0.0,0.0,0.0,0.0
108.0,-54.0,-101.99999999999986,-54.0,0.0,5.180926351394078,1.0,2.0,0.007936507936507908,0.9629185455243212,85.1429141981288,392.46555185276765,198.0000000000001,126.00000000000045,-63.00000000000023,-119.00000000000023,-63.00000000000023,0.0,0.0,0.0,0.0
109.0,-54.5,-102.9444444444443,-54.5,0.0,5.170538644907503,1.0,2.0,0.00793650793650802,0.9708550534608292,80.06210803630363,392.63259470894326,197.0555555555557,125.99999999999868,-62.99999999999934,-118.99999999999856,-62.99999999999934,-2.2382096176442923e-10,1.1191048088221462e-10,2.0949642021150574e-10,1.1191048088221462e-10
110.0,-55.0,-103.88888888888874,-55.0,0.0,5.160064364319674,1.0,2.0,0.007936507936507908,0.9787915613973371,74.99008042262776,392.72653522942966,196.11111111111126,126.00000000000045,-63.00000000000023,-119.00000000000023,-63.00000000000023,2.2382096176443236e-10,-1.1191048088221618e-10,-2.094964202115087e-10,-1.1191048088221618e-10
111.0,-55.5,-104.83333333333319,-55.5,0.0,5.149503781449797,1.0,2.0,0.007936507936507908,0.986728069333845,69.9279693221481,392.7476324549443,195.1666666666668,126.00000000000045,-63.00000000000023,-119.00000000000023,-63.00000000000023,0.0,0.0,0.0,0.0
112.0,-56.0,-105.77777777777763,-56.0,0.0,5.138857170954519,1.0,2.0,0.007936507936507908,0.994664577270353,64.87690718450425,392.696164052118,194.2222222222224,126.00000000000045,-63.00000000000023,-119.00000000000023,-63.00000000000023,0.0,0.0,0.0,0.0
113.0,-56.5,-106.72222222222207,-56.5,0.0,5.128124810341562,1.0,2.0,0.00793650793650802,1.002601085206861,59.83802063015977,392.57242620728016,193.27777777777794,125.99999999999868,-62.99999999999934,-118.99999999999856,-62.99999999999934,-2.2382096176442923e-10,1.1191048088221462e-10,2.0949642021150574e-10,1.1191048088221462e-10
114.0,-57.0,-107.66666666666652,-57.0,0.0,5.117306979983859,1.0,2.0,0.007936507936507908,1.0105375931433689,54.81243013859669,392.37673351487626,192.33333333333348,126.00000000000045,-63.00000000000023,-119.00000000000023,-63.00000000000023,2.2382096176443236e-10,-1.1191048088221618e-10,-2.094964202115087e-10,-1.1191048088221618e-10
115.0,-57.5,-108.61111111111096,-57.5,0.0,5.106403963133926,1.0,2.0,0.007936507936507908,1.0184741010798768,49.801249738566064,392.1094188605515,191.38888888888903,126.00000000000045,-63.00000000000023,-119.00000000000023,-63.00000000000023,0.0,0.0,0.0,0.0
116.0,-58.0,-109.5555555555554,-58.0,0.0,5.095416045939344,1.0,2.0,0.007936507936507908,1.0264106090163847,44.8055867004857,391.77083329894,190.44444444444457,126.00000000000045,-63.00000000000023,-119.00000000000023,-63.00000000000023,0.0,0.0,0.0,0.0
117.0,-58.5,-110.49999999999984,-58.5,0.0,5.084343517457221,1.0,2.0,0.007936507936507908,1.0343471169528926,39.82654123107782,391.36134592619663,189.50000000000017,126.00000000000045,-63.00000000000023,-119.00000000000023,-63.00000000000023,0.0,0.0,0.0,0.0
118.0,-59.0,-111.44444444444429,-59.0,0.0,5.0731866696708545,1.0,2.0,0.007936507936507908,1.0422836248894005,34.86520617033545,390.8813437473135,188.5555555555557,126.00000000000045,-63.00000000000023,-119.00000000000023,-63.00000000000023,0.0,0.0,0.0,0.0
119.0,-59.5,-112.38888888888873,-59.5,0.0,5.061945797505533,1.0,2.0,0.007936507936507908,1.0502201328259084,29.922666690908606,390.3312315382607,187.61111111111126,126.00000000000045,-63.00000000000023,-119.00000000000023,-63.00000000000023,0.0,0.0,0.0,0.0
120.0,-60.0,-113.33333333333317,-60.0,0.0,5.0506211988442935,1.0,2.0,0.007936507936507908,1.0581566407624163,24.999999999999993,389.71143170299746,186.66666666666686,126.00000000000045,-63.00000000000023,-119.00000000000023,-63.00000000000023,0.0,0.0,0.0,0.0
121.0,-60.5,-114.27777777777762,-60.5,0.0,5.039213174546627,1.0,2.0,0.00793650793650813,1.0660931486989245,20.0982750438559,389.0223841253974,185.7222222222224,125.99999999999692,-62.99999999999846,-118.99999999999689,-62.99999999999846,-4.4585135583473676e-10,2.2292567791736838e-10,4.2078340811712104e-10,2.2292567791736838e-10
122.0,-61.0,-115.22222222222206,-61.0,0.0,5.027722028464275,1.0,2.0,0.007936507936507908,1.0740296566354324,15.21855221494325,388.2645460161342,184.77777777777794,126.00000000000045,-63.00000000000023,-119.00000000000023,-63.00000000000023,4.4585135583474927e-10,-2.2292567791737463e-10,-4.2078340811713283e-10,-2.2292567791737463e-10
123.0,-61.5,-116.1666666666665,-61.5,0.0,5.016148067460413,1.0,2.0,0.007936507936507908,1.0819661645719403,10.361883061896654,387.4383917545762,183.83333333333348,126.00000000000045,-63.00000000000023,-119.00000000000023,-63.00000000000023,0.0,0.0,0.0,0.0
124.0,-62.0,-117.11111111111094,-62.0,0.0,5.004491601427161,1.0,2.0,0.007936507936507908,1.0899026725084482,5.529310002323291,386.5444127257401,182.88888888888903,126.00000000000045,-63.00000000000023,-119.00000000000023,-63.00000000000023,0.0,0.0,0.0,0.0
125.0,-62.5,-118.05555555555539,-62.5,0.0,4.9927529433049935,1.0,2.0,0.00793650793650813,1.0978391804449563,0.721866038549327,385.5831171523538,181.94444444444463,125.99999999999692,-62.99999999999846,-118.99999999999689,-62.99999999999846,-4.4585135583473676e-10,2.2292567791736838e-10,4.2078340811712104e-10,2.2292567791736838e-10
126.0,-63.0,-118.99999999999983,-63.0,0.0,4.980932409102488,1.0,2.0,0.007936507936507908,1.1057756883814642,-4.059425523607952,384.5550299220814,181.00000000000017,126.00000000000045,-63.00000000000023,-119.00000000000023,-63.00000000000023,4.4585135583474927e-10,-2.2292567791737463e-10,-4.2078340811713283e-10,-2.2292567791737463e-10
127.0,-63.5,-119.94444444444427,-63.5,0.0,4.969030317914796,1.0,2.0,0.007936507936507908,1.1137121963179721,-8.813551352957543,383.46069240996485,180.0555555555557,126.00000000000045,-63.00000000000023,-119.00000000000023,-63.00000000000023,0.0,0.0,0.0,0.0
128.0,-64.0,-120.88888888888872,-64.0,0.0,4.9570469919458295,1.0,2.0,0.007936507936507908,1.12164870425448,-13.539508367862336,382.3006622961361,179.1111111111113,126.00000000000045,-63.00000000000023,-119.00000000000023,-63.00000000000023,0.0,0.0,0.0,0.0
129.0,-64.5,-121.83333333333316,-64.5,0.0,4.944982756528508,1.0,2.0,0.007936507936507908,1.129585212190988,-18.236304007893718,381.07551337885934,178.16666666666686,126.00000000000045,-63.00000000000023,-119.00000000000023,-63.00000000000023,0.0,0.0,0.0,0.0
130.0,-65.0,-122.7777777777776,-65.0,0.0,4.932837940146054,1.0,2.0,0.007936507936507908,1.1375217201274959,-22.90295650213309,379.7858353829581,177.2222222222224,126.00000000000045,-63.00000000000023,-119.00000000000023,-63.00000000000023,0.0,0.0,0.0,0.0
131.0,-65.5,-123.72222222222204,-65.5,0.0,4.920612874454271,1.0,2.0,0.007936507936507908,1.1454582280640038,-27.538495134041835,378.4322337636902,176.27777777777794,126.00000000000045,-63.00000000000023,-119.00000000000023,-63.00000000000023,0.0,0.0,0.0,0.0
132.0,-66.0,-124.66666666666649,-66.0,0.0,4.9083078943045075,1.0,2.0,0.007936507936507908,1.1533947360005117,-32.14196050282166,377.0153295061291,175.33333333333348,126.00000000000045,-63.00000000000023,-119.00000000000023,-63.00000000000023,0.0,0.0,0.0,0.0
133.0,-66.5,-125.61111111111093,-66.5,0.0,4.895923337767121,1.0,2.0,0.007936507936507908,1.1613312439370196,-36.712404781188155,375.5357589201151,174.38888888888908,126.00000000000045,-63.00000000000023,-119.00000000000023,-63.00000000000023,0.0,0.0,0.0,0.0
134.0,-67.0,-126.55555555555537,-67.0,0.0,4.883459546154703,1.0,2.0,0.007936507936507908,1.1692677518735275,-41.24889196948098,373.9941734308403,173.44444444444463,126.00000000000045,-63.00000000000023,-119.00000000000023,-63.00000000000023,0.0,0.0,0.0,0.0
135.0,-67.5,-127.49999999999982,-67.5,0.0,4.870916864047351,1.0,2.0,0.007936507936507908,1.1772042598100354,-45.75049814603709,372.3912393651312,172.50000000000017,126.00000000000045,-63.00000000000023,-119.00000000000023,-63.00000000000023,0.0,0.0,0.0,0.0
136.0,-68.0,-128.44444444444426,-68.0,0.0,4.8582956393173236,1.0,2.0,0.007936507936507908,1.1851407677465433,-50.21631171375233,370.7276377334963,171.55555555555577,126.00000000000045,-63.00000000000023,-119.00000000000023,-63.00000000000023,0.0,0.0,0.0,0.0
137.0,-68.5,-129.38888888888872,-68.5,0.0,4.845596223155464,1.0,2.0,0.00793650793650813,1.1930772756830514,-54.645433642759855,369.0040640080058,170.6111111111113,125.99999999999692,-62.99999999999846,-118.99999999999868,-62.99999999999846,-4.4585135583473676e-10,2.2292567791736838e-10,1.9517187865857956e-10,2.2292567791736838e-10
138.0,-69.0,-130.33333333333317,-69.0,0.0,4.8328189700977395,1.0,2.0,0.007936507936507908,1.2010137836195593,-59.0369777091538,367.22122789607215,169.66666666666686,126.00000000000045,-63.00000000000023,-119.00000000000202,-63.00000000000023,4.4585135583474927e-10,-2.2292567791737463e-10,-4.2078340811713283e-10,-2.2292567791737463e-10
139.0,-69.5,-131.27777777777763,-69.5,0.0,4.819964238052455,1.0,2.0,0.007936507936507908,1.2089502915560673,-63.39007072968761,365.3798531102009,168.7222222222224,126.00000000000045,-63.00000000000023,-119.00000000000202,-63.00000000000023,0.0,0.0,0.0,0.0
140.0,-70.0,-132.2222222222221,-70.0,0.0,4.807032388327606,1.0,2.0,0.00793650793650813,1.2168867994925754,-67.70385279237846,363.480677133785,167.77777777777794,125.99999999999692,-62.99999999999846,-118.99999999999868,-62.99999999999846,-4.4585135583473676e-10,2.2292567791736838e-10,4.2078340811712104e-10,2.2292567791736838e-10
141.0,-70.5,-133.16666666666654,-70.5,0.0,4.79402378566113,1.0,2.0,0.007936507936507908,1.2248233074290833,-71.97747748295144,361.5244509830121,166.83333333333348,126.00000000000045,-63.00000000000023,-119.00000000000202,-63.00000000000023,4.4585135583474927e-10,-2.2292567791737463e-10,-4.2078340811713283e-10,-2.2292567791737463e-10
142.0,-71.0,-134.111111111111,-71.0,0.0,4.7809387982492595,1.0,2.0,0.007936507936507464,1.2327598153655908,-76.21011210705527,359.5119389649609,165.88888888888903,126.0000000000075,-63.00000000000375,-119.00000000000867,-63.00000000000375,8.881215762813173e-10,-4.4406078814065863e-10,-8.379856808460816e-10,-4.4406078814065863e-10
143.0,-71.5,-135.05555555555546,-71.5,0.0,4.767777797777236,1.0,2.0,0.007936507936508352,1.2406963233020991,-80.40093790818563,357.44391843195945,164.94444444444457,125.99999999999339,-62.999999999996696,-118.99999999999535,-62.999999999996696,-1.778033720256551e-09,8.890168601282755e-10,1.677761929386091e-09,8.890168601282755e-10
144.0,-72.0,-135.99999999999991,-72.0,0.0,4.754541159450349,1.0,2.0,0.007936507936507908,1.248632831238607,-84.54915028125262,355.32117953228305,164.0000000000001,126.00000000000045,-63.00000000000023,-119.00000000000202,-63.00000000000023,8.899121439753831e-10,-4.4495607198769154e-10,-8.397762485401502e-10,-4.4495607198769154e-10
145.0,-72.5,-136.94444444444437,-72.5,0.0,4.741229262026907,1.0,2.0,0.007936507936507908,1.256569339175115,-88.65395898173007,353.14452495726596,163.05555555555566,126.00000000000045,-63.00000000000023,-119.00000000000202,-63.00000000000023,0.0,0.0,0.0,0.0
146.0,-73.0,-137.88888888888883,-73.0,0.0,4.7278424878492755,1.0,2.0,0.007936507936507908,1.2645058471116228,-92.71458833032419,350.91476968490826,162.1111111111112,126.00000000000045,-63.00000000000023,-119.00000000000202,-63.00000000000023,0.0,0.0,0.0,0.0
147.0,-73.5,-138.8333333333333,-73.5,0.0,4.71438122287924,1.0,2.0,0.007936507936507908,1.2724423550481307,-96.73027741310426,348.6327407200537,161.16666666666674,126.00000000000045,-63.00000000000023,-119.00000000000202,-63.00000000000023,0.0,0.0,0.0,0.0
148.0,-74.0,-139.77777777777774,-74.0,0.0,4.7008458567316795,1.0,2.0,0.007936507936507908,1.2803788629846387,-100.70028027703546,346.2992768312207,160.22222222222229,126.00000000000045,-63.00000000000023,-119.00000000000202,-63.00000000000023,0.0,0.0,0.0,0.0
149.0,-74.5,-140.7222222222222,-74.5,0.0,4.687236782711045,1.0,2.0,0.007936507936507908,1.2883153709211466,-104.62386612085827,343.91522828416663,159.27777777777783,126.00000000000045,-63.00000000000023,-119.00000000000202,-63.00000000000023,0.0,0.0,0.0,0.0
150.0,-75.0,-141.66666666666666,-75.0,0.0,4.673554397847101,1.0,2.0,0.007936507936507908,1.2962518788576545,-108.50031948125762,341.48145657226706,158.33333333333337,126.00000000000045,-63.00000000000023,-119.00000000000202,-63.00000000000023,0.0,0.0,0.0,0.0
151.0,-75.5,-142.61111111111111,-75.5,0.0,4.659799102932362,1.0,2.0,0.007936507936507908,1.3041883867941624,-112.32894041426884,338.9988341437944,157.3888888888889,126.00000000000045,-63.00000000000023,-119.00000000000202,-63.00000000000023,0.0,0.0,0.0,0.0
152.0,-76.0,-143.55555555555557,-76.0,0.0,4.6459713025618194,1.0,2.0,0.007936507936507908,1.3121248947306703,-116.10904467186845,336.4682441261773,156.44444444444446,126.00000000000045,-63.00000000000023,-119.00000000000202,-63.00000000000023,0.0,0.0,0.0,0.0
153.0,-76.5,-144.50000000000003,-76.5,0.0,4.6320714051711445,1.0,2.0,0.007936507936507908,1.3200614026671782,-119.83996387369724,333.8905800473285,155.5,126.00000000000045,-63.00000000000023,-119.00000000000202,-63.00000000000023,0.0,0.0,0.0,0.0
154.0,-77.0,-145.44444444444449,-77.0,0.0,4.618099823078006,1.0,2.0,0.007936507936507908,1.327997910603686,-123.52104567386723,331.26674555412427,154.55555555555554,126.00000000000045,-63.00000000000023,-119.00000000000202,-63.00000000000023,0.0,0.0,0.0,0.0
155.0,-77.5,-146.38888888888894,-77.5,0.0,4.604056972523685,1.0,2.0,0.007936507936507908,1.335934418540194,-127.15165392280431,328.5976541281233,153.6111111111111,126.00000000000045,-63.00000000000023,-119.00000000000202,-63.00000000000023,0.0,0.0,0.0,0.0
156.0,-78.0,-147.3333333333334,-78.0,0.0,4.589943273716499,1.0,2.0,0.007936507936507908,1.343870926476702,-130.73116882408036,325.8842287986115,152.66666666666663,126.00000000000045,-63.00000000000023,-119.00000000000202,-63.00000000000023,0.0,0.0,0.0,0.0
157.0,-78.5,-148.27777777777786,-78.5,0.0,4.575759150874746,1.0,2.0,0.007936507936507908,1.3518074344132098,-134.25898708618874,323.1274018530622,151.72222222222217,126.00000000000045,-63.00000000000023,-119.00000000000202,-63.00000000000023,0.0,0.0,0.0,0.0
158.0,-79.0,-149.2222222222223,-79.0,0.0,4.561505032273042,1.0,2.0,0.007936507936508352,1.3597439423497182,-137.73452206922127,320.3281145450984,150.77777777777771,125.99999999999339,-62.999999999996696,-118.99999999999535,-62.999999999996696,-8.899121439753332e-10,4.449560719876666e-10,8.397762485401032e-10,4.449560719876666e-10
159.0,-79.5,-150.16666666666677,-79.5,0.0,4.547181350287922,1.0,2.0,0.007936507936507908,1.367680450286226,-141.15720392640355,317.4873168000487,149.83333333333326,126.00000000000045,-63.00000000000023,-119.00000000000202,-63.00000000000023,8.899121439753831e-10,-4.4495607198769154e-10,-8.397762485401502e-10,-4.4495607198769154e-10
160.0,-80.0,-151.11111111111123,-80.0,0.0,4.532788541446158,1.0,2.0,0.007936507936507908,1.375616958222734,-144.5264797404491,314.6059669181858,148.8888888888888,126.00000000000045,-63.00000000000023,-119.00000000000202,-63.00000000000023,0.0,0.0,0.0,0.0
161.0,-80.5,-152.05555555555569,-80.5,0.0,4.518327046474055,1.0,2.0,0.007936507936507908,1.383553466159242,-147.84181365469396,311.6850312757392,147.94444444444434,126.00000000000045,-63.00000000000023,-119.00000000000202,-63.00000000000023,0.0,0.0,0.0,0.0
162.0,-81.0,-153.00000000000014,-81.0,0.0,4.503797310346785,1.0,2.0,0.007936507936507908,1.3914899740957498,-151.10268699897304,308.72548402377396,146.9999999999999,126.00000000000045,-63.00000000000023,-119.00000000000202,-63.00000000000023,0.0,0.0,0.0,0.0
163.0,-81.5,-153.9444444444446,-81.5,0.0,4.489199782341067,1.0,2.0,0.007936507936507908,1.3994264820322577,-154.30859841020444,305.7283067850266,146.05555555555543,126.00000000000045,-63.00000000000023,-119.00000000000202,-63.00000000000023,0.0,0.0,0.0,0.0
164.0,-82.0,-154.88888888888906,-82.0,0.0,4.4745349160881105,1.0,2.0,0.007936507936507908,1.4073629899687656,-157.45906394764737,302.69448834879245,145.11111111111097,126.00000000000045,-63.00000000000023,-119.00000000000202,-63.00000000000023,0.0,0.0,0.0,0.0
165.0,-82.5,-155.8333333333335,-82.5,0.0,4.459803169628191,1.0,2.0,0.007936507936507908,1.4152994979052735,-160.55361720280078,299.6250243639568,144.16666666666652,126.00000000000045,-63.00000000000023,-119.00000000000202,-63.00000000000023,0.0,0.0,0.0,0.0
166.0,-83.0,-156.77777777777797,-83.0,0.0,4.445005005466603,1.0,2.0,0.007936507936507908,1.4232360058417814,-163.5918094039125,296.52091703026406,143.22222222222206,126.00000000000045,-63.00000000000023,-119.00000000000202,-63.00000000000023,0.0,0.0,0.0,0.0
167.0,-83.5,-157.72222222222243,-83.5,0.0,4.430140890631609,1.0,2.0,0.007952698166075356,1.4311887040078568,-166.57320951507046,293.3831747879198,142.2777777777776,125.74348719354181,-62.871743596770905,-118.7577379050133,-62.871743596770905,-32.25481479391205,16.127407396956023,30.462880638694415,16.127407396956023
168.0,-84.0,-158.66666666666688,-84.0,0.0,4.415211296733565,1.0,2.0,0.008196709852475337,1.4393854138603321,-169.49740432984783,290.21281200562015,141.33333333333314,122.00017055599552,-61.00008527799776,-115.2223833028862,-61.00008527799776,-456.68526822574256,228.34263411287128,431.3138644354299,228.34263411287128
169.0,-84.5,-159.61111111111134,-84.5,0.0,4.400216700026019,1.0,2.0,0.008545971336497482,1.4479313851968296,-172.36399855947684,287.0108486671037,140.3888888888887,117.0142000979194,-58.5071000489597,-110.51341120359201,-58.5071000489597,-583.4293448636345,291.71467243181723,551.0166034823295,291.71467243181723
170.0,-85.0,-160.5555555555558,-85.0,0.0,4.385157581468069,1.0,2.0,0.008944091062413007,1.4568754762592426,-175.17261491552713,283.7783100563224,139.44444444444423,111.80565951552512,-55.90282975776256,-105.59423398688625,-55.90282975776256,-582.3443149279695,291.1721574639848,549.991852987533,291.1721574639848
171.0,-85.5,-161.50000000000026,-85.5,0.0,4.3700344267882105,1.0,2.0,0.009403648569187073,1.4662791248284297,-177.92289418706633,280.5162264413282,138.49999999999977,106.34170265323388,-53.17085132661694,-100.43383028361113,-53.17085132661694,-581.0464759598719,290.52323797993597,548.76611618433,290.52323797993597
172.0,-86.0,-162.4444444444447,-86.0,0.0,4.3548477265516174,1.0,2.0,0.00994228670303543,1.4762214115314651,-180.61449531228277,277.22563275696916,137.55555555555532,100.58048312916736,-50.29024156458368,-94.99267851088155,-50.29024156458368,-579.4662431438021,289.73312157190105,547.2736740802669,289.73312157190105
173.0,-86.5,-163.38888888888917,-86.5,0.0,4.339597976226754,1.0,2.0,0.010585678596608084,1.4868070901280732,-183.24709544455024,273.90756828649626,136.61111111111086,94.4672550629324,-47.2336275314662,-89.219074226104,-47.2336275314662,-577.4998749908956,288.7499374954478,545.4165486025199,288.7499374954478
174.0,-87.0,-164.33333333333363,-87.0,0.0,4.32428567625588,1.0,2.0,0.011372944457302081,1.4981800345853753,-185.82039001291872,270.5630763421742,135.6666666666664,87.92797711747751,-43.963988558738755,-83.04308949984097,-43.963988558738755,-574.9854815527824,287.4927407763912,543.0418436887458,287.4927407763912
175.0,-87.5,-165.27777777777808,-87.5,0.0,4.3089113321267405,1.0,2.0,0.012367341725645353,1.5105473763110207,-188.33409277701512,267.1932039449962,134.72222222222194,80.8581198921968,-40.4290599460984,-76.3660021204091,-40.4290599460984,-571.6553631424617,285.82768157123087,539.8967318567761,285.82768157123087
176.0,-88.0,-166.22222222222254,-88.0,0.0,4.293475454446081,1.0,2.0,0.013679642019384541,1.5242270183304052,-190.78793587633962,263.799001503599,133.7777777777775,73.1013281329266,-36.5506640664633,-69.04014323665382,-36.5506640664633,-567.0317796531918,283.5158898265959,535.5300141169107,283.5158898265959
177.0,-88.5,-167.166666666667,-88.5,0.0,4.277978559015148,1.0,2.0,0.015527091266939186,1.5397541095973444,-193.18166987394656,260.3815224924781,132.83333333333303,64.40356296025864,-32.20178148012932,-60.825587240245085,-32.20178148012932,-560.1670669114657,280.08353345573283,529.04667430528,280.08353345573283
178.0,-89.0,-168.11111111111146,-89.0,0.0,4.2624211669082985,1.0,2.0,0.018417998835566385,1.5581721084329108,-195.51506379449836,256.941823129598,131.88888888888857,54.29471512773327,-27.147357563866635,-51.27834206508211,-27.147357563866635,-548.8570133365689,274.42850666828446,518.3649570400999,274.42850666828446
179.0,-89.5,-169.0555555555559,-89.5,0.0,4.246803804552472,1.0,2.0,0.02400280339946992,1.5821749118323807,-197.78790515668484,253.4809620534995,130.94444444444412,41.66180022213923,-20.830900111069614,-39.34725576535424,-20.830900111069614,-526.3099770201438,263.1549885100719,497.0705338523647,263.1549885100719
180.0,-90.0,-170.00000000000037,-90.0,0.0,4.231127003809608,1.0,2.0,0.05794788533742978,1.6401227971698105,-200.00000000000003,250.00000000000003,129.99999999999966,17.25688511629049,-8.628442558145245,-16.298169276496793,-8.628442558145245,-421.152816254454,210.576408127227,397.75543757365637,210.576408127227
179.0,-89.5,-169.0555555555559,-89.5,0.0,4.231127003809608,1.0,3.0,0.0,1.6401227971698105,-197.78790515668484,253.4809620534995,130.94444444444412,0.0,0.0,0.0,0.0,0.0,0.0,0.0,0.0
178.0,-89.0,-168.11111111111146,-89.0,0.0,4.246803804552472,1.0,3.0,0.08195069690144581,1.7220734940712563,-195.51506379449836,256.941823129598,131.88888888888857,-12.202458768625274,6.101229384312637,11.524544392590691,6.101229384312637,-148.89999999999984,74.44999999999992,140.6277777777795,74.44999999999992
177.0,-88.5,-167.166666666667,-88.5,0.0,4.2624211669082985,1.0,3.0,0.018417998835566524,1.740491492906823,-193.18166987394656,260.3815224924781,132.83333333333303,-54.294715127732616,27.147357563866308,51.27834206508149,27.147357563866308,-2285.3870681012245,1142.6935340506122,2158.421119873408,1142.6935340506122
176.0,-88.0,-166.22222222222254,-88.0,0.0,4.277978559015148,1.0,3.0,0.015527091266939103,1.756018584173762,-190.78793587633962,263.799001503599,133.7777777777775,-64.40356296025864,32.20178148012932,60.825587240245085,32.20178148012932,-651.0458178377639,325.52290891888197,614.8766057356742,325.52290891888197
175.0,-87.5,-165.27777777777808,-87.5,0.0,4.293475454446081,1.0,3.0,0.01367964201938461,1.7696982261931467,-188.33409277701512,267.1932039449962,134.72222222222194,-73.1013281329266,36.5506640664633,69.04014323665382,36.5506640664633,-635.8181859103413,317.90909295517065,600.4949533597746,317.90909295517065
174.0,-87.0,-164.33333333333363,-87.0,0.0,4.3089113321267405,1.0,3.0,0.012367341725645437,1.782065567918792,-185.82039001291872,270.5630763421742,135.6666666666664,-80.8581198921968,40.4290599460984,76.3660021204091,40.4290599460984,-627.199598049874,313.599799024937,592.355175936,313.599799024937
173.0,-86.5,-163.38888888888917,-86.5,0.0,4.32428567625588,1.0,3.0,0.011372944457302053,1.793438512376094,-183.24709544455024,273.90756828649626,136.61111111111086,-87.92797711747751,43.963988558738755,83.04308949984097,43.963988558738755,-621.6382443283156,310.8191221641578,587.102786310083,310.8191221641578
172.0,-86.0,-162.4444444444447,-86.0,0.0,4.339597976226754,1.0,3.0,0.010585678596608084,1.8040241909727022,-180.61449531228277,277.22563275696916,137.55555555555532,-94.4672550629324,47.2336275314662,89.219074226104,47.2336275314662,-617.747637600695,308.8738188003475,583.4283244006638,308.8738188003475
171.0,-85.5,-161.50000000000026,-85.5,0.0,4.3548477265516174,1.0,3.0,0.009942286703035541,1.8139664776757378,-177.92289418706633,280.5162264413282,138.49999999999977,-100.5804831291651,50.29024156458255,94.99267851087943,50.29024156458255,-614.8714323804575,307.43571619022873,580.7119083593306,307.43571619022873
170.0,-85.0,-160.5555555555558,-85.0,0.0,4.3700344267882105,1.0,3.0,0.009403648569187045,1.823370126244925,-175.17261491552713,283.7783100563224,139.44444444444423,-106.34170265323388,53.17085132661694,100.43383028361113,53.17085132661694,-612.6578935485277,306.32894677426384,578.621343906951,306.32894677426384
169.0,-84.5,-159.61111111111134,-84.5,0.0,4.385157581468069,1.0,3.0,0.008944091062413034,1.832314217307338,-172.36399855947684,287.0108486671037,140.3888888888887,-111.80565951552512,55.90282975776256,105.59423398688625,55.90282975776256,-610.9013005528515,305.45065027642573,576.9623394110332,305.45065027642573
168.0,-84.0,-158.66666666666688,-84.0,0.0,4.400216700026019,1.0,3.0,0.008545971336497427,1.8408601886438354,-169.49740432984783,290.21281200562015,141.33333333333314,-117.0142000979194,58.5071000489597,110.51341120359201,58.5071000489597,-609.4732099264177,304.73660496320883,575.6135871527342,304.73660496320883
167.0,-83.5,-157.72222222222243,-83.5,0.0,4.415211296733565,1.0,3.0,0.008196709852475281,1.8490568984963107,-166.57320951507046,293.3831747879198,142.2777777777776,-122.00017055599552,61.00008527799776,115.2223833028862,61.00008527799776,-608.2892462724424,304.1446231362212,574.4953992573151,304.1446231362212
166.0,-83.0,-156.77777777777797,-83.0,0.0,4.430140890631609,1.0,3.0,0.007952698166075217,1.8570095966623859,-163.5918094039125,296.52091703026406,143.22222222222206,-125.74348719354532,62.87174359677266,118.75773790501661,62.87174359677266,-470.69768767512795,235.34884383756398,444.5478161376269,235.34884383756398
165.0,-82.5,-155.8333333333335,-82.5,0.0,4.445005005466603,1.0,3.0,0.007936507936507936,1.8649461045988938,-160.55361720280078,299.6250243639568,144.16666666666652,-126.00000000000045,63.00000000000023,119.00000000000202,63.00000000000023,-32.320613613347064,16.160306806673532,30.525023968161317,16.160306806673532
164.0,-82.0,-154.88888888888906,-82.0,0.0,4.459803169628191,1.0,3.0,0.007936507936507936,1.8728826125354017,-157.45906394764737,302.69448834879245,145.11111111111097,-126.00000000000045,63.00000000000023,119.00000000000202,63.00000000000023,0.0,0.0,0.0,0.0
163.0,-81.5,-153.9444444444446,-81.5,0.0,4.4745349160881105,1.0,3.0,0.007936507936507936,1.8808191204719096,-154.30859841020444,305.7283067850266,146.05555555555543,-126.00000000000045,63.00000000000023,119.00000000000202,63.00000000000023,0.0,0.0,0.0,0.0
162.0,-81.0,-153.00000000000014,-81.0,0.0,4.489199782341067,1.0,3.0,0.007936507936507936,1.8887556284084175,-151.10268699897304,308.72548402377396,146.9999999999999,-126.00000000000045,63.00000000000023,119.00000000000202,63.00000000000023,0.0,0.0,0.0,0.0
161.0,-80.5,-152.05555555555569,-80.5,0.0,4.503797310346785,1.0,3.0,0.007936507936507964,1.8966921363449254,-147.84181365469396,311.6850312757392,147.94444444444434,-126.00000000000045,63.00000000000023,119.00000000000202,63.00000000000023,0.0,0.0,0.0,0.0
160.0,-80.0,-151.11111111111123,-80.0,0.0,4.518327046474055,1.0,3.0,0.007936507936507908,1.9046286442814333,-144.5264797404491,314.6059669181858,148.8888888888888,-126.00000000000045,63.00000000000023,119.00000000000202,63.00000000000023,0.0,0.0,0.0,0.0
159.0,-79.5,-150.16666666666677,-79.5,0.0,4.532788541446158,1.0,3.0,0.007936507936507964,1.9125651522179412,-141.15720392640355,317.4873168000487,149.83333333333326,-126.00000000000045,63.00000000000023,119.00000000000202,63.00000000000023,0.0,0.0,0.0,0.0
158.0,-79.0,-149.2222222222223,-79.0,0.0,4.547181350287922,1.0,3.0,0.007936507936507908,1.9205016601544491,-137.73452206922127,320.3281145450984,150.77777777777771,-126.00000000000045,63.00000000000023,119.00000000000202,63.00000000000023,0.0,0.0,0.0,0.0
157.0,-78.5,-148.27777777777786,-78.5,0.0,4.561505032273042,1.0,3.0,0.007936507936507964,1.928438168090957,-134.25898708618874,323.1274018530622,151.72222222222217,-126.00000000000045,63.00000000000023,119.00000000000202,63.00000000000023,0.0,0.0,0.0,0.0
156.0,-78.0,-147.3333333333334,-78.0,0.0,4.575759150874746,1.0,3.0,0.007936507936507908,1.936374676027465,-130.73116882408036,325.8842287986115,152.66666666666663,-126.00000000000045,63.00000000000023,119.00000000000202,63.00000000000023,0.0,0.0,0.0,0.0
155.0,-77.5,-146.38888888888894,-77.5,0.0,4.589943273716499,1.0,3.0,0.007936507936507964,1.9443111839639728,-127.15165392280431,328.5976541281233,153.6111111111111,-126.00000000000045,63.00000000000023,119.00000000000202,63.00000000000023,0.0,0.0,0.0,0.0
154.0,-77.0,-145.44444444444449,-77.0,0.0,4.604056972523685,1.0,3.0,0.007936507936507908,1.9522476919004808,-123.52104567386723,331.26674555412427,154.55555555555554,-126.00000000000045,63.00000000000023,119.00000000000202,63.00000000000023,0.0,0.0,0.0,0.0
153.0,-76.5,-144.50000000000003,-76.5,0.0,4.618099823078006,1.0,3.0,0.007936507936507964,1.9601841998369887,-119.83996387369724,333.8905800473285,155.5,-126.00000000000045,63.00000000000023,119.00000000000202,63.00000000000023,0.0,0.0,0.0,0.0
152.0,-76.0,-143.55555555555557,-76.0,0.0,4.6320714051711445,1.0,3.0,0.007936507936507908,1.9681207077734966,-116.10904467186845,336.4682441261773,156.44444444444446,-126.00000000000045,63.00000000000023,119.00000000000202,63.00000000000023,0.0,0.0,0.0,0.0
151.0,-75.5,-142.61111111111111,-75.5,0.0,4.6459713025618194,1.0,3.0,0.007936507936507964,1.9760572157100045,-112.32894041426884,338.9988341437944,157.3888888888889,-126.00000000000045,63.00000000000023,119.00000000000202,63.00000000000023,0.0,0.0,0.0,0.0
150.0,-75.0,-141.66666666666666,-75.0,0.0,4.659799102932362,1.0,3.0,0.007936507936507908,1.9839937236465124,-108.50031948125762,341.48145657226706,158.33333333333337,-126.00000000000045,63.00000000000023,119.00000000000202,63.00000000000023,0.0,0.0,0.0,0.0
149.0,-74.5,-140.7222222222222,-74.5,0.0,4.673554397847101,1.0,3.0,0.007936507936507908,1.9919302315830203,-104.62386612085827,343.91522828416663,159.27777777777783,-126.00000000000045,63.00000000000023,119.00000000000202,63.00000000000023,0.0,0.0,0.0,0.0
148.0,-74.0,-139.77777777777774,-74.0,0.0,4.687236782711045,1.0,3.0,0.007936507936507964,1.9998667395195282,-100.70028027703546,346.2992768312207,160.22222222222229,-126.00000000000045,63.00000000000023,119.00000000000202,63.00000000000023,0.0,0.0,0.0,0.0
147.0,-73.5,-138.8333333333333,-73.5,0.0,4.7008458567316795,1.0,3.0,0.007936507936507964,2.007803247456036,-96.73027741310426,348.6327407200537,161.16666666666674,-126.00000000000045,63.00000000000023,119.00000000000202,63.00000000000023,0.0,0.0,0.0,0.0
146.0,-73.0,-137.88888888888883,-73.0,0.0,4.71438122287924,1.0,3.0,0.007936507936507908,2.015739755392544,-92.71458833032419,350.91476968490826,162.1111111111112,-126.00000000000045,63.00000000000023,119.00000000000202,63.00000000000023,0.0,0.0,0.0,0.0
145.0,-72.5,-136.94444444444437,-72.5,0.0,4.7278424878492755,1.0,3.0,0.007936507936507908,2.023676263329052,-88.65395898173007,353.14452495726596,163.05555555555566,-126.00000000000045,63.00000000000023,119.00000000000202,63.00000000000023,0.0,0.0,0.0,0.0
144.0,-72.0,-135.99999999999991,-72.0,0.0,4.741229262026907,1.0,3.0,0.007936507936507964,2.03161277126556,-84.54915028125262,355.32117953228305,164.0000000000001,-126.00000000000045,63.00000000000023,119.00000000000202,63.00000000000023,0.0,0.0,0.0,0.0
143.0,-71.5,-135.05555555555546,-71.5,0.0,4.754541159450349,1.0,3.0,0.007936507936507964,2.0395492792020677,-80.40093790818563,357.44391843195945,164.94444444444457,-126.00000000000045,63.00000000000023,119.00000000000202,63.00000000000023,0.0,0.0,0.0,0.0
142.0,-71.0,-134.111111111111,-71.0,0.0,4.767777797777236,1.0,3.0,0.007936507936507908,2.0474857871385757,-76.21011210705527,359.5119389649609,165.88888888888903,-126.00000000000045,63.00000000000023,119.00000000000202,63.00000000000023,0.0,0.0,0.0,0.0
141.0,-70.5,-133.16666666666654,-70.5,0.0,4.7809387982492595,1.0,3.0,0.007936507936507908,2.0554222950750836,-71.97747748295144,361.5244509830121,166.83333333333348,-126.00000000000045,63.00000000000023,119.00000000000202,63.00000000000023,0.0,0.0,0.0,0.0
140.0,-70.0,-132.2222222222221,-70.0,0.0,4.79402378566113,1.0,3.0,0.007936507936507964,2.0633588030115915,-67.70385279237846,363.480677133785,167.77777777777794,-126.00000000000045,63.00000000000023,119.00000000000202,63.00000000000023,0.0,0.0,0.0,0.0
139.0,-69.5,-131.27777777777763,-69.5,0.0,4.807032388327606,1.0,3.0,0.007936507936507964,2.0712953109480994,-63.39007072968761,365.3798531102009,168.7222222222224,-126.00000000000045,63.00000000000023,119.00000000000202,63.00000000000023,0.0,0.0,0.0,0.0
138.0,-69.0,-130.33333333333317,-69.0,0.0,4.819964238052455,1.0,3.0,0.007936507936507908,2.0792318188846073,-59.0369777091538,367.22122789607215,169.66666666666686,-126.00000000000045,63.00000000000023,119.00000000000202,63.00000000000023,0.0,0.0,0.0,0.0
137.0,-68.5,-129.38888888888872,-68.5,0.0,4.8328189700977395,1.0,3.0,0.007936507936507908,2.087168326821115,-54.645433642759855,369.0040640080058,170.6111111111113,-126.00000000000045,63.00000000000023,119.00000000000202,63.00000000000023,0.0,0.0,0.0,0.0
136.0,-68.0,-128.44444444444426,-68.0,0.0,4.845596223155464,1.0,3.0,0.007936507936507964,2.095104834757623,-50.21631171375233,370.7276377334963,171.55555555555577,-126.00000000000045,63.00000000000023,119.00000000000202,63.00000000000023,0.0,0.0,0.0,0.0
135.0,-67.5,-127.49999999999982,-67.5,0.0,4.8582956393173236,1.0,3.0,0.007936507936507964,2.103041342694131,-45.75049814603709,372.3912393651312,172.50000000000017,-126.00000000000045,63.00000000000023,119.00000000000023,63.00000000000023,0.0,0.0,-2.256115294585478e-10,0.0
134.0,-67.0,-126.55555555555537,-67.0,0.0,4.870916864047351,1.0,3.0,0.007936507936507908,2.110977850630639,-41.24889196948098,373.9941734308403,173.44444444444463,-126.00000000000045,63.00000000000023,119.00000000000023,63.00000000000023,0.0,0.0,0.0,0.0
133.0,-66.5,-125.61111111111093,-66.5,0.0,4.883459546154703,1.0,3.0,0.007936507936507964,2.118914358567147,-36.712404781188155,375.5357589201151,174.38888888888908,-126.00000000000045,63.00000000000023,119.00000000000023,63.00000000000023,0.0,0.0,0.0,0.0
132.0,-66.0,-124.66666666666649,-66.0,0.0,4.895923337767121,1.0,3.0,0.007936507936507908,2.1268508665036547,-32.14196050282166,377.0153295061291,175.33333333333348,-126.00000000000045,63.00000000000023,119.00000000000023,63.00000000000023,0.0,0.0,0.0,0.0
131.0,-65.5,-123.72222222222204,-65.5,0.0,4.9083078943045075,1.0,3.0,0.007936507936507964,2.1347873744401626,-27.538495134041835,378.4322337636902,176.27777777777794,-126.00000000000045,63.00000000000023,119.00000000000023,63.00000000000023,0.0,0.0,0.0,0.0
130.0,-65.0,-122.7777777777776,-65.0,0.0,4.920612874454271,1.0,3.0,0.007936507936507908,2.1427238823766706,-22.90295650213309,379.7858353829581,177.2222222222224,-126.00000000000045,63.00000000000023,119.00000000000023,63.00000000000023,0.0,0.0,0.0,0.0
129.0,-64.5,-121.83333333333316,-64.5,0.0,4.932837940146054,1.0,3.0,0.00793650793650802,2.1506603903131785,-18.236304007893718,381.07551337885934,178.16666666666686,-126.00000000000045,63.00000000000023,119.00000000000023,63.00000000000023,0.0,0.0,0.0,0.0
128.0,-64.0,-120.88888888888872,-64.0,0.0,4.944982756528508,1.0,3.0,0.007936507936507908,2.1585968982496864,-13.539508367862336,382.3006622961361,179.1111111111113,-126.00000000000045,63.00000000000023,119.00000000000023,63.00000000000023,0.0,0.0,0.0,0.0
127.0,-63.5,-119.94444444444427,-63.5,0.0,4.9570469919458295,1.0,3.0,0.007936507936507908,2.1665334061861943,-8.813551352957543,383.46069240996485,180.0555555555557,-126.00000000000045,63.00000000000023,119.00000000000023,63.00000000000023,0.0,0.0,0.0,0.0
126.0,-63.0,-118.99999999999983,-63.0,0.0,4.969030317914796,1.0,3.0,0.007936507936507908,2.174469914122702,-4.059425523607952,384.5550299220814,181.00000000000017,-126.00000000000045,63.00000000000023,119.00000000000023,63.00000000000023,0.0,0.0,0.0,0.0
125.0,-62.5,-118.05555555555539,-62.5,0.0,4.980932409102488,1.0,3.0,0.007936507936507908,2.18240642205921,0.721866038549327,385.5831171523538,181.94444444444463,-126.00000000000045,63.00000000000023,119.00000000000023,63.00000000000023,0.0,0.0,0.0,0.0
124.0,-62.0,-117.11111111111094,-62.0,0.0,4.9927529433049935,1.0,3.0,0.007936507936507908,2.190342929995718,5.529310002323291,386.5444127257401,182.88888888888903,-126.00000000000045,63.00000000000023,119.00000000000023,63.00000000000023,0.0,0.0,0.0,0.0
123.0,-61.5,-116.1666666666665,-61.5,0.0,5.004491601427161,1.0,3.0,0.00793650793650802,2.198279437932226,10.361883061896654,387.4383917545762,183.83333333333348,-126.00000000000045,63.00000000000023,119.00000000000023,63.00000000000023,0.0,0.0,0.0,0.0
122.0,-61.0,-115.22222222222206,-61.0,0.0,5.016148067460413,1.0,3.0,0.007936507936507908,2.206215945868734,15.21855221494325,388.2645460161342,184.77777777777794,-126.00000000000045,63.00000000000023,119.00000000000023,63.00000000000023,0.0,0.0,0.0,0.0
121.0,-60.5,-114.27777777777762,-60.5,0.0,5.027722028464275,1.0,3.0,0.00793650793650802,2.2141524538052417,20.0982750438559,389.0223841253974,185.7222222222224,-126.00000000000045,63.00000000000023,119.00000000000023,63.00000000000023,0.0,0.0,0.0,0.0
120.0,-60.0,-113.33333333333317,-60.0,0.0,5.039213174546627,1.0,3.0,0.007936507936507908,2.2220889617417496,24.999999999999993,389.71143170299746,186.66666666666686,-126.00000000000045,63.00000000000023,119.00000000000023,63.00000000000023,0.0,0.0,0.0,0.0
119.0,-59.5,-112.38888888888873,-59.5,0.0,5.0506211988442935,1.0,3.0,0.007936507936507908,2.2300254696782575,29.922666690908606,390.3312315382607,187.61111111111126,-126.00000000000045,63.00000000000023,119.00000000000023,63.00000000000023,0.0,0.0,0.0,0.0
118.0,-59.0,-111.44444444444429,-59.0,0.0,5.061945797505533,1.0,3.0,0.007936507936507908,2.2379619776147655,34.86520617033545,390.8813437473135,188.5555555555557,-126.00000000000045,63.00000000000023,119.00000000000023,63.00000000000023,0.0,0.0,0.0,0.0
117.0,-58.5,-110.49999999999984,-58.5,0.0,5.0731866696708545,1.0,3.0,0.007936507936507908,2.2458984855512734,39.82654123107782,391.36134592619663,189.50000000000017,-126.00000000000045,63.00000000000023,119.00000000000023,63.00000000000023,0.0,0.0,0.0,0.0
116.0,-58.0,-109.5555555555554,-58.0,0.0,5.084343517457221,1.0,3.0,0.007936507936507908,2.2538349934877813,44.8055867004857,391.77083329894,190.44444444444457,-126.00000000000045,63.00000000000023,119.00000000000023,63.00000000000023,0.0,0.0,0.0,0.0
115.0,-57.5,-108.61111111111096,-57.5,0.0,5.095416045939344,1.0,3.0,0.00793650793650802,2.261771501424289,49.801249738566064,392.1094188605515,191.38888888888903,-126.00000000000045,63.00000000000023,119.00000000000023,63.00000000000023,0.0,0.0,0.0,0.0
114.0,-57.0,-107.66666666666652,-57.0,0.0,5.106403963133926,1.0,3.0,0.007936507936507908,2.269708009360797,54.81243013859669,392.37673351487626,192.33333333333348,-126.00000000000045,63.00000000000023,119.00000000000023,63.00000000000023,0.0,0.0,0.0,0.0
113.0,-56.5,-106.72222222222207,-56.5,0.0,5.117306979983859,1.0,3.0,0.00793650793650802,2.277644517297305,59.83802063015977,392.57242620728016,193.27777777777794,-126.00000000000045,63.00000000000023,119.00000000000023,63.00000000000023,0.0,0.0,0.0,0.0
112.0,-56.0,-105.77777777777763,-56.0,0.0,5.128124810341562,1.0,3.0,0.007936507936507908,2.285581025233813,64.87690718450425,392.696164052118,194.2222222222224,-126.00000000000045,63.00000000000023,119.00000000000023,63.00000000000023,0.0,0.0,0.0,0.0
111.0,-55.5,-104.83333333333319,-55.5,0.0,5.138857170954519,1.0,3.0,0.007936507936507908,2.293517533170321,69.9279693221481,392.7476324549443,195.1666666666668,-126.00000000000045,63.00000000000023,119.00000000000023,63.00000000000023,0.0,0.0,0.0,0.0
110.0,-55.0,-103.88888888888874,-55.0,0.0,5.149503781449797,1.0,3.0,0.007936507936507908,2.3014540411068287,74.99008042262776,392.72653522942966,196.11111111111126,-126.00000000000045,63.00000000000023,119.00000000000023,63.00000000000023,0.0,0.0,0.0,0.0
109.0,-54.5,-102.9444444444443,-54.5,0.0,5.160064364319674,1.0,3.0,0.007936507936507908,2.3093905490433366,80.06210803630363,392.63259470894326,197.0555555555557,-126.00000000000045,63.00000000000023,119.00000000000023,63.00000000000023,0.0,0.0,0.0,0.0
108.0,-54.0,-101.99999999999986,-54.0,0.0,5.170538644907503,1.0,3.0,0.007936507936507908,2.3173270569798445,85.1429141981288,392.46555185276765,198.0000000000001,-126.00000000000045,63.00000000000023,119.00000000000023,63.00000000000023,0.0,0.0,0.0,0.0
107.0,-53.5,-101.05555555555542,-53.5,0.0,5.180926351394078,1.0,3.0,0.00793650793650802,2.3252635649163524,90.23135574328798,392.2251663469115,198.94444444444457,-126.00000000000045,63.00000000000023,119.00000000000023,63.00000000000023,0.0,0.0,0.0,0.0
106.0,-53.0,-100.11111111111097,-53.0,0.0,5.191227214783823,1.0,3.0,0.007936507936507908,2.3332000728528604,95.32628462461226,391.91121669948706,199.88888888888903,-126.00000000000045,63.00000000000023,119.00000000000023,63.00000000000023,0.0,0.0,0.0,0.0
105.0,-52.5,-99.16666666666653,-52.5,0.0,5.201440968891766,1.0,3.0,0.00793650793650802,2.3411365807893683,100.42654823167594,391.52350033062254,200.83333333333348,-126.00000000000045,63.00000000000023,119.00000000000023,63.00000000000023,0.0,0.0,0.0,0.0
104.0,-52.0,-98.22222222222209,-52.0,0.0,5.211567350331497,1.0,3.0,0.007936507936507908,2.349073088725876,105.53098971148101,391.06183365687986,201.77777777777794,-126.00000000000045,63.00000000000023,119.00000000000023,63.00000000000023,0.0,0.0,0.0,0.0
103.0,-51.5,-97.27777777777764,-51.5,0.0,5.221606098501267,1.0,3.0,0.007936507936507908,2.357009596662384,110.63844829063189,390.52605217015054,202.72222222222234,-126.00000000000045,63.00000000000023,119.00000000000023,63.00000000000023,0.0,0.0,0.0,0.0
102.0,-51.0,-96.3333333333332,-51.0,0.0,5.23155695557352,1.0,3.0,0.00793650793650802,2.364946104598892,115.74775959890752,389.9160105110039,203.6666666666668,-126.00000000000045,63.00000000000023,119.00000000000023,63.00000000000023,0.0,0.0,0.0,0.0
101.0,-50.5,-95.38888888888876,-50.5,0.0,5.241419666481914,1.0,3.0,0.007936507936507908,2.3728826125354,120.85775599413199,389.2315825364629,204.61111111111126,-126.00000000000045,63.00000000000023,119.00000000000023,63.00000000000023,0.0,0.0,0.0,0.0
100.0,-50.0,-94.44444444444431,-50.0,0.0,5.251193978910695,1.0,3.0,0.007936507936507908,2.380819120471908,125.9672668882487,388.4726613821862,205.55555555555566,-126.00000000000045,63.00000000000023,119.00000000000023,63.00000000000023,0.0,0.0,0.0,0.0
99.0,-49.5,-93.49999999999987,-49.5,0.0,5.26087964328271,1.0,3.0,0.007936507936507908,2.3887556284084157,131.07511907449964,387.63915951903533,206.5000000000001,-126.00000000000045,63.00000000000023,119.00000000000023,63.00000000000023,0.0,0.0,0.0,0.0
98.0,-49.0,-92.55555555555543,-49.0,0.0,5.2704764127492725,1.0,3.0,0.00793650793650802,2.3966921363449236,136.18013705561373,386.7310088040071,207.44444444444457,-126.00000000000045,63.00000000000023,119.00000000000023,63.00000000000023,0.0,0.0,0.0,0.0
97.0,-48.5,-91.61111111111099,-48.5,0.0,5.279984043178615,1.0,3.0,0.007936507936507908,2.4046286442814315,141.28114337290484,385.74816052551495,208.38888888888903,-126.00000000000045,63.00000000000023,119.00000000000023,63.00000000000023,0.0,0.0,0.0,0.0
96.0,-48.0,-90.66666666666654,-48.0,0.0,5.2894022931469244,1.0,3.0,0.007936507936507908,2.4125651522179394,146.37695893618383,384.6905854430033,209.33333333333348,-126.00000000000045,63.00000000000023,119.00000000000023,63.00000000000023,0.0,0.0,0.0,0.0
95.0,-47.5,-89.7222222222221,-47.5,0.0,5.298730923926896,1.0,3.0,0.007936507936507908,2.4205016601544473,151.46640335438335,383.5582738208802,210.27777777777789,-126.00000000000045,63.00000000000023,119.00000000000023,63.00000000000023,0.0,0.0,0.0,0.0
94.0,-47.0,-88.77777777777766,-47.0,0.0,5.307969699478955,1.0,3.0,0.00793650793650802,2.4284381680909553,156.5482952667995,382.3512354567575,211.22222222222234,-126.00000000000045,63.00000000000023,119.00000000000023,63.00000000000023,0.0,0.0,0.0,0.0
93.0,-46.5,-87.83333333333321,-46.5,0.0,5.317118386440868,1.0,3.0,0.007936507936507908,2.436374676027463,161.6214526748497,381.0694997039867,212.1666666666668,-126.00000000000045,63.00000000000023,119.00000000000023,63.00000000000023,0.0,0.0,0.0,0.0
92.0,-46.0,-86.88888888888877,-46.0,0.0,5.326176754119209,1.0,3.0,0.007936507936507908,2.444311183963971,166.6846932742492,379.71311548848195,213.1111111111112,-126.00000000000045,63.00000000000023,119.00000000000023,63.00000000000023,0.0,0.0,0.0,0.0
91.0,-45.5,-85.94444444444433,-45.5,0.0,5.335144574479543,1.0,3.0,0.00793650793650802,2.452247691900479,171.736834787506,378.2821513198237,214.05555555555566,-126.00000000000045,63.00000000000023,119.00000000000023,63.00000000000023,0.0,0.0,0.0,0.0
90.0,-45.0,-84.99999999999989,-45.0,0.0,5.344021622138884,1.0,3.0,0.007936507936507908,2.460184199836987,176.77669529663686,376.77669529663694,215.0000000000001,-126.00000000000045,63.00000000000023,119.00000000000023,63.00000000000023,0.0,0.0,0.0,0.0
89.0,-44.5,-84.05555555555544,-44.5,0.0,5.352807674355321,1.0,3.0,0.007936507936507908,2.468120707773495,181.80309357600203,375.19685510624106,215.94444444444457,-126.00000000000045,63.00000000000023,119.00000000000023,63.00000000000023,0.0,0.0,0.0,0.0
88.0,-44.0,-83.111111111111,-44.0,0.0,5.361502511021314,1.0,3.0,0.007936507936507908,2.4760572157100027,186.814849425163,373.5427580185686,216.88888888888903,-126.00000000000045,63.00000000000023,119.00000000000023,63.00000000000023,0.0,0.0,0.0,0.0
87.0,-43.5,-82.16666666666656,-43.5,0.0,5.3701059146541485,1.0,3.0,0.00793650793650802,2.4839937236465106,191.81078400166066,371.8145508743533,217.83333333333343,-126.00000000000045,63.00000000000023,119.00000000000023,63.00000000000023,0.0,0.0,0.0,0.0
86.0,-43.0,-81.22222222222211,-43.0,0.0,5.378617670389476,1.0,3.0,0.007936507936507908,2.4919302315830185,196.78972015361768,370.0124000675895,218.77777777777789,-126.00000000000045,63.00000000000023,119.00000000000023,63.00000000000023,0.0,0.0,0.0,0.0
85.0,-42.5,-80.27777777777767,-42.5,0.0,5.38703756597224,1.0,3.0,0.007936507936507908,2.4998667395195264,201.7504827520626,368.1364915222643,219.72222222222234,-126.00000000000045,63.00000000000023,119.00000000000023,63.00000000000023,0.0,0.0,0.0,0.0
84.0,-42.0,-79.33333333333323,-42.0,0.0,5.3953653917502775,1.0,3.0,0.007936507936507908,2.5078032474560343,206.6918990228792,366.1870306633693,220.66666666666674,-126.00000000000045,63.00000000000023,119.00000000000023,63.00000000000023,0.0,0.0,0.0,0.0
83.0,-41.5,-78.38888888888879,-41.5,0.0,5.403600940665979,1.0,3.0,0.00793650793650802,2.5157397553925422,211.61279887828,364.1642423821988,221.6111111111112,-126.00000000000045,63.00000000000023,119.00000000000023,63.00000000000023,0.0,0.0,0.0,0.0
82.0,-41.0,-77.44444444444434,-41.0,0.0,5.411744008249968,1.0,3.0,0.007936507936507908,2.52367626332905,216.51201524770613,362.06837099594094,222.55555555555566,-126.00000000000045,63.00000000000023,119.00000000000023,63.00000000000023,0.0,0.0,0.0,0.0
81.0,-40.5,-76.4999999999999,-40.5,0.0,5.419794392613712,1.0,3.0,0.007936507936507908,2.531612771265558,221.38838440805392,359.8996802015735,223.5000000000001,-126.00000000000045,63.00000000000023,119.00000000000023,63.00000000000023,0.0,0.0,0.0,0.0
80.0,-40.0,-75.55555555555546,-40.0,0.0,5.4277518944432614,1.0,3.0,0.007936507936507908,2.539549279202066,226.24074631313056,357.65845302407644,224.44444444444454,-126.00000000000045,63.00000000000023,119.00000000000023,63.00000000000023,0.0,0.0,0.0,0.0
79.0,-39.5,-74.61111111111101,-39.5,0.0,5.4356163169920135,1.0,3.0,0.00793650793650802,2.547485787138574,231.06794492223895,355.3449917589739,225.38888888888897,-126.00000000000045,63.00000000000023,119.00000000000023,63.00000000000023,0.0,0.0,0.0,0.0
78.0,-39.0,-73.66666666666657,-39.0,0.0,5.443387466074972,1.0,3.0,0.007936507936507908,2.555422295075082,235.8688285277946,352.9596179092205,226.33333333333343,-126.00000000000045,63.00000000000023,119.00000000000023,63.00000000000023,0.0,0.0,0.0,0.0
77.0,-38.5,-72.72222222222213,-38.5,0.0,5.451065150061748,1.0,3.0,0.007936507936507908,2.5633588030115897,240.64225008187643,350.50267211645206,227.27777777777789,-126.00000000000045,63.00000000000023,119.00000000000023,63.00000000000023,0.0,0.0,0.0,0.0
76.0,-38.0,-71.77777777777769,-38.0,0.0,5.458649179871807,1.0,3.0,0.007936507936507908,2.5712953109480976,245.38706752161406,347.97451408661396,228.2222222222223,-126.00000000000045,63.00000000000023,119.00000000000023,63.00000000000023,0.0,0.0,0.0,0.0
75.0,-37.5,-70.83333333333324,-37.5,0.0,5.466139368966674,1.0,3.0,0.00793650793650802,2.5792318188846055,250.10214409331292,345.3755225099939,229.16666666666674,-126.00000000000045,63.00000000000023,119.00000000000023,63.00000000000023,0.0,0.0,0.0,0.0
74.0,-37.0,-69.8888888888888,-37.0,0.0,5.47353553334629,1.0,3.0,0.007936507936507908,2.5871683268211134,254.78634867522302,342.70609497567597,230.1111111111112,-126.00000000000045,63.00000000000023,119.00000000000023,63.00000000000023,0.0,0.0,0.0,0.0
73.0,-36.5,-68.94444444444436,-36.5,0.0,5.480837491541842,1.0,3.0,0.007936507936507908,2.5951048347576213,259.4385560988516,339.9666478804424,231.05555555555566,-126.00000000000045,63.00000000000023,119.00000000000023,63.00000000000023,0.0,0.0,0.0,0.0
72.0,-36.0,-67.99999999999991,-36.0,0.0,5.488045064610895,1.0,3.0,0.007936507936507908,2.6030413426941292,264.0576474687263,337.1576163321491,232.00000000000009,-126.00000000000045,63.00000000000023,119.00000000000023,63.00000000000023,0.0,0.0,0.0,0.0
71.0,-35.5,-67.05555555555547,-35.5,0.0,5.4951580761325545,1.0,3.0,0.00793650793650802,2.610977850630637,268.64251048051113,334.27945404759834,232.9444444444445,-126.00000000000045,63.00000000000023,119.00000000000023,63.00000000000023,0.0,0.0,0.0,0.0
70.0,-35.0,-66.11111111111103,-35.0,0.0,5.502176352201356,1.0,3.0,0.007936507936507908,2.618914358567145,273.19203973738166,331.3326332449432,233.88888888888897,-126.00000000000045,63.00000000000023,119.00000000000023,63.00000000000023,0.0,0.0,0.0,0.0
69.0,-34.5,-65.16666666666659,-34.5,0.0,5.509099721423255,1.0,3.0,0.007936507936507908,2.626850866503653,277.7051370645639,328.3176445306486,234.83333333333343,-126.00000000000045,63.00000000000023,119.00000000000023,63.00000000000023,0.0,0.0,0.0,0.0
68.0,-34.0,-64.22222222222214,-34.0,0.0,5.515928014910056,1.0,3.0,0.007936507936507908,2.634787374440161,282.1807118219428,325.23499678104423,235.77777777777786,-126.00000000000045,63.00000000000023,119.00000000000023,63.00000000000023,0.0,0.0,0.0,0.0
67.0,-33.5,-63.27777777777769,-33.5,0.0,5.52266106627507,1.0,3.0,0.00793650793650802,2.6427238823766688,286.6176812146468,322.08521701850265,236.7222222222223,-126.00000000000045,63.00000000000023,119.00000000000112,63.00000000000023,0.0,0.0,1.128057647292739e-10,0.0
66.0,-33.0,-62.33333333333324,-33.0,0.0,5.529298711628214,1.0,3.0,0.007936507936507908,2.6506603903131767,291.014970601516,318.868850282277,237.66666666666674,-126.00000000000045,63.00000000000023,119.00000000000112,63.00000000000023,0.0,0.0,0.0,0.0
65.0,-32.5,-61.38888888888879,-32.5,0.0,5.535840789572056,1.0,3.0,0.007936507936507908,2.6585968982496846,295.3715138013613,315.586459494036,238.6111111111112,-126.00000000000045,63.00000000000023,119.00000000000112,63.00000000000023,0.0,0.0,0.0,0.0
64.0,-32.0,-60.44444444444434,-32.0,0.0,5.542287141196604,1.0,3.0,0.007936507936507908,2.6665334061861925,299.6862533969219,312.2386253181347,239.55555555555566,-126.00000000000045,63.00000000000023,119.00000000000112,63.00000000000023,0.0,0.0,0.0,0.0
63.0,-31.5,-59.49999999999989,-31.5,0.0,5.548637610076215,1.0,3.0,0.007936507936507908,2.6744699141227004,303.9581410364323,308.8259460166608,240.5000000000001,-126.00000000000045,63.00000000000023,119.00000000000112,63.00000000000023,0.0,0.0,0.0,0.0
62.0,-31.0,-58.55555555555544,-31.0,0.0,5.554892042264308,1.0,3.0,0.007936507936507908,2.6824064220592083,308.1861377327062,305.34903729929897,241.44444444444457,-126.00000000000045,63.00000000000023,119.00000000000112,63.00000000000023,0.0,0.0,0.0,0.0
61.0,-30.5,-57.61111111111099,-30.5,0.0,5.561050286290201,1.0,3.0,0.007936507936507908,2.6903429299957162,312.36921415964883,301.80853216805525,242.388888888889,-126.00000000000045,63.00000000000023,119.00000000000112,63.00000000000023,0.0,0.0,0.0,0.0
60.0,-30.0,-56.66666666666654,-30.0,0.0,5.5671121931549346,1.0,3.0,0.007936507936507908,2.698279437932224,316.50635094610965,298.20508075688775,243.33333333333346,-126.00000000000045,63.00000000000023,119.00000000000112,63.00000000000023,0.0,0.0,0.0,0.0
59.0,-29.5,-55.72222222222209,-29.5,0.0,5.573077616327372,1.0,3.0,0.00793650793650813,2.706215945868732,320.5965389669857,294.5393501662893,244.2777777777779,-126.00000000000045,63.00000000000023,119.00000000000112,63.00000000000023,0.0,0.0,0.0,0.0
58.0,-29.0,-54.777777777777644,-29.0,0.0,5.578946411740973,1.0,3.0,0.007936507936507908,2.71415245380524,324.63877963148985,290.8120242928695,245.22222222222234,-126.00000000000045,63.00000000000023,119.00000000000112,63.00000000000023,0.0,0.0,0.0,0.0
57.0,-28.5,-53.833333333333194,-28.5,0.0,5.584718437789723,1.0,3.0,0.007936507936507908,2.722088961741748,328.6320851684968,287.02380365398693,246.1666666666668,-126.00000000000045,63.00000000000023,119.00000000000112,63.00000000000023,0.0,0.0,0.0,0.0
56.0,-28.0,-52.888888888888744,-28.0,0.0,5.5903935553243915,1.0,3.0,0.007936507936507908,2.7300254696782558,332.5754789088811,283.1754052074811,247.11111111111126,-126.00000000000045,63.00000000000023,119.00000000000112,63.00000000000023,0.0,0.0,0.0,0.0
55.0,-27.5,-51.944444444444294,-27.5,0.0,5.595971627650731,1.0,3.0,0.00793650793650813,2.7379619776147637,336.4679955647646,279.2675621665569,248.0555555555557,-126.00000000000045,63.00000000000023,119.00000000000112,63.00000000000023,0.0,0.0,0.0,0.0
54.0,-27.0,-50.999999999999844,-27.0,0.0,5.601452520524326,1.0,3.0,0.007936507936507908,2.7458984855512716,340.30868150558655,275.30102380987626,249.00000000000017,-126.00000000000045,63.00000000000023,119.00000000000112,63.00000000000023,0.0,0.0,0.0,0.0
53.0,-26.5,-50.055555555555394,-26.5,0.0,5.606836102148445,1.0,3.0,0.007936507936507908,2.7538349934877795,344.096595030916,271.2765552869108,249.9444444444446,-126.00000000000045,63.00000000000023,119.00000000000112,63.00000000000023,0.0,0.0,0.0,0.0
52.0,-26.0,-49.111111111110944,-26.0,0.0,5.612122243170502,1.0,3.0,0.007936507936507908,2.7617715014242874,347.8308066399234,267.19493741861385,250.88888888888906,-126.00000000000045,63.00000000000023,119.00000000000112,63.00000000000023,0.0,0.0,0.0,0.0
51.0,-25.5,-48.166666666666494,-25.5,0.0,5.617310816679994,1.0,3.0,0.007936507936507908,2.7697080093607953,351.5103992974326,263.056966493468,251.8333333333335,-126.00000000000045,63.00000000000023,119.00000000000112,63.00000000000023,0.0,0.0,0.0,0.0
50.0,-25.0,-47.222222222222044,-25.0,0.0,5.622401698204194,1.0,3.0,0.007936507936507908,2.777644517297303,355.13446869647044,258.8634540589705,252.77777777777794,-126.00000000000045,63.00000000000023,119.00000000000112,63.00000000000023,0.0,0.0,0.0,0.0
49.0,-24.5,-46.277777777777594,-24.5,0.0,5.627394765706242,1.0,3.0,0.007936507936507908,2.785581025233811,358.7021235172373,254.61522670861422,253.7222222222224,-126.00000000000045,63.00000000000023,119.00000000000112,63.00000000000023,0.0,0.0,0.0,0.0
48.0,-24.0,-45.333333333333144,-24.0,0.0,5.632289899582695,1.0,3.0,0.007936507936507908,2.793517533170319,362.21248568242186,250.3131258644289,254.66666666666686,-126.00000000000045,63.00000000000023,119.00000000000112,63.00000000000023,0.0,0.0,0.0,0.0
47.0,-23.5,-44.388888888888694,-23.5,0.0,5.637086982659744,1.0,3.0,0.007936507936507908,2.801454041106827,365.6646906087807,245.9580075551457,255.6111111111113,-126.00000000000045,63.00000000000023,119.00000000000112,63.00000000000023,0.0,0.0,0.0,0.0
46.0,-23.0,-43.444444444444244,-23.0,0.0,5.641785900191913,1.0,3.0,0.007936507936507908,2.809390549043335,369.0578874549095,241.5507421900487,256.55555555555577,-126.00000000000045,63.00000000000023,119.00000000000112,63.00000000000023,0.0,0.0,0.0,0.0
45.0,-22.5,-42.499999999999794,-22.5,0.0,5.646386539858483,1.0,3.0,0.007936507936507908,2.8173270569798428,372.3912393651312,237.09221432858203,257.5000000000002,-126.00000000000045,63.00000000000023,119.00000000000112,63.00000000000023,0.0,0.0,0.0,0.0
44.0,-22.0,-41.555555555555344,-22.0,0.0,5.6508887917620605,1.0,3.0,0.007936507936507908,2.8252635649163507,375.6639237094271,232.5833224457775,258.4444444444447,-126.00000000000045,63.00000000000023,119.00000000000112,63.00000000000023,0.0,0.0,0.0,0.0
43.0,-21.5,-40.611111111110894,-21.5,0.0,5.6552925484252805,1.0,3.0,0.00793650793650813,2.8332000728528586,378.87513231934025,228.02497869357407,259.38888888888914,-126.00000000000045,63.00000000000023,119.00000000000112,63.00000000000023,0.0,0.0,0.0,0.0
42.0,-21.0,-39.666666666666444,-21.0,0.0,5.659597704789436,1.0,3.0,0.007936507936507908,2.8411365807893665,382.02407171977933,223.4181086580968,260.33333333333354,-126.00000000000045,63.00000000000023,119.00000000000112,63.00000000000023,0.0,0.0,0.0,0.0
41.0,-20.5,-38.722222222221994,-20.5,0.0,5.663804158211746,1.0,3.0,0.007936507936507908,2.8490730887258744,385.1099633566538,218.76365111296838,261.277777777778,-126.00000000000045,63.00000000000023,119.00000000000112,63.00000000000023,0.0,0.0,0.0,0.0
40.0,-20.0,-37.777777777777544,-20.0,0.0,5.667911808463311,1.0,3.0,0.00793650793650813,2.8570095966623823,388.1320438202727,214.06255776872507,262.22222222222246,-126.00000000000045,63.00000000000023,119.00000000000112,63.00000000000023,0.0,0.0,0.0,0.0
39.0,-19.5,-36.833333333333094,-19.5,0.0,5.671920557727054,1.0,3.0,0.007936507936507908,2.86494610459889,391.0895650644388,209.31579301841026,263.1666666666669,-126.00000000000045,63.00000000000023,119.00000000000112,63.00000000000023,0.0,0.0,0.0,0.0
38.0,-19.0,-35.888888888888644,-19.0,0.0,5.675830310596117,1.0,3.0,0.007936507936507464,2.8728826125353977,393.98179462117366,204.52433367942086,264.11111111111137,-126.0000000000075,63.00000000000375,119.00000000000777,63.00000000000375,-8.881215762813173e-10,4.4406078814065863e-10,8.379856808460816e-10,4.4406078814065863e-10
37.0,-18.5,-34.944444444444194,-18.5,0.0,5.67964097407119,1.0,3.0,0.007936507936508352,2.880819120471906,396.80801581100843,199.68916873168274,265.05555555555577,-125.99999999999339,62.999999999996696,118.99999999999446,62.999999999996696,1.778033720256551e-09,-8.890168601282755e-10,-1.677761929386091e-09,-8.890168601282755e-10
36.0,-18.0,-33.999999999999744,-18.0,0.0,5.6833524575595336,1.0,3.0,0.007936507936507908,2.888755628408414,399.56752794877787,194.81129905223156,266.0000000000002,-126.00000000000045,63.00000000000023,119.00000000000112,63.00000000000023,-8.899121439753831e-10,4.4495607198769154e-10,8.397762485401502e-10,4.4495607198769154e-10
35.0,-17.5,-33.055555555555294,-17.5,0.0,5.6869646728726,1.0,3.0,0.007936507936507908,2.896692136344922,402.2596465448551,189.89173714627753,266.9444444444447,-126.00000000000045,63.00000000000023,119.00000000000112,63.00000000000023,0.0,0.0,0.0,0.0
34.0,-17.0,-32.111111111110844,-17.0,0.0,5.690477534224125,1.0,3.0,0.007936507936507908,2.9046286442814298,404.88370350176723,184.93150687483362,267.88888888888914,-126.00000000000045,63.00000000000023,119.00000000000112,63.00000000000023,0.0,0.0,0.0,0.0
33.0,-16.5,-31.166666666666398,-16.5,0.0,5.693890958229422,1.0,3.0,0.007936507936507908,2.9125651522179377,407.4390473061331,179.93164317898612,268.8333333333336,-126.00000000000045,63.00000000000023,119.00000000000067,63.00000000000023,0.0,0.0,-5.7298166211694686e-11,0.0
32.0,-16.0,-30.22222222222195,-16.0,0.0,5.697204863902608,1.0,3.0,0.007936507936507908,2.9205016601544456,409.9250432158649,174.89319180089083,269.77777777777806,-126.00000000000045,63.00000000000023,119.00000000000067,63.00000000000023,0.0,0.0,0.0,0.0
31.0,-15.5,-29.277777777777505,-15.5,0.0,5.700419172655928,1.0,3.0,0.007936507936507908,2.9284381680909535,412.3410734425782,169.81720900157512,270.7222222222225,-126.00000000000045,63.00000000000023,119.00000000000067,63.00000000000023,0.0,0.0,0.0,0.0
30.0,-15.0,-28.33333333333306,-15.0,0.0,5.703533808297816,1.0,3.0,0.007936507936507908,2.9363746760274614,414.6865373291548,164.70476127563023,271.66666666666697,-126.00000000000045,63.00000000000023,119.00000000000067,63.00000000000023,0.0,0.0,0.0,0.0
29.0,-14.5,-27.388888888888612,-14.5,0.0,5.706548697031449,1.0,3.0,0.007936507936507908,2.9443111839639693,416.9608515224061,159.5569250628778,272.6111111111114,-126.00000000000045,63.00000000000023,119.00000000000067,63.00000000000023,0.0,0.0,0.0,0.0
28.0,-14.0,-26.444444444444166,-14.0,0.0,5.709463767453797,1.0,3.0,0.007936507936507908,2.952247691900477,419.16345014078456,154.37478645709515,273.5555555555558,-126.00000000000045,63.00000000000023,119.00000000000067,63.00000000000023,0.0,0.0,0.0,0.0
27.0,-13.5,-25.49999999999972,-13.5,0.0,5.712278950553696,1.0,3.0,0.007936507936507908,2.960184199836985,421.2937849370927,149.15944091188575,274.5000000000003,-126.00000000000045,63.00000000000023,119.00000000000067,63.00000000000023,0.0,0.0,0.0,0.0
26.0,-13.0,-24.555555555555273,-13.0,0.0,5.714994179711037,1.0,3.0,0.007936507936507908,2.968120707773493,423.35132545614226,143.9119929437818,275.44444444444474,-126.00000000000045,63.00000000000023,119.00000000000067,63.00000000000023,0.0,0.0,0.0,0.0
25.0,-12.5,-23.611111111110826,-12.5,0.0,5.717609390695301,1.0,3.0,0.007936507936507908,2.976057215710001,425.3355591873133,138.63355583266565,276.38888888888914,-126.00000000000045,63.00000000000023,119.00000000000067,63.00000000000023,0.0,0.0,0.0,0.0
24.0,-12.0,-22.66666666666638,-12.0,0.0,5.720124521664549,1.0,3.0,0.007936507936507908,2.983993723646509,427.24599171197156,133.32525131959991,277.3333333333336,-126.00000000000045,63.00000000000023,119.00000000000067,63.00000000000023,0.0,0.0,0.0,0.0
23.0,-11.5,-21.722222222221934,-11.5,0.0,5.722539513164152,1.0,3.0,0.007936507936507908,2.9919302315830167,429.08214684569555,127.9882093021541,278.27777777777806,-126.00000000000045,63.00000000000023,119.00000000000067,63.00000000000023,0.0,0.0,0.0,0.0
22.0,-11.0,-20.777777777777487,-11.0,0.0,5.7248543081257335,1.0,3.0,0.007936507936508352,2.999866739519525,430.8435667752735,122.62356752731867,279.2222222222225,-125.99999999999339,62.999999999996696,118.99999999999402,62.999999999996696,8.899121439753332e-10,-4.449560719876666e-10,-8.379856808459878e-10,-4.449560719876666e-10
21.0,-10.5,-19.83333333333304,-10.5,0.0,5.727068851866401,1.0,3.0,0.007936507936507908,3.007803247456033,432.52981219042897,117.23247128209698,280.16666666666697,-126.00000000000045,63.00000000000023,119.00000000000067,63.00000000000023,-8.899121439753831e-10,4.4495607198769154e-10,8.379856808460348e-10,4.4495607198769154e-10
20.0,-10.0,-18.888888888888594,-10.0,0.0,5.729183092087411,1.0,3.0,0.007936507936507908,3.015739755392541,434.1404624102337,111.81607308186638,281.1111111111114,-126.00000000000045,63.00000000000023,119.00000000000067,63.00000000000023,0.0,0.0,0.0,0.0
19.0,-9.5,-17.944444444444148,-9.5,0.0,5.731196978873383,1.0,3.0,0.007936507936507908,3.023676263329049,435.67511550417123,106.3755323566008,282.0555555555559,-126.00000000000045,63.00000000000023,119.00000000000067,63.00000000000023,0.0,0.0,0.0,0.0
18.0,-9.0,-16.9999999999997,-9.0,0.0,5.733110464691587,1.0,3.0,0.007936507936507908,3.0316127712655567,437.1333884078151,100.91201513504724,283.0000000000003,-126.00000000000045,63.00000000000023,119.00000000000067,63.00000000000023,0.0,0.0,0.0,0.0
17.0,-8.5,-16.055555555555255,-8.5,0.0,5.73492350439086,1.0,3.0,0.007936507936507908,3.0395492792020646,438.51491703308625,95.42669372695006,283.94444444444474,-126.00000000000045,63.00000000000023,119.00000000000067,63.00000000000023,0.0,0.0,0.0,0.0
16.0,-8.0,-15.111111111110809,-8.0,0.0,5.736636055201075,1.0,3.0,0.007936507936507908,3.0474857871385725,439.8193563730564,89.92074640341625,284.8888888888892,-126.00000000000045,63.00000000000023,119.00000000000067,63.00000000000023,0.0,0.0,0.0,0.0
15.0,-7.5,-14.166666666666362,-7.5,0.0,5.738248076731932,1.0,3.0,0.007936507936507908,3.0554222950750805,441.04638060126626,84.3953570755171,285.8333333333336,-126.00000000000045,63.00000000000023,119.00000000000067,63.00000000000023,0.0,0.0,0.0,0.0
14.0,-7.0,-13.222222222221916,-7.0,0.0,5.739759530972962,1.0,3.0,0.007936507936507908,3.0633588030115884,442.1956831655298,78.85171497122047,286.77777777777806,-126.00000000000045,63.00000000000023,119.00000000000067,63.00000000000023,0.0,0.0,0.0,0.0
13.0,-6.5,-12.27777777777747,-6.5,0.0,5.741170382292295,1.0,3.0,0.007952698166075356,3.0713115011776635,443.2669768761939,73.29101431074973,287.7222222222225,-125.74348719354532,62.87174359677266,118.75773790501528,62.87174359677266,32.25481479347158,-16.12740739673579,-30.462880638277124,-16.12740739673579
12.0,-6.0,-11.333333333333023,-6.0,0.0,5.74248059743621,1.0,3.0,0.008196709852475337,3.079508211030139,444.2599939888295,67.71445398046528,288.66666666666697,-122.00017055599552,61.00008527799776,115.22238330288491,61.00008527799776,456.6852682261708,-228.3426341130854,-431.31386443582863,-228.3426341130854
11.0,-5.5,-10.388888888888577,-5.5,0.0,5.743690145528642,1.0,3.0,0.008545971336497482,3.088054182366636,445.1744862813275,62.12323720536502,289.6111111111114,-117.01420009792244,58.50710004896122,110.51341120359363,58.50710004896122,583.4293448632937,-291.7146724316469,-551.0166034820029,-291.7146724316469
10.0,-5.0,-9.44444444444413,-5.0,0.0,5.744798998070717,1.0,3.0,0.008944091062413007,3.0969982734290493,446.010225125378,56.51857122030066,290.5555555555559,-111.80565951552235,55.902829757761175,105.59423398688244,55.902829757761175,582.344314928605,-291.1721574643025,-549.9918529881263,-291.1721574643025
9.0,-4.5,-8.499999999999684,-4.5,0.0,5.745807128939965,1.0,3.0,0.009403648569187073,3.1064019219982364,446.7670015523096,50.901666940007466,291.50000000000034,-106.34170265323388,53.17085132661694,100.43383028360999,53.17085132661694,581.0464759595773,-290.52323797978863,-548.7661161840459,-290.52323797978863
8.0,-4.0,-7.555555555555237,-4.0,0.0,5.746714514390245,1.0,3.0,0.00994228670303543,3.116344208701272,447.4446263132701,45.27373862804446,292.4444444444448,-100.5804831291651,50.29024156458255,94.99267851087836,50.29024156458255,579.4662431440164,-289.7331215720082,-547.2736740804605,-289.7331215720082
7.0,-3.5,-6.611111111110791,-3.5,0.0,5.7475211330510785,1.0,3.0,0.010585678596608084,3.12692988729788,448.0429299337311,39.63600356474377,293.3888888888892,-94.4672550629324,47.2336275314662,89.219074226103,47.2336275314662,577.4998749906821,-288.74993749534104,-545.4165486023132,-288.74993749534104
6.0,-3.0,-5.6666666666663446,-3.0,0.0,5.748226965927454,1.0,3.0,0.011372944457302081,3.1383028317551824,448.56176276229814,33.98968171426671,294.33333333333366,-87.92797711747579,43.963988558737896,83.04308949983842,43.963988558737896,574.9854815529224,-287.4927407764612,-543.0418436888726,-287.4927407764612
5.0,-2.5,-4.722222222221898,-2.5,0.0,5.748831996399354,1.0,3.0,0.012367341725645353,3.150670173480828,449.00099501381357,28.335995390865694,295.2777777777781,-80.8581198921968,40.4290599460984,76.36600212040824,40.4290599460984,571.6553631423227,-285.82768157116135,-539.8967318566393,-285.82768157116135
4.0,-2.0,-3.7777777777774517,-2.0,0.0,5.74933621022162,1.0,3.0,0.013679642019384541,3.1643498155002123,449.36051680673876,22.676168924450362,296.2222222222225,-73.1013281329266,36.5506640664633,69.04014323665304,36.5506640664633,567.0317796531918,-283.5158898265959,-535.5300141169045,-283.5158898265959
3.0,-1.5,-2.8333333333330053,-1.5,0.0,5.749739595523664,1.0,3.0,0.015527091266939186,3.1798769067671513,449.64023819480406,17.011428325557112,297.16666666666697,-64.40356296025956,32.20178148012978,60.82558724024527,32.20178148012978,560.1670669114142,-280.0835334557071,-529.0466743052255,-280.0835334557071
2.0,-1.0,-1.8888888888885589,-1.0,0.0,5.750042142809201,1.0,3.0,0.018417998835566385,3.198294905602718,449.84008919291693,11.34300094982113,298.1111111111114,-54.294715127732616,27.147357563866308,51.27834206508091,27.147357563866308,548.8570133366479,-274.42850666832396,-518.3649570401684,-274.42850666832396
1.0,-0.5,-0.9444444444441124,-0.5,0.0,5.750243844956191,1.0,3.0,0.02400280339946992,3.222297709002188,449.9600197973211,5.672115162050245,299.0555555555559,-41.66180022213923,20.830900111069614,39.3472557653538,20.830900111069614,526.3099770201165,-263.1549885100583,-497.0705338523333,-263.1549885100583
0.0,0.0,3.341771304121721e-13,0.0,0.0,5.7503446972166685,1.0,3.0,0.05794788533742978,3.2802455943396174,450.0,5.878304635907296e-14,300.00000000000034,-17.256885116290558,8.628442558145279,16.298169276496672,8.628442558145279,421.1528162544545,-210.57640812722724,-397.75543757365233,-210.57640812722724
