J1_Position,J2_Position,J3_Position,J4_Position,Error,MM_Step,Deg_step,Move_ID,Time,Time_Total,X,Y,Z,J1_Velocity,J2_Velocity,J3_Velocity,J4_Velocity,J1_Acceleration,J2_Acceleration,J3_Acceleration,J4_Acceleration
0.0,0.0,0.0,0.0,0.0,0.0,0.0,1.0,0.0,0.0,450.0,5.878304635907296e-14,300.0,0.0,0.0,0.0,0.0,0.0,0.0,0.0,0.0
1.0,-0.5,-0.9444444444444444,-0.5,0.0,5.7503446972166685,1.0,2.0,0.0,0.0,449.9600197973211,5.672115162050245,299.05555555555554,0.0,0.0,0.0,0.0,0.0,0.0,0.0,0.0
2.0,-1.0,-1.8888888888888888,-1.0,0.0,5.750243844956191,1.0,2.0,0.051292169078594844,0.051292169078594844,449.84008919291693,11.34300094982113,298.1111111111111,19.4961534667739,-9.74807673338695,-18.413033829730907,-9.74807673338695,380.1,-190.05,-358.98333333333335,-190.05
3.0,-1.5,-2.833333333333333,-1.5,0.0,5.750042142809201,1.0,2.0,0.011527651942964436,0.06281982102155928,449.64023819480406,17.011428325557112,297.16666666666663,86.7479348741372,-43.3739674370686,-81.92860515890733,-43.3739674370686,5833.953153695662,-2916.976576847831,-5509.844645157013,-2916.976576847831
4.0,-2.0,-3.7777777777777777,-2.0,0.0,5.749739595523654,1.0,2.0,0.009718260132923442,0.07253808115448272,449.36051680673876,22.676168924450362,296.22222222222223,102.89907723422716,-51.44953861711358,-97.18246183232567,-51.44953861711358,1661.9376451318951,-830.9688225659476,-1569.6077759579052,-830.9688225659476
5.0,-2.5,-4.722222222222222,-2.5,0.0,5.749336210221629,1.0,2.0,0.008561959054927182,0.0811000402094099,449.00099501381357,28.335995390865694,295.27777777777777,116.79569986083108,-58.39784993041554,-110.3070498685627,-58.39784993041554,1623.0657653760647,-811.5328826880324,-1532.8954450773942,-811.5328826880324
6.0,-3.0,-5.666666666666667,-3.0,0.0,5.748831996399345,1.0,2.0,0.007740602665129687,0.08884064287453959,448.56176276229814,33.98968171426671,294.33333333333337,129.18890728041856,-64.59445364020928,-122.01174576483979,-64.59445364020928,1601.064924236083,-800.5324621180415,-1512.1168728896364,-800.5324621180415
7.0,-3.5,-6.611111111111112,-3.5,0.0,5.748226965927454,1.0,2.0,0.007118218783751587,0.09595886165829118,448.0429299337311,39.63600356474377,293.3888888888889,140.48458334585774,-70.24229167292887,-132.6798842710879,-70.24229167292887,1586.8683456630013,-793.4341728315006,-1498.7089931261673,-793.4341728315006
8.0,-4.0,-7.555555555555556,-4.0,0.0,5.747521133051088,1.0,2.0,0.006625476498898511,0.10258433815718969,447.4446263132701,45.27373862804446,292.44444444444446,150.93254049972867,-75.46627024986434,-142.54739936085488,-75.46627024986434,1576.9367162660542,-788.4683581330271,-1489.3291209179388,-788.4683581330271
9.0,-4.5,-8.5,-4.5,0.0,5.746714514390245,1.0,2.0,0.006222783574534402,0.10880712173172409,446.7670015523096,50.901666940007466,291.5,160.69978780755227,-80.34989390377613,-151.7720218182437,-80.34989390377613,1569.594569831138,-784.797284915569,-1482.3948715071645,-784.797284915569
10.0,-5.0,-9.444444444444445,-5.0,0.0,5.745807128939965,1.0,2.0,0.005885655041426727,0.11469277677315082,446.010225125378,56.51857122030066,290.55555555555554,169.90462284340614,-84.95231142170307,-160.46547712988362,-84.95231142170307,1563.9440251025237,-781.9720125512619,-1477.058245930187,-781.9720125512619
11.0,-5.5,-10.38888888888889,-5.5,0.0,5.744798998070717,1.0,2.0,0.0055980223277338065,0.12029079910088462,445.1744862813275,62.12323720536502,289.6111111111111,178.63451437944164,-89.31725718972082,-168.7103746916949,-89.31725718972082,1559.4599351248985,-779.7299675624492,-1472.8232720624014,-779.7299675624492
12.0,-6.0,-11.333333333333334,-6.0,0.0,5.743690145528642,1.0,2.0,0.005348842942233936,0.12563964204311856,444.2599939888295,67.71445398046528,288.66666666666663,186.95632135767133,-93.47816067883566,-176.56985906002296,-93.47816067883566,1555.8144196984213,-777.9072098492106,-1469.3802852707342,-777.9072098492106
13.0,-6.5,-12.277777777777779,-6.5,0.0,5.742480597436201,1.0,2.0,0.0051302434700092325,0.1307698855131278,443.2669768761939,73.29101431074973,287.72222222222223,194.92252284825778,-97.46126142412889,-184.0934938011324,-97.46126142412889,1552.7920920626639,-776.3960460313319,-1466.5258647258524,-776.3960460313319
14.0,-7.0,-13.222222222222223,-7.0,0.0,5.741170382292295,1.0,2.0,0.00493643807391117,0.13570632358703896,442.1956831655298,78.85171497122047,286.77777777777777,202.57521415794727,-101.28760707897364,-191.3210355936169,-101.28760707897364,1550.2455809450098,-775.1227904725049,-1464.120826448059,-775.1227904725049
15.0,-7.5,-14.166666666666668,-7.5,0.0,5.739759530972953,1.0,2.0,0.004783021322195435,0.1404893449092344,441.04638060126626,84.3953570755171,285.83333333333337,209.07287102391464,-104.53643551195732,-197.4577115225861,-104.53643551195732,1358.4837758960498,-679.2418879480249,-1283.0124550129385,-679.2418879480249
16.0,-8.0,-15.111111111111112,-8.0,0.0,5.738248076731941,1.0,2.0,0.004761904761904773,0.14525124967113917,439.8193563730564,89.92074640341625,284.8888888888889,209.99999999999952,-104.99999999999976,-198.33333333333292,-104.99999999999976,194.6970849778229,-97.34854248891145,-183.88058025683208,-97.34854248891145
17.0,-8.5,-16.055555555555557,-8.5,0.0,5.736636055201075,1.0,2.0,0.004761904761904773,0.15001315443304394,438.51491703308625,95.42669372695006,283.94444444444446,209.99999999999952,-104.99999999999976,-198.33333333333292,-104.99999999999976,0.0,0.0,0.0,0.0
18.0,-9.0,-17.0,-9.0,0.0,5.73492350439086,1.0,2.0,0.004761904761904745,0.1547750591949487,437.1333884078151,100.91201513504724,283.0,210.00000000000074,-105.00000000000037,-198.3333333333337,-105.00000000000037,2.566480361565491e-10,-1.2832401807827456e-10,-1.6711965145077616e-10,-1.2832401807827456e-10
19.0,-9.5,-17.944444444444443,-9.5,0.0,5.733110464691596,1.0,2.0,0.004761904761904773,0.15953696395685346,435.67511550417123,106.3755323566008,282.05555555555554,209.99999999999952,-104.99999999999976,-198.33333333333255,-104.99999999999976,-2.566480361565476e-10,1.283240180782738e-10,2.4471091819577794e-10,1.283240180782738e-10
20.0,-10.0,-18.888888888888886,-10.0,0.0,5.731196978873383,1.0,2.0,0.004761904761904745,0.1642988687187582,434.1404624102337,111.81607308186638,281.1111111111111,210.00000000000074,-105.00000000000037,-198.3333333333337,-105.00000000000037,2.566480361565491e-10,-1.2832401807827456e-10,-2.447109181957794e-10,-1.2832401807827456e-10
21.0,-10.5,-19.83333333333333,-10.5,0.0,5.7291830920874025,1.0,2.0,0.004761904761904773,0.16906077348066298,432.52981219042897,117.23247128209698,280.1666666666667,209.99999999999952,-104.99999999999976,-198.33333333333255,-104.99999999999976,-2.566480361565476e-10,1.283240180782738e-10,2.4471091819577794e-10,1.283240180782738e-10
22.0,-11.0,-20.77777777777777,-11.0,0.0,5.727068851866401,1.0,2.0,0.004761904761904773,0.17382267824256775,430.8435667752735,122.62356752731867,279.22222222222223,209.99999999999952,-104.99999999999976,-198.33333333333255,-104.99999999999976,0.0,0.0,0.0,0.0
23.0,-11.5,-21.722222222222214,-11.5,0.0,5.7248543081257335,1.0,2.0,0.004761904761904745,0.1785845830044725,429.08214684569555,127.9882093021541,278.27777777777777,210.00000000000074,-105.00000000000037,-198.3333333333337,-105.00000000000037,2.566480361565491e-10,-1.2832401807827456e-10,-2.447109181957794e-10,-1.2832401807827456e-10
24.0,-12.0,-22.666666666666657,-12.0,0.0,5.7225395131641426,1.0,2.0,0.004761904761904773,0.18334648776637727,427.24599171197156,133.32525131959991,277.33333333333337,209.99999999999952,-104.99999999999976,-198.33333333333255,-104.99999999999976,-2.566480361565476e-10,1.283240180782738e-10,2.4471091819577794e-10,1.283240180782738e-10
25.0,-12.5,-23.6111111111111,-12.5,0.0,5.720124521664549,1.0,2.0,0.004761904761904773,0.18810839252828204,425.3355591873133,138.63355583266565,276.3888888888889,209.99999999999952,-104.99999999999976,-198.33333333333255,-104.99999999999976,0.0,0.0,0.0,0.0
26.0,-13.0,-24.555555555555543,-13.0,0.0,5.717609390695311,1.0,2.0,0.004761904761904745,0.1928702972901868,423.35132545614226,143.9119929437818,275.44444444444446,210.00000000000074,-105.00000000000037,-198.3333333333337,-105.00000000000037,2.566480361565491e-10,-1.2832401807827456e-10,-2.447109181957794e-10,-1.2832401807827456e-10
27.0,-13.5,-25.499999999999986,-13.5,0.0,5.714994179711037,1.0,2.0,0.004761904761904773,0.19763220205209156,421.2937849370927,149.15944091188575,274.5,209.99999999999952,-104.99999999999976,-198.33333333333255,-104.99999999999976,-2.566480361565476e-10,1.283240180782738e-10,2.4471091819577794e-10,1.283240180782738e-10
28.0,-14.0,-26.44444444444443,-14.0,0.0,5.712278950553696,1.0,2.0,0.004761904761904773,0.20239410681399633,419.16345014078456,154.37478645709515,273.55555555555554,209.99999999999952,-104.99999999999976,-198.33333333333255,-104.99999999999976,0.0,0.0,0.0,0.0
29.0,-14.5,-27.38888888888887,-14.5,0.0,5.709463767453797,1.0,2.0,0.004761904761904745,0.20715601157590108,416.9608515224061,159.5569250628778,272.61111111111114,210.00000000000074,-105.00000000000037,-198.3333333333337,-105.00000000000037,2.566480361565491e-10,-1.2832401807827456e-10,-2.447109181957794e-10,-1.2832401807827456e-10
30.0,-15.0,-28.333333333333314,-15.0,0.0,5.706548697031449,1.0,2.0,0.004761904761904745,0.21191791633780582,414.6865373291548,164.70476127563023,271.6666666666667,210.00000000000074,-105.00000000000037,-198.3333333333337,-105.00000000000037,0.0,0.0,0.0,0.0
31.0,-15.5,-29.277777777777757,-15.5,0.0,5.703533808297816,1.0,2.0,0.0047619047619048005,0.21667982109971062,412.3410734425782,169.81720900157512,270.72222222222223,209.9999999999983,-104.99999999999915,-198.33333333333138,-104.99999999999915,-5.132960723130922e-10,2.566480361565461e-10,4.894218363915531e-10,2.566480361565461e-10
32.0,-16.0,-30.2222222222222,-16.0,0.0,5.700419172655918,1.0,2.0,0.004761904761904745,0.22144172586161537,409.9250432158649,174.89319180089083,269.7777777777778,210.00000000000074,-105.00000000000037,-198.3333333333337,-105.00000000000037,5.132960723130982e-10,-2.566480361565491e-10,-4.894218363915588e-10,-2.566480361565491e-10
33.0,-16.5,-31.166666666666643,-16.5,0.0,5.697204863902608,1.0,2.0,0.004761904761904745,0.2262036306235201,407.4390473061331,179.93164317898612,268.83333333333337,210.00000000000074,-105.00000000000037,-198.3333333333337,-105.00000000000037,0.0,0.0,0.0,0.0
34.0,-17.0,-32.111111111111086,-17.0,0.0,5.693890958229422,1.0,2.0,0.0047619047619048005,0.2309655353854249,404.88370350176723,184.93150687483362,267.8888888888889,209.9999999999983,-104.99999999999915,-198.33333333333138,-104.99999999999915,-5.132960723130922e-10,2.566480361565461e-10,4.894218363915531e-10,2.566480361565461e-10
35.0,-17.5,-33.05555555555553,-17.5,0.0,5.690477534224125,1.0,2.0,0.004761904761904745,0.23572744014732966,402.2596465448551,189.89173714627753,266.94444444444446,210.00000000000074,-105.00000000000037,-198.3333333333337,-105.00000000000037,5.132960723130982e-10,-2.566480361565491e-10,-4.894218363915588e-10,-2.566480361565491e-10
36.0,-18.0,-33.99999999999997,-18.0,0.0,5.6869646728726,1.0,2.0,0.004761904761904745,0.2404893449092344,399.56752794877787,194.81129905223156,266.0,210.00000000000074,-105.00000000000037,-198.3333333333337,-105.00000000000037,0.0,0.0,0.0,0.0
37.0,-18.5,-34.944444444444414,-18.5,0.0,5.683352457559524,1.0,2.0,0.004761904761904773,0.24525124967113918,396.80801581100843,199.68916873168274,265.0555555555556,209.99999999999952,-104.99999999999976,-198.33333333333255,-104.99999999999976,-2.566480361565476e-10,1.283240180782738e-10,2.4471091819577794e-10,1.283240180782738e-10
38.0,-19.0,-35.88888888888886,-19.0,0.0,5.6796409740712,1.0,2.0,0.004761904761904773,0.25001315443304395,393.98179462117366,204.52433367942086,264.11111111111114,209.99999999999952,-104.99999999999976,-198.33333333333255,-104.99999999999976,0.0,0.0,0.0,0.0
39.0,-19.5,-36.8333333333333,-19.5,0.0,5.675830310596117,1.0,2.0,0.004761904761904745,0.2547750591949487,391.0895650644388,209.31579301841026,263.1666666666667,210.00000000000074,-105.00000000000037,-198.3333333333337,-105.00000000000037,2.566480361565491e-10,-1.2832401807827456e-10,-2.447109181957794e-10,-1.2832401807827456e-10
40.0,-20.0,-37.77777777777774,-20.0,0.0,5.671920557727045,1.0,2.0,0.004761904761904745,0.25953696395685344,388.1320438202727,214.06255776872507,262.2222222222223,210.00000000000074,-105.00000000000037,-198.3333333333337,-105.00000000000037,0.0,0.0,0.0,0.0
41.0,-20.5,-38.722222222222186,-20.5,0.0,5.667911808463311,1.0,2.0,0.0047619047619048005,0.26429886871875824,385.1099633566538,218.76365111296838,261.2777777777778,209.9999999999983,-104.99999999999915,-198.33333333333138,-104.99999999999915,-5.132960723130922e-10,2.566480361565461e-10,4.894218363915531e-10,2.566480361565461e-10
42.0,-21.0,-39.66666666666663,-21.0,0.0,5.663804158211746,1.0,2.0,0.004761904761904745,0.269060773480663,382.02407171977933,223.4181086580968,260.33333333333337,210.00000000000074,-105.00000000000037,-198.3333333333337,-105.00000000000037,5.132960723130982e-10,-2.566480361565491e-10,-4.894218363915588e-10,-2.566480361565491e-10
43.0,-21.5,-40.61111111111107,-21.5,0.0,5.659597704789446,1.0,2.0,0.0047619047619048005,0.2738226782425678,378.87513231934025,228.02497869357407,259.3888888888889,209.9999999999983,-104.99999999999915,-198.33333333333138,-104.99999999999915,-5.132960723130922e-10,2.566480361565461e-10,4.894218363915531e-10,2.566480361565461e-10
44.0,-22.0,-41.555555555555515,-22.0,0.0,5.6552925484252805,1.0,2.0,0.004761904761904745,0.27858458300447253,375.6639237094271,232.5833224457775,258.44444444444446,210.00000000000074,-105.00000000000037,-198.3333333333337,-105.00000000000037,5.132960723130982e-10,-2.566480361565491e-10,-4.894218363915588e-10,-2.566480361565491e-10
45.0,-22.5,-42.49999999999996,-22.5,0.0,5.650888791762051,1.0,2.0,0.004761904761904745,0.2833464877663773,372.3912393651312,237.09221432858203,257.50000000000006,210.00000000000074,-105.00000000000037,-198.3333333333337,-105.00000000000037,0.0,0.0,0.0,0.0
46.0,-23.0,-43.4444444444444,-23.0,0.0,5.646386539858483,1.0,2.0,0.004761904761904745,0.288108392528282,369.0578874549095,241.5507421900487,256.5555555555556,210.00000000000074,-105.00000000000037,-198.3333333333337,-105.00000000000037,0.0,0.0,0.0,0.0
47.0,-23.5,-44.38888888888884,-23.5,0.0,5.641785900191913,1.0,2.0,0.004761904761904745,0.29287029729018677,365.6646906087807,245.9580075551457,255.61111111111114,210.00000000000074,-105.00000000000037,-198.3333333333337,-105.00000000000037,0.0,0.0,0.0,0.0
48.0,-24.0,-45.333333333333286,-24.0,0.0,5.637086982659739,1.0,2.0,0.0047619047619048005,0.29763220205209157,362.21248568242186,250.3131258644289,254.6666666666667,209.9999999999983,-104.99999999999915,-198.33333333333138,-104.99999999999915,-5.132960723130922e-10,2.566480361565461e-10,4.894218363915531e-10,2.566480361565461e-10
49.0,-24.5,-46.27777777777773,-24.5,0.0,5.632289899582689,1.0,2.0,0.004761904761904745,0.3023941068139963,358.7021235172373,254.61522670861422,253.72222222222229,210.00000000000074,-105.00000000000037,-198.3333333333337,-105.00000000000037,5.132960723130982e-10,-2.566480361565491e-10,-4.894218363915588e-10,-2.566480361565491e-10
50.0,-25.0,-47.22222222222217,-25.0,0.0,5.627394765706242,1.0,2.0,0.0047619047619048005,0.3071560115759011,355.13446869647044,258.8634540589705,252.77777777777783,209.9999999999983,-104.99999999999915,-198.33333333333138,-104.99999999999915,-5.132960723130922e-10,2.566480361565461e-10,4.894218363915531e-10,2.566480361565461e-10
51.0,-25.5,-48.166666666666615,-25.5,0.0,5.622401698204199,1.0,2.0,0.004761904761904745,0.31191791633780586,351.5103992974326,263.056966493468,251.83333333333337,210.00000000000074,-105.00000000000037,-198.3333333333337,-105.00000000000037,5.132960723130982e-10,-2.566480361565491e-10,-4.894218363915588e-10,-2.566480361565491e-10
52.0,-26.0,-49.11111111111106,-26.0,0.0,5.617310816679988,1.0,2.0,0.004761904761904745,0.3166798210997106,347.8308066399234,267.19493741861385,250.88888888888894,210.00000000000074,-105.00000000000037,-198.3333333333337,-105.00000000000037,0.0,0.0,0.0,0.0
53.0,-26.5,-50.0555555555555,-26.5,0.0,5.612122243170497,1.0,2.0,0.004761904761904745,0.32144172586161535,344.096595030916,271.2765552869108,249.9444444444445,210.00000000000074,-105.00000000000037,-198.3333333333337,-105.00000000000037,0.0,0.0,0.0,0.0
54.0,-27.0,-50.99999999999994,-27.0,0.0,5.606836102148449,1.0,2.0,0.0047619047619048005,0.32620363062352015,340.30868150558655,275.30102380987626,249.00000000000006,209.9999999999983,-104.99999999999915,-198.33333333333138,-104.99999999999915,-5.132960723130922e-10,2.566480361565461e-10,4.894218363915531e-10,2.566480361565461e-10
55.0,-27.5,-51.944444444444386,-27.5,0.0,5.601452520524326,1.0,2.0,0.004761904761904745,0.3309655353854249,336.4679955647646,279.2675621665569,248.0555555555556,210.00000000000074,-105.00000000000037,-198.3333333333337,-105.00000000000037,5.132960723130982e-10,-2.566480361565491e-10,-4.894218363915588e-10,-2.566480361565491e-10
56.0,-28.0,-52.88888888888883,-28.0,0.0,5.595971627650726,1.0,2.0,0.0047619047619048005,0.3357274401473297,332.5754789088811,283.1754052074811,247.11111111111117,209.9999999999983,-104.99999999999915,-198.33333333333138,-104.99999999999915,-5.132960723130922e-10,2.566480361565461e-10,4.894218363915531e-10,2.566480361565461e-10
57.0,-28.5,-53.83333333333327,-28.5,0.0,5.590393555324387,1.0,2.0,0.004761904761904745,0.34048934490923444,328.6320851684968,287.02380365398693,246.16666666666674,210.00000000000074,-105.00000000000037,-198.3333333333337,-105.00000000000037,5.132960723130982e-10,-2.566480361565491e-10,-4.894218363915588e-10,-2.566480361565491e-10
58.0,-29.0,-54.777777777777715,-29.0,0.0,5.584718437789723,1.0,2.0,0.004761904761904745,0.3452512496711392,324.63877963148985,290.8120242928695,245.22222222222229,210.00000000000074,-105.00000000000037,-198.3333333333337,-105.00000000000037,0.0,0.0,0.0,0.0
59.0,-29.5,-55.72222222222216,-29.5,0.0,5.5789464117409775,1.0,2.0,0.004761904761904745,0.3500131544330439,320.5965389669857,294.5393501662893,244.27777777777783,210.00000000000074,-105.00000000000037,-198.3333333333337,-105.00000000000037,0.0,0.0,0.0,0.0
60.0,-30.0,-56.6666666666666,-30.0,0.0,5.573077616327367,1.0,2.0,0.004761904761904745,0.35477505919494867,316.50635094610965,298.20508075688775,243.3333333333334,210.00000000000074,-105.00000000000037,-198.3333333333337,-105.00000000000037,0.0,0.0,0.0,0.0
61.0,-30.5,-57.61111111111104,-30.5,0.0,5.56711219315493,1.0,2.0,0.0047619047619048005,0.3595369639568535,312.36921415964883,301.80853216805525,242.38888888888897,209.9999999999983,-104.99999999999915,-198.33333333333138,-104.99999999999915,-5.132960723130922e-10,2.566480361565461e-10,4.894218363915531e-10,2.566480361565461e-10
62.0,-31.0,-58.555555555555486,-31.0,0.0,5.561050286290206,1.0,2.0,0.004761904761904745,0.3642988687187582,308.1861377327062,305.34903729929897,241.4444444444445,210.00000000000074,-105.00000000000037,-198.3333333333337,-105.00000000000037,5.132960723130982e-10,-2.566480361565491e-10,-4.894218363915588e-10,-2.566480361565491e-10
63.0,-31.5,-59.49999999999993,-31.5,0.0,5.554892042264308,1.0,2.0,0.0047619047619048005,0.369060773480663,303.9581410364323,308.8259460166608,240.50000000000006,209.9999999999983,-104.99999999999915,-198.33333333333138,-104.99999999999915,-5.132960723130922e-10,2.566480361565461e-10,4.894218363915531e-10,2.566480361565461e-10
64.0,-32.0,-60.44444444444437,-32.0,0.0,5.54863761007621,1.0,2.0,0.004761904761904745,0.37382267824256776,299.6862533969219,312.2386253181347,239.55555555555563,210.00000000000074,-105.00000000000037,-198.3333333333337,-105.00000000000037,5.132960723130982e-10,-2.566480361565491e-10,-4.894218363915588e-10,-2.566480361565491e-10
65.0,-32.5,-61.388888888888815,-32.5,0.0,5.542287141196598,1.0,2.0,0.004761904761904745,0.3785845830044725,295.3715138013613,315.586459494036,238.6111111111112,210.00000000000074,-105.00000000000037,-198.3333333333337,-105.00000000000037,0.0,0.0,0.0,0.0
66.0,-33.0,-62.33333333333326,-33.0,0.0,5.535840789572056,1.0,2.0,0.004761904761904745,0.38334648776637725,291.014970601516,318.868850282277,237.66666666666674,210.00000000000074,-105.00000000000037,-198.3333333333337,-105.00000000000037,0.0,0.0,0.0,0.0
67.0,-33.5,-63.2777777777777,-33.5,0.0,5.529298711628218,1.0,2.0,0.004761904761904745,0.388108392528282,286.6176812146468,322.08521701850265,236.72222222222229,210.00000000000074,-105.00000000000037,-198.3333333333337,-105.00000000000037,0.0,0.0,0.0,0.0
68.0,-34.0,-64.22222222222214,-34.0,0.0,5.522661066275066,1.0,2.0,0.0047619047619048005,0.3928702972901868,282.1807118219428,325.23499678104423,235.77777777777786,209.9999999999983,-104.99999999999915,-198.33333333333138,-104.99999999999915,-5.132960723130922e-10,2.566480361565461e-10,4.894218363915531e-10,2.566480361565461e-10
69.0,-34.5,-65.16666666666659,-34.5,0.0,5.515928014910056,1.0,2.0,0.004761904761904745,0.39763220205209154,277.7051370645639,328.3176445306486,234.83333333333343,210.00000000000074,-105.00000000000037,-198.3333333333337,-105.00000000000037,5.132960723130982e-10,-2.566480361565491e-10,-4.894218363915588e-10,-2.566480361565491e-10
70.0,-35.0,-66.11111111111103,-35.0,0.0,5.509099721423255,1.0,2.0,0.0047619047619048005,0.40239410681399634,273.19203973738166,331.3326332449432,233.88888888888897,209.9999999999983,-104.99999999999915,-198.33333333333138,-104.99999999999915,-5.132960723130922e-10,2.566480361565461e-10,4.894218363915531e-10,2.566480361565461e-10
71.0,-35.5,-67.05555555555547,-35.5,0.0,5.502176352201356,1.0,2.0,0.004761904761904745,0.4071560115759011,268.64251048051113,334.27945404759834,232.9444444444445,210.00000000000074,-105.00000000000037,-198.3333333333337,-105.00000000000037,5.132960723130982e-10,-2.566480361565491e-10,-4.894218363915588e-10,-2.566480361565491e-10
72.0,-36.0,-67.99999999999991,-36.0,0.0,5.4951580761325545,1.0,2.0,0.004761904761904745,0.41191791633780583,264.0576474687263,337.1576163321491,232.00000000000009,210.00000000000074,-105.00000000000037,-198.3333333333337,-105.00000000000037,0.0,0.0,0.0,0.0
73.0,-36.5,-68.94444444444436,-36.5,0.0,5.488045064610895,1.0,2.0,0.0047619047619048005,0.41667982109971063,259.4385560988516,339.9666478804424,231.05555555555566,209.9999999999983,-104.99999999999915,-198.33333333333138,-104.99999999999915,-5.132960723130922e-10,2.566480361565461e-10,4.894218363915531e-10,2.566480361565461e-10
74.0,-37.0,-69.8888888888888,-37.0,0.0,5.480837491541842,1.0,2.0,0.004761904761904745,0.4214417258616154,254.78634867522302,342.70609497567597,230.1111111111112,210.00000000000074,-105.00000000000037,-198.3333333333337,-105.00000000000037,5.132960723130982e-10,-2.566480361565491e-10,-4.894218363915588e-10,-2.566480361565491e-10
75.0,-37.5,-70.83333333333324,-37.5,0.0,5.47353553334629,1.0,2.0,0.004761904761904745,0.4262036306235201,250.10214409331292,345.3755225099939,229.16666666666674,210.00000000000074,-105.00000000000037,-198.3333333333337,-105.00000000000037,0.0,0.0,0.0,0.0
76.0,-38.0,-71.77777777777769,-38.0,0.0,5.466139368966674,1.0,2.0,0.004761904761904745,0.43096553538542487,245.38706752161406,347.97451408661396,228.2222222222223,210.00000000000074,-105.00000000000037,-198.3333333333337,-105.00000000000037,0.0,0.0,0.0,0.0
77.0,-38.5,-72.72222222222213,-38.5,0.0,5.458649179871807,1.0,2.0,0.0047619047619048005,0.43572744014732967,240.64225008187643,350.50267211645206,227.27777777777789,209.9999999999983,-104.99999999999915,-198.33333333333138,-104.99999999999915,-5.132960723130922e-10,2.566480361565461e-10,4.894218363915531e-10,2.566480361565461e-10
78.0,-39.0,-73.66666666666657,-39.0,0.0,5.451065150061748,1.0,2.0,0.004761904761904745,0.4404893449092344,235.8688285277946,352.9596179092205,226.33333333333343,210.00000000000074,-105.00000000000037,-198.3333333333337,-105.00000000000037,5.132960723130982e-10,-2.566480361565491e-10,-4.894218363915588e-10,-2.566480361565491e-10
79.0,-39.5,-74.61111111111101,-39.5,0.0,5.443387466074972,1.0,2.0,0.004761904761904745,0.44525124967113916,231.06794492223895,355.3449917589739,225.38888888888897,210.00000000000074,-105.00000000000037,-198.3333333333337,-105.00000000000037,0.0,0.0,0.0,0.0
80.0,-40.0,-75.55555555555546,-40.0,0.0,5.4356163169920135,1.0,2.0,0.004761904761904745,0.4500131544330439,226.24074631313056,357.65845302407644,224.44444444444454,210.00000000000074,-105.00000000000037,-198.3333333333337,-105.00000000000037,0.0,0.0,0.0,0.0
81.0,-40.5,-76.4999999999999,-40.5,0.0,5.4277518944432614,1.0,2.0,0.004761904761904745,0.45477505919494865,221.38838440805392,359.8996802015735,223.5000000000001,210.00000000000074,-105.00000000000037,-198.3333333333337,-105.00000000000037,0.0,0.0,0.0,0.0
82.0,-41.0,-77.44444444444434,-41.0,0.0,5.419794392613712,1.0,2.0,0.0047619047619048005,0.45953696395685345,216.51201524770613,362.06837099594094,222.55555555555566,209.9999999999983,-104.99999999999915,-198.33333333333138,-104.99999999999915,-5.132960723130922e-10,2.566480361565461e-10,4.894218363915531e-10,2.566480361565461e-10
83.0,-41.5,-78.38888888888879,-41.5,0.0,5.411744008249968,1.0,2.0,0.004761904761904745,0.4642988687187582,211.61279887828,364.1642423821988,221.6111111111112,210.00000000000074,-105.00000000000037,-198.3333333333337,-105.00000000000037,5.132960723130982e-10,-2.566480361565491e-10,-4.894218363915588e-10,-2.566480361565491e-10
84.0,-42.0,-79.33333333333323,-42.0,0.0,5.403600940665979,1.0,2.0,0.004761904761904745,0.46906077348066294,206.6918990228792,366.1870306633693,220.66666666666674,210.00000000000074,-105.00000000000037,-198.3333333333337,-105.00000000000037,0.0,0.0,0.0,0.0
85.0,-42.5,-80.27777777777767,-42.5,0.0,5.3953653917502775,1.0,2.0,0.0047619047619048005,0.47382267824256774,201.7504827520626,368.1364915222643,219.72222222222234,209.9999999999983,-104.99999999999915,-198.33333333333138,-104.99999999999915,-5.132960723130922e-10,2.566480361565461e-10,4.894218363915531e-10,2.566480361565461e-10
86.0,-43.0,-81.22222222222211,-43.0,0.0,5.38703756597224,1.0,2.0,0.004761904761904745,0.4785845830044725,196.78972015361768,370.0124000675895,218.77777777777789,210.00000000000074,-105.00000000000037,-198.3333333333337,-105.00000000000037,5.132960723130982e-10,-2.566480361565491e-10,-4.894218363915588e-10,-2.566480361565491e-10
87.0,-43.5,-82.16666666666656,-43.5,0.0,5.378617670389476,1.0,2.0,0.004761904761904745,0.48334648776637723,191.81078400166066,371.8145508743533,217.83333333333343,210.00000000000074,-105.00000000000037,-198.3333333333337,-105.00000000000037,0.0,0.0,0.0,0.0
88.0,-44.0,-83.111111111111,-44.0,0.0,5.3701059146541485,1.0,2.0,0.0047619047619048005,0.48810839252828203,186.814849425163,373.5427580185686,216.88888888888903,209.9999999999983,-104.99999999999915,-198.33333333333138,-104.99999999999915,-5.132960723130922e-10,2.566480361565461e-10,4.894218363915531e-10,2.566480361565461e-10
89.0,-44.5,-84.05555555555544,-44.5,0.0,5.361502511021314,1.0,2.0,0.004761904761904745,0.4928702972901868,181.80309357600203,375.19685510624106,215.94444444444457,210.00000000000074,-105.00000000000037,-198.3333333333337,-105.00000000000037,5.132960723130982e-10,-2.566480361565491e-10,-4.894218363915588e-10,-2.566480361565491e-10
90.0,-45.0,-84.99999999999989,-45.0,0.0,5.352807674355321,1.0,2.0,0.004761904761904745,0.4976322020520915,176.77669529663686,376.77669529663694,215.0000000000001,210.00000000000074,-105.00000000000037,-198.3333333333337,-105.00000000000037,0.0,0.0,0.0,0.0
91.0,-45.5,-85.94444444444433,-45.5,0.0,5.344021622138884,1.0,2.0,0.0047619047619048005,0.5023941068139963,171.736834787506,378.2821513198237,214.05555555555566,209.9999999999983,-104.99999999999915,-198.33333333333138,-104.99999999999915,-5.132960723130922e-10,2.566480361565461e-10,4.894218363915531e-10,2.566480361565461e-10
92.0,-46.0,-86.88888888888877,-46.0,0.0,5.335144574479543,1.0,2.0,0.004761904761904745,0.5071560115759011,166.6846932742492,379.71311548848195,213.1111111111112,210.00000000000074,-105.00000000000037,-198.3333333333337,-105.00000000000037,5.132960723130982e-10,-2.566480361565491e-10,-4.894218363915588e-10,-2.566480361565491e-10
93.0,-46.5,-87.83333333333321,-46.5,0.0,5.326176754119209,1.0,2.0,0.004761904761904745,0.5119179163378058,161.6214526748497,381.0694997039867,212.1666666666668,210.00000000000074,-105.00000000000037,-198.3333333333337,-105.00000000000037,0.0,0.0,0.0,0.0
94.0,-47.0,-88.77777777777766,-47.0,0.0,5.317118386440868,1.0,2.0,0.004761904761904745,0.5166798210997106,156.5482952667995,382.3512354567575,211.22222222222234,210.00000000000074,-105.00000000000037,-198.3333333333337,-105.00000000000037,0.0,0.0,0.0,0.0
95.0,-47.5,-89.7222222222221,-47.5,0.0,5.307969699478955,1.0,2.0,0.004761904761904745,0.5214417258616153,151.46640335438335,383.5582738208802,210.27777777777789,210.00000000000074,-105.00000000000037,-198.3333333333337,-105.00000000000037,0.0,0.0,0.0,0.0
96.0,-48.0,-90.66666666666654,-48.0,0.0,5.298730923926896,1.0,2.0,0.004761904761904745,0.52620363062352,146.37695893618383,384.6905854430033,209.33333333333348,210.00000000000074,-105.00000000000037,-198.3333333333337,-105.00000000000037,0.0,0.0,0.0,0.0
97.0,-48.5,-91.61111111111099,-48.5,0.0,5.2894022931469244,1.0,2.0,0.004761904761904745,0.5309655353854248,141.28114337290484,385.74816052551495,208.38888888888903,210.00000000000074,-105.00000000000037,-198.3333333333337,-105.00000000000037,0.0,0.0,0.0,0.0
98.0,-49.0,-92.55555555555543,-49.0,0.0,5.279984043178615,1.0,2.0,0.004761904761904856,0.5357274401473296,136.18013705561373,386.7310088040071,207.44444444444457,209.99999999999585,-104.99999999999793,-198.33333333332908,-104.99999999999793,-1.0265921446261725e-09,5.132960723130862e-10,9.7287511380271e-10,5.132960723130862e-10
99.0,-49.5,-93.49999999999987,-49.5,0.0,5.2704764127492725,1.0,2.0,0.004761904761904745,0.5404893449092344,131.07511907449964,387.63915951903533,206.5000000000001,210.00000000000074,-105.00000000000037,-198.3333333333337,-105.00000000000037,1.0265921446261965e-09,-5.132960723130982e-10,-9.728751138027327e-10,-5.132960723130982e-10
100.0,-50.0,-94.44444444444431,-50.0,0.0,5.26087964328271,1.0,2.0,0.004761904761904745,0.5452512496711391,125.9672668882487,388.4726613821862,205.55555555555566,210.00000000000074,-105.00000000000037,-198.3333333333337,-105.00000000000037,0.0,0.0,0.0,0.0
101.0,-50.5,-95.38888888888876,-50.5,0.0,5.251193978910695,1.0,2.0,0.004761904761904745,0.5500131544330439,120.85775599413199,389.2315825364629,204.61111111111126,210.00000000000074,-105.00000000000037,-198.3333333333337,-105.00000000000037,0.0,0.0,0.0,0.0
102.0,-51.0,-96.3333333333332,-51.0,0.0,5.241419666481914,1.0,2.0,0.004761904761904856,0.5547750591949487,115.74775959890752,389.9160105110039,203.6666666666668,209.99999999999585,-104.99999999999793,-198.33333333332908,-104.99999999999793,-1.0265921446261725e-09,5.132960723130862e-10,9.7287511380271e-10,5.132960723130862e-10
103.0,-51.5,-97.27777777777764,-51.5,0.0,5.23155695557352,1.0,2.0,0.004761904761904745,0.5595369639568535,110.63844829063189,390.52605217015054,202.72222222222234,210.00000000000074,-105.00000000000037,-198.3333333333337,-105.00000000000037,1.0265921446261965e-09,-5.132960723130982e-10,-9.728751138027327e-10,-5.132960723130982e-10
104.0,-52.0,-98.22222222222209,-52.0,0.0,5.221606098501267,1.0,2.0,0.004761904761904745,0.5642988687187582,105.53098971148101,391.06183365687986,201.77777777777794,210.00000000000074,-105.00000000000037,-198.3333333333337,-105.00000000000037,0.0,0.0,0.0,0.0
105.0,-52.5,-99.16666666666653,-52.5,0.0,5.211567350331497,1.0,2.0,0.004761904761904745,0.569060773480663,100.42654823167594,391.52350033062254,200.83333333333348,210.00000000000074,-105.00000000000037,-198.3333333333337,-105.00000000000037,0.0,0.0,0.0,0.0
106.0,-53.0,-100.11111111111097,-53.0,0.0,5.201440968891766,1.0,2.0,0.004761904761904745,0.5738226782425677,95.32628462461226,391.91121669948706,199.88888888888903,210.00000000000074,-105.00000000000037,-198.3333333333337,-105.00000000000037,0.0,0.0,0.0,0.0
107.0,-53.5,-101.05555555555542,-53.5,0.0,5.191227214783823,1.0,2.0,0.004761904761904745,0.5785845830044725,90.23135574328798,392.2251663469115,198.94444444444457,210.00000000000074,-105.00000000000037,-198.3333333333337,-105.00000000000037,0.0,0.0,0.0,0.0
108.0,-54.0,-101.99999999999986,-54.0,0.0,5.180926351394078,1.0,2.0,0.004761904761904745,0.5833464877663772,85.1429141981288,392.46555185276765,198.0000000000001,210.00000000000074,-105.00000000000037,-198.3333333333337,-105.00000000000037,0.0,0.0,0.0,0.0
109.0,-54.5,-102.9444444444443,-54.5,0.0,5.170538644907503,1.0,2.0,0.004761904761904745,0.588108392528282,80.06210803630363,392.63259470894326,197.0555555555557,210.00000000000074,-105.00000000000037,-198.3333333333337,-105.00000000000037,0.0,0.0,0.0,0.0
110.0,-55.0,-103.88888888888874,-55.0,0.0,5.160064364319674,1.0,2.0,0.004761904761904745,0.5928702972901867,74.99008042262776,392.72653522942966,196.11111111111126,210.00000000000074,-105.00000000000037,-198.3333333333337,-105.00000000000037,0.0,0.0,0.0,0.0
111.0,-55.5,-104.83333333333319,-55.5,0.0,5.149503781449797,1.0,2.0,0.004761904761904856,0.5976322020520916,69.9279693221481,392.7476324549443,195.1666666666668,209.99999999999585,-104.99999999999793,-198.33333333332908,-104.99999999999793,-1.0265921446261725e-09,5.132960723130862e-10,9.7287511380271e-10,5.132960723130862e-10
112.0,-56.0,-105.77777777777763,-56.0,0.0,5.138857170954519,1.0,2.0,0.004761904761904745,0.6023941068139963,64.87690718450425,392.696164052118,194.2222222222224,210.00000000000074,-105.00000000000037,-198.3333333333337,-105.00000000000037,1.0265921446261965e-09,-5.132960723130982e-10,-9.728751138027327e-10,-5.132960723130982e-10
113.0,-56.5,-106.72222222222207,-56.5,0.0,5.128124810341562,1.0,2.0,0.004761904761904745,0.607156011575901,59.83802063015977,392.57242620728016,193.27777777777794,210.00000000000074,-105.00000000000037,-198.3333333333337,-105.00000000000037,0.0,0.0,0.0,0.0
114.0,-57.0,-107.66666666666652,-57.0,0.0,5.117306979983859,1.0,2.0,0.004761904761904745,0.6119179163378058,54.81243013859669,392.37673351487626,192.33333333333348,210.00000000000074,-105.00000000000037,-198.3333333333337,-105.00000000000037,0.0,0.0,0.0,0.0
115.0,-57.5,-108.61111111111096,-57.5,0.0,5.106403963133926,1.0,2.0,0.004761904761904856,0.6166798210997106,49.801249738566064,392.1094188605515,191.38888888888903,209.99999999999585,-104.99999999999793,-198.33333333332908,-104.99999999999793,-1.0265921446261725e-09,5.132960723130862e-10,9.7287511380271e-10,5.132960723130862e-10
116.0,-58.0,-109.5555555555554,-58.0,0.0,5.095416045939344,1.0,2.0,0.004761904761904745,0.6214417258616154,44.8055867004857,391.77083329894,190.44444444444457,210.00000000000074,-105.00000000000037,-198.3333333333337,-105.00000000000037,1.0265921446261965e-09,-5.132960723130982e-10,-9.728751138027327e-10,-5.132960723130982e-10
117.0,-58.5,-110.49999999999984,-58.5,0.0,5.084343517457221,1.0,2.0,0.004761904761904745,0.6262036306235201,39.82654123107782,391.36134592619663,189.50000000000017,210.00000000000074,-105.00000000000037,-198.3333333333337,-105.00000000000037,0.0,0.0,0.0,0.0
118.0,-59.0,-111.44444444444429,-59.0,0.0,5.0731866696708545,1.0,2.0,0.004761904761904745,0.6309655353854249,34.86520617033545,390.8813437473135,188.5555555555557,210.00000000000074,-105.00000000000037,-198.3333333333337,-105.00000000000037,0.0,0.0,0.0,0.0
119.0,-59.5,-112.38888888888873,-59.5,0.0,5.061945797505533,1.0,2.0,0.004761904761904745,0.6357274401473296,29.922666690908606,390.3312315382607,187.61111111111126,210.00000000000074,-105.00000000000037,-198.3333333333337,-105.00000000000037,0.0,0.0,0.0,0.0
120.0,-60.0,-113.33333333333317,-60.0,0.0,5.0506211988442935,1.0,2.0,0.004761904761904745,0.6404893449092344,24.999999999999993,389.71143170299746,186.66666666666686,210.00000000000074,-105.00000000000037,-198.3333333333337,-105.00000000000037,0.0,0.0,0.0,0.0
121.0,-60.5,-114.27777777777762,-60.5,0.0,5.039213174546627,1.0,2.0,0.004761904761904745,0.6452512496711391,20.0982750438559,389.0223841253974,185.7222222222224,210.00000000000074,-105.00000000000037,-198.3333333333337,-105.00000000000037,0.0,0.0,0.0,0.0
122.0,-61.0,-115.22222222222206,-61.0,0.0,5.027722028464275,1.0,2.0,0.004761904761904745,0.6500131544330439,15.21855221494325,388.2645460161342,184.77777777777794,210.00000000000074,-105.00000000000037,-198.3333333333337,-105.00000000000037,0.0,0.0,0.0,0.0
123.0,-61.5,-116.1666666666665,-61.5,0.0,5.016148067460413,1.0,2.0,0.004761904761904856,0.6547750591949487,10.361883061896654,387.4383917545762,183.83333333333348,209.99999999999585,-104.99999999999793,-198.33333333332908,-104.99999999999793,-1.0265921446261725e-09,5.132960723130862e-10,9.7287511380271e-10,5.132960723130862e-10
124.0,-62.0,-117.11111111111094,-62.0,0.0,5.004491601427161,1.0,2.0,0.004761904761904745,0.6595369639568535,5.529310002323291,386.5444127257401,182.88888888888903,210.00000000000074,-105.00000000000037,-198.3333333333337,-105.00000000000037,1.0265921446261965e-09,-5.132960723130982e-10,-9.728751138027327e-10,-5.132960723130982e-10
125.0,-62.5,-118.05555555555539,-62.5,0.0,4.9927529433049935,1.0,2.0,0.004761904761904745,0.6642988687187582,0.721866038549327,385.5831171523538,181.94444444444463,210.00000000000074,-105.00000000000037,-198.3333333333337,-105.00000000000037,0.0,0.0,0.0,0.0
126.0,-63.0,-118.99999999999983,-63.0,0.0,4.980932409102488,1.0,2.0,0.004761904761904745,0.669060773480663,-4.059425523607952,384.5550299220814,181.00000000000017,210.00000000000074,-105.00000000000037,-198.3333333333337,-105.00000000000037,0.0,0.0,0.0,0.0
127.0,-63.5,-119.94444444444427,-63.5,0.0,4.969030317914796,1.0,2.0,0.004761904761904745,0.6738226782425677,-8.813551352957543,383.46069240996485,180.0555555555557,210.00000000000074,-105.00000000000037,-198.3333333333337,-105.00000000000037,0.0,0.0,0.0,0.0
128.0,-64.0,-120.88888888888872,-64.0,0.0,4.9570469919458295,1.0,2.0,0.004761904761904745,0.6785845830044724,-13.539508367862336,382.3006622961361,179.1111111111113,210.00000000000074,-105.00000000000037,-198.3333333333337,-105.00000000000037,0.0,0.0,0.0,0.0
129.0,-64.5,-121.83333333333316,-64.5,0.0,4.944982756528508,1.0,2.0,0.004761904761904856,0.6833464877663773,-18.236304007893718,381.07551337885934,178.16666666666686,209.99999999999585,-104.99999999999793,-198.33333333332908,-104.99999999999793,-1.0265921446261725e-09,5.132960723130862e-10,9.7287511380271e-10,5.132960723130862e-10
130.0,-65.0,-122.7777777777776,-65.0,0.0,4.932837940146054,1.0,2.0,0.004761904761904745,0.688108392528282,-22.90295650213309,379.7858353829581,177.2222222222224,210.00000000000074,-105.00000000000037,-198.3333333333337,-105.00000000000037,1.0265921446261965e-09,-5.132960723130982e-10,-9.728751138027327e-10,-5.132960723130982e-10
131.0,-65.5,-123.72222222222204,-65.5,0.0,4.920612874454271,1.0,2.0,0.004761904761904745,0.6928702972901868,-27.538495134041835,378.4322337636902,176.27777777777794,210.00000000000074,-105.00000000000037,-198.3333333333337,-105.00000000000037,0.0,0.0,0.0,0.0
132.0,-66.0,-124.66666666666649,-66.0,0.0,4.9083078943045075,1.0,2.0,0.004761904761904745,0.6976322020520915,-32.14196050282166,377.0153295061291,175.33333333333348,210.00000000000074,-105.00000000000037,-198.3333333333337,-105.00000000000037,0.0,0.0,0.0,0.0
133.0,-66.5,-125.61111111111093,-66.5,0.0,4.895923337767121,1.0,2.0,0.004761904761904745,0.7023941068139963,-36.712404781188155,375.5357589201151,174.38888888888908,210.00000000000074,-105.00000000000037,-198.3333333333337,-105.00000000000037,0.0,0.0,0.0,0.0
134.0,-67.0,-126.55555555555537,-67.0,0.0,4.883459546154703,1.0,2.0,0.004761904761904745,0.707156011575901,-41.24889196948098,373.9941734308403,173.44444444444463,210.00000000000074,-105.00000000000037,-198.3333333333337,-105.00000000000037,0.0,0.0,0.0,0.0
135.0,-67.5,-127.49999999999982,-67.5,0.0,4.870916864047351,1.0,2.0,0.004761904761904745,0.7119179163378058,-45.75049814603709,372.3912393651312,172.50000000000017,210.00000000000074,-105.00000000000037,-198.3333333333337,-105.00000000000037,0.0,0.0,0.0,0.0
136.0,-68.0,-128.44444444444426,-68.0,0.0,4.8582956393173236,1.0,2.0,0.004761904761904856,0.7166798210997106,-50.21631171375233,370.7276377334963,171.55555555555577,209.99999999999585,-104.99999999999793,-198.33333333332908,-104.99999999999793,-1.0265921446261725e-09,5.132960723130862e-10,9.7287511380271e-10,5.132960723130862e-10
137.0,-68.5,-129.38888888888872,-68.5,0.0,4.845596223155464,1.0,2.0,0.004761904761904745,0.7214417258616154,-54.645433642759855,369.0040640080058,170.6111111111113,210.00000000000074,-105.00000000000037,-198.3333333333367,-105.00000000000037,1.0265921446261965e-09,-5.132960723130982e-10,-1.5995738067431431e-09,-5.132960723130982e-10
138.0,-69.0,-130.33333333333317,-69.0,0.0,4.8328189700977395,1.0,2.0,0.004761904761904745,0.7262036306235201,-59.0369777091538,367.22122789607215,169.66666666666686,210.00000000000074,-105.00000000000037,-198.3333333333367,-105.00000000000037,0.0,0.0,0.0,0.0
139.0,-69.5,-131.27777777777763,-69.5,0.0,4.819964238052455,1.0,2.0,0.004761904761904745,0.7309655353854249,-63.39007072968761,365.3798531102009,168.7222222222224,210.00000000000074,-105.00000000000037,-198.3333333333367,-105.00000000000037,0.0,0.0,0.0,0.0
140.0,-70.0,-132.2222222222221,-70.0,0.0,4.807032388327606,1.0,2.0,0.004761904761904745,0.7357274401473296,-67.70385279237846,363.480677133785,167.77777777777794,210.00000000000074,-105.00000000000037,-198.3333333333367,-105.00000000000037,0.0,0.0,0.0,0.0
141.0,-70.5,-133.16666666666654,-70.5,0.0,4.79402378566113,1.0,2.0,0.004761904761904745,0.7404893449092343,-71.97747748295144,361.5244509830121,166.83333333333348,210.00000000000074,-105.00000000000037,-198.3333333333367,-105.00000000000037,0.0,0.0,0.0,0.0
142.0,-71.0,-134.111111111111,-71.0,0.0,4.7809387982492595,1.0,2.0,0.004761904761904745,0.7452512496711391,-76.21011210705527,359.5119389649609,165.88888888888903,210.00000000000074,-105.00000000000037,-198.3333333333367,-105.00000000000037,0.0,0.0,0.0,0.0
143.0,-71.5,-135.05555555555546,-71.5,0.0,4.767777797777236,1.0,2.0,0.004761904761904856,0.750013154433044,-80.40093790818563,357.44391843195945,164.94444444444457,209.99999999999585,-104.99999999999793,-198.33333333333206,-104.99999999999793,-1.0265921446261725e-09,5.132960723130862e-10,9.7287511380271e-10,5.132960723130862e-10
144.0,-72.0,-135.99999999999991,-72.0,0.0,4.754541159450349,1.0,2.0,0.004761904761904745,0.7547750591949487,-84.54915028125262,355.32117953228305,164.0000000000001,210.00000000000074,-105.00000000000037,-198.3333333333367,-105.00000000000037,1.0265921446261965e-09,-5.132960723130982e-10,-9.728751138027327e-10,-5.132960723130982e-10
145.0,-72.5,-136.94444444444437,-72.5,0.0,4.741229262026907,1.0,2.0,0.004761904761904856,0.7595369639568536,-88.65395898173007,353.14452495726596,163.05555555555566,209.99999999999585,-104.99999999999793,-198.33333333333206,-104.99999999999793,-1.0265921446261725e-09,5.132960723130862e-10,9.7287511380271e-10,5.132960723130862e-10
146.0,-73.0,-137.88888888888883,-73.0,0.0,4.7278424878492755,1.0,2.0,0.004761904761904745,0.7642988687187583,-92.71458833032419,350.91476968490826,162.1111111111112,210.00000000000074,-105.00000000000037,-198.3333333333367,-105.00000000000037,1.0265921446261965e-09,-5.132960723130982e-10,-9.728751138027327e-10,-5.132960723130982e-10
147.0,-73.5,-138.8333333333333,-73.5,0.0,4.71438122287924,1.0,2.0,0.004761904761904745,0.769060773480663,-96.73027741310426,348.6327407200537,161.16666666666674,210.00000000000074,-105.00000000000037,-198.3333333333367,-105.00000000000037,0.0,0.0,0.0,0.0
148.0,-74.0,-139.77777777777774,-74.0,0.0,4.7008458567316795,1.0,2.0,0.004761904761904745,0.7738226782425678,-100.70028027703546,346.2992768312207,160.22222222222229,210.00000000000074,-105.00000000000037,-198.3333333333367,-105.00000000000037,0.0,0.0,0.0,0.0
149.0,-74.5,-140.7222222222222,-74.5,0.0,4.687236782711045,1.0,2.0,0.004761904761904745,0.7785845830044725,-104.62386612085827,343.91522828416663,159.27777777777783,210.00000000000074,-105.00000000000037,-198.3333333333367,-105.00000000000037,0.0,0.0,0.0,0.0
150.0,-75.0,-141.66666666666666,-75.0,0.0,4.673554397847101,1.0,2.0,0.004761904761904745,0.7833464877663773,-108.50031948125762,341.48145657226706,158.33333333333337,210.00000000000074,-105.00000000000037,-198.3333333333367,-105.00000000000037,0.0,0.0,0.0,0.0
151.0,-75.5,-142.61111111111111,-75.5,0.0,4.659799102932362,1.0,2.0,0.004761904761904745,0.788108392528282,-112.32894041426884,338.9988341437944,157.3888888888889,210.00000000000074,-105.00000000000037,-198.3333333333367,-105.00000000000037,0.0,0.0,0.0,0.0
152.0,-76.0,-143.55555555555557,-76.0,0.0,4.6459713025618194,1.0,2.0,0.004761904761904856,0.7928702972901869,-116.10904467186845,336.4682441261773,156.44444444444446,209.99999999999585,-104.99999999999793,-198.33333333333206,-104.99999999999793,-1.0265921446261725e-09,5.132960723130862e-10,9.7287511380271e-10,5.132960723130862e-10
153.0,-76.5,-144.50000000000003,-76.5,0.0,4.6320714051711445,1.0,2.0,0.004761904761904745,0.7976322020520916,-119.83996387369724,333.8905800473285,155.5,210.00000000000074,-105.00000000000037,-198.3333333333367,-105.00000000000037,1.0265921446261965e-09,-5.132960723130982e-10,-9.728751138027327e-10,-5.132960723130982e-10
154.0,-77.0,-145.44444444444449,-77.0,0.0,4.618099823078006,1.0,2.0,0.004761904761904745,0.8023941068139964,-123.52104567386723,331.26674555412427,154.55555555555554,210.00000000000074,-105.00000000000037,-198.3333333333367,-105.00000000000037,0.0,0.0,0.0,0.0
155.0,-77.5,-146.38888888888894,-77.5,0.0,4.604056972523685,1.0,2.0,0.004761904761904745,0.8071560115759011,-127.15165392280431,328.5976541281233,153.6111111111111,210.00000000000074,-105.00000000000037,-198.3333333333367,-105.00000000000037,0.0,0.0,0.0,0.0
156.0,-78.0,-147.3333333333334,-78.0,0.0,4.589943273716499,1.0,2.0,0.004761904761904745,0.8119179163378059,-130.73116882408036,325.8842287986115,152.66666666666663,210.00000000000074,-105.00000000000037,-198.3333333333367,-105.00000000000037,0.0,0.0,0.0,0.0
157.0,-78.5,-148.27777777777786,-78.5,0.0,4.575759150874746,1.0,2.0,0.004761904761904745,0.8166798210997106,-134.25898708618874,323.1274018530622,151.72222222222217,210.00000000000074,-105.00000000000037,-198.3333333333367,-105.00000000000037,0.0,0.0,0.0,0.0
158.0,-79.0,-149.2222222222223,-79.0,0.0,4.561505032273042,1.0,2.0,0.004761904761904856,0.8214417258616155,-137.73452206922127,320.3281145450984,150.77777777777771,209.99999999999585,-104.99999999999793,-198.33333333333206,-104.99999999999793,-1.0265921446261725e-09,5.132960723130862e-10,9.7287511380271e-10,5.132960723130862e-10
159.0,-79.5,-150.16666666666677,-79.5,0.0,4.547181350287922,1.0,2.0,0.004761904761904745,0.8262036306235202,-141.15720392640355,317.4873168000487,149.83333333333326,210.00000000000074,-105.00000000000037,-198.3333333333367,-105.00000000000037,1.0265921446261965e-09,-5.132960723130982e-10,-9.728751138027327e-10,-5.132960723130982e-10
160.0,-80.0,-151.11111111111123,-80.0,0.0,4.532788541446158,1.0,2.0,0.004761904761904745,0.830965535385425,-144.5264797404491,314.6059669181858,148.8888888888888,210.00000000000074,-105.00000000000037,-198.3333333333367,-105.00000000000037,0.0,0.0,0.0,0.0
161.0,-80.5,-152.05555555555569,-80.5,0.0,4.518327046474055,1.0,2.0,0.004761904761904745,0.8357274401473297,-147.84181365469396,311.6850312757392,147.94444444444434,210.00000000000074,-105.00000000000037,-198.3333333333367,-105.00000000000037,0.0,0.0,0.0,0.0
162.0,-81.0,-153.00000000000014,-81.0,0.0,4.503797310346785,1.0,2.0,0.004761904761904745,0.8404893449092344,-151.10268699897304,308.72548402377396,146.9999999999999,210.00000000000074,-105.00000000000037,-198.3333333333367,-105.00000000000037,0.0,0.0,0.0,0.0
163.0,-81.5,-153.9444444444446,-81.5,0.0,4.489199782341067,1.0,2.0,0.004761904761904745,0.8452512496711392,-154.30859841020444,305.7283067850266,146.05555555555543,210.00000000000074,-105.00000000000037,-198.3333333333367,-105.00000000000037,0.0,0.0,0.0,0.0
164.0,-82.0,-154.88888888888906,-82.0,0.0,4.4745349160881105,1.0,2.0,0.004761904761904745,0.8500131544330439,-157.45906394764737,302.69448834879245,145.11111111111097,210.00000000000074,-105.00000000000037,-198.3333333333367,-105.00000000000037,0.0,0.0,0.0,0.0
165.0,-82.5,-155.8333333333335,-82.5,0.0,4.459803169628191,1.0,2.0,0.004761904761904856,0.8547750591949488,-160.55361720280078,299.6250243639568,144.16666666666652,209.99999999999585,-104.99999999999793,-198.33333333333206,-104.99999999999793,-1.0265921446261725e-09,5.132960723130862e-10,9.7287511380271e-10,5.132960723130862e-10
166.0,-83.0,-156.77777777777797,-83.0,0.0,4.445005005466603,1.0,2.0,0.004783021322195435,0.8595580805171442,-163.5918094039125,296.52091703026406,143.22222222222206,209.07287102391464,-104.53643551195732,-197.4577115225887,-104.53643551195732,-193.8375168387602,96.9187584193801,183.06876590327187,96.9187584193801
167.0,-83.5,-157.72222222222243,-83.5,0.0,4.430140890631609,1.0,2.0,0.004936438073911087,0.8644945185910553,-166.57320951507046,293.3831747879198,142.2777777777776,202.57521415795068,-101.28760707897534,-191.32103559362264,-101.28760707897534,-1316.264231147528,658.132115573764,1243.1384405282427,658.132115573764
168.0,-84.0,-158.66666666666688,-84.0,0.0,4.415211296733565,1.0,2.0,0.0051302434700092325,0.8696247620610645,-169.49740432984783,290.21281200562015,141.33333333333314,194.92252284825778,-97.46126142412889,-184.09349380113483,-97.46126142412889,-1491.6818966642777,745.8409483321389,1408.8106801829438,745.8409483321389
169.0,-84.5,-159.61111111111134,-84.5,0.0,4.400216700026019,1.0,2.0,0.005348842942234033,0.8749736050032986,-172.36399855947684,287.0108486671037,140.3888888888887,186.95632135766795,-93.47816067883397,-176.56985906002208,-93.47816067883397,-1489.3317258746472,744.6658629373236,1406.591074437189,744.6658629373236
170.0,-85.0,-160.5555555555558,-85.0,0.0,4.385157581468069,1.0,2.0,0.005598022327733765,0.8805716273310323,-175.17261491552713,283.7783100563224,139.44444444444423,178.63451437944298,-89.31725718972149,-168.7103746916984,-89.31725718972149,-1486.5619483146772,743.2809741573386,1403.9751734083231,743.2809741573386
171.0,-85.5,-161.50000000000026,-85.5,0.0,4.3700344267882105,1.0,2.0,0.005885655041426685,0.886457282372459,-177.92289418706633,280.5162264413282,138.49999999999977,169.90462284340734,-84.95231142170367,-160.46547712988686,-84.95231142170367,-1483.2489288939892,741.6244644469946,1400.8462106221189,741.6244644469946
172.0,-86.0,-162.4444444444447,-86.0,0.0,4.3548477265516174,1.0,2.0,0.0062227835745344295,0.8926800659469935,-180.61449531228277,277.22563275696916,137.55555555555532,160.69978780755156,-80.34989390377578,-151.77202181824518,-80.34989390377578,-1479.21503706554,739.60751853277,1397.0364238952507,739.60751853277
173.0,-86.5,-163.38888888888917,-86.5,0.0,4.339597976226754,1.0,2.0,0.006625476498898553,0.899305542445892,-183.24709544455024,273.90756828649626,136.61111111111086,150.9325404997277,-75.46627024986385,-142.54739936085585,-75.46627024986385,-1474.1954498589798,737.0977249294899,1392.295702644613,737.0977249294899
174.0,-87.0,-164.33333333333363,-87.0,0.0,4.32428567625588,1.0,2.0,0.007118218783751518,0.9064237612296435,-185.82039001291872,270.5630763421742,135.6666666666664,140.4845833458591,-70.24229167292955,-132.67988427109094,-70.24229167292955,-1467.7769075766184,733.8884537883092,1386.2337460446006,733.8884537883092
175.0,-87.5,-165.27777777777808,-87.5,0.0,4.3089113321267405,1.0,2.0,0.00774060266512977,0.9141643638947733,-188.33409277701512,267.1932039449962,134.72222222222194,129.1889072804172,-64.5944536402086,-122.01174576484009,-64.5944536402086,-1459.2760478880025,729.6380239440012,1378.2051563386901,729.6380239440012
176.0,-88.0,-166.22222222222254,-88.0,0.0,4.293475454446081,1.0,2.0,0.008561959054927182,0.9227263229497005,-190.78793587633962,263.799001503599,133.7777777777775,116.79569986083108,-58.39784993041554,-110.30704986856415,-58.39784993041554,-1447.4733340910052,723.7366670455026,1367.0581488637454,723.7366670455026
177.0,-88.5,-167.166666666667,-88.5,0.0,4.277978559015148,1.0,2.0,0.009718260132923429,0.9324445830826239,-193.18166987394656,260.3815224924781,132.83333333333303,102.8990772342273,-51.44953861711365,-97.18246183232709,-51.44953861711365,-1429.9496449498122,714.9748224749061,1350.5079980081725,714.9748224749061
178.0,-89.0,-168.11111111111146,-89.0,0.0,4.2624211669082985,1.0,2.0,0.011527651942964567,0.9439722350255885,-195.51506379449836,256.941823129598,131.88888888888857,86.7479348741362,-43.3739674370681,-81.92860515890752,-43.3739674370681,-1401.0782455960853,700.5391227980426,1323.2405652852094,700.5391227980426
179.0,-89.5,-169.0555555555559,-89.5,0.0,4.246803804552472,1.0,2.0,0.015023128501353455,0.9589953635269419,-197.78790515668484,253.4809620534995,130.94444444444412,66.5640315803668,-33.2820157901834,-62.86602982590282,-33.2820157901834,-1343.521976261536,671.760988130768,1268.8818664692458,671.760988130768
180.0,-90.0,-170.00000000000037,-90.0,0.0,4.231127003809608,1.0,2.0,0.03626904057724112,0.995264404104183,-200.00000000000003,250.00000000000003,129.99999999999966,27.571724646819074,-13.785862323409537,-26.039962166440585,-13.785862323409537,-1075.085150116032,537.542575058016,1015.3581973318218,537.542575058016
179.0,-89.5,-169.0555555555559,-89.5,0.0,4.231127003809608,1.0,3.0,0.0,0.995264404104183,-197.78790515668484,253.4809620534995,130.94444444444412,0.0,0.0,0.0,0.0,0.0,0.0,0.0,0.0
178.0,-89.0,-168.11111111111146,-89.0,0.0,4.246803804552472,1.0,3.0,0.051292169078594844,1.046556573182778,-195.51506379449836,256.941823129598,131.88888888888857,-19.49615346677388,9.74807673338694,18.41303382973113,9.74807673338694,-380.0999999999991,190.04999999999956,358.98333333333727,190.04999999999956
177.0,-88.5,-167.166666666667,-88.5,0.0,4.2624211669082985,1.0,3.0,0.011527651942964436,1.0580842251257423,-193.18166987394656,260.3815224924781,132.83333333333303,-86.74793487413788,43.37396743706894,81.9286051589091,43.37396743706894,-5833.953153695769,2916.9765768478846,5509.844645157189,2916.9765768478846
176.0,-88.0,-166.22222222222254,-88.0,0.0,4.277978559015148,1.0,3.0,0.009718260132923442,1.0678024852586658,-190.78793587633962,263.799001503599,133.7777777777775,-102.89907723422613,51.44953861711306,97.18246183232598,51.44953861711306,-1661.9376451317014,830.9688225658507,1569.6077759577404,830.9688225658507
175.0,-87.5,-165.27777777777808,-87.5,0.0,4.293475454446081,1.0,3.0,0.008561959054927182,1.076364444313593,-188.33409277701512,267.1932039449962,134.72222222222194,-116.79569986083258,58.39784993041629,110.30704986856558,58.39784993041629,-1623.0657653763828,811.5328826881914,1532.8954450777146,811.5328826881914
174.0,-87.0,-164.33333333333363,-87.0,0.0,4.3089113321267405,1.0,3.0,0.007740602665129687,1.0841050469787226,-185.82039001291872,270.5630763421742,135.6666666666664,-129.18890728041904,64.59445364020952,122.01174576484183,64.59445364020952,-1601.0649242359564,800.5324621179782,1512.1168728895336,800.5324621179782
173.0,-86.5,-163.38888888888917,-86.5,0.0,4.32428567625588,1.0,3.0,0.007118218783751587,1.091223265762474,-183.24709544455024,273.90756828649626,136.61111111111086,-140.4845833458591,70.24229167292955,132.67988427109094,70.24229167292955,-1586.8683456631404,793.4341728315702,1498.7089931263217,793.4341728315702
172.0,-86.0,-162.4444444444447,-86.0,0.0,4.339597976226754,1.0,3.0,0.006625476498898511,1.0978487422613725,-180.61449531228277,277.22563275696916,137.55555555555532,-150.93254049973024,75.46627024986512,142.54739936085826,75.46627024986512,-1576.9367162661006,788.4683581330503,1489.3291209180059,788.4683581330503
171.0,-85.5,-161.50000000000026,-85.5,0.0,4.3548477265516174,1.0,3.0,0.006222783574534402,1.1040715258359068,-177.92289418706633,280.5162264413282,138.49999999999977,-160.69978780755443,80.34989390377721,151.77202181824788,80.34989390377721,-1569.5945698312548,784.7972849156274,1482.3948715073122,784.7972849156274
170.0,-85.0,-160.5555555555558,-85.0,0.0,4.3700344267882105,1.0,3.0,0.005885655041426727,1.1099571808773336,-175.17261491552713,283.7783100563224,139.44444444444423,-169.90462284340416,84.95231142170208,160.46547712988385,84.95231142170208,-1563.9440251018002,781.9720125509001,1477.0582459294983,781.9720125509001
169.0,-84.5,-159.61111111111134,-84.5,0.0,4.385157581468069,1.0,3.0,0.0055980223277338065,1.1155552032050675,-172.36399855947684,287.0108486671037,140.3888888888887,-178.63451437943942,89.31725718971971,168.71037469169505,89.31725718971971,-1559.4599351248387,779.7299675624193,1472.8232720623678,779.7299675624193
168.0,-84.0,-158.66666666666688,-84.0,0.0,4.400216700026019,1.0,3.0,0.005348842942233936,1.1209040461473014,-169.49740432984783,290.21281200562015,141.33333333333314,-186.9563213576718,93.4781606788359,176.56985906002575,93.4781606788359,-1555.8144196989301,777.9072098494651,1469.3802852712322,777.9072098494651
167.0,-83.5,-157.72222222222243,-83.5,0.0,4.415211296733565,1.0,3.0,0.0051302434700092325,1.1260342896173108,-166.57320951507046,293.3831747879198,142.2777777777776,-194.92252284825358,97.46126142412679,184.09349380113085,97.46126142412679,-1552.7920920617162,776.3960460308581,1466.525864724973,776.3960460308581
166.0,-83.0,-156.77777777777797,-83.0,0.0,4.430140890631609,1.0,3.0,0.00493643807391117,1.130970727691222,-163.5918094039125,296.52091703026406,143.22222222222206,-202.57521415794614,101.28760707897307,191.32103559361835,101.28760707897307,-1550.2455809456228,775.1227904728114,1464.120826448661,775.1227904728114
165.0,-82.5,-155.8333333333335,-82.5,0.0,4.445005005466603,1.0,3.0,0.004783021322195435,1.1357537490134173,-160.55361720280078,299.6250243639568,144.16666666666652,-209.0728710239195,104.53643551195975,197.45771152259329,104.53643551195975,-1358.4837758973351,679.2418879486676,1283.0124550141686,679.2418879486676
164.0,-82.0,-154.88888888888906,-82.0,0.0,4.459803169628191,1.0,3.0,0.004761904761904773,1.140515653775322,-157.45906394764737,302.69448834879245,145.11111111111097,-210.00000000000074,105.00000000000037,198.3333333333367,105.00000000000037,-194.69708497706006,97.34854248853003,183.88058025611693,97.34854248853003
163.0,-81.5,-153.9444444444446,-81.5,0.0,4.4745349160881105,1.0,3.0,0.004761904761904773,1.1452775585372268,-154.30859841020444,305.7283067850266,146.05555555555543,-210.00000000000074,105.00000000000037,198.3333333333367,105.00000000000037,0.0,0.0,0.0,0.0
162.0,-81.0,-153.00000000000014,-81.0,0.0,4.489199782341067,1.0,3.0,0.004761904761904745,1.1500394632991315,-151.10268699897304,308.72548402377396,146.9999999999999,-210.00000000000074,105.00000000000037,198.3333333333367,105.00000000000037,0.0,0.0,0.0,0.0
161.0,-80.5,-152.05555555555569,-80.5,0.0,4.503797310346785,1.0,3.0,0.004761904761904773,1.1548013680610363,-147.84181365469396,311.6850312757392,147.94444444444434,-210.00000000000074,105.00000000000037,198.3333333333367,105.00000000000037,0.0,0.0,0.0,0.0
160.0,-80.0,-151.11111111111123,-80.0,0.0,4.518327046474055,1.0,3.0,0.004761904761904745,1.159563272822941,-144.5264797404491,314.6059669181858,148.8888888888888,-210.00000000000074,105.00000000000037,198.3333333333367,105.00000000000037,0.0,0.0,0.0,0.0
159.0,-79.5,-150.16666666666677,-79.5,0.0,4.532788541446158,1.0,3.0,0.004761904761904773,1.1643251775848458,-141.15720392640355,317.4873168000487,149.83333333333326,-210.00000000000074,105.00000000000037,198.3333333333367,105.00000000000037,0.0,0.0,0.0,0.0
158.0,-79.0,-149.2222222222223,-79.0,0.0,4.547181350287922,1.0,3.0,0.004761904761904773,1.1690870823467505,-137.73452206922127,320.3281145450984,150.77777777777771,-210.00000000000074,105.00000000000037,198.3333333333367,105.00000000000037,0.0,0.0,0.0,0.0
157.0,-78.5,-148.27777777777786,-78.5,0.0,4.561505032273042,1.0,3.0,0.004761904761904745,1.1738489871086553,-134.25898708618874,323.1274018530622,151.72222222222217,-210.00000000000074,105.00000000000037,198.3333333333367,105.00000000000037,0.0,0.0,0.0,0.0
156.0,-78.0,-147.3333333333334,-78.0,0.0,4.575759150874746,1.0,3.0,0.004761904761904773,1.17861089187056,-130.73116882408036,325.8842287986115,152.66666666666663,-210.00000000000074,105.00000000000037,198.3333333333367,105.00000000000037,0.0,0.0,0.0,0.0
155.0,-77.5,-146.38888888888894,-77.5,0.0,4.589943273716499,1.0,3.0,0.004761904761904773,1.1833727966324648,-127.15165392280431,328.5976541281233,153.6111111111111,-210.00000000000074,105.00000000000037,198.3333333333367,105.00000000000037,0.0,0.0,0.0,0.0
154.0,-77.0,-145.44444444444449,-77.0,0.0,4.604056972523685,1.0,3.0,0.004761904761904745,1.1881347013943695,-123.52104567386723,331.26674555412427,154.55555555555554,-210.00000000000074,105.00000000000037,198.3333333333367,105.00000000000037,0.0,0.0,0.0,0.0
153.0,-76.5,-144.50000000000003,-76.5,0.0,4.618099823078006,1.0,3.0,0.004761904761904773,1.1928966061562742,-119.83996387369724,333.8905800473285,155.5,-210.00000000000074,105.00000000000037,198.3333333333367,105.00000000000037,0.0,0.0,0.0,0.0
152.0,-76.0,-143.55555555555557,-76.0,0.0,4.6320714051711445,1.0,3.0,0.004761904761904773,1.197658510918179,-116.10904467186845,336.4682441261773,156.44444444444446,-210.00000000000074,105.00000000000037,198.3333333333367,105.00000000000037,0.0,0.0,0.0,0.0
151.0,-75.5,-142.61111111111111,-75.5,0.0,4.6459713025618194,1.0,3.0,0.004761904761904745,1.2024204156800837,-112.32894041426884,338.9988341437944,157.3888888888889,-210.00000000000074,105.00000000000037,198.3333333333367,105.00000000000037,0.0,0.0,0.0,0.0
150.0,-75.0,-141.66666666666666,-75.0,0.0,4.659799102932362,1.0,3.0,0.004761904761904745,1.2071823204419885,-108.50031948125762,341.48145657226706,158.33333333333337,-210.00000000000074,105.00000000000037,198.3333333333367,105.00000000000037,0.0,0.0,0.0,0.0
149.0,-74.5,-140.7222222222222,-74.5,0.0,4.673554397847101,1.0,3.0,0.0047619047619048005,1.2119442252038932,-104.62386612085827,343.91522828416663,159.27777777777783,-210.00000000000074,105.00000000000037,198.3333333333367,105.00000000000037,0.0,0.0,0.0,0.0
148.0,-74.0,-139.77777777777774,-74.0,0.0,4.687236782711045,1.0,3.0,0.004761904761904745,1.216706129965798,-100.70028027703546,346.2992768312207,160.22222222222229,-210.00000000000074,105.00000000000037,198.3333333333367,105.00000000000037,0.0,0.0,0.0,0.0
147.0,-73.5,-138.8333333333333,-73.5,0.0,4.7008458567316795,1.0,3.0,0.004761904761904745,1.2214680347277027,-96.73027741310426,348.6327407200537,161.16666666666674,-210.00000000000074,105.00000000000037,198.3333333333367,105.00000000000037,0.0,0.0,0.0,0.0
146.0,-73.0,-137.88888888888883,-73.0,0.0,4.71438122287924,1.0,3.0,0.0047619047619048005,1.2262299394896075,-92.71458833032419,350.91476968490826,162.1111111111112,-210.00000000000074,105.00000000000037,198.3333333333367,105.00000000000037,0.0,0.0,0.0,0.0
145.0,-72.5,-136.94444444444437,-72.5,0.0,4.7278424878492755,1.0,3.0,0.004761904761904745,1.2309918442515122,-88.65395898173007,353.14452495726596,163.05555555555566,-210.00000000000074,105.00000000000037,198.3333333333367,105.00000000000037,0.0,0.0,0.0,0.0
144.0,-72.0,-135.99999999999991,-72.0,0.0,4.741229262026907,1.0,3.0,0.004761904761904745,1.235753749013417,-84.54915028125262,355.32117953228305,164.0000000000001,-210.00000000000074,105.00000000000037,198.3333333333367,105.00000000000037,0.0,0.0,0.0,0.0
143.0,-71.5,-135.05555555555546,-71.5,0.0,4.754541159450349,1.0,3.0,0.004761904761904773,1.2405156537753217,-80.40093790818563,357.44391843195945,164.94444444444457,-210.00000000000074,105.00000000000037,198.3333333333367,105.00000000000037,0.0,0.0,0.0,0.0
142.0,-71.0,-134.111111111111,-71.0,0.0,4.767777797777236,1.0,3.0,0.004761904761904773,1.2452775585372264,-76.21011210705527,359.5119389649609,165.88888888888903,-210.00000000000074,105.00000000000037,198.3333333333367,105.00000000000037,0.0,0.0,0.0,0.0
141.0,-70.5,-133.16666666666654,-70.5,0.0,4.7809387982492595,1.0,3.0,0.004761904761904745,1.2500394632991312,-71.97747748295144,361.5244509830121,166.83333333333348,-210.00000000000074,105.00000000000037,198.3333333333367,105.00000000000037,0.0,0.0,0.0,0.0
140.0,-70.0,-132.2222222222221,-70.0,0.0,4.79402378566113,1.0,3.0,0.004761904761904745,1.254801368061036,-67.70385279237846,363.480677133785,167.77777777777794,-210.00000000000074,105.00000000000037,198.3333333333367,105.00000000000037,0.0,0.0,0.0,0.0
139.0,-69.5,-131.27777777777763,-69.5,0.0,4.807032388327606,1.0,3.0,0.0047619047619048005,1.2595632728229407,-63.39007072968761,365.3798531102009,168.7222222222224,-210.00000000000074,105.00000000000037,198.3333333333367,105.00000000000037,0.0,0.0,0.0,0.0
138.0,-69.0,-130.33333333333317,-69.0,0.0,4.819964238052455,1.0,3.0,0.004761904761904745,1.2643251775848454,-59.0369777091538,367.22122789607215,169.66666666666686,-210.00000000000074,105.00000000000037,198.3333333333367,105.00000000000037,0.0,0.0,0.0,0.0
137.0,-68.5,-129.38888888888872,-68.5,0.0,4.8328189700977395,1.0,3.0,0.0047619047619048005,1.2690870823467502,-54.645433642759855,369.0040640080058,170.6111111111113,-210.00000000000074,105.00000000000037,198.3333333333367,105.00000000000037,0.0,0.0,0.0,0.0
136.0,-68.0,-128.44444444444426,-68.0,0.0,4.845596223155464,1.0,3.0,0.004761904761904745,1.273848987108655,-50.21631171375233,370.7276377334963,171.55555555555577,-210.00000000000074,105.00000000000037,198.3333333333367,105.00000000000037,0.0,0.0,0.0,0.0
135.0,-67.5,-127.49999999999982,-67.5,0.0,4.8582956393173236,1.0,3.0,0.004761904761904745,1.2786108918705597,-45.75049814603709,372.3912393651312,172.50000000000017,-210.00000000000074,105.00000000000037,198.3333333333337,105.00000000000037,0.0,0.0,-6.266986929404106e-10,0.0
134.0,-67.0,-126.55555555555537,-67.0,0.0,4.870916864047351,1.0,3.0,0.004761904761904745,1.2833727966324644,-41.24889196948098,373.9941734308403,173.44444444444463,-210.00000000000074,105.00000000000037,198.3333333333337,105.00000000000037,0.0,0.0,0.0,0.0
133.0,-66.5,-125.61111111111093,-66.5,0.0,4.883459546154703,1.0,3.0,0.004761904761904745,1.2881347013943691,-36.712404781188155,375.5357589201151,174.38888888888908,-210.00000000000074,105.00000000000037,198.3333333333337,105.00000000000037,0.0,0.0,0.0,0.0
132.0,-66.0,-124.66666666666649,-66.0,0.0,4.895923337767121,1.0,3.0,0.0047619047619048005,1.2928966061562739,-32.14196050282166,377.0153295061291,175.33333333333348,-210.00000000000074,105.00000000000037,198.3333333333337,105.00000000000037,0.0,0.0,0.0,0.0
131.0,-65.5,-123.72222222222204,-65.5,0.0,4.9083078943045075,1.0,3.0,0.004761904761904745,1.2976585109181786,-27.538495134041835,378.4322337636902,176.27777777777794,-210.00000000000074,105.00000000000037,198.3333333333337,105.00000000000037,0.0,0.0,0.0,0.0
130.0,-65.0,-122.7777777777776,-65.0,0.0,4.920612874454271,1.0,3.0,0.0047619047619048005,1.3024204156800834,-22.90295650213309,379.7858353829581,177.2222222222224,-210.00000000000074,105.00000000000037,198.3333333333337,105.00000000000037,0.0,0.0,0.0,0.0
129.0,-64.5,-121.83333333333316,-64.5,0.0,4.932837940146054,1.0,3.0,0.004761904761904745,1.3071823204419881,-18.236304007893718,381.07551337885934,178.16666666666686,-210.00000000000074,105.00000000000037,198.3333333333337,105.00000000000037,0.0,0.0,0.0,0.0
128.0,-64.0,-120.88888888888872,-64.0,0.0,4.944982756528508,1.0,3.0,0.004761904761904745,1.3119442252038929,-13.539508367862336,382.3006622961361,179.1111111111113,-210.00000000000074,105.00000000000037,198.3333333333337,105.00000000000037,0.0,0.0,0.0,0.0
127.0,-63.5,-119.94444444444427,-63.5,0.0,4.9570469919458295,1.0,3.0,0.004761904761904745,1.3167061299657976,-8.813551352957543,383.46069240996485,180.0555555555557,-210.00000000000074,105.00000000000037,198.3333333333337,105.00000000000037,0.0,0.0,0.0,0.0
126.0,-63.0,-118.99999999999983,-63.0,0.0,4.969030317914796,1.0,3.0,0.0047619047619048005,1.3214680347277024,-4.059425523607952,384.5550299220814,181.00000000000017,-210.00000000000074,105.00000000000037,198.3333333333337,105.00000000000037,0.0,0.0,0.0,0.0
125.0,-62.5,-118.05555555555539,-62.5,0.0,4.980932409102488,1.0,3.0,0.004761904761904745,1.326229939489607,0.721866038549327,385.5831171523538,181.94444444444463,-210.00000000000074,105.00000000000037,198.3333333333337,105.00000000000037,0.0,0.0,0.0,0.0
124.0,-62.0,-117.11111111111094,-62.0,0.0,4.9927529433049935,1.0,3.0,0.0047619047619048005,1.3309918442515118,5.529310002323291,386.5444127257401,182.88888888888903,-210.00000000000074,105.00000000000037,198.3333333333337,105.00000000000037,0.0,0.0,0.0,0.0
123.0,-61.5,-116.1666666666665,-61.5,0.0,5.004491601427161,1.0,3.0,0.004761904761904745,1.3357537490134166,10.361883061896654,387.4383917545762,183.83333333333348,-210.00000000000074,105.00000000000037,198.3333333333337,105.00000000000037,0.0,0.0,0.0,0.0
122.0,-61.0,-115.22222222222206,-61.0,0.0,5.016148067460413,1.0,3.0,0.004761904761904745,1.3405156537753213,15.21855221494325,388.2645460161342,184.77777777777794,-210.00000000000074,105.00000000000037,198.3333333333337,105.00000000000037,0.0,0.0,0.0,0.0
121.0,-60.5,-114.27777777777762,-60.5,0.0,5.027722028464275,1.0,3.0,0.004761904761904745,1.345277558537226,20.0982750438559,389.0223841253974,185.7222222222224,-210.00000000000074,105.00000000000037,198.3333333333337,105.00000000000037,0.0,0.0,0.0,0.0
120.0,-60.0,-113.33333333333317,-60.0,0.0,5.039213174546627,1.0,3.0,0.004761904761904745,1.3500394632991308,24.999999999999993,389.71143170299746,186.66666666666686,-210.00000000000074,105.00000000000037,198.3333333333337,105.00000000000037,0.0,0.0,0.0,0.0
119.0,-59.5,-112.38888888888873,-59.5,0.0,5.0506211988442935,1.0,3.0,0.0047619047619048005,1.3548013680610356,29.922666690908606,390.3312315382607,187.61111111111126,-210.00000000000074,105.00000000000037,198.3333333333337,105.00000000000037,0.0,0.0,0.0,0.0
118.0,-59.0,-111.44444444444429,-59.0,0.0,5.061945797505533,1.0,3.0,0.004761904761904745,1.3595632728229403,34.86520617033545,390.8813437473135,188.5555555555557,-210.00000000000074,105.00000000000037,198.3333333333337,105.00000000000037,0.0,0.0,0.0,0.0
117.0,-58.5,-110.49999999999984,-58.5,0.0,5.0731866696708545,1.0,3.0,0.0047619047619048005,1.364325177584845,39.82654123107782,391.36134592619663,189.50000000000017,-210.00000000000074,105.00000000000037,198.3333333333337,105.00000000000037,0.0,0.0,0.0,0.0
116.0,-58.0,-109.5555555555554,-58.0,0.0,5.084343517457221,1.0,3.0,0.004761904761904745,1.3690870823467498,44.8055867004857,391.77083329894,190.44444444444457,-210.00000000000074,105.00000000000037,198.3333333333337,105.00000000000037,0.0,0.0,0.0,0.0
115.0,-57.5,-108.61111111111096,-57.5,0.0,5.095416045939344,1.0,3.0,0.004761904761904745,1.3738489871086546,49.801249738566064,392.1094188605515,191.38888888888903,-210.00000000000074,105.00000000000037,198.3333333333337,105.00000000000037,0.0,0.0,0.0,0.0
114.0,-57.0,-107.66666666666652,-57.0,0.0,5.106403963133926,1.0,3.0,0.004761904761904745,1.3786108918705593,54.81243013859669,392.37673351487626,192.33333333333348,-210.00000000000074,105.00000000000037,198.3333333333337,105.00000000000037,0.0,0.0,0.0,0.0
113.0,-56.5,-106.72222222222207,-56.5,0.0,5.117306979983859,1.0,3.0,0.004761904761904745,1.383372796632464,59.83802063015977,392.57242620728016,193.27777777777794,-210.00000000000074,105.00000000000037,198.3333333333337,105.00000000000037,0.0,0.0,0.0,0.0
112.0,-56.0,-105.77777777777763,-56.0,0.0,5.128124810341562,1.0,3.0,0.0047619047619048005,1.3881347013943688,64.87690718450425,392.696164052118,194.2222222222224,-210.00000000000074,105.00000000000037,198.3333333333337,105.00000000000037,0.0,0.0,0.0,0.0
111.0,-55.5,-104.83333333333319,-55.5,0.0,5.138857170954519,1.0,3.0,0.004761904761904745,1.3928966061562735,69.9279693221481,392.7476324549443,195.1666666666668,-210.00000000000074,105.00000000000037,198.3333333333337,105.00000000000037,0.0,0.0,0.0,0.0
110.0,-55.0,-103.88888888888874,-55.0,0.0,5.149503781449797,1.0,3.0,0.0047619047619048005,1.3976585109181783,74.99008042262776,392.72653522942966,196.11111111111126,-210.00000000000074,105.00000000000037,198.3333333333337,105.00000000000037,0.0,0.0,0.0,0.0
109.0,-54.5,-102.9444444444443,-54.5,0.0,5.160064364319674,1.0,3.0,0.004761904761904745,1.402420415680083,80.06210803630363,392.63259470894326,197.0555555555557,-210.00000000000074,105.00000000000037,198.3333333333337,105.00000000000037,0.0,0.0,0.0,0.0
108.0,-54.0,-101.99999999999986,-54.0,0.0,5.170538644907503,1.0,3.0,0.004761904761904745,1.4071823204419878,85.1429141981288,392.46555185276765,198.0000000000001,-210.00000000000074,105.00000000000037,198.3333333333337,105.00000000000037,0.0,0.0,0.0,0.0
107.0,-53.5,-101.05555555555542,-53.5,0.0,5.180926351394078,1.0,3.0,0.0047619047619048005,1.4119442252038925,90.23135574328798,392.2251663469115,198.94444444444457,-210.00000000000074,105.00000000000037,198.3333333333337,105.00000000000037,0.0,0.0,0.0,0.0
106.0,-53.0,-100.11111111111097,-53.0,0.0,5.191227214783823,1.0,3.0,0.004761904761904745,1.4167061299657973,95.32628462461226,391.91121669948706,199.88888888888903,-210.00000000000074,105.00000000000037,198.3333333333337,105.00000000000037,0.0,0.0,0.0,0.0
105.0,-52.5,-99.16666666666653,-52.5,0.0,5.201440968891766,1.0,3.0,0.004761904761904745,1.421468034727702,100.42654823167594,391.52350033062254,200.83333333333348,-210.00000000000074,105.00000000000037,198.3333333333337,105.00000000000037,0.0,0.0,0.0,0.0
104.0,-52.0,-98.22222222222209,-52.0,0.0,5.211567350331497,1.0,3.0,0.004761904761904745,1.4262299394896067,105.53098971148101,391.06183365687986,201.77777777777794,-210.00000000000074,105.00000000000037,198.3333333333337,105.00000000000037,0.0,0.0,0.0,0.0
103.0,-51.5,-97.27777777777764,-51.5,0.0,5.221606098501267,1.0,3.0,0.0047619047619048005,1.4309918442515115,110.63844829063189,390.52605217015054,202.72222222222234,-210.00000000000074,105.00000000000037,198.3333333333337,105.00000000000037,0.0,0.0,0.0,0.0
102.0,-51.0,-96.3333333333332,-51.0,0.0,5.23155695557352,1.0,3.0,0.004761904761904745,1.4357537490134162,115.74775959890752,389.9160105110039,203.6666666666668,-210.00000000000074,105.00000000000037,198.3333333333337,105.00000000000037,0.0,0.0,0.0,0.0
101.0,-50.5,-95.38888888888876,-50.5,0.0,5.241419666481914,1.0,3.0,0.004761904761904745,1.440515653775321,120.85775599413199,389.2315825364629,204.61111111111126,-210.00000000000074,105.00000000000037,198.3333333333337,105.00000000000037,0.0,0.0,0.0,0.0
100.0,-50.0,-94.44444444444431,-50.0,0.0,5.251193978910695,1.0,3.0,0.004761904761904745,1.4452775585372257,125.9672668882487,388.4726613821862,205.55555555555566,-210.00000000000074,105.00000000000037,198.3333333333337,105.00000000000037,0.0,0.0,0.0,0.0
99.0,-49.5,-93.49999999999987,-49.5,0.0,5.26087964328271,1.0,3.0,0.004761904761904745,1.4500394632991305,131.07511907449964,387.63915951903533,206.5000000000001,-210.00000000000074,105.00000000000037,198.3333333333337,105.00000000000037,0.0,0.0,0.0,0.0
98.0,-49.0,-92.55555555555543,-49.0,0.0,5.2704764127492725,1.0,3.0,0.0047619047619048005,1.4548013680610352,136.18013705561373,386.7310088040071,207.44444444444457,-210.00000000000074,105.00000000000037,198.3333333333337,105.00000000000037,0.0,0.0,0.0,0.0
97.0,-48.5,-91.61111111111099,-48.5,0.0,5.279984043178615,1.0,3.0,0.004761904761904745,1.45956327282294,141.28114337290484,385.74816052551495,208.38888888888903,-210.00000000000074,105.00000000000037,198.3333333333337,105.00000000000037,0.0,0.0,0.0,0.0
96.0,-48.0,-90.66666666666654,-48.0,0.0,5.2894022931469244,1.0,3.0,0.004761904761904745,1.4643251775848447,146.37695893618383,384.6905854430033,209.33333333333348,-210.00000000000074,105.00000000000037,198.3333333333337,105.00000000000037,0.0,0.0,0.0,0.0
95.0,-47.5,-89.7222222222221,-47.5,0.0,5.298730923926896,1.0,3.0,0.0047619047619048005,1.4690870823467495,151.46640335438335,383.5582738208802,210.27777777777789,-210.00000000000074,105.00000000000037,198.3333333333337,105.00000000000037,0.0,0.0,0.0,0.0
94.0,-47.0,-88.77777777777766,-47.0,0.0,5.307969699478955,1.0,3.0,0.004761904761904745,1.4738489871086542,156.5482952667995,382.3512354567575,211.22222222222234,-210.00000000000074,105.00000000000037,198.3333333333337,105.00000000000037,0.0,0.0,0.0,0.0
93.0,-46.5,-87.83333333333321,-46.5,0.0,5.317118386440868,1.0,3.0,0.004761904761904745,1.478610891870559,161.6214526748497,381.0694997039867,212.1666666666668,-210.00000000000074,105.00000000000037,198.3333333333337,105.00000000000037,0.0,0.0,0.0,0.0
92.0,-46.0,-86.88888888888877,-46.0,0.0,5.326176754119209,1.0,3.0,0.0047619047619048005,1.4833727966324637,166.6846932742492,379.71311548848195,213.1111111111112,-210.00000000000074,105.00000000000037,198.3333333333337,105.00000000000037,0.0,0.0,0.0,0.0
91.0,-45.5,-85.94444444444433,-45.5,0.0,5.335144574479543,1.0,3.0,0.004761904761904745,1.4881347013943684,171.736834787506,378.2821513198237,214.05555555555566,-210.00000000000074,105.00000000000037,198.3333333333337,105.00000000000037,0.0,0.0,0.0,0.0
90.0,-45.0,-84.99999999999989,-45.0,0.0,5.344021622138884,1.0,3.0,0.004761904761904745,1.4928966061562732,176.77669529663686,376.77669529663694,215.0000000000001,-210.00000000000074,105.00000000000037,198.3333333333337,105.00000000000037,0.0,0.0,0.0,0.0
89.0,-44.5,-84.05555555555544,-44.5,0.0,5.352807674355321,1.0,3.0,0.0047619047619048005,1.497658510918178,181.80309357600203,375.19685510624106,215.94444444444457,-210.00000000000074,105.00000000000037,198.3333333333337,105.00000000000037,0.0,0.0,0.0,0.0
88.0,-44.0,-83.111111111111,-44.0,0.0,5.361502511021314,1.0,3.0,0.004761904761904745,1.5024204156800827,186.814849425163,373.5427580185686,216.88888888888903,-210.00000000000074,105.00000000000037,198.3333333333337,105.00000000000037,0.0,0.0,0.0,0.0
87.0,-43.5,-82.16666666666656,-43.5,0.0,5.3701059146541485,1.0,3.0,0.004761904761904745,1.5071823204419874,191.81078400166066,371.8145508743533,217.83333333333343,-210.00000000000074,105.00000000000037,198.3333333333337,105.00000000000037,0.0,0.0,0.0,0.0
86.0,-43.0,-81.22222222222211,-43.0,0.0,5.378617670389476,1.0,3.0,0.004761904761904745,1.5119442252038922,196.78972015361768,370.0124000675895,218.77777777777789,-210.00000000000074,105.00000000000037,198.3333333333337,105.00000000000037,0.0,0.0,0.0,0.0
85.0,-42.5,-80.27777777777767,-42.5,0.0,5.38703756597224,1.0,3.0,0.004761904761904745,1.516706129965797,201.7504827520626,368.1364915222643,219.72222222222234,-210.00000000000074,105.00000000000037,198.3333333333337,105.00000000000037,0.0,0.0,0.0,0.0
84.0,-42.0,-79.33333333333323,-42.0,0.0,5.3953653917502775,1.0,3.0,0.004761904761904745,1.5214680347277016,206.6918990228792,366.1870306633693,220.66666666666674,-210.00000000000074,105.00000000000037,198.3333333333337,105.00000000000037,0.0,0.0,0.0,0.0
83.0,-41.5,-78.38888888888879,-41.5,0.0,5.403600940665979,1.0,3.0,0.004761904761904745,1.5262299394896064,211.61279887828,364.1642423821988,221.6111111111112,-210.00000000000074,105.00000000000037,198.3333333333337,105.00000000000037,0.0,0.0,0.0,0.0
82.0,-41.0,-77.44444444444434,-41.0,0.0,5.411744008249968,1.0,3.0,0.004761904761904856,1.5309918442515111,216.51201524770613,362.06837099594094,222.55555555555566,-210.00000000000074,105.00000000000037,198.3333333333337,105.00000000000037,0.0,0.0,0.0,0.0
81.0,-40.5,-76.4999999999999,-40.5,0.0,5.419794392613712,1.0,3.0,0.004761904761904745,1.5357537490134159,221.38838440805392,359.8996802015735,223.5000000000001,-210.00000000000074,105.00000000000037,198.3333333333337,105.00000000000037,0.0,0.0,0.0,0.0
80.0,-40.0,-75.55555555555546,-40.0,0.0,5.4277518944432614,1.0,3.0,0.004761904761904745,1.5405156537753206,226.24074631313056,357.65845302407644,224.44444444444454,-210.00000000000074,105.00000000000037,198.3333333333337,105.00000000000037,0.0,0.0,0.0,0.0
79.0,-39.5,-74.61111111111101,-39.5,0.0,5.4356163169920135,1.0,3.0,0.004761904761904745,1.5452775585372254,231.06794492223895,355.3449917589739,225.38888888888897,-210.00000000000074,105.00000000000037,198.3333333333337,105.00000000000037,0.0,0.0,0.0,0.0
78.0,-39.0,-73.66666666666657,-39.0,0.0,5.443387466074972,1.0,3.0,0.004761904761904856,1.5500394632991301,235.8688285277946,352.9596179092205,226.33333333333343,-210.00000000000074,105.00000000000037,198.3333333333337,105.00000000000037,0.0,0.0,0.0,0.0
77.0,-38.5,-72.72222222222213,-38.5,0.0,5.451065150061748,1.0,3.0,0.004761904761904745,1.5548013680610349,240.64225008187643,350.50267211645206,227.27777777777789,-210.00000000000074,105.00000000000037,198.3333333333337,105.00000000000037,0.0,0.0,0.0,0.0
76.0,-38.0,-71.77777777777769,-38.0,0.0,5.458649179871807,1.0,3.0,0.004761904761904745,1.5595632728229396,245.38706752161406,347.97451408661396,228.2222222222223,-210.00000000000074,105.00000000000037,198.3333333333337,105.00000000000037,0.0,0.0,0.0,0.0
75.0,-37.5,-70.83333333333324,-37.5,0.0,5.466139368966674,1.0,3.0,0.004761904761904745,1.5643251775848444,250.10214409331292,345.3755225099939,229.16666666666674,-210.00000000000074,105.00000000000037,198.3333333333337,105.00000000000037,0.0,0.0,0.0,0.0
74.0,-37.0,-69.8888888888888,-37.0,0.0,5.47353553334629,1.0,3.0,0.004761904761904745,1.569087082346749,254.78634867522302,342.70609497567597,230.1111111111112,-210.00000000000074,105.00000000000037,198.3333333333337,105.00000000000037,0.0,0.0,0.0,0.0
73.0,-36.5,-68.94444444444436,-36.5,0.0,5.480837491541842,1.0,3.0,0.004761904761904745,1.5738489871086538,259.4385560988516,339.9666478804424,231.05555555555566,-210.00000000000074,105.00000000000037,198.3333333333337,105.00000000000037,0.0,0.0,0.0,0.0
72.0,-36.0,-67.99999999999991,-36.0,0.0,5.488045064610895,1.0,3.0,0.004761904761904745,1.5786108918705586,264.0576474687263,337.1576163321491,232.00000000000009,-210.00000000000074,105.00000000000037,198.3333333333337,105.00000000000037,0.0,0.0,0.0,0.0
71.0,-35.5,-67.05555555555547,-35.5,0.0,5.4951580761325545,1.0,3.0,0.004761904761904745,1.5833727966324633,268.64251048051113,334.27945404759834,232.9444444444445,-210.00000000000074,105.00000000000037,198.3333333333337,105.00000000000037,0.0,0.0,0.0,0.0
70.0,-35.0,-66.11111111111103,-35.0,0.0,5.502176352201356,1.0,3.0,0.004761904761904745,1.588134701394368,273.19203973738166,331.3326332449432,233.88888888888897,-210.00000000000074,105.00000000000037,198.3333333333337,105.00000000000037,0.0,0.0,0.0,0.0
69.0,-34.5,-65.16666666666659,-34.5,0.0,5.509099721423255,1.0,3.0,0.004761904761904856,1.5928966061562728,277.7051370645639,328.3176445306486,234.83333333333343,-210.00000000000074,105.00000000000037,198.3333333333337,105.00000000000037,0.0,0.0,0.0,0.0
68.0,-34.0,-64.22222222222214,-34.0,0.0,5.515928014910056,1.0,3.0,0.004761904761904745,1.5976585109181776,282.1807118219428,325.23499678104423,235.77777777777786,-210.00000000000074,105.00000000000037,198.3333333333337,105.00000000000037,0.0,0.0,0.0,0.0
67.0,-33.5,-63.27777777777769,-33.5,0.0,5.52266106627507,1.0,3.0,0.004761904761904745,1.6024204156800823,286.6176812146468,322.08521701850265,236.7222222222223,-210.00000000000074,105.00000000000037,198.3333333333352,105.00000000000037,0.0,0.0,3.1036506698001285e-10,0.0
66.0,-33.0,-62.33333333333324,-33.0,0.0,5.529298711628214,1.0,3.0,0.004761904761904745,1.607182320441987,291.014970601516,318.868850282277,237.66666666666674,-210.00000000000074,105.00000000000037,198.3333333333352,105.00000000000037,0.0,0.0,0.0,0.0
65.0,-32.5,-61.38888888888879,-32.5,0.0,5.535840789572056,1.0,3.0,0.004761904761904856,1.6119442252038918,295.3715138013613,315.586459494036,238.6111111111112,-210.00000000000074,105.00000000000037,198.3333333333352,105.00000000000037,0.0,0.0,0.0,0.0
64.0,-32.0,-60.44444444444434,-32.0,0.0,5.542287141196604,1.0,3.0,0.004761904761904745,1.6167061299657965,299.6862533969219,312.2386253181347,239.55555555555566,-210.00000000000074,105.00000000000037,198.3333333333352,105.00000000000037,0.0,0.0,0.0,0.0
63.0,-31.5,-59.49999999999989,-31.5,0.0,5.548637610076215,1.0,3.0,0.004761904761904745,1.6214680347277013,303.9581410364323,308.8259460166608,240.5000000000001,-210.00000000000074,105.00000000000037,198.3333333333352,105.00000000000037,0.0,0.0,0.0,0.0
62.0,-31.0,-58.55555555555544,-31.0,0.0,5.554892042264308,1.0,3.0,0.004761904761904745,1.626229939489606,308.1861377327062,305.34903729929897,241.44444444444457,-210.00000000000074,105.00000000000037,198.3333333333352,105.00000000000037,0.0,0.0,0.0,0.0
61.0,-30.5,-57.61111111111099,-30.5,0.0,5.561050286290201,1.0,3.0,0.004761904761904745,1.6309918442515108,312.36921415964883,301.80853216805525,242.388888888889,-210.00000000000074,105.00000000000037,198.3333333333352,105.00000000000037,0.0,0.0,0.0,0.0
60.0,-30.0,-56.66666666666654,-30.0,0.0,5.5671121931549346,1.0,3.0,0.004761904761904745,1.6357537490134155,316.50635094610965,298.20508075688775,243.33333333333346,-210.00000000000074,105.00000000000037,198.3333333333352,105.00000000000037,0.0,0.0,0.0,0.0
59.0,-29.5,-55.72222222222209,-29.5,0.0,5.573077616327372,1.0,3.0,0.004761904761904745,1.6405156537753203,320.5965389669857,294.5393501662893,244.2777777777779,-210.00000000000074,105.00000000000037,198.3333333333352,105.00000000000037,0.0,0.0,0.0,0.0
58.0,-29.0,-54.777777777777644,-29.0,0.0,5.578946411740973,1.0,3.0,0.004761904761904745,1.645277558537225,324.63877963148985,290.8120242928695,245.22222222222234,-210.00000000000074,105.00000000000037,198.3333333333352,105.00000000000037,0.0,0.0,0.0,0.0
57.0,-28.5,-53.833333333333194,-28.5,0.0,5.584718437789723,1.0,3.0,0.004761904761904856,1.6500394632991298,328.6320851684968,287.02380365398693,246.1666666666668,-210.00000000000074,105.00000000000037,198.3333333333352,105.00000000000037,0.0,0.0,0.0,0.0
56.0,-28.0,-52.888888888888744,-28.0,0.0,5.5903935553243915,1.0,3.0,0.004761904761904745,1.6548013680610345,332.5754789088811,283.1754052074811,247.11111111111126,-210.00000000000074,105.00000000000037,198.3333333333352,105.00000000000037,0.0,0.0,0.0,0.0
55.0,-27.5,-51.944444444444294,-27.5,0.0,5.595971627650731,1.0,3.0,0.004761904761904745,1.6595632728229393,336.4679955647646,279.2675621665569,248.0555555555557,-210.00000000000074,105.00000000000037,198.3333333333352,105.00000000000037,0.0,0.0,0.0,0.0
54.0,-27.0,-50.999999999999844,-27.0,0.0,5.601452520524326,1.0,3.0,0.004761904761904745,1.664325177584844,340.30868150558655,275.30102380987626,249.00000000000017,-210.00000000000074,105.00000000000037,198.3333333333352,105.00000000000037,0.0,0.0,0.0,0.0
53.0,-26.5,-50.055555555555394,-26.5,0.0,5.606836102148445,1.0,3.0,0.004761904761904745,1.6690870823467487,344.096595030916,271.2765552869108,249.9444444444446,-210.00000000000074,105.00000000000037,198.3333333333352,105.00000000000037,0.0,0.0,0.0,0.0
52.0,-26.0,-49.111111111110944,-26.0,0.0,5.612122243170502,1.0,3.0,0.004761904761904745,1.6738489871086535,347.8308066399234,267.19493741861385,250.88888888888906,-210.00000000000074,105.00000000000037,198.3333333333352,105.00000000000037,0.0,0.0,0.0,0.0
51.0,-25.5,-48.166666666666494,-25.5,0.0,5.617310816679994,1.0,3.0,0.004761904761904856,1.6786108918705582,351.5103992974326,263.056966493468,251.8333333333335,-210.00000000000074,105.00000000000037,198.3333333333352,105.00000000000037,0.0,0.0,0.0,0.0
50.0,-25.0,-47.222222222222044,-25.0,0.0,5.622401698204194,1.0,3.0,0.004761904761904745,1.683372796632463,355.13446869647044,258.8634540589705,252.77777777777794,-210.00000000000074,105.00000000000037,198.3333333333352,105.00000000000037,0.0,0.0,0.0,0.0
49.0,-24.5,-46.277777777777594,-24.5,0.0,5.627394765706242,1.0,3.0,0.004761904761904745,1.6881347013943677,358.7021235172373,254.61522670861422,253.7222222222224,-210.00000000000074,105.00000000000037,198.3333333333352,105.00000000000037,0.0,0.0,0.0,0.0
48.0,-24.0,-45.333333333333144,-24.0,0.0,5.632289899582695,1.0,3.0,0.004761904761904745,1.6928966061562725,362.21248568242186,250.3131258644289,254.66666666666686,-210.00000000000074,105.00000000000037,198.3333333333352,105.00000000000037,0.0,0.0,0.0,0.0
47.0,-23.5,-44.388888888888694,-23.5,0.0,5.637086982659744,1.0,3.0,0.004761904761904745,1.6976585109181772,365.6646906087807,245.9580075551457,255.6111111111113,-210.00000000000074,105.00000000000037,198.3333333333352,105.00000000000037,0.0,0.0,0.0,0.0
46.0,-23.0,-43.444444444444244,-23.0,0.0,5.641785900191913,1.0,3.0,0.004761904761904745,1.702420415680082,369.0578874549095,241.5507421900487,256.55555555555577,-210.00000000000074,105.00000000000037,198.3333333333352,105.00000000000037,0.0,0.0,0.0,0.0
45.0,-22.5,-42.499999999999794,-22.5,0.0,5.646386539858483,1.0,3.0,0.004761904761904745,1.7071823204419867,372.3912393651312,237.09221432858203,257.5000000000002,-210.00000000000074,105.00000000000037,198.3333333333352,105.00000000000037,0.0,0.0,0.0,0.0
44.0,-22.0,-41.555555555555344,-22.0,0.0,5.6508887917620605,1.0,3.0,0.004761904761904856,1.7119442252038914,375.6639237094271,232.5833224457775,258.4444444444447,-210.00000000000074,105.00000000000037,198.3333333333352,105.00000000000037,0.0,0.0,0.0,0.0
43.0,-21.5,-40.611111111110894,-21.5,0.0,5.6552925484252805,1.0,3.0,0.004761904761904745,1.7167061299657962,378.87513231934025,228.02497869357407,259.38888888888914,-210.00000000000074,105.00000000000037,198.3333333333352,105.00000000000037,0.0,0.0,0.0,0.0
42.0,-21.0,-39.666666666666444,-21.0,0.0,5.659597704789436,1.0,3.0,0.004761904761904745,1.721468034727701,382.02407171977933,223.4181086580968,260.33333333333354,-210.00000000000074,105.00000000000037,198.3333333333352,105.00000000000037,0.0,0.0,0.0,0.0
41.0,-20.5,-38.722222222221994,-20.5,0.0,5.663804158211746,1.0,3.0,0.004761904761904745,1.7262299394896057,385.1099633566538,218.76365111296838,261.277777777778,-210.00000000000074,105.00000000000037,198.3333333333352,105.00000000000037,0.0,0.0,0.0,0.0
40.0,-20.0,-37.777777777777544,-20.0,0.0,5.667911808463311,1.0,3.0,0.004761904761904745,1.7309918442515104,388.1320438202727,214.06255776872507,262.22222222222246,-210.00000000000074,105.00000000000037,198.3333333333352,105.00000000000037,0.0,0.0,0.0,0.0
39.0,-19.5,-36.833333333333094,-19.5,0.0,5.671920557727054,1.0,3.0,0.004761904761904745,1.7357537490134152,391.0895650644388,209.31579301841026,263.1666666666669,-210.00000000000074,105.00000000000037,198.3333333333352,105.00000000000037,0.0,0.0,0.0,0.0
38.0,-19.0,-35.888888888888644,-19.0,0.0,5.675830310596117,1.0,3.0,0.004761904761904745,1.74051565377532,393.98179462117366,204.52433367942086,264.11111111111137,-210.00000000000074,105.00000000000037,198.3333333333352,105.00000000000037,0.0,0.0,0.0,0.0
37.0,-18.5,-34.944444444444194,-18.5,0.0,5.67964097407119,1.0,3.0,0.004761904761904856,1.7452775585372247,396.80801581100843,199.68916873168274,265.05555555555577,-210.00000000000074,105.00000000000037,198.3333333333352,105.00000000000037,0.0,0.0,0.0,0.0
36.0,-18.0,-33.999999999999744,-18.0,0.0,5.6833524575595336,1.0,3.0,0.004761904761904745,1.7500394632991294,399.56752794877787,194.81129905223156,266.0000000000002,-210.00000000000074,105.00000000000037,198.3333333333352,105.00000000000037,0.0,0.0,0.0,0.0
35.0,-17.5,-33.055555555555294,-17.5,0.0,5.6869646728726,1.0,3.0,0.004761904761904856,1.7548013680610342,402.2596465448551,189.89173714627753,266.9444444444447,-210.00000000000074,105.00000000000037,198.3333333333352,105.00000000000037,0.0,0.0,0.0,0.0
34.0,-17.0,-32.111111111110844,-17.0,0.0,5.690477534224125,1.0,3.0,0.004761904761904745,1.759563272822939,404.88370350176723,184.93150687483362,267.88888888888914,-210.00000000000074,105.00000000000037,198.3333333333352,105.00000000000037,0.0,0.0,0.0,0.0
33.0,-16.5,-31.166666666666398,-16.5,0.0,5.693890958229422,1.0,3.0,0.004761904761904745,1.7643251775848436,407.4390473061331,179.93164317898612,268.8333333333336,-210.00000000000074,105.00000000000037,198.33333333333445,105.00000000000037,0.0,0.0,-1.5518253349000642e-10,0.0
32.0,-16.0,-30.22222222222195,-16.0,0.0,5.697204863902608,1.0,3.0,0.004761904761904745,1.7690870823467484,409.9250432158649,174.89319180089083,269.77777777777806,-210.00000000000074,105.00000000000037,198.33333333333445,105.00000000000037,0.0,0.0,0.0,0.0
31.0,-15.5,-29.277777777777505,-15.5,0.0,5.700419172655928,1.0,3.0,0.004761904761904745,1.7738489871086531,412.3410734425782,169.81720900157512,270.7222222222225,-210.00000000000074,105.00000000000037,198.33333333333445,105.00000000000037,0.0,0.0,0.0,0.0
30.0,-15.0,-28.33333333333306,-15.0,0.0,5.703533808297816,1.0,3.0,0.004761904761904745,1.7786108918705579,414.6865373291548,164.70476127563023,271.66666666666697,-210.00000000000074,105.00000000000037,198.33333333333445,105.00000000000037,0.0,0.0,0.0,0.0
29.0,-14.5,-27.388888888888612,-14.5,0.0,5.706548697031449,1.0,3.0,0.004761904761904745,1.7833727966324626,416.9608515224061,159.5569250628778,272.6111111111114,-210.00000000000074,105.00000000000037,198.33333333333445,105.00000000000037,0.0,0.0,0.0,0.0
28.0,-14.0,-26.444444444444166,-14.0,0.0,5.709463767453797,1.0,3.0,0.004761904761904856,1.7881347013943674,419.16345014078456,154.37478645709515,273.5555555555558,-210.00000000000074,105.00000000000037,198.33333333333445,105.00000000000037,0.0,0.0,0.0,0.0
27.0,-13.5,-25.49999999999972,-13.5,0.0,5.712278950553696,1.0,3.0,0.004761904761904745,1.792896606156272,421.2937849370927,149.15944091188575,274.5000000000003,-210.00000000000074,105.00000000000037,198.33333333333445,105.00000000000037,0.0,0.0,0.0,0.0
26.0,-13.0,-24.555555555555273,-13.0,0.0,5.714994179711037,1.0,3.0,0.004761904761904745,1.7976585109181769,423.35132545614226,143.9119929437818,275.44444444444474,-210.00000000000074,105.00000000000037,198.33333333333445,105.00000000000037,0.0,0.0,0.0,0.0
25.0,-12.5,-23.611111111110826,-12.5,0.0,5.717609390695301,1.0,3.0,0.004761904761904745,1.8024204156800816,425.3355591873133,138.63355583266565,276.38888888888914,-210.00000000000074,105.00000000000037,198.33333333333445,105.00000000000037,0.0,0.0,0.0,0.0
24.0,-12.0,-22.66666666666638,-12.0,0.0,5.720124521664549,1.0,3.0,0.004761904761904745,1.8071823204419863,427.24599171197156,133.32525131959991,277.3333333333336,-210.00000000000074,105.00000000000037,198.33333333333445,105.00000000000037,0.0,0.0,0.0,0.0
23.0,-11.5,-21.722222222221934,-11.5,0.0,5.722539513164152,1.0,3.0,0.004761904761904745,1.811944225203891,429.08214684569555,127.9882093021541,278.27777777777806,-210.00000000000074,105.00000000000037,198.33333333333445,105.00000000000037,0.0,0.0,0.0,0.0
22.0,-11.0,-20.777777777777487,-11.0,0.0,5.7248543081257335,1.0,3.0,0.004761904761904856,1.8167061299657958,430.8435667752735,122.62356752731867,279.2222222222225,-210.00000000000074,105.00000000000037,198.33333333333445,105.00000000000037,0.0,0.0,0.0,0.0
21.0,-10.5,-19.83333333333304,-10.5,0.0,5.727068851866401,1.0,3.0,0.004761904761904745,1.8214680347277006,432.52981219042897,117.23247128209698,280.16666666666697,-210.00000000000074,105.00000000000037,198.33333333333445,105.00000000000037,0.0,0.0,0.0,0.0
20.0,-10.0,-18.888888888888594,-10.0,0.0,5.729183092087411,1.0,3.0,0.004761904761904745,1.8262299394896053,434.1404624102337,111.81607308186638,281.1111111111114,-210.00000000000074,105.00000000000037,198.33333333333445,105.00000000000037,0.0,0.0,0.0,0.0
19.0,-9.5,-17.944444444444148,-9.5,0.0,5.731196978873383,1.0,3.0,0.004761904761904745,1.83099184425151,435.67511550417123,106.3755323566008,282.0555555555559,-210.00000000000074,105.00000000000037,198.33333333333445,105.00000000000037,0.0,0.0,0.0,0.0
18.0,-9.0,-16.9999999999997,-9.0,0.0,5.733110464691587,1.0,3.0,0.004761904761904745,1.8357537490134148,437.1333884078151,100.91201513504724,283.0000000000003,-210.00000000000074,105.00000000000037,198.33333333333445,105.00000000000037,0.0,0.0,0.0,0.0
17.0,-8.5,-16.055555555555255,-8.5,0.0,5.73492350439086,1.0,3.0,0.004761904761904745,1.8405156537753196,438.51491703308625,95.42669372695006,283.94444444444474,-210.00000000000074,105.00000000000037,198.33333333333445,105.00000000000037,0.0,0.0,0.0,0.0
16.0,-8.0,-15.111111111110809,-8.0,0.0,5.736636055201075,1.0,3.0,0.004761904761904745,1.8452775585372243,439.8193563730564,89.92074640341625,284.8888888888892,-210.00000000000074,105.00000000000037,198.33333333333445,105.00000000000037,0.0,0.0,0.0,0.0
15.0,-7.5,-14.166666666666362,-7.5,0.0,5.738248076731932,1.0,3.0,0.004761904761904856,1.850039463299129,441.04638060126626,84.3953570755171,285.8333333333336,-210.00000000000074,105.00000000000037,198.33333333333445,105.00000000000037,0.0,0.0,0.0,0.0
14.0,-7.0,-13.222222222221916,-7.0,0.0,5.739759530972962,1.0,3.0,0.004783021322195435,1.8548224846213244,442.1956831655298,78.85171497122047,286.77777777777806,-209.0728710239195,104.53643551195975,197.45771152259107,104.53643551195975,193.83751683877063,-96.91875841938531,-183.06876590328204,-96.91875841938531
13.0,-6.5,-12.27777777777747,-6.5,0.0,5.741170382292295,1.0,3.0,0.004936438073911087,1.8597589226952356,443.2669768761939,73.29101431074973,287.7222222222225,-202.57521415794614,101.28760707897307,191.3210355936162,101.28760707897307,1316.2642311494042,-658.1321155747021,-1243.1384405299996,-658.1321155747021
12.0,-6.0,-11.333333333333023,-6.0,0.0,5.74248059743621,1.0,3.0,0.0051302434700092325,1.864889166165245,444.2599939888295,67.71445398046528,288.66666666666697,-194.92252284825358,97.46126142412679,184.09349380112877,97.46126142412679,1491.681896664179,-745.8409483320895,-1408.8106801828358,-745.8409483320895
11.0,-5.5,-10.388888888888577,-5.5,0.0,5.743690145528642,1.0,3.0,0.005348842942234033,1.8702380091074788,445.1744862813275,62.12323720536502,289.6111111111114,-186.9563213576718,93.4781606788359,176.56985906002376,93.4781606788359,1489.331725873169,-744.6658629365845,-1406.591074435773,-744.6658629365845
10.0,-5.0,-9.44444444444413,-5.0,0.0,5.744798998070717,1.0,3.0,0.005598022327733765,1.8758360314352127,446.010225125378,56.51857122030066,290.5555555555559,-178.63451437943942,89.31725718971971,168.71037469169315,89.31725718971971,1486.5619483159728,-743.2809741579864,-1403.9751734095341,-743.2809741579864
9.0,-4.5,-8.499999999999684,-4.5,0.0,5.745807128939965,1.0,3.0,0.005885655041426685,1.8817216864766393,446.7670015523096,50.901666940007466,291.50000000000034,-169.90462284341055,84.95231142170528,160.4654771298881,84.95231142170528,1483.2489288928678,-741.6244644464339,-1400.8462106210443,-741.6244644464339
8.0,-4.0,-7.555555555555237,-4.0,0.0,5.746714514390245,1.0,3.0,0.0062227835745344295,1.8879444700511736,447.4446263132701,45.27373862804446,292.4444444444448,-160.69978780755443,80.34989390377721,151.77202181824617,80.34989390377721,1479.2150370656211,-739.6075185328106,-1397.0364238953123,-739.6075185328106
7.0,-3.5,-6.611111111110791,-3.5,0.0,5.7475211330510785,1.0,3.0,0.006625476498898553,1.8945699465500723,448.0429299337311,39.63600356474377,293.3888888888892,-150.93254049972518,75.46627024986259,142.54739936085187,75.46627024986259,1474.1954498597702,-737.0977249298851,-1392.2957026453403,-737.0977249298851
6.0,-3.0,-5.6666666666663446,-3.0,0.0,5.748226965927454,1.0,3.0,0.007118218783751518,1.9016881653338238,448.56176276229814,33.98968171426671,294.33333333333366,-140.4845833458591,70.24229167292955,132.67988427108943,70.24229167292955,1467.776907576263,-733.8884537881315,-1386.2337460442534,-733.8884537881315
5.0,-2.5,-4.722222222221898,-2.5,0.0,5.748831996399354,1.0,3.0,0.00774060266512977,1.9094287679989534,449.00099501381357,28.335995390865694,295.2777777777781,-129.18890728041904,64.59445364020952,122.01174576484046,64.59445364020952,1459.2760478877847,-729.6380239438923,-1378.2051563384675,-729.6380239438923
4.0,-2.0,-3.7777777777774517,-2.0,0.0,5.74933621022162,1.0,3.0,0.008561959054927182,1.9179907270538807,449.36051680673876,22.676168924450362,296.2222222222225,-116.79569986082956,58.39784993041478,110.30704986856148,58.39784993041478,1447.4733340913797,-723.7366670456898,-1367.0581488640828,-723.7366670456898
3.0,-1.5,-2.8333333333330053,-1.5,0.0,5.749739595523664,1.0,3.0,0.009718260132923429,1.9277089871868043,449.64023819480406,17.011428325557112,297.16666666666697,-102.89907723422613,51.44953861711306,97.18246183232488,51.44953861711306,1429.9496449497608,-714.9748224748804,-1350.5079980081105,-714.9748224748804
2.0,-1.0,-1.8888888888885589,-1.0,0.0,5.750042142809201,1.0,3.0,0.011527651942964567,1.9392366391297688,449.84008919291693,11.34300094982113,298.1111111111114,-86.7479348741362,43.3739674370681,81.92860515890659,43.3739674370681,1401.078245595983,-700.5391227979915,-1323.2405652850973,-700.5391227979915
1.0,-0.5,-0.9444444444441124,-0.5,0.0,5.750243844956191,1.0,3.0,0.015023128501353455,1.9542597676311222,449.9600197973211,5.672115162050245,299.0555555555559,-66.5640315803673,33.28201579018365,62.86602982590259,33.28201579018365,1343.521976261513,-671.7609881307565,-1268.8818664692092,-671.7609881307565
0.0,0.0,3.341771304121721e-13,0.0,0.0,5.7503446972166685,1.0,3.0,0.03626904057724112,1.9905288082083632,450.0,5.878304635907296e-14,300.00000000000034,-27.571724646819156,13.785862323409578,26.03996216644037,13.785862323409578,1075.0851501160469,-537.5425750580234,-1015.3581973318242,-537.5425750580234
