J1_Position,J2_Position,J3_Position,J4_Position,Error,MM_Step,Deg_step,Move_ID,Time,Time_Total,X,Y,Z,J1_Velocity,J2_Velocity,J3_Velocity,J4_Velocity,J1_Acceleration,J2_Acceleration,J3_Acceleration,J4_Acceleration
0.0,0.0,0.0,0.0,0.0,0.0,0.0,1.0,0.0,0.0,450.0,5.878304635907296e-14,300.0,0.0,0.0,0.0,0.0,0.0,0.0,0.0,0.0
1.0,-0.5,-0.9444444444444444,-0.5,0.0,5.7503446972166685,1.0,2.0,0.0,0.0,449.9600197973211,5.672115162050245,299.05555555555554,0.0,0.0,0.0,0.0,0.0,0.0,0.0,0.0
2.0,-1.0,-1.8888888888888888,-1.0,0.0,5.750243844956191,1.0,2.0,0.05311190517281447,0.05311190517281447,449.84008919291693,11.34300094982113,298.1111111111111,18.828170383762732,-9.414085191881366,-17.782160917998134,-9.414085191881366,354.50000000000006,-177.25000000000003,-334.80555555555554,-177.25000000000003
3.0,-1.5,-2.833333333333333,-1.5,0.0,5.750042142809201,1.0,2.0,0.011936628297426463,0.06504853347024094,449.64023819480406,17.011428325557112,297.16666666666663,83.77575099792627,-41.88787549896313,-79.12154260915257,-41.88787549896313,5441.032341449908,-2720.516170724954,-5138.752766924912,-2720.516170724954
4.0,-2.0,-3.7777777777777777,-2.0,0.0,5.749739595523654,1.0,2.0,0.010063043148627035,0.07511157661886797,449.36051680673876,22.676168924450362,296.22222222222223,99.37351805317822,-49.68675902658911,-93.85276705022389,-49.68675902658911,1550.0049860543481,-775.0024930271741,-1463.8935979402208,-775.0024930271741
5.0,-2.5,-4.722222222222222,-2.5,0.0,5.749336210221629,1.0,2.0,0.008865718989618326,0.0839772956084863,449.00099501381357,28.335995390865694,295.27777777777777,112.79401040919417,-56.397005204597086,-106.5276764975723,-56.397005204597086,1513.7511545009745,-756.8755772504873,-1429.6538681398104,-756.8755772504873
6.0,-3.0,-5.666666666666667,-3.0,0.0,5.748831996399345,1.0,2.0,0.008015222637608649,0.09199251824609495,448.56176276229814,33.98968171426671,294.33333333333337,124.76259802289799,-62.381299011448995,-117.83134257718146,-62.381299011448995,1493.2320853503652,-746.6160426751826,-1410.2747472753447,-746.6160426751826
7.0,-3.5,-6.611111111111112,-3.5,0.0,5.748226965927454,1.0,2.0,0.007370757911654244,0.09936327615774919,448.0429299337311,39.63600356474377,293.3888888888889,135.6712582323256,-67.8356291161628,-128.13396610830756,-67.8356291161628,1479.9916562419503,-739.9958281209751,-1397.7698975618437,-739.9958281209751
8.0,-4.0,-7.555555555555556,-4.0,0.0,5.747521133051088,1.0,2.0,0.006860534187879755,0.10622381034562894,447.4446263132701,45.27373862804446,292.44444444444446,145.7612443308951,-72.88062216544755,-137.6633974236232,-72.88062216544755,1470.7289290089216,-735.3644645044608,-1389.0217662862053,-735.3644645044608
9.0,-4.5,-8.5,-4.5,0.0,5.746714514390245,1.0,2.0,0.006443554582673011,0.11266736492830196,446.7670015523096,50.901666940007466,291.5,155.19384326921696,-77.59692163460848,-146.5719630875937,-77.59692163460848,1463.881281255305,-731.9406406276526,-1382.5545434077665,-731.9406406276526
10.0,-5.0,-9.444444444444445,-5.0,0.0,5.745807128939965,1.0,2.0,0.006094465452633924,0.11876183038093588,446.010225125378,56.51857122030066,290.55555555555554,164.08329947424957,-82.04164973712479,-154.96756061456907,-82.04164973712479,1458.6113046535927,-729.3056523267963,-1377.5773432839678,-729.3056523267963
11.0,-5.5,-10.38888888888889,-5.5,0.0,5.744798998070717,1.0,2.0,0.0057966281474723935,0.12455845852840827,445.1744862813275,62.12323720536502,289.6111111111111,172.5140848367249,-86.25704241836245,-162.92996901246244,-86.25704241836245,1454.4292212622856,-727.2146106311428,-1373.6275978588276,-727.2146106311428
12.0,-6.0,-11.333333333333334,-6.0,0.0,5.743690145528642,1.0,2.0,0.005538608412073598,0.13009706694048187,444.2599939888295,67.71445398046528,288.66666666666663,180.55076755744324,-90.27538377872162,-170.52016935980754,-90.27538377872162,1451.0292338413387,-725.5146169206694,-1370.4164986279307,-725.5146169206694
13.0,-6.5,-12.277777777777779,-6.5,0.0,5.742480597436201,1.0,2.0,0.005312253499653419,0.1354093204401353,443.2669768761939,73.29101431074973,287.72222222222223,188.24402865285737,-94.12201432642868,-177.786027061032,-94.12201432642868,1448.2104620790503,-724.1052310395252,-1367.754325296882,-724.1052310395252
14.0,-7.0,-13.222222222222223,-7.0,0.0,5.741170382292295,1.0,2.0,0.005111572303976825,0.1405208927441121,442.1956831655298,78.85171497122047,286.77777777777777,195.6345211476312,-97.8172605738156,-184.7659366394295,-97.8172605738156,1445.835460260242,-722.917730130121,-1365.5112680235586,-722.917730130121
15.0,-7.5,-14.166666666666668,-7.5,0.0,5.739759530972953,1.0,2.0,0.004932049932016902,0.14545294267612902,441.04638060126626,84.3953570755171,285.83333333333337,202.75544931295173,-101.37772465647586,-191.49125768445444,-101.37772465647586,1443.8069896848153,-721.9034948424077,-1363.595490257882,-721.9034948424077
16.0,-8.0,-15.111111111111112,-8.0,0.0,5.738248076731941,1.0,2.0,0.004770210561606925,0.15022315323773594,439.8193563730564,89.92074640341625,284.8888888888889,209.63435200292992,-104.81717600146496,-197.9879991138783,-104.81717600146496,1442.0543079047893,-721.0271539523947,-1361.9401796878574,-721.0271539523947
17.0,-8.5,-16.055555555555557,-8.5,0.0,5.736636055201075,1.0,2.0,0.004623328815397287,0.15484648205313323,438.51491703308625,95.42669372695006,283.94444444444446,216.2943714212265,-108.14718571061324,-204.2780174533806,-108.14718571061324,1440.5247137336194,-720.2623568668097,-1360.4955629706421,-720.2623568668097
18.0,-9.0,-17.0,-9.0,0.0,5.73492350439086,1.0,2.0,0.004489233465310188,0.15933571551844342,437.1333884078151,100.91201513504724,283.0,222.7551780782477,-111.37758903912385,-210.37989040723357,-111.37758903912385,1439.1781374138875,-719.5890687069437,-1359.2237964463595,-719.5890687069437
19.0,-9.5,-17.944444444444443,-9.5,0.0,5.733110464691596,1.0,2.0,0.0043661704673855495,0.16370188598582897,435.67511550417123,106.3755323566008,282.05555555555554,229.0336594665295,-114.51682973326476,-216.3095672739442,-114.51682973326476,1437.9835682506816,-718.9917841253408,-1358.0955922367584,-718.9917841253408
20.0,-10.0,-18.888888888888886,-10.0,0.0,5.731196978873383,1.0,2.0,0.0042527052311436275,0.1679545912169726,434.1404624102337,111.81607308186638,281.1111111111111,235.1444423367858,-117.5722211683929,-222.08086220696399,-117.5722211683929,1436.9166302675978,-718.4583151337989,-1357.0879285860558,-718.4583151337989
21.0,-10.5,-19.83333333333333,-10.5,0.0,5.7291830920874025,1.0,2.0,0.004147651494746246,0.17210224271171884,432.52981219042897,117.23247128209698,280.1666666666667,241.10029525544314,-120.55014762772157,-227.70583440791813,-120.55014762772157,1435.957897186278,-717.978948593139,-1356.1824584537046,-717.978948593139
22.0,-11.0,-20.77777777777777,-11.0,0.0,5.727068851866401,1.0,2.0,0.004050018647442838,0.17615226135916168,430.8435667752735,122.62356752731867,279.22222222222223,246.91244338625333,-123.45622169312666,-233.19508542034998,-123.45622169312666,1435.0916963011882,-717.5458481505941,-1355.364379840013,-717.5458481505941
23.0,-11.5,-21.722222222222214,-11.5,0.0,5.7248543081257335,1.0,2.0,0.003975125749889757,0.18012738710905143,429.08214684569555,127.9882093021541,278.27777777777777,251.5643687568206,-125.7821843784103,-237.5885704925524,-125.7821843784103,1170.2586693505975,-585.1293346752988,-1105.2442988311172,-585.1293346752988
24.0,-12.0,-22.666666666666657,-12.0,0.0,5.7225395131641426,1.0,2.0,0.003968253968253954,0.1840956410773054,427.24599171197156,133.32525131959991,277.33333333333337,252.0000000000009,-126.00000000000045,-238.00000000000045,-126.00000000000045,109.77907328143503,-54.889536640717516,-103.68023587690848,-54.889536640717516
25.0,-12.5,-23.6111111111111,-12.5,0.0,5.720124521664549,1.0,2.0,0.003968253968253982,0.18806389504555937,425.3355591873133,138.63355583266565,276.3888888888889,251.99999999999912,-125.99999999999956,-237.99999999999878,-125.99999999999956,-4.5122305891709247e-10,2.2561152945854624e-10,4.2257397581124533e-10,2.2561152945854624e-10
26.0,-13.0,-24.555555555555543,-13.0,0.0,5.717609390695311,1.0,2.0,0.003968253968253954,0.19203214901381332,423.35132545614226,143.9119929437818,275.44444444444446,252.0000000000009,-126.00000000000045,-238.00000000000045,-126.00000000000045,4.512230589170956e-10,-2.256115294585478e-10,-4.225739758112483e-10,-2.256115294585478e-10
27.0,-13.5,-25.499999999999986,-13.5,0.0,5.714994179711037,1.0,2.0,0.003968253968253982,0.1960004029820673,421.2937849370927,149.15944091188575,274.5,251.99999999999912,-125.99999999999956,-237.99999999999878,-125.99999999999956,-4.5122305891709247e-10,2.2561152945854624e-10,4.2257397581124533e-10,2.2561152945854624e-10
28.0,-14.0,-26.44444444444443,-14.0,0.0,5.712278950553696,1.0,2.0,0.003968253968253954,0.19996865695032126,419.16345014078456,154.37478645709515,273.55555555555554,252.0000000000009,-126.00000000000045,-238.00000000000045,-126.00000000000045,4.512230589170956e-10,-2.256115294585478e-10,-4.225739758112483e-10,-2.256115294585478e-10
29.0,-14.5,-27.38888888888887,-14.5,0.0,5.709463767453797,1.0,2.0,0.003968253968253982,0.20393691091857524,416.9608515224061,159.5569250628778,272.61111111111114,251.99999999999912,-125.99999999999956,-237.99999999999878,-125.99999999999956,-4.5122305891709247e-10,2.2561152945854624e-10,4.2257397581124533e-10,2.2561152945854624e-10
30.0,-15.0,-28.333333333333314,-15.0,0.0,5.706548697031449,1.0,2.0,0.003968253968253954,0.2079051648868292,414.6865373291548,164.70476127563023,271.6666666666667,252.0000000000009,-126.00000000000045,-238.00000000000045,-126.00000000000045,4.512230589170956e-10,-2.256115294585478e-10,-4.225739758112483e-10,-2.256115294585478e-10
31.0,-15.5,-29.277777777777757,-15.5,0.0,5.703533808297816,1.0,2.0,0.003968253968253982,0.21187341885508318,412.3410734425782,169.81720900157512,270.72222222222223,251.99999999999912,-125.99999999999956,-237.99999999999878,-125.99999999999956,-4.5122305891709247e-10,2.2561152945854624e-10,4.2257397581124533e-10,2.2561152945854624e-10
32.0,-16.0,-30.2222222222222,-16.0,0.0,5.700419172655918,1.0,2.0,0.003968253968253954,0.21584167282333713,409.9250432158649,174.89319180089083,269.7777777777778,252.0000000000009,-126.00000000000045,-238.00000000000045,-126.00000000000045,4.512230589170956e-10,-2.256115294585478e-10,-4.225739758112483e-10,-2.256115294585478e-10
33.0,-16.5,-31.166666666666643,-16.5,0.0,5.697204863902608,1.0,2.0,0.003968253968253982,0.21980992679159111,407.4390473061331,179.93164317898612,268.83333333333337,251.99999999999912,-125.99999999999956,-237.99999999999878,-125.99999999999956,-4.5122305891709247e-10,2.2561152945854624e-10,4.2257397581124533e-10,2.2561152945854624e-10
34.0,-17.0,-32.111111111111086,-17.0,0.0,5.693890958229422,1.0,2.0,0.003968253968253954,0.22377818075984507,404.88370350176723,184.93150687483362,267.8888888888889,252.0000000000009,-126.00000000000045,-238.00000000000045,-126.00000000000045,4.512230589170956e-10,-2.256115294585478e-10,-4.225739758112483e-10,-2.256115294585478e-10
35.0,-17.5,-33.05555555555553,-17.5,0.0,5.690477534224125,1.0,2.0,0.003968253968253982,0.22774643472809905,402.2596465448551,189.89173714627753,266.94444444444446,251.99999999999912,-125.99999999999956,-237.99999999999878,-125.99999999999956,-4.5122305891709247e-10,2.2561152945854624e-10,4.2257397581124533e-10,2.2561152945854624e-10
36.0,-18.0,-33.99999999999997,-18.0,0.0,5.6869646728726,1.0,2.0,0.003968253968253954,0.231714688696353,399.56752794877787,194.81129905223156,266.0,252.0000000000009,-126.00000000000045,-238.00000000000045,-126.00000000000045,4.512230589170956e-10,-2.256115294585478e-10,-4.225739758112483e-10,-2.256115294585478e-10
37.0,-18.5,-34.944444444444414,-18.5,0.0,5.683352457559524,1.0,2.0,0.003968253968253982,0.235682942664607,396.80801581100843,199.68916873168274,265.0555555555556,251.99999999999912,-125.99999999999956,-237.99999999999878,-125.99999999999956,-4.5122305891709247e-10,2.2561152945854624e-10,4.2257397581124533e-10,2.2561152945854624e-10
38.0,-19.0,-35.88888888888886,-19.0,0.0,5.6796409740712,1.0,2.0,0.003968253968253954,0.23965119663286094,393.98179462117366,204.52433367942086,264.11111111111114,252.0000000000009,-126.00000000000045,-238.00000000000045,-126.00000000000045,4.512230589170956e-10,-2.256115294585478e-10,-4.225739758112483e-10,-2.256115294585478e-10
39.0,-19.5,-36.8333333333333,-19.5,0.0,5.675830310596117,1.0,2.0,0.003968253968253982,0.24361945060111492,391.0895650644388,209.31579301841026,263.1666666666667,251.99999999999912,-125.99999999999956,-237.99999999999878,-125.99999999999956,-4.5122305891709247e-10,2.2561152945854624e-10,4.2257397581124533e-10,2.2561152945854624e-10
40.0,-20.0,-37.77777777777774,-20.0,0.0,5.671920557727045,1.0,2.0,0.003968253968253982,0.2475877045693689,388.1320438202727,214.06255776872507,262.2222222222223,251.99999999999912,-125.99999999999956,-237.99999999999878,-125.99999999999956,0.0,0.0,0.0,0.0
41.0,-20.5,-38.722222222222186,-20.5,0.0,5.667911808463311,1.0,2.0,0.003968253968253954,0.25155595853762286,385.1099633566538,218.76365111296838,261.2777777777778,252.0000000000009,-126.00000000000045,-238.00000000000045,-126.00000000000045,4.512230589170956e-10,-2.256115294585478e-10,-4.225739758112483e-10,-2.256115294585478e-10
42.0,-21.0,-39.66666666666663,-21.0,0.0,5.663804158211746,1.0,2.0,0.003968253968253954,0.2555242125058768,382.02407171977933,223.4181086580968,260.33333333333337,252.0000000000009,-126.00000000000045,-238.00000000000045,-126.00000000000045,0.0,0.0,0.0,0.0
43.0,-21.5,-40.61111111111107,-21.5,0.0,5.659597704789446,1.0,2.0,0.00396825396825401,0.2594924664741308,378.87513231934025,228.02497869357407,259.3888888888889,251.99999999999736,-125.99999999999868,-237.99999999999713,-125.99999999999868,-8.952838470577169e-10,4.4764192352885846e-10,8.37985680846023e-10,4.4764192352885846e-10
44.0,-22.0,-41.555555555555515,-22.0,0.0,5.6552925484252805,1.0,2.0,0.003968253968253954,0.2634607204423848,375.6639237094271,232.5833224457775,258.44444444444446,252.0000000000009,-126.00000000000045,-238.00000000000045,-126.00000000000045,8.952838470577294e-10,-4.476419235288647e-10,-8.379856808460348e-10,-4.476419235288647e-10
45.0,-22.5,-42.49999999999996,-22.5,0.0,5.650888791762051,1.0,2.0,0.003968253968253954,0.26742897441063873,372.3912393651312,237.09221432858203,257.50000000000006,252.0000000000009,-126.00000000000045,-238.00000000000045,-126.00000000000045,0.0,0.0,0.0,0.0
46.0,-23.0,-43.4444444444444,-23.0,0.0,5.646386539858483,1.0,2.0,0.003968253968253954,0.2713972283788927,369.0578874549095,241.5507421900487,256.5555555555556,252.0000000000009,-126.00000000000045,-238.00000000000045,-126.00000000000045,0.0,0.0,0.0,0.0
47.0,-23.5,-44.38888888888884,-23.5,0.0,5.641785900191913,1.0,2.0,0.003968253968253954,0.27536548234714664,365.6646906087807,245.9580075551457,255.61111111111114,252.0000000000009,-126.00000000000045,-238.00000000000045,-126.00000000000045,0.0,0.0,0.0,0.0
48.0,-24.0,-45.333333333333286,-24.0,0.0,5.637086982659739,1.0,2.0,0.00396825396825401,0.27933373631540065,362.21248568242186,250.3131258644289,254.6666666666667,251.99999999999736,-125.99999999999868,-237.99999999999713,-125.99999999999868,-8.952838470577169e-10,4.4764192352885846e-10,8.37985680846023e-10,4.4764192352885846e-10
49.0,-24.5,-46.27777777777773,-24.5,0.0,5.632289899582689,1.0,2.0,0.003968253968253954,0.2833019902836546,358.7021235172373,254.61522670861422,253.72222222222229,252.0000000000009,-126.00000000000045,-238.00000000000045,-126.00000000000045,8.952838470577294e-10,-4.476419235288647e-10,-8.379856808460348e-10,-4.476419235288647e-10
50.0,-25.0,-47.22222222222217,-25.0,0.0,5.627394765706242,1.0,2.0,0.003968253968253954,0.28727024425190856,355.13446869647044,258.8634540589705,252.77777777777783,252.0000000000009,-126.00000000000045,-238.00000000000045,-126.00000000000045,0.0,0.0,0.0,0.0
51.0,-25.5,-48.166666666666615,-25.5,0.0,5.622401698204199,1.0,2.0,0.00396825396825401,0.29123849822016257,351.5103992974326,263.056966493468,251.83333333333337,251.99999999999736,-125.99999999999868,-237.99999999999713,-125.99999999999868,-8.952838470577169e-10,4.4764192352885846e-10,8.37985680846023e-10,4.4764192352885846e-10
52.0,-26.0,-49.11111111111106,-26.0,0.0,5.617310816679988,1.0,2.0,0.003968253968253954,0.2952067521884165,347.8308066399234,267.19493741861385,250.88888888888894,252.0000000000009,-126.00000000000045,-238.00000000000045,-126.00000000000045,8.952838470577294e-10,-4.476419235288647e-10,-8.379856808460348e-10,-4.476419235288647e-10
53.0,-26.5,-50.0555555555555,-26.5,0.0,5.612122243170497,1.0,2.0,0.003968253968253954,0.2991750061566705,344.096595030916,271.2765552869108,249.9444444444445,252.0000000000009,-126.00000000000045,-238.00000000000045,-126.00000000000045,0.0,0.0,0.0,0.0
54.0,-27.0,-50.99999999999994,-27.0,0.0,5.606836102148449,1.0,2.0,0.003968253968253954,0.30314326012492443,340.30868150558655,275.30102380987626,249.00000000000006,252.0000000000009,-126.00000000000045,-238.00000000000045,-126.00000000000045,0.0,0.0,0.0,0.0
55.0,-27.5,-51.944444444444386,-27.5,0.0,5.601452520524326,1.0,2.0,0.003968253968253954,0.3071115140931784,336.4679955647646,279.2675621665569,248.0555555555556,252.0000000000009,-126.00000000000045,-238.00000000000045,-126.00000000000045,0.0,0.0,0.0,0.0
56.0,-28.0,-52.88888888888883,-28.0,0.0,5.595971627650726,1.0,2.0,0.003968253968253954,0.31107976806143234,332.5754789088811,283.1754052074811,247.11111111111117,252.0000000000009,-126.00000000000045,-238.00000000000045,-126.00000000000045,0.0,0.0,0.0,0.0
57.0,-28.5,-53.83333333333327,-28.5,0.0,5.590393555324387,1.0,2.0,0.003968253968253954,0.3150480220296863,328.6320851684968,287.02380365398693,246.16666666666674,252.0000000000009,-126.00000000000045,-238.00000000000045,-126.00000000000045,0.0,0.0,0.0,0.0
58.0,-29.0,-54.777777777777715,-29.0,0.0,5.584718437789723,1.0,2.0,0.00396825396825401,0.3190162759979403,324.63877963148985,290.8120242928695,245.22222222222229,251.99999999999736,-125.99999999999868,-237.99999999999713,-125.99999999999868,-8.952838470577169e-10,4.4764192352885846e-10,8.37985680846023e-10,4.4764192352885846e-10
59.0,-29.5,-55.72222222222216,-29.5,0.0,5.5789464117409775,1.0,2.0,0.00396825396825401,0.3229845299661943,320.5965389669857,294.5393501662893,244.27777777777783,251.99999999999736,-125.99999999999868,-237.99999999999713,-125.99999999999868,0.0,0.0,0.0,0.0
60.0,-30.0,-56.6666666666666,-30.0,0.0,5.573077616327367,1.0,2.0,0.003968253968253954,0.32695278393444827,316.50635094610965,298.20508075688775,243.3333333333334,252.0000000000009,-126.00000000000045,-238.00000000000045,-126.00000000000045,8.952838470577294e-10,-4.476419235288647e-10,-8.379856808460348e-10,-4.476419235288647e-10
61.0,-30.5,-57.61111111111104,-30.5,0.0,5.56711219315493,1.0,2.0,0.003968253968253954,0.3309210379027022,312.36921415964883,301.80853216805525,242.38888888888897,252.0000000000009,-126.00000000000045,-238.00000000000045,-126.00000000000045,0.0,0.0,0.0,0.0
62.0,-31.0,-58.555555555555486,-31.0,0.0,5.561050286290206,1.0,2.0,0.003968253968253954,0.3348892918709562,308.1861377327062,305.34903729929897,241.4444444444445,252.0000000000009,-126.00000000000045,-238.00000000000045,-126.00000000000045,0.0,0.0,0.0,0.0
63.0,-31.5,-59.49999999999993,-31.5,0.0,5.554892042264308,1.0,2.0,0.003968253968253954,0.33885754583921013,303.9581410364323,308.8259460166608,240.50000000000006,252.0000000000009,-126.00000000000045,-238.00000000000045,-126.00000000000045,0.0,0.0,0.0,0.0
64.0,-32.0,-60.44444444444437,-32.0,0.0,5.54863761007621,1.0,2.0,0.003968253968253954,0.3428257998074641,299.6862533969219,312.2386253181347,239.55555555555563,252.0000000000009,-126.00000000000045,-238.00000000000045,-126.00000000000045,0.0,0.0,0.0,0.0
65.0,-32.5,-61.388888888888815,-32.5,0.0,5.542287141196598,1.0,2.0,0.00396825396825401,0.3467940537757181,295.3715138013613,315.586459494036,238.6111111111112,251.99999999999736,-125.99999999999868,-237.99999999999713,-125.99999999999868,-8.952838470577169e-10,4.4764192352885846e-10,8.37985680846023e-10,4.4764192352885846e-10
66.0,-33.0,-62.33333333333326,-33.0,0.0,5.535840789572056,1.0,2.0,0.003968253968253954,0.35076230774397205,291.014970601516,318.868850282277,237.66666666666674,252.0000000000009,-126.00000000000045,-238.00000000000045,-126.00000000000045,8.952838470577294e-10,-4.476419235288647e-10,-8.379856808460348e-10,-4.476419235288647e-10
67.0,-33.5,-63.2777777777777,-33.5,0.0,5.529298711628218,1.0,2.0,0.00396825396825401,0.35473056171222606,286.6176812146468,322.08521701850265,236.72222222222229,251.99999999999736,-125.99999999999868,-237.99999999999713,-125.99999999999868,-8.952838470577169e-10,4.4764192352885846e-10,8.37985680846023e-10,4.4764192352885846e-10
68.0,-34.0,-64.22222222222214,-34.0,0.0,5.522661066275066,1.0,2.0,0.003968253968253954,0.35869881568048,282.1807118219428,325.23499678104423,235.77777777777786,252.0000000000009,-126.00000000000045,-238.00000000000045,-126.00000000000045,8.952838470577294e-10,-4.476419235288647e-10,-8.379856808460348e-10,-4.476419235288647e-10
69.0,-34.5,-65.16666666666659,-34.5,0.0,5.515928014910056,1.0,2.0,0.003968253968253954,0.36266706964873396,277.7051370645639,328.3176445306486,234.83333333333343,252.0000000000009,-126.00000000000045,-238.00000000000045,-126.00000000000045,0.0,0.0,0.0,0.0
70.0,-35.0,-66.11111111111103,-35.0,0.0,5.509099721423255,1.0,2.0,0.003968253968253954,0.3666353236169879,273.19203973738166,331.3326332449432,233.88888888888897,252.0000000000009,-126.00000000000045,-238.00000000000045,-126.00000000000045,0.0,0.0,0.0,0.0
71.0,-35.5,-67.05555555555547,-35.5,0.0,5.502176352201356,1.0,2.0,0.003968253968253954,0.3706035775852419,268.64251048051113,334.27945404759834,232.9444444444445,252.0000000000009,-126.00000000000045,-238.00000000000045,-126.00000000000045,0.0,0.0,0.0,0.0
72.0,-36.0,-67.99999999999991,-36.0,0.0,5.4951580761325545,1.0,2.0,0.003968253968253954,0.3745718315534958,264.0576474687263,337.1576163321491,232.00000000000009,252.0000000000009,-126.00000000000045,-238.00000000000045,-126.00000000000045,0.0,0.0,0.0,0.0
73.0,-36.5,-68.94444444444436,-36.5,0.0,5.488045064610895,1.0,2.0,0.00396825396825401,0.37854008552174984,259.4385560988516,339.9666478804424,231.05555555555566,251.99999999999736,-125.99999999999868,-237.99999999999713,-125.99999999999868,-8.952838470577169e-10,4.4764192352885846e-10,8.37985680846023e-10,4.4764192352885846e-10
74.0,-37.0,-69.8888888888888,-37.0,0.0,5.480837491541842,1.0,2.0,0.003968253968253954,0.3825083394900038,254.78634867522302,342.70609497567597,230.1111111111112,252.0000000000009,-126.00000000000045,-238.00000000000045,-126.00000000000045,8.952838470577294e-10,-4.476419235288647e-10,-8.379856808460348e-10,-4.476419235288647e-10
75.0,-37.5,-70.83333333333324,-37.5,0.0,5.47353553334629,1.0,2.0,0.00396825396825401,0.3864765934582578,250.10214409331292,345.3755225099939,229.16666666666674,251.99999999999736,-125.99999999999868,-237.99999999999713,-125.99999999999868,-8.952838470577169e-10,4.4764192352885846e-10,8.37985680846023e-10,4.4764192352885846e-10
76.0,-38.0,-71.77777777777769,-38.0,0.0,5.466139368966674,1.0,2.0,0.003968253968253954,0.39044484742651175,245.38706752161406,347.97451408661396,228.2222222222223,252.0000000000009,-126.00000000000045,-238.00000000000045,-126.00000000000045,8.952838470577294e-10,-4.476419235288647e-10,-8.379856808460348e-10,-4.476419235288647e-10
77.0,-38.5,-72.72222222222213,-38.5,0.0,5.458649179871807,1.0,2.0,0.003968253968253954,0.3944131013947657,240.64225008187643,350.50267211645206,227.27777777777789,252.0000000000009,-126.00000000000045,-238.00000000000045,-126.00000000000045,0.0,0.0,0.0,0.0
78.0,-39.0,-73.66666666666657,-39.0,0.0,5.451065150061748,1.0,2.0,0.003968253968253954,0.39838135536301966,235.8688285277946,352.9596179092205,226.33333333333343,252.0000000000009,-126.00000000000045,-238.00000000000045,-126.00000000000045,0.0,0.0,0.0,0.0
79.0,-39.5,-74.61111111111101,-39.5,0.0,5.443387466074972,1.0,2.0,0.003968253968253954,0.4023496093312736,231.06794492223895,355.3449917589739,225.38888888888897,252.0000000000009,-126.00000000000045,-238.00000000000045,-126.00000000000045,0.0,0.0,0.0,0.0
80.0,-40.0,-75.55555555555546,-40.0,0.0,5.4356163169920135,1.0,2.0,0.003968253968253954,0.40631786329952757,226.24074631313056,357.65845302407644,224.44444444444454,252.0000000000009,-126.00000000000045,-238.00000000000045,-126.00000000000045,0.0,0.0,0.0,0.0
81.0,-40.5,-76.4999999999999,-40.5,0.0,5.4277518944432614,1.0,2.0,0.00396825396825401,0.4102861172677816,221.38838440805392,359.8996802015735,223.5000000000001,251.99999999999736,-125.99999999999868,-237.99999999999713,-125.99999999999868,-8.952838470577169e-10,4.4764192352885846e-10,8.37985680846023e-10,4.4764192352885846e-10
82.0,-41.0,-77.44444444444434,-41.0,0.0,5.419794392613712,1.0,2.0,0.003968253968253954,0.41425437123603553,216.51201524770613,362.06837099594094,222.55555555555566,252.0000000000009,-126.00000000000045,-238.00000000000045,-126.00000000000045,8.952838470577294e-10,-4.476419235288647e-10,-8.379856808460348e-10,-4.476419235288647e-10
83.0,-41.5,-78.38888888888879,-41.5,0.0,5.411744008249968,1.0,2.0,0.00396825396825401,0.41822262520428954,211.61279887828,364.1642423821988,221.6111111111112,251.99999999999736,-125.99999999999868,-237.99999999999713,-125.99999999999868,-8.952838470577169e-10,4.4764192352885846e-10,8.37985680846023e-10,4.4764192352885846e-10
84.0,-42.0,-79.33333333333323,-42.0,0.0,5.403600940665979,1.0,2.0,0.003968253968253954,0.4221908791725435,206.6918990228792,366.1870306633693,220.66666666666674,252.0000000000009,-126.00000000000045,-238.00000000000045,-126.00000000000045,8.952838470577294e-10,-4.476419235288647e-10,-8.379856808460348e-10,-4.476419235288647e-10
85.0,-42.5,-80.27777777777767,-42.5,0.0,5.3953653917502775,1.0,2.0,0.003968253968253954,0.42615913314079745,201.7504827520626,368.1364915222643,219.72222222222234,252.0000000000009,-126.00000000000045,-238.00000000000045,-126.00000000000045,0.0,0.0,0.0,0.0
86.0,-43.0,-81.22222222222211,-43.0,0.0,5.38703756597224,1.0,2.0,0.003968253968253954,0.4301273871090514,196.78972015361768,370.0124000675895,218.77777777777789,252.0000000000009,-126.00000000000045,-238.00000000000045,-126.00000000000045,0.0,0.0,0.0,0.0
87.0,-43.5,-82.16666666666656,-43.5,0.0,5.378617670389476,1.0,2.0,0.003968253968253954,0.43409564107730536,191.81078400166066,371.8145508743533,217.83333333333343,252.0000000000009,-126.00000000000045,-238.00000000000045,-126.00000000000045,0.0,0.0,0.0,0.0
88.0,-44.0,-83.111111111111,-44.0,0.0,5.3701059146541485,1.0,2.0,0.00396825396825401,0.43806389504555937,186.814849425163,373.5427580185686,216.88888888888903,251.99999999999736,-125.99999999999868,-237.99999999999713,-125.99999999999868,-8.952838470577169e-10,4.4764192352885846e-10,8.37985680846023e-10,4.4764192352885846e-10
89.0,-44.5,-84.05555555555544,-44.5,0.0,5.361502511021314,1.0,2.0,0.003968253968253954,0.4420321490138133,181.80309357600203,375.19685510624106,215.94444444444457,252.0000000000009,-126.00000000000045,-238.00000000000045,-126.00000000000045,8.952838470577294e-10,-4.476419235288647e-10,-8.379856808460348e-10,-4.476419235288647e-10
90.0,-45.0,-84.99999999999989,-45.0,0.0,5.352807674355321,1.0,2.0,0.003968253968253954,0.4460004029820673,176.77669529663686,376.77669529663694,215.0000000000001,252.0000000000009,-126.00000000000045,-238.00000000000045,-126.00000000000045,0.0,0.0,0.0,0.0
91.0,-45.5,-85.94444444444433,-45.5,0.0,5.344021622138884,1.0,2.0,0.003968253968253954,0.44996865695032123,171.736834787506,378.2821513198237,214.05555555555566,252.0000000000009,-126.00000000000045,-238.00000000000045,-126.00000000000045,0.0,0.0,0.0,0.0
92.0,-46.0,-86.88888888888877,-46.0,0.0,5.335144574479543,1.0,2.0,0.00396825396825401,0.45393691091857524,166.6846932742492,379.71311548848195,213.1111111111112,251.99999999999736,-125.99999999999868,-237.99999999999713,-125.99999999999868,-8.952838470577169e-10,4.4764192352885846e-10,8.37985680846023e-10,4.4764192352885846e-10
93.0,-46.5,-87.83333333333321,-46.5,0.0,5.326176754119209,1.0,2.0,0.003968253968253954,0.4579051648868292,161.6214526748497,381.0694997039867,212.1666666666668,252.0000000000009,-126.00000000000045,-238.00000000000045,-126.00000000000045,8.952838470577294e-10,-4.476419235288647e-10,-8.379856808460348e-10,-4.476419235288647e-10
94.0,-47.0,-88.77777777777766,-47.0,0.0,5.317118386440868,1.0,2.0,0.003968253968253954,0.46187341885508315,156.5482952667995,382.3512354567575,211.22222222222234,252.0000000000009,-126.00000000000045,-238.00000000000045,-126.00000000000045,0.0,0.0,0.0,0.0
95.0,-47.5,-89.7222222222221,-47.5,0.0,5.307969699478955,1.0,2.0,0.003968253968253954,0.4658416728233371,151.46640335438335,383.5582738208802,210.27777777777789,252.0000000000009,-126.00000000000045,-238.00000000000045,-126.00000000000045,0.0,0.0,0.0,0.0
96.0,-48.0,-90.66666666666654,-48.0,0.0,5.298730923926896,1.0,2.0,0.00396825396825401,0.4698099267915911,146.37695893618383,384.6905854430033,209.33333333333348,251.99999999999736,-125.99999999999868,-237.99999999999713,-125.99999999999868,-8.952838470577169e-10,4.4764192352885846e-10,8.37985680846023e-10,4.4764192352885846e-10
97.0,-48.5,-91.61111111111099,-48.5,0.0,5.2894022931469244,1.0,2.0,0.003968253968253954,0.47377818075984507,141.28114337290484,385.74816052551495,208.38888888888903,252.0000000000009,-126.00000000000045,-238.00000000000045,-126.00000000000045,8.952838470577294e-10,-4.476419235288647e-10,-8.379856808460348e-10,-4.476419235288647e-10
98.0,-49.0,-92.55555555555543,-49.0,0.0,5.279984043178615,1.0,2.0,0.003968253968253954,0.477746434728099,136.18013705561373,386.7310088040071,207.44444444444457,252.0000000000009,-126.00000000000045,-238.00000000000045,-126.00000000000045,0.0,0.0,0.0,0.0
99.0,-49.5,-93.49999999999987,-49.5,0.0,5.2704764127492725,1.0,2.0,0.003968253968253954,0.481714688696353,131.07511907449964,387.63915951903533,206.5000000000001,252.0000000000009,-126.00000000000045,-238.00000000000045,-126.00000000000045,0.0,0.0,0.0,0.0
100.0,-50.0,-94.44444444444431,-50.0,0.0,5.26087964328271,1.0,2.0,0.00396825396825401,0.485682942664607,125.9672668882487,388.4726613821862,205.55555555555566,251.99999999999736,-125.99999999999868,-237.99999999999713,-125.99999999999868,-8.952838470577169e-10,4.4764192352885846e-10,8.37985680846023e-10,4.4764192352885846e-10
101.0,-50.5,-95.38888888888876,-50.5,0.0,5.251193978910695,1.0,2.0,0.003968253968253954,0.48965119663286094,120.85775599413199,389.2315825364629,204.61111111111126,252.0000000000009,-126.00000000000045,-238.00000000000045,-126.00000000000045,8.952838470577294e-10,-4.476419235288647e-10,-8.379856808460348e-10,-4.476419235288647e-10
102.0,-51.0,-96.3333333333332,-51.0,0.0,5.241419666481914,1.0,2.0,0.003968253968253954,0.4936194506011149,115.74775959890752,389.9160105110039,203.6666666666668,252.0000000000009,-126.00000000000045,-238.00000000000045,-126.00000000000045,0.0,0.0,0.0,0.0
103.0,-51.5,-97.27777777777764,-51.5,0.0,5.23155695557352,1.0,2.0,0.003968253968253954,0.49758770456936885,110.63844829063189,390.52605217015054,202.72222222222234,252.0000000000009,-126.00000000000045,-238.00000000000045,-126.00000000000045,0.0,0.0,0.0,0.0
104.0,-52.0,-98.22222222222209,-52.0,0.0,5.221606098501267,1.0,2.0,0.003968253968253954,0.5015559585376228,105.53098971148101,391.06183365687986,201.77777777777794,252.0000000000009,-126.00000000000045,-238.00000000000045,-126.00000000000045,0.0,0.0,0.0,0.0
105.0,-52.5,-99.16666666666653,-52.5,0.0,5.211567350331497,1.0,2.0,0.003968253968253954,0.5055242125058768,100.42654823167594,391.52350033062254,200.83333333333348,252.0000000000009,-126.00000000000045,-238.00000000000045,-126.00000000000045,0.0,0.0,0.0,0.0
106.0,-53.0,-100.11111111111097,-53.0,0.0,5.201440968891766,1.0,2.0,0.003968253968253954,0.5094924664741307,95.32628462461226,391.91121669948706,199.88888888888903,252.0000000000009,-126.00000000000045,-238.00000000000045,-126.00000000000045,0.0,0.0,0.0,0.0
107.0,-53.5,-101.05555555555542,-53.5,0.0,5.191227214783823,1.0,2.0,0.003968253968253954,0.5134607204423847,90.23135574328798,392.2251663469115,198.94444444444457,252.0000000000009,-126.00000000000045,-238.00000000000045,-126.00000000000045,0.0,0.0,0.0,0.0
108.0,-54.0,-101.99999999999986,-54.0,0.0,5.180926351394078,1.0,2.0,0.003968253968254065,0.5174289744106387,85.1429141981288,392.46555185276765,198.0000000000001,251.99999999999383,-125.99999999999692,-237.99999999999378,-125.99999999999692,-1.783405423338947e-09,8.917027116694735e-10,1.6831336324684842e-09,8.917027116694735e-10
109.0,-54.5,-102.9444444444443,-54.5,0.0,5.170538644907503,1.0,2.0,0.003968253968253954,0.5213972283788927,80.06210803630363,392.63259470894326,197.0555555555557,252.0000000000009,-126.00000000000045,-238.00000000000045,-126.00000000000045,1.783405423338997e-09,-8.917027116694985e-10,-1.6831336324685313e-09,-8.917027116694985e-10
110.0,-55.0,-103.88888888888874,-55.0,0.0,5.160064364319674,1.0,2.0,0.003968253968253954,0.5253654823471466,74.99008042262776,392.72653522942966,196.11111111111126,252.0000000000009,-126.00000000000045,-238.00000000000045,-126.00000000000045,0.0,0.0,0.0,0.0
111.0,-55.5,-104.83333333333319,-55.5,0.0,5.149503781449797,1.0,2.0,0.003968253968253954,0.5293337363154006,69.9279693221481,392.7476324549443,195.1666666666668,252.0000000000009,-126.00000000000045,-238.00000000000045,-126.00000000000045,0.0,0.0,0.0,0.0
112.0,-56.0,-105.77777777777763,-56.0,0.0,5.138857170954519,1.0,2.0,0.003968253968254065,0.5333019902836547,64.87690718450425,392.696164052118,194.2222222222224,251.99999999999383,-125.99999999999692,-237.99999999999378,-125.99999999999692,-1.783405423338947e-09,8.917027116694735e-10,1.6831336324684842e-09,8.917027116694735e-10
113.0,-56.5,-106.72222222222207,-56.5,0.0,5.128124810341562,1.0,2.0,0.003968253968253954,0.5372702442519086,59.83802063015977,392.57242620728016,193.27777777777794,252.0000000000009,-126.00000000000045,-238.00000000000045,-126.00000000000045,1.783405423338997e-09,-8.917027116694985e-10,-1.6831336324685313e-09,-8.917027116694985e-10
114.0,-57.0,-107.66666666666652,-57.0,0.0,5.117306979983859,1.0,2.0,0.003968253968253954,0.5412384982201626,54.81243013859669,392.37673351487626,192.33333333333348,252.0000000000009,-126.00000000000045,-238.00000000000045,-126.00000000000045,0.0,0.0,0.0,0.0
115.0,-57.5,-108.61111111111096,-57.5,0.0,5.106403963133926,1.0,2.0,0.003968253968253954,0.5452067521884165,49.801249738566064,392.1094188605515,191.38888888888903,252.0000000000009,-126.00000000000045,-238.00000000000045,-126.00000000000045,0.0,0.0,0.0,0.0
116.0,-58.0,-109.5555555555554,-58.0,0.0,5.095416045939344,1.0,2.0,0.003968253968253954,0.5491750061566705,44.8055867004857,391.77083329894,190.44444444444457,252.0000000000009,-126.00000000000045,-238.00000000000045,-126.00000000000045,0.0,0.0,0.0,0.0
117.0,-58.5,-110.49999999999984,-58.5,0.0,5.084343517457221,1.0,2.0,0.003968253968253954,0.5531432601249244,39.82654123107782,391.36134592619663,189.50000000000017,252.0000000000009,-126.00000000000045,-238.00000000000045,-126.00000000000045,0.0,0.0,0.0,0.0
118.0,-59.0,-111.44444444444429,-59.0,0.0,5.0731866696708545,1.0,2.0,0.003968253968253954,0.5571115140931784,34.86520617033545,390.8813437473135,188.5555555555557,252.0000000000009,-126.00000000000045,-238.00000000000045,-126.00000000000045,0.0,0.0,0.0,0.0
119.0,-59.5,-112.38888888888873,-59.5,0.0,5.061945797505533,1.0,2.0,0.003968253968253954,0.5610797680614323,29.922666690908606,390.3312315382607,187.61111111111126,252.0000000000009,-126.00000000000045,-238.00000000000045,-126.00000000000045,0.0,0.0,0.0,0.0
120.0,-60.0,-113.33333333333317,-60.0,0.0,5.0506211988442935,1.0,2.0,0.003968253968253954,0.5650480220296863,24.999999999999993,389.71143170299746,186.66666666666686,252.0000000000009,-126.00000000000045,-238.00000000000045,-126.00000000000045,0.0,0.0,0.0,0.0
121.0,-60.5,-114.27777777777762,-60.5,0.0,5.039213174546627,1.0,2.0,0.003968253968253954,0.5690162759979402,20.0982750438559,389.0223841253974,185.7222222222224,252.0000000000009,-126.00000000000045,-238.00000000000045,-126.00000000000045,0.0,0.0,0.0,0.0
122.0,-61.0,-115.22222222222206,-61.0,0.0,5.027722028464275,1.0,2.0,0.003968253968253954,0.5729845299661942,15.21855221494325,388.2645460161342,184.77777777777794,252.0000000000009,-126.00000000000045,-238.00000000000045,-126.00000000000045,0.0,0.0,0.0,0.0
123.0,-61.5,-116.1666666666665,-61.5,0.0,5.016148067460413,1.0,2.0,0.003968253968254065,0.5769527839344483,10.361883061896654,387.4383917545762,183.83333333333348,251.99999999999383,-125.99999999999692,-237.99999999999378,-125.99999999999692,-1.783405423338947e-09,8.917027116694735e-10,1.6831336324684842e-09,8.917027116694735e-10
124.0,-62.0,-117.11111111111094,-62.0,0.0,5.004491601427161,1.0,2.0,0.003968253968253954,0.5809210379027022,5.529310002323291,386.5444127257401,182.88888888888903,252.0000000000009,-126.00000000000045,-238.00000000000045,-126.00000000000045,1.783405423338997e-09,-8.917027116694985e-10,-1.6831336324685313e-09,-8.917027116694985e-10
125.0,-62.5,-118.05555555555539,-62.5,0.0,4.9927529433049935,1.0,2.0,0.003968253968253954,0.5848892918709562,0.721866038549327,385.5831171523538,181.94444444444463,252.0000000000009,-126.00000000000045,-238.00000000000045,-126.00000000000045,0.0,0.0,0.0,0.0
126.0,-63.0,-118.99999999999983,-63.0,0.0,4.980932409102488,1.0,2.0,0.003968253968253954,0.5888575458392101,-4.059425523607952,384.5550299220814,181.00000000000017,252.0000000000009,-126.00000000000045,-238.00000000000045,-126.00000000000045,0.0,0.0,0.0,0.0
127.0,-63.5,-119.94444444444427,-63.5,0.0,4.969030317914796,1.0,2.0,0.003968253968254065,0.5928257998074642,-8.813551352957543,383.46069240996485,180.0555555555557,251.99999999999383,-125.99999999999692,-237.99999999999378,-125.99999999999692,-1.783405423338947e-09,8.917027116694735e-10,1.6831336324684842e-09,8.917027116694735e-10
128.0,-64.0,-120.88888888888872,-64.0,0.0,4.9570469919458295,1.0,2.0,0.003968253968253954,0.5967940537757181,-13.539508367862336,382.3006622961361,179.1111111111113,252.0000000000009,-126.00000000000045,-238.00000000000045,-126.00000000000045,1.783405423338997e-09,-8.917027116694985e-10,-1.6831336324685313e-09,-8.917027116694985e-10
129.0,-64.5,-121.83333333333316,-64.5,0.0,4.944982756528508,1.0,2.0,0.003968253968253954,0.6007623077439721,-18.236304007893718,381.07551337885934,178.16666666666686,252.0000000000009,-126.00000000000045,-238.00000000000045,-126.00000000000045,0.0,0.0,0.0,0.0
130.0,-65.0,-122.7777777777776,-65.0,0.0,4.932837940146054,1.0,2.0,0.003968253968253954,0.6047305617122261,-22.90295650213309,379.7858353829581,177.2222222222224,252.0000000000009,-126.00000000000045,-238.00000000000045,-126.00000000000045,0.0,0.0,0.0,0.0
131.0,-65.5,-123.72222222222204,-65.5,0.0,4.920612874454271,1.0,2.0,0.003968253968253954,0.60869881568048,-27.538495134041835,378.4322337636902,176.27777777777794,252.0000000000009,-126.00000000000045,-238.00000000000045,-126.00000000000045,0.0,0.0,0.0,0.0
132.0,-66.0,-124.66666666666649,-66.0,0.0,4.9083078943045075,1.0,2.0,0.003968253968253954,0.612667069648734,-32.14196050282166,377.0153295061291,175.33333333333348,252.0000000000009,-126.00000000000045,-238.00000000000045,-126.00000000000045,0.0,0.0,0.0,0.0
133.0,-66.5,-125.61111111111093,-66.5,0.0,4.895923337767121,1.0,2.0,0.003968253968253954,0.6166353236169879,-36.712404781188155,375.5357589201151,174.38888888888908,252.0000000000009,-126.00000000000045,-238.00000000000045,-126.00000000000045,0.0,0.0,0.0,0.0
134.0,-67.0,-126.55555555555537,-67.0,0.0,4.883459546154703,1.0,2.0,0.003968253968253954,0.6206035775852419,-41.24889196948098,373.9941734308403,173.44444444444463,252.0000000000009,-126.00000000000045,-238.00000000000045,-126.00000000000045,0.0,0.0,0.0,0.0
135.0,-67.5,-127.49999999999982,-67.5,0.0,4.870916864047351,1.0,2.0,0.003968253968253954,0.6245718315534958,-45.75049814603709,372.3912393651312,172.50000000000017,252.0000000000009,-126.00000000000045,-238.00000000000045,-126.00000000000045,0.0,0.0,0.0,0.0
136.0,-68.0,-128.44444444444426,-68.0,0.0,4.8582956393173236,1.0,2.0,0.003968253968253954,0.6285400855217498,-50.21631171375233,370.7276377334963,171.55555555555577,252.0000000000009,-126.00000000000045,-238.00000000000045,-126.00000000000045,0.0,0.0,0.0,0.0
137.0,-68.5,-129.38888888888872,-68.5,0.0,4.845596223155464,1.0,2.0,0.003968253968253954,0.6325083394900037,-54.645433642759855,369.0040640080058,170.6111111111113,252.0000000000009,-126.00000000000045,-238.00000000000404,-126.00000000000045,0.0,0.0,-9.024461178341912e-10,0.0
138.0,-69.0,-130.33333333333317,-69.0,0.0,4.8328189700977395,1.0,2.0,0.003968253968253954,0.6364765934582577,-59.0369777091538,367.22122789607215,169.66666666666686,252.0000000000009,-126.00000000000045,-238.00000000000404,-126.00000000000045,0.0,0.0,0.0,0.0
139.0,-69.5,-131.27777777777763,-69.5,0.0,4.819964238052455,1.0,2.0,0.003968253968254065,0.6404448474265118,-63.39007072968761,365.3798531102009,168.7222222222224,251.99999999999383,-125.99999999999692,-237.99999999999736,-125.99999999999692,-1.783405423338947e-09,8.917027116694735e-10,1.6831336324684842e-09,8.917027116694735e-10
140.0,-70.0,-132.2222222222221,-70.0,0.0,4.807032388327606,1.0,2.0,0.003968253968253954,0.6444131013947657,-67.70385279237846,363.480677133785,167.77777777777794,252.0000000000009,-126.00000000000045,-238.00000000000404,-126.00000000000045,1.783405423338997e-09,-8.917027116694985e-10,-1.6831336324685313e-09,-8.917027116694985e-10
141.0,-70.5,-133.16666666666654,-70.5,0.0,4.79402378566113,1.0,2.0,0.003968253968253954,0.6483813553630197,-71.97747748295144,361.5244509830121,166.83333333333348,252.0000000000009,-126.00000000000045,-238.00000000000404,-126.00000000000045,0.0,0.0,0.0,0.0
142.0,-71.0,-134.111111111111,-71.0,0.0,4.7809387982492595,1.0,2.0,0.003968253968253954,0.6523496093312736,-76.21011210705527,359.5119389649609,165.88888888888903,252.0000000000009,-126.00000000000045,-238.00000000000404,-126.00000000000045,0.0,0.0,0.0,0.0
143.0,-71.5,-135.05555555555546,-71.5,0.0,4.767777797777236,1.0,2.0,0.003968253968254065,0.6563178632995277,-80.40093790818563,357.44391843195945,164.94444444444457,251.99999999999383,-125.99999999999692,-237.99999999999736,-125.99999999999692,-1.783405423338947e-09,8.917027116694735e-10,1.6831336324684842e-09,8.917027116694735e-10
144.0,-72.0,-135.99999999999991,-72.0,0.0,4.754541159450349,1.0,2.0,0.003968253968253954,0.6602861172677816,-84.54915028125262,355.32117953228305,164.0000000000001,252.0000000000009,-126.00000000000045,-238.00000000000404,-126.00000000000045,1.783405423338997e-09,-8.917027116694985e-10,-1.6831336324685313e-09,-8.917027116694985e-10
145.0,-72.5,-136.94444444444437,-72.5,0.0,4.741229262026907,1.0,2.0,0.003968253968253954,0.6642543712360356,-88.65395898173007,353.14452495726596,163.05555555555566,252.0000000000009,-126.00000000000045,-238.00000000000404,-126.00000000000045,0.0,0.0,0.0,0.0
146.0,-73.0,-137.88888888888883,-73.0,0.0,4.7278424878492755,1.0,2.0,0.003968253968253954,0.6682226252042895,-92.71458833032419,350.91476968490826,162.1111111111112,252.0000000000009,-126.00000000000045,-238.00000000000404,-126.00000000000045,0.0,0.0,0.0,0.0
147.0,-73.5,-138.8333333333333,-73.5,0.0,4.71438122287924,1.0,2.0,0.003968253968253954,0.6721908791725435,-96.73027741310426,348.6327407200537,161.16666666666674,252.0000000000009,-126.00000000000045,-238.00000000000404,-126.00000000000045,0.0,0.0,0.0,0.0
148.0,-74.0,-139.77777777777774,-74.0,0.0,4.7008458567316795,1.0,2.0,0.003968253968253954,0.6761591331407975,-100.70028027703546,346.2992768312207,160.22222222222229,252.0000000000009,-126.00000000000045,-238.00000000000404,-126.00000000000045,0.0,0.0,0.0,0.0
149.0,-74.5,-140.7222222222222,-74.5,0.0,4.687236782711045,1.0,2.0,0.003968253968253954,0.6801273871090514,-104.62386612085827,343.91522828416663,159.27777777777783,252.0000000000009,-126.00000000000045,-238.00000000000404,-126.00000000000045,0.0,0.0,0.0,0.0
150.0,-75.0,-141.66666666666666,-75.0,0.0,4.673554397847101,1.0,2.0,0.003968253968253954,0.6840956410773054,-108.50031948125762,341.48145657226706,158.33333333333337,252.0000000000009,-126.00000000000045,-238.00000000000404,-126.00000000000045,0.0,0.0,0.0,0.0
151.0,-75.5,-142.61111111111111,-75.5,0.0,4.659799102932362,1.0,2.0,0.003968253968253954,0.6880638950455593,-112.32894041426884,338.9988341437944,157.3888888888889,252.0000000000009,-126.00000000000045,-238.00000000000404,-126.00000000000045,0.0,0.0,0.0,0.0
152.0,-76.0,-143.55555555555557,-76.0,0.0,4.6459713025618194,1.0,2.0,0.003968253968253954,0.6920321490138133,-116.10904467186845,336.4682441261773,156.44444444444446,252.0000000000009,-126.00000000000045,-238.00000000000404,-126.00000000000045,0.0,0.0,0.0,0.0
153.0,-76.5,-144.50000000000003,-76.5,0.0,4.6320714051711445,1.0,2.0,0.003968253968254176,0.6960004029820674,-119.83996387369724,333.8905800473285,155.5,251.99999999998678,-125.99999999999339,-237.9999999999907,-125.99999999999339,-3.559648575901333e-09,1.7798242879506665e-09,3.3591049941604126e-09,1.7798242879506665e-09
154.0,-77.0,-145.44444444444449,-77.0,0.0,4.618099823078006,1.0,2.0,0.003968253968253954,0.6999686569503214,-123.52104567386723,331.26674555412427,154.55555555555554,252.0000000000009,-126.00000000000045,-238.00000000000404,-126.00000000000045,3.5596485759015323e-09,-1.7798242879507662e-09,-3.359104994160601e-09,-1.7798242879507662e-09
155.0,-77.5,-146.38888888888894,-77.5,0.0,4.604056972523685,1.0,2.0,0.003968253968253954,0.7039369109185754,-127.15165392280431,328.5976541281233,153.6111111111111,252.0000000000009,-126.00000000000045,-238.00000000000404,-126.00000000000045,0.0,0.0,0.0,0.0
156.0,-78.0,-147.3333333333334,-78.0,0.0,4.589943273716499,1.0,2.0,0.003968253968253954,0.7079051648868293,-130.73116882408036,325.8842287986115,152.66666666666663,252.0000000000009,-126.00000000000045,-238.00000000000404,-126.00000000000045,0.0,0.0,0.0,0.0
157.0,-78.5,-148.27777777777786,-78.5,0.0,4.575759150874746,1.0,2.0,0.003968253968253954,0.7118734188550833,-134.25898708618874,323.1274018530622,151.72222222222217,252.0000000000009,-126.00000000000045,-238.00000000000404,-126.00000000000045,0.0,0.0,0.0,0.0
158.0,-79.0,-149.2222222222223,-79.0,0.0,4.561505032273042,1.0,2.0,0.003975125749889674,0.7158485446049729,-137.73452206922127,320.3281145450984,150.77777777777771,251.56436875682587,-125.78218437841294,-237.58857049256096,-125.78218437841294,-109.5892987000798,54.7946493500399,103.50100432784878,54.7946493500399
159.0,-79.5,-150.16666666666677,-79.5,0.0,4.547181350287922,1.0,2.0,0.00405001864744281,0.7198985632524157,-141.15720392640355,317.4873168000487,149.83333333333326,246.91244338625503,-123.45622169312752,-233.19508542035507,-123.45622169312752,-1148.618259698155,574.3091298490775,1084.8061341593937,574.3091298490775
160.0,-80.0,-151.11111111111123,-80.0,0.0,4.532788541446158,1.0,2.0,0.004147651494746274,0.724046214747162,-144.5264797404491,314.6059669181858,148.8888888888888,241.10029525544152,-120.55014762772076,-227.70583440792004,-120.55014762772076,-1401.3106304075002,700.6553152037501,1323.460039829318,700.6553152037501
161.0,-80.5,-152.05555555555569,-80.5,0.0,4.518327046474055,1.0,2.0,0.0042527052311436275,0.7282989199783056,-147.84181365469396,311.6850312757392,147.94444444444434,235.1444423367858,-117.5722211683929,-222.08086220696734,-117.5722211683929,-1400.4857131972178,700.2428565986089,1322.6809513529447,700.2428565986089
162.0,-81.0,-153.00000000000014,-81.0,0.0,4.503797310346785,1.0,2.0,0.004366170467385522,0.7326650904456912,-151.10268699897304,308.72548402377396,146.9999999999999,229.033659466531,-114.5168297332655,-216.30956727394883,-114.5168297332655,-1399.5749629798506,699.7874814899253,1321.8207983698771,699.7874814899253
163.0,-81.5,-153.9444444444446,-81.5,0.0,4.489199782341067,1.0,2.0,0.004489233465310161,0.7371543239110013,-154.30859841020444,305.7283067850266,146.05555555555543,222.75517807824906,-111.37758903912453,-210.37989040723804,-111.37758903912453,-1398.5642397077143,699.2821198538571,1320.8662263906365,699.2821198538571
164.0,-82.0,-154.88888888888906,-82.0,0.0,4.4745349160881105,1.0,2.0,0.004623328815397287,0.7417776527263986,-157.45906394764737,302.69448834879245,145.11111111111097,216.2943714212265,-108.14718571061324,-204.2780174533833,-108.14718571061324,-1397.4361147547731,698.7180573773866,1319.80077504619,698.7180573773866
165.0,-82.5,-155.8333333333335,-82.5,0.0,4.459803169628191,1.0,2.0,0.00477021056160698,0.7465478632880056,-160.55361720280078,299.6250243639568,144.16666666666652,209.63435200292747,-104.81717600146374,-197.9879991138786,-104.81717600146374,-1396.168855082028,698.084427541014,1318.6039186886003,698.084427541014
166.0,-83.0,-156.77777777777797,-83.0,0.0,4.445005005466603,1.0,2.0,0.004932049932016902,0.7514799132200225,-163.5918094039125,296.52091703026406,143.22222222222206,202.75544931295173,-101.37772465647586,-191.49125768445697,-101.37772465647586,-1394.7350056861046,697.3675028430523,1317.2497275924513,697.3675028430523
167.0,-83.5,-157.72222222222243,-83.5,0.0,4.430140890631609,1.0,2.0,0.005111572303976852,0.7565914855239994,-166.57320951507046,293.3831747879198,142.2777777777776,195.63452114763012,-97.81726057381506,-184.76593663943092,-97.81726057381506,-1393.0993717493639,696.5496858746819,1315.7049622077507,696.5496858746819
168.0,-84.0,-158.66666666666688,-84.0,0.0,4.415211296733565,1.0,2.0,0.005312253499653363,0.7619037390236527,-169.49740432984783,290.21281200562015,141.33333333333314,188.24402865285933,-94.12201432642966,-177.7860270610362,-94.12201432642966,-1391.2160809443758,695.6080404721879,1313.9262986697013,695.6080404721879
169.0,-84.5,-159.61111111111134,-84.5,0.0,4.400216700026019,1.0,2.0,0.005538608412073653,0.7674423474357264,-172.36399855947684,287.0108486671037,140.3888888888887,180.55076755744145,-90.27538377872072,-170.52016935980808,-90.27538377872072,-1389.024195797501,694.5120978987505,1311.8561849198857,694.5120978987505
170.0,-85.0,-160.5555555555558,-85.0,0.0,4.385157581468069,1.0,2.0,0.0057966281474723935,0.7732389755831988,-175.17261491552713,283.7783100563224,139.44444444444423,172.5140848367249,-86.25704241836245,-162.9299690124646,-86.25704241836245,-1386.440964687537,693.2204823437685,1309.4164666493525,693.2204823437685
171.0,-85.5,-161.50000000000026,-85.5,0.0,4.3700344267882105,1.0,2.0,0.006094465452633924,0.7793334410358327,-177.92289418706633,280.5162264413282,138.49999999999977,164.08329947424957,-82.04164973712479,-154.9675606145711,-82.04164973712479,-1383.3510794341576,691.6755397170788,1306.498241687836,691.6755397170788
172.0,-86.0,-162.4444444444447,-86.0,0.0,4.3548477265516174,1.0,2.0,0.006443554582672983,0.7857769956185057,-180.61449531228277,277.22563275696916,137.55555555555532,155.19384326921764,-77.59692163460882,-146.5719630875964,-77.59692163460882,-1379.5888730323,689.79443651615,1302.9450467527445,689.79443651615
173.0,-86.5,-163.38888888888917,-86.5,0.0,4.339597976226754,1.0,2.0,0.0068605341878797965,0.7926375298063855,-183.24709544455024,273.90756828649626,136.61111111111086,145.76124433089421,-72.88062216544711,-137.66339742362416,-72.88062216544711,-1374.9073585242938,687.4536792621469,1298.5236163840727,687.4536792621469
174.0,-87.0,-164.33333333333363,-87.0,0.0,4.32428567625588,1.0,2.0,0.007370757911654202,0.8000082877180397,-185.82039001291872,270.5630763421742,135.6666666666664,135.67125823232638,-67.83562911616319,-128.13396610830998,-67.83562911616319,-1368.92110953938,684.46055476969,1292.8699367872084,684.46055476969
175.0,-87.5,-165.27777777777808,-87.5,0.0,4.3089113321267405,1.0,2.0,0.008015222637608677,0.8080235103556483,-188.33409277701512,267.1932039449962,134.72222222222194,124.76259802289755,-62.381299011448775,-117.8313425771826,-62.381299011448775,-1360.9927886773467,680.4963943386733,1285.382078195291,680.4963943386733
176.0,-88.0,-166.22222222222254,-88.0,0.0,4.293475454446081,1.0,2.0,0.00886571898961841,0.8168892293452668,-190.78793587633962,263.799001503599,133.7777777777775,112.79401040919312,-56.39700520459656,-106.5276764975727,-56.39700520459656,-1349.9849958835173,674.9924979417586,1274.9858294455619,674.9924979417586
177.0,-88.5,-167.166666666667,-88.5,0.0,4.277978559015148,1.0,2.0,0.010063043148627049,0.8269522724938938,-193.18166987394656,260.3815224924781,132.83333333333303,99.37351805317807,-49.68675902658904,-93.852767050225,-49.68675902658904,-1333.6415394229996,666.8207697114998,1259.5503427884041,666.8207697114998
178.0,-89.0,-168.11111111111146,-89.0,0.0,4.2624211669082985,1.0,2.0,0.011936628297426477,0.8388889007913203,-195.51506379449836,256.941823129598,131.88888888888857,83.77575099792618,-41.88787549896309,-79.12154260915355,-41.88787549896309,-1306.7146489444387,653.3573244722194,1234.1193906697658,653.3573244722194
179.0,-89.5,-169.0555555555559,-89.5,0.0,4.246803804552472,1.0,2.0,0.015556116863380542,0.8544450176547008,-197.78790515668484,253.4809620534995,130.94444444444412,64.28339467891392,-32.14169733945696,-60.712094974530636,-32.14169733945696,-1253.0348344770869,626.5174172385434,1183.4217881172633,626.5174172385434
180.0,-90.0,-170.00000000000037,-90.0,0.0,4.231127003809608,1.0,2.0,0.037555788309433624,0.8920008059641344,-200.00000000000003,250.00000000000003,129.99999999999966,26.627053911388952,-13.313526955694476,-25.147773138534344,-13.313526955694476,-1002.6774157225209,501.33870786126045,946.9731148490606,501.33870786126045
179.0,-89.5,-169.0555555555559,-89.5,0.0,4.231127003809608,1.0,3.0,0.0,0.8920008059641344,-197.78790515668484,253.4809620534995,130.94444444444412,0.0,0.0,0.0,0.0,0.0,0.0,0.0,0.0
178.0,-89.0,-168.11111111111146,-89.0,0.0,4.246803804552472,1.0,3.0,0.05311190517281447,0.945112711136949,-195.51506379449836,256.941823129598,131.88888888888857,-18.82817038376272,9.41408519188136,17.78216091799836,9.41408519188136,-354.49999999999966,177.24999999999983,334.80555555555964,177.24999999999983
177.0,-88.5,-167.166666666667,-88.5,0.0,4.2624211669082985,1.0,3.0,0.011936628297426463,0.9570493394343754,-193.18166987394656,260.3815224924781,132.83333333333303,-83.77575099792618,41.88787549896309,79.12154260915355,41.88787549896309,-5441.032341449895,2720.5161707249476,5138.7527669249685,2720.5161707249476
176.0,-88.0,-166.22222222222254,-88.0,0.0,4.277978559015148,1.0,3.0,0.010063043148627035,0.9671123825830025,-190.78793587633962,263.799001503599,133.7777777777775,-99.37351805317807,49.68675902658904,93.852767050225,49.68675902658904,-1550.0049860543402,775.0024930271701,1463.8935979402315,775.0024930271701
175.0,-87.5,-165.27777777777808,-87.5,0.0,4.293475454446081,1.0,3.0,0.008865718989618326,0.9759781015726208,-188.33409277701512,267.1932039449962,134.72222222222194,-112.79401040919453,56.397005204597264,106.52767649757403,56.397005204597264,-1513.7511545010354,756.8755772505177,1429.6538681398854,756.8755772505177
174.0,-87.0,-164.33333333333363,-87.0,0.0,4.3089113321267405,1.0,3.0,0.008015222637608649,0.9839933242102294,-185.82039001291872,270.5630763421742,135.6666666666664,-124.76259802289755,62.381299011448775,117.8313425771826,62.381299011448775,-1493.2320853502608,746.6160426751304,1410.2747472752653,746.6160426751304
173.0,-86.5,-163.38888888888917,-86.5,0.0,4.32428567625588,1.0,3.0,0.007370757911654244,0.9913640821218836,-183.24709544455024,273.90756828649626,136.61111111111086,-135.67125823232638,67.83562911616319,128.13396610830998,67.83562911616319,-1479.9916562421226,739.9958281210613,1397.769897562025,739.9958281210613
172.0,-86.0,-162.4444444444447,-86.0,0.0,4.339597976226754,1.0,3.0,0.006860534187879755,0.9982246163097634,-180.61449531228277,277.22563275696916,137.55555555555532,-145.76124433089421,72.88062216544711,137.66339742362416,72.88062216544711,-1470.7289290086724,735.3644645043362,1389.0217662859854,735.3644645043362
171.0,-85.5,-161.50000000000026,-85.5,0.0,4.3548477265516174,1.0,3.0,0.006443554582673011,1.0046681708924365,-177.92289418706633,280.5162264413282,138.49999999999977,-155.19384326921497,77.59692163460748,146.57196308759387,77.59692163460748,-1463.8812812551141,731.9406406275571,1382.554543407625,731.9406406275571
170.0,-85.0,-160.5555555555558,-85.0,0.0,4.3700344267882105,1.0,3.0,0.006094465452633924,1.0107626363450706,-175.17261491552713,283.7783100563224,139.44444444444423,-164.08329947424656,82.04164973712328,154.96756061456827,82.04164973712328,-1458.6113046533983,729.3056523266991,1377.577343283784,729.3056523266991
169.0,-84.5,-159.61111111111134,-84.5,0.0,4.385157581468069,1.0,3.0,0.0057966281474723935,1.016559264492543,-172.36399855947684,287.0108486671037,140.3888888888887,-172.5140848367249,86.25704241836245,162.9299690124646,86.25704241836245,-1454.4292212628054,727.2146106314027,1373.6275978593376,727.2146106314027
168.0,-84.0,-158.66666666666688,-84.0,0.0,4.400216700026019,1.0,3.0,0.005538608412073598,1.0220978729046166,-169.49740432984783,290.21281200562015,141.33333333333314,-180.55076755744145,90.27538377872072,170.52016935980808,90.27538377872072,-1451.0292338410009,725.5146169205004,1370.4164986276244,725.5146169205004
167.0,-83.5,-157.72222222222243,-83.5,0.0,4.415211296733565,1.0,3.0,0.005312253499653419,1.02741012640427,-166.57320951507046,293.3831747879198,142.2777777777776,-188.2440286528554,94.1220143264277,177.78602706103248,94.1220143264277,-1448.210462079003,724.1052310395015,1367.7543252968571,724.1052310395015
166.0,-83.0,-156.77777777777797,-83.0,0.0,4.430140890631609,1.0,3.0,0.005111572303976825,1.0325216987082468,-163.5918094039125,296.52091703026406,143.22222222222206,-195.6345211476344,97.8172605738172,184.76593663943495,97.8172605738172,-1445.835460261272,722.917730130636,1365.5112680245538,722.917730130636
165.0,-82.5,-155.8333333333335,-82.5,0.0,4.445005005466603,1.0,3.0,0.004932049932016902,1.0374537486402637,-160.55361720280078,299.6250243639568,144.16666666666652,-202.75544931295173,101.37772465647586,191.49125768445697,101.37772465647586,-1443.8069896841698,721.9034948420849,1363.5954902572885,721.9034948420849
164.0,-82.0,-154.88888888888906,-82.0,0.0,4.459803169628191,1.0,3.0,0.004770210561606925,1.0422239592018707,-157.45906394764737,302.69448834879245,145.11111111111097,-209.63435200292747,104.81717600146374,197.9879991138786,104.81717600146374,-1442.0543079042602,721.0271539521301,1361.9401796873767,721.0271539521301
163.0,-81.5,-153.9444444444446,-81.5,0.0,4.4745349160881105,1.0,3.0,0.004623328815397287,1.046847288017268,-154.30859841020444,305.7283067850266,146.05555555555543,-216.2943714212317,108.14718571061584,204.27801745338823,108.14718571061584,-1440.5247137353076,720.2623568676538,1360.4955629722547,720.2623568676538
162.0,-81.0,-153.00000000000014,-81.0,0.0,4.489199782341067,1.0,3.0,0.004489233465310188,1.051336521482578,-151.10268699897304,308.72548402377396,146.9999999999999,-222.75517807824906,111.37758903912453,210.37989040723804,111.37758903912453,-1439.1781374130417,719.5890687065208,1359.2237964456654,719.5890687065208
161.0,-80.5,-152.05555555555569,-80.5,0.0,4.503797310346785,1.0,3.0,0.0043661704673855495,1.0557026919499637,-147.84181365469396,311.6850312757392,147.94444444444434,-229.03365946652517,114.51682973326258,216.30956727394332,114.51682973326258,-1437.9835682493458,718.9917841246729,1358.0955922355088,718.9917841246729
160.0,-80.0,-151.11111111111123,-80.0,0.0,4.518327046474055,1.0,3.0,0.0042527052311436275,1.0599553971811073,-144.5264797404491,314.6059669181858,148.8888888888888,-235.1444423367858,117.5722211683929,222.08086220696734,117.5722211683929,-1436.9166302686203,718.4583151343102,1357.0879285870515,718.4583151343102
159.0,-79.5,-150.16666666666677,-79.5,0.0,4.532788541446158,1.0,3.0,0.004147651494746246,1.0641030486758536,-141.15720392640355,317.4873168000487,149.83333333333326,-241.10029525544152,120.55014762772076,227.70583440792004,120.55014762772076,-1435.9578971858778,717.9789485929389,1356.182458453346,717.9789485929389
158.0,-79.0,-149.2222222222223,-79.0,0.0,4.547181350287922,1.0,3.0,0.004050018647442838,1.0681530673232964,-137.73452206922127,320.3281145450984,150.77777777777771,-246.91244338625503,123.45622169312752,233.19508542035507,123.45622169312752,-1435.091696302019,717.5458481510095,1355.3643798408084,717.5458481510095
157.0,-78.5,-148.27777777777786,-78.5,0.0,4.561505032273042,1.0,3.0,0.003975125749889757,1.072128193073186,-134.25898708618874,323.1274018530622,151.72222222222217,-251.56436875682587,125.78218437841294,237.58857049256096,125.78218437841294,-1170.258669351516,585.129334675758,1105.2442988320126,585.129334675758
156.0,-78.0,-147.3333333333334,-78.0,0.0,4.575759150874746,1.0,3.0,0.003968253968253954,1.07609644704144,-130.73116882408036,325.8842287986115,152.66666666666663,-252.0000000000009,126.00000000000045,238.00000000000404,126.00000000000045,-109.77907328011001,54.889536640055006,103.68023587565509,54.889536640055006
155.0,-77.5,-146.38888888888894,-77.5,0.0,4.589943273716499,1.0,3.0,0.003968253968253982,1.080064701009694,-127.15165392280431,328.5976541281233,153.6111111111111,-252.0000000000009,126.00000000000045,238.00000000000404,126.00000000000045,0.0,0.0,0.0,0.0
154.0,-77.0,-145.44444444444449,-77.0,0.0,4.604056972523685,1.0,3.0,0.003968253968253954,1.084032954977948,-123.52104567386723,331.26674555412427,154.55555555555554,-252.0000000000009,126.00000000000045,238.00000000000404,126.00000000000045,0.0,0.0,0.0,0.0
153.0,-76.5,-144.50000000000003,-76.5,0.0,4.618099823078006,1.0,3.0,0.003968253968253982,1.088001208946202,-119.83996387369724,333.8905800473285,155.5,-252.0000000000009,126.00000000000045,238.00000000000404,126.00000000000045,0.0,0.0,0.0,0.0
152.0,-76.0,-143.55555555555557,-76.0,0.0,4.6320714051711445,1.0,3.0,0.003968253968253954,1.0919694629144558,-116.10904467186845,336.4682441261773,156.44444444444446,-252.0000000000009,126.00000000000045,238.00000000000404,126.00000000000045,0.0,0.0,0.0,0.0
151.0,-75.5,-142.61111111111111,-75.5,0.0,4.6459713025618194,1.0,3.0,0.003968253968253982,1.0959377168827098,-112.32894041426884,338.9988341437944,157.3888888888889,-252.0000000000009,126.00000000000045,238.00000000000404,126.00000000000045,0.0,0.0,0.0,0.0
150.0,-75.0,-141.66666666666666,-75.0,0.0,4.659799102932362,1.0,3.0,0.003968253968253954,1.0999059708509638,-108.50031948125762,341.48145657226706,158.33333333333337,-252.0000000000009,126.00000000000045,238.00000000000404,126.00000000000045,0.0,0.0,0.0,0.0
149.0,-74.5,-140.7222222222222,-74.5,0.0,4.673554397847101,1.0,3.0,0.003968253968253982,1.1038742248192177,-104.62386612085827,343.91522828416663,159.27777777777783,-252.0000000000009,126.00000000000045,238.00000000000404,126.00000000000045,0.0,0.0,0.0,0.0
148.0,-74.0,-139.77777777777774,-74.0,0.0,4.687236782711045,1.0,3.0,0.003968253968253954,1.1078424787874717,-100.70028027703546,346.2992768312207,160.22222222222229,-252.0000000000009,126.00000000000045,238.00000000000404,126.00000000000045,0.0,0.0,0.0,0.0
147.0,-73.5,-138.8333333333333,-73.5,0.0,4.7008458567316795,1.0,3.0,0.003968253968253982,1.1118107327557256,-96.73027741310426,348.6327407200537,161.16666666666674,-252.0000000000009,126.00000000000045,238.00000000000404,126.00000000000045,0.0,0.0,0.0,0.0
146.0,-73.0,-137.88888888888883,-73.0,0.0,4.71438122287924,1.0,3.0,0.003968253968253954,1.1157789867239796,-92.71458833032419,350.91476968490826,162.1111111111112,-252.0000000000009,126.00000000000045,238.00000000000404,126.00000000000045,0.0,0.0,0.0,0.0
145.0,-72.5,-136.94444444444437,-72.5,0.0,4.7278424878492755,1.0,3.0,0.003968253968253982,1.1197472406922335,-88.65395898173007,353.14452495726596,163.05555555555566,-252.0000000000009,126.00000000000045,238.00000000000404,126.00000000000045,0.0,0.0,0.0,0.0
144.0,-72.0,-135.99999999999991,-72.0,0.0,4.741229262026907,1.0,3.0,0.003968253968253954,1.1237154946604875,-84.54915028125262,355.32117953228305,164.0000000000001,-252.0000000000009,126.00000000000045,238.00000000000404,126.00000000000045,0.0,0.0,0.0,0.0
143.0,-71.5,-135.05555555555546,-71.5,0.0,4.754541159450349,1.0,3.0,0.003968253968253982,1.1276837486287414,-80.40093790818563,357.44391843195945,164.94444444444457,-252.0000000000009,126.00000000000045,238.00000000000404,126.00000000000045,0.0,0.0,0.0,0.0
142.0,-71.0,-134.111111111111,-71.0,0.0,4.767777797777236,1.0,3.0,0.003968253968253954,1.1316520025969954,-76.21011210705527,359.5119389649609,165.88888888888903,-252.0000000000009,126.00000000000045,238.00000000000404,126.00000000000045,0.0,0.0,0.0,0.0
141.0,-70.5,-133.16666666666654,-70.5,0.0,4.7809387982492595,1.0,3.0,0.003968253968253982,1.1356202565652493,-71.97747748295144,361.5244509830121,166.83333333333348,-252.0000000000009,126.00000000000045,238.00000000000404,126.00000000000045,0.0,0.0,0.0,0.0
140.0,-70.0,-132.2222222222221,-70.0,0.0,4.79402378566113,1.0,3.0,0.003968253968253982,1.1395885105335033,-67.70385279237846,363.480677133785,167.77777777777794,-252.0000000000009,126.00000000000045,238.00000000000404,126.00000000000045,0.0,0.0,0.0,0.0
139.0,-69.5,-131.27777777777763,-69.5,0.0,4.807032388327606,1.0,3.0,0.003968253968253954,1.1435567645017573,-63.39007072968761,365.3798531102009,168.7222222222224,-252.0000000000009,126.00000000000045,238.00000000000404,126.00000000000045,0.0,0.0,0.0,0.0
138.0,-69.0,-130.33333333333317,-69.0,0.0,4.819964238052455,1.0,3.0,0.003968253968253954,1.1475250184700112,-59.0369777091538,367.22122789607215,169.66666666666686,-252.0000000000009,126.00000000000045,238.00000000000404,126.00000000000045,0.0,0.0,0.0,0.0
137.0,-68.5,-129.38888888888872,-68.5,0.0,4.8328189700977395,1.0,3.0,0.00396825396825401,1.1514932724382652,-54.645433642759855,369.0040640080058,170.6111111111113,-252.0000000000009,126.00000000000045,238.00000000000404,126.00000000000045,0.0,0.0,0.0,0.0
136.0,-68.0,-128.44444444444426,-68.0,0.0,4.845596223155464,1.0,3.0,0.003968253968253954,1.1554615264065191,-50.21631171375233,370.7276377334963,171.55555555555577,-252.0000000000009,126.00000000000045,238.00000000000404,126.00000000000045,0.0,0.0,0.0,0.0
135.0,-67.5,-127.49999999999982,-67.5,0.0,4.8582956393173236,1.0,3.0,0.003968253968253954,1.159429780374773,-45.75049814603709,372.3912393651312,172.50000000000017,-252.0000000000009,126.00000000000045,238.00000000000045,126.00000000000045,0.0,0.0,-9.024461178341912e-10,0.0
134.0,-67.0,-126.55555555555537,-67.0,0.0,4.870916864047351,1.0,3.0,0.003968253968253954,1.163398034343027,-41.24889196948098,373.9941734308403,173.44444444444463,-252.0000000000009,126.00000000000045,238.00000000000045,126.00000000000045,0.0,0.0,0.0,0.0
133.0,-66.5,-125.61111111111093,-66.5,0.0,4.883459546154703,1.0,3.0,0.003968253968253954,1.167366288311281,-36.712404781188155,375.5357589201151,174.38888888888908,-252.0000000000009,126.00000000000045,238.00000000000045,126.00000000000045,0.0,0.0,0.0,0.0
132.0,-66.0,-124.66666666666649,-66.0,0.0,4.895923337767121,1.0,3.0,0.00396825396825401,1.171334542279535,-32.14196050282166,377.0153295061291,175.33333333333348,-252.0000000000009,126.00000000000045,238.00000000000045,126.00000000000045,0.0,0.0,0.0,0.0
131.0,-65.5,-123.72222222222204,-65.5,0.0,4.9083078943045075,1.0,3.0,0.003968253968253954,1.1753027962477889,-27.538495134041835,378.4322337636902,176.27777777777794,-252.0000000000009,126.00000000000045,238.00000000000045,126.00000000000045,0.0,0.0,0.0,0.0
130.0,-65.0,-122.7777777777776,-65.0,0.0,4.920612874454271,1.0,3.0,0.003968253968253954,1.1792710502160428,-22.90295650213309,379.7858353829581,177.2222222222224,-252.0000000000009,126.00000000000045,238.00000000000045,126.00000000000045,0.0,0.0,0.0,0.0
129.0,-64.5,-121.83333333333316,-64.5,0.0,4.932837940146054,1.0,3.0,0.00396825396825401,1.1832393041842968,-18.236304007893718,381.07551337885934,178.16666666666686,-252.0000000000009,126.00000000000045,238.00000000000045,126.00000000000045,0.0,0.0,0.0,0.0
128.0,-64.0,-120.88888888888872,-64.0,0.0,4.944982756528508,1.0,3.0,0.003968253968253954,1.1872075581525507,-13.539508367862336,382.3006622961361,179.1111111111113,-252.0000000000009,126.00000000000045,238.00000000000045,126.00000000000045,0.0,0.0,0.0,0.0
127.0,-63.5,-119.94444444444427,-63.5,0.0,4.9570469919458295,1.0,3.0,0.003968253968253954,1.1911758121208047,-8.813551352957543,383.46069240996485,180.0555555555557,-252.0000000000009,126.00000000000045,238.00000000000045,126.00000000000045,0.0,0.0,0.0,0.0
126.0,-63.0,-118.99999999999983,-63.0,0.0,4.969030317914796,1.0,3.0,0.003968253968253954,1.1951440660890587,-4.059425523607952,384.5550299220814,181.00000000000017,-252.0000000000009,126.00000000000045,238.00000000000045,126.00000000000045,0.0,0.0,0.0,0.0
125.0,-62.5,-118.05555555555539,-62.5,0.0,4.980932409102488,1.0,3.0,0.003968253968253954,1.1991123200573126,0.721866038549327,385.5831171523538,181.94444444444463,-252.0000000000009,126.00000000000045,238.00000000000045,126.00000000000045,0.0,0.0,0.0,0.0
124.0,-62.0,-117.11111111111094,-62.0,0.0,4.9927529433049935,1.0,3.0,0.003968253968253954,1.2030805740255666,5.529310002323291,386.5444127257401,182.88888888888903,-252.0000000000009,126.00000000000045,238.00000000000045,126.00000000000045,0.0,0.0,0.0,0.0
123.0,-61.5,-116.1666666666665,-61.5,0.0,5.004491601427161,1.0,3.0,0.003968253968253954,1.2070488279938205,10.361883061896654,387.4383917545762,183.83333333333348,-252.0000000000009,126.00000000000045,238.00000000000045,126.00000000000045,0.0,0.0,0.0,0.0
122.0,-61.0,-115.22222222222206,-61.0,0.0,5.016148067460413,1.0,3.0,0.00396825396825401,1.2110170819620745,15.21855221494325,388.2645460161342,184.77777777777794,-252.0000000000009,126.00000000000045,238.00000000000045,126.00000000000045,0.0,0.0,0.0,0.0
121.0,-60.5,-114.27777777777762,-60.5,0.0,5.027722028464275,1.0,3.0,0.00396825396825401,1.2149853359303284,20.0982750438559,389.0223841253974,185.7222222222224,-252.0000000000009,126.00000000000045,238.00000000000045,126.00000000000045,0.0,0.0,0.0,0.0
120.0,-60.0,-113.33333333333317,-60.0,0.0,5.039213174546627,1.0,3.0,0.003968253968253954,1.2189535898985824,24.999999999999993,389.71143170299746,186.66666666666686,-252.0000000000009,126.00000000000045,238.00000000000045,126.00000000000045,0.0,0.0,0.0,0.0
119.0,-59.5,-112.38888888888873,-59.5,0.0,5.0506211988442935,1.0,3.0,0.003968253968253954,1.2229218438668363,29.922666690908606,390.3312315382607,187.61111111111126,-252.0000000000009,126.00000000000045,238.00000000000045,126.00000000000045,0.0,0.0,0.0,0.0
118.0,-59.0,-111.44444444444429,-59.0,0.0,5.061945797505533,1.0,3.0,0.003968253968253954,1.2268900978350903,34.86520617033545,390.8813437473135,188.5555555555557,-252.0000000000009,126.00000000000045,238.00000000000045,126.00000000000045,0.0,0.0,0.0,0.0
117.0,-58.5,-110.49999999999984,-58.5,0.0,5.0731866696708545,1.0,3.0,0.003968253968253954,1.2308583518033442,39.82654123107782,391.36134592619663,189.50000000000017,-252.0000000000009,126.00000000000045,238.00000000000045,126.00000000000045,0.0,0.0,0.0,0.0
116.0,-58.0,-109.5555555555554,-58.0,0.0,5.084343517457221,1.0,3.0,0.003968253968253954,1.2348266057715982,44.8055867004857,391.77083329894,190.44444444444457,-252.0000000000009,126.00000000000045,238.00000000000045,126.00000000000045,0.0,0.0,0.0,0.0
115.0,-57.5,-108.61111111111096,-57.5,0.0,5.095416045939344,1.0,3.0,0.00396825396825401,1.2387948597398521,49.801249738566064,392.1094188605515,191.38888888888903,-252.0000000000009,126.00000000000045,238.00000000000045,126.00000000000045,0.0,0.0,0.0,0.0
114.0,-57.0,-107.66666666666652,-57.0,0.0,5.106403963133926,1.0,3.0,0.003968253968253954,1.242763113708106,54.81243013859669,392.37673351487626,192.33333333333348,-252.0000000000009,126.00000000000045,238.00000000000045,126.00000000000045,0.0,0.0,0.0,0.0
113.0,-56.5,-106.72222222222207,-56.5,0.0,5.117306979983859,1.0,3.0,0.00396825396825401,1.24673136767636,59.83802063015977,392.57242620728016,193.27777777777794,-252.0000000000009,126.00000000000045,238.00000000000045,126.00000000000045,0.0,0.0,0.0,0.0
112.0,-56.0,-105.77777777777763,-56.0,0.0,5.128124810341562,1.0,3.0,0.003968253968253954,1.250699621644614,64.87690718450425,392.696164052118,194.2222222222224,-252.0000000000009,126.00000000000045,238.00000000000045,126.00000000000045,0.0,0.0,0.0,0.0
111.0,-55.5,-104.83333333333319,-55.5,0.0,5.138857170954519,1.0,3.0,0.003968253968253954,1.254667875612868,69.9279693221481,392.7476324549443,195.1666666666668,-252.0000000000009,126.00000000000045,238.00000000000045,126.00000000000045,0.0,0.0,0.0,0.0
110.0,-55.0,-103.88888888888874,-55.0,0.0,5.149503781449797,1.0,3.0,0.003968253968253954,1.258636129581122,74.99008042262776,392.72653522942966,196.11111111111126,-252.0000000000009,126.00000000000045,238.00000000000045,126.00000000000045,0.0,0.0,0.0,0.0
109.0,-54.5,-102.9444444444443,-54.5,0.0,5.160064364319674,1.0,3.0,0.003968253968253954,1.2626043835493759,80.06210803630363,392.63259470894326,197.0555555555557,-252.0000000000009,126.00000000000045,238.00000000000045,126.00000000000045,0.0,0.0,0.0,0.0
108.0,-54.0,-101.99999999999986,-54.0,0.0,5.170538644907503,1.0,3.0,0.003968253968253954,1.2665726375176298,85.1429141981288,392.46555185276765,198.0000000000001,-252.0000000000009,126.00000000000045,238.00000000000045,126.00000000000045,0.0,0.0,0.0,0.0
107.0,-53.5,-101.05555555555542,-53.5,0.0,5.180926351394078,1.0,3.0,0.00396825396825401,1.2705408914858838,90.23135574328798,392.2251663469115,198.94444444444457,-252.0000000000009,126.00000000000045,238.00000000000045,126.00000000000045,0.0,0.0,0.0,0.0
106.0,-53.0,-100.11111111111097,-53.0,0.0,5.191227214783823,1.0,3.0,0.003968253968253954,1.2745091454541377,95.32628462461226,391.91121669948706,199.88888888888903,-252.0000000000009,126.00000000000045,238.00000000000045,126.00000000000045,0.0,0.0,0.0,0.0
105.0,-52.5,-99.16666666666653,-52.5,0.0,5.201440968891766,1.0,3.0,0.00396825396825401,1.2784773994223917,100.42654823167594,391.52350033062254,200.83333333333348,-252.0000000000009,126.00000000000045,238.00000000000045,126.00000000000045,0.0,0.0,0.0,0.0
104.0,-52.0,-98.22222222222209,-52.0,0.0,5.211567350331497,1.0,3.0,0.003968253968253954,1.2824456533906456,105.53098971148101,391.06183365687986,201.77777777777794,-252.0000000000009,126.00000000000045,238.00000000000045,126.00000000000045,0.0,0.0,0.0,0.0
103.0,-51.5,-97.27777777777764,-51.5,0.0,5.221606098501267,1.0,3.0,0.003968253968253954,1.2864139073588996,110.63844829063189,390.52605217015054,202.72222222222234,-252.0000000000009,126.00000000000045,238.00000000000045,126.00000000000045,0.0,0.0,0.0,0.0
102.0,-51.0,-96.3333333333332,-51.0,0.0,5.23155695557352,1.0,3.0,0.003968253968253954,1.2903821613271536,115.74775959890752,389.9160105110039,203.6666666666668,-252.0000000000009,126.00000000000045,238.00000000000045,126.00000000000045,0.0,0.0,0.0,0.0
101.0,-50.5,-95.38888888888876,-50.5,0.0,5.241419666481914,1.0,3.0,0.003968253968253954,1.2943504152954075,120.85775599413199,389.2315825364629,204.61111111111126,-252.0000000000009,126.00000000000045,238.00000000000045,126.00000000000045,0.0,0.0,0.0,0.0
100.0,-50.0,-94.44444444444431,-50.0,0.0,5.251193978910695,1.0,3.0,0.003968253968253954,1.2983186692636615,125.9672668882487,388.4726613821862,205.55555555555566,-252.0000000000009,126.00000000000045,238.00000000000045,126.00000000000045,0.0,0.0,0.0,0.0
99.0,-49.5,-93.49999999999987,-49.5,0.0,5.26087964328271,1.0,3.0,0.00396825396825401,1.3022869232319154,131.07511907449964,387.63915951903533,206.5000000000001,-252.0000000000009,126.00000000000045,238.00000000000045,126.00000000000045,0.0,0.0,0.0,0.0
98.0,-49.0,-92.55555555555543,-49.0,0.0,5.2704764127492725,1.0,3.0,0.003968253968253954,1.3062551772001694,136.18013705561373,386.7310088040071,207.44444444444457,-252.0000000000009,126.00000000000045,238.00000000000045,126.00000000000045,0.0,0.0,0.0,0.0
97.0,-48.5,-91.61111111111099,-48.5,0.0,5.279984043178615,1.0,3.0,0.00396825396825401,1.3102234311684233,141.28114337290484,385.74816052551495,208.38888888888903,-252.0000000000009,126.00000000000045,238.00000000000045,126.00000000000045,0.0,0.0,0.0,0.0
96.0,-48.0,-90.66666666666654,-48.0,0.0,5.2894022931469244,1.0,3.0,0.003968253968253954,1.3141916851366773,146.37695893618383,384.6905854430033,209.33333333333348,-252.0000000000009,126.00000000000045,238.00000000000045,126.00000000000045,0.0,0.0,0.0,0.0
95.0,-47.5,-89.7222222222221,-47.5,0.0,5.298730923926896,1.0,3.0,0.003968253968253954,1.3181599391049312,151.46640335438335,383.5582738208802,210.27777777777789,-252.0000000000009,126.00000000000045,238.00000000000045,126.00000000000045,0.0,0.0,0.0,0.0
94.0,-47.0,-88.77777777777766,-47.0,0.0,5.307969699478955,1.0,3.0,0.003968253968253954,1.3221281930731852,156.5482952667995,382.3512354567575,211.22222222222234,-252.0000000000009,126.00000000000045,238.00000000000045,126.00000000000045,0.0,0.0,0.0,0.0
93.0,-46.5,-87.83333333333321,-46.5,0.0,5.317118386440868,1.0,3.0,0.003968253968253954,1.3260964470414391,161.6214526748497,381.0694997039867,212.1666666666668,-252.0000000000009,126.00000000000045,238.00000000000045,126.00000000000045,0.0,0.0,0.0,0.0
92.0,-46.0,-86.88888888888877,-46.0,0.0,5.326176754119209,1.0,3.0,0.00396825396825401,1.330064701009693,166.6846932742492,379.71311548848195,213.1111111111112,-252.0000000000009,126.00000000000045,238.00000000000045,126.00000000000045,0.0,0.0,0.0,0.0
91.0,-45.5,-85.94444444444433,-45.5,0.0,5.335144574479543,1.0,3.0,0.003968253968253954,1.334032954977947,171.736834787506,378.2821513198237,214.05555555555566,-252.0000000000009,126.00000000000045,238.00000000000045,126.00000000000045,0.0,0.0,0.0,0.0
90.0,-45.0,-84.99999999999989,-45.0,0.0,5.344021622138884,1.0,3.0,0.003968253968253954,1.338001208946201,176.77669529663686,376.77669529663694,215.0000000000001,-252.0000000000009,126.00000000000045,238.00000000000045,126.00000000000045,0.0,0.0,0.0,0.0
89.0,-44.5,-84.05555555555544,-44.5,0.0,5.352807674355321,1.0,3.0,0.003968253968253954,1.341969462914455,181.80309357600203,375.19685510624106,215.94444444444457,-252.0000000000009,126.00000000000045,238.00000000000045,126.00000000000045,0.0,0.0,0.0,0.0
88.0,-44.0,-83.111111111111,-44.0,0.0,5.361502511021314,1.0,3.0,0.00396825396825401,1.345937716882709,186.814849425163,373.5427580185686,216.88888888888903,-252.0000000000009,126.00000000000045,238.00000000000045,126.00000000000045,0.0,0.0,0.0,0.0
87.0,-43.5,-82.16666666666656,-43.5,0.0,5.3701059146541485,1.0,3.0,0.003968253968253954,1.3499059708509629,191.81078400166066,371.8145508743533,217.83333333333343,-252.0000000000009,126.00000000000045,238.00000000000045,126.00000000000045,0.0,0.0,0.0,0.0
86.0,-43.0,-81.22222222222211,-43.0,0.0,5.378617670389476,1.0,3.0,0.003968253968253954,1.3538742248192168,196.78972015361768,370.0124000675895,218.77777777777789,-252.0000000000009,126.00000000000045,238.00000000000045,126.00000000000045,0.0,0.0,0.0,0.0
85.0,-42.5,-80.27777777777767,-42.5,0.0,5.38703756597224,1.0,3.0,0.003968253968253954,1.3578424787874708,201.7504827520626,368.1364915222643,219.72222222222234,-252.0000000000009,126.00000000000045,238.00000000000045,126.00000000000045,0.0,0.0,0.0,0.0
84.0,-42.0,-79.33333333333323,-42.0,0.0,5.3953653917502775,1.0,3.0,0.00396825396825401,1.3618107327557247,206.6918990228792,366.1870306633693,220.66666666666674,-252.0000000000009,126.00000000000045,238.00000000000045,126.00000000000045,0.0,0.0,0.0,0.0
83.0,-41.5,-78.38888888888879,-41.5,0.0,5.403600940665979,1.0,3.0,0.003968253968253954,1.3657789867239787,211.61279887828,364.1642423821988,221.6111111111112,-252.0000000000009,126.00000000000045,238.00000000000045,126.00000000000045,0.0,0.0,0.0,0.0
82.0,-41.0,-77.44444444444434,-41.0,0.0,5.411744008249968,1.0,3.0,0.003968253968253954,1.3697472406922326,216.51201524770613,362.06837099594094,222.55555555555566,-252.0000000000009,126.00000000000045,238.00000000000045,126.00000000000045,0.0,0.0,0.0,0.0
81.0,-40.5,-76.4999999999999,-40.5,0.0,5.419794392613712,1.0,3.0,0.003968253968253954,1.3737154946604866,221.38838440805392,359.8996802015735,223.5000000000001,-252.0000000000009,126.00000000000045,238.00000000000045,126.00000000000045,0.0,0.0,0.0,0.0
80.0,-40.0,-75.55555555555546,-40.0,0.0,5.4277518944432614,1.0,3.0,0.00396825396825401,1.3776837486287405,226.24074631313056,357.65845302407644,224.44444444444454,-252.0000000000009,126.00000000000045,238.00000000000045,126.00000000000045,0.0,0.0,0.0,0.0
79.0,-39.5,-74.61111111111101,-39.5,0.0,5.4356163169920135,1.0,3.0,0.003968253968253954,1.3816520025969945,231.06794492223895,355.3449917589739,225.38888888888897,-252.0000000000009,126.00000000000045,238.00000000000045,126.00000000000045,0.0,0.0,0.0,0.0
78.0,-39.0,-73.66666666666657,-39.0,0.0,5.443387466074972,1.0,3.0,0.003968253968253954,1.3856202565652485,235.8688285277946,352.9596179092205,226.33333333333343,-252.0000000000009,126.00000000000045,238.00000000000045,126.00000000000045,0.0,0.0,0.0,0.0
77.0,-38.5,-72.72222222222213,-38.5,0.0,5.451065150061748,1.0,3.0,0.003968253968253954,1.3895885105335024,240.64225008187643,350.50267211645206,227.27777777777789,-252.0000000000009,126.00000000000045,238.00000000000045,126.00000000000045,0.0,0.0,0.0,0.0
76.0,-38.0,-71.77777777777769,-38.0,0.0,5.458649179871807,1.0,3.0,0.003968253968253954,1.3935567645017564,245.38706752161406,347.97451408661396,228.2222222222223,-252.0000000000009,126.00000000000045,238.00000000000045,126.00000000000045,0.0,0.0,0.0,0.0
75.0,-37.5,-70.83333333333324,-37.5,0.0,5.466139368966674,1.0,3.0,0.003968253968253954,1.3975250184700103,250.10214409331292,345.3755225099939,229.16666666666674,-252.0000000000009,126.00000000000045,238.00000000000045,126.00000000000045,0.0,0.0,0.0,0.0
74.0,-37.0,-69.8888888888888,-37.0,0.0,5.47353553334629,1.0,3.0,0.003968253968253954,1.4014932724382643,254.78634867522302,342.70609497567597,230.1111111111112,-252.0000000000009,126.00000000000045,238.00000000000045,126.00000000000045,0.0,0.0,0.0,0.0
73.0,-36.5,-68.94444444444436,-36.5,0.0,5.480837491541842,1.0,3.0,0.003968253968253954,1.4054615264065182,259.4385560988516,339.9666478804424,231.05555555555566,-252.0000000000009,126.00000000000045,238.00000000000045,126.00000000000045,0.0,0.0,0.0,0.0
72.0,-36.0,-67.99999999999991,-36.0,0.0,5.488045064610895,1.0,3.0,0.003968253968254065,1.4094297803747722,264.0576474687263,337.1576163321491,232.00000000000009,-252.0000000000009,126.00000000000045,238.00000000000045,126.00000000000045,0.0,0.0,0.0,0.0
71.0,-35.5,-67.05555555555547,-35.5,0.0,5.4951580761325545,1.0,3.0,0.003968253968253954,1.4133980343430261,268.64251048051113,334.27945404759834,232.9444444444445,-252.0000000000009,126.00000000000045,238.00000000000045,126.00000000000045,0.0,0.0,0.0,0.0
70.0,-35.0,-66.11111111111103,-35.0,0.0,5.502176352201356,1.0,3.0,0.003968253968253954,1.41736628831128,273.19203973738166,331.3326332449432,233.88888888888897,-252.0000000000009,126.00000000000045,238.00000000000045,126.00000000000045,0.0,0.0,0.0,0.0
69.0,-34.5,-65.16666666666659,-34.5,0.0,5.509099721423255,1.0,3.0,0.003968253968253954,1.421334542279534,277.7051370645639,328.3176445306486,234.83333333333343,-252.0000000000009,126.00000000000045,238.00000000000045,126.00000000000045,0.0,0.0,0.0,0.0
68.0,-34.0,-64.22222222222214,-34.0,0.0,5.515928014910056,1.0,3.0,0.003968253968254065,1.425302796247788,282.1807118219428,325.23499678104423,235.77777777777786,-252.0000000000009,126.00000000000045,238.00000000000045,126.00000000000045,0.0,0.0,0.0,0.0
67.0,-33.5,-63.27777777777769,-33.5,0.0,5.52266106627507,1.0,3.0,0.003968253968253954,1.429271050216042,286.6176812146468,322.08521701850265,236.7222222222223,-252.0000000000009,126.00000000000045,238.00000000000225,126.00000000000045,0.0,0.0,4.512230589170956e-10,0.0
66.0,-33.0,-62.33333333333324,-33.0,0.0,5.529298711628214,1.0,3.0,0.003968253968253954,1.433239304184296,291.014970601516,318.868850282277,237.66666666666674,-252.0000000000009,126.00000000000045,238.00000000000225,126.00000000000045,0.0,0.0,0.0,0.0
65.0,-32.5,-61.38888888888879,-32.5,0.0,5.535840789572056,1.0,3.0,0.003968253968253954,1.4372075581525499,295.3715138013613,315.586459494036,238.6111111111112,-252.0000000000009,126.00000000000045,238.00000000000225,126.00000000000045,0.0,0.0,0.0,0.0
64.0,-32.0,-60.44444444444434,-32.0,0.0,5.542287141196604,1.0,3.0,0.003968253968253954,1.4411758121208038,299.6862533969219,312.2386253181347,239.55555555555566,-252.0000000000009,126.00000000000045,238.00000000000225,126.00000000000045,0.0,0.0,0.0,0.0
63.0,-31.5,-59.49999999999989,-31.5,0.0,5.548637610076215,1.0,3.0,0.003968253968253954,1.4451440660890578,303.9581410364323,308.8259460166608,240.5000000000001,-252.0000000000009,126.00000000000045,238.00000000000225,126.00000000000045,0.0,0.0,0.0,0.0
62.0,-31.0,-58.55555555555544,-31.0,0.0,5.554892042264308,1.0,3.0,0.003968253968253954,1.4491123200573117,308.1861377327062,305.34903729929897,241.44444444444457,-252.0000000000009,126.00000000000045,238.00000000000225,126.00000000000045,0.0,0.0,0.0,0.0
61.0,-30.5,-57.61111111111099,-30.5,0.0,5.561050286290201,1.0,3.0,0.003968253968253954,1.4530805740255657,312.36921415964883,301.80853216805525,242.388888888889,-252.0000000000009,126.00000000000045,238.00000000000225,126.00000000000045,0.0,0.0,0.0,0.0
60.0,-30.0,-56.66666666666654,-30.0,0.0,5.5671121931549346,1.0,3.0,0.003968253968253954,1.4570488279938196,316.50635094610965,298.20508075688775,243.33333333333346,-252.0000000000009,126.00000000000045,238.00000000000225,126.00000000000045,0.0,0.0,0.0,0.0
59.0,-29.5,-55.72222222222209,-29.5,0.0,5.573077616327372,1.0,3.0,0.003968253968253954,1.4610170819620736,320.5965389669857,294.5393501662893,244.2777777777779,-252.0000000000009,126.00000000000045,238.00000000000225,126.00000000000045,0.0,0.0,0.0,0.0
58.0,-29.0,-54.777777777777644,-29.0,0.0,5.578946411740973,1.0,3.0,0.003968253968253954,1.4649853359303275,324.63877963148985,290.8120242928695,245.22222222222234,-252.0000000000009,126.00000000000045,238.00000000000225,126.00000000000045,0.0,0.0,0.0,0.0
57.0,-28.5,-53.833333333333194,-28.5,0.0,5.584718437789723,1.0,3.0,0.003968253968254065,1.4689535898985815,328.6320851684968,287.02380365398693,246.1666666666668,-252.0000000000009,126.00000000000045,238.00000000000225,126.00000000000045,0.0,0.0,0.0,0.0
56.0,-28.0,-52.888888888888744,-28.0,0.0,5.5903935553243915,1.0,3.0,0.003968253968253954,1.4729218438668354,332.5754789088811,283.1754052074811,247.11111111111126,-252.0000000000009,126.00000000000045,238.00000000000225,126.00000000000045,0.0,0.0,0.0,0.0
55.0,-27.5,-51.944444444444294,-27.5,0.0,5.595971627650731,1.0,3.0,0.003968253968253954,1.4768900978350894,336.4679955647646,279.2675621665569,248.0555555555557,-252.0000000000009,126.00000000000045,238.00000000000225,126.00000000000045,0.0,0.0,0.0,0.0
54.0,-27.0,-50.999999999999844,-27.0,0.0,5.601452520524326,1.0,3.0,0.003968253968253954,1.4808583518033434,340.30868150558655,275.30102380987626,249.00000000000017,-252.0000000000009,126.00000000000045,238.00000000000225,126.00000000000045,0.0,0.0,0.0,0.0
53.0,-26.5,-50.055555555555394,-26.5,0.0,5.606836102148445,1.0,3.0,0.003968253968254065,1.4848266057715973,344.096595030916,271.2765552869108,249.9444444444446,-252.0000000000009,126.00000000000045,238.00000000000225,126.00000000000045,0.0,0.0,0.0,0.0
52.0,-26.0,-49.111111111110944,-26.0,0.0,5.612122243170502,1.0,3.0,0.003968253968253954,1.4887948597398513,347.8308066399234,267.19493741861385,250.88888888888906,-252.0000000000009,126.00000000000045,238.00000000000225,126.00000000000045,0.0,0.0,0.0,0.0
51.0,-25.5,-48.166666666666494,-25.5,0.0,5.617310816679994,1.0,3.0,0.003968253968253954,1.4927631137081052,351.5103992974326,263.056966493468,251.8333333333335,-252.0000000000009,126.00000000000045,238.00000000000225,126.00000000000045,0.0,0.0,0.0,0.0
50.0,-25.0,-47.222222222222044,-25.0,0.0,5.622401698204194,1.0,3.0,0.003968253968253954,1.4967313676763592,355.13446869647044,258.8634540589705,252.77777777777794,-252.0000000000009,126.00000000000045,238.00000000000225,126.00000000000045,0.0,0.0,0.0,0.0
49.0,-24.5,-46.277777777777594,-24.5,0.0,5.627394765706242,1.0,3.0,0.003968253968253954,1.5006996216446131,358.7021235172373,254.61522670861422,253.7222222222224,-252.0000000000009,126.00000000000045,238.00000000000225,126.00000000000045,0.0,0.0,0.0,0.0
48.0,-24.0,-45.333333333333144,-24.0,0.0,5.632289899582695,1.0,3.0,0.003968253968253954,1.504667875612867,362.21248568242186,250.3131258644289,254.66666666666686,-252.0000000000009,126.00000000000045,238.00000000000225,126.00000000000045,0.0,0.0,0.0,0.0
47.0,-23.5,-44.388888888888694,-23.5,0.0,5.637086982659744,1.0,3.0,0.003968253968253954,1.508636129581121,365.6646906087807,245.9580075551457,255.6111111111113,-252.0000000000009,126.00000000000045,238.00000000000225,126.00000000000045,0.0,0.0,0.0,0.0
46.0,-23.0,-43.444444444444244,-23.0,0.0,5.641785900191913,1.0,3.0,0.003968253968253954,1.512604383549375,369.0578874549095,241.5507421900487,256.55555555555577,-252.0000000000009,126.00000000000045,238.00000000000225,126.00000000000045,0.0,0.0,0.0,0.0
45.0,-22.5,-42.499999999999794,-22.5,0.0,5.646386539858483,1.0,3.0,0.003968253968253954,1.516572637517629,372.3912393651312,237.09221432858203,257.5000000000002,-252.0000000000009,126.00000000000045,238.00000000000225,126.00000000000045,0.0,0.0,0.0,0.0
44.0,-22.0,-41.555555555555344,-22.0,0.0,5.6508887917620605,1.0,3.0,0.003968253968253954,1.520540891485883,375.6639237094271,232.5833224457775,258.4444444444447,-252.0000000000009,126.00000000000045,238.00000000000225,126.00000000000045,0.0,0.0,0.0,0.0
43.0,-21.5,-40.611111111110894,-21.5,0.0,5.6552925484252805,1.0,3.0,0.003968253968253954,1.5245091454541368,378.87513231934025,228.02497869357407,259.38888888888914,-252.0000000000009,126.00000000000045,238.00000000000225,126.00000000000045,0.0,0.0,0.0,0.0
42.0,-21.0,-39.666666666666444,-21.0,0.0,5.659597704789436,1.0,3.0,0.003968253968253954,1.5284773994223908,382.02407171977933,223.4181086580968,260.33333333333354,-252.0000000000009,126.00000000000045,238.00000000000225,126.00000000000045,0.0,0.0,0.0,0.0
41.0,-20.5,-38.722222222221994,-20.5,0.0,5.663804158211746,1.0,3.0,0.003968253968254065,1.5324456533906448,385.1099633566538,218.76365111296838,261.277777777778,-252.0000000000009,126.00000000000045,238.00000000000225,126.00000000000045,0.0,0.0,0.0,0.0
40.0,-20.0,-37.777777777777544,-20.0,0.0,5.667911808463311,1.0,3.0,0.003968253968253954,1.5364139073588987,388.1320438202727,214.06255776872507,262.22222222222246,-252.0000000000009,126.00000000000045,238.00000000000225,126.00000000000045,0.0,0.0,0.0,0.0
39.0,-19.5,-36.833333333333094,-19.5,0.0,5.671920557727054,1.0,3.0,0.003968253968253954,1.5403821613271527,391.0895650644388,209.31579301841026,263.1666666666669,-252.0000000000009,126.00000000000045,238.00000000000225,126.00000000000045,0.0,0.0,0.0,0.0
38.0,-19.0,-35.888888888888644,-19.0,0.0,5.675830310596117,1.0,3.0,0.003968253968253954,1.5443504152954066,393.98179462117366,204.52433367942086,264.11111111111137,-252.0000000000009,126.00000000000045,238.00000000000225,126.00000000000045,0.0,0.0,0.0,0.0
37.0,-18.5,-34.944444444444194,-18.5,0.0,5.67964097407119,1.0,3.0,0.003968253968254065,1.5483186692636606,396.80801581100843,199.68916873168274,265.05555555555577,-252.0000000000009,126.00000000000045,238.00000000000225,126.00000000000045,0.0,0.0,0.0,0.0
36.0,-18.0,-33.999999999999744,-18.0,0.0,5.6833524575595336,1.0,3.0,0.003968253968253954,1.5522869232319145,399.56752794877787,194.81129905223156,266.0000000000002,-252.0000000000009,126.00000000000045,238.00000000000225,126.00000000000045,0.0,0.0,0.0,0.0
35.0,-17.5,-33.055555555555294,-17.5,0.0,5.6869646728726,1.0,3.0,0.003968253968253954,1.5562551772001685,402.2596465448551,189.89173714627753,266.9444444444447,-252.0000000000009,126.00000000000045,238.00000000000225,126.00000000000045,0.0,0.0,0.0,0.0
34.0,-17.0,-32.111111111110844,-17.0,0.0,5.690477534224125,1.0,3.0,0.003968253968253954,1.5602234311684224,404.88370350176723,184.93150687483362,267.88888888888914,-252.0000000000009,126.00000000000045,238.00000000000225,126.00000000000045,0.0,0.0,0.0,0.0
33.0,-16.5,-31.166666666666398,-16.5,0.0,5.693890958229422,1.0,3.0,0.003968253968253954,1.5641916851366764,407.4390473061331,179.93164317898612,268.8333333333336,-252.0000000000009,126.00000000000045,238.00000000000134,126.00000000000045,0.0,0.0,-2.2919266484677874e-10,0.0
32.0,-16.0,-30.22222222222195,-16.0,0.0,5.697204863902608,1.0,3.0,0.003968253968253954,1.5681599391049303,409.9250432158649,174.89319180089083,269.77777777777806,-252.0000000000009,126.00000000000045,238.00000000000134,126.00000000000045,0.0,0.0,0.0,0.0
31.0,-15.5,-29.277777777777505,-15.5,0.0,5.700419172655928,1.0,3.0,0.003968253968253954,1.5721281930731843,412.3410734425782,169.81720900157512,270.7222222222225,-252.0000000000009,126.00000000000045,238.00000000000134,126.00000000000045,0.0,0.0,0.0,0.0
30.0,-15.0,-28.33333333333306,-15.0,0.0,5.703533808297816,1.0,3.0,0.003968253968253954,1.5760964470414383,414.6865373291548,164.70476127563023,271.66666666666697,-252.0000000000009,126.00000000000045,238.00000000000134,126.00000000000045,0.0,0.0,0.0,0.0
29.0,-14.5,-27.388888888888612,-14.5,0.0,5.706548697031449,1.0,3.0,0.003968253968253954,1.5800647010096922,416.9608515224061,159.5569250628778,272.6111111111114,-252.0000000000009,126.00000000000045,238.00000000000134,126.00000000000045,0.0,0.0,0.0,0.0
28.0,-14.0,-26.444444444444166,-14.0,0.0,5.709463767453797,1.0,3.0,0.003968253968253954,1.5840329549779462,419.16345014078456,154.37478645709515,273.5555555555558,-252.0000000000009,126.00000000000045,238.00000000000134,126.00000000000045,0.0,0.0,0.0,0.0
27.0,-13.5,-25.49999999999972,-13.5,0.0,5.712278950553696,1.0,3.0,0.003968253968254176,1.5880012089462003,421.2937849370927,149.15944091188575,274.5000000000003,-251.99999999998678,125.99999999999339,237.99999999998803,125.99999999999339,3.559648575901333e-09,-1.7798242879506665e-09,-3.3519427233839512e-09,-1.7798242879506665e-09
26.0,-13.0,-24.555555555555273,-13.0,0.0,5.714994179711037,1.0,3.0,0.003968253968253954,1.5919694629144543,423.35132545614226,143.9119929437818,275.44444444444474,-252.0000000000009,126.00000000000045,238.00000000000134,126.00000000000045,-3.5596485759015323e-09,1.7798242879507662e-09,3.351942723384139e-09,1.7798242879507662e-09
25.0,-12.5,-23.611111111110826,-12.5,0.0,5.717609390695301,1.0,3.0,0.003968253968253954,1.5959377168827082,425.3355591873133,138.63355583266565,276.38888888888914,-252.0000000000009,126.00000000000045,238.00000000000134,126.00000000000045,0.0,0.0,0.0,0.0
24.0,-12.0,-22.66666666666638,-12.0,0.0,5.720124521664549,1.0,3.0,0.003968253968253954,1.5999059708509622,427.24599171197156,133.32525131959991,277.3333333333336,-252.0000000000009,126.00000000000045,238.00000000000134,126.00000000000045,0.0,0.0,0.0,0.0
23.0,-11.5,-21.722222222221934,-11.5,0.0,5.722539513164152,1.0,3.0,0.003968253968253954,1.6038742248192162,429.08214684569555,127.9882093021541,278.27777777777806,-252.0000000000009,126.00000000000045,238.00000000000134,126.00000000000045,0.0,0.0,0.0,0.0
22.0,-11.0,-20.777777777777487,-11.0,0.0,5.7248543081257335,1.0,3.0,0.003975125749889674,1.6078493505691058,430.8435667752735,122.62356752731867,279.2222222222225,-251.56436875682587,125.78218437841294,237.58857049255826,125.78218437841294,109.5892987000798,-54.7946493500399,-103.50100432784878,-54.7946493500399
21.0,-10.5,-19.83333333333304,-10.5,0.0,5.727068851866401,1.0,3.0,0.00405001864744281,1.6118993692165486,432.52981219042897,117.23247128209698,280.16666666666697,-246.91244338625503,123.45622169312752,233.19508542035246,123.45622169312752,1148.618259698155,-574.3091298490775,-1084.8061341593725,-574.3091298490775
20.0,-10.0,-18.888888888888594,-10.0,0.0,5.729183092087411,1.0,3.0,0.004147651494746274,1.616047020711295,434.1404624102337,111.81607308186638,281.1111111111114,-241.10029525544152,120.55014762772076,227.70583440791748,120.55014762772076,1401.3106304075002,-700.6553152037501,-1323.4600398293042,-700.6553152037501
19.0,-9.5,-17.944444444444148,-9.5,0.0,5.731196978873383,1.0,3.0,0.0042527052311436275,1.6202997259424385,435.67511550417123,106.3755323566008,282.0555555555559,-235.1444423367858,117.5722211683929,222.0808622069648,117.5722211683929,1400.4857131972178,-700.2428565986089,-1322.6809513529379,-700.2428565986089
18.0,-9.0,-16.9999999999997,-9.0,0.0,5.733110464691587,1.0,3.0,0.004366170467385522,1.624665896409824,437.1333884078151,100.91201513504724,283.0000000000003,-229.03365946653682,114.51682973326841,216.30956727395187,114.51682973326841,1399.5749629785519,-699.7874814892759,-1321.8207983686348,-699.7874814892759
17.0,-8.5,-16.055555555555255,-8.5,0.0,5.73492350439086,1.0,3.0,0.004489233465310161,1.6291551298751341,438.51491703308625,95.42669372695006,283.94444444444474,-222.75517807824906,111.37758903912453,210.37989040723568,111.37758903912453,1398.564239709012,-699.282119854506,-1320.8662263918395,-699.282119854506
16.0,-8.0,-15.111111111110809,-8.0,0.0,5.736636055201075,1.0,3.0,0.004623328815397287,1.6337784586905313,439.8193563730564,89.92074640341625,284.8888888888892,-216.2943714212317,108.14718571061584,204.27801745338593,108.14718571061584,1397.4361147536817,-698.7180573768409,-1319.8007750451459,-698.7180573768409
15.0,-7.5,-14.166666666666362,-7.5,0.0,5.738248076731932,1.0,3.0,0.00477021056160698,1.6385486692521383,441.04638060126626,84.3953570755171,285.8333333333336,-209.63435200292747,104.81717600146374,197.98799911387636,104.81717600146374,1396.1688550831184,-698.0844275415592,-1318.6039186896191,-698.0844275415592
14.0,-7.0,-13.222222222221916,-7.0,0.0,5.739759530972962,1.0,3.0,0.004932049932016902,1.6434807191841552,442.1956831655298,78.85171497122047,286.77777777777806,-202.75544931295173,101.37772465647586,191.4912576844548,101.37772465647586,1394.7350056861046,-697.3675028430523,-1317.249727592434,-697.3675028430523
13.0,-6.5,-12.27777777777747,-6.5,0.0,5.741170382292295,1.0,3.0,0.005111572303976852,1.6485922914881321,443.2669768761939,73.29101431074973,287.7222222222225,-195.6345211476259,97.81726057381294,184.76593663942484,97.81726057381294,1393.099371750162,-696.549685875081,-1315.7049622084894,-696.549685875081
12.0,-6.0,-11.333333333333023,-6.0,0.0,5.74248059743621,1.0,3.0,0.005312253499653363,1.6539045449877854,444.2599939888295,67.71445398046528,288.66666666666697,-188.24402865286328,94.12201432643164,177.7860270610379,94.12201432643164,1391.216080942864,-695.608040471432,-1313.926298668263,-695.608040471432
11.0,-5.5,-10.388888888888577,-5.5,0.0,5.743690145528642,1.0,3.0,0.005538608412073653,1.659443153399859,445.1744862813275,62.12323720536502,289.6111111111114,-180.55076755744145,90.27538377872072,170.52016935980615,90.27538377872072,1389.0241957982144,-694.5120978991072,-1311.8561849205423,-694.5120978991072
10.0,-5.0,-9.44444444444413,-5.0,0.0,5.744798998070717,1.0,3.0,0.0057966281474723935,1.6652397815473314,446.010225125378,56.51857122030066,290.5555555555559,-172.5140848367249,86.25704241836245,162.92996901246275,86.25704241836245,1386.440964687537,-693.2204823437685,-1309.4164666493377,-693.2204823437685
9.0,-4.5,-8.499999999999684,-4.5,0.0,5.745807128939965,1.0,3.0,0.006094465452633924,1.6713342469999652,446.7670015523096,50.901666940007466,291.50000000000034,-164.08329947425256,82.04164973712628,154.96756061457216,82.04164973712628,1383.351079433693,-691.6755397168465,-1306.4982416873843,-691.6755397168465
8.0,-4.0,-7.555555555555237,-4.0,0.0,5.746714514390245,1.0,3.0,0.006443554582672983,1.6777778015826383,447.4446263132701,45.27373862804446,292.4444444444448,-155.19384326921497,77.59692163460748,146.5719630875922,77.59692163460748,1379.588873033154,-689.794436516577,-1302.945046753538,-689.794436516577
7.0,-3.5,-6.611111111110791,-3.5,0.0,5.7475211330510785,1.0,3.0,0.0068605341878797965,1.6846383357705181,448.0429299337311,39.63600356474377,293.3888888888892,-145.76124433089421,72.88062216544711,137.6633974236226,72.88062216544711,1374.9073585239046,-687.4536792619523,-1298.5236163836873,-687.4536792619523
6.0,-3.0,-5.6666666666663446,-3.0,0.0,5.748226965927454,1.0,3.0,0.007370757911654202,1.6920090936821723,448.56176276229814,33.98968171426671,294.33333333333366,-135.67125823232638,67.83562911616319,128.13396610830853,67.83562911616319,1368.92110953938,-684.46055476969,-1292.869936787193,-684.46055476969
5.0,-2.5,-4.722222222221898,-2.5,0.0,5.748831996399354,1.0,3.0,0.008015222637608677,1.700024316319781,449.00099501381357,28.335995390865694,295.2777777777781,-124.76259802289755,62.381299011448775,117.83134257718127,62.381299011448775,1360.9927886773467,-680.4963943386733,-1285.3820781952747,-680.4963943386733
4.0,-2.0,-3.7777777777774517,-2.0,0.0,5.74933621022162,1.0,3.0,0.00886571898961841,1.7088900353093994,449.36051680673876,22.676168924450362,296.2222222222225,-112.79401040919312,56.39700520459656,106.5276764975715,56.39700520459656,1349.9849958835173,-674.9924979417586,-1274.9858294455476,-674.9924979417586
3.0,-1.5,-2.8333333333330053,-1.5,0.0,5.749739595523664,1.0,3.0,0.010063043148627049,1.7189530784580265,449.64023819480406,17.011428325557112,297.16666666666697,-99.37351805317807,49.68675902658904,93.85276705022393,49.68675902658904,1333.6415394229996,-666.8207697114998,-1259.5503427883914,-666.8207697114998
2.0,-1.0,-1.8888888888885589,-1.0,0.0,5.750042142809201,1.0,3.0,0.011936628297426477,1.730889706755453,449.84008919291693,11.34300094982113,298.1111111111114,-83.77575099792618,41.88787549896309,79.12154260915267,41.88787549896309,1306.7146489444387,-653.3573244722194,-1234.1193906697501,-653.3573244722194
1.0,-0.5,-0.9444444444441124,-0.5,0.0,5.750243844956191,1.0,3.0,0.015556116863380542,1.7464458236188336,449.9600197973211,5.672115162050245,299.0555555555559,-64.28339467891347,32.141697339456734,60.71209497452952,32.141697339456734,1253.0348344771073,-626.5174172385537,-1183.42178811727,-626.5174172385537
0.0,0.0,3.341771304121721e-13,0.0,0.0,5.7503446972166685,1.0,3.0,0.037555788309433624,1.7840016119282671,450.0,5.878304635907296e-14,300.00000000000034,-26.62705391138903,13.313526955694515,25.147773138534138,13.313526955694515,1002.6774157225099,-501.33870786125493,-946.9731148490392,-501.33870786125493
